captured_at,feed_timestamp,route_id,route_label,trip_id,stop_id,stop_sequence,delay_seconds
2026-08-14T00:01:33.928908+00:00,1786665680,6705,321 Surrey Central/WhiteRock,15247048,11882,56,462
2026-08-14T00:01:33.928908+00:00,1786665680,6705,321 Surrey Central/WhiteRock,15247048,10442,57,546
2026-08-14T00:01:33.928908+00:00,1786665680,6705,321 Surrey Central/WhiteRock,15247048,9929,58,568
2026-08-14T00:01:33.928908+00:00,1786665680,6705,321 Surrey Central/WhiteRock,15247048,9930,59,514
2026-08-14T00:01:33.928908+00:00,1786665680,6705,321 Surrey Central/WhiteRock,15247048,9932,60,422
2026-08-14T00:01:33.928908+00:00,1786665680,6705,321 Surrey Central/WhiteRock,15247049,5041,54,-63
2026-08-14T00:01:33.928908+00:00,1786665680,6705,321 Surrey Central/WhiteRock,15247049,12155,55,-51
2026-08-14T00:01:33.928908+00:00,1786665680,6705,321 Surrey Central/WhiteRock,15247049,11882,56,0
2026-08-14T00:01:33.928908+00:00,1786665680,6705,321 Surrey Central/WhiteRock,15247049,10442,57,84
2026-08-14T00:01:33.928908+00:00,1786665680,6705,321 Surrey Central/WhiteRock,15247049,9929,58,106
2026-08-14T00:01:33.928908+00:00,1786665680,6705,321 Surrey Central/WhiteRock,15247049,9930,59,52
2026-08-14T00:01:33.928908+00:00,1786665680,6705,321 Surrey Central/WhiteRock,15247049,9932,60,-39
2026-08-14T00:01:33.928908+00:00,1786665680,6705,321 Surrey Central/WhiteRock,15247050,5471,45,-24
2026-08-14T00:01:33.928908+00:00,1786665680,6705,321 Surrey Central/WhiteRock,15247050,5472,46,-50
2026-08-14T00:01:33.928908+00:00,1786665680,6705,321 Surrey Central/WhiteRock,15247050,5473,47,-102
2026-08-14T00:01:33.928908+00:00,1786665680,6705,321 Surrey Central/WhiteRock,15247050,5474,48,-109
2026-08-14T00:01:33.928908+00:00,1786665680,6705,321 Surrey Central/WhiteRock,15247050,5475,49,-157
2026-08-14T00:01:33.928908+00:00,1786665680,6705,321 Surrey Central/WhiteRock,15247050,5476,50,-184
2026-08-14T00:01:33.928908+00:00,1786665680,6705,321 Surrey Central/WhiteRock,15247050,5477,51,-207
2026-08-14T00:01:33.928908+00:00,1786665680,6705,321 Surrey Central/WhiteRock,15247050,11725,52,-232
2026-08-14T00:01:33.928908+00:00,1786665680,6705,321 Surrey Central/WhiteRock,15247050,5040,53,-215
2026-08-14T00:01:33.928908+00:00,1786665680,6705,321 Surrey Central/WhiteRock,15247050,5041,54,-210
2026-08-14T00:01:33.928908+00:00,1786665680,6705,321 Surrey Central/WhiteRock,15247050,12155,55,-198
2026-08-14T00:01:33.928908+00:00,1786665680,6705,321 Surrey Central/WhiteRock,15247050,11882,56,0
2026-08-14T00:01:33.928908+00:00,1786665680,6705,321 Surrey Central/WhiteRock,15247050,10442,57,83
2026-08-14T00:01:33.928908+00:00,1786665680,6705,321 Surrey Central/WhiteRock,15247050,9929,58,105
2026-08-14T00:01:33.928908+00:00,1786665680,6705,321 Surrey Central/WhiteRock,15247050,9930,59,51
2026-08-14T00:01:33.928908+00:00,1786665680,6705,321 Surrey Central/WhiteRock,15247050,9932,60,-40
2026-08-14T00:01:33.928908+00:00,1786665680,6705,321 Surrey Central/WhiteRock,15247051,5462,36,9
2026-08-14T00:01:33.928908+00:00,1786665680,6705,321 Surrey Central/WhiteRock,15247051,5463,37,65
2026-08-14T00:01:33.928908+00:00,1786665680,6705,321 Surrey Central/WhiteRock,15247051,5700,38,179
2026-08-14T00:01:33.928908+00:00,1786665680,6705,321 Surrey Central/WhiteRock,15247051,5465,39,188
2026-08-14T00:01:33.928908+00:00,1786665680,6705,321 Surrey Central/WhiteRock,15247051,5466,40,140
2026-08-14T00:01:33.928908+00:00,1786665680,6705,321 Surrey Central/WhiteRock,15247051,5467,41,148
2026-08-14T00:01:33.928908+00:00,1786665680,6705,321 Surrey Central/WhiteRock,15247051,5468,42,121
2026-08-14T00:01:33.928908+00:00,1786665680,6705,321 Surrey Central/WhiteRock,15247051,5469,43,78
2026-08-14T00:01:33.928908+00:00,1786665680,6705,321 Surrey Central/WhiteRock,15247051,5470,44,52
2026-08-14T00:01:33.928908+00:00,1786665680,6705,321 Surrey Central/WhiteRock,15247051,5471,45,17
2026-08-14T00:01:33.928908+00:00,1786665680,6705,321 Surrey Central/WhiteRock,15247051,5472,46,-9
2026-08-14T00:01:33.928908+00:00,1786665680,6705,321 Surrey Central/WhiteRock,15247051,5473,47,-60
2026-08-14T00:01:33.928908+00:00,1786665680,6705,321 Surrey Central/WhiteRock,15247051,5474,48,-66
2026-08-14T00:01:33.928908+00:00,1786665680,6705,321 Surrey Central/WhiteRock,15247051,5475,49,-114
2026-08-14T00:01:33.928908+00:00,1786665680,6705,321 Surrey Central/WhiteRock,15247051,5476,50,-141
2026-08-14T00:01:33.928908+00:00,1786665680,6705,321 Surrey Central/WhiteRock,15247051,5477,51,-164
2026-08-14T00:01:33.928908+00:00,1786665680,6705,321 Surrey Central/WhiteRock,15247051,11725,52,-189
2026-08-14T00:01:33.928908+00:00,1786665680,6705,321 Surrey Central/WhiteRock,15247051,5040,53,-172
2026-08-14T00:01:33.928908+00:00,1786665680,6705,321 Surrey Central/WhiteRock,15247051,5041,54,-167
2026-08-14T00:01:33.928908+00:00,1786665680,6705,321 Surrey Central/WhiteRock,15247051,12155,55,-155
2026-08-14T00:01:33.928908+00:00,1786665680,6705,321 Surrey Central/WhiteRock,15247051,11882,56,0
2026-08-14T00:01:33.928908+00:00,1786665680,6705,321 Surrey Central/WhiteRock,15247051,10442,57,95
2026-08-14T00:01:33.928908+00:00,1786665680,6705,321 Surrey Central/WhiteRock,15247051,9929,58,124
2026-08-14T00:01:33.928908+00:00,1786665680,6705,321 Surrey Central/WhiteRock,15247051,9930,59,78
2026-08-14T00:01:33.928908+00:00,1786665680,6705,321 Surrey Central/WhiteRock,15247051,9932,60,-5
2026-08-14T00:01:33.928908+00:00,1786665680,6705,321 Surrey Central/WhiteRock,15247052,5442,15,21
2026-08-14T00:01:33.928908+00:00,1786665680,6705,321 Surrey Central/WhiteRock,15247052,5444,16,22
2026-08-14T00:01:33.928908+00:00,1786665680,6705,321 Surrey Central/WhiteRock,15247052,9083,17,-10
2026-08-14T00:01:33.928908+00:00,1786665680,6705,321 Surrey Central/WhiteRock,15247052,5446,18,-4
2026-08-14T00:01:33.928908+00:00,1786665680,6705,321 Surrey Central/WhiteRock,15247052,10445,19,-6
2026-08-14T00:01:33.928908+00:00,1786665680,6705,321 Surrey Central/WhiteRock,15247052,5447,20,-43
2026-08-14T00:01:33.928908+00:00,1786665680,6705,321 Surrey Central/WhiteRock,15247052,5448,21,-45
2026-08-14T00:01:33.928908+00:00,1786665680,6705,321 Surrey Central/WhiteRock,15247052,10437,22,-61
2026-08-14T00:01:33.928908+00:00,1786665680,6705,321 Surrey Central/WhiteRock,15247052,5449,23,-117
2026-08-14T00:01:33.928908+00:00,1786665680,6705,321 Surrey Central/WhiteRock,15247052,11313,24,-159
2026-08-14T00:01:33.928908+00:00,1786665680,6705,321 Surrey Central/WhiteRock,15247052,10808,25,-308
2026-08-14T00:01:33.928908+00:00,1786665680,6705,321 Surrey Central/WhiteRock,15247052,5452,26,-371
2026-08-14T00:01:33.928908+00:00,1786665680,6705,321 Surrey Central/WhiteRock,15247052,11913,27,-389
2026-08-14T00:01:33.928908+00:00,1786665680,6705,321 Surrey Central/WhiteRock,15247052,5454,28,-400
2026-08-14T00:01:33.928908+00:00,1786665680,6705,321 Surrey Central/WhiteRock,15247052,5455,29,-404
2026-08-14T00:01:33.928908+00:00,1786665680,6705,321 Surrey Central/WhiteRock,15247052,5456,30,-296
2026-08-14T00:01:33.928908+00:00,1786665680,6705,321 Surrey Central/WhiteRock,15247052,12651,31,-325
2026-08-14T00:01:33.928908+00:00,1786665680,6705,321 Surrey Central/WhiteRock,15247052,5458,32,-327
2026-08-14T00:01:33.928908+00:00,1786665680,6705,321 Surrey Central/WhiteRock,15247052,5459,33,-320
2026-08-14T00:01:33.928908+00:00,1786665680,6705,321 Surrey Central/WhiteRock,15247052,5460,34,-327
2026-08-14T00:01:33.928908+00:00,1786665680,6705,321 Surrey Central/WhiteRock,15247052,5461,35,-335
2026-08-14T00:01:33.928908+00:00,1786665680,6705,321 Surrey Central/WhiteRock,15247052,5462,36,-340
2026-08-14T00:01:33.928908+00:00,1786665680,6705,321 Surrey Central/WhiteRock,15247052,5463,37,-283
2026-08-14T00:01:33.928908+00:00,1786665680,6705,321 Surrey Central/WhiteRock,15247052,5700,38,0
2026-08-14T00:01:33.928908+00:00,1786665680,6705,321 Surrey Central/WhiteRock,15247052,5465,39,12
2026-08-14T00:01:33.928908+00:00,1786665680,6705,321 Surrey Central/WhiteRock,15247052,5466,40,-36
2026-08-14T00:01:33.928908+00:00,1786665680,6705,321 Surrey Central/WhiteRock,15247052,5467,41,-28
2026-08-14T00:01:33.928908+00:00,1786665680,6705,321 Surrey Central/WhiteRock,15247052,5468,42,-57
2026-08-14T00:01:33.928908+00:00,1786665680,6705,321 Surrey Central/WhiteRock,15247052,5469,43,-99
2026-08-14T00:01:33.928908+00:00,1786665680,6705,321 Surrey Central/WhiteRock,15247052,5470,44,-124
2026-08-14T00:01:33.928908+00:00,1786665680,6705,321 Surrey Central/WhiteRock,15247052,5471,45,-158
2026-08-14T00:01:33.928908+00:00,1786665680,6705,321 Surrey Central/WhiteRock,15247052,5472,46,-186
2026-08-14T00:01:33.928908+00:00,1786665680,6705,321 Surrey Central/WhiteRock,15247052,5473,47,-237
2026-08-14T00:01:33.928908+00:00,1786665680,6705,321 Surrey Central/WhiteRock,15247052,5474,48,-242
2026-08-14T00:01:33.928908+00:00,1786665680,6705,321 Surrey Central/WhiteRock,15247052,5475,49,-290
2026-08-14T00:01:33.928908+00:00,1786665680,6705,321 Surrey Central/WhiteRock,15247052,5476,50,-321
2026-08-14T00:01:33.928908+00:00,1786665680,6705,321 Surrey Central/WhiteRock,15247052,5477,51,-343
2026-08-14T00:01:33.928908+00:00,1786665680,6705,321 Surrey Central/WhiteRock,15247052,11725,52,-368
2026-08-14T00:01:33.928908+00:00,1786665680,6705,321 Surrey Central/WhiteRock,15247052,5040,53,-355
2026-08-14T00:01:33.928908+00:00,1786665680,6705,321 Surrey Central/WhiteRock,15247052,5041,54,-350
2026-08-14T00:01:33.928908+00:00,1786665680,6705,321 Surrey Central/WhiteRock,15247052,12155,55,-338
2026-08-14T00:01:33.928908+00:00,1786665680,6705,321 Surrey Central/WhiteRock,15247052,11882,56,0
2026-08-14T00:01:33.928908+00:00,1786665680,6705,321 Surrey Central/WhiteRock,15247052,10442,57,93
2026-08-14T00:01:33.928908+00:00,1786665680,6705,321 Surrey Central/WhiteRock,15247052,9929,58,103
2026-08-14T00:01:33.928908+00:00,1786665680,6705,321 Surrey Central/WhiteRock,15247052,9930,59,56
2026-08-14T00:01:33.928908+00:00,1786665680,6705,321 Surrey Central/WhiteRock,15247052,9932,60,-29
2026-08-14T00:01:33.928908+00:00,1786665680,6705,321 Surrey Central/WhiteRock,15247053,5444,16,-620
2026-08-14T00:01:33.928908+00:00,1786665680,6705,321 Surrey Central/WhiteRock,15247053,9083,17,-646
2026-08-14T00:01:33.928908+00:00,1786665680,6705,321 Surrey Central/WhiteRock,15247053,5446,18,-636
2026-08-14T00:01:33.928908+00:00,1786665680,6705,321 Surrey Central/WhiteRock,15247053,10445,19,-643
2026-08-14T00:01:33.928908+00:00,1786665680,6705,321 Surrey Central/WhiteRock,15247053,5447,20,-679
2026-08-14T00:01:33.928908+00:00,1786665680,6705,321 Surrey Central/WhiteRock,15247053,5448,21,-681
2026-08-14T00:01:33.928908+00:00,1786665680,6705,321 Surrey Central/WhiteRock,15247053,10437,22,-693
2026-08-14T00:01:33.928908+00:00,1786665680,6705,321 Surrey Central/WhiteRock,15247053,5449,23,-749
2026-08-14T00:01:33.928908+00:00,1786665680,6705,321 Surrey Central/WhiteRock,15247053,11313,24,-791
2026-08-14T00:01:33.928908+00:00,1786665680,6705,321 Surrey Central/WhiteRock,15247053,10808,25,-940
2026-08-14T00:01:33.928908+00:00,1786665680,6705,321 Surrey Central/WhiteRock,15247053,5452,26,-1003
2026-08-14T00:01:33.928908+00:00,1786665680,6705,321 Surrey Central/WhiteRock,15247053,11913,27,-1021
2026-08-14T00:01:33.928908+00:00,1786665680,6705,321 Surrey Central/WhiteRock,15247053,5454,28,-1032
2026-08-14T00:01:33.928908+00:00,1786665680,6705,321 Surrey Central/WhiteRock,15247053,5455,29,-1036
2026-08-14T00:01:33.928908+00:00,1786665680,6705,321 Surrey Central/WhiteRock,15247053,5456,30,-928
2026-08-14T00:01:33.928908+00:00,1786665680,6705,321 Surrey Central/WhiteRock,15247053,12651,31,-957
2026-08-14T00:01:33.928908+00:00,1786665680,6705,321 Surrey Central/WhiteRock,15247053,5458,32,-958
2026-08-14T00:01:33.928908+00:00,1786665680,6705,321 Surrey Central/WhiteRock,15247053,5459,33,-951
2026-08-14T00:01:33.928908+00:00,1786665680,6705,321 Surrey Central/WhiteRock,15247053,5460,34,-958
2026-08-14T00:01:33.928908+00:00,1786665680,6705,321 Surrey Central/WhiteRock,15247053,5461,35,-966
2026-08-14T00:01:33.928908+00:00,1786665680,6705,321 Surrey Central/WhiteRock,15247053,5462,36,-971
2026-08-14T00:01:33.928908+00:00,1786665680,6705,321 Surrey Central/WhiteRock,15247053,5463,37,-914
2026-08-14T00:01:33.928908+00:00,1786665680,6705,321 Surrey Central/WhiteRock,15247053,5700,38,0
2026-08-14T00:01:33.928908+00:00,1786665680,6705,321 Surrey Central/WhiteRock,15247053,5465,39,8
2026-08-14T00:01:33.928908+00:00,1786665680,6705,321 Surrey Central/WhiteRock,15247053,5466,40,-40
2026-08-14T00:01:33.928908+00:00,1786665680,6705,321 Surrey Central/WhiteRock,15247053,5467,41,-32
2026-08-14T00:01:33.928908+00:00,1786665680,6705,321 Surrey Central/WhiteRock,15247053,5468,42,-61
2026-08-14T00:01:33.928908+00:00,1786665680,6705,321 Surrey Central/WhiteRock,15247053,5469,43,-88
2026-08-14T00:01:33.928908+00:00,1786665680,6705,321 Surrey Central/WhiteRock,15247053,5470,44,-113
2026-08-14T00:01:33.928908+00:00,1786665680,6705,321 Surrey Central/WhiteRock,15247053,5471,45,-147
2026-08-14T00:01:33.928908+00:00,1786665680,6705,321 Surrey Central/WhiteRock,15247053,5472,46,-173
2026-08-14T00:01:33.928908+00:00,1786665680,6705,321 Surrey Central/WhiteRock,15247053,5473,47,-224
2026-08-14T00:01:33.928908+00:00,1786665680,6705,321 Surrey Central/WhiteRock,15247053,5474,48,-230
2026-08-14T00:01:33.928908+00:00,1786665680,6705,321 Surrey Central/WhiteRock,15247053,5475,49,-278
2026-08-14T00:01:33.928908+00:00,1786665680,6705,321 Surrey Central/WhiteRock,15247053,5476,50,-305
2026-08-14T00:01:33.928908+00:00,1786665680,6705,321 Surrey Central/WhiteRock,15247053,5477,51,-327
2026-08-14T00:01:33.928908+00:00,1786665680,6705,321 Surrey Central/WhiteRock,15247053,11725,52,-352
2026-08-14T00:01:33.928908+00:00,1786665680,6705,321 Surrey Central/WhiteRock,15247053,5040,53,-340
2026-08-14T00:01:33.928908+00:00,1786665680,6705,321 Surrey Central/WhiteRock,15247053,5041,54,-335
2026-08-14T00:01:33.928908+00:00,1786665680,6705,321 Surrey Central/WhiteRock,15247053,12155,55,-323
2026-08-14T00:01:33.928908+00:00,1786665680,6705,321 Surrey Central/WhiteRock,15247053,11882,56,0
2026-08-14T00:01:33.928908+00:00,1786665680,6705,321 Surrey Central/WhiteRock,15247053,10442,57,80
2026-08-14T00:01:33.928908+00:00,1786665680,6705,321 Surrey Central/WhiteRock,15247053,9929,58,88
2026-08-14T00:01:33.928908+00:00,1786665680,6705,321 Surrey Central/WhiteRock,15247053,9930,59,39
2026-08-14T00:01:33.928908+00:00,1786665680,6705,321 Surrey Central/WhiteRock,15247053,9932,60,-46
2026-08-14T00:01:33.928908+00:00,1786665680,6705,321 Surrey Central/WhiteRock,15247067,5448,21,276
2026-08-14T00:01:33.928908+00:00,1786665680,6705,321 Surrey Central/WhiteRock,15247067,10437,22,262
2026-08-14T00:01:33.928908+00:00,1786665680,6705,321 Surrey Central/WhiteRock,15247067,5449,23,203
2026-08-14T00:01:33.928908+00:00,1786665680,6705,321 Surrey Central/WhiteRock,15247067,11313,24,159
2026-08-14T00:01:33.928908+00:00,1786665680,6705,321 Surrey Central/WhiteRock,15247067,10808,25,5
2026-08-14T00:01:33.928908+00:00,1786665680,6705,321 Surrey Central/WhiteRock,15247067,5452,26,-65
2026-08-14T00:01:33.928908+00:00,1786665680,6705,321 Surrey Central/WhiteRock,15247067,11913,27,-84
2026-08-14T00:01:33.928908+00:00,1786665680,6705,321 Surrey Central/WhiteRock,15247067,5454,28,-98
2026-08-14T00:01:33.928908+00:00,1786665680,6705,321 Surrey Central/WhiteRock,15247067,5455,29,-105
2026-08-14T00:01:33.928908+00:00,1786665680,6705,321 Surrey Central/WhiteRock,15247067,5456,30,2
2026-08-14T00:01:33.928908+00:00,1786665680,6705,321 Surrey Central/WhiteRock,15247067,12651,31,-28
2026-08-14T00:01:33.928908+00:00,1786665680,6705,321 Surrey Central/WhiteRock,15247067,5458,32,-30
2026-08-14T00:01:33.928908+00:00,1786665680,6705,321 Surrey Central/WhiteRock,15247067,5459,33,-24
2026-08-14T00:01:33.928908+00:00,1786665680,6705,321 Surrey Central/WhiteRock,15247067,5460,34,-31
2026-08-14T00:01:33.928908+00:00,1786665680,6705,321 Surrey Central/WhiteRock,15247067,5461,35,-39
2026-08-14T00:01:33.928908+00:00,1786665680,6705,321 Surrey Central/WhiteRock,15247067,5462,36,-44
2026-08-14T00:01:33.928908+00:00,1786665680,6705,321 Surrey Central/WhiteRock,15247067,5463,37,12
2026-08-14T00:01:33.928908+00:00,1786665680,6705,321 Surrey Central/WhiteRock,15247067,5700,38,126
2026-08-14T00:01:33.928908+00:00,1786665680,6705,321 Surrey Central/WhiteRock,15247067,5465,39,134
2026-08-14T00:01:33.928908+00:00,1786665680,6705,321 Surrey Central/WhiteRock,15247067,5466,40,87
2026-08-14T00:01:33.928908+00:00,1786665680,6705,321 Surrey Central/WhiteRock,15247067,5467,41,95
2026-08-14T00:01:33.928908+00:00,1786665680,6705,321 Surrey Central/WhiteRock,15247067,5468,42,67
2026-08-14T00:01:33.928908+00:00,1786665680,6705,321 Surrey Central/WhiteRock,15247067,5469,43,33
2026-08-14T00:01:33.928908+00:00,1786665680,6705,321 Surrey Central/WhiteRock,15247067,5470,44,8
2026-08-14T00:01:33.928908+00:00,1786665680,6705,321 Surrey Central/WhiteRock,15247067,5471,45,-27
2026-08-14T00:01:33.928908+00:00,1786665680,6705,321 Surrey Central/WhiteRock,15247067,5472,46,-53
2026-08-14T00:01:33.928908+00:00,1786665680,6705,321 Surrey Central/WhiteRock,15247067,5473,47,-104
2026-08-14T00:01:33.928908+00:00,1786665680,6705,321 Surrey Central/WhiteRock,15247067,5474,48,-109
2026-08-14T00:01:33.928908+00:00,1786665680,6705,321 Surrey Central/WhiteRock,15247067,5475,49,-157
2026-08-14T00:01:33.928908+00:00,1786665680,6705,321 Surrey Central/WhiteRock,15247067,5476,50,-184
2026-08-14T00:01:33.928908+00:00,1786665680,6705,321 Surrey Central/WhiteRock,15247067,5477,51,-206
2026-08-14T00:01:33.928908+00:00,1786665680,6705,321 Surrey Central/WhiteRock,15247067,11725,52,-231
2026-08-14T00:01:33.928908+00:00,1786665680,6705,321 Surrey Central/WhiteRock,15247067,5040,53,-219
2026-08-14T00:01:33.928908+00:00,1786665680,6705,321 Surrey Central/WhiteRock,15247067,5041,54,-214
2026-08-14T00:01:33.928908+00:00,1786665680,6705,321 Surrey Central/WhiteRock,15247067,12155,55,-202
2026-08-14T00:01:33.928908+00:00,1786665680,6705,321 Surrey Central/WhiteRock,15247067,11882,56,0
2026-08-14T00:01:33.928908+00:00,1786665680,6705,321 Surrey Central/WhiteRock,15247067,10442,57,96
2026-08-14T00:01:33.928908+00:00,1786665680,6705,321 Surrey Central/WhiteRock,15247067,9929,58,124
2026-08-14T00:01:33.928908+00:00,1786665680,6705,321 Surrey Central/WhiteRock,15247067,9930,59,77
2026-08-14T00:01:33.928908+00:00,1786665680,6705,321 Surrey Central/WhiteRock,15247067,9932,60,-7
2026-08-14T00:01:33.928908+00:00,1786665680,6705,321 Surrey Central/WhiteRock,15247080,11913,27,-69
2026-08-14T00:01:33.928908+00:00,1786665680,6705,321 Surrey Central/WhiteRock,15247080,5454,28,-82
2026-08-14T00:01:33.928908+00:00,1786665680,6705,321 Surrey Central/WhiteRock,15247080,5455,29,-89
2026-08-14T00:01:33.928908+00:00,1786665680,6705,321 Surrey Central/WhiteRock,15247080,5456,30,19
2026-08-14T00:01:33.928908+00:00,1786665680,6705,321 Surrey Central/WhiteRock,15247080,12651,31,-11
2026-08-14T00:01:33.928908+00:00,1786665680,6705,321 Surrey Central/WhiteRock,15247080,5458,32,-13
2026-08-14T00:01:33.928908+00:00,1786665680,6705,321 Surrey Central/WhiteRock,15247080,5459,33,-7
2026-08-14T00:01:33.928908+00:00,1786665680,6705,321 Surrey Central/WhiteRock,15247080,5460,34,-14
2026-08-14T00:01:33.928908+00:00,1786665680,6705,321 Surrey Central/WhiteRock,15247080,5461,35,-22
2026-08-14T00:01:33.928908+00:00,1786665680,6705,321 Surrey Central/WhiteRock,15247080,5462,36,-28
2026-08-14T00:01:33.928908+00:00,1786665680,6705,321 Surrey Central/WhiteRock,15247080,5463,37,28
2026-08-14T00:01:33.928908+00:00,1786665680,6705,321 Surrey Central/WhiteRock,15247080,5700,38,142
2026-08-14T00:01:33.928908+00:00,1786665680,6705,321 Surrey Central/WhiteRock,15247080,5465,39,151
2026-08-14T00:01:33.928908+00:00,1786665680,6705,321 Surrey Central/WhiteRock,15247080,5466,40,103
2026-08-14T00:01:33.928908+00:00,1786665680,6705,321 Surrey Central/WhiteRock,15247080,5467,41,111
2026-08-14T00:01:33.928908+00:00,1786665680,6705,321 Surrey Central/WhiteRock,15247080,5468,42,84
2026-08-14T00:01:33.928908+00:00,1786665680,6705,321 Surrey Central/WhiteRock,15247080,5469,43,42
2026-08-14T00:01:33.928908+00:00,1786665680,6705,321 Surrey Central/WhiteRock,15247080,5470,44,17
2026-08-14T00:01:33.928908+00:00,1786665680,6705,321 Surrey Central/WhiteRock,15247080,5471,45,-18
2026-08-14T00:01:33.928908+00:00,1786665680,6705,321 Surrey Central/WhiteRock,15247080,5472,46,-44
2026-08-14T00:01:33.928908+00:00,1786665680,6705,321 Surrey Central/WhiteRock,15247080,5473,47,-95
2026-08-14T00:01:33.928908+00:00,1786665680,6705,321 Surrey Central/WhiteRock,15247080,5474,48,-101
2026-08-14T00:01:33.928908+00:00,1786665680,6705,321 Surrey Central/WhiteRock,15247080,5475,49,-149
2026-08-14T00:01:33.928908+00:00,1786665680,6705,321 Surrey Central/WhiteRock,15247080,5476,50,-176
2026-08-14T00:01:33.928908+00:00,1786665680,6705,321 Surrey Central/WhiteRock,15247080,5477,51,-199
2026-08-14T00:01:33.928908+00:00,1786665680,6705,321 Surrey Central/WhiteRock,15247080,11725,52,-224
2026-08-14T00:01:33.928908+00:00,1786665680,6705,321 Surrey Central/WhiteRock,15247080,5040,53,-208
2026-08-14T00:01:33.928908+00:00,1786665680,6705,321 Surrey Central/WhiteRock,15247080,5041,54,-203
2026-08-14T00:01:33.928908+00:00,1786665680,6705,321 Surrey Central/WhiteRock,15247080,12155,55,-191
2026-08-14T00:01:33.928908+00:00,1786665680,6705,321 Surrey Central/WhiteRock,15247080,11882,56,0
2026-08-14T00:01:33.928908+00:00,1786665680,6705,321 Surrey Central/WhiteRock,15247080,10442,57,95
2026-08-14T00:01:33.928908+00:00,1786665680,6705,321 Surrey Central/WhiteRock,15247080,9929,58,124
2026-08-14T00:01:33.928908+00:00,1786665680,6705,321 Surrey Central/WhiteRock,15247080,9930,59,77
2026-08-14T00:01:33.928908+00:00,1786665680,6705,321 Surrey Central/WhiteRock,15247080,9932,60,-4
2026-08-14T00:01:33.928908+00:00,1786665680,6705,321 Surrey Central/WhiteRock,15247159,6466,41,-191
2026-08-14T00:01:33.928908+00:00,1786665680,6705,321 Surrey Central/WhiteRock,15247159,5524,42,-158
2026-08-14T00:01:33.928908+00:00,1786665680,6705,321 Surrey Central/WhiteRock,15247159,5525,43,-188
2026-08-14T00:01:33.928908+00:00,1786665680,6705,321 Surrey Central/WhiteRock,15247159,10443,44,-215
2026-08-14T00:01:33.928908+00:00,1786665680,6705,321 Surrey Central/WhiteRock,15247159,5528,45,-213
2026-08-14T00:01:33.928908+00:00,1786665680,6705,321 Surrey Central/WhiteRock,15247159,5529,46,-235
2026-08-14T00:01:33.928908+00:00,1786665680,6705,321 Surrey Central/WhiteRock,15247159,5530,47,-251
2026-08-14T00:01:33.928908+00:00,1786665680,6705,321 Surrey Central/WhiteRock,15247159,5533,48,-261
2026-08-14T00:01:33.928908+00:00,1786665680,6705,321 Surrey Central/WhiteRock,15247159,5534,49,-283
2026-08-14T00:01:33.928908+00:00,1786665680,6705,321 Surrey Central/WhiteRock,15247159,5535,50,-263
2026-08-14T00:01:33.928908+00:00,1786665680,6705,321 Surrey Central/WhiteRock,15247159,5536,51,-291
2026-08-14T00:01:33.928908+00:00,1786665680,6705,321 Surrey Central/WhiteRock,15247159,5537,52,-295
2026-08-14T00:01:33.928908+00:00,1786665680,6705,321 Surrey Central/WhiteRock,15247159,5538,53,-303
2026-08-14T00:01:33.928908+00:00,1786665680,6705,321 Surrey Central/WhiteRock,15247159,5541,54,-277
2026-08-14T00:01:33.928908+00:00,1786665680,6705,321 Surrey Central/WhiteRock,15247159,5542,55,-265
2026-08-14T00:01:33.928908+00:00,1786665680,6705,321 Surrey Central/WhiteRock,15247159,6195,56,-240
2026-08-14T00:01:33.928908+00:00,1786665680,6705,321 Surrey Central/WhiteRock,15247160,5519,36,58
2026-08-14T00:01:33.928908+00:00,1786665680,6705,321 Surrey Central/WhiteRock,15247160,5520,37,46
2026-08-14T00:01:33.928908+00:00,1786665680,6705,321 Surrey Central/WhiteRock,15247160,5521,38,-171
2026-08-14T00:01:33.928908+00:00,1786665680,6705,321 Surrey Central/WhiteRock,15247160,5522,39,-312
2026-08-14T00:01:33.928908+00:00,1786665680,6705,321 Surrey Central/WhiteRock,15247160,5523,40,-350
2026-08-14T00:01:33.928908+00:00,1786665680,6705,321 Surrey Central/WhiteRock,15247160,6466,41,-372
2026-08-14T00:01:33.928908+00:00,1786665680,6705,321 Surrey Central/WhiteRock,15247160,5524,42,-341
2026-08-14T00:01:33.928908+00:00,1786665680,6705,321 Surrey Central/WhiteRock,15247160,5525,43,-372
2026-08-14T00:01:33.928908+00:00,1786665680,6705,321 Surrey Central/WhiteRock,15247160,10443,44,-399
2026-08-14T00:01:33.928908+00:00,1786665680,6705,321 Surrey Central/WhiteRock,15247160,5528,45,-396
2026-08-14T00:01:33.928908+00:00,1786665680,6705,321 Surrey Central/WhiteRock,15247160,5529,46,-420
2026-08-14T00:01:33.928908+00:00,1786665680,6705,321 Surrey Central/WhiteRock,15247160,5530,47,-436
2026-08-14T00:01:33.928908+00:00,1786665680,6705,321 Surrey Central/WhiteRock,15247160,5533,48,-445
2026-08-14T00:01:33.928908+00:00,1786665680,6705,321 Surrey Central/WhiteRock,15247160,5534,49,-467
2026-08-14T00:01:33.928908+00:00,1786665680,6705,321 Surrey Central/WhiteRock,15247160,5535,50,-451
2026-08-14T00:01:33.928908+00:00,1786665680,6705,321 Surrey Central/WhiteRock,15247160,5536,51,-472
2026-08-14T00:01:33.928908+00:00,1786665680,6705,321 Surrey Central/WhiteRock,15247160,5537,52,-478
2026-08-14T00:01:33.928908+00:00,1786665680,6705,321 Surrey Central/WhiteRock,15247160,5538,53,-486
2026-08-14T00:01:33.928908+00:00,1786665680,6705,321 Surrey Central/WhiteRock,15247160,5541,54,-457
2026-08-14T00:01:33.928908+00:00,1786665680,6705,321 Surrey Central/WhiteRock,15247160,5542,55,-446
2026-08-14T00:01:33.928908+00:00,1786665680,6705,321 Surrey Central/WhiteRock,15247160,6195,56,-420
2026-08-14T00:01:33.928908+00:00,1786665680,6705,321 Surrey Central/WhiteRock,15247161,5504,23,-336
2026-08-14T00:01:33.928908+00:00,1786665680,6705,321 Surrey Central/WhiteRock,15247161,5505,24,-329
2026-08-14T00:01:33.928908+00:00,1786665680,6705,321 Surrey Central/WhiteRock,15247161,5507,25,-322
2026-08-14T00:01:33.928908+00:00,1786665680,6705,321 Surrey Central/WhiteRock,15247161,5633,26,0
2026-08-14T00:01:33.928908+00:00,1786665680,6705,321 Surrey Central/WhiteRock,15247161,5510,27,24
2026-08-14T00:01:33.928908+00:00,1786665680,6705,321 Surrey Central/WhiteRock,15247161,5511,28,16
2026-08-14T00:01:33.928908+00:00,1786665680,6705,321 Surrey Central/WhiteRock,15247161,5512,29,11
2026-08-14T00:01:33.928908+00:00,1786665680,6705,321 Surrey Central/WhiteRock,15247161,5513,30,-1
2026-08-14T00:01:33.928908+00:00,1786665680,6705,321 Surrey Central/WhiteRock,15247161,5514,31,89
2026-08-14T00:01:33.928908+00:00,1786665680,6705,321 Surrey Central/WhiteRock,15247161,5515,32,81
2026-08-14T00:01:33.928908+00:00,1786665680,6705,321 Surrey Central/WhiteRock,15247161,5516,33,92
2026-08-14T00:01:33.928908+00:00,1786665680,6705,321 Surrey Central/WhiteRock,15247161,5517,34,90
2026-08-14T00:01:33.928908+00:00,1786665680,6705,321 Surrey Central/WhiteRock,15247161,5518,35,96
2026-08-14T00:01:33.928908+00:00,1786665680,6705,321 Surrey Central/WhiteRock,15247161,5519,36,73
2026-08-14T00:01:33.928908+00:00,1786665680,6705,321 Surrey Central/WhiteRock,15247161,5520,37,62
2026-08-14T00:01:33.928908+00:00,1786665680,6705,321 Surrey Central/WhiteRock,15247161,5521,38,-148
2026-08-14T00:01:33.928908+00:00,1786665680,6705,321 Surrey Central/WhiteRock,15247161,5522,39,-283
2026-08-14T00:01:33.928908+00:00,1786665680,6705,321 Surrey Central/WhiteRock,15247161,5523,40,-319
2026-08-14T00:01:33.928908+00:00,1786665680,6705,321 Surrey Central/WhiteRock,15247161,6466,41,-335
2026-08-14T00:01:33.928908+00:00,1786665680,6705,321 Surrey Central/WhiteRock,15247161,5524,42,-300
2026-08-14T00:01:33.928908+00:00,1786665680,6705,321 Surrey Central/WhiteRock,15247161,5525,43,-329
2026-08-14T00:01:33.928908+00:00,1786665680,6705,321 Surrey Central/WhiteRock,15247161,10443,44,-356
2026-08-14T00:01:33.928908+00:00,1786665680,6705,321 Surrey Central/WhiteRock,15247161,5528,45,-353
2026-08-14T00:01:33.928908+00:00,1786665680,6705,321 Surrey Central/WhiteRock,15247161,5529,46,-376
2026-08-14T00:01:33.928908+00:00,1786665680,6705,321 Surrey Central/WhiteRock,15247161,5530,47,-391
2026-08-14T00:01:33.928908+00:00,1786665680,6705,321 Surrey Central/WhiteRock,15247161,5533,48,-400
2026-08-14T00:01:33.928908+00:00,1786665680,6705,321 Surrey Central/WhiteRock,15247161,5534,49,-421
2026-08-14T00:01:33.928908+00:00,1786665680,6705,321 Surrey Central/WhiteRock,15247161,5535,50,-395
2026-08-14T00:01:33.928908+00:00,1786665680,6705,321 Surrey Central/WhiteRock,15247161,5536,51,-417
2026-08-14T00:01:33.928908+00:00,1786665680,6705,321 Surrey Central/WhiteRock,15247161,5537,52,-421
2026-08-14T00:01:33.928908+00:00,1786665680,6705,321 Surrey Central/WhiteRock,15247161,5538,53,-427
2026-08-14T00:01:33.928908+00:00,1786665680,6705,321 Surrey Central/WhiteRock,15247161,5541,54,-396
2026-08-14T00:01:33.928908+00:00,1786665680,6705,321 Surrey Central/WhiteRock,15247161,5542,55,-385
2026-08-14T00:01:33.928908+00:00,1786665680,6705,321 Surrey Central/WhiteRock,15247161,6195,56,-358
2026-08-14T00:01:33.928908+00:00,1786665680,6705,321 Surrey Central/WhiteRock,15247162,8566,10,79
2026-08-14T00:01:33.928908+00:00,1786665680,6705,321 Surrey Central/WhiteRock,15247162,12916,11,87
2026-08-14T00:01:33.928908+00:00,1786665680,6705,321 Surrey Central/WhiteRock,15247162,5049,12,76
2026-08-14T00:01:33.928908+00:00,1786665680,6705,321 Surrey Central/WhiteRock,15247162,5039,13,57
2026-08-14T00:01:33.928908+00:00,1786665680,6705,321 Surrey Central/WhiteRock,15247162,8351,14,33
2026-08-14T00:01:33.928908+00:00,1786665680,6705,321 Surrey Central/WhiteRock,15247162,5496,15,-38
2026-08-14T00:01:33.928908+00:00,1786665680,6705,321 Surrey Central/WhiteRock,15247162,5497,16,-83
2026-08-14T00:01:33.928908+00:00,1786665680,6705,321 Surrey Central/WhiteRock,15247162,5498,17,-100
2026-08-14T00:01:33.928908+00:00,1786665680,6705,321 Surrey Central/WhiteRock,15247162,5499,18,-139
2026-08-14T00:01:33.928908+00:00,1786665680,6705,321 Surrey Central/WhiteRock,15247162,5500,19,-161
2026-08-14T00:01:33.928908+00:00,1786665680,6705,321 Surrey Central/WhiteRock,15247162,5501,20,-190
2026-08-14T00:01:33.928908+00:00,1786665680,6705,321 Surrey Central/WhiteRock,15247162,5502,21,-204
2026-08-14T00:01:33.928908+00:00,1786665680,6705,321 Surrey Central/WhiteRock,15247162,5503,22,-222
2026-08-14T00:01:33.928908+00:00,1786665680,6705,321 Surrey Central/WhiteRock,15247162,5504,23,-280
2026-08-14T00:01:33.928908+00:00,1786665680,6705,321 Surrey Central/WhiteRock,15247162,5505,24,-273
2026-08-14T00:01:33.928908+00:00,1786665680,6705,321 Surrey Central/WhiteRock,15247162,5507,25,-272
2026-08-14T00:01:33.928908+00:00,1786665680,6705,321 Surrey Central/WhiteRock,15247162,5633,26,0
2026-08-14T00:01:33.928908+00:00,1786665680,6705,321 Surrey Central/WhiteRock,15247162,5510,27,27
2026-08-14T00:01:33.928908+00:00,1786665680,6705,321 Surrey Central/WhiteRock,15247162,5511,28,19
2026-08-14T00:01:33.928908+00:00,1786665680,6705,321 Surrey Central/WhiteRock,15247162,5512,29,14
2026-08-14T00:01:33.928908+00:00,1786665680,6705,321 Surrey Central/WhiteRock,15247162,5513,30,0
2026-08-14T00:01:33.928908+00:00,1786665680,6705,321 Surrey Central/WhiteRock,15247162,5514,31,90
2026-08-14T00:01:33.928908+00:00,1786665680,6705,321 Surrey Central/WhiteRock,15247162,5515,32,82
2026-08-14T00:01:33.928908+00:00,1786665680,6705,321 Surrey Central/WhiteRock,15247162,5516,33,101
2026-08-14T00:01:33.928908+00:00,1786665680,6705,321 Surrey Central/WhiteRock,15247162,5517,34,106
2026-08-14T00:01:33.928908+00:00,1786665680,6705,321 Surrey Central/WhiteRock,15247162,5518,35,111
2026-08-14T00:01:33.928908+00:00,1786665680,6705,321 Surrey Central/WhiteRock,15247162,5519,36,88
2026-08-14T00:01:33.928908+00:00,1786665680,6705,321 Surrey Central/WhiteRock,15247162,5520,37,77
2026-08-14T00:01:33.928908+00:00,1786665680,6705,321 Surrey Central/WhiteRock,15247162,5521,38,-132
2026-08-14T00:01:33.928908+00:00,1786665680,6705,321 Surrey Central/WhiteRock,15247162,5522,39,-267
2026-08-14T00:01:33.928908+00:00,1786665680,6705,321 Surrey Central/WhiteRock,15247162,5523,40,-303
2026-08-14T00:01:33.928908+00:00,1786665680,6705,321 Surrey Central/WhiteRock,15247162,6466,41,-326
2026-08-14T00:01:33.928908+00:00,1786665680,6705,321 Surrey Central/WhiteRock,15247162,5524,42,-291
2026-08-14T00:01:33.928908+00:00,1786665680,6705,321 Surrey Central/WhiteRock,15247162,5525,43,-320
2026-08-14T00:01:33.928908+00:00,1786665680,6705,321 Surrey Central/WhiteRock,15247162,10443,44,-349
2026-08-14T00:01:33.928908+00:00,1786665680,6705,321 Surrey Central/WhiteRock,15247162,5528,45,-346
2026-08-14T00:01:33.928908+00:00,1786665680,6705,321 Surrey Central/WhiteRock,15247162,5529,46,-372
2026-08-14T00:01:33.928908+00:00,1786665680,6705,321 Surrey Central/WhiteRock,15247162,5530,47,-387
2026-08-14T00:01:33.928908+00:00,1786665680,6705,321 Surrey Central/WhiteRock,15247162,5533,48,-396
2026-08-14T00:01:33.928908+00:00,1786665680,6705,321 Surrey Central/WhiteRock,15247162,5534,49,-416
2026-08-14T00:01:33.928908+00:00,1786665680,6705,321 Surrey Central/WhiteRock,15247162,5535,50,-391
2026-08-14T00:01:33.928908+00:00,1786665680,6705,321 Surrey Central/WhiteRock,15247162,5536,51,-417
2026-08-14T00:01:33.928908+00:00,1786665680,6705,321 Surrey Central/WhiteRock,15247162,5537,52,-427
2026-08-14T00:01:33.928908+00:00,1786665680,6705,321 Surrey Central/WhiteRock,15247162,5538,53,-434
2026-08-14T00:01:33.928908+00:00,1786665680,6705,321 Surrey Central/WhiteRock,15247162,5541,54,-403
2026-08-14T00:01:33.928908+00:00,1786665680,6705,321 Surrey Central/WhiteRock,15247162,5542,55,-392
2026-08-14T00:01:33.928908+00:00,1786665680,6705,321 Surrey Central/WhiteRock,15247162,6195,56,-368
2026-08-14T00:01:33.928908+00:00,1786665680,6705,321 Surrey Central/WhiteRock,15247163,9923,3,69
2026-08-14T00:01:33.928908+00:00,1786665680,6705,321 Surrey Central/WhiteRock,15247163,9924,4,-36
2026-08-14T00:01:33.928908+00:00,1786665680,6705,321 Surrey Central/WhiteRock,15247163,9926,5,-83
2026-08-14T00:01:33.928908+00:00,1786665680,6705,321 Surrey Central/WhiteRock,15247163,9927,6,-106
2026-08-14T00:01:33.928908+00:00,1786665680,6705,321 Surrey Central/WhiteRock,15247163,10880,7,0
2026-08-14T00:01:33.928908+00:00,1786665680,6705,321 Surrey Central/WhiteRock,15247163,5046,8,44
2026-08-14T00:01:33.928908+00:00,1786665680,6705,321 Surrey Central/WhiteRock,15247163,5047,9,47
2026-08-14T00:01:33.928908+00:00,1786665680,6705,321 Surrey Central/WhiteRock,15247163,8566,10,11
2026-08-14T00:01:33.928908+00:00,1786665680,6705,321 Surrey Central/WhiteRock,15247163,12916,11,22
2026-08-14T00:01:33.928908+00:00,1786665680,6705,321 Surrey Central/WhiteRock,15247163,5049,12,15
2026-08-14T00:01:33.928908+00:00,1786665680,6705,321 Surrey Central/WhiteRock,15247163,5039,13,-3
2026-08-14T00:01:33.928908+00:00,1786665680,6705,321 Surrey Central/WhiteRock,15247163,8351,14,-25
2026-08-14T00:01:33.928908+00:00,1786665680,6705,321 Surrey Central/WhiteRock,15247163,5496,15,-91
2026-08-14T00:01:33.928908+00:00,1786665680,6705,321 Surrey Central/WhiteRock,15247163,5497,16,-133
2026-08-14T00:01:33.928908+00:00,1786665680,6705,321 Surrey Central/WhiteRock,15247163,5498,17,-147
2026-08-14T00:01:33.928908+00:00,1786665680,6705,321 Surrey Central/WhiteRock,15247163,5499,18,-184
2026-08-14T00:01:33.928908+00:00,1786665680,6705,321 Surrey Central/WhiteRock,15247163,5500,19,-201
2026-08-14T00:01:33.928908+00:00,1786665680,6705,321 Surrey Central/WhiteRock,15247163,5501,20,-228
2026-08-14T00:01:33.928908+00:00,1786665680,6705,321 Surrey Central/WhiteRock,15247163,5502,21,-243
2026-08-14T00:01:33.928908+00:00,1786665680,6705,321 Surrey Central/WhiteRock,15247163,5503,22,-261
2026-08-14T00:01:33.928908+00:00,1786665680,6705,321 Surrey Central/WhiteRock,15247163,5504,23,-320
2026-08-14T00:01:33.928908+00:00,1786665680,6705,321 Surrey Central/WhiteRock,15247163,5505,24,-311
2026-08-14T00:01:33.928908+00:00,1786665680,6705,321 Surrey Central/WhiteRock,15247163,5507,25,-304
2026-08-14T00:01:33.928908+00:00,1786665680,6705,321 Surrey Central/WhiteRock,15247163,5633,26,0
2026-08-14T00:01:33.928908+00:00,1786665680,6705,321 Surrey Central/WhiteRock,15247163,5510,27,37
2026-08-14T00:01:33.928908+00:00,1786665680,6705,321 Surrey Central/WhiteRock,15247163,5511,28,30
2026-08-14T00:01:33.928908+00:00,1786665680,6705,321 Surrey Central/WhiteRock,15247163,5512,29,26
2026-08-14T00:01:33.928908+00:00,1786665680,6705,321 Surrey Central/WhiteRock,15247163,5513,30,12
2026-08-14T00:01:33.928908+00:00,1786665680,6705,321 Surrey Central/WhiteRock,15247163,5514,31,104
2026-08-14T00:01:33.928908+00:00,1786665680,6705,321 Surrey Central/WhiteRock,15247163,5515,32,98
2026-08-14T00:01:33.928908+00:00,1786665680,6705,321 Surrey Central/WhiteRock,15247163,5516,33,97
2026-08-14T00:01:33.928908+00:00,1786665680,6705,321 Surrey Central/WhiteRock,15247163,5517,34,101
2026-08-14T00:01:33.928908+00:00,1786665680,6705,321 Surrey Central/WhiteRock,15247163,5518,35,106
2026-08-14T00:01:33.928908+00:00,1786665680,6705,321 Surrey Central/WhiteRock,15247163,5519,36,85
2026-08-14T00:01:33.928908+00:00,1786665680,6705,321 Surrey Central/WhiteRock,15247163,5520,37,75
2026-08-14T00:01:33.928908+00:00,1786665680,6705,321 Surrey Central/WhiteRock,15247163,5521,38,-126
2026-08-14T00:01:33.928908+00:00,1786665680,6705,321 Surrey Central/WhiteRock,15247163,5522,39,-257
2026-08-14T00:01:33.928908+00:00,1786665680,6705,321 Surrey Central/WhiteRock,15247163,5523,40,-292
2026-08-14T00:01:33.928908+00:00,1786665680,6705,321 Surrey Central/WhiteRock,15247163,6466,41,-312
2026-08-14T00:01:33.928908+00:00,1786665680,6705,321 Surrey Central/WhiteRock,15247163,5524,42,-272
2026-08-14T00:01:33.928908+00:00,1786665680,6705,321 Surrey Central/WhiteRock,15247163,5525,43,-300
2026-08-14T00:01:33.928908+00:00,1786665680,6705,321 Surrey Central/WhiteRock,15247163,10443,44,-328
2026-08-14T00:01:33.928908+00:00,1786665680,6705,321 Surrey Central/WhiteRock,15247163,5528,45,-331
2026-08-14T00:01:33.928908+00:00,1786665680,6705,321 Surrey Central/WhiteRock,15247163,5529,46,-353
2026-08-14T00:01:33.928908+00:00,1786665680,6705,321 Surrey Central/WhiteRock,15247163,5530,47,-369
2026-08-14T00:01:33.928908+00:00,1786665680,6705,321 Surrey Central/WhiteRock,15247163,5533,48,-375
2026-08-14T00:01:33.928908+00:00,1786665680,6705,321 Surrey Central/WhiteRock,15247163,5534,49,-394
2026-08-14T00:01:33.928908+00:00,1786665680,6705,321 Surrey Central/WhiteRock,15247163,5535,50,-384
2026-08-14T00:01:33.928908+00:00,1786665680,6705,321 Surrey Central/WhiteRock,15247163,5536,51,-410
2026-08-14T00:01:33.928908+00:00,1786665680,6705,321 Surrey Central/WhiteRock,15247163,5537,52,-417
2026-08-14T00:01:33.928908+00:00,1786665680,6705,321 Surrey Central/WhiteRock,15247163,5538,53,-423
2026-08-14T00:01:33.928908+00:00,1786665680,6705,321 Surrey Central/WhiteRock,15247163,5541,54,-400
2026-08-14T00:01:33.928908+00:00,1786665680,6705,321 Surrey Central/WhiteRock,15247163,5542,55,-389
2026-08-14T00:01:33.928908+00:00,1786665680,6705,321 Surrey Central/WhiteRock,15247163,6195,56,-361
2026-08-14T00:01:33.928908+00:00,1786665680,6705,321 Surrey Central/WhiteRock,15247177,5507,25,-147
2026-08-14T00:01:33.928908+00:00,1786665680,6705,321 Surrey Central/WhiteRock,15247177,5633,26,0
2026-08-14T00:01:33.928908+00:00,1786665680,6705,321 Surrey Central/WhiteRock,15247177,5510,27,24
2026-08-14T00:01:33.928908+00:00,1786665680,6705,321 Surrey Central/WhiteRock,15247177,5511,28,16
2026-08-14T00:01:33.928908+00:00,1786665680,6705,321 Surrey Central/WhiteRock,15247177,5512,29,12
2026-08-14T00:01:33.928908+00:00,1786665680,6705,321 Surrey Central/WhiteRock,15247177,5513,30,0
2026-08-14T00:01:33.928908+00:00,1786665680,6705,321 Surrey Central/WhiteRock,15247177,5514,31,90
2026-08-14T00:01:33.928908+00:00,1786665680,6705,321 Surrey Central/WhiteRock,15247177,5515,32,82
2026-08-14T00:01:33.928908+00:00,1786665680,6705,321 Surrey Central/WhiteRock,15247177,5516,33,79
2026-08-14T00:01:33.928908+00:00,1786665680,6705,321 Surrey Central/WhiteRock,15247177,5517,34,77
2026-08-14T00:01:33.928908+00:00,1786665680,6705,321 Surrey Central/WhiteRock,15247177,5518,35,83
2026-08-14T00:01:33.928908+00:00,1786665680,6705,321 Surrey Central/WhiteRock,15247177,5519,36,60
2026-08-14T00:01:33.928908+00:00,1786665680,6705,321 Surrey Central/WhiteRock,15247177,5520,37,49
2026-08-14T00:01:33.928908+00:00,1786665680,6705,321 Surrey Central/WhiteRock,15247177,5521,38,-161
2026-08-14T00:01:33.928908+00:00,1786665680,6705,321 Surrey Central/WhiteRock,15247177,5522,39,-296
2026-08-14T00:01:33.928908+00:00,1786665680,6705,321 Surrey Central/WhiteRock,15247177,5523,40,-332
2026-08-14T00:01:33.928908+00:00,1786665680,6705,321 Surrey Central/WhiteRock,15247177,6466,41,-348
2026-08-14T00:01:33.928908+00:00,1786665680,6705,321 Surrey Central/WhiteRock,15247177,5524,42,-313
2026-08-14T00:01:33.928908+00:00,1786665680,6705,321 Surrey Central/WhiteRock,15247177,5525,43,-343
2026-08-14T00:01:33.928908+00:00,1786665680,6705,321 Surrey Central/WhiteRock,15247177,10443,44,-370
2026-08-14T00:01:33.928908+00:00,1786665680,6705,321 Surrey Central/WhiteRock,15247177,5528,45,-367
2026-08-14T00:01:33.928908+00:00,1786665680,6705,321 Surrey Central/WhiteRock,15247177,5529,46,-391
2026-08-14T00:01:33.928908+00:00,1786665680,6705,321 Surrey Central/WhiteRock,15247177,5530,47,-406
2026-08-14T00:01:33.928908+00:00,1786665680,6705,321 Surrey Central/WhiteRock,15247177,5533,48,-414
2026-08-14T00:01:33.928908+00:00,1786665680,6705,321 Surrey Central/WhiteRock,15247177,5534,49,-435
2026-08-14T00:01:33.928908+00:00,1786665680,6705,321 Surrey Central/WhiteRock,15247177,5535,50,-411
2026-08-14T00:01:33.928908+00:00,1786665680,6705,321 Surrey Central/WhiteRock,15247177,5536,51,-434
2026-08-14T00:01:33.928908+00:00,1786665680,6705,321 Surrey Central/WhiteRock,15247177,5537,52,-438
2026-08-14T00:01:33.928908+00:00,1786665680,6705,321 Surrey Central/WhiteRock,15247177,5538,53,-445
2026-08-14T00:01:33.928908+00:00,1786665680,6705,321 Surrey Central/WhiteRock,15247177,5541,54,-416
2026-08-14T00:01:33.928908+00:00,1786665680,6705,321 Surrey Central/WhiteRock,15247177,5542,55,-403
2026-08-14T00:01:33.928908+00:00,1786665680,6705,321 Surrey Central/WhiteRock,15247177,6195,56,-374
2026-08-14T00:01:33.928908+00:00,1786665680,6705,321 Surrey Central/WhiteRock,15247186,5535,50,-197
2026-08-14T00:01:33.928908+00:00,1786665680,6705,321 Surrey Central/WhiteRock,15247186,5536,51,-221
2026-08-14T00:01:33.928908+00:00,1786665680,6705,321 Surrey Central/WhiteRock,15247186,5537,52,-226
2026-08-14T00:01:33.928908+00:00,1786665680,6705,321 Surrey Central/WhiteRock,15247186,5538,53,-233
2026-08-14T00:01:33.928908+00:00,1786665680,6705,321 Surrey Central/WhiteRock,15247186,5541,54,-200
2026-08-14T00:01:33.928908+00:00,1786665680,6705,321 Surrey Central/WhiteRock,15247186,5542,55,-188
2026-08-14T00:01:33.928908+00:00,1786665680,6705,321 Surrey Central/WhiteRock,15247186,6195,56,-160
2026-08-14T00:01:33.928908+00:00,1786665680,6705,321 Surrey Central/WhiteRock,15247187,10880,7,0
2026-08-14T00:01:33.928908+00:00,1786665680,6705,321 Surrey Central/WhiteRock,15247187,5046,8,44
2026-08-14T00:01:33.928908+00:00,1786665680,6705,321 Surrey Central/WhiteRock,15247187,5047,9,47
2026-08-14T00:01:33.928908+00:00,1786665680,6705,321 Surrey Central/WhiteRock,15247187,8566,10,13
2026-08-14T00:01:33.928908+00:00,1786665680,6705,321 Surrey Central/WhiteRock,15247187,12916,11,24
2026-08-14T00:01:33.928908+00:00,1786665680,6705,321 Surrey Central/WhiteRock,15247187,5049,12,17
2026-08-14T00:01:33.928908+00:00,1786665680,6705,321 Surrey Central/WhiteRock,15247187,5039,13,1
2026-08-14T00:01:33.928908+00:00,1786665680,6705,321 Surrey Central/WhiteRock,15247187,8351,14,-21
2026-08-14T00:01:33.928908+00:00,1786665680,6705,321 Surrey Central/WhiteRock,15247187,5496,15,-90
2026-08-14T00:01:33.928908+00:00,1786665680,6705,321 Surrey Central/WhiteRock,15247187,5497,16,-132
2026-08-14T00:01:33.928908+00:00,1786665680,6705,321 Surrey Central/WhiteRock,15247187,5498,17,-150
2026-08-14T00:01:33.928908+00:00,1786665680,6705,321 Surrey Central/WhiteRock,15247187,5499,18,-187
2026-08-14T00:01:33.928908+00:00,1786665680,6705,321 Surrey Central/WhiteRock,15247187,5500,19,-213
2026-08-14T00:01:33.928908+00:00,1786665680,6705,321 Surrey Central/WhiteRock,15247187,5501,20,-240
2026-08-14T00:01:33.928908+00:00,1786665680,6705,321 Surrey Central/WhiteRock,15247187,5502,21,-255
2026-08-14T00:01:33.928908+00:00,1786665680,6705,321 Surrey Central/WhiteRock,15247187,5503,22,-262
2026-08-14T00:01:33.928908+00:00,1786665680,6705,321 Surrey Central/WhiteRock,15247187,5504,23,-316
2026-08-14T00:01:33.928908+00:00,1786665680,6705,321 Surrey Central/WhiteRock,15247187,5505,24,-308
2026-08-14T00:01:33.928908+00:00,1786665680,6705,321 Surrey Central/WhiteRock,15247187,5507,25,-295
2026-08-14T00:01:33.928908+00:00,1786665680,6705,321 Surrey Central/WhiteRock,15247187,5633,26,0
2026-08-14T00:01:33.928908+00:00,1786665680,6705,321 Surrey Central/WhiteRock,15247187,5510,27,43
2026-08-14T00:01:33.928908+00:00,1786665680,6705,321 Surrey Central/WhiteRock,15247187,5511,28,36
2026-08-14T00:01:33.928908+00:00,1786665680,6705,321 Surrey Central/WhiteRock,15247187,5512,29,32
2026-08-14T00:01:33.928908+00:00,1786665680,6705,321 Surrey Central/WhiteRock,15247187,5513,30,21
2026-08-14T00:01:33.928908+00:00,1786665680,6705,321 Surrey Central/WhiteRock,15247187,5514,31,112
2026-08-14T00:01:33.928908+00:00,1786665680,6705,321 Surrey Central/WhiteRock,15247187,5515,32,106
2026-08-14T00:01:33.928908+00:00,1786665680,6705,321 Surrey Central/WhiteRock,15247187,5516,33,101
2026-08-14T00:01:33.928908+00:00,1786665680,6705,321 Surrey Central/WhiteRock,15247187,5517,34,105
2026-08-14T00:01:33.928908+00:00,1786665680,6705,321 Surrey Central/WhiteRock,15247187,5518,35,108
2026-08-14T00:01:33.928908+00:00,1786665680,6705,321 Surrey Central/WhiteRock,15247187,5519,36,87
2026-08-14T00:01:33.928908+00:00,1786665680,6705,321 Surrey Central/WhiteRock,15247187,5520,37,77
2026-08-14T00:01:33.928908+00:00,1786665680,6705,321 Surrey Central/WhiteRock,15247187,5521,38,-124
2026-08-14T00:01:33.928908+00:00,1786665680,6705,321 Surrey Central/WhiteRock,15247187,5522,39,-255
2026-08-14T00:01:33.928908+00:00,1786665680,6705,321 Surrey Central/WhiteRock,15247187,5523,40,-290
2026-08-14T00:01:33.928908+00:00,1786665680,6705,321 Surrey Central/WhiteRock,15247187,6466,41,-311
2026-08-14T00:01:33.928908+00:00,1786665680,6705,321 Surrey Central/WhiteRock,15247187,5524,42,-274
2026-08-14T00:01:33.928908+00:00,1786665680,6705,321 Surrey Central/WhiteRock,15247187,5525,43,-302
2026-08-14T00:01:33.928908+00:00,1786665680,6705,321 Surrey Central/WhiteRock,15247187,10443,44,-328
2026-08-14T00:01:33.928908+00:00,1786665680,6705,321 Surrey Central/WhiteRock,15247187,5528,45,-323
2026-08-14T00:01:33.928908+00:00,1786665680,6705,321 Surrey Central/WhiteRock,15247187,5529,46,-347
2026-08-14T00:01:33.928908+00:00,1786665680,6705,321 Surrey Central/WhiteRock,15247187,5530,47,-362
2026-08-14T00:01:33.928908+00:00,1786665680,6705,321 Surrey Central/WhiteRock,15247187,5533,48,-363
2026-08-14T00:01:33.928908+00:00,1786665680,6705,321 Surrey Central/WhiteRock,15247187,5534,49,-380
2026-08-14T00:01:33.928908+00:00,1786665680,6705,321 Surrey Central/WhiteRock,15247187,5535,50,-357
2026-08-14T00:01:33.928908+00:00,1786665680,6705,321 Surrey Central/WhiteRock,15247187,5536,51,-381
2026-08-14T00:01:33.928908+00:00,1786665680,6705,321 Surrey Central/WhiteRock,15247187,5537,52,-387
2026-08-14T00:01:33.928908+00:00,1786665680,6705,321 Surrey Central/WhiteRock,15247187,5538,53,-393
2026-08-14T00:01:33.928908+00:00,1786665680,6705,321 Surrey Central/WhiteRock,15247187,5541,54,-367
2026-08-14T00:01:33.928908+00:00,1786665680,6705,321 Surrey Central/WhiteRock,15247187,5542,55,-356
2026-08-14T00:01:33.928908+00:00,1786665680,6705,321 Surrey Central/WhiteRock,15247187,6195,56,-327
2026-08-14T00:01:33.928908+00:00,1786665680,6705,321 Surrey Central/WhiteRock,15247233,8351,14,150
2026-08-14T00:01:33.928908+00:00,1786665680,6705,321 Surrey Central/WhiteRock,15247233,5496,15,76
2026-08-14T00:01:33.928908+00:00,1786665680,6705,321 Surrey Central/WhiteRock,15247233,5497,16,30
2026-08-14T00:01:33.928908+00:00,1786665680,6705,321 Surrey Central/WhiteRock,15247233,5498,17,12
2026-08-14T00:01:33.928908+00:00,1786665680,6705,321 Surrey Central/WhiteRock,15247233,5499,18,-27
2026-08-14T00:01:33.928908+00:00,1786665680,6705,321 Surrey Central/WhiteRock,15247233,5500,19,-57
2026-08-14T00:01:33.928908+00:00,1786665680,6705,321 Surrey Central/WhiteRock,15247233,5501,20,-86
2026-08-14T00:01:33.928908+00:00,1786665680,6705,321 Surrey Central/WhiteRock,15247233,5502,21,-102
2026-08-14T00:01:33.928908+00:00,1786665680,6705,321 Surrey Central/WhiteRock,15247233,5503,22,-138
2026-08-14T00:01:33.928908+00:00,1786665680,6705,321 Surrey Central/WhiteRock,15247233,5504,23,-196
2026-08-14T00:01:33.928908+00:00,1786665680,6705,321 Surrey Central/WhiteRock,15247233,5505,24,-189
2026-08-14T00:01:33.928908+00:00,1786665680,6705,321 Surrey Central/WhiteRock,15247233,5507,25,-182
2026-08-14T00:01:33.928908+00:00,1786665680,6705,321 Surrey Central/WhiteRock,15247233,5633,26,0
2026-08-14T00:01:33.928908+00:00,1786665680,6705,321 Surrey Central/WhiteRock,15247233,5510,27,32
2026-08-14T00:01:33.928908+00:00,1786665680,6705,321 Surrey Central/WhiteRock,15247233,5511,28,24
2026-08-14T00:01:33.928908+00:00,1786665680,6705,321 Surrey Central/WhiteRock,15247233,5512,29,19
2026-08-14T00:01:33.928908+00:00,1786665680,6705,321 Surrey Central/WhiteRock,15247233,5513,30,4
2026-08-14T00:01:33.928908+00:00,1786665680,6705,321 Surrey Central/WhiteRock,15247233,5514,31,94
2026-08-14T00:01:33.928908+00:00,1786665680,6705,321 Surrey Central/WhiteRock,15247233,5515,32,86
2026-08-14T00:01:33.928908+00:00,1786665680,6705,321 Surrey Central/WhiteRock,15247233,5516,33,81
2026-08-14T00:01:33.928908+00:00,1786665680,6705,321 Surrey Central/WhiteRock,15247233,5517,34,79
2026-08-14T00:01:33.928908+00:00,1786665680,6705,321 Surrey Central/WhiteRock,15247233,5518,35,83
2026-08-14T00:01:33.928908+00:00,1786665680,6705,321 Surrey Central/WhiteRock,15247233,5519,36,60
2026-08-14T00:01:33.928908+00:00,1786665680,6705,321 Surrey Central/WhiteRock,15247233,5520,37,49
2026-08-14T00:01:33.928908+00:00,1786665680,6705,321 Surrey Central/WhiteRock,15247233,5521,38,-161
2026-08-14T00:01:33.928908+00:00,1786665680,6705,321 Surrey Central/WhiteRock,15247233,5522,39,-296
2026-08-14T00:01:33.928908+00:00,1786665680,6705,321 Surrey Central/WhiteRock,15247233,5523,40,-332
2026-08-14T00:01:33.928908+00:00,1786665680,6705,321 Surrey Central/WhiteRock,15247233,6466,41,-355
2026-08-14T00:01:33.928908+00:00,1786665680,6705,321 Surrey Central/WhiteRock,15247233,5524,42,-320
2026-08-14T00:01:33.928908+00:00,1786665680,6705,321 Surrey Central/WhiteRock,15247233,5525,43,-348
2026-08-14T00:01:33.928908+00:00,1786665680,6705,321 Surrey Central/WhiteRock,15247233,10443,44,-367
2026-08-14T00:01:33.928908+00:00,1786665680,6705,321 Surrey Central/WhiteRock,15247233,5528,45,-365
2026-08-14T00:01:33.928908+00:00,1786665680,6705,321 Surrey Central/WhiteRock,15247233,5529,46,-389
2026-08-14T00:01:33.928908+00:00,1786665680,6705,321 Surrey Central/WhiteRock,15247233,5530,47,-404
2026-08-14T00:01:33.928908+00:00,1786665680,6705,321 Surrey Central/WhiteRock,15247233,5533,48,-406
2026-08-14T00:01:33.928908+00:00,1786665680,6705,321 Surrey Central/WhiteRock,15247233,5534,49,-425
2026-08-14T00:01:33.928908+00:00,1786665680,6705,321 Surrey Central/WhiteRock,15247233,5535,50,-427
2026-08-14T00:01:33.928908+00:00,1786665680,6705,321 Surrey Central/WhiteRock,15247233,5536,51,-452
2026-08-14T00:01:33.928908+00:00,1786665680,6705,321 Surrey Central/WhiteRock,15247233,5537,52,-459
2026-08-14T00:01:33.928908+00:00,1786665680,6705,321 Surrey Central/WhiteRock,15247233,5538,53,-465
2026-08-14T00:01:33.928908+00:00,1786665680,6705,321 Surrey Central/WhiteRock,15247233,5541,54,-435
2026-08-14T00:01:33.928908+00:00,1786665680,6705,321 Surrey Central/WhiteRock,15247233,5542,55,-422
2026-08-14T00:01:33.928908+00:00,1786665680,6705,321 Surrey Central/WhiteRock,15247233,6195,56,-398
2026-08-14T00:01:33.928908+00:00,1786665680,6715,351 Bridgeport/WhiteRock,15251616,8282,25,319
2026-08-14T00:01:33.928908+00:00,1786665680,6715,351 Bridgeport/WhiteRock,15251617,8282,25,144
2026-08-14T00:01:33.928908+00:00,1786665680,6715,351 Bridgeport/WhiteRock,15251618,4928,24,-129
2026-08-14T00:01:33.928908+00:00,1786665680,6715,351 Bridgeport/WhiteRock,15251618,8282,25,-113
2026-08-14T00:01:33.928908+00:00,1786665680,6715,351 Bridgeport/WhiteRock,15251619,5441,15,146
2026-08-14T00:01:33.928908+00:00,1786665680,6715,351 Bridgeport/WhiteRock,15251619,5442,16,118
2026-08-14T00:01:33.928908+00:00,1786665680,6715,351 Bridgeport/WhiteRock,15251619,5444,17,126
2026-08-14T00:01:33.928908+00:00,1786665680,6715,351 Bridgeport/WhiteRock,15251619,9083,18,97
2026-08-14T00:01:33.928908+00:00,1786665680,6715,351 Bridgeport/WhiteRock,15251619,5446,19,101
2026-08-14T00:01:33.928908+00:00,1786665680,6715,351 Bridgeport/WhiteRock,15251619,10445,20,92
2026-08-14T00:01:33.928908+00:00,1786665680,6715,351 Bridgeport/WhiteRock,15251619,5447,21,51
2026-08-14T00:01:33.928908+00:00,1786665680,6715,351 Bridgeport/WhiteRock,15251619,5448,22,49
2026-08-14T00:01:33.928908+00:00,1786665680,6715,351 Bridgeport/WhiteRock,15251619,6194,23,40
2026-08-14T00:01:33.928908+00:00,1786665680,6715,351 Bridgeport/WhiteRock,15251619,4928,24,-183
2026-08-14T00:01:33.928908+00:00,1786665680,6715,351 Bridgeport/WhiteRock,15251619,8282,25,-171
2026-08-14T00:01:33.928908+00:00,1786665680,6715,351 Bridgeport/WhiteRock,15251696,5530,10,-357
2026-08-14T00:01:33.928908+00:00,1786665680,6715,351 Bridgeport/WhiteRock,15251696,5533,11,-340
2026-08-14T00:01:33.928908+00:00,1786665680,6715,351 Bridgeport/WhiteRock,15251696,5534,12,-343
2026-08-14T00:01:33.928908+00:00,1786665680,6715,351 Bridgeport/WhiteRock,15251696,5535,13,-313
2026-08-14T00:01:33.928908+00:00,1786665680,6715,351 Bridgeport/WhiteRock,15251696,5536,14,-321
2026-08-14T00:01:33.928908+00:00,1786665680,6715,351 Bridgeport/WhiteRock,15251696,5537,15,-299
2026-08-14T00:01:33.928908+00:00,1786665680,6715,351 Bridgeport/WhiteRock,15251696,5538,16,-292
2026-08-14T00:01:33.928908+00:00,1786665680,6715,351 Bridgeport/WhiteRock,15251696,5541,17,-239
2026-08-14T00:01:33.928908+00:00,1786665680,6715,351 Bridgeport/WhiteRock,15251696,5542,18,-218
2026-08-14T00:01:33.928908+00:00,1786665680,6715,351 Bridgeport/WhiteRock,15251696,6340,19,-175
2026-08-14T00:01:33.928908+00:00,1786665680,6715,351 Bridgeport/WhiteRock,15251696,6341,20,-154
2026-08-14T00:01:33.928908+00:00,1786665680,6715,351 Bridgeport/WhiteRock,15251696,6167,21,-140
2026-08-14T00:01:33.928908+00:00,1786665680,6715,351 Bridgeport/WhiteRock,15251697,5524,5,-634
2026-08-14T00:01:33.928908+00:00,1786665680,6715,351 Bridgeport/WhiteRock,15251697,5525,6,-647
2026-08-14T00:01:33.928908+00:00,1786665680,6715,351 Bridgeport/WhiteRock,15251697,10443,7,-640
2026-08-14T00:01:33.928908+00:00,1786665680,6715,351 Bridgeport/WhiteRock,15251697,5528,8,-620
2026-08-14T00:01:33.928908+00:00,1786665680,6715,351 Bridgeport/WhiteRock,15251697,5529,9,-624
2026-08-14T00:01:33.928908+00:00,1786665680,6715,351 Bridgeport/WhiteRock,15251697,5530,10,-622
2026-08-14T00:01:33.928908+00:00,1786665680,6715,351 Bridgeport/WhiteRock,15251697,5533,11,-605
2026-08-14T00:01:33.928908+00:00,1786665680,6715,351 Bridgeport/WhiteRock,15251697,5534,12,-608
2026-08-14T00:01:33.928908+00:00,1786665680,6715,351 Bridgeport/WhiteRock,15251697,5535,13,-578
2026-08-14T00:01:33.928908+00:00,1786665680,6715,351 Bridgeport/WhiteRock,15251697,5536,14,-586
2026-08-14T00:01:33.928908+00:00,1786665680,6715,351 Bridgeport/WhiteRock,15251697,5537,15,-567
2026-08-14T00:01:33.928908+00:00,1786665680,6715,351 Bridgeport/WhiteRock,15251697,5538,16,-560
2026-08-14T00:01:33.928908+00:00,1786665680,6715,351 Bridgeport/WhiteRock,15251697,5541,17,-508
2026-08-14T00:01:33.928908+00:00,1786665680,6715,351 Bridgeport/WhiteRock,15251697,5542,18,-487
2026-08-14T00:01:33.928908+00:00,1786665680,6715,351 Bridgeport/WhiteRock,15251697,6340,19,-447
2026-08-14T00:01:33.928908+00:00,1786665680,6715,351 Bridgeport/WhiteRock,15251697,6341,20,-426
2026-08-14T00:01:33.928908+00:00,1786665680,6715,351 Bridgeport/WhiteRock,15251697,6167,21,-415
2026-08-14T00:01:33.928908+00:00,1786665680,6715,351 Bridgeport/WhiteRock,15251698,5524,5,-1156
2026-08-14T00:01:33.928908+00:00,1786665680,6715,351 Bridgeport/WhiteRock,15251698,5525,6,-1169
2026-08-14T00:01:33.928908+00:00,1786665680,6715,351 Bridgeport/WhiteRock,15251698,10443,7,-1162
2026-08-14T00:01:33.928908+00:00,1786665680,6715,351 Bridgeport/WhiteRock,15251698,5528,8,-1141
2026-08-14T00:01:33.928908+00:00,1786665680,6715,351 Bridgeport/WhiteRock,15251698,5529,9,-1146
2026-08-14T00:01:33.928908+00:00,1786665680,6715,351 Bridgeport/WhiteRock,15251698,5530,10,-1144
2026-08-14T00:01:33.928908+00:00,1786665680,6715,351 Bridgeport/WhiteRock,15251698,5533,11,-1127
2026-08-14T00:01:33.928908+00:00,1786665680,6715,351 Bridgeport/WhiteRock,15251698,5534,12,-1130
2026-08-14T00:01:33.928908+00:00,1786665680,6715,351 Bridgeport/WhiteRock,15251698,5535,13,-1079
2026-08-14T00:01:33.928908+00:00,1786665680,6715,351 Bridgeport/WhiteRock,15251698,5536,14,-1088
2026-08-14T00:01:33.928908+00:00,1786665680,6715,351 Bridgeport/WhiteRock,15251698,5537,15,-1066
2026-08-14T00:01:33.928908+00:00,1786665680,6715,351 Bridgeport/WhiteRock,15251698,5538,16,-1059
2026-08-14T00:01:33.928908+00:00,1786665680,6715,351 Bridgeport/WhiteRock,15251698,5541,17,-1007
2026-08-14T00:01:33.928908+00:00,1786665680,6715,351 Bridgeport/WhiteRock,15251698,5542,18,-986
2026-08-14T00:01:33.928908+00:00,1786665680,6715,351 Bridgeport/WhiteRock,15251698,6340,19,-945
2026-08-14T00:01:33.928908+00:00,1786665680,6715,351 Bridgeport/WhiteRock,15251698,6341,20,-924
2026-08-14T00:01:33.928908+00:00,1786665680,6715,351 Bridgeport/WhiteRock,15251698,6167,21,-909
2026-08-14T00:01:33.928908+00:00,1786665680,6715,351 Bridgeport/WhiteRock,15251699,4929,3,0
2026-08-14T00:01:33.928908+00:00,1786665680,6715,351 Bridgeport/WhiteRock,15251699,6175,4,-685
2026-08-14T00:01:33.928908+00:00,1786665680,6715,351 Bridgeport/WhiteRock,15251699,5524,5,-641
2026-08-14T00:01:33.928908+00:00,1786665680,6715,351 Bridgeport/WhiteRock,15251699,5525,6,-655
2026-08-14T00:01:33.928908+00:00,1786665680,6715,351 Bridgeport/WhiteRock,15251699,10443,7,-648
2026-08-14T00:01:33.928908+00:00,1786665680,6715,351 Bridgeport/WhiteRock,15251699,5528,8,-630
2026-08-14T00:01:33.928908+00:00,1786665680,6715,351 Bridgeport/WhiteRock,15251699,5529,9,-639
2026-08-14T00:01:33.928908+00:00,1786665680,6715,351 Bridgeport/WhiteRock,15251699,5530,10,-637
2026-08-14T00:01:33.928908+00:00,1786665680,6715,351 Bridgeport/WhiteRock,15251699,5533,11,-617
2026-08-14T00:01:33.928908+00:00,1786665680,6715,351 Bridgeport/WhiteRock,15251699,5534,12,-620
2026-08-14T00:01:33.928908+00:00,1786665680,6715,351 Bridgeport/WhiteRock,15251699,5535,13,-592
2026-08-14T00:01:33.928908+00:00,1786665680,6715,351 Bridgeport/WhiteRock,15251699,5536,14,-597
2026-08-14T00:01:33.928908+00:00,1786665680,6715,351 Bridgeport/WhiteRock,15251699,5537,15,-574
2026-08-14T00:01:33.928908+00:00,1786665680,6715,351 Bridgeport/WhiteRock,15251699,5538,16,-567
2026-08-14T00:01:33.928908+00:00,1786665680,6715,351 Bridgeport/WhiteRock,15251699,5541,17,-515
2026-08-14T00:01:33.928908+00:00,1786665680,6715,351 Bridgeport/WhiteRock,15251699,5542,18,-494
2026-08-14T00:01:33.928908+00:00,1786665680,6715,351 Bridgeport/WhiteRock,15251699,6340,19,-449
2026-08-14T00:01:33.928908+00:00,1786665680,6715,351 Bridgeport/WhiteRock,15251699,6341,20,-428
2026-08-14T00:01:33.928908+00:00,1786665680,6715,351 Bridgeport/WhiteRock,15251699,6167,21,-415
2026-08-14T00:01:33.928908+00:00,1786665680,6715,351 Bridgeport/WhiteRock,15251700,8283,2,120
2026-08-14T00:01:33.928908+00:00,1786665680,6715,351 Bridgeport/WhiteRock,15251700,4929,3,59
2026-08-14T00:01:33.928908+00:00,1786665680,6715,351 Bridgeport/WhiteRock,15251700,6175,4,-635
2026-08-14T00:01:33.928908+00:00,1786665680,6715,351 Bridgeport/WhiteRock,15251700,5524,5,-594
2026-08-14T00:01:33.928908+00:00,1786665680,6715,351 Bridgeport/WhiteRock,15251700,5525,6,-611
2026-08-14T00:01:33.928908+00:00,1786665680,6715,351 Bridgeport/WhiteRock,15251700,10443,7,-621
2026-08-14T00:01:33.928908+00:00,1786665680,6715,351 Bridgeport/WhiteRock,15251700,5528,8,-604
2026-08-14T00:01:33.928908+00:00,1786665680,6715,351 Bridgeport/WhiteRock,15251700,5529,9,-615
2026-08-14T00:01:33.928908+00:00,1786665680,6715,351 Bridgeport/WhiteRock,15251700,5530,10,-619
2026-08-14T00:01:33.928908+00:00,1786665680,6715,351 Bridgeport/WhiteRock,15251700,5533,11,-613
2026-08-14T00:01:33.928908+00:00,1786665680,6715,351 Bridgeport/WhiteRock,15251700,5534,12,-623
2026-08-14T00:01:33.928908+00:00,1786665680,6715,351 Bridgeport/WhiteRock,15251700,5535,13,-589
2026-08-14T00:01:33.928908+00:00,1786665680,6715,351 Bridgeport/WhiteRock,15251700,5536,14,-599
2026-08-14T00:01:33.928908+00:00,1786665680,6715,351 Bridgeport/WhiteRock,15251700,5537,15,-586
2026-08-14T00:01:33.928908+00:00,1786665680,6715,351 Bridgeport/WhiteRock,15251700,5538,16,-586
2026-08-14T00:01:33.928908+00:00,1786665680,6715,351 Bridgeport/WhiteRock,15251700,5541,17,-551
2026-08-14T00:01:33.928908+00:00,1786665680,6715,351 Bridgeport/WhiteRock,15251700,5542,18,-532
2026-08-14T00:01:33.928908+00:00,1786665680,6715,351 Bridgeport/WhiteRock,15251700,6340,19,-511
2026-08-14T00:01:33.928908+00:00,1786665680,6715,351 Bridgeport/WhiteRock,15251700,6341,20,-495
2026-08-14T00:01:33.928908+00:00,1786665680,6715,351 Bridgeport/WhiteRock,15251700,6167,21,-482
2026-08-14T00:01:33.928908+00:00,1786665680,6715,351 Bridgeport/WhiteRock,15251701,11267,1,0
2026-08-14T00:01:33.928908+00:00,1786665680,6715,351 Bridgeport/WhiteRock,15251701,8283,2,-609
2026-08-14T00:01:33.928908+00:00,1786665680,6715,351 Bridgeport/WhiteRock,15251701,4929,3,0
2026-08-14T00:01:33.928908+00:00,1786665680,6715,351 Bridgeport/WhiteRock,15251701,6175,4,-646
2026-08-14T00:01:33.928908+00:00,1786665680,6715,351 Bridgeport/WhiteRock,15251701,5524,5,-599
2026-08-14T00:01:33.928908+00:00,1786665680,6715,351 Bridgeport/WhiteRock,15251701,5525,6,-612
2026-08-14T00:01:33.928908+00:00,1786665680,6715,351 Bridgeport/WhiteRock,15251701,10443,7,-605
2026-08-14T00:01:33.928908+00:00,1786665680,6715,351 Bridgeport/WhiteRock,15251701,5528,8,-583
2026-08-14T00:01:33.928908+00:00,1786665680,6715,351 Bridgeport/WhiteRock,15251701,5529,9,-589
2026-08-14T00:01:33.928908+00:00,1786665680,6715,351 Bridgeport/WhiteRock,15251701,5530,10,-586
2026-08-14T00:01:33.928908+00:00,1786665680,6715,351 Bridgeport/WhiteRock,15251701,5533,11,-565
2026-08-14T00:01:33.928908+00:00,1786665680,6715,351 Bridgeport/WhiteRock,15251701,5534,12,-566
2026-08-14T00:01:33.928908+00:00,1786665680,6715,351 Bridgeport/WhiteRock,15251701,5535,13,-533
2026-08-14T00:01:33.928908+00:00,1786665680,6715,351 Bridgeport/WhiteRock,15251701,5536,14,-537
2026-08-14T00:01:33.928908+00:00,1786665680,6715,351 Bridgeport/WhiteRock,15251701,5537,15,-517
2026-08-14T00:01:33.928908+00:00,1786665680,6715,351 Bridgeport/WhiteRock,15251701,5538,16,-511
2026-08-14T00:01:33.928908+00:00,1786665680,6715,351 Bridgeport/WhiteRock,15251701,5541,17,-458
2026-08-14T00:01:33.928908+00:00,1786665680,6715,351 Bridgeport/WhiteRock,15251701,5542,18,-438
2026-08-14T00:01:33.928908+00:00,1786665680,6715,351 Bridgeport/WhiteRock,15251701,6340,19,-384
2026-08-14T00:01:33.928908+00:00,1786665680,6715,351 Bridgeport/WhiteRock,15251701,6341,20,-366
2026-08-14T00:01:33.928908+00:00,1786665680,6715,351 Bridgeport/WhiteRock,15251701,6167,21,-354
2026-08-14T00:01:33.928908+00:00,1786665680,11692,364 Langley Centre/Scottsdale,15252683,11074,14,361
2026-08-14T00:01:33.928908+00:00,1786665680,11692,364 Langley Centre/Scottsdale,15252683,11150,16,184
2026-08-14T00:01:33.928908+00:00,1786665680,11692,364 Langley Centre/Scottsdale,15252683,11148,17,150
2026-08-14T00:01:33.928908+00:00,1786665680,11692,364 Langley Centre/Scottsdale,15252683,11124,18,157
2026-08-14T00:01:33.928908+00:00,1786665680,11692,364 Langley Centre/Scottsdale,15252683,11140,19,111
2026-08-14T00:01:33.928908+00:00,1786665680,11692,364 Langley Centre/Scottsdale,15252683,11145,20,92
2026-08-14T00:01:33.928908+00:00,1786665680,11692,364 Langley Centre/Scottsdale,15252683,11076,21,0
2026-08-14T00:01:33.928908+00:00,1786665680,11692,364 Langley Centre/Scottsdale,15252683,12645,22,-268
2026-08-14T00:01:33.928908+00:00,1786665680,11692,364 Langley Centre/Scottsdale,15252683,9525,23,-267
2026-08-14T00:01:33.928908+00:00,1786665680,11692,364 Langley Centre/Scottsdale,15252683,10148,24,-251
2026-08-14T00:01:33.928908+00:00,1786665680,11692,364 Langley Centre/Scottsdale,15252683,10585,25,-280
2026-08-14T00:01:33.928908+00:00,1786665680,11692,364 Langley Centre/Scottsdale,15252683,10250,26,-298
2026-08-14T00:01:33.928908+00:00,1786665680,11692,364 Langley Centre/Scottsdale,15252683,10588,27,-312
2026-08-14T00:01:33.928908+00:00,1786665680,11692,364 Langley Centre/Scottsdale,15252683,10248,28,-261
2026-08-14T00:01:33.928908+00:00,1786665680,11692,364 Langley Centre/Scottsdale,15252683,10726,29,-261
2026-08-14T00:01:33.928908+00:00,1786665680,11692,364 Langley Centre/Scottsdale,15252683,10725,30,-283
2026-08-14T00:01:33.928908+00:00,1786665680,11692,364 Langley Centre/Scottsdale,15252683,10727,31,-309
2026-08-14T00:01:33.928908+00:00,1786665680,11692,364 Langley Centre/Scottsdale,15252683,10251,32,-329
2026-08-14T00:01:33.928908+00:00,1786665680,11692,364 Langley Centre/Scottsdale,15252683,10252,33,-362
2026-08-14T00:01:33.928908+00:00,1786665680,11692,364 Langley Centre/Scottsdale,15252683,10253,34,-383
2026-08-14T00:01:33.928908+00:00,1786665680,11692,364 Langley Centre/Scottsdale,15252683,10255,35,-410
2026-08-14T00:01:33.928908+00:00,1786665680,11692,364 Langley Centre/Scottsdale,15252683,5332,36,-355
2026-08-14T00:01:33.928908+00:00,1786665680,11692,364 Langley Centre/Scottsdale,15252683,12497,37,-391
2026-08-14T00:01:33.928908+00:00,1786665680,11692,364 Langley Centre/Scottsdale,15252683,5334,38,-406
2026-08-14T00:01:33.928908+00:00,1786665680,11692,364 Langley Centre/Scottsdale,15252683,6472,39,-398
2026-08-14T00:01:33.928908+00:00,1786665680,11692,364 Langley Centre/Scottsdale,15252683,6473,40,-405
2026-08-14T00:01:33.928908+00:00,1786665680,11692,364 Langley Centre/Scottsdale,15252683,6474,41,-420
2026-08-14T00:01:33.928908+00:00,1786665680,11692,364 Langley Centre/Scottsdale,15252683,9306,42,-369
2026-08-14T00:01:33.928908+00:00,1786665680,11692,364 Langley Centre/Scottsdale,15252683,11125,43,-381
2026-08-14T00:01:33.928908+00:00,1786665680,11692,364 Langley Centre/Scottsdale,15252683,9294,44,-390
2026-08-14T00:01:33.928908+00:00,1786665680,11692,364 Langley Centre/Scottsdale,15252683,9293,45,-403
2026-08-14T00:01:33.928908+00:00,1786665680,11692,364 Langley Centre/Scottsdale,15252683,11126,46,-395
2026-08-14T00:01:33.928908+00:00,1786665680,11692,364 Langley Centre/Scottsdale,15252683,7094,47,-426
2026-08-14T00:01:33.928908+00:00,1786665680,11692,364 Langley Centre/Scottsdale,15252684,6474,41,-126
2026-08-14T00:01:33.928908+00:00,1786665680,11692,364 Langley Centre/Scottsdale,15252684,9306,42,-76
2026-08-14T00:01:33.928908+00:00,1786665680,11692,364 Langley Centre/Scottsdale,15252684,11125,43,-94
2026-08-14T00:01:33.928908+00:00,1786665680,11692,364 Langley Centre/Scottsdale,15252684,9294,44,-99
2026-08-14T00:01:33.928908+00:00,1786665680,11692,364 Langley Centre/Scottsdale,15252684,9293,45,-109
2026-08-14T00:01:33.928908+00:00,1786665680,11692,364 Langley Centre/Scottsdale,15252684,11126,46,-100
2026-08-14T00:01:33.928908+00:00,1786665680,11692,364 Langley Centre/Scottsdale,15252684,7094,47,-131
2026-08-14T00:01:33.928908+00:00,1786665680,11692,364 Langley Centre/Scottsdale,15252697,10248,28,-161
2026-08-14T00:01:33.928908+00:00,1786665680,11692,364 Langley Centre/Scottsdale,15252697,10726,29,-159
2026-08-14T00:01:33.928908+00:00,1786665680,11692,364 Langley Centre/Scottsdale,15252697,10725,30,-178
2026-08-14T00:01:33.928908+00:00,1786665680,11692,364 Langley Centre/Scottsdale,15252697,10727,31,-204
2026-08-14T00:01:33.928908+00:00,1786665680,11692,364 Langley Centre/Scottsdale,15252697,10251,32,-222
2026-08-14T00:01:33.928908+00:00,1786665680,11692,364 Langley Centre/Scottsdale,15252697,10252,33,-254
2026-08-14T00:01:33.928908+00:00,1786665680,11692,364 Langley Centre/Scottsdale,15252697,10253,34,-274
2026-08-14T00:01:33.928908+00:00,1786665680,11692,364 Langley Centre/Scottsdale,15252697,10255,35,-301
2026-08-14T00:01:33.928908+00:00,1786665680,11692,364 Langley Centre/Scottsdale,15252697,5332,36,-246
2026-08-14T00:01:33.928908+00:00,1786665680,11692,364 Langley Centre/Scottsdale,15252697,12497,37,-285
2026-08-14T00:01:33.928908+00:00,1786665680,11692,364 Langley Centre/Scottsdale,15252697,5334,38,-300
2026-08-14T00:01:33.928908+00:00,1786665680,11692,364 Langley Centre/Scottsdale,15252697,6472,39,-292
2026-08-14T00:01:33.928908+00:00,1786665680,11692,364 Langley Centre/Scottsdale,15252697,6473,40,-296
2026-08-14T00:01:33.928908+00:00,1786665680,11692,364 Langley Centre/Scottsdale,15252697,6474,41,-311
2026-08-14T00:01:33.928908+00:00,1786665680,11692,364 Langley Centre/Scottsdale,15252697,9306,42,-260
2026-08-14T00:01:33.928908+00:00,1786665680,11692,364 Langley Centre/Scottsdale,15252697,11125,43,-275
2026-08-14T00:01:33.928908+00:00,1786665680,11692,364 Langley Centre/Scottsdale,15252697,9294,44,-265
2026-08-14T00:01:33.928908+00:00,1786665680,11692,364 Langley Centre/Scottsdale,15252697,9293,45,-277
2026-08-14T00:01:33.928908+00:00,1786665680,11692,364 Langley Centre/Scottsdale,15252697,11126,46,-271
2026-08-14T00:01:33.928908+00:00,1786665680,11692,364 Langley Centre/Scottsdale,15252697,7094,47,-302
2026-08-14T00:01:33.928908+00:00,1786665680,11692,364 Langley Centre/Scottsdale,15252700,11139,8,38
2026-08-14T00:01:33.928908+00:00,1786665680,11692,364 Langley Centre/Scottsdale,15252700,11156,9,1
2026-08-14T00:01:33.928908+00:00,1786665680,11692,364 Langley Centre/Scottsdale,15252700,5583,10,5
2026-08-14T00:01:33.928908+00:00,1786665680,11692,364 Langley Centre/Scottsdale,15252700,5584,11,-38
2026-08-14T00:01:33.928908+00:00,1786665680,11692,364 Langley Centre/Scottsdale,15252700,6464,12,-65
2026-08-14T00:01:33.928908+00:00,1786665680,11692,364 Langley Centre/Scottsdale,15252700,6465,13,-102
2026-08-14T00:01:33.928908+00:00,1786665680,11692,364 Langley Centre/Scottsdale,15252700,11074,14,-66
2026-08-14T00:01:33.928908+00:00,1786665680,11692,364 Langley Centre/Scottsdale,15252700,11153,15,-107
2026-08-14T00:01:33.928908+00:00,1786665680,11692,364 Langley Centre/Scottsdale,15252700,11150,16,-153
2026-08-14T00:01:33.928908+00:00,1786665680,11692,364 Langley Centre/Scottsdale,15252700,11148,17,-185
2026-08-14T00:01:33.928908+00:00,1786665680,11692,364 Langley Centre/Scottsdale,15252700,11124,18,-178
2026-08-14T00:01:33.928908+00:00,1786665680,11692,364 Langley Centre/Scottsdale,15252700,11140,19,-225
2026-08-14T00:01:33.928908+00:00,1786665680,11692,364 Langley Centre/Scottsdale,15252700,11145,20,-244
2026-08-14T00:01:33.928908+00:00,1786665680,11692,364 Langley Centre/Scottsdale,15252700,11076,21,0
2026-08-14T00:01:33.928908+00:00,1786665680,11692,364 Langley Centre/Scottsdale,15252700,12645,22,-235
2026-08-14T00:01:33.928908+00:00,1786665680,11692,364 Langley Centre/Scottsdale,15252700,9525,23,-233
2026-08-14T00:01:33.928908+00:00,1786665680,11692,364 Langley Centre/Scottsdale,15252700,10148,24,-211
2026-08-14T00:01:33.928908+00:00,1786665680,11692,364 Langley Centre/Scottsdale,15252700,10585,25,-235
2026-08-14T00:01:33.928908+00:00,1786665680,11692,364 Langley Centre/Scottsdale,15252700,10250,26,-247
2026-08-14T00:01:33.928908+00:00,1786665680,11692,364 Langley Centre/Scottsdale,15252700,10588,27,-258
2026-08-14T00:01:33.928908+00:00,1786665680,11692,364 Langley Centre/Scottsdale,15252700,10248,28,-199
2026-08-14T00:01:33.928908+00:00,1786665680,11692,364 Langley Centre/Scottsdale,15252700,10726,29,-198
2026-08-14T00:01:33.928908+00:00,1786665680,11692,364 Langley Centre/Scottsdale,15252700,10725,30,-214
2026-08-14T00:01:33.928908+00:00,1786665680,11692,364 Langley Centre/Scottsdale,15252700,10727,31,-234
2026-08-14T00:01:33.928908+00:00,1786665680,11692,364 Langley Centre/Scottsdale,15252700,10251,32,-242
2026-08-14T00:01:33.928908+00:00,1786665680,11692,364 Langley Centre/Scottsdale,15252700,10252,33,-268
2026-08-14T00:01:33.928908+00:00,1786665680,11692,364 Langley Centre/Scottsdale,15252700,10253,34,-279
2026-08-14T00:01:33.928908+00:00,1786665680,11692,364 Langley Centre/Scottsdale,15252700,10255,35,-299
2026-08-14T00:01:33.928908+00:00,1786665680,11692,364 Langley Centre/Scottsdale,15252700,5332,36,-241
2026-08-14T00:01:33.928908+00:00,1786665680,11692,364 Langley Centre/Scottsdale,15252700,12497,37,-270
2026-08-14T00:01:33.928908+00:00,1786665680,11692,364 Langley Centre/Scottsdale,15252700,5334,38,-282
2026-08-14T00:01:33.928908+00:00,1786665680,11692,364 Langley Centre/Scottsdale,15252700,6472,39,-273
2026-08-14T00:01:33.928908+00:00,1786665680,11692,364 Langley Centre/Scottsdale,15252700,6473,40,-277
2026-08-14T00:01:33.928908+00:00,1786665680,11692,364 Langley Centre/Scottsdale,15252700,6474,41,-287
2026-08-14T00:01:33.928908+00:00,1786665680,11692,364 Langley Centre/Scottsdale,15252700,9306,42,-235
2026-08-14T00:01:33.928908+00:00,1786665680,11692,364 Langley Centre/Scottsdale,15252700,11125,43,-235
2026-08-14T00:01:33.928908+00:00,1786665680,11692,364 Langley Centre/Scottsdale,15252700,9294,44,-244
2026-08-14T00:01:33.928908+00:00,1786665680,11692,364 Langley Centre/Scottsdale,15252700,9293,45,-254
2026-08-14T00:01:33.928908+00:00,1786665680,11692,364 Langley Centre/Scottsdale,15252700,11126,46,-242
2026-08-14T00:01:33.928908+00:00,1786665680,11692,364 Langley Centre/Scottsdale,15252700,7094,47,-253
2026-08-14T00:01:33.928908+00:00,1786665680,11692,364 Langley Centre/Scottsdale,15252715,12516,14,346
2026-08-14T00:01:33.928908+00:00,1786665680,11692,364 Langley Centre/Scottsdale,15252715,10257,15,291
2026-08-14T00:01:33.928908+00:00,1786665680,11692,364 Langley Centre/Scottsdale,15252715,10258,16,268
2026-08-14T00:01:33.928908+00:00,1786665680,11692,364 Langley Centre/Scottsdale,15252715,10259,17,207
2026-08-14T00:01:33.928908+00:00,1786665680,11692,364 Langley Centre/Scottsdale,15252715,10260,18,182
2026-08-14T00:01:33.928908+00:00,1786665680,11692,364 Langley Centre/Scottsdale,15252715,10729,19,127
2026-08-14T00:01:33.928908+00:00,1786665680,11692,364 Langley Centre/Scottsdale,15252715,13067,20,102
2026-08-14T00:01:33.928908+00:00,1786665680,11692,364 Langley Centre/Scottsdale,15252715,10633,21,81
2026-08-14T00:01:33.928908+00:00,1786665680,11692,364 Langley Centre/Scottsdale,15252715,10149,22,175
2026-08-14T00:01:33.928908+00:00,1786665680,11692,364 Langley Centre/Scottsdale,15252715,10587,23,153
2026-08-14T00:01:33.928908+00:00,1786665680,11692,364 Langley Centre/Scottsdale,15252715,10261,24,113
2026-08-14T00:01:33.928908+00:00,1786665680,11692,364 Langley Centre/Scottsdale,15252715,10586,25,72
2026-08-14T00:01:33.928908+00:00,1786665680,11692,364 Langley Centre/Scottsdale,15252715,9547,26,98
2026-08-14T00:01:33.928908+00:00,1786665680,11692,364 Langley Centre/Scottsdale,15252715,9526,27,64
2026-08-14T00:01:33.928908+00:00,1786665680,11692,364 Langley Centre/Scottsdale,15252715,12646,28,51
2026-08-14T00:01:33.928908+00:00,1786665680,11692,364 Langley Centre/Scottsdale,15252715,11075,29,-10
2026-08-14T00:01:33.928908+00:00,1786665680,11692,364 Langley Centre/Scottsdale,15252715,11174,30,-43
2026-08-14T00:01:33.928908+00:00,1786665680,11692,364 Langley Centre/Scottsdale,15252715,11175,31,-78
2026-08-14T00:01:33.928908+00:00,1786665680,11692,364 Langley Centre/Scottsdale,15252715,11123,32,-34
2026-08-14T00:01:33.928908+00:00,1786665680,11692,364 Langley Centre/Scottsdale,15252715,11176,33,-38
2026-08-14T00:01:33.928908+00:00,1786665680,11692,364 Langley Centre/Scottsdale,15252715,11177,34,-70
2026-08-14T00:01:33.928908+00:00,1786665680,11692,364 Langley Centre/Scottsdale,15252715,11178,35,-103
2026-08-14T00:01:33.928908+00:00,1786665680,11692,364 Langley Centre/Scottsdale,15252715,6459,36,-16
2026-08-14T00:01:33.928908+00:00,1786665680,11692,364 Langley Centre/Scottsdale,15252715,6460,37,-29
2026-08-14T00:01:33.928908+00:00,1786665680,11692,364 Langley Centre/Scottsdale,15252715,5621,38,-30
2026-08-14T00:01:33.928908+00:00,1786665680,11692,364 Langley Centre/Scottsdale,15252715,5622,39,-58
2026-08-14T00:01:33.928908+00:00,1786665680,11692,364 Langley Centre/Scottsdale,15252715,11122,40,-28
2026-08-14T00:01:33.928908+00:00,1786665680,11692,364 Langley Centre/Scottsdale,15252715,11155,41,-47
2026-08-14T00:01:33.928908+00:00,1786665680,11692,364 Langley Centre/Scottsdale,15252715,11143,42,-60
2026-08-14T00:01:33.928908+00:00,1786665680,11692,364 Langley Centre/Scottsdale,15252715,11141,43,-96
2026-08-14T00:01:33.928908+00:00,1786665680,11692,364 Langley Centre/Scottsdale,15252715,4936,44,-87
2026-08-14T00:01:33.928908+00:00,1786665680,11692,364 Langley Centre/Scottsdale,15252715,4937,45,-110
2026-08-14T00:01:33.928908+00:00,1786665680,11692,364 Langley Centre/Scottsdale,15252715,4938,46,-136
2026-08-14T00:01:33.928908+00:00,1786665680,11692,364 Langley Centre/Scottsdale,15252715,5229,47,-136
2026-08-14T00:01:33.928908+00:00,1786665680,11692,364 Langley Centre/Scottsdale,15252715,4917,48,-74
2026-08-14T00:01:33.928908+00:00,1786665680,11692,364 Langley Centre/Scottsdale,15252736,11177,34,-2
2026-08-14T00:01:33.928908+00:00,1786665680,11692,364 Langley Centre/Scottsdale,15252736,11178,35,-67
2026-08-14T00:01:33.928908+00:00,1786665680,11692,364 Langley Centre/Scottsdale,15252736,6459,36,17
2026-08-14T00:01:33.928908+00:00,1786665680,11692,364 Langley Centre/Scottsdale,15252736,6460,37,6
2026-08-14T00:01:33.928908+00:00,1786665680,11692,364 Langley Centre/Scottsdale,15252736,5621,38,1
2026-08-14T00:01:33.928908+00:00,1786665680,11692,364 Langley Centre/Scottsdale,15252736,5622,39,-31
2026-08-14T00:01:33.928908+00:00,1786665680,11692,364 Langley Centre/Scottsdale,15252736,11122,40,-5
2026-08-14T00:01:33.928908+00:00,1786665680,11692,364 Langley Centre/Scottsdale,15252736,11155,41,-28
2026-08-14T00:01:33.928908+00:00,1786665680,11692,364 Langley Centre/Scottsdale,15252736,11143,42,-45
2026-08-14T00:01:33.928908+00:00,1786665680,11692,364 Langley Centre/Scottsdale,15252736,11141,43,-84
2026-08-14T00:01:33.928908+00:00,1786665680,11692,364 Langley Centre/Scottsdale,15252736,4936,44,-78
2026-08-14T00:01:33.928908+00:00,1786665680,11692,364 Langley Centre/Scottsdale,15252736,4937,45,-106
2026-08-14T00:01:33.928908+00:00,1786665680,11692,364 Langley Centre/Scottsdale,15252736,4938,46,-139
2026-08-14T00:01:33.928908+00:00,1786665680,11692,364 Langley Centre/Scottsdale,15252736,5229,47,-142
2026-08-14T00:01:33.928908+00:00,1786665680,11692,364 Langley Centre/Scottsdale,15252736,4917,48,-86
2026-08-14T00:01:33.928908+00:00,1786665680,11692,364 Langley Centre/Scottsdale,15252751,11075,29,-126
2026-08-14T00:01:33.928908+00:00,1786665680,11692,364 Langley Centre/Scottsdale,15252751,11174,30,-165
2026-08-14T00:01:33.928908+00:00,1786665680,11692,364 Langley Centre/Scottsdale,15252751,11175,31,-201
2026-08-14T00:01:33.928908+00:00,1786665680,11692,364 Langley Centre/Scottsdale,15252751,11123,32,-161
2026-08-14T00:01:33.928908+00:00,1786665680,11692,364 Langley Centre/Scottsdale,15252751,11176,33,-168
2026-08-14T00:01:33.928908+00:00,1786665680,11692,364 Langley Centre/Scottsdale,15252751,11177,34,-205
2026-08-14T00:01:33.928908+00:00,1786665680,11692,364 Langley Centre/Scottsdale,15252751,11178,35,-241
2026-08-14T00:01:33.928908+00:00,1786665680,11692,364 Langley Centre/Scottsdale,15252751,6459,36,-157
2026-08-14T00:01:33.928908+00:00,1786665680,11692,364 Langley Centre/Scottsdale,15252751,6460,37,-172
2026-08-14T00:01:33.928908+00:00,1786665680,11692,364 Langley Centre/Scottsdale,15252751,5621,38,-177
2026-08-14T00:01:33.928908+00:00,1786665680,11692,364 Langley Centre/Scottsdale,15252751,5622,39,-209
2026-08-14T00:01:33.928908+00:00,1786665680,11692,364 Langley Centre/Scottsdale,15252751,11122,40,-183
2026-08-14T00:01:33.928908+00:00,1786665680,11692,364 Langley Centre/Scottsdale,15252751,11155,41,-206
2026-08-14T00:01:33.928908+00:00,1786665680,11692,364 Langley Centre/Scottsdale,15252751,11143,42,-223
2026-08-14T00:01:33.928908+00:00,1786665680,11692,364 Langley Centre/Scottsdale,15252751,11141,43,-262
2026-08-14T00:01:33.928908+00:00,1786665680,11692,364 Langley Centre/Scottsdale,15252751,4936,44,-254
2026-08-14T00:01:33.928908+00:00,1786665680,11692,364 Langley Centre/Scottsdale,15252751,4937,45,-276
2026-08-14T00:01:33.928908+00:00,1786665680,11692,364 Langley Centre/Scottsdale,15252751,4938,46,-302
2026-08-14T00:01:33.928908+00:00,1786665680,11692,364 Langley Centre/Scottsdale,15252751,5229,47,-304
2026-08-14T00:01:33.928908+00:00,1786665680,11692,364 Langley Centre/Scottsdale,15252751,4917,48,-246
2026-08-14T00:01:33.928908+00:00,1786665680,11692,364 Langley Centre/Scottsdale,15252752,9303,7,-92
2026-08-14T00:01:33.928908+00:00,1786665680,11692,364 Langley Centre/Scottsdale,15252752,9304,8,-114
2026-08-14T00:01:33.928908+00:00,1786665680,11692,364 Langley Centre/Scottsdale,15252752,6475,9,-93
2026-08-14T00:01:33.928908+00:00,1786665680,11692,364 Langley Centre/Scottsdale,15252752,6476,10,-135
2026-08-14T00:01:33.928908+00:00,1786665680,11692,364 Langley Centre/Scottsdale,15252752,5381,11,-157
2026-08-14T00:01:33.928908+00:00,1786665680,11692,364 Langley Centre/Scottsdale,15252752,12496,12,-168
2026-08-14T00:01:33.928908+00:00,1786665680,11692,364 Langley Centre/Scottsdale,15252752,5382,13,-203
2026-08-14T00:01:33.928908+00:00,1786665680,11692,364 Langley Centre/Scottsdale,15252752,12516,14,-40
2026-08-14T00:01:33.928908+00:00,1786665680,11692,364 Langley Centre/Scottsdale,15252752,10257,15,-95
2026-08-14T00:01:33.928908+00:00,1786665680,11692,364 Langley Centre/Scottsdale,15252752,10258,16,-117
2026-08-14T00:01:33.928908+00:00,1786665680,11692,364 Langley Centre/Scottsdale,15252752,10259,17,-179
2026-08-14T00:01:33.928908+00:00,1786665680,11692,364 Langley Centre/Scottsdale,15252752,10260,18,0
2026-08-14T00:01:33.928908+00:00,1786665680,11692,364 Langley Centre/Scottsdale,15252752,10729,19,-55
2026-08-14T00:01:33.928908+00:00,1786665680,11692,364 Langley Centre/Scottsdale,15252752,13067,20,-80
2026-08-14T00:01:33.928908+00:00,1786665680,11692,364 Langley Centre/Scottsdale,15252752,10633,21,-101
2026-08-14T00:01:33.928908+00:00,1786665680,11692,364 Langley Centre/Scottsdale,15252752,10149,22,-7
2026-08-14T00:01:33.928908+00:00,1786665680,11692,364 Langley Centre/Scottsdale,15252752,10587,23,-29
2026-08-14T00:01:33.928908+00:00,1786665680,11692,364 Langley Centre/Scottsdale,15252752,10261,24,-69
2026-08-14T00:01:33.928908+00:00,1786665680,11692,364 Langley Centre/Scottsdale,15252752,10586,25,-110
2026-08-14T00:01:33.928908+00:00,1786665680,11692,364 Langley Centre/Scottsdale,15252752,9547,26,-84
2026-08-14T00:01:33.928908+00:00,1786665680,11692,364 Langley Centre/Scottsdale,15252752,9526,27,-118
2026-08-14T00:01:33.928908+00:00,1786665680,11692,364 Langley Centre/Scottsdale,15252752,12646,28,-132
2026-08-14T00:01:33.928908+00:00,1786665680,11692,364 Langley Centre/Scottsdale,15252752,11075,29,-193
2026-08-14T00:01:33.928908+00:00,1786665680,11692,364 Langley Centre/Scottsdale,15252752,11174,30,-225
2026-08-14T00:01:33.928908+00:00,1786665680,11692,364 Langley Centre/Scottsdale,15252752,11175,31,-259
2026-08-14T00:01:33.928908+00:00,1786665680,11692,364 Langley Centre/Scottsdale,15252752,11123,32,-215
2026-08-14T00:01:33.928908+00:00,1786665680,11692,364 Langley Centre/Scottsdale,15252752,11176,33,-219
2026-08-14T00:01:33.928908+00:00,1786665680,11692,364 Langley Centre/Scottsdale,15252752,11177,34,-251
2026-08-14T00:01:33.928908+00:00,1786665680,11692,364 Langley Centre/Scottsdale,15252752,11178,35,-284
2026-08-14T00:01:33.928908+00:00,1786665680,11692,364 Langley Centre/Scottsdale,15252752,6459,36,-197
2026-08-14T00:01:33.928908+00:00,1786665680,11692,364 Langley Centre/Scottsdale,15252752,6460,37,-209
2026-08-14T00:01:33.928908+00:00,1786665680,11692,364 Langley Centre/Scottsdale,15252752,5621,38,-210
2026-08-14T00:01:33.928908+00:00,1786665680,11692,364 Langley Centre/Scottsdale,15252752,5622,39,-238
2026-08-14T00:01:33.928908+00:00,1786665680,11692,364 Langley Centre/Scottsdale,15252752,11122,40,-208
2026-08-14T00:01:33.928908+00:00,1786665680,11692,364 Langley Centre/Scottsdale,15252752,11155,41,-227
2026-08-14T00:01:33.928908+00:00,1786665680,11692,364 Langley Centre/Scottsdale,15252752,11143,42,-241
2026-08-14T00:01:33.928908+00:00,1786665680,11692,364 Langley Centre/Scottsdale,15252752,11141,43,-277
2026-08-14T00:01:33.928908+00:00,1786665680,11692,364 Langley Centre/Scottsdale,15252752,4936,44,-268
2026-08-14T00:01:33.928908+00:00,1786665680,11692,364 Langley Centre/Scottsdale,15252752,4937,45,-287
2026-08-14T00:01:33.928908+00:00,1786665680,11692,364 Langley Centre/Scottsdale,15252752,4938,46,-313
2026-08-14T00:01:33.928908+00:00,1786665680,11692,364 Langley Centre/Scottsdale,15252752,5229,47,-312
2026-08-14T00:01:33.928908+00:00,1786665680,11692,364 Langley Centre/Scottsdale,15252752,4917,48,-254
2026-08-14T00:01:33.928908+00:00,1786665680,11692,364 Langley Centre/Scottsdale,15252759,4917,48,117
2026-08-14T00:01:33.928908+00:00,1786665680,18705,531 WhiteRock/WillowBrook,15259154,12173,46,-246
2026-08-14T00:01:33.928908+00:00,1786665680,18705,531 WhiteRock/WillowBrook,15259154,9291,47,-279
2026-08-14T00:01:33.928908+00:00,1786665680,18705,531 WhiteRock/WillowBrook,15259154,9292,48,-285
2026-08-14T00:01:33.928908+00:00,1786665680,18705,531 WhiteRock/WillowBrook,15259154,11264,49,-253
2026-08-14T00:01:33.928908+00:00,1786665680,18705,531 WhiteRock/WillowBrook,15259154,9303,50,-248
2026-08-14T00:01:33.928908+00:00,1786665680,18705,531 WhiteRock/WillowBrook,15259154,9304,51,-253
2026-08-14T00:01:33.928908+00:00,1786665680,18705,531 WhiteRock/WillowBrook,15259154,6475,52,-208
2026-08-14T00:01:33.928908+00:00,1786665680,18705,531 WhiteRock/WillowBrook,15259154,6476,53,-217
2026-08-14T00:01:33.928908+00:00,1786665680,18705,531 WhiteRock/WillowBrook,15259154,5335,54,-213
2026-08-14T00:01:33.928908+00:00,1786665680,18705,531 WhiteRock/WillowBrook,15259154,7100,55,-178
2026-08-14T00:01:33.928908+00:00,1786665680,18705,531 WhiteRock/WillowBrook,15259155,11839,24,167
2026-08-14T00:01:33.928908+00:00,1786665680,18705,531 WhiteRock/WillowBrook,15259155,12922,25,146
2026-08-14T00:01:33.928908+00:00,1786665680,18705,531 WhiteRock/WillowBrook,15259155,12923,26,111
2026-08-14T00:01:33.928908+00:00,1786665680,18705,531 WhiteRock/WillowBrook,15259155,12925,27,112
2026-08-14T00:01:33.928908+00:00,1786665680,18705,531 WhiteRock/WillowBrook,15259155,12928,28,87
2026-08-14T00:01:33.928908+00:00,1786665680,18705,531 WhiteRock/WillowBrook,15259155,12930,29,71
2026-08-14T00:01:33.928908+00:00,1786665680,18705,531 WhiteRock/WillowBrook,15259155,13042,30,56
2026-08-14T00:01:33.928908+00:00,1786665680,18705,531 WhiteRock/WillowBrook,15259155,8936,31,66
2026-08-14T00:01:33.928908+00:00,1786665680,18705,531 WhiteRock/WillowBrook,15259155,9030,32,54
2026-08-14T00:01:33.928908+00:00,1786665680,18705,531 WhiteRock/WillowBrook,15259155,8937,33,32
2026-08-14T00:01:33.928908+00:00,1786665680,18705,531 WhiteRock/WillowBrook,15259155,8938,34,29
2026-08-14T00:01:33.928908+00:00,1786665680,18705,531 WhiteRock/WillowBrook,15259155,7081,35,23
2026-08-14T00:01:33.928908+00:00,1786665680,18705,531 WhiteRock/WillowBrook,15259155,7082,36,16
2026-08-14T00:01:33.928908+00:00,1786665680,18705,531 WhiteRock/WillowBrook,15259155,7083,37,-12
2026-08-14T00:01:33.928908+00:00,1786665680,18705,531 WhiteRock/WillowBrook,15259155,7084,38,-31
2026-08-14T00:01:33.928908+00:00,1786665680,18705,531 WhiteRock/WillowBrook,15259155,7085,39,-67
2026-08-14T00:01:33.928908+00:00,1786665680,18705,531 WhiteRock/WillowBrook,15259155,8939,40,-80
2026-08-14T00:01:33.928908+00:00,1786665680,18705,531 WhiteRock/WillowBrook,15259155,7086,41,-91
2026-08-14T00:01:33.928908+00:00,1786665680,18705,531 WhiteRock/WillowBrook,15259155,8940,42,-119
2026-08-14T00:01:33.928908+00:00,1786665680,18705,531 WhiteRock/WillowBrook,15259155,5341,43,-128
2026-08-14T00:01:33.928908+00:00,1786665680,18705,531 WhiteRock/WillowBrook,15259155,5342,44,-124
2026-08-14T00:01:33.928908+00:00,1786665680,18705,531 WhiteRock/WillowBrook,15259155,12293,45,-116
2026-08-14T00:01:33.928908+00:00,1786665680,18705,531 WhiteRock/WillowBrook,15259155,12173,46,-51
2026-08-14T00:01:33.928908+00:00,1786665680,18705,531 WhiteRock/WillowBrook,15259155,9291,47,-76
2026-08-14T00:01:33.928908+00:00,1786665680,18705,531 WhiteRock/WillowBrook,15259155,9292,48,-81
2026-08-14T00:01:33.928908+00:00,1786665680,18705,531 WhiteRock/WillowBrook,15259155,11264,49,-58
2026-08-14T00:01:33.928908+00:00,1786665680,18705,531 WhiteRock/WillowBrook,15259155,9303,50,-56
2026-08-14T00:01:33.928908+00:00,1786665680,18705,531 WhiteRock/WillowBrook,15259155,9304,51,-61
2026-08-14T00:01:33.928908+00:00,1786665680,18705,531 WhiteRock/WillowBrook,15259155,6475,52,-13
2026-08-14T00:01:33.928908+00:00,1786665680,18705,531 WhiteRock/WillowBrook,15259155,6476,53,-23
2026-08-14T00:01:33.928908+00:00,1786665680,18705,531 WhiteRock/WillowBrook,15259155,5335,54,-19
2026-08-14T00:01:33.928908+00:00,1786665680,18705,531 WhiteRock/WillowBrook,15259155,7100,55,18
2026-08-14T00:01:33.928908+00:00,1786665680,18705,531 WhiteRock/WillowBrook,15259176,11738,13,66
2026-08-14T00:01:33.928908+00:00,1786665680,18705,531 WhiteRock/WillowBrook,15259176,11743,14,31
2026-08-14T00:01:33.928908+00:00,1786665680,18705,531 WhiteRock/WillowBrook,15259176,12306,15,-35
2026-08-14T00:01:33.928908+00:00,1786665680,18705,531 WhiteRock/WillowBrook,15259176,12218,16,-88
2026-08-14T00:01:33.928908+00:00,1786665680,18705,531 WhiteRock/WillowBrook,15259176,11924,17,-158
2026-08-14T00:01:33.928908+00:00,1786665680,18705,531 WhiteRock/WillowBrook,15259176,13131,18,-197
2026-08-14T00:01:33.928908+00:00,1786665680,18705,531 WhiteRock/WillowBrook,15259176,11923,19,-225
2026-08-14T00:01:33.928908+00:00,1786665680,18705,531 WhiteRock/WillowBrook,15259176,12597,20,-297
2026-08-14T00:01:33.928908+00:00,1786665680,18705,531 WhiteRock/WillowBrook,15259176,11922,21,-314
2026-08-14T00:01:33.928908+00:00,1786665680,18705,531 WhiteRock/WillowBrook,15259176,11744,22,-301
2026-08-14T00:01:33.928908+00:00,1786665680,18705,531 WhiteRock/WillowBrook,15259176,11746,23,-329
2026-08-14T00:01:33.928908+00:00,1786665680,18705,531 WhiteRock/WillowBrook,15259176,11839,24,-338
2026-08-14T00:01:33.928908+00:00,1786665680,18705,531 WhiteRock/WillowBrook,15259176,12922,25,-355
2026-08-14T00:01:33.928908+00:00,1786665680,18705,531 WhiteRock/WillowBrook,15259176,12923,26,-389
2026-08-14T00:01:33.928908+00:00,1786665680,18705,531 WhiteRock/WillowBrook,15259176,12925,27,-386
2026-08-14T00:01:33.928908+00:00,1786665680,18705,531 WhiteRock/WillowBrook,15259176,12928,28,-412
2026-08-14T00:01:33.928908+00:00,1786665680,18705,531 WhiteRock/WillowBrook,15259176,12930,29,-429
2026-08-14T00:01:33.928908+00:00,1786665680,18705,531 WhiteRock/WillowBrook,15259176,13042,30,-444
2026-08-14T00:01:33.928908+00:00,1786665680,18705,531 WhiteRock/WillowBrook,15259176,8936,31,-434
2026-08-14T00:01:33.928908+00:00,1786665680,18705,531 WhiteRock/WillowBrook,15259176,9030,32,-446
2026-08-14T00:01:33.928908+00:00,1786665680,18705,531 WhiteRock/WillowBrook,15259176,8937,33,-467
2026-08-14T00:01:33.928908+00:00,1786665680,18705,531 WhiteRock/WillowBrook,15259176,8938,34,-468
2026-08-14T00:01:33.928908+00:00,1786665680,18705,531 WhiteRock/WillowBrook,15259176,7081,35,-470
2026-08-14T00:01:33.928908+00:00,1786665680,18705,531 WhiteRock/WillowBrook,15259176,7082,36,-476
2026-08-14T00:01:33.928908+00:00,1786665680,18705,531 WhiteRock/WillowBrook,15259176,7083,37,-503
2026-08-14T00:01:33.928908+00:00,1786665680,18705,531 WhiteRock/WillowBrook,15259176,7084,38,-522
2026-08-14T00:01:33.928908+00:00,1786665680,18705,531 WhiteRock/WillowBrook,15259176,7085,39,-558
2026-08-14T00:01:33.928908+00:00,1786665680,18705,531 WhiteRock/WillowBrook,15259176,8939,40,-571
2026-08-14T00:01:33.928908+00:00,1786665680,18705,531 WhiteRock/WillowBrook,15259176,7086,41,-582
2026-08-14T00:01:33.928908+00:00,1786665680,18705,531 WhiteRock/WillowBrook,15259176,8940,42,-610
2026-08-14T00:01:33.928908+00:00,1786665680,18705,531 WhiteRock/WillowBrook,15259176,5341,43,-619
2026-08-14T00:01:33.928908+00:00,1786665680,18705,531 WhiteRock/WillowBrook,15259176,5342,44,-617
2026-08-14T00:01:33.928908+00:00,1786665680,18705,531 WhiteRock/WillowBrook,15259176,12293,45,-608
2026-08-14T00:01:33.928908+00:00,1786665680,18705,531 WhiteRock/WillowBrook,15259176,12173,46,-542
2026-08-14T00:01:33.928908+00:00,1786665680,18705,531 WhiteRock/WillowBrook,15259176,9291,47,-567
2026-08-14T00:01:33.928908+00:00,1786665680,18705,531 WhiteRock/WillowBrook,15259176,9292,48,-572
2026-08-14T00:01:33.928908+00:00,1786665680,18705,531 WhiteRock/WillowBrook,15259176,11264,49,-543
2026-08-14T00:01:33.928908+00:00,1786665680,18705,531 WhiteRock/WillowBrook,15259176,9303,50,-541
2026-08-14T00:01:33.928908+00:00,1786665680,18705,531 WhiteRock/WillowBrook,15259176,9304,51,-546
2026-08-14T00:01:33.928908+00:00,1786665680,18705,531 WhiteRock/WillowBrook,15259176,6475,52,-500
2026-08-14T00:01:33.928908+00:00,1786665680,18705,531 WhiteRock/WillowBrook,15259176,6476,53,-508
2026-08-14T00:01:33.928908+00:00,1786665680,18705,531 WhiteRock/WillowBrook,15259176,5335,54,-503
2026-08-14T00:01:33.928908+00:00,1786665680,18705,531 WhiteRock/WillowBrook,15259176,7100,55,-464
2026-08-14T00:01:33.928908+00:00,1786665680,18705,531 WhiteRock/WillowBrook,15259208,11745,33,-78
2026-08-14T00:01:33.928908+00:00,1786665680,18705,531 WhiteRock/WillowBrook,15259208,13040,34,-86
2026-08-14T00:01:33.928908+00:00,1786665680,18705,531 WhiteRock/WillowBrook,15259208,12598,35,-112
2026-08-14T00:01:33.928908+00:00,1786665680,18705,531 WhiteRock/WillowBrook,15259208,11920,36,-172
2026-08-14T00:01:33.928908+00:00,1786665680,18705,531 WhiteRock/WillowBrook,15259208,13130,37,-210
2026-08-14T00:01:33.928908+00:00,1786665680,18705,531 WhiteRock/WillowBrook,15259208,11925,38,-247
2026-08-14T00:01:33.928908+00:00,1786665680,18705,531 WhiteRock/WillowBrook,15259208,12219,39,-279
2026-08-14T00:01:33.928908+00:00,1786665680,18705,531 WhiteRock/WillowBrook,15259208,11741,40,-431
2026-08-14T00:01:33.928908+00:00,1786665680,18705,531 WhiteRock/WillowBrook,15259208,11740,41,-452
2026-08-14T00:01:33.928908+00:00,1786665680,18705,531 WhiteRock/WillowBrook,15259208,11739,42,-400
2026-08-14T00:01:33.928908+00:00,1786665680,18705,531 WhiteRock/WillowBrook,15259208,11737,43,-352
2026-08-14T00:01:33.928908+00:00,1786665680,18705,531 WhiteRock/WillowBrook,15259208,11757,44,-385
2026-08-14T00:01:33.928908+00:00,1786665680,18705,531 WhiteRock/WillowBrook,15259208,11735,45,-346
2026-08-14T00:01:33.928908+00:00,1786665680,18705,531 WhiteRock/WillowBrook,15259208,11756,46,-340
2026-08-14T00:01:33.928908+00:00,1786665680,18705,531 WhiteRock/WillowBrook,15259208,5535,47,-310
2026-08-14T00:01:33.928908+00:00,1786665680,18705,531 WhiteRock/WillowBrook,15259208,5536,48,-334
2026-08-14T00:01:33.928908+00:00,1786665680,18705,531 WhiteRock/WillowBrook,15259208,5537,49,-341
2026-08-14T00:01:33.928908+00:00,1786665680,18705,531 WhiteRock/WillowBrook,15259208,5538,50,-349
2026-08-14T00:01:33.928908+00:00,1786665680,18705,531 WhiteRock/WillowBrook,15259208,5539,51,-337
2026-08-14T00:01:33.928908+00:00,1786665680,18705,531 WhiteRock/WillowBrook,15259208,5540,52,-329
2026-08-14T00:01:33.928908+00:00,1786665680,18705,531 WhiteRock/WillowBrook,15259209,7092,11,184
2026-08-14T00:01:33.928908+00:00,1786665680,18705,531 WhiteRock/WillowBrook,15259209,10747,12,206
2026-08-14T00:01:33.928908+00:00,1786665680,18705,531 WhiteRock/WillowBrook,15259209,5364,13,218
2026-08-14T00:01:33.928908+00:00,1786665680,18705,531 WhiteRock/WillowBrook,15259209,11775,14,241
2026-08-14T00:01:33.928908+00:00,1786665680,18705,531 WhiteRock/WillowBrook,15259209,7171,15,212
2026-08-14T00:01:33.928908+00:00,1786665680,18705,531 WhiteRock/WillowBrook,15259209,7172,16,172
2026-08-14T00:01:33.928908+00:00,1786665680,18705,531 WhiteRock/WillowBrook,15259209,7173,17,160
2026-08-14T00:01:33.928908+00:00,1786665680,18705,531 WhiteRock/WillowBrook,15259209,7174,18,120
2026-08-14T00:01:33.928908+00:00,1786665680,18705,531 WhiteRock/WillowBrook,15259209,7175,19,106
2026-08-14T00:01:33.928908+00:00,1786665680,18705,531 WhiteRock/WillowBrook,15259209,7176,20,77
2026-08-14T00:01:33.928908+00:00,1786665680,18705,531 WhiteRock/WillowBrook,15259209,7177,21,81
2026-08-14T00:01:33.928908+00:00,1786665680,18705,531 WhiteRock/WillowBrook,15259209,8948,22,52
2026-08-14T00:01:33.928908+00:00,1786665680,18705,531 WhiteRock/WillowBrook,15259209,9031,23,32
2026-08-14T00:01:33.928908+00:00,1786665680,18705,531 WhiteRock/WillowBrook,15259209,12931,24,33
2026-08-14T00:01:33.928908+00:00,1786665680,18705,531 WhiteRock/WillowBrook,15259209,13041,25,-2
2026-08-14T00:01:33.928908+00:00,1786665680,18705,531 WhiteRock/WillowBrook,15259209,12929,26,-19
2026-08-14T00:01:33.928908+00:00,1786665680,18705,531 WhiteRock/WillowBrook,15259209,12927,27,-49
2026-08-14T00:01:33.928908+00:00,1786665680,18705,531 WhiteRock/WillowBrook,15259209,12926,28,-55
2026-08-14T00:01:33.928908+00:00,1786665680,18705,531 WhiteRock/WillowBrook,15259209,12924,29,-73
2026-08-14T00:01:33.928908+00:00,1786665680,18705,531 WhiteRock/WillowBrook,15259209,11751,30,-66
2026-08-14T00:01:33.928908+00:00,1786665680,18705,531 WhiteRock/WillowBrook,15259209,11750,31,-107
2026-08-14T00:01:33.928908+00:00,1786665680,18705,531 WhiteRock/WillowBrook,15259209,11747,32,-136
2026-08-14T00:01:33.928908+00:00,1786665680,18705,531 WhiteRock/WillowBrook,15259209,11745,33,-141
2026-08-14T00:01:33.928908+00:00,1786665680,18705,531 WhiteRock/WillowBrook,15259209,13040,34,-149
2026-08-14T00:01:33.928908+00:00,1786665680,18705,531 WhiteRock/WillowBrook,15259209,12598,35,-175
2026-08-14T00:01:33.928908+00:00,1786665680,18705,531 WhiteRock/WillowBrook,15259209,11920,36,-237
2026-08-14T00:01:33.928908+00:00,1786665680,18705,531 WhiteRock/WillowBrook,15259209,13130,37,-275
2026-08-14T00:01:33.928908+00:00,1786665680,18705,531 WhiteRock/WillowBrook,15259209,11925,38,-312
2026-08-14T00:01:33.928908+00:00,1786665680,18705,531 WhiteRock/WillowBrook,15259209,12219,39,-345
2026-08-14T00:01:33.928908+00:00,1786665680,18705,531 WhiteRock/WillowBrook,15259209,11741,40,-496
2026-08-14T00:01:33.928908+00:00,1786665680,18705,531 WhiteRock/WillowBrook,15259209,11740,41,-519
2026-08-14T00:01:33.928908+00:00,1786665680,18705,531 WhiteRock/WillowBrook,15259209,11739,42,-470
2026-08-14T00:01:33.928908+00:00,1786665680,18705,531 WhiteRock/WillowBrook,15259209,11737,43,-424
2026-08-14T00:01:33.928908+00:00,1786665680,18705,531 WhiteRock/WillowBrook,15259209,11757,44,-457
2026-08-14T00:01:33.928908+00:00,1786665680,18705,531 WhiteRock/WillowBrook,15259209,11735,45,-418
2026-08-14T00:01:33.928908+00:00,1786665680,18705,531 WhiteRock/WillowBrook,15259209,11756,46,-411
2026-08-14T00:01:33.928908+00:00,1786665680,18705,531 WhiteRock/WillowBrook,15259209,5535,47,-381
2026-08-14T00:01:33.928908+00:00,1786665680,18705,531 WhiteRock/WillowBrook,15259209,5536,48,-408
2026-08-14T00:01:33.928908+00:00,1786665680,18705,531 WhiteRock/WillowBrook,15259209,5537,49,-414
2026-08-14T00:01:33.928908+00:00,1786665680,18705,531 WhiteRock/WillowBrook,15259209,5538,50,-421
2026-08-14T00:01:33.928908+00:00,1786665680,18705,531 WhiteRock/WillowBrook,15259209,5539,51,-409
2026-08-14T00:01:33.928908+00:00,1786665680,18705,531 WhiteRock/WillowBrook,15259209,5540,52,-400
2026-08-14T00:01:33.928908+00:00,1786665680,18705,531 WhiteRock/WillowBrook,15259221,5535,47,-147
2026-08-14T00:01:33.928908+00:00,1786665680,18705,531 WhiteRock/WillowBrook,15259221,5536,48,-173
2026-08-14T00:01:33.928908+00:00,1786665680,18705,531 WhiteRock/WillowBrook,15259221,5537,49,-166
2026-08-14T00:01:33.928908+00:00,1786665680,18705,531 WhiteRock/WillowBrook,15259221,5538,50,-174
2026-08-14T00:01:33.928908+00:00,1786665680,18705,531 WhiteRock/WillowBrook,15259221,5539,51,-170
2026-08-14T00:01:33.928908+00:00,1786665680,18705,531 WhiteRock/WillowBrook,15259221,5540,52,-164
2026-08-14T00:01:33.928908+00:00,1786665680,18705,531 WhiteRock/WillowBrook,15259222,11754,1,0
2026-08-14T00:01:33.928908+00:00,1786665680,18705,531 WhiteRock/WillowBrook,15259222,9306,4,-600
2026-08-14T00:01:33.928908+00:00,1786665680,18705,531 WhiteRock/WillowBrook,15259222,11125,5,-617
2026-08-14T00:01:33.928908+00:00,1786665680,18705,531 WhiteRock/WillowBrook,15259222,9294,6,-626
2026-08-14T00:01:33.928908+00:00,1786665680,18705,531 WhiteRock/WillowBrook,15259222,9293,7,-636
2026-08-14T00:01:33.928908+00:00,1786665680,18705,531 WhiteRock/WillowBrook,15259222,11126,8,-628
2026-08-14T00:01:33.928908+00:00,1786665680,18705,531 WhiteRock/WillowBrook,15259222,7094,9,-658
2026-08-14T00:01:33.928908+00:00,1786665680,18705,531 WhiteRock/WillowBrook,15259222,7166,10,-681
2026-08-14T00:01:33.928908+00:00,1786665680,18705,531 WhiteRock/WillowBrook,15259222,7092,11,-646
2026-08-14T00:01:33.928908+00:00,1786665680,18705,531 WhiteRock/WillowBrook,15259222,10747,12,-624
2026-08-14T00:01:33.928908+00:00,1786665680,18705,531 WhiteRock/WillowBrook,15259222,5364,13,-612
2026-08-14T00:01:33.928908+00:00,1786665680,18705,531 WhiteRock/WillowBrook,15259222,11775,14,-589
2026-08-14T00:01:33.928908+00:00,1786665680,18705,531 WhiteRock/WillowBrook,15259222,7171,15,-621
2026-08-14T00:01:33.928908+00:00,1786665680,18705,531 WhiteRock/WillowBrook,15259222,7172,16,-661
2026-08-14T00:01:33.928908+00:00,1786665680,18705,531 WhiteRock/WillowBrook,15259222,7173,17,-674
2026-08-14T00:01:33.928908+00:00,1786665680,18705,531 WhiteRock/WillowBrook,15259222,7174,18,-714
2026-08-14T00:01:33.928908+00:00,1786665680,18705,531 WhiteRock/WillowBrook,15259222,7175,19,-728
2026-08-14T00:01:33.928908+00:00,1786665680,18705,531 WhiteRock/WillowBrook,15259222,7176,20,-757
2026-08-14T00:01:33.928908+00:00,1786665680,18705,531 WhiteRock/WillowBrook,15259222,7177,21,-754
2026-08-14T00:01:33.928908+00:00,1786665680,18705,531 WhiteRock/WillowBrook,15259222,8948,22,-784
2026-08-14T00:01:33.928908+00:00,1786665680,18705,531 WhiteRock/WillowBrook,15259222,9031,23,-805
2026-08-14T00:01:33.928908+00:00,1786665680,18705,531 WhiteRock/WillowBrook,15259222,12931,24,-804
2026-08-14T00:01:33.928908+00:00,1786665680,18705,531 WhiteRock/WillowBrook,15259222,13041,25,-839
2026-08-14T00:01:33.928908+00:00,1786665680,18705,531 WhiteRock/WillowBrook,15259222,12929,26,-857
2026-08-14T00:01:33.928908+00:00,1786665680,18705,531 WhiteRock/WillowBrook,15259222,12927,27,-888
2026-08-14T00:01:33.928908+00:00,1786665680,18705,531 WhiteRock/WillowBrook,15259222,12926,28,-896
2026-08-14T00:01:33.928908+00:00,1786665680,18705,531 WhiteRock/WillowBrook,15259222,12924,29,-916
2026-08-14T00:01:33.928908+00:00,1786665680,18705,531 WhiteRock/WillowBrook,15259222,11751,30,-909
2026-08-14T00:01:33.928908+00:00,1786665680,18705,531 WhiteRock/WillowBrook,15259222,11750,31,-954
2026-08-14T00:01:33.928908+00:00,1786665680,18705,531 WhiteRock/WillowBrook,15259222,11747,32,-984
2026-08-14T00:01:33.928908+00:00,1786665680,18705,531 WhiteRock/WillowBrook,15259222,11745,33,-993
2026-08-14T00:01:33.928908+00:00,1786665680,18705,531 WhiteRock/WillowBrook,15259222,13040,34,-1001
2026-08-14T00:01:33.928908+00:00,1786665680,18705,531 WhiteRock/WillowBrook,15259222,12598,35,-1027
2026-08-14T00:01:33.928908+00:00,1786665680,18705,531 WhiteRock/WillowBrook,15259222,11920,36,-1089
2026-08-14T00:01:33.928908+00:00,1786665680,18705,531 WhiteRock/WillowBrook,15259222,13130,37,-1127
2026-08-14T00:01:33.928908+00:00,1786665680,18705,531 WhiteRock/WillowBrook,15259222,11925,38,-1164
2026-08-14T00:01:33.928908+00:00,1786665680,18705,531 WhiteRock/WillowBrook,15259222,12219,39,-1198
2026-08-14T00:01:33.928908+00:00,1786665680,18705,531 WhiteRock/WillowBrook,15259222,11741,40,-1351
2026-08-14T00:01:33.928908+00:00,1786665680,18705,531 WhiteRock/WillowBrook,15259222,11740,41,-1374
2026-08-14T00:01:33.928908+00:00,1786665680,18705,531 WhiteRock/WillowBrook,15259222,11739,42,-1325
2026-08-14T00:01:33.928908+00:00,1786665680,18705,531 WhiteRock/WillowBrook,15259222,11737,43,-1279
2026-08-14T00:01:33.928908+00:00,1786665680,18705,531 WhiteRock/WillowBrook,15259222,11757,44,-1312
2026-08-14T00:01:33.928908+00:00,1786665680,18705,531 WhiteRock/WillowBrook,15259222,11735,45,-1273
2026-08-14T00:01:33.928908+00:00,1786665680,18705,531 WhiteRock/WillowBrook,15259222,11756,46,-1267
2026-08-14T00:01:33.928908+00:00,1786665680,18705,531 WhiteRock/WillowBrook,15259222,5535,47,-1237
2026-08-14T00:01:33.928908+00:00,1786665680,18705,531 WhiteRock/WillowBrook,15259222,5536,48,-1264
2026-08-14T00:01:33.928908+00:00,1786665680,18705,531 WhiteRock/WillowBrook,15259222,5537,49,-1272
2026-08-14T00:01:33.928908+00:00,1786665680,18705,531 WhiteRock/WillowBrook,15259222,5538,50,-1279
2026-08-14T00:01:33.928908+00:00,1786665680,18705,531 WhiteRock/WillowBrook,15259222,5539,51,-1268
2026-08-14T00:01:33.928908+00:00,1786665680,18705,531 WhiteRock/WillowBrook,15259222,5540,52,-1258
