captured_at,feed_timestamp,route_id,route_label,trip_id,stop_id,stop_sequence,delay_seconds
2026-08-09T00:01:23.949910+00:00,1786233677,6705,321 Surrey Central/WhiteRock,15247329,5473,47,120
2026-08-09T00:01:23.949910+00:00,1786233677,6705,321 Surrey Central/WhiteRock,15247329,5474,48,122
2026-08-09T00:01:23.949910+00:00,1786233677,6705,321 Surrey Central/WhiteRock,15247329,5475,49,80
2026-08-09T00:01:23.949910+00:00,1786233677,6705,321 Surrey Central/WhiteRock,15247329,5476,50,67
2026-08-09T00:01:23.949910+00:00,1786233677,6705,321 Surrey Central/WhiteRock,15247329,5477,51,48
2026-08-09T00:01:23.949910+00:00,1786233677,6705,321 Surrey Central/WhiteRock,15247329,11725,52,24
2026-08-09T00:01:23.949910+00:00,1786233677,6705,321 Surrey Central/WhiteRock,15247329,5040,53,46
2026-08-09T00:01:23.949910+00:00,1786233677,6705,321 Surrey Central/WhiteRock,15247329,5041,54,52
2026-08-09T00:01:23.949910+00:00,1786233677,6705,321 Surrey Central/WhiteRock,15247329,12155,55,67
2026-08-09T00:01:23.949910+00:00,1786233677,6705,321 Surrey Central/WhiteRock,15247329,9089,56,77
2026-08-09T00:01:23.949910+00:00,1786233677,6705,321 Surrey Central/WhiteRock,15247329,7213,57,69
2026-08-09T00:01:23.949910+00:00,1786233677,6705,321 Surrey Central/WhiteRock,15247330,5700,38,166
2026-08-09T00:01:23.949910+00:00,1786233677,6705,321 Surrey Central/WhiteRock,15247330,5465,39,116
2026-08-09T00:01:23.949910+00:00,1786233677,6705,321 Surrey Central/WhiteRock,15247330,5466,40,80
2026-08-09T00:01:23.949910+00:00,1786233677,6705,321 Surrey Central/WhiteRock,15247330,5467,41,123
2026-08-09T00:01:23.949910+00:00,1786233677,6705,321 Surrey Central/WhiteRock,15247330,5468,42,99
2026-08-09T00:01:23.949910+00:00,1786233677,6705,321 Surrey Central/WhiteRock,15247330,5469,43,76
2026-08-09T00:01:23.949910+00:00,1786233677,6705,321 Surrey Central/WhiteRock,15247330,5470,44,56
2026-08-09T00:01:23.949910+00:00,1786233677,6705,321 Surrey Central/WhiteRock,15247330,5471,45,25
2026-08-09T00:01:23.949910+00:00,1786233677,6705,321 Surrey Central/WhiteRock,15247330,5472,46,2
2026-08-09T00:01:23.949910+00:00,1786233677,6705,321 Surrey Central/WhiteRock,15247330,5473,47,-43
2026-08-09T00:01:23.949910+00:00,1786233677,6705,321 Surrey Central/WhiteRock,15247330,5474,48,-41
2026-08-09T00:01:23.949910+00:00,1786233677,6705,321 Surrey Central/WhiteRock,15247330,5475,49,-83
2026-08-09T00:01:23.949910+00:00,1786233677,6705,321 Surrey Central/WhiteRock,15247330,5476,50,-102
2026-08-09T00:01:23.949910+00:00,1786233677,6705,321 Surrey Central/WhiteRock,15247330,5477,51,-121
2026-08-09T00:01:23.949910+00:00,1786233677,6705,321 Surrey Central/WhiteRock,15247330,11725,52,-145
2026-08-09T00:01:23.949910+00:00,1786233677,6705,321 Surrey Central/WhiteRock,15247330,5040,53,-122
2026-08-09T00:01:23.949910+00:00,1786233677,6705,321 Surrey Central/WhiteRock,15247330,5041,54,-116
2026-08-09T00:01:23.949910+00:00,1786233677,6705,321 Surrey Central/WhiteRock,15247330,12155,55,-101
2026-08-09T00:01:23.949910+00:00,1786233677,6705,321 Surrey Central/WhiteRock,15247330,9089,56,-91
2026-08-09T00:01:23.949910+00:00,1786233677,6705,321 Surrey Central/WhiteRock,15247330,7213,57,-99
2026-08-09T00:01:23.949910+00:00,1786233677,6705,321 Surrey Central/WhiteRock,15247331,5456,30,-121
2026-08-09T00:01:23.949910+00:00,1786233677,6705,321 Surrey Central/WhiteRock,15247331,12651,31,-143
2026-08-09T00:01:23.949910+00:00,1786233677,6705,321 Surrey Central/WhiteRock,15247331,5458,32,-138
2026-08-09T00:01:23.949910+00:00,1786233677,6705,321 Surrey Central/WhiteRock,15247331,5459,33,-126
2026-08-09T00:01:23.949910+00:00,1786233677,6705,321 Surrey Central/WhiteRock,15247331,5460,34,-131
2026-08-09T00:01:23.949910+00:00,1786233677,6705,321 Surrey Central/WhiteRock,15247331,5461,35,-136
2026-08-09T00:01:23.949910+00:00,1786233677,6705,321 Surrey Central/WhiteRock,15247331,5462,36,-140
2026-08-09T00:01:23.949910+00:00,1786233677,6705,321 Surrey Central/WhiteRock,15247331,5463,37,-86
2026-08-09T00:01:23.949910+00:00,1786233677,6705,321 Surrey Central/WhiteRock,15247331,5700,38,33
2026-08-09T00:01:23.949910+00:00,1786233677,6705,321 Surrey Central/WhiteRock,15247331,5465,39,51
2026-08-09T00:01:23.949910+00:00,1786233677,6705,321 Surrey Central/WhiteRock,15247331,5466,40,13
2026-08-09T00:01:23.949910+00:00,1786233677,6705,321 Surrey Central/WhiteRock,15247331,5467,41,55
2026-08-09T00:01:23.949910+00:00,1786233677,6705,321 Surrey Central/WhiteRock,15247331,5468,42,30
2026-08-09T00:01:23.949910+00:00,1786233677,6705,321 Surrey Central/WhiteRock,15247331,5469,43,-6
2026-08-09T00:01:23.949910+00:00,1786233677,6705,321 Surrey Central/WhiteRock,15247331,5470,44,-26
2026-08-09T00:01:23.949910+00:00,1786233677,6705,321 Surrey Central/WhiteRock,15247331,5471,45,-57
2026-08-09T00:01:23.949910+00:00,1786233677,6705,321 Surrey Central/WhiteRock,15247331,5472,46,-80
2026-08-09T00:01:23.949910+00:00,1786233677,6705,321 Surrey Central/WhiteRock,15247331,5473,47,-125
2026-08-09T00:01:23.949910+00:00,1786233677,6705,321 Surrey Central/WhiteRock,15247331,5474,48,-122
2026-08-09T00:01:23.949910+00:00,1786233677,6705,321 Surrey Central/WhiteRock,15247331,5475,49,-163
2026-08-09T00:01:23.949910+00:00,1786233677,6705,321 Surrey Central/WhiteRock,15247331,5476,50,-182
2026-08-09T00:01:23.949910+00:00,1786233677,6705,321 Surrey Central/WhiteRock,15247331,5477,51,-201
2026-08-09T00:01:23.949910+00:00,1786233677,6705,321 Surrey Central/WhiteRock,15247331,11725,52,-225
2026-08-09T00:01:23.949910+00:00,1786233677,6705,321 Surrey Central/WhiteRock,15247331,5040,53,-205
2026-08-09T00:01:23.949910+00:00,1786233677,6705,321 Surrey Central/WhiteRock,15247331,5041,54,-200
2026-08-09T00:01:23.949910+00:00,1786233677,6705,321 Surrey Central/WhiteRock,15247331,12155,55,-186
2026-08-09T00:01:23.949910+00:00,1786233677,6705,321 Surrey Central/WhiteRock,15247331,9089,56,-176
2026-08-09T00:01:23.949910+00:00,1786233677,6705,321 Surrey Central/WhiteRock,15247331,7213,57,-184
2026-08-09T00:01:23.949910+00:00,1786233677,6705,321 Surrey Central/WhiteRock,15247332,10808,25,-170
2026-08-09T00:01:23.949910+00:00,1786233677,6705,321 Surrey Central/WhiteRock,15247332,5452,26,-281
2026-08-09T00:01:23.949910+00:00,1786233677,6705,321 Surrey Central/WhiteRock,15247332,11913,27,-295
2026-08-09T00:01:23.949910+00:00,1786233677,6705,321 Surrey Central/WhiteRock,15247332,5454,28,-298
2026-08-09T00:01:23.949910+00:00,1786233677,6705,321 Surrey Central/WhiteRock,15247332,5455,29,-299
2026-08-09T00:01:23.949910+00:00,1786233677,6705,321 Surrey Central/WhiteRock,15247332,5456,30,-246
2026-08-09T00:01:23.949910+00:00,1786233677,6705,321 Surrey Central/WhiteRock,15247332,12651,31,-268
2026-08-09T00:01:23.949910+00:00,1786233677,6705,321 Surrey Central/WhiteRock,15247332,5458,32,-262
2026-08-09T00:01:23.949910+00:00,1786233677,6705,321 Surrey Central/WhiteRock,15247332,5459,33,-250
2026-08-09T00:01:23.949910+00:00,1786233677,6705,321 Surrey Central/WhiteRock,15247332,5460,34,-254
2026-08-09T00:01:23.949910+00:00,1786233677,6705,321 Surrey Central/WhiteRock,15247332,5461,35,-259
2026-08-09T00:01:23.949910+00:00,1786233677,6705,321 Surrey Central/WhiteRock,15247332,5462,36,-261
2026-08-09T00:01:23.949910+00:00,1786233677,6705,321 Surrey Central/WhiteRock,15247332,5463,37,-209
2026-08-09T00:01:23.949910+00:00,1786233677,6705,321 Surrey Central/WhiteRock,15247332,5700,38,0
2026-08-09T00:01:23.949910+00:00,1786233677,6705,321 Surrey Central/WhiteRock,15247332,5465,39,14
2026-08-09T00:01:23.949910+00:00,1786233677,6705,321 Surrey Central/WhiteRock,15247332,5466,40,-24
2026-08-09T00:01:23.949910+00:00,1786233677,6705,321 Surrey Central/WhiteRock,15247332,5467,41,18
2026-08-09T00:01:23.949910+00:00,1786233677,6705,321 Surrey Central/WhiteRock,15247332,5468,42,-7
2026-08-09T00:01:23.949910+00:00,1786233677,6705,321 Surrey Central/WhiteRock,15247332,5469,43,-39
2026-08-09T00:01:23.949910+00:00,1786233677,6705,321 Surrey Central/WhiteRock,15247332,5470,44,-59
2026-08-09T00:01:23.949910+00:00,1786233677,6705,321 Surrey Central/WhiteRock,15247332,5471,45,-90
2026-08-09T00:01:23.949910+00:00,1786233677,6705,321 Surrey Central/WhiteRock,15247332,5472,46,-110
2026-08-09T00:01:23.949910+00:00,1786233677,6705,321 Surrey Central/WhiteRock,15247332,5473,47,-155
2026-08-09T00:01:23.949910+00:00,1786233677,6705,321 Surrey Central/WhiteRock,15247332,5474,48,-153
2026-08-09T00:01:23.949910+00:00,1786233677,6705,321 Surrey Central/WhiteRock,15247332,5475,49,-194
2026-08-09T00:01:23.949910+00:00,1786233677,6705,321 Surrey Central/WhiteRock,15247332,5476,50,-208
2026-08-09T00:01:23.949910+00:00,1786233677,6705,321 Surrey Central/WhiteRock,15247332,5477,51,-227
2026-08-09T00:01:23.949910+00:00,1786233677,6705,321 Surrey Central/WhiteRock,15247332,11725,52,-251
2026-08-09T00:01:23.949910+00:00,1786233677,6705,321 Surrey Central/WhiteRock,15247332,5040,53,-235
2026-08-09T00:01:23.949910+00:00,1786233677,6705,321 Surrey Central/WhiteRock,15247332,5041,54,-230
2026-08-09T00:01:23.949910+00:00,1786233677,6705,321 Surrey Central/WhiteRock,15247332,12155,55,-215
2026-08-09T00:01:23.949910+00:00,1786233677,6705,321 Surrey Central/WhiteRock,15247332,9089,56,-205
2026-08-09T00:01:23.949910+00:00,1786233677,6705,321 Surrey Central/WhiteRock,15247332,7213,57,-213
2026-08-09T00:01:23.949910+00:00,1786233677,6705,321 Surrey Central/WhiteRock,15247333,5444,16,57
2026-08-09T00:01:23.949910+00:00,1786233677,6705,321 Surrey Central/WhiteRock,15247333,9083,17,36
2026-08-09T00:01:23.949910+00:00,1786233677,6705,321 Surrey Central/WhiteRock,15247333,5446,18,50
2026-08-09T00:01:23.949910+00:00,1786233677,6705,321 Surrey Central/WhiteRock,15247333,10445,19,45
2026-08-09T00:01:23.949910+00:00,1786233677,6705,321 Surrey Central/WhiteRock,15247333,5447,20,14
2026-08-09T00:01:23.949910+00:00,1786233677,6705,321 Surrey Central/WhiteRock,15247333,5448,21,18
2026-08-09T00:01:23.949910+00:00,1786233677,6705,321 Surrey Central/WhiteRock,15247333,10437,22,27
2026-08-09T00:01:23.949910+00:00,1786233677,6705,321 Surrey Central/WhiteRock,15247333,5449,23,-17
2026-08-09T00:01:23.949910+00:00,1786233677,6705,321 Surrey Central/WhiteRock,15247333,11313,24,-53
2026-08-09T00:01:23.949910+00:00,1786233677,6705,321 Surrey Central/WhiteRock,15247333,10808,25,-183
2026-08-09T00:01:23.949910+00:00,1786233677,6705,321 Surrey Central/WhiteRock,15247333,5452,26,-295
2026-08-09T00:01:23.949910+00:00,1786233677,6705,321 Surrey Central/WhiteRock,15247333,11913,27,-309
2026-08-09T00:01:23.949910+00:00,1786233677,6705,321 Surrey Central/WhiteRock,15247333,5454,28,-312
2026-08-09T00:01:23.949910+00:00,1786233677,6705,321 Surrey Central/WhiteRock,15247333,5455,29,-313
2026-08-09T00:01:23.949910+00:00,1786233677,6705,321 Surrey Central/WhiteRock,15247333,5456,30,-260
2026-08-09T00:01:23.949910+00:00,1786233677,6705,321 Surrey Central/WhiteRock,15247333,12651,31,-282
2026-08-09T00:01:23.949910+00:00,1786233677,6705,321 Surrey Central/WhiteRock,15247333,5458,32,-277
2026-08-09T00:01:23.949910+00:00,1786233677,6705,321 Surrey Central/WhiteRock,15247333,5459,33,-265
2026-08-09T00:01:23.949910+00:00,1786233677,6705,321 Surrey Central/WhiteRock,15247333,5460,34,-270
2026-08-09T00:01:23.949910+00:00,1786233677,6705,321 Surrey Central/WhiteRock,15247333,5461,35,-276
2026-08-09T00:01:23.949910+00:00,1786233677,6705,321 Surrey Central/WhiteRock,15247333,5462,36,-280
2026-08-09T00:01:23.949910+00:00,1786233677,6705,321 Surrey Central/WhiteRock,15247333,5463,37,-228
2026-08-09T00:01:23.949910+00:00,1786233677,6705,321 Surrey Central/WhiteRock,15247333,5700,38,0
2026-08-09T00:01:23.949910+00:00,1786233677,6705,321 Surrey Central/WhiteRock,15247333,5465,39,14
2026-08-09T00:01:23.949910+00:00,1786233677,6705,321 Surrey Central/WhiteRock,15247333,5466,40,-24
2026-08-09T00:01:23.949910+00:00,1786233677,6705,321 Surrey Central/WhiteRock,15247333,5467,41,18
2026-08-09T00:01:23.949910+00:00,1786233677,6705,321 Surrey Central/WhiteRock,15247333,5468,42,-7
2026-08-09T00:01:23.949910+00:00,1786233677,6705,321 Surrey Central/WhiteRock,15247333,5469,43,-16
2026-08-09T00:01:23.949910+00:00,1786233677,6705,321 Surrey Central/WhiteRock,15247333,5470,44,-36
2026-08-09T00:01:23.949910+00:00,1786233677,6705,321 Surrey Central/WhiteRock,15247333,5471,45,-67
2026-08-09T00:01:23.949910+00:00,1786233677,6705,321 Surrey Central/WhiteRock,15247333,5472,46,-87
2026-08-09T00:01:23.949910+00:00,1786233677,6705,321 Surrey Central/WhiteRock,15247333,5473,47,-132
2026-08-09T00:01:23.949910+00:00,1786233677,6705,321 Surrey Central/WhiteRock,15247333,5474,48,-130
2026-08-09T00:01:23.949910+00:00,1786233677,6705,321 Surrey Central/WhiteRock,15247333,5475,49,-172
2026-08-09T00:01:23.949910+00:00,1786233677,6705,321 Surrey Central/WhiteRock,15247333,5476,50,-185
2026-08-09T00:01:23.949910+00:00,1786233677,6705,321 Surrey Central/WhiteRock,15247333,5477,51,-204
2026-08-09T00:01:23.949910+00:00,1786233677,6705,321 Surrey Central/WhiteRock,15247333,11725,52,-228
2026-08-09T00:01:23.949910+00:00,1786233677,6705,321 Surrey Central/WhiteRock,15247333,5040,53,-214
2026-08-09T00:01:23.949910+00:00,1786233677,6705,321 Surrey Central/WhiteRock,15247333,5041,54,-209
2026-08-09T00:01:23.949910+00:00,1786233677,6705,321 Surrey Central/WhiteRock,15247333,12155,55,-194
2026-08-09T00:01:23.949910+00:00,1786233677,6705,321 Surrey Central/WhiteRock,15247333,9089,56,-184
2026-08-09T00:01:23.949910+00:00,1786233677,6705,321 Surrey Central/WhiteRock,15247333,7213,57,-192
2026-08-09T00:01:23.949910+00:00,1786233677,6705,321 Surrey Central/WhiteRock,15247334,6198,2,0
2026-08-09T00:01:23.949910+00:00,1786233677,6705,321 Surrey Central/WhiteRock,15247334,6199,3,0
2026-08-09T00:01:23.949910+00:00,1786233677,6705,321 Surrey Central/WhiteRock,15247334,6200,4,0
2026-08-09T00:01:23.949910+00:00,1786233677,6705,321 Surrey Central/WhiteRock,15247334,6201,5,0
2026-08-09T00:01:23.949910+00:00,1786233677,6705,321 Surrey Central/WhiteRock,15247334,6354,6,0
2026-08-09T00:01:23.949910+00:00,1786233677,6705,321 Surrey Central/WhiteRock,15247334,6355,7,0
2026-08-09T00:01:23.949910+00:00,1786233677,6705,321 Surrey Central/WhiteRock,15247334,6356,8,0
2026-08-09T00:01:23.949910+00:00,1786233677,6705,321 Surrey Central/WhiteRock,15247334,6174,9,0
2026-08-09T00:01:23.949910+00:00,1786233677,6705,321 Surrey Central/WhiteRock,15247334,5437,10,0
2026-08-09T00:01:23.949910+00:00,1786233677,6705,321 Surrey Central/WhiteRock,15247334,5438,11,0
2026-08-09T00:01:23.949910+00:00,1786233677,6705,321 Surrey Central/WhiteRock,15247334,5439,12,0
2026-08-09T00:01:23.949910+00:00,1786233677,6705,321 Surrey Central/WhiteRock,15247334,5440,13,0
2026-08-09T00:01:23.949910+00:00,1786233677,6705,321 Surrey Central/WhiteRock,15247334,5441,14,0
2026-08-09T00:01:23.949910+00:00,1786233677,6705,321 Surrey Central/WhiteRock,15247334,5442,15,0
2026-08-09T00:01:23.949910+00:00,1786233677,6705,321 Surrey Central/WhiteRock,15247334,5444,16,0
2026-08-09T00:01:23.949910+00:00,1786233677,6705,321 Surrey Central/WhiteRock,15247334,9083,17,0
2026-08-09T00:01:23.949910+00:00,1786233677,6705,321 Surrey Central/WhiteRock,15247334,5446,18,0
2026-08-09T00:01:23.949910+00:00,1786233677,6705,321 Surrey Central/WhiteRock,15247334,10445,19,0
2026-08-09T00:01:23.949910+00:00,1786233677,6705,321 Surrey Central/WhiteRock,15247334,5447,20,0
2026-08-09T00:01:23.949910+00:00,1786233677,6705,321 Surrey Central/WhiteRock,15247334,5448,21,0
2026-08-09T00:01:23.949910+00:00,1786233677,6705,321 Surrey Central/WhiteRock,15247334,10437,22,0
2026-08-09T00:01:23.949910+00:00,1786233677,6705,321 Surrey Central/WhiteRock,15247334,5449,23,0
2026-08-09T00:01:23.949910+00:00,1786233677,6705,321 Surrey Central/WhiteRock,15247334,11313,24,0
2026-08-09T00:01:23.949910+00:00,1786233677,6705,321 Surrey Central/WhiteRock,15247334,10808,25,0
2026-08-09T00:01:23.949910+00:00,1786233677,6705,321 Surrey Central/WhiteRock,15247334,5452,26,0
2026-08-09T00:01:23.949910+00:00,1786233677,6705,321 Surrey Central/WhiteRock,15247334,11913,27,0
2026-08-09T00:01:23.949910+00:00,1786233677,6705,321 Surrey Central/WhiteRock,15247334,5454,28,0
2026-08-09T00:01:23.949910+00:00,1786233677,6705,321 Surrey Central/WhiteRock,15247334,5455,29,0
2026-08-09T00:01:23.949910+00:00,1786233677,6705,321 Surrey Central/WhiteRock,15247334,5456,30,0
2026-08-09T00:01:23.949910+00:00,1786233677,6705,321 Surrey Central/WhiteRock,15247334,12651,31,0
2026-08-09T00:01:23.949910+00:00,1786233677,6705,321 Surrey Central/WhiteRock,15247334,5458,32,0
2026-08-09T00:01:23.949910+00:00,1786233677,6705,321 Surrey Central/WhiteRock,15247334,5459,33,0
2026-08-09T00:01:23.949910+00:00,1786233677,6705,321 Surrey Central/WhiteRock,15247334,5460,34,0
2026-08-09T00:01:23.949910+00:00,1786233677,6705,321 Surrey Central/WhiteRock,15247334,5461,35,0
2026-08-09T00:01:23.949910+00:00,1786233677,6705,321 Surrey Central/WhiteRock,15247334,5462,36,0
2026-08-09T00:01:23.949910+00:00,1786233677,6705,321 Surrey Central/WhiteRock,15247334,5463,37,0
2026-08-09T00:01:23.949910+00:00,1786233677,6705,321 Surrey Central/WhiteRock,15247334,5700,38,0
2026-08-09T00:01:23.949910+00:00,1786233677,6705,321 Surrey Central/WhiteRock,15247334,5465,39,0
2026-08-09T00:01:23.949910+00:00,1786233677,6705,321 Surrey Central/WhiteRock,15247334,5466,40,0
2026-08-09T00:01:23.949910+00:00,1786233677,6705,321 Surrey Central/WhiteRock,15247334,5467,41,0
2026-08-09T00:01:23.949910+00:00,1786233677,6705,321 Surrey Central/WhiteRock,15247334,5468,42,0
2026-08-09T00:01:23.949910+00:00,1786233677,6705,321 Surrey Central/WhiteRock,15247334,5469,43,0
2026-08-09T00:01:23.949910+00:00,1786233677,6705,321 Surrey Central/WhiteRock,15247334,5470,44,0
2026-08-09T00:01:23.949910+00:00,1786233677,6705,321 Surrey Central/WhiteRock,15247334,5471,45,0
2026-08-09T00:01:23.949910+00:00,1786233677,6705,321 Surrey Central/WhiteRock,15247334,5472,46,0
2026-08-09T00:01:23.949910+00:00,1786233677,6705,321 Surrey Central/WhiteRock,15247334,5473,47,0
2026-08-09T00:01:23.949910+00:00,1786233677,6705,321 Surrey Central/WhiteRock,15247334,5474,48,0
2026-08-09T00:01:23.949910+00:00,1786233677,6705,321 Surrey Central/WhiteRock,15247334,5475,49,0
2026-08-09T00:01:23.949910+00:00,1786233677,6705,321 Surrey Central/WhiteRock,15247334,5476,50,0
2026-08-09T00:01:23.949910+00:00,1786233677,6705,321 Surrey Central/WhiteRock,15247334,5477,51,0
2026-08-09T00:01:23.949910+00:00,1786233677,6705,321 Surrey Central/WhiteRock,15247334,11725,52,0
2026-08-09T00:01:23.949910+00:00,1786233677,6705,321 Surrey Central/WhiteRock,15247334,5040,53,0
2026-08-09T00:01:23.949910+00:00,1786233677,6705,321 Surrey Central/WhiteRock,15247334,5041,54,0
2026-08-09T00:01:23.949910+00:00,1786233677,6705,321 Surrey Central/WhiteRock,15247334,12155,55,0
2026-08-09T00:01:23.949910+00:00,1786233677,6705,321 Surrey Central/WhiteRock,15247334,9089,56,0
2026-08-09T00:01:23.949910+00:00,1786233677,6705,321 Surrey Central/WhiteRock,15247334,7213,57,0
2026-08-09T00:01:23.949910+00:00,1786233677,6705,321 Surrey Central/WhiteRock,15247364,10880,1,0
2026-08-09T00:01:23.949910+00:00,1786233677,6705,321 Surrey Central/WhiteRock,15247364,5046,2,-1037
2026-08-09T00:01:23.949910+00:00,1786233677,6705,321 Surrey Central/WhiteRock,15247364,5047,3,-1033
2026-08-09T00:01:23.949910+00:00,1786233677,6705,321 Surrey Central/WhiteRock,15247364,8566,4,-1061
2026-08-09T00:01:23.949910+00:00,1786233677,6705,321 Surrey Central/WhiteRock,15247364,12916,5,-1047
2026-08-09T00:01:23.949910+00:00,1786233677,6705,321 Surrey Central/WhiteRock,15247364,5049,6,-1055
2026-08-09T00:01:23.949910+00:00,1786233677,6705,321 Surrey Central/WhiteRock,15247364,5039,7,-1053
2026-08-09T00:01:23.949910+00:00,1786233677,6705,321 Surrey Central/WhiteRock,15247364,8351,8,-1074
2026-08-09T00:01:23.949910+00:00,1786233677,6705,321 Surrey Central/WhiteRock,15247364,5496,9,-1128
2026-08-09T00:01:23.949910+00:00,1786233677,6705,321 Surrey Central/WhiteRock,15247364,5497,10,-1165
2026-08-09T00:01:23.949910+00:00,1786233677,6705,321 Surrey Central/WhiteRock,15247364,5498,11,-1175
2026-08-09T00:01:23.949910+00:00,1786233677,6705,321 Surrey Central/WhiteRock,15247364,5499,12,-1208
2026-08-09T00:01:23.949910+00:00,1786233677,6705,321 Surrey Central/WhiteRock,15247364,5500,13,-1216
2026-08-09T00:01:23.949910+00:00,1786233677,6705,321 Surrey Central/WhiteRock,15247364,5501,14,-1239
2026-08-09T00:01:23.949910+00:00,1786233677,6705,321 Surrey Central/WhiteRock,15247364,5502,15,-1249
2026-08-09T00:01:23.949910+00:00,1786233677,6705,321 Surrey Central/WhiteRock,15247364,5503,16,-1253
2026-08-09T00:01:23.949910+00:00,1786233677,6705,321 Surrey Central/WhiteRock,15247364,5504,17,-1301
2026-08-09T00:01:23.949910+00:00,1786233677,6705,321 Surrey Central/WhiteRock,15247364,5505,18,-1280
2026-08-09T00:01:23.949910+00:00,1786233677,6705,321 Surrey Central/WhiteRock,15247364,5507,19,-1289
2026-08-09T00:01:23.949910+00:00,1786233677,6705,321 Surrey Central/WhiteRock,15247364,5633,20,0
2026-08-09T00:01:23.949910+00:00,1786233677,6705,321 Surrey Central/WhiteRock,15247364,5510,21,46
2026-08-09T00:01:23.949910+00:00,1786233677,6705,321 Surrey Central/WhiteRock,15247364,5511,22,39
2026-08-09T00:01:23.949910+00:00,1786233677,6705,321 Surrey Central/WhiteRock,15247364,5512,23,34
2026-08-09T00:01:23.949910+00:00,1786233677,6705,321 Surrey Central/WhiteRock,15247364,5513,24,21
2026-08-09T00:01:23.949910+00:00,1786233677,6705,321 Surrey Central/WhiteRock,15247364,5514,25,93
2026-08-09T00:01:23.949910+00:00,1786233677,6705,321 Surrey Central/WhiteRock,15247364,5515,26,87
2026-08-09T00:01:23.949910+00:00,1786233677,6705,321 Surrey Central/WhiteRock,15247364,5516,27,96
2026-08-09T00:01:23.949910+00:00,1786233677,6705,321 Surrey Central/WhiteRock,15247364,5517,28,115
2026-08-09T00:01:23.949910+00:00,1786233677,6705,321 Surrey Central/WhiteRock,15247364,5518,29,120
2026-08-09T00:01:23.949910+00:00,1786233677,6705,321 Surrey Central/WhiteRock,15247364,5519,30,101
2026-08-09T00:01:23.949910+00:00,1786233677,6705,321 Surrey Central/WhiteRock,15247364,5520,31,90
2026-08-09T00:01:23.949910+00:00,1786233677,6705,321 Surrey Central/WhiteRock,15247364,5521,32,-104
2026-08-09T00:01:23.949910+00:00,1786233677,6705,321 Surrey Central/WhiteRock,15247364,5522,33,-230
2026-08-09T00:01:23.949910+00:00,1786233677,6705,321 Surrey Central/WhiteRock,15247364,5523,34,-264
2026-08-09T00:01:23.949910+00:00,1786233677,6705,321 Surrey Central/WhiteRock,15247364,6466,35,-278
2026-08-09T00:01:23.949910+00:00,1786233677,6705,321 Surrey Central/WhiteRock,15247364,5524,36,-274
2026-08-09T00:01:23.949910+00:00,1786233677,6705,321 Surrey Central/WhiteRock,15247364,5525,37,-299
2026-08-09T00:01:23.949910+00:00,1786233677,6705,321 Surrey Central/WhiteRock,15247364,10443,38,-319
2026-08-09T00:01:23.949910+00:00,1786233677,6705,321 Surrey Central/WhiteRock,15247364,5528,39,-313
2026-08-09T00:01:23.949910+00:00,1786233677,6705,321 Surrey Central/WhiteRock,15247364,5529,40,-333
2026-08-09T00:01:23.949910+00:00,1786233677,6705,321 Surrey Central/WhiteRock,15247364,5530,41,-348
2026-08-09T00:01:23.949910+00:00,1786233677,6705,321 Surrey Central/WhiteRock,15247364,5533,42,-345
2026-08-09T00:01:23.949910+00:00,1786233677,6705,321 Surrey Central/WhiteRock,15247364,5534,43,-362
2026-08-09T00:01:23.949910+00:00,1786233677,6705,321 Surrey Central/WhiteRock,15247364,5535,44,-360
2026-08-09T00:01:23.949910+00:00,1786233677,6705,321 Surrey Central/WhiteRock,15247364,5536,45,-376
2026-08-09T00:01:23.949910+00:00,1786233677,6705,321 Surrey Central/WhiteRock,15247364,5537,46,-376
2026-08-09T00:01:23.949910+00:00,1786233677,6705,321 Surrey Central/WhiteRock,15247364,5538,47,-384
2026-08-09T00:01:23.949910+00:00,1786233677,6705,321 Surrey Central/WhiteRock,15247364,5541,48,-364
2026-08-09T00:01:23.949910+00:00,1786233677,6705,321 Surrey Central/WhiteRock,15247364,5542,49,-342
2026-08-09T00:01:23.949910+00:00,1786233677,6705,321 Surrey Central/WhiteRock,15247364,6195,50,-308
2026-08-09T00:01:23.949910+00:00,1786233677,6705,321 Surrey Central/WhiteRock,15247374,10880,1,0
2026-08-09T00:01:23.949910+00:00,1786233677,6705,321 Surrey Central/WhiteRock,15247374,5498,11,-1216
2026-08-09T00:01:23.949910+00:00,1786233677,6705,321 Surrey Central/WhiteRock,15247374,5499,12,-1250
2026-08-09T00:01:23.949910+00:00,1786233677,6705,321 Surrey Central/WhiteRock,15247374,5500,13,-1253
2026-08-09T00:01:23.949910+00:00,1786233677,6705,321 Surrey Central/WhiteRock,15247374,5501,14,-1276
2026-08-09T00:01:23.949910+00:00,1786233677,6705,321 Surrey Central/WhiteRock,15247374,5502,15,-1287
2026-08-09T00:01:23.949910+00:00,1786233677,6705,321 Surrey Central/WhiteRock,15247374,5503,16,-1291
2026-08-09T00:01:23.949910+00:00,1786233677,6705,321 Surrey Central/WhiteRock,15247374,5504,17,-1338
2026-08-09T00:01:23.949910+00:00,1786233677,6705,321 Surrey Central/WhiteRock,15247374,5505,18,-1317
2026-08-09T00:01:23.949910+00:00,1786233677,6705,321 Surrey Central/WhiteRock,15247374,5507,19,-1322
2026-08-09T00:01:23.949910+00:00,1786233677,6705,321 Surrey Central/WhiteRock,15247374,5633,20,0
2026-08-09T00:01:23.949910+00:00,1786233677,6705,321 Surrey Central/WhiteRock,15247374,5510,21,38
2026-08-09T00:01:23.949910+00:00,1786233677,6705,321 Surrey Central/WhiteRock,15247374,5511,22,31
2026-08-09T00:01:23.949910+00:00,1786233677,6705,321 Surrey Central/WhiteRock,15247374,5512,23,26
2026-08-09T00:01:23.949910+00:00,1786233677,6705,321 Surrey Central/WhiteRock,15247374,5513,24,18
2026-08-09T00:01:23.949910+00:00,1786233677,6705,321 Surrey Central/WhiteRock,15247374,5514,25,90
2026-08-09T00:01:23.949910+00:00,1786233677,6705,321 Surrey Central/WhiteRock,15247374,5515,26,84
2026-08-09T00:01:23.949910+00:00,1786233677,6705,321 Surrey Central/WhiteRock,15247374,5516,27,90
2026-08-09T00:01:23.949910+00:00,1786233677,6705,321 Surrey Central/WhiteRock,15247374,5517,28,109
2026-08-09T00:01:23.949910+00:00,1786233677,6705,321 Surrey Central/WhiteRock,15247374,5518,29,115
2026-08-09T00:01:23.949910+00:00,1786233677,6705,321 Surrey Central/WhiteRock,15247374,5519,30,96
2026-08-09T00:01:23.949910+00:00,1786233677,6705,321 Surrey Central/WhiteRock,15247374,5520,31,84
2026-08-09T00:01:23.949910+00:00,1786233677,6705,321 Surrey Central/WhiteRock,15247374,5521,32,-110
2026-08-09T00:01:23.949910+00:00,1786233677,6705,321 Surrey Central/WhiteRock,15247374,5522,33,-235
2026-08-09T00:01:23.949910+00:00,1786233677,6705,321 Surrey Central/WhiteRock,15247374,5523,34,-268
2026-08-09T00:01:23.949910+00:00,1786233677,6705,321 Surrey Central/WhiteRock,15247374,6466,35,-283
2026-08-09T00:01:23.949910+00:00,1786233677,6705,321 Surrey Central/WhiteRock,15247374,5524,36,-270
2026-08-09T00:01:23.949910+00:00,1786233677,6705,321 Surrey Central/WhiteRock,15247374,5525,37,-298
2026-08-09T00:01:23.949910+00:00,1786233677,6705,321 Surrey Central/WhiteRock,15247374,10443,38,-327
2026-08-09T00:01:23.949910+00:00,1786233677,6705,321 Surrey Central/WhiteRock,15247374,5528,39,-324
2026-08-09T00:01:23.949910+00:00,1786233677,6705,321 Surrey Central/WhiteRock,15247374,5529,40,-344
2026-08-09T00:01:23.949910+00:00,1786233677,6705,321 Surrey Central/WhiteRock,15247374,5530,41,-357
2026-08-09T00:01:23.949910+00:00,1786233677,6705,321 Surrey Central/WhiteRock,15247374,5533,42,-360
2026-08-09T00:01:23.949910+00:00,1786233677,6705,321 Surrey Central/WhiteRock,15247374,5534,43,-379
2026-08-09T00:01:23.949910+00:00,1786233677,6705,321 Surrey Central/WhiteRock,15247374,5535,44,-376
2026-08-09T00:01:23.949910+00:00,1786233677,6705,321 Surrey Central/WhiteRock,15247374,5536,45,-393
2026-08-09T00:01:23.949910+00:00,1786233677,6705,321 Surrey Central/WhiteRock,15247374,5537,46,-407
2026-08-09T00:01:23.949910+00:00,1786233677,6705,321 Surrey Central/WhiteRock,15247374,5538,47,-415
2026-08-09T00:01:23.949910+00:00,1786233677,6705,321 Surrey Central/WhiteRock,15247374,5541,48,-393
2026-08-09T00:01:23.949910+00:00,1786233677,6705,321 Surrey Central/WhiteRock,15247374,5542,49,-372
2026-08-09T00:01:23.949910+00:00,1786233677,6705,321 Surrey Central/WhiteRock,15247374,6195,50,-329
2026-08-09T00:01:23.949910+00:00,1786233677,6705,321 Surrey Central/WhiteRock,15247444,5537,46,-407
2026-08-09T00:01:23.949910+00:00,1786233677,6705,321 Surrey Central/WhiteRock,15247444,5538,47,-413
2026-08-09T00:01:23.949910+00:00,1786233677,6705,321 Surrey Central/WhiteRock,15247444,5541,48,-384
2026-08-09T00:01:23.949910+00:00,1786233677,6705,321 Surrey Central/WhiteRock,15247444,5542,49,-366
2026-08-09T00:01:23.949910+00:00,1786233677,6705,321 Surrey Central/WhiteRock,15247444,6195,50,-328
2026-08-09T00:01:23.949910+00:00,1786233677,6705,321 Surrey Central/WhiteRock,15247445,6466,35,-325
2026-08-09T00:01:23.949910+00:00,1786233677,6705,321 Surrey Central/WhiteRock,15247445,5524,36,-311
2026-08-09T00:01:23.949910+00:00,1786233677,6705,321 Surrey Central/WhiteRock,15247445,5525,37,-339
2026-08-09T00:01:23.949910+00:00,1786233677,6705,321 Surrey Central/WhiteRock,15247445,10443,38,-365
2026-08-09T00:01:23.949910+00:00,1786233677,6705,321 Surrey Central/WhiteRock,15247445,5528,39,-360
2026-08-09T00:01:23.949910+00:00,1786233677,6705,321 Surrey Central/WhiteRock,15247445,5529,40,-376
2026-08-09T00:01:23.949910+00:00,1786233677,6705,321 Surrey Central/WhiteRock,15247445,5530,41,-389
2026-08-09T00:01:23.949910+00:00,1786233677,6705,321 Surrey Central/WhiteRock,15247445,5533,42,-394
2026-08-09T00:01:23.949910+00:00,1786233677,6705,321 Surrey Central/WhiteRock,15247445,5534,43,-412
2026-08-09T00:01:23.949910+00:00,1786233677,6705,321 Surrey Central/WhiteRock,15247445,5535,44,-394
2026-08-09T00:01:23.949910+00:00,1786233677,6705,321 Surrey Central/WhiteRock,15247445,5536,45,-410
2026-08-09T00:01:23.949910+00:00,1786233677,6705,321 Surrey Central/WhiteRock,15247445,5537,46,-419
2026-08-09T00:01:23.949910+00:00,1786233677,6705,321 Surrey Central/WhiteRock,15247445,5538,47,-426
2026-08-09T00:01:23.949910+00:00,1786233677,6705,321 Surrey Central/WhiteRock,15247445,5541,48,-398
2026-08-09T00:01:23.949910+00:00,1786233677,6705,321 Surrey Central/WhiteRock,15247445,5542,49,-381
2026-08-09T00:01:23.949910+00:00,1786233677,6705,321 Surrey Central/WhiteRock,15247445,6195,50,-349
2026-08-09T00:01:23.949910+00:00,1786233677,6705,321 Surrey Central/WhiteRock,15247446,5515,26,73
2026-08-09T00:01:23.949910+00:00,1786233677,6705,321 Surrey Central/WhiteRock,15247446,5516,27,85
2026-08-09T00:01:23.949910+00:00,1786233677,6705,321 Surrey Central/WhiteRock,15247446,5517,28,101
2026-08-09T00:01:23.949910+00:00,1786233677,6705,321 Surrey Central/WhiteRock,15247446,5518,29,108
2026-08-09T00:01:23.949910+00:00,1786233677,6705,321 Surrey Central/WhiteRock,15247446,5519,30,89
2026-08-09T00:01:23.949910+00:00,1786233677,6705,321 Surrey Central/WhiteRock,15247446,5520,31,77
2026-08-09T00:01:23.949910+00:00,1786233677,6705,321 Surrey Central/WhiteRock,15247446,5521,32,-118
2026-08-09T00:01:23.949910+00:00,1786233677,6705,321 Surrey Central/WhiteRock,15247446,5522,33,-243
2026-08-09T00:01:23.949910+00:00,1786233677,6705,321 Surrey Central/WhiteRock,15247446,5523,34,-277
2026-08-09T00:01:23.949910+00:00,1786233677,6705,321 Surrey Central/WhiteRock,15247446,6466,35,-292
2026-08-09T00:01:23.949910+00:00,1786233677,6705,321 Surrey Central/WhiteRock,15247446,5524,36,-283
2026-08-09T00:01:23.949910+00:00,1786233677,6705,321 Surrey Central/WhiteRock,15247446,5525,37,-311
2026-08-09T00:01:23.949910+00:00,1786233677,6705,321 Surrey Central/WhiteRock,15247446,10443,38,-337
2026-08-09T00:01:23.949910+00:00,1786233677,6705,321 Surrey Central/WhiteRock,15247446,5528,39,-332
2026-08-09T00:01:23.949910+00:00,1786233677,6705,321 Surrey Central/WhiteRock,15247446,5529,40,-350
2026-08-09T00:01:23.949910+00:00,1786233677,6705,321 Surrey Central/WhiteRock,15247446,5530,41,-362
2026-08-09T00:01:23.949910+00:00,1786233677,6705,321 Surrey Central/WhiteRock,15247446,5533,42,-367
2026-08-09T00:01:23.949910+00:00,1786233677,6705,321 Surrey Central/WhiteRock,15247446,5534,43,-385
2026-08-09T00:01:23.949910+00:00,1786233677,6705,321 Surrey Central/WhiteRock,15247446,5535,44,-390
2026-08-09T00:01:23.949910+00:00,1786233677,6705,321 Surrey Central/WhiteRock,15247446,5536,45,-407
2026-08-09T00:01:23.949910+00:00,1786233677,6705,321 Surrey Central/WhiteRock,15247446,5537,46,-415
2026-08-09T00:01:23.949910+00:00,1786233677,6705,321 Surrey Central/WhiteRock,15247446,5538,47,-423
2026-08-09T00:01:23.949910+00:00,1786233677,6705,321 Surrey Central/WhiteRock,15247446,5541,48,-397
2026-08-09T00:01:23.949910+00:00,1786233677,6705,321 Surrey Central/WhiteRock,15247446,5542,49,-380
2026-08-09T00:01:23.949910+00:00,1786233677,6705,321 Surrey Central/WhiteRock,15247446,6195,50,-348
2026-08-09T00:01:23.949910+00:00,1786233677,6705,321 Surrey Central/WhiteRock,15247447,5503,16,164
2026-08-09T00:01:23.949910+00:00,1786233677,6705,321 Surrey Central/WhiteRock,15247447,5504,17,119
2026-08-09T00:01:23.949910+00:00,1786233677,6705,321 Surrey Central/WhiteRock,15247447,5505,18,140
2026-08-09T00:01:23.949910+00:00,1786233677,6705,321 Surrey Central/WhiteRock,15247447,5507,19,130
2026-08-09T00:01:23.949910+00:00,1786233677,6705,321 Surrey Central/WhiteRock,15247447,5633,20,181
2026-08-09T00:01:23.949910+00:00,1786233677,6705,321 Surrey Central/WhiteRock,15247447,5510,21,224
2026-08-09T00:01:23.949910+00:00,1786233677,6705,321 Surrey Central/WhiteRock,15247447,5511,22,217
2026-08-09T00:01:23.949910+00:00,1786233677,6705,321 Surrey Central/WhiteRock,15247447,5512,23,212
2026-08-09T00:01:23.949910+00:00,1786233677,6705,321 Surrey Central/WhiteRock,15247447,5513,24,201
2026-08-09T00:01:23.949910+00:00,1786233677,6705,321 Surrey Central/WhiteRock,15247447,5514,25,273
2026-08-09T00:01:23.949910+00:00,1786233677,6705,321 Surrey Central/WhiteRock,15247447,5515,26,267
2026-08-09T00:01:23.949910+00:00,1786233677,6705,321 Surrey Central/WhiteRock,15247447,5516,27,264
2026-08-09T00:01:23.949910+00:00,1786233677,6705,321 Surrey Central/WhiteRock,15247447,5517,28,280
2026-08-09T00:01:23.949910+00:00,1786233677,6705,321 Surrey Central/WhiteRock,15247447,5518,29,285
2026-08-09T00:01:23.949910+00:00,1786233677,6705,321 Surrey Central/WhiteRock,15247447,5519,30,266
2026-08-09T00:01:23.949910+00:00,1786233677,6705,321 Surrey Central/WhiteRock,15247447,5520,31,254
2026-08-09T00:01:23.949910+00:00,1786233677,6705,321 Surrey Central/WhiteRock,15247447,5521,32,59
2026-08-09T00:01:23.949910+00:00,1786233677,6705,321 Surrey Central/WhiteRock,15247447,5522,33,-66
2026-08-09T00:01:23.949910+00:00,1786233677,6705,321 Surrey Central/WhiteRock,15247447,5523,34,-100
2026-08-09T00:01:23.949910+00:00,1786233677,6705,321 Surrey Central/WhiteRock,15247447,6466,35,-115
2026-08-09T00:01:23.949910+00:00,1786233677,6705,321 Surrey Central/WhiteRock,15247447,5524,36,-105
2026-08-09T00:01:23.949910+00:00,1786233677,6705,321 Surrey Central/WhiteRock,15247447,5525,37,-128
2026-08-09T00:01:23.949910+00:00,1786233677,6705,321 Surrey Central/WhiteRock,15247447,10443,38,-144
2026-08-09T00:01:23.949910+00:00,1786233677,6705,321 Surrey Central/WhiteRock,15247447,5528,39,-140
2026-08-09T00:01:23.949910+00:00,1786233677,6705,321 Surrey Central/WhiteRock,15247447,5529,40,-160
2026-08-09T00:01:23.949910+00:00,1786233677,6705,321 Surrey Central/WhiteRock,15247447,5530,41,-172
2026-08-09T00:01:23.949910+00:00,1786233677,6705,321 Surrey Central/WhiteRock,15247447,5533,42,-172
2026-08-09T00:01:23.949910+00:00,1786233677,6705,321 Surrey Central/WhiteRock,15247447,5534,43,-188
2026-08-09T00:01:23.949910+00:00,1786233677,6705,321 Surrey Central/WhiteRock,15247447,5535,44,-184
2026-08-09T00:01:23.949910+00:00,1786233677,6705,321 Surrey Central/WhiteRock,15247447,5536,45,-200
2026-08-09T00:01:23.949910+00:00,1786233677,6705,321 Surrey Central/WhiteRock,15247447,5537,46,-198
2026-08-09T00:01:23.949910+00:00,1786233677,6705,321 Surrey Central/WhiteRock,15247447,5538,47,-203
2026-08-09T00:01:23.949910+00:00,1786233677,6705,321 Surrey Central/WhiteRock,15247447,5541,48,-175
2026-08-09T00:01:23.949910+00:00,1786233677,6705,321 Surrey Central/WhiteRock,15247447,5542,49,-155
2026-08-09T00:01:23.949910+00:00,1786233677,6705,321 Surrey Central/WhiteRock,15247447,6195,50,-119
2026-08-09T00:01:23.949910+00:00,1786233677,6705,321 Surrey Central/WhiteRock,15247448,5496,9,84
2026-08-09T00:01:23.949910+00:00,1786233677,6705,321 Surrey Central/WhiteRock,15247448,5497,10,46
2026-08-09T00:01:23.949910+00:00,1786233677,6705,321 Surrey Central/WhiteRock,15247448,5498,11,38
2026-08-09T00:01:23.949910+00:00,1786233677,6705,321 Surrey Central/WhiteRock,15247448,5499,12,4
2026-08-09T00:01:23.949910+00:00,1786233677,6705,321 Surrey Central/WhiteRock,15247448,5500,13,2
2026-08-09T00:01:23.949910+00:00,1786233677,6705,321 Surrey Central/WhiteRock,15247448,5501,14,-21
2026-08-09T00:01:23.949910+00:00,1786233677,6705,321 Surrey Central/WhiteRock,15247448,5502,15,-32
2026-08-09T00:01:23.949910+00:00,1786233677,6705,321 Surrey Central/WhiteRock,15247448,5503,16,-56
2026-08-09T00:01:23.949910+00:00,1786233677,6705,321 Surrey Central/WhiteRock,15247448,5504,17,-103
2026-08-09T00:01:23.949910+00:00,1786233677,6705,321 Surrey Central/WhiteRock,15247448,5505,18,-82
2026-08-09T00:01:23.949910+00:00,1786233677,6705,321 Surrey Central/WhiteRock,15247448,5507,19,-84
2026-08-09T00:01:23.949910+00:00,1786233677,6705,321 Surrey Central/WhiteRock,15247448,5633,20,0
2026-08-09T00:01:23.949910+00:00,1786233677,6705,321 Surrey Central/WhiteRock,15247448,5510,21,39
2026-08-09T00:01:23.949910+00:00,1786233677,6705,321 Surrey Central/WhiteRock,15247448,5511,22,32
2026-08-09T00:01:23.949910+00:00,1786233677,6705,321 Surrey Central/WhiteRock,15247448,5512,23,27
2026-08-09T00:01:23.949910+00:00,1786233677,6705,321 Surrey Central/WhiteRock,15247448,5513,24,16
2026-08-09T00:01:23.949910+00:00,1786233677,6705,321 Surrey Central/WhiteRock,15247448,5514,25,88
2026-08-09T00:01:23.949910+00:00,1786233677,6705,321 Surrey Central/WhiteRock,15247448,5515,26,82
2026-08-09T00:01:23.949910+00:00,1786233677,6705,321 Surrey Central/WhiteRock,15247448,5516,27,85
2026-08-09T00:01:23.949910+00:00,1786233677,6705,321 Surrey Central/WhiteRock,15247448,5517,28,101
2026-08-09T00:01:23.949910+00:00,1786233677,6705,321 Surrey Central/WhiteRock,15247448,5518,29,107
2026-08-09T00:01:23.949910+00:00,1786233677,6705,321 Surrey Central/WhiteRock,15247448,5519,30,88
2026-08-09T00:01:23.949910+00:00,1786233677,6705,321 Surrey Central/WhiteRock,15247448,5520,31,76
2026-08-09T00:01:23.949910+00:00,1786233677,6705,321 Surrey Central/WhiteRock,15247448,5521,32,-119
2026-08-09T00:01:23.949910+00:00,1786233677,6705,321 Surrey Central/WhiteRock,15247448,5522,33,-244
2026-08-09T00:01:23.949910+00:00,1786233677,6705,321 Surrey Central/WhiteRock,15247448,5523,34,-278
2026-08-09T00:01:23.949910+00:00,1786233677,6705,321 Surrey Central/WhiteRock,15247448,6466,35,-293
2026-08-09T00:01:23.949910+00:00,1786233677,6705,321 Surrey Central/WhiteRock,15247448,5524,36,-284
2026-08-09T00:01:23.949910+00:00,1786233677,6705,321 Surrey Central/WhiteRock,15247448,5525,37,-312
2026-08-09T00:01:23.949910+00:00,1786233677,6705,321 Surrey Central/WhiteRock,15247448,10443,38,-338
2026-08-09T00:01:23.949910+00:00,1786233677,6705,321 Surrey Central/WhiteRock,15247448,5528,39,-333
2026-08-09T00:01:23.949910+00:00,1786233677,6705,321 Surrey Central/WhiteRock,15247448,5529,40,-350
2026-08-09T00:01:23.949910+00:00,1786233677,6705,321 Surrey Central/WhiteRock,15247448,5530,41,-364
2026-08-09T00:01:23.949910+00:00,1786233677,6705,321 Surrey Central/WhiteRock,15247448,5533,42,-368
2026-08-09T00:01:23.949910+00:00,1786233677,6705,321 Surrey Central/WhiteRock,15247448,5534,43,-386
2026-08-09T00:01:23.949910+00:00,1786233677,6705,321 Surrey Central/WhiteRock,15247448,5535,44,-378
2026-08-09T00:01:23.949910+00:00,1786233677,6705,321 Surrey Central/WhiteRock,15247448,5536,45,-395
2026-08-09T00:01:23.949910+00:00,1786233677,6705,321 Surrey Central/WhiteRock,15247448,5537,46,-402
2026-08-09T00:01:23.949910+00:00,1786233677,6705,321 Surrey Central/WhiteRock,15247448,5538,47,-407
2026-08-09T00:01:23.949910+00:00,1786233677,6705,321 Surrey Central/WhiteRock,15247448,5541,48,-380
2026-08-09T00:01:23.949910+00:00,1786233677,6705,321 Surrey Central/WhiteRock,15247448,5542,49,-363
2026-08-09T00:01:23.949910+00:00,1786233677,6705,321 Surrey Central/WhiteRock,15247448,6195,50,-330
2026-08-09T00:01:23.949910+00:00,1786233677,6705,321 Surrey Central/WhiteRock,15247449,5046,2,55
2026-08-09T00:01:23.949910+00:00,1786233677,6705,321 Surrey Central/WhiteRock,15247449,5047,3,59
2026-08-09T00:01:23.949910+00:00,1786233677,6705,321 Surrey Central/WhiteRock,15247449,8566,4,30
2026-08-09T00:01:23.949910+00:00,1786233677,6705,321 Surrey Central/WhiteRock,15247449,12916,5,44
2026-08-09T00:01:23.949910+00:00,1786233677,6705,321 Surrey Central/WhiteRock,15247449,5049,6,36
2026-08-09T00:01:23.949910+00:00,1786233677,6705,321 Surrey Central/WhiteRock,15247449,5039,7,38
2026-08-09T00:01:23.949910+00:00,1786233677,6705,321 Surrey Central/WhiteRock,15247449,8351,8,17
2026-08-09T00:01:23.949910+00:00,1786233677,6705,321 Surrey Central/WhiteRock,15247449,5496,9,-37
2026-08-09T00:01:23.949910+00:00,1786233677,6705,321 Surrey Central/WhiteRock,15247449,5497,10,-74
2026-08-09T00:01:23.949910+00:00,1786233677,6705,321 Surrey Central/WhiteRock,15247449,5498,11,-84
2026-08-09T00:01:23.949910+00:00,1786233677,6705,321 Surrey Central/WhiteRock,15247449,5499,12,-117
2026-08-09T00:01:23.949910+00:00,1786233677,6705,321 Surrey Central/WhiteRock,15247449,5500,13,-125
2026-08-09T00:01:23.949910+00:00,1786233677,6705,321 Surrey Central/WhiteRock,15247449,5501,14,-148
2026-08-09T00:01:23.949910+00:00,1786233677,6705,321 Surrey Central/WhiteRock,15247449,5502,15,-157
2026-08-09T00:01:23.949910+00:00,1786233677,6705,321 Surrey Central/WhiteRock,15247449,5503,16,-164
2026-08-09T00:01:23.949910+00:00,1786233677,6705,321 Surrey Central/WhiteRock,15247449,5504,17,-212
2026-08-09T00:01:23.949910+00:00,1786233677,6705,321 Surrey Central/WhiteRock,15247449,5505,18,-191
2026-08-09T00:01:23.949910+00:00,1786233677,6705,321 Surrey Central/WhiteRock,15247449,5507,19,-200
2026-08-09T00:01:23.949910+00:00,1786233677,6705,321 Surrey Central/WhiteRock,15247449,5633,20,0
2026-08-09T00:01:23.949910+00:00,1786233677,6705,321 Surrey Central/WhiteRock,15247449,5510,21,48
2026-08-09T00:01:23.949910+00:00,1786233677,6705,321 Surrey Central/WhiteRock,15247449,5511,22,41
2026-08-09T00:01:23.949910+00:00,1786233677,6705,321 Surrey Central/WhiteRock,15247449,5512,23,36
2026-08-09T00:01:23.949910+00:00,1786233677,6705,321 Surrey Central/WhiteRock,15247449,5513,24,25
2026-08-09T00:01:23.949910+00:00,1786233677,6705,321 Surrey Central/WhiteRock,15247449,5514,25,97
2026-08-09T00:01:23.949910+00:00,1786233677,6705,321 Surrey Central/WhiteRock,15247449,5515,26,91
2026-08-09T00:01:23.949910+00:00,1786233677,6705,321 Surrey Central/WhiteRock,15247449,5516,27,86
2026-08-09T00:01:23.949910+00:00,1786233677,6705,321 Surrey Central/WhiteRock,15247449,5517,28,105
2026-08-09T00:01:23.949910+00:00,1786233677,6705,321 Surrey Central/WhiteRock,15247449,5518,29,110
2026-08-09T00:01:23.949910+00:00,1786233677,6705,321 Surrey Central/WhiteRock,15247449,5519,30,91
2026-08-09T00:01:23.949910+00:00,1786233677,6705,321 Surrey Central/WhiteRock,15247449,5520,31,79
2026-08-09T00:01:23.949910+00:00,1786233677,6705,321 Surrey Central/WhiteRock,15247449,5521,32,-115
2026-08-09T00:01:23.949910+00:00,1786233677,6705,321 Surrey Central/WhiteRock,15247449,5522,33,-240
2026-08-09T00:01:23.949910+00:00,1786233677,6705,321 Surrey Central/WhiteRock,15247449,5523,34,-273
2026-08-09T00:01:23.949910+00:00,1786233677,6705,321 Surrey Central/WhiteRock,15247449,6466,35,-286
2026-08-09T00:01:23.949910+00:00,1786233677,6705,321 Surrey Central/WhiteRock,15247449,5524,36,-273
2026-08-09T00:01:23.949910+00:00,1786233677,6705,321 Surrey Central/WhiteRock,15247449,5525,37,-295
2026-08-09T00:01:23.949910+00:00,1786233677,6705,321 Surrey Central/WhiteRock,15247449,10443,38,-312
2026-08-09T00:01:23.949910+00:00,1786233677,6705,321 Surrey Central/WhiteRock,15247449,5528,39,-310
2026-08-09T00:01:23.949910+00:00,1786233677,6705,321 Surrey Central/WhiteRock,15247449,5529,40,-330
2026-08-09T00:01:23.949910+00:00,1786233677,6705,321 Surrey Central/WhiteRock,15247449,5530,41,-342
2026-08-09T00:01:23.949910+00:00,1786233677,6705,321 Surrey Central/WhiteRock,15247449,5533,42,-342
2026-08-09T00:01:23.949910+00:00,1786233677,6705,321 Surrey Central/WhiteRock,15247449,5534,43,-358
2026-08-09T00:01:23.949910+00:00,1786233677,6705,321 Surrey Central/WhiteRock,15247449,5535,44,-350
2026-08-09T00:01:23.949910+00:00,1786233677,6705,321 Surrey Central/WhiteRock,15247449,5536,45,-368
2026-08-09T00:01:23.949910+00:00,1786233677,6705,321 Surrey Central/WhiteRock,15247449,5537,46,-366
2026-08-09T00:01:23.949910+00:00,1786233677,6705,321 Surrey Central/WhiteRock,15247449,5538,47,-373
2026-08-09T00:01:23.949910+00:00,1786233677,6705,321 Surrey Central/WhiteRock,15247449,5541,48,-346
2026-08-09T00:01:23.949910+00:00,1786233677,6705,321 Surrey Central/WhiteRock,15247449,5542,49,-325
2026-08-09T00:01:23.949910+00:00,1786233677,6705,321 Surrey Central/WhiteRock,15247449,6195,50,-286
2026-08-09T00:01:23.949910+00:00,1786233677,6715,351 Bridgeport/WhiteRock,15251740,4928,24,99
2026-08-09T00:01:23.949910+00:00,1786233677,6715,351 Bridgeport/WhiteRock,15251740,8282,25,103
2026-08-09T00:01:23.949910+00:00,1786233677,6715,351 Bridgeport/WhiteRock,15251763,6194,23,0
2026-08-09T00:01:23.949910+00:00,1786233677,6715,351 Bridgeport/WhiteRock,15251763,4928,24,-707
2026-08-09T00:01:23.949910+00:00,1786233677,6715,351 Bridgeport/WhiteRock,15251763,8282,25,-704
2026-08-09T00:01:23.949910+00:00,1786233677,6715,351 Bridgeport/WhiteRock,15251765,8282,25,115
2026-08-09T00:01:23.949910+00:00,1786233677,6715,351 Bridgeport/WhiteRock,15251802,8283,2,90
2026-08-09T00:01:23.949910+00:00,1786233677,6715,351 Bridgeport/WhiteRock,15251802,4929,3,76
2026-08-09T00:01:23.949910+00:00,1786233677,6715,351 Bridgeport/WhiteRock,15251802,6175,4,-474
2026-08-09T00:01:23.949910+00:00,1786233677,6715,351 Bridgeport/WhiteRock,15251802,5524,5,-404
2026-08-09T00:01:23.949910+00:00,1786233677,6715,351 Bridgeport/WhiteRock,15251802,5525,6,-411
2026-08-09T00:01:23.949910+00:00,1786233677,6715,351 Bridgeport/WhiteRock,15251802,10443,7,-398
2026-08-09T00:01:23.949910+00:00,1786233677,6715,351 Bridgeport/WhiteRock,15251802,5528,8,-368
2026-08-09T00:01:23.949910+00:00,1786233677,6715,351 Bridgeport/WhiteRock,15251802,5529,9,-369
2026-08-09T00:01:23.949910+00:00,1786233677,6715,351 Bridgeport/WhiteRock,15251802,5530,10,-360
2026-08-09T00:01:23.949910+00:00,1786233677,6715,351 Bridgeport/WhiteRock,15251802,5533,11,-337
2026-08-09T00:01:23.949910+00:00,1786233677,6715,351 Bridgeport/WhiteRock,15251802,5534,12,-332
2026-08-09T00:01:23.949910+00:00,1786233677,6715,351 Bridgeport/WhiteRock,15251802,5535,13,-295
2026-08-09T00:01:23.949910+00:00,1786233677,6715,351 Bridgeport/WhiteRock,15251802,5536,14,-289
2026-08-09T00:01:23.949910+00:00,1786233677,6715,351 Bridgeport/WhiteRock,15251802,5537,15,-269
2026-08-09T00:01:23.949910+00:00,1786233677,6715,351 Bridgeport/WhiteRock,15251802,5538,16,-259
2026-08-09T00:01:23.949910+00:00,1786233677,6715,351 Bridgeport/WhiteRock,15251802,5541,17,-210
2026-08-09T00:01:23.949910+00:00,1786233677,6715,351 Bridgeport/WhiteRock,15251802,5542,18,-180
2026-08-09T00:01:23.949910+00:00,1786233677,6715,351 Bridgeport/WhiteRock,15251802,6340,19,-125
2026-08-09T00:01:23.949910+00:00,1786233677,6715,351 Bridgeport/WhiteRock,15251802,6341,20,-96
2026-08-09T00:01:23.949910+00:00,1786233677,6715,351 Bridgeport/WhiteRock,15251802,6167,21,-72
2026-08-09T00:01:23.949910+00:00,1786233677,6715,351 Bridgeport/WhiteRock,15251803,5536,14,-566
2026-08-09T00:01:23.949910+00:00,1786233677,6715,351 Bridgeport/WhiteRock,15251803,5537,15,-551
2026-08-09T00:01:23.949910+00:00,1786233677,6715,351 Bridgeport/WhiteRock,15251803,5538,16,-543
2026-08-09T00:01:23.949910+00:00,1786233677,6715,351 Bridgeport/WhiteRock,15251803,5541,17,-494
2026-08-09T00:01:23.949910+00:00,1786233677,6715,351 Bridgeport/WhiteRock,15251803,5542,18,-465
2026-08-09T00:01:23.949910+00:00,1786233677,6715,351 Bridgeport/WhiteRock,15251803,6340,19,-414
2026-08-09T00:01:23.949910+00:00,1786233677,6715,351 Bridgeport/WhiteRock,15251803,6341,20,-388
2026-08-09T00:01:23.949910+00:00,1786233677,6715,351 Bridgeport/WhiteRock,15251803,6167,21,-369
2026-08-09T00:01:23.949910+00:00,1786233677,6715,351 Bridgeport/WhiteRock,15251829,6175,4,-565
2026-08-09T00:01:23.949910+00:00,1786233677,6715,351 Bridgeport/WhiteRock,15251829,5524,5,-494
2026-08-09T00:01:23.949910+00:00,1786233677,6715,351 Bridgeport/WhiteRock,15251829,5525,6,-501
2026-08-09T00:01:23.949910+00:00,1786233677,6715,351 Bridgeport/WhiteRock,15251829,10443,7,-488
2026-08-09T00:01:23.949910+00:00,1786233677,6715,351 Bridgeport/WhiteRock,15251829,5528,8,-458
2026-08-09T00:01:23.949910+00:00,1786233677,6715,351 Bridgeport/WhiteRock,15251829,5529,9,-460
2026-08-09T00:01:23.949910+00:00,1786233677,6715,351 Bridgeport/WhiteRock,15251829,5530,10,-451
2026-08-09T00:01:23.949910+00:00,1786233677,6715,351 Bridgeport/WhiteRock,15251829,5533,11,-429
2026-08-09T00:01:23.949910+00:00,1786233677,6715,351 Bridgeport/WhiteRock,15251829,5534,12,-424
2026-08-09T00:01:23.949910+00:00,1786233677,6715,351 Bridgeport/WhiteRock,15251829,5535,13,-395
2026-08-09T00:01:23.949910+00:00,1786233677,6715,351 Bridgeport/WhiteRock,15251829,5536,14,-390
2026-08-09T00:01:23.949910+00:00,1786233677,6715,351 Bridgeport/WhiteRock,15251829,5537,15,-373
2026-08-09T00:01:23.949910+00:00,1786233677,6715,351 Bridgeport/WhiteRock,15251829,5538,16,-364
2026-08-09T00:01:23.949910+00:00,1786233677,6715,351 Bridgeport/WhiteRock,15251829,5541,17,-316
2026-08-09T00:01:23.949910+00:00,1786233677,6715,351 Bridgeport/WhiteRock,15251829,5542,18,-286
2026-08-09T00:01:23.949910+00:00,1786233677,6715,351 Bridgeport/WhiteRock,15251829,6340,19,-233
2026-08-09T00:01:23.949910+00:00,1786233677,6715,351 Bridgeport/WhiteRock,15251829,6341,20,-204
2026-08-09T00:01:23.949910+00:00,1786233677,6715,351 Bridgeport/WhiteRock,15251829,6167,21,-184
2026-08-09T00:01:23.949910+00:00,1786233677,6715,351 Bridgeport/WhiteRock,15251830,6340,19,201
2026-08-09T00:01:23.949910+00:00,1786233677,6715,351 Bridgeport/WhiteRock,15251830,6341,20,224
2026-08-09T00:01:23.949910+00:00,1786233677,6715,351 Bridgeport/WhiteRock,15251830,6167,21,237
2026-08-09T00:01:23.949910+00:00,1786233677,11692,364 Langley Centre/Scottsdale,15252763,7094,47,-192
2026-08-09T00:01:23.949910+00:00,1786233677,11692,364 Langley Centre/Scottsdale,15252796,11139,8,166
2026-08-09T00:01:23.949910+00:00,1786233677,11692,364 Langley Centre/Scottsdale,15252796,11156,9,79
2026-08-09T00:01:23.949910+00:00,1786233677,11692,364 Langley Centre/Scottsdale,15252796,5583,10,84
2026-08-09T00:01:23.949910+00:00,1786233677,11692,364 Langley Centre/Scottsdale,15252796,5584,11,53
2026-08-09T00:01:23.949910+00:00,1786233677,11692,364 Langley Centre/Scottsdale,15252796,6464,12,41
2026-08-09T00:01:23.949910+00:00,1786233677,11692,364 Langley Centre/Scottsdale,15252796,6465,13,19
2026-08-09T00:01:23.949910+00:00,1786233677,11692,364 Langley Centre/Scottsdale,15252796,11074,14,58
2026-08-09T00:01:23.949910+00:00,1786233677,11692,364 Langley Centre/Scottsdale,15252796,11153,15,28
2026-08-09T00:01:23.949910+00:00,1786233677,11692,364 Langley Centre/Scottsdale,15252796,11150,16,-6
2026-08-09T00:01:23.949910+00:00,1786233677,11692,364 Langley Centre/Scottsdale,15252796,11148,17,-24
2026-08-09T00:01:23.949910+00:00,1786233677,11692,364 Langley Centre/Scottsdale,15252796,11124,18,-14
2026-08-09T00:01:23.949910+00:00,1786233677,11692,364 Langley Centre/Scottsdale,15252796,11140,19,-53
2026-08-09T00:01:23.949910+00:00,1786233677,11692,364 Langley Centre/Scottsdale,15252796,11145,20,-64
2026-08-09T00:01:23.949910+00:00,1786233677,11692,364 Langley Centre/Scottsdale,15252796,11076,21,0
2026-08-09T00:01:23.949910+00:00,1786233677,11692,364 Langley Centre/Scottsdale,15252796,12645,22,-214
2026-08-09T00:01:23.949910+00:00,1786233677,11692,364 Langley Centre/Scottsdale,15252796,9525,23,-214
2026-08-09T00:01:23.949910+00:00,1786233677,11692,364 Langley Centre/Scottsdale,15252796,10148,24,-201
2026-08-09T00:01:23.949910+00:00,1786233677,11692,364 Langley Centre/Scottsdale,15252796,10585,25,-223
2026-08-09T00:01:23.949910+00:00,1786233677,11692,364 Langley Centre/Scottsdale,15252796,10250,26,-233
2026-08-09T00:01:23.949910+00:00,1786233677,11692,364 Langley Centre/Scottsdale,15252796,10588,27,-241
2026-08-09T00:01:23.949910+00:00,1786233677,11692,364 Langley Centre/Scottsdale,15252796,10248,28,-216
2026-08-09T00:01:23.949910+00:00,1786233677,11692,364 Langley Centre/Scottsdale,15252796,10726,29,-212
2026-08-09T00:01:23.949910+00:00,1786233677,11692,364 Langley Centre/Scottsdale,15252796,10725,30,-224
2026-08-09T00:01:23.949910+00:00,1786233677,11692,364 Langley Centre/Scottsdale,15252796,10727,31,-239
2026-08-09T00:01:23.949910+00:00,1786233677,11692,364 Langley Centre/Scottsdale,15252796,10251,32,-246
2026-08-09T00:01:23.949910+00:00,1786233677,11692,364 Langley Centre/Scottsdale,15252796,10252,33,-267
2026-08-09T00:01:23.949910+00:00,1786233677,11692,364 Langley Centre/Scottsdale,15252796,10253,34,-277
2026-08-09T00:01:23.949910+00:00,1786233677,11692,364 Langley Centre/Scottsdale,15252796,10255,35,-295
2026-08-09T00:01:23.949910+00:00,1786233677,11692,364 Langley Centre/Scottsdale,15252796,5332,36,-259
2026-08-09T00:01:23.949910+00:00,1786233677,11692,364 Langley Centre/Scottsdale,15252796,12497,37,-284
2026-08-09T00:01:23.949910+00:00,1786233677,11692,364 Langley Centre/Scottsdale,15252796,5334,38,-295
2026-08-09T00:01:23.949910+00:00,1786233677,11692,364 Langley Centre/Scottsdale,15252796,6472,39,-280
2026-08-09T00:01:23.949910+00:00,1786233677,11692,364 Langley Centre/Scottsdale,15252796,6473,40,-278
2026-08-09T00:01:23.949910+00:00,1786233677,11692,364 Langley Centre/Scottsdale,15252796,6474,41,-283
2026-08-09T00:01:23.949910+00:00,1786233677,11692,364 Langley Centre/Scottsdale,15252796,9306,42,-231
2026-08-09T00:01:23.949910+00:00,1786233677,11692,364 Langley Centre/Scottsdale,15252796,11125,43,-232
2026-08-09T00:01:23.949910+00:00,1786233677,11692,364 Langley Centre/Scottsdale,15252796,9294,44,-216
2026-08-09T00:01:23.949910+00:00,1786233677,11692,364 Langley Centre/Scottsdale,15252796,9293,45,-223
2026-08-09T00:01:23.949910+00:00,1786233677,11692,364 Langley Centre/Scottsdale,15252796,11126,46,-210
2026-08-09T00:01:23.949910+00:00,1786233677,11692,364 Langley Centre/Scottsdale,15252796,7094,47,-247
2026-08-09T00:01:23.949910+00:00,1786233677,11692,364 Langley Centre/Scottsdale,15252799,9525,23,-199
2026-08-09T00:01:23.949910+00:00,1786233677,11692,364 Langley Centre/Scottsdale,15252799,10148,24,-186
2026-08-09T00:01:23.949910+00:00,1786233677,11692,364 Langley Centre/Scottsdale,15252799,10585,25,-208
2026-08-09T00:01:23.949910+00:00,1786233677,11692,364 Langley Centre/Scottsdale,15252799,10250,26,-218
2026-08-09T00:01:23.949910+00:00,1786233677,11692,364 Langley Centre/Scottsdale,15252799,10588,27,-226
2026-08-09T00:01:23.949910+00:00,1786233677,11692,364 Langley Centre/Scottsdale,15252799,10248,28,-201
2026-08-09T00:01:23.949910+00:00,1786233677,11692,364 Langley Centre/Scottsdale,15252799,10726,29,-194
2026-08-09T00:01:23.949910+00:00,1786233677,11692,364 Langley Centre/Scottsdale,15252799,10725,30,-206
2026-08-09T00:01:23.949910+00:00,1786233677,11692,364 Langley Centre/Scottsdale,15252799,10727,31,-221
2026-08-09T00:01:23.949910+00:00,1786233677,11692,364 Langley Centre/Scottsdale,15252799,10251,32,-228
2026-08-09T00:01:23.949910+00:00,1786233677,11692,364 Langley Centre/Scottsdale,15252799,10252,33,-247
2026-08-09T00:01:23.949910+00:00,1786233677,11692,364 Langley Centre/Scottsdale,15252799,10253,34,-257
2026-08-09T00:01:23.949910+00:00,1786233677,11692,364 Langley Centre/Scottsdale,15252799,10255,35,-275
2026-08-09T00:01:23.949910+00:00,1786233677,11692,364 Langley Centre/Scottsdale,15252799,5332,36,-239
2026-08-09T00:01:23.949910+00:00,1786233677,11692,364 Langley Centre/Scottsdale,15252799,12497,37,-265
2026-08-09T00:01:23.949910+00:00,1786233677,11692,364 Langley Centre/Scottsdale,15252799,5334,38,-275
2026-08-09T00:01:23.949910+00:00,1786233677,11692,364 Langley Centre/Scottsdale,15252799,6472,39,-261
2026-08-09T00:01:23.949910+00:00,1786233677,11692,364 Langley Centre/Scottsdale,15252799,6473,40,-257
2026-08-09T00:01:23.949910+00:00,1786233677,11692,364 Langley Centre/Scottsdale,15252799,6474,41,-258
2026-08-09T00:01:23.949910+00:00,1786233677,11692,364 Langley Centre/Scottsdale,15252799,9306,42,-204
2026-08-09T00:01:23.949910+00:00,1786233677,11692,364 Langley Centre/Scottsdale,15252799,11125,43,-198
2026-08-09T00:01:23.949910+00:00,1786233677,11692,364 Langley Centre/Scottsdale,15252799,9294,44,-171
2026-08-09T00:01:23.949910+00:00,1786233677,11692,364 Langley Centre/Scottsdale,15252799,9293,45,-178
2026-08-09T00:01:23.949910+00:00,1786233677,11692,364 Langley Centre/Scottsdale,15252799,11126,46,-166
2026-08-09T00:01:23.949910+00:00,1786233677,11692,364 Langley Centre/Scottsdale,15252799,7094,47,-203
2026-08-09T00:01:23.949910+00:00,1786233677,11692,364 Langley Centre/Scottsdale,15252822,10586,25,-32
2026-08-09T00:01:23.949910+00:00,1786233677,11692,364 Langley Centre/Scottsdale,15252822,9547,26,-9
2026-08-09T00:01:23.949910+00:00,1786233677,11692,364 Langley Centre/Scottsdale,15252822,9526,27,-35
2026-08-09T00:01:23.949910+00:00,1786233677,11692,364 Langley Centre/Scottsdale,15252822,12646,28,-48
2026-08-09T00:01:23.949910+00:00,1786233677,11692,364 Langley Centre/Scottsdale,15252822,11075,29,-182
2026-08-09T00:01:23.949910+00:00,1786233677,11692,364 Langley Centre/Scottsdale,15252822,11174,30,-204
2026-08-09T00:01:23.949910+00:00,1786233677,11692,364 Langley Centre/Scottsdale,15252822,11175,31,-232
2026-08-09T00:01:23.949910+00:00,1786233677,11692,364 Langley Centre/Scottsdale,15252822,11123,32,-231
2026-08-09T00:01:23.949910+00:00,1786233677,11692,364 Langley Centre/Scottsdale,15252822,11176,33,-222
2026-08-09T00:01:23.949910+00:00,1786233677,11692,364 Langley Centre/Scottsdale,15252822,11177,34,-250
2026-08-09T00:01:23.949910+00:00,1786233677,11692,364 Langley Centre/Scottsdale,15252822,11178,35,-273
2026-08-09T00:01:23.949910+00:00,1786233677,11692,364 Langley Centre/Scottsdale,15252822,6459,36,-168
2026-08-09T00:01:23.949910+00:00,1786233677,11692,364 Langley Centre/Scottsdale,15252822,6460,37,-170
2026-08-09T00:01:23.949910+00:00,1786233677,11692,364 Langley Centre/Scottsdale,15252822,5621,38,-163
2026-08-09T00:01:23.949910+00:00,1786233677,11692,364 Langley Centre/Scottsdale,15252822,5622,39,-180
2026-08-09T00:01:23.949910+00:00,1786233677,11692,364 Langley Centre/Scottsdale,15252822,11122,40,-139
2026-08-09T00:01:23.949910+00:00,1786233677,11692,364 Langley Centre/Scottsdale,15252822,11155,41,-148
2026-08-09T00:01:23.949910+00:00,1786233677,11692,364 Langley Centre/Scottsdale,15252822,11143,42,-148
2026-08-09T00:01:23.949910+00:00,1786233677,11692,364 Langley Centre/Scottsdale,15252822,11141,43,-174
2026-08-09T00:01:23.949910+00:00,1786233677,11692,364 Langley Centre/Scottsdale,15252822,4936,44,-145
2026-08-09T00:01:23.949910+00:00,1786233677,11692,364 Langley Centre/Scottsdale,15252822,4937,45,-155
2026-08-09T00:01:23.949910+00:00,1786233677,11692,364 Langley Centre/Scottsdale,15252822,4938,46,-171
2026-08-09T00:01:23.949910+00:00,1786233677,11692,364 Langley Centre/Scottsdale,15252822,5229,47,-161
2026-08-09T00:01:23.949910+00:00,1786233677,11692,364 Langley Centre/Scottsdale,15252822,4917,48,-85
2026-08-09T00:01:23.949910+00:00,1786233677,11692,364 Langley Centre/Scottsdale,15252824,9291,4,170
2026-08-09T00:01:23.949910+00:00,1786233677,11692,364 Langley Centre/Scottsdale,15252824,9292,5,158
2026-08-09T00:01:23.949910+00:00,1786233677,11692,364 Langley Centre/Scottsdale,15252824,11264,6,156
2026-08-09T00:01:23.949910+00:00,1786233677,11692,364 Langley Centre/Scottsdale,15252824,9303,7,179
2026-08-09T00:01:23.949910+00:00,1786233677,11692,364 Langley Centre/Scottsdale,15252824,9304,8,168
2026-08-09T00:01:23.949910+00:00,1786233677,11692,364 Langley Centre/Scottsdale,15252824,6475,9,201
2026-08-09T00:01:23.949910+00:00,1786233677,11692,364 Langley Centre/Scottsdale,15252824,6476,10,176
2026-08-09T00:01:23.949910+00:00,1786233677,11692,364 Langley Centre/Scottsdale,15252824,5381,11,166
2026-08-09T00:01:23.949910+00:00,1786233677,11692,364 Langley Centre/Scottsdale,15252824,12496,12,166
2026-08-09T00:01:23.949910+00:00,1786233677,11692,364 Langley Centre/Scottsdale,15252824,5382,13,143
2026-08-09T00:01:23.949910+00:00,1786233677,11692,364 Langley Centre/Scottsdale,15252824,12516,14,271
2026-08-09T00:01:23.949910+00:00,1786233677,11692,364 Langley Centre/Scottsdale,15252824,10257,15,233
2026-08-09T00:01:23.949910+00:00,1786233677,11692,364 Langley Centre/Scottsdale,15252824,10258,16,220
2026-08-09T00:01:23.949910+00:00,1786233677,11692,364 Langley Centre/Scottsdale,15252824,10259,17,179
2026-08-09T00:01:23.949910+00:00,1786233677,11692,364 Langley Centre/Scottsdale,15252824,10260,18,161
2026-08-09T00:01:23.949910+00:00,1786233677,11692,364 Langley Centre/Scottsdale,15252824,10729,19,120
2026-08-09T00:01:23.949910+00:00,1786233677,11692,364 Langley Centre/Scottsdale,15252824,13067,20,99
2026-08-09T00:01:23.949910+00:00,1786233677,11692,364 Langley Centre/Scottsdale,15252824,10633,21,75
2026-08-09T00:01:23.949910+00:00,1786233677,11692,364 Langley Centre/Scottsdale,15252824,10149,22,108
2026-08-09T00:01:23.949910+00:00,1786233677,11692,364 Langley Centre/Scottsdale,15252824,10587,23,89
2026-08-09T00:01:23.949910+00:00,1786233677,11692,364 Langley Centre/Scottsdale,15252824,10261,24,60
2026-08-09T00:01:23.949910+00:00,1786233677,11692,364 Langley Centre/Scottsdale,15252824,10586,25,27
2026-08-09T00:01:23.949910+00:00,1786233677,11692,364 Langley Centre/Scottsdale,15252824,9547,26,51
2026-08-09T00:01:23.949910+00:00,1786233677,11692,364 Langley Centre/Scottsdale,15252824,9526,27,25
2026-08-09T00:01:23.949910+00:00,1786233677,11692,364 Langley Centre/Scottsdale,15252824,12646,28,13
2026-08-09T00:01:23.949910+00:00,1786233677,11692,364 Langley Centre/Scottsdale,15252824,11075,29,-120
2026-08-09T00:01:23.949910+00:00,1786233677,11692,364 Langley Centre/Scottsdale,15252824,11174,30,-142
2026-08-09T00:01:23.949910+00:00,1786233677,11692,364 Langley Centre/Scottsdale,15252824,11175,31,-169
2026-08-09T00:01:23.949910+00:00,1786233677,11692,364 Langley Centre/Scottsdale,15252824,11123,32,-168
2026-08-09T00:01:23.949910+00:00,1786233677,11692,364 Langley Centre/Scottsdale,15252824,11176,33,-159
2026-08-09T00:01:23.949910+00:00,1786233677,11692,364 Langley Centre/Scottsdale,15252824,11177,34,-186
2026-08-09T00:01:23.949910+00:00,1786233677,11692,364 Langley Centre/Scottsdale,15252824,11178,35,-210
2026-08-09T00:01:23.949910+00:00,1786233677,11692,364 Langley Centre/Scottsdale,15252824,6459,36,-104
2026-08-09T00:01:23.949910+00:00,1786233677,11692,364 Langley Centre/Scottsdale,15252824,6460,37,-106
2026-08-09T00:01:23.949910+00:00,1786233677,11692,364 Langley Centre/Scottsdale,15252824,5621,38,-98
2026-08-09T00:01:23.949910+00:00,1786233677,11692,364 Langley Centre/Scottsdale,15252824,5622,39,-115
2026-08-09T00:01:23.949910+00:00,1786233677,11692,364 Langley Centre/Scottsdale,15252824,11122,40,-74
2026-08-09T00:01:23.949910+00:00,1786233677,11692,364 Langley Centre/Scottsdale,15252824,11155,41,-83
2026-08-09T00:01:23.949910+00:00,1786233677,11692,364 Langley Centre/Scottsdale,15252824,11143,42,-84
2026-08-09T00:01:23.949910+00:00,1786233677,11692,364 Langley Centre/Scottsdale,15252824,11141,43,-110
2026-08-09T00:01:23.949910+00:00,1786233677,11692,364 Langley Centre/Scottsdale,15252824,4936,44,-83
2026-08-09T00:01:23.949910+00:00,1786233677,11692,364 Langley Centre/Scottsdale,15252824,4937,45,-99
2026-08-09T00:01:23.949910+00:00,1786233677,11692,364 Langley Centre/Scottsdale,15252824,4938,46,-119
2026-08-09T00:01:23.949910+00:00,1786233677,11692,364 Langley Centre/Scottsdale,15252824,5229,47,-108
2026-08-09T00:01:23.949910+00:00,1786233677,11692,364 Langley Centre/Scottsdale,15252824,4917,48,-35
2026-08-09T00:01:23.949910+00:00,1786233677,11692,364 Langley Centre/Scottsdale,15252840,11122,40,-295
2026-08-09T00:01:23.949910+00:00,1786233677,11692,364 Langley Centre/Scottsdale,15252840,11155,41,-304
2026-08-09T00:01:23.949910+00:00,1786233677,11692,364 Langley Centre/Scottsdale,15252840,11143,42,-304
2026-08-09T00:01:23.949910+00:00,1786233677,11692,364 Langley Centre/Scottsdale,15252840,11141,43,-330
2026-08-09T00:01:23.949910+00:00,1786233677,11692,364 Langley Centre/Scottsdale,15252840,4936,44,-301
2026-08-09T00:01:23.949910+00:00,1786233677,11692,364 Langley Centre/Scottsdale,15252840,4937,45,-315
2026-08-09T00:01:23.949910+00:00,1786233677,11692,364 Langley Centre/Scottsdale,15252840,4938,46,-335
2026-08-09T00:01:23.949910+00:00,1786233677,11692,364 Langley Centre/Scottsdale,15252840,5229,47,-322
2026-08-09T00:01:23.949910+00:00,1786233677,11692,364 Langley Centre/Scottsdale,15252840,4917,48,-248
2026-08-09T00:01:23.949910+00:00,1786233677,11692,364 Langley Centre/Scottsdale,15252841,9291,4,-941
2026-08-09T00:01:23.949910+00:00,1786233677,11692,364 Langley Centre/Scottsdale,15252841,9292,5,-953
2026-08-09T00:01:23.949910+00:00,1786233677,11692,364 Langley Centre/Scottsdale,15252841,11264,6,-953
2026-08-09T00:01:23.949910+00:00,1786233677,11692,364 Langley Centre/Scottsdale,15252841,9303,7,-948
2026-08-09T00:01:23.949910+00:00,1786233677,11692,364 Langley Centre/Scottsdale,15252841,9304,8,-959
2026-08-09T00:01:23.949910+00:00,1786233677,11692,364 Langley Centre/Scottsdale,15252841,6475,9,-926
2026-08-09T00:01:23.949910+00:00,1786233677,11692,364 Langley Centre/Scottsdale,15252841,6476,10,-950
2026-08-09T00:01:23.949910+00:00,1786233677,11692,364 Langley Centre/Scottsdale,15252841,5381,11,-960
2026-08-09T00:01:23.949910+00:00,1786233677,11692,364 Langley Centre/Scottsdale,15252841,12496,12,-960
2026-08-09T00:01:23.949910+00:00,1786233677,11692,364 Langley Centre/Scottsdale,15252841,5382,13,-983
2026-08-09T00:01:23.949910+00:00,1786233677,11692,364 Langley Centre/Scottsdale,15252841,12516,14,-855
2026-08-09T00:01:23.949910+00:00,1786233677,11692,364 Langley Centre/Scottsdale,15252841,10257,15,-893
2026-08-09T00:01:23.949910+00:00,1786233677,11692,364 Langley Centre/Scottsdale,15252841,10258,16,-906
2026-08-09T00:01:23.949910+00:00,1786233677,11692,364 Langley Centre/Scottsdale,15252841,10259,17,-948
2026-08-09T00:01:23.949910+00:00,1786233677,11692,364 Langley Centre/Scottsdale,15252841,10260,18,0
2026-08-09T00:01:23.949910+00:00,1786233677,11692,364 Langley Centre/Scottsdale,15252841,10729,19,-42
2026-08-09T00:01:23.949910+00:00,1786233677,11692,364 Langley Centre/Scottsdale,15252841,13067,20,-63
2026-08-09T00:01:23.949910+00:00,1786233677,11692,364 Langley Centre/Scottsdale,15252841,10633,21,-87
2026-08-09T00:01:23.949910+00:00,1786233677,11692,364 Langley Centre/Scottsdale,15252841,10149,22,-55
2026-08-09T00:01:23.949910+00:00,1786233677,11692,364 Langley Centre/Scottsdale,15252841,10587,23,-72
2026-08-09T00:01:23.949910+00:00,1786233677,11692,364 Langley Centre/Scottsdale,15252841,10261,24,-101
2026-08-09T00:01:23.949910+00:00,1786233677,11692,364 Langley Centre/Scottsdale,15252841,10586,25,-133
2026-08-09T00:01:23.949910+00:00,1786233677,11692,364 Langley Centre/Scottsdale,15252841,9547,26,-109
2026-08-09T00:01:23.949910+00:00,1786233677,11692,364 Langley Centre/Scottsdale,15252841,9526,27,-135
2026-08-09T00:01:23.949910+00:00,1786233677,11692,364 Langley Centre/Scottsdale,15252841,12646,28,-148
2026-08-09T00:01:23.949910+00:00,1786233677,11692,364 Langley Centre/Scottsdale,15252841,11075,29,-283
2026-08-09T00:01:23.949910+00:00,1786233677,11692,364 Langley Centre/Scottsdale,15252841,11174,30,-304
2026-08-09T00:01:23.949910+00:00,1786233677,11692,364 Langley Centre/Scottsdale,15252841,11175,31,-330
2026-08-09T00:01:23.949910+00:00,1786233677,11692,364 Langley Centre/Scottsdale,15252841,11123,32,-328
2026-08-09T00:01:23.949910+00:00,1786233677,11692,364 Langley Centre/Scottsdale,15252841,11176,33,-319
2026-08-09T00:01:23.949910+00:00,1786233677,11692,364 Langley Centre/Scottsdale,15252841,11177,34,-344
2026-08-09T00:01:23.949910+00:00,1786233677,11692,364 Langley Centre/Scottsdale,15252841,11178,35,-367
2026-08-09T00:01:23.949910+00:00,1786233677,11692,364 Langley Centre/Scottsdale,15252841,6459,36,-262
2026-08-09T00:01:23.949910+00:00,1786233677,11692,364 Langley Centre/Scottsdale,15252841,6460,37,-263
2026-08-09T00:01:23.949910+00:00,1786233677,11692,364 Langley Centre/Scottsdale,15252841,5621,38,-255
2026-08-09T00:01:23.949910+00:00,1786233677,11692,364 Langley Centre/Scottsdale,15252841,5622,39,-273
2026-08-09T00:01:23.949910+00:00,1786233677,11692,364 Langley Centre/Scottsdale,15252841,11122,40,-233
2026-08-09T00:01:23.949910+00:00,1786233677,11692,364 Langley Centre/Scottsdale,15252841,11155,41,-240
2026-08-09T00:01:23.949910+00:00,1786233677,11692,364 Langley Centre/Scottsdale,15252841,11143,42,-240
2026-08-09T00:01:23.949910+00:00,1786233677,11692,364 Langley Centre/Scottsdale,15252841,11141,43,-266
2026-08-09T00:01:23.949910+00:00,1786233677,11692,364 Langley Centre/Scottsdale,15252841,4936,44,-245
2026-08-09T00:01:23.949910+00:00,1786233677,11692,364 Langley Centre/Scottsdale,15252841,4937,45,-258
2026-08-09T00:01:23.949910+00:00,1786233677,11692,364 Langley Centre/Scottsdale,15252841,4938,46,-277
2026-08-09T00:01:23.949910+00:00,1786233677,11692,364 Langley Centre/Scottsdale,15252841,5229,47,-268
2026-08-09T00:01:23.949910+00:00,1786233677,11692,364 Langley Centre/Scottsdale,15252841,4917,48,-199
2026-08-09T00:01:23.949910+00:00,1786233677,18705,531 WhiteRock/WillowBrook,15259245,9291,47,-685
2026-08-09T00:01:23.949910+00:00,1786233677,18705,531 WhiteRock/WillowBrook,15259245,9292,48,-686
2026-08-09T00:01:23.949910+00:00,1786233677,18705,531 WhiteRock/WillowBrook,15259245,11264,49,-677
2026-08-09T00:01:23.949910+00:00,1786233677,18705,531 WhiteRock/WillowBrook,15259245,9303,50,-675
2026-08-09T00:01:23.949910+00:00,1786233677,18705,531 WhiteRock/WillowBrook,15259245,9304,51,-678
2026-08-09T00:01:23.949910+00:00,1786233677,18705,531 WhiteRock/WillowBrook,15259245,6475,52,-633
2026-08-09T00:01:23.949910+00:00,1786233677,18705,531 WhiteRock/WillowBrook,15259245,6476,53,-642
2026-08-09T00:01:23.949910+00:00,1786233677,18705,531 WhiteRock/WillowBrook,15259245,5335,54,-633
2026-08-09T00:01:23.949910+00:00,1786233677,18705,531 WhiteRock/WillowBrook,15259245,7100,55,-594
2026-08-09T00:01:23.949910+00:00,1786233677,18705,531 WhiteRock/WillowBrook,15259246,11736,11,159
2026-08-09T00:01:23.949910+00:00,1786233677,18705,531 WhiteRock/WillowBrook,15259246,12379,12,159
2026-08-09T00:01:23.949910+00:00,1786233677,18705,531 WhiteRock/WillowBrook,15259246,11738,13,138
2026-08-09T00:01:23.949910+00:00,1786233677,18705,531 WhiteRock/WillowBrook,15259246,11743,14,115
2026-08-09T00:01:23.949910+00:00,1786233677,18705,531 WhiteRock/WillowBrook,15259246,12306,15,58
2026-08-09T00:01:23.949910+00:00,1786233677,18705,531 WhiteRock/WillowBrook,15259246,12218,16,17
2026-08-09T00:01:23.949910+00:00,1786233677,18705,531 WhiteRock/WillowBrook,15259246,11924,17,-44
2026-08-09T00:01:23.949910+00:00,1786233677,18705,531 WhiteRock/WillowBrook,15259246,13131,18,-78
2026-08-09T00:01:23.949910+00:00,1786233677,18705,531 WhiteRock/WillowBrook,15259246,11923,19,-102
2026-08-09T00:01:23.949910+00:00,1786233677,18705,531 WhiteRock/WillowBrook,15259246,12597,20,-168
2026-08-09T00:01:23.949910+00:00,1786233677,18705,531 WhiteRock/WillowBrook,15259246,11922,21,-186
2026-08-09T00:01:23.949910+00:00,1786233677,18705,531 WhiteRock/WillowBrook,15259246,11744,22,-180
2026-08-09T00:01:23.949910+00:00,1786233677,18705,531 WhiteRock/WillowBrook,15259246,11746,23,-204
2026-08-09T00:01:23.949910+00:00,1786233677,18705,531 WhiteRock/WillowBrook,15259246,11839,24,-205
2026-08-09T00:01:23.949910+00:00,1786233677,18705,531 WhiteRock/WillowBrook,15259246,12922,25,-231
2026-08-09T00:01:23.949910+00:00,1786233677,18705,531 WhiteRock/WillowBrook,15259246,12923,26,-268
2026-08-09T00:01:23.949910+00:00,1786233677,18705,531 WhiteRock/WillowBrook,15259246,12925,27,-272
2026-08-09T00:01:23.949910+00:00,1786233677,18705,531 WhiteRock/WillowBrook,15259246,12928,28,-299
2026-08-09T00:01:23.949910+00:00,1786233677,18705,531 WhiteRock/WillowBrook,15259246,12930,29,-312
2026-08-09T00:01:23.949910+00:00,1786233677,18705,531 WhiteRock/WillowBrook,15259246,13042,30,-335
2026-08-09T00:01:23.949910+00:00,1786233677,18705,531 WhiteRock/WillowBrook,15259246,8936,31,-333
2026-08-09T00:01:23.949910+00:00,1786233677,18705,531 WhiteRock/WillowBrook,15259246,9030,32,-344
2026-08-09T00:01:23.949910+00:00,1786233677,18705,531 WhiteRock/WillowBrook,15259246,8937,33,-361
2026-08-09T00:01:23.949910+00:00,1786233677,18705,531 WhiteRock/WillowBrook,15259246,8938,34,-361
2026-08-09T00:01:23.949910+00:00,1786233677,18705,531 WhiteRock/WillowBrook,15259246,7081,35,-361
2026-08-09T00:01:23.949910+00:00,1786233677,18705,531 WhiteRock/WillowBrook,15259246,7082,36,-367
2026-08-09T00:01:23.949910+00:00,1786233677,18705,531 WhiteRock/WillowBrook,15259246,7083,37,-391
2026-08-09T00:01:23.949910+00:00,1786233677,18705,531 WhiteRock/WillowBrook,15259246,7084,38,-408
2026-08-09T00:01:23.949910+00:00,1786233677,18705,531 WhiteRock/WillowBrook,15259246,7085,39,-437
2026-08-09T00:01:23.949910+00:00,1786233677,18705,531 WhiteRock/WillowBrook,15259246,8939,40,-447
2026-08-09T00:01:23.949910+00:00,1786233677,18705,531 WhiteRock/WillowBrook,15259246,7086,41,-456
2026-08-09T00:01:23.949910+00:00,1786233677,18705,531 WhiteRock/WillowBrook,15259246,8940,42,-478
2026-08-09T00:01:23.949910+00:00,1786233677,18705,531 WhiteRock/WillowBrook,15259246,5341,43,-482
2026-08-09T00:01:23.949910+00:00,1786233677,18705,531 WhiteRock/WillowBrook,15259246,5342,44,-478
2026-08-09T00:01:23.949910+00:00,1786233677,18705,531 WhiteRock/WillowBrook,15259246,12293,45,-464
2026-08-09T00:01:23.949910+00:00,1786233677,18705,531 WhiteRock/WillowBrook,15259246,12173,46,-397
2026-08-09T00:01:23.949910+00:00,1786233677,18705,531 WhiteRock/WillowBrook,15259246,9291,47,-430
2026-08-09T00:01:23.949910+00:00,1786233677,18705,531 WhiteRock/WillowBrook,15259246,9292,48,-430
2026-08-09T00:01:23.949910+00:00,1786233677,18705,531 WhiteRock/WillowBrook,15259246,11264,49,-415
2026-08-09T00:01:23.949910+00:00,1786233677,18705,531 WhiteRock/WillowBrook,15259246,9303,50,-417
2026-08-09T00:01:23.949910+00:00,1786233677,18705,531 WhiteRock/WillowBrook,15259246,9304,51,-420
2026-08-09T00:01:23.949910+00:00,1786233677,18705,531 WhiteRock/WillowBrook,15259246,6475,52,-371
2026-08-09T00:01:23.949910+00:00,1786233677,18705,531 WhiteRock/WillowBrook,15259246,6476,53,-380
2026-08-09T00:01:23.949910+00:00,1786233677,18705,531 WhiteRock/WillowBrook,15259246,5335,54,-371
2026-08-09T00:01:23.949910+00:00,1786233677,18705,531 WhiteRock/WillowBrook,15259246,7100,55,-331
2026-08-09T00:01:23.949910+00:00,1786233677,18705,531 WhiteRock/WillowBrook,15259247,13013,1,0
2026-08-09T00:01:23.949910+00:00,1786233677,18705,531 WhiteRock/WillowBrook,15259247,5437,2,0
2026-08-09T00:01:23.949910+00:00,1786233677,18705,531 WhiteRock/WillowBrook,15259247,5438,3,0
2026-08-09T00:01:23.949910+00:00,1786233677,18705,531 WhiteRock/WillowBrook,15259247,5439,4,0
2026-08-09T00:01:23.949910+00:00,1786233677,18705,531 WhiteRock/WillowBrook,15259247,5440,5,0
2026-08-09T00:01:23.949910+00:00,1786233677,18705,531 WhiteRock/WillowBrook,15259247,11755,6,0
2026-08-09T00:01:23.949910+00:00,1786233677,18705,531 WhiteRock/WillowBrook,15259247,11734,7,0
2026-08-09T00:01:23.949910+00:00,1786233677,18705,531 WhiteRock/WillowBrook,15259247,10856,8,0
2026-08-09T00:01:23.949910+00:00,1786233677,18705,531 WhiteRock/WillowBrook,15259247,11583,9,0
2026-08-09T00:01:23.949910+00:00,1786233677,18705,531 WhiteRock/WillowBrook,15259247,11574,10,0
2026-08-09T00:01:23.949910+00:00,1786233677,18705,531 WhiteRock/WillowBrook,15259247,11736,11,0
2026-08-09T00:01:23.949910+00:00,1786233677,18705,531 WhiteRock/WillowBrook,15259247,12379,12,0
2026-08-09T00:01:23.949910+00:00,1786233677,18705,531 WhiteRock/WillowBrook,15259247,11738,13,0
2026-08-09T00:01:23.949910+00:00,1786233677,18705,531 WhiteRock/WillowBrook,15259247,11743,14,0
2026-08-09T00:01:23.949910+00:00,1786233677,18705,531 WhiteRock/WillowBrook,15259247,12306,15,0
2026-08-09T00:01:23.949910+00:00,1786233677,18705,531 WhiteRock/WillowBrook,15259247,12218,16,0
2026-08-09T00:01:23.949910+00:00,1786233677,18705,531 WhiteRock/WillowBrook,15259247,11924,17,0
2026-08-09T00:01:23.949910+00:00,1786233677,18705,531 WhiteRock/WillowBrook,15259247,13131,18,0
2026-08-09T00:01:23.949910+00:00,1786233677,18705,531 WhiteRock/WillowBrook,15259247,11923,19,0
2026-08-09T00:01:23.949910+00:00,1786233677,18705,531 WhiteRock/WillowBrook,15259247,12597,20,0
2026-08-09T00:01:23.949910+00:00,1786233677,18705,531 WhiteRock/WillowBrook,15259247,11922,21,0
2026-08-09T00:01:23.949910+00:00,1786233677,18705,531 WhiteRock/WillowBrook,15259247,11744,22,0
2026-08-09T00:01:23.949910+00:00,1786233677,18705,531 WhiteRock/WillowBrook,15259247,11746,23,0
2026-08-09T00:01:23.949910+00:00,1786233677,18705,531 WhiteRock/WillowBrook,15259247,11839,24,0
2026-08-09T00:01:23.949910+00:00,1786233677,18705,531 WhiteRock/WillowBrook,15259247,12922,25,0
2026-08-09T00:01:23.949910+00:00,1786233677,18705,531 WhiteRock/WillowBrook,15259247,12923,26,0
2026-08-09T00:01:23.949910+00:00,1786233677,18705,531 WhiteRock/WillowBrook,15259247,12925,27,0
2026-08-09T00:01:23.949910+00:00,1786233677,18705,531 WhiteRock/WillowBrook,15259247,12928,28,0
2026-08-09T00:01:23.949910+00:00,1786233677,18705,531 WhiteRock/WillowBrook,15259247,12930,29,0
2026-08-09T00:01:23.949910+00:00,1786233677,18705,531 WhiteRock/WillowBrook,15259247,13042,30,0
2026-08-09T00:01:23.949910+00:00,1786233677,18705,531 WhiteRock/WillowBrook,15259247,8936,31,0
2026-08-09T00:01:23.949910+00:00,1786233677,18705,531 WhiteRock/WillowBrook,15259247,9030,32,0
2026-08-09T00:01:23.949910+00:00,1786233677,18705,531 WhiteRock/WillowBrook,15259247,8937,33,0
2026-08-09T00:01:23.949910+00:00,1786233677,18705,531 WhiteRock/WillowBrook,15259247,8938,34,0
2026-08-09T00:01:23.949910+00:00,1786233677,18705,531 WhiteRock/WillowBrook,15259247,7081,35,0
2026-08-09T00:01:23.949910+00:00,1786233677,18705,531 WhiteRock/WillowBrook,15259247,7082,36,0
2026-08-09T00:01:23.949910+00:00,1786233677,18705,531 WhiteRock/WillowBrook,15259247,7083,37,0
2026-08-09T00:01:23.949910+00:00,1786233677,18705,531 WhiteRock/WillowBrook,15259247,7084,38,0
2026-08-09T00:01:23.949910+00:00,1786233677,18705,531 WhiteRock/WillowBrook,15259247,7085,39,0
2026-08-09T00:01:23.949910+00:00,1786233677,18705,531 WhiteRock/WillowBrook,15259247,8939,40,0
2026-08-09T00:01:23.949910+00:00,1786233677,18705,531 WhiteRock/WillowBrook,15259247,7086,41,0
2026-08-09T00:01:23.949910+00:00,1786233677,18705,531 WhiteRock/WillowBrook,15259247,8940,42,0
2026-08-09T00:01:23.949910+00:00,1786233677,18705,531 WhiteRock/WillowBrook,15259247,5341,43,0
2026-08-09T00:01:23.949910+00:00,1786233677,18705,531 WhiteRock/WillowBrook,15259247,5342,44,0
2026-08-09T00:01:23.949910+00:00,1786233677,18705,531 WhiteRock/WillowBrook,15259247,12293,45,0
2026-08-09T00:01:23.949910+00:00,1786233677,18705,531 WhiteRock/WillowBrook,15259247,12173,46,0
2026-08-09T00:01:23.949910+00:00,1786233677,18705,531 WhiteRock/WillowBrook,15259247,9291,47,0
2026-08-09T00:01:23.949910+00:00,1786233677,18705,531 WhiteRock/WillowBrook,15259247,9292,48,0
2026-08-09T00:01:23.949910+00:00,1786233677,18705,531 WhiteRock/WillowBrook,15259247,11264,49,0
2026-08-09T00:01:23.949910+00:00,1786233677,18705,531 WhiteRock/WillowBrook,15259247,9303,50,0
2026-08-09T00:01:23.949910+00:00,1786233677,18705,531 WhiteRock/WillowBrook,15259247,9304,51,0
2026-08-09T00:01:23.949910+00:00,1786233677,18705,531 WhiteRock/WillowBrook,15259247,6475,52,0
2026-08-09T00:01:23.949910+00:00,1786233677,18705,531 WhiteRock/WillowBrook,15259247,6476,53,0
2026-08-09T00:01:23.949910+00:00,1786233677,18705,531 WhiteRock/WillowBrook,15259247,5335,54,0
2026-08-09T00:01:23.949910+00:00,1786233677,18705,531 WhiteRock/WillowBrook,15259247,7100,55,0
2026-08-09T00:01:23.949910+00:00,1786233677,18705,531 WhiteRock/WillowBrook,15259282,12598,35,-113
2026-08-09T00:01:23.949910+00:00,1786233677,18705,531 WhiteRock/WillowBrook,15259282,11920,36,-157
2026-08-09T00:01:23.949910+00:00,1786233677,18705,531 WhiteRock/WillowBrook,15259282,13130,37,-184
2026-08-09T00:01:23.949910+00:00,1786233677,18705,531 WhiteRock/WillowBrook,15259282,11925,38,-208
2026-08-09T00:01:23.949910+00:00,1786233677,18705,531 WhiteRock/WillowBrook,15259282,12219,39,-236
2026-08-09T00:01:23.949910+00:00,1786233677,18705,531 WhiteRock/WillowBrook,15259282,11741,40,-349
2026-08-09T00:01:23.949910+00:00,1786233677,18705,531 WhiteRock/WillowBrook,15259282,11740,41,-355
2026-08-09T00:01:23.949910+00:00,1786233677,18705,531 WhiteRock/WillowBrook,15259282,11739,42,-303
2026-08-09T00:01:23.949910+00:00,1786233677,18705,531 WhiteRock/WillowBrook,15259282,11737,43,-253
2026-08-09T00:01:23.949910+00:00,1786233677,18705,531 WhiteRock/WillowBrook,15259282,11757,44,-275
2026-08-09T00:01:23.949910+00:00,1786233677,18705,531 WhiteRock/WillowBrook,15259282,11735,45,-238
2026-08-09T00:01:23.949910+00:00,1786233677,18705,531 WhiteRock/WillowBrook,15259282,11756,46,-232
2026-08-09T00:01:23.949910+00:00,1786233677,18705,531 WhiteRock/WillowBrook,15259282,5535,47,-200
2026-08-09T00:01:23.949910+00:00,1786233677,18705,531 WhiteRock/WillowBrook,15259282,5536,48,-209
2026-08-09T00:01:23.949910+00:00,1786233677,18705,531 WhiteRock/WillowBrook,15259282,5537,49,-214
2026-08-09T00:01:23.949910+00:00,1786233677,18705,531 WhiteRock/WillowBrook,15259282,5538,50,-218
2026-08-09T00:01:23.949910+00:00,1786233677,18705,531 WhiteRock/WillowBrook,15259282,5539,51,-198
2026-08-09T00:01:23.949910+00:00,1786233677,18705,531 WhiteRock/WillowBrook,15259282,5540,52,-181
2026-08-09T00:01:23.949910+00:00,1786233677,18705,531 WhiteRock/WillowBrook,15259283,11754,1,0
2026-08-09T00:01:23.949910+00:00,1786233677,18705,531 WhiteRock/WillowBrook,15259283,5364,13,-668
2026-08-09T00:01:23.949910+00:00,1786233677,18705,531 WhiteRock/WillowBrook,15259283,11775,14,-638
2026-08-09T00:01:23.949910+00:00,1786233677,18705,531 WhiteRock/WillowBrook,15259283,7171,15,-657
2026-08-09T00:01:23.949910+00:00,1786233677,18705,531 WhiteRock/WillowBrook,15259283,7172,16,-684
2026-08-09T00:01:23.949910+00:00,1786233677,18705,531 WhiteRock/WillowBrook,15259283,7173,17,-689
2026-08-09T00:01:23.949910+00:00,1786233677,18705,531 WhiteRock/WillowBrook,15259283,7174,18,-715
2026-08-09T00:01:23.949910+00:00,1786233677,18705,531 WhiteRock/WillowBrook,15259283,7175,19,-724
2026-08-09T00:01:23.949910+00:00,1786233677,18705,531 WhiteRock/WillowBrook,15259283,7176,20,-739
2026-08-09T00:01:23.949910+00:00,1786233677,18705,531 WhiteRock/WillowBrook,15259283,7177,21,-729
2026-08-09T00:01:23.949910+00:00,1786233677,18705,531 WhiteRock/WillowBrook,15259283,8948,22,-745
2026-08-09T00:01:23.949910+00:00,1786233677,18705,531 WhiteRock/WillowBrook,15259283,9031,23,-756
2026-08-09T00:01:23.949910+00:00,1786233677,18705,531 WhiteRock/WillowBrook,15259283,12931,24,-754
2026-08-09T00:01:23.949910+00:00,1786233677,18705,531 WhiteRock/WillowBrook,15259283,13041,25,-764
2026-08-09T00:01:23.949910+00:00,1786233677,18705,531 WhiteRock/WillowBrook,15259283,12929,26,-772
2026-08-09T00:01:23.949910+00:00,1786233677,18705,531 WhiteRock/WillowBrook,15259283,12927,27,-797
2026-08-09T00:01:23.949910+00:00,1786233677,18705,531 WhiteRock/WillowBrook,15259283,12926,28,-795
2026-08-09T00:01:23.949910+00:00,1786233677,18705,531 WhiteRock/WillowBrook,15259283,12924,29,-819
2026-08-09T00:01:23.949910+00:00,1786233677,18705,531 WhiteRock/WillowBrook,15259283,11751,30,-817
2026-08-09T00:01:23.949910+00:00,1786233677,18705,531 WhiteRock/WillowBrook,15259283,11750,31,-842
2026-08-09T00:01:23.949910+00:00,1786233677,18705,531 WhiteRock/WillowBrook,15259283,11747,32,-864
2026-08-09T00:01:23.949910+00:00,1786233677,18705,531 WhiteRock/WillowBrook,15259283,11745,33,-874
2026-08-09T00:01:23.949910+00:00,1786233677,18705,531 WhiteRock/WillowBrook,15259283,13040,34,-878
2026-08-09T00:01:23.949910+00:00,1786233677,18705,531 WhiteRock/WillowBrook,15259283,12598,35,-899
2026-08-09T00:01:23.949910+00:00,1786233677,18705,531 WhiteRock/WillowBrook,15259283,11920,36,-945
2026-08-09T00:01:23.949910+00:00,1786233677,18705,531 WhiteRock/WillowBrook,15259283,13130,37,-972
2026-08-09T00:01:23.949910+00:00,1786233677,18705,531 WhiteRock/WillowBrook,15259283,11925,38,-997
2026-08-09T00:01:23.949910+00:00,1786233677,18705,531 WhiteRock/WillowBrook,15259283,12219,39,-1026
2026-08-09T00:01:23.949910+00:00,1786233677,18705,531 WhiteRock/WillowBrook,15259283,11741,40,-1138
2026-08-09T00:01:23.949910+00:00,1786233677,18705,531 WhiteRock/WillowBrook,15259283,11740,41,-1145
2026-08-09T00:01:23.949910+00:00,1786233677,18705,531 WhiteRock/WillowBrook,15259283,11739,42,-1092
2026-08-09T00:01:23.949910+00:00,1786233677,18705,531 WhiteRock/WillowBrook,15259283,11737,43,-1051
2026-08-09T00:01:23.949910+00:00,1786233677,18705,531 WhiteRock/WillowBrook,15259283,11757,44,-1074
2026-08-09T00:01:23.949910+00:00,1786233677,18705,531 WhiteRock/WillowBrook,15259283,11735,45,-1037
2026-08-09T00:01:23.949910+00:00,1786233677,18705,531 WhiteRock/WillowBrook,15259283,11756,46,-1031
2026-08-09T00:01:23.949910+00:00,1786233677,18705,531 WhiteRock/WillowBrook,15259283,5535,47,-999
2026-08-09T00:01:23.949910+00:00,1786233677,18705,531 WhiteRock/WillowBrook,15259283,5536,48,-1009
2026-08-09T00:01:23.949910+00:00,1786233677,18705,531 WhiteRock/WillowBrook,15259283,5537,49,-1007
2026-08-09T00:01:23.949910+00:00,1786233677,18705,531 WhiteRock/WillowBrook,15259283,5538,50,-1009
2026-08-09T00:01:23.949910+00:00,1786233677,18705,531 WhiteRock/WillowBrook,15259283,5539,51,-997
2026-08-09T00:01:23.949910+00:00,1786233677,18705,531 WhiteRock/WillowBrook,15259283,5540,52,-981
2026-08-09T00:06:00.938289+00:00,1786233947,6705,321 Surrey Central/WhiteRock,15247329,5477,51,106
2026-08-09T00:06:00.938289+00:00,1786233947,6705,321 Surrey Central/WhiteRock,15247329,11725,52,36
2026-08-09T00:06:00.938289+00:00,1786233947,6705,321 Surrey Central/WhiteRock,15247329,5040,53,58
2026-08-09T00:06:00.938289+00:00,1786233947,6705,321 Surrey Central/WhiteRock,15247329,5041,54,64
2026-08-09T00:06:00.938289+00:00,1786233947,6705,321 Surrey Central/WhiteRock,15247329,12155,55,79
2026-08-09T00:06:00.938289+00:00,1786233947,6705,321 Surrey Central/WhiteRock,15247329,9089,56,89
2026-08-09T00:06:00.938289+00:00,1786233947,6705,321 Surrey Central/WhiteRock,15247329,7213,57,81
2026-08-09T00:06:00.938289+00:00,1786233947,6705,321 Surrey Central/WhiteRock,15247330,5468,42,129
2026-08-09T00:06:00.938289+00:00,1786233947,6705,321 Surrey Central/WhiteRock,15247330,5469,43,95
2026-08-09T00:06:00.938289+00:00,1786233947,6705,321 Surrey Central/WhiteRock,15247330,5470,44,75
2026-08-09T00:06:00.938289+00:00,1786233947,6705,321 Surrey Central/WhiteRock,15247330,5471,45,44
2026-08-09T00:06:00.938289+00:00,1786233947,6705,321 Surrey Central/WhiteRock,15247330,5472,46,21
2026-08-09T00:06:00.938289+00:00,1786233947,6705,321 Surrey Central/WhiteRock,15247330,5473,47,-24
2026-08-09T00:06:00.938289+00:00,1786233947,6705,321 Surrey Central/WhiteRock,15247330,5474,48,-22
2026-08-09T00:06:00.938289+00:00,1786233947,6705,321 Surrey Central/WhiteRock,15247330,5475,49,-64
2026-08-09T00:06:00.938289+00:00,1786233947,6705,321 Surrey Central/WhiteRock,15247330,5476,50,-83
2026-08-09T00:06:00.938289+00:00,1786233947,6705,321 Surrey Central/WhiteRock,15247330,5477,51,-102
2026-08-09T00:06:00.938289+00:00,1786233947,6705,321 Surrey Central/WhiteRock,15247330,11725,52,-126
2026-08-09T00:06:00.938289+00:00,1786233947,6705,321 Surrey Central/WhiteRock,15247330,5040,53,-103
2026-08-09T00:06:00.938289+00:00,1786233947,6705,321 Surrey Central/WhiteRock,15247330,5041,54,-97
2026-08-09T00:06:00.938289+00:00,1786233947,6705,321 Surrey Central/WhiteRock,15247330,12155,55,-82
2026-08-09T00:06:00.938289+00:00,1786233947,6705,321 Surrey Central/WhiteRock,15247330,9089,56,-72
2026-08-09T00:06:00.938289+00:00,1786233947,6705,321 Surrey Central/WhiteRock,15247330,7213,57,-80
2026-08-09T00:06:00.938289+00:00,1786233947,6705,321 Surrey Central/WhiteRock,15247331,5700,38,0
2026-08-09T00:06:00.938289+00:00,1786233947,6705,321 Surrey Central/WhiteRock,15247331,5465,39,18
2026-08-09T00:06:00.938289+00:00,1786233947,6705,321 Surrey Central/WhiteRock,15247331,5466,40,-19
2026-08-09T00:06:00.938289+00:00,1786233947,6705,321 Surrey Central/WhiteRock,15247331,5467,41,23
2026-08-09T00:06:00.938289+00:00,1786233947,6705,321 Surrey Central/WhiteRock,15247331,5468,42,-2
2026-08-09T00:06:00.938289+00:00,1786233947,6705,321 Surrey Central/WhiteRock,15247331,5469,43,-38
2026-08-09T00:06:00.938289+00:00,1786233947,6705,321 Surrey Central/WhiteRock,15247331,5470,44,-58
2026-08-09T00:06:00.938289+00:00,1786233947,6705,321 Surrey Central/WhiteRock,15247331,5471,45,-89
2026-08-09T00:06:00.938289+00:00,1786233947,6705,321 Surrey Central/WhiteRock,15247331,5472,46,-112
2026-08-09T00:06:00.938289+00:00,1786233947,6705,321 Surrey Central/WhiteRock,15247331,5473,47,-157
2026-08-09T00:06:00.938289+00:00,1786233947,6705,321 Surrey Central/WhiteRock,15247331,5474,48,-154
2026-08-09T00:06:00.938289+00:00,1786233947,6705,321 Surrey Central/WhiteRock,15247331,5475,49,-195
2026-08-09T00:06:00.938289+00:00,1786233947,6705,321 Surrey Central/WhiteRock,15247331,5476,50,-214
2026-08-09T00:06:00.938289+00:00,1786233947,6705,321 Surrey Central/WhiteRock,15247331,5477,51,-233
2026-08-09T00:06:00.938289+00:00,1786233947,6705,321 Surrey Central/WhiteRock,15247331,11725,52,-257
2026-08-09T00:06:00.938289+00:00,1786233947,6705,321 Surrey Central/WhiteRock,15247331,5040,53,-237
2026-08-09T00:06:00.938289+00:00,1786233947,6705,321 Surrey Central/WhiteRock,15247331,5041,54,-232
2026-08-09T00:06:00.938289+00:00,1786233947,6705,321 Surrey Central/WhiteRock,15247331,12155,55,-218
2026-08-09T00:06:00.938289+00:00,1786233947,6705,321 Surrey Central/WhiteRock,15247331,9089,56,-208
2026-08-09T00:06:00.938289+00:00,1786233947,6705,321 Surrey Central/WhiteRock,15247331,7213,57,-216
2026-08-09T00:06:00.938289+00:00,1786233947,6705,321 Surrey Central/WhiteRock,15247332,5454,28,-293
2026-08-09T00:06:00.938289+00:00,1786233947,6705,321 Surrey Central/WhiteRock,15247332,5455,29,-294
2026-08-09T00:06:00.938289+00:00,1786233947,6705,321 Surrey Central/WhiteRock,15247332,5456,30,-241
2026-08-09T00:06:00.938289+00:00,1786233947,6705,321 Surrey Central/WhiteRock,15247332,12651,31,-263
2026-08-09T00:06:00.938289+00:00,1786233947,6705,321 Surrey Central/WhiteRock,15247332,5458,32,-257
2026-08-09T00:06:00.938289+00:00,1786233947,6705,321 Surrey Central/WhiteRock,15247332,5459,33,-245
2026-08-09T00:06:00.938289+00:00,1786233947,6705,321 Surrey Central/WhiteRock,15247332,5460,34,-249
2026-08-09T00:06:00.938289+00:00,1786233947,6705,321 Surrey Central/WhiteRock,15247332,5461,35,-254
2026-08-09T00:06:00.938289+00:00,1786233947,6705,321 Surrey Central/WhiteRock,15247332,5462,36,-256
2026-08-09T00:06:00.938289+00:00,1786233947,6705,321 Surrey Central/WhiteRock,15247332,5463,37,-204
2026-08-09T00:06:00.938289+00:00,1786233947,6705,321 Surrey Central/WhiteRock,15247332,5700,38,0
2026-08-09T00:06:00.938289+00:00,1786233947,6705,321 Surrey Central/WhiteRock,15247332,5465,39,14
2026-08-09T00:06:00.938289+00:00,1786233947,6705,321 Surrey Central/WhiteRock,15247332,5466,40,-24
2026-08-09T00:06:00.938289+00:00,1786233947,6705,321 Surrey Central/WhiteRock,15247332,5467,41,18
2026-08-09T00:06:00.938289+00:00,1786233947,6705,321 Surrey Central/WhiteRock,15247332,5468,42,-7
2026-08-09T00:06:00.938289+00:00,1786233947,6705,321 Surrey Central/WhiteRock,15247332,5469,43,-39
2026-08-09T00:06:00.938289+00:00,1786233947,6705,321 Surrey Central/WhiteRock,15247332,5470,44,-59
2026-08-09T00:06:00.938289+00:00,1786233947,6705,321 Surrey Central/WhiteRock,15247332,5471,45,-90
2026-08-09T00:06:00.938289+00:00,1786233947,6705,321 Surrey Central/WhiteRock,15247332,5472,46,-110
2026-08-09T00:06:00.938289+00:00,1786233947,6705,321 Surrey Central/WhiteRock,15247332,5473,47,-155
2026-08-09T00:06:00.938289+00:00,1786233947,6705,321 Surrey Central/WhiteRock,15247332,5474,48,-153
2026-08-09T00:06:00.938289+00:00,1786233947,6705,321 Surrey Central/WhiteRock,15247332,5475,49,-194
2026-08-09T00:06:00.938289+00:00,1786233947,6705,321 Surrey Central/WhiteRock,15247332,5476,50,-208
2026-08-09T00:06:00.938289+00:00,1786233947,6705,321 Surrey Central/WhiteRock,15247332,5477,51,-227
2026-08-09T00:06:00.938289+00:00,1786233947,6705,321 Surrey Central/WhiteRock,15247332,11725,52,-251
2026-08-09T00:06:00.938289+00:00,1786233947,6705,321 Surrey Central/WhiteRock,15247332,5040,53,-235
2026-08-09T00:06:00.938289+00:00,1786233947,6705,321 Surrey Central/WhiteRock,15247332,5041,54,-230
2026-08-09T00:06:00.938289+00:00,1786233947,6705,321 Surrey Central/WhiteRock,15247332,12155,55,-215
2026-08-09T00:06:00.938289+00:00,1786233947,6705,321 Surrey Central/WhiteRock,15247332,9089,56,-205
2026-08-09T00:06:00.938289+00:00,1786233947,6705,321 Surrey Central/WhiteRock,15247332,7213,57,-213
2026-08-09T00:06:00.938289+00:00,1786233947,6705,321 Surrey Central/WhiteRock,15247333,5447,20,33
2026-08-09T00:06:00.938289+00:00,1786233947,6705,321 Surrey Central/WhiteRock,15247333,5448,21,39
2026-08-09T00:06:00.938289+00:00,1786233947,6705,321 Surrey Central/WhiteRock,15247333,10437,22,48
2026-08-09T00:06:00.938289+00:00,1786233947,6705,321 Surrey Central/WhiteRock,15247333,5449,23,4
2026-08-09T00:06:00.938289+00:00,1786233947,6705,321 Surrey Central/WhiteRock,15247333,11313,24,-32
2026-08-09T00:06:00.938289+00:00,1786233947,6705,321 Surrey Central/WhiteRock,15247333,10808,25,-162
2026-08-09T00:06:00.938289+00:00,1786233947,6705,321 Surrey Central/WhiteRock,15247333,5452,26,-274
2026-08-09T00:06:00.938289+00:00,1786233947,6705,321 Surrey Central/WhiteRock,15247333,11913,27,-288
2026-08-09T00:06:00.938289+00:00,1786233947,6705,321 Surrey Central/WhiteRock,15247333,5454,28,-291
2026-08-09T00:06:00.938289+00:00,1786233947,6705,321 Surrey Central/WhiteRock,15247333,5455,29,-292
2026-08-09T00:06:00.938289+00:00,1786233947,6705,321 Surrey Central/WhiteRock,15247333,5456,30,-239
2026-08-09T00:06:00.938289+00:00,1786233947,6705,321 Surrey Central/WhiteRock,15247333,12651,31,-261
2026-08-09T00:06:00.938289+00:00,1786233947,6705,321 Surrey Central/WhiteRock,15247333,5458,32,-256
2026-08-09T00:06:00.938289+00:00,1786233947,6705,321 Surrey Central/WhiteRock,15247333,5459,33,-244
2026-08-09T00:06:00.938289+00:00,1786233947,6705,321 Surrey Central/WhiteRock,15247333,5460,34,-249
2026-08-09T00:06:00.938289+00:00,1786233947,6705,321 Surrey Central/WhiteRock,15247333,5461,35,-255
2026-08-09T00:06:00.938289+00:00,1786233947,6705,321 Surrey Central/WhiteRock,15247333,5462,36,-259
2026-08-09T00:06:00.938289+00:00,1786233947,6705,321 Surrey Central/WhiteRock,15247333,5463,37,-207
2026-08-09T00:06:00.938289+00:00,1786233947,6705,321 Surrey Central/WhiteRock,15247333,5700,38,0
2026-08-09T00:06:00.938289+00:00,1786233947,6705,321 Surrey Central/WhiteRock,15247333,5465,39,14
2026-08-09T00:06:00.938289+00:00,1786233947,6705,321 Surrey Central/WhiteRock,15247333,5466,40,-24
2026-08-09T00:06:00.938289+00:00,1786233947,6705,321 Surrey Central/WhiteRock,15247333,5467,41,18
2026-08-09T00:06:00.938289+00:00,1786233947,6705,321 Surrey Central/WhiteRock,15247333,5468,42,-7
2026-08-09T00:06:00.938289+00:00,1786233947,6705,321 Surrey Central/WhiteRock,15247333,5469,43,-16
2026-08-09T00:06:00.938289+00:00,1786233947,6705,321 Surrey Central/WhiteRock,15247333,5470,44,-36
2026-08-09T00:06:00.938289+00:00,1786233947,6705,321 Surrey Central/WhiteRock,15247333,5471,45,-67
2026-08-09T00:06:00.938289+00:00,1786233947,6705,321 Surrey Central/WhiteRock,15247333,5472,46,-87
2026-08-09T00:06:00.938289+00:00,1786233947,6705,321 Surrey Central/WhiteRock,15247333,5473,47,-132
2026-08-09T00:06:00.938289+00:00,1786233947,6705,321 Surrey Central/WhiteRock,15247333,5474,48,-130
2026-08-09T00:06:00.938289+00:00,1786233947,6705,321 Surrey Central/WhiteRock,15247333,5475,49,-172
2026-08-09T00:06:00.938289+00:00,1786233947,6705,321 Surrey Central/WhiteRock,15247333,5476,50,-185
2026-08-09T00:06:00.938289+00:00,1786233947,6705,321 Surrey Central/WhiteRock,15247333,5477,51,-204
2026-08-09T00:06:00.938289+00:00,1786233947,6705,321 Surrey Central/WhiteRock,15247333,11725,52,-228
2026-08-09T00:06:00.938289+00:00,1786233947,6705,321 Surrey Central/WhiteRock,15247333,5040,53,-214
2026-08-09T00:06:00.938289+00:00,1786233947,6705,321 Surrey Central/WhiteRock,15247333,5041,54,-209
2026-08-09T00:06:00.938289+00:00,1786233947,6705,321 Surrey Central/WhiteRock,15247333,12155,55,-194
2026-08-09T00:06:00.938289+00:00,1786233947,6705,321 Surrey Central/WhiteRock,15247333,9089,56,-184
2026-08-09T00:06:00.938289+00:00,1786233947,6705,321 Surrey Central/WhiteRock,15247333,7213,57,-192
2026-08-09T00:06:00.938289+00:00,1786233947,6705,321 Surrey Central/WhiteRock,15247334,6356,8,66
2026-08-09T00:06:00.938289+00:00,1786233947,6705,321 Surrey Central/WhiteRock,15247334,6174,9,125
2026-08-09T00:06:00.938289+00:00,1786233947,6705,321 Surrey Central/WhiteRock,15247334,5437,10,143
2026-08-09T00:06:00.938289+00:00,1786233947,6705,321 Surrey Central/WhiteRock,15247334,5438,11,139
2026-08-09T00:06:00.938289+00:00,1786233947,6705,321 Surrey Central/WhiteRock,15247334,5439,12,149
2026-08-09T00:06:00.938289+00:00,1786233947,6705,321 Surrey Central/WhiteRock,15247334,5440,13,133
2026-08-09T00:06:00.938289+00:00,1786233947,6705,321 Surrey Central/WhiteRock,15247334,5441,14,152
2026-08-09T00:06:00.938289+00:00,1786233947,6705,321 Surrey Central/WhiteRock,15247334,5442,15,132
2026-08-09T00:06:00.938289+00:00,1786233947,6705,321 Surrey Central/WhiteRock,15247334,5444,16,142
2026-08-09T00:06:00.938289+00:00,1786233947,6705,321 Surrey Central/WhiteRock,15247334,9083,17,127
2026-08-09T00:06:00.938289+00:00,1786233947,6705,321 Surrey Central/WhiteRock,15247334,5446,18,143
2026-08-09T00:06:00.938289+00:00,1786233947,6705,321 Surrey Central/WhiteRock,15247334,10445,19,138
2026-08-09T00:06:00.938289+00:00,1786233947,6705,321 Surrey Central/WhiteRock,15247334,5447,20,107
2026-08-09T00:06:00.938289+00:00,1786233947,6705,321 Surrey Central/WhiteRock,15247334,5448,21,113
2026-08-09T00:06:00.938289+00:00,1786233947,6705,321 Surrey Central/WhiteRock,15247334,10437,22,121
2026-08-09T00:06:00.938289+00:00,1786233947,6705,321 Surrey Central/WhiteRock,15247334,5449,23,77
2026-08-09T00:06:00.938289+00:00,1786233947,6705,321 Surrey Central/WhiteRock,15247334,11313,24,40
2026-08-09T00:06:00.938289+00:00,1786233947,6705,321 Surrey Central/WhiteRock,15247334,10808,25,-90
2026-08-09T00:06:00.938289+00:00,1786233947,6705,321 Surrey Central/WhiteRock,15247334,5452,26,-202
2026-08-09T00:06:00.938289+00:00,1786233947,6705,321 Surrey Central/WhiteRock,15247334,11913,27,-215
2026-08-09T00:06:00.938289+00:00,1786233947,6705,321 Surrey Central/WhiteRock,15247334,5454,28,-217
2026-08-09T00:06:00.938289+00:00,1786233947,6705,321 Surrey Central/WhiteRock,15247334,5455,29,-218
2026-08-09T00:06:00.938289+00:00,1786233947,6705,321 Surrey Central/WhiteRock,15247334,5456,30,-166
2026-08-09T00:06:00.938289+00:00,1786233947,6705,321 Surrey Central/WhiteRock,15247334,12651,31,-188
2026-08-09T00:06:00.938289+00:00,1786233947,6705,321 Surrey Central/WhiteRock,15247334,5458,32,-183
2026-08-09T00:06:00.938289+00:00,1786233947,6705,321 Surrey Central/WhiteRock,15247334,5459,33,-171
2026-08-09T00:06:00.938289+00:00,1786233947,6705,321 Surrey Central/WhiteRock,15247334,5460,34,-176
2026-08-09T00:06:00.938289+00:00,1786233947,6705,321 Surrey Central/WhiteRock,15247334,5461,35,-182
2026-08-09T00:06:00.938289+00:00,1786233947,6705,321 Surrey Central/WhiteRock,15247334,5462,36,-185
2026-08-09T00:06:00.938289+00:00,1786233947,6705,321 Surrey Central/WhiteRock,15247334,5463,37,-132
2026-08-09T00:06:00.938289+00:00,1786233947,6705,321 Surrey Central/WhiteRock,15247334,5700,38,0
2026-08-09T00:06:00.938289+00:00,1786233947,6705,321 Surrey Central/WhiteRock,15247334,5465,39,14
2026-08-09T00:06:00.938289+00:00,1786233947,6705,321 Surrey Central/WhiteRock,15247334,5466,40,-24
2026-08-09T00:06:00.938289+00:00,1786233947,6705,321 Surrey Central/WhiteRock,15247334,5467,41,18
2026-08-09T00:06:00.938289+00:00,1786233947,6705,321 Surrey Central/WhiteRock,15247334,5468,42,-7
2026-08-09T00:06:00.938289+00:00,1786233947,6705,321 Surrey Central/WhiteRock,15247334,5469,43,-16
2026-08-09T00:06:00.938289+00:00,1786233947,6705,321 Surrey Central/WhiteRock,15247334,5470,44,-36
2026-08-09T00:06:00.938289+00:00,1786233947,6705,321 Surrey Central/WhiteRock,15247334,5471,45,-67
2026-08-09T00:06:00.938289+00:00,1786233947,6705,321 Surrey Central/WhiteRock,15247334,5472,46,-86
2026-08-09T00:06:00.938289+00:00,1786233947,6705,321 Surrey Central/WhiteRock,15247334,5473,47,-131
2026-08-09T00:06:00.938289+00:00,1786233947,6705,321 Surrey Central/WhiteRock,15247334,5474,48,-129
2026-08-09T00:06:00.938289+00:00,1786233947,6705,321 Surrey Central/WhiteRock,15247334,5475,49,-171
2026-08-09T00:06:00.938289+00:00,1786233947,6705,321 Surrey Central/WhiteRock,15247334,5476,50,-184
2026-08-09T00:06:00.938289+00:00,1786233947,6705,321 Surrey Central/WhiteRock,15247334,5477,51,-203
2026-08-09T00:06:00.938289+00:00,1786233947,6705,321 Surrey Central/WhiteRock,15247334,11725,52,-227
2026-08-09T00:06:00.938289+00:00,1786233947,6705,321 Surrey Central/WhiteRock,15247334,5040,53,-212
2026-08-09T00:06:00.938289+00:00,1786233947,6705,321 Surrey Central/WhiteRock,15247334,5041,54,-207
2026-08-09T00:06:00.938289+00:00,1786233947,6705,321 Surrey Central/WhiteRock,15247334,12155,55,-193
2026-08-09T00:06:00.938289+00:00,1786233947,6705,321 Surrey Central/WhiteRock,15247334,9089,56,-183
2026-08-09T00:06:00.938289+00:00,1786233947,6705,321 Surrey Central/WhiteRock,15247334,7213,57,-191
2026-08-09T00:06:00.938289+00:00,1786233947,6705,321 Surrey Central/WhiteRock,15247364,10880,1,0
2026-08-09T00:06:00.938289+00:00,1786233947,6705,321 Surrey Central/WhiteRock,15247364,5046,2,-795
2026-08-09T00:06:00.938289+00:00,1786233947,6705,321 Surrey Central/WhiteRock,15247364,5047,3,-789
2026-08-09T00:06:00.938289+00:00,1786233947,6705,321 Surrey Central/WhiteRock,15247364,8566,4,-818
2026-08-09T00:06:00.938289+00:00,1786233947,6705,321 Surrey Central/WhiteRock,15247364,12916,5,-804
2026-08-09T00:06:00.938289+00:00,1786233947,6705,321 Surrey Central/WhiteRock,15247364,5049,6,-812
2026-08-09T00:06:00.938289+00:00,1786233947,6705,321 Surrey Central/WhiteRock,15247364,5039,7,-810
2026-08-09T00:06:00.938289+00:00,1786233947,6705,321 Surrey Central/WhiteRock,15247364,8351,8,-831
2026-08-09T00:06:00.938289+00:00,1786233947,6705,321 Surrey Central/WhiteRock,15247364,5496,9,-885
2026-08-09T00:06:00.938289+00:00,1786233947,6705,321 Surrey Central/WhiteRock,15247364,5497,10,-922
2026-08-09T00:06:00.938289+00:00,1786233947,6705,321 Surrey Central/WhiteRock,15247364,5498,11,-932
2026-08-09T00:06:00.938289+00:00,1786233947,6705,321 Surrey Central/WhiteRock,15247364,5499,12,-965
2026-08-09T00:06:00.938289+00:00,1786233947,6705,321 Surrey Central/WhiteRock,15247364,5500,13,-973
2026-08-09T00:06:00.938289+00:00,1786233947,6705,321 Surrey Central/WhiteRock,15247364,5501,14,-996
2026-08-09T00:06:00.938289+00:00,1786233947,6705,321 Surrey Central/WhiteRock,15247364,5502,15,-1007
2026-08-09T00:06:00.938289+00:00,1786233947,6705,321 Surrey Central/WhiteRock,15247364,5503,16,-1029
2026-08-09T00:06:00.938289+00:00,1786233947,6705,321 Surrey Central/WhiteRock,15247364,5504,17,-1076
2026-08-09T00:06:00.938289+00:00,1786233947,6705,321 Surrey Central/WhiteRock,15247364,5505,18,-1056
2026-08-09T00:06:00.938289+00:00,1786233947,6705,321 Surrey Central/WhiteRock,15247364,5507,19,-1065
2026-08-09T00:06:00.938289+00:00,1786233947,6705,321 Surrey Central/WhiteRock,15247364,5633,20,0
2026-08-09T00:06:00.938289+00:00,1786233947,6705,321 Surrey Central/WhiteRock,15247364,5510,21,46
2026-08-09T00:06:00.938289+00:00,1786233947,6705,321 Surrey Central/WhiteRock,15247364,5511,22,39
2026-08-09T00:06:00.938289+00:00,1786233947,6705,321 Surrey Central/WhiteRock,15247364,5512,23,34
2026-08-09T00:06:00.938289+00:00,1786233947,6705,321 Surrey Central/WhiteRock,15247364,5513,24,21
2026-08-09T00:06:00.938289+00:00,1786233947,6705,321 Surrey Central/WhiteRock,15247364,5514,25,93
2026-08-09T00:06:00.938289+00:00,1786233947,6705,321 Surrey Central/WhiteRock,15247364,5515,26,87
2026-08-09T00:06:00.938289+00:00,1786233947,6705,321 Surrey Central/WhiteRock,15247364,5516,27,96
2026-08-09T00:06:00.938289+00:00,1786233947,6705,321 Surrey Central/WhiteRock,15247364,5517,28,115
2026-08-09T00:06:00.938289+00:00,1786233947,6705,321 Surrey Central/WhiteRock,15247364,5518,29,120
2026-08-09T00:06:00.938289+00:00,1786233947,6705,321 Surrey Central/WhiteRock,15247364,5519,30,101
2026-08-09T00:06:00.938289+00:00,1786233947,6705,321 Surrey Central/WhiteRock,15247364,5520,31,90
2026-08-09T00:06:00.938289+00:00,1786233947,6705,321 Surrey Central/WhiteRock,15247364,5521,32,-104
2026-08-09T00:06:00.938289+00:00,1786233947,6705,321 Surrey Central/WhiteRock,15247364,5522,33,-230
2026-08-09T00:06:00.938289+00:00,1786233947,6705,321 Surrey Central/WhiteRock,15247364,5523,34,-264
2026-08-09T00:06:00.938289+00:00,1786233947,6705,321 Surrey Central/WhiteRock,15247364,6466,35,-278
2026-08-09T00:06:00.938289+00:00,1786233947,6705,321 Surrey Central/WhiteRock,15247364,5524,36,-274
2026-08-09T00:06:00.938289+00:00,1786233947,6705,321 Surrey Central/WhiteRock,15247364,5525,37,-299
2026-08-09T00:06:00.938289+00:00,1786233947,6705,321 Surrey Central/WhiteRock,15247364,10443,38,-319
2026-08-09T00:06:00.938289+00:00,1786233947,6705,321 Surrey Central/WhiteRock,15247364,5528,39,-313
2026-08-09T00:06:00.938289+00:00,1786233947,6705,321 Surrey Central/WhiteRock,15247364,5529,40,-333
2026-08-09T00:06:00.938289+00:00,1786233947,6705,321 Surrey Central/WhiteRock,15247364,5530,41,-348
2026-08-09T00:06:00.938289+00:00,1786233947,6705,321 Surrey Central/WhiteRock,15247364,5533,42,-345
2026-08-09T00:06:00.938289+00:00,1786233947,6705,321 Surrey Central/WhiteRock,15247364,5534,43,-362
2026-08-09T00:06:00.938289+00:00,1786233947,6705,321 Surrey Central/WhiteRock,15247364,5535,44,-360
2026-08-09T00:06:00.938289+00:00,1786233947,6705,321 Surrey Central/WhiteRock,15247364,5536,45,-376
2026-08-09T00:06:00.938289+00:00,1786233947,6705,321 Surrey Central/WhiteRock,15247364,5537,46,-376
2026-08-09T00:06:00.938289+00:00,1786233947,6705,321 Surrey Central/WhiteRock,15247364,5538,47,-384
2026-08-09T00:06:00.938289+00:00,1786233947,6705,321 Surrey Central/WhiteRock,15247364,5541,48,-364
2026-08-09T00:06:00.938289+00:00,1786233947,6705,321 Surrey Central/WhiteRock,15247364,5542,49,-342
2026-08-09T00:06:00.938289+00:00,1786233947,6705,321 Surrey Central/WhiteRock,15247364,6195,50,-308
2026-08-09T00:06:00.938289+00:00,1786233947,6705,321 Surrey Central/WhiteRock,15247374,10880,1,0
2026-08-09T00:06:00.938289+00:00,1786233947,6705,321 Surrey Central/WhiteRock,15247374,5502,15,-1287
2026-08-09T00:06:00.938289+00:00,1786233947,6705,321 Surrey Central/WhiteRock,15247374,5503,16,-1291
2026-08-09T00:06:00.938289+00:00,1786233947,6705,321 Surrey Central/WhiteRock,15247374,5504,17,-1338
2026-08-09T00:06:00.938289+00:00,1786233947,6705,321 Surrey Central/WhiteRock,15247374,5505,18,-1317
2026-08-09T00:06:00.938289+00:00,1786233947,6705,321 Surrey Central/WhiteRock,15247374,5507,19,-1322
2026-08-09T00:06:00.938289+00:00,1786233947,6705,321 Surrey Central/WhiteRock,15247374,5633,20,0
2026-08-09T00:06:00.938289+00:00,1786233947,6705,321 Surrey Central/WhiteRock,15247374,5510,21,38
2026-08-09T00:06:00.938289+00:00,1786233947,6705,321 Surrey Central/WhiteRock,15247374,5511,22,31
2026-08-09T00:06:00.938289+00:00,1786233947,6705,321 Surrey Central/WhiteRock,15247374,5512,23,26
2026-08-09T00:06:00.938289+00:00,1786233947,6705,321 Surrey Central/WhiteRock,15247374,5513,24,18
2026-08-09T00:06:00.938289+00:00,1786233947,6705,321 Surrey Central/WhiteRock,15247374,5514,25,90
2026-08-09T00:06:00.938289+00:00,1786233947,6705,321 Surrey Central/WhiteRock,15247374,5515,26,84
2026-08-09T00:06:00.938289+00:00,1786233947,6705,321 Surrey Central/WhiteRock,15247374,5516,27,90
2026-08-09T00:06:00.938289+00:00,1786233947,6705,321 Surrey Central/WhiteRock,15247374,5517,28,109
2026-08-09T00:06:00.938289+00:00,1786233947,6705,321 Surrey Central/WhiteRock,15247374,5518,29,115
2026-08-09T00:06:00.938289+00:00,1786233947,6705,321 Surrey Central/WhiteRock,15247374,5519,30,96
2026-08-09T00:06:00.938289+00:00,1786233947,6705,321 Surrey Central/WhiteRock,15247374,5520,31,84
2026-08-09T00:06:00.938289+00:00,1786233947,6705,321 Surrey Central/WhiteRock,15247374,5521,32,-110
2026-08-09T00:06:00.938289+00:00,1786233947,6705,321 Surrey Central/WhiteRock,15247374,5522,33,-235
2026-08-09T00:06:00.938289+00:00,1786233947,6705,321 Surrey Central/WhiteRock,15247374,5523,34,-268
2026-08-09T00:06:00.938289+00:00,1786233947,6705,321 Surrey Central/WhiteRock,15247374,6466,35,-283
2026-08-09T00:06:00.938289+00:00,1786233947,6705,321 Surrey Central/WhiteRock,15247374,5524,36,-270
2026-08-09T00:06:00.938289+00:00,1786233947,6705,321 Surrey Central/WhiteRock,15247374,5525,37,-298
2026-08-09T00:06:00.938289+00:00,1786233947,6705,321 Surrey Central/WhiteRock,15247374,10443,38,-327
2026-08-09T00:06:00.938289+00:00,1786233947,6705,321 Surrey Central/WhiteRock,15247374,5528,39,-324
2026-08-09T00:06:00.938289+00:00,1786233947,6705,321 Surrey Central/WhiteRock,15247374,5529,40,-344
2026-08-09T00:06:00.938289+00:00,1786233947,6705,321 Surrey Central/WhiteRock,15247374,5530,41,-357
2026-08-09T00:06:00.938289+00:00,1786233947,6705,321 Surrey Central/WhiteRock,15247374,5533,42,-360
2026-08-09T00:06:00.938289+00:00,1786233947,6705,321 Surrey Central/WhiteRock,15247374,5534,43,-379
2026-08-09T00:06:00.938289+00:00,1786233947,6705,321 Surrey Central/WhiteRock,15247374,5535,44,-376
2026-08-09T00:06:00.938289+00:00,1786233947,6705,321 Surrey Central/WhiteRock,15247374,5536,45,-393
2026-08-09T00:06:00.938289+00:00,1786233947,6705,321 Surrey Central/WhiteRock,15247374,5537,46,-407
2026-08-09T00:06:00.938289+00:00,1786233947,6705,321 Surrey Central/WhiteRock,15247374,5538,47,-415
2026-08-09T00:06:00.938289+00:00,1786233947,6705,321 Surrey Central/WhiteRock,15247374,5541,48,-393
2026-08-09T00:06:00.938289+00:00,1786233947,6705,321 Surrey Central/WhiteRock,15247374,5542,49,-372
2026-08-09T00:06:00.938289+00:00,1786233947,6705,321 Surrey Central/WhiteRock,15247374,6195,50,-329
2026-08-09T00:06:00.938289+00:00,1786233947,6705,321 Surrey Central/WhiteRock,15247445,5528,39,-367
2026-08-09T00:06:00.938289+00:00,1786233947,6705,321 Surrey Central/WhiteRock,15247445,5529,40,-383
2026-08-09T00:06:00.938289+00:00,1786233947,6705,321 Surrey Central/WhiteRock,15247445,5530,41,-396
2026-08-09T00:06:00.938289+00:00,1786233947,6705,321 Surrey Central/WhiteRock,15247445,5533,42,-401
2026-08-09T00:06:00.938289+00:00,1786233947,6705,321 Surrey Central/WhiteRock,15247445,5534,43,-419
2026-08-09T00:06:00.938289+00:00,1786233947,6705,321 Surrey Central/WhiteRock,15247445,5535,44,-401
2026-08-09T00:06:00.938289+00:00,1786233947,6705,321 Surrey Central/WhiteRock,15247445,5536,45,-417
2026-08-09T00:06:00.938289+00:00,1786233947,6705,321 Surrey Central/WhiteRock,15247445,5537,46,-426
2026-08-09T00:06:00.938289+00:00,1786233947,6705,321 Surrey Central/WhiteRock,15247445,5538,47,-433
2026-08-09T00:06:00.938289+00:00,1786233947,6705,321 Surrey Central/WhiteRock,15247445,5541,48,-405
2026-08-09T00:06:00.938289+00:00,1786233947,6705,321 Surrey Central/WhiteRock,15247445,5542,49,-388
2026-08-09T00:06:00.938289+00:00,1786233947,6705,321 Surrey Central/WhiteRock,15247445,6195,50,-356
2026-08-09T00:06:00.938289+00:00,1786233947,6705,321 Surrey Central/WhiteRock,15247446,5519,30,48
2026-08-09T00:06:00.938289+00:00,1786233947,6705,321 Surrey Central/WhiteRock,15247446,5520,31,36
2026-08-09T00:06:00.938289+00:00,1786233947,6705,321 Surrey Central/WhiteRock,15247446,5521,32,-159
2026-08-09T00:06:00.938289+00:00,1786233947,6705,321 Surrey Central/WhiteRock,15247446,5522,33,-284
2026-08-09T00:06:00.938289+00:00,1786233947,6705,321 Surrey Central/WhiteRock,15247446,5523,34,-318
2026-08-09T00:06:00.938289+00:00,1786233947,6705,321 Surrey Central/WhiteRock,15247446,6466,35,-333
2026-08-09T00:06:00.938289+00:00,1786233947,6705,321 Surrey Central/WhiteRock,15247446,5524,36,-324
2026-08-09T00:06:00.938289+00:00,1786233947,6705,321 Surrey Central/WhiteRock,15247446,5525,37,-352
2026-08-09T00:06:00.938289+00:00,1786233947,6705,321 Surrey Central/WhiteRock,15247446,10443,38,-378
2026-08-09T00:06:00.938289+00:00,1786233947,6705,321 Surrey Central/WhiteRock,15247446,5528,39,-373
2026-08-09T00:06:00.938289+00:00,1786233947,6705,321 Surrey Central/WhiteRock,15247446,5529,40,-392
2026-08-09T00:06:00.938289+00:00,1786233947,6705,321 Surrey Central/WhiteRock,15247446,5530,41,-404
2026-08-09T00:06:00.938289+00:00,1786233947,6705,321 Surrey Central/WhiteRock,15247446,5533,42,-409
2026-08-09T00:06:00.938289+00:00,1786233947,6705,321 Surrey Central/WhiteRock,15247446,5534,43,-427
2026-08-09T00:06:00.938289+00:00,1786233947,6705,321 Surrey Central/WhiteRock,15247446,5535,44,-399
2026-08-09T00:06:00.938289+00:00,1786233947,6705,321 Surrey Central/WhiteRock,15247446,5536,45,-416
2026-08-09T00:06:00.938289+00:00,1786233947,6705,321 Surrey Central/WhiteRock,15247446,5537,46,-424
2026-08-09T00:06:00.938289+00:00,1786233947,6705,321 Surrey Central/WhiteRock,15247446,5538,47,-432
2026-08-09T00:06:00.938289+00:00,1786233947,6705,321 Surrey Central/WhiteRock,15247446,5541,48,-406
2026-08-09T00:06:00.938289+00:00,1786233947,6705,321 Surrey Central/WhiteRock,15247446,5542,49,-389
2026-08-09T00:06:00.938289+00:00,1786233947,6705,321 Surrey Central/WhiteRock,15247446,6195,50,-357
2026-08-09T00:06:00.938289+00:00,1786233947,6705,321 Surrey Central/WhiteRock,15247447,5505,18,258
2026-08-09T00:06:00.938289+00:00,1786233947,6705,321 Surrey Central/WhiteRock,15247447,5507,19,248
2026-08-09T00:06:00.938289+00:00,1786233947,6705,321 Surrey Central/WhiteRock,15247447,5633,20,299
2026-08-09T00:06:00.938289+00:00,1786233947,6705,321 Surrey Central/WhiteRock,15247447,5510,21,343
2026-08-09T00:06:00.938289+00:00,1786233947,6705,321 Surrey Central/WhiteRock,15247447,5511,22,336
2026-08-09T00:06:00.938289+00:00,1786233947,6705,321 Surrey Central/WhiteRock,15247447,5512,23,331
2026-08-09T00:06:00.938289+00:00,1786233947,6705,321 Surrey Central/WhiteRock,15247447,5513,24,320
2026-08-09T00:06:00.938289+00:00,1786233947,6705,321 Surrey Central/WhiteRock,15247447,5514,25,392
2026-08-09T00:06:00.938289+00:00,1786233947,6705,321 Surrey Central/WhiteRock,15247447,5515,26,386
2026-08-09T00:06:00.938289+00:00,1786233947,6705,321 Surrey Central/WhiteRock,15247447,5516,27,383
2026-08-09T00:06:00.938289+00:00,1786233947,6705,321 Surrey Central/WhiteRock,15247447,5517,28,399
2026-08-09T00:06:00.938289+00:00,1786233947,6705,321 Surrey Central/WhiteRock,15247447,5518,29,404
2026-08-09T00:06:00.938289+00:00,1786233947,6705,321 Surrey Central/WhiteRock,15247447,5519,30,385
2026-08-09T00:06:00.938289+00:00,1786233947,6705,321 Surrey Central/WhiteRock,15247447,5520,31,373
2026-08-09T00:06:00.938289+00:00,1786233947,6705,321 Surrey Central/WhiteRock,15247447,5521,32,178
2026-08-09T00:06:00.938289+00:00,1786233947,6705,321 Surrey Central/WhiteRock,15247447,5522,33,53
2026-08-09T00:06:00.938289+00:00,1786233947,6705,321 Surrey Central/WhiteRock,15247447,5523,34,19
2026-08-09T00:06:00.938289+00:00,1786233947,6705,321 Surrey Central/WhiteRock,15247447,6466,35,4
2026-08-09T00:06:00.938289+00:00,1786233947,6705,321 Surrey Central/WhiteRock,15247447,5524,36,14
2026-08-09T00:06:00.938289+00:00,1786233947,6705,321 Surrey Central/WhiteRock,15247447,5525,37,-9
2026-08-09T00:06:00.938289+00:00,1786233947,6705,321 Surrey Central/WhiteRock,15247447,10443,38,-25
2026-08-09T00:06:00.938289+00:00,1786233947,6705,321 Surrey Central/WhiteRock,15247447,5528,39,-22
2026-08-09T00:06:00.938289+00:00,1786233947,6705,321 Surrey Central/WhiteRock,15247447,5529,40,-41
2026-08-09T00:06:00.938289+00:00,1786233947,6705,321 Surrey Central/WhiteRock,15247447,5530,41,-53
2026-08-09T00:06:00.938289+00:00,1786233947,6705,321 Surrey Central/WhiteRock,15247447,5533,42,-53
2026-08-09T00:06:00.938289+00:00,1786233947,6705,321 Surrey Central/WhiteRock,15247447,5534,43,-69
2026-08-09T00:06:00.938289+00:00,1786233947,6705,321 Surrey Central/WhiteRock,15247447,5535,44,-65
2026-08-09T00:06:00.938289+00:00,1786233947,6705,321 Surrey Central/WhiteRock,15247447,5536,45,-81
2026-08-09T00:06:00.938289+00:00,1786233947,6705,321 Surrey Central/WhiteRock,15247447,5537,46,-79
2026-08-09T00:06:00.938289+00:00,1786233947,6705,321 Surrey Central/WhiteRock,15247447,5538,47,-84
2026-08-09T00:06:00.938289+00:00,1786233947,6705,321 Surrey Central/WhiteRock,15247447,5541,48,-56
2026-08-09T00:06:00.938289+00:00,1786233947,6705,321 Surrey Central/WhiteRock,15247447,5542,49,-36
2026-08-09T00:06:00.938289+00:00,1786233947,6705,321 Surrey Central/WhiteRock,15247447,6195,50,0
2026-08-09T00:06:00.938289+00:00,1786233947,6705,321 Surrey Central/WhiteRock,15247448,5501,14,-31
2026-08-09T00:06:00.938289+00:00,1786233947,6705,321 Surrey Central/WhiteRock,15247448,5502,15,-42
2026-08-09T00:06:00.938289+00:00,1786233947,6705,321 Surrey Central/WhiteRock,15247448,5503,16,-66
2026-08-09T00:06:00.938289+00:00,1786233947,6705,321 Surrey Central/WhiteRock,15247448,5504,17,-113
2026-08-09T00:06:00.938289+00:00,1786233947,6705,321 Surrey Central/WhiteRock,15247448,5505,18,-92
2026-08-09T00:06:00.938289+00:00,1786233947,6705,321 Surrey Central/WhiteRock,15247448,5507,19,-94
2026-08-09T00:06:00.938289+00:00,1786233947,6705,321 Surrey Central/WhiteRock,15247448,5633,20,0
2026-08-09T00:06:00.938289+00:00,1786233947,6705,321 Surrey Central/WhiteRock,15247448,5510,21,39
2026-08-09T00:06:00.938289+00:00,1786233947,6705,321 Surrey Central/WhiteRock,15247448,5511,22,32
2026-08-09T00:06:00.938289+00:00,1786233947,6705,321 Surrey Central/WhiteRock,15247448,5512,23,27
2026-08-09T00:06:00.938289+00:00,1786233947,6705,321 Surrey Central/WhiteRock,15247448,5513,24,16
2026-08-09T00:06:00.938289+00:00,1786233947,6705,321 Surrey Central/WhiteRock,15247448,5514,25,88
2026-08-09T00:06:00.938289+00:00,1786233947,6705,321 Surrey Central/WhiteRock,15247448,5515,26,82
2026-08-09T00:06:00.938289+00:00,1786233947,6705,321 Surrey Central/WhiteRock,15247448,5516,27,85
2026-08-09T00:06:00.938289+00:00,1786233947,6705,321 Surrey Central/WhiteRock,15247448,5517,28,101
2026-08-09T00:06:00.938289+00:00,1786233947,6705,321 Surrey Central/WhiteRock,15247448,5518,29,107
2026-08-09T00:06:00.938289+00:00,1786233947,6705,321 Surrey Central/WhiteRock,15247448,5519,30,88
2026-08-09T00:06:00.938289+00:00,1786233947,6705,321 Surrey Central/WhiteRock,15247448,5520,31,76
2026-08-09T00:06:00.938289+00:00,1786233947,6705,321 Surrey Central/WhiteRock,15247448,5521,32,-119
2026-08-09T00:06:00.938289+00:00,1786233947,6705,321 Surrey Central/WhiteRock,15247448,5522,33,-244
2026-08-09T00:06:00.938289+00:00,1786233947,6705,321 Surrey Central/WhiteRock,15247448,5523,34,-278
2026-08-09T00:06:00.938289+00:00,1786233947,6705,321 Surrey Central/WhiteRock,15247448,6466,35,-293
2026-08-09T00:06:00.938289+00:00,1786233947,6705,321 Surrey Central/WhiteRock,15247448,5524,36,-284
2026-08-09T00:06:00.938289+00:00,1786233947,6705,321 Surrey Central/WhiteRock,15247448,5525,37,-312
2026-08-09T00:06:00.938289+00:00,1786233947,6705,321 Surrey Central/WhiteRock,15247448,10443,38,-338
2026-08-09T00:06:00.938289+00:00,1786233947,6705,321 Surrey Central/WhiteRock,15247448,5528,39,-333
2026-08-09T00:06:00.938289+00:00,1786233947,6705,321 Surrey Central/WhiteRock,15247448,5529,40,-350
2026-08-09T00:06:00.938289+00:00,1786233947,6705,321 Surrey Central/WhiteRock,15247448,5530,41,-364
2026-08-09T00:06:00.938289+00:00,1786233947,6705,321 Surrey Central/WhiteRock,15247448,5533,42,-368
2026-08-09T00:06:00.938289+00:00,1786233947,6705,321 Surrey Central/WhiteRock,15247448,5534,43,-386
2026-08-09T00:06:00.938289+00:00,1786233947,6705,321 Surrey Central/WhiteRock,15247448,5535,44,-378
2026-08-09T00:06:00.938289+00:00,1786233947,6705,321 Surrey Central/WhiteRock,15247448,5536,45,-395
2026-08-09T00:06:00.938289+00:00,1786233947,6705,321 Surrey Central/WhiteRock,15247448,5537,46,-402
2026-08-09T00:06:00.938289+00:00,1786233947,6705,321 Surrey Central/WhiteRock,15247448,5538,47,-407
2026-08-09T00:06:00.938289+00:00,1786233947,6705,321 Surrey Central/WhiteRock,15247448,5541,48,-380
2026-08-09T00:06:00.938289+00:00,1786233947,6705,321 Surrey Central/WhiteRock,15247448,5542,49,-363
2026-08-09T00:06:00.938289+00:00,1786233947,6705,321 Surrey Central/WhiteRock,15247448,6195,50,-330
2026-08-09T00:06:00.938289+00:00,1786233947,6705,321 Surrey Central/WhiteRock,15247449,12916,5,127
2026-08-09T00:06:00.938289+00:00,1786233947,6705,321 Surrey Central/WhiteRock,15247449,5049,6,119
2026-08-09T00:06:00.938289+00:00,1786233947,6705,321 Surrey Central/WhiteRock,15247449,5039,7,121
2026-08-09T00:06:00.938289+00:00,1786233947,6705,321 Surrey Central/WhiteRock,15247449,8351,8,100
2026-08-09T00:06:00.938289+00:00,1786233947,6705,321 Surrey Central/WhiteRock,15247449,5496,9,46
2026-08-09T00:06:00.938289+00:00,1786233947,6705,321 Surrey Central/WhiteRock,15247449,5497,10,9
2026-08-09T00:06:00.938289+00:00,1786233947,6705,321 Surrey Central/WhiteRock,15247449,5498,11,-1
2026-08-09T00:06:00.938289+00:00,1786233947,6705,321 Surrey Central/WhiteRock,15247449,5499,12,-34
2026-08-09T00:06:00.938289+00:00,1786233947,6705,321 Surrey Central/WhiteRock,15247449,5500,13,-42
2026-08-09T00:06:00.938289+00:00,1786233947,6705,321 Surrey Central/WhiteRock,15247449,5501,14,-65
2026-08-09T00:06:00.938289+00:00,1786233947,6705,321 Surrey Central/WhiteRock,15247449,5502,15,-75
2026-08-09T00:06:00.938289+00:00,1786233947,6705,321 Surrey Central/WhiteRock,15247449,5503,16,-79
2026-08-09T00:06:00.938289+00:00,1786233947,6705,321 Surrey Central/WhiteRock,15247449,5504,17,-127
2026-08-09T00:06:00.938289+00:00,1786233947,6705,321 Surrey Central/WhiteRock,15247449,5505,18,-106
2026-08-09T00:06:00.938289+00:00,1786233947,6705,321 Surrey Central/WhiteRock,15247449,5507,19,-115
2026-08-09T00:06:00.938289+00:00,1786233947,6705,321 Surrey Central/WhiteRock,15247449,5633,20,0
2026-08-09T00:06:00.938289+00:00,1786233947,6705,321 Surrey Central/WhiteRock,15247449,5510,21,48
2026-08-09T00:06:00.938289+00:00,1786233947,6705,321 Surrey Central/WhiteRock,15247449,5511,22,41
2026-08-09T00:06:00.938289+00:00,1786233947,6705,321 Surrey Central/WhiteRock,15247449,5512,23,36
2026-08-09T00:06:00.938289+00:00,1786233947,6705,321 Surrey Central/WhiteRock,15247449,5513,24,25
2026-08-09T00:06:00.938289+00:00,1786233947,6705,321 Surrey Central/WhiteRock,15247449,5514,25,97
2026-08-09T00:06:00.938289+00:00,1786233947,6705,321 Surrey Central/WhiteRock,15247449,5515,26,91
2026-08-09T00:06:00.938289+00:00,1786233947,6705,321 Surrey Central/WhiteRock,15247449,5516,27,86
2026-08-09T00:06:00.938289+00:00,1786233947,6705,321 Surrey Central/WhiteRock,15247449,5517,28,105
2026-08-09T00:06:00.938289+00:00,1786233947,6705,321 Surrey Central/WhiteRock,15247449,5518,29,110
2026-08-09T00:06:00.938289+00:00,1786233947,6705,321 Surrey Central/WhiteRock,15247449,5519,30,91
2026-08-09T00:06:00.938289+00:00,1786233947,6705,321 Surrey Central/WhiteRock,15247449,5520,31,79
2026-08-09T00:06:00.938289+00:00,1786233947,6705,321 Surrey Central/WhiteRock,15247449,5521,32,-115
2026-08-09T00:06:00.938289+00:00,1786233947,6705,321 Surrey Central/WhiteRock,15247449,5522,33,-240
2026-08-09T00:06:00.938289+00:00,1786233947,6705,321 Surrey Central/WhiteRock,15247449,5523,34,-273
2026-08-09T00:06:00.938289+00:00,1786233947,6705,321 Surrey Central/WhiteRock,15247449,6466,35,-286
2026-08-09T00:06:00.938289+00:00,1786233947,6705,321 Surrey Central/WhiteRock,15247449,5524,36,-273
2026-08-09T00:06:00.938289+00:00,1786233947,6705,321 Surrey Central/WhiteRock,15247449,5525,37,-295
2026-08-09T00:06:00.938289+00:00,1786233947,6705,321 Surrey Central/WhiteRock,15247449,10443,38,-312
2026-08-09T00:06:00.938289+00:00,1786233947,6705,321 Surrey Central/WhiteRock,15247449,5528,39,-310
2026-08-09T00:06:00.938289+00:00,1786233947,6705,321 Surrey Central/WhiteRock,15247449,5529,40,-330
2026-08-09T00:06:00.938289+00:00,1786233947,6705,321 Surrey Central/WhiteRock,15247449,5530,41,-342
2026-08-09T00:06:00.938289+00:00,1786233947,6705,321 Surrey Central/WhiteRock,15247449,5533,42,-342
2026-08-09T00:06:00.938289+00:00,1786233947,6705,321 Surrey Central/WhiteRock,15247449,5534,43,-358
2026-08-09T00:06:00.938289+00:00,1786233947,6705,321 Surrey Central/WhiteRock,15247449,5535,44,-350
2026-08-09T00:06:00.938289+00:00,1786233947,6705,321 Surrey Central/WhiteRock,15247449,5536,45,-368
2026-08-09T00:06:00.938289+00:00,1786233947,6705,321 Surrey Central/WhiteRock,15247449,5537,46,-366
2026-08-09T00:06:00.938289+00:00,1786233947,6705,321 Surrey Central/WhiteRock,15247449,5538,47,-373
2026-08-09T00:06:00.938289+00:00,1786233947,6705,321 Surrey Central/WhiteRock,15247449,5541,48,-346
2026-08-09T00:06:00.938289+00:00,1786233947,6705,321 Surrey Central/WhiteRock,15247449,5542,49,-325
2026-08-09T00:06:00.938289+00:00,1786233947,6705,321 Surrey Central/WhiteRock,15247449,6195,50,-286
2026-08-09T00:06:00.938289+00:00,1786233947,6715,351 Bridgeport/WhiteRock,15251740,4928,24,71
2026-08-09T00:06:00.938289+00:00,1786233947,6715,351 Bridgeport/WhiteRock,15251740,8282,25,74
2026-08-09T00:06:00.938289+00:00,1786233947,6715,351 Bridgeport/WhiteRock,15251763,6194,23,0
2026-08-09T00:06:00.938289+00:00,1786233947,6715,351 Bridgeport/WhiteRock,15251763,4928,24,-441
2026-08-09T00:06:00.938289+00:00,1786233947,6715,351 Bridgeport/WhiteRock,15251763,8282,25,-444
2026-08-09T00:06:00.938289+00:00,1786233947,6715,351 Bridgeport/WhiteRock,15251802,4929,3,111
2026-08-09T00:06:00.938289+00:00,1786233947,6715,351 Bridgeport/WhiteRock,15251802,6175,4,-439
2026-08-09T00:06:00.938289+00:00,1786233947,6715,351 Bridgeport/WhiteRock,15251802,5524,5,-369
2026-08-09T00:06:00.938289+00:00,1786233947,6715,351 Bridgeport/WhiteRock,15251802,5525,6,-376
2026-08-09T00:06:00.938289+00:00,1786233947,6715,351 Bridgeport/WhiteRock,15251802,10443,7,-363
2026-08-09T00:06:00.938289+00:00,1786233947,6715,351 Bridgeport/WhiteRock,15251802,5528,8,-333
2026-08-09T00:06:00.938289+00:00,1786233947,6715,351 Bridgeport/WhiteRock,15251802,5529,9,-334
2026-08-09T00:06:00.938289+00:00,1786233947,6715,351 Bridgeport/WhiteRock,15251802,5530,10,-325
2026-08-09T00:06:00.938289+00:00,1786233947,6715,351 Bridgeport/WhiteRock,15251802,5533,11,-302
2026-08-09T00:06:00.938289+00:00,1786233947,6715,351 Bridgeport/WhiteRock,15251802,5534,12,-297
2026-08-09T00:06:00.938289+00:00,1786233947,6715,351 Bridgeport/WhiteRock,15251802,5535,13,-256
2026-08-09T00:06:00.938289+00:00,1786233947,6715,351 Bridgeport/WhiteRock,15251802,5536,14,-250
2026-08-09T00:06:00.938289+00:00,1786233947,6715,351 Bridgeport/WhiteRock,15251802,5537,15,-230
2026-08-09T00:06:00.938289+00:00,1786233947,6715,351 Bridgeport/WhiteRock,15251802,5538,16,-220
2026-08-09T00:06:00.938289+00:00,1786233947,6715,351 Bridgeport/WhiteRock,15251802,5541,17,-171
2026-08-09T00:06:00.938289+00:00,1786233947,6715,351 Bridgeport/WhiteRock,15251802,5542,18,-141
2026-08-09T00:06:00.938289+00:00,1786233947,6715,351 Bridgeport/WhiteRock,15251802,6340,19,-86
2026-08-09T00:06:00.938289+00:00,1786233947,6715,351 Bridgeport/WhiteRock,15251802,6341,20,-57
2026-08-09T00:06:00.938289+00:00,1786233947,6715,351 Bridgeport/WhiteRock,15251802,6167,21,-33
2026-08-09T00:06:00.938289+00:00,1786233947,6715,351 Bridgeport/WhiteRock,15251803,6340,19,-395
2026-08-09T00:06:00.938289+00:00,1786233947,6715,351 Bridgeport/WhiteRock,15251803,6341,20,-369
2026-08-09T00:06:00.938289+00:00,1786233947,6715,351 Bridgeport/WhiteRock,15251803,6167,21,-350
2026-08-09T00:06:00.938289+00:00,1786233947,6715,351 Bridgeport/WhiteRock,15251828,11267,1,0
2026-08-09T00:06:00.938289+00:00,1786233947,6715,351 Bridgeport/WhiteRock,15251828,8283,2,-100
2026-08-09T00:06:00.938289+00:00,1786233947,6715,351 Bridgeport/WhiteRock,15251828,4929,3,0
2026-08-09T00:06:00.938289+00:00,1786233947,6715,351 Bridgeport/WhiteRock,15251828,6175,4,-549
2026-08-09T00:06:00.938289+00:00,1786233947,6715,351 Bridgeport/WhiteRock,15251828,5524,5,-477
2026-08-09T00:06:00.938289+00:00,1786233947,6715,351 Bridgeport/WhiteRock,15251828,5525,6,-484
2026-08-09T00:06:00.938289+00:00,1786233947,6715,351 Bridgeport/WhiteRock,15251828,10443,7,-471
2026-08-09T00:06:00.938289+00:00,1786233947,6715,351 Bridgeport/WhiteRock,15251828,5528,8,-442
2026-08-09T00:06:00.938289+00:00,1786233947,6715,351 Bridgeport/WhiteRock,15251828,5529,9,-443
2026-08-09T00:06:00.938289+00:00,1786233947,6715,351 Bridgeport/WhiteRock,15251828,5530,10,-434
2026-08-09T00:06:00.938289+00:00,1786233947,6715,351 Bridgeport/WhiteRock,15251828,5533,11,-411
2026-08-09T00:06:00.938289+00:00,1786233947,6715,351 Bridgeport/WhiteRock,15251828,5534,12,-405
2026-08-09T00:06:00.938289+00:00,1786233947,6715,351 Bridgeport/WhiteRock,15251828,5535,13,-376
2026-08-09T00:06:00.938289+00:00,1786233947,6715,351 Bridgeport/WhiteRock,15251828,5536,14,-371
2026-08-09T00:06:00.938289+00:00,1786233947,6715,351 Bridgeport/WhiteRock,15251828,5537,15,-354
2026-08-09T00:06:00.938289+00:00,1786233947,6715,351 Bridgeport/WhiteRock,15251828,5538,16,-347
2026-08-09T00:06:00.938289+00:00,1786233947,6715,351 Bridgeport/WhiteRock,15251828,5541,17,-298
2026-08-09T00:06:00.938289+00:00,1786233947,6715,351 Bridgeport/WhiteRock,15251828,5542,18,-264
2026-08-09T00:06:00.938289+00:00,1786233947,6715,351 Bridgeport/WhiteRock,15251828,6340,19,-211
2026-08-09T00:06:00.938289+00:00,1786233947,6715,351 Bridgeport/WhiteRock,15251828,6341,20,-182
2026-08-09T00:06:00.938289+00:00,1786233947,6715,351 Bridgeport/WhiteRock,15251828,6167,21,-161
2026-08-09T00:06:00.938289+00:00,1786233947,6715,351 Bridgeport/WhiteRock,15251829,6175,4,-559
2026-08-09T00:06:00.938289+00:00,1786233947,6715,351 Bridgeport/WhiteRock,15251829,5524,5,-488
2026-08-09T00:06:00.938289+00:00,1786233947,6715,351 Bridgeport/WhiteRock,15251829,5525,6,-495
2026-08-09T00:06:00.938289+00:00,1786233947,6715,351 Bridgeport/WhiteRock,15251829,10443,7,-482
2026-08-09T00:06:00.938289+00:00,1786233947,6715,351 Bridgeport/WhiteRock,15251829,5528,8,-452
2026-08-09T00:06:00.938289+00:00,1786233947,6715,351 Bridgeport/WhiteRock,15251829,5529,9,-454
2026-08-09T00:06:00.938289+00:00,1786233947,6715,351 Bridgeport/WhiteRock,15251829,5530,10,-445
2026-08-09T00:06:00.938289+00:00,1786233947,6715,351 Bridgeport/WhiteRock,15251829,5533,11,-423
2026-08-09T00:06:00.938289+00:00,1786233947,6715,351 Bridgeport/WhiteRock,15251829,5534,12,-418
2026-08-09T00:06:00.938289+00:00,1786233947,6715,351 Bridgeport/WhiteRock,15251829,5535,13,-381
2026-08-09T00:06:00.938289+00:00,1786233947,6715,351 Bridgeport/WhiteRock,15251829,5536,14,-376
2026-08-09T00:06:00.938289+00:00,1786233947,6715,351 Bridgeport/WhiteRock,15251829,5537,15,-356
2026-08-09T00:06:00.938289+00:00,1786233947,6715,351 Bridgeport/WhiteRock,15251829,5538,16,-347
2026-08-09T00:06:00.938289+00:00,1786233947,6715,351 Bridgeport/WhiteRock,15251829,5541,17,-299
2026-08-09T00:06:00.938289+00:00,1786233947,6715,351 Bridgeport/WhiteRock,15251829,5542,18,-269
2026-08-09T00:06:00.938289+00:00,1786233947,6715,351 Bridgeport/WhiteRock,15251829,6340,19,-217
2026-08-09T00:06:00.938289+00:00,1786233947,6715,351 Bridgeport/WhiteRock,15251829,6341,20,-188
2026-08-09T00:06:00.938289+00:00,1786233947,6715,351 Bridgeport/WhiteRock,15251829,6167,21,-168
2026-08-09T00:06:00.938289+00:00,1786233947,11692,364 Langley Centre/Scottsdale,15252796,6465,13,46
2026-08-09T00:06:00.938289+00:00,1786233947,11692,364 Langley Centre/Scottsdale,15252796,11074,14,85
2026-08-09T00:06:00.938289+00:00,1786233947,11692,364 Langley Centre/Scottsdale,15252796,11153,15,55
2026-08-09T00:06:00.938289+00:00,1786233947,11692,364 Langley Centre/Scottsdale,15252796,11150,16,21
2026-08-09T00:06:00.938289+00:00,1786233947,11692,364 Langley Centre/Scottsdale,15252796,11148,17,3
2026-08-09T00:06:00.938289+00:00,1786233947,11692,364 Langley Centre/Scottsdale,15252796,11124,18,13
2026-08-09T00:06:00.938289+00:00,1786233947,11692,364 Langley Centre/Scottsdale,15252796,11140,19,-26
2026-08-09T00:06:00.938289+00:00,1786233947,11692,364 Langley Centre/Scottsdale,15252796,11145,20,-37
2026-08-09T00:06:00.938289+00:00,1786233947,11692,364 Langley Centre/Scottsdale,15252796,11076,21,0
2026-08-09T00:06:00.938289+00:00,1786233947,11692,364 Langley Centre/Scottsdale,15252796,12645,22,-214
2026-08-09T00:06:00.938289+00:00,1786233947,11692,364 Langley Centre/Scottsdale,15252796,9525,23,-214
2026-08-09T00:06:00.938289+00:00,1786233947,11692,364 Langley Centre/Scottsdale,15252796,10148,24,-201
2026-08-09T00:06:00.938289+00:00,1786233947,11692,364 Langley Centre/Scottsdale,15252796,10585,25,-223
2026-08-09T00:06:00.938289+00:00,1786233947,11692,364 Langley Centre/Scottsdale,15252796,10250,26,-233
2026-08-09T00:06:00.938289+00:00,1786233947,11692,364 Langley Centre/Scottsdale,15252796,10588,27,-241
2026-08-09T00:06:00.938289+00:00,1786233947,11692,364 Langley Centre/Scottsdale,15252796,10248,28,-216
2026-08-09T00:06:00.938289+00:00,1786233947,11692,364 Langley Centre/Scottsdale,15252796,10726,29,-212
2026-08-09T00:06:00.938289+00:00,1786233947,11692,364 Langley Centre/Scottsdale,15252796,10725,30,-224
2026-08-09T00:06:00.938289+00:00,1786233947,11692,364 Langley Centre/Scottsdale,15252796,10727,31,-239
2026-08-09T00:06:00.938289+00:00,1786233947,11692,364 Langley Centre/Scottsdale,15252796,10251,32,-246
2026-08-09T00:06:00.938289+00:00,1786233947,11692,364 Langley Centre/Scottsdale,15252796,10252,33,-267
2026-08-09T00:06:00.938289+00:00,1786233947,11692,364 Langley Centre/Scottsdale,15252796,10253,34,-277
2026-08-09T00:06:00.938289+00:00,1786233947,11692,364 Langley Centre/Scottsdale,15252796,10255,35,-295
2026-08-09T00:06:00.938289+00:00,1786233947,11692,364 Langley Centre/Scottsdale,15252796,5332,36,-259
2026-08-09T00:06:00.938289+00:00,1786233947,11692,364 Langley Centre/Scottsdale,15252796,12497,37,-284
2026-08-09T00:06:00.938289+00:00,1786233947,11692,364 Langley Centre/Scottsdale,15252796,5334,38,-295
2026-08-09T00:06:00.938289+00:00,1786233947,11692,364 Langley Centre/Scottsdale,15252796,6472,39,-280
2026-08-09T00:06:00.938289+00:00,1786233947,11692,364 Langley Centre/Scottsdale,15252796,6473,40,-278
2026-08-09T00:06:00.938289+00:00,1786233947,11692,364 Langley Centre/Scottsdale,15252796,6474,41,-283
2026-08-09T00:06:00.938289+00:00,1786233947,11692,364 Langley Centre/Scottsdale,15252796,9306,42,-231
2026-08-09T00:06:00.938289+00:00,1786233947,11692,364 Langley Centre/Scottsdale,15252796,11125,43,-232
2026-08-09T00:06:00.938289+00:00,1786233947,11692,364 Langley Centre/Scottsdale,15252796,9294,44,-216
2026-08-09T00:06:00.938289+00:00,1786233947,11692,364 Langley Centre/Scottsdale,15252796,9293,45,-223
2026-08-09T00:06:00.938289+00:00,1786233947,11692,364 Langley Centre/Scottsdale,15252796,11126,46,-210
2026-08-09T00:06:00.938289+00:00,1786233947,11692,364 Langley Centre/Scottsdale,15252796,7094,47,-247
2026-08-09T00:06:00.938289+00:00,1786233947,11692,364 Langley Centre/Scottsdale,15252799,10248,28,-167
2026-08-09T00:06:00.938289+00:00,1786233947,11692,364 Langley Centre/Scottsdale,15252799,10726,29,-160
2026-08-09T00:06:00.938289+00:00,1786233947,11692,364 Langley Centre/Scottsdale,15252799,10725,30,-172
2026-08-09T00:06:00.938289+00:00,1786233947,11692,364 Langley Centre/Scottsdale,15252799,10727,31,-187
2026-08-09T00:06:00.938289+00:00,1786233947,11692,364 Langley Centre/Scottsdale,15252799,10251,32,-194
2026-08-09T00:06:00.938289+00:00,1786233947,11692,364 Langley Centre/Scottsdale,15252799,10252,33,-213
2026-08-09T00:06:00.938289+00:00,1786233947,11692,364 Langley Centre/Scottsdale,15252799,10253,34,-223
2026-08-09T00:06:00.938289+00:00,1786233947,11692,364 Langley Centre/Scottsdale,15252799,10255,35,-241
2026-08-09T00:06:00.938289+00:00,1786233947,11692,364 Langley Centre/Scottsdale,15252799,5332,36,-205
2026-08-09T00:06:00.938289+00:00,1786233947,11692,364 Langley Centre/Scottsdale,15252799,12497,37,-231
2026-08-09T00:06:00.938289+00:00,1786233947,11692,364 Langley Centre/Scottsdale,15252799,5334,38,-241
2026-08-09T00:06:00.938289+00:00,1786233947,11692,364 Langley Centre/Scottsdale,15252799,6472,39,-227
2026-08-09T00:06:00.938289+00:00,1786233947,11692,364 Langley Centre/Scottsdale,15252799,6473,40,-223
2026-08-09T00:06:00.938289+00:00,1786233947,11692,364 Langley Centre/Scottsdale,15252799,6474,41,-224
2026-08-09T00:06:00.938289+00:00,1786233947,11692,364 Langley Centre/Scottsdale,15252799,9306,42,-169
2026-08-09T00:06:00.938289+00:00,1786233947,11692,364 Langley Centre/Scottsdale,15252799,11125,43,-163
2026-08-09T00:06:00.938289+00:00,1786233947,11692,364 Langley Centre/Scottsdale,15252799,9294,44,-140
2026-08-09T00:06:00.938289+00:00,1786233947,11692,364 Langley Centre/Scottsdale,15252799,9293,45,-147
2026-08-09T00:06:00.938289+00:00,1786233947,11692,364 Langley Centre/Scottsdale,15252799,11126,46,-135
2026-08-09T00:06:00.938289+00:00,1786233947,11692,364 Langley Centre/Scottsdale,15252799,7094,47,-172
2026-08-09T00:06:00.938289+00:00,1786233947,11692,364 Langley Centre/Scottsdale,15252822,11075,29,-250
2026-08-09T00:06:00.938289+00:00,1786233947,11692,364 Langley Centre/Scottsdale,15252822,11174,30,-272
2026-08-09T00:06:00.938289+00:00,1786233947,11692,364 Langley Centre/Scottsdale,15252822,11175,31,-300
2026-08-09T00:06:00.938289+00:00,1786233947,11692,364 Langley Centre/Scottsdale,15252822,11123,32,-299
2026-08-09T00:06:00.938289+00:00,1786233947,11692,364 Langley Centre/Scottsdale,15252822,11176,33,-290
2026-08-09T00:06:00.938289+00:00,1786233947,11692,364 Langley Centre/Scottsdale,15252822,11177,34,-318
2026-08-09T00:06:00.938289+00:00,1786233947,11692,364 Langley Centre/Scottsdale,15252822,11178,35,-342
2026-08-09T00:06:00.938289+00:00,1786233947,11692,364 Langley Centre/Scottsdale,15252822,6459,36,-236
2026-08-09T00:06:00.938289+00:00,1786233947,11692,364 Langley Centre/Scottsdale,15252822,6460,37,-238
2026-08-09T00:06:00.938289+00:00,1786233947,11692,364 Langley Centre/Scottsdale,15252822,5621,38,-231
2026-08-09T00:06:00.938289+00:00,1786233947,11692,364 Langley Centre/Scottsdale,15252822,5622,39,-248
2026-08-09T00:06:00.938289+00:00,1786233947,11692,364 Langley Centre/Scottsdale,15252822,11122,40,-207
2026-08-09T00:06:00.938289+00:00,1786233947,11692,364 Langley Centre/Scottsdale,15252822,11155,41,-216
2026-08-09T00:06:00.938289+00:00,1786233947,11692,364 Langley Centre/Scottsdale,15252822,11143,42,-216
2026-08-09T00:06:00.938289+00:00,1786233947,11692,364 Langley Centre/Scottsdale,15252822,11141,43,-242
2026-08-09T00:06:00.938289+00:00,1786233947,11692,364 Langley Centre/Scottsdale,15252822,4936,44,-213
2026-08-09T00:06:00.938289+00:00,1786233947,11692,364 Langley Centre/Scottsdale,15252822,4937,45,-223
2026-08-09T00:06:00.938289+00:00,1786233947,11692,364 Langley Centre/Scottsdale,15252822,4938,46,-239
2026-08-09T00:06:00.938289+00:00,1786233947,11692,364 Langley Centre/Scottsdale,15252822,5229,47,-229
2026-08-09T00:06:00.938289+00:00,1786233947,11692,364 Langley Centre/Scottsdale,15252822,4917,48,-153
2026-08-09T00:06:00.938289+00:00,1786233947,11692,364 Langley Centre/Scottsdale,15252824,9291,4,464
2026-08-09T00:06:00.938289+00:00,1786233947,11692,364 Langley Centre/Scottsdale,15252824,9292,5,453
2026-08-09T00:06:00.938289+00:00,1786233947,11692,364 Langley Centre/Scottsdale,15252824,11264,6,455
2026-08-09T00:06:00.938289+00:00,1786233947,11692,364 Langley Centre/Scottsdale,15252824,9303,7,466
2026-08-09T00:06:00.938289+00:00,1786233947,11692,364 Langley Centre/Scottsdale,15252824,9304,8,455
2026-08-09T00:06:00.938289+00:00,1786233947,11692,364 Langley Centre/Scottsdale,15252824,6475,9,493
2026-08-09T00:06:00.938289+00:00,1786233947,11692,364 Langley Centre/Scottsdale,15252824,6476,10,468
2026-08-09T00:06:00.938289+00:00,1786233947,11692,364 Langley Centre/Scottsdale,15252824,5381,11,458
2026-08-09T00:06:00.938289+00:00,1786233947,11692,364 Langley Centre/Scottsdale,15252824,12496,12,458
2026-08-09T00:06:00.938289+00:00,1786233947,11692,364 Langley Centre/Scottsdale,15252824,5382,13,435
2026-08-09T00:06:00.938289+00:00,1786233947,11692,364 Langley Centre/Scottsdale,15252824,12516,14,563
2026-08-09T00:06:00.938289+00:00,1786233947,11692,364 Langley Centre/Scottsdale,15252824,10257,15,525
2026-08-09T00:06:00.938289+00:00,1786233947,11692,364 Langley Centre/Scottsdale,15252824,10258,16,512
2026-08-09T00:06:00.938289+00:00,1786233947,11692,364 Langley Centre/Scottsdale,15252824,10259,17,470
2026-08-09T00:06:00.938289+00:00,1786233947,11692,364 Langley Centre/Scottsdale,15252824,10260,18,453
2026-08-09T00:06:00.938289+00:00,1786233947,11692,364 Langley Centre/Scottsdale,15252824,10729,19,412
2026-08-09T00:06:00.938289+00:00,1786233947,11692,364 Langley Centre/Scottsdale,15252824,13067,20,391
2026-08-09T00:06:00.938289+00:00,1786233947,11692,364 Langley Centre/Scottsdale,15252824,10633,21,367
2026-08-09T00:06:00.938289+00:00,1786233947,11692,364 Langley Centre/Scottsdale,15252824,10149,22,400
2026-08-09T00:06:00.938289+00:00,1786233947,11692,364 Langley Centre/Scottsdale,15252824,10587,23,381
2026-08-09T00:06:00.938289+00:00,1786233947,11692,364 Langley Centre/Scottsdale,15252824,10261,24,352
2026-08-09T00:06:00.938289+00:00,1786233947,11692,364 Langley Centre/Scottsdale,15252824,10586,25,319
2026-08-09T00:06:00.938289+00:00,1786233947,11692,364 Langley Centre/Scottsdale,15252824,9547,26,343
2026-08-09T00:06:00.938289+00:00,1786233947,11692,364 Langley Centre/Scottsdale,15252824,9526,27,317
2026-08-09T00:06:00.938289+00:00,1786233947,11692,364 Langley Centre/Scottsdale,15252824,12646,28,305
2026-08-09T00:06:00.938289+00:00,1786233947,11692,364 Langley Centre/Scottsdale,15252824,11075,29,171
2026-08-09T00:06:00.938289+00:00,1786233947,11692,364 Langley Centre/Scottsdale,15252824,11174,30,149
2026-08-09T00:06:00.938289+00:00,1786233947,11692,364 Langley Centre/Scottsdale,15252824,11175,31,122
2026-08-09T00:06:00.938289+00:00,1786233947,11692,364 Langley Centre/Scottsdale,15252824,11123,32,123
2026-08-09T00:06:00.938289+00:00,1786233947,11692,364 Langley Centre/Scottsdale,15252824,11176,33,132
2026-08-09T00:06:00.938289+00:00,1786233947,11692,364 Langley Centre/Scottsdale,15252824,11177,34,105
2026-08-09T00:06:00.938289+00:00,1786233947,11692,364 Langley Centre/Scottsdale,15252824,11178,35,81
2026-08-09T00:06:00.938289+00:00,1786233947,11692,364 Langley Centre/Scottsdale,15252824,6459,36,187
2026-08-09T00:06:00.938289+00:00,1786233947,11692,364 Langley Centre/Scottsdale,15252824,6460,37,186
2026-08-09T00:06:00.938289+00:00,1786233947,11692,364 Langley Centre/Scottsdale,15252824,5621,38,194
2026-08-09T00:06:00.938289+00:00,1786233947,11692,364 Langley Centre/Scottsdale,15252824,5622,39,177
2026-08-09T00:06:00.938289+00:00,1786233947,11692,364 Langley Centre/Scottsdale,15252824,11122,40,218
2026-08-09T00:06:00.938289+00:00,1786233947,11692,364 Langley Centre/Scottsdale,15252824,11155,41,209
2026-08-09T00:06:00.938289+00:00,1786233947,11692,364 Langley Centre/Scottsdale,15252824,11143,42,209
2026-08-09T00:06:00.938289+00:00,1786233947,11692,364 Langley Centre/Scottsdale,15252824,11141,43,183
2026-08-09T00:06:00.938289+00:00,1786233947,11692,364 Langley Centre/Scottsdale,15252824,4936,44,210
2026-08-09T00:06:00.938289+00:00,1786233947,11692,364 Langley Centre/Scottsdale,15252824,4937,45,194
2026-08-09T00:06:00.938289+00:00,1786233947,11692,364 Langley Centre/Scottsdale,15252824,4938,46,173
2026-08-09T00:06:00.938289+00:00,1786233947,11692,364 Langley Centre/Scottsdale,15252824,5229,47,185
2026-08-09T00:06:00.938289+00:00,1786233947,11692,364 Langley Centre/Scottsdale,15252824,4917,48,259
2026-08-09T00:06:00.938289+00:00,1786233947,11692,364 Langley Centre/Scottsdale,15252825,7093,3,-1674
2026-08-09T00:06:00.938289+00:00,1786233947,11692,364 Langley Centre/Scottsdale,15252825,9291,4,-1767
2026-08-09T00:06:00.938289+00:00,1786233947,11692,364 Langley Centre/Scottsdale,15252825,9292,5,-1775
2026-08-09T00:06:00.938289+00:00,1786233947,11692,364 Langley Centre/Scottsdale,15252825,11264,6,-1776
2026-08-09T00:06:00.938289+00:00,1786233947,11692,364 Langley Centre/Scottsdale,15252825,9303,7,-1778
2026-08-09T00:06:00.938289+00:00,1786233947,11692,364 Langley Centre/Scottsdale,15252825,9304,8,-1786
2026-08-09T00:06:00.938289+00:00,1786233947,11692,364 Langley Centre/Scottsdale,15252825,6475,9,-1746
2026-08-09T00:06:00.938289+00:00,1786233947,11692,364 Langley Centre/Scottsdale,15252825,6476,10,-1768
2026-08-09T00:06:00.938289+00:00,1786233947,11692,364 Langley Centre/Scottsdale,15252825,5381,11,-1776
2026-08-09T00:06:00.938289+00:00,1786233947,11692,364 Langley Centre/Scottsdale,15252825,12496,12,-1776
2026-08-09T00:06:00.938289+00:00,1786233947,11692,364 Langley Centre/Scottsdale,15252825,5382,13,-1797
2026-08-09T00:06:00.938289+00:00,1786233947,11692,364 Langley Centre/Scottsdale,15252825,12516,14,-1664
2026-08-09T00:06:00.938289+00:00,1786233947,11692,364 Langley Centre/Scottsdale,15252825,10257,15,-1699
2026-08-09T00:06:00.938289+00:00,1786233947,11692,364 Langley Centre/Scottsdale,15252825,10258,16,-1711
2026-08-09T00:06:00.938289+00:00,1786233947,11692,364 Langley Centre/Scottsdale,15252825,10259,17,-1749
2026-08-09T00:06:00.938289+00:00,1786233947,11692,364 Langley Centre/Scottsdale,15252825,10260,18,0
2026-08-09T00:06:00.938289+00:00,1786233947,11692,364 Langley Centre/Scottsdale,15252825,10729,19,-37
2026-08-09T00:06:00.938289+00:00,1786233947,11692,364 Langley Centre/Scottsdale,15252825,13067,20,-58
2026-08-09T00:06:00.938289+00:00,1786233947,11692,364 Langley Centre/Scottsdale,15252825,10633,21,-83
2026-08-09T00:06:00.938289+00:00,1786233947,11692,364 Langley Centre/Scottsdale,15252825,10149,22,-55
2026-08-09T00:06:00.938289+00:00,1786233947,11692,364 Langley Centre/Scottsdale,15252825,10587,23,-73
2026-08-09T00:06:00.938289+00:00,1786233947,11692,364 Langley Centre/Scottsdale,15252825,10261,24,-103
2026-08-09T00:06:00.938289+00:00,1786233947,11692,364 Langley Centre/Scottsdale,15252825,10586,25,-135
2026-08-09T00:06:00.938289+00:00,1786233947,11692,364 Langley Centre/Scottsdale,15252825,9547,26,-112
2026-08-09T00:06:00.938289+00:00,1786233947,11692,364 Langley Centre/Scottsdale,15252825,9526,27,-136
2026-08-09T00:06:00.938289+00:00,1786233947,11692,364 Langley Centre/Scottsdale,15252825,12646,28,-151
2026-08-09T00:06:00.938289+00:00,1786233947,11692,364 Langley Centre/Scottsdale,15252825,11075,29,-283
2026-08-09T00:06:00.938289+00:00,1786233947,11692,364 Langley Centre/Scottsdale,15252825,11174,30,-305
2026-08-09T00:06:00.938289+00:00,1786233947,11692,364 Langley Centre/Scottsdale,15252825,11175,31,-333
2026-08-09T00:06:00.938289+00:00,1786233947,11692,364 Langley Centre/Scottsdale,15252825,11123,32,-325
2026-08-09T00:06:00.938289+00:00,1786233947,11692,364 Langley Centre/Scottsdale,15252825,11176,33,-317
2026-08-09T00:06:00.938289+00:00,1786233947,11692,364 Langley Centre/Scottsdale,15252825,11177,34,-343
2026-08-09T00:06:00.938289+00:00,1786233947,11692,364 Langley Centre/Scottsdale,15252825,11178,35,-369
2026-08-09T00:06:00.938289+00:00,1786233947,11692,364 Langley Centre/Scottsdale,15252825,6459,36,-300
2026-08-09T00:06:00.938289+00:00,1786233947,11692,364 Langley Centre/Scottsdale,15252825,6460,37,-301
2026-08-09T00:06:00.938289+00:00,1786233947,11692,364 Langley Centre/Scottsdale,15252825,5621,38,-294
2026-08-09T00:06:00.938289+00:00,1786233947,11692,364 Langley Centre/Scottsdale,15252825,5622,39,-312
2026-08-09T00:06:00.938289+00:00,1786233947,11692,364 Langley Centre/Scottsdale,15252825,11122,40,-289
2026-08-09T00:06:00.938289+00:00,1786233947,11692,364 Langley Centre/Scottsdale,15252825,11155,41,-295
2026-08-09T00:06:00.938289+00:00,1786233947,11692,364 Langley Centre/Scottsdale,15252825,11143,42,-296
2026-08-09T00:06:00.938289+00:00,1786233947,11692,364 Langley Centre/Scottsdale,15252825,11141,43,-323
2026-08-09T00:06:00.938289+00:00,1786233947,11692,364 Langley Centre/Scottsdale,15252825,4936,44,-302
2026-08-09T00:06:00.938289+00:00,1786233947,11692,364 Langley Centre/Scottsdale,15252825,4937,45,-318
2026-08-09T00:06:00.938289+00:00,1786233947,11692,364 Langley Centre/Scottsdale,15252825,4938,46,-339
2026-08-09T00:06:00.938289+00:00,1786233947,11692,364 Langley Centre/Scottsdale,15252825,5229,47,-330
2026-08-09T00:06:00.938289+00:00,1786233947,11692,364 Langley Centre/Scottsdale,15252825,4917,48,-261
2026-08-09T00:06:00.938289+00:00,1786233947,11692,364 Langley Centre/Scottsdale,15252840,4936,44,-373
2026-08-09T00:06:00.938289+00:00,1786233947,11692,364 Langley Centre/Scottsdale,15252840,4937,45,-424
2026-08-09T00:06:00.938289+00:00,1786233947,11692,364 Langley Centre/Scottsdale,15252840,4938,46,-444
2026-08-09T00:06:00.938289+00:00,1786233947,11692,364 Langley Centre/Scottsdale,15252840,5229,47,-431
2026-08-09T00:06:00.938289+00:00,1786233947,11692,364 Langley Centre/Scottsdale,15252840,4917,48,-357
2026-08-09T00:06:00.938289+00:00,1786233947,11692,364 Langley Centre/Scottsdale,15252841,9291,4,-640
2026-08-09T00:06:00.938289+00:00,1786233947,11692,364 Langley Centre/Scottsdale,15252841,9292,5,-650
2026-08-09T00:06:00.938289+00:00,1786233947,11692,364 Langley Centre/Scottsdale,15252841,11264,6,-650
2026-08-09T00:06:00.938289+00:00,1786233947,11692,364 Langley Centre/Scottsdale,15252841,9303,7,-651
2026-08-09T00:06:00.938289+00:00,1786233947,11692,364 Langley Centre/Scottsdale,15252841,9304,8,-661
2026-08-09T00:06:00.938289+00:00,1786233947,11692,364 Langley Centre/Scottsdale,15252841,6475,9,-623
2026-08-09T00:06:00.938289+00:00,1786233947,11692,364 Langley Centre/Scottsdale,15252841,6476,10,-648
2026-08-09T00:06:00.938289+00:00,1786233947,11692,364 Langley Centre/Scottsdale,15252841,5381,11,-658
2026-08-09T00:06:00.938289+00:00,1786233947,11692,364 Langley Centre/Scottsdale,15252841,12496,12,-658
2026-08-09T00:06:00.938289+00:00,1786233947,11692,364 Langley Centre/Scottsdale,15252841,5382,13,-681
2026-08-09T00:06:00.938289+00:00,1786233947,11692,364 Langley Centre/Scottsdale,15252841,12516,14,-553
2026-08-09T00:06:00.938289+00:00,1786233947,11692,364 Langley Centre/Scottsdale,15252841,10257,15,-591
2026-08-09T00:06:00.938289+00:00,1786233947,11692,364 Langley Centre/Scottsdale,15252841,10258,16,-604
2026-08-09T00:06:00.938289+00:00,1786233947,11692,364 Langley Centre/Scottsdale,15252841,10259,17,-646
2026-08-09T00:06:00.938289+00:00,1786233947,11692,364 Langley Centre/Scottsdale,15252841,10260,18,0
2026-08-09T00:06:00.938289+00:00,1786233947,11692,364 Langley Centre/Scottsdale,15252841,10729,19,-42
2026-08-09T00:06:00.938289+00:00,1786233947,11692,364 Langley Centre/Scottsdale,15252841,13067,20,-63
2026-08-09T00:06:00.938289+00:00,1786233947,11692,364 Langley Centre/Scottsdale,15252841,10633,21,-87
2026-08-09T00:06:00.938289+00:00,1786233947,11692,364 Langley Centre/Scottsdale,15252841,10149,22,-55
2026-08-09T00:06:00.938289+00:00,1786233947,11692,364 Langley Centre/Scottsdale,15252841,10587,23,-72
2026-08-09T00:06:00.938289+00:00,1786233947,11692,364 Langley Centre/Scottsdale,15252841,10261,24,-101
2026-08-09T00:06:00.938289+00:00,1786233947,11692,364 Langley Centre/Scottsdale,15252841,10586,25,-133
2026-08-09T00:06:00.938289+00:00,1786233947,11692,364 Langley Centre/Scottsdale,15252841,9547,26,-109
2026-08-09T00:06:00.938289+00:00,1786233947,11692,364 Langley Centre/Scottsdale,15252841,9526,27,-135
2026-08-09T00:06:00.938289+00:00,1786233947,11692,364 Langley Centre/Scottsdale,15252841,12646,28,-148
2026-08-09T00:06:00.938289+00:00,1786233947,11692,364 Langley Centre/Scottsdale,15252841,11075,29,-283
2026-08-09T00:06:00.938289+00:00,1786233947,11692,364 Langley Centre/Scottsdale,15252841,11174,30,-304
2026-08-09T00:06:00.938289+00:00,1786233947,11692,364 Langley Centre/Scottsdale,15252841,11175,31,-330
2026-08-09T00:06:00.938289+00:00,1786233947,11692,364 Langley Centre/Scottsdale,15252841,11123,32,-328
2026-08-09T00:06:00.938289+00:00,1786233947,11692,364 Langley Centre/Scottsdale,15252841,11176,33,-319
2026-08-09T00:06:00.938289+00:00,1786233947,11692,364 Langley Centre/Scottsdale,15252841,11177,34,-344
2026-08-09T00:06:00.938289+00:00,1786233947,11692,364 Langley Centre/Scottsdale,15252841,11178,35,-367
2026-08-09T00:06:00.938289+00:00,1786233947,11692,364 Langley Centre/Scottsdale,15252841,6459,36,-262
2026-08-09T00:06:00.938289+00:00,1786233947,11692,364 Langley Centre/Scottsdale,15252841,6460,37,-263
2026-08-09T00:06:00.938289+00:00,1786233947,11692,364 Langley Centre/Scottsdale,15252841,5621,38,-255
2026-08-09T00:06:00.938289+00:00,1786233947,11692,364 Langley Centre/Scottsdale,15252841,5622,39,-273
2026-08-09T00:06:00.938289+00:00,1786233947,11692,364 Langley Centre/Scottsdale,15252841,11122,40,-233
2026-08-09T00:06:00.938289+00:00,1786233947,11692,364 Langley Centre/Scottsdale,15252841,11155,41,-240
2026-08-09T00:06:00.938289+00:00,1786233947,11692,364 Langley Centre/Scottsdale,15252841,11143,42,-240
2026-08-09T00:06:00.938289+00:00,1786233947,11692,364 Langley Centre/Scottsdale,15252841,11141,43,-266
2026-08-09T00:06:00.938289+00:00,1786233947,11692,364 Langley Centre/Scottsdale,15252841,4936,44,-245
2026-08-09T00:06:00.938289+00:00,1786233947,11692,364 Langley Centre/Scottsdale,15252841,4937,45,-258
2026-08-09T00:06:00.938289+00:00,1786233947,11692,364 Langley Centre/Scottsdale,15252841,4938,46,-277
2026-08-09T00:06:00.938289+00:00,1786233947,11692,364 Langley Centre/Scottsdale,15252841,5229,47,-268
2026-08-09T00:06:00.938289+00:00,1786233947,11692,364 Langley Centre/Scottsdale,15252841,4917,48,-199
2026-08-09T00:06:00.938289+00:00,1786233947,18705,531 WhiteRock/WillowBrook,15259245,6475,52,-602
2026-08-09T00:06:00.938289+00:00,1786233947,18705,531 WhiteRock/WillowBrook,15259245,6476,53,-612
2026-08-09T00:06:00.938289+00:00,1786233947,18705,531 WhiteRock/WillowBrook,15259245,5335,54,-603
2026-08-09T00:06:00.938289+00:00,1786233947,18705,531 WhiteRock/WillowBrook,15259245,7100,55,-564
2026-08-09T00:06:00.938289+00:00,1786233947,18705,531 WhiteRock/WillowBrook,15259246,12306,15,104
2026-08-09T00:06:00.938289+00:00,1786233947,18705,531 WhiteRock/WillowBrook,15259246,12218,16,63
2026-08-09T00:06:00.938289+00:00,1786233947,18705,531 WhiteRock/WillowBrook,15259246,11924,17,2
2026-08-09T00:06:00.938289+00:00,1786233947,18705,531 WhiteRock/WillowBrook,15259246,13131,18,-32
2026-08-09T00:06:00.938289+00:00,1786233947,18705,531 WhiteRock/WillowBrook,15259246,11923,19,-56
2026-08-09T00:06:00.938289+00:00,1786233947,18705,531 WhiteRock/WillowBrook,15259246,12597,20,-122
2026-08-09T00:06:00.938289+00:00,1786233947,18705,531 WhiteRock/WillowBrook,15259246,11922,21,-140
2026-08-09T00:06:00.938289+00:00,1786233947,18705,531 WhiteRock/WillowBrook,15259246,11744,22,-134
2026-08-09T00:06:00.938289+00:00,1786233947,18705,531 WhiteRock/WillowBrook,15259246,11746,23,-157
2026-08-09T00:06:00.938289+00:00,1786233947,18705,531 WhiteRock/WillowBrook,15259246,11839,24,-155
2026-08-09T00:06:00.938289+00:00,1786233947,18705,531 WhiteRock/WillowBrook,15259246,12922,25,-181
2026-08-09T00:06:00.938289+00:00,1786233947,18705,531 WhiteRock/WillowBrook,15259246,12923,26,-218
2026-08-09T00:06:00.938289+00:00,1786233947,18705,531 WhiteRock/WillowBrook,15259246,12925,27,-222
2026-08-09T00:06:00.938289+00:00,1786233947,18705,531 WhiteRock/WillowBrook,15259246,12928,28,-249
2026-08-09T00:06:00.938289+00:00,1786233947,18705,531 WhiteRock/WillowBrook,15259246,12930,29,-262
2026-08-09T00:06:00.938289+00:00,1786233947,18705,531 WhiteRock/WillowBrook,15259246,13042,30,-285
2026-08-09T00:06:00.938289+00:00,1786233947,18705,531 WhiteRock/WillowBrook,15259246,8936,31,-283
2026-08-09T00:06:00.938289+00:00,1786233947,18705,531 WhiteRock/WillowBrook,15259246,9030,32,-294
2026-08-09T00:06:00.938289+00:00,1786233947,18705,531 WhiteRock/WillowBrook,15259246,8937,33,-311
2026-08-09T00:06:00.938289+00:00,1786233947,18705,531 WhiteRock/WillowBrook,15259246,8938,34,-309
2026-08-09T00:06:00.938289+00:00,1786233947,18705,531 WhiteRock/WillowBrook,15259246,7081,35,-309
2026-08-09T00:06:00.938289+00:00,1786233947,18705,531 WhiteRock/WillowBrook,15259246,7082,36,-315
2026-08-09T00:06:00.938289+00:00,1786233947,18705,531 WhiteRock/WillowBrook,15259246,7083,37,-339
2026-08-09T00:06:00.938289+00:00,1786233947,18705,531 WhiteRock/WillowBrook,15259246,7084,38,-356
2026-08-09T00:06:00.938289+00:00,1786233947,18705,531 WhiteRock/WillowBrook,15259246,7085,39,-385
2026-08-09T00:06:00.938289+00:00,1786233947,18705,531 WhiteRock/WillowBrook,15259246,8939,40,-395
2026-08-09T00:06:00.938289+00:00,1786233947,18705,531 WhiteRock/WillowBrook,15259246,7086,41,-404
2026-08-09T00:06:00.938289+00:00,1786233947,18705,531 WhiteRock/WillowBrook,15259246,8940,42,-426
2026-08-09T00:06:00.938289+00:00,1786233947,18705,531 WhiteRock/WillowBrook,15259246,5341,43,-430
2026-08-09T00:06:00.938289+00:00,1786233947,18705,531 WhiteRock/WillowBrook,15259246,5342,44,-426
2026-08-09T00:06:00.938289+00:00,1786233947,18705,531 WhiteRock/WillowBrook,15259246,12293,45,-412
2026-08-09T00:06:00.938289+00:00,1786233947,18705,531 WhiteRock/WillowBrook,15259246,12173,46,-345
2026-08-09T00:06:00.938289+00:00,1786233947,18705,531 WhiteRock/WillowBrook,15259246,9291,47,-378
2026-08-09T00:06:00.938289+00:00,1786233947,18705,531 WhiteRock/WillowBrook,15259246,9292,48,-378
2026-08-09T00:06:00.938289+00:00,1786233947,18705,531 WhiteRock/WillowBrook,15259246,11264,49,-362
2026-08-09T00:06:00.938289+00:00,1786233947,18705,531 WhiteRock/WillowBrook,15259246,9303,50,-360
2026-08-09T00:06:00.938289+00:00,1786233947,18705,531 WhiteRock/WillowBrook,15259246,9304,51,-363
2026-08-09T00:06:00.938289+00:00,1786233947,18705,531 WhiteRock/WillowBrook,15259246,6475,52,-314
2026-08-09T00:06:00.938289+00:00,1786233947,18705,531 WhiteRock/WillowBrook,15259246,6476,53,-318
2026-08-09T00:06:00.938289+00:00,1786233947,18705,531 WhiteRock/WillowBrook,15259246,5335,54,-308
2026-08-09T00:06:00.938289+00:00,1786233947,18705,531 WhiteRock/WillowBrook,15259246,7100,55,-268
2026-08-09T00:06:00.938289+00:00,1786233947,18705,531 WhiteRock/WillowBrook,15259247,13013,1,0
2026-08-09T00:06:00.938289+00:00,1786233947,18705,531 WhiteRock/WillowBrook,15259247,5437,2,0
2026-08-09T00:06:00.938289+00:00,1786233947,18705,531 WhiteRock/WillowBrook,15259247,5438,3,0
2026-08-09T00:06:00.938289+00:00,1786233947,18705,531 WhiteRock/WillowBrook,15259247,5439,4,0
2026-08-09T00:06:00.938289+00:00,1786233947,18705,531 WhiteRock/WillowBrook,15259247,5440,5,0
2026-08-09T00:06:00.938289+00:00,1786233947,18705,531 WhiteRock/WillowBrook,15259247,11755,6,0
2026-08-09T00:06:00.938289+00:00,1786233947,18705,531 WhiteRock/WillowBrook,15259247,11734,7,0
2026-08-09T00:06:00.938289+00:00,1786233947,18705,531 WhiteRock/WillowBrook,15259247,10856,8,0
2026-08-09T00:06:00.938289+00:00,1786233947,18705,531 WhiteRock/WillowBrook,15259247,11583,9,0
2026-08-09T00:06:00.938289+00:00,1786233947,18705,531 WhiteRock/WillowBrook,15259247,11574,10,0
2026-08-09T00:06:00.938289+00:00,1786233947,18705,531 WhiteRock/WillowBrook,15259247,11736,11,0
2026-08-09T00:06:00.938289+00:00,1786233947,18705,531 WhiteRock/WillowBrook,15259247,12379,12,0
2026-08-09T00:06:00.938289+00:00,1786233947,18705,531 WhiteRock/WillowBrook,15259247,11738,13,0
2026-08-09T00:06:00.938289+00:00,1786233947,18705,531 WhiteRock/WillowBrook,15259247,11743,14,0
2026-08-09T00:06:00.938289+00:00,1786233947,18705,531 WhiteRock/WillowBrook,15259247,12306,15,0
2026-08-09T00:06:00.938289+00:00,1786233947,18705,531 WhiteRock/WillowBrook,15259247,12218,16,0
2026-08-09T00:06:00.938289+00:00,1786233947,18705,531 WhiteRock/WillowBrook,15259247,11924,17,0
2026-08-09T00:06:00.938289+00:00,1786233947,18705,531 WhiteRock/WillowBrook,15259247,13131,18,0
2026-08-09T00:06:00.938289+00:00,1786233947,18705,531 WhiteRock/WillowBrook,15259247,11923,19,0
2026-08-09T00:06:00.938289+00:00,1786233947,18705,531 WhiteRock/WillowBrook,15259247,12597,20,0
2026-08-09T00:06:00.938289+00:00,1786233947,18705,531 WhiteRock/WillowBrook,15259247,11922,21,0
2026-08-09T00:06:00.938289+00:00,1786233947,18705,531 WhiteRock/WillowBrook,15259247,11744,22,0
2026-08-09T00:06:00.938289+00:00,1786233947,18705,531 WhiteRock/WillowBrook,15259247,11746,23,0
2026-08-09T00:06:00.938289+00:00,1786233947,18705,531 WhiteRock/WillowBrook,15259247,11839,24,0
2026-08-09T00:06:00.938289+00:00,1786233947,18705,531 WhiteRock/WillowBrook,15259247,12922,25,0
2026-08-09T00:06:00.938289+00:00,1786233947,18705,531 WhiteRock/WillowBrook,15259247,12923,26,0
2026-08-09T00:06:00.938289+00:00,1786233947,18705,531 WhiteRock/WillowBrook,15259247,12925,27,0
2026-08-09T00:06:00.938289+00:00,1786233947,18705,531 WhiteRock/WillowBrook,15259247,12928,28,0
2026-08-09T00:06:00.938289+00:00,1786233947,18705,531 WhiteRock/WillowBrook,15259247,12930,29,0
2026-08-09T00:06:00.938289+00:00,1786233947,18705,531 WhiteRock/WillowBrook,15259247,13042,30,0
2026-08-09T00:06:00.938289+00:00,1786233947,18705,531 WhiteRock/WillowBrook,15259247,8936,31,0
2026-08-09T00:06:00.938289+00:00,1786233947,18705,531 WhiteRock/WillowBrook,15259247,9030,32,0
2026-08-09T00:06:00.938289+00:00,1786233947,18705,531 WhiteRock/WillowBrook,15259247,8937,33,0
2026-08-09T00:06:00.938289+00:00,1786233947,18705,531 WhiteRock/WillowBrook,15259247,8938,34,0
2026-08-09T00:06:00.938289+00:00,1786233947,18705,531 WhiteRock/WillowBrook,15259247,7081,35,0
2026-08-09T00:06:00.938289+00:00,1786233947,18705,531 WhiteRock/WillowBrook,15259247,7082,36,0
2026-08-09T00:06:00.938289+00:00,1786233947,18705,531 WhiteRock/WillowBrook,15259247,7083,37,0
2026-08-09T00:06:00.938289+00:00,1786233947,18705,531 WhiteRock/WillowBrook,15259247,7084,38,0
2026-08-09T00:06:00.938289+00:00,1786233947,18705,531 WhiteRock/WillowBrook,15259247,7085,39,0
2026-08-09T00:06:00.938289+00:00,1786233947,18705,531 WhiteRock/WillowBrook,15259247,8939,40,0
2026-08-09T00:06:00.938289+00:00,1786233947,18705,531 WhiteRock/WillowBrook,15259247,7086,41,0
2026-08-09T00:06:00.938289+00:00,1786233947,18705,531 WhiteRock/WillowBrook,15259247,8940,42,0
2026-08-09T00:06:00.938289+00:00,1786233947,18705,531 WhiteRock/WillowBrook,15259247,5341,43,0
2026-08-09T00:06:00.938289+00:00,1786233947,18705,531 WhiteRock/WillowBrook,15259247,5342,44,0
2026-08-09T00:06:00.938289+00:00,1786233947,18705,531 WhiteRock/WillowBrook,15259247,12293,45,0
2026-08-09T00:06:00.938289+00:00,1786233947,18705,531 WhiteRock/WillowBrook,15259247,12173,46,0
2026-08-09T00:06:00.938289+00:00,1786233947,18705,531 WhiteRock/WillowBrook,15259247,9291,47,0
2026-08-09T00:06:00.938289+00:00,1786233947,18705,531 WhiteRock/WillowBrook,15259247,9292,48,0
2026-08-09T00:06:00.938289+00:00,1786233947,18705,531 WhiteRock/WillowBrook,15259247,11264,49,0
2026-08-09T00:06:00.938289+00:00,1786233947,18705,531 WhiteRock/WillowBrook,15259247,9303,50,0
2026-08-09T00:06:00.938289+00:00,1786233947,18705,531 WhiteRock/WillowBrook,15259247,9304,51,0
2026-08-09T00:06:00.938289+00:00,1786233947,18705,531 WhiteRock/WillowBrook,15259247,6475,52,0
2026-08-09T00:06:00.938289+00:00,1786233947,18705,531 WhiteRock/WillowBrook,15259247,6476,53,0
2026-08-09T00:06:00.938289+00:00,1786233947,18705,531 WhiteRock/WillowBrook,15259247,5335,54,0
2026-08-09T00:06:00.938289+00:00,1786233947,18705,531 WhiteRock/WillowBrook,15259247,7100,55,0
2026-08-09T00:06:00.938289+00:00,1786233947,18705,531 WhiteRock/WillowBrook,15259282,11741,40,-340
2026-08-09T00:06:00.938289+00:00,1786233947,18705,531 WhiteRock/WillowBrook,15259282,11740,41,-346
2026-08-09T00:06:00.938289+00:00,1786233947,18705,531 WhiteRock/WillowBrook,15259282,11739,42,-294
2026-08-09T00:06:00.938289+00:00,1786233947,18705,531 WhiteRock/WillowBrook,15259282,11737,43,-244
2026-08-09T00:06:00.938289+00:00,1786233947,18705,531 WhiteRock/WillowBrook,15259282,11757,44,-266
2026-08-09T00:06:00.938289+00:00,1786233947,18705,531 WhiteRock/WillowBrook,15259282,11735,45,-229
2026-08-09T00:06:00.938289+00:00,1786233947,18705,531 WhiteRock/WillowBrook,15259282,11756,46,-223
2026-08-09T00:06:00.938289+00:00,1786233947,18705,531 WhiteRock/WillowBrook,15259282,5535,47,-191
2026-08-09T00:06:00.938289+00:00,1786233947,18705,531 WhiteRock/WillowBrook,15259282,5536,48,-200
2026-08-09T00:06:00.938289+00:00,1786233947,18705,531 WhiteRock/WillowBrook,15259282,5537,49,-205
2026-08-09T00:06:00.938289+00:00,1786233947,18705,531 WhiteRock/WillowBrook,15259282,5538,50,-209
2026-08-09T00:06:00.938289+00:00,1786233947,18705,531 WhiteRock/WillowBrook,15259282,5539,51,-189
2026-08-09T00:06:00.938289+00:00,1786233947,18705,531 WhiteRock/WillowBrook,15259282,5540,52,-172
2026-08-09T00:06:00.938289+00:00,1786233947,18705,531 WhiteRock/WillowBrook,15259283,9306,4,126
2026-08-09T00:06:00.938289+00:00,1786233947,18705,531 WhiteRock/WillowBrook,15259283,11125,5,154
2026-08-09T00:06:00.938289+00:00,1786233947,18705,531 WhiteRock/WillowBrook,15259283,9294,6,169
2026-08-09T00:06:00.938289+00:00,1786233947,18705,531 WhiteRock/WillowBrook,15259283,9293,7,167
2026-08-09T00:06:00.938289+00:00,1786233947,18705,531 WhiteRock/WillowBrook,15259283,11126,8,180
2026-08-09T00:06:00.938289+00:00,1786233947,18705,531 WhiteRock/WillowBrook,15259283,7094,9,153
2026-08-09T00:06:00.938289+00:00,1786233947,18705,531 WhiteRock/WillowBrook,15259283,7166,10,137
2026-08-09T00:06:00.938289+00:00,1786233947,18705,531 WhiteRock/WillowBrook,15259283,7092,11,183
2026-08-09T00:06:00.938289+00:00,1786233947,18705,531 WhiteRock/WillowBrook,15259283,10747,12,202
2026-08-09T00:06:00.938289+00:00,1786233947,18705,531 WhiteRock/WillowBrook,15259283,5364,13,209
2026-08-09T00:06:00.938289+00:00,1786233947,18705,531 WhiteRock/WillowBrook,15259283,11775,14,240
2026-08-09T00:06:00.938289+00:00,1786233947,18705,531 WhiteRock/WillowBrook,15259283,7171,15,221
2026-08-09T00:06:00.938289+00:00,1786233947,18705,531 WhiteRock/WillowBrook,15259283,7172,16,194
2026-08-09T00:06:00.938289+00:00,1786233947,18705,531 WhiteRock/WillowBrook,15259283,7173,17,188
2026-08-09T00:06:00.938289+00:00,1786233947,18705,531 WhiteRock/WillowBrook,15259283,7174,18,163
2026-08-09T00:06:00.938289+00:00,1786233947,18705,531 WhiteRock/WillowBrook,15259283,7175,19,154
2026-08-09T00:06:00.938289+00:00,1786233947,18705,531 WhiteRock/WillowBrook,15259283,7176,20,138
2026-08-09T00:06:00.938289+00:00,1786233947,18705,531 WhiteRock/WillowBrook,15259283,7177,21,147
2026-08-09T00:06:00.938289+00:00,1786233947,18705,531 WhiteRock/WillowBrook,15259283,8948,22,131
2026-08-09T00:06:00.938289+00:00,1786233947,18705,531 WhiteRock/WillowBrook,15259283,9031,23,119
2026-08-09T00:06:00.938289+00:00,1786233947,18705,531 WhiteRock/WillowBrook,15259283,12931,24,120
2026-08-09T00:06:00.938289+00:00,1786233947,18705,531 WhiteRock/WillowBrook,15259283,13041,25,110
2026-08-09T00:06:00.938289+00:00,1786233947,18705,531 WhiteRock/WillowBrook,15259283,12929,26,99
2026-08-09T00:06:00.938289+00:00,1786233947,18705,531 WhiteRock/WillowBrook,15259283,12927,27,74
2026-08-09T00:06:00.938289+00:00,1786233947,18705,531 WhiteRock/WillowBrook,15259283,12926,28,74
2026-08-09T00:06:00.938289+00:00,1786233947,18705,531 WhiteRock/WillowBrook,15259283,12924,29,49
2026-08-09T00:06:00.938289+00:00,1786233947,18705,531 WhiteRock/WillowBrook,15259283,11751,30,51
2026-08-09T00:06:00.938289+00:00,1786233947,18705,531 WhiteRock/WillowBrook,15259283,11750,31,26
2026-08-09T00:06:00.938289+00:00,1786233947,18705,531 WhiteRock/WillowBrook,15259283,11747,32,3
2026-08-09T00:06:00.938289+00:00,1786233947,18705,531 WhiteRock/WillowBrook,15259283,11745,33,-9
2026-08-09T00:06:00.938289+00:00,1786233947,18705,531 WhiteRock/WillowBrook,15259283,13040,34,-13
2026-08-09T00:06:00.938289+00:00,1786233947,18705,531 WhiteRock/WillowBrook,15259283,12598,35,-31
2026-08-09T00:06:00.938289+00:00,1786233947,18705,531 WhiteRock/WillowBrook,15259283,11920,36,-77
2026-08-09T00:06:00.938289+00:00,1786233947,18705,531 WhiteRock/WillowBrook,15259283,13130,37,-104
2026-08-09T00:06:00.938289+00:00,1786233947,18705,531 WhiteRock/WillowBrook,15259283,11925,38,-129
2026-08-09T00:06:00.938289+00:00,1786233947,18705,531 WhiteRock/WillowBrook,15259283,12219,39,-159
2026-08-09T00:06:00.938289+00:00,1786233947,18705,531 WhiteRock/WillowBrook,15259283,11741,40,-274
2026-08-09T00:06:00.938289+00:00,1786233947,18705,531 WhiteRock/WillowBrook,15259283,11740,41,-282
2026-08-09T00:06:00.938289+00:00,1786233947,18705,531 WhiteRock/WillowBrook,15259283,11739,42,-230
2026-08-09T00:06:00.938289+00:00,1786233947,18705,531 WhiteRock/WillowBrook,15259283,11737,43,-189
2026-08-09T00:06:00.938289+00:00,1786233947,18705,531 WhiteRock/WillowBrook,15259283,11757,44,-213
2026-08-09T00:06:00.938289+00:00,1786233947,18705,531 WhiteRock/WillowBrook,15259283,11735,45,-176
2026-08-09T00:06:00.938289+00:00,1786233947,18705,531 WhiteRock/WillowBrook,15259283,11756,46,-171
2026-08-09T00:06:00.938289+00:00,1786233947,18705,531 WhiteRock/WillowBrook,15259283,5535,47,-139
2026-08-09T00:06:00.938289+00:00,1786233947,18705,531 WhiteRock/WillowBrook,15259283,5536,48,-151
2026-08-09T00:06:00.938289+00:00,1786233947,18705,531 WhiteRock/WillowBrook,15259283,5537,49,-147
2026-08-09T00:06:00.938289+00:00,1786233947,18705,531 WhiteRock/WillowBrook,15259283,5538,50,-151
2026-08-09T00:06:00.938289+00:00,1786233947,18705,531 WhiteRock/WillowBrook,15259283,5539,51,-141
2026-08-09T00:06:00.938289+00:00,1786233947,18705,531 WhiteRock/WillowBrook,15259283,5540,52,-127
