captured_at,feed_timestamp,route_id,route_label,trip_id,stop_id,stop_sequence,delay_seconds
2026-08-30T00:02:31.831213+00:00,1788048142,6705,321 Surrey Central/WhiteRock,15247328,9089,56,266
2026-08-30T00:02:31.831213+00:00,1788048142,6705,321 Surrey Central/WhiteRock,15247328,7213,57,240
2026-08-30T00:02:31.831213+00:00,1788048142,6705,321 Surrey Central/WhiteRock,15247329,5474,48,137
2026-08-30T00:02:31.831213+00:00,1788048142,6705,321 Surrey Central/WhiteRock,15247329,5475,49,95
2026-08-30T00:02:31.831213+00:00,1788048142,6705,321 Surrey Central/WhiteRock,15247329,5476,50,79
2026-08-30T00:02:31.831213+00:00,1788048142,6705,321 Surrey Central/WhiteRock,15247329,5477,51,59
2026-08-30T00:02:31.831213+00:00,1788048142,6705,321 Surrey Central/WhiteRock,15247329,11725,52,34
2026-08-30T00:02:31.831213+00:00,1788048142,6705,321 Surrey Central/WhiteRock,15247329,5040,53,55
2026-08-30T00:02:31.831213+00:00,1788048142,6705,321 Surrey Central/WhiteRock,15247329,5041,54,57
2026-08-30T00:02:31.831213+00:00,1788048142,6705,321 Surrey Central/WhiteRock,15247329,12155,55,77
2026-08-30T00:02:31.831213+00:00,1788048142,6705,321 Surrey Central/WhiteRock,15247329,9089,56,89
2026-08-30T00:02:31.831213+00:00,1788048142,6705,321 Surrey Central/WhiteRock,15247329,7213,57,63
2026-08-30T00:02:31.831213+00:00,1788048142,6705,321 Surrey Central/WhiteRock,15247330,5700,38,357
2026-08-30T00:02:31.831213+00:00,1788048142,6705,321 Surrey Central/WhiteRock,15247330,5465,39,375
2026-08-30T00:02:31.831213+00:00,1788048142,6705,321 Surrey Central/WhiteRock,15247330,5466,40,339
2026-08-30T00:02:31.831213+00:00,1788048142,6705,321 Surrey Central/WhiteRock,15247330,5467,41,379
2026-08-30T00:02:31.831213+00:00,1788048142,6705,321 Surrey Central/WhiteRock,15247330,5468,42,353
2026-08-30T00:02:31.831213+00:00,1788048142,6705,321 Surrey Central/WhiteRock,15247330,5469,43,326
2026-08-30T00:02:31.831213+00:00,1788048142,6705,321 Surrey Central/WhiteRock,15247330,5470,44,303
2026-08-30T00:02:31.831213+00:00,1788048142,6705,321 Surrey Central/WhiteRock,15247330,5471,45,272
2026-08-30T00:02:31.831213+00:00,1788048142,6705,321 Surrey Central/WhiteRock,15247330,5472,46,249
2026-08-30T00:02:31.831213+00:00,1788048142,6705,321 Surrey Central/WhiteRock,15247330,5473,47,204
2026-08-30T00:02:31.831213+00:00,1788048142,6705,321 Surrey Central/WhiteRock,15247330,5474,48,211
2026-08-30T00:02:31.831213+00:00,1788048142,6705,321 Surrey Central/WhiteRock,15247330,5475,49,168
2026-08-30T00:02:31.831213+00:00,1788048142,6705,321 Surrey Central/WhiteRock,15247330,5476,50,147
2026-08-30T00:02:31.831213+00:00,1788048142,6705,321 Surrey Central/WhiteRock,15247330,5477,51,127
2026-08-30T00:02:31.831213+00:00,1788048142,6705,321 Surrey Central/WhiteRock,15247330,11725,52,102
2026-08-30T00:02:31.831213+00:00,1788048142,6705,321 Surrey Central/WhiteRock,15247330,5040,53,124
2026-08-30T00:02:31.831213+00:00,1788048142,6705,321 Surrey Central/WhiteRock,15247330,5041,54,126
2026-08-30T00:02:31.831213+00:00,1788048142,6705,321 Surrey Central/WhiteRock,15247330,12155,55,145
2026-08-30T00:02:31.831213+00:00,1788048142,6705,321 Surrey Central/WhiteRock,15247330,9089,56,157
2026-08-30T00:02:31.831213+00:00,1788048142,6705,321 Surrey Central/WhiteRock,15247330,7213,57,131
2026-08-30T00:02:31.831213+00:00,1788048142,6705,321 Surrey Central/WhiteRock,15247331,5458,32,-178
2026-08-30T00:02:31.831213+00:00,1788048142,6705,321 Surrey Central/WhiteRock,15247331,5459,33,-166
2026-08-30T00:02:31.831213+00:00,1788048142,6705,321 Surrey Central/WhiteRock,15247331,5460,34,-171
2026-08-30T00:02:31.831213+00:00,1788048142,6705,321 Surrey Central/WhiteRock,15247331,5461,35,-178
2026-08-30T00:02:31.831213+00:00,1788048142,6705,321 Surrey Central/WhiteRock,15247331,5462,36,-182
2026-08-30T00:02:31.831213+00:00,1788048142,6705,321 Surrey Central/WhiteRock,15247331,5463,37,-129
2026-08-30T00:02:31.831213+00:00,1788048142,6705,321 Surrey Central/WhiteRock,15247331,5700,38,0
2026-08-30T00:02:31.831213+00:00,1788048142,6705,321 Surrey Central/WhiteRock,15247331,5465,39,14
2026-08-30T00:02:31.831213+00:00,1788048142,6705,321 Surrey Central/WhiteRock,15247331,5466,40,-24
2026-08-30T00:02:31.831213+00:00,1788048142,6705,321 Surrey Central/WhiteRock,15247331,5467,41,15
2026-08-30T00:02:31.831213+00:00,1788048142,6705,321 Surrey Central/WhiteRock,15247331,5468,42,-11
2026-08-30T00:02:31.831213+00:00,1788048142,6705,321 Surrey Central/WhiteRock,15247331,5469,43,-35
2026-08-30T00:02:31.831213+00:00,1788048142,6705,321 Surrey Central/WhiteRock,15247331,5470,44,-58
2026-08-30T00:02:31.831213+00:00,1788048142,6705,321 Surrey Central/WhiteRock,15247331,5471,45,-89
2026-08-30T00:02:31.831213+00:00,1788048142,6705,321 Surrey Central/WhiteRock,15247331,5472,46,-109
2026-08-30T00:02:31.831213+00:00,1788048142,6705,321 Surrey Central/WhiteRock,15247331,5473,47,-154
2026-08-30T00:02:31.831213+00:00,1788048142,6705,321 Surrey Central/WhiteRock,15247331,5474,48,-147
2026-08-30T00:02:31.831213+00:00,1788048142,6705,321 Surrey Central/WhiteRock,15247331,5475,49,-189
2026-08-30T00:02:31.831213+00:00,1788048142,6705,321 Surrey Central/WhiteRock,15247331,5476,50,-205
2026-08-30T00:02:31.831213+00:00,1788048142,6705,321 Surrey Central/WhiteRock,15247331,5477,51,-225
2026-08-30T00:02:31.831213+00:00,1788048142,6705,321 Surrey Central/WhiteRock,15247331,11725,52,-250
2026-08-30T00:02:31.831213+00:00,1788048142,6705,321 Surrey Central/WhiteRock,15247331,5040,53,-229
2026-08-30T00:02:31.831213+00:00,1788048142,6705,321 Surrey Central/WhiteRock,15247331,5041,54,-227
2026-08-30T00:02:31.831213+00:00,1788048142,6705,321 Surrey Central/WhiteRock,15247331,12155,55,-208
2026-08-30T00:02:31.831213+00:00,1788048142,6705,321 Surrey Central/WhiteRock,15247331,9089,56,-196
2026-08-30T00:02:31.831213+00:00,1788048142,6705,321 Surrey Central/WhiteRock,15247331,7213,57,-223
2026-08-30T00:02:31.831213+00:00,1788048142,6705,321 Surrey Central/WhiteRock,15247332,5449,23,127
2026-08-30T00:02:31.831213+00:00,1788048142,6705,321 Surrey Central/WhiteRock,15247332,11313,24,92
2026-08-30T00:02:31.831213+00:00,1788048142,6705,321 Surrey Central/WhiteRock,15247332,10808,25,-37
2026-08-30T00:02:31.831213+00:00,1788048142,6705,321 Surrey Central/WhiteRock,15247332,5452,26,-148
2026-08-30T00:02:31.831213+00:00,1788048142,6705,321 Surrey Central/WhiteRock,15247332,11913,27,-161
2026-08-30T00:02:31.831213+00:00,1788048142,6705,321 Surrey Central/WhiteRock,15247332,5454,28,-166
2026-08-30T00:02:31.831213+00:00,1788048142,6705,321 Surrey Central/WhiteRock,15247332,5455,29,-167
2026-08-30T00:02:31.831213+00:00,1788048142,6705,321 Surrey Central/WhiteRock,15247332,5456,30,-113
2026-08-30T00:02:31.831213+00:00,1788048142,6705,321 Surrey Central/WhiteRock,15247332,12651,31,-135
2026-08-30T00:02:31.831213+00:00,1788048142,6705,321 Surrey Central/WhiteRock,15247332,5458,32,-130
2026-08-30T00:02:31.831213+00:00,1788048142,6705,321 Surrey Central/WhiteRock,15247332,5459,33,-118
2026-08-30T00:02:31.831213+00:00,1788048142,6705,321 Surrey Central/WhiteRock,15247332,5460,34,-122
2026-08-30T00:02:31.831213+00:00,1788048142,6705,321 Surrey Central/WhiteRock,15247332,5461,35,-128
2026-08-30T00:02:31.831213+00:00,1788048142,6705,321 Surrey Central/WhiteRock,15247332,5462,36,-132
2026-08-30T00:02:31.831213+00:00,1788048142,6705,321 Surrey Central/WhiteRock,15247332,5463,37,-78
2026-08-30T00:02:31.831213+00:00,1788048142,6705,321 Surrey Central/WhiteRock,15247332,5700,38,41
2026-08-30T00:02:31.831213+00:00,1788048142,6705,321 Surrey Central/WhiteRock,15247332,5465,39,55
2026-08-30T00:02:31.831213+00:00,1788048142,6705,321 Surrey Central/WhiteRock,15247332,5466,40,16
2026-08-30T00:02:31.831213+00:00,1788048142,6705,321 Surrey Central/WhiteRock,15247332,5467,41,55
2026-08-30T00:02:31.831213+00:00,1788048142,6705,321 Surrey Central/WhiteRock,15247332,5468,42,29
2026-08-30T00:02:31.831213+00:00,1788048142,6705,321 Surrey Central/WhiteRock,15247332,5469,43,2
2026-08-30T00:02:31.831213+00:00,1788048142,6705,321 Surrey Central/WhiteRock,15247332,5470,44,-21
2026-08-30T00:02:31.831213+00:00,1788048142,6705,321 Surrey Central/WhiteRock,15247332,5471,45,-52
2026-08-30T00:02:31.831213+00:00,1788048142,6705,321 Surrey Central/WhiteRock,15247332,5472,46,-72
2026-08-30T00:02:31.831213+00:00,1788048142,6705,321 Surrey Central/WhiteRock,15247332,5473,47,-117
2026-08-30T00:02:31.831213+00:00,1788048142,6705,321 Surrey Central/WhiteRock,15247332,5474,48,-110
2026-08-30T00:02:31.831213+00:00,1788048142,6705,321 Surrey Central/WhiteRock,15247332,5475,49,-152
2026-08-30T00:02:31.831213+00:00,1788048142,6705,321 Surrey Central/WhiteRock,15247332,5476,50,-168
2026-08-30T00:02:31.831213+00:00,1788048142,6705,321 Surrey Central/WhiteRock,15247332,5477,51,-188
2026-08-30T00:02:31.831213+00:00,1788048142,6705,321 Surrey Central/WhiteRock,15247332,11725,52,-213
2026-08-30T00:02:31.831213+00:00,1788048142,6705,321 Surrey Central/WhiteRock,15247332,5040,53,-195
2026-08-30T00:02:31.831213+00:00,1788048142,6705,321 Surrey Central/WhiteRock,15247332,5041,54,-193
2026-08-30T00:02:31.831213+00:00,1788048142,6705,321 Surrey Central/WhiteRock,15247332,12155,55,-175
2026-08-30T00:02:31.831213+00:00,1788048142,6705,321 Surrey Central/WhiteRock,15247332,9089,56,-163
2026-08-30T00:02:31.831213+00:00,1788048142,6705,321 Surrey Central/WhiteRock,15247332,7213,57,-190
2026-08-30T00:02:31.831213+00:00,1788048142,6705,321 Surrey Central/WhiteRock,15247333,5441,14,177
2026-08-30T00:02:31.831213+00:00,1788048142,6705,321 Surrey Central/WhiteRock,15247333,5442,15,158
2026-08-30T00:02:31.831213+00:00,1788048142,6705,321 Surrey Central/WhiteRock,15247333,5444,16,168
2026-08-30T00:02:31.831213+00:00,1788048142,6705,321 Surrey Central/WhiteRock,15247333,9083,17,151
2026-08-30T00:02:31.831213+00:00,1788048142,6705,321 Surrey Central/WhiteRock,15247333,5446,18,166
2026-08-30T00:02:31.831213+00:00,1788048142,6705,321 Surrey Central/WhiteRock,15247333,10445,19,161
2026-08-30T00:02:31.831213+00:00,1788048142,6705,321 Surrey Central/WhiteRock,15247333,5447,20,129
2026-08-30T00:02:31.831213+00:00,1788048142,6705,321 Surrey Central/WhiteRock,15247333,5448,21,136
2026-08-30T00:02:31.831213+00:00,1788048142,6705,321 Surrey Central/WhiteRock,15247333,10437,22,147
2026-08-30T00:02:31.831213+00:00,1788048142,6705,321 Surrey Central/WhiteRock,15247333,5449,23,102
2026-08-30T00:02:31.831213+00:00,1788048142,6705,321 Surrey Central/WhiteRock,15247333,11313,24,67
2026-08-30T00:02:31.831213+00:00,1788048142,6705,321 Surrey Central/WhiteRock,15247333,10808,25,-62
2026-08-30T00:02:31.831213+00:00,1788048142,6705,321 Surrey Central/WhiteRock,15247333,5452,26,-173
2026-08-30T00:02:31.831213+00:00,1788048142,6705,321 Surrey Central/WhiteRock,15247333,11913,27,-185
2026-08-30T00:02:31.831213+00:00,1788048142,6705,321 Surrey Central/WhiteRock,15247333,5454,28,-189
2026-08-30T00:02:31.831213+00:00,1788048142,6705,321 Surrey Central/WhiteRock,15247333,5455,29,-190
2026-08-30T00:02:31.831213+00:00,1788048142,6705,321 Surrey Central/WhiteRock,15247333,5456,30,-136
2026-08-30T00:02:31.831213+00:00,1788048142,6705,321 Surrey Central/WhiteRock,15247333,12651,31,-158
2026-08-30T00:02:31.831213+00:00,1788048142,6705,321 Surrey Central/WhiteRock,15247333,5458,32,-153
2026-08-30T00:02:31.831213+00:00,1788048142,6705,321 Surrey Central/WhiteRock,15247333,5459,33,-141
2026-08-30T00:02:31.831213+00:00,1788048142,6705,321 Surrey Central/WhiteRock,15247333,5460,34,-146
2026-08-30T00:02:31.831213+00:00,1788048142,6705,321 Surrey Central/WhiteRock,15247333,5461,35,-152
2026-08-30T00:02:31.831213+00:00,1788048142,6705,321 Surrey Central/WhiteRock,15247333,5462,36,-156
2026-08-30T00:02:31.831213+00:00,1788048142,6705,321 Surrey Central/WhiteRock,15247333,5463,37,-101
2026-08-30T00:02:31.831213+00:00,1788048142,6705,321 Surrey Central/WhiteRock,15247333,5700,38,18
2026-08-30T00:02:31.831213+00:00,1788048142,6705,321 Surrey Central/WhiteRock,15247333,5465,39,32
2026-08-30T00:02:31.831213+00:00,1788048142,6705,321 Surrey Central/WhiteRock,15247333,5466,40,-7
2026-08-30T00:02:31.831213+00:00,1788048142,6705,321 Surrey Central/WhiteRock,15247333,5467,41,32
2026-08-30T00:02:31.831213+00:00,1788048142,6705,321 Surrey Central/WhiteRock,15247333,5468,42,6
2026-08-30T00:02:31.831213+00:00,1788048142,6705,321 Surrey Central/WhiteRock,15247333,5469,43,-21
2026-08-30T00:02:31.831213+00:00,1788048142,6705,321 Surrey Central/WhiteRock,15247333,5470,44,-44
2026-08-30T00:02:31.831213+00:00,1788048142,6705,321 Surrey Central/WhiteRock,15247333,5471,45,-75
2026-08-30T00:02:31.831213+00:00,1788048142,6705,321 Surrey Central/WhiteRock,15247333,5472,46,-95
2026-08-30T00:02:31.831213+00:00,1788048142,6705,321 Surrey Central/WhiteRock,15247333,5473,47,-140
2026-08-30T00:02:31.831213+00:00,1788048142,6705,321 Surrey Central/WhiteRock,15247333,5474,48,-133
2026-08-30T00:02:31.831213+00:00,1788048142,6705,321 Surrey Central/WhiteRock,15247333,5475,49,-174
2026-08-30T00:02:31.831213+00:00,1788048142,6705,321 Surrey Central/WhiteRock,15247333,5476,50,-190
2026-08-30T00:02:31.831213+00:00,1788048142,6705,321 Surrey Central/WhiteRock,15247333,5477,51,-210
2026-08-30T00:02:31.831213+00:00,1788048142,6705,321 Surrey Central/WhiteRock,15247333,11725,52,-235
2026-08-30T00:02:31.831213+00:00,1788048142,6705,321 Surrey Central/WhiteRock,15247333,5040,53,-219
2026-08-30T00:02:31.831213+00:00,1788048142,6705,321 Surrey Central/WhiteRock,15247333,5041,54,-217
2026-08-30T00:02:31.831213+00:00,1788048142,6705,321 Surrey Central/WhiteRock,15247333,12155,55,-199
2026-08-30T00:02:31.831213+00:00,1788048142,6705,321 Surrey Central/WhiteRock,15247333,9089,56,-187
2026-08-30T00:02:31.831213+00:00,1788048142,6705,321 Surrey Central/WhiteRock,15247333,7213,57,-214
2026-08-30T00:02:31.831213+00:00,1788048142,6705,321 Surrey Central/WhiteRock,15247334,6200,4,-17
2026-08-30T00:02:31.831213+00:00,1788048142,6705,321 Surrey Central/WhiteRock,15247334,6201,5,-21
2026-08-30T00:02:31.831213+00:00,1788048142,6705,321 Surrey Central/WhiteRock,15247334,6354,6,-5
2026-08-30T00:02:31.831213+00:00,1788048142,6705,321 Surrey Central/WhiteRock,15247334,6355,7,-16
2026-08-30T00:02:31.831213+00:00,1788048142,6705,321 Surrey Central/WhiteRock,15247334,6356,8,66
2026-08-30T00:02:31.831213+00:00,1788048142,6705,321 Surrey Central/WhiteRock,15247334,6174,9,122
2026-08-30T00:02:31.831213+00:00,1788048142,6705,321 Surrey Central/WhiteRock,15247334,5437,10,137
2026-08-30T00:02:31.831213+00:00,1788048142,6705,321 Surrey Central/WhiteRock,15247334,5438,11,133
2026-08-30T00:02:31.831213+00:00,1788048142,6705,321 Surrey Central/WhiteRock,15247334,5439,12,147
2026-08-30T00:02:31.831213+00:00,1788048142,6705,321 Surrey Central/WhiteRock,15247334,5440,13,130
2026-08-30T00:02:31.831213+00:00,1788048142,6705,321 Surrey Central/WhiteRock,15247334,5441,14,158
2026-08-30T00:02:31.831213+00:00,1788048142,6705,321 Surrey Central/WhiteRock,15247334,5442,15,139
2026-08-30T00:02:31.831213+00:00,1788048142,6705,321 Surrey Central/WhiteRock,15247334,5444,16,152
2026-08-30T00:02:31.831213+00:00,1788048142,6705,321 Surrey Central/WhiteRock,15247334,9083,17,132
2026-08-30T00:02:31.831213+00:00,1788048142,6705,321 Surrey Central/WhiteRock,15247334,5446,18,143
2026-08-30T00:02:31.831213+00:00,1788048142,6705,321 Surrey Central/WhiteRock,15247334,10445,19,136
2026-08-30T00:02:31.831213+00:00,1788048142,6705,321 Surrey Central/WhiteRock,15247334,5447,20,104
2026-08-30T00:02:31.831213+00:00,1788048142,6705,321 Surrey Central/WhiteRock,15247334,5448,21,111
2026-08-30T00:02:31.831213+00:00,1788048142,6705,321 Surrey Central/WhiteRock,15247334,10437,22,116
2026-08-30T00:02:31.831213+00:00,1788048142,6705,321 Surrey Central/WhiteRock,15247334,5449,23,71
2026-08-30T00:02:31.831213+00:00,1788048142,6705,321 Surrey Central/WhiteRock,15247334,11313,24,36
2026-08-30T00:02:31.831213+00:00,1788048142,6705,321 Surrey Central/WhiteRock,15247334,10808,25,-93
2026-08-30T00:02:31.831213+00:00,1788048142,6705,321 Surrey Central/WhiteRock,15247334,5452,26,-204
2026-08-30T00:02:31.831213+00:00,1788048142,6705,321 Surrey Central/WhiteRock,15247334,11913,27,-216
2026-08-30T00:02:31.831213+00:00,1788048142,6705,321 Surrey Central/WhiteRock,15247334,5454,28,-221
2026-08-30T00:02:31.831213+00:00,1788048142,6705,321 Surrey Central/WhiteRock,15247334,5455,29,-222
2026-08-30T00:02:31.831213+00:00,1788048142,6705,321 Surrey Central/WhiteRock,15247334,5456,30,-167
2026-08-30T00:02:31.831213+00:00,1788048142,6705,321 Surrey Central/WhiteRock,15247334,12651,31,-189
2026-08-30T00:02:31.831213+00:00,1788048142,6705,321 Surrey Central/WhiteRock,15247334,5458,32,-185
2026-08-30T00:02:31.831213+00:00,1788048142,6705,321 Surrey Central/WhiteRock,15247334,5459,33,-173
2026-08-30T00:02:31.831213+00:00,1788048142,6705,321 Surrey Central/WhiteRock,15247334,5460,34,-178
2026-08-30T00:02:31.831213+00:00,1788048142,6705,321 Surrey Central/WhiteRock,15247334,5461,35,-184
2026-08-30T00:02:31.831213+00:00,1788048142,6705,321 Surrey Central/WhiteRock,15247334,5462,36,-188
2026-08-30T00:02:31.831213+00:00,1788048142,6705,321 Surrey Central/WhiteRock,15247334,5463,37,-122
2026-08-30T00:02:31.831213+00:00,1788048142,6705,321 Surrey Central/WhiteRock,15247334,5700,38,0
2026-08-30T00:02:31.831213+00:00,1788048142,6705,321 Surrey Central/WhiteRock,15247334,5465,39,18
2026-08-30T00:02:31.831213+00:00,1788048142,6705,321 Surrey Central/WhiteRock,15247334,5466,40,-21
2026-08-30T00:02:31.831213+00:00,1788048142,6705,321 Surrey Central/WhiteRock,15247334,5467,41,18
2026-08-30T00:02:31.831213+00:00,1788048142,6705,321 Surrey Central/WhiteRock,15247334,5468,42,-8
2026-08-30T00:02:31.831213+00:00,1788048142,6705,321 Surrey Central/WhiteRock,15247334,5469,43,-37
2026-08-30T00:02:31.831213+00:00,1788048142,6705,321 Surrey Central/WhiteRock,15247334,5470,44,-58
2026-08-30T00:02:31.831213+00:00,1788048142,6705,321 Surrey Central/WhiteRock,15247334,5471,45,-88
2026-08-30T00:02:31.831213+00:00,1788048142,6705,321 Surrey Central/WhiteRock,15247334,5472,46,-111
2026-08-30T00:02:31.831213+00:00,1788048142,6705,321 Surrey Central/WhiteRock,15247334,5473,47,-156
2026-08-30T00:02:31.831213+00:00,1788048142,6705,321 Surrey Central/WhiteRock,15247334,5474,48,-148
2026-08-30T00:02:31.831213+00:00,1788048142,6705,321 Surrey Central/WhiteRock,15247334,5475,49,-189
2026-08-30T00:02:31.831213+00:00,1788048142,6705,321 Surrey Central/WhiteRock,15247334,5476,50,-207
2026-08-30T00:02:31.831213+00:00,1788048142,6705,321 Surrey Central/WhiteRock,15247334,5477,51,-227
2026-08-30T00:02:31.831213+00:00,1788048142,6705,321 Surrey Central/WhiteRock,15247334,11725,52,-253
2026-08-30T00:02:31.831213+00:00,1788048142,6705,321 Surrey Central/WhiteRock,15247334,5040,53,-234
2026-08-30T00:02:31.831213+00:00,1788048142,6705,321 Surrey Central/WhiteRock,15247334,5041,54,-232
2026-08-30T00:02:31.831213+00:00,1788048142,6705,321 Surrey Central/WhiteRock,15247334,12155,55,-214
2026-08-30T00:02:31.831213+00:00,1788048142,6705,321 Surrey Central/WhiteRock,15247334,9089,56,-202
2026-08-30T00:02:31.831213+00:00,1788048142,6705,321 Surrey Central/WhiteRock,15247334,7213,57,-229
2026-08-30T00:02:31.831213+00:00,1788048142,6705,321 Surrey Central/WhiteRock,15247335,6197,1,0
2026-08-30T00:02:31.831213+00:00,1788048142,6705,321 Surrey Central/WhiteRock,15247335,6199,3,-570
2026-08-30T00:02:31.831213+00:00,1788048142,6705,321 Surrey Central/WhiteRock,15247335,6200,4,-580
2026-08-30T00:02:31.831213+00:00,1788048142,6705,321 Surrey Central/WhiteRock,15247335,6201,5,-584
2026-08-30T00:02:31.831213+00:00,1788048142,6705,321 Surrey Central/WhiteRock,15247335,6354,6,-568
2026-08-30T00:02:31.831213+00:00,1788048142,6705,321 Surrey Central/WhiteRock,15247335,6355,7,-579
2026-08-30T00:02:31.831213+00:00,1788048142,6705,321 Surrey Central/WhiteRock,15247335,6356,8,-497
2026-08-30T00:02:31.831213+00:00,1788048142,6705,321 Surrey Central/WhiteRock,15247335,6174,9,-441
2026-08-30T00:02:31.831213+00:00,1788048142,6705,321 Surrey Central/WhiteRock,15247335,5437,10,-424
2026-08-30T00:02:31.831213+00:00,1788048142,6705,321 Surrey Central/WhiteRock,15247335,5438,11,-428
2026-08-30T00:02:31.831213+00:00,1788048142,6705,321 Surrey Central/WhiteRock,15247335,5439,12,-414
2026-08-30T00:02:31.831213+00:00,1788048142,6705,321 Surrey Central/WhiteRock,15247335,5440,13,-432
2026-08-30T00:02:31.831213+00:00,1788048142,6705,321 Surrey Central/WhiteRock,15247335,5441,14,-414
2026-08-30T00:02:31.831213+00:00,1788048142,6705,321 Surrey Central/WhiteRock,15247335,5442,15,-433
2026-08-30T00:02:31.831213+00:00,1788048142,6705,321 Surrey Central/WhiteRock,15247335,5444,16,-421
2026-08-30T00:02:31.831213+00:00,1788048142,6705,321 Surrey Central/WhiteRock,15247335,9083,17,-441
2026-08-30T00:02:31.831213+00:00,1788048142,6705,321 Surrey Central/WhiteRock,15247335,5446,18,-430
2026-08-30T00:02:31.831213+00:00,1788048142,6705,321 Surrey Central/WhiteRock,15247335,10445,19,-437
2026-08-30T00:02:31.831213+00:00,1788048142,6705,321 Surrey Central/WhiteRock,15247335,5447,20,-469
2026-08-30T00:02:31.831213+00:00,1788048142,6705,321 Surrey Central/WhiteRock,15247335,5448,21,-462
2026-08-30T00:02:31.831213+00:00,1788048142,6705,321 Surrey Central/WhiteRock,15247335,10437,22,-457
2026-08-30T00:02:31.831213+00:00,1788048142,6705,321 Surrey Central/WhiteRock,15247335,5449,23,-502
2026-08-30T00:02:31.831213+00:00,1788048142,6705,321 Surrey Central/WhiteRock,15247335,11313,24,-537
2026-08-30T00:02:31.831213+00:00,1788048142,6705,321 Surrey Central/WhiteRock,15247335,10808,25,-666
2026-08-30T00:02:31.831213+00:00,1788048142,6705,321 Surrey Central/WhiteRock,15247335,5452,26,-777
2026-08-30T00:02:31.831213+00:00,1788048142,6705,321 Surrey Central/WhiteRock,15247335,11913,27,-789
2026-08-30T00:02:31.831213+00:00,1788048142,6705,321 Surrey Central/WhiteRock,15247335,5454,28,-794
2026-08-30T00:02:31.831213+00:00,1788048142,6705,321 Surrey Central/WhiteRock,15247335,5455,29,-795
2026-08-30T00:02:31.831213+00:00,1788048142,6705,321 Surrey Central/WhiteRock,15247335,5456,30,-740
2026-08-30T00:02:31.831213+00:00,1788048142,6705,321 Surrey Central/WhiteRock,15247335,12651,31,-762
2026-08-30T00:02:31.831213+00:00,1788048142,6705,321 Surrey Central/WhiteRock,15247335,5458,32,-758
2026-08-30T00:02:31.831213+00:00,1788048142,6705,321 Surrey Central/WhiteRock,15247335,5459,33,-746
2026-08-30T00:02:31.831213+00:00,1788048142,6705,321 Surrey Central/WhiteRock,15247335,5460,34,-751
2026-08-30T00:02:31.831213+00:00,1788048142,6705,321 Surrey Central/WhiteRock,15247335,5461,35,-757
2026-08-30T00:02:31.831213+00:00,1788048142,6705,321 Surrey Central/WhiteRock,15247335,5462,36,-761
2026-08-30T00:02:31.831213+00:00,1788048142,6705,321 Surrey Central/WhiteRock,15247335,5463,37,-695
2026-08-30T00:02:31.831213+00:00,1788048142,6705,321 Surrey Central/WhiteRock,15247335,5700,38,0
2026-08-30T00:02:31.831213+00:00,1788048142,6705,321 Surrey Central/WhiteRock,15247335,5465,39,18
2026-08-30T00:02:31.831213+00:00,1788048142,6705,321 Surrey Central/WhiteRock,15247335,5466,40,-21
2026-08-30T00:02:31.831213+00:00,1788048142,6705,321 Surrey Central/WhiteRock,15247335,5467,41,18
2026-08-30T00:02:31.831213+00:00,1788048142,6705,321 Surrey Central/WhiteRock,15247335,5468,42,-9
2026-08-30T00:02:31.831213+00:00,1788048142,6705,321 Surrey Central/WhiteRock,15247335,5469,43,-38
2026-08-30T00:02:31.831213+00:00,1788048142,6705,321 Surrey Central/WhiteRock,15247335,5470,44,-60
2026-08-30T00:02:31.831213+00:00,1788048142,6705,321 Surrey Central/WhiteRock,15247335,5471,45,-90
2026-08-30T00:02:31.831213+00:00,1788048142,6705,321 Surrey Central/WhiteRock,15247335,5472,46,-113
2026-08-30T00:02:31.831213+00:00,1788048142,6705,321 Surrey Central/WhiteRock,15247335,5473,47,-158
2026-08-30T00:02:31.831213+00:00,1788048142,6705,321 Surrey Central/WhiteRock,15247335,5474,48,-150
2026-08-30T00:02:31.831213+00:00,1788048142,6705,321 Surrey Central/WhiteRock,15247335,5475,49,-190
2026-08-30T00:02:31.831213+00:00,1788048142,6705,321 Surrey Central/WhiteRock,15247335,5476,50,-207
2026-08-30T00:02:31.831213+00:00,1788048142,6705,321 Surrey Central/WhiteRock,15247335,5477,51,-227
2026-08-30T00:02:31.831213+00:00,1788048142,6705,321 Surrey Central/WhiteRock,15247335,11725,52,-252
2026-08-30T00:02:31.831213+00:00,1788048142,6705,321 Surrey Central/WhiteRock,15247335,5040,53,-232
2026-08-30T00:02:31.831213+00:00,1788048142,6705,321 Surrey Central/WhiteRock,15247335,5041,54,-224
2026-08-30T00:02:31.831213+00:00,1788048142,6705,321 Surrey Central/WhiteRock,15247335,12155,55,-205
2026-08-30T00:02:31.831213+00:00,1788048142,6705,321 Surrey Central/WhiteRock,15247335,9089,56,-180
2026-08-30T00:02:31.831213+00:00,1788048142,6705,321 Surrey Central/WhiteRock,15247335,7213,57,-180
2026-08-30T00:02:31.831213+00:00,1788048142,6705,321 Surrey Central/WhiteRock,15247444,5538,47,-396
2026-08-30T00:02:31.831213+00:00,1788048142,6705,321 Surrey Central/WhiteRock,15247444,5541,48,-365
2026-08-30T00:02:31.831213+00:00,1788048142,6705,321 Surrey Central/WhiteRock,15247444,5542,49,-348
2026-08-30T00:02:31.831213+00:00,1788048142,6705,321 Surrey Central/WhiteRock,15247444,6195,50,-313
2026-08-30T00:02:31.831213+00:00,1788048142,6705,321 Surrey Central/WhiteRock,15247445,5521,32,81
2026-08-30T00:02:31.831213+00:00,1788048142,6705,321 Surrey Central/WhiteRock,15247445,5522,33,-44
2026-08-30T00:02:31.831213+00:00,1788048142,6705,321 Surrey Central/WhiteRock,15247445,5523,34,-78
2026-08-30T00:02:31.831213+00:00,1788048142,6705,321 Surrey Central/WhiteRock,15247445,6466,35,-93
2026-08-30T00:02:31.831213+00:00,1788048142,6705,321 Surrey Central/WhiteRock,15247445,5524,36,-83
2026-08-30T00:02:31.831213+00:00,1788048142,6705,321 Surrey Central/WhiteRock,15247445,5525,37,-110
2026-08-30T00:02:31.831213+00:00,1788048142,6705,321 Surrey Central/WhiteRock,15247445,10443,38,-135
2026-08-30T00:02:31.831213+00:00,1788048142,6705,321 Surrey Central/WhiteRock,15247445,5528,39,-131
2026-08-30T00:02:31.831213+00:00,1788048142,6705,321 Surrey Central/WhiteRock,15247445,5529,40,-149
2026-08-30T00:02:31.831213+00:00,1788048142,6705,321 Surrey Central/WhiteRock,15247445,5530,41,-162
2026-08-30T00:02:31.831213+00:00,1788048142,6705,321 Surrey Central/WhiteRock,15247445,5533,42,-168
2026-08-30T00:02:31.831213+00:00,1788048142,6705,321 Surrey Central/WhiteRock,15247445,5534,43,-186
2026-08-30T00:02:31.831213+00:00,1788048142,6705,321 Surrey Central/WhiteRock,15247445,5535,44,-173
2026-08-30T00:02:31.831213+00:00,1788048142,6705,321 Surrey Central/WhiteRock,15247445,5536,45,-194
2026-08-30T00:02:31.831213+00:00,1788048142,6705,321 Surrey Central/WhiteRock,15247445,5537,46,-199
2026-08-30T00:02:31.831213+00:00,1788048142,6705,321 Surrey Central/WhiteRock,15247445,5538,47,-206
2026-08-30T00:02:31.831213+00:00,1788048142,6705,321 Surrey Central/WhiteRock,15247445,5541,48,-179
2026-08-30T00:02:31.831213+00:00,1788048142,6705,321 Surrey Central/WhiteRock,15247445,5542,49,-163
2026-08-30T00:02:31.831213+00:00,1788048142,6705,321 Surrey Central/WhiteRock,15247445,6195,50,-130
2026-08-30T00:02:31.831213+00:00,1788048142,6705,321 Surrey Central/WhiteRock,15247446,5510,21,372
2026-08-30T00:02:31.831213+00:00,1788048142,6705,321 Surrey Central/WhiteRock,15247446,5511,22,365
2026-08-30T00:02:31.831213+00:00,1788048142,6705,321 Surrey Central/WhiteRock,15247446,5512,23,360
2026-08-30T00:02:31.831213+00:00,1788048142,6705,321 Surrey Central/WhiteRock,15247446,5513,24,351
2026-08-30T00:02:31.831213+00:00,1788048142,6705,321 Surrey Central/WhiteRock,15247446,5514,25,426
2026-08-30T00:02:31.831213+00:00,1788048142,6705,321 Surrey Central/WhiteRock,15247446,5515,26,420
2026-08-30T00:02:31.831213+00:00,1788048142,6705,321 Surrey Central/WhiteRock,15247446,5516,27,423
2026-08-30T00:02:31.831213+00:00,1788048142,6705,321 Surrey Central/WhiteRock,15247446,5517,28,437
2026-08-30T00:02:31.831213+00:00,1788048142,6705,321 Surrey Central/WhiteRock,15247446,5518,29,440
2026-08-30T00:02:31.831213+00:00,1788048142,6705,321 Surrey Central/WhiteRock,15247446,5519,30,421
2026-08-30T00:02:31.831213+00:00,1788048142,6705,321 Surrey Central/WhiteRock,15247446,5520,31,408
2026-08-30T00:02:31.831213+00:00,1788048142,6705,321 Surrey Central/WhiteRock,15247446,5521,32,213
2026-08-30T00:02:31.831213+00:00,1788048142,6705,321 Surrey Central/WhiteRock,15247446,5522,33,87
2026-08-30T00:02:31.831213+00:00,1788048142,6705,321 Surrey Central/WhiteRock,15247446,5523,34,53
2026-08-30T00:02:31.831213+00:00,1788048142,6705,321 Surrey Central/WhiteRock,15247446,6466,35,38
2026-08-30T00:02:31.831213+00:00,1788048142,6705,321 Surrey Central/WhiteRock,15247446,5524,36,48
2026-08-30T00:02:31.831213+00:00,1788048142,6705,321 Surrey Central/WhiteRock,15247446,5525,37,21
2026-08-30T00:02:31.831213+00:00,1788048142,6705,321 Surrey Central/WhiteRock,15247446,10443,38,-4
2026-08-30T00:02:31.831213+00:00,1788048142,6705,321 Surrey Central/WhiteRock,15247446,5528,39,0
2026-08-30T00:02:31.831213+00:00,1788048142,6705,321 Surrey Central/WhiteRock,15247446,5529,40,-20
2026-08-30T00:02:31.831213+00:00,1788048142,6705,321 Surrey Central/WhiteRock,15247446,5530,41,-34
2026-08-30T00:02:31.831213+00:00,1788048142,6705,321 Surrey Central/WhiteRock,15247446,5533,42,-40
2026-08-30T00:02:31.831213+00:00,1788048142,6705,321 Surrey Central/WhiteRock,15247446,5534,43,-58
2026-08-30T00:02:31.831213+00:00,1788048142,6705,321 Surrey Central/WhiteRock,15247446,5535,44,-52
2026-08-30T00:02:31.831213+00:00,1788048142,6705,321 Surrey Central/WhiteRock,15247446,5536,45,-72
2026-08-30T00:02:31.831213+00:00,1788048142,6705,321 Surrey Central/WhiteRock,15247446,5537,46,-74
2026-08-30T00:02:31.831213+00:00,1788048142,6705,321 Surrey Central/WhiteRock,15247446,5538,47,-81
2026-08-30T00:02:31.831213+00:00,1788048142,6705,321 Surrey Central/WhiteRock,15247446,5541,48,-54
2026-08-30T00:02:31.831213+00:00,1788048142,6705,321 Surrey Central/WhiteRock,15247446,5542,49,-37
2026-08-30T00:02:31.831213+00:00,1788048142,6705,321 Surrey Central/WhiteRock,15247446,6195,50,-4
2026-08-30T00:02:31.831213+00:00,1788048142,6705,321 Surrey Central/WhiteRock,15247447,5503,16,301
2026-08-30T00:02:31.831213+00:00,1788048142,6705,321 Surrey Central/WhiteRock,15247447,5504,17,257
2026-08-30T00:02:31.831213+00:00,1788048142,6705,321 Surrey Central/WhiteRock,15247447,5505,18,277
2026-08-30T00:02:31.831213+00:00,1788048142,6705,321 Surrey Central/WhiteRock,15247447,5507,19,273
2026-08-30T00:02:31.831213+00:00,1788048142,6705,321 Surrey Central/WhiteRock,15247447,5633,20,326
2026-08-30T00:02:31.831213+00:00,1788048142,6705,321 Surrey Central/WhiteRock,15247447,5510,21,355
2026-08-30T00:02:31.831213+00:00,1788048142,6705,321 Surrey Central/WhiteRock,15247447,5511,22,348
2026-08-30T00:02:31.831213+00:00,1788048142,6705,321 Surrey Central/WhiteRock,15247447,5512,23,343
2026-08-30T00:02:31.831213+00:00,1788048142,6705,321 Surrey Central/WhiteRock,15247447,5513,24,332
2026-08-30T00:02:31.831213+00:00,1788048142,6705,321 Surrey Central/WhiteRock,15247447,5514,25,407
2026-08-30T00:02:31.831213+00:00,1788048142,6705,321 Surrey Central/WhiteRock,15247447,5515,26,401
2026-08-30T00:02:31.831213+00:00,1788048142,6705,321 Surrey Central/WhiteRock,15247447,5516,27,403
2026-08-30T00:02:31.831213+00:00,1788048142,6705,321 Surrey Central/WhiteRock,15247447,5517,28,416
2026-08-30T00:02:31.831213+00:00,1788048142,6705,321 Surrey Central/WhiteRock,15247447,5518,29,419
2026-08-30T00:02:31.831213+00:00,1788048142,6705,321 Surrey Central/WhiteRock,15247447,5519,30,400
2026-08-30T00:02:31.831213+00:00,1788048142,6705,321 Surrey Central/WhiteRock,15247447,5520,31,387
2026-08-30T00:02:31.831213+00:00,1788048142,6705,321 Surrey Central/WhiteRock,15247447,5521,32,192
2026-08-30T00:02:31.831213+00:00,1788048142,6705,321 Surrey Central/WhiteRock,15247447,5522,33,67
2026-08-30T00:02:31.831213+00:00,1788048142,6705,321 Surrey Central/WhiteRock,15247447,5523,34,34
2026-08-30T00:02:31.831213+00:00,1788048142,6705,321 Surrey Central/WhiteRock,15247447,6466,35,19
2026-08-30T00:02:31.831213+00:00,1788048142,6705,321 Surrey Central/WhiteRock,15247447,5524,36,29
2026-08-30T00:02:31.831213+00:00,1788048142,6705,321 Surrey Central/WhiteRock,15247447,5525,37,2
2026-08-30T00:02:31.831213+00:00,1788048142,6705,321 Surrey Central/WhiteRock,15247447,10443,38,-23
2026-08-30T00:02:31.831213+00:00,1788048142,6705,321 Surrey Central/WhiteRock,15247447,5528,39,-19
2026-08-30T00:02:31.831213+00:00,1788048142,6705,321 Surrey Central/WhiteRock,15247447,5529,40,-38
2026-08-30T00:02:31.831213+00:00,1788048142,6705,321 Surrey Central/WhiteRock,15247447,5530,41,-52
2026-08-30T00:02:31.831213+00:00,1788048142,6705,321 Surrey Central/WhiteRock,15247447,5533,42,-59
2026-08-30T00:02:31.831213+00:00,1788048142,6705,321 Surrey Central/WhiteRock,15247447,5534,43,-77
2026-08-30T00:02:31.831213+00:00,1788048142,6705,321 Surrey Central/WhiteRock,15247447,5535,44,-72
2026-08-30T00:02:31.831213+00:00,1788048142,6705,321 Surrey Central/WhiteRock,15247447,5536,45,-91
2026-08-30T00:02:31.831213+00:00,1788048142,6705,321 Surrey Central/WhiteRock,15247447,5537,46,-94
2026-08-30T00:02:31.831213+00:00,1788048142,6705,321 Surrey Central/WhiteRock,15247447,5538,47,-100
2026-08-30T00:02:31.831213+00:00,1788048142,6705,321 Surrey Central/WhiteRock,15247447,5541,48,-73
2026-08-30T00:02:31.831213+00:00,1788048142,6705,321 Surrey Central/WhiteRock,15247447,5542,49,-56
2026-08-30T00:02:31.831213+00:00,1788048142,6705,321 Surrey Central/WhiteRock,15247447,6195,50,-23
2026-08-30T00:02:31.831213+00:00,1788048142,6705,321 Surrey Central/WhiteRock,15247448,5499,12,-97
2026-08-30T00:02:31.831213+00:00,1788048142,6705,321 Surrey Central/WhiteRock,15247448,5500,13,-99
2026-08-30T00:02:31.831213+00:00,1788048142,6705,321 Surrey Central/WhiteRock,15247448,5501,14,-122
2026-08-30T00:02:31.831213+00:00,1788048142,6705,321 Surrey Central/WhiteRock,15247448,5502,15,-132
2026-08-30T00:02:31.831213+00:00,1788048142,6705,321 Surrey Central/WhiteRock,15247448,5503,16,-110
2026-08-30T00:02:31.831213+00:00,1788048142,6705,321 Surrey Central/WhiteRock,15247448,5504,17,-154
2026-08-30T00:02:31.831213+00:00,1788048142,6705,321 Surrey Central/WhiteRock,15247448,5505,18,-134
2026-08-30T00:02:31.831213+00:00,1788048142,6705,321 Surrey Central/WhiteRock,15247448,5507,19,-138
2026-08-30T00:02:31.831213+00:00,1788048142,6705,321 Surrey Central/WhiteRock,15247448,5633,20,0
2026-08-30T00:02:31.831213+00:00,1788048142,6705,321 Surrey Central/WhiteRock,15247448,5510,21,31
2026-08-30T00:02:31.831213+00:00,1788048142,6705,321 Surrey Central/WhiteRock,15247448,5511,22,24
2026-08-30T00:02:31.831213+00:00,1788048142,6705,321 Surrey Central/WhiteRock,15247448,5512,23,19
2026-08-30T00:02:31.831213+00:00,1788048142,6705,321 Surrey Central/WhiteRock,15247448,5513,24,8
2026-08-30T00:02:31.831213+00:00,1788048142,6705,321 Surrey Central/WhiteRock,15247448,5514,25,83
2026-08-30T00:02:31.831213+00:00,1788048142,6705,321 Surrey Central/WhiteRock,15247448,5515,26,77
2026-08-30T00:02:31.831213+00:00,1788048142,6705,321 Surrey Central/WhiteRock,15247448,5516,27,78
2026-08-30T00:02:31.831213+00:00,1788048142,6705,321 Surrey Central/WhiteRock,15247448,5517,28,91
2026-08-30T00:02:31.831213+00:00,1788048142,6705,321 Surrey Central/WhiteRock,15247448,5518,29,94
2026-08-30T00:02:31.831213+00:00,1788048142,6705,321 Surrey Central/WhiteRock,15247448,5519,30,75
2026-08-30T00:02:31.831213+00:00,1788048142,6705,321 Surrey Central/WhiteRock,15247448,5520,31,62
2026-08-30T00:02:31.831213+00:00,1788048142,6705,321 Surrey Central/WhiteRock,15247448,5521,32,-133
2026-08-30T00:02:31.831213+00:00,1788048142,6705,321 Surrey Central/WhiteRock,15247448,5522,33,-258
2026-08-30T00:02:31.831213+00:00,1788048142,6705,321 Surrey Central/WhiteRock,15247448,5523,34,-291
2026-08-30T00:02:31.831213+00:00,1788048142,6705,321 Surrey Central/WhiteRock,15247448,6466,35,-306
2026-08-30T00:02:31.831213+00:00,1788048142,6705,321 Surrey Central/WhiteRock,15247448,5524,36,-296
2026-08-30T00:02:31.831213+00:00,1788048142,6705,321 Surrey Central/WhiteRock,15247448,5525,37,-323
2026-08-30T00:02:31.831213+00:00,1788048142,6705,321 Surrey Central/WhiteRock,15247448,10443,38,-348
2026-08-30T00:02:31.831213+00:00,1788048142,6705,321 Surrey Central/WhiteRock,15247448,5528,39,-343
2026-08-30T00:02:31.831213+00:00,1788048142,6705,321 Surrey Central/WhiteRock,15247448,5529,40,-361
2026-08-30T00:02:31.831213+00:00,1788048142,6705,321 Surrey Central/WhiteRock,15247448,5530,41,-375
2026-08-30T00:02:31.831213+00:00,1788048142,6705,321 Surrey Central/WhiteRock,15247448,5533,42,-382
2026-08-30T00:02:31.831213+00:00,1788048142,6705,321 Surrey Central/WhiteRock,15247448,5534,43,-400
2026-08-30T00:02:31.831213+00:00,1788048142,6705,321 Surrey Central/WhiteRock,15247448,5535,44,-386
2026-08-30T00:02:31.831213+00:00,1788048142,6705,321 Surrey Central/WhiteRock,15247448,5536,45,-407
2026-08-30T00:02:31.831213+00:00,1788048142,6705,321 Surrey Central/WhiteRock,15247448,5537,46,-410
2026-08-30T00:02:31.831213+00:00,1788048142,6705,321 Surrey Central/WhiteRock,15247448,5538,47,-416
2026-08-30T00:02:31.831213+00:00,1788048142,6705,321 Surrey Central/WhiteRock,15247448,5541,48,-389
2026-08-30T00:02:31.831213+00:00,1788048142,6705,321 Surrey Central/WhiteRock,15247448,5542,49,-372
2026-08-30T00:02:31.831213+00:00,1788048142,6705,321 Surrey Central/WhiteRock,15247448,6195,50,-339
2026-08-30T00:02:31.831213+00:00,1788048142,6705,321 Surrey Central/WhiteRock,15247449,5046,2,89
2026-08-30T00:02:31.831213+00:00,1788048142,6705,321 Surrey Central/WhiteRock,15247449,5047,3,91
2026-08-30T00:02:31.831213+00:00,1788048142,6705,321 Surrey Central/WhiteRock,15247449,8566,4,64
2026-08-30T00:02:31.831213+00:00,1788048142,6705,321 Surrey Central/WhiteRock,15247449,12916,5,81
2026-08-30T00:02:31.831213+00:00,1788048142,6705,321 Surrey Central/WhiteRock,15247449,5049,6,72
2026-08-30T00:02:31.831213+00:00,1788048142,6705,321 Surrey Central/WhiteRock,15247449,5039,7,72
2026-08-30T00:02:31.831213+00:00,1788048142,6705,321 Surrey Central/WhiteRock,15247449,8351,8,50
2026-08-30T00:02:31.831213+00:00,1788048142,6705,321 Surrey Central/WhiteRock,15247449,5496,9,-1
2026-08-30T00:02:31.831213+00:00,1788048142,6705,321 Surrey Central/WhiteRock,15247449,5497,10,-36
2026-08-30T00:02:31.831213+00:00,1788048142,6705,321 Surrey Central/WhiteRock,15247449,5498,11,-45
2026-08-30T00:02:31.831213+00:00,1788048142,6705,321 Surrey Central/WhiteRock,15247449,5499,12,-79
2026-08-30T00:02:31.831213+00:00,1788048142,6705,321 Surrey Central/WhiteRock,15247449,5500,13,-81
2026-08-30T00:02:31.831213+00:00,1788048142,6705,321 Surrey Central/WhiteRock,15247449,5501,14,-104
2026-08-30T00:02:31.831213+00:00,1788048142,6705,321 Surrey Central/WhiteRock,15247449,5502,15,-114
2026-08-30T00:02:31.831213+00:00,1788048142,6705,321 Surrey Central/WhiteRock,15247449,5503,16,-96
2026-08-30T00:02:31.831213+00:00,1788048142,6705,321 Surrey Central/WhiteRock,15247449,5504,17,-140
2026-08-30T00:02:31.831213+00:00,1788048142,6705,321 Surrey Central/WhiteRock,15247449,5505,18,-120
2026-08-30T00:02:31.831213+00:00,1788048142,6705,321 Surrey Central/WhiteRock,15247449,5507,19,-124
2026-08-30T00:02:31.831213+00:00,1788048142,6705,321 Surrey Central/WhiteRock,15247449,5633,20,0
2026-08-30T00:02:31.831213+00:00,1788048142,6705,321 Surrey Central/WhiteRock,15247449,5510,21,31
2026-08-30T00:02:31.831213+00:00,1788048142,6705,321 Surrey Central/WhiteRock,15247449,5511,22,24
2026-08-30T00:02:31.831213+00:00,1788048142,6705,321 Surrey Central/WhiteRock,15247449,5512,23,19
2026-08-30T00:02:31.831213+00:00,1788048142,6705,321 Surrey Central/WhiteRock,15247449,5513,24,8
2026-08-30T00:02:31.831213+00:00,1788048142,6705,321 Surrey Central/WhiteRock,15247449,5514,25,83
2026-08-30T00:02:31.831213+00:00,1788048142,6705,321 Surrey Central/WhiteRock,15247449,5515,26,77
2026-08-30T00:02:31.831213+00:00,1788048142,6705,321 Surrey Central/WhiteRock,15247449,5516,27,89
2026-08-30T00:02:31.831213+00:00,1788048142,6705,321 Surrey Central/WhiteRock,15247449,5517,28,104
2026-08-30T00:02:31.831213+00:00,1788048142,6705,321 Surrey Central/WhiteRock,15247449,5518,29,107
2026-08-30T00:02:31.831213+00:00,1788048142,6705,321 Surrey Central/WhiteRock,15247449,5519,30,87
2026-08-30T00:02:31.831213+00:00,1788048142,6705,321 Surrey Central/WhiteRock,15247449,5520,31,74
2026-08-30T00:02:31.831213+00:00,1788048142,6705,321 Surrey Central/WhiteRock,15247449,5521,32,-121
2026-08-30T00:02:31.831213+00:00,1788048142,6705,321 Surrey Central/WhiteRock,15247449,5522,33,-246
2026-08-30T00:02:31.831213+00:00,1788048142,6705,321 Surrey Central/WhiteRock,15247449,5523,34,-279
2026-08-30T00:02:31.831213+00:00,1788048142,6705,321 Surrey Central/WhiteRock,15247449,6466,35,-292
2026-08-30T00:02:31.831213+00:00,1788048142,6705,321 Surrey Central/WhiteRock,15247449,5524,36,-281
2026-08-30T00:02:31.831213+00:00,1788048142,6705,321 Surrey Central/WhiteRock,15247449,5525,37,-308
2026-08-30T00:02:31.831213+00:00,1788048142,6705,321 Surrey Central/WhiteRock,15247449,10443,38,-334
2026-08-30T00:02:31.831213+00:00,1788048142,6705,321 Surrey Central/WhiteRock,15247449,5528,39,-329
2026-08-30T00:02:31.831213+00:00,1788048142,6705,321 Surrey Central/WhiteRock,15247449,5529,40,-348
2026-08-30T00:02:31.831213+00:00,1788048142,6705,321 Surrey Central/WhiteRock,15247449,5530,41,-361
2026-08-30T00:02:31.831213+00:00,1788048142,6705,321 Surrey Central/WhiteRock,15247449,5533,42,-369
2026-08-30T00:02:31.831213+00:00,1788048142,6705,321 Surrey Central/WhiteRock,15247449,5534,43,-387
2026-08-30T00:02:31.831213+00:00,1788048142,6705,321 Surrey Central/WhiteRock,15247449,5535,44,-373
2026-08-30T00:02:31.831213+00:00,1788048142,6705,321 Surrey Central/WhiteRock,15247449,5536,45,-395
2026-08-30T00:02:31.831213+00:00,1788048142,6705,321 Surrey Central/WhiteRock,15247449,5537,46,-400
2026-08-30T00:02:31.831213+00:00,1788048142,6705,321 Surrey Central/WhiteRock,15247449,5538,47,-407
2026-08-30T00:02:31.831213+00:00,1788048142,6705,321 Surrey Central/WhiteRock,15247449,5541,48,-382
2026-08-30T00:02:31.831213+00:00,1788048142,6705,321 Surrey Central/WhiteRock,15247449,5542,49,-364
2026-08-30T00:02:31.831213+00:00,1788048142,6705,321 Surrey Central/WhiteRock,15247449,6195,50,-326
2026-08-30T00:02:31.831213+00:00,1788048142,6715,351 Bridgeport/WhiteRock,15251740,5444,17,857
2026-08-30T00:02:31.831213+00:00,1788048142,6715,351 Bridgeport/WhiteRock,15251740,9083,18,832
2026-08-30T00:02:31.831213+00:00,1788048142,6715,351 Bridgeport/WhiteRock,15251740,5446,19,835
2026-08-30T00:02:31.831213+00:00,1788048142,6715,351 Bridgeport/WhiteRock,15251740,10445,20,826
2026-08-30T00:02:31.831213+00:00,1788048142,6715,351 Bridgeport/WhiteRock,15251740,5447,21,786
2026-08-30T00:02:31.831213+00:00,1788048142,6715,351 Bridgeport/WhiteRock,15251740,5448,22,787
2026-08-30T00:02:31.831213+00:00,1788048142,6715,351 Bridgeport/WhiteRock,15251740,6194,23,793
2026-08-30T00:02:31.831213+00:00,1788048142,6715,351 Bridgeport/WhiteRock,15251740,4928,24,758
2026-08-30T00:02:31.831213+00:00,1788048142,6715,351 Bridgeport/WhiteRock,15251740,8282,25,754
2026-08-30T00:02:31.831213+00:00,1788048142,6715,351 Bridgeport/WhiteRock,15251763,6172,8,442
2026-08-30T00:02:31.831213+00:00,1788048142,6715,351 Bridgeport/WhiteRock,15251763,6173,9,445
2026-08-30T00:02:31.831213+00:00,1788048142,6715,351 Bridgeport/WhiteRock,15251763,6139,10,492
2026-08-30T00:02:31.831213+00:00,1788048142,6715,351 Bridgeport/WhiteRock,15251763,5437,11,519
2026-08-30T00:02:31.831213+00:00,1788048142,6715,351 Bridgeport/WhiteRock,15251763,5438,12,510
2026-08-30T00:02:31.831213+00:00,1788048142,6715,351 Bridgeport/WhiteRock,15251763,5439,13,523
2026-08-30T00:02:31.831213+00:00,1788048142,6715,351 Bridgeport/WhiteRock,15251763,5440,14,502
2026-08-30T00:02:31.831213+00:00,1788048142,6715,351 Bridgeport/WhiteRock,15251763,5441,15,530
2026-08-30T00:02:31.831213+00:00,1788048142,6715,351 Bridgeport/WhiteRock,15251763,5442,16,506
2026-08-30T00:02:31.831213+00:00,1788048142,6715,351 Bridgeport/WhiteRock,15251763,5444,17,512
2026-08-30T00:02:31.831213+00:00,1788048142,6715,351 Bridgeport/WhiteRock,15251763,9083,18,489
2026-08-30T00:02:31.831213+00:00,1788048142,6715,351 Bridgeport/WhiteRock,15251763,5446,19,494
2026-08-30T00:02:31.831213+00:00,1788048142,6715,351 Bridgeport/WhiteRock,15251763,10445,20,487
2026-08-30T00:02:31.831213+00:00,1788048142,6715,351 Bridgeport/WhiteRock,15251763,5447,21,447
2026-08-30T00:02:31.831213+00:00,1788048142,6715,351 Bridgeport/WhiteRock,15251763,5448,22,448
2026-08-30T00:02:31.831213+00:00,1788048142,6715,351 Bridgeport/WhiteRock,15251763,6194,23,455
2026-08-30T00:02:31.831213+00:00,1788048142,6715,351 Bridgeport/WhiteRock,15251763,4928,24,421
2026-08-30T00:02:31.831213+00:00,1788048142,6715,351 Bridgeport/WhiteRock,15251763,8282,25,421
2026-08-30T00:02:31.831213+00:00,1788048142,6715,351 Bridgeport/WhiteRock,15251765,4928,24,922
2026-08-30T00:02:31.831213+00:00,1788048142,6715,351 Bridgeport/WhiteRock,15251765,8282,25,926
2026-08-30T00:02:31.831213+00:00,1788048142,6715,351 Bridgeport/WhiteRock,15251803,5535,13,-433
2026-08-30T00:02:31.831213+00:00,1788048142,6715,351 Bridgeport/WhiteRock,15251803,5536,14,-436
2026-08-30T00:02:31.831213+00:00,1788048142,6715,351 Bridgeport/WhiteRock,15251803,5537,15,-410
2026-08-30T00:02:31.831213+00:00,1788048142,6715,351 Bridgeport/WhiteRock,15251803,5538,16,-404
2026-08-30T00:02:31.831213+00:00,1788048142,6715,351 Bridgeport/WhiteRock,15251803,5541,17,-355
2026-08-30T00:02:31.831213+00:00,1788048142,6715,351 Bridgeport/WhiteRock,15251803,5542,18,-328
2026-08-30T00:02:31.831213+00:00,1788048142,6715,351 Bridgeport/WhiteRock,15251803,6340,19,-271
2026-08-30T00:02:31.831213+00:00,1788048142,6715,351 Bridgeport/WhiteRock,15251803,6341,20,-246
2026-08-30T00:02:31.831213+00:00,1788048142,6715,351 Bridgeport/WhiteRock,15251803,6167,21,-227
2026-08-30T00:02:31.831213+00:00,1788048142,6715,351 Bridgeport/WhiteRock,15251829,4929,3,858
2026-08-30T00:02:31.831213+00:00,1788048142,6715,351 Bridgeport/WhiteRock,15251829,6175,4,308
2026-08-30T00:02:31.831213+00:00,1788048142,6715,351 Bridgeport/WhiteRock,15251829,5524,5,380
2026-08-30T00:02:31.831213+00:00,1788048142,6715,351 Bridgeport/WhiteRock,15251829,5525,6,374
2026-08-30T00:02:31.831213+00:00,1788048142,6715,351 Bridgeport/WhiteRock,15251829,10443,7,389
2026-08-30T00:02:31.831213+00:00,1788048142,6715,351 Bridgeport/WhiteRock,15251829,5528,8,418
2026-08-30T00:02:31.831213+00:00,1788048142,6715,351 Bridgeport/WhiteRock,15251829,5529,9,417
2026-08-30T00:02:31.831213+00:00,1788048142,6715,351 Bridgeport/WhiteRock,15251829,5530,10,426
2026-08-30T00:02:31.831213+00:00,1788048142,6715,351 Bridgeport/WhiteRock,15251829,5533,11,447
2026-08-30T00:02:31.831213+00:00,1788048142,6715,351 Bridgeport/WhiteRock,15251829,5534,12,452
2026-08-30T00:02:31.831213+00:00,1788048142,6715,351 Bridgeport/WhiteRock,15251829,5535,13,493
2026-08-30T00:02:31.831213+00:00,1788048142,6715,351 Bridgeport/WhiteRock,15251829,5536,14,495
2026-08-30T00:02:31.831213+00:00,1788048142,6715,351 Bridgeport/WhiteRock,15251829,5537,15,517
2026-08-30T00:02:31.831213+00:00,1788048142,6715,351 Bridgeport/WhiteRock,15251829,5538,16,525
2026-08-30T00:02:31.831213+00:00,1788048142,6715,351 Bridgeport/WhiteRock,15251829,5541,17,574
2026-08-30T00:02:31.831213+00:00,1788048142,6715,351 Bridgeport/WhiteRock,15251829,5542,18,603
2026-08-30T00:02:31.831213+00:00,1788048142,6715,351 Bridgeport/WhiteRock,15251829,6340,19,654
2026-08-30T00:02:31.831213+00:00,1788048142,6715,351 Bridgeport/WhiteRock,15251829,6341,20,683
2026-08-30T00:02:31.831213+00:00,1788048142,6715,351 Bridgeport/WhiteRock,15251829,6167,21,706
2026-08-30T00:02:31.831213+00:00,1788048142,11692,364 Langley Centre/Scottsdale,15252763,9294,44,-20
2026-08-30T00:02:31.831213+00:00,1788048142,11692,364 Langley Centre/Scottsdale,15252763,9293,45,-27
2026-08-30T00:02:31.831213+00:00,1788048142,11692,364 Langley Centre/Scottsdale,15252763,11126,46,-12
2026-08-30T00:02:31.831213+00:00,1788048142,11692,364 Langley Centre/Scottsdale,15252763,7094,47,-50
2026-08-30T00:02:31.831213+00:00,1788048142,11692,364 Langley Centre/Scottsdale,15252764,5244,1,0
2026-08-30T00:02:31.831213+00:00,1788048142,11692,364 Langley Centre/Scottsdale,15252764,4918,3,-496
2026-08-30T00:02:31.831213+00:00,1788048142,11692,364 Langley Centre/Scottsdale,15252764,4919,4,-496
2026-08-30T00:02:31.831213+00:00,1788048142,11692,364 Langley Centre/Scottsdale,15252764,4921,5,-548
2026-08-30T00:02:31.831213+00:00,1788048142,11692,364 Langley Centre/Scottsdale,15252764,11121,6,-499
2026-08-30T00:02:31.831213+00:00,1788048142,11692,364 Langley Centre/Scottsdale,15252764,11142,7,-532
2026-08-30T00:02:31.831213+00:00,1788048142,11692,364 Langley Centre/Scottsdale,15252764,11139,8,-547
2026-08-30T00:02:31.831213+00:00,1788048142,11692,364 Langley Centre/Scottsdale,15252764,11156,9,-560
2026-08-30T00:02:31.831213+00:00,1788048142,11692,364 Langley Centre/Scottsdale,15252764,5583,10,-551
2026-08-30T00:02:31.831213+00:00,1788048142,11692,364 Langley Centre/Scottsdale,15252764,5584,11,-583
2026-08-30T00:02:31.831213+00:00,1788048142,11692,364 Langley Centre/Scottsdale,15252764,6464,12,-597
2026-08-30T00:02:31.831213+00:00,1788048142,11692,364 Langley Centre/Scottsdale,15252764,6465,13,-618
2026-08-30T00:02:31.831213+00:00,1788048142,11692,364 Langley Centre/Scottsdale,15252764,11074,14,-578
2026-08-30T00:02:31.831213+00:00,1788048142,11692,364 Langley Centre/Scottsdale,15252764,11153,15,-605
2026-08-30T00:02:31.831213+00:00,1788048142,11692,364 Langley Centre/Scottsdale,15252764,11150,16,-642
2026-08-30T00:02:31.831213+00:00,1788048142,11692,364 Langley Centre/Scottsdale,15252764,11148,17,-658
2026-08-30T00:02:31.831213+00:00,1788048142,11692,364 Langley Centre/Scottsdale,15252764,11124,18,-648
2026-08-30T00:02:31.831213+00:00,1788048142,11692,364 Langley Centre/Scottsdale,15252764,11140,19,-688
2026-08-30T00:02:31.831213+00:00,1788048142,11692,364 Langley Centre/Scottsdale,15252764,11145,20,-704
2026-08-30T00:02:31.831213+00:00,1788048142,11692,364 Langley Centre/Scottsdale,15252764,11076,21,0
2026-08-30T00:02:31.831213+00:00,1788048142,11692,364 Langley Centre/Scottsdale,15252764,12645,22,-199
2026-08-30T00:02:31.831213+00:00,1788048142,11692,364 Langley Centre/Scottsdale,15252764,9525,23,-195
2026-08-30T00:02:31.831213+00:00,1788048142,11692,364 Langley Centre/Scottsdale,15252764,10148,24,-180
2026-08-30T00:02:31.831213+00:00,1788048142,11692,364 Langley Centre/Scottsdale,15252764,10585,25,-199
2026-08-30T00:02:31.831213+00:00,1788048142,11692,364 Langley Centre/Scottsdale,15252764,10250,26,-206
2026-08-30T00:02:31.831213+00:00,1788048142,11692,364 Langley Centre/Scottsdale,15252764,10588,27,-212
2026-08-30T00:02:31.831213+00:00,1788048142,11692,364 Langley Centre/Scottsdale,15252764,10248,28,-185
2026-08-30T00:02:31.831213+00:00,1788048142,11692,364 Langley Centre/Scottsdale,15252764,10726,29,-180
2026-08-30T00:02:31.831213+00:00,1788048142,11692,364 Langley Centre/Scottsdale,15252764,10725,30,-192
2026-08-30T00:02:31.831213+00:00,1788048142,11692,364 Langley Centre/Scottsdale,15252764,10727,31,-205
2026-08-30T00:02:31.831213+00:00,1788048142,11692,364 Langley Centre/Scottsdale,15252764,10251,32,-211
2026-08-30T00:02:31.831213+00:00,1788048142,11692,364 Langley Centre/Scottsdale,15252764,10252,33,-230
2026-08-30T00:02:31.831213+00:00,1788048142,11692,364 Langley Centre/Scottsdale,15252764,10253,34,-237
2026-08-30T00:02:31.831213+00:00,1788048142,11692,364 Langley Centre/Scottsdale,15252764,10255,35,-253
2026-08-30T00:02:31.831213+00:00,1788048142,11692,364 Langley Centre/Scottsdale,15252764,5332,36,-214
2026-08-30T00:02:31.831213+00:00,1788048142,11692,364 Langley Centre/Scottsdale,15252764,12497,37,-237
2026-08-30T00:02:31.831213+00:00,1788048142,11692,364 Langley Centre/Scottsdale,15252764,5334,38,-239
2026-08-30T00:02:31.831213+00:00,1788048142,11692,364 Langley Centre/Scottsdale,15252764,6472,39,-226
2026-08-30T00:02:31.831213+00:00,1788048142,11692,364 Langley Centre/Scottsdale,15252764,6473,40,-228
2026-08-30T00:02:31.831213+00:00,1788048142,11692,364 Langley Centre/Scottsdale,15252764,6474,41,-231
2026-08-30T00:02:31.831213+00:00,1788048142,11692,364 Langley Centre/Scottsdale,15252764,9306,42,-190
2026-08-30T00:02:31.831213+00:00,1788048142,11692,364 Langley Centre/Scottsdale,15252764,11125,43,-193
2026-08-30T00:02:31.831213+00:00,1788048142,11692,364 Langley Centre/Scottsdale,15252764,9294,44,-183
2026-08-30T00:02:31.831213+00:00,1788048142,11692,364 Langley Centre/Scottsdale,15252764,9293,45,-192
2026-08-30T00:02:31.831213+00:00,1788048142,11692,364 Langley Centre/Scottsdale,15252764,11126,46,-184
2026-08-30T00:02:31.831213+00:00,1788048142,11692,364 Langley Centre/Scottsdale,15252764,7094,47,-215
2026-08-30T00:02:31.831213+00:00,1788048142,11692,364 Langley Centre/Scottsdale,15252796,5583,10,113
2026-08-30T00:02:31.831213+00:00,1788048142,11692,364 Langley Centre/Scottsdale,15252796,5584,11,82
2026-08-30T00:02:31.831213+00:00,1788048142,11692,364 Langley Centre/Scottsdale,15252796,6464,12,69
2026-08-30T00:02:31.831213+00:00,1788048142,11692,364 Langley Centre/Scottsdale,15252796,6465,13,48
2026-08-30T00:02:31.831213+00:00,1788048142,11692,364 Langley Centre/Scottsdale,15252796,11074,14,88
2026-08-30T00:02:31.831213+00:00,1788048142,11692,364 Langley Centre/Scottsdale,15252796,11153,15,61
2026-08-30T00:02:31.831213+00:00,1788048142,11692,364 Langley Centre/Scottsdale,15252796,11150,16,24
2026-08-30T00:02:31.831213+00:00,1788048142,11692,364 Langley Centre/Scottsdale,15252796,11148,17,8
2026-08-30T00:02:31.831213+00:00,1788048142,11692,364 Langley Centre/Scottsdale,15252796,11124,18,18
2026-08-30T00:02:31.831213+00:00,1788048142,11692,364 Langley Centre/Scottsdale,15252796,11140,19,-21
2026-08-30T00:02:31.831213+00:00,1788048142,11692,364 Langley Centre/Scottsdale,15252796,11145,20,-37
2026-08-30T00:02:31.831213+00:00,1788048142,11692,364 Langley Centre/Scottsdale,15252796,11076,21,0
2026-08-30T00:02:31.831213+00:00,1788048142,11692,364 Langley Centre/Scottsdale,15252796,12645,22,-210
2026-08-30T00:02:31.831213+00:00,1788048142,11692,364 Langley Centre/Scottsdale,15252796,9525,23,-209
2026-08-30T00:02:31.831213+00:00,1788048142,11692,364 Langley Centre/Scottsdale,15252796,10148,24,-196
2026-08-30T00:02:31.831213+00:00,1788048142,11692,364 Langley Centre/Scottsdale,15252796,10585,25,-217
2026-08-30T00:02:31.831213+00:00,1788048142,11692,364 Langley Centre/Scottsdale,15252796,10250,26,-227
2026-08-30T00:02:31.831213+00:00,1788048142,11692,364 Langley Centre/Scottsdale,15252796,10588,27,-234
2026-08-30T00:02:31.831213+00:00,1788048142,11692,364 Langley Centre/Scottsdale,15252796,10248,28,-210
2026-08-30T00:02:31.831213+00:00,1788048142,11692,364 Langley Centre/Scottsdale,15252796,10726,29,-205
2026-08-30T00:02:31.831213+00:00,1788048142,11692,364 Langley Centre/Scottsdale,15252796,10725,30,-218
2026-08-30T00:02:31.831213+00:00,1788048142,11692,364 Langley Centre/Scottsdale,15252796,10727,31,-233
2026-08-30T00:02:31.831213+00:00,1788048142,11692,364 Langley Centre/Scottsdale,15252796,10251,32,-240
2026-08-30T00:02:31.831213+00:00,1788048142,11692,364 Langley Centre/Scottsdale,15252796,10252,33,-261
2026-08-30T00:02:31.831213+00:00,1788048142,11692,364 Langley Centre/Scottsdale,15252796,10253,34,-270
2026-08-30T00:02:31.831213+00:00,1788048142,11692,364 Langley Centre/Scottsdale,15252796,10255,35,-288
2026-08-30T00:02:31.831213+00:00,1788048142,11692,364 Langley Centre/Scottsdale,15252796,5332,36,-250
2026-08-30T00:02:31.831213+00:00,1788048142,11692,364 Langley Centre/Scottsdale,15252796,12497,37,-275
2026-08-30T00:02:31.831213+00:00,1788048142,11692,364 Langley Centre/Scottsdale,15252796,5334,38,-279
2026-08-30T00:02:31.831213+00:00,1788048142,11692,364 Langley Centre/Scottsdale,15252796,6472,39,-266
2026-08-30T00:02:31.831213+00:00,1788048142,11692,364 Langley Centre/Scottsdale,15252796,6473,40,-263
2026-08-30T00:02:31.831213+00:00,1788048142,11692,364 Langley Centre/Scottsdale,15252796,6474,41,-262
2026-08-30T00:02:31.831213+00:00,1788048142,11692,364 Langley Centre/Scottsdale,15252796,9306,42,-214
2026-08-30T00:02:31.831213+00:00,1788048142,11692,364 Langley Centre/Scottsdale,15252796,11125,43,-219
2026-08-30T00:02:31.831213+00:00,1788048142,11692,364 Langley Centre/Scottsdale,15252796,9294,44,-219
2026-08-30T00:02:31.831213+00:00,1788048142,11692,364 Langley Centre/Scottsdale,15252796,9293,45,-228
2026-08-30T00:02:31.831213+00:00,1788048142,11692,364 Langley Centre/Scottsdale,15252796,11126,46,-216
2026-08-30T00:02:31.831213+00:00,1788048142,11692,364 Langley Centre/Scottsdale,15252796,7094,47,-254
2026-08-30T00:02:31.831213+00:00,1788048142,11692,364 Langley Centre/Scottsdale,15252799,10148,24,-146
2026-08-30T00:02:31.831213+00:00,1788048142,11692,364 Langley Centre/Scottsdale,15252799,10585,25,-165
2026-08-30T00:02:31.831213+00:00,1788048142,11692,364 Langley Centre/Scottsdale,15252799,10250,26,-175
2026-08-30T00:02:31.831213+00:00,1788048142,11692,364 Langley Centre/Scottsdale,15252799,10588,27,-182
2026-08-30T00:02:31.831213+00:00,1788048142,11692,364 Langley Centre/Scottsdale,15252799,10248,28,-158
2026-08-30T00:02:31.831213+00:00,1788048142,11692,364 Langley Centre/Scottsdale,15252799,10726,29,-152
2026-08-30T00:02:31.831213+00:00,1788048142,11692,364 Langley Centre/Scottsdale,15252799,10725,30,-164
2026-08-30T00:02:31.831213+00:00,1788048142,11692,364 Langley Centre/Scottsdale,15252799,10727,31,-179
2026-08-30T00:02:31.831213+00:00,1788048142,11692,364 Langley Centre/Scottsdale,15252799,10251,32,-186
2026-08-30T00:02:31.831213+00:00,1788048142,11692,364 Langley Centre/Scottsdale,15252799,10252,33,-206
2026-08-30T00:02:31.831213+00:00,1788048142,11692,364 Langley Centre/Scottsdale,15252799,10253,34,-214
2026-08-30T00:02:31.831213+00:00,1788048142,11692,364 Langley Centre/Scottsdale,15252799,10255,35,-232
2026-08-30T00:02:31.831213+00:00,1788048142,11692,364 Langley Centre/Scottsdale,15252799,5332,36,-194
2026-08-30T00:02:31.831213+00:00,1788048142,11692,364 Langley Centre/Scottsdale,15252799,12497,37,-220
2026-08-30T00:02:31.831213+00:00,1788048142,11692,364 Langley Centre/Scottsdale,15252799,5334,38,-224
2026-08-30T00:02:31.831213+00:00,1788048142,11692,364 Langley Centre/Scottsdale,15252799,6472,39,-211
2026-08-30T00:02:31.831213+00:00,1788048142,11692,364 Langley Centre/Scottsdale,15252799,6473,40,-207
2026-08-30T00:02:31.831213+00:00,1788048142,11692,364 Langley Centre/Scottsdale,15252799,6474,41,-205
2026-08-30T00:02:31.831213+00:00,1788048142,11692,364 Langley Centre/Scottsdale,15252799,9306,42,-155
2026-08-30T00:02:31.831213+00:00,1788048142,11692,364 Langley Centre/Scottsdale,15252799,11125,43,-153
2026-08-30T00:02:31.831213+00:00,1788048142,11692,364 Langley Centre/Scottsdale,15252799,9294,44,-140
2026-08-30T00:02:31.831213+00:00,1788048142,11692,364 Langley Centre/Scottsdale,15252799,9293,45,-149
2026-08-30T00:02:31.831213+00:00,1788048142,11692,364 Langley Centre/Scottsdale,15252799,11126,46,-137
2026-08-30T00:02:31.831213+00:00,1788048142,11692,364 Langley Centre/Scottsdale,15252799,7094,47,-175
2026-08-30T00:02:31.831213+00:00,1788048142,11692,364 Langley Centre/Scottsdale,15252822,10149,22,297
2026-08-30T00:02:31.831213+00:00,1788048142,11692,364 Langley Centre/Scottsdale,15252822,10587,23,280
2026-08-30T00:02:31.831213+00:00,1788048142,11692,364 Langley Centre/Scottsdale,15252822,10261,24,250
2026-08-30T00:02:31.831213+00:00,1788048142,11692,364 Langley Centre/Scottsdale,15252822,10586,25,217
2026-08-30T00:02:31.831213+00:00,1788048142,11692,364 Langley Centre/Scottsdale,15252822,9547,26,236
2026-08-30T00:02:31.831213+00:00,1788048142,11692,364 Langley Centre/Scottsdale,15252822,9526,27,213
2026-08-30T00:02:31.831213+00:00,1788048142,11692,364 Langley Centre/Scottsdale,15252822,12646,28,202
2026-08-30T00:02:31.831213+00:00,1788048142,11692,364 Langley Centre/Scottsdale,15252822,11075,29,66
2026-08-30T00:02:31.831213+00:00,1788048142,11692,364 Langley Centre/Scottsdale,15252822,11174,30,45
2026-08-30T00:02:31.831213+00:00,1788048142,11692,364 Langley Centre/Scottsdale,15252822,11175,31,18
2026-08-30T00:02:31.831213+00:00,1788048142,11692,364 Langley Centre/Scottsdale,15252822,11123,32,38
2026-08-30T00:02:31.831213+00:00,1788048142,11692,364 Langley Centre/Scottsdale,15252822,11176,33,47
2026-08-30T00:02:31.831213+00:00,1788048142,11692,364 Langley Centre/Scottsdale,15252822,11177,34,20
2026-08-30T00:02:31.831213+00:00,1788048142,11692,364 Langley Centre/Scottsdale,15252822,11178,35,-4
2026-08-30T00:02:31.831213+00:00,1788048142,11692,364 Langley Centre/Scottsdale,15252822,6459,36,105
2026-08-30T00:02:31.831213+00:00,1788048142,11692,364 Langley Centre/Scottsdale,15252822,6460,37,103
2026-08-30T00:02:31.831213+00:00,1788048142,11692,364 Langley Centre/Scottsdale,15252822,5621,38,111
2026-08-30T00:02:31.831213+00:00,1788048142,11692,364 Langley Centre/Scottsdale,15252822,5622,39,94
2026-08-30T00:02:31.831213+00:00,1788048142,11692,364 Langley Centre/Scottsdale,15252822,11122,40,132
2026-08-30T00:02:31.831213+00:00,1788048142,11692,364 Langley Centre/Scottsdale,15252822,11155,41,123
2026-08-30T00:02:31.831213+00:00,1788048142,11692,364 Langley Centre/Scottsdale,15252822,11143,42,123
2026-08-30T00:02:31.831213+00:00,1788048142,11692,364 Langley Centre/Scottsdale,15252822,11141,43,97
2026-08-30T00:02:31.831213+00:00,1788048142,11692,364 Langley Centre/Scottsdale,15252822,4936,44,124
2026-08-30T00:02:31.831213+00:00,1788048142,11692,364 Langley Centre/Scottsdale,15252822,4937,45,107
2026-08-30T00:02:31.831213+00:00,1788048142,11692,364 Langley Centre/Scottsdale,15252822,4938,46,86
2026-08-30T00:02:31.831213+00:00,1788048142,11692,364 Langley Centre/Scottsdale,15252822,5229,47,96
2026-08-30T00:02:31.831213+00:00,1788048142,11692,364 Langley Centre/Scottsdale,15252822,4917,48,171
2026-08-30T00:02:31.831213+00:00,1788048142,11692,364 Langley Centre/Scottsdale,15252824,6475,9,-23
2026-08-30T00:02:31.831213+00:00,1788048142,11692,364 Langley Centre/Scottsdale,15252824,6476,10,-50
2026-08-30T00:02:31.831213+00:00,1788048142,11692,364 Langley Centre/Scottsdale,15252824,5381,11,-60
2026-08-30T00:02:31.831213+00:00,1788048142,11692,364 Langley Centre/Scottsdale,15252824,12496,12,-59
2026-08-30T00:02:31.831213+00:00,1788048142,11692,364 Langley Centre/Scottsdale,15252824,5382,13,-80
2026-08-30T00:02:31.831213+00:00,1788048142,11692,364 Langley Centre/Scottsdale,15252824,12516,14,48
2026-08-30T00:02:31.831213+00:00,1788048142,11692,364 Langley Centre/Scottsdale,15252824,10257,15,8
2026-08-30T00:02:31.831213+00:00,1788048142,11692,364 Langley Centre/Scottsdale,15252824,10258,16,-6
2026-08-30T00:02:31.831213+00:00,1788048142,11692,364 Langley Centre/Scottsdale,15252824,10259,17,-47
2026-08-30T00:02:31.831213+00:00,1788048142,11692,364 Langley Centre/Scottsdale,15252824,10260,18,0
2026-08-30T00:02:31.831213+00:00,1788048142,11692,364 Langley Centre/Scottsdale,15252824,10729,19,-42
2026-08-30T00:02:31.831213+00:00,1788048142,11692,364 Langley Centre/Scottsdale,15252824,13067,20,-63
2026-08-30T00:02:31.831213+00:00,1788048142,11692,364 Langley Centre/Scottsdale,15252824,10633,21,-87
2026-08-30T00:02:31.831213+00:00,1788048142,11692,364 Langley Centre/Scottsdale,15252824,10149,22,-52
2026-08-30T00:02:31.831213+00:00,1788048142,11692,364 Langley Centre/Scottsdale,15252824,10587,23,-69
2026-08-30T00:02:31.831213+00:00,1788048142,11692,364 Langley Centre/Scottsdale,15252824,10261,24,-98
2026-08-30T00:02:31.831213+00:00,1788048142,11692,364 Langley Centre/Scottsdale,15252824,10586,25,-131
2026-08-30T00:02:31.831213+00:00,1788048142,11692,364 Langley Centre/Scottsdale,15252824,9547,26,-112
2026-08-30T00:02:31.831213+00:00,1788048142,11692,364 Langley Centre/Scottsdale,15252824,9526,27,-136
2026-08-30T00:02:31.831213+00:00,1788048142,11692,364 Langley Centre/Scottsdale,15252824,12646,28,-146
2026-08-30T00:02:31.831213+00:00,1788048142,11692,364 Langley Centre/Scottsdale,15252824,11075,29,-281
2026-08-30T00:02:31.831213+00:00,1788048142,11692,364 Langley Centre/Scottsdale,15252824,11174,30,-302
2026-08-30T00:02:31.831213+00:00,1788048142,11692,364 Langley Centre/Scottsdale,15252824,11175,31,-328
2026-08-30T00:02:31.831213+00:00,1788048142,11692,364 Langley Centre/Scottsdale,15252824,11123,32,-307
2026-08-30T00:02:31.831213+00:00,1788048142,11692,364 Langley Centre/Scottsdale,15252824,11176,33,-298
2026-08-30T00:02:31.831213+00:00,1788048142,11692,364 Langley Centre/Scottsdale,15252824,11177,34,-323
2026-08-30T00:02:31.831213+00:00,1788048142,11692,364 Langley Centre/Scottsdale,15252824,11178,35,-346
2026-08-30T00:02:31.831213+00:00,1788048142,11692,364 Langley Centre/Scottsdale,15252824,6459,36,-236
2026-08-30T00:02:31.831213+00:00,1788048142,11692,364 Langley Centre/Scottsdale,15252824,6460,37,-238
2026-08-30T00:02:31.831213+00:00,1788048142,11692,364 Langley Centre/Scottsdale,15252824,5621,38,-230
2026-08-30T00:02:31.831213+00:00,1788048142,11692,364 Langley Centre/Scottsdale,15252824,5622,39,-247
2026-08-30T00:02:31.831213+00:00,1788048142,11692,364 Langley Centre/Scottsdale,15252824,11122,40,-209
2026-08-30T00:02:31.831213+00:00,1788048142,11692,364 Langley Centre/Scottsdale,15252824,11155,41,-219
2026-08-30T00:02:31.831213+00:00,1788048142,11692,364 Langley Centre/Scottsdale,15252824,11143,42,-219
2026-08-30T00:02:31.831213+00:00,1788048142,11692,364 Langley Centre/Scottsdale,15252824,11141,43,-245
2026-08-30T00:02:31.831213+00:00,1788048142,11692,364 Langley Centre/Scottsdale,15252824,4936,44,-218
2026-08-30T00:02:31.831213+00:00,1788048142,11692,364 Langley Centre/Scottsdale,15252824,4937,45,-228
2026-08-30T00:02:31.831213+00:00,1788048142,11692,364 Langley Centre/Scottsdale,15252824,4938,46,-245
2026-08-30T00:02:31.831213+00:00,1788048142,11692,364 Langley Centre/Scottsdale,15252824,5229,47,-232
2026-08-30T00:02:31.831213+00:00,1788048142,11692,364 Langley Centre/Scottsdale,15252824,4917,48,-158
2026-08-30T00:02:31.831213+00:00,1788048142,11692,364 Langley Centre/Scottsdale,15252840,11122,40,-278
2026-08-30T00:02:31.831213+00:00,1788048142,11692,364 Langley Centre/Scottsdale,15252840,11155,41,-288
2026-08-30T00:02:31.831213+00:00,1788048142,11692,364 Langley Centre/Scottsdale,15252840,11143,42,-288
2026-08-30T00:02:31.831213+00:00,1788048142,11692,364 Langley Centre/Scottsdale,15252840,11141,43,-314
2026-08-30T00:02:31.831213+00:00,1788048142,11692,364 Langley Centre/Scottsdale,15252840,4936,44,-287
2026-08-30T00:02:31.831213+00:00,1788048142,11692,364 Langley Centre/Scottsdale,15252840,4937,45,-302
2026-08-30T00:02:31.831213+00:00,1788048142,11692,364 Langley Centre/Scottsdale,15252840,4938,46,-322
2026-08-30T00:02:31.831213+00:00,1788048142,11692,364 Langley Centre/Scottsdale,15252840,5229,47,-309
2026-08-30T00:02:31.831213+00:00,1788048142,11692,364 Langley Centre/Scottsdale,15252840,4917,48,-234
2026-08-30T00:02:31.831213+00:00,1788048142,11692,364 Langley Centre/Scottsdale,15252841,7096,2,-658
2026-08-30T00:02:31.831213+00:00,1788048142,11692,364 Langley Centre/Scottsdale,15252841,7093,3,-654
2026-08-30T00:02:31.831213+00:00,1788048142,11692,364 Langley Centre/Scottsdale,15252841,9291,4,-764
2026-08-30T00:02:31.831213+00:00,1788048142,11692,364 Langley Centre/Scottsdale,15252841,9292,5,-775
2026-08-30T00:02:31.831213+00:00,1788048142,11692,364 Langley Centre/Scottsdale,15252841,11264,6,-767
2026-08-30T00:02:31.831213+00:00,1788048142,11692,364 Langley Centre/Scottsdale,15252841,9303,7,-750
2026-08-30T00:02:31.831213+00:00,1788048142,11692,364 Langley Centre/Scottsdale,15252841,9304,8,-760
2026-08-30T00:02:31.831213+00:00,1788048142,11692,364 Langley Centre/Scottsdale,15252841,6475,9,-724
2026-08-30T00:02:31.831213+00:00,1788048142,11692,364 Langley Centre/Scottsdale,15252841,6476,10,-749
2026-08-30T00:02:31.831213+00:00,1788048142,11692,364 Langley Centre/Scottsdale,15252841,5381,11,-760
2026-08-30T00:02:31.831213+00:00,1788048142,11692,364 Langley Centre/Scottsdale,15252841,12496,12,-759
2026-08-30T00:02:31.831213+00:00,1788048142,11692,364 Langley Centre/Scottsdale,15252841,5382,13,-780
2026-08-30T00:02:31.831213+00:00,1788048142,11692,364 Langley Centre/Scottsdale,15252841,12516,14,-652
2026-08-30T00:02:31.831213+00:00,1788048142,11692,364 Langley Centre/Scottsdale,15252841,10257,15,-692
2026-08-30T00:02:31.831213+00:00,1788048142,11692,364 Langley Centre/Scottsdale,15252841,10258,16,-706
2026-08-30T00:02:31.831213+00:00,1788048142,11692,364 Langley Centre/Scottsdale,15252841,10259,17,-748
2026-08-30T00:02:31.831213+00:00,1788048142,11692,364 Langley Centre/Scottsdale,15252841,10260,18,0
2026-08-30T00:02:31.831213+00:00,1788048142,11692,364 Langley Centre/Scottsdale,15252841,10729,19,-42
2026-08-30T00:02:31.831213+00:00,1788048142,11692,364 Langley Centre/Scottsdale,15252841,13067,20,-63
2026-08-30T00:02:31.831213+00:00,1788048142,11692,364 Langley Centre/Scottsdale,15252841,10633,21,-87
2026-08-30T00:02:31.831213+00:00,1788048142,11692,364 Langley Centre/Scottsdale,15252841,10149,22,-53
2026-08-30T00:02:31.831213+00:00,1788048142,11692,364 Langley Centre/Scottsdale,15252841,10587,23,-70
2026-08-30T00:02:31.831213+00:00,1788048142,11692,364 Langley Centre/Scottsdale,15252841,10261,24,-99
2026-08-30T00:02:31.831213+00:00,1788048142,11692,364 Langley Centre/Scottsdale,15252841,10586,25,-131
2026-08-30T00:02:31.831213+00:00,1788048142,11692,364 Langley Centre/Scottsdale,15252841,9547,26,-112
2026-08-30T00:02:31.831213+00:00,1788048142,11692,364 Langley Centre/Scottsdale,15252841,9526,27,-137
2026-08-30T00:02:31.831213+00:00,1788048142,11692,364 Langley Centre/Scottsdale,15252841,12646,28,-149
2026-08-30T00:02:31.831213+00:00,1788048142,11692,364 Langley Centre/Scottsdale,15252841,11075,29,-285
2026-08-30T00:02:31.831213+00:00,1788048142,11692,364 Langley Centre/Scottsdale,15252841,11174,30,-306
2026-08-30T00:02:31.831213+00:00,1788048142,11692,364 Langley Centre/Scottsdale,15252841,11175,31,-334
2026-08-30T00:02:31.831213+00:00,1788048142,11692,364 Langley Centre/Scottsdale,15252841,11123,32,-313
2026-08-30T00:02:31.831213+00:00,1788048142,11692,364 Langley Centre/Scottsdale,15252841,11176,33,-304
2026-08-30T00:02:31.831213+00:00,1788048142,11692,364 Langley Centre/Scottsdale,15252841,11177,34,-329
2026-08-30T00:02:31.831213+00:00,1788048142,11692,364 Langley Centre/Scottsdale,15252841,11178,35,-352
2026-08-30T00:02:31.831213+00:00,1788048142,11692,364 Langley Centre/Scottsdale,15252841,6459,36,-240
2026-08-30T00:02:31.831213+00:00,1788048142,11692,364 Langley Centre/Scottsdale,15252841,6460,37,-241
2026-08-30T00:02:31.831213+00:00,1788048142,11692,364 Langley Centre/Scottsdale,15252841,5621,38,-233
2026-08-30T00:02:31.831213+00:00,1788048142,11692,364 Langley Centre/Scottsdale,15252841,5622,39,-250
2026-08-30T00:02:31.831213+00:00,1788048142,11692,364 Langley Centre/Scottsdale,15252841,11122,40,-231
2026-08-30T00:02:31.831213+00:00,1788048142,11692,364 Langley Centre/Scottsdale,15252841,11155,41,-239
2026-08-30T00:02:31.831213+00:00,1788048142,11692,364 Langley Centre/Scottsdale,15252841,11143,42,-239
2026-08-30T00:02:31.831213+00:00,1788048142,11692,364 Langley Centre/Scottsdale,15252841,11141,43,-265
2026-08-30T00:02:31.831213+00:00,1788048142,11692,364 Langley Centre/Scottsdale,15252841,4936,44,-245
2026-08-30T00:02:31.831213+00:00,1788048142,11692,364 Langley Centre/Scottsdale,15252841,4937,45,-260
2026-08-30T00:02:31.831213+00:00,1788048142,11692,364 Langley Centre/Scottsdale,15252841,4938,46,-279
2026-08-30T00:02:31.831213+00:00,1788048142,11692,364 Langley Centre/Scottsdale,15252841,5229,47,-271
2026-08-30T00:02:31.831213+00:00,1788048142,11692,364 Langley Centre/Scottsdale,15252841,4917,48,-198
2026-08-30T00:02:31.831213+00:00,1788048142,18705,531 WhiteRock/WillowBrook,15259245,12173,46,-437
2026-08-30T00:02:31.831213+00:00,1788048142,18705,531 WhiteRock/WillowBrook,15259245,9291,47,-485
2026-08-30T00:02:31.831213+00:00,1788048142,18705,531 WhiteRock/WillowBrook,15259245,9292,48,-485
2026-08-30T00:02:31.831213+00:00,1788048142,18705,531 WhiteRock/WillowBrook,15259245,11264,49,-474
2026-08-30T00:02:31.831213+00:00,1788048142,18705,531 WhiteRock/WillowBrook,15259245,9303,50,-456
2026-08-30T00:02:31.831213+00:00,1788048142,18705,531 WhiteRock/WillowBrook,15259245,9304,51,-458
2026-08-30T00:02:31.831213+00:00,1788048142,18705,531 WhiteRock/WillowBrook,15259245,6475,52,-411
2026-08-30T00:02:31.831213+00:00,1788048142,18705,531 WhiteRock/WillowBrook,15259245,6476,53,-421
2026-08-30T00:02:31.831213+00:00,1788048142,18705,531 WhiteRock/WillowBrook,15259245,5335,54,-412
2026-08-30T00:02:31.831213+00:00,1788048142,18705,531 WhiteRock/WillowBrook,15259245,7100,55,-374
2026-08-30T00:02:31.831213+00:00,1788048142,18705,531 WhiteRock/WillowBrook,15259246,11736,11,237
2026-08-30T00:02:31.831213+00:00,1788048142,18705,531 WhiteRock/WillowBrook,15259246,12379,12,237
2026-08-30T00:02:31.831213+00:00,1788048142,18705,531 WhiteRock/WillowBrook,15259246,11738,13,217
2026-08-30T00:02:31.831213+00:00,1788048142,18705,531 WhiteRock/WillowBrook,15259246,11743,14,196
2026-08-30T00:02:31.831213+00:00,1788048142,18705,531 WhiteRock/WillowBrook,15259246,12306,15,140
2026-08-30T00:02:31.831213+00:00,1788048142,18705,531 WhiteRock/WillowBrook,15259246,12218,16,98
2026-08-30T00:02:31.831213+00:00,1788048142,18705,531 WhiteRock/WillowBrook,15259246,11924,17,37
2026-08-30T00:02:31.831213+00:00,1788048142,18705,531 WhiteRock/WillowBrook,15259246,13131,18,3
2026-08-30T00:02:31.831213+00:00,1788048142,18705,531 WhiteRock/WillowBrook,15259246,11923,19,-21
2026-08-30T00:02:31.831213+00:00,1788048142,18705,531 WhiteRock/WillowBrook,15259246,12597,20,-87
2026-08-30T00:02:31.831213+00:00,1788048142,18705,531 WhiteRock/WillowBrook,15259246,11922,21,-106
2026-08-30T00:02:31.831213+00:00,1788048142,18705,531 WhiteRock/WillowBrook,15259246,11744,22,-100
2026-08-30T00:02:31.831213+00:00,1788048142,18705,531 WhiteRock/WillowBrook,15259246,11746,23,-128
2026-08-30T00:02:31.831213+00:00,1788048142,18705,531 WhiteRock/WillowBrook,15259246,11839,24,-137
2026-08-30T00:02:31.831213+00:00,1788048142,18705,531 WhiteRock/WillowBrook,15259246,12922,25,-172
2026-08-30T00:02:31.831213+00:00,1788048142,18705,531 WhiteRock/WillowBrook,15259246,12923,26,-208
2026-08-30T00:02:31.831213+00:00,1788048142,18705,531 WhiteRock/WillowBrook,15259246,12925,27,-217
2026-08-30T00:02:31.831213+00:00,1788048142,18705,531 WhiteRock/WillowBrook,15259246,12928,28,-245
2026-08-30T00:02:31.831213+00:00,1788048142,18705,531 WhiteRock/WillowBrook,15259246,12930,29,-266
2026-08-30T00:02:31.831213+00:00,1788048142,18705,531 WhiteRock/WillowBrook,15259246,13042,30,-289
2026-08-30T00:02:31.831213+00:00,1788048142,18705,531 WhiteRock/WillowBrook,15259246,8936,31,-287
2026-08-30T00:02:31.831213+00:00,1788048142,18705,531 WhiteRock/WillowBrook,15259246,9030,32,-297
2026-08-30T00:02:31.831213+00:00,1788048142,18705,531 WhiteRock/WillowBrook,15259246,8937,33,-314
2026-08-30T00:02:31.831213+00:00,1788048142,18705,531 WhiteRock/WillowBrook,15259246,8938,34,-312
2026-08-30T00:02:31.831213+00:00,1788048142,18705,531 WhiteRock/WillowBrook,15259246,7081,35,-315
2026-08-30T00:02:31.831213+00:00,1788048142,18705,531 WhiteRock/WillowBrook,15259246,7082,36,-320
2026-08-30T00:02:31.831213+00:00,1788048142,18705,531 WhiteRock/WillowBrook,15259246,7083,37,-343
2026-08-30T00:02:31.831213+00:00,1788048142,18705,531 WhiteRock/WillowBrook,15259246,7084,38,-359
2026-08-30T00:02:31.831213+00:00,1788048142,18705,531 WhiteRock/WillowBrook,15259246,7085,39,-387
2026-08-30T00:02:31.831213+00:00,1788048142,18705,531 WhiteRock/WillowBrook,15259246,8939,40,-397
2026-08-30T00:02:31.831213+00:00,1788048142,18705,531 WhiteRock/WillowBrook,15259246,7086,41,-407
2026-08-30T00:02:31.831213+00:00,1788048142,18705,531 WhiteRock/WillowBrook,15259246,8940,42,-430
2026-08-30T00:02:31.831213+00:00,1788048142,18705,531 WhiteRock/WillowBrook,15259246,5341,43,-435
2026-08-30T00:02:31.831213+00:00,1788048142,18705,531 WhiteRock/WillowBrook,15259246,5342,44,-428
2026-08-30T00:02:31.831213+00:00,1788048142,18705,531 WhiteRock/WillowBrook,15259246,12293,45,-415
2026-08-30T00:02:31.831213+00:00,1788048142,18705,531 WhiteRock/WillowBrook,15259246,12173,46,-348
2026-08-30T00:02:31.831213+00:00,1788048142,18705,531 WhiteRock/WillowBrook,15259246,9291,47,-382
2026-08-30T00:02:31.831213+00:00,1788048142,18705,531 WhiteRock/WillowBrook,15259246,9292,48,-382
2026-08-30T00:02:31.831213+00:00,1788048142,18705,531 WhiteRock/WillowBrook,15259246,11264,49,-368
2026-08-30T00:02:31.831213+00:00,1788048142,18705,531 WhiteRock/WillowBrook,15259246,9303,50,-352
2026-08-30T00:02:31.831213+00:00,1788048142,18705,531 WhiteRock/WillowBrook,15259246,9304,51,-354
2026-08-30T00:02:31.831213+00:00,1788048142,18705,531 WhiteRock/WillowBrook,15259246,6475,52,-306
2026-08-30T00:02:31.831213+00:00,1788048142,18705,531 WhiteRock/WillowBrook,15259246,6476,53,-313
2026-08-30T00:02:31.831213+00:00,1788048142,18705,531 WhiteRock/WillowBrook,15259246,5335,54,-302
2026-08-30T00:02:31.831213+00:00,1788048142,18705,531 WhiteRock/WillowBrook,15259246,7100,55,-261
2026-08-30T00:02:31.831213+00:00,1788048142,18705,531 WhiteRock/WillowBrook,15259281,5540,52,485
2026-08-30T00:02:31.831213+00:00,1788048142,18705,531 WhiteRock/WillowBrook,15259282,11745,33,31
2026-08-30T00:02:31.831213+00:00,1788048142,18705,531 WhiteRock/WillowBrook,15259282,13040,34,24
2026-08-30T00:02:31.831213+00:00,1788048142,18705,531 WhiteRock/WillowBrook,15259282,12598,35,3
2026-08-30T00:02:31.831213+00:00,1788048142,18705,531 WhiteRock/WillowBrook,15259282,11920,36,-41
2026-08-30T00:02:31.831213+00:00,1788048142,18705,531 WhiteRock/WillowBrook,15259282,13130,37,-68
2026-08-30T00:02:31.831213+00:00,1788048142,18705,531 WhiteRock/WillowBrook,15259282,11925,38,-93
2026-08-30T00:02:31.831213+00:00,1788048142,18705,531 WhiteRock/WillowBrook,15259282,12219,39,-121
2026-08-30T00:02:31.831213+00:00,1788048142,18705,531 WhiteRock/WillowBrook,15259282,11741,40,-236
2026-08-30T00:02:31.831213+00:00,1788048142,18705,531 WhiteRock/WillowBrook,15259282,11740,41,-242
2026-08-30T00:02:31.831213+00:00,1788048142,18705,531 WhiteRock/WillowBrook,15259282,11739,42,-198
2026-08-30T00:02:31.831213+00:00,1788048142,18705,531 WhiteRock/WillowBrook,15259282,11737,43,-152
2026-08-30T00:02:31.831213+00:00,1788048142,18705,531 WhiteRock/WillowBrook,15259282,11757,44,-172
2026-08-30T00:02:31.831213+00:00,1788048142,18705,531 WhiteRock/WillowBrook,15259282,11735,45,-136
2026-08-30T00:02:31.831213+00:00,1788048142,18705,531 WhiteRock/WillowBrook,15259282,11756,46,-129
2026-08-30T00:02:31.831213+00:00,1788048142,18705,531 WhiteRock/WillowBrook,15259282,5535,47,-96
2026-08-30T00:02:31.831213+00:00,1788048142,18705,531 WhiteRock/WillowBrook,15259282,5536,48,-112
2026-08-30T00:02:31.831213+00:00,1788048142,18705,531 WhiteRock/WillowBrook,15259282,5537,49,-110
2026-08-30T00:02:31.831213+00:00,1788048142,18705,531 WhiteRock/WillowBrook,15259282,5538,50,-115
2026-08-30T00:02:31.831213+00:00,1788048142,18705,531 WhiteRock/WillowBrook,15259282,5539,51,-96
2026-08-30T00:02:31.831213+00:00,1788048142,18705,531 WhiteRock/WillowBrook,15259282,5540,52,-80
2026-08-30T00:02:31.831213+00:00,1788048142,18705,531 WhiteRock/WillowBrook,15259283,11754,1,0
2026-08-30T00:02:31.831213+00:00,1788048142,18705,531 WhiteRock/WillowBrook,15259283,9306,4,-47
2026-08-30T00:02:31.831213+00:00,1788048142,18705,531 WhiteRock/WillowBrook,15259283,11125,5,-33
2026-08-30T00:02:31.831213+00:00,1788048142,18705,531 WhiteRock/WillowBrook,15259283,9294,6,-25
2026-08-30T00:02:31.831213+00:00,1788048142,18705,531 WhiteRock/WillowBrook,15259283,9293,7,-30
2026-08-30T00:02:31.831213+00:00,1788048142,18705,531 WhiteRock/WillowBrook,15259283,11126,8,-17
2026-08-30T00:02:31.831213+00:00,1788048142,18705,531 WhiteRock/WillowBrook,15259283,7094,9,-45
2026-08-30T00:02:31.831213+00:00,1788048142,18705,531 WhiteRock/WillowBrook,15259283,7166,10,-60
2026-08-30T00:02:31.831213+00:00,1788048142,18705,531 WhiteRock/WillowBrook,15259283,7092,11,-8
2026-08-30T00:02:31.831213+00:00,1788048142,18705,531 WhiteRock/WillowBrook,15259283,10747,12,10
2026-08-30T00:02:31.831213+00:00,1788048142,18705,531 WhiteRock/WillowBrook,15259283,5364,13,16
2026-08-30T00:02:31.831213+00:00,1788048142,18705,531 WhiteRock/WillowBrook,15259283,11775,14,47
2026-08-30T00:02:31.831213+00:00,1788048142,18705,531 WhiteRock/WillowBrook,15259283,7171,15,29
2026-08-30T00:02:31.831213+00:00,1788048142,18705,531 WhiteRock/WillowBrook,15259283,7172,16,4
2026-08-30T00:02:31.831213+00:00,1788048142,18705,531 WhiteRock/WillowBrook,15259283,7173,17,-2
2026-08-30T00:02:31.831213+00:00,1788048142,18705,531 WhiteRock/WillowBrook,15259283,7174,18,-27
2026-08-30T00:02:31.831213+00:00,1788048142,18705,531 WhiteRock/WillowBrook,15259283,7175,19,-35
2026-08-30T00:02:31.831213+00:00,1788048142,18705,531 WhiteRock/WillowBrook,15259283,7176,20,-52
2026-08-30T00:02:31.831213+00:00,1788048142,18705,531 WhiteRock/WillowBrook,15259283,7177,21,-41
2026-08-30T00:02:31.831213+00:00,1788048142,18705,531 WhiteRock/WillowBrook,15259283,8948,22,-55
2026-08-30T00:02:31.831213+00:00,1788048142,18705,531 WhiteRock/WillowBrook,15259283,9031,23,-68
2026-08-30T00:02:31.831213+00:00,1788048142,18705,531 WhiteRock/WillowBrook,15259283,12931,24,-64
2026-08-30T00:02:31.831213+00:00,1788048142,18705,531 WhiteRock/WillowBrook,15259283,13041,25,-82
2026-08-30T00:02:31.831213+00:00,1788048142,18705,531 WhiteRock/WillowBrook,15259283,12929,26,-90
2026-08-30T00:02:31.831213+00:00,1788048142,18705,531 WhiteRock/WillowBrook,15259283,12927,27,-115
2026-08-30T00:02:31.831213+00:00,1788048142,18705,531 WhiteRock/WillowBrook,15259283,12926,28,-112
2026-08-30T00:02:31.831213+00:00,1788048142,18705,531 WhiteRock/WillowBrook,15259283,12924,29,-137
2026-08-30T00:02:31.831213+00:00,1788048142,18705,531 WhiteRock/WillowBrook,15259283,11751,30,-137
2026-08-30T00:02:31.831213+00:00,1788048142,18705,531 WhiteRock/WillowBrook,15259283,11750,31,-167
2026-08-30T00:02:31.831213+00:00,1788048142,18705,531 WhiteRock/WillowBrook,15259283,11747,32,-186
2026-08-30T00:02:31.831213+00:00,1788048142,18705,531 WhiteRock/WillowBrook,15259283,11745,33,-200
2026-08-30T00:02:31.831213+00:00,1788048142,18705,531 WhiteRock/WillowBrook,15259283,13040,34,-207
2026-08-30T00:02:31.831213+00:00,1788048142,18705,531 WhiteRock/WillowBrook,15259283,12598,35,-225
2026-08-30T00:02:31.831213+00:00,1788048142,18705,531 WhiteRock/WillowBrook,15259283,11920,36,-271
2026-08-30T00:02:31.831213+00:00,1788048142,18705,531 WhiteRock/WillowBrook,15259283,13130,37,-298
2026-08-30T00:02:31.831213+00:00,1788048142,18705,531 WhiteRock/WillowBrook,15259283,11925,38,-324
2026-08-30T00:02:31.831213+00:00,1788048142,18705,531 WhiteRock/WillowBrook,15259283,12219,39,-354
2026-08-30T00:02:31.831213+00:00,1788048142,18705,531 WhiteRock/WillowBrook,15259283,11741,40,-471
2026-08-30T00:02:31.831213+00:00,1788048142,18705,531 WhiteRock/WillowBrook,15259283,11740,41,-478
2026-08-30T00:02:31.831213+00:00,1788048142,18705,531 WhiteRock/WillowBrook,15259283,11739,42,-434
2026-08-30T00:02:31.831213+00:00,1788048142,18705,531 WhiteRock/WillowBrook,15259283,11737,43,-397
2026-08-30T00:02:31.831213+00:00,1788048142,18705,531 WhiteRock/WillowBrook,15259283,11757,44,-421
2026-08-30T00:02:31.831213+00:00,1788048142,18705,531 WhiteRock/WillowBrook,15259283,11735,45,-385
2026-08-30T00:02:31.831213+00:00,1788048142,18705,531 WhiteRock/WillowBrook,15259283,11756,46,-378
2026-08-30T00:02:31.831213+00:00,1788048142,18705,531 WhiteRock/WillowBrook,15259283,5535,47,-345
2026-08-30T00:02:31.831213+00:00,1788048142,18705,531 WhiteRock/WillowBrook,15259283,5536,48,-361
2026-08-30T00:02:31.831213+00:00,1788048142,18705,531 WhiteRock/WillowBrook,15259283,5537,49,-354
2026-08-30T00:02:31.831213+00:00,1788048142,18705,531 WhiteRock/WillowBrook,15259283,5538,50,-358
2026-08-30T00:02:31.831213+00:00,1788048142,18705,531 WhiteRock/WillowBrook,15259283,5539,51,-349
2026-08-30T00:02:31.831213+00:00,1788048142,18705,531 WhiteRock/WillowBrook,15259283,5540,52,-329
2026-08-30T00:07:09.293839+00:00,1788048428,6705,321 Surrey Central/WhiteRock,15247329,11725,52,136
2026-08-30T00:07:09.293839+00:00,1788048428,6705,321 Surrey Central/WhiteRock,15247329,5040,53,157
2026-08-30T00:07:09.293839+00:00,1788048428,6705,321 Surrey Central/WhiteRock,15247329,5041,54,159
2026-08-30T00:07:09.293839+00:00,1788048428,6705,321 Surrey Central/WhiteRock,15247329,12155,55,179
2026-08-30T00:07:09.293839+00:00,1788048428,6705,321 Surrey Central/WhiteRock,15247329,9089,56,191
2026-08-30T00:07:09.293839+00:00,1788048428,6705,321 Surrey Central/WhiteRock,15247329,7213,57,165
2026-08-30T00:07:09.293839+00:00,1788048428,6705,321 Surrey Central/WhiteRock,15247330,5467,41,282
2026-08-30T00:07:09.293839+00:00,1788048428,6705,321 Surrey Central/WhiteRock,15247330,5468,42,256
2026-08-30T00:07:09.293839+00:00,1788048428,6705,321 Surrey Central/WhiteRock,15247330,5469,43,222
2026-08-30T00:07:09.293839+00:00,1788048428,6705,321 Surrey Central/WhiteRock,15247330,5470,44,199
2026-08-30T00:07:09.293839+00:00,1788048428,6705,321 Surrey Central/WhiteRock,15247330,5471,45,168
2026-08-30T00:07:09.293839+00:00,1788048428,6705,321 Surrey Central/WhiteRock,15247330,5472,46,145
2026-08-30T00:07:09.293839+00:00,1788048428,6705,321 Surrey Central/WhiteRock,15247330,5473,47,100
2026-08-30T00:07:09.293839+00:00,1788048428,6705,321 Surrey Central/WhiteRock,15247330,5474,48,107
2026-08-30T00:07:09.293839+00:00,1788048428,6705,321 Surrey Central/WhiteRock,15247330,5475,49,65
2026-08-30T00:07:09.293839+00:00,1788048428,6705,321 Surrey Central/WhiteRock,15247330,5476,50,45
2026-08-30T00:07:09.293839+00:00,1788048428,6705,321 Surrey Central/WhiteRock,15247330,5477,51,25
2026-08-30T00:07:09.293839+00:00,1788048428,6705,321 Surrey Central/WhiteRock,15247330,11725,52,0
2026-08-30T00:07:09.293839+00:00,1788048428,6705,321 Surrey Central/WhiteRock,15247330,5040,53,22
2026-08-30T00:07:09.293839+00:00,1788048428,6705,321 Surrey Central/WhiteRock,15247330,5041,54,24
2026-08-30T00:07:09.293839+00:00,1788048428,6705,321 Surrey Central/WhiteRock,15247330,12155,55,43
2026-08-30T00:07:09.293839+00:00,1788048428,6705,321 Surrey Central/WhiteRock,15247330,9089,56,55
2026-08-30T00:07:09.293839+00:00,1788048428,6705,321 Surrey Central/WhiteRock,15247330,7213,57,29
2026-08-30T00:07:09.293839+00:00,1788048428,6705,321 Surrey Central/WhiteRock,15247331,5700,38,46
2026-08-30T00:07:09.293839+00:00,1788048428,6705,321 Surrey Central/WhiteRock,15247331,5465,39,60
2026-08-30T00:07:09.293839+00:00,1788048428,6705,321 Surrey Central/WhiteRock,15247331,5466,40,21
2026-08-30T00:07:09.293839+00:00,1788048428,6705,321 Surrey Central/WhiteRock,15247331,5467,41,60
2026-08-30T00:07:09.293839+00:00,1788048428,6705,321 Surrey Central/WhiteRock,15247331,5468,42,34
2026-08-30T00:07:09.293839+00:00,1788048428,6705,321 Surrey Central/WhiteRock,15247331,5469,43,10
2026-08-30T00:07:09.293839+00:00,1788048428,6705,321 Surrey Central/WhiteRock,15247331,5470,44,-13
2026-08-30T00:07:09.293839+00:00,1788048428,6705,321 Surrey Central/WhiteRock,15247331,5471,45,-44
2026-08-30T00:07:09.293839+00:00,1788048428,6705,321 Surrey Central/WhiteRock,15247331,5472,46,-64
2026-08-30T00:07:09.293839+00:00,1788048428,6705,321 Surrey Central/WhiteRock,15247331,5473,47,-109
2026-08-30T00:07:09.293839+00:00,1788048428,6705,321 Surrey Central/WhiteRock,15247331,5474,48,-102
2026-08-30T00:07:09.293839+00:00,1788048428,6705,321 Surrey Central/WhiteRock,15247331,5475,49,-144
2026-08-30T00:07:09.293839+00:00,1788048428,6705,321 Surrey Central/WhiteRock,15247331,5476,50,-160
2026-08-30T00:07:09.293839+00:00,1788048428,6705,321 Surrey Central/WhiteRock,15247331,5477,51,-180
2026-08-30T00:07:09.293839+00:00,1788048428,6705,321 Surrey Central/WhiteRock,15247331,11725,52,-205
2026-08-30T00:07:09.293839+00:00,1788048428,6705,321 Surrey Central/WhiteRock,15247331,5040,53,-184
2026-08-30T00:07:09.293839+00:00,1788048428,6705,321 Surrey Central/WhiteRock,15247331,5041,54,-182
2026-08-30T00:07:09.293839+00:00,1788048428,6705,321 Surrey Central/WhiteRock,15247331,12155,55,-163
2026-08-30T00:07:09.293839+00:00,1788048428,6705,321 Surrey Central/WhiteRock,15247331,9089,56,-151
2026-08-30T00:07:09.293839+00:00,1788048428,6705,321 Surrey Central/WhiteRock,15247331,7213,57,-178
2026-08-30T00:07:09.293839+00:00,1788048428,6705,321 Surrey Central/WhiteRock,15247332,5454,28,-205
2026-08-30T00:07:09.293839+00:00,1788048428,6705,321 Surrey Central/WhiteRock,15247332,5455,29,-206
2026-08-30T00:07:09.293839+00:00,1788048428,6705,321 Surrey Central/WhiteRock,15247332,5456,30,-152
2026-08-30T00:07:09.293839+00:00,1788048428,6705,321 Surrey Central/WhiteRock,15247332,12651,31,-174
2026-08-30T00:07:09.293839+00:00,1788048428,6705,321 Surrey Central/WhiteRock,15247332,5458,32,-169
2026-08-30T00:07:09.293839+00:00,1788048428,6705,321 Surrey Central/WhiteRock,15247332,5459,33,-157
2026-08-30T00:07:09.293839+00:00,1788048428,6705,321 Surrey Central/WhiteRock,15247332,5460,34,-161
2026-08-30T00:07:09.293839+00:00,1788048428,6705,321 Surrey Central/WhiteRock,15247332,5461,35,-167
2026-08-30T00:07:09.293839+00:00,1788048428,6705,321 Surrey Central/WhiteRock,15247332,5462,36,-170
2026-08-30T00:07:09.293839+00:00,1788048428,6705,321 Surrey Central/WhiteRock,15247332,5463,37,-116
2026-08-30T00:07:09.293839+00:00,1788048428,6705,321 Surrey Central/WhiteRock,15247332,5700,38,3
2026-08-30T00:07:09.293839+00:00,1788048428,6705,321 Surrey Central/WhiteRock,15247332,5465,39,17
2026-08-30T00:07:09.293839+00:00,1788048428,6705,321 Surrey Central/WhiteRock,15247332,5466,40,-22
2026-08-30T00:07:09.293839+00:00,1788048428,6705,321 Surrey Central/WhiteRock,15247332,5467,41,17
2026-08-30T00:07:09.293839+00:00,1788048428,6705,321 Surrey Central/WhiteRock,15247332,5468,42,-9
2026-08-30T00:07:09.293839+00:00,1788048428,6705,321 Surrey Central/WhiteRock,15247332,5469,43,-36
2026-08-30T00:07:09.293839+00:00,1788048428,6705,321 Surrey Central/WhiteRock,15247332,5470,44,-59
2026-08-30T00:07:09.293839+00:00,1788048428,6705,321 Surrey Central/WhiteRock,15247332,5471,45,-90
2026-08-30T00:07:09.293839+00:00,1788048428,6705,321 Surrey Central/WhiteRock,15247332,5472,46,-110
2026-08-30T00:07:09.293839+00:00,1788048428,6705,321 Surrey Central/WhiteRock,15247332,5473,47,-155
2026-08-30T00:07:09.293839+00:00,1788048428,6705,321 Surrey Central/WhiteRock,15247332,5474,48,-148
2026-08-30T00:07:09.293839+00:00,1788048428,6705,321 Surrey Central/WhiteRock,15247332,5475,49,-190
2026-08-30T00:07:09.293839+00:00,1788048428,6705,321 Surrey Central/WhiteRock,15247332,5476,50,-206
2026-08-30T00:07:09.293839+00:00,1788048428,6705,321 Surrey Central/WhiteRock,15247332,5477,51,-226
2026-08-30T00:07:09.293839+00:00,1788048428,6705,321 Surrey Central/WhiteRock,15247332,11725,52,-251
2026-08-30T00:07:09.293839+00:00,1788048428,6705,321 Surrey Central/WhiteRock,15247332,5040,53,-233
2026-08-30T00:07:09.293839+00:00,1788048428,6705,321 Surrey Central/WhiteRock,15247332,5041,54,-231
2026-08-30T00:07:09.293839+00:00,1788048428,6705,321 Surrey Central/WhiteRock,15247332,12155,55,-213
2026-08-30T00:07:09.293839+00:00,1788048428,6705,321 Surrey Central/WhiteRock,15247332,9089,56,-201
2026-08-30T00:07:09.293839+00:00,1788048428,6705,321 Surrey Central/WhiteRock,15247332,7213,57,-228
2026-08-30T00:07:09.293839+00:00,1788048428,6705,321 Surrey Central/WhiteRock,15247333,10445,19,191
2026-08-30T00:07:09.293839+00:00,1788048428,6705,321 Surrey Central/WhiteRock,15247333,5447,20,159
2026-08-30T00:07:09.293839+00:00,1788048428,6705,321 Surrey Central/WhiteRock,15247333,5448,21,166
2026-08-30T00:07:09.293839+00:00,1788048428,6705,321 Surrey Central/WhiteRock,15247333,10437,22,177
2026-08-30T00:07:09.293839+00:00,1788048428,6705,321 Surrey Central/WhiteRock,15247333,5449,23,132
2026-08-30T00:07:09.293839+00:00,1788048428,6705,321 Surrey Central/WhiteRock,15247333,11313,24,97
2026-08-30T00:07:09.293839+00:00,1788048428,6705,321 Surrey Central/WhiteRock,15247333,10808,25,-32
2026-08-30T00:07:09.293839+00:00,1788048428,6705,321 Surrey Central/WhiteRock,15247333,5452,26,-143
2026-08-30T00:07:09.293839+00:00,1788048428,6705,321 Surrey Central/WhiteRock,15247333,11913,27,-155
2026-08-30T00:07:09.293839+00:00,1788048428,6705,321 Surrey Central/WhiteRock,15247333,5454,28,-159
2026-08-30T00:07:09.293839+00:00,1788048428,6705,321 Surrey Central/WhiteRock,15247333,5455,29,-160
2026-08-30T00:07:09.293839+00:00,1788048428,6705,321 Surrey Central/WhiteRock,15247333,5456,30,-106
2026-08-30T00:07:09.293839+00:00,1788048428,6705,321 Surrey Central/WhiteRock,15247333,12651,31,-128
2026-08-30T00:07:09.293839+00:00,1788048428,6705,321 Surrey Central/WhiteRock,15247333,5458,32,-123
2026-08-30T00:07:09.293839+00:00,1788048428,6705,321 Surrey Central/WhiteRock,15247333,5459,33,-111
2026-08-30T00:07:09.293839+00:00,1788048428,6705,321 Surrey Central/WhiteRock,15247333,5460,34,-116
2026-08-30T00:07:09.293839+00:00,1788048428,6705,321 Surrey Central/WhiteRock,15247333,5461,35,-122
2026-08-30T00:07:09.293839+00:00,1788048428,6705,321 Surrey Central/WhiteRock,15247333,5462,36,-126
2026-08-30T00:07:09.293839+00:00,1788048428,6705,321 Surrey Central/WhiteRock,15247333,5463,37,-71
2026-08-30T00:07:09.293839+00:00,1788048428,6705,321 Surrey Central/WhiteRock,15247333,5700,38,48
2026-08-30T00:07:09.293839+00:00,1788048428,6705,321 Surrey Central/WhiteRock,15247333,5465,39,62
2026-08-30T00:07:09.293839+00:00,1788048428,6705,321 Surrey Central/WhiteRock,15247333,5466,40,23
2026-08-30T00:07:09.293839+00:00,1788048428,6705,321 Surrey Central/WhiteRock,15247333,5467,41,62
2026-08-30T00:07:09.293839+00:00,1788048428,6705,321 Surrey Central/WhiteRock,15247333,5468,42,36
2026-08-30T00:07:09.293839+00:00,1788048428,6705,321 Surrey Central/WhiteRock,15247333,5469,43,9
2026-08-30T00:07:09.293839+00:00,1788048428,6705,321 Surrey Central/WhiteRock,15247333,5470,44,-14
2026-08-30T00:07:09.293839+00:00,1788048428,6705,321 Surrey Central/WhiteRock,15247333,5471,45,-45
2026-08-30T00:07:09.293839+00:00,1788048428,6705,321 Surrey Central/WhiteRock,15247333,5472,46,-65
2026-08-30T00:07:09.293839+00:00,1788048428,6705,321 Surrey Central/WhiteRock,15247333,5473,47,-110
2026-08-30T00:07:09.293839+00:00,1788048428,6705,321 Surrey Central/WhiteRock,15247333,5474,48,-103
2026-08-30T00:07:09.293839+00:00,1788048428,6705,321 Surrey Central/WhiteRock,15247333,5475,49,-144
2026-08-30T00:07:09.293839+00:00,1788048428,6705,321 Surrey Central/WhiteRock,15247333,5476,50,-160
2026-08-30T00:07:09.293839+00:00,1788048428,6705,321 Surrey Central/WhiteRock,15247333,5477,51,-180
2026-08-30T00:07:09.293839+00:00,1788048428,6705,321 Surrey Central/WhiteRock,15247333,11725,52,-205
2026-08-30T00:07:09.293839+00:00,1788048428,6705,321 Surrey Central/WhiteRock,15247333,5040,53,-189
2026-08-30T00:07:09.293839+00:00,1788048428,6705,321 Surrey Central/WhiteRock,15247333,5041,54,-187
2026-08-30T00:07:09.293839+00:00,1788048428,6705,321 Surrey Central/WhiteRock,15247333,12155,55,-169
2026-08-30T00:07:09.293839+00:00,1788048428,6705,321 Surrey Central/WhiteRock,15247333,9089,56,-157
2026-08-30T00:07:09.293839+00:00,1788048428,6705,321 Surrey Central/WhiteRock,15247333,7213,57,-184
2026-08-30T00:07:09.293839+00:00,1788048428,6705,321 Surrey Central/WhiteRock,15247334,6174,9,99
2026-08-30T00:07:09.293839+00:00,1788048428,6705,321 Surrey Central/WhiteRock,15247334,5437,10,113
2026-08-30T00:07:09.293839+00:00,1788048428,6705,321 Surrey Central/WhiteRock,15247334,5438,11,108
2026-08-30T00:07:09.293839+00:00,1788048428,6705,321 Surrey Central/WhiteRock,15247334,5439,12,122
2026-08-30T00:07:09.293839+00:00,1788048428,6705,321 Surrey Central/WhiteRock,15247334,5440,13,105
2026-08-30T00:07:09.293839+00:00,1788048428,6705,321 Surrey Central/WhiteRock,15247334,5441,14,133
2026-08-30T00:07:09.293839+00:00,1788048428,6705,321 Surrey Central/WhiteRock,15247334,5442,15,114
2026-08-30T00:07:09.293839+00:00,1788048428,6705,321 Surrey Central/WhiteRock,15247334,5444,16,127
2026-08-30T00:07:09.293839+00:00,1788048428,6705,321 Surrey Central/WhiteRock,15247334,9083,17,107
2026-08-30T00:07:09.293839+00:00,1788048428,6705,321 Surrey Central/WhiteRock,15247334,5446,18,118
2026-08-30T00:07:09.293839+00:00,1788048428,6705,321 Surrey Central/WhiteRock,15247334,10445,19,111
2026-08-30T00:07:09.293839+00:00,1788048428,6705,321 Surrey Central/WhiteRock,15247334,5447,20,79
2026-08-30T00:07:09.293839+00:00,1788048428,6705,321 Surrey Central/WhiteRock,15247334,5448,21,86
2026-08-30T00:07:09.293839+00:00,1788048428,6705,321 Surrey Central/WhiteRock,15247334,10437,22,91
2026-08-30T00:07:09.293839+00:00,1788048428,6705,321 Surrey Central/WhiteRock,15247334,5449,23,46
2026-08-30T00:07:09.293839+00:00,1788048428,6705,321 Surrey Central/WhiteRock,15247334,11313,24,11
2026-08-30T00:07:09.293839+00:00,1788048428,6705,321 Surrey Central/WhiteRock,15247334,10808,25,-118
2026-08-30T00:07:09.293839+00:00,1788048428,6705,321 Surrey Central/WhiteRock,15247334,5452,26,-229
2026-08-30T00:07:09.293839+00:00,1788048428,6705,321 Surrey Central/WhiteRock,15247334,11913,27,-240
2026-08-30T00:07:09.293839+00:00,1788048428,6705,321 Surrey Central/WhiteRock,15247334,5454,28,-245
2026-08-30T00:07:09.293839+00:00,1788048428,6705,321 Surrey Central/WhiteRock,15247334,5455,29,-246
2026-08-30T00:07:09.293839+00:00,1788048428,6705,321 Surrey Central/WhiteRock,15247334,5456,30,-191
2026-08-30T00:07:09.293839+00:00,1788048428,6705,321 Surrey Central/WhiteRock,15247334,12651,31,-213
2026-08-30T00:07:09.293839+00:00,1788048428,6705,321 Surrey Central/WhiteRock,15247334,5458,32,-209
2026-08-30T00:07:09.293839+00:00,1788048428,6705,321 Surrey Central/WhiteRock,15247334,5459,33,-197
2026-08-30T00:07:09.293839+00:00,1788048428,6705,321 Surrey Central/WhiteRock,15247334,5460,34,-202
2026-08-30T00:07:09.293839+00:00,1788048428,6705,321 Surrey Central/WhiteRock,15247334,5461,35,-208
2026-08-30T00:07:09.293839+00:00,1788048428,6705,321 Surrey Central/WhiteRock,15247334,5462,36,-212
2026-08-30T00:07:09.293839+00:00,1788048428,6705,321 Surrey Central/WhiteRock,15247334,5463,37,-146
2026-08-30T00:07:09.293839+00:00,1788048428,6705,321 Surrey Central/WhiteRock,15247334,5700,38,0
2026-08-30T00:07:09.293839+00:00,1788048428,6705,321 Surrey Central/WhiteRock,15247334,5465,39,18
2026-08-30T00:07:09.293839+00:00,1788048428,6705,321 Surrey Central/WhiteRock,15247334,5466,40,-21
2026-08-30T00:07:09.293839+00:00,1788048428,6705,321 Surrey Central/WhiteRock,15247334,5467,41,18
2026-08-30T00:07:09.293839+00:00,1788048428,6705,321 Surrey Central/WhiteRock,15247334,5468,42,-8
2026-08-30T00:07:09.293839+00:00,1788048428,6705,321 Surrey Central/WhiteRock,15247334,5469,43,-37
2026-08-30T00:07:09.293839+00:00,1788048428,6705,321 Surrey Central/WhiteRock,15247334,5470,44,-58
2026-08-30T00:07:09.293839+00:00,1788048428,6705,321 Surrey Central/WhiteRock,15247334,5471,45,-88
2026-08-30T00:07:09.293839+00:00,1788048428,6705,321 Surrey Central/WhiteRock,15247334,5472,46,-111
2026-08-30T00:07:09.293839+00:00,1788048428,6705,321 Surrey Central/WhiteRock,15247334,5473,47,-156
2026-08-30T00:07:09.293839+00:00,1788048428,6705,321 Surrey Central/WhiteRock,15247334,5474,48,-148
2026-08-30T00:07:09.293839+00:00,1788048428,6705,321 Surrey Central/WhiteRock,15247334,5475,49,-189
2026-08-30T00:07:09.293839+00:00,1788048428,6705,321 Surrey Central/WhiteRock,15247334,5476,50,-207
2026-08-30T00:07:09.293839+00:00,1788048428,6705,321 Surrey Central/WhiteRock,15247334,5477,51,-227
2026-08-30T00:07:09.293839+00:00,1788048428,6705,321 Surrey Central/WhiteRock,15247334,11725,52,-253
2026-08-30T00:07:09.293839+00:00,1788048428,6705,321 Surrey Central/WhiteRock,15247334,5040,53,-234
2026-08-30T00:07:09.293839+00:00,1788048428,6705,321 Surrey Central/WhiteRock,15247334,5041,54,-232
2026-08-30T00:07:09.293839+00:00,1788048428,6705,321 Surrey Central/WhiteRock,15247334,12155,55,-214
2026-08-30T00:07:09.293839+00:00,1788048428,6705,321 Surrey Central/WhiteRock,15247334,9089,56,-202
2026-08-30T00:07:09.293839+00:00,1788048428,6705,321 Surrey Central/WhiteRock,15247334,7213,57,-229
2026-08-30T00:07:09.293839+00:00,1788048428,6705,321 Surrey Central/WhiteRock,15247335,6197,1,0
2026-08-30T00:07:09.293839+00:00,1788048428,6705,321 Surrey Central/WhiteRock,15247335,6174,9,-441
2026-08-30T00:07:09.293839+00:00,1788048428,6705,321 Surrey Central/WhiteRock,15247335,5437,10,-424
2026-08-30T00:07:09.293839+00:00,1788048428,6705,321 Surrey Central/WhiteRock,15247335,5438,11,-428
2026-08-30T00:07:09.293839+00:00,1788048428,6705,321 Surrey Central/WhiteRock,15247335,5439,12,-414
2026-08-30T00:07:09.293839+00:00,1788048428,6705,321 Surrey Central/WhiteRock,15247335,5440,13,-432
2026-08-30T00:07:09.293839+00:00,1788048428,6705,321 Surrey Central/WhiteRock,15247335,5441,14,-414
2026-08-30T00:07:09.293839+00:00,1788048428,6705,321 Surrey Central/WhiteRock,15247335,5442,15,-433
2026-08-30T00:07:09.293839+00:00,1788048428,6705,321 Surrey Central/WhiteRock,15247335,5444,16,-421
2026-08-30T00:07:09.293839+00:00,1788048428,6705,321 Surrey Central/WhiteRock,15247335,9083,17,-441
2026-08-30T00:07:09.293839+00:00,1788048428,6705,321 Surrey Central/WhiteRock,15247335,5446,18,-430
2026-08-30T00:07:09.293839+00:00,1788048428,6705,321 Surrey Central/WhiteRock,15247335,10445,19,-437
2026-08-30T00:07:09.293839+00:00,1788048428,6705,321 Surrey Central/WhiteRock,15247335,5447,20,-469
2026-08-30T00:07:09.293839+00:00,1788048428,6705,321 Surrey Central/WhiteRock,15247335,5448,21,-462
2026-08-30T00:07:09.293839+00:00,1788048428,6705,321 Surrey Central/WhiteRock,15247335,10437,22,-457
2026-08-30T00:07:09.293839+00:00,1788048428,6705,321 Surrey Central/WhiteRock,15247335,5449,23,-502
2026-08-30T00:07:09.293839+00:00,1788048428,6705,321 Surrey Central/WhiteRock,15247335,11313,24,-537
2026-08-30T00:07:09.293839+00:00,1788048428,6705,321 Surrey Central/WhiteRock,15247335,10808,25,-666
2026-08-30T00:07:09.293839+00:00,1788048428,6705,321 Surrey Central/WhiteRock,15247335,5452,26,-777
2026-08-30T00:07:09.293839+00:00,1788048428,6705,321 Surrey Central/WhiteRock,15247335,11913,27,-789
2026-08-30T00:07:09.293839+00:00,1788048428,6705,321 Surrey Central/WhiteRock,15247335,5454,28,-794
2026-08-30T00:07:09.293839+00:00,1788048428,6705,321 Surrey Central/WhiteRock,15247335,5455,29,-795
2026-08-30T00:07:09.293839+00:00,1788048428,6705,321 Surrey Central/WhiteRock,15247335,5456,30,-740
2026-08-30T00:07:09.293839+00:00,1788048428,6705,321 Surrey Central/WhiteRock,15247335,12651,31,-762
2026-08-30T00:07:09.293839+00:00,1788048428,6705,321 Surrey Central/WhiteRock,15247335,5458,32,-758
2026-08-30T00:07:09.293839+00:00,1788048428,6705,321 Surrey Central/WhiteRock,15247335,5459,33,-746
2026-08-30T00:07:09.293839+00:00,1788048428,6705,321 Surrey Central/WhiteRock,15247335,5460,34,-751
2026-08-30T00:07:09.293839+00:00,1788048428,6705,321 Surrey Central/WhiteRock,15247335,5461,35,-757
2026-08-30T00:07:09.293839+00:00,1788048428,6705,321 Surrey Central/WhiteRock,15247335,5462,36,-761
2026-08-30T00:07:09.293839+00:00,1788048428,6705,321 Surrey Central/WhiteRock,15247335,5463,37,-695
2026-08-30T00:07:09.293839+00:00,1788048428,6705,321 Surrey Central/WhiteRock,15247335,5700,38,0
2026-08-30T00:07:09.293839+00:00,1788048428,6705,321 Surrey Central/WhiteRock,15247335,5465,39,18
2026-08-30T00:07:09.293839+00:00,1788048428,6705,321 Surrey Central/WhiteRock,15247335,5466,40,-21
2026-08-30T00:07:09.293839+00:00,1788048428,6705,321 Surrey Central/WhiteRock,15247335,5467,41,18
2026-08-30T00:07:09.293839+00:00,1788048428,6705,321 Surrey Central/WhiteRock,15247335,5468,42,-9
2026-08-30T00:07:09.293839+00:00,1788048428,6705,321 Surrey Central/WhiteRock,15247335,5469,43,-38
2026-08-30T00:07:09.293839+00:00,1788048428,6705,321 Surrey Central/WhiteRock,15247335,5470,44,-60
2026-08-30T00:07:09.293839+00:00,1788048428,6705,321 Surrey Central/WhiteRock,15247335,5471,45,-90
2026-08-30T00:07:09.293839+00:00,1788048428,6705,321 Surrey Central/WhiteRock,15247335,5472,46,-113
2026-08-30T00:07:09.293839+00:00,1788048428,6705,321 Surrey Central/WhiteRock,15247335,5473,47,-158
2026-08-30T00:07:09.293839+00:00,1788048428,6705,321 Surrey Central/WhiteRock,15247335,5474,48,-150
2026-08-30T00:07:09.293839+00:00,1788048428,6705,321 Surrey Central/WhiteRock,15247335,5475,49,-190
2026-08-30T00:07:09.293839+00:00,1788048428,6705,321 Surrey Central/WhiteRock,15247335,5476,50,-207
2026-08-30T00:07:09.293839+00:00,1788048428,6705,321 Surrey Central/WhiteRock,15247335,5477,51,-227
2026-08-30T00:07:09.293839+00:00,1788048428,6705,321 Surrey Central/WhiteRock,15247335,11725,52,-252
2026-08-30T00:07:09.293839+00:00,1788048428,6705,321 Surrey Central/WhiteRock,15247335,5040,53,-232
2026-08-30T00:07:09.293839+00:00,1788048428,6705,321 Surrey Central/WhiteRock,15247335,5041,54,-224
2026-08-30T00:07:09.293839+00:00,1788048428,6705,321 Surrey Central/WhiteRock,15247335,12155,55,-205
2026-08-30T00:07:09.293839+00:00,1788048428,6705,321 Surrey Central/WhiteRock,15247335,9089,56,-180
2026-08-30T00:07:09.293839+00:00,1788048428,6705,321 Surrey Central/WhiteRock,15247335,7213,57,-180
2026-08-30T00:07:09.293839+00:00,1788048428,6705,321 Surrey Central/WhiteRock,15247374,10880,1,0
2026-08-30T00:07:09.293839+00:00,1788048428,6705,321 Surrey Central/WhiteRock,15247374,5046,2,0
2026-08-30T00:07:09.293839+00:00,1788048428,6705,321 Surrey Central/WhiteRock,15247374,5047,3,0
2026-08-30T00:07:09.293839+00:00,1788048428,6705,321 Surrey Central/WhiteRock,15247374,8566,4,0
2026-08-30T00:07:09.293839+00:00,1788048428,6705,321 Surrey Central/WhiteRock,15247374,12916,5,0
2026-08-30T00:07:09.293839+00:00,1788048428,6705,321 Surrey Central/WhiteRock,15247374,5049,6,0
2026-08-30T00:07:09.293839+00:00,1788048428,6705,321 Surrey Central/WhiteRock,15247374,5039,7,0
2026-08-30T00:07:09.293839+00:00,1788048428,6705,321 Surrey Central/WhiteRock,15247374,8351,8,0
2026-08-30T00:07:09.293839+00:00,1788048428,6705,321 Surrey Central/WhiteRock,15247374,5496,9,0
2026-08-30T00:07:09.293839+00:00,1788048428,6705,321 Surrey Central/WhiteRock,15247374,5497,10,0
2026-08-30T00:07:09.293839+00:00,1788048428,6705,321 Surrey Central/WhiteRock,15247374,5498,11,0
2026-08-30T00:07:09.293839+00:00,1788048428,6705,321 Surrey Central/WhiteRock,15247374,5499,12,0
2026-08-30T00:07:09.293839+00:00,1788048428,6705,321 Surrey Central/WhiteRock,15247374,5500,13,0
2026-08-30T00:07:09.293839+00:00,1788048428,6705,321 Surrey Central/WhiteRock,15247374,5501,14,0
2026-08-30T00:07:09.293839+00:00,1788048428,6705,321 Surrey Central/WhiteRock,15247374,5502,15,0
2026-08-30T00:07:09.293839+00:00,1788048428,6705,321 Surrey Central/WhiteRock,15247374,5503,16,0
2026-08-30T00:07:09.293839+00:00,1788048428,6705,321 Surrey Central/WhiteRock,15247374,5504,17,0
2026-08-30T00:07:09.293839+00:00,1788048428,6705,321 Surrey Central/WhiteRock,15247374,5505,18,0
2026-08-30T00:07:09.293839+00:00,1788048428,6705,321 Surrey Central/WhiteRock,15247374,5507,19,0
2026-08-30T00:07:09.293839+00:00,1788048428,6705,321 Surrey Central/WhiteRock,15247374,5633,20,0
2026-08-30T00:07:09.293839+00:00,1788048428,6705,321 Surrey Central/WhiteRock,15247374,5510,21,0
2026-08-30T00:07:09.293839+00:00,1788048428,6705,321 Surrey Central/WhiteRock,15247374,5511,22,0
2026-08-30T00:07:09.293839+00:00,1788048428,6705,321 Surrey Central/WhiteRock,15247374,5512,23,0
2026-08-30T00:07:09.293839+00:00,1788048428,6705,321 Surrey Central/WhiteRock,15247374,5513,24,0
2026-08-30T00:07:09.293839+00:00,1788048428,6705,321 Surrey Central/WhiteRock,15247374,5514,25,0
2026-08-30T00:07:09.293839+00:00,1788048428,6705,321 Surrey Central/WhiteRock,15247374,5515,26,0
2026-08-30T00:07:09.293839+00:00,1788048428,6705,321 Surrey Central/WhiteRock,15247374,5516,27,0
2026-08-30T00:07:09.293839+00:00,1788048428,6705,321 Surrey Central/WhiteRock,15247374,5517,28,0
2026-08-30T00:07:09.293839+00:00,1788048428,6705,321 Surrey Central/WhiteRock,15247374,5518,29,0
2026-08-30T00:07:09.293839+00:00,1788048428,6705,321 Surrey Central/WhiteRock,15247374,5519,30,0
2026-08-30T00:07:09.293839+00:00,1788048428,6705,321 Surrey Central/WhiteRock,15247374,5520,31,0
2026-08-30T00:07:09.293839+00:00,1788048428,6705,321 Surrey Central/WhiteRock,15247374,5521,32,0
2026-08-30T00:07:09.293839+00:00,1788048428,6705,321 Surrey Central/WhiteRock,15247374,5522,33,0
2026-08-30T00:07:09.293839+00:00,1788048428,6705,321 Surrey Central/WhiteRock,15247374,5523,34,0
2026-08-30T00:07:09.293839+00:00,1788048428,6705,321 Surrey Central/WhiteRock,15247374,6466,35,0
2026-08-30T00:07:09.293839+00:00,1788048428,6705,321 Surrey Central/WhiteRock,15247374,5524,36,0
2026-08-30T00:07:09.293839+00:00,1788048428,6705,321 Surrey Central/WhiteRock,15247374,5525,37,0
2026-08-30T00:07:09.293839+00:00,1788048428,6705,321 Surrey Central/WhiteRock,15247374,10443,38,0
2026-08-30T00:07:09.293839+00:00,1788048428,6705,321 Surrey Central/WhiteRock,15247374,5528,39,0
2026-08-30T00:07:09.293839+00:00,1788048428,6705,321 Surrey Central/WhiteRock,15247374,5529,40,0
2026-08-30T00:07:09.293839+00:00,1788048428,6705,321 Surrey Central/WhiteRock,15247374,5530,41,0
2026-08-30T00:07:09.293839+00:00,1788048428,6705,321 Surrey Central/WhiteRock,15247374,5533,42,0
2026-08-30T00:07:09.293839+00:00,1788048428,6705,321 Surrey Central/WhiteRock,15247374,5534,43,0
2026-08-30T00:07:09.293839+00:00,1788048428,6705,321 Surrey Central/WhiteRock,15247374,5535,44,0
2026-08-30T00:07:09.293839+00:00,1788048428,6705,321 Surrey Central/WhiteRock,15247374,5536,45,0
2026-08-30T00:07:09.293839+00:00,1788048428,6705,321 Surrey Central/WhiteRock,15247374,5537,46,0
2026-08-30T00:07:09.293839+00:00,1788048428,6705,321 Surrey Central/WhiteRock,15247374,5538,47,0
2026-08-30T00:07:09.293839+00:00,1788048428,6705,321 Surrey Central/WhiteRock,15247374,5541,48,0
2026-08-30T00:07:09.293839+00:00,1788048428,6705,321 Surrey Central/WhiteRock,15247374,5542,49,0
2026-08-30T00:07:09.293839+00:00,1788048428,6705,321 Surrey Central/WhiteRock,15247374,6195,50,0
2026-08-30T00:07:09.293839+00:00,1788048428,6705,321 Surrey Central/WhiteRock,15247445,5524,36,-98
2026-08-30T00:07:09.293839+00:00,1788048428,6705,321 Surrey Central/WhiteRock,15247445,5525,37,-125
2026-08-30T00:07:09.293839+00:00,1788048428,6705,321 Surrey Central/WhiteRock,15247445,10443,38,-150
2026-08-30T00:07:09.293839+00:00,1788048428,6705,321 Surrey Central/WhiteRock,15247445,5528,39,-146
2026-08-30T00:07:09.293839+00:00,1788048428,6705,321 Surrey Central/WhiteRock,15247445,5529,40,-164
2026-08-30T00:07:09.293839+00:00,1788048428,6705,321 Surrey Central/WhiteRock,15247445,5530,41,-177
2026-08-30T00:07:09.293839+00:00,1788048428,6705,321 Surrey Central/WhiteRock,15247445,5533,42,-183
2026-08-30T00:07:09.293839+00:00,1788048428,6705,321 Surrey Central/WhiteRock,15247445,5534,43,-201
2026-08-30T00:07:09.293839+00:00,1788048428,6705,321 Surrey Central/WhiteRock,15247445,5535,44,-188
2026-08-30T00:07:09.293839+00:00,1788048428,6705,321 Surrey Central/WhiteRock,15247445,5536,45,-209
2026-08-30T00:07:09.293839+00:00,1788048428,6705,321 Surrey Central/WhiteRock,15247445,5537,46,-214
2026-08-30T00:07:09.293839+00:00,1788048428,6705,321 Surrey Central/WhiteRock,15247445,5538,47,-221
2026-08-30T00:07:09.293839+00:00,1788048428,6705,321 Surrey Central/WhiteRock,15247445,5541,48,-194
2026-08-30T00:07:09.293839+00:00,1788048428,6705,321 Surrey Central/WhiteRock,15247445,5542,49,-177
2026-08-30T00:07:09.293839+00:00,1788048428,6705,321 Surrey Central/WhiteRock,15247445,6195,50,-144
2026-08-30T00:07:09.293839+00:00,1788048428,6705,321 Surrey Central/WhiteRock,15247446,5514,25,493
2026-08-30T00:07:09.293839+00:00,1788048428,6705,321 Surrey Central/WhiteRock,15247446,5515,26,487
2026-08-30T00:07:09.293839+00:00,1788048428,6705,321 Surrey Central/WhiteRock,15247446,5516,27,482
2026-08-30T00:07:09.293839+00:00,1788048428,6705,321 Surrey Central/WhiteRock,15247446,5517,28,495
2026-08-30T00:07:09.293839+00:00,1788048428,6705,321 Surrey Central/WhiteRock,15247446,5518,29,498
2026-08-30T00:07:09.293839+00:00,1788048428,6705,321 Surrey Central/WhiteRock,15247446,5519,30,479
2026-08-30T00:07:09.293839+00:00,1788048428,6705,321 Surrey Central/WhiteRock,15247446,5520,31,466
2026-08-30T00:07:09.293839+00:00,1788048428,6705,321 Surrey Central/WhiteRock,15247446,5521,32,271
2026-08-30T00:07:09.293839+00:00,1788048428,6705,321 Surrey Central/WhiteRock,15247446,5522,33,145
2026-08-30T00:07:09.293839+00:00,1788048428,6705,321 Surrey Central/WhiteRock,15247446,5523,34,111
2026-08-30T00:07:09.293839+00:00,1788048428,6705,321 Surrey Central/WhiteRock,15247446,6466,35,96
2026-08-30T00:07:09.293839+00:00,1788048428,6705,321 Surrey Central/WhiteRock,15247446,5524,36,106
2026-08-30T00:07:09.293839+00:00,1788048428,6705,321 Surrey Central/WhiteRock,15247446,5525,37,79
2026-08-30T00:07:09.293839+00:00,1788048428,6705,321 Surrey Central/WhiteRock,15247446,10443,38,54
2026-08-30T00:07:09.293839+00:00,1788048428,6705,321 Surrey Central/WhiteRock,15247446,5528,39,58
2026-08-30T00:07:09.293839+00:00,1788048428,6705,321 Surrey Central/WhiteRock,15247446,5529,40,38
2026-08-30T00:07:09.293839+00:00,1788048428,6705,321 Surrey Central/WhiteRock,15247446,5530,41,24
2026-08-30T00:07:09.293839+00:00,1788048428,6705,321 Surrey Central/WhiteRock,15247446,5533,42,18
2026-08-30T00:07:09.293839+00:00,1788048428,6705,321 Surrey Central/WhiteRock,15247446,5534,43,0
2026-08-30T00:07:09.293839+00:00,1788048428,6705,321 Surrey Central/WhiteRock,15247446,5535,44,4
2026-08-30T00:07:09.293839+00:00,1788048428,6705,321 Surrey Central/WhiteRock,15247446,5536,45,-16
2026-08-30T00:07:09.293839+00:00,1788048428,6705,321 Surrey Central/WhiteRock,15247446,5537,46,-18
2026-08-30T00:07:09.293839+00:00,1788048428,6705,321 Surrey Central/WhiteRock,15247446,5538,47,-25
2026-08-30T00:07:09.293839+00:00,1788048428,6705,321 Surrey Central/WhiteRock,15247446,5541,48,2
2026-08-30T00:07:09.293839+00:00,1788048428,6705,321 Surrey Central/WhiteRock,15247446,5542,49,19
2026-08-30T00:07:09.293839+00:00,1788048428,6705,321 Surrey Central/WhiteRock,15247446,6195,50,54
2026-08-30T00:07:09.293839+00:00,1788048428,6705,321 Surrey Central/WhiteRock,15247447,5505,18,401
2026-08-30T00:07:09.293839+00:00,1788048428,6705,321 Surrey Central/WhiteRock,15247447,5507,19,397
2026-08-30T00:07:09.293839+00:00,1788048428,6705,321 Surrey Central/WhiteRock,15247447,5633,20,453
2026-08-30T00:07:09.293839+00:00,1788048428,6705,321 Surrey Central/WhiteRock,15247447,5510,21,482
2026-08-30T00:07:09.293839+00:00,1788048428,6705,321 Surrey Central/WhiteRock,15247447,5511,22,475
2026-08-30T00:07:09.293839+00:00,1788048428,6705,321 Surrey Central/WhiteRock,15247447,5512,23,470
2026-08-30T00:07:09.293839+00:00,1788048428,6705,321 Surrey Central/WhiteRock,15247447,5513,24,459
2026-08-30T00:07:09.293839+00:00,1788048428,6705,321 Surrey Central/WhiteRock,15247447,5514,25,534
2026-08-30T00:07:09.293839+00:00,1788048428,6705,321 Surrey Central/WhiteRock,15247447,5515,26,528
2026-08-30T00:07:09.293839+00:00,1788048428,6705,321 Surrey Central/WhiteRock,15247447,5516,27,525
2026-08-30T00:07:09.293839+00:00,1788048428,6705,321 Surrey Central/WhiteRock,15247447,5517,28,538
2026-08-30T00:07:09.293839+00:00,1788048428,6705,321 Surrey Central/WhiteRock,15247447,5518,29,541
2026-08-30T00:07:09.293839+00:00,1788048428,6705,321 Surrey Central/WhiteRock,15247447,5519,30,522
2026-08-30T00:07:09.293839+00:00,1788048428,6705,321 Surrey Central/WhiteRock,15247447,5520,31,509
2026-08-30T00:07:09.293839+00:00,1788048428,6705,321 Surrey Central/WhiteRock,15247447,5521,32,314
2026-08-30T00:07:09.293839+00:00,1788048428,6705,321 Surrey Central/WhiteRock,15247447,5522,33,189
2026-08-30T00:07:09.293839+00:00,1788048428,6705,321 Surrey Central/WhiteRock,15247447,5523,34,156
2026-08-30T00:07:09.293839+00:00,1788048428,6705,321 Surrey Central/WhiteRock,15247447,6466,35,141
2026-08-30T00:07:09.293839+00:00,1788048428,6705,321 Surrey Central/WhiteRock,15247447,5524,36,151
2026-08-30T00:07:09.293839+00:00,1788048428,6705,321 Surrey Central/WhiteRock,15247447,5525,37,124
2026-08-30T00:07:09.293839+00:00,1788048428,6705,321 Surrey Central/WhiteRock,15247447,10443,38,99
2026-08-30T00:07:09.293839+00:00,1788048428,6705,321 Surrey Central/WhiteRock,15247447,5528,39,104
2026-08-30T00:07:09.293839+00:00,1788048428,6705,321 Surrey Central/WhiteRock,15247447,5529,40,86
2026-08-30T00:07:09.293839+00:00,1788048428,6705,321 Surrey Central/WhiteRock,15247447,5530,41,72
2026-08-30T00:07:09.293839+00:00,1788048428,6705,321 Surrey Central/WhiteRock,15247447,5533,42,65
2026-08-30T00:07:09.293839+00:00,1788048428,6705,321 Surrey Central/WhiteRock,15247447,5534,43,47
2026-08-30T00:07:09.293839+00:00,1788048428,6705,321 Surrey Central/WhiteRock,15247447,5535,44,60
2026-08-30T00:07:09.293839+00:00,1788048428,6705,321 Surrey Central/WhiteRock,15247447,5536,45,39
2026-08-30T00:07:09.293839+00:00,1788048428,6705,321 Surrey Central/WhiteRock,15247447,5537,46,36
2026-08-30T00:07:09.293839+00:00,1788048428,6705,321 Surrey Central/WhiteRock,15247447,5538,47,30
2026-08-30T00:07:09.293839+00:00,1788048428,6705,321 Surrey Central/WhiteRock,15247447,5541,48,57
2026-08-30T00:07:09.293839+00:00,1788048428,6705,321 Surrey Central/WhiteRock,15247447,5542,49,74
2026-08-30T00:07:09.293839+00:00,1788048428,6705,321 Surrey Central/WhiteRock,15247447,6195,50,107
2026-08-30T00:07:09.293839+00:00,1788048428,6705,321 Surrey Central/WhiteRock,15247448,5504,17,-192
2026-08-30T00:07:09.293839+00:00,1788048428,6705,321 Surrey Central/WhiteRock,15247448,5505,18,-234
2026-08-30T00:07:09.293839+00:00,1788048428,6705,321 Surrey Central/WhiteRock,15247448,5507,19,-238
2026-08-30T00:07:09.293839+00:00,1788048428,6705,321 Surrey Central/WhiteRock,15247448,5633,20,0
2026-08-30T00:07:09.293839+00:00,1788048428,6705,321 Surrey Central/WhiteRock,15247448,5510,21,31
2026-08-30T00:07:09.293839+00:00,1788048428,6705,321 Surrey Central/WhiteRock,15247448,5511,22,24
2026-08-30T00:07:09.293839+00:00,1788048428,6705,321 Surrey Central/WhiteRock,15247448,5512,23,19
2026-08-30T00:07:09.293839+00:00,1788048428,6705,321 Surrey Central/WhiteRock,15247448,5513,24,8
2026-08-30T00:07:09.293839+00:00,1788048428,6705,321 Surrey Central/WhiteRock,15247448,5514,25,83
2026-08-30T00:07:09.293839+00:00,1788048428,6705,321 Surrey Central/WhiteRock,15247448,5515,26,77
2026-08-30T00:07:09.293839+00:00,1788048428,6705,321 Surrey Central/WhiteRock,15247448,5516,27,78
2026-08-30T00:07:09.293839+00:00,1788048428,6705,321 Surrey Central/WhiteRock,15247448,5517,28,91
2026-08-30T00:07:09.293839+00:00,1788048428,6705,321 Surrey Central/WhiteRock,15247448,5518,29,94
2026-08-30T00:07:09.293839+00:00,1788048428,6705,321 Surrey Central/WhiteRock,15247448,5519,30,75
2026-08-30T00:07:09.293839+00:00,1788048428,6705,321 Surrey Central/WhiteRock,15247448,5520,31,62
2026-08-30T00:07:09.293839+00:00,1788048428,6705,321 Surrey Central/WhiteRock,15247448,5521,32,-133
2026-08-30T00:07:09.293839+00:00,1788048428,6705,321 Surrey Central/WhiteRock,15247448,5522,33,-258
2026-08-30T00:07:09.293839+00:00,1788048428,6705,321 Surrey Central/WhiteRock,15247448,5523,34,-291
2026-08-30T00:07:09.293839+00:00,1788048428,6705,321 Surrey Central/WhiteRock,15247448,6466,35,-306
2026-08-30T00:07:09.293839+00:00,1788048428,6705,321 Surrey Central/WhiteRock,15247448,5524,36,-296
2026-08-30T00:07:09.293839+00:00,1788048428,6705,321 Surrey Central/WhiteRock,15247448,5525,37,-323
2026-08-30T00:07:09.293839+00:00,1788048428,6705,321 Surrey Central/WhiteRock,15247448,10443,38,-348
2026-08-30T00:07:09.293839+00:00,1788048428,6705,321 Surrey Central/WhiteRock,15247448,5528,39,-343
2026-08-30T00:07:09.293839+00:00,1788048428,6705,321 Surrey Central/WhiteRock,15247448,5529,40,-361
2026-08-30T00:07:09.293839+00:00,1788048428,6705,321 Surrey Central/WhiteRock,15247448,5530,41,-375
2026-08-30T00:07:09.293839+00:00,1788048428,6705,321 Surrey Central/WhiteRock,15247448,5533,42,-382
2026-08-30T00:07:09.293839+00:00,1788048428,6705,321 Surrey Central/WhiteRock,15247448,5534,43,-400
2026-08-30T00:07:09.293839+00:00,1788048428,6705,321 Surrey Central/WhiteRock,15247448,5535,44,-386
2026-08-30T00:07:09.293839+00:00,1788048428,6705,321 Surrey Central/WhiteRock,15247448,5536,45,-407
2026-08-30T00:07:09.293839+00:00,1788048428,6705,321 Surrey Central/WhiteRock,15247448,5537,46,-410
2026-08-30T00:07:09.293839+00:00,1788048428,6705,321 Surrey Central/WhiteRock,15247448,5538,47,-416
2026-08-30T00:07:09.293839+00:00,1788048428,6705,321 Surrey Central/WhiteRock,15247448,5541,48,-389
2026-08-30T00:07:09.293839+00:00,1788048428,6705,321 Surrey Central/WhiteRock,15247448,5542,49,-372
2026-08-30T00:07:09.293839+00:00,1788048428,6705,321 Surrey Central/WhiteRock,15247448,6195,50,-339
2026-08-30T00:07:09.293839+00:00,1788048428,6705,321 Surrey Central/WhiteRock,15247449,5049,6,124
2026-08-30T00:07:09.293839+00:00,1788048428,6705,321 Surrey Central/WhiteRock,15247449,5039,7,124
2026-08-30T00:07:09.293839+00:00,1788048428,6705,321 Surrey Central/WhiteRock,15247449,8351,8,102
2026-08-30T00:07:09.293839+00:00,1788048428,6705,321 Surrey Central/WhiteRock,15247449,5496,9,51
2026-08-30T00:07:09.293839+00:00,1788048428,6705,321 Surrey Central/WhiteRock,15247449,5497,10,16
2026-08-30T00:07:09.293839+00:00,1788048428,6705,321 Surrey Central/WhiteRock,15247449,5498,11,7
2026-08-30T00:07:09.293839+00:00,1788048428,6705,321 Surrey Central/WhiteRock,15247449,5499,12,-27
2026-08-30T00:07:09.293839+00:00,1788048428,6705,321 Surrey Central/WhiteRock,15247449,5500,13,-29
2026-08-30T00:07:09.293839+00:00,1788048428,6705,321 Surrey Central/WhiteRock,15247449,5501,14,-52
2026-08-30T00:07:09.293839+00:00,1788048428,6705,321 Surrey Central/WhiteRock,15247449,5502,15,-62
2026-08-30T00:07:09.293839+00:00,1788048428,6705,321 Surrey Central/WhiteRock,15247449,5503,16,-44
2026-08-30T00:07:09.293839+00:00,1788048428,6705,321 Surrey Central/WhiteRock,15247449,5504,17,-88
2026-08-30T00:07:09.293839+00:00,1788048428,6705,321 Surrey Central/WhiteRock,15247449,5505,18,-68
2026-08-30T00:07:09.293839+00:00,1788048428,6705,321 Surrey Central/WhiteRock,15247449,5507,19,-72
2026-08-30T00:07:09.293839+00:00,1788048428,6705,321 Surrey Central/WhiteRock,15247449,5633,20,0
2026-08-30T00:07:09.293839+00:00,1788048428,6705,321 Surrey Central/WhiteRock,15247449,5510,21,31
2026-08-30T00:07:09.293839+00:00,1788048428,6705,321 Surrey Central/WhiteRock,15247449,5511,22,24
2026-08-30T00:07:09.293839+00:00,1788048428,6705,321 Surrey Central/WhiteRock,15247449,5512,23,19
2026-08-30T00:07:09.293839+00:00,1788048428,6705,321 Surrey Central/WhiteRock,15247449,5513,24,8
2026-08-30T00:07:09.293839+00:00,1788048428,6705,321 Surrey Central/WhiteRock,15247449,5514,25,83
2026-08-30T00:07:09.293839+00:00,1788048428,6705,321 Surrey Central/WhiteRock,15247449,5515,26,77
2026-08-30T00:07:09.293839+00:00,1788048428,6705,321 Surrey Central/WhiteRock,15247449,5516,27,89
2026-08-30T00:07:09.293839+00:00,1788048428,6705,321 Surrey Central/WhiteRock,15247449,5517,28,104
2026-08-30T00:07:09.293839+00:00,1788048428,6705,321 Surrey Central/WhiteRock,15247449,5518,29,107
2026-08-30T00:07:09.293839+00:00,1788048428,6705,321 Surrey Central/WhiteRock,15247449,5519,30,87
2026-08-30T00:07:09.293839+00:00,1788048428,6705,321 Surrey Central/WhiteRock,15247449,5520,31,74
2026-08-30T00:07:09.293839+00:00,1788048428,6705,321 Surrey Central/WhiteRock,15247449,5521,32,-121
2026-08-30T00:07:09.293839+00:00,1788048428,6705,321 Surrey Central/WhiteRock,15247449,5522,33,-246
2026-08-30T00:07:09.293839+00:00,1788048428,6705,321 Surrey Central/WhiteRock,15247449,5523,34,-279
2026-08-30T00:07:09.293839+00:00,1788048428,6705,321 Surrey Central/WhiteRock,15247449,6466,35,-292
2026-08-30T00:07:09.293839+00:00,1788048428,6705,321 Surrey Central/WhiteRock,15247449,5524,36,-281
2026-08-30T00:07:09.293839+00:00,1788048428,6705,321 Surrey Central/WhiteRock,15247449,5525,37,-308
2026-08-30T00:07:09.293839+00:00,1788048428,6705,321 Surrey Central/WhiteRock,15247449,10443,38,-334
2026-08-30T00:07:09.293839+00:00,1788048428,6705,321 Surrey Central/WhiteRock,15247449,5528,39,-329
2026-08-30T00:07:09.293839+00:00,1788048428,6705,321 Surrey Central/WhiteRock,15247449,5529,40,-348
2026-08-30T00:07:09.293839+00:00,1788048428,6705,321 Surrey Central/WhiteRock,15247449,5530,41,-361
2026-08-30T00:07:09.293839+00:00,1788048428,6705,321 Surrey Central/WhiteRock,15247449,5533,42,-369
2026-08-30T00:07:09.293839+00:00,1788048428,6705,321 Surrey Central/WhiteRock,15247449,5534,43,-387
2026-08-30T00:07:09.293839+00:00,1788048428,6705,321 Surrey Central/WhiteRock,15247449,5535,44,-373
2026-08-30T00:07:09.293839+00:00,1788048428,6705,321 Surrey Central/WhiteRock,15247449,5536,45,-395
2026-08-30T00:07:09.293839+00:00,1788048428,6705,321 Surrey Central/WhiteRock,15247449,5537,46,-400
2026-08-30T00:07:09.293839+00:00,1788048428,6705,321 Surrey Central/WhiteRock,15247449,5538,47,-407
2026-08-30T00:07:09.293839+00:00,1788048428,6705,321 Surrey Central/WhiteRock,15247449,5541,48,-382
2026-08-30T00:07:09.293839+00:00,1788048428,6705,321 Surrey Central/WhiteRock,15247449,5542,49,-364
2026-08-30T00:07:09.293839+00:00,1788048428,6705,321 Surrey Central/WhiteRock,15247449,6195,50,-326
2026-08-30T00:07:09.293839+00:00,1788048428,6715,351 Bridgeport/WhiteRock,15251739,6169,5,-74
2026-08-30T00:07:09.293839+00:00,1788048428,6715,351 Bridgeport/WhiteRock,15251739,6170,6,-99
2026-08-30T00:07:09.293839+00:00,1788048428,6715,351 Bridgeport/WhiteRock,15251739,11545,7,-129
2026-08-30T00:07:09.293839+00:00,1788048428,6715,351 Bridgeport/WhiteRock,15251739,6172,8,-113
2026-08-30T00:07:09.293839+00:00,1788048428,6715,351 Bridgeport/WhiteRock,15251739,6173,9,-112
2026-08-30T00:07:09.293839+00:00,1788048428,6715,351 Bridgeport/WhiteRock,15251739,6139,10,0
2026-08-30T00:07:09.293839+00:00,1788048428,6715,351 Bridgeport/WhiteRock,15251739,5437,11,29
2026-08-30T00:07:09.293839+00:00,1788048428,6715,351 Bridgeport/WhiteRock,15251739,5438,12,20
2026-08-30T00:07:09.293839+00:00,1788048428,6715,351 Bridgeport/WhiteRock,15251739,5439,13,33
2026-08-30T00:07:09.293839+00:00,1788048428,6715,351 Bridgeport/WhiteRock,15251739,5440,14,13
2026-08-30T00:07:09.293839+00:00,1788048428,6715,351 Bridgeport/WhiteRock,15251739,5441,15,46
2026-08-30T00:07:09.293839+00:00,1788048428,6715,351 Bridgeport/WhiteRock,15251739,5442,16,22
2026-08-30T00:07:09.293839+00:00,1788048428,6715,351 Bridgeport/WhiteRock,15251739,5444,17,29
2026-08-30T00:07:09.293839+00:00,1788048428,6715,351 Bridgeport/WhiteRock,15251739,9083,18,7
2026-08-30T00:07:09.293839+00:00,1788048428,6715,351 Bridgeport/WhiteRock,15251739,5446,19,9
2026-08-30T00:07:09.293839+00:00,1788048428,6715,351 Bridgeport/WhiteRock,15251739,10445,20,2
2026-08-30T00:07:09.293839+00:00,1788048428,6715,351 Bridgeport/WhiteRock,15251739,5447,21,-38
2026-08-30T00:07:09.293839+00:00,1788048428,6715,351 Bridgeport/WhiteRock,15251739,5448,22,-37
2026-08-30T00:07:09.293839+00:00,1788048428,6715,351 Bridgeport/WhiteRock,15251739,6194,23,0
2026-08-30T00:07:09.293839+00:00,1788048428,6715,351 Bridgeport/WhiteRock,15251739,4928,24,-35
2026-08-30T00:07:09.293839+00:00,1788048428,6715,351 Bridgeport/WhiteRock,15251739,8282,25,-33
2026-08-30T00:07:09.293839+00:00,1788048428,6715,351 Bridgeport/WhiteRock,15251740,5448,22,853
2026-08-30T00:07:09.293839+00:00,1788048428,6715,351 Bridgeport/WhiteRock,15251740,6194,23,859
2026-08-30T00:07:09.293839+00:00,1788048428,6715,351 Bridgeport/WhiteRock,15251740,4928,24,824
2026-08-30T00:07:09.293839+00:00,1788048428,6715,351 Bridgeport/WhiteRock,15251740,8282,25,816
2026-08-30T00:07:09.293839+00:00,1788048428,6715,351 Bridgeport/WhiteRock,15251763,5438,12,540
2026-08-30T00:07:09.293839+00:00,1788048428,6715,351 Bridgeport/WhiteRock,15251763,5439,13,552
2026-08-30T00:07:09.293839+00:00,1788048428,6715,351 Bridgeport/WhiteRock,15251763,5440,14,531
2026-08-30T00:07:09.293839+00:00,1788048428,6715,351 Bridgeport/WhiteRock,15251763,5441,15,559
2026-08-30T00:07:09.293839+00:00,1788048428,6715,351 Bridgeport/WhiteRock,15251763,5442,16,535
2026-08-30T00:07:09.293839+00:00,1788048428,6715,351 Bridgeport/WhiteRock,15251763,5444,17,541
2026-08-30T00:07:09.293839+00:00,1788048428,6715,351 Bridgeport/WhiteRock,15251763,9083,18,518
2026-08-30T00:07:09.293839+00:00,1788048428,6715,351 Bridgeport/WhiteRock,15251763,5446,19,522
2026-08-30T00:07:09.293839+00:00,1788048428,6715,351 Bridgeport/WhiteRock,15251763,10445,20,515
2026-08-30T00:07:09.293839+00:00,1788048428,6715,351 Bridgeport/WhiteRock,15251763,5447,21,475
2026-08-30T00:07:09.293839+00:00,1788048428,6715,351 Bridgeport/WhiteRock,15251763,5448,22,476
2026-08-30T00:07:09.293839+00:00,1788048428,6715,351 Bridgeport/WhiteRock,15251763,6194,23,483
2026-08-30T00:07:09.293839+00:00,1788048428,6715,351 Bridgeport/WhiteRock,15251763,4928,24,445
2026-08-30T00:07:09.293839+00:00,1788048428,6715,351 Bridgeport/WhiteRock,15251763,8282,25,445
2026-08-30T00:07:09.293839+00:00,1788048428,6715,351 Bridgeport/WhiteRock,15251765,4928,24,971
2026-08-30T00:07:09.293839+00:00,1788048428,6715,351 Bridgeport/WhiteRock,15251765,8282,25,975
2026-08-30T00:07:09.293839+00:00,1788048428,6715,351 Bridgeport/WhiteRock,15251803,5541,17,-297
2026-08-30T00:07:09.293839+00:00,1788048428,6715,351 Bridgeport/WhiteRock,15251803,5542,18,-270
2026-08-30T00:07:09.293839+00:00,1788048428,6715,351 Bridgeport/WhiteRock,15251803,6340,19,-213
2026-08-30T00:07:09.293839+00:00,1788048428,6715,351 Bridgeport/WhiteRock,15251803,6341,20,-188
2026-08-30T00:07:09.293839+00:00,1788048428,6715,351 Bridgeport/WhiteRock,15251803,6167,21,-169
2026-08-30T00:07:09.293839+00:00,1788048428,6715,351 Bridgeport/WhiteRock,15251829,4929,3,922
2026-08-30T00:07:09.293839+00:00,1788048428,6715,351 Bridgeport/WhiteRock,15251829,6175,4,372
2026-08-30T00:07:09.293839+00:00,1788048428,6715,351 Bridgeport/WhiteRock,15251829,5524,5,444
2026-08-30T00:07:09.293839+00:00,1788048428,6715,351 Bridgeport/WhiteRock,15251829,5525,6,438
2026-08-30T00:07:09.293839+00:00,1788048428,6715,351 Bridgeport/WhiteRock,15251829,10443,7,453
2026-08-30T00:07:09.293839+00:00,1788048428,6715,351 Bridgeport/WhiteRock,15251829,5528,8,482
2026-08-30T00:07:09.293839+00:00,1788048428,6715,351 Bridgeport/WhiteRock,15251829,5529,9,481
2026-08-30T00:07:09.293839+00:00,1788048428,6715,351 Bridgeport/WhiteRock,15251829,5530,10,490
2026-08-30T00:07:09.293839+00:00,1788048428,6715,351 Bridgeport/WhiteRock,15251829,5533,11,511
2026-08-30T00:07:09.293839+00:00,1788048428,6715,351 Bridgeport/WhiteRock,15251829,5534,12,516
2026-08-30T00:07:09.293839+00:00,1788048428,6715,351 Bridgeport/WhiteRock,15251829,5535,13,551
2026-08-30T00:07:09.293839+00:00,1788048428,6715,351 Bridgeport/WhiteRock,15251829,5536,14,555
2026-08-30T00:07:09.293839+00:00,1788048428,6715,351 Bridgeport/WhiteRock,15251829,5537,15,578
2026-08-30T00:07:09.293839+00:00,1788048428,6715,351 Bridgeport/WhiteRock,15251829,5538,16,586
2026-08-30T00:07:09.293839+00:00,1788048428,6715,351 Bridgeport/WhiteRock,15251829,5541,17,635
2026-08-30T00:07:09.293839+00:00,1788048428,6715,351 Bridgeport/WhiteRock,15251829,5542,18,664
2026-08-30T00:07:09.293839+00:00,1788048428,6715,351 Bridgeport/WhiteRock,15251829,6340,19,715
2026-08-30T00:07:09.293839+00:00,1788048428,6715,351 Bridgeport/WhiteRock,15251829,6341,20,744
2026-08-30T00:07:09.293839+00:00,1788048428,6715,351 Bridgeport/WhiteRock,15251829,6167,21,768
2026-08-30T00:07:09.293839+00:00,1788048428,11692,364 Langley Centre/Scottsdale,15252764,5244,1,0
2026-08-30T00:07:09.293839+00:00,1788048428,11692,364 Langley Centre/Scottsdale,15252764,4846,2,-45
2026-08-30T00:07:09.293839+00:00,1788048428,11692,364 Langley Centre/Scottsdale,15252764,4918,3,22
2026-08-30T00:07:09.293839+00:00,1788048428,11692,364 Langley Centre/Scottsdale,15252764,4919,4,29
2026-08-30T00:07:09.293839+00:00,1788048428,11692,364 Langley Centre/Scottsdale,15252764,4921,5,-24
2026-08-30T00:07:09.293839+00:00,1788048428,11692,364 Langley Centre/Scottsdale,15252764,11121,6,25
2026-08-30T00:07:09.293839+00:00,1788048428,11692,364 Langley Centre/Scottsdale,15252764,11142,7,-9
2026-08-30T00:07:09.293839+00:00,1788048428,11692,364 Langley Centre/Scottsdale,15252764,11139,8,-24
2026-08-30T00:07:09.293839+00:00,1788048428,11692,364 Langley Centre/Scottsdale,15252764,11156,9,-38
2026-08-30T00:07:09.293839+00:00,1788048428,11692,364 Langley Centre/Scottsdale,15252764,5583,10,-29
2026-08-30T00:07:09.293839+00:00,1788048428,11692,364 Langley Centre/Scottsdale,15252764,5584,11,-61
2026-08-30T00:07:09.293839+00:00,1788048428,11692,364 Langley Centre/Scottsdale,15252764,6464,12,-75
2026-08-30T00:07:09.293839+00:00,1788048428,11692,364 Langley Centre/Scottsdale,15252764,6465,13,-96
2026-08-30T00:07:09.293839+00:00,1788048428,11692,364 Langley Centre/Scottsdale,15252764,11074,14,-56
2026-08-30T00:07:09.293839+00:00,1788048428,11692,364 Langley Centre/Scottsdale,15252764,11153,15,-83
2026-08-30T00:07:09.293839+00:00,1788048428,11692,364 Langley Centre/Scottsdale,15252764,11150,16,-121
2026-08-30T00:07:09.293839+00:00,1788048428,11692,364 Langley Centre/Scottsdale,15252764,11148,17,-137
2026-08-30T00:07:09.293839+00:00,1788048428,11692,364 Langley Centre/Scottsdale,15252764,11124,18,-127
2026-08-30T00:07:09.293839+00:00,1788048428,11692,364 Langley Centre/Scottsdale,15252764,11140,19,-168
2026-08-30T00:07:09.293839+00:00,1788048428,11692,364 Langley Centre/Scottsdale,15252764,11145,20,-187
2026-08-30T00:07:09.293839+00:00,1788048428,11692,364 Langley Centre/Scottsdale,15252764,11076,21,0
2026-08-30T00:07:09.293839+00:00,1788048428,11692,364 Langley Centre/Scottsdale,15252764,12645,22,-199
2026-08-30T00:07:09.293839+00:00,1788048428,11692,364 Langley Centre/Scottsdale,15252764,9525,23,-195
2026-08-30T00:07:09.293839+00:00,1788048428,11692,364 Langley Centre/Scottsdale,15252764,10148,24,-180
2026-08-30T00:07:09.293839+00:00,1788048428,11692,364 Langley Centre/Scottsdale,15252764,10585,25,-199
2026-08-30T00:07:09.293839+00:00,1788048428,11692,364 Langley Centre/Scottsdale,15252764,10250,26,-206
2026-08-30T00:07:09.293839+00:00,1788048428,11692,364 Langley Centre/Scottsdale,15252764,10588,27,-212
2026-08-30T00:07:09.293839+00:00,1788048428,11692,364 Langley Centre/Scottsdale,15252764,10248,28,-185
2026-08-30T00:07:09.293839+00:00,1788048428,11692,364 Langley Centre/Scottsdale,15252764,10726,29,-180
2026-08-30T00:07:09.293839+00:00,1788048428,11692,364 Langley Centre/Scottsdale,15252764,10725,30,-192
2026-08-30T00:07:09.293839+00:00,1788048428,11692,364 Langley Centre/Scottsdale,15252764,10727,31,-205
2026-08-30T00:07:09.293839+00:00,1788048428,11692,364 Langley Centre/Scottsdale,15252764,10251,32,-211
2026-08-30T00:07:09.293839+00:00,1788048428,11692,364 Langley Centre/Scottsdale,15252764,10252,33,-230
2026-08-30T00:07:09.293839+00:00,1788048428,11692,364 Langley Centre/Scottsdale,15252764,10253,34,-237
2026-08-30T00:07:09.293839+00:00,1788048428,11692,364 Langley Centre/Scottsdale,15252764,10255,35,-253
2026-08-30T00:07:09.293839+00:00,1788048428,11692,364 Langley Centre/Scottsdale,15252764,5332,36,-214
2026-08-30T00:07:09.293839+00:00,1788048428,11692,364 Langley Centre/Scottsdale,15252764,12497,37,-237
2026-08-30T00:07:09.293839+00:00,1788048428,11692,364 Langley Centre/Scottsdale,15252764,5334,38,-239
2026-08-30T00:07:09.293839+00:00,1788048428,11692,364 Langley Centre/Scottsdale,15252764,6472,39,-226
2026-08-30T00:07:09.293839+00:00,1788048428,11692,364 Langley Centre/Scottsdale,15252764,6473,40,-228
2026-08-30T00:07:09.293839+00:00,1788048428,11692,364 Langley Centre/Scottsdale,15252764,6474,41,-231
2026-08-30T00:07:09.293839+00:00,1788048428,11692,364 Langley Centre/Scottsdale,15252764,9306,42,-190
2026-08-30T00:07:09.293839+00:00,1788048428,11692,364 Langley Centre/Scottsdale,15252764,11125,43,-193
2026-08-30T00:07:09.293839+00:00,1788048428,11692,364 Langley Centre/Scottsdale,15252764,9294,44,-183
2026-08-30T00:07:09.293839+00:00,1788048428,11692,364 Langley Centre/Scottsdale,15252764,9293,45,-192
2026-08-30T00:07:09.293839+00:00,1788048428,11692,364 Langley Centre/Scottsdale,15252764,11126,46,-184
2026-08-30T00:07:09.293839+00:00,1788048428,11692,364 Langley Centre/Scottsdale,15252764,7094,47,-215
2026-08-30T00:07:09.293839+00:00,1788048428,11692,364 Langley Centre/Scottsdale,15252796,11074,14,119
2026-08-30T00:07:09.293839+00:00,1788048428,11692,364 Langley Centre/Scottsdale,15252796,11153,15,92
2026-08-30T00:07:09.293839+00:00,1788048428,11692,364 Langley Centre/Scottsdale,15252796,11150,16,55
2026-08-30T00:07:09.293839+00:00,1788048428,11692,364 Langley Centre/Scottsdale,15252796,11148,17,39
2026-08-30T00:07:09.293839+00:00,1788048428,11692,364 Langley Centre/Scottsdale,15252796,11124,18,49
2026-08-30T00:07:09.293839+00:00,1788048428,11692,364 Langley Centre/Scottsdale,15252796,11140,19,10
2026-08-30T00:07:09.293839+00:00,1788048428,11692,364 Langley Centre/Scottsdale,15252796,11145,20,-6
2026-08-30T00:07:09.293839+00:00,1788048428,11692,364 Langley Centre/Scottsdale,15252796,11076,21,0
2026-08-30T00:07:09.293839+00:00,1788048428,11692,364 Langley Centre/Scottsdale,15252796,12645,22,-210
2026-08-30T00:07:09.293839+00:00,1788048428,11692,364 Langley Centre/Scottsdale,15252796,9525,23,-209
2026-08-30T00:07:09.293839+00:00,1788048428,11692,364 Langley Centre/Scottsdale,15252796,10148,24,-196
2026-08-30T00:07:09.293839+00:00,1788048428,11692,364 Langley Centre/Scottsdale,15252796,10585,25,-217
2026-08-30T00:07:09.293839+00:00,1788048428,11692,364 Langley Centre/Scottsdale,15252796,10250,26,-227
2026-08-30T00:07:09.293839+00:00,1788048428,11692,364 Langley Centre/Scottsdale,15252796,10588,27,-234
2026-08-30T00:07:09.293839+00:00,1788048428,11692,364 Langley Centre/Scottsdale,15252796,10248,28,-210
2026-08-30T00:07:09.293839+00:00,1788048428,11692,364 Langley Centre/Scottsdale,15252796,10726,29,-205
2026-08-30T00:07:09.293839+00:00,1788048428,11692,364 Langley Centre/Scottsdale,15252796,10725,30,-218
2026-08-30T00:07:09.293839+00:00,1788048428,11692,364 Langley Centre/Scottsdale,15252796,10727,31,-233
2026-08-30T00:07:09.293839+00:00,1788048428,11692,364 Langley Centre/Scottsdale,15252796,10251,32,-240
2026-08-30T00:07:09.293839+00:00,1788048428,11692,364 Langley Centre/Scottsdale,15252796,10252,33,-261
2026-08-30T00:07:09.293839+00:00,1788048428,11692,364 Langley Centre/Scottsdale,15252796,10253,34,-270
2026-08-30T00:07:09.293839+00:00,1788048428,11692,364 Langley Centre/Scottsdale,15252796,10255,35,-288
2026-08-30T00:07:09.293839+00:00,1788048428,11692,364 Langley Centre/Scottsdale,15252796,5332,36,-250
2026-08-30T00:07:09.293839+00:00,1788048428,11692,364 Langley Centre/Scottsdale,15252796,12497,37,-275
2026-08-30T00:07:09.293839+00:00,1788048428,11692,364 Langley Centre/Scottsdale,15252796,5334,38,-279
2026-08-30T00:07:09.293839+00:00,1788048428,11692,364 Langley Centre/Scottsdale,15252796,6472,39,-266
2026-08-30T00:07:09.293839+00:00,1788048428,11692,364 Langley Centre/Scottsdale,15252796,6473,40,-263
2026-08-30T00:07:09.293839+00:00,1788048428,11692,364 Langley Centre/Scottsdale,15252796,6474,41,-262
2026-08-30T00:07:09.293839+00:00,1788048428,11692,364 Langley Centre/Scottsdale,15252796,9306,42,-214
2026-08-30T00:07:09.293839+00:00,1788048428,11692,364 Langley Centre/Scottsdale,15252796,11125,43,-219
2026-08-30T00:07:09.293839+00:00,1788048428,11692,364 Langley Centre/Scottsdale,15252796,9294,44,-219
2026-08-30T00:07:09.293839+00:00,1788048428,11692,364 Langley Centre/Scottsdale,15252796,9293,45,-228
2026-08-30T00:07:09.293839+00:00,1788048428,11692,364 Langley Centre/Scottsdale,15252796,11126,46,-216
2026-08-30T00:07:09.293839+00:00,1788048428,11692,364 Langley Centre/Scottsdale,15252796,7094,47,-254
2026-08-30T00:07:09.293839+00:00,1788048428,11692,364 Langley Centre/Scottsdale,15252799,10726,29,-167
2026-08-30T00:07:09.293839+00:00,1788048428,11692,364 Langley Centre/Scottsdale,15252799,10725,30,-179
2026-08-30T00:07:09.293839+00:00,1788048428,11692,364 Langley Centre/Scottsdale,15252799,10727,31,-194
2026-08-30T00:07:09.293839+00:00,1788048428,11692,364 Langley Centre/Scottsdale,15252799,10251,32,-201
2026-08-30T00:07:09.293839+00:00,1788048428,11692,364 Langley Centre/Scottsdale,15252799,10252,33,-221
2026-08-30T00:07:09.293839+00:00,1788048428,11692,364 Langley Centre/Scottsdale,15252799,10253,34,-229
2026-08-30T00:07:09.293839+00:00,1788048428,11692,364 Langley Centre/Scottsdale,15252799,10255,35,-247
2026-08-30T00:07:09.293839+00:00,1788048428,11692,364 Langley Centre/Scottsdale,15252799,5332,36,-209
2026-08-30T00:07:09.293839+00:00,1788048428,11692,364 Langley Centre/Scottsdale,15252799,12497,37,-235
2026-08-30T00:07:09.293839+00:00,1788048428,11692,364 Langley Centre/Scottsdale,15252799,5334,38,-239
2026-08-30T00:07:09.293839+00:00,1788048428,11692,364 Langley Centre/Scottsdale,15252799,6472,39,-226
2026-08-30T00:07:09.293839+00:00,1788048428,11692,364 Langley Centre/Scottsdale,15252799,6473,40,-222
2026-08-30T00:07:09.293839+00:00,1788048428,11692,364 Langley Centre/Scottsdale,15252799,6474,41,-220
2026-08-30T00:07:09.293839+00:00,1788048428,11692,364 Langley Centre/Scottsdale,15252799,9306,42,-170
2026-08-30T00:07:09.293839+00:00,1788048428,11692,364 Langley Centre/Scottsdale,15252799,11125,43,-168
2026-08-30T00:07:09.293839+00:00,1788048428,11692,364 Langley Centre/Scottsdale,15252799,9294,44,-155
2026-08-30T00:07:09.293839+00:00,1788048428,11692,364 Langley Centre/Scottsdale,15252799,9293,45,-164
2026-08-30T00:07:09.293839+00:00,1788048428,11692,364 Langley Centre/Scottsdale,15252799,11126,46,-152
2026-08-30T00:07:09.293839+00:00,1788048428,11692,364 Langley Centre/Scottsdale,15252799,7094,47,-190
2026-08-30T00:07:09.293839+00:00,1788048428,11692,364 Langley Centre/Scottsdale,15252822,9547,26,287
2026-08-30T00:07:09.293839+00:00,1788048428,11692,364 Langley Centre/Scottsdale,15252822,9526,27,264
2026-08-30T00:07:09.293839+00:00,1788048428,11692,364 Langley Centre/Scottsdale,15252822,12646,28,253
2026-08-30T00:07:09.293839+00:00,1788048428,11692,364 Langley Centre/Scottsdale,15252822,11075,29,118
2026-08-30T00:07:09.293839+00:00,1788048428,11692,364 Langley Centre/Scottsdale,15252822,11174,30,97
2026-08-30T00:07:09.293839+00:00,1788048428,11692,364 Langley Centre/Scottsdale,15252822,11175,31,70
2026-08-30T00:07:09.293839+00:00,1788048428,11692,364 Langley Centre/Scottsdale,15252822,11123,32,90
2026-08-30T00:07:09.293839+00:00,1788048428,11692,364 Langley Centre/Scottsdale,15252822,11176,33,99
2026-08-30T00:07:09.293839+00:00,1788048428,11692,364 Langley Centre/Scottsdale,15252822,11177,34,73
2026-08-30T00:07:09.293839+00:00,1788048428,11692,364 Langley Centre/Scottsdale,15252822,11178,35,49
2026-08-30T00:07:09.293839+00:00,1788048428,11692,364 Langley Centre/Scottsdale,15252822,6459,36,158
2026-08-30T00:07:09.293839+00:00,1788048428,11692,364 Langley Centre/Scottsdale,15252822,6460,37,156
2026-08-30T00:07:09.293839+00:00,1788048428,11692,364 Langley Centre/Scottsdale,15252822,5621,38,164
2026-08-30T00:07:09.293839+00:00,1788048428,11692,364 Langley Centre/Scottsdale,15252822,5622,39,147
2026-08-30T00:07:09.293839+00:00,1788048428,11692,364 Langley Centre/Scottsdale,15252822,11122,40,185
2026-08-30T00:07:09.293839+00:00,1788048428,11692,364 Langley Centre/Scottsdale,15252822,11155,41,175
2026-08-30T00:07:09.293839+00:00,1788048428,11692,364 Langley Centre/Scottsdale,15252822,11143,42,175
2026-08-30T00:07:09.293839+00:00,1788048428,11692,364 Langley Centre/Scottsdale,15252822,11141,43,149
2026-08-30T00:07:09.293839+00:00,1788048428,11692,364 Langley Centre/Scottsdale,15252822,4936,44,176
2026-08-30T00:07:09.293839+00:00,1788048428,11692,364 Langley Centre/Scottsdale,15252822,4937,45,159
2026-08-30T00:07:09.293839+00:00,1788048428,11692,364 Langley Centre/Scottsdale,15252822,4938,46,138
2026-08-30T00:07:09.293839+00:00,1788048428,11692,364 Langley Centre/Scottsdale,15252822,5229,47,148
2026-08-30T00:07:09.293839+00:00,1788048428,11692,364 Langley Centre/Scottsdale,15252822,4917,48,223
2026-08-30T00:07:09.293839+00:00,1788048428,11692,364 Langley Centre/Scottsdale,15252824,12516,14,29
2026-08-30T00:07:09.293839+00:00,1788048428,11692,364 Langley Centre/Scottsdale,15252824,10257,15,-11
2026-08-30T00:07:09.293839+00:00,1788048428,11692,364 Langley Centre/Scottsdale,15252824,10258,16,-25
2026-08-30T00:07:09.293839+00:00,1788048428,11692,364 Langley Centre/Scottsdale,15252824,10259,17,-66
2026-08-30T00:07:09.293839+00:00,1788048428,11692,364 Langley Centre/Scottsdale,15252824,10260,18,0
2026-08-30T00:07:09.293839+00:00,1788048428,11692,364 Langley Centre/Scottsdale,15252824,10729,19,-42
2026-08-30T00:07:09.293839+00:00,1788048428,11692,364 Langley Centre/Scottsdale,15252824,13067,20,-63
2026-08-30T00:07:09.293839+00:00,1788048428,11692,364 Langley Centre/Scottsdale,15252824,10633,21,-87
2026-08-30T00:07:09.293839+00:00,1788048428,11692,364 Langley Centre/Scottsdale,15252824,10149,22,-52
2026-08-30T00:07:09.293839+00:00,1788048428,11692,364 Langley Centre/Scottsdale,15252824,10587,23,-69
2026-08-30T00:07:09.293839+00:00,1788048428,11692,364 Langley Centre/Scottsdale,15252824,10261,24,-98
2026-08-30T00:07:09.293839+00:00,1788048428,11692,364 Langley Centre/Scottsdale,15252824,10586,25,-131
2026-08-30T00:07:09.293839+00:00,1788048428,11692,364 Langley Centre/Scottsdale,15252824,9547,26,-112
2026-08-30T00:07:09.293839+00:00,1788048428,11692,364 Langley Centre/Scottsdale,15252824,9526,27,-136
2026-08-30T00:07:09.293839+00:00,1788048428,11692,364 Langley Centre/Scottsdale,15252824,12646,28,-146
2026-08-30T00:07:09.293839+00:00,1788048428,11692,364 Langley Centre/Scottsdale,15252824,11075,29,-281
2026-08-30T00:07:09.293839+00:00,1788048428,11692,364 Langley Centre/Scottsdale,15252824,11174,30,-302
2026-08-30T00:07:09.293839+00:00,1788048428,11692,364 Langley Centre/Scottsdale,15252824,11175,31,-328
2026-08-30T00:07:09.293839+00:00,1788048428,11692,364 Langley Centre/Scottsdale,15252824,11123,32,-307
2026-08-30T00:07:09.293839+00:00,1788048428,11692,364 Langley Centre/Scottsdale,15252824,11176,33,-298
2026-08-30T00:07:09.293839+00:00,1788048428,11692,364 Langley Centre/Scottsdale,15252824,11177,34,-323
2026-08-30T00:07:09.293839+00:00,1788048428,11692,364 Langley Centre/Scottsdale,15252824,11178,35,-346
2026-08-30T00:07:09.293839+00:00,1788048428,11692,364 Langley Centre/Scottsdale,15252824,6459,36,-236
2026-08-30T00:07:09.293839+00:00,1788048428,11692,364 Langley Centre/Scottsdale,15252824,6460,37,-238
2026-08-30T00:07:09.293839+00:00,1788048428,11692,364 Langley Centre/Scottsdale,15252824,5621,38,-230
2026-08-30T00:07:09.293839+00:00,1788048428,11692,364 Langley Centre/Scottsdale,15252824,5622,39,-247
2026-08-30T00:07:09.293839+00:00,1788048428,11692,364 Langley Centre/Scottsdale,15252824,11122,40,-209
2026-08-30T00:07:09.293839+00:00,1788048428,11692,364 Langley Centre/Scottsdale,15252824,11155,41,-219
2026-08-30T00:07:09.293839+00:00,1788048428,11692,364 Langley Centre/Scottsdale,15252824,11143,42,-219
2026-08-30T00:07:09.293839+00:00,1788048428,11692,364 Langley Centre/Scottsdale,15252824,11141,43,-245
2026-08-30T00:07:09.293839+00:00,1788048428,11692,364 Langley Centre/Scottsdale,15252824,4936,44,-218
2026-08-30T00:07:09.293839+00:00,1788048428,11692,364 Langley Centre/Scottsdale,15252824,4937,45,-228
2026-08-30T00:07:09.293839+00:00,1788048428,11692,364 Langley Centre/Scottsdale,15252824,4938,46,-245
2026-08-30T00:07:09.293839+00:00,1788048428,11692,364 Langley Centre/Scottsdale,15252824,5229,47,-232
2026-08-30T00:07:09.293839+00:00,1788048428,11692,364 Langley Centre/Scottsdale,15252824,4917,48,-158
2026-08-30T00:07:09.293839+00:00,1788048428,11692,364 Langley Centre/Scottsdale,15252825,7166,1,0
2026-08-30T00:07:09.293839+00:00,1788048428,11692,364 Langley Centre/Scottsdale,15252825,7096,2,0
2026-08-30T00:07:09.293839+00:00,1788048428,11692,364 Langley Centre/Scottsdale,15252825,7093,3,0
2026-08-30T00:07:09.293839+00:00,1788048428,11692,364 Langley Centre/Scottsdale,15252825,9291,4,0
2026-08-30T00:07:09.293839+00:00,1788048428,11692,364 Langley Centre/Scottsdale,15252825,9292,5,0
2026-08-30T00:07:09.293839+00:00,1788048428,11692,364 Langley Centre/Scottsdale,15252825,11264,6,0
2026-08-30T00:07:09.293839+00:00,1788048428,11692,364 Langley Centre/Scottsdale,15252825,9303,7,0
2026-08-30T00:07:09.293839+00:00,1788048428,11692,364 Langley Centre/Scottsdale,15252825,9304,8,0
2026-08-30T00:07:09.293839+00:00,1788048428,11692,364 Langley Centre/Scottsdale,15252825,6475,9,0
2026-08-30T00:07:09.293839+00:00,1788048428,11692,364 Langley Centre/Scottsdale,15252825,6476,10,0
2026-08-30T00:07:09.293839+00:00,1788048428,11692,364 Langley Centre/Scottsdale,15252825,5381,11,0
2026-08-30T00:07:09.293839+00:00,1788048428,11692,364 Langley Centre/Scottsdale,15252825,12496,12,0
2026-08-30T00:07:09.293839+00:00,1788048428,11692,364 Langley Centre/Scottsdale,15252825,5382,13,0
2026-08-30T00:07:09.293839+00:00,1788048428,11692,364 Langley Centre/Scottsdale,15252825,12516,14,0
2026-08-30T00:07:09.293839+00:00,1788048428,11692,364 Langley Centre/Scottsdale,15252825,10257,15,0
2026-08-30T00:07:09.293839+00:00,1788048428,11692,364 Langley Centre/Scottsdale,15252825,10258,16,0
2026-08-30T00:07:09.293839+00:00,1788048428,11692,364 Langley Centre/Scottsdale,15252825,10259,17,0
2026-08-30T00:07:09.293839+00:00,1788048428,11692,364 Langley Centre/Scottsdale,15252825,10260,18,0
2026-08-30T00:07:09.293839+00:00,1788048428,11692,364 Langley Centre/Scottsdale,15252825,10729,19,0
2026-08-30T00:07:09.293839+00:00,1788048428,11692,364 Langley Centre/Scottsdale,15252825,13067,20,0
2026-08-30T00:07:09.293839+00:00,1788048428,11692,364 Langley Centre/Scottsdale,15252825,10633,21,0
2026-08-30T00:07:09.293839+00:00,1788048428,11692,364 Langley Centre/Scottsdale,15252825,10149,22,0
2026-08-30T00:07:09.293839+00:00,1788048428,11692,364 Langley Centre/Scottsdale,15252825,10587,23,0
2026-08-30T00:07:09.293839+00:00,1788048428,11692,364 Langley Centre/Scottsdale,15252825,10261,24,0
2026-08-30T00:07:09.293839+00:00,1788048428,11692,364 Langley Centre/Scottsdale,15252825,10586,25,0
2026-08-30T00:07:09.293839+00:00,1788048428,11692,364 Langley Centre/Scottsdale,15252825,9547,26,0
2026-08-30T00:07:09.293839+00:00,1788048428,11692,364 Langley Centre/Scottsdale,15252825,9526,27,0
2026-08-30T00:07:09.293839+00:00,1788048428,11692,364 Langley Centre/Scottsdale,15252825,12646,28,0
2026-08-30T00:07:09.293839+00:00,1788048428,11692,364 Langley Centre/Scottsdale,15252825,11075,29,0
2026-08-30T00:07:09.293839+00:00,1788048428,11692,364 Langley Centre/Scottsdale,15252825,11174,30,0
2026-08-30T00:07:09.293839+00:00,1788048428,11692,364 Langley Centre/Scottsdale,15252825,11175,31,0
2026-08-30T00:07:09.293839+00:00,1788048428,11692,364 Langley Centre/Scottsdale,15252825,11123,32,0
2026-08-30T00:07:09.293839+00:00,1788048428,11692,364 Langley Centre/Scottsdale,15252825,11176,33,0
2026-08-30T00:07:09.293839+00:00,1788048428,11692,364 Langley Centre/Scottsdale,15252825,11177,34,0
2026-08-30T00:07:09.293839+00:00,1788048428,11692,364 Langley Centre/Scottsdale,15252825,11178,35,0
2026-08-30T00:07:09.293839+00:00,1788048428,11692,364 Langley Centre/Scottsdale,15252825,6459,36,0
2026-08-30T00:07:09.293839+00:00,1788048428,11692,364 Langley Centre/Scottsdale,15252825,6460,37,0
2026-08-30T00:07:09.293839+00:00,1788048428,11692,364 Langley Centre/Scottsdale,15252825,5621,38,0
2026-08-30T00:07:09.293839+00:00,1788048428,11692,364 Langley Centre/Scottsdale,15252825,5622,39,0
2026-08-30T00:07:09.293839+00:00,1788048428,11692,364 Langley Centre/Scottsdale,15252825,11122,40,0
2026-08-30T00:07:09.293839+00:00,1788048428,11692,364 Langley Centre/Scottsdale,15252825,11155,41,0
2026-08-30T00:07:09.293839+00:00,1788048428,11692,364 Langley Centre/Scottsdale,15252825,11143,42,0
2026-08-30T00:07:09.293839+00:00,1788048428,11692,364 Langley Centre/Scottsdale,15252825,11141,43,0
2026-08-30T00:07:09.293839+00:00,1788048428,11692,364 Langley Centre/Scottsdale,15252825,4936,44,0
2026-08-30T00:07:09.293839+00:00,1788048428,11692,364 Langley Centre/Scottsdale,15252825,4937,45,0
2026-08-30T00:07:09.293839+00:00,1788048428,11692,364 Langley Centre/Scottsdale,15252825,4938,46,0
2026-08-30T00:07:09.293839+00:00,1788048428,11692,364 Langley Centre/Scottsdale,15252825,5229,47,0
2026-08-30T00:07:09.293839+00:00,1788048428,11692,364 Langley Centre/Scottsdale,15252825,4917,48,0
2026-08-30T00:07:09.293839+00:00,1788048428,11692,364 Langley Centre/Scottsdale,15252840,4936,44,-264
2026-08-30T00:07:09.293839+00:00,1788048428,11692,364 Langley Centre/Scottsdale,15252840,4937,45,-279
2026-08-30T00:07:09.293839+00:00,1788048428,11692,364 Langley Centre/Scottsdale,15252840,4938,46,-299
2026-08-30T00:07:09.293839+00:00,1788048428,11692,364 Langley Centre/Scottsdale,15252840,5229,47,-286
2026-08-30T00:07:09.293839+00:00,1788048428,11692,364 Langley Centre/Scottsdale,15252840,4917,48,-211
2026-08-30T00:07:09.293839+00:00,1788048428,11692,364 Langley Centre/Scottsdale,15252841,7093,3,-407
2026-08-30T00:07:09.293839+00:00,1788048428,11692,364 Langley Centre/Scottsdale,15252841,9291,4,-518
2026-08-30T00:07:09.293839+00:00,1788048428,11692,364 Langley Centre/Scottsdale,15252841,9292,5,-527
2026-08-30T00:07:09.293839+00:00,1788048428,11692,364 Langley Centre/Scottsdale,15252841,11264,6,-523
2026-08-30T00:07:09.293839+00:00,1788048428,11692,364 Langley Centre/Scottsdale,15252841,9303,7,-516
2026-08-30T00:07:09.293839+00:00,1788048428,11692,364 Langley Centre/Scottsdale,15252841,9304,8,-525
2026-08-30T00:07:09.293839+00:00,1788048428,11692,364 Langley Centre/Scottsdale,15252841,6475,9,-485
2026-08-30T00:07:09.293839+00:00,1788048428,11692,364 Langley Centre/Scottsdale,15252841,6476,10,-509
2026-08-30T00:07:09.293839+00:00,1788048428,11692,364 Langley Centre/Scottsdale,15252841,5381,11,-520
2026-08-30T00:07:09.293839+00:00,1788048428,11692,364 Langley Centre/Scottsdale,15252841,12496,12,-519
2026-08-30T00:07:09.293839+00:00,1788048428,11692,364 Langley Centre/Scottsdale,15252841,5382,13,-540
2026-08-30T00:07:09.293839+00:00,1788048428,11692,364 Langley Centre/Scottsdale,15252841,12516,14,-412
2026-08-30T00:07:09.293839+00:00,1788048428,11692,364 Langley Centre/Scottsdale,15252841,10257,15,-452
2026-08-30T00:07:09.293839+00:00,1788048428,11692,364 Langley Centre/Scottsdale,15252841,10258,16,-465
2026-08-30T00:07:09.293839+00:00,1788048428,11692,364 Langley Centre/Scottsdale,15252841,10259,17,-507
2026-08-30T00:07:09.293839+00:00,1788048428,11692,364 Langley Centre/Scottsdale,15252841,10260,18,0
2026-08-30T00:07:09.293839+00:00,1788048428,11692,364 Langley Centre/Scottsdale,15252841,10729,19,-42
2026-08-30T00:07:09.293839+00:00,1788048428,11692,364 Langley Centre/Scottsdale,15252841,13067,20,-63
2026-08-30T00:07:09.293839+00:00,1788048428,11692,364 Langley Centre/Scottsdale,15252841,10633,21,-87
2026-08-30T00:07:09.293839+00:00,1788048428,11692,364 Langley Centre/Scottsdale,15252841,10149,22,-53
2026-08-30T00:07:09.293839+00:00,1788048428,11692,364 Langley Centre/Scottsdale,15252841,10587,23,-70
2026-08-30T00:07:09.293839+00:00,1788048428,11692,364 Langley Centre/Scottsdale,15252841,10261,24,-99
2026-08-30T00:07:09.293839+00:00,1788048428,11692,364 Langley Centre/Scottsdale,15252841,10586,25,-131
2026-08-30T00:07:09.293839+00:00,1788048428,11692,364 Langley Centre/Scottsdale,15252841,9547,26,-112
2026-08-30T00:07:09.293839+00:00,1788048428,11692,364 Langley Centre/Scottsdale,15252841,9526,27,-137
2026-08-30T00:07:09.293839+00:00,1788048428,11692,364 Langley Centre/Scottsdale,15252841,12646,28,-149
2026-08-30T00:07:09.293839+00:00,1788048428,11692,364 Langley Centre/Scottsdale,15252841,11075,29,-285
2026-08-30T00:07:09.293839+00:00,1788048428,11692,364 Langley Centre/Scottsdale,15252841,11174,30,-306
2026-08-30T00:07:09.293839+00:00,1788048428,11692,364 Langley Centre/Scottsdale,15252841,11175,31,-334
2026-08-30T00:07:09.293839+00:00,1788048428,11692,364 Langley Centre/Scottsdale,15252841,11123,32,-313
2026-08-30T00:07:09.293839+00:00,1788048428,11692,364 Langley Centre/Scottsdale,15252841,11176,33,-304
2026-08-30T00:07:09.293839+00:00,1788048428,11692,364 Langley Centre/Scottsdale,15252841,11177,34,-329
2026-08-30T00:07:09.293839+00:00,1788048428,11692,364 Langley Centre/Scottsdale,15252841,11178,35,-352
2026-08-30T00:07:09.293839+00:00,1788048428,11692,364 Langley Centre/Scottsdale,15252841,6459,36,-240
2026-08-30T00:07:09.293839+00:00,1788048428,11692,364 Langley Centre/Scottsdale,15252841,6460,37,-241
2026-08-30T00:07:09.293839+00:00,1788048428,11692,364 Langley Centre/Scottsdale,15252841,5621,38,-233
2026-08-30T00:07:09.293839+00:00,1788048428,11692,364 Langley Centre/Scottsdale,15252841,5622,39,-250
2026-08-30T00:07:09.293839+00:00,1788048428,11692,364 Langley Centre/Scottsdale,15252841,11122,40,-231
2026-08-30T00:07:09.293839+00:00,1788048428,11692,364 Langley Centre/Scottsdale,15252841,11155,41,-239
2026-08-30T00:07:09.293839+00:00,1788048428,11692,364 Langley Centre/Scottsdale,15252841,11143,42,-239
2026-08-30T00:07:09.293839+00:00,1788048428,11692,364 Langley Centre/Scottsdale,15252841,11141,43,-265
2026-08-30T00:07:09.293839+00:00,1788048428,11692,364 Langley Centre/Scottsdale,15252841,4936,44,-245
2026-08-30T00:07:09.293839+00:00,1788048428,11692,364 Langley Centre/Scottsdale,15252841,4937,45,-260
2026-08-30T00:07:09.293839+00:00,1788048428,11692,364 Langley Centre/Scottsdale,15252841,4938,46,-279
2026-08-30T00:07:09.293839+00:00,1788048428,11692,364 Langley Centre/Scottsdale,15252841,5229,47,-271
2026-08-30T00:07:09.293839+00:00,1788048428,11692,364 Langley Centre/Scottsdale,15252841,4917,48,-198
2026-08-30T00:07:09.293839+00:00,1788048428,18705,531 WhiteRock/WillowBrook,15259245,11264,49,-449
2026-08-30T00:07:09.293839+00:00,1788048428,18705,531 WhiteRock/WillowBrook,15259245,9303,50,-431
2026-08-30T00:07:09.293839+00:00,1788048428,18705,531 WhiteRock/WillowBrook,15259245,9304,51,-433
2026-08-30T00:07:09.293839+00:00,1788048428,18705,531 WhiteRock/WillowBrook,15259245,6475,52,-385
2026-08-30T00:07:09.293839+00:00,1788048428,18705,531 WhiteRock/WillowBrook,15259245,6476,53,-395
2026-08-30T00:07:09.293839+00:00,1788048428,18705,531 WhiteRock/WillowBrook,15259245,5335,54,-386
2026-08-30T00:07:09.293839+00:00,1788048428,18705,531 WhiteRock/WillowBrook,15259245,7100,55,-348
2026-08-30T00:07:09.293839+00:00,1788048428,18705,531 WhiteRock/WillowBrook,15259246,11743,14,314
2026-08-30T00:07:09.293839+00:00,1788048428,18705,531 WhiteRock/WillowBrook,15259246,12306,15,258
2026-08-30T00:07:09.293839+00:00,1788048428,18705,531 WhiteRock/WillowBrook,15259246,12218,16,216
2026-08-30T00:07:09.293839+00:00,1788048428,18705,531 WhiteRock/WillowBrook,15259246,11924,17,156
2026-08-30T00:07:09.293839+00:00,1788048428,18705,531 WhiteRock/WillowBrook,15259246,13131,18,122
2026-08-30T00:07:09.293839+00:00,1788048428,18705,531 WhiteRock/WillowBrook,15259246,11923,19,98
2026-08-30T00:07:09.293839+00:00,1788048428,18705,531 WhiteRock/WillowBrook,15259246,12597,20,32
2026-08-30T00:07:09.293839+00:00,1788048428,18705,531 WhiteRock/WillowBrook,15259246,11922,21,12
2026-08-30T00:07:09.293839+00:00,1788048428,18705,531 WhiteRock/WillowBrook,15259246,11744,22,18
2026-08-30T00:07:09.293839+00:00,1788048428,18705,531 WhiteRock/WillowBrook,15259246,11746,23,-6
2026-08-30T00:07:09.293839+00:00,1788048428,18705,531 WhiteRock/WillowBrook,15259246,11839,24,-5
2026-08-30T00:07:09.293839+00:00,1788048428,18705,531 WhiteRock/WillowBrook,15259246,12922,25,-41
2026-08-30T00:07:09.293839+00:00,1788048428,18705,531 WhiteRock/WillowBrook,15259246,12923,26,-77
2026-08-30T00:07:09.293839+00:00,1788048428,18705,531 WhiteRock/WillowBrook,15259246,12925,27,-86
2026-08-30T00:07:09.293839+00:00,1788048428,18705,531 WhiteRock/WillowBrook,15259246,12928,28,-114
2026-08-30T00:07:09.293839+00:00,1788048428,18705,531 WhiteRock/WillowBrook,15259246,12930,29,-135
2026-08-30T00:07:09.293839+00:00,1788048428,18705,531 WhiteRock/WillowBrook,15259246,13042,30,-158
2026-08-30T00:07:09.293839+00:00,1788048428,18705,531 WhiteRock/WillowBrook,15259246,8936,31,-156
2026-08-30T00:07:09.293839+00:00,1788048428,18705,531 WhiteRock/WillowBrook,15259246,9030,32,-166
2026-08-30T00:07:09.293839+00:00,1788048428,18705,531 WhiteRock/WillowBrook,15259246,8937,33,-183
2026-08-30T00:07:09.293839+00:00,1788048428,18705,531 WhiteRock/WillowBrook,15259246,8938,34,-181
2026-08-30T00:07:09.293839+00:00,1788048428,18705,531 WhiteRock/WillowBrook,15259246,7081,35,-184
2026-08-30T00:07:09.293839+00:00,1788048428,18705,531 WhiteRock/WillowBrook,15259246,7082,36,-189
2026-08-30T00:07:09.293839+00:00,1788048428,18705,531 WhiteRock/WillowBrook,15259246,7083,37,-212
2026-08-30T00:07:09.293839+00:00,1788048428,18705,531 WhiteRock/WillowBrook,15259246,7084,38,-228
2026-08-30T00:07:09.293839+00:00,1788048428,18705,531 WhiteRock/WillowBrook,15259246,7085,39,-256
2026-08-30T00:07:09.293839+00:00,1788048428,18705,531 WhiteRock/WillowBrook,15259246,8939,40,-266
2026-08-30T00:07:09.293839+00:00,1788048428,18705,531 WhiteRock/WillowBrook,15259246,7086,41,-276
2026-08-30T00:07:09.293839+00:00,1788048428,18705,531 WhiteRock/WillowBrook,15259246,8940,42,-299
2026-08-30T00:07:09.293839+00:00,1788048428,18705,531 WhiteRock/WillowBrook,15259246,5341,43,-304
2026-08-30T00:07:09.293839+00:00,1788048428,18705,531 WhiteRock/WillowBrook,15259246,5342,44,-297
2026-08-30T00:07:09.293839+00:00,1788048428,18705,531 WhiteRock/WillowBrook,15259246,12293,45,-284
2026-08-30T00:07:09.293839+00:00,1788048428,18705,531 WhiteRock/WillowBrook,15259246,12173,46,-217
2026-08-30T00:07:09.293839+00:00,1788048428,18705,531 WhiteRock/WillowBrook,15259246,9291,47,-251
2026-08-30T00:07:09.293839+00:00,1788048428,18705,531 WhiteRock/WillowBrook,15259246,9292,48,-252
2026-08-30T00:07:09.293839+00:00,1788048428,18705,531 WhiteRock/WillowBrook,15259246,11264,49,-235
2026-08-30T00:07:09.293839+00:00,1788048428,18705,531 WhiteRock/WillowBrook,15259246,9303,50,-219
2026-08-30T00:07:09.293839+00:00,1788048428,18705,531 WhiteRock/WillowBrook,15259246,9304,51,-220
2026-08-30T00:07:09.293839+00:00,1788048428,18705,531 WhiteRock/WillowBrook,15259246,6475,52,-171
2026-08-30T00:07:09.293839+00:00,1788048428,18705,531 WhiteRock/WillowBrook,15259246,6476,53,-171
2026-08-30T00:07:09.293839+00:00,1788048428,18705,531 WhiteRock/WillowBrook,15259246,5335,54,-160
2026-08-30T00:07:09.293839+00:00,1788048428,18705,531 WhiteRock/WillowBrook,15259246,7100,55,-119
2026-08-30T00:07:09.293839+00:00,1788048428,18705,531 WhiteRock/WillowBrook,15259282,12219,39,-93
2026-08-30T00:07:09.293839+00:00,1788048428,18705,531 WhiteRock/WillowBrook,15259282,11741,40,-208
2026-08-30T00:07:09.293839+00:00,1788048428,18705,531 WhiteRock/WillowBrook,15259282,11740,41,-214
2026-08-30T00:07:09.293839+00:00,1788048428,18705,531 WhiteRock/WillowBrook,15259282,11739,42,-170
2026-08-30T00:07:09.293839+00:00,1788048428,18705,531 WhiteRock/WillowBrook,15259282,11737,43,-124
2026-08-30T00:07:09.293839+00:00,1788048428,18705,531 WhiteRock/WillowBrook,15259282,11757,44,-144
2026-08-30T00:07:09.293839+00:00,1788048428,18705,531 WhiteRock/WillowBrook,15259282,11735,45,-108
2026-08-30T00:07:09.293839+00:00,1788048428,18705,531 WhiteRock/WillowBrook,15259282,11756,46,-101
2026-08-30T00:07:09.293839+00:00,1788048428,18705,531 WhiteRock/WillowBrook,15259282,5535,47,-68
2026-08-30T00:07:09.293839+00:00,1788048428,18705,531 WhiteRock/WillowBrook,15259282,5536,48,-84
2026-08-30T00:07:09.293839+00:00,1788048428,18705,531 WhiteRock/WillowBrook,15259282,5537,49,-82
2026-08-30T00:07:09.293839+00:00,1788048428,18705,531 WhiteRock/WillowBrook,15259282,5538,50,-87
2026-08-30T00:07:09.293839+00:00,1788048428,18705,531 WhiteRock/WillowBrook,15259282,5539,51,-68
2026-08-30T00:07:09.293839+00:00,1788048428,18705,531 WhiteRock/WillowBrook,15259282,5540,52,-52
2026-08-30T00:07:09.293839+00:00,1788048428,18705,531 WhiteRock/WillowBrook,15259283,11126,8,46
2026-08-30T00:07:09.293839+00:00,1788048428,18705,531 WhiteRock/WillowBrook,15259283,7094,9,18
2026-08-30T00:07:09.293839+00:00,1788048428,18705,531 WhiteRock/WillowBrook,15259283,7166,10,3
2026-08-30T00:07:09.293839+00:00,1788048428,18705,531 WhiteRock/WillowBrook,15259283,7092,11,55
2026-08-30T00:07:09.293839+00:00,1788048428,18705,531 WhiteRock/WillowBrook,15259283,10747,12,73
2026-08-30T00:07:09.293839+00:00,1788048428,18705,531 WhiteRock/WillowBrook,15259283,5364,13,79
2026-08-30T00:07:09.293839+00:00,1788048428,18705,531 WhiteRock/WillowBrook,15259283,11775,14,110
2026-08-30T00:07:09.293839+00:00,1788048428,18705,531 WhiteRock/WillowBrook,15259283,7171,15,92
2026-08-30T00:07:09.293839+00:00,1788048428,18705,531 WhiteRock/WillowBrook,15259283,7172,16,67
2026-08-30T00:07:09.293839+00:00,1788048428,18705,531 WhiteRock/WillowBrook,15259283,7173,17,61
2026-08-30T00:07:09.293839+00:00,1788048428,18705,531 WhiteRock/WillowBrook,15259283,7174,18,36
2026-08-30T00:07:09.293839+00:00,1788048428,18705,531 WhiteRock/WillowBrook,15259283,7175,19,28
2026-08-30T00:07:09.293839+00:00,1788048428,18705,531 WhiteRock/WillowBrook,15259283,7176,20,11
2026-08-30T00:07:09.293839+00:00,1788048428,18705,531 WhiteRock/WillowBrook,15259283,7177,21,21
2026-08-30T00:07:09.293839+00:00,1788048428,18705,531 WhiteRock/WillowBrook,15259283,8948,22,7
2026-08-30T00:07:09.293839+00:00,1788048428,18705,531 WhiteRock/WillowBrook,15259283,9031,23,-6
2026-08-30T00:07:09.293839+00:00,1788048428,18705,531 WhiteRock/WillowBrook,15259283,12931,24,-2
2026-08-30T00:07:09.293839+00:00,1788048428,18705,531 WhiteRock/WillowBrook,15259283,13041,25,-20
2026-08-30T00:07:09.293839+00:00,1788048428,18705,531 WhiteRock/WillowBrook,15259283,12929,26,-28
2026-08-30T00:07:09.293839+00:00,1788048428,18705,531 WhiteRock/WillowBrook,15259283,12927,27,-53
2026-08-30T00:07:09.293839+00:00,1788048428,18705,531 WhiteRock/WillowBrook,15259283,12926,28,-50
2026-08-30T00:07:09.293839+00:00,1788048428,18705,531 WhiteRock/WillowBrook,15259283,12924,29,-75
2026-08-30T00:07:09.293839+00:00,1788048428,18705,531 WhiteRock/WillowBrook,15259283,11751,30,-75
2026-08-30T00:07:09.293839+00:00,1788048428,18705,531 WhiteRock/WillowBrook,15259283,11750,31,-105
2026-08-30T00:07:09.293839+00:00,1788048428,18705,531 WhiteRock/WillowBrook,15259283,11747,32,-124
2026-08-30T00:07:09.293839+00:00,1788048428,18705,531 WhiteRock/WillowBrook,15259283,11745,33,-138
2026-08-30T00:07:09.293839+00:00,1788048428,18705,531 WhiteRock/WillowBrook,15259283,13040,34,-145
2026-08-30T00:07:09.293839+00:00,1788048428,18705,531 WhiteRock/WillowBrook,15259283,12598,35,-163
2026-08-30T00:07:09.293839+00:00,1788048428,18705,531 WhiteRock/WillowBrook,15259283,11920,36,-209
2026-08-30T00:07:09.293839+00:00,1788048428,18705,531 WhiteRock/WillowBrook,15259283,13130,37,-236
2026-08-30T00:07:09.293839+00:00,1788048428,18705,531 WhiteRock/WillowBrook,15259283,11925,38,-262
2026-08-30T00:07:09.293839+00:00,1788048428,18705,531 WhiteRock/WillowBrook,15259283,12219,39,-292
2026-08-30T00:07:09.293839+00:00,1788048428,18705,531 WhiteRock/WillowBrook,15259283,11741,40,-408
2026-08-30T00:07:09.293839+00:00,1788048428,18705,531 WhiteRock/WillowBrook,15259283,11740,41,-416
2026-08-30T00:07:09.293839+00:00,1788048428,18705,531 WhiteRock/WillowBrook,15259283,11739,42,-372
2026-08-30T00:07:09.293839+00:00,1788048428,18705,531 WhiteRock/WillowBrook,15259283,11737,43,-335
2026-08-30T00:07:09.293839+00:00,1788048428,18705,531 WhiteRock/WillowBrook,15259283,11757,44,-359
2026-08-30T00:07:09.293839+00:00,1788048428,18705,531 WhiteRock/WillowBrook,15259283,11735,45,-323
2026-08-30T00:07:09.293839+00:00,1788048428,18705,531 WhiteRock/WillowBrook,15259283,11756,46,-317
2026-08-30T00:07:09.293839+00:00,1788048428,18705,531 WhiteRock/WillowBrook,15259283,5535,47,-283
2026-08-30T00:07:09.293839+00:00,1788048428,18705,531 WhiteRock/WillowBrook,15259283,5536,48,-298
2026-08-30T00:07:09.293839+00:00,1788048428,18705,531 WhiteRock/WillowBrook,15259283,5537,49,-295
2026-08-30T00:07:09.293839+00:00,1788048428,18705,531 WhiteRock/WillowBrook,15259283,5538,50,-299
2026-08-30T00:07:09.293839+00:00,1788048428,18705,531 WhiteRock/WillowBrook,15259283,5539,51,-290
2026-08-30T00:07:09.293839+00:00,1788048428,18705,531 WhiteRock/WillowBrook,15259283,5540,52,-274
