captured_at,feed_timestamp,route_id,route_label,trip_id,stop_id,stop_sequence,delay_seconds
2026-08-02T00:01:05.871452+00:00,1785628857,6705,321 Surrey Central/WhiteRock,15247328,7213,57,65
2026-08-02T00:01:05.871452+00:00,1785628857,6705,321 Surrey Central/WhiteRock,15247329,5474,48,43
2026-08-02T00:01:05.871452+00:00,1785628857,6705,321 Surrey Central/WhiteRock,15247329,5475,49,1
2026-08-02T00:01:05.871452+00:00,1785628857,6705,321 Surrey Central/WhiteRock,15247329,5476,50,-15
2026-08-02T00:01:05.871452+00:00,1785628857,6705,321 Surrey Central/WhiteRock,15247329,5477,51,-34
2026-08-02T00:01:05.871452+00:00,1785628857,6705,321 Surrey Central/WhiteRock,15247329,11725,52,-58
2026-08-02T00:01:05.871452+00:00,1785628857,6705,321 Surrey Central/WhiteRock,15247329,5040,53,-36
2026-08-02T00:01:05.871452+00:00,1785628857,6705,321 Surrey Central/WhiteRock,15247329,5041,54,-29
2026-08-02T00:01:05.871452+00:00,1785628857,6705,321 Surrey Central/WhiteRock,15247329,12155,55,-17
2026-08-02T00:01:05.871452+00:00,1785628857,6705,321 Surrey Central/WhiteRock,15247329,9089,56,-7
2026-08-02T00:01:05.871452+00:00,1785628857,6705,321 Surrey Central/WhiteRock,15247329,7213,57,-15
2026-08-02T00:01:05.871452+00:00,1785628857,6705,321 Surrey Central/WhiteRock,15247330,5700,38,281
2026-08-02T00:01:05.871452+00:00,1785628857,6705,321 Surrey Central/WhiteRock,15247330,5465,39,299
2026-08-02T00:01:05.871452+00:00,1785628857,6705,321 Surrey Central/WhiteRock,15247330,5466,40,262
2026-08-02T00:01:05.871452+00:00,1785628857,6705,321 Surrey Central/WhiteRock,15247330,5467,41,306
2026-08-02T00:01:05.871452+00:00,1785628857,6705,321 Surrey Central/WhiteRock,15247330,5468,42,280
2026-08-02T00:01:05.871452+00:00,1785628857,6705,321 Surrey Central/WhiteRock,15247330,5469,43,239
2026-08-02T00:01:05.871452+00:00,1785628857,6705,321 Surrey Central/WhiteRock,15247330,5470,44,216
2026-08-02T00:01:05.871452+00:00,1785628857,6705,321 Surrey Central/WhiteRock,15247330,5471,45,184
2026-08-02T00:01:05.871452+00:00,1785628857,6705,321 Surrey Central/WhiteRock,15247330,5472,46,161
2026-08-02T00:01:05.871452+00:00,1785628857,6705,321 Surrey Central/WhiteRock,15247330,5473,47,116
2026-08-02T00:01:05.871452+00:00,1785628857,6705,321 Surrey Central/WhiteRock,15247330,5474,48,115
2026-08-02T00:01:05.871452+00:00,1785628857,6705,321 Surrey Central/WhiteRock,15247330,5475,49,73
2026-08-02T00:01:05.871452+00:00,1785628857,6705,321 Surrey Central/WhiteRock,15247330,5476,50,53
2026-08-02T00:01:05.871452+00:00,1785628857,6705,321 Surrey Central/WhiteRock,15247330,5477,51,35
2026-08-02T00:01:05.871452+00:00,1785628857,6705,321 Surrey Central/WhiteRock,15247330,11725,52,11
2026-08-02T00:01:05.871452+00:00,1785628857,6705,321 Surrey Central/WhiteRock,15247330,5040,53,33
2026-08-02T00:01:05.871452+00:00,1785628857,6705,321 Surrey Central/WhiteRock,15247330,5041,54,40
2026-08-02T00:01:05.871452+00:00,1785628857,6705,321 Surrey Central/WhiteRock,15247330,12155,55,52
2026-08-02T00:01:05.871452+00:00,1785628857,6705,321 Surrey Central/WhiteRock,15247330,9089,56,62
2026-08-02T00:01:05.871452+00:00,1785628857,6705,321 Surrey Central/WhiteRock,15247330,7213,57,53
2026-08-02T00:01:05.871452+00:00,1785628857,6705,321 Surrey Central/WhiteRock,15247331,5463,37,-416
2026-08-02T00:01:05.871452+00:00,1785628857,6705,321 Surrey Central/WhiteRock,15247331,5700,38,0
2026-08-02T00:01:05.871452+00:00,1785628857,6705,321 Surrey Central/WhiteRock,15247331,5465,39,14
2026-08-02T00:01:05.871452+00:00,1785628857,6705,321 Surrey Central/WhiteRock,15247331,5466,40,-23
2026-08-02T00:01:05.871452+00:00,1785628857,6705,321 Surrey Central/WhiteRock,15247331,5467,41,21
2026-08-02T00:01:05.871452+00:00,1785628857,6705,321 Surrey Central/WhiteRock,15247331,5468,42,-5
2026-08-02T00:01:05.871452+00:00,1785628857,6705,321 Surrey Central/WhiteRock,15247331,5469,43,-35
2026-08-02T00:01:05.871452+00:00,1785628857,6705,321 Surrey Central/WhiteRock,15247331,5470,44,-57
2026-08-02T00:01:05.871452+00:00,1785628857,6705,321 Surrey Central/WhiteRock,15247331,5471,45,-89
2026-08-02T00:01:05.871452+00:00,1785628857,6705,321 Surrey Central/WhiteRock,15247331,5472,46,-109
2026-08-02T00:01:05.871452+00:00,1785628857,6705,321 Surrey Central/WhiteRock,15247331,5473,47,-154
2026-08-02T00:01:05.871452+00:00,1785628857,6705,321 Surrey Central/WhiteRock,15247331,5474,48,-156
2026-08-02T00:01:05.871452+00:00,1785628857,6705,321 Surrey Central/WhiteRock,15247331,5475,49,-198
2026-08-02T00:01:05.871452+00:00,1785628857,6705,321 Surrey Central/WhiteRock,15247331,5476,50,-213
2026-08-02T00:01:05.871452+00:00,1785628857,6705,321 Surrey Central/WhiteRock,15247331,5477,51,-231
2026-08-02T00:01:05.871452+00:00,1785628857,6705,321 Surrey Central/WhiteRock,15247331,11725,52,-256
2026-08-02T00:01:05.871452+00:00,1785628857,6705,321 Surrey Central/WhiteRock,15247331,5040,53,-235
2026-08-02T00:01:05.871452+00:00,1785628857,6705,321 Surrey Central/WhiteRock,15247331,5041,54,-228
2026-08-02T00:01:05.871452+00:00,1785628857,6705,321 Surrey Central/WhiteRock,15247331,12155,55,-216
2026-08-02T00:01:05.871452+00:00,1785628857,6705,321 Surrey Central/WhiteRock,15247331,9089,56,-206
2026-08-02T00:01:05.871452+00:00,1785628857,6705,321 Surrey Central/WhiteRock,15247331,7213,57,-215
2026-08-02T00:01:05.871452+00:00,1785628857,6705,321 Surrey Central/WhiteRock,15247332,10437,22,236
2026-08-02T00:01:05.871452+00:00,1785628857,6705,321 Surrey Central/WhiteRock,15247332,5449,23,191
2026-08-02T00:01:05.871452+00:00,1785628857,6705,321 Surrey Central/WhiteRock,15247332,11313,24,157
2026-08-02T00:01:05.871452+00:00,1785628857,6705,321 Surrey Central/WhiteRock,15247332,10808,25,28
2026-08-02T00:01:05.871452+00:00,1785628857,6705,321 Surrey Central/WhiteRock,15247332,5452,26,-83
2026-08-02T00:01:05.871452+00:00,1785628857,6705,321 Surrey Central/WhiteRock,15247332,11913,27,-95
2026-08-02T00:01:05.871452+00:00,1785628857,6705,321 Surrey Central/WhiteRock,15247332,5454,28,-101
2026-08-02T00:01:05.871452+00:00,1785628857,6705,321 Surrey Central/WhiteRock,15247332,5455,29,-104
2026-08-02T00:01:05.871452+00:00,1785628857,6705,321 Surrey Central/WhiteRock,15247332,5456,30,-52
2026-08-02T00:01:05.871452+00:00,1785628857,6705,321 Surrey Central/WhiteRock,15247332,12651,31,-74
2026-08-02T00:01:05.871452+00:00,1785628857,6705,321 Surrey Central/WhiteRock,15247332,5458,32,-68
2026-08-02T00:01:05.871452+00:00,1785628857,6705,321 Surrey Central/WhiteRock,15247332,5459,33,-56
2026-08-02T00:01:05.871452+00:00,1785628857,6705,321 Surrey Central/WhiteRock,15247332,5460,34,-61
2026-08-02T00:01:05.871452+00:00,1785628857,6705,321 Surrey Central/WhiteRock,15247332,5461,35,-67
2026-08-02T00:01:05.871452+00:00,1785628857,6705,321 Surrey Central/WhiteRock,15247332,5462,36,-71
2026-08-02T00:01:05.871452+00:00,1785628857,6705,321 Surrey Central/WhiteRock,15247332,5463,37,-15
2026-08-02T00:01:05.871452+00:00,1785628857,6705,321 Surrey Central/WhiteRock,15247332,5700,38,105
2026-08-02T00:01:05.871452+00:00,1785628857,6705,321 Surrey Central/WhiteRock,15247332,5465,39,119
2026-08-02T00:01:05.871452+00:00,1785628857,6705,321 Surrey Central/WhiteRock,15247332,5466,40,80
2026-08-02T00:01:05.871452+00:00,1785628857,6705,321 Surrey Central/WhiteRock,15247332,5467,41,124
2026-08-02T00:01:05.871452+00:00,1785628857,6705,321 Surrey Central/WhiteRock,15247332,5468,42,98
2026-08-02T00:01:05.871452+00:00,1785628857,6705,321 Surrey Central/WhiteRock,15247332,5469,43,87
2026-08-02T00:01:05.871452+00:00,1785628857,6705,321 Surrey Central/WhiteRock,15247332,5470,44,65
2026-08-02T00:01:05.871452+00:00,1785628857,6705,321 Surrey Central/WhiteRock,15247332,5471,45,33
2026-08-02T00:01:05.871452+00:00,1785628857,6705,321 Surrey Central/WhiteRock,15247332,5472,46,13
2026-08-02T00:01:05.871452+00:00,1785628857,6705,321 Surrey Central/WhiteRock,15247332,5473,47,-32
2026-08-02T00:01:05.871452+00:00,1785628857,6705,321 Surrey Central/WhiteRock,15247332,5474,48,-33
2026-08-02T00:01:05.871452+00:00,1785628857,6705,321 Surrey Central/WhiteRock,15247332,5475,49,-75
2026-08-02T00:01:05.871452+00:00,1785628857,6705,321 Surrey Central/WhiteRock,15247332,5476,50,-91
2026-08-02T00:01:05.871452+00:00,1785628857,6705,321 Surrey Central/WhiteRock,15247332,5477,51,-109
2026-08-02T00:01:05.871452+00:00,1785628857,6705,321 Surrey Central/WhiteRock,15247332,11725,52,-134
2026-08-02T00:01:05.871452+00:00,1785628857,6705,321 Surrey Central/WhiteRock,15247332,5040,53,-116
2026-08-02T00:01:05.871452+00:00,1785628857,6705,321 Surrey Central/WhiteRock,15247332,5041,54,-109
2026-08-02T00:01:05.871452+00:00,1785628857,6705,321 Surrey Central/WhiteRock,15247332,12155,55,-98
2026-08-02T00:01:05.871452+00:00,1785628857,6705,321 Surrey Central/WhiteRock,15247332,9089,56,-87
2026-08-02T00:01:05.871452+00:00,1785628857,6705,321 Surrey Central/WhiteRock,15247332,7213,57,-97
2026-08-02T00:01:05.871452+00:00,1785628857,6705,321 Surrey Central/WhiteRock,15247333,5440,13,150
2026-08-02T00:01:05.871452+00:00,1785628857,6705,321 Surrey Central/WhiteRock,15247333,5441,14,179
2026-08-02T00:01:05.871452+00:00,1785628857,6705,321 Surrey Central/WhiteRock,15247333,5442,15,160
2026-08-02T00:01:05.871452+00:00,1785628857,6705,321 Surrey Central/WhiteRock,15247333,5444,16,172
2026-08-02T00:01:05.871452+00:00,1785628857,6705,321 Surrey Central/WhiteRock,15247333,9083,17,149
2026-08-02T00:01:05.871452+00:00,1785628857,6705,321 Surrey Central/WhiteRock,15247333,5446,18,163
2026-08-02T00:01:05.871452+00:00,1785628857,6705,321 Surrey Central/WhiteRock,15247333,10445,19,159
2026-08-02T00:01:05.871452+00:00,1785628857,6705,321 Surrey Central/WhiteRock,15247333,5447,20,130
2026-08-02T00:01:05.871452+00:00,1785628857,6705,321 Surrey Central/WhiteRock,15247333,5448,21,137
2026-08-02T00:01:05.871452+00:00,1785628857,6705,321 Surrey Central/WhiteRock,15247333,10437,22,127
2026-08-02T00:01:05.871452+00:00,1785628857,6705,321 Surrey Central/WhiteRock,15247333,5449,23,82
2026-08-02T00:01:05.871452+00:00,1785628857,6705,321 Surrey Central/WhiteRock,15247333,11313,24,48
2026-08-02T00:01:05.871452+00:00,1785628857,6705,321 Surrey Central/WhiteRock,15247333,10808,25,-82
2026-08-02T00:01:05.871452+00:00,1785628857,6705,321 Surrey Central/WhiteRock,15247333,5452,26,-193
2026-08-02T00:01:05.871452+00:00,1785628857,6705,321 Surrey Central/WhiteRock,15247333,11913,27,-205
2026-08-02T00:01:05.871452+00:00,1785628857,6705,321 Surrey Central/WhiteRock,15247333,5454,28,-211
2026-08-02T00:01:05.871452+00:00,1785628857,6705,321 Surrey Central/WhiteRock,15247333,5455,29,-214
2026-08-02T00:01:05.871452+00:00,1785628857,6705,321 Surrey Central/WhiteRock,15247333,5456,30,-162
2026-08-02T00:01:05.871452+00:00,1785628857,6705,321 Surrey Central/WhiteRock,15247333,12651,31,-184
2026-08-02T00:01:05.871452+00:00,1785628857,6705,321 Surrey Central/WhiteRock,15247333,5458,32,-178
2026-08-02T00:01:05.871452+00:00,1785628857,6705,321 Surrey Central/WhiteRock,15247333,5459,33,-166
2026-08-02T00:01:05.871452+00:00,1785628857,6705,321 Surrey Central/WhiteRock,15247333,5460,34,-172
2026-08-02T00:01:05.871452+00:00,1785628857,6705,321 Surrey Central/WhiteRock,15247333,5461,35,-178
2026-08-02T00:01:05.871452+00:00,1785628857,6705,321 Surrey Central/WhiteRock,15247333,5462,36,-182
2026-08-02T00:01:05.871452+00:00,1785628857,6705,321 Surrey Central/WhiteRock,15247333,5463,37,-125
2026-08-02T00:01:05.871452+00:00,1785628857,6705,321 Surrey Central/WhiteRock,15247333,5700,38,0
2026-08-02T00:01:05.871452+00:00,1785628857,6705,321 Surrey Central/WhiteRock,15247333,5465,39,14
2026-08-02T00:01:05.871452+00:00,1785628857,6705,321 Surrey Central/WhiteRock,15247333,5466,40,-25
2026-08-02T00:01:05.871452+00:00,1785628857,6705,321 Surrey Central/WhiteRock,15247333,5467,41,19
2026-08-02T00:01:05.871452+00:00,1785628857,6705,321 Surrey Central/WhiteRock,15247333,5468,42,-7
2026-08-02T00:01:05.871452+00:00,1785628857,6705,321 Surrey Central/WhiteRock,15247333,5469,43,-34
2026-08-02T00:01:05.871452+00:00,1785628857,6705,321 Surrey Central/WhiteRock,15247333,5470,44,-56
2026-08-02T00:01:05.871452+00:00,1785628857,6705,321 Surrey Central/WhiteRock,15247333,5471,45,-88
2026-08-02T00:01:05.871452+00:00,1785628857,6705,321 Surrey Central/WhiteRock,15247333,5472,46,-108
2026-08-02T00:01:05.871452+00:00,1785628857,6705,321 Surrey Central/WhiteRock,15247333,5473,47,-153
2026-08-02T00:01:05.871452+00:00,1785628857,6705,321 Surrey Central/WhiteRock,15247333,5474,48,-154
2026-08-02T00:01:05.871452+00:00,1785628857,6705,321 Surrey Central/WhiteRock,15247333,5475,49,-196
2026-08-02T00:01:05.871452+00:00,1785628857,6705,321 Surrey Central/WhiteRock,15247333,5476,50,-211
2026-08-02T00:01:05.871452+00:00,1785628857,6705,321 Surrey Central/WhiteRock,15247333,5477,51,-229
2026-08-02T00:01:05.871452+00:00,1785628857,6705,321 Surrey Central/WhiteRock,15247333,11725,52,-254
2026-08-02T00:01:05.871452+00:00,1785628857,6705,321 Surrey Central/WhiteRock,15247333,5040,53,-239
2026-08-02T00:01:05.871452+00:00,1785628857,6705,321 Surrey Central/WhiteRock,15247333,5041,54,-232
2026-08-02T00:01:05.871452+00:00,1785628857,6705,321 Surrey Central/WhiteRock,15247333,12155,55,-221
2026-08-02T00:01:05.871452+00:00,1785628857,6705,321 Surrey Central/WhiteRock,15247333,9089,56,-210
2026-08-02T00:01:05.871452+00:00,1785628857,6705,321 Surrey Central/WhiteRock,15247333,7213,57,-220
2026-08-02T00:01:05.871452+00:00,1785628857,6705,321 Surrey Central/WhiteRock,15247334,6197,1,0
2026-08-02T00:01:05.871452+00:00,1785628857,6705,321 Surrey Central/WhiteRock,15247334,6354,6,-136
2026-08-02T00:01:05.871452+00:00,1785628857,6705,321 Surrey Central/WhiteRock,15247334,6355,7,-147
2026-08-02T00:01:05.871452+00:00,1785628857,6705,321 Surrey Central/WhiteRock,15247334,6356,8,-60
2026-08-02T00:01:05.871452+00:00,1785628857,6705,321 Surrey Central/WhiteRock,15247334,6174,9,-5
2026-08-02T00:01:05.871452+00:00,1785628857,6705,321 Surrey Central/WhiteRock,15247334,5437,10,18
2026-08-02T00:01:05.871452+00:00,1785628857,6705,321 Surrey Central/WhiteRock,15247334,5438,11,13
2026-08-02T00:01:05.871452+00:00,1785628857,6705,321 Surrey Central/WhiteRock,15247334,5439,12,19
2026-08-02T00:01:05.871452+00:00,1785628857,6705,321 Surrey Central/WhiteRock,15247334,5440,13,8
2026-08-02T00:01:05.871452+00:00,1785628857,6705,321 Surrey Central/WhiteRock,15247334,5441,14,53
2026-08-02T00:01:05.871452+00:00,1785628857,6705,321 Surrey Central/WhiteRock,15247334,5442,15,36
2026-08-02T00:01:05.871452+00:00,1785628857,6705,321 Surrey Central/WhiteRock,15247334,5444,16,45
2026-08-02T00:01:05.871452+00:00,1785628857,6705,321 Surrey Central/WhiteRock,15247334,9083,17,23
2026-08-02T00:01:05.871452+00:00,1785628857,6705,321 Surrey Central/WhiteRock,15247334,5446,18,35
2026-08-02T00:01:05.871452+00:00,1785628857,6705,321 Surrey Central/WhiteRock,15247334,10445,19,36
2026-08-02T00:01:05.871452+00:00,1785628857,6705,321 Surrey Central/WhiteRock,15247334,5447,20,8
2026-08-02T00:01:05.871452+00:00,1785628857,6705,321 Surrey Central/WhiteRock,15247334,5448,21,16
2026-08-02T00:01:05.871452+00:00,1785628857,6705,321 Surrey Central/WhiteRock,15247334,10437,22,6
2026-08-02T00:01:05.871452+00:00,1785628857,6705,321 Surrey Central/WhiteRock,15247334,5449,23,-39
2026-08-02T00:01:05.871452+00:00,1785628857,6705,321 Surrey Central/WhiteRock,15247334,11313,24,-73
2026-08-02T00:01:05.871452+00:00,1785628857,6705,321 Surrey Central/WhiteRock,15247334,10808,25,-203
2026-08-02T00:01:05.871452+00:00,1785628857,6705,321 Surrey Central/WhiteRock,15247334,5452,26,-314
2026-08-02T00:01:05.871452+00:00,1785628857,6705,321 Surrey Central/WhiteRock,15247334,11913,27,-326
2026-08-02T00:01:05.871452+00:00,1785628857,6705,321 Surrey Central/WhiteRock,15247334,5454,28,-332
2026-08-02T00:01:05.871452+00:00,1785628857,6705,321 Surrey Central/WhiteRock,15247334,5455,29,-335
2026-08-02T00:01:05.871452+00:00,1785628857,6705,321 Surrey Central/WhiteRock,15247334,5456,30,-284
2026-08-02T00:01:05.871452+00:00,1785628857,6705,321 Surrey Central/WhiteRock,15247334,12651,31,-306
2026-08-02T00:01:05.871452+00:00,1785628857,6705,321 Surrey Central/WhiteRock,15247334,5458,32,-300
2026-08-02T00:01:05.871452+00:00,1785628857,6705,321 Surrey Central/WhiteRock,15247334,5459,33,-289
2026-08-02T00:01:05.871452+00:00,1785628857,6705,321 Surrey Central/WhiteRock,15247334,5460,34,-295
2026-08-02T00:01:05.871452+00:00,1785628857,6705,321 Surrey Central/WhiteRock,15247334,5461,35,-301
2026-08-02T00:01:05.871452+00:00,1785628857,6705,321 Surrey Central/WhiteRock,15247334,5462,36,-305
2026-08-02T00:01:05.871452+00:00,1785628857,6705,321 Surrey Central/WhiteRock,15247334,5463,37,-253
2026-08-02T00:01:05.871452+00:00,1785628857,6705,321 Surrey Central/WhiteRock,15247334,5700,38,0
2026-08-02T00:01:05.871452+00:00,1785628857,6705,321 Surrey Central/WhiteRock,15247334,5465,39,18
2026-08-02T00:01:05.871452+00:00,1785628857,6705,321 Surrey Central/WhiteRock,15247334,5466,40,-21
2026-08-02T00:01:05.871452+00:00,1785628857,6705,321 Surrey Central/WhiteRock,15247334,5467,41,23
2026-08-02T00:01:05.871452+00:00,1785628857,6705,321 Surrey Central/WhiteRock,15247334,5468,42,-3
2026-08-02T00:01:05.871452+00:00,1785628857,6705,321 Surrey Central/WhiteRock,15247334,5469,43,-38
2026-08-02T00:01:05.871452+00:00,1785628857,6705,321 Surrey Central/WhiteRock,15247334,5470,44,-60
2026-08-02T00:01:05.871452+00:00,1785628857,6705,321 Surrey Central/WhiteRock,15247334,5471,45,-91
2026-08-02T00:01:05.871452+00:00,1785628857,6705,321 Surrey Central/WhiteRock,15247334,5472,46,-114
2026-08-02T00:01:05.871452+00:00,1785628857,6705,321 Surrey Central/WhiteRock,15247334,5473,47,-159
2026-08-02T00:01:05.871452+00:00,1785628857,6705,321 Surrey Central/WhiteRock,15247334,5474,48,-159
2026-08-02T00:01:05.871452+00:00,1785628857,6705,321 Surrey Central/WhiteRock,15247334,5475,49,-201
2026-08-02T00:01:05.871452+00:00,1785628857,6705,321 Surrey Central/WhiteRock,15247334,5476,50,-220
2026-08-02T00:01:05.871452+00:00,1785628857,6705,321 Surrey Central/WhiteRock,15247334,5477,51,-239
2026-08-02T00:01:05.871452+00:00,1785628857,6705,321 Surrey Central/WhiteRock,15247334,11725,52,-264
2026-08-02T00:01:05.871452+00:00,1785628857,6705,321 Surrey Central/WhiteRock,15247334,5040,53,-248
2026-08-02T00:01:05.871452+00:00,1785628857,6705,321 Surrey Central/WhiteRock,15247334,5041,54,-241
2026-08-02T00:01:05.871452+00:00,1785628857,6705,321 Surrey Central/WhiteRock,15247334,12155,55,-230
2026-08-02T00:01:05.871452+00:00,1785628857,6705,321 Surrey Central/WhiteRock,15247334,9089,56,-219
2026-08-02T00:01:05.871452+00:00,1785628857,6705,321 Surrey Central/WhiteRock,15247334,7213,57,-229
2026-08-02T00:01:05.871452+00:00,1785628857,6705,321 Surrey Central/WhiteRock,15247374,5046,2,-592
2026-08-02T00:01:05.871452+00:00,1785628857,6705,321 Surrey Central/WhiteRock,15247374,5047,3,-592
2026-08-02T00:01:05.871452+00:00,1785628857,6705,321 Surrey Central/WhiteRock,15247374,8566,4,-619
2026-08-02T00:01:05.871452+00:00,1785628857,6705,321 Surrey Central/WhiteRock,15247374,12916,5,-604
2026-08-02T00:01:05.871452+00:00,1785628857,6705,321 Surrey Central/WhiteRock,15247374,5049,6,-611
2026-08-02T00:01:05.871452+00:00,1785628857,6705,321 Surrey Central/WhiteRock,15247374,5039,7,-608
2026-08-02T00:01:05.871452+00:00,1785628857,6705,321 Surrey Central/WhiteRock,15247374,8351,8,-626
2026-08-02T00:01:05.871452+00:00,1785628857,6705,321 Surrey Central/WhiteRock,15247374,5496,9,-679
2026-08-02T00:01:05.871452+00:00,1785628857,6705,321 Surrey Central/WhiteRock,15247374,5497,10,-716
2026-08-02T00:01:05.871452+00:00,1785628857,6705,321 Surrey Central/WhiteRock,15247374,5498,11,-727
2026-08-02T00:01:05.871452+00:00,1785628857,6705,321 Surrey Central/WhiteRock,15247374,5499,12,-761
2026-08-02T00:01:05.871452+00:00,1785628857,6705,321 Surrey Central/WhiteRock,15247374,5500,13,-769
2026-08-02T00:01:05.871452+00:00,1785628857,6705,321 Surrey Central/WhiteRock,15247374,5501,14,-792
2026-08-02T00:01:05.871452+00:00,1785628857,6705,321 Surrey Central/WhiteRock,15247374,5502,15,-801
2026-08-02T00:01:05.871452+00:00,1785628857,6705,321 Surrey Central/WhiteRock,15247374,5503,16,-808
2026-08-02T00:01:05.871452+00:00,1785628857,6705,321 Surrey Central/WhiteRock,15247374,5504,17,-854
2026-08-02T00:01:05.871452+00:00,1785628857,6705,321 Surrey Central/WhiteRock,15247374,5505,18,-834
2026-08-02T00:01:05.871452+00:00,1785628857,6705,321 Surrey Central/WhiteRock,15247374,5507,19,-842
2026-08-02T00:01:05.871452+00:00,1785628857,6705,321 Surrey Central/WhiteRock,15247374,5633,20,0
2026-08-02T00:01:05.871452+00:00,1785628857,6705,321 Surrey Central/WhiteRock,15247374,5510,21,44
2026-08-02T00:01:05.871452+00:00,1785628857,6705,321 Surrey Central/WhiteRock,15247374,5511,22,37
2026-08-02T00:01:05.871452+00:00,1785628857,6705,321 Surrey Central/WhiteRock,15247374,5512,23,32
2026-08-02T00:01:05.871452+00:00,1785628857,6705,321 Surrey Central/WhiteRock,15247374,5513,24,25
2026-08-02T00:01:05.871452+00:00,1785628857,6705,321 Surrey Central/WhiteRock,15247374,5514,25,93
2026-08-02T00:01:05.871452+00:00,1785628857,6705,321 Surrey Central/WhiteRock,15247374,5515,26,87
2026-08-02T00:01:05.871452+00:00,1785628857,6705,321 Surrey Central/WhiteRock,15247374,5516,27,95
2026-08-02T00:01:05.871452+00:00,1785628857,6705,321 Surrey Central/WhiteRock,15247374,5517,28,113
2026-08-02T00:01:05.871452+00:00,1785628857,6705,321 Surrey Central/WhiteRock,15247374,5518,29,118
2026-08-02T00:01:05.871452+00:00,1785628857,6705,321 Surrey Central/WhiteRock,15247374,5519,30,99
2026-08-02T00:01:05.871452+00:00,1785628857,6705,321 Surrey Central/WhiteRock,15247374,5520,31,88
2026-08-02T00:01:05.871452+00:00,1785628857,6705,321 Surrey Central/WhiteRock,15247374,5521,32,-105
2026-08-02T00:01:05.871452+00:00,1785628857,6705,321 Surrey Central/WhiteRock,15247374,5522,33,-231
2026-08-02T00:01:05.871452+00:00,1785628857,6705,321 Surrey Central/WhiteRock,15247374,5523,34,-265
2026-08-02T00:01:05.871452+00:00,1785628857,6705,321 Surrey Central/WhiteRock,15247374,6466,35,-279
2026-08-02T00:01:05.871452+00:00,1785628857,6705,321 Surrey Central/WhiteRock,15247374,5524,36,-268
2026-08-02T00:01:05.871452+00:00,1785628857,6705,321 Surrey Central/WhiteRock,15247374,5525,37,-292
2026-08-02T00:01:05.871452+00:00,1785628857,6705,321 Surrey Central/WhiteRock,15247374,10443,38,-310
2026-08-02T00:01:05.871452+00:00,1785628857,6705,321 Surrey Central/WhiteRock,15247374,5528,39,-307
2026-08-02T00:01:05.871452+00:00,1785628857,6705,321 Surrey Central/WhiteRock,15247374,5529,40,-327
2026-08-02T00:01:05.871452+00:00,1785628857,6705,321 Surrey Central/WhiteRock,15247374,5530,41,-340
2026-08-02T00:01:05.871452+00:00,1785628857,6705,321 Surrey Central/WhiteRock,15247374,5533,42,-336
2026-08-02T00:01:05.871452+00:00,1785628857,6705,321 Surrey Central/WhiteRock,15247374,5534,43,-353
2026-08-02T00:01:05.871452+00:00,1785628857,6705,321 Surrey Central/WhiteRock,15247374,5535,44,-341
2026-08-02T00:01:05.871452+00:00,1785628857,6705,321 Surrey Central/WhiteRock,15247374,5536,45,-361
2026-08-02T00:01:05.871452+00:00,1785628857,6705,321 Surrey Central/WhiteRock,15247374,5537,46,-347
2026-08-02T00:01:05.871452+00:00,1785628857,6705,321 Surrey Central/WhiteRock,15247374,5538,47,-351
2026-08-02T00:01:05.871452+00:00,1785628857,6705,321 Surrey Central/WhiteRock,15247374,5541,48,-324
2026-08-02T00:01:05.871452+00:00,1785628857,6705,321 Surrey Central/WhiteRock,15247374,5542,49,-307
2026-08-02T00:01:05.871452+00:00,1785628857,6705,321 Surrey Central/WhiteRock,15247374,6195,50,-271
2026-08-02T00:01:05.871452+00:00,1785628857,6705,321 Surrey Central/WhiteRock,15247443,6195,50,64
2026-08-02T00:01:05.871452+00:00,1785628857,6705,321 Surrey Central/WhiteRock,15247444,5541,48,-463
2026-08-02T00:01:05.871452+00:00,1785628857,6705,321 Surrey Central/WhiteRock,15247444,5542,49,-444
2026-08-02T00:01:05.871452+00:00,1785628857,6705,321 Surrey Central/WhiteRock,15247444,6195,50,-408
2026-08-02T00:01:05.871452+00:00,1785628857,6705,321 Surrey Central/WhiteRock,15247444,5541,48,-463
2026-08-02T00:01:05.871452+00:00,1785628857,6705,321 Surrey Central/WhiteRock,15247444,5542,49,-444
2026-08-02T00:01:05.871452+00:00,1785628857,6705,321 Surrey Central/WhiteRock,15247444,6195,50,-408
2026-08-02T00:01:05.871452+00:00,1785628857,6705,321 Surrey Central/WhiteRock,15247445,5521,32,4
2026-08-02T00:01:05.871452+00:00,1785628857,6705,321 Surrey Central/WhiteRock,15247445,5522,33,-122
2026-08-02T00:01:05.871452+00:00,1785628857,6705,321 Surrey Central/WhiteRock,15247445,5523,34,-156
2026-08-02T00:01:05.871452+00:00,1785628857,6705,321 Surrey Central/WhiteRock,15247445,6466,35,-169
2026-08-02T00:01:05.871452+00:00,1785628857,6705,321 Surrey Central/WhiteRock,15247445,5524,36,-158
2026-08-02T00:01:05.871452+00:00,1785628857,6705,321 Surrey Central/WhiteRock,15247445,5525,37,-181
2026-08-02T00:01:05.871452+00:00,1785628857,6705,321 Surrey Central/WhiteRock,15247445,10443,38,-193
2026-08-02T00:01:05.871452+00:00,1785628857,6705,321 Surrey Central/WhiteRock,15247445,5528,39,-188
2026-08-02T00:01:05.871452+00:00,1785628857,6705,321 Surrey Central/WhiteRock,15247445,5529,40,-208
2026-08-02T00:01:05.871452+00:00,1785628857,6705,321 Surrey Central/WhiteRock,15247445,5530,41,-221
2026-08-02T00:01:05.871452+00:00,1785628857,6705,321 Surrey Central/WhiteRock,15247445,5533,42,-219
2026-08-02T00:01:05.871452+00:00,1785628857,6705,321 Surrey Central/WhiteRock,15247445,5534,43,-236
2026-08-02T00:01:05.871452+00:00,1785628857,6705,321 Surrey Central/WhiteRock,15247445,5535,44,-230
2026-08-02T00:01:05.871452+00:00,1785628857,6705,321 Surrey Central/WhiteRock,15247445,5536,45,-248
2026-08-02T00:01:05.871452+00:00,1785628857,6705,321 Surrey Central/WhiteRock,15247445,5537,46,-242
2026-08-02T00:01:05.871452+00:00,1785628857,6705,321 Surrey Central/WhiteRock,15247445,5538,47,-246
2026-08-02T00:01:05.871452+00:00,1785628857,6705,321 Surrey Central/WhiteRock,15247445,5541,48,-211
2026-08-02T00:01:05.871452+00:00,1785628857,6705,321 Surrey Central/WhiteRock,15247445,5542,49,-193
2026-08-02T00:01:05.871452+00:00,1785628857,6705,321 Surrey Central/WhiteRock,15247445,6195,50,-154
2026-08-02T00:01:05.871452+00:00,1785628857,6705,321 Surrey Central/WhiteRock,15247446,5514,25,82
2026-08-02T00:01:05.871452+00:00,1785628857,6705,321 Surrey Central/WhiteRock,15247446,5515,26,76
2026-08-02T00:01:05.871452+00:00,1785628857,6705,321 Surrey Central/WhiteRock,15247446,5516,27,97
2026-08-02T00:01:05.871452+00:00,1785628857,6705,321 Surrey Central/WhiteRock,15247446,5517,28,112
2026-08-02T00:01:05.871452+00:00,1785628857,6705,321 Surrey Central/WhiteRock,15247446,5518,29,118
2026-08-02T00:01:05.871452+00:00,1785628857,6705,321 Surrey Central/WhiteRock,15247446,5519,30,99
2026-08-02T00:01:05.871452+00:00,1785628857,6705,321 Surrey Central/WhiteRock,15247446,5520,31,88
2026-08-02T00:01:05.871452+00:00,1785628857,6705,321 Surrey Central/WhiteRock,15247446,5521,32,-106
2026-08-02T00:01:05.871452+00:00,1785628857,6705,321 Surrey Central/WhiteRock,15247446,5522,33,-233
2026-08-02T00:01:05.871452+00:00,1785628857,6705,321 Surrey Central/WhiteRock,15247446,5523,34,-267
2026-08-02T00:01:05.871452+00:00,1785628857,6705,321 Surrey Central/WhiteRock,15247446,6466,35,-283
2026-08-02T00:01:05.871452+00:00,1785628857,6705,321 Surrey Central/WhiteRock,15247446,5524,36,-272
2026-08-02T00:01:05.871452+00:00,1785628857,6705,321 Surrey Central/WhiteRock,15247446,5525,37,-299
2026-08-02T00:01:05.871452+00:00,1785628857,6705,321 Surrey Central/WhiteRock,15247446,10443,38,-321
2026-08-02T00:01:05.871452+00:00,1785628857,6705,321 Surrey Central/WhiteRock,15247446,5528,39,-317
2026-08-02T00:01:05.871452+00:00,1785628857,6705,321 Surrey Central/WhiteRock,15247446,5529,40,-335
2026-08-02T00:01:05.871452+00:00,1785628857,6705,321 Surrey Central/WhiteRock,15247446,5530,41,-348
2026-08-02T00:01:05.871452+00:00,1785628857,6705,321 Surrey Central/WhiteRock,15247446,5533,42,-354
2026-08-02T00:01:05.871452+00:00,1785628857,6705,321 Surrey Central/WhiteRock,15247446,5534,43,-372
2026-08-02T00:01:05.871452+00:00,1785628857,6705,321 Surrey Central/WhiteRock,15247446,5535,44,-377
2026-08-02T00:01:05.871452+00:00,1785628857,6705,321 Surrey Central/WhiteRock,15247446,5536,45,-398
2026-08-02T00:01:05.871452+00:00,1785628857,6705,321 Surrey Central/WhiteRock,15247446,5537,46,-405
2026-08-02T00:01:05.871452+00:00,1785628857,6705,321 Surrey Central/WhiteRock,15247446,5538,47,-411
2026-08-02T00:01:05.871452+00:00,1785628857,6705,321 Surrey Central/WhiteRock,15247446,5541,48,-378
2026-08-02T00:01:05.871452+00:00,1785628857,6705,321 Surrey Central/WhiteRock,15247446,5542,49,-359
2026-08-02T00:01:05.871452+00:00,1785628857,6705,321 Surrey Central/WhiteRock,15247446,6195,50,-322
2026-08-02T00:01:05.871452+00:00,1785628857,6705,321 Surrey Central/WhiteRock,15247447,5504,17,27
2026-08-02T00:01:05.871452+00:00,1785628857,6705,321 Surrey Central/WhiteRock,15247447,5505,18,47
2026-08-02T00:01:05.871452+00:00,1785628857,6705,321 Surrey Central/WhiteRock,15247447,5507,19,49
2026-08-02T00:01:05.871452+00:00,1785628857,6705,321 Surrey Central/WhiteRock,15247447,5633,20,104
2026-08-02T00:01:05.871452+00:00,1785628857,6705,321 Surrey Central/WhiteRock,15247447,5510,21,142
2026-08-02T00:01:05.871452+00:00,1785628857,6705,321 Surrey Central/WhiteRock,15247447,5511,22,136
2026-08-02T00:01:05.871452+00:00,1785628857,6705,321 Surrey Central/WhiteRock,15247447,5512,23,131
2026-08-02T00:01:05.871452+00:00,1785628857,6705,321 Surrey Central/WhiteRock,15247447,5513,24,124
2026-08-02T00:01:05.871452+00:00,1785628857,6705,321 Surrey Central/WhiteRock,15247447,5514,25,192
2026-08-02T00:01:05.871452+00:00,1785628857,6705,321 Surrey Central/WhiteRock,15247447,5515,26,186
2026-08-02T00:01:05.871452+00:00,1785628857,6705,321 Surrey Central/WhiteRock,15247447,5516,27,199
2026-08-02T00:01:05.871452+00:00,1785628857,6705,321 Surrey Central/WhiteRock,15247447,5517,28,215
2026-08-02T00:01:05.871452+00:00,1785628857,6705,321 Surrey Central/WhiteRock,15247447,5518,29,223
2026-08-02T00:01:05.871452+00:00,1785628857,6705,321 Surrey Central/WhiteRock,15247447,5519,30,204
2026-08-02T00:01:05.871452+00:00,1785628857,6705,321 Surrey Central/WhiteRock,15247447,5520,31,193
2026-08-02T00:01:05.871452+00:00,1785628857,6705,321 Surrey Central/WhiteRock,15247447,5521,32,-1
2026-08-02T00:01:05.871452+00:00,1785628857,6705,321 Surrey Central/WhiteRock,15247447,5522,33,-128
2026-08-02T00:01:05.871452+00:00,1785628857,6705,321 Surrey Central/WhiteRock,15247447,5523,34,-162
2026-08-02T00:01:05.871452+00:00,1785628857,6705,321 Surrey Central/WhiteRock,15247447,6466,35,-178
2026-08-02T00:01:05.871452+00:00,1785628857,6705,321 Surrey Central/WhiteRock,15247447,5524,36,-166
2026-08-02T00:01:05.871452+00:00,1785628857,6705,321 Surrey Central/WhiteRock,15247447,5525,37,-194
2026-08-02T00:01:05.871452+00:00,1785628857,6705,321 Surrey Central/WhiteRock,15247447,10443,38,-216
2026-08-02T00:01:05.871452+00:00,1785628857,6705,321 Surrey Central/WhiteRock,15247447,5528,39,-212
2026-08-02T00:01:05.871452+00:00,1785628857,6705,321 Surrey Central/WhiteRock,15247447,5529,40,-231
2026-08-02T00:01:05.871452+00:00,1785628857,6705,321 Surrey Central/WhiteRock,15247447,5530,41,-244
2026-08-02T00:01:05.871452+00:00,1785628857,6705,321 Surrey Central/WhiteRock,15247447,5533,42,-251
2026-08-02T00:01:05.871452+00:00,1785628857,6705,321 Surrey Central/WhiteRock,15247447,5534,43,-269
2026-08-02T00:01:05.871452+00:00,1785628857,6705,321 Surrey Central/WhiteRock,15247447,5535,44,-256
2026-08-02T00:01:05.871452+00:00,1785628857,6705,321 Surrey Central/WhiteRock,15247447,5536,45,-272
2026-08-02T00:01:05.871452+00:00,1785628857,6705,321 Surrey Central/WhiteRock,15247447,5537,46,-281
2026-08-02T00:01:05.871452+00:00,1785628857,6705,321 Surrey Central/WhiteRock,15247447,5538,47,-287
2026-08-02T00:01:05.871452+00:00,1785628857,6705,321 Surrey Central/WhiteRock,15247447,5541,48,-253
2026-08-02T00:01:05.871452+00:00,1785628857,6705,321 Surrey Central/WhiteRock,15247447,5542,49,-231
2026-08-02T00:01:05.871452+00:00,1785628857,6705,321 Surrey Central/WhiteRock,15247447,6195,50,-194
2026-08-02T00:01:05.871452+00:00,1785628857,6705,321 Surrey Central/WhiteRock,15247448,5498,11,-79
2026-08-02T00:01:05.871452+00:00,1785628857,6705,321 Surrey Central/WhiteRock,15247448,5499,12,-113
2026-08-02T00:01:05.871452+00:00,1785628857,6705,321 Surrey Central/WhiteRock,15247448,5500,13,-121
2026-08-02T00:01:05.871452+00:00,1785628857,6705,321 Surrey Central/WhiteRock,15247448,5501,14,-144
2026-08-02T00:01:05.871452+00:00,1785628857,6705,321 Surrey Central/WhiteRock,15247448,5502,15,-154
2026-08-02T00:01:05.871452+00:00,1785628857,6705,321 Surrey Central/WhiteRock,15247448,5503,16,-171
2026-08-02T00:01:05.871452+00:00,1785628857,6705,321 Surrey Central/WhiteRock,15247448,5504,17,-214
2026-08-02T00:01:05.871452+00:00,1785628857,6705,321 Surrey Central/WhiteRock,15247448,5505,18,-194
2026-08-02T00:01:05.871452+00:00,1785628857,6705,321 Surrey Central/WhiteRock,15247448,5507,19,-203
2026-08-02T00:01:05.871452+00:00,1785628857,6705,321 Surrey Central/WhiteRock,15247448,5633,20,0
2026-08-02T00:01:05.871452+00:00,1785628857,6705,321 Surrey Central/WhiteRock,15247448,5510,21,46
2026-08-02T00:01:05.871452+00:00,1785628857,6705,321 Surrey Central/WhiteRock,15247448,5511,22,40
2026-08-02T00:01:05.871452+00:00,1785628857,6705,321 Surrey Central/WhiteRock,15247448,5512,23,35
2026-08-02T00:01:05.871452+00:00,1785628857,6705,321 Surrey Central/WhiteRock,15247448,5513,24,24
2026-08-02T00:01:05.871452+00:00,1785628857,6705,321 Surrey Central/WhiteRock,15247448,5514,25,92
2026-08-02T00:01:05.871452+00:00,1785628857,6705,321 Surrey Central/WhiteRock,15247448,5515,26,86
2026-08-02T00:01:05.871452+00:00,1785628857,6705,321 Surrey Central/WhiteRock,15247448,5516,27,96
2026-08-02T00:01:05.871452+00:00,1785628857,6705,321 Surrey Central/WhiteRock,15247448,5517,28,112
2026-08-02T00:01:05.871452+00:00,1785628857,6705,321 Surrey Central/WhiteRock,15247448,5518,29,119
2026-08-02T00:01:05.871452+00:00,1785628857,6705,321 Surrey Central/WhiteRock,15247448,5519,30,100
2026-08-02T00:01:05.871452+00:00,1785628857,6705,321 Surrey Central/WhiteRock,15247448,5520,31,89
2026-08-02T00:01:05.871452+00:00,1785628857,6705,321 Surrey Central/WhiteRock,15247448,5521,32,-104
2026-08-02T00:01:05.871452+00:00,1785628857,6705,321 Surrey Central/WhiteRock,15247448,5522,33,-230
2026-08-02T00:01:05.871452+00:00,1785628857,6705,321 Surrey Central/WhiteRock,15247448,5523,34,-264
2026-08-02T00:01:05.871452+00:00,1785628857,6705,321 Surrey Central/WhiteRock,15247448,6466,35,-279
2026-08-02T00:01:05.871452+00:00,1785628857,6705,321 Surrey Central/WhiteRock,15247448,5524,36,-267
2026-08-02T00:01:05.871452+00:00,1785628857,6705,321 Surrey Central/WhiteRock,15247448,5525,37,-291
2026-08-02T00:01:05.871452+00:00,1785628857,6705,321 Surrey Central/WhiteRock,15247448,10443,38,-303
2026-08-02T00:01:05.871452+00:00,1785628857,6705,321 Surrey Central/WhiteRock,15247448,5528,39,-298
2026-08-02T00:01:05.871452+00:00,1785628857,6705,321 Surrey Central/WhiteRock,15247448,5529,40,-317
2026-08-02T00:01:05.871452+00:00,1785628857,6705,321 Surrey Central/WhiteRock,15247448,5530,41,-330
2026-08-02T00:01:05.871452+00:00,1785628857,6705,321 Surrey Central/WhiteRock,15247448,5533,42,-327
2026-08-02T00:01:05.871452+00:00,1785628857,6705,321 Surrey Central/WhiteRock,15247448,5534,43,-344
2026-08-02T00:01:05.871452+00:00,1785628857,6705,321 Surrey Central/WhiteRock,15247448,5535,44,-343
2026-08-02T00:01:05.871452+00:00,1785628857,6705,321 Surrey Central/WhiteRock,15247448,5536,45,-364
2026-08-02T00:01:05.871452+00:00,1785628857,6705,321 Surrey Central/WhiteRock,15247448,5537,46,-357
2026-08-02T00:01:05.871452+00:00,1785628857,6705,321 Surrey Central/WhiteRock,15247448,5538,47,-361
2026-08-02T00:01:05.871452+00:00,1785628857,6705,321 Surrey Central/WhiteRock,15247448,5541,48,-327
2026-08-02T00:01:05.871452+00:00,1785628857,6705,321 Surrey Central/WhiteRock,15247448,5542,49,-307
2026-08-02T00:01:05.871452+00:00,1785628857,6705,321 Surrey Central/WhiteRock,15247448,6195,50,-269
2026-08-02T00:01:05.871452+00:00,1785628857,6705,321 Surrey Central/WhiteRock,15247449,5046,2,68
2026-08-02T00:01:05.871452+00:00,1785628857,6705,321 Surrey Central/WhiteRock,15247449,5047,3,68
2026-08-02T00:01:05.871452+00:00,1785628857,6705,321 Surrey Central/WhiteRock,15247449,8566,4,41
2026-08-02T00:01:05.871452+00:00,1785628857,6705,321 Surrey Central/WhiteRock,15247449,12916,5,56
2026-08-02T00:01:05.871452+00:00,1785628857,6705,321 Surrey Central/WhiteRock,15247449,5049,6,49
2026-08-02T00:01:05.871452+00:00,1785628857,6705,321 Surrey Central/WhiteRock,15247449,5039,7,48
2026-08-02T00:01:05.871452+00:00,1785628857,6705,321 Surrey Central/WhiteRock,15247449,8351,8,30
2026-08-02T00:01:05.871452+00:00,1785628857,6705,321 Surrey Central/WhiteRock,15247449,5496,9,-20
2026-08-02T00:01:05.871452+00:00,1785628857,6705,321 Surrey Central/WhiteRock,15247449,5497,10,-57
2026-08-02T00:01:05.871452+00:00,1785628857,6705,321 Surrey Central/WhiteRock,15247449,5498,11,-67
2026-08-02T00:01:05.871452+00:00,1785628857,6705,321 Surrey Central/WhiteRock,15247449,5499,12,-101
2026-08-02T00:01:05.871452+00:00,1785628857,6705,321 Surrey Central/WhiteRock,15247449,5500,13,-104
2026-08-02T00:01:05.871452+00:00,1785628857,6705,321 Surrey Central/WhiteRock,15247449,5501,14,-127
2026-08-02T00:01:05.871452+00:00,1785628857,6705,321 Surrey Central/WhiteRock,15247449,5502,15,-136
2026-08-02T00:01:05.871452+00:00,1785628857,6705,321 Surrey Central/WhiteRock,15247449,5503,16,-142
2026-08-02T00:01:05.871452+00:00,1785628857,6705,321 Surrey Central/WhiteRock,15247449,5504,17,-187
2026-08-02T00:01:05.871452+00:00,1785628857,6705,321 Surrey Central/WhiteRock,15247449,5505,18,-167
2026-08-02T00:01:05.871452+00:00,1785628857,6705,321 Surrey Central/WhiteRock,15247449,5507,19,-170
2026-08-02T00:01:05.871452+00:00,1785628857,6705,321 Surrey Central/WhiteRock,15247449,5633,20,0
2026-08-02T00:01:05.871452+00:00,1785628857,6705,321 Surrey Central/WhiteRock,15247449,5510,21,38
2026-08-02T00:01:05.871452+00:00,1785628857,6705,321 Surrey Central/WhiteRock,15247449,5511,22,31
2026-08-02T00:01:05.871452+00:00,1785628857,6705,321 Surrey Central/WhiteRock,15247449,5512,23,25
2026-08-02T00:01:05.871452+00:00,1785628857,6705,321 Surrey Central/WhiteRock,15247449,5513,24,15
2026-08-02T00:01:05.871452+00:00,1785628857,6705,321 Surrey Central/WhiteRock,15247449,5514,25,83
2026-08-02T00:01:05.871452+00:00,1785628857,6705,321 Surrey Central/WhiteRock,15247449,5515,26,77
2026-08-02T00:01:05.871452+00:00,1785628857,6705,321 Surrey Central/WhiteRock,15247449,5516,27,90
2026-08-02T00:01:05.871452+00:00,1785628857,6705,321 Surrey Central/WhiteRock,15247449,5517,28,108
2026-08-02T00:01:05.871452+00:00,1785628857,6705,321 Surrey Central/WhiteRock,15247449,5518,29,115
2026-08-02T00:01:05.871452+00:00,1785628857,6705,321 Surrey Central/WhiteRock,15247449,5519,30,96
2026-08-02T00:01:05.871452+00:00,1785628857,6705,321 Surrey Central/WhiteRock,15247449,5520,31,85
2026-08-02T00:01:05.871452+00:00,1785628857,6705,321 Surrey Central/WhiteRock,15247449,5521,32,-109
2026-08-02T00:01:05.871452+00:00,1785628857,6705,321 Surrey Central/WhiteRock,15247449,5522,33,-235
2026-08-02T00:01:05.871452+00:00,1785628857,6705,321 Surrey Central/WhiteRock,15247449,5523,34,-269
2026-08-02T00:01:05.871452+00:00,1785628857,6705,321 Surrey Central/WhiteRock,15247449,6466,35,-284
2026-08-02T00:01:05.871452+00:00,1785628857,6705,321 Surrey Central/WhiteRock,15247449,5524,36,-272
2026-08-02T00:01:05.871452+00:00,1785628857,6705,321 Surrey Central/WhiteRock,15247449,5525,37,-299
2026-08-02T00:01:05.871452+00:00,1785628857,6705,321 Surrey Central/WhiteRock,15247449,10443,38,-321
2026-08-02T00:01:05.871452+00:00,1785628857,6705,321 Surrey Central/WhiteRock,15247449,5528,39,-316
2026-08-02T00:01:05.871452+00:00,1785628857,6705,321 Surrey Central/WhiteRock,15247449,5529,40,-334
2026-08-02T00:01:05.871452+00:00,1785628857,6705,321 Surrey Central/WhiteRock,15247449,5530,41,-349
2026-08-02T00:01:05.871452+00:00,1785628857,6705,321 Surrey Central/WhiteRock,15247449,5533,42,-352
2026-08-02T00:01:05.871452+00:00,1785628857,6705,321 Surrey Central/WhiteRock,15247449,5534,43,-370
2026-08-02T00:01:05.871452+00:00,1785628857,6705,321 Surrey Central/WhiteRock,15247449,5535,44,-352
2026-08-02T00:01:05.871452+00:00,1785628857,6705,321 Surrey Central/WhiteRock,15247449,5536,45,-375
2026-08-02T00:01:05.871452+00:00,1785628857,6705,321 Surrey Central/WhiteRock,15247449,5537,46,-375
2026-08-02T00:01:05.871452+00:00,1785628857,6705,321 Surrey Central/WhiteRock,15247449,5538,47,-381
2026-08-02T00:01:05.871452+00:00,1785628857,6705,321 Surrey Central/WhiteRock,15247449,5541,48,-351
2026-08-02T00:01:05.871452+00:00,1785628857,6705,321 Surrey Central/WhiteRock,15247449,5542,49,-332
2026-08-02T00:01:05.871452+00:00,1785628857,6705,321 Surrey Central/WhiteRock,15247449,6195,50,-296
2026-08-02T00:01:05.871452+00:00,1785628857,6715,351 Bridgeport/WhiteRock,15251740,4928,24,-7
2026-08-02T00:01:05.871452+00:00,1785628857,6715,351 Bridgeport/WhiteRock,15251740,8282,25,-6
2026-08-02T00:01:05.871452+00:00,1785628857,6715,351 Bridgeport/WhiteRock,15251763,5439,13,136
2026-08-02T00:01:05.871452+00:00,1785628857,6715,351 Bridgeport/WhiteRock,15251763,5440,14,116
2026-08-02T00:01:05.871452+00:00,1785628857,6715,351 Bridgeport/WhiteRock,15251763,5441,15,125
2026-08-02T00:01:05.871452+00:00,1785628857,6715,351 Bridgeport/WhiteRock,15251763,5442,16,102
2026-08-02T00:01:05.871452+00:00,1785628857,6715,351 Bridgeport/WhiteRock,15251763,5444,17,108
2026-08-02T00:01:05.871452+00:00,1785628857,6715,351 Bridgeport/WhiteRock,15251763,9083,18,78
2026-08-02T00:01:05.871452+00:00,1785628857,6715,351 Bridgeport/WhiteRock,15251763,5446,19,83
2026-08-02T00:01:05.871452+00:00,1785628857,6715,351 Bridgeport/WhiteRock,15251763,10445,20,79
2026-08-02T00:01:05.871452+00:00,1785628857,6715,351 Bridgeport/WhiteRock,15251763,5447,21,42
2026-08-02T00:01:05.871452+00:00,1785628857,6715,351 Bridgeport/WhiteRock,15251763,5448,22,43
2026-08-02T00:01:05.871452+00:00,1785628857,6715,351 Bridgeport/WhiteRock,15251763,6194,23,53
2026-08-02T00:01:05.871452+00:00,1785628857,6715,351 Bridgeport/WhiteRock,15251763,4928,24,18
2026-08-02T00:01:05.871452+00:00,1785628857,6715,351 Bridgeport/WhiteRock,15251763,8282,25,9
2026-08-02T00:01:05.871452+00:00,1785628857,6715,351 Bridgeport/WhiteRock,15251765,8282,25,140
2026-08-02T00:01:05.871452+00:00,1785628857,6715,351 Bridgeport/WhiteRock,15251802,8283,2,121
2026-08-02T00:01:05.871452+00:00,1785628857,6715,351 Bridgeport/WhiteRock,15251802,4929,3,106
2026-08-02T00:01:05.871452+00:00,1785628857,6715,351 Bridgeport/WhiteRock,15251802,6175,4,-441
2026-08-02T00:01:05.871452+00:00,1785628857,6715,351 Bridgeport/WhiteRock,15251802,5524,5,-374
2026-08-02T00:01:05.871452+00:00,1785628857,6715,351 Bridgeport/WhiteRock,15251802,5525,6,-380
2026-08-02T00:01:05.871452+00:00,1785628857,6715,351 Bridgeport/WhiteRock,15251802,10443,7,-365
2026-08-02T00:01:05.871452+00:00,1785628857,6715,351 Bridgeport/WhiteRock,15251802,5528,8,-335
2026-08-02T00:01:05.871452+00:00,1785628857,6715,351 Bridgeport/WhiteRock,15251802,5529,9,-336
2026-08-02T00:01:05.871452+00:00,1785628857,6715,351 Bridgeport/WhiteRock,15251802,5530,10,-327
2026-08-02T00:01:05.871452+00:00,1785628857,6715,351 Bridgeport/WhiteRock,15251802,5533,11,-305
2026-08-02T00:01:05.871452+00:00,1785628857,6715,351 Bridgeport/WhiteRock,15251802,5534,12,-301
2026-08-02T00:01:05.871452+00:00,1785628857,6715,351 Bridgeport/WhiteRock,15251802,5535,13,-236
2026-08-02T00:01:05.871452+00:00,1785628857,6715,351 Bridgeport/WhiteRock,15251802,5536,14,-229
2026-08-02T00:01:05.871452+00:00,1785628857,6715,351 Bridgeport/WhiteRock,15251802,5537,15,-210
2026-08-02T00:01:05.871452+00:00,1785628857,6715,351 Bridgeport/WhiteRock,15251802,5538,16,-203
2026-08-02T00:01:05.871452+00:00,1785628857,6715,351 Bridgeport/WhiteRock,15251802,5541,17,-151
2026-08-02T00:01:05.871452+00:00,1785628857,6715,351 Bridgeport/WhiteRock,15251802,5542,18,-117
2026-08-02T00:01:05.871452+00:00,1785628857,6715,351 Bridgeport/WhiteRock,15251802,6340,19,-64
2026-08-02T00:01:05.871452+00:00,1785628857,6715,351 Bridgeport/WhiteRock,15251802,6341,20,-36
2026-08-02T00:01:05.871452+00:00,1785628857,6715,351 Bridgeport/WhiteRock,15251802,6167,21,-11
2026-08-02T00:01:05.871452+00:00,1785628857,6715,351 Bridgeport/WhiteRock,15251803,5536,14,-552
2026-08-02T00:01:05.871452+00:00,1785628857,6715,351 Bridgeport/WhiteRock,15251803,5537,15,-530
2026-08-02T00:01:05.871452+00:00,1785628857,6715,351 Bridgeport/WhiteRock,15251803,5538,16,-525
2026-08-02T00:01:05.871452+00:00,1785628857,6715,351 Bridgeport/WhiteRock,15251803,5541,17,-471
2026-08-02T00:01:05.871452+00:00,1785628857,6715,351 Bridgeport/WhiteRock,15251803,5542,18,-443
2026-08-02T00:01:05.871452+00:00,1785628857,6715,351 Bridgeport/WhiteRock,15251803,6340,19,-391
2026-08-02T00:01:05.871452+00:00,1785628857,6715,351 Bridgeport/WhiteRock,15251803,6341,20,-368
2026-08-02T00:01:05.871452+00:00,1785628857,6715,351 Bridgeport/WhiteRock,15251803,6167,21,-349
2026-08-02T00:01:05.871452+00:00,1785628857,6715,351 Bridgeport/WhiteRock,15251828,11267,1,0
2026-08-02T00:01:05.871452+00:00,1785628857,6715,351 Bridgeport/WhiteRock,15251828,8283,2,-399
2026-08-02T00:01:05.871452+00:00,1785628857,6715,351 Bridgeport/WhiteRock,15251828,4929,3,0
2026-08-02T00:01:05.871452+00:00,1785628857,6715,351 Bridgeport/WhiteRock,15251828,6175,4,-546
2026-08-02T00:01:05.871452+00:00,1785628857,6715,351 Bridgeport/WhiteRock,15251828,5524,5,-480
2026-08-02T00:01:05.871452+00:00,1785628857,6715,351 Bridgeport/WhiteRock,15251828,5525,6,-486
2026-08-02T00:01:05.871452+00:00,1785628857,6715,351 Bridgeport/WhiteRock,15251828,10443,7,-471
2026-08-02T00:01:05.871452+00:00,1785628857,6715,351 Bridgeport/WhiteRock,15251828,5528,8,-443
2026-08-02T00:01:05.871452+00:00,1785628857,6715,351 Bridgeport/WhiteRock,15251828,5529,9,-444
2026-08-02T00:01:05.871452+00:00,1785628857,6715,351 Bridgeport/WhiteRock,15251828,5530,10,-435
2026-08-02T00:01:05.871452+00:00,1785628857,6715,351 Bridgeport/WhiteRock,15251828,5533,11,-413
2026-08-02T00:01:05.871452+00:00,1785628857,6715,351 Bridgeport/WhiteRock,15251828,5534,12,-408
2026-08-02T00:01:05.871452+00:00,1785628857,6715,351 Bridgeport/WhiteRock,15251828,5535,13,-373
2026-08-02T00:01:05.871452+00:00,1785628857,6715,351 Bridgeport/WhiteRock,15251828,5536,14,-371
2026-08-02T00:01:05.871452+00:00,1785628857,6715,351 Bridgeport/WhiteRock,15251828,5537,15,-342
2026-08-02T00:01:05.871452+00:00,1785628857,6715,351 Bridgeport/WhiteRock,15251828,5538,16,-335
2026-08-02T00:01:05.871452+00:00,1785628857,6715,351 Bridgeport/WhiteRock,15251828,5541,17,-285
2026-08-02T00:01:05.871452+00:00,1785628857,6715,351 Bridgeport/WhiteRock,15251828,5542,18,-251
2026-08-02T00:01:05.871452+00:00,1785628857,6715,351 Bridgeport/WhiteRock,15251828,6340,19,-197
2026-08-02T00:01:05.871452+00:00,1785628857,6715,351 Bridgeport/WhiteRock,15251828,6341,20,-168
2026-08-02T00:01:05.871452+00:00,1785628857,6715,351 Bridgeport/WhiteRock,15251828,6167,21,-147
2026-08-02T00:01:05.871452+00:00,1785628857,6715,351 Bridgeport/WhiteRock,15251829,6175,4,-566
2026-08-02T00:01:05.871452+00:00,1785628857,6715,351 Bridgeport/WhiteRock,15251829,5524,5,-499
2026-08-02T00:01:05.871452+00:00,1785628857,6715,351 Bridgeport/WhiteRock,15251829,5525,6,-504
2026-08-02T00:01:05.871452+00:00,1785628857,6715,351 Bridgeport/WhiteRock,15251829,10443,7,-490
2026-08-02T00:01:05.871452+00:00,1785628857,6715,351 Bridgeport/WhiteRock,15251829,5528,8,-460
2026-08-02T00:01:05.871452+00:00,1785628857,6715,351 Bridgeport/WhiteRock,15251829,5529,9,-461
2026-08-02T00:01:05.871452+00:00,1785628857,6715,351 Bridgeport/WhiteRock,15251829,5530,10,-452
2026-08-02T00:01:05.871452+00:00,1785628857,6715,351 Bridgeport/WhiteRock,15251829,5533,11,-430
2026-08-02T00:01:05.871452+00:00,1785628857,6715,351 Bridgeport/WhiteRock,15251829,5534,12,-426
2026-08-02T00:01:05.871452+00:00,1785628857,6715,351 Bridgeport/WhiteRock,15251829,5535,13,-377
2026-08-02T00:01:05.871452+00:00,1785628857,6715,351 Bridgeport/WhiteRock,15251829,5536,14,-371
2026-08-02T00:01:05.871452+00:00,1785628857,6715,351 Bridgeport/WhiteRock,15251829,5537,15,-356
2026-08-02T00:01:05.871452+00:00,1785628857,6715,351 Bridgeport/WhiteRock,15251829,5538,16,-349
2026-08-02T00:01:05.871452+00:00,1785628857,6715,351 Bridgeport/WhiteRock,15251829,5541,17,-297
2026-08-02T00:01:05.871452+00:00,1785628857,6715,351 Bridgeport/WhiteRock,15251829,5542,18,-265
2026-08-02T00:01:05.871452+00:00,1785628857,6715,351 Bridgeport/WhiteRock,15251829,6340,19,-216
2026-08-02T00:01:05.871452+00:00,1785628857,6715,351 Bridgeport/WhiteRock,15251829,6341,20,-188
2026-08-02T00:01:05.871452+00:00,1785628857,6715,351 Bridgeport/WhiteRock,15251829,6167,21,-162
2026-08-02T00:01:05.871452+00:00,1785628857,11692,364 Langley Centre/Scottsdale,15252763,5332,36,254
2026-08-02T00:01:05.871452+00:00,1785628857,11692,364 Langley Centre/Scottsdale,15252763,12497,37,230
2026-08-02T00:01:05.871452+00:00,1785628857,11692,364 Langley Centre/Scottsdale,15252763,5334,38,216
2026-08-02T00:01:05.871452+00:00,1785628857,11692,364 Langley Centre/Scottsdale,15252763,6472,39,228
2026-08-02T00:01:05.871452+00:00,1785628857,11692,364 Langley Centre/Scottsdale,15252763,6473,40,233
2026-08-02T00:01:05.871452+00:00,1785628857,11692,364 Langley Centre/Scottsdale,15252763,6474,41,233
2026-08-02T00:01:05.871452+00:00,1785628857,11692,364 Langley Centre/Scottsdale,15252763,9306,42,281
2026-08-02T00:01:05.871452+00:00,1785628857,11692,364 Langley Centre/Scottsdale,15252763,11125,43,301
2026-08-02T00:01:05.871452+00:00,1785628857,11692,364 Langley Centre/Scottsdale,15252763,9294,44,293
2026-08-02T00:01:05.871452+00:00,1785628857,11692,364 Langley Centre/Scottsdale,15252763,9293,45,285
2026-08-02T00:01:05.871452+00:00,1785628857,11692,364 Langley Centre/Scottsdale,15252763,11126,46,300
2026-08-02T00:01:05.871452+00:00,1785628857,11692,364 Langley Centre/Scottsdale,15252763,7094,47,264
2026-08-02T00:01:05.871452+00:00,1785628857,11692,364 Langley Centre/Scottsdale,15252796,11121,6,335
2026-08-02T00:01:05.871452+00:00,1785628857,11692,364 Langley Centre/Scottsdale,15252796,11142,7,294
2026-08-02T00:01:05.871452+00:00,1785628857,11692,364 Langley Centre/Scottsdale,15252796,11139,8,283
2026-08-02T00:01:05.871452+00:00,1785628857,11692,364 Langley Centre/Scottsdale,15252796,11156,9,270
2026-08-02T00:01:05.871452+00:00,1785628857,11692,364 Langley Centre/Scottsdale,15252796,5583,10,277
2026-08-02T00:01:05.871452+00:00,1785628857,11692,364 Langley Centre/Scottsdale,15252796,5584,11,246
2026-08-02T00:01:05.871452+00:00,1785628857,11692,364 Langley Centre/Scottsdale,15252796,6464,12,232
2026-08-02T00:01:05.871452+00:00,1785628857,11692,364 Langley Centre/Scottsdale,15252796,6465,13,209
2026-08-02T00:01:05.871452+00:00,1785628857,11692,364 Langley Centre/Scottsdale,15252796,11074,14,249
2026-08-02T00:01:05.871452+00:00,1785628857,11692,364 Langley Centre/Scottsdale,15252796,11153,15,218
2026-08-02T00:01:05.871452+00:00,1785628857,11692,364 Langley Centre/Scottsdale,15252796,11150,16,182
2026-08-02T00:01:05.871452+00:00,1785628857,11692,364 Langley Centre/Scottsdale,15252796,11148,17,161
2026-08-02T00:01:05.871452+00:00,1785628857,11692,364 Langley Centre/Scottsdale,15252796,11124,18,169
2026-08-02T00:01:05.871452+00:00,1785628857,11692,364 Langley Centre/Scottsdale,15252796,11140,19,127
2026-08-02T00:01:05.871452+00:00,1785628857,11692,364 Langley Centre/Scottsdale,15252796,11145,20,113
2026-08-02T00:01:05.871452+00:00,1785628857,11692,364 Langley Centre/Scottsdale,15252796,11076,21,62
2026-08-02T00:01:05.871452+00:00,1785628857,11692,364 Langley Centre/Scottsdale,15252796,12645,22,-148
2026-08-02T00:01:05.871452+00:00,1785628857,11692,364 Langley Centre/Scottsdale,15252796,9525,23,-145
2026-08-02T00:01:05.871452+00:00,1785628857,11692,364 Langley Centre/Scottsdale,15252796,10148,24,-131
2026-08-02T00:01:05.871452+00:00,1785628857,11692,364 Langley Centre/Scottsdale,15252796,10585,25,-153
2026-08-02T00:01:05.871452+00:00,1785628857,11692,364 Langley Centre/Scottsdale,15252796,10250,26,-162
2026-08-02T00:01:05.871452+00:00,1785628857,11692,364 Langley Centre/Scottsdale,15252796,10588,27,-169
2026-08-02T00:01:05.871452+00:00,1785628857,11692,364 Langley Centre/Scottsdale,15252796,10248,28,-142
2026-08-02T00:01:05.871452+00:00,1785628857,11692,364 Langley Centre/Scottsdale,15252796,10726,29,-137
2026-08-02T00:01:05.871452+00:00,1785628857,11692,364 Langley Centre/Scottsdale,15252796,10725,30,-150
2026-08-02T00:01:05.871452+00:00,1785628857,11692,364 Langley Centre/Scottsdale,15252796,10727,31,-166
2026-08-02T00:01:05.871452+00:00,1785628857,11692,364 Langley Centre/Scottsdale,15252796,10251,32,-172
2026-08-02T00:01:05.871452+00:00,1785628857,11692,364 Langley Centre/Scottsdale,15252796,10252,33,-191
2026-08-02T00:01:05.871452+00:00,1785628857,11692,364 Langley Centre/Scottsdale,15252796,10253,34,-201
2026-08-02T00:01:05.871452+00:00,1785628857,11692,364 Langley Centre/Scottsdale,15252796,10255,35,-218
2026-08-02T00:01:05.871452+00:00,1785628857,11692,364 Langley Centre/Scottsdale,15252796,5332,36,-182
2026-08-02T00:01:05.871452+00:00,1785628857,11692,364 Langley Centre/Scottsdale,15252796,12497,37,-206
2026-08-02T00:01:05.871452+00:00,1785628857,11692,364 Langley Centre/Scottsdale,15252796,5334,38,-219
2026-08-02T00:01:05.871452+00:00,1785628857,11692,364 Langley Centre/Scottsdale,15252796,6472,39,-206
2026-08-02T00:01:05.871452+00:00,1785628857,11692,364 Langley Centre/Scottsdale,15252796,6473,40,-201
2026-08-02T00:01:05.871452+00:00,1785628857,11692,364 Langley Centre/Scottsdale,15252796,6474,41,-201
2026-08-02T00:01:05.871452+00:00,1785628857,11692,364 Langley Centre/Scottsdale,15252796,9306,42,-151
2026-08-02T00:01:05.871452+00:00,1785628857,11692,364 Langley Centre/Scottsdale,15252796,11125,43,-151
2026-08-02T00:01:05.871452+00:00,1785628857,11692,364 Langley Centre/Scottsdale,15252796,9294,44,-156
2026-08-02T00:01:05.871452+00:00,1785628857,11692,364 Langley Centre/Scottsdale,15252796,9293,45,-165
2026-08-02T00:01:05.871452+00:00,1785628857,11692,364 Langley Centre/Scottsdale,15252796,11126,46,-150
2026-08-02T00:01:05.871452+00:00,1785628857,11692,364 Langley Centre/Scottsdale,15252796,7094,47,-186
2026-08-02T00:01:05.871452+00:00,1785628857,11692,364 Langley Centre/Scottsdale,15252799,9525,23,-224
2026-08-02T00:01:05.871452+00:00,1785628857,11692,364 Langley Centre/Scottsdale,15252799,10148,24,-210
2026-08-02T00:01:05.871452+00:00,1785628857,11692,364 Langley Centre/Scottsdale,15252799,10585,25,-232
2026-08-02T00:01:05.871452+00:00,1785628857,11692,364 Langley Centre/Scottsdale,15252799,10250,26,-242
2026-08-02T00:01:05.871452+00:00,1785628857,11692,364 Langley Centre/Scottsdale,15252799,10588,27,-249
2026-08-02T00:01:05.871452+00:00,1785628857,11692,364 Langley Centre/Scottsdale,15252799,10248,28,-223
2026-08-02T00:01:05.871452+00:00,1785628857,11692,364 Langley Centre/Scottsdale,15252799,10726,29,-217
2026-08-02T00:01:05.871452+00:00,1785628857,11692,364 Langley Centre/Scottsdale,15252799,10725,30,-230
2026-08-02T00:01:05.871452+00:00,1785628857,11692,364 Langley Centre/Scottsdale,15252799,10727,31,-245
2026-08-02T00:01:05.871452+00:00,1785628857,11692,364 Langley Centre/Scottsdale,15252799,10251,32,-251
2026-08-02T00:01:05.871452+00:00,1785628857,11692,364 Langley Centre/Scottsdale,15252799,10252,33,-269
2026-08-02T00:01:05.871452+00:00,1785628857,11692,364 Langley Centre/Scottsdale,15252799,10253,34,-279
2026-08-02T00:01:05.871452+00:00,1785628857,11692,364 Langley Centre/Scottsdale,15252799,10255,35,-296
2026-08-02T00:01:05.871452+00:00,1785628857,11692,364 Langley Centre/Scottsdale,15252799,5332,36,-259
2026-08-02T00:01:05.871452+00:00,1785628857,11692,364 Langley Centre/Scottsdale,15252799,12497,37,-284
2026-08-02T00:01:05.871452+00:00,1785628857,11692,364 Langley Centre/Scottsdale,15252799,5334,38,-298
2026-08-02T00:01:05.871452+00:00,1785628857,11692,364 Langley Centre/Scottsdale,15252799,6472,39,-285
2026-08-02T00:01:05.871452+00:00,1785628857,11692,364 Langley Centre/Scottsdale,15252799,6473,40,-280
2026-08-02T00:01:05.871452+00:00,1785628857,11692,364 Langley Centre/Scottsdale,15252799,6474,41,-279
2026-08-02T00:01:05.871452+00:00,1785628857,11692,364 Langley Centre/Scottsdale,15252799,9306,42,-228
2026-08-02T00:01:05.871452+00:00,1785628857,11692,364 Langley Centre/Scottsdale,15252799,11125,43,-231
2026-08-02T00:01:05.871452+00:00,1785628857,11692,364 Langley Centre/Scottsdale,15252799,9294,44,-215
2026-08-02T00:01:05.871452+00:00,1785628857,11692,364 Langley Centre/Scottsdale,15252799,9293,45,-224
2026-08-02T00:01:05.871452+00:00,1785628857,11692,364 Langley Centre/Scottsdale,15252799,11126,46,-210
2026-08-02T00:01:05.871452+00:00,1785628857,11692,364 Langley Centre/Scottsdale,15252799,7094,47,-246
2026-08-02T00:01:05.871452+00:00,1785628857,11692,364 Langley Centre/Scottsdale,15252821,4917,48,221
2026-08-02T00:01:05.871452+00:00,1785628857,11692,364 Langley Centre/Scottsdale,15252822,10587,23,98
2026-08-02T00:01:05.871452+00:00,1785628857,11692,364 Langley Centre/Scottsdale,15252822,10261,24,69
2026-08-02T00:01:05.871452+00:00,1785628857,11692,364 Langley Centre/Scottsdale,15252822,10586,25,36
2026-08-02T00:01:05.871452+00:00,1785628857,11692,364 Langley Centre/Scottsdale,15252822,9547,26,59
2026-08-02T00:01:05.871452+00:00,1785628857,11692,364 Langley Centre/Scottsdale,15252822,9526,27,35
2026-08-02T00:01:05.871452+00:00,1785628857,11692,364 Langley Centre/Scottsdale,15252822,12646,28,24
2026-08-02T00:01:05.871452+00:00,1785628857,11692,364 Langley Centre/Scottsdale,15252822,11075,29,-110
2026-08-02T00:01:05.871452+00:00,1785628857,11692,364 Langley Centre/Scottsdale,15252822,11174,30,-129
2026-08-02T00:01:05.871452+00:00,1785628857,11692,364 Langley Centre/Scottsdale,15252822,11175,31,-157
2026-08-02T00:01:05.871452+00:00,1785628857,11692,364 Langley Centre/Scottsdale,15252822,11123,32,-154
2026-08-02T00:01:05.871452+00:00,1785628857,11692,364 Langley Centre/Scottsdale,15252822,11176,33,-145
2026-08-02T00:01:05.871452+00:00,1785628857,11692,364 Langley Centre/Scottsdale,15252822,11177,34,-172
2026-08-02T00:01:05.871452+00:00,1785628857,11692,364 Langley Centre/Scottsdale,15252822,11178,35,-196
2026-08-02T00:01:05.871452+00:00,1785628857,11692,364 Langley Centre/Scottsdale,15252822,6459,36,-98
2026-08-02T00:01:05.871452+00:00,1785628857,11692,364 Langley Centre/Scottsdale,15252822,6460,37,-100
2026-08-02T00:01:05.871452+00:00,1785628857,11692,364 Langley Centre/Scottsdale,15252822,5621,38,-93
2026-08-02T00:01:05.871452+00:00,1785628857,11692,364 Langley Centre/Scottsdale,15252822,5622,39,-111
2026-08-02T00:01:05.871452+00:00,1785628857,11692,364 Langley Centre/Scottsdale,15252822,11122,40,-72
2026-08-02T00:01:05.871452+00:00,1785628857,11692,364 Langley Centre/Scottsdale,15252822,11155,41,-81
2026-08-02T00:01:05.871452+00:00,1785628857,11692,364 Langley Centre/Scottsdale,15252822,11143,42,-81
2026-08-02T00:01:05.871452+00:00,1785628857,11692,364 Langley Centre/Scottsdale,15252822,11141,43,-107
2026-08-02T00:01:05.871452+00:00,1785628857,11692,364 Langley Centre/Scottsdale,15252822,4936,44,-79
2026-08-02T00:01:05.871452+00:00,1785628857,11692,364 Langley Centre/Scottsdale,15252822,4937,45,-95
2026-08-02T00:01:05.871452+00:00,1785628857,11692,364 Langley Centre/Scottsdale,15252822,4938,46,-116
2026-08-02T00:01:05.871452+00:00,1785628857,11692,364 Langley Centre/Scottsdale,15252822,5229,47,-106
2026-08-02T00:01:05.871452+00:00,1785628857,11692,364 Langley Centre/Scottsdale,15252822,4917,48,-31
2026-08-02T00:01:05.871452+00:00,1785628857,11692,364 Langley Centre/Scottsdale,15252824,9303,7,-47
2026-08-02T00:01:05.871452+00:00,1785628857,11692,364 Langley Centre/Scottsdale,15252824,9304,8,-61
2026-08-02T00:01:05.871452+00:00,1785628857,11692,364 Langley Centre/Scottsdale,15252824,6475,9,-28
2026-08-02T00:01:05.871452+00:00,1785628857,11692,364 Langley Centre/Scottsdale,15252824,6476,10,-49
2026-08-02T00:01:05.871452+00:00,1785628857,11692,364 Langley Centre/Scottsdale,15252824,5381,11,-59
2026-08-02T00:01:05.871452+00:00,1785628857,11692,364 Langley Centre/Scottsdale,15252824,12496,12,-59
2026-08-02T00:01:05.871452+00:00,1785628857,11692,364 Langley Centre/Scottsdale,15252824,5382,13,-69
2026-08-02T00:01:05.871452+00:00,1785628857,11692,364 Langley Centre/Scottsdale,15252824,12516,14,58
2026-08-02T00:01:05.871452+00:00,1785628857,11692,364 Langley Centre/Scottsdale,15252824,10257,15,18
2026-08-02T00:01:05.871452+00:00,1785628857,11692,364 Langley Centre/Scottsdale,15252824,10258,16,1
2026-08-02T00:01:05.871452+00:00,1785628857,11692,364 Langley Centre/Scottsdale,15252824,10259,17,-40
2026-08-02T00:01:05.871452+00:00,1785628857,11692,364 Langley Centre/Scottsdale,15252824,10260,18,0
2026-08-02T00:01:05.871452+00:00,1785628857,11692,364 Langley Centre/Scottsdale,15252824,10729,19,-41
2026-08-02T00:01:05.871452+00:00,1785628857,11692,364 Langley Centre/Scottsdale,15252824,13067,20,-62
2026-08-02T00:01:05.871452+00:00,1785628857,11692,364 Langley Centre/Scottsdale,15252824,10633,21,-86
2026-08-02T00:01:05.871452+00:00,1785628857,11692,364 Langley Centre/Scottsdale,15252824,10149,22,-51
2026-08-02T00:01:05.871452+00:00,1785628857,11692,364 Langley Centre/Scottsdale,15252824,10587,23,-69
2026-08-02T00:01:05.871452+00:00,1785628857,11692,364 Langley Centre/Scottsdale,15252824,10261,24,-95
2026-08-02T00:01:05.871452+00:00,1785628857,11692,364 Langley Centre/Scottsdale,15252824,10586,25,-128
2026-08-02T00:01:05.871452+00:00,1785628857,11692,364 Langley Centre/Scottsdale,15252824,9547,26,-105
2026-08-02T00:01:05.871452+00:00,1785628857,11692,364 Langley Centre/Scottsdale,15252824,9526,27,-128
2026-08-02T00:01:05.871452+00:00,1785628857,11692,364 Langley Centre/Scottsdale,15252824,12646,28,-139
2026-08-02T00:01:05.871452+00:00,1785628857,11692,364 Langley Centre/Scottsdale,15252824,11075,29,-272
2026-08-02T00:01:05.871452+00:00,1785628857,11692,364 Langley Centre/Scottsdale,15252824,11174,30,-291
2026-08-02T00:01:05.871452+00:00,1785628857,11692,364 Langley Centre/Scottsdale,15252824,11175,31,-317
2026-08-02T00:01:05.871452+00:00,1785628857,11692,364 Langley Centre/Scottsdale,15252824,11123,32,-313
2026-08-02T00:01:05.871452+00:00,1785628857,11692,364 Langley Centre/Scottsdale,15252824,11176,33,-304
2026-08-02T00:01:05.871452+00:00,1785628857,11692,364 Langley Centre/Scottsdale,15252824,11177,34,-330
2026-08-02T00:01:05.871452+00:00,1785628857,11692,364 Langley Centre/Scottsdale,15252824,11178,35,-354
2026-08-02T00:01:05.871452+00:00,1785628857,11692,364 Langley Centre/Scottsdale,15252824,6459,36,-255
2026-08-02T00:01:05.871452+00:00,1785628857,11692,364 Langley Centre/Scottsdale,15252824,6460,37,-257
2026-08-02T00:01:05.871452+00:00,1785628857,11692,364 Langley Centre/Scottsdale,15252824,5621,38,-249
2026-08-02T00:01:05.871452+00:00,1785628857,11692,364 Langley Centre/Scottsdale,15252824,5622,39,-267
2026-08-02T00:01:05.871452+00:00,1785628857,11692,364 Langley Centre/Scottsdale,15252824,11122,40,-228
2026-08-02T00:01:05.871452+00:00,1785628857,11692,364 Langley Centre/Scottsdale,15252824,11155,41,-237
2026-08-02T00:01:05.871452+00:00,1785628857,11692,364 Langley Centre/Scottsdale,15252824,11143,42,-237
2026-08-02T00:01:05.871452+00:00,1785628857,11692,364 Langley Centre/Scottsdale,15252824,11141,43,-263
2026-08-02T00:01:05.871452+00:00,1785628857,11692,364 Langley Centre/Scottsdale,15252824,4936,44,-236
2026-08-02T00:01:05.871452+00:00,1785628857,11692,364 Langley Centre/Scottsdale,15252824,4937,45,-252
2026-08-02T00:01:05.871452+00:00,1785628857,11692,364 Langley Centre/Scottsdale,15252824,4938,46,-274
2026-08-02T00:01:05.871452+00:00,1785628857,11692,364 Langley Centre/Scottsdale,15252824,5229,47,-263
2026-08-02T00:01:05.871452+00:00,1785628857,11692,364 Langley Centre/Scottsdale,15252824,4917,48,-189
2026-08-02T00:01:05.871452+00:00,1785628857,11692,364 Langley Centre/Scottsdale,15252840,5622,39,-312
2026-08-02T00:01:05.871452+00:00,1785628857,11692,364 Langley Centre/Scottsdale,15252840,11155,41,-416
2026-08-02T00:01:05.871452+00:00,1785628857,11692,364 Langley Centre/Scottsdale,15252840,11143,42,-416
2026-08-02T00:01:05.871452+00:00,1785628857,11692,364 Langley Centre/Scottsdale,15252840,11141,43,-441
2026-08-02T00:01:05.871452+00:00,1785628857,11692,364 Langley Centre/Scottsdale,15252840,4936,44,-411
2026-08-02T00:01:05.871452+00:00,1785628857,11692,364 Langley Centre/Scottsdale,15252840,4937,45,-423
2026-08-02T00:01:05.871452+00:00,1785628857,11692,364 Langley Centre/Scottsdale,15252840,4938,46,-439
2026-08-02T00:01:05.871452+00:00,1785628857,11692,364 Langley Centre/Scottsdale,15252840,5229,47,-429
2026-08-02T00:01:05.871452+00:00,1785628857,11692,364 Langley Centre/Scottsdale,15252840,4917,48,-353
2026-08-02T00:01:05.871452+00:00,1785628857,11692,364 Langley Centre/Scottsdale,15252841,9291,4,-913
2026-08-02T00:01:05.871452+00:00,1785628857,11692,364 Langley Centre/Scottsdale,15252841,9292,5,-925
2026-08-02T00:01:05.871452+00:00,1785628857,11692,364 Langley Centre/Scottsdale,15252841,11264,6,-928
2026-08-02T00:01:05.871452+00:00,1785628857,11692,364 Langley Centre/Scottsdale,15252841,9303,7,-928
2026-08-02T00:01:05.871452+00:00,1785628857,11692,364 Langley Centre/Scottsdale,15252841,9304,8,-939
2026-08-02T00:01:05.871452+00:00,1785628857,11692,364 Langley Centre/Scottsdale,15252841,6475,9,-908
2026-08-02T00:01:05.871452+00:00,1785628857,11692,364 Langley Centre/Scottsdale,15252841,6476,10,-929
2026-08-02T00:01:05.871452+00:00,1785628857,11692,364 Langley Centre/Scottsdale,15252841,5381,11,-938
2026-08-02T00:01:05.871452+00:00,1785628857,11692,364 Langley Centre/Scottsdale,15252841,12496,12,-938
2026-08-02T00:01:05.871452+00:00,1785628857,11692,364 Langley Centre/Scottsdale,15252841,5382,13,-949
2026-08-02T00:01:05.871452+00:00,1785628857,11692,364 Langley Centre/Scottsdale,15252841,12516,14,-822
2026-08-02T00:01:05.871452+00:00,1785628857,11692,364 Langley Centre/Scottsdale,15252841,10257,15,-862
2026-08-02T00:01:05.871452+00:00,1785628857,11692,364 Langley Centre/Scottsdale,15252841,10258,16,-878
2026-08-02T00:01:05.871452+00:00,1785628857,11692,364 Langley Centre/Scottsdale,15252841,10259,17,-921
2026-08-02T00:01:05.871452+00:00,1785628857,11692,364 Langley Centre/Scottsdale,15252841,10260,18,0
2026-08-02T00:01:05.871452+00:00,1785628857,11692,364 Langley Centre/Scottsdale,15252841,10729,19,-42
2026-08-02T00:01:05.871452+00:00,1785628857,11692,364 Langley Centre/Scottsdale,15252841,13067,20,-63
2026-08-02T00:01:05.871452+00:00,1785628857,11692,364 Langley Centre/Scottsdale,15252841,10633,21,-87
2026-08-02T00:01:05.871452+00:00,1785628857,11692,364 Langley Centre/Scottsdale,15252841,10149,22,-54
2026-08-02T00:01:05.871452+00:00,1785628857,11692,364 Langley Centre/Scottsdale,15252841,10587,23,-72
2026-08-02T00:01:05.871452+00:00,1785628857,11692,364 Langley Centre/Scottsdale,15252841,10261,24,-100
2026-08-02T00:01:05.871452+00:00,1785628857,11692,364 Langley Centre/Scottsdale,15252841,10586,25,-132
2026-08-02T00:01:05.871452+00:00,1785628857,11692,364 Langley Centre/Scottsdale,15252841,9547,26,-108
2026-08-02T00:01:05.871452+00:00,1785628857,11692,364 Langley Centre/Scottsdale,15252841,9526,27,-131
2026-08-02T00:01:05.871452+00:00,1785628857,11692,364 Langley Centre/Scottsdale,15252841,12646,28,-143
2026-08-02T00:01:05.871452+00:00,1785628857,11692,364 Langley Centre/Scottsdale,15252841,11075,29,-275
2026-08-02T00:01:05.871452+00:00,1785628857,11692,364 Langley Centre/Scottsdale,15252841,11174,30,-294
2026-08-02T00:01:05.871452+00:00,1785628857,11692,364 Langley Centre/Scottsdale,15252841,11175,31,-320
2026-08-02T00:01:05.871452+00:00,1785628857,11692,364 Langley Centre/Scottsdale,15252841,11123,32,-316
2026-08-02T00:01:05.871452+00:00,1785628857,11692,364 Langley Centre/Scottsdale,15252841,11176,33,-306
2026-08-02T00:01:05.871452+00:00,1785628857,11692,364 Langley Centre/Scottsdale,15252841,11177,34,-331
2026-08-02T00:01:05.871452+00:00,1785628857,11692,364 Langley Centre/Scottsdale,15252841,11178,35,-354
2026-08-02T00:01:05.871452+00:00,1785628857,11692,364 Langley Centre/Scottsdale,15252841,6459,36,-253
2026-08-02T00:01:05.871452+00:00,1785628857,11692,364 Langley Centre/Scottsdale,15252841,6460,37,-254
2026-08-02T00:01:05.871452+00:00,1785628857,11692,364 Langley Centre/Scottsdale,15252841,5621,38,-245
2026-08-02T00:01:05.871452+00:00,1785628857,11692,364 Langley Centre/Scottsdale,15252841,5622,39,-263
2026-08-02T00:01:05.871452+00:00,1785628857,11692,364 Langley Centre/Scottsdale,15252841,11122,40,-224
2026-08-02T00:01:05.871452+00:00,1785628857,11692,364 Langley Centre/Scottsdale,15252841,11155,41,-232
2026-08-02T00:01:05.871452+00:00,1785628857,11692,364 Langley Centre/Scottsdale,15252841,11143,42,-232
2026-08-02T00:01:05.871452+00:00,1785628857,11692,364 Langley Centre/Scottsdale,15252841,11141,43,-258
2026-08-02T00:01:05.871452+00:00,1785628857,11692,364 Langley Centre/Scottsdale,15252841,4936,44,-238
2026-08-02T00:01:05.871452+00:00,1785628857,11692,364 Langley Centre/Scottsdale,15252841,4937,45,-251
2026-08-02T00:01:05.871452+00:00,1785628857,11692,364 Langley Centre/Scottsdale,15252841,4938,46,-272
2026-08-02T00:01:05.871452+00:00,1785628857,11692,364 Langley Centre/Scottsdale,15252841,5229,47,-263
2026-08-02T00:01:05.871452+00:00,1785628857,11692,364 Langley Centre/Scottsdale,15252841,4917,48,-194
2026-08-02T00:01:05.871452+00:00,1785628857,18705,531 WhiteRock/WillowBrook,15259245,12173,45,-422
2026-08-02T00:01:05.871452+00:00,1785628857,18705,531 WhiteRock/WillowBrook,15259245,9291,46,-466
2026-08-02T00:01:05.871452+00:00,1785628857,18705,531 WhiteRock/WillowBrook,15259245,9292,47,-468
2026-08-02T00:01:05.871452+00:00,1785628857,18705,531 WhiteRock/WillowBrook,15259245,11264,48,-461
2026-08-02T00:01:05.871452+00:00,1785628857,18705,531 WhiteRock/WillowBrook,15259245,9303,49,-442
2026-08-02T00:01:05.871452+00:00,1785628857,18705,531 WhiteRock/WillowBrook,15259245,9304,50,-443
2026-08-02T00:01:05.871452+00:00,1785628857,18705,531 WhiteRock/WillowBrook,15259245,6475,51,-398
2026-08-02T00:01:05.871452+00:00,1785628857,18705,531 WhiteRock/WillowBrook,15259245,6476,52,-408
2026-08-02T00:01:05.871452+00:00,1785628857,18705,531 WhiteRock/WillowBrook,15259245,5335,53,-399
2026-08-02T00:01:05.871452+00:00,1785628857,18705,531 WhiteRock/WillowBrook,15259245,7100,54,-361
2026-08-02T00:01:05.871452+00:00,1785628857,18705,531 WhiteRock/WillowBrook,15259246,11574,10,182
2026-08-02T00:01:05.871452+00:00,1785628857,18705,531 WhiteRock/WillowBrook,15259246,11736,11,217
2026-08-02T00:01:05.871452+00:00,1785628857,18705,531 WhiteRock/WillowBrook,15259246,12379,12,217
2026-08-02T00:01:05.871452+00:00,1785628857,18705,531 WhiteRock/WillowBrook,15259246,11738,13,197
2026-08-02T00:01:05.871452+00:00,1785628857,18705,531 WhiteRock/WillowBrook,15259246,11743,14,174
2026-08-02T00:01:05.871452+00:00,1785628857,18705,531 WhiteRock/WillowBrook,15259246,12306,15,118
2026-08-02T00:01:05.871452+00:00,1785628857,18705,531 WhiteRock/WillowBrook,15259246,12218,16,77
2026-08-02T00:01:05.871452+00:00,1785628857,18705,531 WhiteRock/WillowBrook,15259246,11924,17,20
2026-08-02T00:01:05.871452+00:00,1785628857,18705,531 WhiteRock/WillowBrook,15259246,13131,18,-13
2026-08-02T00:01:05.871452+00:00,1785628857,18705,531 WhiteRock/WillowBrook,15259246,11923,19,-37
2026-08-02T00:01:05.871452+00:00,1785628857,18705,531 WhiteRock/WillowBrook,15259246,12597,20,-102
2026-08-02T00:01:05.871452+00:00,1785628857,18705,531 WhiteRock/WillowBrook,15259246,11922,21,-120
2026-08-02T00:01:05.871452+00:00,1785628857,18705,531 WhiteRock/WillowBrook,15259246,11744,22,-114
2026-08-02T00:01:05.871452+00:00,1785628857,18705,531 WhiteRock/WillowBrook,15259246,11839,23,-140
2026-08-02T00:01:05.871452+00:00,1785628857,18705,531 WhiteRock/WillowBrook,15259246,12922,24,-166
2026-08-02T00:01:05.871452+00:00,1785628857,18705,531 WhiteRock/WillowBrook,15259246,12923,25,-202
2026-08-02T00:01:05.871452+00:00,1785628857,18705,531 WhiteRock/WillowBrook,15259246,12925,26,-211
2026-08-02T00:01:05.871452+00:00,1785628857,18705,531 WhiteRock/WillowBrook,15259246,12928,27,-239
2026-08-02T00:01:05.871452+00:00,1785628857,18705,531 WhiteRock/WillowBrook,15259246,12930,28,-256
2026-08-02T00:01:05.871452+00:00,1785628857,18705,531 WhiteRock/WillowBrook,15259246,13042,29,-279
2026-08-02T00:01:05.871452+00:00,1785628857,18705,531 WhiteRock/WillowBrook,15259246,8936,30,-277
2026-08-02T00:01:05.871452+00:00,1785628857,18705,531 WhiteRock/WillowBrook,15259246,9030,31,-282
2026-08-02T00:01:05.871452+00:00,1785628857,18705,531 WhiteRock/WillowBrook,15259246,8937,32,-299
2026-08-02T00:01:05.871452+00:00,1785628857,18705,531 WhiteRock/WillowBrook,15259246,8938,33,-296
2026-08-02T00:01:05.871452+00:00,1785628857,18705,531 WhiteRock/WillowBrook,15259246,7081,34,-293
2026-08-02T00:01:05.871452+00:00,1785628857,18705,531 WhiteRock/WillowBrook,15259246,7082,35,-299
2026-08-02T00:01:05.871452+00:00,1785628857,18705,531 WhiteRock/WillowBrook,15259246,7083,36,-323
2026-08-02T00:01:05.871452+00:00,1785628857,18705,531 WhiteRock/WillowBrook,15259246,7084,37,-338
2026-08-02T00:01:05.871452+00:00,1785628857,18705,531 WhiteRock/WillowBrook,15259246,7085,38,-366
2026-08-02T00:01:05.871452+00:00,1785628857,18705,531 WhiteRock/WillowBrook,15259246,8939,39,-376
2026-08-02T00:01:05.871452+00:00,1785628857,18705,531 WhiteRock/WillowBrook,15259246,7086,40,-384
2026-08-02T00:01:05.871452+00:00,1785628857,18705,531 WhiteRock/WillowBrook,15259246,8940,41,-406
2026-08-02T00:01:05.871452+00:00,1785628857,18705,531 WhiteRock/WillowBrook,15259246,5341,42,-412
2026-08-02T00:01:05.871452+00:00,1785628857,18705,531 WhiteRock/WillowBrook,15259246,5342,43,-409
2026-08-02T00:01:05.871452+00:00,1785628857,18705,531 WhiteRock/WillowBrook,15259246,12293,44,-397
2026-08-02T00:01:05.871452+00:00,1785628857,18705,531 WhiteRock/WillowBrook,15259246,12173,45,-330
2026-08-02T00:01:05.871452+00:00,1785628857,18705,531 WhiteRock/WillowBrook,15259246,9291,46,-361
2026-08-02T00:01:05.871452+00:00,1785628857,18705,531 WhiteRock/WillowBrook,15259246,9292,47,-362
2026-08-02T00:01:05.871452+00:00,1785628857,18705,531 WhiteRock/WillowBrook,15259246,11264,48,-348
2026-08-02T00:01:05.871452+00:00,1785628857,18705,531 WhiteRock/WillowBrook,15259246,9303,49,-339
2026-08-02T00:01:05.871452+00:00,1785628857,18705,531 WhiteRock/WillowBrook,15259246,9304,50,-341
2026-08-02T00:01:05.871452+00:00,1785628857,18705,531 WhiteRock/WillowBrook,15259246,6475,51,-291
2026-08-02T00:01:05.871452+00:00,1785628857,18705,531 WhiteRock/WillowBrook,15259246,6476,52,-299
2026-08-02T00:01:05.871452+00:00,1785628857,18705,531 WhiteRock/WillowBrook,15259246,5335,53,-285
2026-08-02T00:01:05.871452+00:00,1785628857,18705,531 WhiteRock/WillowBrook,15259246,7100,54,-246
2026-08-02T00:01:05.871452+00:00,1785628857,18705,531 WhiteRock/WillowBrook,15259282,11750,31,53
2026-08-02T00:01:05.871452+00:00,1785628857,18705,531 WhiteRock/WillowBrook,15259282,11747,32,39
2026-08-02T00:01:05.871452+00:00,1785628857,18705,531 WhiteRock/WillowBrook,15259282,11745,33,30
2026-08-02T00:01:05.871452+00:00,1785628857,18705,531 WhiteRock/WillowBrook,15259282,13040,34,26
2026-08-02T00:01:05.871452+00:00,1785628857,18705,531 WhiteRock/WillowBrook,15259282,12598,35,7
2026-08-02T00:01:05.871452+00:00,1785628857,18705,531 WhiteRock/WillowBrook,15259282,11920,36,-36
2026-08-02T00:01:05.871452+00:00,1785628857,18705,531 WhiteRock/WillowBrook,15259282,13130,37,-63
2026-08-02T00:01:05.871452+00:00,1785628857,18705,531 WhiteRock/WillowBrook,15259282,11925,38,-88
2026-08-02T00:01:05.871452+00:00,1785628857,18705,531 WhiteRock/WillowBrook,15259282,12219,39,-112
2026-08-02T00:01:05.871452+00:00,1785628857,18705,531 WhiteRock/WillowBrook,15259282,11741,40,-224
2026-08-02T00:01:05.871452+00:00,1785628857,18705,531 WhiteRock/WillowBrook,15259282,11740,41,-228
2026-08-02T00:01:05.871452+00:00,1785628857,18705,531 WhiteRock/WillowBrook,15259282,11739,42,-172
2026-08-02T00:01:05.871452+00:00,1785628857,18705,531 WhiteRock/WillowBrook,15259282,11737,43,-122
2026-08-02T00:01:05.871452+00:00,1785628857,18705,531 WhiteRock/WillowBrook,15259282,11757,44,-143
2026-08-02T00:01:05.871452+00:00,1785628857,18705,531 WhiteRock/WillowBrook,15259282,11735,45,-105
2026-08-02T00:01:05.871452+00:00,1785628857,18705,531 WhiteRock/WillowBrook,15259282,11756,46,-99
2026-08-02T00:01:05.871452+00:00,1785628857,18705,531 WhiteRock/WillowBrook,15259282,5535,47,-66
2026-08-02T00:01:05.871452+00:00,1785628857,18705,531 WhiteRock/WillowBrook,15259282,5536,48,-78
2026-08-02T00:01:05.871452+00:00,1785628857,18705,531 WhiteRock/WillowBrook,15259282,5537,49,-77
2026-08-02T00:01:05.871452+00:00,1785628857,18705,531 WhiteRock/WillowBrook,15259282,5538,50,-81
2026-08-02T00:01:05.871452+00:00,1785628857,18705,531 WhiteRock/WillowBrook,15259282,5539,51,-60
2026-08-02T00:01:05.871452+00:00,1785628857,18705,531 WhiteRock/WillowBrook,15259282,5540,52,-46
2026-08-02T00:01:05.871452+00:00,1785628857,18705,531 WhiteRock/WillowBrook,15259283,11754,1,0
2026-08-02T00:01:05.871452+00:00,1785628857,18705,531 WhiteRock/WillowBrook,15259283,10747,12,-634
2026-08-02T00:01:05.871452+00:00,1785628857,18705,531 WhiteRock/WillowBrook,15259283,5364,13,-626
2026-08-02T00:01:05.871452+00:00,1785628857,18705,531 WhiteRock/WillowBrook,15259283,11775,14,-596
2026-08-02T00:01:05.871452+00:00,1785628857,18705,531 WhiteRock/WillowBrook,15259283,7171,15,-611
2026-08-02T00:01:05.871452+00:00,1785628857,18705,531 WhiteRock/WillowBrook,15259283,7172,16,-637
2026-08-02T00:01:05.871452+00:00,1785628857,18705,531 WhiteRock/WillowBrook,15259283,7173,17,-645
2026-08-02T00:01:05.871452+00:00,1785628857,18705,531 WhiteRock/WillowBrook,15259283,7174,18,-671
2026-08-02T00:01:05.871452+00:00,1785628857,18705,531 WhiteRock/WillowBrook,15259283,7175,19,-678
2026-08-02T00:01:05.871452+00:00,1785628857,18705,531 WhiteRock/WillowBrook,15259283,7176,20,-694
2026-08-02T00:01:05.871452+00:00,1785628857,18705,531 WhiteRock/WillowBrook,15259283,7177,21,-684
2026-08-02T00:01:05.871452+00:00,1785628857,18705,531 WhiteRock/WillowBrook,15259283,8948,22,-697
2026-08-02T00:01:05.871452+00:00,1785628857,18705,531 WhiteRock/WillowBrook,15259283,9031,23,-710
2026-08-02T00:01:05.871452+00:00,1785628857,18705,531 WhiteRock/WillowBrook,15259283,12931,24,-708
2026-08-02T00:01:05.871452+00:00,1785628857,18705,531 WhiteRock/WillowBrook,15259283,13041,25,-717
2026-08-02T00:01:05.871452+00:00,1785628857,18705,531 WhiteRock/WillowBrook,15259283,12929,26,-722
2026-08-02T00:01:05.871452+00:00,1785628857,18705,531 WhiteRock/WillowBrook,15259283,12927,27,-746
2026-08-02T00:01:05.871452+00:00,1785628857,18705,531 WhiteRock/WillowBrook,15259283,12926,28,-732
2026-08-02T00:01:05.871452+00:00,1785628857,18705,531 WhiteRock/WillowBrook,15259283,12924,29,-757
2026-08-02T00:01:05.871452+00:00,1785628857,18705,531 WhiteRock/WillowBrook,15259283,11751,30,-756
2026-08-02T00:01:05.871452+00:00,1785628857,18705,531 WhiteRock/WillowBrook,15259283,11750,31,-786
2026-08-02T00:01:05.871452+00:00,1785628857,18705,531 WhiteRock/WillowBrook,15259283,11747,32,-800
2026-08-02T00:01:05.871452+00:00,1785628857,18705,531 WhiteRock/WillowBrook,15259283,11745,33,-808
2026-08-02T00:01:05.871452+00:00,1785628857,18705,531 WhiteRock/WillowBrook,15259283,13040,34,-812
2026-08-02T00:01:05.871452+00:00,1785628857,18705,531 WhiteRock/WillowBrook,15259283,12598,35,-832
2026-08-02T00:01:05.871452+00:00,1785628857,18705,531 WhiteRock/WillowBrook,15259283,11920,36,-877
2026-08-02T00:01:05.871452+00:00,1785628857,18705,531 WhiteRock/WillowBrook,15259283,13130,37,-904
2026-08-02T00:01:05.871452+00:00,1785628857,18705,531 WhiteRock/WillowBrook,15259283,11925,38,-930
2026-08-02T00:01:05.871452+00:00,1785628857,18705,531 WhiteRock/WillowBrook,15259283,12219,39,-955
2026-08-02T00:01:05.871452+00:00,1785628857,18705,531 WhiteRock/WillowBrook,15259283,11741,40,-1067
2026-08-02T00:01:05.871452+00:00,1785628857,18705,531 WhiteRock/WillowBrook,15259283,11740,41,-1072
2026-08-02T00:01:05.871452+00:00,1785628857,18705,531 WhiteRock/WillowBrook,15259283,11739,42,-1019
2026-08-02T00:01:05.871452+00:00,1785628857,18705,531 WhiteRock/WillowBrook,15259283,11737,43,-971
2026-08-02T00:01:05.871452+00:00,1785628857,18705,531 WhiteRock/WillowBrook,15259283,11757,44,-992
2026-08-02T00:01:05.871452+00:00,1785628857,18705,531 WhiteRock/WillowBrook,15259283,11735,45,-955
2026-08-02T00:01:05.871452+00:00,1785628857,18705,531 WhiteRock/WillowBrook,15259283,11756,46,-948
2026-08-02T00:01:05.871452+00:00,1785628857,18705,531 WhiteRock/WillowBrook,15259283,5535,47,-914
2026-08-02T00:01:05.871452+00:00,1785628857,18705,531 WhiteRock/WillowBrook,15259283,5536,48,-924
2026-08-02T00:01:05.871452+00:00,1785628857,18705,531 WhiteRock/WillowBrook,15259283,5537,49,-918
2026-08-02T00:01:05.871452+00:00,1785628857,18705,531 WhiteRock/WillowBrook,15259283,5538,50,-921
2026-08-02T00:01:05.871452+00:00,1785628857,18705,531 WhiteRock/WillowBrook,15259283,5539,51,-898
2026-08-02T00:01:05.871452+00:00,1785628857,18705,531 WhiteRock/WillowBrook,15259283,5540,52,-882
2026-08-02T00:05:46.244582+00:00,1785629143,6705,321 Surrey Central/WhiteRock,15247329,11725,52,21
2026-08-02T00:05:46.244582+00:00,1785629143,6705,321 Surrey Central/WhiteRock,15247329,5040,53,42
2026-08-02T00:05:46.244582+00:00,1785629143,6705,321 Surrey Central/WhiteRock,15247329,5041,54,49
2026-08-02T00:05:46.244582+00:00,1785629143,6705,321 Surrey Central/WhiteRock,15247329,12155,55,61
2026-08-02T00:05:46.244582+00:00,1785629143,6705,321 Surrey Central/WhiteRock,15247329,9089,56,71
2026-08-02T00:05:46.244582+00:00,1785629143,6705,321 Surrey Central/WhiteRock,15247329,7213,57,63
2026-08-02T00:05:46.244582+00:00,1785629143,6705,321 Surrey Central/WhiteRock,15247330,5466,40,239
2026-08-02T00:05:46.244582+00:00,1785629143,6705,321 Surrey Central/WhiteRock,15247330,5467,41,283
2026-08-02T00:05:46.244582+00:00,1785629143,6705,321 Surrey Central/WhiteRock,15247330,5468,42,257
2026-08-02T00:05:46.244582+00:00,1785629143,6705,321 Surrey Central/WhiteRock,15247330,5469,43,216
2026-08-02T00:05:46.244582+00:00,1785629143,6705,321 Surrey Central/WhiteRock,15247330,5470,44,193
2026-08-02T00:05:46.244582+00:00,1785629143,6705,321 Surrey Central/WhiteRock,15247330,5471,45,161
2026-08-02T00:05:46.244582+00:00,1785629143,6705,321 Surrey Central/WhiteRock,15247330,5472,46,138
2026-08-02T00:05:46.244582+00:00,1785629143,6705,321 Surrey Central/WhiteRock,15247330,5473,47,93
2026-08-02T00:05:46.244582+00:00,1785629143,6705,321 Surrey Central/WhiteRock,15247330,5474,48,92
2026-08-02T00:05:46.244582+00:00,1785629143,6705,321 Surrey Central/WhiteRock,15247330,5475,49,50
2026-08-02T00:05:46.244582+00:00,1785629143,6705,321 Surrey Central/WhiteRock,15247330,5476,50,30
2026-08-02T00:05:46.244582+00:00,1785629143,6705,321 Surrey Central/WhiteRock,15247330,5477,51,12
2026-08-02T00:05:46.244582+00:00,1785629143,6705,321 Surrey Central/WhiteRock,15247330,11725,52,-12
2026-08-02T00:05:46.244582+00:00,1785629143,6705,321 Surrey Central/WhiteRock,15247330,5040,53,10
2026-08-02T00:05:46.244582+00:00,1785629143,6705,321 Surrey Central/WhiteRock,15247330,5041,54,17
2026-08-02T00:05:46.244582+00:00,1785629143,6705,321 Surrey Central/WhiteRock,15247330,12155,55,29
2026-08-02T00:05:46.244582+00:00,1785629143,6705,321 Surrey Central/WhiteRock,15247330,9089,56,39
2026-08-02T00:05:46.244582+00:00,1785629143,6705,321 Surrey Central/WhiteRock,15247330,7213,57,30
2026-08-02T00:05:46.244582+00:00,1785629143,6705,321 Surrey Central/WhiteRock,15247331,5700,38,0
2026-08-02T00:05:46.244582+00:00,1785629143,6705,321 Surrey Central/WhiteRock,15247331,5465,39,14
2026-08-02T00:05:46.244582+00:00,1785629143,6705,321 Surrey Central/WhiteRock,15247331,5466,40,-23
2026-08-02T00:05:46.244582+00:00,1785629143,6705,321 Surrey Central/WhiteRock,15247331,5467,41,21
2026-08-02T00:05:46.244582+00:00,1785629143,6705,321 Surrey Central/WhiteRock,15247331,5468,42,-5
2026-08-02T00:05:46.244582+00:00,1785629143,6705,321 Surrey Central/WhiteRock,15247331,5469,43,-35
2026-08-02T00:05:46.244582+00:00,1785629143,6705,321 Surrey Central/WhiteRock,15247331,5470,44,-57
2026-08-02T00:05:46.244582+00:00,1785629143,6705,321 Surrey Central/WhiteRock,15247331,5471,45,-89
2026-08-02T00:05:46.244582+00:00,1785629143,6705,321 Surrey Central/WhiteRock,15247331,5472,46,-109
2026-08-02T00:05:46.244582+00:00,1785629143,6705,321 Surrey Central/WhiteRock,15247331,5473,47,-154
2026-08-02T00:05:46.244582+00:00,1785629143,6705,321 Surrey Central/WhiteRock,15247331,5474,48,-156
2026-08-02T00:05:46.244582+00:00,1785629143,6705,321 Surrey Central/WhiteRock,15247331,5475,49,-198
2026-08-02T00:05:46.244582+00:00,1785629143,6705,321 Surrey Central/WhiteRock,15247331,5476,50,-213
2026-08-02T00:05:46.244582+00:00,1785629143,6705,321 Surrey Central/WhiteRock,15247331,5477,51,-231
2026-08-02T00:05:46.244582+00:00,1785629143,6705,321 Surrey Central/WhiteRock,15247331,11725,52,-256
2026-08-02T00:05:46.244582+00:00,1785629143,6705,321 Surrey Central/WhiteRock,15247331,5040,53,-235
2026-08-02T00:05:46.244582+00:00,1785629143,6705,321 Surrey Central/WhiteRock,15247331,5041,54,-228
2026-08-02T00:05:46.244582+00:00,1785629143,6705,321 Surrey Central/WhiteRock,15247331,12155,55,-216
2026-08-02T00:05:46.244582+00:00,1785629143,6705,321 Surrey Central/WhiteRock,15247331,9089,56,-206
2026-08-02T00:05:46.244582+00:00,1785629143,6705,321 Surrey Central/WhiteRock,15247331,7213,57,-215
2026-08-02T00:05:46.244582+00:00,1785629143,6705,321 Surrey Central/WhiteRock,15247332,5452,26,-64
2026-08-02T00:05:46.244582+00:00,1785629143,6705,321 Surrey Central/WhiteRock,15247332,11913,27,-76
2026-08-02T00:05:46.244582+00:00,1785629143,6705,321 Surrey Central/WhiteRock,15247332,5454,28,-82
2026-08-02T00:05:46.244582+00:00,1785629143,6705,321 Surrey Central/WhiteRock,15247332,5455,29,-85
2026-08-02T00:05:46.244582+00:00,1785629143,6705,321 Surrey Central/WhiteRock,15247332,5456,30,-33
2026-08-02T00:05:46.244582+00:00,1785629143,6705,321 Surrey Central/WhiteRock,15247332,12651,31,-55
2026-08-02T00:05:46.244582+00:00,1785629143,6705,321 Surrey Central/WhiteRock,15247332,5458,32,-49
2026-08-02T00:05:46.244582+00:00,1785629143,6705,321 Surrey Central/WhiteRock,15247332,5459,33,-37
2026-08-02T00:05:46.244582+00:00,1785629143,6705,321 Surrey Central/WhiteRock,15247332,5460,34,-42
2026-08-02T00:05:46.244582+00:00,1785629143,6705,321 Surrey Central/WhiteRock,15247332,5461,35,-48
2026-08-02T00:05:46.244582+00:00,1785629143,6705,321 Surrey Central/WhiteRock,15247332,5462,36,-52
2026-08-02T00:05:46.244582+00:00,1785629143,6705,321 Surrey Central/WhiteRock,15247332,5463,37,4
2026-08-02T00:05:46.244582+00:00,1785629143,6705,321 Surrey Central/WhiteRock,15247332,5700,38,124
2026-08-02T00:05:46.244582+00:00,1785629143,6705,321 Surrey Central/WhiteRock,15247332,5465,39,138
2026-08-02T00:05:46.244582+00:00,1785629143,6705,321 Surrey Central/WhiteRock,15247332,5466,40,99
2026-08-02T00:05:46.244582+00:00,1785629143,6705,321 Surrey Central/WhiteRock,15247332,5467,41,143
2026-08-02T00:05:46.244582+00:00,1785629143,6705,321 Surrey Central/WhiteRock,15247332,5468,42,117
2026-08-02T00:05:46.244582+00:00,1785629143,6705,321 Surrey Central/WhiteRock,15247332,5469,43,93
2026-08-02T00:05:46.244582+00:00,1785629143,6705,321 Surrey Central/WhiteRock,15247332,5470,44,71
2026-08-02T00:05:46.244582+00:00,1785629143,6705,321 Surrey Central/WhiteRock,15247332,5471,45,39
2026-08-02T00:05:46.244582+00:00,1785629143,6705,321 Surrey Central/WhiteRock,15247332,5472,46,19
2026-08-02T00:05:46.244582+00:00,1785629143,6705,321 Surrey Central/WhiteRock,15247332,5473,47,-26
2026-08-02T00:05:46.244582+00:00,1785629143,6705,321 Surrey Central/WhiteRock,15247332,5474,48,-27
2026-08-02T00:05:46.244582+00:00,1785629143,6705,321 Surrey Central/WhiteRock,15247332,5475,49,-69
2026-08-02T00:05:46.244582+00:00,1785629143,6705,321 Surrey Central/WhiteRock,15247332,5476,50,-85
2026-08-02T00:05:46.244582+00:00,1785629143,6705,321 Surrey Central/WhiteRock,15247332,5477,51,-103
2026-08-02T00:05:46.244582+00:00,1785629143,6705,321 Surrey Central/WhiteRock,15247332,11725,52,-128
2026-08-02T00:05:46.244582+00:00,1785629143,6705,321 Surrey Central/WhiteRock,15247332,5040,53,-110
2026-08-02T00:05:46.244582+00:00,1785629143,6705,321 Surrey Central/WhiteRock,15247332,5041,54,-103
2026-08-02T00:05:46.244582+00:00,1785629143,6705,321 Surrey Central/WhiteRock,15247332,12155,55,-92
2026-08-02T00:05:46.244582+00:00,1785629143,6705,321 Surrey Central/WhiteRock,15247332,9089,56,-81
2026-08-02T00:05:46.244582+00:00,1785629143,6705,321 Surrey Central/WhiteRock,15247332,7213,57,-91
2026-08-02T00:05:46.244582+00:00,1785629143,6705,321 Surrey Central/WhiteRock,15247333,5446,18,159
2026-08-02T00:05:46.244582+00:00,1785629143,6705,321 Surrey Central/WhiteRock,15247333,10445,19,155
2026-08-02T00:05:46.244582+00:00,1785629143,6705,321 Surrey Central/WhiteRock,15247333,5447,20,126
2026-08-02T00:05:46.244582+00:00,1785629143,6705,321 Surrey Central/WhiteRock,15247333,5448,21,133
2026-08-02T00:05:46.244582+00:00,1785629143,6705,321 Surrey Central/WhiteRock,15247333,10437,22,123
2026-08-02T00:05:46.244582+00:00,1785629143,6705,321 Surrey Central/WhiteRock,15247333,5449,23,78
2026-08-02T00:05:46.244582+00:00,1785629143,6705,321 Surrey Central/WhiteRock,15247333,11313,24,44
2026-08-02T00:05:46.244582+00:00,1785629143,6705,321 Surrey Central/WhiteRock,15247333,10808,25,-86
2026-08-02T00:05:46.244582+00:00,1785629143,6705,321 Surrey Central/WhiteRock,15247333,5452,26,-197
2026-08-02T00:05:46.244582+00:00,1785629143,6705,321 Surrey Central/WhiteRock,15247333,11913,27,-209
2026-08-02T00:05:46.244582+00:00,1785629143,6705,321 Surrey Central/WhiteRock,15247333,5454,28,-215
2026-08-02T00:05:46.244582+00:00,1785629143,6705,321 Surrey Central/WhiteRock,15247333,5455,29,-218
2026-08-02T00:05:46.244582+00:00,1785629143,6705,321 Surrey Central/WhiteRock,15247333,5456,30,-166
2026-08-02T00:05:46.244582+00:00,1785629143,6705,321 Surrey Central/WhiteRock,15247333,12651,31,-188
2026-08-02T00:05:46.244582+00:00,1785629143,6705,321 Surrey Central/WhiteRock,15247333,5458,32,-182
2026-08-02T00:05:46.244582+00:00,1785629143,6705,321 Surrey Central/WhiteRock,15247333,5459,33,-170
2026-08-02T00:05:46.244582+00:00,1785629143,6705,321 Surrey Central/WhiteRock,15247333,5460,34,-176
2026-08-02T00:05:46.244582+00:00,1785629143,6705,321 Surrey Central/WhiteRock,15247333,5461,35,-182
2026-08-02T00:05:46.244582+00:00,1785629143,6705,321 Surrey Central/WhiteRock,15247333,5462,36,-186
2026-08-02T00:05:46.244582+00:00,1785629143,6705,321 Surrey Central/WhiteRock,15247333,5463,37,-129
2026-08-02T00:05:46.244582+00:00,1785629143,6705,321 Surrey Central/WhiteRock,15247333,5700,38,0
2026-08-02T00:05:46.244582+00:00,1785629143,6705,321 Surrey Central/WhiteRock,15247333,5465,39,14
2026-08-02T00:05:46.244582+00:00,1785629143,6705,321 Surrey Central/WhiteRock,15247333,5466,40,-25
2026-08-02T00:05:46.244582+00:00,1785629143,6705,321 Surrey Central/WhiteRock,15247333,5467,41,19
2026-08-02T00:05:46.244582+00:00,1785629143,6705,321 Surrey Central/WhiteRock,15247333,5468,42,-7
2026-08-02T00:05:46.244582+00:00,1785629143,6705,321 Surrey Central/WhiteRock,15247333,5469,43,-34
2026-08-02T00:05:46.244582+00:00,1785629143,6705,321 Surrey Central/WhiteRock,15247333,5470,44,-56
2026-08-02T00:05:46.244582+00:00,1785629143,6705,321 Surrey Central/WhiteRock,15247333,5471,45,-88
2026-08-02T00:05:46.244582+00:00,1785629143,6705,321 Surrey Central/WhiteRock,15247333,5472,46,-108
2026-08-02T00:05:46.244582+00:00,1785629143,6705,321 Surrey Central/WhiteRock,15247333,5473,47,-153
2026-08-02T00:05:46.244582+00:00,1785629143,6705,321 Surrey Central/WhiteRock,15247333,5474,48,-154
2026-08-02T00:05:46.244582+00:00,1785629143,6705,321 Surrey Central/WhiteRock,15247333,5475,49,-196
2026-08-02T00:05:46.244582+00:00,1785629143,6705,321 Surrey Central/WhiteRock,15247333,5476,50,-211
2026-08-02T00:05:46.244582+00:00,1785629143,6705,321 Surrey Central/WhiteRock,15247333,5477,51,-229
2026-08-02T00:05:46.244582+00:00,1785629143,6705,321 Surrey Central/WhiteRock,15247333,11725,52,-254
2026-08-02T00:05:46.244582+00:00,1785629143,6705,321 Surrey Central/WhiteRock,15247333,5040,53,-239
2026-08-02T00:05:46.244582+00:00,1785629143,6705,321 Surrey Central/WhiteRock,15247333,5041,54,-232
2026-08-02T00:05:46.244582+00:00,1785629143,6705,321 Surrey Central/WhiteRock,15247333,12155,55,-221
2026-08-02T00:05:46.244582+00:00,1785629143,6705,321 Surrey Central/WhiteRock,15247333,9089,56,-210
2026-08-02T00:05:46.244582+00:00,1785629143,6705,321 Surrey Central/WhiteRock,15247333,7213,57,-220
2026-08-02T00:05:46.244582+00:00,1785629143,6705,321 Surrey Central/WhiteRock,15247334,6356,8,130
2026-08-02T00:05:46.244582+00:00,1785629143,6705,321 Surrey Central/WhiteRock,15247334,6174,9,182
2026-08-02T00:05:46.244582+00:00,1785629143,6705,321 Surrey Central/WhiteRock,15247334,5437,10,206
2026-08-02T00:05:46.244582+00:00,1785629143,6705,321 Surrey Central/WhiteRock,15247334,5438,11,201
2026-08-02T00:05:46.244582+00:00,1785629143,6705,321 Surrey Central/WhiteRock,15247334,5439,12,210
2026-08-02T00:05:46.244582+00:00,1785629143,6705,321 Surrey Central/WhiteRock,15247334,5440,13,198
2026-08-02T00:05:46.244582+00:00,1785629143,6705,321 Surrey Central/WhiteRock,15247334,5441,14,226
2026-08-02T00:05:46.244582+00:00,1785629143,6705,321 Surrey Central/WhiteRock,15247334,5442,15,208
2026-08-02T00:05:46.244582+00:00,1785629143,6705,321 Surrey Central/WhiteRock,15247334,5444,16,216
2026-08-02T00:05:46.244582+00:00,1785629143,6705,321 Surrey Central/WhiteRock,15247334,9083,17,194
2026-08-02T00:05:46.244582+00:00,1785629143,6705,321 Surrey Central/WhiteRock,15247334,5446,18,206
2026-08-02T00:05:46.244582+00:00,1785629143,6705,321 Surrey Central/WhiteRock,15247334,10445,19,207
2026-08-02T00:05:46.244582+00:00,1785629143,6705,321 Surrey Central/WhiteRock,15247334,5447,20,179
2026-08-02T00:05:46.244582+00:00,1785629143,6705,321 Surrey Central/WhiteRock,15247334,5448,21,183
2026-08-02T00:05:46.244582+00:00,1785629143,6705,321 Surrey Central/WhiteRock,15247334,10437,22,173
2026-08-02T00:05:46.244582+00:00,1785629143,6705,321 Surrey Central/WhiteRock,15247334,5449,23,128
2026-08-02T00:05:46.244582+00:00,1785629143,6705,321 Surrey Central/WhiteRock,15247334,11313,24,93
2026-08-02T00:05:46.244582+00:00,1785629143,6705,321 Surrey Central/WhiteRock,15247334,10808,25,-37
2026-08-02T00:05:46.244582+00:00,1785629143,6705,321 Surrey Central/WhiteRock,15247334,5452,26,-148
2026-08-02T00:05:46.244582+00:00,1785629143,6705,321 Surrey Central/WhiteRock,15247334,11913,27,-160
2026-08-02T00:05:46.244582+00:00,1785629143,6705,321 Surrey Central/WhiteRock,15247334,5454,28,-166
2026-08-02T00:05:46.244582+00:00,1785629143,6705,321 Surrey Central/WhiteRock,15247334,5455,29,-169
2026-08-02T00:05:46.244582+00:00,1785629143,6705,321 Surrey Central/WhiteRock,15247334,5456,30,-118
2026-08-02T00:05:46.244582+00:00,1785629143,6705,321 Surrey Central/WhiteRock,15247334,12651,31,-140
2026-08-02T00:05:46.244582+00:00,1785629143,6705,321 Surrey Central/WhiteRock,15247334,5458,32,-134
2026-08-02T00:05:46.244582+00:00,1785629143,6705,321 Surrey Central/WhiteRock,15247334,5459,33,-123
2026-08-02T00:05:46.244582+00:00,1785629143,6705,321 Surrey Central/WhiteRock,15247334,5460,34,-129
2026-08-02T00:05:46.244582+00:00,1785629143,6705,321 Surrey Central/WhiteRock,15247334,5461,35,-135
2026-08-02T00:05:46.244582+00:00,1785629143,6705,321 Surrey Central/WhiteRock,15247334,5462,36,-139
2026-08-02T00:05:46.244582+00:00,1785629143,6705,321 Surrey Central/WhiteRock,15247334,5463,37,-86
2026-08-02T00:05:46.244582+00:00,1785629143,6705,321 Surrey Central/WhiteRock,15247334,5700,38,34
2026-08-02T00:05:46.244582+00:00,1785629143,6705,321 Surrey Central/WhiteRock,15247334,5465,39,52
2026-08-02T00:05:46.244582+00:00,1785629143,6705,321 Surrey Central/WhiteRock,15247334,5466,40,13
2026-08-02T00:05:46.244582+00:00,1785629143,6705,321 Surrey Central/WhiteRock,15247334,5467,41,57
2026-08-02T00:05:46.244582+00:00,1785629143,6705,321 Surrey Central/WhiteRock,15247334,5468,42,31
2026-08-02T00:05:46.244582+00:00,1785629143,6705,321 Surrey Central/WhiteRock,15247334,5469,43,-4
2026-08-02T00:05:46.244582+00:00,1785629143,6705,321 Surrey Central/WhiteRock,15247334,5470,44,-26
2026-08-02T00:05:46.244582+00:00,1785629143,6705,321 Surrey Central/WhiteRock,15247334,5471,45,-57
2026-08-02T00:05:46.244582+00:00,1785629143,6705,321 Surrey Central/WhiteRock,15247334,5472,46,-80
2026-08-02T00:05:46.244582+00:00,1785629143,6705,321 Surrey Central/WhiteRock,15247334,5473,47,-125
2026-08-02T00:05:46.244582+00:00,1785629143,6705,321 Surrey Central/WhiteRock,15247334,5474,48,-125
2026-08-02T00:05:46.244582+00:00,1785629143,6705,321 Surrey Central/WhiteRock,15247334,5475,49,-167
2026-08-02T00:05:46.244582+00:00,1785629143,6705,321 Surrey Central/WhiteRock,15247334,5476,50,-186
2026-08-02T00:05:46.244582+00:00,1785629143,6705,321 Surrey Central/WhiteRock,15247334,5477,51,-205
2026-08-02T00:05:46.244582+00:00,1785629143,6705,321 Surrey Central/WhiteRock,15247334,11725,52,-230
2026-08-02T00:05:46.244582+00:00,1785629143,6705,321 Surrey Central/WhiteRock,15247334,5040,53,-214
2026-08-02T00:05:46.244582+00:00,1785629143,6705,321 Surrey Central/WhiteRock,15247334,5041,54,-207
2026-08-02T00:05:46.244582+00:00,1785629143,6705,321 Surrey Central/WhiteRock,15247334,12155,55,-196
2026-08-02T00:05:46.244582+00:00,1785629143,6705,321 Surrey Central/WhiteRock,15247334,9089,56,-185
2026-08-02T00:05:46.244582+00:00,1785629143,6705,321 Surrey Central/WhiteRock,15247334,7213,57,-195
2026-08-02T00:05:46.244582+00:00,1785629143,6705,321 Surrey Central/WhiteRock,15247335,6197,1,0
2026-08-02T00:05:46.244582+00:00,1785629143,6705,321 Surrey Central/WhiteRock,15247335,6198,2,0
2026-08-02T00:05:46.244582+00:00,1785629143,6705,321 Surrey Central/WhiteRock,15247335,6199,3,0
2026-08-02T00:05:46.244582+00:00,1785629143,6705,321 Surrey Central/WhiteRock,15247335,6200,4,0
2026-08-02T00:05:46.244582+00:00,1785629143,6705,321 Surrey Central/WhiteRock,15247335,6201,5,0
2026-08-02T00:05:46.244582+00:00,1785629143,6705,321 Surrey Central/WhiteRock,15247335,6354,6,0
2026-08-02T00:05:46.244582+00:00,1785629143,6705,321 Surrey Central/WhiteRock,15247335,6355,7,0
2026-08-02T00:05:46.244582+00:00,1785629143,6705,321 Surrey Central/WhiteRock,15247335,6356,8,0
2026-08-02T00:05:46.244582+00:00,1785629143,6705,321 Surrey Central/WhiteRock,15247335,6174,9,0
2026-08-02T00:05:46.244582+00:00,1785629143,6705,321 Surrey Central/WhiteRock,15247335,5437,10,0
2026-08-02T00:05:46.244582+00:00,1785629143,6705,321 Surrey Central/WhiteRock,15247335,5438,11,0
2026-08-02T00:05:46.244582+00:00,1785629143,6705,321 Surrey Central/WhiteRock,15247335,5439,12,0
2026-08-02T00:05:46.244582+00:00,1785629143,6705,321 Surrey Central/WhiteRock,15247335,5440,13,0
2026-08-02T00:05:46.244582+00:00,1785629143,6705,321 Surrey Central/WhiteRock,15247335,5441,14,0
2026-08-02T00:05:46.244582+00:00,1785629143,6705,321 Surrey Central/WhiteRock,15247335,5442,15,0
2026-08-02T00:05:46.244582+00:00,1785629143,6705,321 Surrey Central/WhiteRock,15247335,5444,16,0
2026-08-02T00:05:46.244582+00:00,1785629143,6705,321 Surrey Central/WhiteRock,15247335,9083,17,0
2026-08-02T00:05:46.244582+00:00,1785629143,6705,321 Surrey Central/WhiteRock,15247335,5446,18,0
2026-08-02T00:05:46.244582+00:00,1785629143,6705,321 Surrey Central/WhiteRock,15247335,10445,19,0
2026-08-02T00:05:46.244582+00:00,1785629143,6705,321 Surrey Central/WhiteRock,15247335,5447,20,0
2026-08-02T00:05:46.244582+00:00,1785629143,6705,321 Surrey Central/WhiteRock,15247335,5448,21,0
2026-08-02T00:05:46.244582+00:00,1785629143,6705,321 Surrey Central/WhiteRock,15247335,10437,22,0
2026-08-02T00:05:46.244582+00:00,1785629143,6705,321 Surrey Central/WhiteRock,15247335,5449,23,0
2026-08-02T00:05:46.244582+00:00,1785629143,6705,321 Surrey Central/WhiteRock,15247335,11313,24,0
2026-08-02T00:05:46.244582+00:00,1785629143,6705,321 Surrey Central/WhiteRock,15247335,10808,25,0
2026-08-02T00:05:46.244582+00:00,1785629143,6705,321 Surrey Central/WhiteRock,15247335,5452,26,0
2026-08-02T00:05:46.244582+00:00,1785629143,6705,321 Surrey Central/WhiteRock,15247335,11913,27,0
2026-08-02T00:05:46.244582+00:00,1785629143,6705,321 Surrey Central/WhiteRock,15247335,5454,28,0
2026-08-02T00:05:46.244582+00:00,1785629143,6705,321 Surrey Central/WhiteRock,15247335,5455,29,0
2026-08-02T00:05:46.244582+00:00,1785629143,6705,321 Surrey Central/WhiteRock,15247335,5456,30,0
2026-08-02T00:05:46.244582+00:00,1785629143,6705,321 Surrey Central/WhiteRock,15247335,12651,31,0
2026-08-02T00:05:46.244582+00:00,1785629143,6705,321 Surrey Central/WhiteRock,15247335,5458,32,0
2026-08-02T00:05:46.244582+00:00,1785629143,6705,321 Surrey Central/WhiteRock,15247335,5459,33,0
2026-08-02T00:05:46.244582+00:00,1785629143,6705,321 Surrey Central/WhiteRock,15247335,5460,34,0
2026-08-02T00:05:46.244582+00:00,1785629143,6705,321 Surrey Central/WhiteRock,15247335,5461,35,0
2026-08-02T00:05:46.244582+00:00,1785629143,6705,321 Surrey Central/WhiteRock,15247335,5462,36,0
2026-08-02T00:05:46.244582+00:00,1785629143,6705,321 Surrey Central/WhiteRock,15247335,5463,37,0
2026-08-02T00:05:46.244582+00:00,1785629143,6705,321 Surrey Central/WhiteRock,15247335,5700,38,0
2026-08-02T00:05:46.244582+00:00,1785629143,6705,321 Surrey Central/WhiteRock,15247335,5465,39,0
2026-08-02T00:05:46.244582+00:00,1785629143,6705,321 Surrey Central/WhiteRock,15247335,5466,40,0
2026-08-02T00:05:46.244582+00:00,1785629143,6705,321 Surrey Central/WhiteRock,15247335,5467,41,0
2026-08-02T00:05:46.244582+00:00,1785629143,6705,321 Surrey Central/WhiteRock,15247335,5468,42,0
2026-08-02T00:05:46.244582+00:00,1785629143,6705,321 Surrey Central/WhiteRock,15247335,5469,43,0
2026-08-02T00:05:46.244582+00:00,1785629143,6705,321 Surrey Central/WhiteRock,15247335,5470,44,0
2026-08-02T00:05:46.244582+00:00,1785629143,6705,321 Surrey Central/WhiteRock,15247335,5471,45,0
2026-08-02T00:05:46.244582+00:00,1785629143,6705,321 Surrey Central/WhiteRock,15247335,5472,46,0
2026-08-02T00:05:46.244582+00:00,1785629143,6705,321 Surrey Central/WhiteRock,15247335,5473,47,0
2026-08-02T00:05:46.244582+00:00,1785629143,6705,321 Surrey Central/WhiteRock,15247335,5474,48,0
2026-08-02T00:05:46.244582+00:00,1785629143,6705,321 Surrey Central/WhiteRock,15247335,5475,49,0
2026-08-02T00:05:46.244582+00:00,1785629143,6705,321 Surrey Central/WhiteRock,15247335,5476,50,0
2026-08-02T00:05:46.244582+00:00,1785629143,6705,321 Surrey Central/WhiteRock,15247335,5477,51,0
2026-08-02T00:05:46.244582+00:00,1785629143,6705,321 Surrey Central/WhiteRock,15247335,11725,52,0
2026-08-02T00:05:46.244582+00:00,1785629143,6705,321 Surrey Central/WhiteRock,15247335,5040,53,0
2026-08-02T00:05:46.244582+00:00,1785629143,6705,321 Surrey Central/WhiteRock,15247335,5041,54,0
2026-08-02T00:05:46.244582+00:00,1785629143,6705,321 Surrey Central/WhiteRock,15247335,12155,55,0
2026-08-02T00:05:46.244582+00:00,1785629143,6705,321 Surrey Central/WhiteRock,15247335,9089,56,0
2026-08-02T00:05:46.244582+00:00,1785629143,6705,321 Surrey Central/WhiteRock,15247335,7213,57,0
2026-08-02T00:05:46.244582+00:00,1785629143,6705,321 Surrey Central/WhiteRock,15247364,10880,1,0
2026-08-02T00:05:46.244582+00:00,1785629143,6705,321 Surrey Central/WhiteRock,15247364,5046,2,0
2026-08-02T00:05:46.244582+00:00,1785629143,6705,321 Surrey Central/WhiteRock,15247364,5047,3,0
2026-08-02T00:05:46.244582+00:00,1785629143,6705,321 Surrey Central/WhiteRock,15247364,8566,4,0
2026-08-02T00:05:46.244582+00:00,1785629143,6705,321 Surrey Central/WhiteRock,15247364,12916,5,0
2026-08-02T00:05:46.244582+00:00,1785629143,6705,321 Surrey Central/WhiteRock,15247364,5049,6,0
2026-08-02T00:05:46.244582+00:00,1785629143,6705,321 Surrey Central/WhiteRock,15247364,5039,7,0
2026-08-02T00:05:46.244582+00:00,1785629143,6705,321 Surrey Central/WhiteRock,15247364,8351,8,0
2026-08-02T00:05:46.244582+00:00,1785629143,6705,321 Surrey Central/WhiteRock,15247364,5496,9,0
2026-08-02T00:05:46.244582+00:00,1785629143,6705,321 Surrey Central/WhiteRock,15247364,5497,10,0
2026-08-02T00:05:46.244582+00:00,1785629143,6705,321 Surrey Central/WhiteRock,15247364,5498,11,0
2026-08-02T00:05:46.244582+00:00,1785629143,6705,321 Surrey Central/WhiteRock,15247364,5499,12,0
2026-08-02T00:05:46.244582+00:00,1785629143,6705,321 Surrey Central/WhiteRock,15247364,5500,13,0
2026-08-02T00:05:46.244582+00:00,1785629143,6705,321 Surrey Central/WhiteRock,15247364,5501,14,0
2026-08-02T00:05:46.244582+00:00,1785629143,6705,321 Surrey Central/WhiteRock,15247364,5502,15,0
2026-08-02T00:05:46.244582+00:00,1785629143,6705,321 Surrey Central/WhiteRock,15247364,5503,16,0
2026-08-02T00:05:46.244582+00:00,1785629143,6705,321 Surrey Central/WhiteRock,15247364,5504,17,0
2026-08-02T00:05:46.244582+00:00,1785629143,6705,321 Surrey Central/WhiteRock,15247364,5505,18,0
2026-08-02T00:05:46.244582+00:00,1785629143,6705,321 Surrey Central/WhiteRock,15247364,5507,19,0
2026-08-02T00:05:46.244582+00:00,1785629143,6705,321 Surrey Central/WhiteRock,15247364,5633,20,0
2026-08-02T00:05:46.244582+00:00,1785629143,6705,321 Surrey Central/WhiteRock,15247364,5510,21,0
2026-08-02T00:05:46.244582+00:00,1785629143,6705,321 Surrey Central/WhiteRock,15247364,5511,22,0
2026-08-02T00:05:46.244582+00:00,1785629143,6705,321 Surrey Central/WhiteRock,15247364,5512,23,0
2026-08-02T00:05:46.244582+00:00,1785629143,6705,321 Surrey Central/WhiteRock,15247364,5513,24,0
2026-08-02T00:05:46.244582+00:00,1785629143,6705,321 Surrey Central/WhiteRock,15247364,5514,25,0
2026-08-02T00:05:46.244582+00:00,1785629143,6705,321 Surrey Central/WhiteRock,15247364,5515,26,0
2026-08-02T00:05:46.244582+00:00,1785629143,6705,321 Surrey Central/WhiteRock,15247364,5516,27,0
2026-08-02T00:05:46.244582+00:00,1785629143,6705,321 Surrey Central/WhiteRock,15247364,5517,28,0
2026-08-02T00:05:46.244582+00:00,1785629143,6705,321 Surrey Central/WhiteRock,15247364,5518,29,0
2026-08-02T00:05:46.244582+00:00,1785629143,6705,321 Surrey Central/WhiteRock,15247364,5519,30,0
2026-08-02T00:05:46.244582+00:00,1785629143,6705,321 Surrey Central/WhiteRock,15247364,5520,31,0
2026-08-02T00:05:46.244582+00:00,1785629143,6705,321 Surrey Central/WhiteRock,15247364,5521,32,0
2026-08-02T00:05:46.244582+00:00,1785629143,6705,321 Surrey Central/WhiteRock,15247364,5522,33,0
2026-08-02T00:05:46.244582+00:00,1785629143,6705,321 Surrey Central/WhiteRock,15247364,5523,34,0
2026-08-02T00:05:46.244582+00:00,1785629143,6705,321 Surrey Central/WhiteRock,15247364,6466,35,0
2026-08-02T00:05:46.244582+00:00,1785629143,6705,321 Surrey Central/WhiteRock,15247364,5524,36,0
2026-08-02T00:05:46.244582+00:00,1785629143,6705,321 Surrey Central/WhiteRock,15247364,5525,37,0
2026-08-02T00:05:46.244582+00:00,1785629143,6705,321 Surrey Central/WhiteRock,15247364,10443,38,0
2026-08-02T00:05:46.244582+00:00,1785629143,6705,321 Surrey Central/WhiteRock,15247364,5528,39,0
2026-08-02T00:05:46.244582+00:00,1785629143,6705,321 Surrey Central/WhiteRock,15247364,5529,40,0
2026-08-02T00:05:46.244582+00:00,1785629143,6705,321 Surrey Central/WhiteRock,15247364,5530,41,0
2026-08-02T00:05:46.244582+00:00,1785629143,6705,321 Surrey Central/WhiteRock,15247364,5533,42,0
2026-08-02T00:05:46.244582+00:00,1785629143,6705,321 Surrey Central/WhiteRock,15247364,5534,43,0
2026-08-02T00:05:46.244582+00:00,1785629143,6705,321 Surrey Central/WhiteRock,15247364,5535,44,0
2026-08-02T00:05:46.244582+00:00,1785629143,6705,321 Surrey Central/WhiteRock,15247364,5536,45,0
2026-08-02T00:05:46.244582+00:00,1785629143,6705,321 Surrey Central/WhiteRock,15247364,5537,46,0
2026-08-02T00:05:46.244582+00:00,1785629143,6705,321 Surrey Central/WhiteRock,15247364,5538,47,0
2026-08-02T00:05:46.244582+00:00,1785629143,6705,321 Surrey Central/WhiteRock,15247364,5541,48,0
2026-08-02T00:05:46.244582+00:00,1785629143,6705,321 Surrey Central/WhiteRock,15247364,5542,49,0
2026-08-02T00:05:46.244582+00:00,1785629143,6705,321 Surrey Central/WhiteRock,15247364,6195,50,0
2026-08-02T00:05:46.244582+00:00,1785629143,6705,321 Surrey Central/WhiteRock,15247374,5046,2,-306
2026-08-02T00:05:46.244582+00:00,1785629143,6705,321 Surrey Central/WhiteRock,15247374,5047,3,-304
2026-08-02T00:05:46.244582+00:00,1785629143,6705,321 Surrey Central/WhiteRock,15247374,8566,4,-332
2026-08-02T00:05:46.244582+00:00,1785629143,6705,321 Surrey Central/WhiteRock,15247374,12916,5,-317
2026-08-02T00:05:46.244582+00:00,1785629143,6705,321 Surrey Central/WhiteRock,15247374,5049,6,-324
2026-08-02T00:05:46.244582+00:00,1785629143,6705,321 Surrey Central/WhiteRock,15247374,5039,7,-321
2026-08-02T00:05:46.244582+00:00,1785629143,6705,321 Surrey Central/WhiteRock,15247374,8351,8,-340
2026-08-02T00:05:46.244582+00:00,1785629143,6705,321 Surrey Central/WhiteRock,15247374,5496,9,-393
2026-08-02T00:05:46.244582+00:00,1785629143,6705,321 Surrey Central/WhiteRock,15247374,5497,10,-431
2026-08-02T00:05:46.244582+00:00,1785629143,6705,321 Surrey Central/WhiteRock,15247374,5498,11,-442
2026-08-02T00:05:46.244582+00:00,1785629143,6705,321 Surrey Central/WhiteRock,15247374,5499,12,-476
2026-08-02T00:05:46.244582+00:00,1785629143,6705,321 Surrey Central/WhiteRock,15247374,5500,13,-484
2026-08-02T00:05:46.244582+00:00,1785629143,6705,321 Surrey Central/WhiteRock,15247374,5501,14,-507
2026-08-02T00:05:46.244582+00:00,1785629143,6705,321 Surrey Central/WhiteRock,15247374,5502,15,-516
2026-08-02T00:05:46.244582+00:00,1785629143,6705,321 Surrey Central/WhiteRock,15247374,5503,16,-528
2026-08-02T00:05:46.244582+00:00,1785629143,6705,321 Surrey Central/WhiteRock,15247374,5504,17,-574
2026-08-02T00:05:46.244582+00:00,1785629143,6705,321 Surrey Central/WhiteRock,15247374,5505,18,-554
2026-08-02T00:05:46.244582+00:00,1785629143,6705,321 Surrey Central/WhiteRock,15247374,5507,19,-561
2026-08-02T00:05:46.244582+00:00,1785629143,6705,321 Surrey Central/WhiteRock,15247374,5633,20,0
2026-08-02T00:05:46.244582+00:00,1785629143,6705,321 Surrey Central/WhiteRock,15247374,5510,21,44
2026-08-02T00:05:46.244582+00:00,1785629143,6705,321 Surrey Central/WhiteRock,15247374,5511,22,37
2026-08-02T00:05:46.244582+00:00,1785629143,6705,321 Surrey Central/WhiteRock,15247374,5512,23,32
2026-08-02T00:05:46.244582+00:00,1785629143,6705,321 Surrey Central/WhiteRock,15247374,5513,24,25
2026-08-02T00:05:46.244582+00:00,1785629143,6705,321 Surrey Central/WhiteRock,15247374,5514,25,93
2026-08-02T00:05:46.244582+00:00,1785629143,6705,321 Surrey Central/WhiteRock,15247374,5515,26,87
2026-08-02T00:05:46.244582+00:00,1785629143,6705,321 Surrey Central/WhiteRock,15247374,5516,27,95
2026-08-02T00:05:46.244582+00:00,1785629143,6705,321 Surrey Central/WhiteRock,15247374,5517,28,113
2026-08-02T00:05:46.244582+00:00,1785629143,6705,321 Surrey Central/WhiteRock,15247374,5518,29,118
2026-08-02T00:05:46.244582+00:00,1785629143,6705,321 Surrey Central/WhiteRock,15247374,5519,30,99
2026-08-02T00:05:46.244582+00:00,1785629143,6705,321 Surrey Central/WhiteRock,15247374,5520,31,88
2026-08-02T00:05:46.244582+00:00,1785629143,6705,321 Surrey Central/WhiteRock,15247374,5521,32,-105
2026-08-02T00:05:46.244582+00:00,1785629143,6705,321 Surrey Central/WhiteRock,15247374,5522,33,-231
2026-08-02T00:05:46.244582+00:00,1785629143,6705,321 Surrey Central/WhiteRock,15247374,5523,34,-265
2026-08-02T00:05:46.244582+00:00,1785629143,6705,321 Surrey Central/WhiteRock,15247374,6466,35,-279
2026-08-02T00:05:46.244582+00:00,1785629143,6705,321 Surrey Central/WhiteRock,15247374,5524,36,-268
2026-08-02T00:05:46.244582+00:00,1785629143,6705,321 Surrey Central/WhiteRock,15247374,5525,37,-292
2026-08-02T00:05:46.244582+00:00,1785629143,6705,321 Surrey Central/WhiteRock,15247374,10443,38,-309
2026-08-02T00:05:46.244582+00:00,1785629143,6705,321 Surrey Central/WhiteRock,15247374,5528,39,-308
2026-08-02T00:05:46.244582+00:00,1785629143,6705,321 Surrey Central/WhiteRock,15247374,5529,40,-328
2026-08-02T00:05:46.244582+00:00,1785629143,6705,321 Surrey Central/WhiteRock,15247374,5530,41,-341
2026-08-02T00:05:46.244582+00:00,1785629143,6705,321 Surrey Central/WhiteRock,15247374,5533,42,-337
2026-08-02T00:05:46.244582+00:00,1785629143,6705,321 Surrey Central/WhiteRock,15247374,5534,43,-354
2026-08-02T00:05:46.244582+00:00,1785629143,6705,321 Surrey Central/WhiteRock,15247374,5535,44,-342
2026-08-02T00:05:46.244582+00:00,1785629143,6705,321 Surrey Central/WhiteRock,15247374,5536,45,-362
2026-08-02T00:05:46.244582+00:00,1785629143,6705,321 Surrey Central/WhiteRock,15247374,5537,46,-353
2026-08-02T00:05:46.244582+00:00,1785629143,6705,321 Surrey Central/WhiteRock,15247374,5538,47,-357
2026-08-02T00:05:46.244582+00:00,1785629143,6705,321 Surrey Central/WhiteRock,15247374,5541,48,-330
2026-08-02T00:05:46.244582+00:00,1785629143,6705,321 Surrey Central/WhiteRock,15247374,5542,49,-314
2026-08-02T00:05:46.244582+00:00,1785629143,6705,321 Surrey Central/WhiteRock,15247374,6195,50,-276
2026-08-02T00:05:46.244582+00:00,1785629143,6705,321 Surrey Central/WhiteRock,15247445,5524,36,-121
2026-08-02T00:05:46.244582+00:00,1785629143,6705,321 Surrey Central/WhiteRock,15247445,5525,37,-144
2026-08-02T00:05:46.244582+00:00,1785629143,6705,321 Surrey Central/WhiteRock,15247445,10443,38,-156
2026-08-02T00:05:46.244582+00:00,1785629143,6705,321 Surrey Central/WhiteRock,15247445,5528,39,-151
2026-08-02T00:05:46.244582+00:00,1785629143,6705,321 Surrey Central/WhiteRock,15247445,5529,40,-170
2026-08-02T00:05:46.244582+00:00,1785629143,6705,321 Surrey Central/WhiteRock,15247445,5530,41,-183
2026-08-02T00:05:46.244582+00:00,1785629143,6705,321 Surrey Central/WhiteRock,15247445,5533,42,-181
2026-08-02T00:05:46.244582+00:00,1785629143,6705,321 Surrey Central/WhiteRock,15247445,5534,43,-198
2026-08-02T00:05:46.244582+00:00,1785629143,6705,321 Surrey Central/WhiteRock,15247445,5535,44,-193
2026-08-02T00:05:46.244582+00:00,1785629143,6705,321 Surrey Central/WhiteRock,15247445,5536,45,-211
2026-08-02T00:05:46.244582+00:00,1785629143,6705,321 Surrey Central/WhiteRock,15247445,5537,46,-205
2026-08-02T00:05:46.244582+00:00,1785629143,6705,321 Surrey Central/WhiteRock,15247445,5538,47,-209
2026-08-02T00:05:46.244582+00:00,1785629143,6705,321 Surrey Central/WhiteRock,15247445,5541,48,-174
2026-08-02T00:05:46.244582+00:00,1785629143,6705,321 Surrey Central/WhiteRock,15247445,5542,49,-156
2026-08-02T00:05:46.244582+00:00,1785629143,6705,321 Surrey Central/WhiteRock,15247445,6195,50,-117
2026-08-02T00:05:46.244582+00:00,1785629143,6705,321 Surrey Central/WhiteRock,15247446,5519,30,75
2026-08-02T00:05:46.244582+00:00,1785629143,6705,321 Surrey Central/WhiteRock,15247446,5520,31,64
2026-08-02T00:05:46.244582+00:00,1785629143,6705,321 Surrey Central/WhiteRock,15247446,5521,32,-130
2026-08-02T00:05:46.244582+00:00,1785629143,6705,321 Surrey Central/WhiteRock,15247446,5522,33,-257
2026-08-02T00:05:46.244582+00:00,1785629143,6705,321 Surrey Central/WhiteRock,15247446,5523,34,-291
2026-08-02T00:05:46.244582+00:00,1785629143,6705,321 Surrey Central/WhiteRock,15247446,6466,35,-307
2026-08-02T00:05:46.244582+00:00,1785629143,6705,321 Surrey Central/WhiteRock,15247446,5524,36,-296
2026-08-02T00:05:46.244582+00:00,1785629143,6705,321 Surrey Central/WhiteRock,15247446,5525,37,-323
2026-08-02T00:05:46.244582+00:00,1785629143,6705,321 Surrey Central/WhiteRock,15247446,10443,38,-345
2026-08-02T00:05:46.244582+00:00,1785629143,6705,321 Surrey Central/WhiteRock,15247446,5528,39,-341
2026-08-02T00:05:46.244582+00:00,1785629143,6705,321 Surrey Central/WhiteRock,15247446,5529,40,-359
2026-08-02T00:05:46.244582+00:00,1785629143,6705,321 Surrey Central/WhiteRock,15247446,5530,41,-372
2026-08-02T00:05:46.244582+00:00,1785629143,6705,321 Surrey Central/WhiteRock,15247446,5533,42,-378
2026-08-02T00:05:46.244582+00:00,1785629143,6705,321 Surrey Central/WhiteRock,15247446,5534,43,-396
2026-08-02T00:05:46.244582+00:00,1785629143,6705,321 Surrey Central/WhiteRock,15247446,5535,44,-401
2026-08-02T00:05:46.244582+00:00,1785629143,6705,321 Surrey Central/WhiteRock,15247446,5536,45,-422
2026-08-02T00:05:46.244582+00:00,1785629143,6705,321 Surrey Central/WhiteRock,15247446,5537,46,-428
2026-08-02T00:05:46.244582+00:00,1785629143,6705,321 Surrey Central/WhiteRock,15247446,5538,47,-434
2026-08-02T00:05:46.244582+00:00,1785629143,6705,321 Surrey Central/WhiteRock,15247446,5541,48,-401
2026-08-02T00:05:46.244582+00:00,1785629143,6705,321 Surrey Central/WhiteRock,15247446,5542,49,-382
2026-08-02T00:05:46.244582+00:00,1785629143,6705,321 Surrey Central/WhiteRock,15247446,6195,50,-345
2026-08-02T00:05:46.244582+00:00,1785629143,6705,321 Surrey Central/WhiteRock,15247447,5507,19,83
2026-08-02T00:05:46.244582+00:00,1785629143,6705,321 Surrey Central/WhiteRock,15247447,5633,20,138
2026-08-02T00:05:46.244582+00:00,1785629143,6705,321 Surrey Central/WhiteRock,15247447,5510,21,176
2026-08-02T00:05:46.244582+00:00,1785629143,6705,321 Surrey Central/WhiteRock,15247447,5511,22,170
2026-08-02T00:05:46.244582+00:00,1785629143,6705,321 Surrey Central/WhiteRock,15247447,5512,23,165
2026-08-02T00:05:46.244582+00:00,1785629143,6705,321 Surrey Central/WhiteRock,15247447,5513,24,158
2026-08-02T00:05:46.244582+00:00,1785629143,6705,321 Surrey Central/WhiteRock,15247447,5514,25,226
2026-08-02T00:05:46.244582+00:00,1785629143,6705,321 Surrey Central/WhiteRock,15247447,5515,26,220
2026-08-02T00:05:46.244582+00:00,1785629143,6705,321 Surrey Central/WhiteRock,15247447,5516,27,224
2026-08-02T00:05:46.244582+00:00,1785629143,6705,321 Surrey Central/WhiteRock,15247447,5517,28,240
2026-08-02T00:05:46.244582+00:00,1785629143,6705,321 Surrey Central/WhiteRock,15247447,5518,29,248
2026-08-02T00:05:46.244582+00:00,1785629143,6705,321 Surrey Central/WhiteRock,15247447,5519,30,229
2026-08-02T00:05:46.244582+00:00,1785629143,6705,321 Surrey Central/WhiteRock,15247447,5520,31,218
2026-08-02T00:05:46.244582+00:00,1785629143,6705,321 Surrey Central/WhiteRock,15247447,5521,32,24
2026-08-02T00:05:46.244582+00:00,1785629143,6705,321 Surrey Central/WhiteRock,15247447,5522,33,-103
2026-08-02T00:05:46.244582+00:00,1785629143,6705,321 Surrey Central/WhiteRock,15247447,5523,34,-137
2026-08-02T00:05:46.244582+00:00,1785629143,6705,321 Surrey Central/WhiteRock,15247447,6466,35,-153
2026-08-02T00:05:46.244582+00:00,1785629143,6705,321 Surrey Central/WhiteRock,15247447,5524,36,-141
2026-08-02T00:05:46.244582+00:00,1785629143,6705,321 Surrey Central/WhiteRock,15247447,5525,37,-169
2026-08-02T00:05:46.244582+00:00,1785629143,6705,321 Surrey Central/WhiteRock,15247447,10443,38,-191
2026-08-02T00:05:46.244582+00:00,1785629143,6705,321 Surrey Central/WhiteRock,15247447,5528,39,-187
2026-08-02T00:05:46.244582+00:00,1785629143,6705,321 Surrey Central/WhiteRock,15247447,5529,40,-206
2026-08-02T00:05:46.244582+00:00,1785629143,6705,321 Surrey Central/WhiteRock,15247447,5530,41,-219
2026-08-02T00:05:46.244582+00:00,1785629143,6705,321 Surrey Central/WhiteRock,15247447,5533,42,-226
2026-08-02T00:05:46.244582+00:00,1785629143,6705,321 Surrey Central/WhiteRock,15247447,5534,43,-244
2026-08-02T00:05:46.244582+00:00,1785629143,6705,321 Surrey Central/WhiteRock,15247447,5535,44,-231
2026-08-02T00:05:46.244582+00:00,1785629143,6705,321 Surrey Central/WhiteRock,15247447,5536,45,-247
2026-08-02T00:05:46.244582+00:00,1785629143,6705,321 Surrey Central/WhiteRock,15247447,5537,46,-256
2026-08-02T00:05:46.244582+00:00,1785629143,6705,321 Surrey Central/WhiteRock,15247447,5538,47,-262
2026-08-02T00:05:46.244582+00:00,1785629143,6705,321 Surrey Central/WhiteRock,15247447,5541,48,-228
2026-08-02T00:05:46.244582+00:00,1785629143,6705,321 Surrey Central/WhiteRock,15247447,5542,49,-206
2026-08-02T00:05:46.244582+00:00,1785629143,6705,321 Surrey Central/WhiteRock,15247447,6195,50,-169
2026-08-02T00:05:46.244582+00:00,1785629143,6705,321 Surrey Central/WhiteRock,15247448,5504,17,-245
2026-08-02T00:05:46.244582+00:00,1785629143,6705,321 Surrey Central/WhiteRock,15247448,5505,18,-225
2026-08-02T00:05:46.244582+00:00,1785629143,6705,321 Surrey Central/WhiteRock,15247448,5507,19,-234
2026-08-02T00:05:46.244582+00:00,1785629143,6705,321 Surrey Central/WhiteRock,15247448,5633,20,0
2026-08-02T00:05:46.244582+00:00,1785629143,6705,321 Surrey Central/WhiteRock,15247448,5510,21,46
2026-08-02T00:05:46.244582+00:00,1785629143,6705,321 Surrey Central/WhiteRock,15247448,5511,22,40
2026-08-02T00:05:46.244582+00:00,1785629143,6705,321 Surrey Central/WhiteRock,15247448,5512,23,35
2026-08-02T00:05:46.244582+00:00,1785629143,6705,321 Surrey Central/WhiteRock,15247448,5513,24,24
2026-08-02T00:05:46.244582+00:00,1785629143,6705,321 Surrey Central/WhiteRock,15247448,5514,25,92
2026-08-02T00:05:46.244582+00:00,1785629143,6705,321 Surrey Central/WhiteRock,15247448,5515,26,86
2026-08-02T00:05:46.244582+00:00,1785629143,6705,321 Surrey Central/WhiteRock,15247448,5516,27,96
2026-08-02T00:05:46.244582+00:00,1785629143,6705,321 Surrey Central/WhiteRock,15247448,5517,28,112
2026-08-02T00:05:46.244582+00:00,1785629143,6705,321 Surrey Central/WhiteRock,15247448,5518,29,119
2026-08-02T00:05:46.244582+00:00,1785629143,6705,321 Surrey Central/WhiteRock,15247448,5519,30,100
2026-08-02T00:05:46.244582+00:00,1785629143,6705,321 Surrey Central/WhiteRock,15247448,5520,31,89
2026-08-02T00:05:46.244582+00:00,1785629143,6705,321 Surrey Central/WhiteRock,15247448,5521,32,-104
2026-08-02T00:05:46.244582+00:00,1785629143,6705,321 Surrey Central/WhiteRock,15247448,5522,33,-230
2026-08-02T00:05:46.244582+00:00,1785629143,6705,321 Surrey Central/WhiteRock,15247448,5523,34,-264
2026-08-02T00:05:46.244582+00:00,1785629143,6705,321 Surrey Central/WhiteRock,15247448,6466,35,-279
2026-08-02T00:05:46.244582+00:00,1785629143,6705,321 Surrey Central/WhiteRock,15247448,5524,36,-267
2026-08-02T00:05:46.244582+00:00,1785629143,6705,321 Surrey Central/WhiteRock,15247448,5525,37,-291
2026-08-02T00:05:46.244582+00:00,1785629143,6705,321 Surrey Central/WhiteRock,15247448,10443,38,-303
2026-08-02T00:05:46.244582+00:00,1785629143,6705,321 Surrey Central/WhiteRock,15247448,5528,39,-298
2026-08-02T00:05:46.244582+00:00,1785629143,6705,321 Surrey Central/WhiteRock,15247448,5529,40,-317
2026-08-02T00:05:46.244582+00:00,1785629143,6705,321 Surrey Central/WhiteRock,15247448,5530,41,-330
2026-08-02T00:05:46.244582+00:00,1785629143,6705,321 Surrey Central/WhiteRock,15247448,5533,42,-327
2026-08-02T00:05:46.244582+00:00,1785629143,6705,321 Surrey Central/WhiteRock,15247448,5534,43,-344
2026-08-02T00:05:46.244582+00:00,1785629143,6705,321 Surrey Central/WhiteRock,15247448,5535,44,-343
2026-08-02T00:05:46.244582+00:00,1785629143,6705,321 Surrey Central/WhiteRock,15247448,5536,45,-364
2026-08-02T00:05:46.244582+00:00,1785629143,6705,321 Surrey Central/WhiteRock,15247448,5537,46,-357
2026-08-02T00:05:46.244582+00:00,1785629143,6705,321 Surrey Central/WhiteRock,15247448,5538,47,-361
2026-08-02T00:05:46.244582+00:00,1785629143,6705,321 Surrey Central/WhiteRock,15247448,5541,48,-327
2026-08-02T00:05:46.244582+00:00,1785629143,6705,321 Surrey Central/WhiteRock,15247448,5542,49,-307
2026-08-02T00:05:46.244582+00:00,1785629143,6705,321 Surrey Central/WhiteRock,15247448,6195,50,-269
2026-08-02T00:05:46.244582+00:00,1785629143,6705,321 Surrey Central/WhiteRock,15247449,5049,6,20
2026-08-02T00:05:46.244582+00:00,1785629143,6705,321 Surrey Central/WhiteRock,15247449,5039,7,19
2026-08-02T00:05:46.244582+00:00,1785629143,6705,321 Surrey Central/WhiteRock,15247449,8351,8,1
2026-08-02T00:05:46.244582+00:00,1785629143,6705,321 Surrey Central/WhiteRock,15247449,5496,9,-49
2026-08-02T00:05:46.244582+00:00,1785629143,6705,321 Surrey Central/WhiteRock,15247449,5497,10,-86
2026-08-02T00:05:46.244582+00:00,1785629143,6705,321 Surrey Central/WhiteRock,15247449,5498,11,-96
2026-08-02T00:05:46.244582+00:00,1785629143,6705,321 Surrey Central/WhiteRock,15247449,5499,12,-130
2026-08-02T00:05:46.244582+00:00,1785629143,6705,321 Surrey Central/WhiteRock,15247449,5500,13,-133
2026-08-02T00:05:46.244582+00:00,1785629143,6705,321 Surrey Central/WhiteRock,15247449,5501,14,-156
2026-08-02T00:05:46.244582+00:00,1785629143,6705,321 Surrey Central/WhiteRock,15247449,5502,15,-165
2026-08-02T00:05:46.244582+00:00,1785629143,6705,321 Surrey Central/WhiteRock,15247449,5503,16,-172
2026-08-02T00:05:46.244582+00:00,1785629143,6705,321 Surrey Central/WhiteRock,15247449,5504,17,-217
2026-08-02T00:05:46.244582+00:00,1785629143,6705,321 Surrey Central/WhiteRock,15247449,5505,18,-197
2026-08-02T00:05:46.244582+00:00,1785629143,6705,321 Surrey Central/WhiteRock,15247449,5507,19,-200
2026-08-02T00:05:46.244582+00:00,1785629143,6705,321 Surrey Central/WhiteRock,15247449,5633,20,0
2026-08-02T00:05:46.244582+00:00,1785629143,6705,321 Surrey Central/WhiteRock,15247449,5510,21,38
2026-08-02T00:05:46.244582+00:00,1785629143,6705,321 Surrey Central/WhiteRock,15247449,5511,22,31
2026-08-02T00:05:46.244582+00:00,1785629143,6705,321 Surrey Central/WhiteRock,15247449,5512,23,25
2026-08-02T00:05:46.244582+00:00,1785629143,6705,321 Surrey Central/WhiteRock,15247449,5513,24,15
2026-08-02T00:05:46.244582+00:00,1785629143,6705,321 Surrey Central/WhiteRock,15247449,5514,25,83
2026-08-02T00:05:46.244582+00:00,1785629143,6705,321 Surrey Central/WhiteRock,15247449,5515,26,77
2026-08-02T00:05:46.244582+00:00,1785629143,6705,321 Surrey Central/WhiteRock,15247449,5516,27,90
2026-08-02T00:05:46.244582+00:00,1785629143,6705,321 Surrey Central/WhiteRock,15247449,5517,28,108
2026-08-02T00:05:46.244582+00:00,1785629143,6705,321 Surrey Central/WhiteRock,15247449,5518,29,115
2026-08-02T00:05:46.244582+00:00,1785629143,6705,321 Surrey Central/WhiteRock,15247449,5519,30,96
2026-08-02T00:05:46.244582+00:00,1785629143,6705,321 Surrey Central/WhiteRock,15247449,5520,31,85
2026-08-02T00:05:46.244582+00:00,1785629143,6705,321 Surrey Central/WhiteRock,15247449,5521,32,-109
2026-08-02T00:05:46.244582+00:00,1785629143,6705,321 Surrey Central/WhiteRock,15247449,5522,33,-235
2026-08-02T00:05:46.244582+00:00,1785629143,6705,321 Surrey Central/WhiteRock,15247449,5523,34,-269
2026-08-02T00:05:46.244582+00:00,1785629143,6705,321 Surrey Central/WhiteRock,15247449,6466,35,-284
2026-08-02T00:05:46.244582+00:00,1785629143,6705,321 Surrey Central/WhiteRock,15247449,5524,36,-272
2026-08-02T00:05:46.244582+00:00,1785629143,6705,321 Surrey Central/WhiteRock,15247449,5525,37,-299
2026-08-02T00:05:46.244582+00:00,1785629143,6705,321 Surrey Central/WhiteRock,15247449,10443,38,-321
2026-08-02T00:05:46.244582+00:00,1785629143,6705,321 Surrey Central/WhiteRock,15247449,5528,39,-316
2026-08-02T00:05:46.244582+00:00,1785629143,6705,321 Surrey Central/WhiteRock,15247449,5529,40,-334
2026-08-02T00:05:46.244582+00:00,1785629143,6705,321 Surrey Central/WhiteRock,15247449,5530,41,-349
2026-08-02T00:05:46.244582+00:00,1785629143,6705,321 Surrey Central/WhiteRock,15247449,5533,42,-355
2026-08-02T00:05:46.244582+00:00,1785629143,6705,321 Surrey Central/WhiteRock,15247449,5534,43,-373
2026-08-02T00:05:46.244582+00:00,1785629143,6705,321 Surrey Central/WhiteRock,15247449,5535,44,-355
2026-08-02T00:05:46.244582+00:00,1785629143,6705,321 Surrey Central/WhiteRock,15247449,5536,45,-378
2026-08-02T00:05:46.244582+00:00,1785629143,6705,321 Surrey Central/WhiteRock,15247449,5537,46,-381
2026-08-02T00:05:46.244582+00:00,1785629143,6705,321 Surrey Central/WhiteRock,15247449,5538,47,-388
2026-08-02T00:05:46.244582+00:00,1785629143,6705,321 Surrey Central/WhiteRock,15247449,5541,48,-358
2026-08-02T00:05:46.244582+00:00,1785629143,6705,321 Surrey Central/WhiteRock,15247449,5542,49,-340
2026-08-02T00:05:46.244582+00:00,1785629143,6705,321 Surrey Central/WhiteRock,15247449,6195,50,-303
2026-08-02T00:05:46.244582+00:00,1785629143,6715,351 Bridgeport/WhiteRock,15251763,5441,15,290
2026-08-02T00:05:46.244582+00:00,1785629143,6715,351 Bridgeport/WhiteRock,15251763,5442,16,267
2026-08-02T00:05:46.244582+00:00,1785629143,6715,351 Bridgeport/WhiteRock,15251763,5444,17,273
2026-08-02T00:05:46.244582+00:00,1785629143,6715,351 Bridgeport/WhiteRock,15251763,9083,18,243
2026-08-02T00:05:46.244582+00:00,1785629143,6715,351 Bridgeport/WhiteRock,15251763,5446,19,248
2026-08-02T00:05:46.244582+00:00,1785629143,6715,351 Bridgeport/WhiteRock,15251763,10445,20,244
2026-08-02T00:05:46.244582+00:00,1785629143,6715,351 Bridgeport/WhiteRock,15251763,5447,21,206
2026-08-02T00:05:46.244582+00:00,1785629143,6715,351 Bridgeport/WhiteRock,15251763,5448,22,209
2026-08-02T00:05:46.244582+00:00,1785629143,6715,351 Bridgeport/WhiteRock,15251763,6194,23,219
2026-08-02T00:05:46.244582+00:00,1785629143,6715,351 Bridgeport/WhiteRock,15251763,4928,24,187
2026-08-02T00:05:46.244582+00:00,1785629143,6715,351 Bridgeport/WhiteRock,15251763,8282,25,178
2026-08-02T00:05:46.244582+00:00,1785629143,6715,351 Bridgeport/WhiteRock,15251802,4929,3,83
2026-08-02T00:05:46.244582+00:00,1785629143,6715,351 Bridgeport/WhiteRock,15251802,6175,4,-464
2026-08-02T00:05:46.244582+00:00,1785629143,6715,351 Bridgeport/WhiteRock,15251802,5524,5,-397
2026-08-02T00:05:46.244582+00:00,1785629143,6715,351 Bridgeport/WhiteRock,15251802,5525,6,-403
2026-08-02T00:05:46.244582+00:00,1785629143,6715,351 Bridgeport/WhiteRock,15251802,10443,7,-388
2026-08-02T00:05:46.244582+00:00,1785629143,6715,351 Bridgeport/WhiteRock,15251802,5528,8,-357
2026-08-02T00:05:46.244582+00:00,1785629143,6715,351 Bridgeport/WhiteRock,15251802,5529,9,-358
2026-08-02T00:05:46.244582+00:00,1785629143,6715,351 Bridgeport/WhiteRock,15251802,5530,10,-349
2026-08-02T00:05:46.244582+00:00,1785629143,6715,351 Bridgeport/WhiteRock,15251802,5533,11,-327
2026-08-02T00:05:46.244582+00:00,1785629143,6715,351 Bridgeport/WhiteRock,15251802,5534,12,-323
2026-08-02T00:05:46.244582+00:00,1785629143,6715,351 Bridgeport/WhiteRock,15251802,5535,13,-270
2026-08-02T00:05:46.244582+00:00,1785629143,6715,351 Bridgeport/WhiteRock,15251802,5536,14,-263
2026-08-02T00:05:46.244582+00:00,1785629143,6715,351 Bridgeport/WhiteRock,15251802,5537,15,-244
2026-08-02T00:05:46.244582+00:00,1785629143,6715,351 Bridgeport/WhiteRock,15251802,5538,16,-237
2026-08-02T00:05:46.244582+00:00,1785629143,6715,351 Bridgeport/WhiteRock,15251802,5541,17,-185
2026-08-02T00:05:46.244582+00:00,1785629143,6715,351 Bridgeport/WhiteRock,15251802,5542,18,-151
2026-08-02T00:05:46.244582+00:00,1785629143,6715,351 Bridgeport/WhiteRock,15251802,6340,19,-98
2026-08-02T00:05:46.244582+00:00,1785629143,6715,351 Bridgeport/WhiteRock,15251802,6341,20,-70
2026-08-02T00:05:46.244582+00:00,1785629143,6715,351 Bridgeport/WhiteRock,15251802,6167,21,-45
2026-08-02T00:05:46.244582+00:00,1785629143,6715,351 Bridgeport/WhiteRock,15251803,6340,19,-418
2026-08-02T00:05:46.244582+00:00,1785629143,6715,351 Bridgeport/WhiteRock,15251803,6341,20,-396
2026-08-02T00:05:46.244582+00:00,1785629143,6715,351 Bridgeport/WhiteRock,15251803,6167,21,-377
2026-08-02T00:05:46.244582+00:00,1785629143,6715,351 Bridgeport/WhiteRock,15251828,11267,1,0
2026-08-02T00:05:46.244582+00:00,1785629143,6715,351 Bridgeport/WhiteRock,15251828,8283,2,-110
2026-08-02T00:05:46.244582+00:00,1785629143,6715,351 Bridgeport/WhiteRock,15251828,4929,3,0
2026-08-02T00:05:46.244582+00:00,1785629143,6715,351 Bridgeport/WhiteRock,15251828,6175,4,-546
2026-08-02T00:05:46.244582+00:00,1785629143,6715,351 Bridgeport/WhiteRock,15251828,5524,5,-480
2026-08-02T00:05:46.244582+00:00,1785629143,6715,351 Bridgeport/WhiteRock,15251828,5525,6,-486
2026-08-02T00:05:46.244582+00:00,1785629143,6715,351 Bridgeport/WhiteRock,15251828,10443,7,-471
2026-08-02T00:05:46.244582+00:00,1785629143,6715,351 Bridgeport/WhiteRock,15251828,5528,8,-443
2026-08-02T00:05:46.244582+00:00,1785629143,6715,351 Bridgeport/WhiteRock,15251828,5529,9,-444
2026-08-02T00:05:46.244582+00:00,1785629143,6715,351 Bridgeport/WhiteRock,15251828,5530,10,-435
2026-08-02T00:05:46.244582+00:00,1785629143,6715,351 Bridgeport/WhiteRock,15251828,5533,11,-413
2026-08-02T00:05:46.244582+00:00,1785629143,6715,351 Bridgeport/WhiteRock,15251828,5534,12,-409
2026-08-02T00:05:46.244582+00:00,1785629143,6715,351 Bridgeport/WhiteRock,15251828,5535,13,-374
2026-08-02T00:05:46.244582+00:00,1785629143,6715,351 Bridgeport/WhiteRock,15251828,5536,14,-372
2026-08-02T00:05:46.244582+00:00,1785629143,6715,351 Bridgeport/WhiteRock,15251828,5537,15,-346
2026-08-02T00:05:46.244582+00:00,1785629143,6715,351 Bridgeport/WhiteRock,15251828,5538,16,-340
2026-08-02T00:05:46.244582+00:00,1785629143,6715,351 Bridgeport/WhiteRock,15251828,5541,17,-290
2026-08-02T00:05:46.244582+00:00,1785629143,6715,351 Bridgeport/WhiteRock,15251828,5542,18,-257
2026-08-02T00:05:46.244582+00:00,1785629143,6715,351 Bridgeport/WhiteRock,15251828,6340,19,-203
2026-08-02T00:05:46.244582+00:00,1785629143,6715,351 Bridgeport/WhiteRock,15251828,6341,20,-175
2026-08-02T00:05:46.244582+00:00,1785629143,6715,351 Bridgeport/WhiteRock,15251828,6167,21,-154
2026-08-02T00:05:46.244582+00:00,1785629143,6715,351 Bridgeport/WhiteRock,15251829,5524,5,-540
2026-08-02T00:05:46.244582+00:00,1785629143,6715,351 Bridgeport/WhiteRock,15251829,5525,6,-545
2026-08-02T00:05:46.244582+00:00,1785629143,6715,351 Bridgeport/WhiteRock,15251829,10443,7,-531
2026-08-02T00:05:46.244582+00:00,1785629143,6715,351 Bridgeport/WhiteRock,15251829,5528,8,-504
2026-08-02T00:05:46.244582+00:00,1785629143,6715,351 Bridgeport/WhiteRock,15251829,5529,9,-505
2026-08-02T00:05:46.244582+00:00,1785629143,6715,351 Bridgeport/WhiteRock,15251829,5530,10,-496
2026-08-02T00:05:46.244582+00:00,1785629143,6715,351 Bridgeport/WhiteRock,15251829,5533,11,-474
2026-08-02T00:05:46.244582+00:00,1785629143,6715,351 Bridgeport/WhiteRock,15251829,5534,12,-470
2026-08-02T00:05:46.244582+00:00,1785629143,6715,351 Bridgeport/WhiteRock,15251829,5535,13,-421
2026-08-02T00:05:46.244582+00:00,1785629143,6715,351 Bridgeport/WhiteRock,15251829,5536,14,-415
2026-08-02T00:05:46.244582+00:00,1785629143,6715,351 Bridgeport/WhiteRock,15251829,5537,15,-401
2026-08-02T00:05:46.244582+00:00,1785629143,6715,351 Bridgeport/WhiteRock,15251829,5538,16,-394
2026-08-02T00:05:46.244582+00:00,1785629143,6715,351 Bridgeport/WhiteRock,15251829,5541,17,-342
2026-08-02T00:05:46.244582+00:00,1785629143,6715,351 Bridgeport/WhiteRock,15251829,5542,18,-310
2026-08-02T00:05:46.244582+00:00,1785629143,6715,351 Bridgeport/WhiteRock,15251829,6340,19,-259
2026-08-02T00:05:46.244582+00:00,1785629143,6715,351 Bridgeport/WhiteRock,15251829,6341,20,-231
2026-08-02T00:05:46.244582+00:00,1785629143,6715,351 Bridgeport/WhiteRock,15251829,6167,21,-210
2026-08-02T00:05:46.244582+00:00,1785629143,11692,364 Langley Centre/Scottsdale,15252763,6474,41,317
2026-08-02T00:05:46.244582+00:00,1785629143,11692,364 Langley Centre/Scottsdale,15252763,9306,42,365
2026-08-02T00:05:46.244582+00:00,1785629143,11692,364 Langley Centre/Scottsdale,15252763,11125,43,384
2026-08-02T00:05:46.244582+00:00,1785629143,11692,364 Langley Centre/Scottsdale,15252763,9294,44,377
2026-08-02T00:05:46.244582+00:00,1785629143,11692,364 Langley Centre/Scottsdale,15252763,9293,45,370
2026-08-02T00:05:46.244582+00:00,1785629143,11692,364 Langley Centre/Scottsdale,15252763,11126,46,385
2026-08-02T00:05:46.244582+00:00,1785629143,11692,364 Langley Centre/Scottsdale,15252763,7094,47,349
2026-08-02T00:05:46.244582+00:00,1785629143,11692,364 Langley Centre/Scottsdale,15252796,11139,8,439
2026-08-02T00:05:46.244582+00:00,1785629143,11692,364 Langley Centre/Scottsdale,15252796,11156,9,427
2026-08-02T00:05:46.244582+00:00,1785629143,11692,364 Langley Centre/Scottsdale,15252796,5583,10,433
2026-08-02T00:05:46.244582+00:00,1785629143,11692,364 Langley Centre/Scottsdale,15252796,5584,11,402
2026-08-02T00:05:46.244582+00:00,1785629143,11692,364 Langley Centre/Scottsdale,15252796,6464,12,388
2026-08-02T00:05:46.244582+00:00,1785629143,11692,364 Langley Centre/Scottsdale,15252796,6465,13,365
2026-08-02T00:05:46.244582+00:00,1785629143,11692,364 Langley Centre/Scottsdale,15252796,11074,14,405
2026-08-02T00:05:46.244582+00:00,1785629143,11692,364 Langley Centre/Scottsdale,15252796,11153,15,374
2026-08-02T00:05:46.244582+00:00,1785629143,11692,364 Langley Centre/Scottsdale,15252796,11150,16,338
2026-08-02T00:05:46.244582+00:00,1785629143,11692,364 Langley Centre/Scottsdale,15252796,11148,17,317
2026-08-02T00:05:46.244582+00:00,1785629143,11692,364 Langley Centre/Scottsdale,15252796,11124,18,325
2026-08-02T00:05:46.244582+00:00,1785629143,11692,364 Langley Centre/Scottsdale,15252796,11140,19,283
2026-08-02T00:05:46.244582+00:00,1785629143,11692,364 Langley Centre/Scottsdale,15252796,11145,20,269
2026-08-02T00:05:46.244582+00:00,1785629143,11692,364 Langley Centre/Scottsdale,15252796,11076,21,218
2026-08-02T00:05:46.244582+00:00,1785629143,11692,364 Langley Centre/Scottsdale,15252796,12645,22,8
2026-08-02T00:05:46.244582+00:00,1785629143,11692,364 Langley Centre/Scottsdale,15252796,9525,23,11
2026-08-02T00:05:46.244582+00:00,1785629143,11692,364 Langley Centre/Scottsdale,15252796,10148,24,25
2026-08-02T00:05:46.244582+00:00,1785629143,11692,364 Langley Centre/Scottsdale,15252796,10585,25,3
2026-08-02T00:05:46.244582+00:00,1785629143,11692,364 Langley Centre/Scottsdale,15252796,10250,26,-6
2026-08-02T00:05:46.244582+00:00,1785629143,11692,364 Langley Centre/Scottsdale,15252796,10588,27,-13
2026-08-02T00:05:46.244582+00:00,1785629143,11692,364 Langley Centre/Scottsdale,15252796,10248,28,14
2026-08-02T00:05:46.244582+00:00,1785629143,11692,364 Langley Centre/Scottsdale,15252796,10726,29,20
2026-08-02T00:05:46.244582+00:00,1785629143,11692,364 Langley Centre/Scottsdale,15252796,10725,30,7
2026-08-02T00:05:46.244582+00:00,1785629143,11692,364 Langley Centre/Scottsdale,15252796,10727,31,-9
2026-08-02T00:05:46.244582+00:00,1785629143,11692,364 Langley Centre/Scottsdale,15252796,10251,32,-15
2026-08-02T00:05:46.244582+00:00,1785629143,11692,364 Langley Centre/Scottsdale,15252796,10252,33,-34
2026-08-02T00:05:46.244582+00:00,1785629143,11692,364 Langley Centre/Scottsdale,15252796,10253,34,-44
2026-08-02T00:05:46.244582+00:00,1785629143,11692,364 Langley Centre/Scottsdale,15252796,10255,35,-61
2026-08-02T00:05:46.244582+00:00,1785629143,11692,364 Langley Centre/Scottsdale,15252796,5332,36,-25
2026-08-02T00:05:46.244582+00:00,1785629143,11692,364 Langley Centre/Scottsdale,15252796,12497,37,-49
2026-08-02T00:05:46.244582+00:00,1785629143,11692,364 Langley Centre/Scottsdale,15252796,5334,38,-62
2026-08-02T00:05:46.244582+00:00,1785629143,11692,364 Langley Centre/Scottsdale,15252796,6472,39,-49
2026-08-02T00:05:46.244582+00:00,1785629143,11692,364 Langley Centre/Scottsdale,15252796,6473,40,-44
2026-08-02T00:05:46.244582+00:00,1785629143,11692,364 Langley Centre/Scottsdale,15252796,6474,41,-44
2026-08-02T00:05:46.244582+00:00,1785629143,11692,364 Langley Centre/Scottsdale,15252796,9306,42,8
2026-08-02T00:05:46.244582+00:00,1785629143,11692,364 Langley Centre/Scottsdale,15252796,11125,43,19
2026-08-02T00:05:46.244582+00:00,1785629143,11692,364 Langley Centre/Scottsdale,15252796,9294,44,10
2026-08-02T00:05:46.244582+00:00,1785629143,11692,364 Langley Centre/Scottsdale,15252796,9293,45,2
2026-08-02T00:05:46.244582+00:00,1785629143,11692,364 Langley Centre/Scottsdale,15252796,11126,46,17
2026-08-02T00:05:46.244582+00:00,1785629143,11692,364 Langley Centre/Scottsdale,15252796,7094,47,-19
2026-08-02T00:05:46.244582+00:00,1785629143,11692,364 Langley Centre/Scottsdale,15252799,10248,28,-173
2026-08-02T00:05:46.244582+00:00,1785629143,11692,364 Langley Centre/Scottsdale,15252799,10726,29,-167
2026-08-02T00:05:46.244582+00:00,1785629143,11692,364 Langley Centre/Scottsdale,15252799,10725,30,-180
2026-08-02T00:05:46.244582+00:00,1785629143,11692,364 Langley Centre/Scottsdale,15252799,10727,31,-195
2026-08-02T00:05:46.244582+00:00,1785629143,11692,364 Langley Centre/Scottsdale,15252799,10251,32,-201
2026-08-02T00:05:46.244582+00:00,1785629143,11692,364 Langley Centre/Scottsdale,15252799,10252,33,-219
2026-08-02T00:05:46.244582+00:00,1785629143,11692,364 Langley Centre/Scottsdale,15252799,10253,34,-229
2026-08-02T00:05:46.244582+00:00,1785629143,11692,364 Langley Centre/Scottsdale,15252799,10255,35,-246
2026-08-02T00:05:46.244582+00:00,1785629143,11692,364 Langley Centre/Scottsdale,15252799,5332,36,-209
2026-08-02T00:05:46.244582+00:00,1785629143,11692,364 Langley Centre/Scottsdale,15252799,12497,37,-234
2026-08-02T00:05:46.244582+00:00,1785629143,11692,364 Langley Centre/Scottsdale,15252799,5334,38,-248
2026-08-02T00:05:46.244582+00:00,1785629143,11692,364 Langley Centre/Scottsdale,15252799,6472,39,-235
2026-08-02T00:05:46.244582+00:00,1785629143,11692,364 Langley Centre/Scottsdale,15252799,6473,40,-230
2026-08-02T00:05:46.244582+00:00,1785629143,11692,364 Langley Centre/Scottsdale,15252799,6474,41,-229
2026-08-02T00:05:46.244582+00:00,1785629143,11692,364 Langley Centre/Scottsdale,15252799,9306,42,-177
2026-08-02T00:05:46.244582+00:00,1785629143,11692,364 Langley Centre/Scottsdale,15252799,11125,43,-178
2026-08-02T00:05:46.244582+00:00,1785629143,11692,364 Langley Centre/Scottsdale,15252799,9294,44,-165
2026-08-02T00:05:46.244582+00:00,1785629143,11692,364 Langley Centre/Scottsdale,15252799,9293,45,-174
2026-08-02T00:05:46.244582+00:00,1785629143,11692,364 Langley Centre/Scottsdale,15252799,11126,46,-160
2026-08-02T00:05:46.244582+00:00,1785629143,11692,364 Langley Centre/Scottsdale,15252799,7094,47,-196
2026-08-02T00:05:46.244582+00:00,1785629143,11692,364 Langley Centre/Scottsdale,15252822,11075,29,-139
2026-08-02T00:05:46.244582+00:00,1785629143,11692,364 Langley Centre/Scottsdale,15252822,11174,30,-158
2026-08-02T00:05:46.244582+00:00,1785629143,11692,364 Langley Centre/Scottsdale,15252822,11175,31,-186
2026-08-02T00:05:46.244582+00:00,1785629143,11692,364 Langley Centre/Scottsdale,15252822,11123,32,-183
2026-08-02T00:05:46.244582+00:00,1785629143,11692,364 Langley Centre/Scottsdale,15252822,11176,33,-174
2026-08-02T00:05:46.244582+00:00,1785629143,11692,364 Langley Centre/Scottsdale,15252822,11177,34,-201
2026-08-02T00:05:46.244582+00:00,1785629143,11692,364 Langley Centre/Scottsdale,15252822,11178,35,-225
2026-08-02T00:05:46.244582+00:00,1785629143,11692,364 Langley Centre/Scottsdale,15252822,6459,36,-127
2026-08-02T00:05:46.244582+00:00,1785629143,11692,364 Langley Centre/Scottsdale,15252822,6460,37,-129
2026-08-02T00:05:46.244582+00:00,1785629143,11692,364 Langley Centre/Scottsdale,15252822,5621,38,-122
2026-08-02T00:05:46.244582+00:00,1785629143,11692,364 Langley Centre/Scottsdale,15252822,5622,39,-140
2026-08-02T00:05:46.244582+00:00,1785629143,11692,364 Langley Centre/Scottsdale,15252822,11122,40,-101
2026-08-02T00:05:46.244582+00:00,1785629143,11692,364 Langley Centre/Scottsdale,15252822,11155,41,-110
2026-08-02T00:05:46.244582+00:00,1785629143,11692,364 Langley Centre/Scottsdale,15252822,11143,42,-110
2026-08-02T00:05:46.244582+00:00,1785629143,11692,364 Langley Centre/Scottsdale,15252822,11141,43,-136
2026-08-02T00:05:46.244582+00:00,1785629143,11692,364 Langley Centre/Scottsdale,15252822,4936,44,-108
2026-08-02T00:05:46.244582+00:00,1785629143,11692,364 Langley Centre/Scottsdale,15252822,4937,45,-124
2026-08-02T00:05:46.244582+00:00,1785629143,11692,364 Langley Centre/Scottsdale,15252822,4938,46,-145
2026-08-02T00:05:46.244582+00:00,1785629143,11692,364 Langley Centre/Scottsdale,15252822,5229,47,-135
2026-08-02T00:05:46.244582+00:00,1785629143,11692,364 Langley Centre/Scottsdale,15252822,4917,48,-60
2026-08-02T00:05:46.244582+00:00,1785629143,11692,364 Langley Centre/Scottsdale,15252824,5382,13,-71
2026-08-02T00:05:46.244582+00:00,1785629143,11692,364 Langley Centre/Scottsdale,15252824,12516,14,56
2026-08-02T00:05:46.244582+00:00,1785629143,11692,364 Langley Centre/Scottsdale,15252824,10257,15,16
2026-08-02T00:05:46.244582+00:00,1785629143,11692,364 Langley Centre/Scottsdale,15252824,10258,16,-1
2026-08-02T00:05:46.244582+00:00,1785629143,11692,364 Langley Centre/Scottsdale,15252824,10259,17,-42
2026-08-02T00:05:46.244582+00:00,1785629143,11692,364 Langley Centre/Scottsdale,15252824,10260,18,0
2026-08-02T00:05:46.244582+00:00,1785629143,11692,364 Langley Centre/Scottsdale,15252824,10729,19,-41
2026-08-02T00:05:46.244582+00:00,1785629143,11692,364 Langley Centre/Scottsdale,15252824,13067,20,-62
2026-08-02T00:05:46.244582+00:00,1785629143,11692,364 Langley Centre/Scottsdale,15252824,10633,21,-86
2026-08-02T00:05:46.244582+00:00,1785629143,11692,364 Langley Centre/Scottsdale,15252824,10149,22,-51
2026-08-02T00:05:46.244582+00:00,1785629143,11692,364 Langley Centre/Scottsdale,15252824,10587,23,-69
2026-08-02T00:05:46.244582+00:00,1785629143,11692,364 Langley Centre/Scottsdale,15252824,10261,24,-95
2026-08-02T00:05:46.244582+00:00,1785629143,11692,364 Langley Centre/Scottsdale,15252824,10586,25,-128
2026-08-02T00:05:46.244582+00:00,1785629143,11692,364 Langley Centre/Scottsdale,15252824,9547,26,-105
2026-08-02T00:05:46.244582+00:00,1785629143,11692,364 Langley Centre/Scottsdale,15252824,9526,27,-128
2026-08-02T00:05:46.244582+00:00,1785629143,11692,364 Langley Centre/Scottsdale,15252824,12646,28,-139
2026-08-02T00:05:46.244582+00:00,1785629143,11692,364 Langley Centre/Scottsdale,15252824,11075,29,-272
2026-08-02T00:05:46.244582+00:00,1785629143,11692,364 Langley Centre/Scottsdale,15252824,11174,30,-291
2026-08-02T00:05:46.244582+00:00,1785629143,11692,364 Langley Centre/Scottsdale,15252824,11175,31,-317
2026-08-02T00:05:46.244582+00:00,1785629143,11692,364 Langley Centre/Scottsdale,15252824,11123,32,-313
2026-08-02T00:05:46.244582+00:00,1785629143,11692,364 Langley Centre/Scottsdale,15252824,11176,33,-304
2026-08-02T00:05:46.244582+00:00,1785629143,11692,364 Langley Centre/Scottsdale,15252824,11177,34,-330
2026-08-02T00:05:46.244582+00:00,1785629143,11692,364 Langley Centre/Scottsdale,15252824,11178,35,-354
2026-08-02T00:05:46.244582+00:00,1785629143,11692,364 Langley Centre/Scottsdale,15252824,6459,36,-255
2026-08-02T00:05:46.244582+00:00,1785629143,11692,364 Langley Centre/Scottsdale,15252824,6460,37,-257
2026-08-02T00:05:46.244582+00:00,1785629143,11692,364 Langley Centre/Scottsdale,15252824,5621,38,-249
2026-08-02T00:05:46.244582+00:00,1785629143,11692,364 Langley Centre/Scottsdale,15252824,5622,39,-267
2026-08-02T00:05:46.244582+00:00,1785629143,11692,364 Langley Centre/Scottsdale,15252824,11122,40,-228
2026-08-02T00:05:46.244582+00:00,1785629143,11692,364 Langley Centre/Scottsdale,15252824,11155,41,-237
2026-08-02T00:05:46.244582+00:00,1785629143,11692,364 Langley Centre/Scottsdale,15252824,11143,42,-237
2026-08-02T00:05:46.244582+00:00,1785629143,11692,364 Langley Centre/Scottsdale,15252824,11141,43,-263
2026-08-02T00:05:46.244582+00:00,1785629143,11692,364 Langley Centre/Scottsdale,15252824,4936,44,-236
2026-08-02T00:05:46.244582+00:00,1785629143,11692,364 Langley Centre/Scottsdale,15252824,4937,45,-252
2026-08-02T00:05:46.244582+00:00,1785629143,11692,364 Langley Centre/Scottsdale,15252824,4938,46,-274
2026-08-02T00:05:46.244582+00:00,1785629143,11692,364 Langley Centre/Scottsdale,15252824,5229,47,-263
2026-08-02T00:05:46.244582+00:00,1785629143,11692,364 Langley Centre/Scottsdale,15252824,4917,48,-189
2026-08-02T00:05:46.244582+00:00,1785629143,11692,364 Langley Centre/Scottsdale,15252840,4936,44,-362
2026-08-02T00:05:46.244582+00:00,1785629143,11692,364 Langley Centre/Scottsdale,15252840,4937,45,-374
2026-08-02T00:05:46.244582+00:00,1785629143,11692,364 Langley Centre/Scottsdale,15252840,4938,46,-390
2026-08-02T00:05:46.244582+00:00,1785629143,11692,364 Langley Centre/Scottsdale,15252840,5229,47,-380
2026-08-02T00:05:46.244582+00:00,1785629143,11692,364 Langley Centre/Scottsdale,15252840,4917,48,-304
2026-08-02T00:05:46.244582+00:00,1785629143,11692,364 Langley Centre/Scottsdale,15252841,7096,2,-453
2026-08-02T00:05:46.244582+00:00,1785629143,11692,364 Langley Centre/Scottsdale,15252841,7093,3,-451
2026-08-02T00:05:46.244582+00:00,1785629143,11692,364 Langley Centre/Scottsdale,15252841,9291,4,-560
2026-08-02T00:05:46.244582+00:00,1785629143,11692,364 Langley Centre/Scottsdale,15252841,9292,5,-570
2026-08-02T00:05:46.244582+00:00,1785629143,11692,364 Langley Centre/Scottsdale,15252841,11264,6,-575
2026-08-02T00:05:46.244582+00:00,1785629143,11692,364 Langley Centre/Scottsdale,15252841,9303,7,-575
2026-08-02T00:05:46.244582+00:00,1785629143,11692,364 Langley Centre/Scottsdale,15252841,9304,8,-584
2026-08-02T00:05:46.244582+00:00,1785629143,11692,364 Langley Centre/Scottsdale,15252841,6475,9,-546
2026-08-02T00:05:46.244582+00:00,1785629143,11692,364 Langley Centre/Scottsdale,15252841,6476,10,-570
2026-08-02T00:05:46.244582+00:00,1785629143,11692,364 Langley Centre/Scottsdale,15252841,5381,11,-579
2026-08-02T00:05:46.244582+00:00,1785629143,11692,364 Langley Centre/Scottsdale,15252841,12496,12,-579
2026-08-02T00:05:46.244582+00:00,1785629143,11692,364 Langley Centre/Scottsdale,15252841,5382,13,-590
2026-08-02T00:05:46.244582+00:00,1785629143,11692,364 Langley Centre/Scottsdale,15252841,12516,14,-463
2026-08-02T00:05:46.244582+00:00,1785629143,11692,364 Langley Centre/Scottsdale,15252841,10257,15,-503
2026-08-02T00:05:46.244582+00:00,1785629143,11692,364 Langley Centre/Scottsdale,15252841,10258,16,-520
2026-08-02T00:05:46.244582+00:00,1785629143,11692,364 Langley Centre/Scottsdale,15252841,10259,17,-563
2026-08-02T00:05:46.244582+00:00,1785629143,11692,364 Langley Centre/Scottsdale,15252841,10260,18,0
2026-08-02T00:05:46.244582+00:00,1785629143,11692,364 Langley Centre/Scottsdale,15252841,10729,19,-42
2026-08-02T00:05:46.244582+00:00,1785629143,11692,364 Langley Centre/Scottsdale,15252841,13067,20,-63
2026-08-02T00:05:46.244582+00:00,1785629143,11692,364 Langley Centre/Scottsdale,15252841,10633,21,-87
2026-08-02T00:05:46.244582+00:00,1785629143,11692,364 Langley Centre/Scottsdale,15252841,10149,22,-54
2026-08-02T00:05:46.244582+00:00,1785629143,11692,364 Langley Centre/Scottsdale,15252841,10587,23,-73
2026-08-02T00:05:46.244582+00:00,1785629143,11692,364 Langley Centre/Scottsdale,15252841,10261,24,-101
2026-08-02T00:05:46.244582+00:00,1785629143,11692,364 Langley Centre/Scottsdale,15252841,10586,25,-133
2026-08-02T00:05:46.244582+00:00,1785629143,11692,364 Langley Centre/Scottsdale,15252841,9547,26,-109
2026-08-02T00:05:46.244582+00:00,1785629143,11692,364 Langley Centre/Scottsdale,15252841,9526,27,-132
2026-08-02T00:05:46.244582+00:00,1785629143,11692,364 Langley Centre/Scottsdale,15252841,12646,28,-144
2026-08-02T00:05:46.244582+00:00,1785629143,11692,364 Langley Centre/Scottsdale,15252841,11075,29,-276
2026-08-02T00:05:46.244582+00:00,1785629143,11692,364 Langley Centre/Scottsdale,15252841,11174,30,-295
2026-08-02T00:05:46.244582+00:00,1785629143,11692,364 Langley Centre/Scottsdale,15252841,11175,31,-321
2026-08-02T00:05:46.244582+00:00,1785629143,11692,364 Langley Centre/Scottsdale,15252841,11123,32,-317
2026-08-02T00:05:46.244582+00:00,1785629143,11692,364 Langley Centre/Scottsdale,15252841,11176,33,-307
2026-08-02T00:05:46.244582+00:00,1785629143,11692,364 Langley Centre/Scottsdale,15252841,11177,34,-332
2026-08-02T00:05:46.244582+00:00,1785629143,11692,364 Langley Centre/Scottsdale,15252841,11178,35,-355
2026-08-02T00:05:46.244582+00:00,1785629143,11692,364 Langley Centre/Scottsdale,15252841,6459,36,-254
2026-08-02T00:05:46.244582+00:00,1785629143,11692,364 Langley Centre/Scottsdale,15252841,6460,37,-255
2026-08-02T00:05:46.244582+00:00,1785629143,11692,364 Langley Centre/Scottsdale,15252841,5621,38,-246
2026-08-02T00:05:46.244582+00:00,1785629143,11692,364 Langley Centre/Scottsdale,15252841,5622,39,-264
2026-08-02T00:05:46.244582+00:00,1785629143,11692,364 Langley Centre/Scottsdale,15252841,11122,40,-225
2026-08-02T00:05:46.244582+00:00,1785629143,11692,364 Langley Centre/Scottsdale,15252841,11155,41,-233
2026-08-02T00:05:46.244582+00:00,1785629143,11692,364 Langley Centre/Scottsdale,15252841,11143,42,-233
2026-08-02T00:05:46.244582+00:00,1785629143,11692,364 Langley Centre/Scottsdale,15252841,11141,43,-259
2026-08-02T00:05:46.244582+00:00,1785629143,11692,364 Langley Centre/Scottsdale,15252841,4936,44,-238
2026-08-02T00:05:46.244582+00:00,1785629143,11692,364 Langley Centre/Scottsdale,15252841,4937,45,-251
2026-08-02T00:05:46.244582+00:00,1785629143,11692,364 Langley Centre/Scottsdale,15252841,4938,46,-271
2026-08-02T00:05:46.244582+00:00,1785629143,11692,364 Langley Centre/Scottsdale,15252841,5229,47,-261
2026-08-02T00:05:46.244582+00:00,1785629143,11692,364 Langley Centre/Scottsdale,15252841,4917,48,-192
2026-08-02T00:05:46.244582+00:00,1785629143,18705,531 WhiteRock/WillowBrook,15259245,9291,46,-477
2026-08-02T00:05:46.244582+00:00,1785629143,18705,531 WhiteRock/WillowBrook,15259245,9292,47,-479
2026-08-02T00:05:46.244582+00:00,1785629143,18705,531 WhiteRock/WillowBrook,15259245,11264,48,-472
2026-08-02T00:05:46.244582+00:00,1785629143,18705,531 WhiteRock/WillowBrook,15259245,9303,49,-453
2026-08-02T00:05:46.244582+00:00,1785629143,18705,531 WhiteRock/WillowBrook,15259245,9304,50,-454
2026-08-02T00:05:46.244582+00:00,1785629143,18705,531 WhiteRock/WillowBrook,15259245,6475,51,-409
2026-08-02T00:05:46.244582+00:00,1785629143,18705,531 WhiteRock/WillowBrook,15259245,6476,52,-419
2026-08-02T00:05:46.244582+00:00,1785629143,18705,531 WhiteRock/WillowBrook,15259245,5335,53,-410
2026-08-02T00:05:46.244582+00:00,1785629143,18705,531 WhiteRock/WillowBrook,15259245,7100,54,-372
2026-08-02T00:05:46.244582+00:00,1785629143,18705,531 WhiteRock/WillowBrook,15259246,11743,14,230
2026-08-02T00:05:46.244582+00:00,1785629143,18705,531 WhiteRock/WillowBrook,15259246,12306,15,174
2026-08-02T00:05:46.244582+00:00,1785629143,18705,531 WhiteRock/WillowBrook,15259246,12218,16,133
2026-08-02T00:05:46.244582+00:00,1785629143,18705,531 WhiteRock/WillowBrook,15259246,11924,17,76
2026-08-02T00:05:46.244582+00:00,1785629143,18705,531 WhiteRock/WillowBrook,15259246,13131,18,43
2026-08-02T00:05:46.244582+00:00,1785629143,18705,531 WhiteRock/WillowBrook,15259246,11923,19,19
2026-08-02T00:05:46.244582+00:00,1785629143,18705,531 WhiteRock/WillowBrook,15259246,12597,20,-46
2026-08-02T00:05:46.244582+00:00,1785629143,18705,531 WhiteRock/WillowBrook,15259246,11922,21,-64
2026-08-02T00:05:46.244582+00:00,1785629143,18705,531 WhiteRock/WillowBrook,15259246,11744,22,-58
2026-08-02T00:05:46.244582+00:00,1785629143,18705,531 WhiteRock/WillowBrook,15259246,11839,23,-84
2026-08-02T00:05:46.244582+00:00,1785629143,18705,531 WhiteRock/WillowBrook,15259246,12922,24,-110
2026-08-02T00:05:46.244582+00:00,1785629143,18705,531 WhiteRock/WillowBrook,15259246,12923,25,-146
2026-08-02T00:05:46.244582+00:00,1785629143,18705,531 WhiteRock/WillowBrook,15259246,12925,26,-155
2026-08-02T00:05:46.244582+00:00,1785629143,18705,531 WhiteRock/WillowBrook,15259246,12928,27,-183
2026-08-02T00:05:46.244582+00:00,1785629143,18705,531 WhiteRock/WillowBrook,15259246,12930,28,-200
2026-08-02T00:05:46.244582+00:00,1785629143,18705,531 WhiteRock/WillowBrook,15259246,13042,29,-223
2026-08-02T00:05:46.244582+00:00,1785629143,18705,531 WhiteRock/WillowBrook,15259246,8936,30,-221
2026-08-02T00:05:46.244582+00:00,1785629143,18705,531 WhiteRock/WillowBrook,15259246,9030,31,-226
2026-08-02T00:05:46.244582+00:00,1785629143,18705,531 WhiteRock/WillowBrook,15259246,8937,32,-243
2026-08-02T00:05:46.244582+00:00,1785629143,18705,531 WhiteRock/WillowBrook,15259246,8938,33,-240
2026-08-02T00:05:46.244582+00:00,1785629143,18705,531 WhiteRock/WillowBrook,15259246,7081,34,-237
2026-08-02T00:05:46.244582+00:00,1785629143,18705,531 WhiteRock/WillowBrook,15259246,7082,35,-243
2026-08-02T00:05:46.244582+00:00,1785629143,18705,531 WhiteRock/WillowBrook,15259246,7083,36,-267
2026-08-02T00:05:46.244582+00:00,1785629143,18705,531 WhiteRock/WillowBrook,15259246,7084,37,-282
2026-08-02T00:05:46.244582+00:00,1785629143,18705,531 WhiteRock/WillowBrook,15259246,7085,38,-310
2026-08-02T00:05:46.244582+00:00,1785629143,18705,531 WhiteRock/WillowBrook,15259246,8939,39,-320
2026-08-02T00:05:46.244582+00:00,1785629143,18705,531 WhiteRock/WillowBrook,15259246,7086,40,-328
2026-08-02T00:05:46.244582+00:00,1785629143,18705,531 WhiteRock/WillowBrook,15259246,8940,41,-350
2026-08-02T00:05:46.244582+00:00,1785629143,18705,531 WhiteRock/WillowBrook,15259246,5341,42,-355
2026-08-02T00:05:46.244582+00:00,1785629143,18705,531 WhiteRock/WillowBrook,15259246,5342,43,-353
2026-08-02T00:05:46.244582+00:00,1785629143,18705,531 WhiteRock/WillowBrook,15259246,12293,44,-341
2026-08-02T00:05:46.244582+00:00,1785629143,18705,531 WhiteRock/WillowBrook,15259246,12173,45,-274
2026-08-02T00:05:46.244582+00:00,1785629143,18705,531 WhiteRock/WillowBrook,15259246,9291,46,-305
2026-08-02T00:05:46.244582+00:00,1785629143,18705,531 WhiteRock/WillowBrook,15259246,9292,47,-308
2026-08-02T00:05:46.244582+00:00,1785629143,18705,531 WhiteRock/WillowBrook,15259246,11264,48,-294
2026-08-02T00:05:46.244582+00:00,1785629143,18705,531 WhiteRock/WillowBrook,15259246,9303,49,-285
2026-08-02T00:05:46.244582+00:00,1785629143,18705,531 WhiteRock/WillowBrook,15259246,9304,50,-287
2026-08-02T00:05:46.244582+00:00,1785629143,18705,531 WhiteRock/WillowBrook,15259246,6475,51,-236
2026-08-02T00:05:46.244582+00:00,1785629143,18705,531 WhiteRock/WillowBrook,15259246,6476,52,-237
2026-08-02T00:05:46.244582+00:00,1785629143,18705,531 WhiteRock/WillowBrook,15259246,5335,53,-223
2026-08-02T00:05:46.244582+00:00,1785629143,18705,531 WhiteRock/WillowBrook,15259246,7100,54,-184
2026-08-02T00:05:46.244582+00:00,1785629143,18705,531 WhiteRock/WillowBrook,15259282,12219,39,-146
2026-08-02T00:05:46.244582+00:00,1785629143,18705,531 WhiteRock/WillowBrook,15259282,11741,40,-258
2026-08-02T00:05:46.244582+00:00,1785629143,18705,531 WhiteRock/WillowBrook,15259282,11740,41,-262
2026-08-02T00:05:46.244582+00:00,1785629143,18705,531 WhiteRock/WillowBrook,15259282,11739,42,-206
2026-08-02T00:05:46.244582+00:00,1785629143,18705,531 WhiteRock/WillowBrook,15259282,11737,43,-156
2026-08-02T00:05:46.244582+00:00,1785629143,18705,531 WhiteRock/WillowBrook,15259282,11757,44,-177
2026-08-02T00:05:46.244582+00:00,1785629143,18705,531 WhiteRock/WillowBrook,15259282,11735,45,-140
2026-08-02T00:05:46.244582+00:00,1785629143,18705,531 WhiteRock/WillowBrook,15259282,11756,46,-134
2026-08-02T00:05:46.244582+00:00,1785629143,18705,531 WhiteRock/WillowBrook,15259282,5535,47,-101
2026-08-02T00:05:46.244582+00:00,1785629143,18705,531 WhiteRock/WillowBrook,15259282,5536,48,-113
2026-08-02T00:05:46.244582+00:00,1785629143,18705,531 WhiteRock/WillowBrook,15259282,5537,49,-112
2026-08-02T00:05:46.244582+00:00,1785629143,18705,531 WhiteRock/WillowBrook,15259282,5538,50,-116
2026-08-02T00:05:46.244582+00:00,1785629143,18705,531 WhiteRock/WillowBrook,15259282,5539,51,-95
2026-08-02T00:05:46.244582+00:00,1785629143,18705,531 WhiteRock/WillowBrook,15259282,5540,52,-81
2026-08-02T00:05:46.244582+00:00,1785629143,18705,531 WhiteRock/WillowBrook,15259283,9306,4,91
2026-08-02T00:05:46.244582+00:00,1785629143,18705,531 WhiteRock/WillowBrook,15259283,11125,5,109
2026-08-02T00:05:46.244582+00:00,1785629143,18705,531 WhiteRock/WillowBrook,15259283,9294,6,105
2026-08-02T00:05:46.244582+00:00,1785629143,18705,531 WhiteRock/WillowBrook,15259283,9293,7,100
2026-08-02T00:05:46.244582+00:00,1785629143,18705,531 WhiteRock/WillowBrook,15259283,11126,8,115
2026-08-02T00:05:46.244582+00:00,1785629143,18705,531 WhiteRock/WillowBrook,15259283,7094,9,89
2026-08-02T00:05:46.244582+00:00,1785629143,18705,531 WhiteRock/WillowBrook,15259283,7166,10,73
2026-08-02T00:05:46.244582+00:00,1785629143,18705,531 WhiteRock/WillowBrook,15259283,7092,11,123
2026-08-02T00:05:46.244582+00:00,1785629143,18705,531 WhiteRock/WillowBrook,15259283,10747,12,141
2026-08-02T00:05:46.244582+00:00,1785629143,18705,531 WhiteRock/WillowBrook,15259283,5364,13,151
2026-08-02T00:05:46.244582+00:00,1785629143,18705,531 WhiteRock/WillowBrook,15259283,11775,14,182
2026-08-02T00:05:46.244582+00:00,1785629143,18705,531 WhiteRock/WillowBrook,15259283,7171,15,167
2026-08-02T00:05:46.244582+00:00,1785629143,18705,531 WhiteRock/WillowBrook,15259283,7172,16,141
2026-08-02T00:05:46.244582+00:00,1785629143,18705,531 WhiteRock/WillowBrook,15259283,7173,17,134
2026-08-02T00:05:46.244582+00:00,1785629143,18705,531 WhiteRock/WillowBrook,15259283,7174,18,109
2026-08-02T00:05:46.244582+00:00,1785629143,18705,531 WhiteRock/WillowBrook,15259283,7175,19,102
2026-08-02T00:05:46.244582+00:00,1785629143,18705,531 WhiteRock/WillowBrook,15259283,7176,20,86
2026-08-02T00:05:46.244582+00:00,1785629143,18705,531 WhiteRock/WillowBrook,15259283,7177,21,96
2026-08-02T00:05:46.244582+00:00,1785629143,18705,531 WhiteRock/WillowBrook,15259283,8948,22,82
2026-08-02T00:05:46.244582+00:00,1785629143,18705,531 WhiteRock/WillowBrook,15259283,9031,23,69
2026-08-02T00:05:46.244582+00:00,1785629143,18705,531 WhiteRock/WillowBrook,15259283,12931,24,71
2026-08-02T00:05:46.244582+00:00,1785629143,18705,531 WhiteRock/WillowBrook,15259283,13041,25,62
2026-08-02T00:05:46.244582+00:00,1785629143,18705,531 WhiteRock/WillowBrook,15259283,12929,26,57
2026-08-02T00:05:46.244582+00:00,1785629143,18705,531 WhiteRock/WillowBrook,15259283,12927,27,33
2026-08-02T00:05:46.244582+00:00,1785629143,18705,531 WhiteRock/WillowBrook,15259283,12926,28,47
2026-08-02T00:05:46.244582+00:00,1785629143,18705,531 WhiteRock/WillowBrook,15259283,12924,29,22
2026-08-02T00:05:46.244582+00:00,1785629143,18705,531 WhiteRock/WillowBrook,15259283,11751,30,22
2026-08-02T00:05:46.244582+00:00,1785629143,18705,531 WhiteRock/WillowBrook,15259283,11750,31,-9
2026-08-02T00:05:46.244582+00:00,1785629143,18705,531 WhiteRock/WillowBrook,15259283,11747,32,-26
2026-08-02T00:05:46.244582+00:00,1785629143,18705,531 WhiteRock/WillowBrook,15259283,11745,33,-36
2026-08-02T00:05:46.244582+00:00,1785629143,18705,531 WhiteRock/WillowBrook,15259283,13040,34,-40
2026-08-02T00:05:46.244582+00:00,1785629143,18705,531 WhiteRock/WillowBrook,15259283,12598,35,-56
2026-08-02T00:05:46.244582+00:00,1785629143,18705,531 WhiteRock/WillowBrook,15259283,11920,36,-102
2026-08-02T00:05:46.244582+00:00,1785629143,18705,531 WhiteRock/WillowBrook,15259283,13130,37,-129
2026-08-02T00:05:46.244582+00:00,1785629143,18705,531 WhiteRock/WillowBrook,15259283,11925,38,-155
2026-08-02T00:05:46.244582+00:00,1785629143,18705,531 WhiteRock/WillowBrook,15259283,12219,39,-185
2026-08-02T00:05:46.244582+00:00,1785629143,18705,531 WhiteRock/WillowBrook,15259283,11741,40,-297
2026-08-02T00:05:46.244582+00:00,1785629143,18705,531 WhiteRock/WillowBrook,15259283,11740,41,-302
2026-08-02T00:05:46.244582+00:00,1785629143,18705,531 WhiteRock/WillowBrook,15259283,11739,42,-249
2026-08-02T00:05:46.244582+00:00,1785629143,18705,531 WhiteRock/WillowBrook,15259283,11737,43,-203
2026-08-02T00:05:46.244582+00:00,1785629143,18705,531 WhiteRock/WillowBrook,15259283,11757,44,-224
2026-08-02T00:05:46.244582+00:00,1785629143,18705,531 WhiteRock/WillowBrook,15259283,11735,45,-187
2026-08-02T00:05:46.244582+00:00,1785629143,18705,531 WhiteRock/WillowBrook,15259283,11756,46,-181
2026-08-02T00:05:46.244582+00:00,1785629143,18705,531 WhiteRock/WillowBrook,15259283,5535,47,-149
2026-08-02T00:05:46.244582+00:00,1785629143,18705,531 WhiteRock/WillowBrook,15259283,5536,48,-166
2026-08-02T00:05:46.244582+00:00,1785629143,18705,531 WhiteRock/WillowBrook,15259283,5537,49,-161
2026-08-02T00:05:46.244582+00:00,1785629143,18705,531 WhiteRock/WillowBrook,15259283,5538,50,-166
2026-08-02T00:05:46.244582+00:00,1785629143,18705,531 WhiteRock/WillowBrook,15259283,5539,51,-146
2026-08-02T00:05:46.244582+00:00,1785629143,18705,531 WhiteRock/WillowBrook,15259283,5540,52,-131
2026-08-02T00:10:47.686816+00:00,1785629443,6705,321 Surrey Central/WhiteRock,15247329,7213,57,32
2026-08-02T00:10:47.686816+00:00,1785629443,6705,321 Surrey Central/WhiteRock,15247330,5472,46,149
2026-08-02T00:10:47.686816+00:00,1785629443,6705,321 Surrey Central/WhiteRock,15247330,5473,47,104
2026-08-02T00:10:47.686816+00:00,1785629443,6705,321 Surrey Central/WhiteRock,15247330,5474,48,103
2026-08-02T00:10:47.686816+00:00,1785629443,6705,321 Surrey Central/WhiteRock,15247330,5475,49,61
2026-08-02T00:10:47.686816+00:00,1785629443,6705,321 Surrey Central/WhiteRock,15247330,5476,50,41
2026-08-02T00:10:47.686816+00:00,1785629443,6705,321 Surrey Central/WhiteRock,15247330,5477,51,23
2026-08-02T00:10:47.686816+00:00,1785629443,6705,321 Surrey Central/WhiteRock,15247330,11725,52,-1
2026-08-02T00:10:47.686816+00:00,1785629443,6705,321 Surrey Central/WhiteRock,15247330,5040,53,21
2026-08-02T00:10:47.686816+00:00,1785629443,6705,321 Surrey Central/WhiteRock,15247330,5041,54,28
2026-08-02T00:10:47.686816+00:00,1785629443,6705,321 Surrey Central/WhiteRock,15247330,12155,55,40
2026-08-02T00:10:47.686816+00:00,1785629443,6705,321 Surrey Central/WhiteRock,15247330,9089,56,50
2026-08-02T00:10:47.686816+00:00,1785629443,6705,321 Surrey Central/WhiteRock,15247330,7213,57,41
2026-08-02T00:10:47.686816+00:00,1785629443,6705,321 Surrey Central/WhiteRock,15247331,5465,39,33
2026-08-02T00:10:47.686816+00:00,1785629443,6705,321 Surrey Central/WhiteRock,15247331,5466,40,-4
2026-08-02T00:10:47.686816+00:00,1785629443,6705,321 Surrey Central/WhiteRock,15247331,5467,41,40
2026-08-02T00:10:47.686816+00:00,1785629443,6705,321 Surrey Central/WhiteRock,15247331,5468,42,14
2026-08-02T00:10:47.686816+00:00,1785629443,6705,321 Surrey Central/WhiteRock,15247331,5469,43,-16
2026-08-02T00:10:47.686816+00:00,1785629443,6705,321 Surrey Central/WhiteRock,15247331,5470,44,-38
2026-08-02T00:10:47.686816+00:00,1785629443,6705,321 Surrey Central/WhiteRock,15247331,5471,45,-70
2026-08-02T00:10:47.686816+00:00,1785629443,6705,321 Surrey Central/WhiteRock,15247331,5472,46,-90
2026-08-02T00:10:47.686816+00:00,1785629443,6705,321 Surrey Central/WhiteRock,15247331,5473,47,-135
2026-08-02T00:10:47.686816+00:00,1785629443,6705,321 Surrey Central/WhiteRock,15247331,5474,48,-137
2026-08-02T00:10:47.686816+00:00,1785629443,6705,321 Surrey Central/WhiteRock,15247331,5475,49,-179
2026-08-02T00:10:47.686816+00:00,1785629443,6705,321 Surrey Central/WhiteRock,15247331,5476,50,-194
2026-08-02T00:10:47.686816+00:00,1785629443,6705,321 Surrey Central/WhiteRock,15247331,5477,51,-212
2026-08-02T00:10:47.686816+00:00,1785629443,6705,321 Surrey Central/WhiteRock,15247331,11725,52,-237
2026-08-02T00:10:47.686816+00:00,1785629443,6705,321 Surrey Central/WhiteRock,15247331,5040,53,-216
2026-08-02T00:10:47.686816+00:00,1785629443,6705,321 Surrey Central/WhiteRock,15247331,5041,54,-209
2026-08-02T00:10:47.686816+00:00,1785629443,6705,321 Surrey Central/WhiteRock,15247331,12155,55,-197
2026-08-02T00:10:47.686816+00:00,1785629443,6705,321 Surrey Central/WhiteRock,15247331,9089,56,-187
2026-08-02T00:10:47.686816+00:00,1785629443,6705,321 Surrey Central/WhiteRock,15247331,7213,57,-196
2026-08-02T00:10:47.686816+00:00,1785629443,6705,321 Surrey Central/WhiteRock,15247332,5455,29,-68
2026-08-02T00:10:47.686816+00:00,1785629443,6705,321 Surrey Central/WhiteRock,15247332,5456,30,-16
2026-08-02T00:10:47.686816+00:00,1785629443,6705,321 Surrey Central/WhiteRock,15247332,12651,31,-38
2026-08-02T00:10:47.686816+00:00,1785629443,6705,321 Surrey Central/WhiteRock,15247332,5458,32,-32
2026-08-02T00:10:47.686816+00:00,1785629443,6705,321 Surrey Central/WhiteRock,15247332,5459,33,-20
2026-08-02T00:10:47.686816+00:00,1785629443,6705,321 Surrey Central/WhiteRock,15247332,5460,34,-25
2026-08-02T00:10:47.686816+00:00,1785629443,6705,321 Surrey Central/WhiteRock,15247332,5461,35,-31
2026-08-02T00:10:47.686816+00:00,1785629443,6705,321 Surrey Central/WhiteRock,15247332,5462,36,-35
2026-08-02T00:10:47.686816+00:00,1785629443,6705,321 Surrey Central/WhiteRock,15247332,5463,37,21
2026-08-02T00:10:47.686816+00:00,1785629443,6705,321 Surrey Central/WhiteRock,15247332,5700,38,141
2026-08-02T00:10:47.686816+00:00,1785629443,6705,321 Surrey Central/WhiteRock,15247332,5465,39,155
2026-08-02T00:10:47.686816+00:00,1785629443,6705,321 Surrey Central/WhiteRock,15247332,5466,40,116
2026-08-02T00:10:47.686816+00:00,1785629443,6705,321 Surrey Central/WhiteRock,15247332,5467,41,160
2026-08-02T00:10:47.686816+00:00,1785629443,6705,321 Surrey Central/WhiteRock,15247332,5468,42,134
2026-08-02T00:10:47.686816+00:00,1785629443,6705,321 Surrey Central/WhiteRock,15247332,5469,43,110
2026-08-02T00:10:47.686816+00:00,1785629443,6705,321 Surrey Central/WhiteRock,15247332,5470,44,88
2026-08-02T00:10:47.686816+00:00,1785629443,6705,321 Surrey Central/WhiteRock,15247332,5471,45,56
2026-08-02T00:10:47.686816+00:00,1785629443,6705,321 Surrey Central/WhiteRock,15247332,5472,46,36
2026-08-02T00:10:47.686816+00:00,1785629443,6705,321 Surrey Central/WhiteRock,15247332,5473,47,-9
2026-08-02T00:10:47.686816+00:00,1785629443,6705,321 Surrey Central/WhiteRock,15247332,5474,48,-10
2026-08-02T00:10:47.686816+00:00,1785629443,6705,321 Surrey Central/WhiteRock,15247332,5475,49,-52
2026-08-02T00:10:47.686816+00:00,1785629443,6705,321 Surrey Central/WhiteRock,15247332,5476,50,-68
2026-08-02T00:10:47.686816+00:00,1785629443,6705,321 Surrey Central/WhiteRock,15247332,5477,51,-86
2026-08-02T00:10:47.686816+00:00,1785629443,6705,321 Surrey Central/WhiteRock,15247332,11725,52,-111
2026-08-02T00:10:47.686816+00:00,1785629443,6705,321 Surrey Central/WhiteRock,15247332,5040,53,-93
2026-08-02T00:10:47.686816+00:00,1785629443,6705,321 Surrey Central/WhiteRock,15247332,5041,54,-86
2026-08-02T00:10:47.686816+00:00,1785629443,6705,321 Surrey Central/WhiteRock,15247332,12155,55,-75
2026-08-02T00:10:47.686816+00:00,1785629443,6705,321 Surrey Central/WhiteRock,15247332,9089,56,-64
2026-08-02T00:10:47.686816+00:00,1785629443,6705,321 Surrey Central/WhiteRock,15247332,7213,57,-74
2026-08-02T00:10:47.686816+00:00,1785629443,6705,321 Surrey Central/WhiteRock,15247333,5449,23,51
2026-08-02T00:10:47.686816+00:00,1785629443,6705,321 Surrey Central/WhiteRock,15247333,11313,24,17
2026-08-02T00:10:47.686816+00:00,1785629443,6705,321 Surrey Central/WhiteRock,15247333,10808,25,-113
2026-08-02T00:10:47.686816+00:00,1785629443,6705,321 Surrey Central/WhiteRock,15247333,5452,26,-224
2026-08-02T00:10:47.686816+00:00,1785629443,6705,321 Surrey Central/WhiteRock,15247333,11913,27,-236
2026-08-02T00:10:47.686816+00:00,1785629443,6705,321 Surrey Central/WhiteRock,15247333,5454,28,-242
2026-08-02T00:10:47.686816+00:00,1785629443,6705,321 Surrey Central/WhiteRock,15247333,5455,29,-245
2026-08-02T00:10:47.686816+00:00,1785629443,6705,321 Surrey Central/WhiteRock,15247333,5456,30,-193
2026-08-02T00:10:47.686816+00:00,1785629443,6705,321 Surrey Central/WhiteRock,15247333,12651,31,-215
2026-08-02T00:10:47.686816+00:00,1785629443,6705,321 Surrey Central/WhiteRock,15247333,5458,32,-209
2026-08-02T00:10:47.686816+00:00,1785629443,6705,321 Surrey Central/WhiteRock,15247333,5459,33,-197
2026-08-02T00:10:47.686816+00:00,1785629443,6705,321 Surrey Central/WhiteRock,15247333,5460,34,-203
2026-08-02T00:10:47.686816+00:00,1785629443,6705,321 Surrey Central/WhiteRock,15247333,5461,35,-209
2026-08-02T00:10:47.686816+00:00,1785629443,6705,321 Surrey Central/WhiteRock,15247333,5462,36,-213
2026-08-02T00:10:47.686816+00:00,1785629443,6705,321 Surrey Central/WhiteRock,15247333,5463,37,-156
2026-08-02T00:10:47.686816+00:00,1785629443,6705,321 Surrey Central/WhiteRock,15247333,5700,38,0
2026-08-02T00:10:47.686816+00:00,1785629443,6705,321 Surrey Central/WhiteRock,15247333,5465,39,14
2026-08-02T00:10:47.686816+00:00,1785629443,6705,321 Surrey Central/WhiteRock,15247333,5466,40,-25
2026-08-02T00:10:47.686816+00:00,1785629443,6705,321 Surrey Central/WhiteRock,15247333,5467,41,19
2026-08-02T00:10:47.686816+00:00,1785629443,6705,321 Surrey Central/WhiteRock,15247333,5468,42,-7
2026-08-02T00:10:47.686816+00:00,1785629443,6705,321 Surrey Central/WhiteRock,15247333,5469,43,-34
2026-08-02T00:10:47.686816+00:00,1785629443,6705,321 Surrey Central/WhiteRock,15247333,5470,44,-56
2026-08-02T00:10:47.686816+00:00,1785629443,6705,321 Surrey Central/WhiteRock,15247333,5471,45,-88
2026-08-02T00:10:47.686816+00:00,1785629443,6705,321 Surrey Central/WhiteRock,15247333,5472,46,-108
2026-08-02T00:10:47.686816+00:00,1785629443,6705,321 Surrey Central/WhiteRock,15247333,5473,47,-153
2026-08-02T00:10:47.686816+00:00,1785629443,6705,321 Surrey Central/WhiteRock,15247333,5474,48,-154
2026-08-02T00:10:47.686816+00:00,1785629443,6705,321 Surrey Central/WhiteRock,15247333,5475,49,-196
2026-08-02T00:10:47.686816+00:00,1785629443,6705,321 Surrey Central/WhiteRock,15247333,5476,50,-211
2026-08-02T00:10:47.686816+00:00,1785629443,6705,321 Surrey Central/WhiteRock,15247333,5477,51,-229
2026-08-02T00:10:47.686816+00:00,1785629443,6705,321 Surrey Central/WhiteRock,15247333,11725,52,-254
2026-08-02T00:10:47.686816+00:00,1785629443,6705,321 Surrey Central/WhiteRock,15247333,5040,53,-239
2026-08-02T00:10:47.686816+00:00,1785629443,6705,321 Surrey Central/WhiteRock,15247333,5041,54,-232
2026-08-02T00:10:47.686816+00:00,1785629443,6705,321 Surrey Central/WhiteRock,15247333,12155,55,-221
2026-08-02T00:10:47.686816+00:00,1785629443,6705,321 Surrey Central/WhiteRock,15247333,9089,56,-210
2026-08-02T00:10:47.686816+00:00,1785629443,6705,321 Surrey Central/WhiteRock,15247333,7213,57,-220
2026-08-02T00:10:47.686816+00:00,1785629443,6705,321 Surrey Central/WhiteRock,15247334,5439,12,189
2026-08-02T00:10:47.686816+00:00,1785629443,6705,321 Surrey Central/WhiteRock,15247334,5440,13,177
2026-08-02T00:10:47.686816+00:00,1785629443,6705,321 Surrey Central/WhiteRock,15247334,5441,14,205
2026-08-02T00:10:47.686816+00:00,1785629443,6705,321 Surrey Central/WhiteRock,15247334,5442,15,187
2026-08-02T00:10:47.686816+00:00,1785629443,6705,321 Surrey Central/WhiteRock,15247334,5444,16,195
2026-08-02T00:10:47.686816+00:00,1785629443,6705,321 Surrey Central/WhiteRock,15247334,9083,17,173
2026-08-02T00:10:47.686816+00:00,1785629443,6705,321 Surrey Central/WhiteRock,15247334,5446,18,185
2026-08-02T00:10:47.686816+00:00,1785629443,6705,321 Surrey Central/WhiteRock,15247334,10445,19,186
2026-08-02T00:10:47.686816+00:00,1785629443,6705,321 Surrey Central/WhiteRock,15247334,5447,20,158
2026-08-02T00:10:47.686816+00:00,1785629443,6705,321 Surrey Central/WhiteRock,15247334,5448,21,162
2026-08-02T00:10:47.686816+00:00,1785629443,6705,321 Surrey Central/WhiteRock,15247334,10437,22,152
2026-08-02T00:10:47.686816+00:00,1785629443,6705,321 Surrey Central/WhiteRock,15247334,5449,23,107
2026-08-02T00:10:47.686816+00:00,1785629443,6705,321 Surrey Central/WhiteRock,15247334,11313,24,72
2026-08-02T00:10:47.686816+00:00,1785629443,6705,321 Surrey Central/WhiteRock,15247334,10808,25,-58
2026-08-02T00:10:47.686816+00:00,1785629443,6705,321 Surrey Central/WhiteRock,15247334,5452,26,-169
2026-08-02T00:10:47.686816+00:00,1785629443,6705,321 Surrey Central/WhiteRock,15247334,11913,27,-181
2026-08-02T00:10:47.686816+00:00,1785629443,6705,321 Surrey Central/WhiteRock,15247334,5454,28,-187
2026-08-02T00:10:47.686816+00:00,1785629443,6705,321 Surrey Central/WhiteRock,15247334,5455,29,-190
2026-08-02T00:10:47.686816+00:00,1785629443,6705,321 Surrey Central/WhiteRock,15247334,5456,30,-139
2026-08-02T00:10:47.686816+00:00,1785629443,6705,321 Surrey Central/WhiteRock,15247334,12651,31,-161
2026-08-02T00:10:47.686816+00:00,1785629443,6705,321 Surrey Central/WhiteRock,15247334,5458,32,-155
2026-08-02T00:10:47.686816+00:00,1785629443,6705,321 Surrey Central/WhiteRock,15247334,5459,33,-144
2026-08-02T00:10:47.686816+00:00,1785629443,6705,321 Surrey Central/WhiteRock,15247334,5460,34,-150
2026-08-02T00:10:47.686816+00:00,1785629443,6705,321 Surrey Central/WhiteRock,15247334,5461,35,-156
2026-08-02T00:10:47.686816+00:00,1785629443,6705,321 Surrey Central/WhiteRock,15247334,5462,36,-160
2026-08-02T00:10:47.686816+00:00,1785629443,6705,321 Surrey Central/WhiteRock,15247334,5463,37,-107
2026-08-02T00:10:47.686816+00:00,1785629443,6705,321 Surrey Central/WhiteRock,15247334,5700,38,13
2026-08-02T00:10:47.686816+00:00,1785629443,6705,321 Surrey Central/WhiteRock,15247334,5465,39,31
2026-08-02T00:10:47.686816+00:00,1785629443,6705,321 Surrey Central/WhiteRock,15247334,5466,40,-8
2026-08-02T00:10:47.686816+00:00,1785629443,6705,321 Surrey Central/WhiteRock,15247334,5467,41,36
2026-08-02T00:10:47.686816+00:00,1785629443,6705,321 Surrey Central/WhiteRock,15247334,5468,42,10
2026-08-02T00:10:47.686816+00:00,1785629443,6705,321 Surrey Central/WhiteRock,15247334,5469,43,-25
2026-08-02T00:10:47.686816+00:00,1785629443,6705,321 Surrey Central/WhiteRock,15247334,5470,44,-47
2026-08-02T00:10:47.686816+00:00,1785629443,6705,321 Surrey Central/WhiteRock,15247334,5471,45,-78
2026-08-02T00:10:47.686816+00:00,1785629443,6705,321 Surrey Central/WhiteRock,15247334,5472,46,-101
2026-08-02T00:10:47.686816+00:00,1785629443,6705,321 Surrey Central/WhiteRock,15247334,5473,47,-146
2026-08-02T00:10:47.686816+00:00,1785629443,6705,321 Surrey Central/WhiteRock,15247334,5474,48,-146
2026-08-02T00:10:47.686816+00:00,1785629443,6705,321 Surrey Central/WhiteRock,15247334,5475,49,-188
2026-08-02T00:10:47.686816+00:00,1785629443,6705,321 Surrey Central/WhiteRock,15247334,5476,50,-207
2026-08-02T00:10:47.686816+00:00,1785629443,6705,321 Surrey Central/WhiteRock,15247334,5477,51,-226
2026-08-02T00:10:47.686816+00:00,1785629443,6705,321 Surrey Central/WhiteRock,15247334,11725,52,-251
2026-08-02T00:10:47.686816+00:00,1785629443,6705,321 Surrey Central/WhiteRock,15247334,5040,53,-235
2026-08-02T00:10:47.686816+00:00,1785629443,6705,321 Surrey Central/WhiteRock,15247334,5041,54,-228
2026-08-02T00:10:47.686816+00:00,1785629443,6705,321 Surrey Central/WhiteRock,15247334,12155,55,-217
2026-08-02T00:10:47.686816+00:00,1785629443,6705,321 Surrey Central/WhiteRock,15247334,9089,56,-206
2026-08-02T00:10:47.686816+00:00,1785629443,6705,321 Surrey Central/WhiteRock,15247334,7213,57,-216
2026-08-02T00:10:47.686816+00:00,1785629443,6705,321 Surrey Central/WhiteRock,15247335,6197,1,0
2026-08-02T00:10:47.686816+00:00,1785629443,6705,321 Surrey Central/WhiteRock,15247335,6198,2,0
2026-08-02T00:10:47.686816+00:00,1785629443,6705,321 Surrey Central/WhiteRock,15247335,6199,3,0
2026-08-02T00:10:47.686816+00:00,1785629443,6705,321 Surrey Central/WhiteRock,15247335,6200,4,0
2026-08-02T00:10:47.686816+00:00,1785629443,6705,321 Surrey Central/WhiteRock,15247335,6201,5,0
2026-08-02T00:10:47.686816+00:00,1785629443,6705,321 Surrey Central/WhiteRock,15247335,6354,6,0
2026-08-02T00:10:47.686816+00:00,1785629443,6705,321 Surrey Central/WhiteRock,15247335,6355,7,0
2026-08-02T00:10:47.686816+00:00,1785629443,6705,321 Surrey Central/WhiteRock,15247335,6356,8,0
2026-08-02T00:10:47.686816+00:00,1785629443,6705,321 Surrey Central/WhiteRock,15247335,6174,9,0
2026-08-02T00:10:47.686816+00:00,1785629443,6705,321 Surrey Central/WhiteRock,15247335,5437,10,0
2026-08-02T00:10:47.686816+00:00,1785629443,6705,321 Surrey Central/WhiteRock,15247335,5438,11,0
2026-08-02T00:10:47.686816+00:00,1785629443,6705,321 Surrey Central/WhiteRock,15247335,5439,12,0
2026-08-02T00:10:47.686816+00:00,1785629443,6705,321 Surrey Central/WhiteRock,15247335,5440,13,0
2026-08-02T00:10:47.686816+00:00,1785629443,6705,321 Surrey Central/WhiteRock,15247335,5441,14,0
2026-08-02T00:10:47.686816+00:00,1785629443,6705,321 Surrey Central/WhiteRock,15247335,5442,15,0
2026-08-02T00:10:47.686816+00:00,1785629443,6705,321 Surrey Central/WhiteRock,15247335,5444,16,0
2026-08-02T00:10:47.686816+00:00,1785629443,6705,321 Surrey Central/WhiteRock,15247335,9083,17,0
2026-08-02T00:10:47.686816+00:00,1785629443,6705,321 Surrey Central/WhiteRock,15247335,5446,18,0
2026-08-02T00:10:47.686816+00:00,1785629443,6705,321 Surrey Central/WhiteRock,15247335,10445,19,0
2026-08-02T00:10:47.686816+00:00,1785629443,6705,321 Surrey Central/WhiteRock,15247335,5447,20,0
2026-08-02T00:10:47.686816+00:00,1785629443,6705,321 Surrey Central/WhiteRock,15247335,5448,21,0
2026-08-02T00:10:47.686816+00:00,1785629443,6705,321 Surrey Central/WhiteRock,15247335,10437,22,0
2026-08-02T00:10:47.686816+00:00,1785629443,6705,321 Surrey Central/WhiteRock,15247335,5449,23,0
2026-08-02T00:10:47.686816+00:00,1785629443,6705,321 Surrey Central/WhiteRock,15247335,11313,24,0
2026-08-02T00:10:47.686816+00:00,1785629443,6705,321 Surrey Central/WhiteRock,15247335,10808,25,0
2026-08-02T00:10:47.686816+00:00,1785629443,6705,321 Surrey Central/WhiteRock,15247335,5452,26,0
2026-08-02T00:10:47.686816+00:00,1785629443,6705,321 Surrey Central/WhiteRock,15247335,11913,27,0
2026-08-02T00:10:47.686816+00:00,1785629443,6705,321 Surrey Central/WhiteRock,15247335,5454,28,0
2026-08-02T00:10:47.686816+00:00,1785629443,6705,321 Surrey Central/WhiteRock,15247335,5455,29,0
2026-08-02T00:10:47.686816+00:00,1785629443,6705,321 Surrey Central/WhiteRock,15247335,5456,30,0
2026-08-02T00:10:47.686816+00:00,1785629443,6705,321 Surrey Central/WhiteRock,15247335,12651,31,0
2026-08-02T00:10:47.686816+00:00,1785629443,6705,321 Surrey Central/WhiteRock,15247335,5458,32,0
2026-08-02T00:10:47.686816+00:00,1785629443,6705,321 Surrey Central/WhiteRock,15247335,5459,33,0
2026-08-02T00:10:47.686816+00:00,1785629443,6705,321 Surrey Central/WhiteRock,15247335,5460,34,0
2026-08-02T00:10:47.686816+00:00,1785629443,6705,321 Surrey Central/WhiteRock,15247335,5461,35,0
2026-08-02T00:10:47.686816+00:00,1785629443,6705,321 Surrey Central/WhiteRock,15247335,5462,36,0
2026-08-02T00:10:47.686816+00:00,1785629443,6705,321 Surrey Central/WhiteRock,15247335,5463,37,0
2026-08-02T00:10:47.686816+00:00,1785629443,6705,321 Surrey Central/WhiteRock,15247335,5700,38,0
2026-08-02T00:10:47.686816+00:00,1785629443,6705,321 Surrey Central/WhiteRock,15247335,5465,39,0
2026-08-02T00:10:47.686816+00:00,1785629443,6705,321 Surrey Central/WhiteRock,15247335,5466,40,0
2026-08-02T00:10:47.686816+00:00,1785629443,6705,321 Surrey Central/WhiteRock,15247335,5467,41,0
2026-08-02T00:10:47.686816+00:00,1785629443,6705,321 Surrey Central/WhiteRock,15247335,5468,42,0
2026-08-02T00:10:47.686816+00:00,1785629443,6705,321 Surrey Central/WhiteRock,15247335,5469,43,0
2026-08-02T00:10:47.686816+00:00,1785629443,6705,321 Surrey Central/WhiteRock,15247335,5470,44,0
2026-08-02T00:10:47.686816+00:00,1785629443,6705,321 Surrey Central/WhiteRock,15247335,5471,45,0
2026-08-02T00:10:47.686816+00:00,1785629443,6705,321 Surrey Central/WhiteRock,15247335,5472,46,0
2026-08-02T00:10:47.686816+00:00,1785629443,6705,321 Surrey Central/WhiteRock,15247335,5473,47,0
2026-08-02T00:10:47.686816+00:00,1785629443,6705,321 Surrey Central/WhiteRock,15247335,5474,48,0
2026-08-02T00:10:47.686816+00:00,1785629443,6705,321 Surrey Central/WhiteRock,15247335,5475,49,0
2026-08-02T00:10:47.686816+00:00,1785629443,6705,321 Surrey Central/WhiteRock,15247335,5476,50,0
2026-08-02T00:10:47.686816+00:00,1785629443,6705,321 Surrey Central/WhiteRock,15247335,5477,51,0
2026-08-02T00:10:47.686816+00:00,1785629443,6705,321 Surrey Central/WhiteRock,15247335,11725,52,0
2026-08-02T00:10:47.686816+00:00,1785629443,6705,321 Surrey Central/WhiteRock,15247335,5040,53,0
2026-08-02T00:10:47.686816+00:00,1785629443,6705,321 Surrey Central/WhiteRock,15247335,5041,54,0
2026-08-02T00:10:47.686816+00:00,1785629443,6705,321 Surrey Central/WhiteRock,15247335,12155,55,0
2026-08-02T00:10:47.686816+00:00,1785629443,6705,321 Surrey Central/WhiteRock,15247335,9089,56,0
2026-08-02T00:10:47.686816+00:00,1785629443,6705,321 Surrey Central/WhiteRock,15247335,7213,57,0
2026-08-02T00:10:47.686816+00:00,1785629443,6705,321 Surrey Central/WhiteRock,15247336,6197,1,0
2026-08-02T00:10:47.686816+00:00,1785629443,6705,321 Surrey Central/WhiteRock,15247336,6199,3,-658
2026-08-02T00:10:47.686816+00:00,1785629443,6705,321 Surrey Central/WhiteRock,15247336,6200,4,-669
2026-08-02T00:10:47.686816+00:00,1785629443,6705,321 Surrey Central/WhiteRock,15247336,6201,5,-675
2026-08-02T00:10:47.686816+00:00,1785629443,6705,321 Surrey Central/WhiteRock,15247336,6354,6,-661
2026-08-02T00:10:47.686816+00:00,1785629443,6705,321 Surrey Central/WhiteRock,15247336,6355,7,-672
2026-08-02T00:10:47.686816+00:00,1785629443,6705,321 Surrey Central/WhiteRock,15247336,6356,8,-680
2026-08-02T00:10:47.686816+00:00,1785629443,6705,321 Surrey Central/WhiteRock,15247336,6174,9,-624
2026-08-02T00:10:47.686816+00:00,1785629443,6705,321 Surrey Central/WhiteRock,15247336,5437,10,-605
2026-08-02T00:10:47.686816+00:00,1785629443,6705,321 Surrey Central/WhiteRock,15247336,5438,11,-611
2026-08-02T00:10:47.686816+00:00,1785629443,6705,321 Surrey Central/WhiteRock,15247336,5439,12,-602
2026-08-02T00:10:47.686816+00:00,1785629443,6705,321 Surrey Central/WhiteRock,15247336,5440,13,-616
2026-08-02T00:10:47.686816+00:00,1785629443,6705,321 Surrey Central/WhiteRock,15247336,5441,14,-590
2026-08-02T00:10:47.686816+00:00,1785629443,6705,321 Surrey Central/WhiteRock,15247336,5442,15,-609
2026-08-02T00:10:47.686816+00:00,1785629443,6705,321 Surrey Central/WhiteRock,15247336,5444,16,-602
2026-08-02T00:10:47.686816+00:00,1785629443,6705,321 Surrey Central/WhiteRock,15247336,9083,17,-620
2026-08-02T00:10:47.686816+00:00,1785629443,6705,321 Surrey Central/WhiteRock,15247336,5446,18,-608
2026-08-02T00:10:47.686816+00:00,1785629443,6705,321 Surrey Central/WhiteRock,15247336,10445,19,-614
2026-08-02T00:10:47.686816+00:00,1785629443,6705,321 Surrey Central/WhiteRock,15247336,5447,20,-644
2026-08-02T00:10:47.686816+00:00,1785629443,6705,321 Surrey Central/WhiteRock,15247336,5448,21,-634
2026-08-02T00:10:47.686816+00:00,1785629443,6705,321 Surrey Central/WhiteRock,15247336,10437,22,-638
2026-08-02T00:10:47.686816+00:00,1785629443,6705,321 Surrey Central/WhiteRock,15247336,5449,23,-683
2026-08-02T00:10:47.686816+00:00,1785629443,6705,321 Surrey Central/WhiteRock,15247336,11313,24,-717
2026-08-02T00:10:47.686816+00:00,1785629443,6705,321 Surrey Central/WhiteRock,15247336,10808,25,-846
2026-08-02T00:10:47.686816+00:00,1785629443,6705,321 Surrey Central/WhiteRock,15247336,5452,26,-957
2026-08-02T00:10:47.686816+00:00,1785629443,6705,321 Surrey Central/WhiteRock,15247336,11913,27,-969
2026-08-02T00:10:47.686816+00:00,1785629443,6705,321 Surrey Central/WhiteRock,15247336,5454,28,-975
2026-08-02T00:10:47.686816+00:00,1785629443,6705,321 Surrey Central/WhiteRock,15247336,5455,29,-976
2026-08-02T00:10:47.686816+00:00,1785629443,6705,321 Surrey Central/WhiteRock,15247336,5456,30,-924
2026-08-02T00:10:47.686816+00:00,1785629443,6705,321 Surrey Central/WhiteRock,15247336,12651,31,-946
2026-08-02T00:10:47.686816+00:00,1785629443,6705,321 Surrey Central/WhiteRock,15247336,5458,32,-939
2026-08-02T00:10:47.686816+00:00,1785629443,6705,321 Surrey Central/WhiteRock,15247336,5459,33,-926
2026-08-02T00:10:47.686816+00:00,1785629443,6705,321 Surrey Central/WhiteRock,15247336,5460,34,-932
2026-08-02T00:10:47.686816+00:00,1785629443,6705,321 Surrey Central/WhiteRock,15247336,5461,35,-938
2026-08-02T00:10:47.686816+00:00,1785629443,6705,321 Surrey Central/WhiteRock,15247336,5462,36,-942
2026-08-02T00:10:47.686816+00:00,1785629443,6705,321 Surrey Central/WhiteRock,15247336,5463,37,-884
2026-08-02T00:10:47.686816+00:00,1785629443,6705,321 Surrey Central/WhiteRock,15247336,5700,38,0
2026-08-02T00:10:47.686816+00:00,1785629443,6705,321 Surrey Central/WhiteRock,15247336,5465,39,14
2026-08-02T00:10:47.686816+00:00,1785629443,6705,321 Surrey Central/WhiteRock,15247336,5466,40,-25
2026-08-02T00:10:47.686816+00:00,1785629443,6705,321 Surrey Central/WhiteRock,15247336,5467,41,10
2026-08-02T00:10:47.686816+00:00,1785629443,6705,321 Surrey Central/WhiteRock,15247336,5468,42,-15
2026-08-02T00:10:47.686816+00:00,1785629443,6705,321 Surrey Central/WhiteRock,15247336,5469,43,-25
2026-08-02T00:10:47.686816+00:00,1785629443,6705,321 Surrey Central/WhiteRock,15247336,5470,44,-47
2026-08-02T00:10:47.686816+00:00,1785629443,6705,321 Surrey Central/WhiteRock,15247336,5471,45,-80
2026-08-02T00:10:47.686816+00:00,1785629443,6705,321 Surrey Central/WhiteRock,15247336,5472,46,-100
2026-08-02T00:10:47.686816+00:00,1785629443,6705,321 Surrey Central/WhiteRock,15247336,5473,47,-145
2026-08-02T00:10:47.686816+00:00,1785629443,6705,321 Surrey Central/WhiteRock,15247336,5474,48,-155
2026-08-02T00:10:47.686816+00:00,1785629443,6705,321 Surrey Central/WhiteRock,15247336,5475,49,-199
2026-08-02T00:10:47.686816+00:00,1785629443,6705,321 Surrey Central/WhiteRock,15247336,5476,50,-215
2026-08-02T00:10:47.686816+00:00,1785629443,6705,321 Surrey Central/WhiteRock,15247336,5477,51,-235
2026-08-02T00:10:47.686816+00:00,1785629443,6705,321 Surrey Central/WhiteRock,15247336,11725,52,-260
2026-08-02T00:10:47.686816+00:00,1785629443,6705,321 Surrey Central/WhiteRock,15247336,5040,53,-243
2026-08-02T00:10:47.686816+00:00,1785629443,6705,321 Surrey Central/WhiteRock,15247336,5041,54,-227
2026-08-02T00:10:47.686816+00:00,1785629443,6705,321 Surrey Central/WhiteRock,15247336,12155,55,-218
2026-08-02T00:10:47.686816+00:00,1785629443,6705,321 Surrey Central/WhiteRock,15247336,9089,56,-189
2026-08-02T00:10:47.686816+00:00,1785629443,6705,321 Surrey Central/WhiteRock,15247336,7213,57,-208
2026-08-02T00:10:47.686816+00:00,1785629443,6705,321 Surrey Central/WhiteRock,15247364,10880,1,0
2026-08-02T00:10:47.686816+00:00,1785629443,6705,321 Surrey Central/WhiteRock,15247364,5046,2,0
2026-08-02T00:10:47.686816+00:00,1785629443,6705,321 Surrey Central/WhiteRock,15247364,5047,3,0
2026-08-02T00:10:47.686816+00:00,1785629443,6705,321 Surrey Central/WhiteRock,15247364,8566,4,0
2026-08-02T00:10:47.686816+00:00,1785629443,6705,321 Surrey Central/WhiteRock,15247364,12916,5,0
2026-08-02T00:10:47.686816+00:00,1785629443,6705,321 Surrey Central/WhiteRock,15247364,5049,6,0
2026-08-02T00:10:47.686816+00:00,1785629443,6705,321 Surrey Central/WhiteRock,15247364,5039,7,0
2026-08-02T00:10:47.686816+00:00,1785629443,6705,321 Surrey Central/WhiteRock,15247364,8351,8,0
2026-08-02T00:10:47.686816+00:00,1785629443,6705,321 Surrey Central/WhiteRock,15247364,5496,9,0
2026-08-02T00:10:47.686816+00:00,1785629443,6705,321 Surrey Central/WhiteRock,15247364,5497,10,0
2026-08-02T00:10:47.686816+00:00,1785629443,6705,321 Surrey Central/WhiteRock,15247364,5498,11,0
2026-08-02T00:10:47.686816+00:00,1785629443,6705,321 Surrey Central/WhiteRock,15247364,5499,12,0
2026-08-02T00:10:47.686816+00:00,1785629443,6705,321 Surrey Central/WhiteRock,15247364,5500,13,0
2026-08-02T00:10:47.686816+00:00,1785629443,6705,321 Surrey Central/WhiteRock,15247364,5501,14,0
2026-08-02T00:10:47.686816+00:00,1785629443,6705,321 Surrey Central/WhiteRock,15247364,5502,15,0
2026-08-02T00:10:47.686816+00:00,1785629443,6705,321 Surrey Central/WhiteRock,15247364,5503,16,0
2026-08-02T00:10:47.686816+00:00,1785629443,6705,321 Surrey Central/WhiteRock,15247364,5504,17,0
2026-08-02T00:10:47.686816+00:00,1785629443,6705,321 Surrey Central/WhiteRock,15247364,5505,18,0
2026-08-02T00:10:47.686816+00:00,1785629443,6705,321 Surrey Central/WhiteRock,15247364,5507,19,0
2026-08-02T00:10:47.686816+00:00,1785629443,6705,321 Surrey Central/WhiteRock,15247364,5633,20,0
2026-08-02T00:10:47.686816+00:00,1785629443,6705,321 Surrey Central/WhiteRock,15247364,5510,21,0
2026-08-02T00:10:47.686816+00:00,1785629443,6705,321 Surrey Central/WhiteRock,15247364,5511,22,0
2026-08-02T00:10:47.686816+00:00,1785629443,6705,321 Surrey Central/WhiteRock,15247364,5512,23,0
2026-08-02T00:10:47.686816+00:00,1785629443,6705,321 Surrey Central/WhiteRock,15247364,5513,24,0
2026-08-02T00:10:47.686816+00:00,1785629443,6705,321 Surrey Central/WhiteRock,15247364,5514,25,0
2026-08-02T00:10:47.686816+00:00,1785629443,6705,321 Surrey Central/WhiteRock,15247364,5515,26,0
2026-08-02T00:10:47.686816+00:00,1785629443,6705,321 Surrey Central/WhiteRock,15247364,5516,27,0
2026-08-02T00:10:47.686816+00:00,1785629443,6705,321 Surrey Central/WhiteRock,15247364,5517,28,0
2026-08-02T00:10:47.686816+00:00,1785629443,6705,321 Surrey Central/WhiteRock,15247364,5518,29,0
2026-08-02T00:10:47.686816+00:00,1785629443,6705,321 Surrey Central/WhiteRock,15247364,5519,30,0
2026-08-02T00:10:47.686816+00:00,1785629443,6705,321 Surrey Central/WhiteRock,15247364,5520,31,0
2026-08-02T00:10:47.686816+00:00,1785629443,6705,321 Surrey Central/WhiteRock,15247364,5521,32,0
2026-08-02T00:10:47.686816+00:00,1785629443,6705,321 Surrey Central/WhiteRock,15247364,5522,33,0
2026-08-02T00:10:47.686816+00:00,1785629443,6705,321 Surrey Central/WhiteRock,15247364,5523,34,0
2026-08-02T00:10:47.686816+00:00,1785629443,6705,321 Surrey Central/WhiteRock,15247364,6466,35,0
2026-08-02T00:10:47.686816+00:00,1785629443,6705,321 Surrey Central/WhiteRock,15247364,5524,36,0
2026-08-02T00:10:47.686816+00:00,1785629443,6705,321 Surrey Central/WhiteRock,15247364,5525,37,0
2026-08-02T00:10:47.686816+00:00,1785629443,6705,321 Surrey Central/WhiteRock,15247364,10443,38,0
2026-08-02T00:10:47.686816+00:00,1785629443,6705,321 Surrey Central/WhiteRock,15247364,5528,39,0
2026-08-02T00:10:47.686816+00:00,1785629443,6705,321 Surrey Central/WhiteRock,15247364,5529,40,0
2026-08-02T00:10:47.686816+00:00,1785629443,6705,321 Surrey Central/WhiteRock,15247364,5530,41,0
2026-08-02T00:10:47.686816+00:00,1785629443,6705,321 Surrey Central/WhiteRock,15247364,5533,42,0
2026-08-02T00:10:47.686816+00:00,1785629443,6705,321 Surrey Central/WhiteRock,15247364,5534,43,0
2026-08-02T00:10:47.686816+00:00,1785629443,6705,321 Surrey Central/WhiteRock,15247364,5535,44,0
2026-08-02T00:10:47.686816+00:00,1785629443,6705,321 Surrey Central/WhiteRock,15247364,5536,45,0
2026-08-02T00:10:47.686816+00:00,1785629443,6705,321 Surrey Central/WhiteRock,15247364,5537,46,0
2026-08-02T00:10:47.686816+00:00,1785629443,6705,321 Surrey Central/WhiteRock,15247364,5538,47,0
2026-08-02T00:10:47.686816+00:00,1785629443,6705,321 Surrey Central/WhiteRock,15247364,5541,48,0
2026-08-02T00:10:47.686816+00:00,1785629443,6705,321 Surrey Central/WhiteRock,15247364,5542,49,0
2026-08-02T00:10:47.686816+00:00,1785629443,6705,321 Surrey Central/WhiteRock,15247364,6195,50,0
2026-08-02T00:10:47.686816+00:00,1785629443,6705,321 Surrey Central/WhiteRock,15247374,5039,7,-299
2026-08-02T00:10:47.686816+00:00,1785629443,6705,321 Surrey Central/WhiteRock,15247374,8351,8,-318
2026-08-02T00:10:47.686816+00:00,1785629443,6705,321 Surrey Central/WhiteRock,15247374,5496,9,-371
2026-08-02T00:10:47.686816+00:00,1785629443,6705,321 Surrey Central/WhiteRock,15247374,5497,10,-409
2026-08-02T00:10:47.686816+00:00,1785629443,6705,321 Surrey Central/WhiteRock,15247374,5498,11,-420
2026-08-02T00:10:47.686816+00:00,1785629443,6705,321 Surrey Central/WhiteRock,15247374,5499,12,-454
2026-08-02T00:10:47.686816+00:00,1785629443,6705,321 Surrey Central/WhiteRock,15247374,5500,13,-462
2026-08-02T00:10:47.686816+00:00,1785629443,6705,321 Surrey Central/WhiteRock,15247374,5501,14,-485
2026-08-02T00:10:47.686816+00:00,1785629443,6705,321 Surrey Central/WhiteRock,15247374,5502,15,-494
2026-08-02T00:10:47.686816+00:00,1785629443,6705,321 Surrey Central/WhiteRock,15247374,5503,16,-491
2026-08-02T00:10:47.686816+00:00,1785629443,6705,321 Surrey Central/WhiteRock,15247374,5504,17,-537
2026-08-02T00:10:47.686816+00:00,1785629443,6705,321 Surrey Central/WhiteRock,15247374,5505,18,-517
2026-08-02T00:10:47.686816+00:00,1785629443,6705,321 Surrey Central/WhiteRock,15247374,5507,19,-524
2026-08-02T00:10:47.686816+00:00,1785629443,6705,321 Surrey Central/WhiteRock,15247374,5633,20,0
2026-08-02T00:10:47.686816+00:00,1785629443,6705,321 Surrey Central/WhiteRock,15247374,5510,21,44
2026-08-02T00:10:47.686816+00:00,1785629443,6705,321 Surrey Central/WhiteRock,15247374,5511,22,37
2026-08-02T00:10:47.686816+00:00,1785629443,6705,321 Surrey Central/WhiteRock,15247374,5512,23,32
2026-08-02T00:10:47.686816+00:00,1785629443,6705,321 Surrey Central/WhiteRock,15247374,5513,24,25
2026-08-02T00:10:47.686816+00:00,1785629443,6705,321 Surrey Central/WhiteRock,15247374,5514,25,93
2026-08-02T00:10:47.686816+00:00,1785629443,6705,321 Surrey Central/WhiteRock,15247374,5515,26,87
2026-08-02T00:10:47.686816+00:00,1785629443,6705,321 Surrey Central/WhiteRock,15247374,5516,27,95
2026-08-02T00:10:47.686816+00:00,1785629443,6705,321 Surrey Central/WhiteRock,15247374,5517,28,113
2026-08-02T00:10:47.686816+00:00,1785629443,6705,321 Surrey Central/WhiteRock,15247374,5518,29,118
2026-08-02T00:10:47.686816+00:00,1785629443,6705,321 Surrey Central/WhiteRock,15247374,5519,30,99
2026-08-02T00:10:47.686816+00:00,1785629443,6705,321 Surrey Central/WhiteRock,15247374,5520,31,88
2026-08-02T00:10:47.686816+00:00,1785629443,6705,321 Surrey Central/WhiteRock,15247374,5521,32,-105
2026-08-02T00:10:47.686816+00:00,1785629443,6705,321 Surrey Central/WhiteRock,15247374,5522,33,-231
2026-08-02T00:10:47.686816+00:00,1785629443,6705,321 Surrey Central/WhiteRock,15247374,5523,34,-265
2026-08-02T00:10:47.686816+00:00,1785629443,6705,321 Surrey Central/WhiteRock,15247374,6466,35,-279
2026-08-02T00:10:47.686816+00:00,1785629443,6705,321 Surrey Central/WhiteRock,15247374,5524,36,-268
2026-08-02T00:10:47.686816+00:00,1785629443,6705,321 Surrey Central/WhiteRock,15247374,5525,37,-292
2026-08-02T00:10:47.686816+00:00,1785629443,6705,321 Surrey Central/WhiteRock,15247374,10443,38,-309
2026-08-02T00:10:47.686816+00:00,1785629443,6705,321 Surrey Central/WhiteRock,15247374,5528,39,-308
2026-08-02T00:10:47.686816+00:00,1785629443,6705,321 Surrey Central/WhiteRock,15247374,5529,40,-328
2026-08-02T00:10:47.686816+00:00,1785629443,6705,321 Surrey Central/WhiteRock,15247374,5530,41,-341
2026-08-02T00:10:47.686816+00:00,1785629443,6705,321 Surrey Central/WhiteRock,15247374,5533,42,-337
2026-08-02T00:10:47.686816+00:00,1785629443,6705,321 Surrey Central/WhiteRock,15247374,5534,43,-354
2026-08-02T00:10:47.686816+00:00,1785629443,6705,321 Surrey Central/WhiteRock,15247374,5535,44,-342
2026-08-02T00:10:47.686816+00:00,1785629443,6705,321 Surrey Central/WhiteRock,15247374,5536,45,-362
2026-08-02T00:10:47.686816+00:00,1785629443,6705,321 Surrey Central/WhiteRock,15247374,5537,46,-353
2026-08-02T00:10:47.686816+00:00,1785629443,6705,321 Surrey Central/WhiteRock,15247374,5538,47,-357
2026-08-02T00:10:47.686816+00:00,1785629443,6705,321 Surrey Central/WhiteRock,15247374,5541,48,-330
2026-08-02T00:10:47.686816+00:00,1785629443,6705,321 Surrey Central/WhiteRock,15247374,5542,49,-314
2026-08-02T00:10:47.686816+00:00,1785629443,6705,321 Surrey Central/WhiteRock,15247374,6195,50,-276
2026-08-02T00:10:47.686816+00:00,1785629443,6705,321 Surrey Central/WhiteRock,15247445,5528,39,-72
2026-08-02T00:10:47.686816+00:00,1785629443,6705,321 Surrey Central/WhiteRock,15247445,5529,40,-91
2026-08-02T00:10:47.686816+00:00,1785629443,6705,321 Surrey Central/WhiteRock,15247445,5530,41,-104
2026-08-02T00:10:47.686816+00:00,1785629443,6705,321 Surrey Central/WhiteRock,15247445,5533,42,-102
2026-08-02T00:10:47.686816+00:00,1785629443,6705,321 Surrey Central/WhiteRock,15247445,5534,43,-119
2026-08-02T00:10:47.686816+00:00,1785629443,6705,321 Surrey Central/WhiteRock,15247445,5535,44,-114
2026-08-02T00:10:47.686816+00:00,1785629443,6705,321 Surrey Central/WhiteRock,15247445,5536,45,-132
2026-08-02T00:10:47.686816+00:00,1785629443,6705,321 Surrey Central/WhiteRock,15247445,5537,46,-127
2026-08-02T00:10:47.686816+00:00,1785629443,6705,321 Surrey Central/WhiteRock,15247445,5538,47,-131
2026-08-02T00:10:47.686816+00:00,1785629443,6705,321 Surrey Central/WhiteRock,15247445,5541,48,-96
2026-08-02T00:10:47.686816+00:00,1785629443,6705,321 Surrey Central/WhiteRock,15247445,5542,49,-78
2026-08-02T00:10:47.686816+00:00,1785629443,6705,321 Surrey Central/WhiteRock,15247445,6195,50,-39
2026-08-02T00:10:47.686816+00:00,1785629443,6705,321 Surrey Central/WhiteRock,15247446,6466,35,-307
2026-08-02T00:10:47.686816+00:00,1785629443,6705,321 Surrey Central/WhiteRock,15247446,5524,36,-296
2026-08-02T00:10:47.686816+00:00,1785629443,6705,321 Surrey Central/WhiteRock,15247446,5525,37,-323
2026-08-02T00:10:47.686816+00:00,1785629443,6705,321 Surrey Central/WhiteRock,15247446,10443,38,-345
2026-08-02T00:10:47.686816+00:00,1785629443,6705,321 Surrey Central/WhiteRock,15247446,5528,39,-341
2026-08-02T00:10:47.686816+00:00,1785629443,6705,321 Surrey Central/WhiteRock,15247446,5529,40,-359
2026-08-02T00:10:47.686816+00:00,1785629443,6705,321 Surrey Central/WhiteRock,15247446,5530,41,-372
2026-08-02T00:10:47.686816+00:00,1785629443,6705,321 Surrey Central/WhiteRock,15247446,5533,42,-378
2026-08-02T00:10:47.686816+00:00,1785629443,6705,321 Surrey Central/WhiteRock,15247446,5534,43,-396
2026-08-02T00:10:47.686816+00:00,1785629443,6705,321 Surrey Central/WhiteRock,15247446,5535,44,-401
2026-08-02T00:10:47.686816+00:00,1785629443,6705,321 Surrey Central/WhiteRock,15247446,5536,45,-422
2026-08-02T00:10:47.686816+00:00,1785629443,6705,321 Surrey Central/WhiteRock,15247446,5537,46,-428
2026-08-02T00:10:47.686816+00:00,1785629443,6705,321 Surrey Central/WhiteRock,15247446,5538,47,-434
2026-08-02T00:10:47.686816+00:00,1785629443,6705,321 Surrey Central/WhiteRock,15247446,5541,48,-401
2026-08-02T00:10:47.686816+00:00,1785629443,6705,321 Surrey Central/WhiteRock,15247446,5542,49,-382
2026-08-02T00:10:47.686816+00:00,1785629443,6705,321 Surrey Central/WhiteRock,15247446,6195,50,-345
2026-08-02T00:10:47.686816+00:00,1785629443,6705,321 Surrey Central/WhiteRock,15247447,5514,25,191
2026-08-02T00:10:47.686816+00:00,1785629443,6705,321 Surrey Central/WhiteRock,15247447,5515,26,185
2026-08-02T00:10:47.686816+00:00,1785629443,6705,321 Surrey Central/WhiteRock,15247447,5516,27,198
2026-08-02T00:10:47.686816+00:00,1785629443,6705,321 Surrey Central/WhiteRock,15247447,5517,28,214
2026-08-02T00:10:47.686816+00:00,1785629443,6705,321 Surrey Central/WhiteRock,15247447,5518,29,222
2026-08-02T00:10:47.686816+00:00,1785629443,6705,321 Surrey Central/WhiteRock,15247447,5519,30,203
2026-08-02T00:10:47.686816+00:00,1785629443,6705,321 Surrey Central/WhiteRock,15247447,5520,31,192
2026-08-02T00:10:47.686816+00:00,1785629443,6705,321 Surrey Central/WhiteRock,15247447,5521,32,-2
2026-08-02T00:10:47.686816+00:00,1785629443,6705,321 Surrey Central/WhiteRock,15247447,5522,33,-129
2026-08-02T00:10:47.686816+00:00,1785629443,6705,321 Surrey Central/WhiteRock,15247447,5523,34,-163
2026-08-02T00:10:47.686816+00:00,1785629443,6705,321 Surrey Central/WhiteRock,15247447,6466,35,-179
2026-08-02T00:10:47.686816+00:00,1785629443,6705,321 Surrey Central/WhiteRock,15247447,5524,36,-167
2026-08-02T00:10:47.686816+00:00,1785629443,6705,321 Surrey Central/WhiteRock,15247447,5525,37,-195
2026-08-02T00:10:47.686816+00:00,1785629443,6705,321 Surrey Central/WhiteRock,15247447,10443,38,-217
2026-08-02T00:10:47.686816+00:00,1785629443,6705,321 Surrey Central/WhiteRock,15247447,5528,39,-213
2026-08-02T00:10:47.686816+00:00,1785629443,6705,321 Surrey Central/WhiteRock,15247447,5529,40,-232
2026-08-02T00:10:47.686816+00:00,1785629443,6705,321 Surrey Central/WhiteRock,15247447,5530,41,-245
2026-08-02T00:10:47.686816+00:00,1785629443,6705,321 Surrey Central/WhiteRock,15247447,5533,42,-252
2026-08-02T00:10:47.686816+00:00,1785629443,6705,321 Surrey Central/WhiteRock,15247447,5534,43,-270
2026-08-02T00:10:47.686816+00:00,1785629443,6705,321 Surrey Central/WhiteRock,15247447,5535,44,-257
2026-08-02T00:10:47.686816+00:00,1785629443,6705,321 Surrey Central/WhiteRock,15247447,5536,45,-273
2026-08-02T00:10:47.686816+00:00,1785629443,6705,321 Surrey Central/WhiteRock,15247447,5537,46,-282
2026-08-02T00:10:47.686816+00:00,1785629443,6705,321 Surrey Central/WhiteRock,15247447,5538,47,-288
2026-08-02T00:10:47.686816+00:00,1785629443,6705,321 Surrey Central/WhiteRock,15247447,5541,48,-254
2026-08-02T00:10:47.686816+00:00,1785629443,6705,321 Surrey Central/WhiteRock,15247447,5542,49,-232
2026-08-02T00:10:47.686816+00:00,1785629443,6705,321 Surrey Central/WhiteRock,15247447,6195,50,-195
2026-08-02T00:10:47.686816+00:00,1785629443,6705,321 Surrey Central/WhiteRock,15247448,5507,19,-249
2026-08-02T00:10:47.686816+00:00,1785629443,6705,321 Surrey Central/WhiteRock,15247448,5633,20,0
2026-08-02T00:10:47.686816+00:00,1785629443,6705,321 Surrey Central/WhiteRock,15247448,5510,21,46
2026-08-02T00:10:47.686816+00:00,1785629443,6705,321 Surrey Central/WhiteRock,15247448,5511,22,40
2026-08-02T00:10:47.686816+00:00,1785629443,6705,321 Surrey Central/WhiteRock,15247448,5512,23,35
2026-08-02T00:10:47.686816+00:00,1785629443,6705,321 Surrey Central/WhiteRock,15247448,5513,24,24
2026-08-02T00:10:47.686816+00:00,1785629443,6705,321 Surrey Central/WhiteRock,15247448,5514,25,92
2026-08-02T00:10:47.686816+00:00,1785629443,6705,321 Surrey Central/WhiteRock,15247448,5515,26,86
2026-08-02T00:10:47.686816+00:00,1785629443,6705,321 Surrey Central/WhiteRock,15247448,5516,27,96
2026-08-02T00:10:47.686816+00:00,1785629443,6705,321 Surrey Central/WhiteRock,15247448,5517,28,112
2026-08-02T00:10:47.686816+00:00,1785629443,6705,321 Surrey Central/WhiteRock,15247448,5518,29,119
2026-08-02T00:10:47.686816+00:00,1785629443,6705,321 Surrey Central/WhiteRock,15247448,5519,30,100
2026-08-02T00:10:47.686816+00:00,1785629443,6705,321 Surrey Central/WhiteRock,15247448,5520,31,89
2026-08-02T00:10:47.686816+00:00,1785629443,6705,321 Surrey Central/WhiteRock,15247448,5521,32,-104
2026-08-02T00:10:47.686816+00:00,1785629443,6705,321 Surrey Central/WhiteRock,15247448,5522,33,-230
2026-08-02T00:10:47.686816+00:00,1785629443,6705,321 Surrey Central/WhiteRock,15247448,5523,34,-264
2026-08-02T00:10:47.686816+00:00,1785629443,6705,321 Surrey Central/WhiteRock,15247448,6466,35,-279
2026-08-02T00:10:47.686816+00:00,1785629443,6705,321 Surrey Central/WhiteRock,15247448,5524,36,-267
2026-08-02T00:10:47.686816+00:00,1785629443,6705,321 Surrey Central/WhiteRock,15247448,5525,37,-291
2026-08-02T00:10:47.686816+00:00,1785629443,6705,321 Surrey Central/WhiteRock,15247448,10443,38,-303
2026-08-02T00:10:47.686816+00:00,1785629443,6705,321 Surrey Central/WhiteRock,15247448,5528,39,-298
2026-08-02T00:10:47.686816+00:00,1785629443,6705,321 Surrey Central/WhiteRock,15247448,5529,40,-317
2026-08-02T00:10:47.686816+00:00,1785629443,6705,321 Surrey Central/WhiteRock,15247448,5530,41,-330
2026-08-02T00:10:47.686816+00:00,1785629443,6705,321 Surrey Central/WhiteRock,15247448,5533,42,-327
2026-08-02T00:10:47.686816+00:00,1785629443,6705,321 Surrey Central/WhiteRock,15247448,5534,43,-344
2026-08-02T00:10:47.686816+00:00,1785629443,6705,321 Surrey Central/WhiteRock,15247448,5535,44,-343
2026-08-02T00:10:47.686816+00:00,1785629443,6705,321 Surrey Central/WhiteRock,15247448,5536,45,-364
2026-08-02T00:10:47.686816+00:00,1785629443,6705,321 Surrey Central/WhiteRock,15247448,5537,46,-357
2026-08-02T00:10:47.686816+00:00,1785629443,6705,321 Surrey Central/WhiteRock,15247448,5538,47,-361
2026-08-02T00:10:47.686816+00:00,1785629443,6705,321 Surrey Central/WhiteRock,15247448,5541,48,-327
2026-08-02T00:10:47.686816+00:00,1785629443,6705,321 Surrey Central/WhiteRock,15247448,5542,49,-307
2026-08-02T00:10:47.686816+00:00,1785629443,6705,321 Surrey Central/WhiteRock,15247448,6195,50,-269
2026-08-02T00:10:47.686816+00:00,1785629443,6705,321 Surrey Central/WhiteRock,15247449,5499,12,-174
2026-08-02T00:10:47.686816+00:00,1785629443,6705,321 Surrey Central/WhiteRock,15247449,5500,13,-177
2026-08-02T00:10:47.686816+00:00,1785629443,6705,321 Surrey Central/WhiteRock,15247449,5501,14,-200
2026-08-02T00:10:47.686816+00:00,1785629443,6705,321 Surrey Central/WhiteRock,15247449,5502,15,-209
2026-08-02T00:10:47.686816+00:00,1785629443,6705,321 Surrey Central/WhiteRock,15247449,5503,16,-210
2026-08-02T00:10:47.686816+00:00,1785629443,6705,321 Surrey Central/WhiteRock,15247449,5504,17,-256
2026-08-02T00:10:47.686816+00:00,1785629443,6705,321 Surrey Central/WhiteRock,15247449,5505,18,-236
2026-08-02T00:10:47.686816+00:00,1785629443,6705,321 Surrey Central/WhiteRock,15247449,5507,19,-239
2026-08-02T00:10:47.686816+00:00,1785629443,6705,321 Surrey Central/WhiteRock,15247449,5633,20,0
2026-08-02T00:10:47.686816+00:00,1785629443,6705,321 Surrey Central/WhiteRock,15247449,5510,21,38
2026-08-02T00:10:47.686816+00:00,1785629443,6705,321 Surrey Central/WhiteRock,15247449,5511,22,31
2026-08-02T00:10:47.686816+00:00,1785629443,6705,321 Surrey Central/WhiteRock,15247449,5512,23,25
2026-08-02T00:10:47.686816+00:00,1785629443,6705,321 Surrey Central/WhiteRock,15247449,5513,24,15
2026-08-02T00:10:47.686816+00:00,1785629443,6705,321 Surrey Central/WhiteRock,15247449,5514,25,83
2026-08-02T00:10:47.686816+00:00,1785629443,6705,321 Surrey Central/WhiteRock,15247449,5515,26,77
2026-08-02T00:10:47.686816+00:00,1785629443,6705,321 Surrey Central/WhiteRock,15247449,5516,27,90
2026-08-02T00:10:47.686816+00:00,1785629443,6705,321 Surrey Central/WhiteRock,15247449,5517,28,108
2026-08-02T00:10:47.686816+00:00,1785629443,6705,321 Surrey Central/WhiteRock,15247449,5518,29,115
2026-08-02T00:10:47.686816+00:00,1785629443,6705,321 Surrey Central/WhiteRock,15247449,5519,30,96
2026-08-02T00:10:47.686816+00:00,1785629443,6705,321 Surrey Central/WhiteRock,15247449,5520,31,85
2026-08-02T00:10:47.686816+00:00,1785629443,6705,321 Surrey Central/WhiteRock,15247449,5521,32,-109
2026-08-02T00:10:47.686816+00:00,1785629443,6705,321 Surrey Central/WhiteRock,15247449,5522,33,-235
2026-08-02T00:10:47.686816+00:00,1785629443,6705,321 Surrey Central/WhiteRock,15247449,5523,34,-269
2026-08-02T00:10:47.686816+00:00,1785629443,6705,321 Surrey Central/WhiteRock,15247449,6466,35,-284
2026-08-02T00:10:47.686816+00:00,1785629443,6705,321 Surrey Central/WhiteRock,15247449,5524,36,-272
2026-08-02T00:10:47.686816+00:00,1785629443,6705,321 Surrey Central/WhiteRock,15247449,5525,37,-299
2026-08-02T00:10:47.686816+00:00,1785629443,6705,321 Surrey Central/WhiteRock,15247449,10443,38,-321
2026-08-02T00:10:47.686816+00:00,1785629443,6705,321 Surrey Central/WhiteRock,15247449,5528,39,-316
2026-08-02T00:10:47.686816+00:00,1785629443,6705,321 Surrey Central/WhiteRock,15247449,5529,40,-334
2026-08-02T00:10:47.686816+00:00,1785629443,6705,321 Surrey Central/WhiteRock,15247449,5530,41,-349
2026-08-02T00:10:47.686816+00:00,1785629443,6705,321 Surrey Central/WhiteRock,15247449,5533,42,-355
2026-08-02T00:10:47.686816+00:00,1785629443,6705,321 Surrey Central/WhiteRock,15247449,5534,43,-373
2026-08-02T00:10:47.686816+00:00,1785629443,6705,321 Surrey Central/WhiteRock,15247449,5535,44,-355
2026-08-02T00:10:47.686816+00:00,1785629443,6705,321 Surrey Central/WhiteRock,15247449,5536,45,-378
2026-08-02T00:10:47.686816+00:00,1785629443,6705,321 Surrey Central/WhiteRock,15247449,5537,46,-381
2026-08-02T00:10:47.686816+00:00,1785629443,6705,321 Surrey Central/WhiteRock,15247449,5538,47,-388
2026-08-02T00:10:47.686816+00:00,1785629443,6705,321 Surrey Central/WhiteRock,15247449,5541,48,-358
2026-08-02T00:10:47.686816+00:00,1785629443,6705,321 Surrey Central/WhiteRock,15247449,5542,49,-340
2026-08-02T00:10:47.686816+00:00,1785629443,6705,321 Surrey Central/WhiteRock,15247449,6195,50,-303
2026-08-02T00:10:47.686816+00:00,1785629443,6715,351 Bridgeport/WhiteRock,15251739,11545,7,3
2026-08-02T00:10:47.686816+00:00,1785629443,6715,351 Bridgeport/WhiteRock,15251739,6172,8,21
2026-08-02T00:10:47.686816+00:00,1785629443,6715,351 Bridgeport/WhiteRock,15251739,6173,9,24
2026-08-02T00:10:47.686816+00:00,1785629443,6715,351 Bridgeport/WhiteRock,15251739,6139,10,53
2026-08-02T00:10:47.686816+00:00,1785629443,6715,351 Bridgeport/WhiteRock,15251739,5437,11,80
2026-08-02T00:10:47.686816+00:00,1785629443,6715,351 Bridgeport/WhiteRock,15251739,5438,12,71
2026-08-02T00:10:47.686816+00:00,1785629443,6715,351 Bridgeport/WhiteRock,15251739,5439,13,74
2026-08-02T00:10:47.686816+00:00,1785629443,6715,351 Bridgeport/WhiteRock,15251739,5440,14,57
2026-08-02T00:10:47.686816+00:00,1785629443,6715,351 Bridgeport/WhiteRock,15251739,5441,15,85
2026-08-02T00:10:47.686816+00:00,1785629443,6715,351 Bridgeport/WhiteRock,15251739,5442,16,61
2026-08-02T00:10:47.686816+00:00,1785629443,6715,351 Bridgeport/WhiteRock,15251739,5444,17,67
2026-08-02T00:10:47.686816+00:00,1785629443,6715,351 Bridgeport/WhiteRock,15251739,9083,18,39
2026-08-02T00:10:47.686816+00:00,1785629443,6715,351 Bridgeport/WhiteRock,15251739,5446,19,42
2026-08-02T00:10:47.686816+00:00,1785629443,6715,351 Bridgeport/WhiteRock,15251739,10445,20,38
2026-08-02T00:10:47.686816+00:00,1785629443,6715,351 Bridgeport/WhiteRock,15251739,5447,21,-1
2026-08-02T00:10:47.686816+00:00,1785629443,6715,351 Bridgeport/WhiteRock,15251739,5448,22,3
2026-08-02T00:10:47.686816+00:00,1785629443,6715,351 Bridgeport/WhiteRock,15251739,6194,23,13
2026-08-02T00:10:47.686816+00:00,1785629443,6715,351 Bridgeport/WhiteRock,15251739,4928,24,-21
2026-08-02T00:10:47.686816+00:00,1785629443,6715,351 Bridgeport/WhiteRock,15251739,8282,25,-21
2026-08-02T00:10:47.686816+00:00,1785629443,6715,351 Bridgeport/WhiteRock,15251763,5446,19,365
2026-08-02T00:10:47.686816+00:00,1785629443,6715,351 Bridgeport/WhiteRock,15251763,10445,20,361
2026-08-02T00:10:47.686816+00:00,1785629443,6715,351 Bridgeport/WhiteRock,15251763,5447,21,323
2026-08-02T00:10:47.686816+00:00,1785629443,6715,351 Bridgeport/WhiteRock,15251763,5448,22,326
2026-08-02T00:10:47.686816+00:00,1785629443,6715,351 Bridgeport/WhiteRock,15251763,6194,23,336
2026-08-02T00:10:47.686816+00:00,1785629443,6715,351 Bridgeport/WhiteRock,15251763,4928,24,302
2026-08-02T00:10:47.686816+00:00,1785629443,6715,351 Bridgeport/WhiteRock,15251763,8282,25,298
2026-08-02T00:10:47.686816+00:00,1785629443,6715,351 Bridgeport/WhiteRock,15251802,4929,3,37
2026-08-02T00:10:47.686816+00:00,1785629443,6715,351 Bridgeport/WhiteRock,15251802,6175,4,-510
2026-08-02T00:10:47.686816+00:00,1785629443,6715,351 Bridgeport/WhiteRock,15251802,5524,5,-443
2026-08-02T00:10:47.686816+00:00,1785629443,6715,351 Bridgeport/WhiteRock,15251802,5525,6,-449
2026-08-02T00:10:47.686816+00:00,1785629443,6715,351 Bridgeport/WhiteRock,15251802,10443,7,-434
2026-08-02T00:10:47.686816+00:00,1785629443,6715,351 Bridgeport/WhiteRock,15251802,5528,8,-403
2026-08-02T00:10:47.686816+00:00,1785629443,6715,351 Bridgeport/WhiteRock,15251802,5529,9,-404
2026-08-02T00:10:47.686816+00:00,1785629443,6715,351 Bridgeport/WhiteRock,15251802,5530,10,-395
2026-08-02T00:10:47.686816+00:00,1785629443,6715,351 Bridgeport/WhiteRock,15251802,5533,11,-373
2026-08-02T00:10:47.686816+00:00,1785629443,6715,351 Bridgeport/WhiteRock,15251802,5534,12,-369
2026-08-02T00:10:47.686816+00:00,1785629443,6715,351 Bridgeport/WhiteRock,15251802,5535,13,-320
2026-08-02T00:10:47.686816+00:00,1785629443,6715,351 Bridgeport/WhiteRock,15251802,5536,14,-312
2026-08-02T00:10:47.686816+00:00,1785629443,6715,351 Bridgeport/WhiteRock,15251802,5537,15,-293
2026-08-02T00:10:47.686816+00:00,1785629443,6715,351 Bridgeport/WhiteRock,15251802,5538,16,-286
2026-08-02T00:10:47.686816+00:00,1785629443,6715,351 Bridgeport/WhiteRock,15251802,5541,17,-234
2026-08-02T00:10:47.686816+00:00,1785629443,6715,351 Bridgeport/WhiteRock,15251802,5542,18,-200
2026-08-02T00:10:47.686816+00:00,1785629443,6715,351 Bridgeport/WhiteRock,15251802,6340,19,-150
2026-08-02T00:10:47.686816+00:00,1785629443,6715,351 Bridgeport/WhiteRock,15251802,6341,20,-122
2026-08-02T00:10:47.686816+00:00,1785629443,6715,351 Bridgeport/WhiteRock,15251802,6167,21,-99
2026-08-02T00:10:47.686816+00:00,1785629443,6715,351 Bridgeport/WhiteRock,15251828,8283,2,184
2026-08-02T00:10:47.686816+00:00,1785629443,6715,351 Bridgeport/WhiteRock,15251828,4929,3,169
2026-08-02T00:10:47.686816+00:00,1785629443,6715,351 Bridgeport/WhiteRock,15251828,6175,4,-377
2026-08-02T00:10:47.686816+00:00,1785629443,6715,351 Bridgeport/WhiteRock,15251828,5524,5,-310
2026-08-02T00:10:47.686816+00:00,1785629443,6715,351 Bridgeport/WhiteRock,15251828,5525,6,-316
2026-08-02T00:10:47.686816+00:00,1785629443,6715,351 Bridgeport/WhiteRock,15251828,10443,7,-301
2026-08-02T00:10:47.686816+00:00,1785629443,6715,351 Bridgeport/WhiteRock,15251828,5528,8,-266
2026-08-02T00:10:47.686816+00:00,1785629443,6715,351 Bridgeport/WhiteRock,15251828,5529,9,-267
2026-08-02T00:10:47.686816+00:00,1785629443,6715,351 Bridgeport/WhiteRock,15251828,5530,10,-258
2026-08-02T00:10:47.686816+00:00,1785629443,6715,351 Bridgeport/WhiteRock,15251828,5533,11,-236
2026-08-02T00:10:47.686816+00:00,1785629443,6715,351 Bridgeport/WhiteRock,15251828,5534,12,-231
2026-08-02T00:10:47.686816+00:00,1785629443,6715,351 Bridgeport/WhiteRock,15251828,5535,13,-185
2026-08-02T00:10:47.686816+00:00,1785629443,6715,351 Bridgeport/WhiteRock,15251828,5536,14,-183
2026-08-02T00:10:47.686816+00:00,1785629443,6715,351 Bridgeport/WhiteRock,15251828,5537,15,-158
2026-08-02T00:10:47.686816+00:00,1785629443,6715,351 Bridgeport/WhiteRock,15251828,5538,16,-152
2026-08-02T00:10:47.686816+00:00,1785629443,6715,351 Bridgeport/WhiteRock,15251828,5541,17,-103
2026-08-02T00:10:47.686816+00:00,1785629443,6715,351 Bridgeport/WhiteRock,15251828,5542,18,-70
2026-08-02T00:10:47.686816+00:00,1785629443,6715,351 Bridgeport/WhiteRock,15251828,6340,19,-16
2026-08-02T00:10:47.686816+00:00,1785629443,6715,351 Bridgeport/WhiteRock,15251828,6341,20,12
2026-08-02T00:10:47.686816+00:00,1785629443,6715,351 Bridgeport/WhiteRock,15251828,6167,21,43
2026-08-02T00:10:47.686816+00:00,1785629443,6715,351 Bridgeport/WhiteRock,15251829,10443,7,-438
2026-08-02T00:10:47.686816+00:00,1785629443,6715,351 Bridgeport/WhiteRock,15251829,5528,8,-408
2026-08-02T00:10:47.686816+00:00,1785629443,6715,351 Bridgeport/WhiteRock,15251829,5529,9,-409
2026-08-02T00:10:47.686816+00:00,1785629443,6715,351 Bridgeport/WhiteRock,15251829,5530,10,-400
2026-08-02T00:10:47.686816+00:00,1785629443,6715,351 Bridgeport/WhiteRock,15251829,5533,11,-378
2026-08-02T00:10:47.686816+00:00,1785629443,6715,351 Bridgeport/WhiteRock,15251829,5534,12,-374
2026-08-02T00:10:47.686816+00:00,1785629443,6715,351 Bridgeport/WhiteRock,15251829,5535,13,-317
2026-08-02T00:10:47.686816+00:00,1785629443,6715,351 Bridgeport/WhiteRock,15251829,5536,14,-311
2026-08-02T00:10:47.686816+00:00,1785629443,6715,351 Bridgeport/WhiteRock,15251829,5537,15,-296
2026-08-02T00:10:47.686816+00:00,1785629443,6715,351 Bridgeport/WhiteRock,15251829,5538,16,-289
2026-08-02T00:10:47.686816+00:00,1785629443,6715,351 Bridgeport/WhiteRock,15251829,5541,17,-238
2026-08-02T00:10:47.686816+00:00,1785629443,6715,351 Bridgeport/WhiteRock,15251829,5542,18,-206
2026-08-02T00:10:47.686816+00:00,1785629443,6715,351 Bridgeport/WhiteRock,15251829,6340,19,-155
2026-08-02T00:10:47.686816+00:00,1785629443,6715,351 Bridgeport/WhiteRock,15251829,6341,20,-127
2026-08-02T00:10:47.686816+00:00,1785629443,6715,351 Bridgeport/WhiteRock,15251829,6167,21,-101
2026-08-02T00:10:47.686816+00:00,1785629443,11692,364 Langley Centre/Scottsdale,15252763,7094,47,356
2026-08-02T00:10:47.686816+00:00,1785629443,11692,364 Langley Centre/Scottsdale,15252764,4846,2,96
2026-08-02T00:10:47.686816+00:00,1785629443,11692,364 Langley Centre/Scottsdale,15252764,4918,3,150
2026-08-02T00:10:47.686816+00:00,1785629443,11692,364 Langley Centre/Scottsdale,15252764,4919,4,148
2026-08-02T00:10:47.686816+00:00,1785629443,11692,364 Langley Centre/Scottsdale,15252764,4921,5,95
2026-08-02T00:10:47.686816+00:00,1785629443,11692,364 Langley Centre/Scottsdale,15252764,11121,6,146
2026-08-02T00:10:47.686816+00:00,1785629443,11692,364 Langley Centre/Scottsdale,15252764,11142,7,105
2026-08-02T00:10:47.686816+00:00,1785629443,11692,364 Langley Centre/Scottsdale,15252764,11139,8,93
2026-08-02T00:10:47.686816+00:00,1785629443,11692,364 Langley Centre/Scottsdale,15252764,11156,9,80
2026-08-02T00:10:47.686816+00:00,1785629443,11692,364 Langley Centre/Scottsdale,15252764,5583,10,86
2026-08-02T00:10:47.686816+00:00,1785629443,11692,364 Langley Centre/Scottsdale,15252764,5584,11,54
2026-08-02T00:10:47.686816+00:00,1785629443,11692,364 Langley Centre/Scottsdale,15252764,6464,12,40
2026-08-02T00:10:47.686816+00:00,1785629443,11692,364 Langley Centre/Scottsdale,15252764,6465,13,18
2026-08-02T00:10:47.686816+00:00,1785629443,11692,364 Langley Centre/Scottsdale,15252764,11074,14,58
2026-08-02T00:10:47.686816+00:00,1785629443,11692,364 Langley Centre/Scottsdale,15252764,11153,15,27
2026-08-02T00:10:47.686816+00:00,1785629443,11692,364 Langley Centre/Scottsdale,15252764,11150,16,-9
2026-08-02T00:10:47.686816+00:00,1785629443,11692,364 Langley Centre/Scottsdale,15252764,11148,17,-30
2026-08-02T00:10:47.686816+00:00,1785629443,11692,364 Langley Centre/Scottsdale,15252764,11124,18,-22
2026-08-02T00:10:47.686816+00:00,1785629443,11692,364 Langley Centre/Scottsdale,15252764,11140,19,-64
2026-08-02T00:10:47.686816+00:00,1785629443,11692,364 Langley Centre/Scottsdale,15252764,11145,20,-80
2026-08-02T00:10:47.686816+00:00,1785629443,11692,364 Langley Centre/Scottsdale,15252764,11076,21,0
2026-08-02T00:10:47.686816+00:00,1785629443,11692,364 Langley Centre/Scottsdale,15252764,12645,22,-197
2026-08-02T00:10:47.686816+00:00,1785629443,11692,364 Langley Centre/Scottsdale,15252764,9525,23,-192
2026-08-02T00:10:47.686816+00:00,1785629443,11692,364 Langley Centre/Scottsdale,15252764,10148,24,-176
2026-08-02T00:10:47.686816+00:00,1785629443,11692,364 Langley Centre/Scottsdale,15252764,10585,25,-196
2026-08-02T00:10:47.686816+00:00,1785629443,11692,364 Langley Centre/Scottsdale,15252764,10250,26,-204
2026-08-02T00:10:47.686816+00:00,1785629443,11692,364 Langley Centre/Scottsdale,15252764,10588,27,-210
2026-08-02T00:10:47.686816+00:00,1785629443,11692,364 Langley Centre/Scottsdale,15252764,10248,28,-180
2026-08-02T00:10:47.686816+00:00,1785629443,11692,364 Langley Centre/Scottsdale,15252764,10726,29,-172
2026-08-02T00:10:47.686816+00:00,1785629443,11692,364 Langley Centre/Scottsdale,15252764,10725,30,-185
2026-08-02T00:10:47.686816+00:00,1785629443,11692,364 Langley Centre/Scottsdale,15252764,10727,31,-199
2026-08-02T00:10:47.686816+00:00,1785629443,11692,364 Langley Centre/Scottsdale,15252764,10251,32,-204
2026-08-02T00:10:47.686816+00:00,1785629443,11692,364 Langley Centre/Scottsdale,15252764,10252,33,-222
2026-08-02T00:10:47.686816+00:00,1785629443,11692,364 Langley Centre/Scottsdale,15252764,10253,34,-230
2026-08-02T00:10:47.686816+00:00,1785629443,11692,364 Langley Centre/Scottsdale,15252764,10255,35,-244
2026-08-02T00:10:47.686816+00:00,1785629443,11692,364 Langley Centre/Scottsdale,15252764,5332,36,-206
2026-08-02T00:10:47.686816+00:00,1785629443,11692,364 Langley Centre/Scottsdale,15252764,12497,37,-228
2026-08-02T00:10:47.686816+00:00,1785629443,11692,364 Langley Centre/Scottsdale,15252764,5334,38,-238
2026-08-02T00:10:47.686816+00:00,1785629443,11692,364 Langley Centre/Scottsdale,15252764,6472,39,-225
2026-08-02T00:10:47.686816+00:00,1785629443,11692,364 Langley Centre/Scottsdale,15252764,6473,40,-228
2026-08-02T00:10:47.686816+00:00,1785629443,11692,364 Langley Centre/Scottsdale,15252764,6474,41,-228
2026-08-02T00:10:47.686816+00:00,1785629443,11692,364 Langley Centre/Scottsdale,15252764,9306,42,-184
2026-08-02T00:10:47.686816+00:00,1785629443,11692,364 Langley Centre/Scottsdale,15252764,11125,43,-189
2026-08-02T00:10:47.686816+00:00,1785629443,11692,364 Langley Centre/Scottsdale,15252764,9294,44,-180
2026-08-02T00:10:47.686816+00:00,1785629443,11692,364 Langley Centre/Scottsdale,15252764,9293,45,-189
2026-08-02T00:10:47.686816+00:00,1785629443,11692,364 Langley Centre/Scottsdale,15252764,11126,46,-181
2026-08-02T00:10:47.686816+00:00,1785629443,11692,364 Langley Centre/Scottsdale,15252764,7094,47,-210
2026-08-02T00:10:47.686816+00:00,1785629443,11692,364 Langley Centre/Scottsdale,15252796,6465,13,346
2026-08-02T00:10:47.686816+00:00,1785629443,11692,364 Langley Centre/Scottsdale,15252796,11074,14,386
2026-08-02T00:10:47.686816+00:00,1785629443,11692,364 Langley Centre/Scottsdale,15252796,11153,15,355
2026-08-02T00:10:47.686816+00:00,1785629443,11692,364 Langley Centre/Scottsdale,15252796,11150,16,319
2026-08-02T00:10:47.686816+00:00,1785629443,11692,364 Langley Centre/Scottsdale,15252796,11148,17,298
2026-08-02T00:10:47.686816+00:00,1785629443,11692,364 Langley Centre/Scottsdale,15252796,11124,18,306
2026-08-02T00:10:47.686816+00:00,1785629443,11692,364 Langley Centre/Scottsdale,15252796,11140,19,264
2026-08-02T00:10:47.686816+00:00,1785629443,11692,364 Langley Centre/Scottsdale,15252796,11145,20,250
2026-08-02T00:10:47.686816+00:00,1785629443,11692,364 Langley Centre/Scottsdale,15252796,11076,21,199
2026-08-02T00:10:47.686816+00:00,1785629443,11692,364 Langley Centre/Scottsdale,15252796,12645,22,-11
2026-08-02T00:10:47.686816+00:00,1785629443,11692,364 Langley Centre/Scottsdale,15252796,9525,23,-8
2026-08-02T00:10:47.686816+00:00,1785629443,11692,364 Langley Centre/Scottsdale,15252796,10148,24,6
2026-08-02T00:10:47.686816+00:00,1785629443,11692,364 Langley Centre/Scottsdale,15252796,10585,25,-16
2026-08-02T00:10:47.686816+00:00,1785629443,11692,364 Langley Centre/Scottsdale,15252796,10250,26,-25
2026-08-02T00:10:47.686816+00:00,1785629443,11692,364 Langley Centre/Scottsdale,15252796,10588,27,-32
2026-08-02T00:10:47.686816+00:00,1785629443,11692,364 Langley Centre/Scottsdale,15252796,10248,28,-5
2026-08-02T00:10:47.686816+00:00,1785629443,11692,364 Langley Centre/Scottsdale,15252796,10726,29,1
2026-08-02T00:10:47.686816+00:00,1785629443,11692,364 Langley Centre/Scottsdale,15252796,10725,30,-12
2026-08-02T00:10:47.686816+00:00,1785629443,11692,364 Langley Centre/Scottsdale,15252796,10727,31,-28
2026-08-02T00:10:47.686816+00:00,1785629443,11692,364 Langley Centre/Scottsdale,15252796,10251,32,-34
2026-08-02T00:10:47.686816+00:00,1785629443,11692,364 Langley Centre/Scottsdale,15252796,10252,33,-53
2026-08-02T00:10:47.686816+00:00,1785629443,11692,364 Langley Centre/Scottsdale,15252796,10253,34,-63
2026-08-02T00:10:47.686816+00:00,1785629443,11692,364 Langley Centre/Scottsdale,15252796,10255,35,-80
2026-08-02T00:10:47.686816+00:00,1785629443,11692,364 Langley Centre/Scottsdale,15252796,5332,36,-44
2026-08-02T00:10:47.686816+00:00,1785629443,11692,364 Langley Centre/Scottsdale,15252796,12497,37,-68
2026-08-02T00:10:47.686816+00:00,1785629443,11692,364 Langley Centre/Scottsdale,15252796,5334,38,-81
2026-08-02T00:10:47.686816+00:00,1785629443,11692,364 Langley Centre/Scottsdale,15252796,6472,39,-68
2026-08-02T00:10:47.686816+00:00,1785629443,11692,364 Langley Centre/Scottsdale,15252796,6473,40,-63
2026-08-02T00:10:47.686816+00:00,1785629443,11692,364 Langley Centre/Scottsdale,15252796,6474,41,-63
2026-08-02T00:10:47.686816+00:00,1785629443,11692,364 Langley Centre/Scottsdale,15252796,9306,42,-13
2026-08-02T00:10:47.686816+00:00,1785629443,11692,364 Langley Centre/Scottsdale,15252796,11125,43,-2
2026-08-02T00:10:47.686816+00:00,1785629443,11692,364 Langley Centre/Scottsdale,15252796,9294,44,-11
2026-08-02T00:10:47.686816+00:00,1785629443,11692,364 Langley Centre/Scottsdale,15252796,9293,45,-19
2026-08-02T00:10:47.686816+00:00,1785629443,11692,364 Langley Centre/Scottsdale,15252796,11126,46,-4
2026-08-02T00:10:47.686816+00:00,1785629443,11692,364 Langley Centre/Scottsdale,15252796,7094,47,-40
2026-08-02T00:10:47.686816+00:00,1785629443,11692,364 Langley Centre/Scottsdale,15252799,10251,32,-120
2026-08-02T00:10:47.686816+00:00,1785629443,11692,364 Langley Centre/Scottsdale,15252799,10252,33,-138
2026-08-02T00:10:47.686816+00:00,1785629443,11692,364 Langley Centre/Scottsdale,15252799,10253,34,-148
2026-08-02T00:10:47.686816+00:00,1785629443,11692,364 Langley Centre/Scottsdale,15252799,10255,35,-165
2026-08-02T00:10:47.686816+00:00,1785629443,11692,364 Langley Centre/Scottsdale,15252799,5332,36,-128
2026-08-02T00:10:47.686816+00:00,1785629443,11692,364 Langley Centre/Scottsdale,15252799,12497,37,-152
2026-08-02T00:10:47.686816+00:00,1785629443,11692,364 Langley Centre/Scottsdale,15252799,5334,38,-166
2026-08-02T00:10:47.686816+00:00,1785629443,11692,364 Langley Centre/Scottsdale,15252799,6472,39,-153
2026-08-02T00:10:47.686816+00:00,1785629443,11692,364 Langley Centre/Scottsdale,15252799,6473,40,-148
2026-08-02T00:10:47.686816+00:00,1785629443,11692,364 Langley Centre/Scottsdale,15252799,6474,41,-147
2026-08-02T00:10:47.686816+00:00,1785629443,11692,364 Langley Centre/Scottsdale,15252799,9306,42,-95
2026-08-02T00:10:47.686816+00:00,1785629443,11692,364 Langley Centre/Scottsdale,15252799,11125,43,-96
2026-08-02T00:10:47.686816+00:00,1785629443,11692,364 Langley Centre/Scottsdale,15252799,9294,44,-83
2026-08-02T00:10:47.686816+00:00,1785629443,11692,364 Langley Centre/Scottsdale,15252799,9293,45,-93
2026-08-02T00:10:47.686816+00:00,1785629443,11692,364 Langley Centre/Scottsdale,15252799,11126,46,-79
2026-08-02T00:10:47.686816+00:00,1785629443,11692,364 Langley Centre/Scottsdale,15252799,7094,47,-115
2026-08-02T00:10:47.686816+00:00,1785629443,11692,364 Langley Centre/Scottsdale,15252822,11174,30,-174
2026-08-02T00:10:47.686816+00:00,1785629443,11692,364 Langley Centre/Scottsdale,15252822,11175,31,-202
2026-08-02T00:10:47.686816+00:00,1785629443,11692,364 Langley Centre/Scottsdale,15252822,11123,32,-199
2026-08-02T00:10:47.686816+00:00,1785629443,11692,364 Langley Centre/Scottsdale,15252822,11176,33,-190
2026-08-02T00:10:47.686816+00:00,1785629443,11692,364 Langley Centre/Scottsdale,15252822,11177,34,-217
2026-08-02T00:10:47.686816+00:00,1785629443,11692,364 Langley Centre/Scottsdale,15252822,11178,35,-241
2026-08-02T00:10:47.686816+00:00,1785629443,11692,364 Langley Centre/Scottsdale,15252822,6459,36,-143
2026-08-02T00:10:47.686816+00:00,1785629443,11692,364 Langley Centre/Scottsdale,15252822,6460,37,-145
2026-08-02T00:10:47.686816+00:00,1785629443,11692,364 Langley Centre/Scottsdale,15252822,5621,38,-138
2026-08-02T00:10:47.686816+00:00,1785629443,11692,364 Langley Centre/Scottsdale,15252822,5622,39,-156
2026-08-02T00:10:47.686816+00:00,1785629443,11692,364 Langley Centre/Scottsdale,15252822,11122,40,-117
2026-08-02T00:10:47.686816+00:00,1785629443,11692,364 Langley Centre/Scottsdale,15252822,11155,41,-126
2026-08-02T00:10:47.686816+00:00,1785629443,11692,364 Langley Centre/Scottsdale,15252822,11143,42,-126
2026-08-02T00:10:47.686816+00:00,1785629443,11692,364 Langley Centre/Scottsdale,15252822,11141,43,-152
2026-08-02T00:10:47.686816+00:00,1785629443,11692,364 Langley Centre/Scottsdale,15252822,4936,44,-124
2026-08-02T00:10:47.686816+00:00,1785629443,11692,364 Langley Centre/Scottsdale,15252822,4937,45,-140
2026-08-02T00:10:47.686816+00:00,1785629443,11692,364 Langley Centre/Scottsdale,15252822,4938,46,-161
2026-08-02T00:10:47.686816+00:00,1785629443,11692,364 Langley Centre/Scottsdale,15252822,5229,47,-151
2026-08-02T00:10:47.686816+00:00,1785629443,11692,364 Langley Centre/Scottsdale,15252822,4917,48,-76
2026-08-02T00:10:47.686816+00:00,1785629443,11692,364 Langley Centre/Scottsdale,15252824,10259,17,-115
2026-08-02T00:10:47.686816+00:00,1785629443,11692,364 Langley Centre/Scottsdale,15252824,10260,18,0
2026-08-02T00:10:47.686816+00:00,1785629443,11692,364 Langley Centre/Scottsdale,15252824,10729,19,-41
2026-08-02T00:10:47.686816+00:00,1785629443,11692,364 Langley Centre/Scottsdale,15252824,13067,20,-62
2026-08-02T00:10:47.686816+00:00,1785629443,11692,364 Langley Centre/Scottsdale,15252824,10633,21,-86
2026-08-02T00:10:47.686816+00:00,1785629443,11692,364 Langley Centre/Scottsdale,15252824,10149,22,-51
2026-08-02T00:10:47.686816+00:00,1785629443,11692,364 Langley Centre/Scottsdale,15252824,10587,23,-69
2026-08-02T00:10:47.686816+00:00,1785629443,11692,364 Langley Centre/Scottsdale,15252824,10261,24,-95
2026-08-02T00:10:47.686816+00:00,1785629443,11692,364 Langley Centre/Scottsdale,15252824,10586,25,-128
2026-08-02T00:10:47.686816+00:00,1785629443,11692,364 Langley Centre/Scottsdale,15252824,9547,26,-105
2026-08-02T00:10:47.686816+00:00,1785629443,11692,364 Langley Centre/Scottsdale,15252824,9526,27,-128
2026-08-02T00:10:47.686816+00:00,1785629443,11692,364 Langley Centre/Scottsdale,15252824,12646,28,-139
2026-08-02T00:10:47.686816+00:00,1785629443,11692,364 Langley Centre/Scottsdale,15252824,11075,29,-272
2026-08-02T00:10:47.686816+00:00,1785629443,11692,364 Langley Centre/Scottsdale,15252824,11174,30,-291
2026-08-02T00:10:47.686816+00:00,1785629443,11692,364 Langley Centre/Scottsdale,15252824,11175,31,-317
2026-08-02T00:10:47.686816+00:00,1785629443,11692,364 Langley Centre/Scottsdale,15252824,11123,32,-313
2026-08-02T00:10:47.686816+00:00,1785629443,11692,364 Langley Centre/Scottsdale,15252824,11176,33,-304
2026-08-02T00:10:47.686816+00:00,1785629443,11692,364 Langley Centre/Scottsdale,15252824,11177,34,-330
2026-08-02T00:10:47.686816+00:00,1785629443,11692,364 Langley Centre/Scottsdale,15252824,11178,35,-354
2026-08-02T00:10:47.686816+00:00,1785629443,11692,364 Langley Centre/Scottsdale,15252824,6459,36,-255
2026-08-02T00:10:47.686816+00:00,1785629443,11692,364 Langley Centre/Scottsdale,15252824,6460,37,-257
2026-08-02T00:10:47.686816+00:00,1785629443,11692,364 Langley Centre/Scottsdale,15252824,5621,38,-249
2026-08-02T00:10:47.686816+00:00,1785629443,11692,364 Langley Centre/Scottsdale,15252824,5622,39,-267
2026-08-02T00:10:47.686816+00:00,1785629443,11692,364 Langley Centre/Scottsdale,15252824,11122,40,-228
2026-08-02T00:10:47.686816+00:00,1785629443,11692,364 Langley Centre/Scottsdale,15252824,11155,41,-237
2026-08-02T00:10:47.686816+00:00,1785629443,11692,364 Langley Centre/Scottsdale,15252824,11143,42,-237
2026-08-02T00:10:47.686816+00:00,1785629443,11692,364 Langley Centre/Scottsdale,15252824,11141,43,-263
2026-08-02T00:10:47.686816+00:00,1785629443,11692,364 Langley Centre/Scottsdale,15252824,4936,44,-236
2026-08-02T00:10:47.686816+00:00,1785629443,11692,364 Langley Centre/Scottsdale,15252824,4937,45,-252
2026-08-02T00:10:47.686816+00:00,1785629443,11692,364 Langley Centre/Scottsdale,15252824,4938,46,-274
2026-08-02T00:10:47.686816+00:00,1785629443,11692,364 Langley Centre/Scottsdale,15252824,5229,47,-263
2026-08-02T00:10:47.686816+00:00,1785629443,11692,364 Langley Centre/Scottsdale,15252824,4917,48,-189
2026-08-02T00:10:47.686816+00:00,1785629443,11692,364 Langley Centre/Scottsdale,15252840,4917,48,-284
2026-08-02T00:10:47.686816+00:00,1785629443,11692,364 Langley Centre/Scottsdale,15252841,7093,3,-177
2026-08-02T00:10:47.686816+00:00,1785629443,11692,364 Langley Centre/Scottsdale,15252841,9291,4,-286
2026-08-02T00:10:47.686816+00:00,1785629443,11692,364 Langley Centre/Scottsdale,15252841,9292,5,-296
2026-08-02T00:10:47.686816+00:00,1785629443,11692,364 Langley Centre/Scottsdale,15252841,11264,6,-301
2026-08-02T00:10:47.686816+00:00,1785629443,11692,364 Langley Centre/Scottsdale,15252841,9303,7,-297
2026-08-02T00:10:47.686816+00:00,1785629443,11692,364 Langley Centre/Scottsdale,15252841,9304,8,-306
2026-08-02T00:10:47.686816+00:00,1785629443,11692,364 Langley Centre/Scottsdale,15252841,6475,9,-263
2026-08-02T00:10:47.686816+00:00,1785629443,11692,364 Langley Centre/Scottsdale,15252841,6476,10,-280
2026-08-02T00:10:47.686816+00:00,1785629443,11692,364 Langley Centre/Scottsdale,15252841,5381,11,-290
2026-08-02T00:10:47.686816+00:00,1785629443,11692,364 Langley Centre/Scottsdale,15252841,12496,12,-290
2026-08-02T00:10:47.686816+00:00,1785629443,11692,364 Langley Centre/Scottsdale,15252841,5382,13,-300
2026-08-02T00:10:47.686816+00:00,1785629443,11692,364 Langley Centre/Scottsdale,15252841,12516,14,-173
2026-08-02T00:10:47.686816+00:00,1785629443,11692,364 Langley Centre/Scottsdale,15252841,10257,15,-213
2026-08-02T00:10:47.686816+00:00,1785629443,11692,364 Langley Centre/Scottsdale,15252841,10258,16,-230
2026-08-02T00:10:47.686816+00:00,1785629443,11692,364 Langley Centre/Scottsdale,15252841,10259,17,-273
2026-08-02T00:10:47.686816+00:00,1785629443,11692,364 Langley Centre/Scottsdale,15252841,10260,18,0
2026-08-02T00:10:47.686816+00:00,1785629443,11692,364 Langley Centre/Scottsdale,15252841,10729,19,-42
2026-08-02T00:10:47.686816+00:00,1785629443,11692,364 Langley Centre/Scottsdale,15252841,13067,20,-63
2026-08-02T00:10:47.686816+00:00,1785629443,11692,364 Langley Centre/Scottsdale,15252841,10633,21,-87
2026-08-02T00:10:47.686816+00:00,1785629443,11692,364 Langley Centre/Scottsdale,15252841,10149,22,-54
2026-08-02T00:10:47.686816+00:00,1785629443,11692,364 Langley Centre/Scottsdale,15252841,10587,23,-73
2026-08-02T00:10:47.686816+00:00,1785629443,11692,364 Langley Centre/Scottsdale,15252841,10261,24,-101
2026-08-02T00:10:47.686816+00:00,1785629443,11692,364 Langley Centre/Scottsdale,15252841,10586,25,-133
2026-08-02T00:10:47.686816+00:00,1785629443,11692,364 Langley Centre/Scottsdale,15252841,9547,26,-109
2026-08-02T00:10:47.686816+00:00,1785629443,11692,364 Langley Centre/Scottsdale,15252841,9526,27,-132
2026-08-02T00:10:47.686816+00:00,1785629443,11692,364 Langley Centre/Scottsdale,15252841,12646,28,-144
2026-08-02T00:10:47.686816+00:00,1785629443,11692,364 Langley Centre/Scottsdale,15252841,11075,29,-276
2026-08-02T00:10:47.686816+00:00,1785629443,11692,364 Langley Centre/Scottsdale,15252841,11174,30,-295
2026-08-02T00:10:47.686816+00:00,1785629443,11692,364 Langley Centre/Scottsdale,15252841,11175,31,-321
2026-08-02T00:10:47.686816+00:00,1785629443,11692,364 Langley Centre/Scottsdale,15252841,11123,32,-317
2026-08-02T00:10:47.686816+00:00,1785629443,11692,364 Langley Centre/Scottsdale,15252841,11176,33,-307
2026-08-02T00:10:47.686816+00:00,1785629443,11692,364 Langley Centre/Scottsdale,15252841,11177,34,-332
2026-08-02T00:10:47.686816+00:00,1785629443,11692,364 Langley Centre/Scottsdale,15252841,11178,35,-355
2026-08-02T00:10:47.686816+00:00,1785629443,11692,364 Langley Centre/Scottsdale,15252841,6459,36,-254
2026-08-02T00:10:47.686816+00:00,1785629443,11692,364 Langley Centre/Scottsdale,15252841,6460,37,-255
2026-08-02T00:10:47.686816+00:00,1785629443,11692,364 Langley Centre/Scottsdale,15252841,5621,38,-246
2026-08-02T00:10:47.686816+00:00,1785629443,11692,364 Langley Centre/Scottsdale,15252841,5622,39,-264
2026-08-02T00:10:47.686816+00:00,1785629443,11692,364 Langley Centre/Scottsdale,15252841,11122,40,-225
2026-08-02T00:10:47.686816+00:00,1785629443,11692,364 Langley Centre/Scottsdale,15252841,11155,41,-233
2026-08-02T00:10:47.686816+00:00,1785629443,11692,364 Langley Centre/Scottsdale,15252841,11143,42,-233
2026-08-02T00:10:47.686816+00:00,1785629443,11692,364 Langley Centre/Scottsdale,15252841,11141,43,-259
2026-08-02T00:10:47.686816+00:00,1785629443,11692,364 Langley Centre/Scottsdale,15252841,4936,44,-238
2026-08-02T00:10:47.686816+00:00,1785629443,11692,364 Langley Centre/Scottsdale,15252841,4937,45,-251
2026-08-02T00:10:47.686816+00:00,1785629443,11692,364 Langley Centre/Scottsdale,15252841,4938,46,-271
2026-08-02T00:10:47.686816+00:00,1785629443,11692,364 Langley Centre/Scottsdale,15252841,5229,47,-261
2026-08-02T00:10:47.686816+00:00,1785629443,11692,364 Langley Centre/Scottsdale,15252841,4917,48,-192
2026-08-02T00:10:47.686816+00:00,1785629443,18705,531 WhiteRock/WillowBrook,15259245,5335,53,-401
2026-08-02T00:10:47.686816+00:00,1785629443,18705,531 WhiteRock/WillowBrook,15259245,7100,54,-363
2026-08-02T00:10:47.686816+00:00,1785629443,18705,531 WhiteRock/WillowBrook,15259246,12597,20,-86
2026-08-02T00:10:47.686816+00:00,1785629443,18705,531 WhiteRock/WillowBrook,15259246,11922,21,-104
2026-08-02T00:10:47.686816+00:00,1785629443,18705,531 WhiteRock/WillowBrook,15259246,11744,22,-98
2026-08-02T00:10:47.686816+00:00,1785629443,18705,531 WhiteRock/WillowBrook,15259246,11839,23,-124
2026-08-02T00:10:47.686816+00:00,1785629443,18705,531 WhiteRock/WillowBrook,15259246,12922,24,-150
2026-08-02T00:10:47.686816+00:00,1785629443,18705,531 WhiteRock/WillowBrook,15259246,12923,25,-186
2026-08-02T00:10:47.686816+00:00,1785629443,18705,531 WhiteRock/WillowBrook,15259246,12925,26,-195
2026-08-02T00:10:47.686816+00:00,1785629443,18705,531 WhiteRock/WillowBrook,15259246,12928,27,-223
2026-08-02T00:10:47.686816+00:00,1785629443,18705,531 WhiteRock/WillowBrook,15259246,12930,28,-240
2026-08-02T00:10:47.686816+00:00,1785629443,18705,531 WhiteRock/WillowBrook,15259246,13042,29,-263
2026-08-02T00:10:47.686816+00:00,1785629443,18705,531 WhiteRock/WillowBrook,15259246,8936,30,-261
2026-08-02T00:10:47.686816+00:00,1785629443,18705,531 WhiteRock/WillowBrook,15259246,9030,31,-266
2026-08-02T00:10:47.686816+00:00,1785629443,18705,531 WhiteRock/WillowBrook,15259246,8937,32,-283
2026-08-02T00:10:47.686816+00:00,1785629443,18705,531 WhiteRock/WillowBrook,15259246,8938,33,-280
2026-08-02T00:10:47.686816+00:00,1785629443,18705,531 WhiteRock/WillowBrook,15259246,7081,34,-277
2026-08-02T00:10:47.686816+00:00,1785629443,18705,531 WhiteRock/WillowBrook,15259246,7082,35,-283
2026-08-02T00:10:47.686816+00:00,1785629443,18705,531 WhiteRock/WillowBrook,15259246,7083,36,-307
2026-08-02T00:10:47.686816+00:00,1785629443,18705,531 WhiteRock/WillowBrook,15259246,7084,37,-322
2026-08-02T00:10:47.686816+00:00,1785629443,18705,531 WhiteRock/WillowBrook,15259246,7085,38,-350
2026-08-02T00:10:47.686816+00:00,1785629443,18705,531 WhiteRock/WillowBrook,15259246,8939,39,-360
2026-08-02T00:10:47.686816+00:00,1785629443,18705,531 WhiteRock/WillowBrook,15259246,7086,40,-368
2026-08-02T00:10:47.686816+00:00,1785629443,18705,531 WhiteRock/WillowBrook,15259246,8940,41,-390
2026-08-02T00:10:47.686816+00:00,1785629443,18705,531 WhiteRock/WillowBrook,15259246,5341,42,-396
2026-08-02T00:10:47.686816+00:00,1785629443,18705,531 WhiteRock/WillowBrook,15259246,5342,43,-393
2026-08-02T00:10:47.686816+00:00,1785629443,18705,531 WhiteRock/WillowBrook,15259246,12293,44,-381
2026-08-02T00:10:47.686816+00:00,1785629443,18705,531 WhiteRock/WillowBrook,15259246,12173,45,-314
2026-08-02T00:10:47.686816+00:00,1785629443,18705,531 WhiteRock/WillowBrook,15259246,9291,46,-345
2026-08-02T00:10:47.686816+00:00,1785629443,18705,531 WhiteRock/WillowBrook,15259246,9292,47,-346
2026-08-02T00:10:47.686816+00:00,1785629443,18705,531 WhiteRock/WillowBrook,15259246,11264,48,-332
2026-08-02T00:10:47.686816+00:00,1785629443,18705,531 WhiteRock/WillowBrook,15259246,9303,49,-323
2026-08-02T00:10:47.686816+00:00,1785629443,18705,531 WhiteRock/WillowBrook,15259246,9304,50,-325
2026-08-02T00:10:47.686816+00:00,1785629443,18705,531 WhiteRock/WillowBrook,15259246,6475,51,-274
2026-08-02T00:10:47.686816+00:00,1785629443,18705,531 WhiteRock/WillowBrook,15259246,6476,52,-282
2026-08-02T00:10:47.686816+00:00,1785629443,18705,531 WhiteRock/WillowBrook,15259246,5335,53,-268
2026-08-02T00:10:47.686816+00:00,1785629443,18705,531 WhiteRock/WillowBrook,15259246,7100,54,-229
2026-08-02T00:10:47.686816+00:00,1785629443,18705,531 WhiteRock/WillowBrook,15259282,11741,40,-233
2026-08-02T00:10:47.686816+00:00,1785629443,18705,531 WhiteRock/WillowBrook,15259282,11740,41,-237
2026-08-02T00:10:47.686816+00:00,1785629443,18705,531 WhiteRock/WillowBrook,15259282,11739,42,-181
2026-08-02T00:10:47.686816+00:00,1785629443,18705,531 WhiteRock/WillowBrook,15259282,11737,43,-131
2026-08-02T00:10:47.686816+00:00,1785629443,18705,531 WhiteRock/WillowBrook,15259282,11757,44,-152
2026-08-02T00:10:47.686816+00:00,1785629443,18705,531 WhiteRock/WillowBrook,15259282,11735,45,-114
2026-08-02T00:10:47.686816+00:00,1785629443,18705,531 WhiteRock/WillowBrook,15259282,11756,46,-108
2026-08-02T00:10:47.686816+00:00,1785629443,18705,531 WhiteRock/WillowBrook,15259282,5535,47,-75
2026-08-02T00:10:47.686816+00:00,1785629443,18705,531 WhiteRock/WillowBrook,15259282,5536,48,-87
2026-08-02T00:10:47.686816+00:00,1785629443,18705,531 WhiteRock/WillowBrook,15259282,5537,49,-86
2026-08-02T00:10:47.686816+00:00,1785629443,18705,531 WhiteRock/WillowBrook,15259282,5538,50,-90
2026-08-02T00:10:47.686816+00:00,1785629443,18705,531 WhiteRock/WillowBrook,15259282,5539,51,-69
2026-08-02T00:10:47.686816+00:00,1785629443,18705,531 WhiteRock/WillowBrook,15259282,5540,52,-55
2026-08-02T00:10:47.686816+00:00,1785629443,18705,531 WhiteRock/WillowBrook,15259283,7094,9,133
2026-08-02T00:10:47.686816+00:00,1785629443,18705,531 WhiteRock/WillowBrook,15259283,7166,10,117
2026-08-02T00:10:47.686816+00:00,1785629443,18705,531 WhiteRock/WillowBrook,15259283,7092,11,167
2026-08-02T00:10:47.686816+00:00,1785629443,18705,531 WhiteRock/WillowBrook,15259283,10747,12,185
2026-08-02T00:10:47.686816+00:00,1785629443,18705,531 WhiteRock/WillowBrook,15259283,5364,13,193
2026-08-02T00:10:47.686816+00:00,1785629443,18705,531 WhiteRock/WillowBrook,15259283,11775,14,224
2026-08-02T00:10:47.686816+00:00,1785629443,18705,531 WhiteRock/WillowBrook,15259283,7171,15,209
2026-08-02T00:10:47.686816+00:00,1785629443,18705,531 WhiteRock/WillowBrook,15259283,7172,16,183
2026-08-02T00:10:47.686816+00:00,1785629443,18705,531 WhiteRock/WillowBrook,15259283,7173,17,176
2026-08-02T00:10:47.686816+00:00,1785629443,18705,531 WhiteRock/WillowBrook,15259283,7174,18,151
2026-08-02T00:10:47.686816+00:00,1785629443,18705,531 WhiteRock/WillowBrook,15259283,7175,19,144
2026-08-02T00:10:47.686816+00:00,1785629443,18705,531 WhiteRock/WillowBrook,15259283,7176,20,128
2026-08-02T00:10:47.686816+00:00,1785629443,18705,531 WhiteRock/WillowBrook,15259283,7177,21,138
2026-08-02T00:10:47.686816+00:00,1785629443,18705,531 WhiteRock/WillowBrook,15259283,8948,22,124
2026-08-02T00:10:47.686816+00:00,1785629443,18705,531 WhiteRock/WillowBrook,15259283,9031,23,111
2026-08-02T00:10:47.686816+00:00,1785629443,18705,531 WhiteRock/WillowBrook,15259283,12931,24,113
2026-08-02T00:10:47.686816+00:00,1785629443,18705,531 WhiteRock/WillowBrook,15259283,13041,25,104
2026-08-02T00:10:47.686816+00:00,1785629443,18705,531 WhiteRock/WillowBrook,15259283,12929,26,99
2026-08-02T00:10:47.686816+00:00,1785629443,18705,531 WhiteRock/WillowBrook,15259283,12927,27,75
2026-08-02T00:10:47.686816+00:00,1785629443,18705,531 WhiteRock/WillowBrook,15259283,12926,28,89
2026-08-02T00:10:47.686816+00:00,1785629443,18705,531 WhiteRock/WillowBrook,15259283,12924,29,64
2026-08-02T00:10:47.686816+00:00,1785629443,18705,531 WhiteRock/WillowBrook,15259283,11751,30,64
2026-08-02T00:10:47.686816+00:00,1785629443,18705,531 WhiteRock/WillowBrook,15259283,11750,31,33
2026-08-02T00:10:47.686816+00:00,1785629443,18705,531 WhiteRock/WillowBrook,15259283,11747,32,15
2026-08-02T00:10:47.686816+00:00,1785629443,18705,531 WhiteRock/WillowBrook,15259283,11745,33,5
2026-08-02T00:10:47.686816+00:00,1785629443,18705,531 WhiteRock/WillowBrook,15259283,13040,34,1
2026-08-02T00:10:47.686816+00:00,1785629443,18705,531 WhiteRock/WillowBrook,15259283,12598,35,-15
2026-08-02T00:10:47.686816+00:00,1785629443,18705,531 WhiteRock/WillowBrook,15259283,11920,36,-61
2026-08-02T00:10:47.686816+00:00,1785629443,18705,531 WhiteRock/WillowBrook,15259283,13130,37,-88
2026-08-02T00:10:47.686816+00:00,1785629443,18705,531 WhiteRock/WillowBrook,15259283,11925,38,-114
2026-08-02T00:10:47.686816+00:00,1785629443,18705,531 WhiteRock/WillowBrook,15259283,12219,39,-144
2026-08-02T00:10:47.686816+00:00,1785629443,18705,531 WhiteRock/WillowBrook,15259283,11741,40,-256
2026-08-02T00:10:47.686816+00:00,1785629443,18705,531 WhiteRock/WillowBrook,15259283,11740,41,-261
2026-08-02T00:10:47.686816+00:00,1785629443,18705,531 WhiteRock/WillowBrook,15259283,11739,42,-208
2026-08-02T00:10:47.686816+00:00,1785629443,18705,531 WhiteRock/WillowBrook,15259283,11737,43,-162
2026-08-02T00:10:47.686816+00:00,1785629443,18705,531 WhiteRock/WillowBrook,15259283,11757,44,-183
2026-08-02T00:10:47.686816+00:00,1785629443,18705,531 WhiteRock/WillowBrook,15259283,11735,45,-146
2026-08-02T00:10:47.686816+00:00,1785629443,18705,531 WhiteRock/WillowBrook,15259283,11756,46,-140
2026-08-02T00:10:47.686816+00:00,1785629443,18705,531 WhiteRock/WillowBrook,15259283,5535,47,-108
2026-08-02T00:10:47.686816+00:00,1785629443,18705,531 WhiteRock/WillowBrook,15259283,5536,48,-125
2026-08-02T00:10:47.686816+00:00,1785629443,18705,531 WhiteRock/WillowBrook,15259283,5537,49,-120
2026-08-02T00:10:47.686816+00:00,1785629443,18705,531 WhiteRock/WillowBrook,15259283,5538,50,-125
2026-08-02T00:10:47.686816+00:00,1785629443,18705,531 WhiteRock/WillowBrook,15259283,5539,51,-105
2026-08-02T00:10:47.686816+00:00,1785629443,18705,531 WhiteRock/WillowBrook,15259283,5540,52,-90
2026-08-02T00:16:01.158208+00:00,1785629757,6705,321 Surrey Central/WhiteRock,15247330,5040,53,-12
2026-08-02T00:16:01.158208+00:00,1785629757,6705,321 Surrey Central/WhiteRock,15247330,5041,54,-5
2026-08-02T00:16:01.158208+00:00,1785629757,6705,321 Surrey Central/WhiteRock,15247330,12155,55,7
2026-08-02T00:16:01.158208+00:00,1785629757,6705,321 Surrey Central/WhiteRock,15247330,9089,56,17
2026-08-02T00:16:01.158208+00:00,1785629757,6705,321 Surrey Central/WhiteRock,15247330,7213,57,8
2026-08-02T00:16:01.158208+00:00,1785629757,6705,321 Surrey Central/WhiteRock,15247331,5469,43,97
2026-08-02T00:16:01.158208+00:00,1785629757,6705,321 Surrey Central/WhiteRock,15247331,5470,44,75
2026-08-02T00:16:01.158208+00:00,1785629757,6705,321 Surrey Central/WhiteRock,15247331,5471,45,43
2026-08-02T00:16:01.158208+00:00,1785629757,6705,321 Surrey Central/WhiteRock,15247331,5472,46,23
2026-08-02T00:16:01.158208+00:00,1785629757,6705,321 Surrey Central/WhiteRock,15247331,5473,47,-22
2026-08-02T00:16:01.158208+00:00,1785629757,6705,321 Surrey Central/WhiteRock,15247331,5474,48,-22
2026-08-02T00:16:01.158208+00:00,1785629757,6705,321 Surrey Central/WhiteRock,15247331,5475,49,-64
2026-08-02T00:16:01.158208+00:00,1785629757,6705,321 Surrey Central/WhiteRock,15247331,5476,50,-79
2026-08-02T00:16:01.158208+00:00,1785629757,6705,321 Surrey Central/WhiteRock,15247331,5477,51,-97
2026-08-02T00:16:01.158208+00:00,1785629757,6705,321 Surrey Central/WhiteRock,15247331,11725,52,-122
2026-08-02T00:16:01.158208+00:00,1785629757,6705,321 Surrey Central/WhiteRock,15247331,5040,53,-101
2026-08-02T00:16:01.158208+00:00,1785629757,6705,321 Surrey Central/WhiteRock,15247331,5041,54,-94
2026-08-02T00:16:01.158208+00:00,1785629757,6705,321 Surrey Central/WhiteRock,15247331,12155,55,-82
2026-08-02T00:16:01.158208+00:00,1785629757,6705,321 Surrey Central/WhiteRock,15247331,9089,56,-72
2026-08-02T00:16:01.158208+00:00,1785629757,6705,321 Surrey Central/WhiteRock,15247331,7213,57,-81
2026-08-02T00:16:01.158208+00:00,1785629757,6705,321 Surrey Central/WhiteRock,15247332,5458,32,56
2026-08-02T00:16:01.158208+00:00,1785629757,6705,321 Surrey Central/WhiteRock,15247332,5459,33,68
2026-08-02T00:16:01.158208+00:00,1785629757,6705,321 Surrey Central/WhiteRock,15247332,5460,34,63
2026-08-02T00:16:01.158208+00:00,1785629757,6705,321 Surrey Central/WhiteRock,15247332,5461,35,57
2026-08-02T00:16:01.158208+00:00,1785629757,6705,321 Surrey Central/WhiteRock,15247332,5462,36,53
2026-08-02T00:16:01.158208+00:00,1785629757,6705,321 Surrey Central/WhiteRock,15247332,5463,37,109
2026-08-02T00:16:01.158208+00:00,1785629757,6705,321 Surrey Central/WhiteRock,15247332,5700,38,229
2026-08-02T00:16:01.158208+00:00,1785629757,6705,321 Surrey Central/WhiteRock,15247332,5465,39,243
2026-08-02T00:16:01.158208+00:00,1785629757,6705,321 Surrey Central/WhiteRock,15247332,5466,40,204
2026-08-02T00:16:01.158208+00:00,1785629757,6705,321 Surrey Central/WhiteRock,15247332,5467,41,248
2026-08-02T00:16:01.158208+00:00,1785629757,6705,321 Surrey Central/WhiteRock,15247332,5468,42,222
2026-08-02T00:16:01.158208+00:00,1785629757,6705,321 Surrey Central/WhiteRock,15247332,5469,43,195
2026-08-02T00:16:01.158208+00:00,1785629757,6705,321 Surrey Central/WhiteRock,15247332,5470,44,173
2026-08-02T00:16:01.158208+00:00,1785629757,6705,321 Surrey Central/WhiteRock,15247332,5471,45,141
2026-08-02T00:16:01.158208+00:00,1785629757,6705,321 Surrey Central/WhiteRock,15247332,5472,46,121
2026-08-02T00:16:01.158208+00:00,1785629757,6705,321 Surrey Central/WhiteRock,15247332,5473,47,76
2026-08-02T00:16:01.158208+00:00,1785629757,6705,321 Surrey Central/WhiteRock,15247332,5474,48,75
2026-08-02T00:16:01.158208+00:00,1785629757,6705,321 Surrey Central/WhiteRock,15247332,5475,49,33
2026-08-02T00:16:01.158208+00:00,1785629757,6705,321 Surrey Central/WhiteRock,15247332,5476,50,17
2026-08-02T00:16:01.158208+00:00,1785629757,6705,321 Surrey Central/WhiteRock,15247332,5477,51,-1
2026-08-02T00:16:01.158208+00:00,1785629757,6705,321 Surrey Central/WhiteRock,15247332,11725,52,-26
2026-08-02T00:16:01.158208+00:00,1785629757,6705,321 Surrey Central/WhiteRock,15247332,5040,53,-10
2026-08-02T00:16:01.158208+00:00,1785629757,6705,321 Surrey Central/WhiteRock,15247332,5041,54,-3
2026-08-02T00:16:01.158208+00:00,1785629757,6705,321 Surrey Central/WhiteRock,15247332,12155,55,8
2026-08-02T00:16:01.158208+00:00,1785629757,6705,321 Surrey Central/WhiteRock,15247332,9089,56,19
2026-08-02T00:16:01.158208+00:00,1785629757,6705,321 Surrey Central/WhiteRock,15247332,7213,57,9
2026-08-02T00:16:01.158208+00:00,1785629757,6705,321 Surrey Central/WhiteRock,15247333,5452,26,-176
2026-08-02T00:16:01.158208+00:00,1785629757,6705,321 Surrey Central/WhiteRock,15247333,11913,27,-188
2026-08-02T00:16:01.158208+00:00,1785629757,6705,321 Surrey Central/WhiteRock,15247333,5454,28,-194
2026-08-02T00:16:01.158208+00:00,1785629757,6705,321 Surrey Central/WhiteRock,15247333,5455,29,-197
2026-08-02T00:16:01.158208+00:00,1785629757,6705,321 Surrey Central/WhiteRock,15247333,5456,30,-145
2026-08-02T00:16:01.158208+00:00,1785629757,6705,321 Surrey Central/WhiteRock,15247333,12651,31,-167
2026-08-02T00:16:01.158208+00:00,1785629757,6705,321 Surrey Central/WhiteRock,15247333,5458,32,-161
2026-08-02T00:16:01.158208+00:00,1785629757,6705,321 Surrey Central/WhiteRock,15247333,5459,33,-149
2026-08-02T00:16:01.158208+00:00,1785629757,6705,321 Surrey Central/WhiteRock,15247333,5460,34,-155
2026-08-02T00:16:01.158208+00:00,1785629757,6705,321 Surrey Central/WhiteRock,15247333,5461,35,-161
2026-08-02T00:16:01.158208+00:00,1785629757,6705,321 Surrey Central/WhiteRock,15247333,5462,36,-165
2026-08-02T00:16:01.158208+00:00,1785629757,6705,321 Surrey Central/WhiteRock,15247333,5463,37,-108
2026-08-02T00:16:01.158208+00:00,1785629757,6705,321 Surrey Central/WhiteRock,15247333,5700,38,12
2026-08-02T00:16:01.158208+00:00,1785629757,6705,321 Surrey Central/WhiteRock,15247333,5465,39,26
2026-08-02T00:16:01.158208+00:00,1785629757,6705,321 Surrey Central/WhiteRock,15247333,5466,40,-13
2026-08-02T00:16:01.158208+00:00,1785629757,6705,321 Surrey Central/WhiteRock,15247333,5467,41,31
2026-08-02T00:16:01.158208+00:00,1785629757,6705,321 Surrey Central/WhiteRock,15247333,5468,42,5
2026-08-02T00:16:01.158208+00:00,1785629757,6705,321 Surrey Central/WhiteRock,15247333,5469,43,-22
2026-08-02T00:16:01.158208+00:00,1785629757,6705,321 Surrey Central/WhiteRock,15247333,5470,44,-44
2026-08-02T00:16:01.158208+00:00,1785629757,6705,321 Surrey Central/WhiteRock,15247333,5471,45,-76
2026-08-02T00:16:01.158208+00:00,1785629757,6705,321 Surrey Central/WhiteRock,15247333,5472,46,-96
2026-08-02T00:16:01.158208+00:00,1785629757,6705,321 Surrey Central/WhiteRock,15247333,5473,47,-141
2026-08-02T00:16:01.158208+00:00,1785629757,6705,321 Surrey Central/WhiteRock,15247333,5474,48,-142
2026-08-02T00:16:01.158208+00:00,1785629757,6705,321 Surrey Central/WhiteRock,15247333,5475,49,-184
2026-08-02T00:16:01.158208+00:00,1785629757,6705,321 Surrey Central/WhiteRock,15247333,5476,50,-199
2026-08-02T00:16:01.158208+00:00,1785629757,6705,321 Surrey Central/WhiteRock,15247333,5477,51,-217
2026-08-02T00:16:01.158208+00:00,1785629757,6705,321 Surrey Central/WhiteRock,15247333,11725,52,-242
2026-08-02T00:16:01.158208+00:00,1785629757,6705,321 Surrey Central/WhiteRock,15247333,5040,53,-227
2026-08-02T00:16:01.158208+00:00,1785629757,6705,321 Surrey Central/WhiteRock,15247333,5041,54,-220
2026-08-02T00:16:01.158208+00:00,1785629757,6705,321 Surrey Central/WhiteRock,15247333,12155,55,-209
2026-08-02T00:16:01.158208+00:00,1785629757,6705,321 Surrey Central/WhiteRock,15247333,9089,56,-198
2026-08-02T00:16:01.158208+00:00,1785629757,6705,321 Surrey Central/WhiteRock,15247333,7213,57,-208
2026-08-02T00:16:01.158208+00:00,1785629757,6705,321 Surrey Central/WhiteRock,15247334,9083,17,226
2026-08-02T00:16:01.158208+00:00,1785629757,6705,321 Surrey Central/WhiteRock,15247334,5446,18,238
2026-08-02T00:16:01.158208+00:00,1785629757,6705,321 Surrey Central/WhiteRock,15247334,10445,19,238
2026-08-02T00:16:01.158208+00:00,1785629757,6705,321 Surrey Central/WhiteRock,15247334,5447,20,210
2026-08-02T00:16:01.158208+00:00,1785629757,6705,321 Surrey Central/WhiteRock,15247334,5448,21,214
2026-08-02T00:16:01.158208+00:00,1785629757,6705,321 Surrey Central/WhiteRock,15247334,10437,22,204
2026-08-02T00:16:01.158208+00:00,1785629757,6705,321 Surrey Central/WhiteRock,15247334,5449,23,159
2026-08-02T00:16:01.158208+00:00,1785629757,6705,321 Surrey Central/WhiteRock,15247334,11313,24,124
2026-08-02T00:16:01.158208+00:00,1785629757,6705,321 Surrey Central/WhiteRock,15247334,10808,25,-6
2026-08-02T00:16:01.158208+00:00,1785629757,6705,321 Surrey Central/WhiteRock,15247334,5452,26,-117
2026-08-02T00:16:01.158208+00:00,1785629757,6705,321 Surrey Central/WhiteRock,15247334,11913,27,-129
2026-08-02T00:16:01.158208+00:00,1785629757,6705,321 Surrey Central/WhiteRock,15247334,5454,28,-135
2026-08-02T00:16:01.158208+00:00,1785629757,6705,321 Surrey Central/WhiteRock,15247334,5455,29,-138
2026-08-02T00:16:01.158208+00:00,1785629757,6705,321 Surrey Central/WhiteRock,15247334,5456,30,-87
2026-08-02T00:16:01.158208+00:00,1785629757,6705,321 Surrey Central/WhiteRock,15247334,12651,31,-109
2026-08-02T00:16:01.158208+00:00,1785629757,6705,321 Surrey Central/WhiteRock,15247334,5458,32,-103
2026-08-02T00:16:01.158208+00:00,1785629757,6705,321 Surrey Central/WhiteRock,15247334,5459,33,-92
2026-08-02T00:16:01.158208+00:00,1785629757,6705,321 Surrey Central/WhiteRock,15247334,5460,34,-98
2026-08-02T00:16:01.158208+00:00,1785629757,6705,321 Surrey Central/WhiteRock,15247334,5461,35,-104
2026-08-02T00:16:01.158208+00:00,1785629757,6705,321 Surrey Central/WhiteRock,15247334,5462,36,-108
2026-08-02T00:16:01.158208+00:00,1785629757,6705,321 Surrey Central/WhiteRock,15247334,5463,37,-55
2026-08-02T00:16:01.158208+00:00,1785629757,6705,321 Surrey Central/WhiteRock,15247334,5700,38,65
2026-08-02T00:16:01.158208+00:00,1785629757,6705,321 Surrey Central/WhiteRock,15247334,5465,39,83
2026-08-02T00:16:01.158208+00:00,1785629757,6705,321 Surrey Central/WhiteRock,15247334,5466,40,44
2026-08-02T00:16:01.158208+00:00,1785629757,6705,321 Surrey Central/WhiteRock,15247334,5467,41,88
2026-08-02T00:16:01.158208+00:00,1785629757,6705,321 Surrey Central/WhiteRock,15247334,5468,42,62
2026-08-02T00:16:01.158208+00:00,1785629757,6705,321 Surrey Central/WhiteRock,15247334,5469,43,31
2026-08-02T00:16:01.158208+00:00,1785629757,6705,321 Surrey Central/WhiteRock,15247334,5470,44,9
2026-08-02T00:16:01.158208+00:00,1785629757,6705,321 Surrey Central/WhiteRock,15247334,5471,45,-22
2026-08-02T00:16:01.158208+00:00,1785629757,6705,321 Surrey Central/WhiteRock,15247334,5472,46,-45
2026-08-02T00:16:01.158208+00:00,1785629757,6705,321 Surrey Central/WhiteRock,15247334,5473,47,-90
2026-08-02T00:16:01.158208+00:00,1785629757,6705,321 Surrey Central/WhiteRock,15247334,5474,48,-90
2026-08-02T00:16:01.158208+00:00,1785629757,6705,321 Surrey Central/WhiteRock,15247334,5475,49,-132
2026-08-02T00:16:01.158208+00:00,1785629757,6705,321 Surrey Central/WhiteRock,15247334,5476,50,-151
2026-08-02T00:16:01.158208+00:00,1785629757,6705,321 Surrey Central/WhiteRock,15247334,5477,51,-170
2026-08-02T00:16:01.158208+00:00,1785629757,6705,321 Surrey Central/WhiteRock,15247334,11725,52,-195
2026-08-02T00:16:01.158208+00:00,1785629757,6705,321 Surrey Central/WhiteRock,15247334,5040,53,-179
2026-08-02T00:16:01.158208+00:00,1785629757,6705,321 Surrey Central/WhiteRock,15247334,5041,54,-172
2026-08-02T00:16:01.158208+00:00,1785629757,6705,321 Surrey Central/WhiteRock,15247334,12155,55,-161
2026-08-02T00:16:01.158208+00:00,1785629757,6705,321 Surrey Central/WhiteRock,15247334,9089,56,-150
2026-08-02T00:16:01.158208+00:00,1785629757,6705,321 Surrey Central/WhiteRock,15247334,7213,57,-160
2026-08-02T00:16:01.158208+00:00,1785629757,6705,321 Surrey Central/WhiteRock,15247335,6174,9,118
2026-08-02T00:16:01.158208+00:00,1785629757,6705,321 Surrey Central/WhiteRock,15247335,5437,10,136
2026-08-02T00:16:01.158208+00:00,1785629757,6705,321 Surrey Central/WhiteRock,15247335,5438,11,129
2026-08-02T00:16:01.158208+00:00,1785629757,6705,321 Surrey Central/WhiteRock,15247335,5439,12,138
2026-08-02T00:16:01.158208+00:00,1785629757,6705,321 Surrey Central/WhiteRock,15247335,5440,13,124
2026-08-02T00:16:01.158208+00:00,1785629757,6705,321 Surrey Central/WhiteRock,15247335,5441,14,141
2026-08-02T00:16:01.158208+00:00,1785629757,6705,321 Surrey Central/WhiteRock,15247335,5442,15,121
2026-08-02T00:16:01.158208+00:00,1785629757,6705,321 Surrey Central/WhiteRock,15247335,5444,16,128
2026-08-02T00:16:01.158208+00:00,1785629757,6705,321 Surrey Central/WhiteRock,15247335,9083,17,110
2026-08-02T00:16:01.158208+00:00,1785629757,6705,321 Surrey Central/WhiteRock,15247335,5446,18,121
2026-08-02T00:16:01.158208+00:00,1785629757,6705,321 Surrey Central/WhiteRock,15247335,10445,19,115
2026-08-02T00:16:01.158208+00:00,1785629757,6705,321 Surrey Central/WhiteRock,15247335,5447,20,85
2026-08-02T00:16:01.158208+00:00,1785629757,6705,321 Surrey Central/WhiteRock,15247335,5448,21,93
2026-08-02T00:16:01.158208+00:00,1785629757,6705,321 Surrey Central/WhiteRock,15247335,10437,22,87
2026-08-02T00:16:01.158208+00:00,1785629757,6705,321 Surrey Central/WhiteRock,15247335,5449,23,43
2026-08-02T00:16:01.158208+00:00,1785629757,6705,321 Surrey Central/WhiteRock,15247335,11313,24,11
2026-08-02T00:16:01.158208+00:00,1785629757,6705,321 Surrey Central/WhiteRock,15247335,10808,25,-118
2026-08-02T00:16:01.158208+00:00,1785629757,6705,321 Surrey Central/WhiteRock,15247335,5452,26,-229
2026-08-02T00:16:01.158208+00:00,1785629757,6705,321 Surrey Central/WhiteRock,15247335,11913,27,-241
2026-08-02T00:16:01.158208+00:00,1785629757,6705,321 Surrey Central/WhiteRock,15247335,5454,28,-247
2026-08-02T00:16:01.158208+00:00,1785629757,6705,321 Surrey Central/WhiteRock,15247335,5455,29,-248
2026-08-02T00:16:01.158208+00:00,1785629757,6705,321 Surrey Central/WhiteRock,15247335,5456,30,-196
2026-08-02T00:16:01.158208+00:00,1785629757,6705,321 Surrey Central/WhiteRock,15247335,12651,31,-218
2026-08-02T00:16:01.158208+00:00,1785629757,6705,321 Surrey Central/WhiteRock,15247335,5458,32,-211
2026-08-02T00:16:01.158208+00:00,1785629757,6705,321 Surrey Central/WhiteRock,15247335,5459,33,-198
2026-08-02T00:16:01.158208+00:00,1785629757,6705,321 Surrey Central/WhiteRock,15247335,5460,34,-204
2026-08-02T00:16:01.158208+00:00,1785629757,6705,321 Surrey Central/WhiteRock,15247335,5461,35,-210
2026-08-02T00:16:01.158208+00:00,1785629757,6705,321 Surrey Central/WhiteRock,15247335,5462,36,-214
2026-08-02T00:16:01.158208+00:00,1785629757,6705,321 Surrey Central/WhiteRock,15247335,5463,37,-156
2026-08-02T00:16:01.158208+00:00,1785629757,6705,321 Surrey Central/WhiteRock,15247335,5700,38,0
2026-08-02T00:16:01.158208+00:00,1785629757,6705,321 Surrey Central/WhiteRock,15247335,5465,39,14
2026-08-02T00:16:01.158208+00:00,1785629757,6705,321 Surrey Central/WhiteRock,15247335,5466,40,-26
2026-08-02T00:16:01.158208+00:00,1785629757,6705,321 Surrey Central/WhiteRock,15247335,5467,41,17
2026-08-02T00:16:01.158208+00:00,1785629757,6705,321 Surrey Central/WhiteRock,15247335,5468,42,-10
2026-08-02T00:16:01.158208+00:00,1785629757,6705,321 Surrey Central/WhiteRock,15247335,5469,43,-36
2026-08-02T00:16:01.158208+00:00,1785629757,6705,321 Surrey Central/WhiteRock,15247335,5470,44,-57
2026-08-02T00:16:01.158208+00:00,1785629757,6705,321 Surrey Central/WhiteRock,15247335,5471,45,-88
2026-08-02T00:16:01.158208+00:00,1785629757,6705,321 Surrey Central/WhiteRock,15247335,5472,46,-108
2026-08-02T00:16:01.158208+00:00,1785629757,6705,321 Surrey Central/WhiteRock,15247335,5473,47,-153
2026-08-02T00:16:01.158208+00:00,1785629757,6705,321 Surrey Central/WhiteRock,15247335,5474,48,-149
2026-08-02T00:16:01.158208+00:00,1785629757,6705,321 Surrey Central/WhiteRock,15247335,5475,49,-192
2026-08-02T00:16:01.158208+00:00,1785629757,6705,321 Surrey Central/WhiteRock,15247335,5476,50,-208
2026-08-02T00:16:01.158208+00:00,1785629757,6705,321 Surrey Central/WhiteRock,15247335,5477,51,-228
2026-08-02T00:16:01.158208+00:00,1785629757,6705,321 Surrey Central/WhiteRock,15247335,11725,52,-253
2026-08-02T00:16:01.158208+00:00,1785629757,6705,321 Surrey Central/WhiteRock,15247335,5040,53,-233
2026-08-02T00:16:01.158208+00:00,1785629757,6705,321 Surrey Central/WhiteRock,15247335,5041,54,-217
2026-08-02T00:16:01.158208+00:00,1785629757,6705,321 Surrey Central/WhiteRock,15247335,12155,55,-207
2026-08-02T00:16:01.158208+00:00,1785629757,6705,321 Surrey Central/WhiteRock,15247335,9089,56,-178
2026-08-02T00:16:01.158208+00:00,1785629757,6705,321 Surrey Central/WhiteRock,15247335,7213,57,-197
2026-08-02T00:16:01.158208+00:00,1785629757,6705,321 Surrey Central/WhiteRock,15247336,6197,1,0
2026-08-02T00:16:01.158208+00:00,1785629757,6705,321 Surrey Central/WhiteRock,15247336,6174,9,-534
2026-08-02T00:16:01.158208+00:00,1785629757,6705,321 Surrey Central/WhiteRock,15247336,5437,10,-515
2026-08-02T00:16:01.158208+00:00,1785629757,6705,321 Surrey Central/WhiteRock,15247336,5438,11,-522
2026-08-02T00:16:01.158208+00:00,1785629757,6705,321 Surrey Central/WhiteRock,15247336,5439,12,-514
2026-08-02T00:16:01.158208+00:00,1785629757,6705,321 Surrey Central/WhiteRock,15247336,5440,13,-528
2026-08-02T00:16:01.158208+00:00,1785629757,6705,321 Surrey Central/WhiteRock,15247336,5441,14,-514
2026-08-02T00:16:01.158208+00:00,1785629757,6705,321 Surrey Central/WhiteRock,15247336,5442,15,-533
2026-08-02T00:16:01.158208+00:00,1785629757,6705,321 Surrey Central/WhiteRock,15247336,5444,16,-526
2026-08-02T00:16:01.158208+00:00,1785629757,6705,321 Surrey Central/WhiteRock,15247336,9083,17,-544
2026-08-02T00:16:01.158208+00:00,1785629757,6705,321 Surrey Central/WhiteRock,15247336,5446,18,-532
2026-08-02T00:16:01.158208+00:00,1785629757,6705,321 Surrey Central/WhiteRock,15247336,10445,19,-538
2026-08-02T00:16:01.158208+00:00,1785629757,6705,321 Surrey Central/WhiteRock,15247336,5447,20,-568
2026-08-02T00:16:01.158208+00:00,1785629757,6705,321 Surrey Central/WhiteRock,15247336,5448,21,-559
2026-08-02T00:16:01.158208+00:00,1785629757,6705,321 Surrey Central/WhiteRock,15247336,10437,22,-565
2026-08-02T00:16:01.158208+00:00,1785629757,6705,321 Surrey Central/WhiteRock,15247336,5449,23,-609
2026-08-02T00:16:01.158208+00:00,1785629757,6705,321 Surrey Central/WhiteRock,15247336,11313,24,-642
2026-08-02T00:16:01.158208+00:00,1785629757,6705,321 Surrey Central/WhiteRock,15247336,10808,25,-771
2026-08-02T00:16:01.158208+00:00,1785629757,6705,321 Surrey Central/WhiteRock,15247336,5452,26,-882
2026-08-02T00:16:01.158208+00:00,1785629757,6705,321 Surrey Central/WhiteRock,15247336,11913,27,-894
2026-08-02T00:16:01.158208+00:00,1785629757,6705,321 Surrey Central/WhiteRock,15247336,5454,28,-900
2026-08-02T00:16:01.158208+00:00,1785629757,6705,321 Surrey Central/WhiteRock,15247336,5455,29,-901
2026-08-02T00:16:01.158208+00:00,1785629757,6705,321 Surrey Central/WhiteRock,15247336,5456,30,-849
2026-08-02T00:16:01.158208+00:00,1785629757,6705,321 Surrey Central/WhiteRock,15247336,12651,31,-871
2026-08-02T00:16:01.158208+00:00,1785629757,6705,321 Surrey Central/WhiteRock,15247336,5458,32,-864
2026-08-02T00:16:01.158208+00:00,1785629757,6705,321 Surrey Central/WhiteRock,15247336,5459,33,-851
2026-08-02T00:16:01.158208+00:00,1785629757,6705,321 Surrey Central/WhiteRock,15247336,5460,34,-857
2026-08-02T00:16:01.158208+00:00,1785629757,6705,321 Surrey Central/WhiteRock,15247336,5461,35,-863
2026-08-02T00:16:01.158208+00:00,1785629757,6705,321 Surrey Central/WhiteRock,15247336,5462,36,-867
2026-08-02T00:16:01.158208+00:00,1785629757,6705,321 Surrey Central/WhiteRock,15247336,5463,37,-809
2026-08-02T00:16:01.158208+00:00,1785629757,6705,321 Surrey Central/WhiteRock,15247336,5700,38,0
2026-08-02T00:16:01.158208+00:00,1785629757,6705,321 Surrey Central/WhiteRock,15247336,5465,39,14
2026-08-02T00:16:01.158208+00:00,1785629757,6705,321 Surrey Central/WhiteRock,15247336,5466,40,-25
2026-08-02T00:16:01.158208+00:00,1785629757,6705,321 Surrey Central/WhiteRock,15247336,5467,41,10
2026-08-02T00:16:01.158208+00:00,1785629757,6705,321 Surrey Central/WhiteRock,15247336,5468,42,-15
2026-08-02T00:16:01.158208+00:00,1785629757,6705,321 Surrey Central/WhiteRock,15247336,5469,43,-25
2026-08-02T00:16:01.158208+00:00,1785629757,6705,321 Surrey Central/WhiteRock,15247336,5470,44,-47
2026-08-02T00:16:01.158208+00:00,1785629757,6705,321 Surrey Central/WhiteRock,15247336,5471,45,-80
2026-08-02T00:16:01.158208+00:00,1785629757,6705,321 Surrey Central/WhiteRock,15247336,5472,46,-100
2026-08-02T00:16:01.158208+00:00,1785629757,6705,321 Surrey Central/WhiteRock,15247336,5473,47,-145
2026-08-02T00:16:01.158208+00:00,1785629757,6705,321 Surrey Central/WhiteRock,15247336,5474,48,-155
2026-08-02T00:16:01.158208+00:00,1785629757,6705,321 Surrey Central/WhiteRock,15247336,5475,49,-199
2026-08-02T00:16:01.158208+00:00,1785629757,6705,321 Surrey Central/WhiteRock,15247336,5476,50,-215
2026-08-02T00:16:01.158208+00:00,1785629757,6705,321 Surrey Central/WhiteRock,15247336,5477,51,-235
2026-08-02T00:16:01.158208+00:00,1785629757,6705,321 Surrey Central/WhiteRock,15247336,11725,52,-260
2026-08-02T00:16:01.158208+00:00,1785629757,6705,321 Surrey Central/WhiteRock,15247336,5040,53,-243
2026-08-02T00:16:01.158208+00:00,1785629757,6705,321 Surrey Central/WhiteRock,15247336,5041,54,-227
2026-08-02T00:16:01.158208+00:00,1785629757,6705,321 Surrey Central/WhiteRock,15247336,12155,55,-218
2026-08-02T00:16:01.158208+00:00,1785629757,6705,321 Surrey Central/WhiteRock,15247336,9089,56,-189
2026-08-02T00:16:01.158208+00:00,1785629757,6705,321 Surrey Central/WhiteRock,15247336,7213,57,-208
2026-08-02T00:16:01.158208+00:00,1785629757,6705,321 Surrey Central/WhiteRock,15247364,10880,1,0
2026-08-02T00:16:01.158208+00:00,1785629757,6705,321 Surrey Central/WhiteRock,15247364,5046,2,0
2026-08-02T00:16:01.158208+00:00,1785629757,6705,321 Surrey Central/WhiteRock,15247364,5047,3,0
2026-08-02T00:16:01.158208+00:00,1785629757,6705,321 Surrey Central/WhiteRock,15247364,8566,4,0
2026-08-02T00:16:01.158208+00:00,1785629757,6705,321 Surrey Central/WhiteRock,15247364,12916,5,0
2026-08-02T00:16:01.158208+00:00,1785629757,6705,321 Surrey Central/WhiteRock,15247364,5049,6,0
2026-08-02T00:16:01.158208+00:00,1785629757,6705,321 Surrey Central/WhiteRock,15247364,5039,7,0
2026-08-02T00:16:01.158208+00:00,1785629757,6705,321 Surrey Central/WhiteRock,15247364,8351,8,0
2026-08-02T00:16:01.158208+00:00,1785629757,6705,321 Surrey Central/WhiteRock,15247364,5496,9,0
2026-08-02T00:16:01.158208+00:00,1785629757,6705,321 Surrey Central/WhiteRock,15247364,5497,10,0
2026-08-02T00:16:01.158208+00:00,1785629757,6705,321 Surrey Central/WhiteRock,15247364,5498,11,0
2026-08-02T00:16:01.158208+00:00,1785629757,6705,321 Surrey Central/WhiteRock,15247364,5499,12,0
2026-08-02T00:16:01.158208+00:00,1785629757,6705,321 Surrey Central/WhiteRock,15247364,5500,13,0
2026-08-02T00:16:01.158208+00:00,1785629757,6705,321 Surrey Central/WhiteRock,15247364,5501,14,0
2026-08-02T00:16:01.158208+00:00,1785629757,6705,321 Surrey Central/WhiteRock,15247364,5502,15,0
2026-08-02T00:16:01.158208+00:00,1785629757,6705,321 Surrey Central/WhiteRock,15247364,5503,16,0
2026-08-02T00:16:01.158208+00:00,1785629757,6705,321 Surrey Central/WhiteRock,15247364,5504,17,0
2026-08-02T00:16:01.158208+00:00,1785629757,6705,321 Surrey Central/WhiteRock,15247364,5505,18,0
2026-08-02T00:16:01.158208+00:00,1785629757,6705,321 Surrey Central/WhiteRock,15247364,5507,19,0
2026-08-02T00:16:01.158208+00:00,1785629757,6705,321 Surrey Central/WhiteRock,15247364,5633,20,0
2026-08-02T00:16:01.158208+00:00,1785629757,6705,321 Surrey Central/WhiteRock,15247364,5510,21,0
2026-08-02T00:16:01.158208+00:00,1785629757,6705,321 Surrey Central/WhiteRock,15247364,5511,22,0
2026-08-02T00:16:01.158208+00:00,1785629757,6705,321 Surrey Central/WhiteRock,15247364,5512,23,0
2026-08-02T00:16:01.158208+00:00,1785629757,6705,321 Surrey Central/WhiteRock,15247364,5513,24,0
2026-08-02T00:16:01.158208+00:00,1785629757,6705,321 Surrey Central/WhiteRock,15247364,5514,25,0
2026-08-02T00:16:01.158208+00:00,1785629757,6705,321 Surrey Central/WhiteRock,15247364,5515,26,0
2026-08-02T00:16:01.158208+00:00,1785629757,6705,321 Surrey Central/WhiteRock,15247364,5516,27,0
2026-08-02T00:16:01.158208+00:00,1785629757,6705,321 Surrey Central/WhiteRock,15247364,5517,28,0
2026-08-02T00:16:01.158208+00:00,1785629757,6705,321 Surrey Central/WhiteRock,15247364,5518,29,0
2026-08-02T00:16:01.158208+00:00,1785629757,6705,321 Surrey Central/WhiteRock,15247364,5519,30,0
2026-08-02T00:16:01.158208+00:00,1785629757,6705,321 Surrey Central/WhiteRock,15247364,5520,31,0
2026-08-02T00:16:01.158208+00:00,1785629757,6705,321 Surrey Central/WhiteRock,15247364,5521,32,0
2026-08-02T00:16:01.158208+00:00,1785629757,6705,321 Surrey Central/WhiteRock,15247364,5522,33,0
2026-08-02T00:16:01.158208+00:00,1785629757,6705,321 Surrey Central/WhiteRock,15247364,5523,34,0
2026-08-02T00:16:01.158208+00:00,1785629757,6705,321 Surrey Central/WhiteRock,15247364,6466,35,0
2026-08-02T00:16:01.158208+00:00,1785629757,6705,321 Surrey Central/WhiteRock,15247364,5524,36,0
2026-08-02T00:16:01.158208+00:00,1785629757,6705,321 Surrey Central/WhiteRock,15247364,5525,37,0
2026-08-02T00:16:01.158208+00:00,1785629757,6705,321 Surrey Central/WhiteRock,15247364,10443,38,0
2026-08-02T00:16:01.158208+00:00,1785629757,6705,321 Surrey Central/WhiteRock,15247364,5528,39,0
2026-08-02T00:16:01.158208+00:00,1785629757,6705,321 Surrey Central/WhiteRock,15247364,5529,40,0
2026-08-02T00:16:01.158208+00:00,1785629757,6705,321 Surrey Central/WhiteRock,15247364,5530,41,0
2026-08-02T00:16:01.158208+00:00,1785629757,6705,321 Surrey Central/WhiteRock,15247364,5533,42,0
2026-08-02T00:16:01.158208+00:00,1785629757,6705,321 Surrey Central/WhiteRock,15247364,5534,43,0
2026-08-02T00:16:01.158208+00:00,1785629757,6705,321 Surrey Central/WhiteRock,15247364,5535,44,0
2026-08-02T00:16:01.158208+00:00,1785629757,6705,321 Surrey Central/WhiteRock,15247364,5536,45,0
2026-08-02T00:16:01.158208+00:00,1785629757,6705,321 Surrey Central/WhiteRock,15247364,5537,46,0
2026-08-02T00:16:01.158208+00:00,1785629757,6705,321 Surrey Central/WhiteRock,15247364,5538,47,0
2026-08-02T00:16:01.158208+00:00,1785629757,6705,321 Surrey Central/WhiteRock,15247364,5541,48,0
2026-08-02T00:16:01.158208+00:00,1785629757,6705,321 Surrey Central/WhiteRock,15247364,5542,49,0
2026-08-02T00:16:01.158208+00:00,1785629757,6705,321 Surrey Central/WhiteRock,15247364,6195,50,0
2026-08-02T00:16:01.158208+00:00,1785629757,6705,321 Surrey Central/WhiteRock,15247374,5049,6,70
2026-08-02T00:16:01.158208+00:00,1785629757,6705,321 Surrey Central/WhiteRock,15247374,5039,7,73
2026-08-02T00:16:01.158208+00:00,1785629757,6705,321 Surrey Central/WhiteRock,15247374,8351,8,54
2026-08-02T00:16:01.158208+00:00,1785629757,6705,321 Surrey Central/WhiteRock,15247374,5496,9,1
2026-08-02T00:16:01.158208+00:00,1785629757,6705,321 Surrey Central/WhiteRock,15247374,5497,10,-37
2026-08-02T00:16:01.158208+00:00,1785629757,6705,321 Surrey Central/WhiteRock,15247374,5498,11,-47
2026-08-02T00:16:01.158208+00:00,1785629757,6705,321 Surrey Central/WhiteRock,15247374,5499,12,-81
2026-08-02T00:16:01.158208+00:00,1785629757,6705,321 Surrey Central/WhiteRock,15247374,5500,13,-89
2026-08-02T00:16:01.158208+00:00,1785629757,6705,321 Surrey Central/WhiteRock,15247374,5501,14,-112
2026-08-02T00:16:01.158208+00:00,1785629757,6705,321 Surrey Central/WhiteRock,15247374,5502,15,-122
2026-08-02T00:16:01.158208+00:00,1785629757,6705,321 Surrey Central/WhiteRock,15247374,5503,16,-119
2026-08-02T00:16:01.158208+00:00,1785629757,6705,321 Surrey Central/WhiteRock,15247374,5504,17,-167
2026-08-02T00:16:01.158208+00:00,1785629757,6705,321 Surrey Central/WhiteRock,15247374,5505,18,-147
2026-08-02T00:16:01.158208+00:00,1785629757,6705,321 Surrey Central/WhiteRock,15247374,5507,19,-155
2026-08-02T00:16:01.158208+00:00,1785629757,6705,321 Surrey Central/WhiteRock,15247374,5633,20,0
2026-08-02T00:16:01.158208+00:00,1785629757,6705,321 Surrey Central/WhiteRock,15247374,5510,21,44
2026-08-02T00:16:01.158208+00:00,1785629757,6705,321 Surrey Central/WhiteRock,15247374,5511,22,37
2026-08-02T00:16:01.158208+00:00,1785629757,6705,321 Surrey Central/WhiteRock,15247374,5512,23,32
2026-08-02T00:16:01.158208+00:00,1785629757,6705,321 Surrey Central/WhiteRock,15247374,5513,24,25
2026-08-02T00:16:01.158208+00:00,1785629757,6705,321 Surrey Central/WhiteRock,15247374,5514,25,93
2026-08-02T00:16:01.158208+00:00,1785629757,6705,321 Surrey Central/WhiteRock,15247374,5515,26,87
2026-08-02T00:16:01.158208+00:00,1785629757,6705,321 Surrey Central/WhiteRock,15247374,5516,27,95
2026-08-02T00:16:01.158208+00:00,1785629757,6705,321 Surrey Central/WhiteRock,15247374,5517,28,113
2026-08-02T00:16:01.158208+00:00,1785629757,6705,321 Surrey Central/WhiteRock,15247374,5518,29,118
2026-08-02T00:16:01.158208+00:00,1785629757,6705,321 Surrey Central/WhiteRock,15247374,5519,30,99
2026-08-02T00:16:01.158208+00:00,1785629757,6705,321 Surrey Central/WhiteRock,15247374,5520,31,88
2026-08-02T00:16:01.158208+00:00,1785629757,6705,321 Surrey Central/WhiteRock,15247374,5521,32,-105
2026-08-02T00:16:01.158208+00:00,1785629757,6705,321 Surrey Central/WhiteRock,15247374,5522,33,-231
2026-08-02T00:16:01.158208+00:00,1785629757,6705,321 Surrey Central/WhiteRock,15247374,5523,34,-265
2026-08-02T00:16:01.158208+00:00,1785629757,6705,321 Surrey Central/WhiteRock,15247374,6466,35,-279
2026-08-02T00:16:01.158208+00:00,1785629757,6705,321 Surrey Central/WhiteRock,15247374,5524,36,-268
2026-08-02T00:16:01.158208+00:00,1785629757,6705,321 Surrey Central/WhiteRock,15247374,5525,37,-292
2026-08-02T00:16:01.158208+00:00,1785629757,6705,321 Surrey Central/WhiteRock,15247374,10443,38,-309
2026-08-02T00:16:01.158208+00:00,1785629757,6705,321 Surrey Central/WhiteRock,15247374,5528,39,-308
2026-08-02T00:16:01.158208+00:00,1785629757,6705,321 Surrey Central/WhiteRock,15247374,5529,40,-328
2026-08-02T00:16:01.158208+00:00,1785629757,6705,321 Surrey Central/WhiteRock,15247374,5530,41,-341
2026-08-02T00:16:01.158208+00:00,1785629757,6705,321 Surrey Central/WhiteRock,15247374,5533,42,-337
2026-08-02T00:16:01.158208+00:00,1785629757,6705,321 Surrey Central/WhiteRock,15247374,5534,43,-354
2026-08-02T00:16:01.158208+00:00,1785629757,6705,321 Surrey Central/WhiteRock,15247374,5535,44,-342
2026-08-02T00:16:01.158208+00:00,1785629757,6705,321 Surrey Central/WhiteRock,15247374,5536,45,-362
2026-08-02T00:16:01.158208+00:00,1785629757,6705,321 Surrey Central/WhiteRock,15247374,5537,46,-353
2026-08-02T00:16:01.158208+00:00,1785629757,6705,321 Surrey Central/WhiteRock,15247374,5538,47,-357
2026-08-02T00:16:01.158208+00:00,1785629757,6705,321 Surrey Central/WhiteRock,15247374,5541,48,-330
2026-08-02T00:16:01.158208+00:00,1785629757,6705,321 Surrey Central/WhiteRock,15247374,5542,49,-314
2026-08-02T00:16:01.158208+00:00,1785629757,6705,321 Surrey Central/WhiteRock,15247374,6195,50,-276
2026-08-02T00:16:01.158208+00:00,1785629757,6705,321 Surrey Central/WhiteRock,15247445,5537,46,-101
2026-08-02T00:16:01.158208+00:00,1785629757,6705,321 Surrey Central/WhiteRock,15247445,5538,47,-105
2026-08-02T00:16:01.158208+00:00,1785629757,6705,321 Surrey Central/WhiteRock,15247445,5541,48,-70
2026-08-02T00:16:01.158208+00:00,1785629757,6705,321 Surrey Central/WhiteRock,15247445,5542,49,-52
2026-08-02T00:16:01.158208+00:00,1785629757,6705,321 Surrey Central/WhiteRock,15247445,6195,50,-13
2026-08-02T00:16:01.158208+00:00,1785629757,6705,321 Surrey Central/WhiteRock,15247446,5525,37,-244
2026-08-02T00:16:01.158208+00:00,1785629757,6705,321 Surrey Central/WhiteRock,15247446,10443,38,-266
2026-08-02T00:16:01.158208+00:00,1785629757,6705,321 Surrey Central/WhiteRock,15247446,5528,39,-262
2026-08-02T00:16:01.158208+00:00,1785629757,6705,321 Surrey Central/WhiteRock,15247446,5529,40,-280
2026-08-02T00:16:01.158208+00:00,1785629757,6705,321 Surrey Central/WhiteRock,15247446,5530,41,-293
2026-08-02T00:16:01.158208+00:00,1785629757,6705,321 Surrey Central/WhiteRock,15247446,5533,42,-299
2026-08-02T00:16:01.158208+00:00,1785629757,6705,321 Surrey Central/WhiteRock,15247446,5534,43,-317
2026-08-02T00:16:01.158208+00:00,1785629757,6705,321 Surrey Central/WhiteRock,15247446,5535,44,-315
2026-08-02T00:16:01.158208+00:00,1785629757,6705,321 Surrey Central/WhiteRock,15247446,5536,45,-334
2026-08-02T00:16:01.158208+00:00,1785629757,6705,321 Surrey Central/WhiteRock,15247446,5537,46,-341
2026-08-02T00:16:01.158208+00:00,1785629757,6705,321 Surrey Central/WhiteRock,15247446,5538,47,-347
2026-08-02T00:16:01.158208+00:00,1785629757,6705,321 Surrey Central/WhiteRock,15247446,5541,48,-314
2026-08-02T00:16:01.158208+00:00,1785629757,6705,321 Surrey Central/WhiteRock,15247446,5542,49,-295
2026-08-02T00:16:01.158208+00:00,1785629757,6705,321 Surrey Central/WhiteRock,15247446,6195,50,-258
2026-08-02T00:16:01.158208+00:00,1785629757,6705,321 Surrey Central/WhiteRock,15247447,5517,28,202
2026-08-02T00:16:01.158208+00:00,1785629757,6705,321 Surrey Central/WhiteRock,15247447,5518,29,210
2026-08-02T00:16:01.158208+00:00,1785629757,6705,321 Surrey Central/WhiteRock,15247447,5519,30,191
2026-08-02T00:16:01.158208+00:00,1785629757,6705,321 Surrey Central/WhiteRock,15247447,5520,31,180
2026-08-02T00:16:01.158208+00:00,1785629757,6705,321 Surrey Central/WhiteRock,15247447,5521,32,-14
2026-08-02T00:16:01.158208+00:00,1785629757,6705,321 Surrey Central/WhiteRock,15247447,5522,33,-141
2026-08-02T00:16:01.158208+00:00,1785629757,6705,321 Surrey Central/WhiteRock,15247447,5523,34,-175
2026-08-02T00:16:01.158208+00:00,1785629757,6705,321 Surrey Central/WhiteRock,15247447,6466,35,-191
2026-08-02T00:16:01.158208+00:00,1785629757,6705,321 Surrey Central/WhiteRock,15247447,5524,36,-179
2026-08-02T00:16:01.158208+00:00,1785629757,6705,321 Surrey Central/WhiteRock,15247447,5525,37,-207
2026-08-02T00:16:01.158208+00:00,1785629757,6705,321 Surrey Central/WhiteRock,15247447,10443,38,-229
2026-08-02T00:16:01.158208+00:00,1785629757,6705,321 Surrey Central/WhiteRock,15247447,5528,39,-225
2026-08-02T00:16:01.158208+00:00,1785629757,6705,321 Surrey Central/WhiteRock,15247447,5529,40,-244
2026-08-02T00:16:01.158208+00:00,1785629757,6705,321 Surrey Central/WhiteRock,15247447,5530,41,-257
2026-08-02T00:16:01.158208+00:00,1785629757,6705,321 Surrey Central/WhiteRock,15247447,5533,42,-264
2026-08-02T00:16:01.158208+00:00,1785629757,6705,321 Surrey Central/WhiteRock,15247447,5534,43,-282
2026-08-02T00:16:01.158208+00:00,1785629757,6705,321 Surrey Central/WhiteRock,15247447,5535,44,-271
2026-08-02T00:16:01.158208+00:00,1785629757,6705,321 Surrey Central/WhiteRock,15247447,5536,45,-287
2026-08-02T00:16:01.158208+00:00,1785629757,6705,321 Surrey Central/WhiteRock,15247447,5537,46,-294
2026-08-02T00:16:01.158208+00:00,1785629757,6705,321 Surrey Central/WhiteRock,15247447,5538,47,-300
2026-08-02T00:16:01.158208+00:00,1785629757,6705,321 Surrey Central/WhiteRock,15247447,5541,48,-266
2026-08-02T00:16:01.158208+00:00,1785629757,6705,321 Surrey Central/WhiteRock,15247447,5542,49,-244
2026-08-02T00:16:01.158208+00:00,1785629757,6705,321 Surrey Central/WhiteRock,15247447,6195,50,-207
2026-08-02T00:16:01.158208+00:00,1785629757,6705,321 Surrey Central/WhiteRock,15247448,5633,20,0
2026-08-02T00:16:01.158208+00:00,1785629757,6705,321 Surrey Central/WhiteRock,15247448,5510,21,46
2026-08-02T00:16:01.158208+00:00,1785629757,6705,321 Surrey Central/WhiteRock,15247448,5511,22,40
2026-08-02T00:16:01.158208+00:00,1785629757,6705,321 Surrey Central/WhiteRock,15247448,5512,23,35
2026-08-02T00:16:01.158208+00:00,1785629757,6705,321 Surrey Central/WhiteRock,15247448,5513,24,24
2026-08-02T00:16:01.158208+00:00,1785629757,6705,321 Surrey Central/WhiteRock,15247448,5514,25,92
2026-08-02T00:16:01.158208+00:00,1785629757,6705,321 Surrey Central/WhiteRock,15247448,5515,26,86
2026-08-02T00:16:01.158208+00:00,1785629757,6705,321 Surrey Central/WhiteRock,15247448,5516,27,96
2026-08-02T00:16:01.158208+00:00,1785629757,6705,321 Surrey Central/WhiteRock,15247448,5517,28,112
2026-08-02T00:16:01.158208+00:00,1785629757,6705,321 Surrey Central/WhiteRock,15247448,5518,29,119
2026-08-02T00:16:01.158208+00:00,1785629757,6705,321 Surrey Central/WhiteRock,15247448,5519,30,100
2026-08-02T00:16:01.158208+00:00,1785629757,6705,321 Surrey Central/WhiteRock,15247448,5520,31,89
2026-08-02T00:16:01.158208+00:00,1785629757,6705,321 Surrey Central/WhiteRock,15247448,5521,32,-104
2026-08-02T00:16:01.158208+00:00,1785629757,6705,321 Surrey Central/WhiteRock,15247448,5522,33,-230
2026-08-02T00:16:01.158208+00:00,1785629757,6705,321 Surrey Central/WhiteRock,15247448,5523,34,-264
2026-08-02T00:16:01.158208+00:00,1785629757,6705,321 Surrey Central/WhiteRock,15247448,6466,35,-279
2026-08-02T00:16:01.158208+00:00,1785629757,6705,321 Surrey Central/WhiteRock,15247448,5524,36,-267
2026-08-02T00:16:01.158208+00:00,1785629757,6705,321 Surrey Central/WhiteRock,15247448,5525,37,-291
2026-08-02T00:16:01.158208+00:00,1785629757,6705,321 Surrey Central/WhiteRock,15247448,10443,38,-303
2026-08-02T00:16:01.158208+00:00,1785629757,6705,321 Surrey Central/WhiteRock,15247448,5528,39,-298
2026-08-02T00:16:01.158208+00:00,1785629757,6705,321 Surrey Central/WhiteRock,15247448,5529,40,-317
2026-08-02T00:16:01.158208+00:00,1785629757,6705,321 Surrey Central/WhiteRock,15247448,5530,41,-330
2026-08-02T00:16:01.158208+00:00,1785629757,6705,321 Surrey Central/WhiteRock,15247448,5533,42,-327
2026-08-02T00:16:01.158208+00:00,1785629757,6705,321 Surrey Central/WhiteRock,15247448,5534,43,-344
2026-08-02T00:16:01.158208+00:00,1785629757,6705,321 Surrey Central/WhiteRock,15247448,5535,44,-343
2026-08-02T00:16:01.158208+00:00,1785629757,6705,321 Surrey Central/WhiteRock,15247448,5536,45,-364
2026-08-02T00:16:01.158208+00:00,1785629757,6705,321 Surrey Central/WhiteRock,15247448,5537,46,-357
2026-08-02T00:16:01.158208+00:00,1785629757,6705,321 Surrey Central/WhiteRock,15247448,5538,47,-361
2026-08-02T00:16:01.158208+00:00,1785629757,6705,321 Surrey Central/WhiteRock,15247448,5541,48,-327
2026-08-02T00:16:01.158208+00:00,1785629757,6705,321 Surrey Central/WhiteRock,15247448,5542,49,-307
2026-08-02T00:16:01.158208+00:00,1785629757,6705,321 Surrey Central/WhiteRock,15247448,6195,50,-269
2026-08-02T00:16:01.158208+00:00,1785629757,6705,321 Surrey Central/WhiteRock,15247449,5504,17,-287
2026-08-02T00:16:01.158208+00:00,1785629757,6705,321 Surrey Central/WhiteRock,15247449,5505,18,-267
2026-08-02T00:16:01.158208+00:00,1785629757,6705,321 Surrey Central/WhiteRock,15247449,5507,19,-270
2026-08-02T00:16:01.158208+00:00,1785629757,6705,321 Surrey Central/WhiteRock,15247449,5633,20,0
2026-08-02T00:16:01.158208+00:00,1785629757,6705,321 Surrey Central/WhiteRock,15247449,5510,21,38
2026-08-02T00:16:01.158208+00:00,1785629757,6705,321 Surrey Central/WhiteRock,15247449,5511,22,31
2026-08-02T00:16:01.158208+00:00,1785629757,6705,321 Surrey Central/WhiteRock,15247449,5512,23,25
2026-08-02T00:16:01.158208+00:00,1785629757,6705,321 Surrey Central/WhiteRock,15247449,5513,24,15
2026-08-02T00:16:01.158208+00:00,1785629757,6705,321 Surrey Central/WhiteRock,15247449,5514,25,83
2026-08-02T00:16:01.158208+00:00,1785629757,6705,321 Surrey Central/WhiteRock,15247449,5515,26,77
2026-08-02T00:16:01.158208+00:00,1785629757,6705,321 Surrey Central/WhiteRock,15247449,5516,27,90
2026-08-02T00:16:01.158208+00:00,1785629757,6705,321 Surrey Central/WhiteRock,15247449,5517,28,108
2026-08-02T00:16:01.158208+00:00,1785629757,6705,321 Surrey Central/WhiteRock,15247449,5518,29,115
2026-08-02T00:16:01.158208+00:00,1785629757,6705,321 Surrey Central/WhiteRock,15247449,5519,30,96
2026-08-02T00:16:01.158208+00:00,1785629757,6705,321 Surrey Central/WhiteRock,15247449,5520,31,85
2026-08-02T00:16:01.158208+00:00,1785629757,6705,321 Surrey Central/WhiteRock,15247449,5521,32,-109
2026-08-02T00:16:01.158208+00:00,1785629757,6705,321 Surrey Central/WhiteRock,15247449,5522,33,-235
2026-08-02T00:16:01.158208+00:00,1785629757,6705,321 Surrey Central/WhiteRock,15247449,5523,34,-269
2026-08-02T00:16:01.158208+00:00,1785629757,6705,321 Surrey Central/WhiteRock,15247449,6466,35,-284
2026-08-02T00:16:01.158208+00:00,1785629757,6705,321 Surrey Central/WhiteRock,15247449,5524,36,-272
2026-08-02T00:16:01.158208+00:00,1785629757,6705,321 Surrey Central/WhiteRock,15247449,5525,37,-299
2026-08-02T00:16:01.158208+00:00,1785629757,6705,321 Surrey Central/WhiteRock,15247449,10443,38,-321
2026-08-02T00:16:01.158208+00:00,1785629757,6705,321 Surrey Central/WhiteRock,15247449,5528,39,-316
2026-08-02T00:16:01.158208+00:00,1785629757,6705,321 Surrey Central/WhiteRock,15247449,5529,40,-334
2026-08-02T00:16:01.158208+00:00,1785629757,6705,321 Surrey Central/WhiteRock,15247449,5530,41,-349
2026-08-02T00:16:01.158208+00:00,1785629757,6705,321 Surrey Central/WhiteRock,15247449,5533,42,-355
2026-08-02T00:16:01.158208+00:00,1785629757,6705,321 Surrey Central/WhiteRock,15247449,5534,43,-373
2026-08-02T00:16:01.158208+00:00,1785629757,6705,321 Surrey Central/WhiteRock,15247449,5535,44,-355
2026-08-02T00:16:01.158208+00:00,1785629757,6705,321 Surrey Central/WhiteRock,15247449,5536,45,-378
2026-08-02T00:16:01.158208+00:00,1785629757,6705,321 Surrey Central/WhiteRock,15247449,5537,46,-381
2026-08-02T00:16:01.158208+00:00,1785629757,6705,321 Surrey Central/WhiteRock,15247449,5538,47,-388
2026-08-02T00:16:01.158208+00:00,1785629757,6705,321 Surrey Central/WhiteRock,15247449,5541,48,-358
2026-08-02T00:16:01.158208+00:00,1785629757,6705,321 Surrey Central/WhiteRock,15247449,5542,49,-340
2026-08-02T00:16:01.158208+00:00,1785629757,6705,321 Surrey Central/WhiteRock,15247449,6195,50,-303
2026-08-02T00:16:01.158208+00:00,1785629757,6705,321 Surrey Central/WhiteRock,15247450,10880,1,0
2026-08-02T00:16:01.158208+00:00,1785629757,6705,321 Surrey Central/WhiteRock,15247450,5046,2,0
2026-08-02T00:16:01.158208+00:00,1785629757,6705,321 Surrey Central/WhiteRock,15247450,5047,3,0
2026-08-02T00:16:01.158208+00:00,1785629757,6705,321 Surrey Central/WhiteRock,15247450,8566,4,0
2026-08-02T00:16:01.158208+00:00,1785629757,6705,321 Surrey Central/WhiteRock,15247450,12916,5,0
2026-08-02T00:16:01.158208+00:00,1785629757,6705,321 Surrey Central/WhiteRock,15247450,5049,6,0
2026-08-02T00:16:01.158208+00:00,1785629757,6705,321 Surrey Central/WhiteRock,15247450,5039,7,0
2026-08-02T00:16:01.158208+00:00,1785629757,6705,321 Surrey Central/WhiteRock,15247450,8351,8,0
2026-08-02T00:16:01.158208+00:00,1785629757,6705,321 Surrey Central/WhiteRock,15247450,5496,9,0
2026-08-02T00:16:01.158208+00:00,1785629757,6705,321 Surrey Central/WhiteRock,15247450,5497,10,0
2026-08-02T00:16:01.158208+00:00,1785629757,6705,321 Surrey Central/WhiteRock,15247450,5498,11,0
2026-08-02T00:16:01.158208+00:00,1785629757,6705,321 Surrey Central/WhiteRock,15247450,5499,12,0
2026-08-02T00:16:01.158208+00:00,1785629757,6705,321 Surrey Central/WhiteRock,15247450,5500,13,0
2026-08-02T00:16:01.158208+00:00,1785629757,6705,321 Surrey Central/WhiteRock,15247450,5501,14,0
2026-08-02T00:16:01.158208+00:00,1785629757,6705,321 Surrey Central/WhiteRock,15247450,5502,15,0
2026-08-02T00:16:01.158208+00:00,1785629757,6705,321 Surrey Central/WhiteRock,15247450,5503,16,0
2026-08-02T00:16:01.158208+00:00,1785629757,6705,321 Surrey Central/WhiteRock,15247450,5504,17,0
2026-08-02T00:16:01.158208+00:00,1785629757,6705,321 Surrey Central/WhiteRock,15247450,5505,18,0
2026-08-02T00:16:01.158208+00:00,1785629757,6705,321 Surrey Central/WhiteRock,15247450,5507,19,0
2026-08-02T00:16:01.158208+00:00,1785629757,6705,321 Surrey Central/WhiteRock,15247450,5633,20,0
2026-08-02T00:16:01.158208+00:00,1785629757,6705,321 Surrey Central/WhiteRock,15247450,5510,21,0
2026-08-02T00:16:01.158208+00:00,1785629757,6705,321 Surrey Central/WhiteRock,15247450,5511,22,0
2026-08-02T00:16:01.158208+00:00,1785629757,6705,321 Surrey Central/WhiteRock,15247450,5512,23,0
2026-08-02T00:16:01.158208+00:00,1785629757,6705,321 Surrey Central/WhiteRock,15247450,5513,24,0
2026-08-02T00:16:01.158208+00:00,1785629757,6705,321 Surrey Central/WhiteRock,15247450,5514,25,0
2026-08-02T00:16:01.158208+00:00,1785629757,6705,321 Surrey Central/WhiteRock,15247450,5515,26,0
2026-08-02T00:16:01.158208+00:00,1785629757,6705,321 Surrey Central/WhiteRock,15247450,5516,27,0
2026-08-02T00:16:01.158208+00:00,1785629757,6705,321 Surrey Central/WhiteRock,15247450,5517,28,0
2026-08-02T00:16:01.158208+00:00,1785629757,6705,321 Surrey Central/WhiteRock,15247450,5518,29,0
2026-08-02T00:16:01.158208+00:00,1785629757,6705,321 Surrey Central/WhiteRock,15247450,5519,30,0
2026-08-02T00:16:01.158208+00:00,1785629757,6705,321 Surrey Central/WhiteRock,15247450,5520,31,0
2026-08-02T00:16:01.158208+00:00,1785629757,6705,321 Surrey Central/WhiteRock,15247450,5521,32,0
2026-08-02T00:16:01.158208+00:00,1785629757,6705,321 Surrey Central/WhiteRock,15247450,5522,33,0
2026-08-02T00:16:01.158208+00:00,1785629757,6705,321 Surrey Central/WhiteRock,15247450,5523,34,0
2026-08-02T00:16:01.158208+00:00,1785629757,6705,321 Surrey Central/WhiteRock,15247450,6466,35,0
2026-08-02T00:16:01.158208+00:00,1785629757,6705,321 Surrey Central/WhiteRock,15247450,5524,36,0
2026-08-02T00:16:01.158208+00:00,1785629757,6705,321 Surrey Central/WhiteRock,15247450,5525,37,0
2026-08-02T00:16:01.158208+00:00,1785629757,6705,321 Surrey Central/WhiteRock,15247450,10443,38,0
2026-08-02T00:16:01.158208+00:00,1785629757,6705,321 Surrey Central/WhiteRock,15247450,5528,39,0
2026-08-02T00:16:01.158208+00:00,1785629757,6705,321 Surrey Central/WhiteRock,15247450,5529,40,0
2026-08-02T00:16:01.158208+00:00,1785629757,6705,321 Surrey Central/WhiteRock,15247450,5530,41,0
2026-08-02T00:16:01.158208+00:00,1785629757,6705,321 Surrey Central/WhiteRock,15247450,5533,42,0
2026-08-02T00:16:01.158208+00:00,1785629757,6705,321 Surrey Central/WhiteRock,15247450,5534,43,0
2026-08-02T00:16:01.158208+00:00,1785629757,6705,321 Surrey Central/WhiteRock,15247450,5535,44,0
2026-08-02T00:16:01.158208+00:00,1785629757,6705,321 Surrey Central/WhiteRock,15247450,5536,45,0
2026-08-02T00:16:01.158208+00:00,1785629757,6705,321 Surrey Central/WhiteRock,15247450,5537,46,0
2026-08-02T00:16:01.158208+00:00,1785629757,6705,321 Surrey Central/WhiteRock,15247450,5538,47,0
2026-08-02T00:16:01.158208+00:00,1785629757,6705,321 Surrey Central/WhiteRock,15247450,5541,48,0
2026-08-02T00:16:01.158208+00:00,1785629757,6705,321 Surrey Central/WhiteRock,15247450,5542,49,0
2026-08-02T00:16:01.158208+00:00,1785629757,6705,321 Surrey Central/WhiteRock,15247450,6195,50,0
2026-08-02T00:16:01.158208+00:00,1785629757,6715,351 Bridgeport/WhiteRock,15251739,5437,11,125
2026-08-02T00:16:01.158208+00:00,1785629757,6715,351 Bridgeport/WhiteRock,15251739,5438,12,93
2026-08-02T00:16:01.158208+00:00,1785629757,6715,351 Bridgeport/WhiteRock,15251739,5439,13,96
2026-08-02T00:16:01.158208+00:00,1785629757,6715,351 Bridgeport/WhiteRock,15251739,5440,14,79
2026-08-02T00:16:01.158208+00:00,1785629757,6715,351 Bridgeport/WhiteRock,15251739,5441,15,89
2026-08-02T00:16:01.158208+00:00,1785629757,6715,351 Bridgeport/WhiteRock,15251739,5442,16,65
2026-08-02T00:16:01.158208+00:00,1785629757,6715,351 Bridgeport/WhiteRock,15251739,5444,17,71
2026-08-02T00:16:01.158208+00:00,1785629757,6715,351 Bridgeport/WhiteRock,15251739,9083,18,43
2026-08-02T00:16:01.158208+00:00,1785629757,6715,351 Bridgeport/WhiteRock,15251739,5446,19,46
2026-08-02T00:16:01.158208+00:00,1785629757,6715,351 Bridgeport/WhiteRock,15251739,10445,20,42
2026-08-02T00:16:01.158208+00:00,1785629757,6715,351 Bridgeport/WhiteRock,15251739,5447,21,3
2026-08-02T00:16:01.158208+00:00,1785629757,6715,351 Bridgeport/WhiteRock,15251739,5448,22,7
2026-08-02T00:16:01.158208+00:00,1785629757,6715,351 Bridgeport/WhiteRock,15251739,6194,23,17
2026-08-02T00:16:01.158208+00:00,1785629757,6715,351 Bridgeport/WhiteRock,15251739,4928,24,-17
2026-08-02T00:16:01.158208+00:00,1785629757,6715,351 Bridgeport/WhiteRock,15251739,8282,25,-17
2026-08-02T00:16:01.158208+00:00,1785629757,6715,351 Bridgeport/WhiteRock,15251763,6194,23,319
2026-08-02T00:16:01.158208+00:00,1785629757,6715,351 Bridgeport/WhiteRock,15251763,4928,24,285
2026-08-02T00:16:01.158208+00:00,1785629757,6715,351 Bridgeport/WhiteRock,15251763,8282,25,281
2026-08-02T00:16:01.158208+00:00,1785629757,6715,351 Bridgeport/WhiteRock,15251801,11267,1,0
2026-08-02T00:16:01.158208+00:00,1785629757,6715,351 Bridgeport/WhiteRock,15251801,8283,2,-468
2026-08-02T00:16:01.158208+00:00,1785629757,6715,351 Bridgeport/WhiteRock,15251801,4929,3,0
2026-08-02T00:16:01.158208+00:00,1785629757,6715,351 Bridgeport/WhiteRock,15251801,6175,4,-547
2026-08-02T00:16:01.158208+00:00,1785629757,6715,351 Bridgeport/WhiteRock,15251801,5524,5,-481
2026-08-02T00:16:01.158208+00:00,1785629757,6715,351 Bridgeport/WhiteRock,15251801,5525,6,-487
2026-08-02T00:16:01.158208+00:00,1785629757,6715,351 Bridgeport/WhiteRock,15251801,10443,7,-472
2026-08-02T00:16:01.158208+00:00,1785629757,6715,351 Bridgeport/WhiteRock,15251801,5528,8,-440
2026-08-02T00:16:01.158208+00:00,1785629757,6715,351 Bridgeport/WhiteRock,15251801,5529,9,-441
2026-08-02T00:16:01.158208+00:00,1785629757,6715,351 Bridgeport/WhiteRock,15251801,5530,10,-432
2026-08-02T00:16:01.158208+00:00,1785629757,6715,351 Bridgeport/WhiteRock,15251801,5533,11,-406
2026-08-02T00:16:01.158208+00:00,1785629757,6715,351 Bridgeport/WhiteRock,15251801,5534,12,-400
2026-08-02T00:16:01.158208+00:00,1785629757,6715,351 Bridgeport/WhiteRock,15251801,5535,13,-371
2026-08-02T00:16:01.158208+00:00,1785629757,6715,351 Bridgeport/WhiteRock,15251801,5536,14,-366
2026-08-02T00:16:01.158208+00:00,1785629757,6715,351 Bridgeport/WhiteRock,15251801,5537,15,-343
2026-08-02T00:16:01.158208+00:00,1785629757,6715,351 Bridgeport/WhiteRock,15251801,5538,16,-335
2026-08-02T00:16:01.158208+00:00,1785629757,6715,351 Bridgeport/WhiteRock,15251801,5541,17,-295
2026-08-02T00:16:01.158208+00:00,1785629757,6715,351 Bridgeport/WhiteRock,15251801,5542,18,-263
2026-08-02T00:16:01.158208+00:00,1785629757,6715,351 Bridgeport/WhiteRock,15251801,6340,19,-211
2026-08-02T00:16:01.158208+00:00,1785629757,6715,351 Bridgeport/WhiteRock,15251801,6341,20,-187
2026-08-02T00:16:01.158208+00:00,1785629757,6715,351 Bridgeport/WhiteRock,15251801,6167,21,-164
2026-08-02T00:16:01.158208+00:00,1785629757,6715,351 Bridgeport/WhiteRock,15251802,6175,4,-554
2026-08-02T00:16:01.158208+00:00,1785629757,6715,351 Bridgeport/WhiteRock,15251802,5524,5,-487
2026-08-02T00:16:01.158208+00:00,1785629757,6715,351 Bridgeport/WhiteRock,15251802,5525,6,-493
2026-08-02T00:16:01.158208+00:00,1785629757,6715,351 Bridgeport/WhiteRock,15251802,10443,7,-478
2026-08-02T00:16:01.158208+00:00,1785629757,6715,351 Bridgeport/WhiteRock,15251802,5528,8,-447
2026-08-02T00:16:01.158208+00:00,1785629757,6715,351 Bridgeport/WhiteRock,15251802,5529,9,-448
2026-08-02T00:16:01.158208+00:00,1785629757,6715,351 Bridgeport/WhiteRock,15251802,5530,10,-439
2026-08-02T00:16:01.158208+00:00,1785629757,6715,351 Bridgeport/WhiteRock,15251802,5533,11,-417
2026-08-02T00:16:01.158208+00:00,1785629757,6715,351 Bridgeport/WhiteRock,15251802,5534,12,-413
2026-08-02T00:16:01.158208+00:00,1785629757,6715,351 Bridgeport/WhiteRock,15251802,5535,13,-364
2026-08-02T00:16:01.158208+00:00,1785629757,6715,351 Bridgeport/WhiteRock,15251802,5536,14,-356
2026-08-02T00:16:01.158208+00:00,1785629757,6715,351 Bridgeport/WhiteRock,15251802,5537,15,-337
2026-08-02T00:16:01.158208+00:00,1785629757,6715,351 Bridgeport/WhiteRock,15251802,5538,16,-330
2026-08-02T00:16:01.158208+00:00,1785629757,6715,351 Bridgeport/WhiteRock,15251802,5541,17,-278
2026-08-02T00:16:01.158208+00:00,1785629757,6715,351 Bridgeport/WhiteRock,15251802,5542,18,-244
2026-08-02T00:16:01.158208+00:00,1785629757,6715,351 Bridgeport/WhiteRock,15251802,6340,19,-194
2026-08-02T00:16:01.158208+00:00,1785629757,6715,351 Bridgeport/WhiteRock,15251802,6341,20,-166
2026-08-02T00:16:01.158208+00:00,1785629757,6715,351 Bridgeport/WhiteRock,15251802,6167,21,-145
2026-08-02T00:16:01.158208+00:00,1785629757,6715,351 Bridgeport/WhiteRock,15251828,8283,2,156
2026-08-02T00:16:01.158208+00:00,1785629757,6715,351 Bridgeport/WhiteRock,15251828,4929,3,141
2026-08-02T00:16:01.158208+00:00,1785629757,6715,351 Bridgeport/WhiteRock,15251828,6175,4,-405
2026-08-02T00:16:01.158208+00:00,1785629757,6715,351 Bridgeport/WhiteRock,15251828,5524,5,-338
2026-08-02T00:16:01.158208+00:00,1785629757,6715,351 Bridgeport/WhiteRock,15251828,5525,6,-344
2026-08-02T00:16:01.158208+00:00,1785629757,6715,351 Bridgeport/WhiteRock,15251828,10443,7,-329
2026-08-02T00:16:01.158208+00:00,1785629757,6715,351 Bridgeport/WhiteRock,15251828,5528,8,-298
2026-08-02T00:16:01.158208+00:00,1785629757,6715,351 Bridgeport/WhiteRock,15251828,5529,9,-299
2026-08-02T00:16:01.158208+00:00,1785629757,6715,351 Bridgeport/WhiteRock,15251828,5530,10,-290
2026-08-02T00:16:01.158208+00:00,1785629757,6715,351 Bridgeport/WhiteRock,15251828,5533,11,-268
2026-08-02T00:16:01.158208+00:00,1785629757,6715,351 Bridgeport/WhiteRock,15251828,5534,12,-263
2026-08-02T00:16:01.158208+00:00,1785629757,6715,351 Bridgeport/WhiteRock,15251828,5535,13,-214
2026-08-02T00:16:01.158208+00:00,1785629757,6715,351 Bridgeport/WhiteRock,15251828,5536,14,-212
2026-08-02T00:16:01.158208+00:00,1785629757,6715,351 Bridgeport/WhiteRock,15251828,5537,15,-186
2026-08-02T00:16:01.158208+00:00,1785629757,6715,351 Bridgeport/WhiteRock,15251828,5538,16,-180
2026-08-02T00:16:01.158208+00:00,1785629757,6715,351 Bridgeport/WhiteRock,15251828,5541,17,-131
2026-08-02T00:16:01.158208+00:00,1785629757,6715,351 Bridgeport/WhiteRock,15251828,5542,18,-98
2026-08-02T00:16:01.158208+00:00,1785629757,6715,351 Bridgeport/WhiteRock,15251828,6340,19,-44
2026-08-02T00:16:01.158208+00:00,1785629757,6715,351 Bridgeport/WhiteRock,15251828,6341,20,-16
2026-08-02T00:16:01.158208+00:00,1785629757,6715,351 Bridgeport/WhiteRock,15251828,6167,21,15
2026-08-02T00:16:01.158208+00:00,1785629757,6715,351 Bridgeport/WhiteRock,15251829,5535,13,-312
2026-08-02T00:16:01.158208+00:00,1785629757,6715,351 Bridgeport/WhiteRock,15251829,5536,14,-306
2026-08-02T00:16:01.158208+00:00,1785629757,6715,351 Bridgeport/WhiteRock,15251829,5537,15,-291
2026-08-02T00:16:01.158208+00:00,1785629757,6715,351 Bridgeport/WhiteRock,15251829,5538,16,-284
2026-08-02T00:16:01.158208+00:00,1785629757,6715,351 Bridgeport/WhiteRock,15251829,5541,17,-233
2026-08-02T00:16:01.158208+00:00,1785629757,6715,351 Bridgeport/WhiteRock,15251829,5542,18,-201
2026-08-02T00:16:01.158208+00:00,1785629757,6715,351 Bridgeport/WhiteRock,15251829,6340,19,-150
2026-08-02T00:16:01.158208+00:00,1785629757,6715,351 Bridgeport/WhiteRock,15251829,6341,20,-122
2026-08-02T00:16:01.158208+00:00,1785629757,6715,351 Bridgeport/WhiteRock,15251829,6167,21,-96
2026-08-02T00:16:01.158208+00:00,1785629757,11692,364 Langley Centre/Scottsdale,15252764,4919,4,256
2026-08-02T00:16:01.158208+00:00,1785629757,11692,364 Langley Centre/Scottsdale,15252764,4921,5,204
2026-08-02T00:16:01.158208+00:00,1785629757,11692,364 Langley Centre/Scottsdale,15252764,11121,6,255
2026-08-02T00:16:01.158208+00:00,1785629757,11692,364 Langley Centre/Scottsdale,15252764,11142,7,214
2026-08-02T00:16:01.158208+00:00,1785629757,11692,364 Langley Centre/Scottsdale,15252764,11139,8,202
2026-08-02T00:16:01.158208+00:00,1785629757,11692,364 Langley Centre/Scottsdale,15252764,11156,9,189
2026-08-02T00:16:01.158208+00:00,1785629757,11692,364 Langley Centre/Scottsdale,15252764,5583,10,195
2026-08-02T00:16:01.158208+00:00,1785629757,11692,364 Langley Centre/Scottsdale,15252764,5584,11,163
2026-08-02T00:16:01.158208+00:00,1785629757,11692,364 Langley Centre/Scottsdale,15252764,6464,12,149
2026-08-02T00:16:01.158208+00:00,1785629757,11692,364 Langley Centre/Scottsdale,15252764,6465,13,128
2026-08-02T00:16:01.158208+00:00,1785629757,11692,364 Langley Centre/Scottsdale,15252764,11074,14,168
2026-08-02T00:16:01.158208+00:00,1785629757,11692,364 Langley Centre/Scottsdale,15252764,11153,15,137
2026-08-02T00:16:01.158208+00:00,1785629757,11692,364 Langley Centre/Scottsdale,15252764,11150,16,103
2026-08-02T00:16:01.158208+00:00,1785629757,11692,364 Langley Centre/Scottsdale,15252764,11148,17,83
2026-08-02T00:16:01.158208+00:00,1785629757,11692,364 Langley Centre/Scottsdale,15252764,11124,18,91
2026-08-02T00:16:01.158208+00:00,1785629757,11692,364 Langley Centre/Scottsdale,15252764,11140,19,49
2026-08-02T00:16:01.158208+00:00,1785629757,11692,364 Langley Centre/Scottsdale,15252764,11145,20,34
2026-08-02T00:16:01.158208+00:00,1785629757,11692,364 Langley Centre/Scottsdale,15252764,11076,21,0
2026-08-02T00:16:01.158208+00:00,1785629757,11692,364 Langley Centre/Scottsdale,15252764,12645,22,-197
2026-08-02T00:16:01.158208+00:00,1785629757,11692,364 Langley Centre/Scottsdale,15252764,9525,23,-192
2026-08-02T00:16:01.158208+00:00,1785629757,11692,364 Langley Centre/Scottsdale,15252764,10148,24,-176
2026-08-02T00:16:01.158208+00:00,1785629757,11692,364 Langley Centre/Scottsdale,15252764,10585,25,-196
2026-08-02T00:16:01.158208+00:00,1785629757,11692,364 Langley Centre/Scottsdale,15252764,10250,26,-204
2026-08-02T00:16:01.158208+00:00,1785629757,11692,364 Langley Centre/Scottsdale,15252764,10588,27,-210
2026-08-02T00:16:01.158208+00:00,1785629757,11692,364 Langley Centre/Scottsdale,15252764,10248,28,-180
2026-08-02T00:16:01.158208+00:00,1785629757,11692,364 Langley Centre/Scottsdale,15252764,10726,29,-172
2026-08-02T00:16:01.158208+00:00,1785629757,11692,364 Langley Centre/Scottsdale,15252764,10725,30,-185
2026-08-02T00:16:01.158208+00:00,1785629757,11692,364 Langley Centre/Scottsdale,15252764,10727,31,-199
2026-08-02T00:16:01.158208+00:00,1785629757,11692,364 Langley Centre/Scottsdale,15252764,10251,32,-204
2026-08-02T00:16:01.158208+00:00,1785629757,11692,364 Langley Centre/Scottsdale,15252764,10252,33,-222
2026-08-02T00:16:01.158208+00:00,1785629757,11692,364 Langley Centre/Scottsdale,15252764,10253,34,-230
2026-08-02T00:16:01.158208+00:00,1785629757,11692,364 Langley Centre/Scottsdale,15252764,10255,35,-244
2026-08-02T00:16:01.158208+00:00,1785629757,11692,364 Langley Centre/Scottsdale,15252764,5332,36,-206
2026-08-02T00:16:01.158208+00:00,1785629757,11692,364 Langley Centre/Scottsdale,15252764,12497,37,-228
2026-08-02T00:16:01.158208+00:00,1785629757,11692,364 Langley Centre/Scottsdale,15252764,5334,38,-238
2026-08-02T00:16:01.158208+00:00,1785629757,11692,364 Langley Centre/Scottsdale,15252764,6472,39,-225
2026-08-02T00:16:01.158208+00:00,1785629757,11692,364 Langley Centre/Scottsdale,15252764,6473,40,-228
2026-08-02T00:16:01.158208+00:00,1785629757,11692,364 Langley Centre/Scottsdale,15252764,6474,41,-228
2026-08-02T00:16:01.158208+00:00,1785629757,11692,364 Langley Centre/Scottsdale,15252764,9306,42,-184
2026-08-02T00:16:01.158208+00:00,1785629757,11692,364 Langley Centre/Scottsdale,15252764,11125,43,-189
2026-08-02T00:16:01.158208+00:00,1785629757,11692,364 Langley Centre/Scottsdale,15252764,9294,44,-180
2026-08-02T00:16:01.158208+00:00,1785629757,11692,364 Langley Centre/Scottsdale,15252764,9293,45,-189
2026-08-02T00:16:01.158208+00:00,1785629757,11692,364 Langley Centre/Scottsdale,15252764,11126,46,-181
2026-08-02T00:16:01.158208+00:00,1785629757,11692,364 Langley Centre/Scottsdale,15252764,7094,47,-210
2026-08-02T00:16:01.158208+00:00,1785629757,11692,364 Langley Centre/Scottsdale,15252796,11148,17,307
2026-08-02T00:16:01.158208+00:00,1785629757,11692,364 Langley Centre/Scottsdale,15252796,11124,18,315
2026-08-02T00:16:01.158208+00:00,1785629757,11692,364 Langley Centre/Scottsdale,15252796,11140,19,273
2026-08-02T00:16:01.158208+00:00,1785629757,11692,364 Langley Centre/Scottsdale,15252796,11145,20,259
2026-08-02T00:16:01.158208+00:00,1785629757,11692,364 Langley Centre/Scottsdale,15252796,11076,21,208
2026-08-02T00:16:01.158208+00:00,1785629757,11692,364 Langley Centre/Scottsdale,15252796,12645,22,-2
2026-08-02T00:16:01.158208+00:00,1785629757,11692,364 Langley Centre/Scottsdale,15252796,9525,23,1
2026-08-02T00:16:01.158208+00:00,1785629757,11692,364 Langley Centre/Scottsdale,15252796,10148,24,15
2026-08-02T00:16:01.158208+00:00,1785629757,11692,364 Langley Centre/Scottsdale,15252796,10585,25,-7
2026-08-02T00:16:01.158208+00:00,1785629757,11692,364 Langley Centre/Scottsdale,15252796,10250,26,-16
2026-08-02T00:16:01.158208+00:00,1785629757,11692,364 Langley Centre/Scottsdale,15252796,10588,27,-23
2026-08-02T00:16:01.158208+00:00,1785629757,11692,364 Langley Centre/Scottsdale,15252796,10248,28,4
2026-08-02T00:16:01.158208+00:00,1785629757,11692,364 Langley Centre/Scottsdale,15252796,10726,29,10
2026-08-02T00:16:01.158208+00:00,1785629757,11692,364 Langley Centre/Scottsdale,15252796,10725,30,-3
2026-08-02T00:16:01.158208+00:00,1785629757,11692,364 Langley Centre/Scottsdale,15252796,10727,31,-19
2026-08-02T00:16:01.158208+00:00,1785629757,11692,364 Langley Centre/Scottsdale,15252796,10251,32,-25
2026-08-02T00:16:01.158208+00:00,1785629757,11692,364 Langley Centre/Scottsdale,15252796,10252,33,-44
2026-08-02T00:16:01.158208+00:00,1785629757,11692,364 Langley Centre/Scottsdale,15252796,10253,34,-54
2026-08-02T00:16:01.158208+00:00,1785629757,11692,364 Langley Centre/Scottsdale,15252796,10255,35,-71
2026-08-02T00:16:01.158208+00:00,1785629757,11692,364 Langley Centre/Scottsdale,15252796,5332,36,-35
2026-08-02T00:16:01.158208+00:00,1785629757,11692,364 Langley Centre/Scottsdale,15252796,12497,37,-59
2026-08-02T00:16:01.158208+00:00,1785629757,11692,364 Langley Centre/Scottsdale,15252796,5334,38,-72
2026-08-02T00:16:01.158208+00:00,1785629757,11692,364 Langley Centre/Scottsdale,15252796,6472,39,-59
2026-08-02T00:16:01.158208+00:00,1785629757,11692,364 Langley Centre/Scottsdale,15252796,6473,40,-54
2026-08-02T00:16:01.158208+00:00,1785629757,11692,364 Langley Centre/Scottsdale,15252796,6474,41,-54
2026-08-02T00:16:01.158208+00:00,1785629757,11692,364 Langley Centre/Scottsdale,15252796,9306,42,-2
2026-08-02T00:16:01.158208+00:00,1785629757,11692,364 Langley Centre/Scottsdale,15252796,11125,43,9
2026-08-02T00:16:01.158208+00:00,1785629757,11692,364 Langley Centre/Scottsdale,15252796,9294,44,0
2026-08-02T00:16:01.158208+00:00,1785629757,11692,364 Langley Centre/Scottsdale,15252796,9293,45,-8
2026-08-02T00:16:01.158208+00:00,1785629757,11692,364 Langley Centre/Scottsdale,15252796,11126,46,7
2026-08-02T00:16:01.158208+00:00,1785629757,11692,364 Langley Centre/Scottsdale,15252796,7094,47,-29
2026-08-02T00:16:01.158208+00:00,1785629757,11692,364 Langley Centre/Scottsdale,15252799,6472,39,-219
2026-08-02T00:16:01.158208+00:00,1785629757,11692,364 Langley Centre/Scottsdale,15252799,6473,40,-214
2026-08-02T00:16:01.158208+00:00,1785629757,11692,364 Langley Centre/Scottsdale,15252799,6474,41,-213
2026-08-02T00:16:01.158208+00:00,1785629757,11692,364 Langley Centre/Scottsdale,15252799,9306,42,-161
2026-08-02T00:16:01.158208+00:00,1785629757,11692,364 Langley Centre/Scottsdale,15252799,11125,43,-162
2026-08-02T00:16:01.158208+00:00,1785629757,11692,364 Langley Centre/Scottsdale,15252799,9294,44,-149
2026-08-02T00:16:01.158208+00:00,1785629757,11692,364 Langley Centre/Scottsdale,15252799,9293,45,-158
2026-08-02T00:16:01.158208+00:00,1785629757,11692,364 Langley Centre/Scottsdale,15252799,11126,46,-144
2026-08-02T00:16:01.158208+00:00,1785629757,11692,364 Langley Centre/Scottsdale,15252799,7094,47,-180
2026-08-02T00:16:01.158208+00:00,1785629757,11692,364 Langley Centre/Scottsdale,15252822,11178,35,-196
2026-08-02T00:16:01.158208+00:00,1785629757,11692,364 Langley Centre/Scottsdale,15252822,6459,36,-98
2026-08-02T00:16:01.158208+00:00,1785629757,11692,364 Langley Centre/Scottsdale,15252822,6460,37,-100
2026-08-02T00:16:01.158208+00:00,1785629757,11692,364 Langley Centre/Scottsdale,15252822,5621,38,-93
2026-08-02T00:16:01.158208+00:00,1785629757,11692,364 Langley Centre/Scottsdale,15252822,5622,39,-111
2026-08-02T00:16:01.158208+00:00,1785629757,11692,364 Langley Centre/Scottsdale,15252822,11122,40,-72
2026-08-02T00:16:01.158208+00:00,1785629757,11692,364 Langley Centre/Scottsdale,15252822,11155,41,-81
2026-08-02T00:16:01.158208+00:00,1785629757,11692,364 Langley Centre/Scottsdale,15252822,11143,42,-81
2026-08-02T00:16:01.158208+00:00,1785629757,11692,364 Langley Centre/Scottsdale,15252822,11141,43,-107
2026-08-02T00:16:01.158208+00:00,1785629757,11692,364 Langley Centre/Scottsdale,15252822,4936,44,-79
2026-08-02T00:16:01.158208+00:00,1785629757,11692,364 Langley Centre/Scottsdale,15252822,4937,45,-95
2026-08-02T00:16:01.158208+00:00,1785629757,11692,364 Langley Centre/Scottsdale,15252822,4938,46,-116
2026-08-02T00:16:01.158208+00:00,1785629757,11692,364 Langley Centre/Scottsdale,15252822,5229,47,-106
2026-08-02T00:16:01.158208+00:00,1785629757,11692,364 Langley Centre/Scottsdale,15252822,4917,48,-31
2026-08-02T00:16:01.158208+00:00,1785629757,11692,364 Langley Centre/Scottsdale,15252824,10633,21,-73
2026-08-02T00:16:01.158208+00:00,1785629757,11692,364 Langley Centre/Scottsdale,15252824,10149,22,-38
2026-08-02T00:16:01.158208+00:00,1785629757,11692,364 Langley Centre/Scottsdale,15252824,10587,23,-56
2026-08-02T00:16:01.158208+00:00,1785629757,11692,364 Langley Centre/Scottsdale,15252824,10261,24,-82
2026-08-02T00:16:01.158208+00:00,1785629757,11692,364 Langley Centre/Scottsdale,15252824,10586,25,-115
2026-08-02T00:16:01.158208+00:00,1785629757,11692,364 Langley Centre/Scottsdale,15252824,9547,26,-92
2026-08-02T00:16:01.158208+00:00,1785629757,11692,364 Langley Centre/Scottsdale,15252824,9526,27,-115
2026-08-02T00:16:01.158208+00:00,1785629757,11692,364 Langley Centre/Scottsdale,15252824,12646,28,-126
2026-08-02T00:16:01.158208+00:00,1785629757,11692,364 Langley Centre/Scottsdale,15252824,11075,29,-259
2026-08-02T00:16:01.158208+00:00,1785629757,11692,364 Langley Centre/Scottsdale,15252824,11174,30,-278
2026-08-02T00:16:01.158208+00:00,1785629757,11692,364 Langley Centre/Scottsdale,15252824,11175,31,-304
2026-08-02T00:16:01.158208+00:00,1785629757,11692,364 Langley Centre/Scottsdale,15252824,11123,32,-300
2026-08-02T00:16:01.158208+00:00,1785629757,11692,364 Langley Centre/Scottsdale,15252824,11176,33,-291
2026-08-02T00:16:01.158208+00:00,1785629757,11692,364 Langley Centre/Scottsdale,15252824,11177,34,-317
2026-08-02T00:16:01.158208+00:00,1785629757,11692,364 Langley Centre/Scottsdale,15252824,11178,35,-341
2026-08-02T00:16:01.158208+00:00,1785629757,11692,364 Langley Centre/Scottsdale,15252824,6459,36,-242
2026-08-02T00:16:01.158208+00:00,1785629757,11692,364 Langley Centre/Scottsdale,15252824,6460,37,-244
2026-08-02T00:16:01.158208+00:00,1785629757,11692,364 Langley Centre/Scottsdale,15252824,5621,38,-236
2026-08-02T00:16:01.158208+00:00,1785629757,11692,364 Langley Centre/Scottsdale,15252824,5622,39,-254
2026-08-02T00:16:01.158208+00:00,1785629757,11692,364 Langley Centre/Scottsdale,15252824,11122,40,-215
2026-08-02T00:16:01.158208+00:00,1785629757,11692,364 Langley Centre/Scottsdale,15252824,11155,41,-224
2026-08-02T00:16:01.158208+00:00,1785629757,11692,364 Langley Centre/Scottsdale,15252824,11143,42,-224
2026-08-02T00:16:01.158208+00:00,1785629757,11692,364 Langley Centre/Scottsdale,15252824,11141,43,-250
2026-08-02T00:16:01.158208+00:00,1785629757,11692,364 Langley Centre/Scottsdale,15252824,4936,44,-223
2026-08-02T00:16:01.158208+00:00,1785629757,11692,364 Langley Centre/Scottsdale,15252824,4937,45,-239
2026-08-02T00:16:01.158208+00:00,1785629757,11692,364 Langley Centre/Scottsdale,15252824,4938,46,-261
2026-08-02T00:16:01.158208+00:00,1785629757,11692,364 Langley Centre/Scottsdale,15252824,5229,47,-250
2026-08-02T00:16:01.158208+00:00,1785629757,11692,364 Langley Centre/Scottsdale,15252824,4917,48,-176
2026-08-02T00:16:01.158208+00:00,1785629757,11692,364 Langley Centre/Scottsdale,15252825,7096,2,-1025
2026-08-02T00:16:01.158208+00:00,1785629757,11692,364 Langley Centre/Scottsdale,15252825,7093,3,-1022
2026-08-02T00:16:01.158208+00:00,1785629757,11692,364 Langley Centre/Scottsdale,15252825,9291,4,-1117
2026-08-02T00:16:01.158208+00:00,1785629757,11692,364 Langley Centre/Scottsdale,15252825,9292,5,-1128
2026-08-02T00:16:01.158208+00:00,1785629757,11692,364 Langley Centre/Scottsdale,15252825,11264,6,-1131
2026-08-02T00:16:01.158208+00:00,1785629757,11692,364 Langley Centre/Scottsdale,15252825,9303,7,-1123
2026-08-02T00:16:01.158208+00:00,1785629757,11692,364 Langley Centre/Scottsdale,15252825,9304,8,-1130
2026-08-02T00:16:01.158208+00:00,1785629757,11692,364 Langley Centre/Scottsdale,15252825,6475,9,-1086
2026-08-02T00:16:01.158208+00:00,1785629757,11692,364 Langley Centre/Scottsdale,15252825,6476,10,-1106
2026-08-02T00:16:01.158208+00:00,1785629757,11692,364 Langley Centre/Scottsdale,15252825,5381,11,-1113
2026-08-02T00:16:01.158208+00:00,1785629757,11692,364 Langley Centre/Scottsdale,15252825,12496,12,-1111
2026-08-02T00:16:01.158208+00:00,1785629757,11692,364 Langley Centre/Scottsdale,15252825,5382,13,-1120
2026-08-02T00:16:01.158208+00:00,1785629757,11692,364 Langley Centre/Scottsdale,15252825,12516,14,-988
2026-08-02T00:16:01.158208+00:00,1785629757,11692,364 Langley Centre/Scottsdale,15252825,10257,15,-1025
2026-08-02T00:16:01.158208+00:00,1785629757,11692,364 Langley Centre/Scottsdale,15252825,10258,16,-1042
2026-08-02T00:16:01.158208+00:00,1785629757,11692,364 Langley Centre/Scottsdale,15252825,10259,17,-1081
2026-08-02T00:16:01.158208+00:00,1785629757,11692,364 Langley Centre/Scottsdale,15252825,10260,18,0
2026-08-02T00:16:01.158208+00:00,1785629757,11692,364 Langley Centre/Scottsdale,15252825,10729,19,-41
2026-08-02T00:16:01.158208+00:00,1785629757,11692,364 Langley Centre/Scottsdale,15252825,13067,20,-62
2026-08-02T00:16:01.158208+00:00,1785629757,11692,364 Langley Centre/Scottsdale,15252825,10633,21,-88
2026-08-02T00:16:01.158208+00:00,1785629757,11692,364 Langley Centre/Scottsdale,15252825,10149,22,-58
2026-08-02T00:16:01.158208+00:00,1785629757,11692,364 Langley Centre/Scottsdale,15252825,10587,23,-77
2026-08-02T00:16:01.158208+00:00,1785629757,11692,364 Langley Centre/Scottsdale,15252825,10261,24,-105
2026-08-02T00:16:01.158208+00:00,1785629757,11692,364 Langley Centre/Scottsdale,15252825,10586,25,-137
2026-08-02T00:16:01.158208+00:00,1785629757,11692,364 Langley Centre/Scottsdale,15252825,9547,26,-114
2026-08-02T00:16:01.158208+00:00,1785629757,11692,364 Langley Centre/Scottsdale,15252825,9526,27,-134
2026-08-02T00:16:01.158208+00:00,1785629757,11692,364 Langley Centre/Scottsdale,15252825,12646,28,-148
2026-08-02T00:16:01.158208+00:00,1785629757,11692,364 Langley Centre/Scottsdale,15252825,11075,29,-277
2026-08-02T00:16:01.158208+00:00,1785629757,11692,364 Langley Centre/Scottsdale,15252825,11174,30,-298
2026-08-02T00:16:01.158208+00:00,1785629757,11692,364 Langley Centre/Scottsdale,15252825,11175,31,-326
2026-08-02T00:16:01.158208+00:00,1785629757,11692,364 Langley Centre/Scottsdale,15252825,11123,32,-324
2026-08-02T00:16:01.158208+00:00,1785629757,11692,364 Langley Centre/Scottsdale,15252825,11176,33,-314
2026-08-02T00:16:01.158208+00:00,1785629757,11692,364 Langley Centre/Scottsdale,15252825,11177,34,-340
2026-08-02T00:16:01.158208+00:00,1785629757,11692,364 Langley Centre/Scottsdale,15252825,11178,35,-366
2026-08-02T00:16:01.158208+00:00,1785629757,11692,364 Langley Centre/Scottsdale,15252825,6459,36,-296
2026-08-02T00:16:01.158208+00:00,1785629757,11692,364 Langley Centre/Scottsdale,15252825,6460,37,-298
2026-08-02T00:16:01.158208+00:00,1785629757,11692,364 Langley Centre/Scottsdale,15252825,5621,38,-290
2026-08-02T00:16:01.158208+00:00,1785629757,11692,364 Langley Centre/Scottsdale,15252825,5622,39,-308
2026-08-02T00:16:01.158208+00:00,1785629757,11692,364 Langley Centre/Scottsdale,15252825,11122,40,-285
2026-08-02T00:16:01.158208+00:00,1785629757,11692,364 Langley Centre/Scottsdale,15252825,11155,41,-292
2026-08-02T00:16:01.158208+00:00,1785629757,11692,364 Langley Centre/Scottsdale,15252825,11143,42,-292
2026-08-02T00:16:01.158208+00:00,1785629757,11692,364 Langley Centre/Scottsdale,15252825,11141,43,-318
2026-08-02T00:16:01.158208+00:00,1785629757,11692,364 Langley Centre/Scottsdale,15252825,4936,44,-299
2026-08-02T00:16:01.158208+00:00,1785629757,11692,364 Langley Centre/Scottsdale,15252825,4937,45,-315
2026-08-02T00:16:01.158208+00:00,1785629757,11692,364 Langley Centre/Scottsdale,15252825,4938,46,-337
2026-08-02T00:16:01.158208+00:00,1785629757,11692,364 Langley Centre/Scottsdale,15252825,5229,47,-330
2026-08-02T00:16:01.158208+00:00,1785629757,11692,364 Langley Centre/Scottsdale,15252825,4917,48,-261
2026-08-02T00:16:01.158208+00:00,1785629757,11692,364 Langley Centre/Scottsdale,15252841,9291,4,-92
2026-08-02T00:16:01.158208+00:00,1785629757,11692,364 Langley Centre/Scottsdale,15252841,9292,5,-102
2026-08-02T00:16:01.158208+00:00,1785629757,11692,364 Langley Centre/Scottsdale,15252841,11264,6,-107
2026-08-02T00:16:01.158208+00:00,1785629757,11692,364 Langley Centre/Scottsdale,15252841,9303,7,-101
2026-08-02T00:16:01.158208+00:00,1785629757,11692,364 Langley Centre/Scottsdale,15252841,9304,8,-110
2026-08-02T00:16:01.158208+00:00,1785629757,11692,364 Langley Centre/Scottsdale,15252841,6475,9,-67
2026-08-02T00:16:01.158208+00:00,1785629757,11692,364 Langley Centre/Scottsdale,15252841,6476,10,-86
2026-08-02T00:16:01.158208+00:00,1785629757,11692,364 Langley Centre/Scottsdale,15252841,5381,11,-96
2026-08-02T00:16:01.158208+00:00,1785629757,11692,364 Langley Centre/Scottsdale,15252841,12496,12,-95
2026-08-02T00:16:01.158208+00:00,1785629757,11692,364 Langley Centre/Scottsdale,15252841,5382,13,-105
2026-08-02T00:16:01.158208+00:00,1785629757,11692,364 Langley Centre/Scottsdale,15252841,12516,14,22
2026-08-02T00:16:01.158208+00:00,1785629757,11692,364 Langley Centre/Scottsdale,15252841,10257,15,-18
2026-08-02T00:16:01.158208+00:00,1785629757,11692,364 Langley Centre/Scottsdale,15252841,10258,16,-36
2026-08-02T00:16:01.158208+00:00,1785629757,11692,364 Langley Centre/Scottsdale,15252841,10259,17,-79
2026-08-02T00:16:01.158208+00:00,1785629757,11692,364 Langley Centre/Scottsdale,15252841,10260,18,0
2026-08-02T00:16:01.158208+00:00,1785629757,11692,364 Langley Centre/Scottsdale,15252841,10729,19,-42
2026-08-02T00:16:01.158208+00:00,1785629757,11692,364 Langley Centre/Scottsdale,15252841,13067,20,-63
2026-08-02T00:16:01.158208+00:00,1785629757,11692,364 Langley Centre/Scottsdale,15252841,10633,21,-87
2026-08-02T00:16:01.158208+00:00,1785629757,11692,364 Langley Centre/Scottsdale,15252841,10149,22,-54
2026-08-02T00:16:01.158208+00:00,1785629757,11692,364 Langley Centre/Scottsdale,15252841,10587,23,-73
2026-08-02T00:16:01.158208+00:00,1785629757,11692,364 Langley Centre/Scottsdale,15252841,10261,24,-101
2026-08-02T00:16:01.158208+00:00,1785629757,11692,364 Langley Centre/Scottsdale,15252841,10586,25,-133
2026-08-02T00:16:01.158208+00:00,1785629757,11692,364 Langley Centre/Scottsdale,15252841,9547,26,-109
2026-08-02T00:16:01.158208+00:00,1785629757,11692,364 Langley Centre/Scottsdale,15252841,9526,27,-132
2026-08-02T00:16:01.158208+00:00,1785629757,11692,364 Langley Centre/Scottsdale,15252841,12646,28,-144
2026-08-02T00:16:01.158208+00:00,1785629757,11692,364 Langley Centre/Scottsdale,15252841,11075,29,-276
2026-08-02T00:16:01.158208+00:00,1785629757,11692,364 Langley Centre/Scottsdale,15252841,11174,30,-295
2026-08-02T00:16:01.158208+00:00,1785629757,11692,364 Langley Centre/Scottsdale,15252841,11175,31,-321
2026-08-02T00:16:01.158208+00:00,1785629757,11692,364 Langley Centre/Scottsdale,15252841,11123,32,-317
2026-08-02T00:16:01.158208+00:00,1785629757,11692,364 Langley Centre/Scottsdale,15252841,11176,33,-307
2026-08-02T00:16:01.158208+00:00,1785629757,11692,364 Langley Centre/Scottsdale,15252841,11177,34,-332
2026-08-02T00:16:01.158208+00:00,1785629757,11692,364 Langley Centre/Scottsdale,15252841,11178,35,-355
2026-08-02T00:16:01.158208+00:00,1785629757,11692,364 Langley Centre/Scottsdale,15252841,6459,36,-254
2026-08-02T00:16:01.158208+00:00,1785629757,11692,364 Langley Centre/Scottsdale,15252841,6460,37,-255
2026-08-02T00:16:01.158208+00:00,1785629757,11692,364 Langley Centre/Scottsdale,15252841,5621,38,-246
2026-08-02T00:16:01.158208+00:00,1785629757,11692,364 Langley Centre/Scottsdale,15252841,5622,39,-264
2026-08-02T00:16:01.158208+00:00,1785629757,11692,364 Langley Centre/Scottsdale,15252841,11122,40,-225
2026-08-02T00:16:01.158208+00:00,1785629757,11692,364 Langley Centre/Scottsdale,15252841,11155,41,-233
2026-08-02T00:16:01.158208+00:00,1785629757,11692,364 Langley Centre/Scottsdale,15252841,11143,42,-233
2026-08-02T00:16:01.158208+00:00,1785629757,11692,364 Langley Centre/Scottsdale,15252841,11141,43,-259
2026-08-02T00:16:01.158208+00:00,1785629757,11692,364 Langley Centre/Scottsdale,15252841,4936,44,-238
2026-08-02T00:16:01.158208+00:00,1785629757,11692,364 Langley Centre/Scottsdale,15252841,4937,45,-251
2026-08-02T00:16:01.158208+00:00,1785629757,11692,364 Langley Centre/Scottsdale,15252841,4938,46,-271
2026-08-02T00:16:01.158208+00:00,1785629757,11692,364 Langley Centre/Scottsdale,15252841,5229,47,-261
2026-08-02T00:16:01.158208+00:00,1785629757,11692,364 Langley Centre/Scottsdale,15252841,4917,48,-192
2026-08-02T00:16:01.158208+00:00,1785629757,18705,531 WhiteRock/WillowBrook,15259246,12925,26,-248
2026-08-02T00:16:01.158208+00:00,1785629757,18705,531 WhiteRock/WillowBrook,15259246,12928,27,-276
2026-08-02T00:16:01.158208+00:00,1785629757,18705,531 WhiteRock/WillowBrook,15259246,12930,28,-293
2026-08-02T00:16:01.158208+00:00,1785629757,18705,531 WhiteRock/WillowBrook,15259246,13042,29,-316
2026-08-02T00:16:01.158208+00:00,1785629757,18705,531 WhiteRock/WillowBrook,15259246,8936,30,-314
2026-08-02T00:16:01.158208+00:00,1785629757,18705,531 WhiteRock/WillowBrook,15259246,9030,31,-319
2026-08-02T00:16:01.158208+00:00,1785629757,18705,531 WhiteRock/WillowBrook,15259246,8937,32,-336
2026-08-02T00:16:01.158208+00:00,1785629757,18705,531 WhiteRock/WillowBrook,15259246,8938,33,-333
2026-08-02T00:16:01.158208+00:00,1785629757,18705,531 WhiteRock/WillowBrook,15259246,7081,34,-330
2026-08-02T00:16:01.158208+00:00,1785629757,18705,531 WhiteRock/WillowBrook,15259246,7082,35,-336
2026-08-02T00:16:01.158208+00:00,1785629757,18705,531 WhiteRock/WillowBrook,15259246,7083,36,-360
2026-08-02T00:16:01.158208+00:00,1785629757,18705,531 WhiteRock/WillowBrook,15259246,7084,37,-375
2026-08-02T00:16:01.158208+00:00,1785629757,18705,531 WhiteRock/WillowBrook,15259246,7085,38,-403
2026-08-02T00:16:01.158208+00:00,1785629757,18705,531 WhiteRock/WillowBrook,15259246,8939,39,-413
2026-08-02T00:16:01.158208+00:00,1785629757,18705,531 WhiteRock/WillowBrook,15259246,7086,40,-421
2026-08-02T00:16:01.158208+00:00,1785629757,18705,531 WhiteRock/WillowBrook,15259246,8940,41,-443
2026-08-02T00:16:01.158208+00:00,1785629757,18705,531 WhiteRock/WillowBrook,15259246,5341,42,-449
2026-08-02T00:16:01.158208+00:00,1785629757,18705,531 WhiteRock/WillowBrook,15259246,5342,43,-446
2026-08-02T00:16:01.158208+00:00,1785629757,18705,531 WhiteRock/WillowBrook,15259246,12293,44,-434
2026-08-02T00:16:01.158208+00:00,1785629757,18705,531 WhiteRock/WillowBrook,15259246,12173,45,-367
2026-08-02T00:16:01.158208+00:00,1785629757,18705,531 WhiteRock/WillowBrook,15259246,9291,46,-398
2026-08-02T00:16:01.158208+00:00,1785629757,18705,531 WhiteRock/WillowBrook,15259246,9292,47,-399
2026-08-02T00:16:01.158208+00:00,1785629757,18705,531 WhiteRock/WillowBrook,15259246,11264,48,-386
2026-08-02T00:16:01.158208+00:00,1785629757,18705,531 WhiteRock/WillowBrook,15259246,9303,49,-377
2026-08-02T00:16:01.158208+00:00,1785629757,18705,531 WhiteRock/WillowBrook,15259246,9304,50,-379
2026-08-02T00:16:01.158208+00:00,1785629757,18705,531 WhiteRock/WillowBrook,15259246,6475,51,-329
2026-08-02T00:16:01.158208+00:00,1785629757,18705,531 WhiteRock/WillowBrook,15259246,6476,52,-337
2026-08-02T00:16:01.158208+00:00,1785629757,18705,531 WhiteRock/WillowBrook,15259246,5335,53,-324
2026-08-02T00:16:01.158208+00:00,1785629757,18705,531 WhiteRock/WillowBrook,15259246,7100,54,-285
2026-08-02T00:16:01.158208+00:00,1785629757,18705,531 WhiteRock/WillowBrook,15259282,11735,45,-128
2026-08-02T00:16:01.158208+00:00,1785629757,18705,531 WhiteRock/WillowBrook,15259282,11756,46,-122
2026-08-02T00:16:01.158208+00:00,1785629757,18705,531 WhiteRock/WillowBrook,15259282,5535,47,-89
2026-08-02T00:16:01.158208+00:00,1785629757,18705,531 WhiteRock/WillowBrook,15259282,5536,48,-101
2026-08-02T00:16:01.158208+00:00,1785629757,18705,531 WhiteRock/WillowBrook,15259282,5537,49,-100
2026-08-02T00:16:01.158208+00:00,1785629757,18705,531 WhiteRock/WillowBrook,15259282,5538,50,-104
2026-08-02T00:16:01.158208+00:00,1785629757,18705,531 WhiteRock/WillowBrook,15259282,5539,51,-83
2026-08-02T00:16:01.158208+00:00,1785629757,18705,531 WhiteRock/WillowBrook,15259282,5540,52,-69
2026-08-02T00:16:01.158208+00:00,1785629757,18705,531 WhiteRock/WillowBrook,15259283,10747,12,243
2026-08-02T00:16:01.158208+00:00,1785629757,18705,531 WhiteRock/WillowBrook,15259283,5364,13,251
2026-08-02T00:16:01.158208+00:00,1785629757,18705,531 WhiteRock/WillowBrook,15259283,11775,14,282
2026-08-02T00:16:01.158208+00:00,1785629757,18705,531 WhiteRock/WillowBrook,15259283,7171,15,267
2026-08-02T00:16:01.158208+00:00,1785629757,18705,531 WhiteRock/WillowBrook,15259283,7172,16,241
2026-08-02T00:16:01.158208+00:00,1785629757,18705,531 WhiteRock/WillowBrook,15259283,7173,17,234
2026-08-02T00:16:01.158208+00:00,1785629757,18705,531 WhiteRock/WillowBrook,15259283,7174,18,209
2026-08-02T00:16:01.158208+00:00,1785629757,18705,531 WhiteRock/WillowBrook,15259283,7175,19,202
2026-08-02T00:16:01.158208+00:00,1785629757,18705,531 WhiteRock/WillowBrook,15259283,7176,20,186
2026-08-02T00:16:01.158208+00:00,1785629757,18705,531 WhiteRock/WillowBrook,15259283,7177,21,196
2026-08-02T00:16:01.158208+00:00,1785629757,18705,531 WhiteRock/WillowBrook,15259283,8948,22,182
2026-08-02T00:16:01.158208+00:00,1785629757,18705,531 WhiteRock/WillowBrook,15259283,9031,23,169
2026-08-02T00:16:01.158208+00:00,1785629757,18705,531 WhiteRock/WillowBrook,15259283,12931,24,171
2026-08-02T00:16:01.158208+00:00,1785629757,18705,531 WhiteRock/WillowBrook,15259283,13041,25,162
2026-08-02T00:16:01.158208+00:00,1785629757,18705,531 WhiteRock/WillowBrook,15259283,12929,26,157
2026-08-02T00:16:01.158208+00:00,1785629757,18705,531 WhiteRock/WillowBrook,15259283,12927,27,133
2026-08-02T00:16:01.158208+00:00,1785629757,18705,531 WhiteRock/WillowBrook,15259283,12926,28,146
2026-08-02T00:16:01.158208+00:00,1785629757,18705,531 WhiteRock/WillowBrook,15259283,12924,29,121
2026-08-02T00:16:01.158208+00:00,1785629757,18705,531 WhiteRock/WillowBrook,15259283,11751,30,121
2026-08-02T00:16:01.158208+00:00,1785629757,18705,531 WhiteRock/WillowBrook,15259283,11750,31,89
2026-08-02T00:16:01.158208+00:00,1785629757,18705,531 WhiteRock/WillowBrook,15259283,11747,32,75
2026-08-02T00:16:01.158208+00:00,1785629757,18705,531 WhiteRock/WillowBrook,15259283,11745,33,65
2026-08-02T00:16:01.158208+00:00,1785629757,18705,531 WhiteRock/WillowBrook,15259283,13040,34,61
2026-08-02T00:16:01.158208+00:00,1785629757,18705,531 WhiteRock/WillowBrook,15259283,12598,35,45
2026-08-02T00:16:01.158208+00:00,1785629757,18705,531 WhiteRock/WillowBrook,15259283,11920,36,-1
2026-08-02T00:16:01.158208+00:00,1785629757,18705,531 WhiteRock/WillowBrook,15259283,13130,37,-28
2026-08-02T00:16:01.158208+00:00,1785629757,18705,531 WhiteRock/WillowBrook,15259283,11925,38,-54
2026-08-02T00:16:01.158208+00:00,1785629757,18705,531 WhiteRock/WillowBrook,15259283,12219,39,-84
2026-08-02T00:16:01.158208+00:00,1785629757,18705,531 WhiteRock/WillowBrook,15259283,11741,40,-198
2026-08-02T00:16:01.158208+00:00,1785629757,18705,531 WhiteRock/WillowBrook,15259283,11740,41,-203
2026-08-02T00:16:01.158208+00:00,1785629757,18705,531 WhiteRock/WillowBrook,15259283,11739,42,-150
2026-08-02T00:16:01.158208+00:00,1785629757,18705,531 WhiteRock/WillowBrook,15259283,11737,43,-105
2026-08-02T00:16:01.158208+00:00,1785629757,18705,531 WhiteRock/WillowBrook,15259283,11757,44,-126
2026-08-02T00:16:01.158208+00:00,1785629757,18705,531 WhiteRock/WillowBrook,15259283,11735,45,-89
2026-08-02T00:16:01.158208+00:00,1785629757,18705,531 WhiteRock/WillowBrook,15259283,11756,46,-83
2026-08-02T00:16:01.158208+00:00,1785629757,18705,531 WhiteRock/WillowBrook,15259283,5535,47,-51
2026-08-02T00:16:01.158208+00:00,1785629757,18705,531 WhiteRock/WillowBrook,15259283,5536,48,-68
2026-08-02T00:16:01.158208+00:00,1785629757,18705,531 WhiteRock/WillowBrook,15259283,5537,49,-63
2026-08-02T00:16:01.158208+00:00,1785629757,18705,531 WhiteRock/WillowBrook,15259283,5538,50,-68
2026-08-02T00:16:01.158208+00:00,1785629757,18705,531 WhiteRock/WillowBrook,15259283,5539,51,-48
2026-08-02T00:16:01.158208+00:00,1785629757,18705,531 WhiteRock/WillowBrook,15259283,5540,52,-33
2026-08-02T00:16:01.158208+00:00,1785629757,18705,531 WhiteRock/WillowBrook,15259292,11754,1,0
2026-08-02T00:16:01.158208+00:00,1785629757,18705,531 WhiteRock/WillowBrook,15259292,6473,2,-1023
2026-08-02T00:16:01.158208+00:00,1785629757,18705,531 WhiteRock/WillowBrook,15259292,6474,3,-1020
2026-08-02T00:16:01.158208+00:00,1785629757,18705,531 WhiteRock/WillowBrook,15259292,9306,4,-965
2026-08-02T00:16:01.158208+00:00,1785629757,18705,531 WhiteRock/WillowBrook,15259292,11125,5,-968
2026-08-02T00:16:01.158208+00:00,1785629757,18705,531 WhiteRock/WillowBrook,15259292,9294,6,-945
2026-08-02T00:16:01.158208+00:00,1785629757,18705,531 WhiteRock/WillowBrook,15259292,9293,7,-951
2026-08-02T00:16:01.158208+00:00,1785629757,18705,531 WhiteRock/WillowBrook,15259292,11126,8,-936
2026-08-02T00:16:01.158208+00:00,1785629757,18705,531 WhiteRock/WillowBrook,15259292,7094,9,-954
2026-08-02T00:16:01.158208+00:00,1785629757,18705,531 WhiteRock/WillowBrook,15259292,7166,10,-966
2026-08-02T00:16:01.158208+00:00,1785629757,18705,531 WhiteRock/WillowBrook,15259292,7092,11,-906
2026-08-02T00:16:01.158208+00:00,1785629757,18705,531 WhiteRock/WillowBrook,15259292,10747,12,-886
2026-08-02T00:16:01.158208+00:00,1785629757,18705,531 WhiteRock/WillowBrook,15259292,5364,13,-876
2026-08-02T00:16:01.158208+00:00,1785629757,18705,531 WhiteRock/WillowBrook,15259292,11775,14,-847
2026-08-02T00:16:01.158208+00:00,1785629757,18705,531 WhiteRock/WillowBrook,15259292,7171,15,-861
2026-08-02T00:16:01.158208+00:00,1785629757,18705,531 WhiteRock/WillowBrook,15259292,7172,16,-886
2026-08-02T00:16:01.158208+00:00,1785629757,18705,531 WhiteRock/WillowBrook,15259292,7173,17,-892
2026-08-02T00:16:01.158208+00:00,1785629757,18705,531 WhiteRock/WillowBrook,15259292,7174,18,-915
2026-08-02T00:16:01.158208+00:00,1785629757,18705,531 WhiteRock/WillowBrook,15259292,7175,19,-920
2026-08-02T00:16:01.158208+00:00,1785629757,18705,531 WhiteRock/WillowBrook,15259292,7176,20,-934
2026-08-02T00:16:01.158208+00:00,1785629757,18705,531 WhiteRock/WillowBrook,15259292,7177,21,-923
2026-08-02T00:16:01.158208+00:00,1785629757,18705,531 WhiteRock/WillowBrook,15259292,8948,22,-936
2026-08-02T00:16:01.158208+00:00,1785629757,18705,531 WhiteRock/WillowBrook,15259292,9031,23,-948
2026-08-02T00:16:01.158208+00:00,1785629757,18705,531 WhiteRock/WillowBrook,15259292,12931,24,-945
2026-08-02T00:16:01.158208+00:00,1785629757,18705,531 WhiteRock/WillowBrook,15259292,13041,25,-952
2026-08-02T00:16:01.158208+00:00,1785629757,18705,531 WhiteRock/WillowBrook,15259292,12929,26,-955
2026-08-02T00:16:01.158208+00:00,1785629757,18705,531 WhiteRock/WillowBrook,15259292,12927,27,-978
2026-08-02T00:16:01.158208+00:00,1785629757,18705,531 WhiteRock/WillowBrook,15259292,12926,28,-962
2026-08-02T00:16:01.158208+00:00,1785629757,18705,531 WhiteRock/WillowBrook,15259292,12924,29,-985
2026-08-02T00:16:01.158208+00:00,1785629757,18705,531 WhiteRock/WillowBrook,15259292,11751,30,-982
2026-08-02T00:16:01.158208+00:00,1785629757,18705,531 WhiteRock/WillowBrook,15259292,11750,31,-1012
2026-08-02T00:16:01.158208+00:00,1785629757,18705,531 WhiteRock/WillowBrook,15259292,11747,32,-1022
2026-08-02T00:16:01.158208+00:00,1785629757,18705,531 WhiteRock/WillowBrook,15259292,11745,33,-1033
2026-08-02T00:16:01.158208+00:00,1785629757,18705,531 WhiteRock/WillowBrook,15259292,13040,34,-1035
2026-08-02T00:16:01.158208+00:00,1785629757,18705,531 WhiteRock/WillowBrook,15259292,12598,35,-1049
2026-08-02T00:16:01.158208+00:00,1785629757,18705,531 WhiteRock/WillowBrook,15259292,11920,36,-1091
2026-08-02T00:16:01.158208+00:00,1785629757,18705,531 WhiteRock/WillowBrook,15259292,13130,37,-1116
2026-08-02T00:16:01.158208+00:00,1785629757,18705,531 WhiteRock/WillowBrook,15259292,11925,38,-1140
2026-08-02T00:16:01.158208+00:00,1785629757,18705,531 WhiteRock/WillowBrook,15259292,12219,39,-1166
2026-08-02T00:16:01.158208+00:00,1785629757,18705,531 WhiteRock/WillowBrook,15259292,11741,40,-1269
2026-08-02T00:16:01.158208+00:00,1785629757,18705,531 WhiteRock/WillowBrook,15259292,11740,41,-1271
2026-08-02T00:16:01.158208+00:00,1785629757,18705,531 WhiteRock/WillowBrook,15259292,11739,42,-1216
2026-08-02T00:16:01.158208+00:00,1785629757,18705,531 WhiteRock/WillowBrook,15259292,11737,43,-1169
2026-08-02T00:16:01.158208+00:00,1785629757,18705,531 WhiteRock/WillowBrook,15259292,11757,44,-1188
2026-08-02T00:16:01.158208+00:00,1785629757,18705,531 WhiteRock/WillowBrook,15259292,11735,45,-1150
2026-08-02T00:16:01.158208+00:00,1785629757,18705,531 WhiteRock/WillowBrook,15259292,11756,46,-1147
2026-08-02T00:16:01.158208+00:00,1785629757,18705,531 WhiteRock/WillowBrook,15259292,5535,47,-1112
2026-08-02T00:16:01.158208+00:00,1785629757,18705,531 WhiteRock/WillowBrook,15259292,5536,48,-1122
2026-08-02T00:16:01.158208+00:00,1785629757,18705,531 WhiteRock/WillowBrook,15259292,5537,49,-1126
2026-08-02T00:16:01.158208+00:00,1785629757,18705,531 WhiteRock/WillowBrook,15259292,5538,50,-1130
2026-08-02T00:16:01.158208+00:00,1785629757,18705,531 WhiteRock/WillowBrook,15259292,5539,51,-1111
2026-08-02T00:16:01.158208+00:00,1785629757,18705,531 WhiteRock/WillowBrook,15259292,5540,52,-1097
