captured_at,feed_timestamp,route_id,route_label,trip_id,stop_id,stop_sequence,delay_seconds
2026-08-01T00:00:55.475716+00:00,1785542442,6705,321 Surrey Central/WhiteRock,15247048,11882,56,454
2026-08-01T00:00:55.475716+00:00,1785542442,6705,321 Surrey Central/WhiteRock,15247048,10442,57,536
2026-08-01T00:00:55.475716+00:00,1785542442,6705,321 Surrey Central/WhiteRock,15247048,9929,58,558
2026-08-01T00:00:55.475716+00:00,1785542442,6705,321 Surrey Central/WhiteRock,15247048,9930,59,500
2026-08-01T00:00:55.475716+00:00,1785542442,6705,321 Surrey Central/WhiteRock,15247048,9932,60,409
2026-08-01T00:00:55.475716+00:00,1785542442,6705,321 Surrey Central/WhiteRock,15247049,5040,53,-51
2026-08-01T00:00:55.475716+00:00,1785542442,6705,321 Surrey Central/WhiteRock,15247049,5041,54,-42
2026-08-01T00:00:55.475716+00:00,1785542442,6705,321 Surrey Central/WhiteRock,15247049,12155,55,-30
2026-08-01T00:00:55.475716+00:00,1785542442,6705,321 Surrey Central/WhiteRock,15247049,11882,56,10
2026-08-01T00:00:55.475716+00:00,1785542442,6705,321 Surrey Central/WhiteRock,15247049,10442,57,92
2026-08-01T00:00:55.475716+00:00,1785542442,6705,321 Surrey Central/WhiteRock,15247049,9929,58,114
2026-08-01T00:00:55.475716+00:00,1785542442,6705,321 Surrey Central/WhiteRock,15247049,9930,59,56
2026-08-01T00:00:55.475716+00:00,1785542442,6705,321 Surrey Central/WhiteRock,15247049,9932,60,-35
2026-08-01T00:00:55.475716+00:00,1785542442,6705,321 Surrey Central/WhiteRock,15247050,5470,44,-4
2026-08-01T00:00:55.475716+00:00,1785542442,6705,321 Surrey Central/WhiteRock,15247050,5471,45,-37
2026-08-01T00:00:55.475716+00:00,1785542442,6705,321 Surrey Central/WhiteRock,15247050,5472,46,-64
2026-08-01T00:00:55.475716+00:00,1785542442,6705,321 Surrey Central/WhiteRock,15247050,5473,47,-116
2026-08-01T00:00:55.475716+00:00,1785542442,6705,321 Surrey Central/WhiteRock,15247050,5474,48,-120
2026-08-01T00:00:55.475716+00:00,1785542442,6705,321 Surrey Central/WhiteRock,15247050,5475,49,-168
2026-08-01T00:00:55.475716+00:00,1785542442,6705,321 Surrey Central/WhiteRock,15247050,5476,50,-196
2026-08-01T00:00:55.475716+00:00,1785542442,6705,321 Surrey Central/WhiteRock,15247050,5477,51,-218
2026-08-01T00:00:55.475716+00:00,1785542442,6705,321 Surrey Central/WhiteRock,15247050,11725,52,-244
2026-08-01T00:00:55.475716+00:00,1785542442,6705,321 Surrey Central/WhiteRock,15247050,5040,53,-228
2026-08-01T00:00:55.475716+00:00,1785542442,6705,321 Surrey Central/WhiteRock,15247050,5041,54,-222
2026-08-01T00:00:55.475716+00:00,1785542442,6705,321 Surrey Central/WhiteRock,15247050,12155,55,-210
2026-08-01T00:00:55.475716+00:00,1785542442,6705,321 Surrey Central/WhiteRock,15247050,11882,56,0
2026-08-01T00:00:55.475716+00:00,1785542442,6705,321 Surrey Central/WhiteRock,15247050,10442,57,81
2026-08-01T00:00:55.475716+00:00,1785542442,6705,321 Surrey Central/WhiteRock,15247050,9929,58,101
2026-08-01T00:00:55.475716+00:00,1785542442,6705,321 Surrey Central/WhiteRock,15247050,9930,59,43
2026-08-01T00:00:55.475716+00:00,1785542442,6705,321 Surrey Central/WhiteRock,15247050,9932,60,-50
2026-08-01T00:00:55.475716+00:00,1785542442,6705,321 Surrey Central/WhiteRock,15247051,5700,38,0
2026-08-01T00:00:55.475716+00:00,1785542442,6705,321 Surrey Central/WhiteRock,15247051,5465,39,-2
2026-08-01T00:00:55.475716+00:00,1785542442,6705,321 Surrey Central/WhiteRock,15247051,5466,40,-47
2026-08-01T00:00:55.475716+00:00,1785542442,6705,321 Surrey Central/WhiteRock,15247051,5467,41,-33
2026-08-01T00:00:55.475716+00:00,1785542442,6705,321 Surrey Central/WhiteRock,15247051,5468,42,-59
2026-08-01T00:00:55.475716+00:00,1785542442,6705,321 Surrey Central/WhiteRock,15247051,5469,43,-67
2026-08-01T00:00:55.475716+00:00,1785542442,6705,321 Surrey Central/WhiteRock,15247051,5470,44,-92
2026-08-01T00:00:55.475716+00:00,1785542442,6705,321 Surrey Central/WhiteRock,15247051,5471,45,-126
2026-08-01T00:00:55.475716+00:00,1785542442,6705,321 Surrey Central/WhiteRock,15247051,5472,46,-153
2026-08-01T00:00:55.475716+00:00,1785542442,6705,321 Surrey Central/WhiteRock,15247051,5473,47,-205
2026-08-01T00:00:55.475716+00:00,1785542442,6705,321 Surrey Central/WhiteRock,15247051,5474,48,-209
2026-08-01T00:00:55.475716+00:00,1785542442,6705,321 Surrey Central/WhiteRock,15247051,5475,49,-257
2026-08-01T00:00:55.475716+00:00,1785542442,6705,321 Surrey Central/WhiteRock,15247051,5476,50,-283
2026-08-01T00:00:55.475716+00:00,1785542442,6705,321 Surrey Central/WhiteRock,15247051,5477,51,-305
2026-08-01T00:00:55.475716+00:00,1785542442,6705,321 Surrey Central/WhiteRock,15247051,11725,52,-331
2026-08-01T00:00:55.475716+00:00,1785542442,6705,321 Surrey Central/WhiteRock,15247051,5040,53,-316
2026-08-01T00:00:55.475716+00:00,1785542442,6705,321 Surrey Central/WhiteRock,15247051,5041,54,-308
2026-08-01T00:00:55.475716+00:00,1785542442,6705,321 Surrey Central/WhiteRock,15247051,12155,55,-296
2026-08-01T00:00:55.475716+00:00,1785542442,6705,321 Surrey Central/WhiteRock,15247051,11882,56,0
2026-08-01T00:00:55.475716+00:00,1785542442,6705,321 Surrey Central/WhiteRock,15247051,10442,57,93
2026-08-01T00:00:55.475716+00:00,1785542442,6705,321 Surrey Central/WhiteRock,15247051,9929,58,121
2026-08-01T00:00:55.475716+00:00,1785542442,6705,321 Surrey Central/WhiteRock,15247051,9930,59,71
2026-08-01T00:00:55.475716+00:00,1785542442,6705,321 Surrey Central/WhiteRock,15247051,9932,60,-14
2026-08-01T00:00:55.475716+00:00,1785542442,6705,321 Surrey Central/WhiteRock,15247052,5440,13,112
2026-08-01T00:00:55.475716+00:00,1785542442,6705,321 Surrey Central/WhiteRock,15247052,5441,14,131
2026-08-01T00:00:55.475716+00:00,1785542442,6705,321 Surrey Central/WhiteRock,15247052,5442,15,106
2026-08-01T00:00:55.475716+00:00,1785542442,6705,321 Surrey Central/WhiteRock,15247052,5444,16,114
2026-08-01T00:00:55.475716+00:00,1785542442,6705,321 Surrey Central/WhiteRock,15247052,9083,17,88
2026-08-01T00:00:55.475716+00:00,1785542442,6705,321 Surrey Central/WhiteRock,15247052,5446,18,99
2026-08-01T00:00:55.475716+00:00,1785542442,6705,321 Surrey Central/WhiteRock,15247052,10445,19,92
2026-08-01T00:00:55.475716+00:00,1785542442,6705,321 Surrey Central/WhiteRock,15247052,5447,20,55
2026-08-01T00:00:55.475716+00:00,1785542442,6705,321 Surrey Central/WhiteRock,15247052,5448,21,55
2026-08-01T00:00:55.475716+00:00,1785542442,6705,321 Surrey Central/WhiteRock,15247052,10437,22,56
2026-08-01T00:00:55.475716+00:00,1785542442,6705,321 Surrey Central/WhiteRock,15247052,5449,23,0
2026-08-01T00:00:55.475716+00:00,1785542442,6705,321 Surrey Central/WhiteRock,15247052,11313,24,-42
2026-08-01T00:00:55.475716+00:00,1785542442,6705,321 Surrey Central/WhiteRock,15247052,10808,25,-191
2026-08-01T00:00:55.475716+00:00,1785542442,6705,321 Surrey Central/WhiteRock,15247052,5452,26,-259
2026-08-01T00:00:55.475716+00:00,1785542442,6705,321 Surrey Central/WhiteRock,15247052,11913,27,-279
2026-08-01T00:00:55.475716+00:00,1785542442,6705,321 Surrey Central/WhiteRock,15247052,5454,28,-290
2026-08-01T00:00:55.475716+00:00,1785542442,6705,321 Surrey Central/WhiteRock,15247052,5455,29,-291
2026-08-01T00:00:55.475716+00:00,1785542442,6705,321 Surrey Central/WhiteRock,15247052,5456,30,-181
2026-08-01T00:00:55.475716+00:00,1785542442,6705,321 Surrey Central/WhiteRock,15247052,12651,31,-210
2026-08-01T00:00:55.475716+00:00,1785542442,6705,321 Surrey Central/WhiteRock,15247052,5458,32,-210
2026-08-01T00:00:55.475716+00:00,1785542442,6705,321 Surrey Central/WhiteRock,15247052,5459,33,-203
2026-08-01T00:00:55.475716+00:00,1785542442,6705,321 Surrey Central/WhiteRock,15247052,5460,34,-210
2026-08-01T00:00:55.475716+00:00,1785542442,6705,321 Surrey Central/WhiteRock,15247052,5461,35,-220
2026-08-01T00:00:55.475716+00:00,1785542442,6705,321 Surrey Central/WhiteRock,15247052,5462,36,-227
2026-08-01T00:00:55.475716+00:00,1785542442,6705,321 Surrey Central/WhiteRock,15247052,5463,37,-170
2026-08-01T00:00:55.475716+00:00,1785542442,6705,321 Surrey Central/WhiteRock,15247052,5700,38,0
2026-08-01T00:00:55.475716+00:00,1785542442,6705,321 Surrey Central/WhiteRock,15247052,5465,39,-2
2026-08-01T00:00:55.475716+00:00,1785542442,6705,321 Surrey Central/WhiteRock,15247052,5466,40,-48
2026-08-01T00:00:55.475716+00:00,1785542442,6705,321 Surrey Central/WhiteRock,15247052,5467,41,-35
2026-08-01T00:00:55.475716+00:00,1785542442,6705,321 Surrey Central/WhiteRock,15247052,5468,42,-64
2026-08-01T00:00:55.475716+00:00,1785542442,6705,321 Surrey Central/WhiteRock,15247052,5469,43,-80
2026-08-01T00:00:55.475716+00:00,1785542442,6705,321 Surrey Central/WhiteRock,15247052,5470,44,-105
2026-08-01T00:00:55.475716+00:00,1785542442,6705,321 Surrey Central/WhiteRock,15247052,5471,45,-138
2026-08-01T00:00:55.475716+00:00,1785542442,6705,321 Surrey Central/WhiteRock,15247052,5472,46,-165
2026-08-01T00:00:55.475716+00:00,1785542442,6705,321 Surrey Central/WhiteRock,15247052,5473,47,-217
2026-08-01T00:00:55.475716+00:00,1785542442,6705,321 Surrey Central/WhiteRock,15247052,5474,48,-221
2026-08-01T00:00:55.475716+00:00,1785542442,6705,321 Surrey Central/WhiteRock,15247052,5475,49,-269
2026-08-01T00:00:55.475716+00:00,1785542442,6705,321 Surrey Central/WhiteRock,15247052,5476,50,-297
2026-08-01T00:00:55.475716+00:00,1785542442,6705,321 Surrey Central/WhiteRock,15247052,5477,51,-319
2026-08-01T00:00:55.475716+00:00,1785542442,6705,321 Surrey Central/WhiteRock,15247052,11725,52,-345
2026-08-01T00:00:55.475716+00:00,1785542442,6705,321 Surrey Central/WhiteRock,15247052,5040,53,-331
2026-08-01T00:00:55.475716+00:00,1785542442,6705,321 Surrey Central/WhiteRock,15247052,5041,54,-323
2026-08-01T00:00:55.475716+00:00,1785542442,6705,321 Surrey Central/WhiteRock,15247052,12155,55,-311
2026-08-01T00:00:55.475716+00:00,1785542442,6705,321 Surrey Central/WhiteRock,15247052,11882,56,0
2026-08-01T00:00:55.475716+00:00,1785542442,6705,321 Surrey Central/WhiteRock,15247052,10442,57,91
2026-08-01T00:00:55.475716+00:00,1785542442,6705,321 Surrey Central/WhiteRock,15247052,9929,58,103
2026-08-01T00:00:55.475716+00:00,1785542442,6705,321 Surrey Central/WhiteRock,15247052,9930,59,55
2026-08-01T00:00:55.475716+00:00,1785542442,6705,321 Surrey Central/WhiteRock,15247052,9932,60,-23
2026-08-01T00:00:55.475716+00:00,1785542442,6705,321 Surrey Central/WhiteRock,15247053,6197,1,0
2026-08-01T00:00:55.475716+00:00,1785542442,6705,321 Surrey Central/WhiteRock,15247053,6200,4,-149
2026-08-01T00:00:55.475716+00:00,1785542442,6705,321 Surrey Central/WhiteRock,15247053,6201,5,-155
2026-08-01T00:00:55.475716+00:00,1785542442,6705,321 Surrey Central/WhiteRock,15247053,6354,6,-138
2026-08-01T00:00:55.475716+00:00,1785542442,6705,321 Surrey Central/WhiteRock,15247053,6355,7,-151
2026-08-01T00:00:55.475716+00:00,1785542442,6705,321 Surrey Central/WhiteRock,15247053,6356,8,-159
2026-08-01T00:00:55.475716+00:00,1785542442,6705,321 Surrey Central/WhiteRock,15247053,6174,9,-96
2026-08-01T00:00:55.475716+00:00,1785542442,6705,321 Surrey Central/WhiteRock,15247053,5437,10,-85
2026-08-01T00:00:55.475716+00:00,1785542442,6705,321 Surrey Central/WhiteRock,15247053,5438,11,-90
2026-08-01T00:00:55.475716+00:00,1785542442,6705,321 Surrey Central/WhiteRock,15247053,5439,12,-59
2026-08-01T00:00:55.475716+00:00,1785542442,6705,321 Surrey Central/WhiteRock,15247053,5440,13,-81
2026-08-01T00:00:55.475716+00:00,1785542442,6705,321 Surrey Central/WhiteRock,15247053,5441,14,-83
2026-08-01T00:00:55.475716+00:00,1785542442,6705,321 Surrey Central/WhiteRock,15247053,5442,15,-107
2026-08-01T00:00:55.475716+00:00,1785542442,6705,321 Surrey Central/WhiteRock,15247053,5444,16,-100
2026-08-01T00:00:55.475716+00:00,1785542442,6705,321 Surrey Central/WhiteRock,15247053,9083,17,-125
2026-08-01T00:00:55.475716+00:00,1785542442,6705,321 Surrey Central/WhiteRock,15247053,5446,18,-117
2026-08-01T00:00:55.475716+00:00,1785542442,6705,321 Surrey Central/WhiteRock,15247053,10445,19,-124
2026-08-01T00:00:55.475716+00:00,1785542442,6705,321 Surrey Central/WhiteRock,15247053,5447,20,-159
2026-08-01T00:00:55.475716+00:00,1785542442,6705,321 Surrey Central/WhiteRock,15247053,5448,21,-158
2026-08-01T00:00:55.475716+00:00,1785542442,6705,321 Surrey Central/WhiteRock,15247053,10437,22,-163
2026-08-01T00:00:55.475716+00:00,1785542442,6705,321 Surrey Central/WhiteRock,15247053,5449,23,-219
2026-08-01T00:00:55.475716+00:00,1785542442,6705,321 Surrey Central/WhiteRock,15247053,11313,24,-261
2026-08-01T00:00:55.475716+00:00,1785542442,6705,321 Surrey Central/WhiteRock,15247053,10808,25,-410
2026-08-01T00:00:55.475716+00:00,1785542442,6705,321 Surrey Central/WhiteRock,15247053,5452,26,-477
2026-08-01T00:00:55.475716+00:00,1785542442,6705,321 Surrey Central/WhiteRock,15247053,11913,27,-496
2026-08-01T00:00:55.475716+00:00,1785542442,6705,321 Surrey Central/WhiteRock,15247053,5454,28,-508
2026-08-01T00:00:55.475716+00:00,1785542442,6705,321 Surrey Central/WhiteRock,15247053,5455,29,-509
2026-08-01T00:00:55.475716+00:00,1785542442,6705,321 Surrey Central/WhiteRock,15247053,5456,30,-399
2026-08-01T00:00:55.475716+00:00,1785542442,6705,321 Surrey Central/WhiteRock,15247053,12651,31,-428
2026-08-01T00:00:55.475716+00:00,1785542442,6705,321 Surrey Central/WhiteRock,15247053,5458,32,-430
2026-08-01T00:00:55.475716+00:00,1785542442,6705,321 Surrey Central/WhiteRock,15247053,5459,33,-423
2026-08-01T00:00:55.475716+00:00,1785542442,6705,321 Surrey Central/WhiteRock,15247053,5460,34,-430
2026-08-01T00:00:55.475716+00:00,1785542442,6705,321 Surrey Central/WhiteRock,15247053,5461,35,-440
2026-08-01T00:00:55.475716+00:00,1785542442,6705,321 Surrey Central/WhiteRock,15247053,5462,36,-445
2026-08-01T00:00:55.475716+00:00,1785542442,6705,321 Surrey Central/WhiteRock,15247053,5463,37,-380
2026-08-01T00:00:55.475716+00:00,1785542442,6705,321 Surrey Central/WhiteRock,15247053,5700,38,0
2026-08-01T00:00:55.475716+00:00,1785542442,6705,321 Surrey Central/WhiteRock,15247053,5465,39,-2
2026-08-01T00:00:55.475716+00:00,1785542442,6705,321 Surrey Central/WhiteRock,15247053,5466,40,-48
2026-08-01T00:00:55.475716+00:00,1785542442,6705,321 Surrey Central/WhiteRock,15247053,5467,41,-35
2026-08-01T00:00:55.475716+00:00,1785542442,6705,321 Surrey Central/WhiteRock,15247053,5468,42,-64
2026-08-01T00:00:55.475716+00:00,1785542442,6705,321 Surrey Central/WhiteRock,15247053,5469,43,-99
2026-08-01T00:00:55.475716+00:00,1785542442,6705,321 Surrey Central/WhiteRock,15247053,5470,44,-124
2026-08-01T00:00:55.475716+00:00,1785542442,6705,321 Surrey Central/WhiteRock,15247053,5471,45,-157
2026-08-01T00:00:55.475716+00:00,1785542442,6705,321 Surrey Central/WhiteRock,15247053,5472,46,-184
2026-08-01T00:00:55.475716+00:00,1785542442,6705,321 Surrey Central/WhiteRock,15247053,5473,47,-236
2026-08-01T00:00:55.475716+00:00,1785542442,6705,321 Surrey Central/WhiteRock,15247053,5474,48,-240
2026-08-01T00:00:55.475716+00:00,1785542442,6705,321 Surrey Central/WhiteRock,15247053,5475,49,-288
2026-08-01T00:00:55.475716+00:00,1785542442,6705,321 Surrey Central/WhiteRock,15247053,5476,50,-317
2026-08-01T00:00:55.475716+00:00,1785542442,6705,321 Surrey Central/WhiteRock,15247053,5477,51,-339
2026-08-01T00:00:55.475716+00:00,1785542442,6705,321 Surrey Central/WhiteRock,15247053,11725,52,-366
2026-08-01T00:00:55.475716+00:00,1785542442,6705,321 Surrey Central/WhiteRock,15247053,5040,53,-350
2026-08-01T00:00:55.475716+00:00,1785542442,6705,321 Surrey Central/WhiteRock,15247053,5041,54,-341
2026-08-01T00:00:55.475716+00:00,1785542442,6705,321 Surrey Central/WhiteRock,15247053,12155,55,-329
2026-08-01T00:00:55.475716+00:00,1785542442,6705,321 Surrey Central/WhiteRock,15247053,11882,56,0
2026-08-01T00:00:55.475716+00:00,1785542442,6705,321 Surrey Central/WhiteRock,15247053,10442,57,79
2026-08-01T00:00:55.475716+00:00,1785542442,6705,321 Surrey Central/WhiteRock,15247053,9929,58,88
2026-08-01T00:00:55.475716+00:00,1785542442,6705,321 Surrey Central/WhiteRock,15247053,9930,59,38
2026-08-01T00:00:55.475716+00:00,1785542442,6705,321 Surrey Central/WhiteRock,15247053,9932,60,-43
2026-08-01T00:00:55.475716+00:00,1785542442,6705,321 Surrey Central/WhiteRock,15247067,5448,21,218
2026-08-01T00:00:55.475716+00:00,1785542442,6705,321 Surrey Central/WhiteRock,15247067,10437,22,218
2026-08-01T00:00:55.475716+00:00,1785542442,6705,321 Surrey Central/WhiteRock,15247067,5449,23,159
2026-08-01T00:00:55.475716+00:00,1785542442,6705,321 Surrey Central/WhiteRock,15247067,11313,24,115
2026-08-01T00:00:55.475716+00:00,1785542442,6705,321 Surrey Central/WhiteRock,15247067,10808,25,-39
2026-08-01T00:00:55.475716+00:00,1785542442,6705,321 Surrey Central/WhiteRock,15247067,5452,26,-115
2026-08-01T00:00:55.475716+00:00,1785542442,6705,321 Surrey Central/WhiteRock,15247067,11913,27,-136
2026-08-01T00:00:55.475716+00:00,1785542442,6705,321 Surrey Central/WhiteRock,15247067,5454,28,-151
2026-08-01T00:00:55.475716+00:00,1785542442,6705,321 Surrey Central/WhiteRock,15247067,5455,29,-151
2026-08-01T00:00:55.475716+00:00,1785542442,6705,321 Surrey Central/WhiteRock,15247067,5456,30,-42
2026-08-01T00:00:55.475716+00:00,1785542442,6705,321 Surrey Central/WhiteRock,15247067,12651,31,-72
2026-08-01T00:00:55.475716+00:00,1785542442,6705,321 Surrey Central/WhiteRock,15247067,5458,32,-73
2026-08-01T00:00:55.475716+00:00,1785542442,6705,321 Surrey Central/WhiteRock,15247067,5459,33,-66
2026-08-01T00:00:55.475716+00:00,1785542442,6705,321 Surrey Central/WhiteRock,15247067,5460,34,-72
2026-08-01T00:00:55.475716+00:00,1785542442,6705,321 Surrey Central/WhiteRock,15247067,5461,35,-83
2026-08-01T00:00:55.475716+00:00,1785542442,6705,321 Surrey Central/WhiteRock,15247067,5462,36,-89
2026-08-01T00:00:55.475716+00:00,1785542442,6705,321 Surrey Central/WhiteRock,15247067,5463,37,-33
2026-08-01T00:00:55.475716+00:00,1785542442,6705,321 Surrey Central/WhiteRock,15247067,5700,38,82
2026-08-01T00:00:55.475716+00:00,1785542442,6705,321 Surrey Central/WhiteRock,15247067,5465,39,80
2026-08-01T00:00:55.475716+00:00,1785542442,6705,321 Surrey Central/WhiteRock,15247067,5466,40,34
2026-08-01T00:00:55.475716+00:00,1785542442,6705,321 Surrey Central/WhiteRock,15247067,5467,41,47
2026-08-01T00:00:55.475716+00:00,1785542442,6705,321 Surrey Central/WhiteRock,15247067,5468,42,19
2026-08-01T00:00:55.475716+00:00,1785542442,6705,321 Surrey Central/WhiteRock,15247067,5469,43,-22
2026-08-01T00:00:55.475716+00:00,1785542442,6705,321 Surrey Central/WhiteRock,15247067,5470,44,-47
2026-08-01T00:00:55.475716+00:00,1785542442,6705,321 Surrey Central/WhiteRock,15247067,5471,45,-81
2026-08-01T00:00:55.475716+00:00,1785542442,6705,321 Surrey Central/WhiteRock,15247067,5472,46,-108
2026-08-01T00:00:55.475716+00:00,1785542442,6705,321 Surrey Central/WhiteRock,15247067,5473,47,-160
2026-08-01T00:00:55.475716+00:00,1785542442,6705,321 Surrey Central/WhiteRock,15247067,5474,48,-164
2026-08-01T00:00:55.475716+00:00,1785542442,6705,321 Surrey Central/WhiteRock,15247067,5475,49,-213
2026-08-01T00:00:55.475716+00:00,1785542442,6705,321 Surrey Central/WhiteRock,15247067,5476,50,-241
2026-08-01T00:00:55.475716+00:00,1785542442,6705,321 Surrey Central/WhiteRock,15247067,5477,51,-263
2026-08-01T00:00:55.475716+00:00,1785542442,6705,321 Surrey Central/WhiteRock,15247067,11725,52,-289
2026-08-01T00:00:55.475716+00:00,1785542442,6705,321 Surrey Central/WhiteRock,15247067,5040,53,-272
2026-08-01T00:00:55.475716+00:00,1785542442,6705,321 Surrey Central/WhiteRock,15247067,5041,54,-266
2026-08-01T00:00:55.475716+00:00,1785542442,6705,321 Surrey Central/WhiteRock,15247067,12155,55,-254
2026-08-01T00:00:55.475716+00:00,1785542442,6705,321 Surrey Central/WhiteRock,15247067,11882,56,0
2026-08-01T00:00:55.475716+00:00,1785542442,6705,321 Surrey Central/WhiteRock,15247067,10442,57,94
2026-08-01T00:00:55.475716+00:00,1785542442,6705,321 Surrey Central/WhiteRock,15247067,9929,58,123
2026-08-01T00:00:55.475716+00:00,1785542442,6705,321 Surrey Central/WhiteRock,15247067,9930,59,72
2026-08-01T00:00:55.475716+00:00,1785542442,6705,321 Surrey Central/WhiteRock,15247067,9932,60,-12
2026-08-01T00:00:55.475716+00:00,1785542442,6705,321 Surrey Central/WhiteRock,15247080,5452,26,-44
2026-08-01T00:00:55.475716+00:00,1785542442,6705,321 Surrey Central/WhiteRock,15247080,11913,27,-64
2026-08-01T00:00:55.475716+00:00,1785542442,6705,321 Surrey Central/WhiteRock,15247080,5454,28,-78
2026-08-01T00:00:55.475716+00:00,1785542442,6705,321 Surrey Central/WhiteRock,15247080,5455,29,-78
2026-08-01T00:00:55.475716+00:00,1785542442,6705,321 Surrey Central/WhiteRock,15247080,5456,30,32
2026-08-01T00:00:55.475716+00:00,1785542442,6705,321 Surrey Central/WhiteRock,15247080,12651,31,2
2026-08-01T00:00:55.475716+00:00,1785542442,6705,321 Surrey Central/WhiteRock,15247080,5458,32,0
2026-08-01T00:00:55.475716+00:00,1785542442,6705,321 Surrey Central/WhiteRock,15247080,5459,33,7
2026-08-01T00:00:55.475716+00:00,1785542442,6705,321 Surrey Central/WhiteRock,15247080,5460,34,1
2026-08-01T00:00:55.475716+00:00,1785542442,6705,321 Surrey Central/WhiteRock,15247080,5461,35,-10
2026-08-01T00:00:55.475716+00:00,1785542442,6705,321 Surrey Central/WhiteRock,15247080,5462,36,-15
2026-08-01T00:00:55.475716+00:00,1785542442,6705,321 Surrey Central/WhiteRock,15247080,5463,37,49
2026-08-01T00:00:55.475716+00:00,1785542442,6705,321 Surrey Central/WhiteRock,15247080,5700,38,164
2026-08-01T00:00:55.475716+00:00,1785542442,6705,321 Surrey Central/WhiteRock,15247080,5465,39,162
2026-08-01T00:00:55.475716+00:00,1785542442,6705,321 Surrey Central/WhiteRock,15247080,5466,40,117
2026-08-01T00:00:55.475716+00:00,1785542442,6705,321 Surrey Central/WhiteRock,15247080,5467,41,130
2026-08-01T00:00:55.475716+00:00,1785542442,6705,321 Surrey Central/WhiteRock,15247080,5468,42,104
2026-08-01T00:00:55.475716+00:00,1785542442,6705,321 Surrey Central/WhiteRock,15247080,5469,43,61
2026-08-01T00:00:55.475716+00:00,1785542442,6705,321 Surrey Central/WhiteRock,15247080,5470,44,36
2026-08-01T00:00:55.475716+00:00,1785542442,6705,321 Surrey Central/WhiteRock,15247080,5471,45,2
2026-08-01T00:00:55.475716+00:00,1785542442,6705,321 Surrey Central/WhiteRock,15247080,5472,46,-26
2026-08-01T00:00:55.475716+00:00,1785542442,6705,321 Surrey Central/WhiteRock,15247080,5473,47,-78
2026-08-01T00:00:55.475716+00:00,1785542442,6705,321 Surrey Central/WhiteRock,15247080,5474,48,-82
2026-08-01T00:00:55.475716+00:00,1785542442,6705,321 Surrey Central/WhiteRock,15247080,5475,49,-130
2026-08-01T00:00:55.475716+00:00,1785542442,6705,321 Surrey Central/WhiteRock,15247080,5476,50,-162
2026-08-01T00:00:55.475716+00:00,1785542442,6705,321 Surrey Central/WhiteRock,15247080,5477,51,-184
2026-08-01T00:00:55.475716+00:00,1785542442,6705,321 Surrey Central/WhiteRock,15247080,11725,52,-210
2026-08-01T00:00:55.475716+00:00,1785542442,6705,321 Surrey Central/WhiteRock,15247080,5040,53,-193
2026-08-01T00:00:55.475716+00:00,1785542442,6705,321 Surrey Central/WhiteRock,15247080,5041,54,-187
2026-08-01T00:00:55.475716+00:00,1785542442,6705,321 Surrey Central/WhiteRock,15247080,12155,55,-176
2026-08-01T00:00:55.475716+00:00,1785542442,6705,321 Surrey Central/WhiteRock,15247080,11882,56,0
2026-08-01T00:00:55.475716+00:00,1785542442,6705,321 Surrey Central/WhiteRock,15247080,10442,57,94
2026-08-01T00:00:55.475716+00:00,1785542442,6705,321 Surrey Central/WhiteRock,15247080,9929,58,122
2026-08-01T00:00:55.475716+00:00,1785542442,6705,321 Surrey Central/WhiteRock,15247080,9930,59,71
2026-08-01T00:00:55.475716+00:00,1785542442,6705,321 Surrey Central/WhiteRock,15247080,9932,60,-14
2026-08-01T00:00:55.475716+00:00,1785542442,6705,321 Surrey Central/WhiteRock,15247159,5523,40,-118
2026-08-01T00:00:55.475716+00:00,1785542442,6705,321 Surrey Central/WhiteRock,15247159,6466,41,-147
2026-08-01T00:00:55.475716+00:00,1785542442,6705,321 Surrey Central/WhiteRock,15247159,5524,42,-113
2026-08-01T00:00:55.475716+00:00,1785542442,6705,321 Surrey Central/WhiteRock,15247159,5525,43,-142
2026-08-01T00:00:55.475716+00:00,1785542442,6705,321 Surrey Central/WhiteRock,15247159,10443,44,-169
2026-08-01T00:00:55.475716+00:00,1785542442,6705,321 Surrey Central/WhiteRock,15247159,5528,45,-166
2026-08-01T00:00:55.475716+00:00,1785542442,6705,321 Surrey Central/WhiteRock,15247159,5529,46,-183
2026-08-01T00:00:55.475716+00:00,1785542442,6705,321 Surrey Central/WhiteRock,15247159,5530,47,-196
2026-08-01T00:00:55.475716+00:00,1785542442,6705,321 Surrey Central/WhiteRock,15247159,5533,48,-202
2026-08-01T00:00:55.475716+00:00,1785542442,6705,321 Surrey Central/WhiteRock,15247159,5534,49,-224
2026-08-01T00:00:55.475716+00:00,1785542442,6705,321 Surrey Central/WhiteRock,15247159,5535,50,-196
2026-08-01T00:00:55.475716+00:00,1785542442,6705,321 Surrey Central/WhiteRock,15247159,5536,51,-220
2026-08-01T00:00:55.475716+00:00,1785542442,6705,321 Surrey Central/WhiteRock,15247159,5537,52,-214
2026-08-01T00:00:55.475716+00:00,1785542442,6705,321 Surrey Central/WhiteRock,15247159,5538,53,-221
2026-08-01T00:00:55.475716+00:00,1785542442,6705,321 Surrey Central/WhiteRock,15247159,5541,54,-189
2026-08-01T00:00:55.475716+00:00,1785542442,6705,321 Surrey Central/WhiteRock,15247159,5542,55,-177
2026-08-01T00:00:55.475716+00:00,1785542442,6705,321 Surrey Central/WhiteRock,15247159,6195,56,-151
2026-08-01T00:00:55.475716+00:00,1785542442,6705,321 Surrey Central/WhiteRock,15247160,5518,35,110
2026-08-01T00:00:55.475716+00:00,1785542442,6705,321 Surrey Central/WhiteRock,15247160,5519,36,84
2026-08-01T00:00:55.475716+00:00,1785542442,6705,321 Surrey Central/WhiteRock,15247160,5520,37,71
2026-08-01T00:00:55.475716+00:00,1785542442,6705,321 Surrey Central/WhiteRock,15247160,5521,38,-146
2026-08-01T00:00:55.475716+00:00,1785542442,6705,321 Surrey Central/WhiteRock,15247160,5522,39,-286
2026-08-01T00:00:55.475716+00:00,1785542442,6705,321 Surrey Central/WhiteRock,15247160,5523,40,-325
2026-08-01T00:00:55.475716+00:00,1785542442,6705,321 Surrey Central/WhiteRock,15247160,6466,41,-354
2026-08-01T00:00:55.475716+00:00,1785542442,6705,321 Surrey Central/WhiteRock,15247160,5524,42,-321
2026-08-01T00:00:55.475716+00:00,1785542442,6705,321 Surrey Central/WhiteRock,15247160,5525,43,-351
2026-08-01T00:00:55.475716+00:00,1785542442,6705,321 Surrey Central/WhiteRock,15247160,10443,44,-378
2026-08-01T00:00:55.475716+00:00,1785542442,6705,321 Surrey Central/WhiteRock,15247160,5528,45,-375
2026-08-01T00:00:55.475716+00:00,1785542442,6705,321 Surrey Central/WhiteRock,15247160,5529,46,-396
2026-08-01T00:00:55.475716+00:00,1785542442,6705,321 Surrey Central/WhiteRock,15247160,5530,47,-409
2026-08-01T00:00:55.475716+00:00,1785542442,6705,321 Surrey Central/WhiteRock,15247160,5533,48,-415
2026-08-01T00:00:55.475716+00:00,1785542442,6705,321 Surrey Central/WhiteRock,15247160,5534,49,-437
2026-08-01T00:00:55.475716+00:00,1785542442,6705,321 Surrey Central/WhiteRock,15247160,5535,50,-419
2026-08-01T00:00:55.475716+00:00,1785542442,6705,321 Surrey Central/WhiteRock,15247160,5536,51,-443
2026-08-01T00:00:55.475716+00:00,1785542442,6705,321 Surrey Central/WhiteRock,15247160,5537,52,-442
2026-08-01T00:00:55.475716+00:00,1785542442,6705,321 Surrey Central/WhiteRock,15247160,5538,53,-449
2026-08-01T00:00:55.475716+00:00,1785542442,6705,321 Surrey Central/WhiteRock,15247160,5541,54,-419
2026-08-01T00:00:55.475716+00:00,1785542442,6705,321 Surrey Central/WhiteRock,15247160,5542,55,-407
2026-08-01T00:00:55.475716+00:00,1785542442,6705,321 Surrey Central/WhiteRock,15247160,6195,56,-381
2026-08-01T00:00:55.475716+00:00,1785542442,6705,321 Surrey Central/WhiteRock,15247161,5503,22,-219
2026-08-01T00:00:55.475716+00:00,1785542442,6705,321 Surrey Central/WhiteRock,15247161,5504,23,-270
2026-08-01T00:00:55.475716+00:00,1785542442,6705,321 Surrey Central/WhiteRock,15247161,5505,24,-266
2026-08-01T00:00:55.475716+00:00,1785542442,6705,321 Surrey Central/WhiteRock,15247161,5507,25,-252
2026-08-01T00:00:55.475716+00:00,1785542442,6705,321 Surrey Central/WhiteRock,15247161,5633,26,0
2026-08-01T00:00:55.475716+00:00,1785542442,6705,321 Surrey Central/WhiteRock,15247161,5510,27,34
2026-08-01T00:00:55.475716+00:00,1785542442,6705,321 Surrey Central/WhiteRock,15247161,5511,28,26
2026-08-01T00:00:55.475716+00:00,1785542442,6705,321 Surrey Central/WhiteRock,15247161,5512,29,21
2026-08-01T00:00:55.475716+00:00,1785542442,6705,321 Surrey Central/WhiteRock,15247161,5513,30,8
2026-08-01T00:00:55.475716+00:00,1785542442,6705,321 Surrey Central/WhiteRock,15247161,5514,31,96
2026-08-01T00:00:55.475716+00:00,1785542442,6705,321 Surrey Central/WhiteRock,15247161,5515,32,88
2026-08-01T00:00:55.475716+00:00,1785542442,6705,321 Surrey Central/WhiteRock,15247161,5516,33,94
2026-08-01T00:00:55.475716+00:00,1785542442,6705,321 Surrey Central/WhiteRock,15247161,5517,34,92
2026-08-01T00:00:55.475716+00:00,1785542442,6705,321 Surrey Central/WhiteRock,15247161,5518,35,95
2026-08-01T00:00:55.475716+00:00,1785542442,6705,321 Surrey Central/WhiteRock,15247161,5519,36,71
2026-08-01T00:00:55.475716+00:00,1785542442,6705,321 Surrey Central/WhiteRock,15247161,5520,37,60
2026-08-01T00:00:55.475716+00:00,1785542442,6705,321 Surrey Central/WhiteRock,15247161,5521,38,-150
2026-08-01T00:00:55.475716+00:00,1785542442,6705,321 Surrey Central/WhiteRock,15247161,5522,39,-285
2026-08-01T00:00:55.475716+00:00,1785542442,6705,321 Surrey Central/WhiteRock,15247161,5523,40,-321
2026-08-01T00:00:55.475716+00:00,1785542442,6705,321 Surrey Central/WhiteRock,15247161,6466,41,-346
2026-08-01T00:00:55.475716+00:00,1785542442,6705,321 Surrey Central/WhiteRock,15247161,5524,42,-310
2026-08-01T00:00:55.475716+00:00,1785542442,6705,321 Surrey Central/WhiteRock,15247161,5525,43,-338
2026-08-01T00:00:55.475716+00:00,1785542442,6705,321 Surrey Central/WhiteRock,15247161,10443,44,-362
2026-08-01T00:00:55.475716+00:00,1785542442,6705,321 Surrey Central/WhiteRock,15247161,5528,45,-357
2026-08-01T00:00:55.475716+00:00,1785542442,6705,321 Surrey Central/WhiteRock,15247161,5529,46,-379
2026-08-01T00:00:55.475716+00:00,1785542442,6705,321 Surrey Central/WhiteRock,15247161,5530,47,-391
2026-08-01T00:00:55.475716+00:00,1785542442,6705,321 Surrey Central/WhiteRock,15247161,5533,48,-393
2026-08-01T00:00:55.475716+00:00,1785542442,6705,321 Surrey Central/WhiteRock,15247161,5534,49,-412
2026-08-01T00:00:55.475716+00:00,1785542442,6705,321 Surrey Central/WhiteRock,15247161,5535,50,-395
2026-08-01T00:00:55.475716+00:00,1785542442,6705,321 Surrey Central/WhiteRock,15247161,5536,51,-417
2026-08-01T00:00:55.475716+00:00,1785542442,6705,321 Surrey Central/WhiteRock,15247161,5537,52,-418
2026-08-01T00:00:55.475716+00:00,1785542442,6705,321 Surrey Central/WhiteRock,15247161,5538,53,-424
2026-08-01T00:00:55.475716+00:00,1785542442,6705,321 Surrey Central/WhiteRock,15247161,5541,54,-395
2026-08-01T00:00:55.475716+00:00,1785542442,6705,321 Surrey Central/WhiteRock,15247161,5542,55,-382
2026-08-01T00:00:55.475716+00:00,1785542442,6705,321 Surrey Central/WhiteRock,15247161,6195,56,-352
2026-08-01T00:00:55.475716+00:00,1785542442,6705,321 Surrey Central/WhiteRock,15247162,12916,11,-35
2026-08-01T00:00:55.475716+00:00,1785542442,6705,321 Surrey Central/WhiteRock,15247162,5049,12,-45
2026-08-01T00:00:55.475716+00:00,1785542442,6705,321 Surrey Central/WhiteRock,15247162,5039,13,-66
2026-08-01T00:00:55.475716+00:00,1785542442,6705,321 Surrey Central/WhiteRock,15247162,8351,14,-91
2026-08-01T00:00:55.475716+00:00,1785542442,6705,321 Surrey Central/WhiteRock,15247162,5496,15,-163
2026-08-01T00:00:55.475716+00:00,1785542442,6705,321 Surrey Central/WhiteRock,15247162,5497,16,-208
2026-08-01T00:00:55.475716+00:00,1785542442,6705,321 Surrey Central/WhiteRock,15247162,5498,17,-225
2026-08-01T00:00:55.475716+00:00,1785542442,6705,321 Surrey Central/WhiteRock,15247162,5499,18,-265
2026-08-01T00:00:55.475716+00:00,1785542442,6705,321 Surrey Central/WhiteRock,15247162,5500,19,-288
2026-08-01T00:00:55.475716+00:00,1785542442,6705,321 Surrey Central/WhiteRock,15247162,5501,20,-317
2026-08-01T00:00:55.475716+00:00,1785542442,6705,321 Surrey Central/WhiteRock,15247162,5502,21,-333
2026-08-01T00:00:55.475716+00:00,1785542442,6705,321 Surrey Central/WhiteRock,15247162,5503,22,-363
2026-08-01T00:00:55.475716+00:00,1785542442,6705,321 Surrey Central/WhiteRock,15247162,5504,23,-415
2026-08-01T00:00:55.475716+00:00,1785542442,6705,321 Surrey Central/WhiteRock,15247162,5505,24,-409
2026-08-01T00:00:55.475716+00:00,1785542442,6705,321 Surrey Central/WhiteRock,15247162,5507,25,-401
2026-08-01T00:00:55.475716+00:00,1785542442,6705,321 Surrey Central/WhiteRock,15247162,5633,26,0
2026-08-01T00:00:55.475716+00:00,1785542442,6705,321 Surrey Central/WhiteRock,15247162,5510,27,30
2026-08-01T00:00:55.475716+00:00,1785542442,6705,321 Surrey Central/WhiteRock,15247162,5511,28,22
2026-08-01T00:00:55.475716+00:00,1785542442,6705,321 Surrey Central/WhiteRock,15247162,5512,29,17
2026-08-01T00:00:55.475716+00:00,1785542442,6705,321 Surrey Central/WhiteRock,15247162,5513,30,4
2026-08-01T00:00:55.475716+00:00,1785542442,6705,321 Surrey Central/WhiteRock,15247162,5514,31,94
2026-08-01T00:00:55.475716+00:00,1785542442,6705,321 Surrey Central/WhiteRock,15247162,5515,32,86
2026-08-01T00:00:55.475716+00:00,1785542442,6705,321 Surrey Central/WhiteRock,15247162,5516,33,107
2026-08-01T00:00:55.475716+00:00,1785542442,6705,321 Surrey Central/WhiteRock,15247162,5517,34,111
2026-08-01T00:00:55.475716+00:00,1785542442,6705,321 Surrey Central/WhiteRock,15247162,5518,35,116
2026-08-01T00:00:55.475716+00:00,1785542442,6705,321 Surrey Central/WhiteRock,15247162,5519,36,92
2026-08-01T00:00:55.475716+00:00,1785542442,6705,321 Surrey Central/WhiteRock,15247162,5520,37,81
2026-08-01T00:00:55.475716+00:00,1785542442,6705,321 Surrey Central/WhiteRock,15247162,5521,38,-129
2026-08-01T00:00:55.475716+00:00,1785542442,6705,321 Surrey Central/WhiteRock,15247162,5522,39,-265
2026-08-01T00:00:55.475716+00:00,1785542442,6705,321 Surrey Central/WhiteRock,15247162,5523,40,-301
2026-08-01T00:00:55.475716+00:00,1785542442,6705,321 Surrey Central/WhiteRock,15247162,6466,41,-324
2026-08-01T00:00:55.475716+00:00,1785542442,6705,321 Surrey Central/WhiteRock,15247162,5524,42,-289
2026-08-01T00:00:55.475716+00:00,1785542442,6705,321 Surrey Central/WhiteRock,15247162,5525,43,-317
2026-08-01T00:00:55.475716+00:00,1785542442,6705,321 Surrey Central/WhiteRock,15247162,10443,44,-343
2026-08-01T00:00:55.475716+00:00,1785542442,6705,321 Surrey Central/WhiteRock,15247162,5528,45,-338
2026-08-01T00:00:55.475716+00:00,1785542442,6705,321 Surrey Central/WhiteRock,15247162,5529,46,-362
2026-08-01T00:00:55.475716+00:00,1785542442,6705,321 Surrey Central/WhiteRock,15247162,5530,47,-374
2026-08-01T00:00:55.475716+00:00,1785542442,6705,321 Surrey Central/WhiteRock,15247162,5533,48,-377
2026-08-01T00:00:55.475716+00:00,1785542442,6705,321 Surrey Central/WhiteRock,15247162,5534,49,-397
2026-08-01T00:00:55.475716+00:00,1785542442,6705,321 Surrey Central/WhiteRock,15247162,5535,50,-381
2026-08-01T00:00:55.475716+00:00,1785542442,6705,321 Surrey Central/WhiteRock,15247162,5536,51,-407
2026-08-01T00:00:55.475716+00:00,1785542442,6705,321 Surrey Central/WhiteRock,15247162,5537,52,-415
2026-08-01T00:00:55.475716+00:00,1785542442,6705,321 Surrey Central/WhiteRock,15247162,5538,53,-421
2026-08-01T00:00:55.475716+00:00,1785542442,6705,321 Surrey Central/WhiteRock,15247162,5541,54,-392
2026-08-01T00:00:55.475716+00:00,1785542442,6705,321 Surrey Central/WhiteRock,15247162,5542,55,-379
2026-08-01T00:00:55.475716+00:00,1785542442,6705,321 Surrey Central/WhiteRock,15247162,6195,56,-351
2026-08-01T00:00:55.475716+00:00,1785542442,6705,321 Surrey Central/WhiteRock,15247163,10716,2,103
2026-08-01T00:00:55.475716+00:00,1785542442,6705,321 Surrey Central/WhiteRock,15247163,9923,3,107
2026-08-01T00:00:55.475716+00:00,1785542442,6705,321 Surrey Central/WhiteRock,15247163,9924,4,2
2026-08-01T00:00:55.475716+00:00,1785542442,6705,321 Surrey Central/WhiteRock,15247163,9926,5,-38
2026-08-01T00:00:55.475716+00:00,1785542442,6705,321 Surrey Central/WhiteRock,15247163,9927,6,-60
2026-08-01T00:00:55.475716+00:00,1785542442,6705,321 Surrey Central/WhiteRock,15247163,10880,7,0
2026-08-01T00:00:55.475716+00:00,1785542442,6705,321 Surrey Central/WhiteRock,15247163,5046,8,45
2026-08-01T00:00:55.475716+00:00,1785542442,6705,321 Surrey Central/WhiteRock,15247163,5047,9,49
2026-08-01T00:00:55.475716+00:00,1785542442,6705,321 Surrey Central/WhiteRock,15247163,8566,10,14
2026-08-01T00:00:55.475716+00:00,1785542442,6705,321 Surrey Central/WhiteRock,15247163,12916,11,43
2026-08-01T00:00:55.475716+00:00,1785542442,6705,321 Surrey Central/WhiteRock,15247163,5049,12,37
2026-08-01T00:00:55.475716+00:00,1785542442,6705,321 Surrey Central/WhiteRock,15247163,5039,13,17
2026-08-01T00:00:55.475716+00:00,1785542442,6705,321 Surrey Central/WhiteRock,15247163,8351,14,-6
2026-08-01T00:00:55.475716+00:00,1785542442,6705,321 Surrey Central/WhiteRock,15247163,5496,15,-73
2026-08-01T00:00:55.475716+00:00,1785542442,6705,321 Surrey Central/WhiteRock,15247163,5497,16,-115
2026-08-01T00:00:55.475716+00:00,1785542442,6705,321 Surrey Central/WhiteRock,15247163,5498,17,-129
2026-08-01T00:00:55.475716+00:00,1785542442,6705,321 Surrey Central/WhiteRock,15247163,5499,18,-167
2026-08-01T00:00:55.475716+00:00,1785542442,6705,321 Surrey Central/WhiteRock,15247163,5500,19,-186
2026-08-01T00:00:55.475716+00:00,1785542442,6705,321 Surrey Central/WhiteRock,15247163,5501,20,-213
2026-08-01T00:00:55.475716+00:00,1785542442,6705,321 Surrey Central/WhiteRock,15247163,5502,21,-228
2026-08-01T00:00:55.475716+00:00,1785542442,6705,321 Surrey Central/WhiteRock,15247163,5503,22,-253
2026-08-01T00:00:55.475716+00:00,1785542442,6705,321 Surrey Central/WhiteRock,15247163,5504,23,-307
2026-08-01T00:00:55.475716+00:00,1785542442,6705,321 Surrey Central/WhiteRock,15247163,5505,24,-298
2026-08-01T00:00:55.475716+00:00,1785542442,6705,321 Surrey Central/WhiteRock,15247163,5507,25,-283
2026-08-01T00:00:55.475716+00:00,1785542442,6705,321 Surrey Central/WhiteRock,15247163,5633,26,0
2026-08-01T00:00:55.475716+00:00,1785542442,6705,321 Surrey Central/WhiteRock,15247163,5510,27,37
2026-08-01T00:00:55.475716+00:00,1785542442,6705,321 Surrey Central/WhiteRock,15247163,5511,28,30
2026-08-01T00:00:55.475716+00:00,1785542442,6705,321 Surrey Central/WhiteRock,15247163,5512,29,26
2026-08-01T00:00:55.475716+00:00,1785542442,6705,321 Surrey Central/WhiteRock,15247163,5513,30,7
2026-08-01T00:00:55.475716+00:00,1785542442,6705,321 Surrey Central/WhiteRock,15247163,5514,31,99
2026-08-01T00:00:55.475716+00:00,1785542442,6705,321 Surrey Central/WhiteRock,15247163,5515,32,94
2026-08-01T00:00:55.475716+00:00,1785542442,6705,321 Surrey Central/WhiteRock,15247163,5516,33,106
2026-08-01T00:00:55.475716+00:00,1785542442,6705,321 Surrey Central/WhiteRock,15247163,5517,34,110
2026-08-01T00:00:55.475716+00:00,1785542442,6705,321 Surrey Central/WhiteRock,15247163,5518,35,116
2026-08-01T00:00:55.475716+00:00,1785542442,6705,321 Surrey Central/WhiteRock,15247163,5519,36,94
2026-08-01T00:00:55.475716+00:00,1785542442,6705,321 Surrey Central/WhiteRock,15247163,5520,37,84
2026-08-01T00:00:55.475716+00:00,1785542442,6705,321 Surrey Central/WhiteRock,15247163,5521,38,-117
2026-08-01T00:00:55.475716+00:00,1785542442,6705,321 Surrey Central/WhiteRock,15247163,5522,39,-249
2026-08-01T00:00:55.475716+00:00,1785542442,6705,321 Surrey Central/WhiteRock,15247163,5523,40,-284
2026-08-01T00:00:55.475716+00:00,1785542442,6705,321 Surrey Central/WhiteRock,15247163,6466,41,-306
2026-08-01T00:00:55.475716+00:00,1785542442,6705,321 Surrey Central/WhiteRock,15247163,5524,42,-266
2026-08-01T00:00:55.475716+00:00,1785542442,6705,321 Surrey Central/WhiteRock,15247163,5525,43,-293
2026-08-01T00:00:55.475716+00:00,1785542442,6705,321 Surrey Central/WhiteRock,15247163,10443,44,-318
2026-08-01T00:00:55.475716+00:00,1785542442,6705,321 Surrey Central/WhiteRock,15247163,5528,45,-322
2026-08-01T00:00:55.475716+00:00,1785542442,6705,321 Surrey Central/WhiteRock,15247163,5529,46,-341
2026-08-01T00:00:55.475716+00:00,1785542442,6705,321 Surrey Central/WhiteRock,15247163,5530,47,-353
2026-08-01T00:00:55.475716+00:00,1785542442,6705,321 Surrey Central/WhiteRock,15247163,5533,48,-356
2026-08-01T00:00:55.475716+00:00,1785542442,6705,321 Surrey Central/WhiteRock,15247163,5534,49,-375
2026-08-01T00:00:55.475716+00:00,1785542442,6705,321 Surrey Central/WhiteRock,15247163,5535,50,-376
2026-08-01T00:00:55.475716+00:00,1785542442,6705,321 Surrey Central/WhiteRock,15247163,5536,51,-400
2026-08-01T00:00:55.475716+00:00,1785542442,6705,321 Surrey Central/WhiteRock,15247163,5537,52,-403
2026-08-01T00:00:55.475716+00:00,1785542442,6705,321 Surrey Central/WhiteRock,15247163,5538,53,-409
2026-08-01T00:00:55.475716+00:00,1785542442,6705,321 Surrey Central/WhiteRock,15247163,5541,54,-384
2026-08-01T00:00:55.475716+00:00,1785542442,6705,321 Surrey Central/WhiteRock,15247163,5542,55,-372
2026-08-01T00:00:55.475716+00:00,1785542442,6705,321 Surrey Central/WhiteRock,15247163,6195,56,-340
2026-08-01T00:00:55.475716+00:00,1785542442,6705,321 Surrey Central/WhiteRock,15247177,5504,23,101
2026-08-01T00:00:55.475716+00:00,1785542442,6705,321 Surrey Central/WhiteRock,15247177,5505,24,107
2026-08-01T00:00:55.475716+00:00,1785542442,6705,321 Surrey Central/WhiteRock,15247177,5507,25,121
2026-08-01T00:00:55.475716+00:00,1785542442,6705,321 Surrey Central/WhiteRock,15247177,5633,26,153
2026-08-01T00:00:55.475716+00:00,1785542442,6705,321 Surrey Central/WhiteRock,15247177,5510,27,181
2026-08-01T00:00:55.475716+00:00,1785542442,6705,321 Surrey Central/WhiteRock,15247177,5511,28,173
2026-08-01T00:00:55.475716+00:00,1785542442,6705,321 Surrey Central/WhiteRock,15247177,5512,29,168
2026-08-01T00:00:55.475716+00:00,1785542442,6705,321 Surrey Central/WhiteRock,15247177,5513,30,154
2026-08-01T00:00:55.475716+00:00,1785542442,6705,321 Surrey Central/WhiteRock,15247177,5514,31,244
2026-08-01T00:00:55.475716+00:00,1785542442,6705,321 Surrey Central/WhiteRock,15247177,5515,32,237
2026-08-01T00:00:55.475716+00:00,1785542442,6705,321 Surrey Central/WhiteRock,15247177,5516,33,234
2026-08-01T00:00:55.475716+00:00,1785542442,6705,321 Surrey Central/WhiteRock,15247177,5517,34,232
2026-08-01T00:00:55.475716+00:00,1785542442,6705,321 Surrey Central/WhiteRock,15247177,5518,35,238
2026-08-01T00:00:55.475716+00:00,1785542442,6705,321 Surrey Central/WhiteRock,15247177,5519,36,214
2026-08-01T00:00:55.475716+00:00,1785542442,6705,321 Surrey Central/WhiteRock,15247177,5520,37,203
2026-08-01T00:00:55.475716+00:00,1785542442,6705,321 Surrey Central/WhiteRock,15247177,5521,38,-7
2026-08-01T00:00:55.475716+00:00,1785542442,6705,321 Surrey Central/WhiteRock,15247177,5522,39,-142
2026-08-01T00:00:55.475716+00:00,1785542442,6705,321 Surrey Central/WhiteRock,15247177,5523,40,-178
2026-08-01T00:00:55.475716+00:00,1785542442,6705,321 Surrey Central/WhiteRock,15247177,6466,41,-201
2026-08-01T00:00:55.475716+00:00,1785542442,6705,321 Surrey Central/WhiteRock,15247177,5524,42,-165
2026-08-01T00:00:55.475716+00:00,1785542442,6705,321 Surrey Central/WhiteRock,15247177,5525,43,-193
2026-08-01T00:00:55.475716+00:00,1785542442,6705,321 Surrey Central/WhiteRock,15247177,10443,44,-219
2026-08-01T00:00:55.475716+00:00,1785542442,6705,321 Surrey Central/WhiteRock,15247177,5528,45,-214
2026-08-01T00:00:55.475716+00:00,1785542442,6705,321 Surrey Central/WhiteRock,15247177,5529,46,-237
2026-08-01T00:00:55.475716+00:00,1785542442,6705,321 Surrey Central/WhiteRock,15247177,5530,47,-249
2026-08-01T00:00:55.475716+00:00,1785542442,6705,321 Surrey Central/WhiteRock,15247177,5533,48,-252
2026-08-01T00:00:55.475716+00:00,1785542442,6705,321 Surrey Central/WhiteRock,15247177,5534,49,-273
2026-08-01T00:00:55.475716+00:00,1785542442,6705,321 Surrey Central/WhiteRock,15247177,5535,50,-274
2026-08-01T00:00:55.475716+00:00,1785542442,6705,321 Surrey Central/WhiteRock,15247177,5536,51,-296
2026-08-01T00:00:55.475716+00:00,1785542442,6705,321 Surrey Central/WhiteRock,15247177,5537,52,-297
2026-08-01T00:00:55.475716+00:00,1785542442,6705,321 Surrey Central/WhiteRock,15247177,5538,53,-303
2026-08-01T00:00:55.475716+00:00,1785542442,6705,321 Surrey Central/WhiteRock,15247177,5541,54,-273
2026-08-01T00:00:55.475716+00:00,1785542442,6705,321 Surrey Central/WhiteRock,15247177,5542,55,-260
2026-08-01T00:00:55.475716+00:00,1785542442,6705,321 Surrey Central/WhiteRock,15247177,6195,56,-229
2026-08-01T00:00:55.475716+00:00,1785542442,6705,321 Surrey Central/WhiteRock,15247186,5534,49,-198
2026-08-01T00:00:55.475716+00:00,1785542442,6705,321 Surrey Central/WhiteRock,15247186,5535,50,-173
2026-08-01T00:00:55.475716+00:00,1785542442,6705,321 Surrey Central/WhiteRock,15247186,5536,51,-194
2026-08-01T00:00:55.475716+00:00,1785542442,6705,321 Surrey Central/WhiteRock,15247186,5537,52,-183
2026-08-01T00:00:55.475716+00:00,1785542442,6705,321 Surrey Central/WhiteRock,15247186,5538,53,-190
2026-08-01T00:00:55.475716+00:00,1785542442,6705,321 Surrey Central/WhiteRock,15247186,5541,54,-156
2026-08-01T00:00:55.475716+00:00,1785542442,6705,321 Surrey Central/WhiteRock,15247186,5542,55,-143
2026-08-01T00:00:55.475716+00:00,1785542442,6705,321 Surrey Central/WhiteRock,15247186,6195,56,-115
2026-08-01T00:00:55.475716+00:00,1785542442,6705,321 Surrey Central/WhiteRock,15247187,9926,5,198
2026-08-01T00:00:55.475716+00:00,1785542442,6705,321 Surrey Central/WhiteRock,15247187,9927,6,172
2026-08-01T00:00:55.475716+00:00,1785542442,6705,321 Surrey Central/WhiteRock,15247187,10880,7,196
2026-08-01T00:00:55.475716+00:00,1785542442,6705,321 Surrey Central/WhiteRock,15247187,5046,8,241
2026-08-01T00:00:55.475716+00:00,1785542442,6705,321 Surrey Central/WhiteRock,15247187,5047,9,245
2026-08-01T00:00:55.475716+00:00,1785542442,6705,321 Surrey Central/WhiteRock,15247187,8566,10,210
2026-08-01T00:00:55.475716+00:00,1785542442,6705,321 Surrey Central/WhiteRock,15247187,12916,11,239
2026-08-01T00:00:55.475716+00:00,1785542442,6705,321 Surrey Central/WhiteRock,15247187,5049,12,233
2026-08-01T00:00:55.475716+00:00,1785542442,6705,321 Surrey Central/WhiteRock,15247187,5039,13,215
2026-08-01T00:00:55.475716+00:00,1785542442,6705,321 Surrey Central/WhiteRock,15247187,8351,14,192
2026-08-01T00:00:55.475716+00:00,1785542442,6705,321 Surrey Central/WhiteRock,15247187,5496,15,125
2026-08-01T00:00:55.475716+00:00,1785542442,6705,321 Surrey Central/WhiteRock,15247187,5497,16,83
2026-08-01T00:00:55.475716+00:00,1785542442,6705,321 Surrey Central/WhiteRock,15247187,5498,17,69
2026-08-01T00:00:55.475716+00:00,1785542442,6705,321 Surrey Central/WhiteRock,15247187,5499,18,31
2026-08-01T00:00:55.475716+00:00,1785542442,6705,321 Surrey Central/WhiteRock,15247187,5500,19,12
2026-08-01T00:00:55.475716+00:00,1785542442,6705,321 Surrey Central/WhiteRock,15247187,5501,20,-15
2026-08-01T00:00:55.475716+00:00,1785542442,6705,321 Surrey Central/WhiteRock,15247187,5502,21,-30
2026-08-01T00:00:55.475716+00:00,1785542442,6705,321 Surrey Central/WhiteRock,15247187,5503,22,-64
2026-08-01T00:00:55.475716+00:00,1785542442,6705,321 Surrey Central/WhiteRock,15247187,5504,23,-117
2026-08-01T00:00:55.475716+00:00,1785542442,6705,321 Surrey Central/WhiteRock,15247187,5505,24,-108
2026-08-01T00:00:55.475716+00:00,1785542442,6705,321 Surrey Central/WhiteRock,15247187,5507,25,-94
2026-08-01T00:00:55.475716+00:00,1785542442,6705,321 Surrey Central/WhiteRock,15247187,5633,26,0
2026-08-01T00:00:55.475716+00:00,1785542442,6705,321 Surrey Central/WhiteRock,15247187,5510,27,40
2026-08-01T00:00:55.475716+00:00,1785542442,6705,321 Surrey Central/WhiteRock,15247187,5511,28,33
2026-08-01T00:00:55.475716+00:00,1785542442,6705,321 Surrey Central/WhiteRock,15247187,5512,29,29
2026-08-01T00:00:55.475716+00:00,1785542442,6705,321 Surrey Central/WhiteRock,15247187,5513,30,17
2026-08-01T00:00:55.475716+00:00,1785542442,6705,321 Surrey Central/WhiteRock,15247187,5514,31,109
2026-08-01T00:00:55.475716+00:00,1785542442,6705,321 Surrey Central/WhiteRock,15247187,5515,32,104
2026-08-01T00:00:55.475716+00:00,1785542442,6705,321 Surrey Central/WhiteRock,15247187,5516,33,114
2026-08-01T00:00:55.475716+00:00,1785542442,6705,321 Surrey Central/WhiteRock,15247187,5517,34,118
2026-08-01T00:00:55.475716+00:00,1785542442,6705,321 Surrey Central/WhiteRock,15247187,5518,35,124
2026-08-01T00:00:55.475716+00:00,1785542442,6705,321 Surrey Central/WhiteRock,15247187,5519,36,102
2026-08-01T00:00:55.475716+00:00,1785542442,6705,321 Surrey Central/WhiteRock,15247187,5520,37,92
2026-08-01T00:00:55.475716+00:00,1785542442,6705,321 Surrey Central/WhiteRock,15247187,5521,38,-109
2026-08-01T00:00:55.475716+00:00,1785542442,6705,321 Surrey Central/WhiteRock,15247187,5522,39,-241
2026-08-01T00:00:55.475716+00:00,1785542442,6705,321 Surrey Central/WhiteRock,15247187,5523,40,-276
2026-08-01T00:00:55.475716+00:00,1785542442,6705,321 Surrey Central/WhiteRock,15247187,6466,41,-294
2026-08-01T00:00:55.475716+00:00,1785542442,6705,321 Surrey Central/WhiteRock,15247187,5524,42,-256
2026-08-01T00:00:55.475716+00:00,1785542442,6705,321 Surrey Central/WhiteRock,15247187,5525,43,-284
2026-08-01T00:00:55.475716+00:00,1785542442,6705,321 Surrey Central/WhiteRock,15247187,10443,44,-309
2026-08-01T00:00:55.475716+00:00,1785542442,6705,321 Surrey Central/WhiteRock,15247187,5528,45,-302
2026-08-01T00:00:55.475716+00:00,1785542442,6705,321 Surrey Central/WhiteRock,15247187,5529,46,-324
2026-08-01T00:00:55.475716+00:00,1785542442,6705,321 Surrey Central/WhiteRock,15247187,5530,47,-336
2026-08-01T00:00:55.475716+00:00,1785542442,6705,321 Surrey Central/WhiteRock,15247187,5533,48,-336
2026-08-01T00:00:55.475716+00:00,1785542442,6705,321 Surrey Central/WhiteRock,15247187,5534,49,-356
2026-08-01T00:00:55.475716+00:00,1785542442,6705,321 Surrey Central/WhiteRock,15247187,5535,50,-351
2026-08-01T00:00:55.475716+00:00,1785542442,6705,321 Surrey Central/WhiteRock,15247187,5536,51,-377
2026-08-01T00:00:55.475716+00:00,1785542442,6705,321 Surrey Central/WhiteRock,15247187,5537,52,-378
2026-08-01T00:00:55.475716+00:00,1785542442,6705,321 Surrey Central/WhiteRock,15247187,5538,53,-381
2026-08-01T00:00:55.475716+00:00,1785542442,6705,321 Surrey Central/WhiteRock,15247187,5541,54,-356
2026-08-01T00:00:55.475716+00:00,1785542442,6705,321 Surrey Central/WhiteRock,15247187,5542,55,-344
2026-08-01T00:00:55.475716+00:00,1785542442,6705,321 Surrey Central/WhiteRock,15247187,6195,56,-311
2026-08-01T00:00:55.475716+00:00,1785542442,6705,321 Surrey Central/WhiteRock,15247232,5510,27,123
2026-08-01T00:00:55.475716+00:00,1785542442,6705,321 Surrey Central/WhiteRock,15247232,5511,28,114
2026-08-01T00:00:55.475716+00:00,1785542442,6705,321 Surrey Central/WhiteRock,15247232,5512,29,109
2026-08-01T00:00:55.475716+00:00,1785542442,6705,321 Surrey Central/WhiteRock,15247232,5513,30,93
2026-08-01T00:00:55.475716+00:00,1785542442,6705,321 Surrey Central/WhiteRock,15247232,5514,31,179
2026-08-01T00:00:55.475716+00:00,1785542442,6705,321 Surrey Central/WhiteRock,15247232,5515,32,170
2026-08-01T00:00:55.475716+00:00,1785542442,6705,321 Surrey Central/WhiteRock,15247232,5516,33,164
2026-08-01T00:00:55.475716+00:00,1785542442,6705,321 Surrey Central/WhiteRock,15247232,5517,34,159
2026-08-01T00:00:55.475716+00:00,1785542442,6705,321 Surrey Central/WhiteRock,15247232,5518,35,159
2026-08-01T00:00:55.475716+00:00,1785542442,6705,321 Surrey Central/WhiteRock,15247232,5519,36,133
2026-08-01T00:00:55.475716+00:00,1785542442,6705,321 Surrey Central/WhiteRock,15247232,5520,37,119
2026-08-01T00:00:55.475716+00:00,1785542442,6705,321 Surrey Central/WhiteRock,15247232,5521,38,-98
2026-08-01T00:00:55.475716+00:00,1785542442,6705,321 Surrey Central/WhiteRock,15247232,5522,39,-239
2026-08-01T00:00:55.475716+00:00,1785542442,6705,321 Surrey Central/WhiteRock,15247232,5523,40,-278
2026-08-01T00:00:55.475716+00:00,1785542442,6705,321 Surrey Central/WhiteRock,15247232,6466,41,-309
2026-08-01T00:00:55.475716+00:00,1785542442,6705,321 Surrey Central/WhiteRock,15247232,5524,42,-276
2026-08-01T00:00:55.475716+00:00,1785542442,6705,321 Surrey Central/WhiteRock,15247232,5525,43,-306
2026-08-01T00:00:55.475716+00:00,1785542442,6705,321 Surrey Central/WhiteRock,15247232,10443,44,-332
2026-08-01T00:00:55.475716+00:00,1785542442,6705,321 Surrey Central/WhiteRock,15247232,5528,45,-329
2026-08-01T00:00:55.475716+00:00,1785542442,6705,321 Surrey Central/WhiteRock,15247232,5529,46,-354
2026-08-01T00:00:55.475716+00:00,1785542442,6705,321 Surrey Central/WhiteRock,15247232,5530,47,-368
2026-08-01T00:00:55.475716+00:00,1785542442,6705,321 Surrey Central/WhiteRock,15247232,5533,48,-371
2026-08-01T00:00:55.475716+00:00,1785542442,6705,321 Surrey Central/WhiteRock,15247232,5534,49,-391
2026-08-01T00:00:55.475716+00:00,1785542442,6705,321 Surrey Central/WhiteRock,15247232,5535,50,-376
2026-08-01T00:00:55.475716+00:00,1785542442,6705,321 Surrey Central/WhiteRock,15247232,5536,51,-399
2026-08-01T00:00:55.475716+00:00,1785542442,6705,321 Surrey Central/WhiteRock,15247232,5537,52,-398
2026-08-01T00:00:55.475716+00:00,1785542442,6705,321 Surrey Central/WhiteRock,15247232,5538,53,-405
2026-08-01T00:00:55.475716+00:00,1785542442,6705,321 Surrey Central/WhiteRock,15247232,5541,54,-376
2026-08-01T00:00:55.475716+00:00,1785542442,6705,321 Surrey Central/WhiteRock,15247232,5542,55,-364
2026-08-01T00:00:55.475716+00:00,1785542442,6705,321 Surrey Central/WhiteRock,15247232,6195,56,-337
2026-08-01T00:00:55.475716+00:00,1785542442,6705,321 Surrey Central/WhiteRock,15247233,5039,13,169
2026-08-01T00:00:55.475716+00:00,1785542442,6705,321 Surrey Central/WhiteRock,15247233,8351,14,144
2026-08-01T00:00:55.475716+00:00,1785542442,6705,321 Surrey Central/WhiteRock,15247233,5496,15,69
2026-08-01T00:00:55.475716+00:00,1785542442,6705,321 Surrey Central/WhiteRock,15247233,5497,16,23
2026-08-01T00:00:55.475716+00:00,1785542442,6705,321 Surrey Central/WhiteRock,15247233,5498,17,3
2026-08-01T00:00:55.475716+00:00,1785542442,6705,321 Surrey Central/WhiteRock,15247233,5499,18,-37
2026-08-01T00:00:55.475716+00:00,1785542442,6705,321 Surrey Central/WhiteRock,15247233,5500,19,-67
2026-08-01T00:00:55.475716+00:00,1785542442,6705,321 Surrey Central/WhiteRock,15247233,5501,20,-96
2026-08-01T00:00:55.475716+00:00,1785542442,6705,321 Surrey Central/WhiteRock,15247233,5502,21,-112
2026-08-01T00:00:55.475716+00:00,1785542442,6705,321 Surrey Central/WhiteRock,15247233,5503,22,-153
2026-08-01T00:00:55.475716+00:00,1785542442,6705,321 Surrey Central/WhiteRock,15247233,5504,23,-204
2026-08-01T00:00:55.475716+00:00,1785542442,6705,321 Surrey Central/WhiteRock,15247233,5505,24,-200
2026-08-01T00:00:55.475716+00:00,1785542442,6705,321 Surrey Central/WhiteRock,15247233,5507,25,-183
2026-08-01T00:00:55.475716+00:00,1785542442,6705,321 Surrey Central/WhiteRock,15247233,5633,26,0
2026-08-01T00:00:55.475716+00:00,1785542442,6705,321 Surrey Central/WhiteRock,15247233,5510,27,35
2026-08-01T00:00:55.475716+00:00,1785542442,6705,321 Surrey Central/WhiteRock,15247233,5511,28,27
2026-08-01T00:00:55.475716+00:00,1785542442,6705,321 Surrey Central/WhiteRock,15247233,5512,29,22
2026-08-01T00:00:55.475716+00:00,1785542442,6705,321 Surrey Central/WhiteRock,15247233,5513,30,8
2026-08-01T00:00:55.475716+00:00,1785542442,6705,321 Surrey Central/WhiteRock,15247233,5514,31,96
2026-08-01T00:00:55.475716+00:00,1785542442,6705,321 Surrey Central/WhiteRock,15247233,5515,32,88
2026-08-01T00:00:55.475716+00:00,1785542442,6705,321 Surrey Central/WhiteRock,15247233,5516,33,82
2026-08-01T00:00:55.475716+00:00,1785542442,6705,321 Surrey Central/WhiteRock,15247233,5517,34,80
2026-08-01T00:00:55.475716+00:00,1785542442,6705,321 Surrey Central/WhiteRock,15247233,5518,35,82
2026-08-01T00:00:55.475716+00:00,1785542442,6705,321 Surrey Central/WhiteRock,15247233,5519,36,58
2026-08-01T00:00:55.475716+00:00,1785542442,6705,321 Surrey Central/WhiteRock,15247233,5520,37,47
2026-08-01T00:00:55.475716+00:00,1785542442,6705,321 Surrey Central/WhiteRock,15247233,5521,38,-163
2026-08-01T00:00:55.475716+00:00,1785542442,6705,321 Surrey Central/WhiteRock,15247233,5522,39,-299
2026-08-01T00:00:55.475716+00:00,1785542442,6705,321 Surrey Central/WhiteRock,15247233,5523,40,-335
2026-08-01T00:00:55.475716+00:00,1785542442,6705,321 Surrey Central/WhiteRock,15247233,6466,41,-360
2026-08-01T00:00:55.475716+00:00,1785542442,6705,321 Surrey Central/WhiteRock,15247233,5524,42,-325
2026-08-01T00:00:55.475716+00:00,1785542442,6705,321 Surrey Central/WhiteRock,15247233,5525,43,-354
2026-08-01T00:00:55.475716+00:00,1785542442,6705,321 Surrey Central/WhiteRock,15247233,10443,44,-378
2026-08-01T00:00:55.475716+00:00,1785542442,6705,321 Surrey Central/WhiteRock,15247233,5528,45,-372
2026-08-01T00:00:55.475716+00:00,1785542442,6705,321 Surrey Central/WhiteRock,15247233,5529,46,-394
2026-08-01T00:00:55.475716+00:00,1785542442,6705,321 Surrey Central/WhiteRock,15247233,5530,47,-406
2026-08-01T00:00:55.475716+00:00,1785542442,6705,321 Surrey Central/WhiteRock,15247233,5533,48,-407
2026-08-01T00:00:55.475716+00:00,1785542442,6705,321 Surrey Central/WhiteRock,15247233,5534,49,-426
2026-08-01T00:00:55.475716+00:00,1785542442,6705,321 Surrey Central/WhiteRock,15247233,5535,50,-435
2026-08-01T00:00:55.475716+00:00,1785542442,6705,321 Surrey Central/WhiteRock,15247233,5536,51,-460
2026-08-01T00:00:55.475716+00:00,1785542442,6705,321 Surrey Central/WhiteRock,15247233,5537,52,-463
2026-08-01T00:00:55.475716+00:00,1785542442,6705,321 Surrey Central/WhiteRock,15247233,5538,53,-469
2026-08-01T00:00:55.475716+00:00,1785542442,6705,321 Surrey Central/WhiteRock,15247233,5541,54,-440
2026-08-01T00:00:55.475716+00:00,1785542442,6705,321 Surrey Central/WhiteRock,15247233,5542,55,-427
2026-08-01T00:00:55.475716+00:00,1785542442,6705,321 Surrey Central/WhiteRock,15247233,6195,56,-398
2026-08-01T00:00:55.475716+00:00,1785542442,6715,351 Bridgeport/WhiteRock,15251617,8282,25,-332
2026-08-01T00:00:55.475716+00:00,1785542442,6715,351 Bridgeport/WhiteRock,15251618,6194,23,196
2026-08-01T00:00:55.475716+00:00,1785542442,6715,351 Bridgeport/WhiteRock,15251618,4928,24,-23
2026-08-01T00:00:55.475716+00:00,1785542442,6715,351 Bridgeport/WhiteRock,15251618,8282,25,-15
2026-08-01T00:00:55.475716+00:00,1785542442,6715,351 Bridgeport/WhiteRock,15251619,5441,15,141
2026-08-01T00:00:55.475716+00:00,1785542442,6715,351 Bridgeport/WhiteRock,15251619,5442,16,113
2026-08-01T00:00:55.475716+00:00,1785542442,6715,351 Bridgeport/WhiteRock,15251619,5444,17,122
2026-08-01T00:00:55.475716+00:00,1785542442,6715,351 Bridgeport/WhiteRock,15251619,9083,18,91
2026-08-01T00:00:55.475716+00:00,1785542442,6715,351 Bridgeport/WhiteRock,15251619,5446,19,97
2026-08-01T00:00:55.475716+00:00,1785542442,6715,351 Bridgeport/WhiteRock,15251619,10445,20,87
2026-08-01T00:00:55.475716+00:00,1785542442,6715,351 Bridgeport/WhiteRock,15251619,5447,21,48
2026-08-01T00:00:55.475716+00:00,1785542442,6715,351 Bridgeport/WhiteRock,15251619,5448,22,46
2026-08-01T00:00:55.475716+00:00,1785542442,6715,351 Bridgeport/WhiteRock,15251619,6194,23,37
2026-08-01T00:00:55.475716+00:00,1785542442,6715,351 Bridgeport/WhiteRock,15251619,4928,24,-182
2026-08-01T00:00:55.475716+00:00,1785542442,6715,351 Bridgeport/WhiteRock,15251619,8282,25,-179
2026-08-01T00:00:55.475716+00:00,1785542442,6715,351 Bridgeport/WhiteRock,15251695,6167,21,-173
2026-08-01T00:00:55.475716+00:00,1785542442,6715,351 Bridgeport/WhiteRock,15251696,5538,16,-625
2026-08-01T00:00:55.475716+00:00,1785542442,6715,351 Bridgeport/WhiteRock,15251696,5541,17,-571
2026-08-01T00:00:55.475716+00:00,1785542442,6715,351 Bridgeport/WhiteRock,15251696,5542,18,-547
2026-08-01T00:00:55.475716+00:00,1785542442,6715,351 Bridgeport/WhiteRock,15251696,6340,19,-497
2026-08-01T00:00:55.475716+00:00,1785542442,6715,351 Bridgeport/WhiteRock,15251696,6341,20,-475
2026-08-01T00:00:55.475716+00:00,1785542442,6715,351 Bridgeport/WhiteRock,15251696,6167,21,-464
2026-08-01T00:00:55.475716+00:00,1785542442,6715,351 Bridgeport/WhiteRock,15251697,5528,8,-826
2026-08-01T00:00:55.475716+00:00,1785542442,6715,351 Bridgeport/WhiteRock,15251697,5529,9,-831
2026-08-01T00:00:55.475716+00:00,1785542442,6715,351 Bridgeport/WhiteRock,15251697,5530,10,-830
2026-08-01T00:00:55.475716+00:00,1785542442,6715,351 Bridgeport/WhiteRock,15251697,5533,11,-814
2026-08-01T00:00:55.475716+00:00,1785542442,6715,351 Bridgeport/WhiteRock,15251697,5534,12,-817
2026-08-01T00:00:55.475716+00:00,1785542442,6715,351 Bridgeport/WhiteRock,15251697,5535,13,-781
2026-08-01T00:00:55.475716+00:00,1785542442,6715,351 Bridgeport/WhiteRock,15251697,5536,14,-781
2026-08-01T00:00:55.475716+00:00,1785542442,6715,351 Bridgeport/WhiteRock,15251697,5537,15,-758
2026-08-01T00:00:55.475716+00:00,1785542442,6715,351 Bridgeport/WhiteRock,15251697,5538,16,-748
2026-08-01T00:00:55.475716+00:00,1785542442,6715,351 Bridgeport/WhiteRock,15251697,5541,17,-694
2026-08-01T00:00:55.475716+00:00,1785542442,6715,351 Bridgeport/WhiteRock,15251697,5542,18,-672
2026-08-01T00:00:55.475716+00:00,1785542442,6715,351 Bridgeport/WhiteRock,15251697,6340,19,-624
2026-08-01T00:00:55.475716+00:00,1785542442,6715,351 Bridgeport/WhiteRock,15251697,6341,20,-602
2026-08-01T00:00:55.475716+00:00,1785542442,6715,351 Bridgeport/WhiteRock,15251697,6167,21,-592
2026-08-01T00:00:55.475716+00:00,1785542442,6715,351 Bridgeport/WhiteRock,15251698,6175,4,-860
2026-08-01T00:00:55.475716+00:00,1785542442,6715,351 Bridgeport/WhiteRock,15251698,5524,5,-811
2026-08-01T00:00:55.475716+00:00,1785542442,6715,351 Bridgeport/WhiteRock,15251698,5525,6,-824
2026-08-01T00:00:55.475716+00:00,1785542442,6715,351 Bridgeport/WhiteRock,15251698,10443,7,-819
2026-08-01T00:00:55.475716+00:00,1785542442,6715,351 Bridgeport/WhiteRock,15251698,5528,8,-796
2026-08-01T00:00:55.475716+00:00,1785542442,6715,351 Bridgeport/WhiteRock,15251698,5529,9,-802
2026-08-01T00:00:55.475716+00:00,1785542442,6715,351 Bridgeport/WhiteRock,15251698,5530,10,-800
2026-08-01T00:00:55.475716+00:00,1785542442,6715,351 Bridgeport/WhiteRock,15251698,5533,11,-783
2026-08-01T00:00:55.475716+00:00,1785542442,6715,351 Bridgeport/WhiteRock,15251698,5534,12,-786
2026-08-01T00:00:55.475716+00:00,1785542442,6715,351 Bridgeport/WhiteRock,15251698,5535,13,-739
2026-08-01T00:00:55.475716+00:00,1785542442,6715,351 Bridgeport/WhiteRock,15251698,5536,14,-740
2026-08-01T00:00:55.475716+00:00,1785542442,6715,351 Bridgeport/WhiteRock,15251698,5537,15,-722
2026-08-01T00:00:55.475716+00:00,1785542442,6715,351 Bridgeport/WhiteRock,15251698,5538,16,-716
2026-08-01T00:00:55.475716+00:00,1785542442,6715,351 Bridgeport/WhiteRock,15251698,5541,17,-665
2026-08-01T00:00:55.475716+00:00,1785542442,6715,351 Bridgeport/WhiteRock,15251698,5542,18,-643
2026-08-01T00:00:55.475716+00:00,1785542442,6715,351 Bridgeport/WhiteRock,15251698,6340,19,-596
2026-08-01T00:00:55.475716+00:00,1785542442,6715,351 Bridgeport/WhiteRock,15251698,6341,20,-574
2026-08-01T00:00:55.475716+00:00,1785542442,6715,351 Bridgeport/WhiteRock,15251698,6167,21,-564
2026-08-01T00:00:55.475716+00:00,1785542442,6715,351 Bridgeport/WhiteRock,15251699,4929,3,0
2026-08-01T00:00:55.475716+00:00,1785542442,6715,351 Bridgeport/WhiteRock,15251699,6175,4,-690
2026-08-01T00:00:55.475716+00:00,1785542442,6715,351 Bridgeport/WhiteRock,15251699,5524,5,-642
2026-08-01T00:00:55.475716+00:00,1785542442,6715,351 Bridgeport/WhiteRock,15251699,5525,6,-655
2026-08-01T00:00:55.475716+00:00,1785542442,6715,351 Bridgeport/WhiteRock,15251699,10443,7,-649
2026-08-01T00:00:55.475716+00:00,1785542442,6715,351 Bridgeport/WhiteRock,15251699,5528,8,-628
2026-08-01T00:00:55.475716+00:00,1785542442,6715,351 Bridgeport/WhiteRock,15251699,5529,9,-637
2026-08-01T00:00:55.475716+00:00,1785542442,6715,351 Bridgeport/WhiteRock,15251699,5530,10,-635
2026-08-01T00:00:55.475716+00:00,1785542442,6715,351 Bridgeport/WhiteRock,15251699,5533,11,-617
2026-08-01T00:00:55.475716+00:00,1785542442,6715,351 Bridgeport/WhiteRock,15251699,5534,12,-620
2026-08-01T00:00:55.475716+00:00,1785542442,6715,351 Bridgeport/WhiteRock,15251699,5535,13,-585
2026-08-01T00:00:55.475716+00:00,1785542442,6715,351 Bridgeport/WhiteRock,15251699,5536,14,-586
2026-08-01T00:00:55.475716+00:00,1785542442,6715,351 Bridgeport/WhiteRock,15251699,5537,15,-570
2026-08-01T00:00:55.475716+00:00,1785542442,6715,351 Bridgeport/WhiteRock,15251699,5538,16,-564
2026-08-01T00:00:55.475716+00:00,1785542442,6715,351 Bridgeport/WhiteRock,15251699,5541,17,-512
2026-08-01T00:00:55.475716+00:00,1785542442,6715,351 Bridgeport/WhiteRock,15251699,5542,18,-490
2026-08-01T00:00:55.475716+00:00,1785542442,6715,351 Bridgeport/WhiteRock,15251699,6340,19,-443
2026-08-01T00:00:55.475716+00:00,1785542442,6715,351 Bridgeport/WhiteRock,15251699,6341,20,-420
2026-08-01T00:00:55.475716+00:00,1785542442,6715,351 Bridgeport/WhiteRock,15251699,6167,21,-410
2026-08-01T00:00:55.475716+00:00,1785542442,6715,351 Bridgeport/WhiteRock,15251700,8283,2,139
2026-08-01T00:00:55.475716+00:00,1785542442,6715,351 Bridgeport/WhiteRock,15251700,4929,3,87
2026-08-01T00:00:55.475716+00:00,1785542442,6715,351 Bridgeport/WhiteRock,15251700,6175,4,-603
2026-08-01T00:00:55.475716+00:00,1785542442,6715,351 Bridgeport/WhiteRock,15251700,5524,5,-556
2026-08-01T00:00:55.475716+00:00,1785542442,6715,351 Bridgeport/WhiteRock,15251700,5525,6,-570
2026-08-01T00:00:55.475716+00:00,1785542442,6715,351 Bridgeport/WhiteRock,15251700,10443,7,-563
2026-08-01T00:00:55.475716+00:00,1785542442,6715,351 Bridgeport/WhiteRock,15251700,5528,8,-540
2026-08-01T00:00:55.475716+00:00,1785542442,6715,351 Bridgeport/WhiteRock,15251700,5529,9,-545
2026-08-01T00:00:55.475716+00:00,1785542442,6715,351 Bridgeport/WhiteRock,15251700,5530,10,-543
2026-08-01T00:00:55.475716+00:00,1785542442,6715,351 Bridgeport/WhiteRock,15251700,5533,11,-523
2026-08-01T00:00:55.475716+00:00,1785542442,6715,351 Bridgeport/WhiteRock,15251700,5534,12,-525
2026-08-01T00:00:55.475716+00:00,1785542442,6715,351 Bridgeport/WhiteRock,15251700,5535,13,-503
2026-08-01T00:00:55.475716+00:00,1785542442,6715,351 Bridgeport/WhiteRock,15251700,5536,14,-506
2026-08-01T00:00:55.475716+00:00,1785542442,6715,351 Bridgeport/WhiteRock,15251700,5537,15,-487
2026-08-01T00:00:55.475716+00:00,1785542442,6715,351 Bridgeport/WhiteRock,15251700,5538,16,-482
2026-08-01T00:00:55.475716+00:00,1785542442,6715,351 Bridgeport/WhiteRock,15251700,5541,17,-430
2026-08-01T00:00:55.475716+00:00,1785542442,6715,351 Bridgeport/WhiteRock,15251700,5542,18,-408
2026-08-01T00:00:55.475716+00:00,1785542442,6715,351 Bridgeport/WhiteRock,15251700,6340,19,-363
2026-08-01T00:00:55.475716+00:00,1785542442,6715,351 Bridgeport/WhiteRock,15251700,6341,20,-340
2026-08-01T00:00:55.475716+00:00,1785542442,6715,351 Bridgeport/WhiteRock,15251700,6167,21,-329
2026-08-01T00:00:55.475716+00:00,1785542442,11692,364 Langley Centre/Scottsdale,15252683,11140,19,-103
2026-08-01T00:00:55.475716+00:00,1785542442,11692,364 Langley Centre/Scottsdale,15252683,11145,20,-113
2026-08-01T00:00:55.475716+00:00,1785542442,11692,364 Langley Centre/Scottsdale,15252683,11076,21,0
2026-08-01T00:00:55.475716+00:00,1785542442,11692,364 Langley Centre/Scottsdale,15252683,12645,22,-267
2026-08-01T00:00:55.475716+00:00,1785542442,11692,364 Langley Centre/Scottsdale,15252683,9525,23,-266
2026-08-01T00:00:55.475716+00:00,1785542442,11692,364 Langley Centre/Scottsdale,15252683,10148,24,-250
2026-08-01T00:00:55.475716+00:00,1785542442,11692,364 Langley Centre/Scottsdale,15252683,10585,25,-280
2026-08-01T00:00:55.475716+00:00,1785542442,11692,364 Langley Centre/Scottsdale,15252683,10250,26,-299
2026-08-01T00:00:55.475716+00:00,1785542442,11692,364 Langley Centre/Scottsdale,15252683,10588,27,-313
2026-08-01T00:00:55.475716+00:00,1785542442,11692,364 Langley Centre/Scottsdale,15252683,10248,28,-266
2026-08-01T00:00:55.475716+00:00,1785542442,11692,364 Langley Centre/Scottsdale,15252683,10726,29,-262
2026-08-01T00:00:55.475716+00:00,1785542442,11692,364 Langley Centre/Scottsdale,15252683,10725,30,-280
2026-08-01T00:00:55.475716+00:00,1785542442,11692,364 Langley Centre/Scottsdale,15252683,10727,31,-308
2026-08-01T00:00:55.475716+00:00,1785542442,11692,364 Langley Centre/Scottsdale,15252683,10251,32,-329
2026-08-01T00:00:55.475716+00:00,1785542442,11692,364 Langley Centre/Scottsdale,15252683,10252,33,-361
2026-08-01T00:00:55.475716+00:00,1785542442,11692,364 Langley Centre/Scottsdale,15252683,10253,34,-384
2026-08-01T00:00:55.475716+00:00,1785542442,11692,364 Langley Centre/Scottsdale,15252683,10255,35,-411
2026-08-01T00:00:55.475716+00:00,1785542442,11692,364 Langley Centre/Scottsdale,15252683,5332,36,-348
2026-08-01T00:00:55.475716+00:00,1785542442,11692,364 Langley Centre/Scottsdale,15252683,12497,37,-381
2026-08-01T00:00:55.475716+00:00,1785542442,11692,364 Langley Centre/Scottsdale,15252683,5334,38,-394
2026-08-01T00:00:55.475716+00:00,1785542442,11692,364 Langley Centre/Scottsdale,15252683,6472,39,-386
2026-08-01T00:00:55.475716+00:00,1785542442,11692,364 Langley Centre/Scottsdale,15252683,6473,40,-393
2026-08-01T00:00:55.475716+00:00,1785542442,11692,364 Langley Centre/Scottsdale,15252683,6474,41,-398
2026-08-01T00:00:55.475716+00:00,1785542442,11692,364 Langley Centre/Scottsdale,15252683,9306,42,-347
2026-08-01T00:00:55.475716+00:00,1785542442,11692,364 Langley Centre/Scottsdale,15252683,11125,43,-362
2026-08-01T00:00:55.475716+00:00,1785542442,11692,364 Langley Centre/Scottsdale,15252683,9294,44,-367
2026-08-01T00:00:55.475716+00:00,1785542442,11692,364 Langley Centre/Scottsdale,15252683,9293,45,-381
2026-08-01T00:00:55.475716+00:00,1785542442,11692,364 Langley Centre/Scottsdale,15252683,11126,46,-373
2026-08-01T00:00:55.475716+00:00,1785542442,11692,364 Langley Centre/Scottsdale,15252683,7094,47,-406
2026-08-01T00:00:55.475716+00:00,1785542442,11692,364 Langley Centre/Scottsdale,15252684,6474,41,-158
2026-08-01T00:00:55.475716+00:00,1785542442,11692,364 Langley Centre/Scottsdale,15252684,9306,42,-110
2026-08-01T00:00:55.475716+00:00,1785542442,11692,364 Langley Centre/Scottsdale,15252684,11125,43,-124
2026-08-01T00:00:55.475716+00:00,1785542442,11692,364 Langley Centre/Scottsdale,15252684,9294,44,-129
2026-08-01T00:00:55.475716+00:00,1785542442,11692,364 Langley Centre/Scottsdale,15252684,9293,45,-139
2026-08-01T00:00:55.475716+00:00,1785542442,11692,364 Langley Centre/Scottsdale,15252684,11126,46,-130
2026-08-01T00:00:55.475716+00:00,1785542442,11692,364 Langley Centre/Scottsdale,15252684,7094,47,-163
2026-08-01T00:00:55.475716+00:00,1785542442,11692,364 Langley Centre/Scottsdale,15252697,12645,22,150
2026-08-01T00:00:55.475716+00:00,1785542442,11692,364 Langley Centre/Scottsdale,15252697,9525,23,152
2026-08-01T00:00:55.475716+00:00,1785542442,11692,364 Langley Centre/Scottsdale,15252697,10148,24,168
2026-08-01T00:00:55.475716+00:00,1785542442,11692,364 Langley Centre/Scottsdale,15252697,10585,25,138
2026-08-01T00:00:55.475716+00:00,1785542442,11692,364 Langley Centre/Scottsdale,15252697,10250,26,119
2026-08-01T00:00:55.475716+00:00,1785542442,11692,364 Langley Centre/Scottsdale,15252697,10588,27,105
2026-08-01T00:00:55.475716+00:00,1785542442,11692,364 Langley Centre/Scottsdale,15252697,10248,28,152
2026-08-01T00:00:55.475716+00:00,1785542442,11692,364 Langley Centre/Scottsdale,15252697,10726,29,156
2026-08-01T00:00:55.475716+00:00,1785542442,11692,364 Langley Centre/Scottsdale,15252697,10725,30,141
2026-08-01T00:00:55.475716+00:00,1785542442,11692,364 Langley Centre/Scottsdale,15252697,10727,31,113
2026-08-01T00:00:55.475716+00:00,1785542442,11692,364 Langley Centre/Scottsdale,15252697,10251,32,93
2026-08-01T00:00:55.475716+00:00,1785542442,11692,364 Langley Centre/Scottsdale,15252697,10252,33,62
2026-08-01T00:00:55.475716+00:00,1785542442,11692,364 Langley Centre/Scottsdale,15252697,10253,34,40
2026-08-01T00:00:55.475716+00:00,1785542442,11692,364 Langley Centre/Scottsdale,15252697,10255,35,13
2026-08-01T00:00:55.475716+00:00,1785542442,11692,364 Langley Centre/Scottsdale,15252697,5332,36,76
2026-08-01T00:00:55.475716+00:00,1785542442,11692,364 Langley Centre/Scottsdale,15252697,12497,37,42
2026-08-01T00:00:55.475716+00:00,1785542442,11692,364 Langley Centre/Scottsdale,15252697,5334,38,29
2026-08-01T00:00:55.475716+00:00,1785542442,11692,364 Langley Centre/Scottsdale,15252697,6472,39,37
2026-08-01T00:00:55.475716+00:00,1785542442,11692,364 Langley Centre/Scottsdale,15252697,6473,40,33
2026-08-01T00:00:55.475716+00:00,1785542442,11692,364 Langley Centre/Scottsdale,15252697,6474,41,26
2026-08-01T00:00:55.475716+00:00,1785542442,11692,364 Langley Centre/Scottsdale,15252697,9306,42,78
2026-08-01T00:00:55.475716+00:00,1785542442,11692,364 Langley Centre/Scottsdale,15252697,11125,43,59
2026-08-01T00:00:55.475716+00:00,1785542442,11692,364 Langley Centre/Scottsdale,15252697,9294,44,68
2026-08-01T00:00:55.475716+00:00,1785542442,11692,364 Langley Centre/Scottsdale,15252697,9293,45,54
2026-08-01T00:00:55.475716+00:00,1785542442,11692,364 Langley Centre/Scottsdale,15252697,11126,46,61
2026-08-01T00:00:55.475716+00:00,1785542442,11692,364 Langley Centre/Scottsdale,15252697,7094,47,28
2026-08-01T00:00:55.475716+00:00,1785542442,11692,364 Langley Centre/Scottsdale,15252698,5244,1,0
2026-08-01T00:00:55.475716+00:00,1785542442,11692,364 Langley Centre/Scottsdale,15252698,4846,2,-1095
2026-08-01T00:00:55.475716+00:00,1785542442,11692,364 Langley Centre/Scottsdale,15252698,4918,3,-1063
2026-08-01T00:00:55.475716+00:00,1785542442,11692,364 Langley Centre/Scottsdale,15252698,4919,4,-1094
2026-08-01T00:00:55.475716+00:00,1785542442,11692,364 Langley Centre/Scottsdale,15252698,4921,5,-1160
2026-08-01T00:00:55.475716+00:00,1785542442,11692,364 Langley Centre/Scottsdale,15252698,11121,6,-1114
2026-08-01T00:00:55.475716+00:00,1785542442,11692,364 Langley Centre/Scottsdale,15252698,11142,7,-1158
2026-08-01T00:00:55.475716+00:00,1785542442,11692,364 Langley Centre/Scottsdale,15252698,11139,8,-1182
2026-08-01T00:00:55.475716+00:00,1785542442,11692,364 Langley Centre/Scottsdale,15252698,11156,9,-1200
2026-08-01T00:00:55.475716+00:00,1785542442,11692,364 Langley Centre/Scottsdale,15252698,5583,10,-1193
2026-08-01T00:00:55.475716+00:00,1785542442,11692,364 Langley Centre/Scottsdale,15252698,5584,11,-1233
2026-08-01T00:00:55.475716+00:00,1785542442,11692,364 Langley Centre/Scottsdale,15252698,6464,12,-1257
2026-08-01T00:00:55.475716+00:00,1785542442,11692,364 Langley Centre/Scottsdale,15252698,6465,13,-1290
2026-08-01T00:00:55.475716+00:00,1785542442,11692,364 Langley Centre/Scottsdale,15252698,11074,14,-1250
2026-08-01T00:00:55.475716+00:00,1785542442,11692,364 Langley Centre/Scottsdale,15252698,11153,15,-1288
2026-08-01T00:00:55.475716+00:00,1785542442,11692,364 Langley Centre/Scottsdale,15252698,11150,16,-1334
2026-08-01T00:00:55.475716+00:00,1785542442,11692,364 Langley Centre/Scottsdale,15252698,11148,17,-1354
2026-08-01T00:00:55.475716+00:00,1785542442,11692,364 Langley Centre/Scottsdale,15252698,11124,18,-1345
2026-08-01T00:00:55.475716+00:00,1785542442,11692,364 Langley Centre/Scottsdale,15252698,11140,19,-1390
2026-08-01T00:00:55.475716+00:00,1785542442,11692,364 Langley Centre/Scottsdale,15252698,11145,20,-1400
2026-08-01T00:00:55.475716+00:00,1785542442,11692,364 Langley Centre/Scottsdale,15252698,11076,21,0
2026-08-01T00:00:55.475716+00:00,1785542442,11692,364 Langley Centre/Scottsdale,15252698,12645,22,-210
2026-08-01T00:00:55.475716+00:00,1785542442,11692,364 Langley Centre/Scottsdale,15252698,9525,23,-207
2026-08-01T00:00:55.475716+00:00,1785542442,11692,364 Langley Centre/Scottsdale,15252698,10148,24,-181
2026-08-01T00:00:55.475716+00:00,1785542442,11692,364 Langley Centre/Scottsdale,15252698,10585,25,-203
2026-08-01T00:00:55.475716+00:00,1785542442,11692,364 Langley Centre/Scottsdale,15252698,10250,26,-212
2026-08-01T00:00:55.475716+00:00,1785542442,11692,364 Langley Centre/Scottsdale,15252698,10588,27,-220
2026-08-01T00:00:55.475716+00:00,1785542442,11692,364 Langley Centre/Scottsdale,15252698,10248,28,-160
2026-08-01T00:00:55.475716+00:00,1785542442,11692,364 Langley Centre/Scottsdale,15252698,10726,29,-162
2026-08-01T00:00:55.475716+00:00,1785542442,11692,364 Langley Centre/Scottsdale,15252698,10725,30,-176
2026-08-01T00:00:55.475716+00:00,1785542442,11692,364 Langley Centre/Scottsdale,15252698,10727,31,-194
2026-08-01T00:00:55.475716+00:00,1785542442,11692,364 Langley Centre/Scottsdale,15252698,10251,32,-201
2026-08-01T00:00:55.475716+00:00,1785542442,11692,364 Langley Centre/Scottsdale,15252698,10252,33,-226
2026-08-01T00:00:55.475716+00:00,1785542442,11692,364 Langley Centre/Scottsdale,15252698,10253,34,-236
2026-08-01T00:00:55.475716+00:00,1785542442,11692,364 Langley Centre/Scottsdale,15252698,10255,35,-255
2026-08-01T00:00:55.475716+00:00,1785542442,11692,364 Langley Centre/Scottsdale,15252698,5332,36,-225
2026-08-01T00:00:55.475716+00:00,1785542442,11692,364 Langley Centre/Scottsdale,15252698,12497,37,-251
2026-08-01T00:00:55.475716+00:00,1785542442,11692,364 Langley Centre/Scottsdale,15252698,5334,38,-249
2026-08-01T00:00:55.475716+00:00,1785542442,11692,364 Langley Centre/Scottsdale,15252698,6472,39,-239
2026-08-01T00:00:55.475716+00:00,1785542442,11692,364 Langley Centre/Scottsdale,15252698,6473,40,-239
2026-08-01T00:00:55.475716+00:00,1785542442,11692,364 Langley Centre/Scottsdale,15252698,6474,41,-238
2026-08-01T00:00:55.475716+00:00,1785542442,11692,364 Langley Centre/Scottsdale,15252698,9306,42,-186
2026-08-01T00:00:55.475716+00:00,1785542442,11692,364 Langley Centre/Scottsdale,15252698,11125,43,-179
2026-08-01T00:00:55.475716+00:00,1785542442,11692,364 Langley Centre/Scottsdale,15252698,9294,44,-174
2026-08-01T00:00:55.475716+00:00,1785542442,11692,364 Langley Centre/Scottsdale,15252698,9293,45,-183
2026-08-01T00:00:55.475716+00:00,1785542442,11692,364 Langley Centre/Scottsdale,15252698,11126,46,-176
2026-08-01T00:00:55.475716+00:00,1785542442,11692,364 Langley Centre/Scottsdale,15252698,7094,47,-208
2026-08-01T00:00:55.475716+00:00,1785542442,11692,364 Langley Centre/Scottsdale,15252700,11121,6,272
2026-08-01T00:00:55.475716+00:00,1785542442,11692,364 Langley Centre/Scottsdale,15252700,11142,7,224
2026-08-01T00:00:55.475716+00:00,1785542442,11692,364 Langley Centre/Scottsdale,15252700,11139,8,197
2026-08-01T00:00:55.475716+00:00,1785542442,11692,364 Langley Centre/Scottsdale,15252700,11156,9,163
2026-08-01T00:00:55.475716+00:00,1785542442,11692,364 Langley Centre/Scottsdale,15252700,5583,10,167
2026-08-01T00:00:55.475716+00:00,1785542442,11692,364 Langley Centre/Scottsdale,15252700,5584,11,124
2026-08-01T00:00:55.475716+00:00,1785542442,11692,364 Langley Centre/Scottsdale,15252700,6464,12,98
2026-08-01T00:00:55.475716+00:00,1785542442,11692,364 Langley Centre/Scottsdale,15252700,6465,13,63
2026-08-01T00:00:55.475716+00:00,1785542442,11692,364 Langley Centre/Scottsdale,15252700,11074,14,100
2026-08-01T00:00:55.475716+00:00,1785542442,11692,364 Langley Centre/Scottsdale,15252700,11153,15,60
2026-08-01T00:00:55.475716+00:00,1785542442,11692,364 Langley Centre/Scottsdale,15252700,11150,16,11
2026-08-01T00:00:55.475716+00:00,1785542442,11692,364 Langley Centre/Scottsdale,15252700,11148,17,-12
2026-08-01T00:00:55.475716+00:00,1785542442,11692,364 Langley Centre/Scottsdale,15252700,11124,18,-6
2026-08-01T00:00:55.475716+00:00,1785542442,11692,364 Langley Centre/Scottsdale,15252700,11140,19,-53
2026-08-01T00:00:55.475716+00:00,1785542442,11692,364 Langley Centre/Scottsdale,15252700,11145,20,-65
2026-08-01T00:00:55.475716+00:00,1785542442,11692,364 Langley Centre/Scottsdale,15252700,11076,21,0
2026-08-01T00:00:55.475716+00:00,1785542442,11692,364 Langley Centre/Scottsdale,15252700,12645,22,-233
2026-08-01T00:00:55.475716+00:00,1785542442,11692,364 Langley Centre/Scottsdale,15252700,9525,23,-232
2026-08-01T00:00:55.475716+00:00,1785542442,11692,364 Langley Centre/Scottsdale,15252700,10148,24,-210
2026-08-01T00:00:55.475716+00:00,1785542442,11692,364 Langley Centre/Scottsdale,15252700,10585,25,-235
2026-08-01T00:00:55.475716+00:00,1785542442,11692,364 Langley Centre/Scottsdale,15252700,10250,26,-247
2026-08-01T00:00:55.475716+00:00,1785542442,11692,364 Langley Centre/Scottsdale,15252700,10588,27,-258
2026-08-01T00:00:55.475716+00:00,1785542442,11692,364 Langley Centre/Scottsdale,15252700,10248,28,-203
2026-08-01T00:00:55.475716+00:00,1785542442,11692,364 Langley Centre/Scottsdale,15252700,10726,29,-198
2026-08-01T00:00:55.475716+00:00,1785542442,11692,364 Langley Centre/Scottsdale,15252700,10725,30,-211
2026-08-01T00:00:55.475716+00:00,1785542442,11692,364 Langley Centre/Scottsdale,15252700,10727,31,-233
2026-08-01T00:00:55.475716+00:00,1785542442,11692,364 Langley Centre/Scottsdale,15252700,10251,32,-244
2026-08-01T00:00:55.475716+00:00,1785542442,11692,364 Langley Centre/Scottsdale,15252700,10252,33,-270
2026-08-01T00:00:55.475716+00:00,1785542442,11692,364 Langley Centre/Scottsdale,15252700,10253,34,-281
2026-08-01T00:00:55.475716+00:00,1785542442,11692,364 Langley Centre/Scottsdale,15252700,10255,35,-302
2026-08-01T00:00:55.475716+00:00,1785542442,11692,364 Langley Centre/Scottsdale,15252700,5332,36,-236
2026-08-01T00:00:55.475716+00:00,1785542442,11692,364 Langley Centre/Scottsdale,15252700,12497,37,-266
2026-08-01T00:00:55.475716+00:00,1785542442,11692,364 Langley Centre/Scottsdale,15252700,5334,38,-276
2026-08-01T00:00:55.475716+00:00,1785542442,11692,364 Langley Centre/Scottsdale,15252700,6472,39,-268
2026-08-01T00:00:55.475716+00:00,1785542442,11692,364 Langley Centre/Scottsdale,15252700,6473,40,-271
2026-08-01T00:00:55.475716+00:00,1785542442,11692,364 Langley Centre/Scottsdale,15252700,6474,41,-277
2026-08-01T00:00:55.475716+00:00,1785542442,11692,364 Langley Centre/Scottsdale,15252700,9306,42,-225
2026-08-01T00:00:55.475716+00:00,1785542442,11692,364 Langley Centre/Scottsdale,15252700,11125,43,-225
2026-08-01T00:00:55.475716+00:00,1785542442,11692,364 Langley Centre/Scottsdale,15252700,9294,44,-225
2026-08-01T00:00:55.475716+00:00,1785542442,11692,364 Langley Centre/Scottsdale,15252700,9293,45,-237
2026-08-01T00:00:55.475716+00:00,1785542442,11692,364 Langley Centre/Scottsdale,15252700,11126,46,-227
2026-08-01T00:00:55.475716+00:00,1785542442,11692,364 Langley Centre/Scottsdale,15252700,7094,47,-240
2026-08-01T00:00:55.475716+00:00,1785542442,11692,364 Langley Centre/Scottsdale,15252714,7166,1,22
2026-08-01T00:00:55.475716+00:00,1785542442,11692,364 Langley Centre/Scottsdale,15252714,7096,2,-363
2026-08-01T00:00:55.475716+00:00,1785542442,11692,364 Langley Centre/Scottsdale,15252714,7093,3,-365
2026-08-01T00:00:55.475716+00:00,1785542442,11692,364 Langley Centre/Scottsdale,15252714,9291,4,-513
2026-08-01T00:00:55.475716+00:00,1785542442,11692,364 Langley Centre/Scottsdale,15252714,9292,5,-530
2026-08-01T00:00:55.475716+00:00,1785542442,11692,364 Langley Centre/Scottsdale,15252714,11264,6,-525
2026-08-01T00:00:55.475716+00:00,1785542442,11692,364 Langley Centre/Scottsdale,15252714,9303,7,-538
2026-08-01T00:00:55.475716+00:00,1785542442,11692,364 Langley Centre/Scottsdale,15252714,9304,8,-555
2026-08-01T00:00:55.475716+00:00,1785542442,11692,364 Langley Centre/Scottsdale,15252714,6475,9,-522
2026-08-01T00:00:55.475716+00:00,1785542442,11692,364 Langley Centre/Scottsdale,15252714,6476,10,-555
2026-08-01T00:00:55.475716+00:00,1785542442,11692,364 Langley Centre/Scottsdale,15252714,5381,11,-576
2026-08-01T00:00:55.475716+00:00,1785542442,11692,364 Langley Centre/Scottsdale,15252714,12496,12,-586
2026-08-01T00:00:55.475716+00:00,1785542442,11692,364 Langley Centre/Scottsdale,15252714,5382,13,-609
2026-08-01T00:00:55.475716+00:00,1785542442,11692,364 Langley Centre/Scottsdale,15252714,12516,14,-429
2026-08-01T00:00:55.475716+00:00,1785542442,11692,364 Langley Centre/Scottsdale,15252714,10257,15,-480
2026-08-01T00:00:55.475716+00:00,1785542442,11692,364 Langley Centre/Scottsdale,15252714,10258,16,-505
2026-08-01T00:00:55.475716+00:00,1785542442,11692,364 Langley Centre/Scottsdale,15252714,10259,17,-562
2026-08-01T00:00:55.475716+00:00,1785542442,11692,364 Langley Centre/Scottsdale,15252714,10260,18,0
2026-08-01T00:00:55.475716+00:00,1785542442,11692,364 Langley Centre/Scottsdale,15252714,10729,19,-59
2026-08-01T00:00:55.475716+00:00,1785542442,11692,364 Langley Centre/Scottsdale,15252714,13067,20,-84
2026-08-01T00:00:55.475716+00:00,1785542442,11692,364 Langley Centre/Scottsdale,15252714,10633,21,-105
2026-08-01T00:00:55.475716+00:00,1785542442,11692,364 Langley Centre/Scottsdale,15252714,10149,22,-11
2026-08-01T00:00:55.475716+00:00,1785542442,11692,364 Langley Centre/Scottsdale,15252714,10587,23,-34
2026-08-01T00:00:55.475716+00:00,1785542442,11692,364 Langley Centre/Scottsdale,15252714,10261,24,-76
2026-08-01T00:00:55.475716+00:00,1785542442,11692,364 Langley Centre/Scottsdale,15252714,10586,25,-118
2026-08-01T00:00:55.475716+00:00,1785542442,11692,364 Langley Centre/Scottsdale,15252714,9547,26,-94
2026-08-01T00:00:55.475716+00:00,1785542442,11692,364 Langley Centre/Scottsdale,15252714,9526,27,-126
2026-08-01T00:00:55.475716+00:00,1785542442,11692,364 Langley Centre/Scottsdale,15252714,12646,28,-143
2026-08-01T00:00:55.475716+00:00,1785542442,11692,364 Langley Centre/Scottsdale,15252714,11075,29,-224
2026-08-01T00:00:55.475716+00:00,1785542442,11692,364 Langley Centre/Scottsdale,15252714,11174,30,-256
2026-08-01T00:00:55.475716+00:00,1785542442,11692,364 Langley Centre/Scottsdale,15252714,11175,31,-292
2026-08-01T00:00:55.475716+00:00,1785542442,11692,364 Langley Centre/Scottsdale,15252714,11123,32,-245
2026-08-01T00:00:55.475716+00:00,1785542442,11692,364 Langley Centre/Scottsdale,15252714,11176,33,-254
2026-08-01T00:00:55.475716+00:00,1785542442,11692,364 Langley Centre/Scottsdale,15252714,11177,34,-287
2026-08-01T00:00:55.475716+00:00,1785542442,11692,364 Langley Centre/Scottsdale,15252714,11178,35,-320
2026-08-01T00:00:55.475716+00:00,1785542442,11692,364 Langley Centre/Scottsdale,15252714,6459,36,-231
2026-08-01T00:00:55.475716+00:00,1785542442,11692,364 Langley Centre/Scottsdale,15252714,6460,37,-238
2026-08-01T00:00:55.475716+00:00,1785542442,11692,364 Langley Centre/Scottsdale,15252714,5621,38,-240
2026-08-01T00:00:55.475716+00:00,1785542442,11692,364 Langley Centre/Scottsdale,15252714,5622,39,-269
2026-08-01T00:00:55.475716+00:00,1785542442,11692,364 Langley Centre/Scottsdale,15252714,11122,40,-258
2026-08-01T00:00:55.475716+00:00,1785542442,11692,364 Langley Centre/Scottsdale,15252714,11155,41,-274
2026-08-01T00:00:55.475716+00:00,1785542442,11692,364 Langley Centre/Scottsdale,15252714,11143,42,-287
2026-08-01T00:00:55.475716+00:00,1785542442,11692,364 Langley Centre/Scottsdale,15252714,11141,43,-324
2026-08-01T00:00:55.475716+00:00,1785542442,11692,364 Langley Centre/Scottsdale,15252714,4936,44,-322
2026-08-01T00:00:55.475716+00:00,1785542442,11692,364 Langley Centre/Scottsdale,15252714,4937,45,-340
2026-08-01T00:00:55.475716+00:00,1785542442,11692,364 Langley Centre/Scottsdale,15252714,4938,46,-366
2026-08-01T00:00:55.475716+00:00,1785542442,11692,364 Langley Centre/Scottsdale,15252714,5229,47,-370
2026-08-01T00:00:55.475716+00:00,1785542442,11692,364 Langley Centre/Scottsdale,15252714,4917,48,-326
2026-08-01T00:00:55.475716+00:00,1785542442,11692,364 Langley Centre/Scottsdale,15252715,10260,18,0
2026-08-01T00:00:55.475716+00:00,1785542442,11692,364 Langley Centre/Scottsdale,15252715,10729,19,-59
2026-08-01T00:00:55.475716+00:00,1785542442,11692,364 Langley Centre/Scottsdale,15252715,13067,20,-84
2026-08-01T00:00:55.475716+00:00,1785542442,11692,364 Langley Centre/Scottsdale,15252715,10633,21,-105
2026-08-01T00:00:55.475716+00:00,1785542442,11692,364 Langley Centre/Scottsdale,15252715,10149,22,-10
2026-08-01T00:00:55.475716+00:00,1785542442,11692,364 Langley Centre/Scottsdale,15252715,10587,23,-33
2026-08-01T00:00:55.475716+00:00,1785542442,11692,364 Langley Centre/Scottsdale,15252715,10261,24,-74
2026-08-01T00:00:55.475716+00:00,1785542442,11692,364 Langley Centre/Scottsdale,15252715,10586,25,-116
2026-08-01T00:00:55.475716+00:00,1785542442,11692,364 Langley Centre/Scottsdale,15252715,9547,26,-92
2026-08-01T00:00:55.475716+00:00,1785542442,11692,364 Langley Centre/Scottsdale,15252715,9526,27,-123
2026-08-01T00:00:55.475716+00:00,1785542442,11692,364 Langley Centre/Scottsdale,15252715,12646,28,-139
2026-08-01T00:00:55.475716+00:00,1785542442,11692,364 Langley Centre/Scottsdale,15252715,11075,29,-220
2026-08-01T00:00:55.475716+00:00,1785542442,11692,364 Langley Centre/Scottsdale,15252715,11174,30,-253
2026-08-01T00:00:55.475716+00:00,1785542442,11692,364 Langley Centre/Scottsdale,15252715,11175,31,-288
2026-08-01T00:00:55.475716+00:00,1785542442,11692,364 Langley Centre/Scottsdale,15252715,11123,32,-242
2026-08-01T00:00:55.475716+00:00,1785542442,11692,364 Langley Centre/Scottsdale,15252715,11176,33,-247
2026-08-01T00:00:55.475716+00:00,1785542442,11692,364 Langley Centre/Scottsdale,15252715,11177,34,-281
2026-08-01T00:00:55.475716+00:00,1785542442,11692,364 Langley Centre/Scottsdale,15252715,11178,35,-315
2026-08-01T00:00:55.475716+00:00,1785542442,11692,364 Langley Centre/Scottsdale,15252715,6459,36,-227
2026-08-01T00:00:55.475716+00:00,1785542442,11692,364 Langley Centre/Scottsdale,15252715,6460,37,-239
2026-08-01T00:00:55.475716+00:00,1785542442,11692,364 Langley Centre/Scottsdale,15252715,5621,38,-239
2026-08-01T00:00:55.475716+00:00,1785542442,11692,364 Langley Centre/Scottsdale,15252715,5622,39,-267
2026-08-01T00:00:55.475716+00:00,1785542442,11692,364 Langley Centre/Scottsdale,15252715,11122,40,-237
2026-08-01T00:00:55.475716+00:00,1785542442,11692,364 Langley Centre/Scottsdale,15252715,11155,41,-255
2026-08-01T00:00:55.475716+00:00,1785542442,11692,364 Langley Centre/Scottsdale,15252715,11143,42,-268
2026-08-01T00:00:55.475716+00:00,1785542442,11692,364 Langley Centre/Scottsdale,15252715,11141,43,-305
2026-08-01T00:00:55.475716+00:00,1785542442,11692,364 Langley Centre/Scottsdale,15252715,4936,44,-297
2026-08-01T00:00:55.475716+00:00,1785542442,11692,364 Langley Centre/Scottsdale,15252715,4937,45,-323
2026-08-01T00:00:55.475716+00:00,1785542442,11692,364 Langley Centre/Scottsdale,15252715,4938,46,-351
2026-08-01T00:00:55.475716+00:00,1785542442,11692,364 Langley Centre/Scottsdale,15252715,5229,47,-354
2026-08-01T00:00:55.475716+00:00,1785542442,11692,364 Langley Centre/Scottsdale,15252715,4917,48,-294
2026-08-01T00:00:55.475716+00:00,1785542442,11692,364 Langley Centre/Scottsdale,15252736,6459,36,-50
2026-08-01T00:00:55.475716+00:00,1785542442,11692,364 Langley Centre/Scottsdale,15252736,6460,37,-61
2026-08-01T00:00:55.475716+00:00,1785542442,11692,364 Langley Centre/Scottsdale,15252736,5621,38,-66
2026-08-01T00:00:55.475716+00:00,1785542442,11692,364 Langley Centre/Scottsdale,15252736,5622,39,-98
2026-08-01T00:00:55.475716+00:00,1785542442,11692,364 Langley Centre/Scottsdale,15252736,11122,40,-72
2026-08-01T00:00:55.475716+00:00,1785542442,11692,364 Langley Centre/Scottsdale,15252736,11155,41,-93
2026-08-01T00:00:55.475716+00:00,1785542442,11692,364 Langley Centre/Scottsdale,15252736,11143,42,-110
2026-08-01T00:00:55.475716+00:00,1785542442,11692,364 Langley Centre/Scottsdale,15252736,11141,43,-149
2026-08-01T00:00:55.475716+00:00,1785542442,11692,364 Langley Centre/Scottsdale,15252736,4936,44,-143
2026-08-01T00:00:55.475716+00:00,1785542442,11692,364 Langley Centre/Scottsdale,15252736,4937,45,-171
2026-08-01T00:00:55.475716+00:00,1785542442,11692,364 Langley Centre/Scottsdale,15252736,4938,46,-204
2026-08-01T00:00:55.475716+00:00,1785542442,11692,364 Langley Centre/Scottsdale,15252736,5229,47,-207
2026-08-01T00:00:55.475716+00:00,1785542442,11692,364 Langley Centre/Scottsdale,15252736,4917,48,-152
2026-08-01T00:00:55.475716+00:00,1785542442,11692,364 Langley Centre/Scottsdale,15252751,11075,29,-396
2026-08-01T00:00:55.475716+00:00,1785542442,11692,364 Langley Centre/Scottsdale,15252751,11174,30,-436
2026-08-01T00:00:55.475716+00:00,1785542442,11692,364 Langley Centre/Scottsdale,15252751,11175,31,-472
2026-08-01T00:00:55.475716+00:00,1785542442,11692,364 Langley Centre/Scottsdale,15252751,11123,32,-431
2026-08-01T00:00:55.475716+00:00,1785542442,11692,364 Langley Centre/Scottsdale,15252751,11176,33,-438
2026-08-01T00:00:55.475716+00:00,1785542442,11692,364 Langley Centre/Scottsdale,15252751,11177,34,-474
2026-08-01T00:00:55.475716+00:00,1785542442,11692,364 Langley Centre/Scottsdale,15252751,11178,35,-510
2026-08-01T00:00:55.475716+00:00,1785542442,11692,364 Langley Centre/Scottsdale,15252751,6459,36,-424
2026-08-01T00:00:55.475716+00:00,1785542442,11692,364 Langley Centre/Scottsdale,15252751,6460,37,-437
2026-08-01T00:00:55.475716+00:00,1785542442,11692,364 Langley Centre/Scottsdale,15252751,5621,38,-441
2026-08-01T00:00:55.475716+00:00,1785542442,11692,364 Langley Centre/Scottsdale,15252751,5622,39,-473
2026-08-01T00:00:55.475716+00:00,1785542442,11692,364 Langley Centre/Scottsdale,15252751,11122,40,-447
2026-08-01T00:00:55.475716+00:00,1785542442,11692,364 Langley Centre/Scottsdale,15252751,11155,41,-468
2026-08-01T00:00:55.475716+00:00,1785542442,11692,364 Langley Centre/Scottsdale,15252751,11143,42,-485
2026-08-01T00:00:55.475716+00:00,1785542442,11692,364 Langley Centre/Scottsdale,15252751,11141,43,-525
2026-08-01T00:00:55.475716+00:00,1785542442,11692,364 Langley Centre/Scottsdale,15252751,4936,44,-519
2026-08-01T00:00:55.475716+00:00,1785542442,11692,364 Langley Centre/Scottsdale,15252751,4937,45,-547
2026-08-01T00:00:55.475716+00:00,1785542442,11692,364 Langley Centre/Scottsdale,15252751,4938,46,-579
2026-08-01T00:00:55.475716+00:00,1785542442,11692,364 Langley Centre/Scottsdale,15252751,5229,47,-584
2026-08-01T00:00:55.475716+00:00,1785542442,11692,364 Langley Centre/Scottsdale,15252751,4917,48,-529
2026-08-01T00:00:55.475716+00:00,1785542442,11692,364 Langley Centre/Scottsdale,15252752,9292,5,-2
2026-08-01T00:00:55.475716+00:00,1785542442,11692,364 Langley Centre/Scottsdale,15252752,11264,6,-9
2026-08-01T00:00:55.475716+00:00,1785542442,11692,364 Langley Centre/Scottsdale,15252752,9303,7,-26
2026-08-01T00:00:55.475716+00:00,1785542442,11692,364 Langley Centre/Scottsdale,15252752,9304,8,-48
2026-08-01T00:00:55.475716+00:00,1785542442,11692,364 Langley Centre/Scottsdale,15252752,6475,9,-19
2026-08-01T00:00:55.475716+00:00,1785542442,11692,364 Langley Centre/Scottsdale,15252752,6476,10,-55
2026-08-01T00:00:55.475716+00:00,1785542442,11692,364 Langley Centre/Scottsdale,15252752,5381,11,-78
2026-08-01T00:00:55.475716+00:00,1785542442,11692,364 Langley Centre/Scottsdale,15252752,12496,12,-89
2026-08-01T00:00:55.475716+00:00,1785542442,11692,364 Langley Centre/Scottsdale,15252752,5382,13,-118
2026-08-01T00:00:55.475716+00:00,1785542442,11692,364 Langley Centre/Scottsdale,15252752,12516,14,58
2026-08-01T00:00:55.475716+00:00,1785542442,11692,364 Langley Centre/Scottsdale,15252752,10257,15,4
2026-08-01T00:00:55.475716+00:00,1785542442,11692,364 Langley Centre/Scottsdale,15252752,10258,16,-19
2026-08-01T00:00:55.475716+00:00,1785542442,11692,364 Langley Centre/Scottsdale,15252752,10259,17,-79
2026-08-01T00:00:55.475716+00:00,1785542442,11692,364 Langley Centre/Scottsdale,15252752,10260,18,0
2026-08-01T00:00:55.475716+00:00,1785542442,11692,364 Langley Centre/Scottsdale,15252752,10729,19,-59
2026-08-01T00:00:55.475716+00:00,1785542442,11692,364 Langley Centre/Scottsdale,15252752,13067,20,-84
2026-08-01T00:00:55.475716+00:00,1785542442,11692,364 Langley Centre/Scottsdale,15252752,10633,21,-105
2026-08-01T00:00:55.475716+00:00,1785542442,11692,364 Langley Centre/Scottsdale,15252752,10149,22,-10
2026-08-01T00:00:55.475716+00:00,1785542442,11692,364 Langley Centre/Scottsdale,15252752,10587,23,-33
2026-08-01T00:00:55.475716+00:00,1785542442,11692,364 Langley Centre/Scottsdale,15252752,10261,24,-74
2026-08-01T00:00:55.475716+00:00,1785542442,11692,364 Langley Centre/Scottsdale,15252752,10586,25,-116
2026-08-01T00:00:55.475716+00:00,1785542442,11692,364 Langley Centre/Scottsdale,15252752,9547,26,-92
2026-08-01T00:00:55.475716+00:00,1785542442,11692,364 Langley Centre/Scottsdale,15252752,9526,27,-123
2026-08-01T00:00:55.475716+00:00,1785542442,11692,364 Langley Centre/Scottsdale,15252752,12646,28,-139
2026-08-01T00:00:55.475716+00:00,1785542442,11692,364 Langley Centre/Scottsdale,15252752,11075,29,-220
2026-08-01T00:00:55.475716+00:00,1785542442,11692,364 Langley Centre/Scottsdale,15252752,11174,30,-253
2026-08-01T00:00:55.475716+00:00,1785542442,11692,364 Langley Centre/Scottsdale,15252752,11175,31,-287
2026-08-01T00:00:55.475716+00:00,1785542442,11692,364 Langley Centre/Scottsdale,15252752,11123,32,-242
2026-08-01T00:00:55.475716+00:00,1785542442,11692,364 Langley Centre/Scottsdale,15252752,11176,33,-250
2026-08-01T00:00:55.475716+00:00,1785542442,11692,364 Langley Centre/Scottsdale,15252752,11177,34,-283
2026-08-01T00:00:55.475716+00:00,1785542442,11692,364 Langley Centre/Scottsdale,15252752,11178,35,-317
2026-08-01T00:00:55.475716+00:00,1785542442,11692,364 Langley Centre/Scottsdale,15252752,6459,36,-229
2026-08-01T00:00:55.475716+00:00,1785542442,11692,364 Langley Centre/Scottsdale,15252752,6460,37,-240
2026-08-01T00:00:55.475716+00:00,1785542442,11692,364 Langley Centre/Scottsdale,15252752,5621,38,-240
2026-08-01T00:00:55.475716+00:00,1785542442,11692,364 Langley Centre/Scottsdale,15252752,5622,39,-268
2026-08-01T00:00:55.475716+00:00,1785542442,11692,364 Langley Centre/Scottsdale,15252752,11122,40,-238
2026-08-01T00:00:55.475716+00:00,1785542442,11692,364 Langley Centre/Scottsdale,15252752,11155,41,-257
2026-08-01T00:00:55.475716+00:00,1785542442,11692,364 Langley Centre/Scottsdale,15252752,11143,42,-271
2026-08-01T00:00:55.475716+00:00,1785542442,11692,364 Langley Centre/Scottsdale,15252752,11141,43,-308
2026-08-01T00:00:55.475716+00:00,1785542442,11692,364 Langley Centre/Scottsdale,15252752,4936,44,-300
2026-08-01T00:00:55.475716+00:00,1785542442,11692,364 Langley Centre/Scottsdale,15252752,4937,45,-326
2026-08-01T00:00:55.475716+00:00,1785542442,11692,364 Langley Centre/Scottsdale,15252752,4938,46,-353
2026-08-01T00:00:55.475716+00:00,1785542442,11692,364 Langley Centre/Scottsdale,15252752,5229,47,-356
2026-08-01T00:00:55.475716+00:00,1785542442,11692,364 Langley Centre/Scottsdale,15252752,4917,48,-297
2026-08-01T00:00:55.475716+00:00,1785542442,18705,531 WhiteRock/WillowBrook,15259154,5341,42,-83
2026-08-01T00:00:55.475716+00:00,1785542442,18705,531 WhiteRock/WillowBrook,15259154,5342,43,-81
2026-08-01T00:00:55.475716+00:00,1785542442,18705,531 WhiteRock/WillowBrook,15259154,12293,44,-64
2026-08-01T00:00:55.475716+00:00,1785542442,18705,531 WhiteRock/WillowBrook,15259154,12173,45,-4
2026-08-01T00:00:55.475716+00:00,1785542442,18705,531 WhiteRock/WillowBrook,15259154,9291,46,-39
2026-08-01T00:00:55.475716+00:00,1785542442,18705,531 WhiteRock/WillowBrook,15259154,9292,47,-45
2026-08-01T00:00:55.475716+00:00,1785542442,18705,531 WhiteRock/WillowBrook,15259154,11264,48,-12
2026-08-01T00:00:55.475716+00:00,1785542442,18705,531 WhiteRock/WillowBrook,15259154,9303,49,-15
2026-08-01T00:00:55.475716+00:00,1785542442,18705,531 WhiteRock/WillowBrook,15259154,9304,50,-18
2026-08-01T00:00:55.475716+00:00,1785542442,18705,531 WhiteRock/WillowBrook,15259154,6475,51,31
2026-08-01T00:00:55.475716+00:00,1785542442,18705,531 WhiteRock/WillowBrook,15259154,6476,52,21
2026-08-01T00:00:55.475716+00:00,1785542442,18705,531 WhiteRock/WillowBrook,15259154,5335,53,25
2026-08-01T00:00:55.475716+00:00,1785542442,18705,531 WhiteRock/WillowBrook,15259154,7100,54,61
2026-08-01T00:00:55.475716+00:00,1785542442,18705,531 WhiteRock/WillowBrook,15259155,12928,27,-220
2026-08-01T00:00:55.475716+00:00,1785542442,18705,531 WhiteRock/WillowBrook,15259155,12930,28,-241
2026-08-01T00:00:55.475716+00:00,1785542442,18705,531 WhiteRock/WillowBrook,15259155,13042,29,-256
2026-08-01T00:00:55.475716+00:00,1785542442,18705,531 WhiteRock/WillowBrook,15259155,8936,30,-243
2026-08-01T00:00:55.475716+00:00,1785542442,18705,531 WhiteRock/WillowBrook,15259155,9030,31,-254
2026-08-01T00:00:55.475716+00:00,1785542442,18705,531 WhiteRock/WillowBrook,15259155,8937,32,-276
2026-08-01T00:00:55.475716+00:00,1785542442,18705,531 WhiteRock/WillowBrook,15259155,8938,33,-270
2026-08-01T00:00:55.475716+00:00,1785542442,18705,531 WhiteRock/WillowBrook,15259155,7081,34,-270
2026-08-01T00:00:55.475716+00:00,1785542442,18705,531 WhiteRock/WillowBrook,15259155,7082,35,-278
2026-08-01T00:00:55.475716+00:00,1785542442,18705,531 WhiteRock/WillowBrook,15259155,7083,36,-308
2026-08-01T00:00:55.475716+00:00,1785542442,18705,531 WhiteRock/WillowBrook,15259155,7084,37,-323
2026-08-01T00:00:55.475716+00:00,1785542442,18705,531 WhiteRock/WillowBrook,15259155,7085,38,-356
2026-08-01T00:00:55.475716+00:00,1785542442,18705,531 WhiteRock/WillowBrook,15259155,8939,39,-369
2026-08-01T00:00:55.475716+00:00,1785542442,18705,531 WhiteRock/WillowBrook,15259155,7086,40,-380
2026-08-01T00:00:55.475716+00:00,1785542442,18705,531 WhiteRock/WillowBrook,15259155,8940,41,-407
2026-08-01T00:00:55.475716+00:00,1785542442,18705,531 WhiteRock/WillowBrook,15259155,5341,42,-419
2026-08-01T00:00:55.475716+00:00,1785542442,18705,531 WhiteRock/WillowBrook,15259155,5342,43,-419
2026-08-01T00:00:55.475716+00:00,1785542442,18705,531 WhiteRock/WillowBrook,15259155,12293,44,-402
2026-08-01T00:00:55.475716+00:00,1785542442,18705,531 WhiteRock/WillowBrook,15259155,12173,45,-337
2026-08-01T00:00:55.475716+00:00,1785542442,18705,531 WhiteRock/WillowBrook,15259155,9291,46,-364
2026-08-01T00:00:55.475716+00:00,1785542442,18705,531 WhiteRock/WillowBrook,15259155,9292,47,-369
2026-08-01T00:00:55.475716+00:00,1785542442,18705,531 WhiteRock/WillowBrook,15259155,11264,48,-340
2026-08-01T00:00:55.475716+00:00,1785542442,18705,531 WhiteRock/WillowBrook,15259155,9303,49,-342
2026-08-01T00:00:55.475716+00:00,1785542442,18705,531 WhiteRock/WillowBrook,15259155,9304,50,-345
2026-08-01T00:00:55.475716+00:00,1785542442,18705,531 WhiteRock/WillowBrook,15259155,6475,51,-295
2026-08-01T00:00:55.475716+00:00,1785542442,18705,531 WhiteRock/WillowBrook,15259155,6476,52,-303
2026-08-01T00:00:55.475716+00:00,1785542442,18705,531 WhiteRock/WillowBrook,15259155,5335,53,-298
2026-08-01T00:00:55.475716+00:00,1785542442,18705,531 WhiteRock/WillowBrook,15259155,7100,54,-262
2026-08-01T00:00:55.475716+00:00,1785542442,18705,531 WhiteRock/WillowBrook,15259173,6475,51,333
2026-08-01T00:00:55.475716+00:00,1785542442,18705,531 WhiteRock/WillowBrook,15259173,6476,52,321
2026-08-01T00:00:55.475716+00:00,1785542442,18705,531 WhiteRock/WillowBrook,15259173,5335,53,325
2026-08-01T00:00:55.475716+00:00,1785542442,18705,531 WhiteRock/WillowBrook,15259173,7100,54,360
2026-08-01T00:00:55.475716+00:00,1785542442,18705,531 WhiteRock/WillowBrook,15259176,11574,10,179
2026-08-01T00:00:55.475716+00:00,1785542442,18705,531 WhiteRock/WillowBrook,15259176,11736,11,209
2026-08-01T00:00:55.475716+00:00,1785542442,18705,531 WhiteRock/WillowBrook,15259176,12379,12,204
2026-08-01T00:00:55.475716+00:00,1785542442,18705,531 WhiteRock/WillowBrook,15259176,11738,13,178
2026-08-01T00:00:55.475716+00:00,1785542442,18705,531 WhiteRock/WillowBrook,15259176,11743,14,145
2026-08-01T00:00:55.475716+00:00,1785542442,18705,531 WhiteRock/WillowBrook,15259176,12306,15,79
2026-08-01T00:00:55.475716+00:00,1785542442,18705,531 WhiteRock/WillowBrook,15259176,12218,16,23
2026-08-01T00:00:55.475716+00:00,1785542442,18705,531 WhiteRock/WillowBrook,15259176,11924,17,-47
2026-08-01T00:00:55.475716+00:00,1785542442,18705,531 WhiteRock/WillowBrook,15259176,13131,18,-86
2026-08-01T00:00:55.475716+00:00,1785542442,18705,531 WhiteRock/WillowBrook,15259176,11923,19,-114
2026-08-01T00:00:55.475716+00:00,1785542442,18705,531 WhiteRock/WillowBrook,15259176,12597,20,-185
2026-08-01T00:00:55.475716+00:00,1785542442,18705,531 WhiteRock/WillowBrook,15259176,11922,21,-199
2026-08-01T00:00:55.475716+00:00,1785542442,18705,531 WhiteRock/WillowBrook,15259176,11744,22,-184
2026-08-01T00:00:55.475716+00:00,1785542442,18705,531 WhiteRock/WillowBrook,15259176,11839,23,-212
2026-08-01T00:00:55.475716+00:00,1785542442,18705,531 WhiteRock/WillowBrook,15259176,12922,24,-230
2026-08-01T00:00:55.475716+00:00,1785542442,18705,531 WhiteRock/WillowBrook,15259176,12923,25,-264
2026-08-01T00:00:55.475716+00:00,1785542442,18705,531 WhiteRock/WillowBrook,15259176,12925,26,-260
2026-08-01T00:00:55.475716+00:00,1785542442,18705,531 WhiteRock/WillowBrook,15259176,12928,27,-286
2026-08-01T00:00:55.475716+00:00,1785542442,18705,531 WhiteRock/WillowBrook,15259176,12930,28,-306
2026-08-01T00:00:55.475716+00:00,1785542442,18705,531 WhiteRock/WillowBrook,15259176,13042,29,-321
2026-08-01T00:00:55.475716+00:00,1785542442,18705,531 WhiteRock/WillowBrook,15259176,8936,30,-310
2026-08-01T00:00:55.475716+00:00,1785542442,18705,531 WhiteRock/WillowBrook,15259176,9030,31,-320
2026-08-01T00:00:55.475716+00:00,1785542442,18705,531 WhiteRock/WillowBrook,15259176,8937,32,-342
2026-08-01T00:00:55.475716+00:00,1785542442,18705,531 WhiteRock/WillowBrook,15259176,8938,33,-339
2026-08-01T00:00:55.475716+00:00,1785542442,18705,531 WhiteRock/WillowBrook,15259176,7081,34,-344
2026-08-01T00:00:55.475716+00:00,1785542442,18705,531 WhiteRock/WillowBrook,15259176,7082,35,-351
2026-08-01T00:00:55.475716+00:00,1785542442,18705,531 WhiteRock/WillowBrook,15259176,7083,36,-380
2026-08-01T00:00:55.475716+00:00,1785542442,18705,531 WhiteRock/WillowBrook,15259176,7084,37,-398
2026-08-01T00:00:55.475716+00:00,1785542442,18705,531 WhiteRock/WillowBrook,15259176,7085,38,-434
2026-08-01T00:00:55.475716+00:00,1785542442,18705,531 WhiteRock/WillowBrook,15259176,8939,39,-447
2026-08-01T00:00:55.475716+00:00,1785542442,18705,531 WhiteRock/WillowBrook,15259176,7086,40,-458
2026-08-01T00:00:55.475716+00:00,1785542442,18705,531 WhiteRock/WillowBrook,15259176,8940,41,-485
2026-08-01T00:00:55.475716+00:00,1785542442,18705,531 WhiteRock/WillowBrook,15259176,5341,42,-497
2026-08-01T00:00:55.475716+00:00,1785542442,18705,531 WhiteRock/WillowBrook,15259176,5342,43,-498
2026-08-01T00:00:55.475716+00:00,1785542442,18705,531 WhiteRock/WillowBrook,15259176,12293,44,-480
2026-08-01T00:00:55.475716+00:00,1785542442,18705,531 WhiteRock/WillowBrook,15259176,12173,45,-414
2026-08-01T00:00:55.475716+00:00,1785542442,18705,531 WhiteRock/WillowBrook,15259176,9291,46,-441
2026-08-01T00:00:55.475716+00:00,1785542442,18705,531 WhiteRock/WillowBrook,15259176,9292,47,-447
2026-08-01T00:00:55.475716+00:00,1785542442,18705,531 WhiteRock/WillowBrook,15259176,11264,48,-406
2026-08-01T00:00:55.475716+00:00,1785542442,18705,531 WhiteRock/WillowBrook,15259176,9303,49,-407
2026-08-01T00:00:55.475716+00:00,1785542442,18705,531 WhiteRock/WillowBrook,15259176,9304,50,-411
2026-08-01T00:00:55.475716+00:00,1785542442,18705,531 WhiteRock/WillowBrook,15259176,6475,51,-362
2026-08-01T00:00:55.475716+00:00,1785542442,18705,531 WhiteRock/WillowBrook,15259176,6476,52,-370
2026-08-01T00:00:55.475716+00:00,1785542442,18705,531 WhiteRock/WillowBrook,15259176,5335,53,-362
2026-08-01T00:00:55.475716+00:00,1785542442,18705,531 WhiteRock/WillowBrook,15259176,7100,54,-320
2026-08-01T00:00:55.475716+00:00,1785542442,18705,531 WhiteRock/WillowBrook,15259208,12924,29,200
2026-08-01T00:00:55.475716+00:00,1785542442,18705,531 WhiteRock/WillowBrook,15259208,11751,30,207
2026-08-01T00:00:55.475716+00:00,1785542442,18705,531 WhiteRock/WillowBrook,15259208,11750,31,162
2026-08-01T00:00:55.475716+00:00,1785542442,18705,531 WhiteRock/WillowBrook,15259208,11747,32,134
2026-08-01T00:00:55.475716+00:00,1785542442,18705,531 WhiteRock/WillowBrook,15259208,11745,33,126
2026-08-01T00:00:55.475716+00:00,1785542442,18705,531 WhiteRock/WillowBrook,15259208,13040,34,118
2026-08-01T00:00:55.475716+00:00,1785542442,18705,531 WhiteRock/WillowBrook,15259208,12598,35,92
2026-08-01T00:00:55.475716+00:00,1785542442,18705,531 WhiteRock/WillowBrook,15259208,11920,36,27
2026-08-01T00:00:55.475716+00:00,1785542442,18705,531 WhiteRock/WillowBrook,15259208,13130,37,-11
2026-08-01T00:00:55.475716+00:00,1785542442,18705,531 WhiteRock/WillowBrook,15259208,11925,38,-49
2026-08-01T00:00:55.475716+00:00,1785542442,18705,531 WhiteRock/WillowBrook,15259208,12219,39,-79
2026-08-01T00:00:55.475716+00:00,1785542442,18705,531 WhiteRock/WillowBrook,15259208,11741,40,-227
2026-08-01T00:00:55.475716+00:00,1785542442,18705,531 WhiteRock/WillowBrook,15259208,11740,41,-247
2026-08-01T00:00:55.475716+00:00,1785542442,18705,531 WhiteRock/WillowBrook,15259208,11739,42,-196
2026-08-01T00:00:55.475716+00:00,1785542442,18705,531 WhiteRock/WillowBrook,15259208,11737,43,-148
2026-08-01T00:00:55.475716+00:00,1785542442,18705,531 WhiteRock/WillowBrook,15259208,11757,44,-181
2026-08-01T00:00:55.475716+00:00,1785542442,18705,531 WhiteRock/WillowBrook,15259208,11735,45,-142
2026-08-01T00:00:55.475716+00:00,1785542442,18705,531 WhiteRock/WillowBrook,15259208,11756,46,-136
2026-08-01T00:00:55.475716+00:00,1785542442,18705,531 WhiteRock/WillowBrook,15259208,5535,47,-104
2026-08-01T00:00:55.475716+00:00,1785542442,18705,531 WhiteRock/WillowBrook,15259208,5536,48,-129
2026-08-01T00:00:55.475716+00:00,1785542442,18705,531 WhiteRock/WillowBrook,15259208,5537,49,-129
2026-08-01T00:00:55.475716+00:00,1785542442,18705,531 WhiteRock/WillowBrook,15259208,5538,50,-136
2026-08-01T00:00:55.475716+00:00,1785542442,18705,531 WhiteRock/WillowBrook,15259208,5539,51,-129
2026-08-01T00:00:55.475716+00:00,1785542442,18705,531 WhiteRock/WillowBrook,15259208,5540,52,-121
2026-08-01T00:00:55.475716+00:00,1785542442,18705,531 WhiteRock/WillowBrook,15259209,7092,11,111
2026-08-01T00:00:55.475716+00:00,1785542442,18705,531 WhiteRock/WillowBrook,15259209,10747,12,129
2026-08-01T00:00:55.475716+00:00,1785542442,18705,531 WhiteRock/WillowBrook,15259209,5364,13,143
2026-08-01T00:00:55.475716+00:00,1785542442,18705,531 WhiteRock/WillowBrook,15259209,11775,14,170
2026-08-01T00:00:55.475716+00:00,1785542442,18705,531 WhiteRock/WillowBrook,15259209,7171,15,133
2026-08-01T00:00:55.475716+00:00,1785542442,18705,531 WhiteRock/WillowBrook,15259209,7172,16,95
2026-08-01T00:00:55.475716+00:00,1785542442,18705,531 WhiteRock/WillowBrook,15259209,7173,17,84
2026-08-01T00:00:55.475716+00:00,1785542442,18705,531 WhiteRock/WillowBrook,15259209,7174,18,43
2026-08-01T00:00:55.475716+00:00,1785542442,18705,531 WhiteRock/WillowBrook,15259209,7175,19,35
2026-08-01T00:00:55.475716+00:00,1785542442,18705,531 WhiteRock/WillowBrook,15259209,7176,20,11
2026-08-01T00:00:55.475716+00:00,1785542442,18705,531 WhiteRock/WillowBrook,15259209,7177,21,14
2026-08-01T00:00:55.475716+00:00,1785542442,18705,531 WhiteRock/WillowBrook,15259209,8948,22,-17
2026-08-01T00:00:55.475716+00:00,1785542442,18705,531 WhiteRock/WillowBrook,15259209,9031,23,-36
2026-08-01T00:00:55.475716+00:00,1785542442,18705,531 WhiteRock/WillowBrook,15259209,12931,24,-41
2026-08-01T00:00:55.475716+00:00,1785542442,18705,531 WhiteRock/WillowBrook,15259209,13041,25,-76
2026-08-01T00:00:55.475716+00:00,1785542442,18705,531 WhiteRock/WillowBrook,15259209,12929,26,-93
2026-08-01T00:00:55.475716+00:00,1785542442,18705,531 WhiteRock/WillowBrook,15259209,12927,27,-126
2026-08-01T00:00:55.475716+00:00,1785542442,18705,531 WhiteRock/WillowBrook,15259209,12926,28,-132
2026-08-01T00:00:55.475716+00:00,1785542442,18705,531 WhiteRock/WillowBrook,15259209,12924,29,-150
2026-08-01T00:00:55.475716+00:00,1785542442,18705,531 WhiteRock/WillowBrook,15259209,11751,30,-143
2026-08-01T00:00:55.475716+00:00,1785542442,18705,531 WhiteRock/WillowBrook,15259209,11750,31,-183
2026-08-01T00:00:55.475716+00:00,1785542442,18705,531 WhiteRock/WillowBrook,15259209,11747,32,-211
2026-08-01T00:00:55.475716+00:00,1785542442,18705,531 WhiteRock/WillowBrook,15259209,11745,33,-216
2026-08-01T00:00:55.475716+00:00,1785542442,18705,531 WhiteRock/WillowBrook,15259209,13040,34,-224
2026-08-01T00:00:55.475716+00:00,1785542442,18705,531 WhiteRock/WillowBrook,15259209,12598,35,-250
2026-08-01T00:00:55.475716+00:00,1785542442,18705,531 WhiteRock/WillowBrook,15259209,11920,36,-313
2026-08-01T00:00:55.475716+00:00,1785542442,18705,531 WhiteRock/WillowBrook,15259209,13130,37,-351
2026-08-01T00:00:55.475716+00:00,1785542442,18705,531 WhiteRock/WillowBrook,15259209,11925,38,-389
2026-08-01T00:00:55.475716+00:00,1785542442,18705,531 WhiteRock/WillowBrook,15259209,12219,39,-419
2026-08-01T00:00:55.475716+00:00,1785542442,18705,531 WhiteRock/WillowBrook,15259209,11741,40,-566
2026-08-01T00:00:55.475716+00:00,1785542442,18705,531 WhiteRock/WillowBrook,15259209,11740,41,-586
2026-08-01T00:00:55.475716+00:00,1785542442,18705,531 WhiteRock/WillowBrook,15259209,11739,42,-536
2026-08-01T00:00:55.475716+00:00,1785542442,18705,531 WhiteRock/WillowBrook,15259209,11737,43,-490
2026-08-01T00:00:55.475716+00:00,1785542442,18705,531 WhiteRock/WillowBrook,15259209,11757,44,-523
2026-08-01T00:00:55.475716+00:00,1785542442,18705,531 WhiteRock/WillowBrook,15259209,11735,45,-484
2026-08-01T00:00:55.475716+00:00,1785542442,18705,531 WhiteRock/WillowBrook,15259209,11756,46,-477
2026-08-01T00:00:55.475716+00:00,1785542442,18705,531 WhiteRock/WillowBrook,15259209,5535,47,-445
2026-08-01T00:00:55.475716+00:00,1785542442,18705,531 WhiteRock/WillowBrook,15259209,5536,48,-473
2026-08-01T00:00:55.475716+00:00,1785542442,18705,531 WhiteRock/WillowBrook,15259209,5537,49,-474
2026-08-01T00:00:55.475716+00:00,1785542442,18705,531 WhiteRock/WillowBrook,15259209,5538,50,-481
2026-08-01T00:00:55.475716+00:00,1785542442,18705,531 WhiteRock/WillowBrook,15259209,5539,51,-474
2026-08-01T00:00:55.475716+00:00,1785542442,18705,531 WhiteRock/WillowBrook,15259209,5540,52,-466
2026-08-01T00:00:55.475716+00:00,1785542442,18705,531 WhiteRock/WillowBrook,15259221,11735,45,-91
2026-08-01T00:00:55.475716+00:00,1785542442,18705,531 WhiteRock/WillowBrook,15259221,11756,46,-85
2026-08-01T00:00:55.475716+00:00,1785542442,18705,531 WhiteRock/WillowBrook,15259221,5535,47,-52
2026-08-01T00:00:55.475716+00:00,1785542442,18705,531 WhiteRock/WillowBrook,15259221,5536,48,-75
2026-08-01T00:00:55.475716+00:00,1785542442,18705,531 WhiteRock/WillowBrook,15259221,5537,49,-69
2026-08-01T00:00:55.475716+00:00,1785542442,18705,531 WhiteRock/WillowBrook,15259221,5538,50,-75
2026-08-01T00:00:55.475716+00:00,1785542442,18705,531 WhiteRock/WillowBrook,15259221,5539,51,-71
2026-08-01T00:00:55.475716+00:00,1785542442,18705,531 WhiteRock/WillowBrook,15259221,5540,52,-65
2026-08-01T00:05:46.216964+00:00,1785542742,6705,321 Surrey Central/WhiteRock,15247048,10442,57,563
2026-08-01T00:05:46.216964+00:00,1785542742,6705,321 Surrey Central/WhiteRock,15247048,9929,58,585
2026-08-01T00:05:46.216964+00:00,1785542742,6705,321 Surrey Central/WhiteRock,15247048,9930,59,527
2026-08-01T00:05:46.216964+00:00,1785542742,6705,321 Surrey Central/WhiteRock,15247048,9932,60,436
2026-08-01T00:05:46.216964+00:00,1785542742,6705,321 Surrey Central/WhiteRock,15247049,11882,56,69
2026-08-01T00:05:46.216964+00:00,1785542742,6705,321 Surrey Central/WhiteRock,15247049,10442,57,151
2026-08-01T00:05:46.216964+00:00,1785542742,6705,321 Surrey Central/WhiteRock,15247049,9929,58,173
2026-08-01T00:05:46.216964+00:00,1785542742,6705,321 Surrey Central/WhiteRock,15247049,9930,59,115
2026-08-01T00:05:46.216964+00:00,1785542742,6705,321 Surrey Central/WhiteRock,15247049,9932,60,24
2026-08-01T00:05:46.216964+00:00,1785542742,6705,321 Surrey Central/WhiteRock,15247050,5475,49,-67
2026-08-01T00:05:46.216964+00:00,1785542742,6705,321 Surrey Central/WhiteRock,15247050,5476,50,-95
2026-08-01T00:05:46.216964+00:00,1785542742,6705,321 Surrey Central/WhiteRock,15247050,5477,51,-117
2026-08-01T00:05:46.216964+00:00,1785542742,6705,321 Surrey Central/WhiteRock,15247050,11725,52,-143
2026-08-01T00:05:46.216964+00:00,1785542742,6705,321 Surrey Central/WhiteRock,15247050,5040,53,-127
2026-08-01T00:05:46.216964+00:00,1785542742,6705,321 Surrey Central/WhiteRock,15247050,5041,54,-121
2026-08-01T00:05:46.216964+00:00,1785542742,6705,321 Surrey Central/WhiteRock,15247050,12155,55,-109
2026-08-01T00:05:46.216964+00:00,1785542742,6705,321 Surrey Central/WhiteRock,15247050,11882,56,0
2026-08-01T00:05:46.216964+00:00,1785542742,6705,321 Surrey Central/WhiteRock,15247050,10442,57,81
2026-08-01T00:05:46.216964+00:00,1785542742,6705,321 Surrey Central/WhiteRock,15247050,9929,58,101
2026-08-01T00:05:46.216964+00:00,1785542742,6705,321 Surrey Central/WhiteRock,15247050,9930,59,43
2026-08-01T00:05:46.216964+00:00,1785542742,6705,321 Surrey Central/WhiteRock,15247050,9932,60,-50
2026-08-01T00:05:46.216964+00:00,1785542742,6705,321 Surrey Central/WhiteRock,15247051,5466,40,0
2026-08-01T00:05:46.216964+00:00,1785542742,6705,321 Surrey Central/WhiteRock,15247051,5467,41,14
2026-08-01T00:05:46.216964+00:00,1785542742,6705,321 Surrey Central/WhiteRock,15247051,5468,42,-12
2026-08-01T00:05:46.216964+00:00,1785542742,6705,321 Surrey Central/WhiteRock,15247051,5469,43,-50
2026-08-01T00:05:46.216964+00:00,1785542742,6705,321 Surrey Central/WhiteRock,15247051,5470,44,-75
2026-08-01T00:05:46.216964+00:00,1785542742,6705,321 Surrey Central/WhiteRock,15247051,5471,45,-109
2026-08-01T00:05:46.216964+00:00,1785542742,6705,321 Surrey Central/WhiteRock,15247051,5472,46,-136
2026-08-01T00:05:46.216964+00:00,1785542742,6705,321 Surrey Central/WhiteRock,15247051,5473,47,-188
2026-08-01T00:05:46.216964+00:00,1785542742,6705,321 Surrey Central/WhiteRock,15247051,5474,48,-192
2026-08-01T00:05:46.216964+00:00,1785542742,6705,321 Surrey Central/WhiteRock,15247051,5475,49,-240
2026-08-01T00:05:46.216964+00:00,1785542742,6705,321 Surrey Central/WhiteRock,15247051,5476,50,-266
2026-08-01T00:05:46.216964+00:00,1785542742,6705,321 Surrey Central/WhiteRock,15247051,5477,51,-288
2026-08-01T00:05:46.216964+00:00,1785542742,6705,321 Surrey Central/WhiteRock,15247051,11725,52,-314
2026-08-01T00:05:46.216964+00:00,1785542742,6705,321 Surrey Central/WhiteRock,15247051,5040,53,-299
2026-08-01T00:05:46.216964+00:00,1785542742,6705,321 Surrey Central/WhiteRock,15247051,5041,54,-291
2026-08-01T00:05:46.216964+00:00,1785542742,6705,321 Surrey Central/WhiteRock,15247051,12155,55,-279
2026-08-01T00:05:46.216964+00:00,1785542742,6705,321 Surrey Central/WhiteRock,15247051,11882,56,0
2026-08-01T00:05:46.216964+00:00,1785542742,6705,321 Surrey Central/WhiteRock,15247051,10442,57,93
2026-08-01T00:05:46.216964+00:00,1785542742,6705,321 Surrey Central/WhiteRock,15247051,9929,58,121
2026-08-01T00:05:46.216964+00:00,1785542742,6705,321 Surrey Central/WhiteRock,15247051,9930,59,71
2026-08-01T00:05:46.216964+00:00,1785542742,6705,321 Surrey Central/WhiteRock,15247051,9932,60,-14
2026-08-01T00:05:46.216964+00:00,1785542742,6705,321 Surrey Central/WhiteRock,15247052,9083,17,121
2026-08-01T00:05:46.216964+00:00,1785542742,6705,321 Surrey Central/WhiteRock,15247052,5446,18,134
2026-08-01T00:05:46.216964+00:00,1785542742,6705,321 Surrey Central/WhiteRock,15247052,10445,19,127
2026-08-01T00:05:46.216964+00:00,1785542742,6705,321 Surrey Central/WhiteRock,15247052,5447,20,90
2026-08-01T00:05:46.216964+00:00,1785542742,6705,321 Surrey Central/WhiteRock,15247052,5448,21,90
2026-08-01T00:05:46.216964+00:00,1785542742,6705,321 Surrey Central/WhiteRock,15247052,10437,22,95
2026-08-01T00:05:46.216964+00:00,1785542742,6705,321 Surrey Central/WhiteRock,15247052,5449,23,39
2026-08-01T00:05:46.216964+00:00,1785542742,6705,321 Surrey Central/WhiteRock,15247052,11313,24,-3
2026-08-01T00:05:46.216964+00:00,1785542742,6705,321 Surrey Central/WhiteRock,15247052,10808,25,-152
2026-08-01T00:05:46.216964+00:00,1785542742,6705,321 Surrey Central/WhiteRock,15247052,5452,26,-219
2026-08-01T00:05:46.216964+00:00,1785542742,6705,321 Surrey Central/WhiteRock,15247052,11913,27,-239
2026-08-01T00:05:46.216964+00:00,1785542742,6705,321 Surrey Central/WhiteRock,15247052,5454,28,-250
2026-08-01T00:05:46.216964+00:00,1785542742,6705,321 Surrey Central/WhiteRock,15247052,5455,29,-251
2026-08-01T00:05:46.216964+00:00,1785542742,6705,321 Surrey Central/WhiteRock,15247052,5456,30,-141
2026-08-01T00:05:46.216964+00:00,1785542742,6705,321 Surrey Central/WhiteRock,15247052,12651,31,-170
2026-08-01T00:05:46.216964+00:00,1785542742,6705,321 Surrey Central/WhiteRock,15247052,5458,32,-170
2026-08-01T00:05:46.216964+00:00,1785542742,6705,321 Surrey Central/WhiteRock,15247052,5459,33,-163
2026-08-01T00:05:46.216964+00:00,1785542742,6705,321 Surrey Central/WhiteRock,15247052,5460,34,-170
2026-08-01T00:05:46.216964+00:00,1785542742,6705,321 Surrey Central/WhiteRock,15247052,5461,35,-180
2026-08-01T00:05:46.216964+00:00,1785542742,6705,321 Surrey Central/WhiteRock,15247052,5462,36,-187
2026-08-01T00:05:46.216964+00:00,1785542742,6705,321 Surrey Central/WhiteRock,15247052,5463,37,-130
2026-08-01T00:05:46.216964+00:00,1785542742,6705,321 Surrey Central/WhiteRock,15247052,5700,38,0
2026-08-01T00:05:46.216964+00:00,1785542742,6705,321 Surrey Central/WhiteRock,15247052,5465,39,-2
2026-08-01T00:05:46.216964+00:00,1785542742,6705,321 Surrey Central/WhiteRock,15247052,5466,40,-48
2026-08-01T00:05:46.216964+00:00,1785542742,6705,321 Surrey Central/WhiteRock,15247052,5467,41,-35
2026-08-01T00:05:46.216964+00:00,1785542742,6705,321 Surrey Central/WhiteRock,15247052,5468,42,-64
2026-08-01T00:05:46.216964+00:00,1785542742,6705,321 Surrey Central/WhiteRock,15247052,5469,43,-80
2026-08-01T00:05:46.216964+00:00,1785542742,6705,321 Surrey Central/WhiteRock,15247052,5470,44,-105
2026-08-01T00:05:46.216964+00:00,1785542742,6705,321 Surrey Central/WhiteRock,15247052,5471,45,-138
2026-08-01T00:05:46.216964+00:00,1785542742,6705,321 Surrey Central/WhiteRock,15247052,5472,46,-165
2026-08-01T00:05:46.216964+00:00,1785542742,6705,321 Surrey Central/WhiteRock,15247052,5473,47,-217
2026-08-01T00:05:46.216964+00:00,1785542742,6705,321 Surrey Central/WhiteRock,15247052,5474,48,-221
2026-08-01T00:05:46.216964+00:00,1785542742,6705,321 Surrey Central/WhiteRock,15247052,5475,49,-269
2026-08-01T00:05:46.216964+00:00,1785542742,6705,321 Surrey Central/WhiteRock,15247052,5476,50,-297
2026-08-01T00:05:46.216964+00:00,1785542742,6705,321 Surrey Central/WhiteRock,15247052,5477,51,-319
2026-08-01T00:05:46.216964+00:00,1785542742,6705,321 Surrey Central/WhiteRock,15247052,11725,52,-345
2026-08-01T00:05:46.216964+00:00,1785542742,6705,321 Surrey Central/WhiteRock,15247052,5040,53,-331
2026-08-01T00:05:46.216964+00:00,1785542742,6705,321 Surrey Central/WhiteRock,15247052,5041,54,-323
2026-08-01T00:05:46.216964+00:00,1785542742,6705,321 Surrey Central/WhiteRock,15247052,12155,55,-311
2026-08-01T00:05:46.216964+00:00,1785542742,6705,321 Surrey Central/WhiteRock,15247052,11882,56,0
2026-08-01T00:05:46.216964+00:00,1785542742,6705,321 Surrey Central/WhiteRock,15247052,10442,57,91
2026-08-01T00:05:46.216964+00:00,1785542742,6705,321 Surrey Central/WhiteRock,15247052,9929,58,103
2026-08-01T00:05:46.216964+00:00,1785542742,6705,321 Surrey Central/WhiteRock,15247052,9930,59,55
2026-08-01T00:05:46.216964+00:00,1785542742,6705,321 Surrey Central/WhiteRock,15247052,9932,60,-23
2026-08-01T00:05:46.216964+00:00,1785542742,6705,321 Surrey Central/WhiteRock,15247053,6174,9,23
2026-08-01T00:05:46.216964+00:00,1785542742,6705,321 Surrey Central/WhiteRock,15247053,5437,10,30
2026-08-01T00:05:46.216964+00:00,1785542742,6705,321 Surrey Central/WhiteRock,15247053,5438,11,26
2026-08-01T00:05:46.216964+00:00,1785542742,6705,321 Surrey Central/WhiteRock,15247053,5439,12,50
2026-08-01T00:05:46.216964+00:00,1785542742,6705,321 Surrey Central/WhiteRock,15247053,5440,13,28
2026-08-01T00:05:46.216964+00:00,1785542742,6705,321 Surrey Central/WhiteRock,15247053,5441,14,29
2026-08-01T00:05:46.216964+00:00,1785542742,6705,321 Surrey Central/WhiteRock,15247053,5442,15,5
2026-08-01T00:05:46.216964+00:00,1785542742,6705,321 Surrey Central/WhiteRock,15247053,5444,16,11
2026-08-01T00:05:46.216964+00:00,1785542742,6705,321 Surrey Central/WhiteRock,15247053,9083,17,-14
2026-08-01T00:05:46.216964+00:00,1785542742,6705,321 Surrey Central/WhiteRock,15247053,5446,18,-8
2026-08-01T00:05:46.216964+00:00,1785542742,6705,321 Surrey Central/WhiteRock,15247053,10445,19,-15
2026-08-01T00:05:46.216964+00:00,1785542742,6705,321 Surrey Central/WhiteRock,15247053,5447,20,-50
2026-08-01T00:05:46.216964+00:00,1785542742,6705,321 Surrey Central/WhiteRock,15247053,5448,21,-51
2026-08-01T00:05:46.216964+00:00,1785542742,6705,321 Surrey Central/WhiteRock,15247053,10437,22,-56
2026-08-01T00:05:46.216964+00:00,1785542742,6705,321 Surrey Central/WhiteRock,15247053,5449,23,-112
2026-08-01T00:05:46.216964+00:00,1785542742,6705,321 Surrey Central/WhiteRock,15247053,11313,24,-154
2026-08-01T00:05:46.216964+00:00,1785542742,6705,321 Surrey Central/WhiteRock,15247053,10808,25,-303
2026-08-01T00:05:46.216964+00:00,1785542742,6705,321 Surrey Central/WhiteRock,15247053,5452,26,-370
2026-08-01T00:05:46.216964+00:00,1785542742,6705,321 Surrey Central/WhiteRock,15247053,11913,27,-390
2026-08-01T00:05:46.216964+00:00,1785542742,6705,321 Surrey Central/WhiteRock,15247053,5454,28,-402
2026-08-01T00:05:46.216964+00:00,1785542742,6705,321 Surrey Central/WhiteRock,15247053,5455,29,-403
2026-08-01T00:05:46.216964+00:00,1785542742,6705,321 Surrey Central/WhiteRock,15247053,5456,30,-293
2026-08-01T00:05:46.216964+00:00,1785542742,6705,321 Surrey Central/WhiteRock,15247053,12651,31,-322
2026-08-01T00:05:46.216964+00:00,1785542742,6705,321 Surrey Central/WhiteRock,15247053,5458,32,-324
2026-08-01T00:05:46.216964+00:00,1785542742,6705,321 Surrey Central/WhiteRock,15247053,5459,33,-317
2026-08-01T00:05:46.216964+00:00,1785542742,6705,321 Surrey Central/WhiteRock,15247053,5460,34,-324
2026-08-01T00:05:46.216964+00:00,1785542742,6705,321 Surrey Central/WhiteRock,15247053,5461,35,-334
2026-08-01T00:05:46.216964+00:00,1785542742,6705,321 Surrey Central/WhiteRock,15247053,5462,36,-339
2026-08-01T00:05:46.216964+00:00,1785542742,6705,321 Surrey Central/WhiteRock,15247053,5463,37,-274
2026-08-01T00:05:46.216964+00:00,1785542742,6705,321 Surrey Central/WhiteRock,15247053,5700,38,0
2026-08-01T00:05:46.216964+00:00,1785542742,6705,321 Surrey Central/WhiteRock,15247053,5465,39,-2
2026-08-01T00:05:46.216964+00:00,1785542742,6705,321 Surrey Central/WhiteRock,15247053,5466,40,-48
2026-08-01T00:05:46.216964+00:00,1785542742,6705,321 Surrey Central/WhiteRock,15247053,5467,41,-35
2026-08-01T00:05:46.216964+00:00,1785542742,6705,321 Surrey Central/WhiteRock,15247053,5468,42,-64
2026-08-01T00:05:46.216964+00:00,1785542742,6705,321 Surrey Central/WhiteRock,15247053,5469,43,-99
2026-08-01T00:05:46.216964+00:00,1785542742,6705,321 Surrey Central/WhiteRock,15247053,5470,44,-124
2026-08-01T00:05:46.216964+00:00,1785542742,6705,321 Surrey Central/WhiteRock,15247053,5471,45,-157
2026-08-01T00:05:46.216964+00:00,1785542742,6705,321 Surrey Central/WhiteRock,15247053,5472,46,-184
2026-08-01T00:05:46.216964+00:00,1785542742,6705,321 Surrey Central/WhiteRock,15247053,5473,47,-236
2026-08-01T00:05:46.216964+00:00,1785542742,6705,321 Surrey Central/WhiteRock,15247053,5474,48,-240
2026-08-01T00:05:46.216964+00:00,1785542742,6705,321 Surrey Central/WhiteRock,15247053,5475,49,-288
2026-08-01T00:05:46.216964+00:00,1785542742,6705,321 Surrey Central/WhiteRock,15247053,5476,50,-317
2026-08-01T00:05:46.216964+00:00,1785542742,6705,321 Surrey Central/WhiteRock,15247053,5477,51,-339
2026-08-01T00:05:46.216964+00:00,1785542742,6705,321 Surrey Central/WhiteRock,15247053,11725,52,-366
2026-08-01T00:05:46.216964+00:00,1785542742,6705,321 Surrey Central/WhiteRock,15247053,5040,53,-350
2026-08-01T00:05:46.216964+00:00,1785542742,6705,321 Surrey Central/WhiteRock,15247053,5041,54,-341
2026-08-01T00:05:46.216964+00:00,1785542742,6705,321 Surrey Central/WhiteRock,15247053,12155,55,-329
2026-08-01T00:05:46.216964+00:00,1785542742,6705,321 Surrey Central/WhiteRock,15247053,11882,56,0
2026-08-01T00:05:46.216964+00:00,1785542742,6705,321 Surrey Central/WhiteRock,15247053,10442,57,79
2026-08-01T00:05:46.216964+00:00,1785542742,6705,321 Surrey Central/WhiteRock,15247053,9929,58,88
2026-08-01T00:05:46.216964+00:00,1785542742,6705,321 Surrey Central/WhiteRock,15247053,9930,59,38
2026-08-01T00:05:46.216964+00:00,1785542742,6705,321 Surrey Central/WhiteRock,15247053,9932,60,-43
2026-08-01T00:05:46.216964+00:00,1785542742,6705,321 Surrey Central/WhiteRock,15247067,10808,25,-1
2026-08-01T00:05:46.216964+00:00,1785542742,6705,321 Surrey Central/WhiteRock,15247067,5452,26,-77
2026-08-01T00:05:46.216964+00:00,1785542742,6705,321 Surrey Central/WhiteRock,15247067,11913,27,-98
2026-08-01T00:05:46.216964+00:00,1785542742,6705,321 Surrey Central/WhiteRock,15247067,5454,28,-113
2026-08-01T00:05:46.216964+00:00,1785542742,6705,321 Surrey Central/WhiteRock,15247067,5455,29,-113
2026-08-01T00:05:46.216964+00:00,1785542742,6705,321 Surrey Central/WhiteRock,15247067,5456,30,-4
2026-08-01T00:05:46.216964+00:00,1785542742,6705,321 Surrey Central/WhiteRock,15247067,12651,31,-34
2026-08-01T00:05:46.216964+00:00,1785542742,6705,321 Surrey Central/WhiteRock,15247067,5458,32,-35
2026-08-01T00:05:46.216964+00:00,1785542742,6705,321 Surrey Central/WhiteRock,15247067,5459,33,-28
2026-08-01T00:05:46.216964+00:00,1785542742,6705,321 Surrey Central/WhiteRock,15247067,5460,34,-34
2026-08-01T00:05:46.216964+00:00,1785542742,6705,321 Surrey Central/WhiteRock,15247067,5461,35,-45
2026-08-01T00:05:46.216964+00:00,1785542742,6705,321 Surrey Central/WhiteRock,15247067,5462,36,-51
2026-08-01T00:05:46.216964+00:00,1785542742,6705,321 Surrey Central/WhiteRock,15247067,5463,37,5
2026-08-01T00:05:46.216964+00:00,1785542742,6705,321 Surrey Central/WhiteRock,15247067,5700,38,120
2026-08-01T00:05:46.216964+00:00,1785542742,6705,321 Surrey Central/WhiteRock,15247067,5465,39,118
2026-08-01T00:05:46.216964+00:00,1785542742,6705,321 Surrey Central/WhiteRock,15247067,5466,40,72
2026-08-01T00:05:46.216964+00:00,1785542742,6705,321 Surrey Central/WhiteRock,15247067,5467,41,85
2026-08-01T00:05:46.216964+00:00,1785542742,6705,321 Surrey Central/WhiteRock,15247067,5468,42,57
2026-08-01T00:05:46.216964+00:00,1785542742,6705,321 Surrey Central/WhiteRock,15247067,5469,43,20
2026-08-01T00:05:46.216964+00:00,1785542742,6705,321 Surrey Central/WhiteRock,15247067,5470,44,-5
2026-08-01T00:05:46.216964+00:00,1785542742,6705,321 Surrey Central/WhiteRock,15247067,5471,45,-39
2026-08-01T00:05:46.216964+00:00,1785542742,6705,321 Surrey Central/WhiteRock,15247067,5472,46,-66
2026-08-01T00:05:46.216964+00:00,1785542742,6705,321 Surrey Central/WhiteRock,15247067,5473,47,-118
2026-08-01T00:05:46.216964+00:00,1785542742,6705,321 Surrey Central/WhiteRock,15247067,5474,48,-122
2026-08-01T00:05:46.216964+00:00,1785542742,6705,321 Surrey Central/WhiteRock,15247067,5475,49,-171
2026-08-01T00:05:46.216964+00:00,1785542742,6705,321 Surrey Central/WhiteRock,15247067,5476,50,-199
2026-08-01T00:05:46.216964+00:00,1785542742,6705,321 Surrey Central/WhiteRock,15247067,5477,51,-221
2026-08-01T00:05:46.216964+00:00,1785542742,6705,321 Surrey Central/WhiteRock,15247067,11725,52,-247
2026-08-01T00:05:46.216964+00:00,1785542742,6705,321 Surrey Central/WhiteRock,15247067,5040,53,-230
2026-08-01T00:05:46.216964+00:00,1785542742,6705,321 Surrey Central/WhiteRock,15247067,5041,54,-224
2026-08-01T00:05:46.216964+00:00,1785542742,6705,321 Surrey Central/WhiteRock,15247067,12155,55,-212
2026-08-01T00:05:46.216964+00:00,1785542742,6705,321 Surrey Central/WhiteRock,15247067,11882,56,0
2026-08-01T00:05:46.216964+00:00,1785542742,6705,321 Surrey Central/WhiteRock,15247067,10442,57,94
2026-08-01T00:05:46.216964+00:00,1785542742,6705,321 Surrey Central/WhiteRock,15247067,9929,58,123
2026-08-01T00:05:46.216964+00:00,1785542742,6705,321 Surrey Central/WhiteRock,15247067,9930,59,72
2026-08-01T00:05:46.216964+00:00,1785542742,6705,321 Surrey Central/WhiteRock,15247067,9932,60,-12
2026-08-01T00:05:46.216964+00:00,1785542742,6705,321 Surrey Central/WhiteRock,15247080,5456,30,90
2026-08-01T00:05:46.216964+00:00,1785542742,6705,321 Surrey Central/WhiteRock,15247080,12651,31,60
2026-08-01T00:05:46.216964+00:00,1785542742,6705,321 Surrey Central/WhiteRock,15247080,5458,32,58
2026-08-01T00:05:46.216964+00:00,1785542742,6705,321 Surrey Central/WhiteRock,15247080,5459,33,65
2026-08-01T00:05:46.216964+00:00,1785542742,6705,321 Surrey Central/WhiteRock,15247080,5460,34,59
2026-08-01T00:05:46.216964+00:00,1785542742,6705,321 Surrey Central/WhiteRock,15247080,5461,35,48
2026-08-01T00:05:46.216964+00:00,1785542742,6705,321 Surrey Central/WhiteRock,15247080,5462,36,43
2026-08-01T00:05:46.216964+00:00,1785542742,6705,321 Surrey Central/WhiteRock,15247080,5463,37,107
2026-08-01T00:05:46.216964+00:00,1785542742,6705,321 Surrey Central/WhiteRock,15247080,5700,38,222
2026-08-01T00:05:46.216964+00:00,1785542742,6705,321 Surrey Central/WhiteRock,15247080,5465,39,220
2026-08-01T00:05:46.216964+00:00,1785542742,6705,321 Surrey Central/WhiteRock,15247080,5466,40,174
2026-08-01T00:05:46.216964+00:00,1785542742,6705,321 Surrey Central/WhiteRock,15247080,5467,41,187
2026-08-01T00:05:46.216964+00:00,1785542742,6705,321 Surrey Central/WhiteRock,15247080,5468,42,161
2026-08-01T00:05:46.216964+00:00,1785542742,6705,321 Surrey Central/WhiteRock,15247080,5469,43,124
2026-08-01T00:05:46.216964+00:00,1785542742,6705,321 Surrey Central/WhiteRock,15247080,5470,44,99
2026-08-01T00:05:46.216964+00:00,1785542742,6705,321 Surrey Central/WhiteRock,15247080,5471,45,65
2026-08-01T00:05:46.216964+00:00,1785542742,6705,321 Surrey Central/WhiteRock,15247080,5472,46,37
2026-08-01T00:05:46.216964+00:00,1785542742,6705,321 Surrey Central/WhiteRock,15247080,5473,47,-15
2026-08-01T00:05:46.216964+00:00,1785542742,6705,321 Surrey Central/WhiteRock,15247080,5474,48,-19
2026-08-01T00:05:46.216964+00:00,1785542742,6705,321 Surrey Central/WhiteRock,15247080,5475,49,-67
2026-08-01T00:05:46.216964+00:00,1785542742,6705,321 Surrey Central/WhiteRock,15247080,5476,50,-99
2026-08-01T00:05:46.216964+00:00,1785542742,6705,321 Surrey Central/WhiteRock,15247080,5477,51,-121
2026-08-01T00:05:46.216964+00:00,1785542742,6705,321 Surrey Central/WhiteRock,15247080,11725,52,-147
2026-08-01T00:05:46.216964+00:00,1785542742,6705,321 Surrey Central/WhiteRock,15247080,5040,53,-130
2026-08-01T00:05:46.216964+00:00,1785542742,6705,321 Surrey Central/WhiteRock,15247080,5041,54,-124
2026-08-01T00:05:46.216964+00:00,1785542742,6705,321 Surrey Central/WhiteRock,15247080,12155,55,-113
2026-08-01T00:05:46.216964+00:00,1785542742,6705,321 Surrey Central/WhiteRock,15247080,11882,56,0
2026-08-01T00:05:46.216964+00:00,1785542742,6705,321 Surrey Central/WhiteRock,15247080,10442,57,94
2026-08-01T00:05:46.216964+00:00,1785542742,6705,321 Surrey Central/WhiteRock,15247080,9929,58,122
2026-08-01T00:05:46.216964+00:00,1785542742,6705,321 Surrey Central/WhiteRock,15247080,9930,59,71
2026-08-01T00:05:46.216964+00:00,1785542742,6705,321 Surrey Central/WhiteRock,15247080,9932,60,-14
2026-08-01T00:05:46.216964+00:00,1785542742,6705,321 Surrey Central/WhiteRock,15247159,5524,42,-58
2026-08-01T00:05:46.216964+00:00,1785542742,6705,321 Surrey Central/WhiteRock,15247159,5525,43,-88
2026-08-01T00:05:46.216964+00:00,1785542742,6705,321 Surrey Central/WhiteRock,15247159,10443,44,-115
2026-08-01T00:05:46.216964+00:00,1785542742,6705,321 Surrey Central/WhiteRock,15247159,5528,45,-112
2026-08-01T00:05:46.216964+00:00,1785542742,6705,321 Surrey Central/WhiteRock,15247159,5529,46,-131
2026-08-01T00:05:46.216964+00:00,1785542742,6705,321 Surrey Central/WhiteRock,15247159,5530,47,-144
2026-08-01T00:05:46.216964+00:00,1785542742,6705,321 Surrey Central/WhiteRock,15247159,5533,48,-150
2026-08-01T00:05:46.216964+00:00,1785542742,6705,321 Surrey Central/WhiteRock,15247159,5534,49,-172
2026-08-01T00:05:46.216964+00:00,1785542742,6705,321 Surrey Central/WhiteRock,15247159,5535,50,-148
2026-08-01T00:05:46.216964+00:00,1785542742,6705,321 Surrey Central/WhiteRock,15247159,5536,51,-172
2026-08-01T00:05:46.216964+00:00,1785542742,6705,321 Surrey Central/WhiteRock,15247159,5537,52,-163
2026-08-01T00:05:46.216964+00:00,1785542742,6705,321 Surrey Central/WhiteRock,15247159,5538,53,-170
2026-08-01T00:05:46.216964+00:00,1785542742,6705,321 Surrey Central/WhiteRock,15247159,5541,54,-138
2026-08-01T00:05:46.216964+00:00,1785542742,6705,321 Surrey Central/WhiteRock,15247159,5542,55,-126
2026-08-01T00:05:46.216964+00:00,1785542742,6705,321 Surrey Central/WhiteRock,15247159,6195,56,-100
2026-08-01T00:05:46.216964+00:00,1785542742,6705,321 Surrey Central/WhiteRock,15247160,5521,38,-77
2026-08-01T00:05:46.216964+00:00,1785542742,6705,321 Surrey Central/WhiteRock,15247160,5522,39,-218
2026-08-01T00:05:46.216964+00:00,1785542742,6705,321 Surrey Central/WhiteRock,15247160,5523,40,-257
2026-08-01T00:05:46.216964+00:00,1785542742,6705,321 Surrey Central/WhiteRock,15247160,6466,41,-285
2026-08-01T00:05:46.216964+00:00,1785542742,6705,321 Surrey Central/WhiteRock,15247160,5524,42,-252
2026-08-01T00:05:46.216964+00:00,1785542742,6705,321 Surrey Central/WhiteRock,15247160,5525,43,-282
2026-08-01T00:05:46.216964+00:00,1785542742,6705,321 Surrey Central/WhiteRock,15247160,10443,44,-309
2026-08-01T00:05:46.216964+00:00,1785542742,6705,321 Surrey Central/WhiteRock,15247160,5528,45,-306
2026-08-01T00:05:46.216964+00:00,1785542742,6705,321 Surrey Central/WhiteRock,15247160,5529,46,-330
2026-08-01T00:05:46.216964+00:00,1785542742,6705,321 Surrey Central/WhiteRock,15247160,5530,47,-343
2026-08-01T00:05:46.216964+00:00,1785542742,6705,321 Surrey Central/WhiteRock,15247160,5533,48,-349
2026-08-01T00:05:46.216964+00:00,1785542742,6705,321 Surrey Central/WhiteRock,15247160,5534,49,-371
2026-08-01T00:05:46.216964+00:00,1785542742,6705,321 Surrey Central/WhiteRock,15247160,5535,50,-353
2026-08-01T00:05:46.216964+00:00,1785542742,6705,321 Surrey Central/WhiteRock,15247160,5536,51,-377
2026-08-01T00:05:46.216964+00:00,1785542742,6705,321 Surrey Central/WhiteRock,15247160,5537,52,-373
2026-08-01T00:05:46.216964+00:00,1785542742,6705,321 Surrey Central/WhiteRock,15247160,5538,53,-380
2026-08-01T00:05:46.216964+00:00,1785542742,6705,321 Surrey Central/WhiteRock,15247160,5541,54,-350
2026-08-01T00:05:46.216964+00:00,1785542742,6705,321 Surrey Central/WhiteRock,15247160,5542,55,-338
2026-08-01T00:05:46.216964+00:00,1785542742,6705,321 Surrey Central/WhiteRock,15247160,6195,56,-312
2026-08-01T00:05:46.216964+00:00,1785542742,6705,321 Surrey Central/WhiteRock,15247161,5507,25,-181
2026-08-01T00:05:46.216964+00:00,1785542742,6705,321 Surrey Central/WhiteRock,15247161,5633,26,0
2026-08-01T00:05:46.216964+00:00,1785542742,6705,321 Surrey Central/WhiteRock,15247161,5510,27,34
2026-08-01T00:05:46.216964+00:00,1785542742,6705,321 Surrey Central/WhiteRock,15247161,5511,28,26
2026-08-01T00:05:46.216964+00:00,1785542742,6705,321 Surrey Central/WhiteRock,15247161,5512,29,21
2026-08-01T00:05:46.216964+00:00,1785542742,6705,321 Surrey Central/WhiteRock,15247161,5513,30,8
2026-08-01T00:05:46.216964+00:00,1785542742,6705,321 Surrey Central/WhiteRock,15247161,5514,31,96
2026-08-01T00:05:46.216964+00:00,1785542742,6705,321 Surrey Central/WhiteRock,15247161,5515,32,88
2026-08-01T00:05:46.216964+00:00,1785542742,6705,321 Surrey Central/WhiteRock,15247161,5516,33,94
2026-08-01T00:05:46.216964+00:00,1785542742,6705,321 Surrey Central/WhiteRock,15247161,5517,34,92
2026-08-01T00:05:46.216964+00:00,1785542742,6705,321 Surrey Central/WhiteRock,15247161,5518,35,95
2026-08-01T00:05:46.216964+00:00,1785542742,6705,321 Surrey Central/WhiteRock,15247161,5519,36,71
2026-08-01T00:05:46.216964+00:00,1785542742,6705,321 Surrey Central/WhiteRock,15247161,5520,37,60
2026-08-01T00:05:46.216964+00:00,1785542742,6705,321 Surrey Central/WhiteRock,15247161,5521,38,-150
2026-08-01T00:05:46.216964+00:00,1785542742,6705,321 Surrey Central/WhiteRock,15247161,5522,39,-285
2026-08-01T00:05:46.216964+00:00,1785542742,6705,321 Surrey Central/WhiteRock,15247161,5523,40,-321
2026-08-01T00:05:46.216964+00:00,1785542742,6705,321 Surrey Central/WhiteRock,15247161,6466,41,-346
2026-08-01T00:05:46.216964+00:00,1785542742,6705,321 Surrey Central/WhiteRock,15247161,5524,42,-310
2026-08-01T00:05:46.216964+00:00,1785542742,6705,321 Surrey Central/WhiteRock,15247161,5525,43,-338
2026-08-01T00:05:46.216964+00:00,1785542742,6705,321 Surrey Central/WhiteRock,15247161,10443,44,-362
2026-08-01T00:05:46.216964+00:00,1785542742,6705,321 Surrey Central/WhiteRock,15247161,5528,45,-357
2026-08-01T00:05:46.216964+00:00,1785542742,6705,321 Surrey Central/WhiteRock,15247161,5529,46,-379
2026-08-01T00:05:46.216964+00:00,1785542742,6705,321 Surrey Central/WhiteRock,15247161,5530,47,-391
2026-08-01T00:05:46.216964+00:00,1785542742,6705,321 Surrey Central/WhiteRock,15247161,5533,48,-393
2026-08-01T00:05:46.216964+00:00,1785542742,6705,321 Surrey Central/WhiteRock,15247161,5534,49,-412
2026-08-01T00:05:46.216964+00:00,1785542742,6705,321 Surrey Central/WhiteRock,15247161,5535,50,-395
2026-08-01T00:05:46.216964+00:00,1785542742,6705,321 Surrey Central/WhiteRock,15247161,5536,51,-417
2026-08-01T00:05:46.216964+00:00,1785542742,6705,321 Surrey Central/WhiteRock,15247161,5537,52,-418
2026-08-01T00:05:46.216964+00:00,1785542742,6705,321 Surrey Central/WhiteRock,15247161,5538,53,-424
2026-08-01T00:05:46.216964+00:00,1785542742,6705,321 Surrey Central/WhiteRock,15247161,5541,54,-395
2026-08-01T00:05:46.216964+00:00,1785542742,6705,321 Surrey Central/WhiteRock,15247161,5542,55,-382
2026-08-01T00:05:46.216964+00:00,1785542742,6705,321 Surrey Central/WhiteRock,15247161,6195,56,-352
2026-08-01T00:05:46.216964+00:00,1785542742,6705,321 Surrey Central/WhiteRock,15247162,5039,13,50
2026-08-01T00:05:46.216964+00:00,1785542742,6705,321 Surrey Central/WhiteRock,15247162,8351,14,24
2026-08-01T00:05:46.216964+00:00,1785542742,6705,321 Surrey Central/WhiteRock,15247162,5496,15,-48
2026-08-01T00:05:46.216964+00:00,1785542742,6705,321 Surrey Central/WhiteRock,15247162,5497,16,-93
2026-08-01T00:05:46.216964+00:00,1785542742,6705,321 Surrey Central/WhiteRock,15247162,5498,17,-110
2026-08-01T00:05:46.216964+00:00,1785542742,6705,321 Surrey Central/WhiteRock,15247162,5499,18,-150
2026-08-01T00:05:46.216964+00:00,1785542742,6705,321 Surrey Central/WhiteRock,15247162,5500,19,-173
2026-08-01T00:05:46.216964+00:00,1785542742,6705,321 Surrey Central/WhiteRock,15247162,5501,20,-202
2026-08-01T00:05:46.216964+00:00,1785542742,6705,321 Surrey Central/WhiteRock,15247162,5502,21,-218
2026-08-01T00:05:46.216964+00:00,1785542742,6705,321 Surrey Central/WhiteRock,15247162,5503,22,-254
2026-08-01T00:05:46.216964+00:00,1785542742,6705,321 Surrey Central/WhiteRock,15247162,5504,23,-306
2026-08-01T00:05:46.216964+00:00,1785542742,6705,321 Surrey Central/WhiteRock,15247162,5505,24,-300
2026-08-01T00:05:46.216964+00:00,1785542742,6705,321 Surrey Central/WhiteRock,15247162,5507,25,-293
2026-08-01T00:05:46.216964+00:00,1785542742,6705,321 Surrey Central/WhiteRock,15247162,5633,26,0
2026-08-01T00:05:46.216964+00:00,1785542742,6705,321 Surrey Central/WhiteRock,15247162,5510,27,30
2026-08-01T00:05:46.216964+00:00,1785542742,6705,321 Surrey Central/WhiteRock,15247162,5511,28,22
2026-08-01T00:05:46.216964+00:00,1785542742,6705,321 Surrey Central/WhiteRock,15247162,5512,29,17
2026-08-01T00:05:46.216964+00:00,1785542742,6705,321 Surrey Central/WhiteRock,15247162,5513,30,4
2026-08-01T00:05:46.216964+00:00,1785542742,6705,321 Surrey Central/WhiteRock,15247162,5514,31,94
2026-08-01T00:05:46.216964+00:00,1785542742,6705,321 Surrey Central/WhiteRock,15247162,5515,32,86
2026-08-01T00:05:46.216964+00:00,1785542742,6705,321 Surrey Central/WhiteRock,15247162,5516,33,107
2026-08-01T00:05:46.216964+00:00,1785542742,6705,321 Surrey Central/WhiteRock,15247162,5517,34,111
2026-08-01T00:05:46.216964+00:00,1785542742,6705,321 Surrey Central/WhiteRock,15247162,5518,35,116
2026-08-01T00:05:46.216964+00:00,1785542742,6705,321 Surrey Central/WhiteRock,15247162,5519,36,92
2026-08-01T00:05:46.216964+00:00,1785542742,6705,321 Surrey Central/WhiteRock,15247162,5520,37,81
2026-08-01T00:05:46.216964+00:00,1785542742,6705,321 Surrey Central/WhiteRock,15247162,5521,38,-129
2026-08-01T00:05:46.216964+00:00,1785542742,6705,321 Surrey Central/WhiteRock,15247162,5522,39,-265
2026-08-01T00:05:46.216964+00:00,1785542742,6705,321 Surrey Central/WhiteRock,15247162,5523,40,-301
2026-08-01T00:05:46.216964+00:00,1785542742,6705,321 Surrey Central/WhiteRock,15247162,6466,41,-324
2026-08-01T00:05:46.216964+00:00,1785542742,6705,321 Surrey Central/WhiteRock,15247162,5524,42,-289
2026-08-01T00:05:46.216964+00:00,1785542742,6705,321 Surrey Central/WhiteRock,15247162,5525,43,-317
2026-08-01T00:05:46.216964+00:00,1785542742,6705,321 Surrey Central/WhiteRock,15247162,10443,44,-343
2026-08-01T00:05:46.216964+00:00,1785542742,6705,321 Surrey Central/WhiteRock,15247162,5528,45,-338
2026-08-01T00:05:46.216964+00:00,1785542742,6705,321 Surrey Central/WhiteRock,15247162,5529,46,-362
2026-08-01T00:05:46.216964+00:00,1785542742,6705,321 Surrey Central/WhiteRock,15247162,5530,47,-374
2026-08-01T00:05:46.216964+00:00,1785542742,6705,321 Surrey Central/WhiteRock,15247162,5533,48,-377
2026-08-01T00:05:46.216964+00:00,1785542742,6705,321 Surrey Central/WhiteRock,15247162,5534,49,-397
2026-08-01T00:05:46.216964+00:00,1785542742,6705,321 Surrey Central/WhiteRock,15247162,5535,50,-381
2026-08-01T00:05:46.216964+00:00,1785542742,6705,321 Surrey Central/WhiteRock,15247162,5536,51,-407
2026-08-01T00:05:46.216964+00:00,1785542742,6705,321 Surrey Central/WhiteRock,15247162,5537,52,-415
2026-08-01T00:05:46.216964+00:00,1785542742,6705,321 Surrey Central/WhiteRock,15247162,5538,53,-421
2026-08-01T00:05:46.216964+00:00,1785542742,6705,321 Surrey Central/WhiteRock,15247162,5541,54,-392
2026-08-01T00:05:46.216964+00:00,1785542742,6705,321 Surrey Central/WhiteRock,15247162,5542,55,-379
2026-08-01T00:05:46.216964+00:00,1785542742,6705,321 Surrey Central/WhiteRock,15247162,6195,56,-351
2026-08-01T00:05:46.216964+00:00,1785542742,6705,321 Surrey Central/WhiteRock,15247163,9926,5,-27
2026-08-01T00:05:46.216964+00:00,1785542742,6705,321 Surrey Central/WhiteRock,15247163,9927,6,-49
2026-08-01T00:05:46.216964+00:00,1785542742,6705,321 Surrey Central/WhiteRock,15247163,10880,7,0
2026-08-01T00:05:46.216964+00:00,1785542742,6705,321 Surrey Central/WhiteRock,15247163,5046,8,45
2026-08-01T00:05:46.216964+00:00,1785542742,6705,321 Surrey Central/WhiteRock,15247163,5047,9,49
2026-08-01T00:05:46.216964+00:00,1785542742,6705,321 Surrey Central/WhiteRock,15247163,8566,10,14
2026-08-01T00:05:46.216964+00:00,1785542742,6705,321 Surrey Central/WhiteRock,15247163,12916,11,43
2026-08-01T00:05:46.216964+00:00,1785542742,6705,321 Surrey Central/WhiteRock,15247163,5049,12,37
2026-08-01T00:05:46.216964+00:00,1785542742,6705,321 Surrey Central/WhiteRock,15247163,5039,13,17
2026-08-01T00:05:46.216964+00:00,1785542742,6705,321 Surrey Central/WhiteRock,15247163,8351,14,-6
2026-08-01T00:05:46.216964+00:00,1785542742,6705,321 Surrey Central/WhiteRock,15247163,5496,15,-73
2026-08-01T00:05:46.216964+00:00,1785542742,6705,321 Surrey Central/WhiteRock,15247163,5497,16,-115
2026-08-01T00:05:46.216964+00:00,1785542742,6705,321 Surrey Central/WhiteRock,15247163,5498,17,-129
2026-08-01T00:05:46.216964+00:00,1785542742,6705,321 Surrey Central/WhiteRock,15247163,5499,18,-167
2026-08-01T00:05:46.216964+00:00,1785542742,6705,321 Surrey Central/WhiteRock,15247163,5500,19,-186
2026-08-01T00:05:46.216964+00:00,1785542742,6705,321 Surrey Central/WhiteRock,15247163,5501,20,-213
2026-08-01T00:05:46.216964+00:00,1785542742,6705,321 Surrey Central/WhiteRock,15247163,5502,21,-228
2026-08-01T00:05:46.216964+00:00,1785542742,6705,321 Surrey Central/WhiteRock,15247163,5503,22,-253
2026-08-01T00:05:46.216964+00:00,1785542742,6705,321 Surrey Central/WhiteRock,15247163,5504,23,-307
2026-08-01T00:05:46.216964+00:00,1785542742,6705,321 Surrey Central/WhiteRock,15247163,5505,24,-298
2026-08-01T00:05:46.216964+00:00,1785542742,6705,321 Surrey Central/WhiteRock,15247163,5507,25,-283
2026-08-01T00:05:46.216964+00:00,1785542742,6705,321 Surrey Central/WhiteRock,15247163,5633,26,0
2026-08-01T00:05:46.216964+00:00,1785542742,6705,321 Surrey Central/WhiteRock,15247163,5510,27,37
2026-08-01T00:05:46.216964+00:00,1785542742,6705,321 Surrey Central/WhiteRock,15247163,5511,28,30
2026-08-01T00:05:46.216964+00:00,1785542742,6705,321 Surrey Central/WhiteRock,15247163,5512,29,26
2026-08-01T00:05:46.216964+00:00,1785542742,6705,321 Surrey Central/WhiteRock,15247163,5513,30,7
2026-08-01T00:05:46.216964+00:00,1785542742,6705,321 Surrey Central/WhiteRock,15247163,5514,31,99
2026-08-01T00:05:46.216964+00:00,1785542742,6705,321 Surrey Central/WhiteRock,15247163,5515,32,94
2026-08-01T00:05:46.216964+00:00,1785542742,6705,321 Surrey Central/WhiteRock,15247163,5516,33,106
2026-08-01T00:05:46.216964+00:00,1785542742,6705,321 Surrey Central/WhiteRock,15247163,5517,34,110
2026-08-01T00:05:46.216964+00:00,1785542742,6705,321 Surrey Central/WhiteRock,15247163,5518,35,116
2026-08-01T00:05:46.216964+00:00,1785542742,6705,321 Surrey Central/WhiteRock,15247163,5519,36,94
2026-08-01T00:05:46.216964+00:00,1785542742,6705,321 Surrey Central/WhiteRock,15247163,5520,37,84
2026-08-01T00:05:46.216964+00:00,1785542742,6705,321 Surrey Central/WhiteRock,15247163,5521,38,-117
2026-08-01T00:05:46.216964+00:00,1785542742,6705,321 Surrey Central/WhiteRock,15247163,5522,39,-249
2026-08-01T00:05:46.216964+00:00,1785542742,6705,321 Surrey Central/WhiteRock,15247163,5523,40,-284
2026-08-01T00:05:46.216964+00:00,1785542742,6705,321 Surrey Central/WhiteRock,15247163,6466,41,-306
2026-08-01T00:05:46.216964+00:00,1785542742,6705,321 Surrey Central/WhiteRock,15247163,5524,42,-266
2026-08-01T00:05:46.216964+00:00,1785542742,6705,321 Surrey Central/WhiteRock,15247163,5525,43,-293
2026-08-01T00:05:46.216964+00:00,1785542742,6705,321 Surrey Central/WhiteRock,15247163,10443,44,-318
2026-08-01T00:05:46.216964+00:00,1785542742,6705,321 Surrey Central/WhiteRock,15247163,5528,45,-322
2026-08-01T00:05:46.216964+00:00,1785542742,6705,321 Surrey Central/WhiteRock,15247163,5529,46,-341
2026-08-01T00:05:46.216964+00:00,1785542742,6705,321 Surrey Central/WhiteRock,15247163,5530,47,-353
2026-08-01T00:05:46.216964+00:00,1785542742,6705,321 Surrey Central/WhiteRock,15247163,5533,48,-356
2026-08-01T00:05:46.216964+00:00,1785542742,6705,321 Surrey Central/WhiteRock,15247163,5534,49,-375
2026-08-01T00:05:46.216964+00:00,1785542742,6705,321 Surrey Central/WhiteRock,15247163,5535,50,-376
2026-08-01T00:05:46.216964+00:00,1785542742,6705,321 Surrey Central/WhiteRock,15247163,5536,51,-400
2026-08-01T00:05:46.216964+00:00,1785542742,6705,321 Surrey Central/WhiteRock,15247163,5537,52,-403
2026-08-01T00:05:46.216964+00:00,1785542742,6705,321 Surrey Central/WhiteRock,15247163,5538,53,-409
2026-08-01T00:05:46.216964+00:00,1785542742,6705,321 Surrey Central/WhiteRock,15247163,5541,54,-384
2026-08-01T00:05:46.216964+00:00,1785542742,6705,321 Surrey Central/WhiteRock,15247163,5542,55,-372
2026-08-01T00:05:46.216964+00:00,1785542742,6705,321 Surrey Central/WhiteRock,15247163,6195,56,-340
2026-08-01T00:05:46.216964+00:00,1785542742,6705,321 Surrey Central/WhiteRock,15247164,10716,2,-475
2026-08-01T00:05:46.216964+00:00,1785542742,6705,321 Surrey Central/WhiteRock,15247164,9923,3,-471
2026-08-01T00:05:46.216964+00:00,1785542742,6705,321 Surrey Central/WhiteRock,15247164,9924,4,-576
2026-08-01T00:05:46.216964+00:00,1785542742,6705,321 Surrey Central/WhiteRock,15247164,9926,5,-616
2026-08-01T00:05:46.216964+00:00,1785542742,6705,321 Surrey Central/WhiteRock,15247164,9927,6,-638
2026-08-01T00:05:46.216964+00:00,1785542742,6705,321 Surrey Central/WhiteRock,15247164,10880,7,0
2026-08-01T00:05:46.216964+00:00,1785542742,6705,321 Surrey Central/WhiteRock,15247164,5046,8,45
2026-08-01T00:05:46.216964+00:00,1785542742,6705,321 Surrey Central/WhiteRock,15247164,5047,9,45
2026-08-01T00:05:46.216964+00:00,1785542742,6705,321 Surrey Central/WhiteRock,15247164,8566,10,9
2026-08-01T00:05:46.216964+00:00,1785542742,6705,321 Surrey Central/WhiteRock,15247164,12916,11,35
2026-08-01T00:05:46.216964+00:00,1785542742,6705,321 Surrey Central/WhiteRock,15247164,5049,12,29
2026-08-01T00:05:46.216964+00:00,1785542742,6705,321 Surrey Central/WhiteRock,15247164,5039,13,13
2026-08-01T00:05:46.216964+00:00,1785542742,6705,321 Surrey Central/WhiteRock,15247164,8351,14,-11
2026-08-01T00:05:46.216964+00:00,1785542742,6705,321 Surrey Central/WhiteRock,15247164,5496,15,-81
2026-08-01T00:05:46.216964+00:00,1785542742,6705,321 Surrey Central/WhiteRock,15247164,5497,16,-123
2026-08-01T00:05:46.216964+00:00,1785542742,6705,321 Surrey Central/WhiteRock,15247164,5498,17,-138
2026-08-01T00:05:46.216964+00:00,1785542742,6705,321 Surrey Central/WhiteRock,15247164,5499,18,-177
2026-08-01T00:05:46.216964+00:00,1785542742,6705,321 Surrey Central/WhiteRock,15247164,5500,19,-205
2026-08-01T00:05:46.216964+00:00,1785542742,6705,321 Surrey Central/WhiteRock,15247164,5501,20,-232
2026-08-01T00:05:46.216964+00:00,1785542742,6705,321 Surrey Central/WhiteRock,15247164,5502,21,-247
2026-08-01T00:05:46.216964+00:00,1785542742,6705,321 Surrey Central/WhiteRock,15247164,5503,22,-276
2026-08-01T00:05:46.216964+00:00,1785542742,6705,321 Surrey Central/WhiteRock,15247164,5504,23,-327
2026-08-01T00:05:46.216964+00:00,1785542742,6705,321 Surrey Central/WhiteRock,15247164,5505,24,-319
2026-08-01T00:05:46.216964+00:00,1785542742,6705,321 Surrey Central/WhiteRock,15247164,5507,25,-308
2026-08-01T00:05:46.216964+00:00,1785542742,6705,321 Surrey Central/WhiteRock,15247164,5633,26,0
2026-08-01T00:05:46.216964+00:00,1785542742,6705,321 Surrey Central/WhiteRock,15247164,5510,27,42
2026-08-01T00:05:46.216964+00:00,1785542742,6705,321 Surrey Central/WhiteRock,15247164,5511,28,35
2026-08-01T00:05:46.216964+00:00,1785542742,6705,321 Surrey Central/WhiteRock,15247164,5512,29,30
2026-08-01T00:05:46.216964+00:00,1785542742,6705,321 Surrey Central/WhiteRock,15247164,5513,30,16
2026-08-01T00:05:46.216964+00:00,1785542742,6705,321 Surrey Central/WhiteRock,15247164,5514,31,109
2026-08-01T00:05:46.216964+00:00,1785542742,6705,321 Surrey Central/WhiteRock,15247164,5515,32,102
2026-08-01T00:05:46.216964+00:00,1785542742,6705,321 Surrey Central/WhiteRock,15247164,5516,33,129
2026-08-01T00:05:46.216964+00:00,1785542742,6705,321 Surrey Central/WhiteRock,15247164,5517,34,137
2026-08-01T00:05:46.216964+00:00,1785542742,6705,321 Surrey Central/WhiteRock,15247164,5518,35,144
2026-08-01T00:05:46.216964+00:00,1785542742,6705,321 Surrey Central/WhiteRock,15247164,5519,36,122
2026-08-01T00:05:46.216964+00:00,1785542742,6705,321 Surrey Central/WhiteRock,15247164,5520,37,125
2026-08-01T00:05:46.216964+00:00,1785542742,6705,321 Surrey Central/WhiteRock,15247164,5521,38,-77
2026-08-01T00:05:46.216964+00:00,1785542742,6705,321 Surrey Central/WhiteRock,15247164,5522,39,-209
2026-08-01T00:05:46.216964+00:00,1785542742,6705,321 Surrey Central/WhiteRock,15247164,5523,40,-244
2026-08-01T00:05:46.216964+00:00,1785542742,6705,321 Surrey Central/WhiteRock,15247164,6466,41,-259
2026-08-01T00:05:46.216964+00:00,1785542742,6705,321 Surrey Central/WhiteRock,15247164,5524,42,-229
2026-08-01T00:05:46.216964+00:00,1785542742,6705,321 Surrey Central/WhiteRock,15247164,5525,43,-255
2026-08-01T00:05:46.216964+00:00,1785542742,6705,321 Surrey Central/WhiteRock,15247164,10443,44,-270
2026-08-01T00:05:46.216964+00:00,1785542742,6705,321 Surrey Central/WhiteRock,15247164,5528,45,-270
2026-08-01T00:05:46.216964+00:00,1785542742,6705,321 Surrey Central/WhiteRock,15247164,5529,46,-293
2026-08-01T00:05:46.216964+00:00,1785542742,6705,321 Surrey Central/WhiteRock,15247164,5530,47,-305
2026-08-01T00:05:46.216964+00:00,1785542742,6705,321 Surrey Central/WhiteRock,15247164,5533,48,-301
2026-08-01T00:05:46.216964+00:00,1785542742,6705,321 Surrey Central/WhiteRock,15247164,5534,49,-319
2026-08-01T00:05:46.216964+00:00,1785542742,6705,321 Surrey Central/WhiteRock,15247164,5535,50,-312
2026-08-01T00:05:46.216964+00:00,1785542742,6705,321 Surrey Central/WhiteRock,15247164,5536,51,-334
2026-08-01T00:05:46.216964+00:00,1785542742,6705,321 Surrey Central/WhiteRock,15247164,5537,52,-329
2026-08-01T00:05:46.216964+00:00,1785542742,6705,321 Surrey Central/WhiteRock,15247164,5538,53,-333
2026-08-01T00:05:46.216964+00:00,1785542742,6705,321 Surrey Central/WhiteRock,15247164,5541,54,-309
2026-08-01T00:05:46.216964+00:00,1785542742,6705,321 Surrey Central/WhiteRock,15247164,5542,55,-294
2026-08-01T00:05:46.216964+00:00,1785542742,6705,321 Surrey Central/WhiteRock,15247164,6195,56,-264
2026-08-01T00:05:46.216964+00:00,1785542742,6705,321 Surrey Central/WhiteRock,15247177,5507,25,177
2026-08-01T00:05:46.216964+00:00,1785542742,6705,321 Surrey Central/WhiteRock,15247177,5633,26,211
2026-08-01T00:05:46.216964+00:00,1785542742,6705,321 Surrey Central/WhiteRock,15247177,5510,27,239
2026-08-01T00:05:46.216964+00:00,1785542742,6705,321 Surrey Central/WhiteRock,15247177,5511,28,231
2026-08-01T00:05:46.216964+00:00,1785542742,6705,321 Surrey Central/WhiteRock,15247177,5512,29,226
2026-08-01T00:05:46.216964+00:00,1785542742,6705,321 Surrey Central/WhiteRock,15247177,5513,30,213
2026-08-01T00:05:46.216964+00:00,1785542742,6705,321 Surrey Central/WhiteRock,15247177,5514,31,303
2026-08-01T00:05:46.216964+00:00,1785542742,6705,321 Surrey Central/WhiteRock,15247177,5515,32,296
2026-08-01T00:05:46.216964+00:00,1785542742,6705,321 Surrey Central/WhiteRock,15247177,5516,33,307
2026-08-01T00:05:46.216964+00:00,1785542742,6705,321 Surrey Central/WhiteRock,15247177,5517,34,305
2026-08-01T00:05:46.216964+00:00,1785542742,6705,321 Surrey Central/WhiteRock,15247177,5518,35,311
2026-08-01T00:05:46.216964+00:00,1785542742,6705,321 Surrey Central/WhiteRock,15247177,5519,36,287
2026-08-01T00:05:46.216964+00:00,1785542742,6705,321 Surrey Central/WhiteRock,15247177,5520,37,276
2026-08-01T00:05:46.216964+00:00,1785542742,6705,321 Surrey Central/WhiteRock,15247177,5521,38,66
2026-08-01T00:05:46.216964+00:00,1785542742,6705,321 Surrey Central/WhiteRock,15247177,5522,39,-69
2026-08-01T00:05:46.216964+00:00,1785542742,6705,321 Surrey Central/WhiteRock,15247177,5523,40,-105
2026-08-01T00:05:46.216964+00:00,1785542742,6705,321 Surrey Central/WhiteRock,15247177,6466,41,-128
2026-08-01T00:05:46.216964+00:00,1785542742,6705,321 Surrey Central/WhiteRock,15247177,5524,42,-92
2026-08-01T00:05:46.216964+00:00,1785542742,6705,321 Surrey Central/WhiteRock,15247177,5525,43,-120
2026-08-01T00:05:46.216964+00:00,1785542742,6705,321 Surrey Central/WhiteRock,15247177,10443,44,-146
2026-08-01T00:05:46.216964+00:00,1785542742,6705,321 Surrey Central/WhiteRock,15247177,5528,45,-141
2026-08-01T00:05:46.216964+00:00,1785542742,6705,321 Surrey Central/WhiteRock,15247177,5529,46,-163
2026-08-01T00:05:46.216964+00:00,1785542742,6705,321 Surrey Central/WhiteRock,15247177,5530,47,-175
2026-08-01T00:05:46.216964+00:00,1785542742,6705,321 Surrey Central/WhiteRock,15247177,5533,48,-178
2026-08-01T00:05:46.216964+00:00,1785542742,6705,321 Surrey Central/WhiteRock,15247177,5534,49,-199
2026-08-01T00:05:46.216964+00:00,1785542742,6705,321 Surrey Central/WhiteRock,15247177,5535,50,-199
2026-08-01T00:05:46.216964+00:00,1785542742,6705,321 Surrey Central/WhiteRock,15247177,5536,51,-222
2026-08-01T00:05:46.216964+00:00,1785542742,6705,321 Surrey Central/WhiteRock,15247177,5537,52,-223
2026-08-01T00:05:46.216964+00:00,1785542742,6705,321 Surrey Central/WhiteRock,15247177,5538,53,-229
2026-08-01T00:05:46.216964+00:00,1785542742,6705,321 Surrey Central/WhiteRock,15247177,5541,54,-199
2026-08-01T00:05:46.216964+00:00,1785542742,6705,321 Surrey Central/WhiteRock,15247177,5542,55,-186
2026-08-01T00:05:46.216964+00:00,1785542742,6705,321 Surrey Central/WhiteRock,15247177,6195,56,-156
2026-08-01T00:05:46.216964+00:00,1785542742,6705,321 Surrey Central/WhiteRock,15247186,5538,53,-130
2026-08-01T00:05:46.216964+00:00,1785542742,6705,321 Surrey Central/WhiteRock,15247186,5541,54,-96
2026-08-01T00:05:46.216964+00:00,1785542742,6705,321 Surrey Central/WhiteRock,15247186,5542,55,-84
2026-08-01T00:05:46.216964+00:00,1785542742,6705,321 Surrey Central/WhiteRock,15247186,6195,56,-56
2026-08-01T00:05:46.216964+00:00,1785542742,6705,321 Surrey Central/WhiteRock,15247187,5046,8,597
2026-08-01T00:05:46.216964+00:00,1785542742,6705,321 Surrey Central/WhiteRock,15247187,5047,9,601
2026-08-01T00:05:46.216964+00:00,1785542742,6705,321 Surrey Central/WhiteRock,15247187,8566,10,565
2026-08-01T00:05:46.216964+00:00,1785542742,6705,321 Surrey Central/WhiteRock,15247187,12916,11,594
2026-08-01T00:05:46.216964+00:00,1785542742,6705,321 Surrey Central/WhiteRock,15247187,5049,12,588
2026-08-01T00:05:46.216964+00:00,1785542742,6705,321 Surrey Central/WhiteRock,15247187,5039,13,568
2026-08-01T00:05:46.216964+00:00,1785542742,6705,321 Surrey Central/WhiteRock,15247187,8351,14,545
2026-08-01T00:05:46.216964+00:00,1785542742,6705,321 Surrey Central/WhiteRock,15247187,5496,15,478
2026-08-01T00:05:46.216964+00:00,1785542742,6705,321 Surrey Central/WhiteRock,15247187,5497,16,436
2026-08-01T00:05:46.216964+00:00,1785542742,6705,321 Surrey Central/WhiteRock,15247187,5498,17,422
2026-08-01T00:05:46.216964+00:00,1785542742,6705,321 Surrey Central/WhiteRock,15247187,5499,18,384
2026-08-01T00:05:46.216964+00:00,1785542742,6705,321 Surrey Central/WhiteRock,15247187,5500,19,365
2026-08-01T00:05:46.216964+00:00,1785542742,6705,321 Surrey Central/WhiteRock,15247187,5501,20,338
2026-08-01T00:05:46.216964+00:00,1785542742,6705,321 Surrey Central/WhiteRock,15247187,5502,21,323
2026-08-01T00:05:46.216964+00:00,1785542742,6705,321 Surrey Central/WhiteRock,15247187,5503,22,287
2026-08-01T00:05:46.216964+00:00,1785542742,6705,321 Surrey Central/WhiteRock,15247187,5504,23,233
2026-08-01T00:05:46.216964+00:00,1785542742,6705,321 Surrey Central/WhiteRock,15247187,5505,24,242
2026-08-01T00:05:46.216964+00:00,1785542742,6705,321 Surrey Central/WhiteRock,15247187,5507,25,257
2026-08-01T00:05:46.216964+00:00,1785542742,6705,321 Surrey Central/WhiteRock,15247187,5633,26,291
2026-08-01T00:05:46.216964+00:00,1785542742,6705,321 Surrey Central/WhiteRock,15247187,5510,27,328
2026-08-01T00:05:46.216964+00:00,1785542742,6705,321 Surrey Central/WhiteRock,15247187,5511,28,321
2026-08-01T00:05:46.216964+00:00,1785542742,6705,321 Surrey Central/WhiteRock,15247187,5512,29,317
2026-08-01T00:05:46.216964+00:00,1785542742,6705,321 Surrey Central/WhiteRock,15247187,5513,30,305
2026-08-01T00:05:46.216964+00:00,1785542742,6705,321 Surrey Central/WhiteRock,15247187,5514,31,397
2026-08-01T00:05:46.216964+00:00,1785542742,6705,321 Surrey Central/WhiteRock,15247187,5515,32,392
2026-08-01T00:05:46.216964+00:00,1785542742,6705,321 Surrey Central/WhiteRock,15247187,5516,33,398
2026-08-01T00:05:46.216964+00:00,1785542742,6705,321 Surrey Central/WhiteRock,15247187,5517,34,402
2026-08-01T00:05:46.216964+00:00,1785542742,6705,321 Surrey Central/WhiteRock,15247187,5518,35,408
2026-08-01T00:05:46.216964+00:00,1785542742,6705,321 Surrey Central/WhiteRock,15247187,5519,36,386
2026-08-01T00:05:46.216964+00:00,1785542742,6705,321 Surrey Central/WhiteRock,15247187,5520,37,376
2026-08-01T00:05:46.216964+00:00,1785542742,6705,321 Surrey Central/WhiteRock,15247187,5521,38,175
2026-08-01T00:05:46.216964+00:00,1785542742,6705,321 Surrey Central/WhiteRock,15247187,5522,39,43
2026-08-01T00:05:46.216964+00:00,1785542742,6705,321 Surrey Central/WhiteRock,15247187,5523,40,8
2026-08-01T00:05:46.216964+00:00,1785542742,6705,321 Surrey Central/WhiteRock,15247187,6466,41,-10
2026-08-01T00:05:46.216964+00:00,1785542742,6705,321 Surrey Central/WhiteRock,15247187,5524,42,28
2026-08-01T00:05:46.216964+00:00,1785542742,6705,321 Surrey Central/WhiteRock,15247187,5525,43,0
2026-08-01T00:05:46.216964+00:00,1785542742,6705,321 Surrey Central/WhiteRock,15247187,10443,44,-25
2026-08-01T00:05:46.216964+00:00,1785542742,6705,321 Surrey Central/WhiteRock,15247187,5528,45,-18
2026-08-01T00:05:46.216964+00:00,1785542742,6705,321 Surrey Central/WhiteRock,15247187,5529,46,-38
2026-08-01T00:05:46.216964+00:00,1785542742,6705,321 Surrey Central/WhiteRock,15247187,5530,47,-50
2026-08-01T00:05:46.216964+00:00,1785542742,6705,321 Surrey Central/WhiteRock,15247187,5533,48,-54
2026-08-01T00:05:46.216964+00:00,1785542742,6705,321 Surrey Central/WhiteRock,15247187,5534,49,-73
2026-08-01T00:05:46.216964+00:00,1785542742,6705,321 Surrey Central/WhiteRock,15247187,5535,50,-80
2026-08-01T00:05:46.216964+00:00,1785542742,6705,321 Surrey Central/WhiteRock,15247187,5536,51,-102
2026-08-01T00:05:46.216964+00:00,1785542742,6705,321 Surrey Central/WhiteRock,15247187,5537,52,-105
2026-08-01T00:05:46.216964+00:00,1785542742,6705,321 Surrey Central/WhiteRock,15247187,5538,53,-111
2026-08-01T00:05:46.216964+00:00,1785542742,6705,321 Surrey Central/WhiteRock,15247187,5541,54,-86
2026-08-01T00:05:46.216964+00:00,1785542742,6705,321 Surrey Central/WhiteRock,15247187,5542,55,-74
2026-08-01T00:05:46.216964+00:00,1785542742,6705,321 Surrey Central/WhiteRock,15247187,6195,56,-42
2026-08-01T00:05:46.216964+00:00,1785542742,6705,321 Surrey Central/WhiteRock,15247232,5514,31,241
2026-08-01T00:05:46.216964+00:00,1785542742,6705,321 Surrey Central/WhiteRock,15247232,5515,32,232
2026-08-01T00:05:46.216964+00:00,1785542742,6705,321 Surrey Central/WhiteRock,15247232,5516,33,223
2026-08-01T00:05:46.216964+00:00,1785542742,6705,321 Surrey Central/WhiteRock,15247232,5517,34,219
2026-08-01T00:05:46.216964+00:00,1785542742,6705,321 Surrey Central/WhiteRock,15247232,5518,35,221
2026-08-01T00:05:46.216964+00:00,1785542742,6705,321 Surrey Central/WhiteRock,15247232,5519,36,195
2026-08-01T00:05:46.216964+00:00,1785542742,6705,321 Surrey Central/WhiteRock,15247232,5520,37,181
2026-08-01T00:05:46.216964+00:00,1785542742,6705,321 Surrey Central/WhiteRock,15247232,5521,38,-36
2026-08-01T00:05:46.216964+00:00,1785542742,6705,321 Surrey Central/WhiteRock,15247232,5522,39,-177
2026-08-01T00:05:46.216964+00:00,1785542742,6705,321 Surrey Central/WhiteRock,15247232,5523,40,-216
2026-08-01T00:05:46.216964+00:00,1785542742,6705,321 Surrey Central/WhiteRock,15247232,6466,41,-247
2026-08-01T00:05:46.216964+00:00,1785542742,6705,321 Surrey Central/WhiteRock,15247232,5524,42,-214
2026-08-01T00:05:46.216964+00:00,1785542742,6705,321 Surrey Central/WhiteRock,15247232,5525,43,-244
2026-08-01T00:05:46.216964+00:00,1785542742,6705,321 Surrey Central/WhiteRock,15247232,10443,44,-270
2026-08-01T00:05:46.216964+00:00,1785542742,6705,321 Surrey Central/WhiteRock,15247232,5528,45,-267
2026-08-01T00:05:46.216964+00:00,1785542742,6705,321 Surrey Central/WhiteRock,15247232,5529,46,-292
2026-08-01T00:05:46.216964+00:00,1785542742,6705,321 Surrey Central/WhiteRock,15247232,5530,47,-306
2026-08-01T00:05:46.216964+00:00,1785542742,6705,321 Surrey Central/WhiteRock,15247232,5533,48,-309
2026-08-01T00:05:46.216964+00:00,1785542742,6705,321 Surrey Central/WhiteRock,15247232,5534,49,-329
2026-08-01T00:05:46.216964+00:00,1785542742,6705,321 Surrey Central/WhiteRock,15247232,5535,50,-308
2026-08-01T00:05:46.216964+00:00,1785542742,6705,321 Surrey Central/WhiteRock,15247232,5536,51,-331
2026-08-01T00:05:46.216964+00:00,1785542742,6705,321 Surrey Central/WhiteRock,15247232,5537,52,-330
2026-08-01T00:05:46.216964+00:00,1785542742,6705,321 Surrey Central/WhiteRock,15247232,5538,53,-337
2026-08-01T00:05:46.216964+00:00,1785542742,6705,321 Surrey Central/WhiteRock,15247232,5541,54,-306
2026-08-01T00:05:46.216964+00:00,1785542742,6705,321 Surrey Central/WhiteRock,15247232,5542,55,-294
2026-08-01T00:05:46.216964+00:00,1785542742,6705,321 Surrey Central/WhiteRock,15247232,6195,56,-265
2026-08-01T00:05:46.216964+00:00,1785542742,6705,321 Surrey Central/WhiteRock,15247233,5498,17,64
2026-08-01T00:05:46.216964+00:00,1785542742,6705,321 Surrey Central/WhiteRock,15247233,5499,18,24
2026-08-01T00:05:46.216964+00:00,1785542742,6705,321 Surrey Central/WhiteRock,15247233,5500,19,-6
2026-08-01T00:05:46.216964+00:00,1785542742,6705,321 Surrey Central/WhiteRock,15247233,5501,20,-35
2026-08-01T00:05:46.216964+00:00,1785542742,6705,321 Surrey Central/WhiteRock,15247233,5502,21,-51
2026-08-01T00:05:46.216964+00:00,1785542742,6705,321 Surrey Central/WhiteRock,15247233,5503,22,-84
2026-08-01T00:05:46.216964+00:00,1785542742,6705,321 Surrey Central/WhiteRock,15247233,5504,23,-135
2026-08-01T00:05:46.216964+00:00,1785542742,6705,321 Surrey Central/WhiteRock,15247233,5505,24,-131
2026-08-01T00:05:46.216964+00:00,1785542742,6705,321 Surrey Central/WhiteRock,15247233,5507,25,-114
2026-08-01T00:05:46.216964+00:00,1785542742,6705,321 Surrey Central/WhiteRock,15247233,5633,26,0
2026-08-01T00:05:46.216964+00:00,1785542742,6705,321 Surrey Central/WhiteRock,15247233,5510,27,35
2026-08-01T00:05:46.216964+00:00,1785542742,6705,321 Surrey Central/WhiteRock,15247233,5511,28,27
2026-08-01T00:05:46.216964+00:00,1785542742,6705,321 Surrey Central/WhiteRock,15247233,5512,29,22
2026-08-01T00:05:46.216964+00:00,1785542742,6705,321 Surrey Central/WhiteRock,15247233,5513,30,8
2026-08-01T00:05:46.216964+00:00,1785542742,6705,321 Surrey Central/WhiteRock,15247233,5514,31,96
2026-08-01T00:05:46.216964+00:00,1785542742,6705,321 Surrey Central/WhiteRock,15247233,5515,32,88
2026-08-01T00:05:46.216964+00:00,1785542742,6705,321 Surrey Central/WhiteRock,15247233,5516,33,82
2026-08-01T00:05:46.216964+00:00,1785542742,6705,321 Surrey Central/WhiteRock,15247233,5517,34,80
2026-08-01T00:05:46.216964+00:00,1785542742,6705,321 Surrey Central/WhiteRock,15247233,5518,35,82
2026-08-01T00:05:46.216964+00:00,1785542742,6705,321 Surrey Central/WhiteRock,15247233,5519,36,58
2026-08-01T00:05:46.216964+00:00,1785542742,6705,321 Surrey Central/WhiteRock,15247233,5520,37,47
2026-08-01T00:05:46.216964+00:00,1785542742,6705,321 Surrey Central/WhiteRock,15247233,5521,38,-163
2026-08-01T00:05:46.216964+00:00,1785542742,6705,321 Surrey Central/WhiteRock,15247233,5522,39,-299
2026-08-01T00:05:46.216964+00:00,1785542742,6705,321 Surrey Central/WhiteRock,15247233,5523,40,-335
2026-08-01T00:05:46.216964+00:00,1785542742,6705,321 Surrey Central/WhiteRock,15247233,6466,41,-360
2026-08-01T00:05:46.216964+00:00,1785542742,6705,321 Surrey Central/WhiteRock,15247233,5524,42,-325
2026-08-01T00:05:46.216964+00:00,1785542742,6705,321 Surrey Central/WhiteRock,15247233,5525,43,-354
2026-08-01T00:05:46.216964+00:00,1785542742,6705,321 Surrey Central/WhiteRock,15247233,10443,44,-378
2026-08-01T00:05:46.216964+00:00,1785542742,6705,321 Surrey Central/WhiteRock,15247233,5528,45,-372
2026-08-01T00:05:46.216964+00:00,1785542742,6705,321 Surrey Central/WhiteRock,15247233,5529,46,-394
2026-08-01T00:05:46.216964+00:00,1785542742,6705,321 Surrey Central/WhiteRock,15247233,5530,47,-406
2026-08-01T00:05:46.216964+00:00,1785542742,6705,321 Surrey Central/WhiteRock,15247233,5533,48,-407
2026-08-01T00:05:46.216964+00:00,1785542742,6705,321 Surrey Central/WhiteRock,15247233,5534,49,-426
2026-08-01T00:05:46.216964+00:00,1785542742,6705,321 Surrey Central/WhiteRock,15247233,5535,50,-435
2026-08-01T00:05:46.216964+00:00,1785542742,6705,321 Surrey Central/WhiteRock,15247233,5536,51,-460
2026-08-01T00:05:46.216964+00:00,1785542742,6705,321 Surrey Central/WhiteRock,15247233,5537,52,-463
2026-08-01T00:05:46.216964+00:00,1785542742,6705,321 Surrey Central/WhiteRock,15247233,5538,53,-469
2026-08-01T00:05:46.216964+00:00,1785542742,6705,321 Surrey Central/WhiteRock,15247233,5541,54,-440
2026-08-01T00:05:46.216964+00:00,1785542742,6705,321 Surrey Central/WhiteRock,15247233,5542,55,-427
2026-08-01T00:05:46.216964+00:00,1785542742,6705,321 Surrey Central/WhiteRock,15247233,6195,56,-398
2026-08-01T00:05:46.216964+00:00,1785542742,6705,321 Surrey Central/WhiteRock,15247234,10716,2,-29
2026-08-01T00:05:46.216964+00:00,1785542742,6705,321 Surrey Central/WhiteRock,15247234,9923,3,-25
2026-08-01T00:05:46.216964+00:00,1785542742,6705,321 Surrey Central/WhiteRock,15247234,9924,4,-130
2026-08-01T00:05:46.216964+00:00,1785542742,6705,321 Surrey Central/WhiteRock,15247234,9926,5,-170
2026-08-01T00:05:46.216964+00:00,1785542742,6705,321 Surrey Central/WhiteRock,15247234,9927,6,-192
2026-08-01T00:05:46.216964+00:00,1785542742,6705,321 Surrey Central/WhiteRock,15247234,10880,7,0
2026-08-01T00:05:46.216964+00:00,1785542742,6705,321 Surrey Central/WhiteRock,15247234,5046,8,45
2026-08-01T00:05:46.216964+00:00,1785542742,6705,321 Surrey Central/WhiteRock,15247234,5047,9,46
2026-08-01T00:05:46.216964+00:00,1785542742,6705,321 Surrey Central/WhiteRock,15247234,8566,10,10
2026-08-01T00:05:46.216964+00:00,1785542742,6705,321 Surrey Central/WhiteRock,15247234,12916,11,39
2026-08-01T00:05:46.216964+00:00,1785542742,6705,321 Surrey Central/WhiteRock,15247234,5049,12,33
2026-08-01T00:05:46.216964+00:00,1785542742,6705,321 Surrey Central/WhiteRock,15247234,5039,13,17
2026-08-01T00:05:46.216964+00:00,1785542742,6705,321 Surrey Central/WhiteRock,15247234,8351,14,-6
2026-08-01T00:05:46.216964+00:00,1785542742,6705,321 Surrey Central/WhiteRock,15247234,5496,15,-76
2026-08-01T00:05:46.216964+00:00,1785542742,6705,321 Surrey Central/WhiteRock,15247234,5497,16,-119
2026-08-01T00:05:46.216964+00:00,1785542742,6705,321 Surrey Central/WhiteRock,15247234,5498,17,-134
2026-08-01T00:05:46.216964+00:00,1785542742,6705,321 Surrey Central/WhiteRock,15247234,5499,18,-172
2026-08-01T00:05:46.216964+00:00,1785542742,6705,321 Surrey Central/WhiteRock,15247234,5500,19,-200
2026-08-01T00:05:46.216964+00:00,1785542742,6705,321 Surrey Central/WhiteRock,15247234,5501,20,-227
2026-08-01T00:05:46.216964+00:00,1785542742,6705,321 Surrey Central/WhiteRock,15247234,5502,21,-242
2026-08-01T00:05:46.216964+00:00,1785542742,6705,321 Surrey Central/WhiteRock,15247234,5503,22,-278
2026-08-01T00:05:46.216964+00:00,1785542742,6705,321 Surrey Central/WhiteRock,15247234,5504,23,-331
2026-08-01T00:05:46.216964+00:00,1785542742,6705,321 Surrey Central/WhiteRock,15247234,5505,24,-322
2026-08-01T00:05:46.216964+00:00,1785542742,6705,321 Surrey Central/WhiteRock,15247234,5507,25,-307
2026-08-01T00:05:46.216964+00:00,1785542742,6705,321 Surrey Central/WhiteRock,15247234,5633,26,0
2026-08-01T00:05:46.216964+00:00,1785542742,6705,321 Surrey Central/WhiteRock,15247234,5510,27,42
2026-08-01T00:05:46.216964+00:00,1785542742,6705,321 Surrey Central/WhiteRock,15247234,5511,28,35
2026-08-01T00:05:46.216964+00:00,1785542742,6705,321 Surrey Central/WhiteRock,15247234,5512,29,30
2026-08-01T00:05:46.216964+00:00,1785542742,6705,321 Surrey Central/WhiteRock,15247234,5513,30,14
2026-08-01T00:05:46.216964+00:00,1785542742,6705,321 Surrey Central/WhiteRock,15247234,5514,31,106
2026-08-01T00:05:46.216964+00:00,1785542742,6705,321 Surrey Central/WhiteRock,15247234,5515,32,100
2026-08-01T00:05:46.216964+00:00,1785542742,6705,321 Surrey Central/WhiteRock,15247234,5516,33,105
2026-08-01T00:05:46.216964+00:00,1785542742,6705,321 Surrey Central/WhiteRock,15247234,5517,34,109
2026-08-01T00:05:46.216964+00:00,1785542742,6705,321 Surrey Central/WhiteRock,15247234,5518,35,114
2026-08-01T00:05:46.216964+00:00,1785542742,6705,321 Surrey Central/WhiteRock,15247234,5519,36,92
2026-08-01T00:05:46.216964+00:00,1785542742,6705,321 Surrey Central/WhiteRock,15247234,5520,37,83
2026-08-01T00:05:46.216964+00:00,1785542742,6705,321 Surrey Central/WhiteRock,15247234,5521,38,-118
2026-08-01T00:05:46.216964+00:00,1785542742,6705,321 Surrey Central/WhiteRock,15247234,5522,39,-250
2026-08-01T00:05:46.216964+00:00,1785542742,6705,321 Surrey Central/WhiteRock,15247234,5523,40,-285
2026-08-01T00:05:46.216964+00:00,1785542742,6705,321 Surrey Central/WhiteRock,15247234,6466,41,-300
2026-08-01T00:05:46.216964+00:00,1785542742,6705,321 Surrey Central/WhiteRock,15247234,5524,42,-270
2026-08-01T00:05:46.216964+00:00,1785542742,6705,321 Surrey Central/WhiteRock,15247234,5525,43,-296
2026-08-01T00:05:46.216964+00:00,1785542742,6705,321 Surrey Central/WhiteRock,15247234,10443,44,-311
2026-08-01T00:05:46.216964+00:00,1785542742,6705,321 Surrey Central/WhiteRock,15247234,5528,45,-312
2026-08-01T00:05:46.216964+00:00,1785542742,6705,321 Surrey Central/WhiteRock,15247234,5529,46,-333
2026-08-01T00:05:46.216964+00:00,1785542742,6705,321 Surrey Central/WhiteRock,15247234,5530,47,-345
2026-08-01T00:05:46.216964+00:00,1785542742,6705,321 Surrey Central/WhiteRock,15247234,5533,48,-342
2026-08-01T00:05:46.216964+00:00,1785542742,6705,321 Surrey Central/WhiteRock,15247234,5534,49,-360
2026-08-01T00:05:46.216964+00:00,1785542742,6705,321 Surrey Central/WhiteRock,15247234,5535,50,-359
2026-08-01T00:05:46.216964+00:00,1785542742,6705,321 Surrey Central/WhiteRock,15247234,5536,51,-383
2026-08-01T00:05:46.216964+00:00,1785542742,6705,321 Surrey Central/WhiteRock,15247234,5537,52,-389
2026-08-01T00:05:46.216964+00:00,1785542742,6705,321 Surrey Central/WhiteRock,15247234,5538,53,-394
2026-08-01T00:05:46.216964+00:00,1785542742,6705,321 Surrey Central/WhiteRock,15247234,5541,54,-370
2026-08-01T00:05:46.216964+00:00,1785542742,6705,321 Surrey Central/WhiteRock,15247234,5542,55,-356
2026-08-01T00:05:46.216964+00:00,1785542742,6705,321 Surrey Central/WhiteRock,15247234,6195,56,-328
2026-08-01T00:05:46.216964+00:00,1785542742,6715,351 Bridgeport/WhiteRock,15251617,8282,25,-196
2026-08-01T00:05:46.216964+00:00,1785542742,6715,351 Bridgeport/WhiteRock,15251618,4928,24,63
2026-08-01T00:05:46.216964+00:00,1785542742,6715,351 Bridgeport/WhiteRock,15251618,8282,25,70
2026-08-01T00:05:46.216964+00:00,1785542742,6715,351 Bridgeport/WhiteRock,15251619,5446,19,94
2026-08-01T00:05:46.216964+00:00,1785542742,6715,351 Bridgeport/WhiteRock,15251619,10445,20,84
2026-08-01T00:05:46.216964+00:00,1785542742,6715,351 Bridgeport/WhiteRock,15251619,5447,21,45
2026-08-01T00:05:46.216964+00:00,1785542742,6715,351 Bridgeport/WhiteRock,15251619,5448,22,43
2026-08-01T00:05:46.216964+00:00,1785542742,6715,351 Bridgeport/WhiteRock,15251619,6194,23,34
2026-08-01T00:05:46.216964+00:00,1785542742,6715,351 Bridgeport/WhiteRock,15251619,4928,24,-185
2026-08-01T00:05:46.216964+00:00,1785542742,6715,351 Bridgeport/WhiteRock,15251619,8282,25,-182
2026-08-01T00:05:46.216964+00:00,1785542742,6715,351 Bridgeport/WhiteRock,15251620,11545,7,-43
2026-08-01T00:05:46.216964+00:00,1785542742,6715,351 Bridgeport/WhiteRock,15251620,6172,8,-24
2026-08-01T00:05:46.216964+00:00,1785542742,6715,351 Bridgeport/WhiteRock,15251620,6173,9,-13
2026-08-01T00:05:46.216964+00:00,1785542742,6715,351 Bridgeport/WhiteRock,15251620,6139,10,19
2026-08-01T00:05:46.216964+00:00,1785542742,6715,351 Bridgeport/WhiteRock,15251620,5437,11,40
2026-08-01T00:05:46.216964+00:00,1785542742,6715,351 Bridgeport/WhiteRock,15251620,5438,12,34
2026-08-01T00:05:46.216964+00:00,1785542742,6715,351 Bridgeport/WhiteRock,15251620,5439,13,57
2026-08-01T00:05:46.216964+00:00,1785542742,6715,351 Bridgeport/WhiteRock,15251620,5440,14,35
2026-08-01T00:05:46.216964+00:00,1785542742,6715,351 Bridgeport/WhiteRock,15251620,5441,15,78
2026-08-01T00:05:46.216964+00:00,1785542742,6715,351 Bridgeport/WhiteRock,15251620,5442,16,52
2026-08-01T00:05:46.216964+00:00,1785542742,6715,351 Bridgeport/WhiteRock,15251620,5444,17,62
2026-08-01T00:05:46.216964+00:00,1785542742,6715,351 Bridgeport/WhiteRock,15251620,9083,18,33
2026-08-01T00:05:46.216964+00:00,1785542742,6715,351 Bridgeport/WhiteRock,15251620,5446,19,40
2026-08-01T00:05:46.216964+00:00,1785542742,6715,351 Bridgeport/WhiteRock,15251620,10445,20,30
2026-08-01T00:05:46.216964+00:00,1785542742,6715,351 Bridgeport/WhiteRock,15251620,5447,21,-8
2026-08-01T00:05:46.216964+00:00,1785542742,6715,351 Bridgeport/WhiteRock,15251620,5448,22,-10
2026-08-01T00:05:46.216964+00:00,1785542742,6715,351 Bridgeport/WhiteRock,15251620,6194,23,0
2026-08-01T00:05:46.216964+00:00,1785542742,6715,351 Bridgeport/WhiteRock,15251620,4928,24,-130
2026-08-01T00:05:46.216964+00:00,1785542742,6715,351 Bridgeport/WhiteRock,15251620,8282,25,-36
2026-08-01T00:05:46.216964+00:00,1785542742,6715,351 Bridgeport/WhiteRock,15251697,5535,13,-728
2026-08-01T00:05:46.216964+00:00,1785542742,6715,351 Bridgeport/WhiteRock,15251697,5536,14,-728
2026-08-01T00:05:46.216964+00:00,1785542742,6715,351 Bridgeport/WhiteRock,15251697,5537,15,-703
2026-08-01T00:05:46.216964+00:00,1785542742,6715,351 Bridgeport/WhiteRock,15251697,5538,16,-697
2026-08-01T00:05:46.216964+00:00,1785542742,6715,351 Bridgeport/WhiteRock,15251697,5541,17,-644
2026-08-01T00:05:46.216964+00:00,1785542742,6715,351 Bridgeport/WhiteRock,15251697,5542,18,-622
2026-08-01T00:05:46.216964+00:00,1785542742,6715,351 Bridgeport/WhiteRock,15251697,6340,19,-574
2026-08-01T00:05:46.216964+00:00,1785542742,6715,351 Bridgeport/WhiteRock,15251697,6341,20,-552
2026-08-01T00:05:46.216964+00:00,1785542742,6715,351 Bridgeport/WhiteRock,15251697,6167,21,-542
2026-08-01T00:05:46.216964+00:00,1785542742,6715,351 Bridgeport/WhiteRock,15251698,6175,4,-875
2026-08-01T00:05:46.216964+00:00,1785542742,6715,351 Bridgeport/WhiteRock,15251698,5524,5,-826
2026-08-01T00:05:46.216964+00:00,1785542742,6715,351 Bridgeport/WhiteRock,15251698,5525,6,-839
2026-08-01T00:05:46.216964+00:00,1785542742,6715,351 Bridgeport/WhiteRock,15251698,10443,7,-834
2026-08-01T00:05:46.216964+00:00,1785542742,6715,351 Bridgeport/WhiteRock,15251698,5528,8,-811
2026-08-01T00:05:46.216964+00:00,1785542742,6715,351 Bridgeport/WhiteRock,15251698,5529,9,-817
2026-08-01T00:05:46.216964+00:00,1785542742,6715,351 Bridgeport/WhiteRock,15251698,5530,10,-815
2026-08-01T00:05:46.216964+00:00,1785542742,6715,351 Bridgeport/WhiteRock,15251698,5533,11,-798
2026-08-01T00:05:46.216964+00:00,1785542742,6715,351 Bridgeport/WhiteRock,15251698,5534,12,-801
2026-08-01T00:05:46.216964+00:00,1785542742,6715,351 Bridgeport/WhiteRock,15251698,5535,13,-754
2026-08-01T00:05:46.216964+00:00,1785542742,6715,351 Bridgeport/WhiteRock,15251698,5536,14,-755
2026-08-01T00:05:46.216964+00:00,1785542742,6715,351 Bridgeport/WhiteRock,15251698,5537,15,-737
2026-08-01T00:05:46.216964+00:00,1785542742,6715,351 Bridgeport/WhiteRock,15251698,5538,16,-731
2026-08-01T00:05:46.216964+00:00,1785542742,6715,351 Bridgeport/WhiteRock,15251698,5541,17,-680
2026-08-01T00:05:46.216964+00:00,1785542742,6715,351 Bridgeport/WhiteRock,15251698,5542,18,-658
2026-08-01T00:05:46.216964+00:00,1785542742,6715,351 Bridgeport/WhiteRock,15251698,6340,19,-611
2026-08-01T00:05:46.216964+00:00,1785542742,6715,351 Bridgeport/WhiteRock,15251698,6341,20,-589
2026-08-01T00:05:46.216964+00:00,1785542742,6715,351 Bridgeport/WhiteRock,15251698,6167,21,-579
2026-08-01T00:05:46.216964+00:00,1785542742,6715,351 Bridgeport/WhiteRock,15251699,4929,3,0
2026-08-01T00:05:46.216964+00:00,1785542742,6715,351 Bridgeport/WhiteRock,15251699,6175,4,-690
2026-08-01T00:05:46.216964+00:00,1785542742,6715,351 Bridgeport/WhiteRock,15251699,5524,5,-642
2026-08-01T00:05:46.216964+00:00,1785542742,6715,351 Bridgeport/WhiteRock,15251699,5525,6,-655
2026-08-01T00:05:46.216964+00:00,1785542742,6715,351 Bridgeport/WhiteRock,15251699,10443,7,-649
2026-08-01T00:05:46.216964+00:00,1785542742,6715,351 Bridgeport/WhiteRock,15251699,5528,8,-628
2026-08-01T00:05:46.216964+00:00,1785542742,6715,351 Bridgeport/WhiteRock,15251699,5529,9,-637
2026-08-01T00:05:46.216964+00:00,1785542742,6715,351 Bridgeport/WhiteRock,15251699,5530,10,-635
2026-08-01T00:05:46.216964+00:00,1785542742,6715,351 Bridgeport/WhiteRock,15251699,5533,11,-617
2026-08-01T00:05:46.216964+00:00,1785542742,6715,351 Bridgeport/WhiteRock,15251699,5534,12,-620
2026-08-01T00:05:46.216964+00:00,1785542742,6715,351 Bridgeport/WhiteRock,15251699,5535,13,-585
2026-08-01T00:05:46.216964+00:00,1785542742,6715,351 Bridgeport/WhiteRock,15251699,5536,14,-586
2026-08-01T00:05:46.216964+00:00,1785542742,6715,351 Bridgeport/WhiteRock,15251699,5537,15,-570
2026-08-01T00:05:46.216964+00:00,1785542742,6715,351 Bridgeport/WhiteRock,15251699,5538,16,-564
2026-08-01T00:05:46.216964+00:00,1785542742,6715,351 Bridgeport/WhiteRock,15251699,5541,17,-512
2026-08-01T00:05:46.216964+00:00,1785542742,6715,351 Bridgeport/WhiteRock,15251699,5542,18,-490
2026-08-01T00:05:46.216964+00:00,1785542742,6715,351 Bridgeport/WhiteRock,15251699,6340,19,-443
2026-08-01T00:05:46.216964+00:00,1785542742,6715,351 Bridgeport/WhiteRock,15251699,6341,20,-420
2026-08-01T00:05:46.216964+00:00,1785542742,6715,351 Bridgeport/WhiteRock,15251699,6167,21,-410
2026-08-01T00:05:46.216964+00:00,1785542742,6715,351 Bridgeport/WhiteRock,15251700,8283,2,244
2026-08-01T00:05:46.216964+00:00,1785542742,6715,351 Bridgeport/WhiteRock,15251700,4929,3,192
2026-08-01T00:05:46.216964+00:00,1785542742,6715,351 Bridgeport/WhiteRock,15251700,6175,4,-498
2026-08-01T00:05:46.216964+00:00,1785542742,6715,351 Bridgeport/WhiteRock,15251700,5524,5,-451
2026-08-01T00:05:46.216964+00:00,1785542742,6715,351 Bridgeport/WhiteRock,15251700,5525,6,-465
2026-08-01T00:05:46.216964+00:00,1785542742,6715,351 Bridgeport/WhiteRock,15251700,10443,7,-458
2026-08-01T00:05:46.216964+00:00,1785542742,6715,351 Bridgeport/WhiteRock,15251700,5528,8,-435
2026-08-01T00:05:46.216964+00:00,1785542742,6715,351 Bridgeport/WhiteRock,15251700,5529,9,-440
2026-08-01T00:05:46.216964+00:00,1785542742,6715,351 Bridgeport/WhiteRock,15251700,5530,10,-438
2026-08-01T00:05:46.216964+00:00,1785542742,6715,351 Bridgeport/WhiteRock,15251700,5533,11,-418
2026-08-01T00:05:46.216964+00:00,1785542742,6715,351 Bridgeport/WhiteRock,15251700,5534,12,-420
2026-08-01T00:05:46.216964+00:00,1785542742,6715,351 Bridgeport/WhiteRock,15251700,5535,13,-406
2026-08-01T00:05:46.216964+00:00,1785542742,6715,351 Bridgeport/WhiteRock,15251700,5536,14,-408
2026-08-01T00:05:46.216964+00:00,1785542742,6715,351 Bridgeport/WhiteRock,15251700,5537,15,-391
2026-08-01T00:05:46.216964+00:00,1785542742,6715,351 Bridgeport/WhiteRock,15251700,5538,16,-386
2026-08-01T00:05:46.216964+00:00,1785542742,6715,351 Bridgeport/WhiteRock,15251700,5541,17,-334
2026-08-01T00:05:46.216964+00:00,1785542742,6715,351 Bridgeport/WhiteRock,15251700,5542,18,-312
2026-08-01T00:05:46.216964+00:00,1785542742,6715,351 Bridgeport/WhiteRock,15251700,6340,19,-267
2026-08-01T00:05:46.216964+00:00,1785542742,6715,351 Bridgeport/WhiteRock,15251700,6341,20,-244
2026-08-01T00:05:46.216964+00:00,1785542742,6715,351 Bridgeport/WhiteRock,15251700,6167,21,-236
2026-08-01T00:05:46.216964+00:00,1785542742,6715,351 Bridgeport/WhiteRock,15251701,11267,1,0
2026-08-01T00:05:46.216964+00:00,1785542742,6715,351 Bridgeport/WhiteRock,15251701,8283,2,-302
2026-08-01T00:05:46.216964+00:00,1785542742,6715,351 Bridgeport/WhiteRock,15251701,4929,3,0
2026-08-01T00:05:46.216964+00:00,1785542742,6715,351 Bridgeport/WhiteRock,15251701,6175,4,-651
2026-08-01T00:05:46.216964+00:00,1785542742,6715,351 Bridgeport/WhiteRock,15251701,5524,5,-601
2026-08-01T00:05:46.216964+00:00,1785542742,6715,351 Bridgeport/WhiteRock,15251701,5525,6,-614
2026-08-01T00:05:46.216964+00:00,1785542742,6715,351 Bridgeport/WhiteRock,15251701,10443,7,-607
2026-08-01T00:05:46.216964+00:00,1785542742,6715,351 Bridgeport/WhiteRock,15251701,5528,8,-582
2026-08-01T00:05:46.216964+00:00,1785542742,6715,351 Bridgeport/WhiteRock,15251701,5529,9,-587
2026-08-01T00:05:46.216964+00:00,1785542742,6715,351 Bridgeport/WhiteRock,15251701,5530,10,-584
2026-08-01T00:05:46.216964+00:00,1785542742,6715,351 Bridgeport/WhiteRock,15251701,5533,11,-563
2026-08-01T00:05:46.216964+00:00,1785542742,6715,351 Bridgeport/WhiteRock,15251701,5534,12,-564
2026-08-01T00:05:46.216964+00:00,1785542742,6715,351 Bridgeport/WhiteRock,15251701,5535,13,-548
2026-08-01T00:05:46.216964+00:00,1785542742,6715,351 Bridgeport/WhiteRock,15251701,5536,14,-549
2026-08-01T00:05:46.216964+00:00,1785542742,6715,351 Bridgeport/WhiteRock,15251701,5537,15,-531
2026-08-01T00:05:46.216964+00:00,1785542742,6715,351 Bridgeport/WhiteRock,15251701,5538,16,-524
2026-08-01T00:05:46.216964+00:00,1785542742,6715,351 Bridgeport/WhiteRock,15251701,5541,17,-472
2026-08-01T00:05:46.216964+00:00,1785542742,6715,351 Bridgeport/WhiteRock,15251701,5542,18,-450
2026-08-01T00:05:46.216964+00:00,1785542742,6715,351 Bridgeport/WhiteRock,15251701,6340,19,-400
2026-08-01T00:05:46.216964+00:00,1785542742,6715,351 Bridgeport/WhiteRock,15251701,6341,20,-377
2026-08-01T00:05:46.216964+00:00,1785542742,6715,351 Bridgeport/WhiteRock,15251701,6167,21,-360
2026-08-01T00:05:46.216964+00:00,1785542742,11692,364 Langley Centre/Scottsdale,15252682,4846,2,113
2026-08-01T00:05:46.216964+00:00,1785542742,11692,364 Langley Centre/Scottsdale,15252682,4918,3,147
2026-08-01T00:05:46.216964+00:00,1785542742,11692,364 Langley Centre/Scottsdale,15252682,4919,4,111
2026-08-01T00:05:46.216964+00:00,1785542742,11692,364 Langley Centre/Scottsdale,15252682,4921,5,43
2026-08-01T00:05:46.216964+00:00,1785542742,11692,364 Langley Centre/Scottsdale,15252682,11121,6,85
2026-08-01T00:05:46.216964+00:00,1785542742,11692,364 Langley Centre/Scottsdale,15252682,11142,7,37
2026-08-01T00:05:46.216964+00:00,1785542742,11692,364 Langley Centre/Scottsdale,15252682,11139,8,10
2026-08-01T00:05:46.216964+00:00,1785542742,11692,364 Langley Centre/Scottsdale,15252682,11156,9,-18
2026-08-01T00:05:46.216964+00:00,1785542742,11692,364 Langley Centre/Scottsdale,15252682,5583,10,-14
2026-08-01T00:05:46.216964+00:00,1785542742,11692,364 Langley Centre/Scottsdale,15252682,5584,11,-57
2026-08-01T00:05:46.216964+00:00,1785542742,11692,364 Langley Centre/Scottsdale,15252682,6464,12,-83
2026-08-01T00:05:46.216964+00:00,1785542742,11692,364 Langley Centre/Scottsdale,15252682,6465,13,-119
2026-08-01T00:05:46.216964+00:00,1785542742,11692,364 Langley Centre/Scottsdale,15252682,11074,14,-82
2026-08-01T00:05:46.216964+00:00,1785542742,11692,364 Langley Centre/Scottsdale,15252682,11153,15,-122
2026-08-01T00:05:46.216964+00:00,1785542742,11692,364 Langley Centre/Scottsdale,15252682,11150,16,-172
2026-08-01T00:05:46.216964+00:00,1785542742,11692,364 Langley Centre/Scottsdale,15252682,11148,17,-195
2026-08-01T00:05:46.216964+00:00,1785542742,11692,364 Langley Centre/Scottsdale,15252682,11124,18,-189
2026-08-01T00:05:46.216964+00:00,1785542742,11692,364 Langley Centre/Scottsdale,15252682,11140,19,-238
2026-08-01T00:05:46.216964+00:00,1785542742,11692,364 Langley Centre/Scottsdale,15252682,11145,20,-254
2026-08-01T00:05:46.216964+00:00,1785542742,11692,364 Langley Centre/Scottsdale,15252682,11076,21,0
2026-08-01T00:05:46.216964+00:00,1785542742,11692,364 Langley Centre/Scottsdale,15252682,12645,22,-233
2026-08-01T00:05:46.216964+00:00,1785542742,11692,364 Langley Centre/Scottsdale,15252682,9525,23,-232
2026-08-01T00:05:46.216964+00:00,1785542742,11692,364 Langley Centre/Scottsdale,15252682,10148,24,-210
2026-08-01T00:05:46.216964+00:00,1785542742,11692,364 Langley Centre/Scottsdale,15252682,10585,25,-235
2026-08-01T00:05:46.216964+00:00,1785542742,11692,364 Langley Centre/Scottsdale,15252682,10250,26,-248
2026-08-01T00:05:46.216964+00:00,1785542742,11692,364 Langley Centre/Scottsdale,15252682,10588,27,-259
2026-08-01T00:05:46.216964+00:00,1785542742,11692,364 Langley Centre/Scottsdale,15252682,10248,28,-204
2026-08-01T00:05:46.216964+00:00,1785542742,11692,364 Langley Centre/Scottsdale,15252682,10726,29,-200
2026-08-01T00:05:46.216964+00:00,1785542742,11692,364 Langley Centre/Scottsdale,15252682,10725,30,-213
2026-08-01T00:05:46.216964+00:00,1785542742,11692,364 Langley Centre/Scottsdale,15252682,10727,31,-235
2026-08-01T00:05:46.216964+00:00,1785542742,11692,364 Langley Centre/Scottsdale,15252682,10251,32,-245
2026-08-01T00:05:46.216964+00:00,1785542742,11692,364 Langley Centre/Scottsdale,15252682,10252,33,-271
2026-08-01T00:05:46.216964+00:00,1785542742,11692,364 Langley Centre/Scottsdale,15252682,10253,34,-282
2026-08-01T00:05:46.216964+00:00,1785542742,11692,364 Langley Centre/Scottsdale,15252682,10255,35,-303
2026-08-01T00:05:46.216964+00:00,1785542742,11692,364 Langley Centre/Scottsdale,15252682,5332,36,-237
2026-08-01T00:05:46.216964+00:00,1785542742,11692,364 Langley Centre/Scottsdale,15252682,12497,37,-266
2026-08-01T00:05:46.216964+00:00,1785542742,11692,364 Langley Centre/Scottsdale,15252682,5334,38,-275
2026-08-01T00:05:46.216964+00:00,1785542742,11692,364 Langley Centre/Scottsdale,15252682,6472,39,-266
2026-08-01T00:05:46.216964+00:00,1785542742,11692,364 Langley Centre/Scottsdale,15252682,6473,40,-271
2026-08-01T00:05:46.216964+00:00,1785542742,11692,364 Langley Centre/Scottsdale,15252682,6474,41,-281
2026-08-01T00:05:46.216964+00:00,1785542742,11692,364 Langley Centre/Scottsdale,15252682,9306,42,-235
2026-08-01T00:05:46.216964+00:00,1785542742,11692,364 Langley Centre/Scottsdale,15252682,11125,43,-239
2026-08-01T00:05:46.216964+00:00,1785542742,11692,364 Langley Centre/Scottsdale,15252682,9294,44,-230
2026-08-01T00:05:46.216964+00:00,1785542742,11692,364 Langley Centre/Scottsdale,15252682,9293,45,-240
2026-08-01T00:05:46.216964+00:00,1785542742,11692,364 Langley Centre/Scottsdale,15252682,11126,46,-233
2026-08-01T00:05:46.216964+00:00,1785542742,11692,364 Langley Centre/Scottsdale,15252682,7094,47,-278
2026-08-01T00:05:46.216964+00:00,1785542742,11692,364 Langley Centre/Scottsdale,15252683,11076,21,0
2026-08-01T00:05:46.216964+00:00,1785542742,11692,364 Langley Centre/Scottsdale,15252683,9525,23,-588
2026-08-01T00:05:46.216964+00:00,1785542742,11692,364 Langley Centre/Scottsdale,15252683,10148,24,-572
2026-08-01T00:05:46.216964+00:00,1785542742,11692,364 Langley Centre/Scottsdale,15252683,10585,25,-602
2026-08-01T00:05:46.216964+00:00,1785542742,11692,364 Langley Centre/Scottsdale,15252683,10250,26,-621
2026-08-01T00:05:46.216964+00:00,1785542742,11692,364 Langley Centre/Scottsdale,15252683,10588,27,-635
2026-08-01T00:05:46.216964+00:00,1785542742,11692,364 Langley Centre/Scottsdale,15252683,10248,28,-588
2026-08-01T00:05:46.216964+00:00,1785542742,11692,364 Langley Centre/Scottsdale,15252683,10726,29,-583
2026-08-01T00:05:46.216964+00:00,1785542742,11692,364 Langley Centre/Scottsdale,15252683,10725,30,-599
2026-08-01T00:05:46.216964+00:00,1785542742,11692,364 Langley Centre/Scottsdale,15252683,10727,31,-627
2026-08-01T00:05:46.216964+00:00,1785542742,11692,364 Langley Centre/Scottsdale,15252683,10251,32,-647
2026-08-01T00:05:46.216964+00:00,1785542742,11692,364 Langley Centre/Scottsdale,15252683,10252,33,-678
2026-08-01T00:05:46.216964+00:00,1785542742,11692,364 Langley Centre/Scottsdale,15252683,10253,34,-700
2026-08-01T00:05:46.216964+00:00,1785542742,11692,364 Langley Centre/Scottsdale,15252683,10255,35,-727
2026-08-01T00:05:46.216964+00:00,1785542742,11692,364 Langley Centre/Scottsdale,15252683,5332,36,-664
2026-08-01T00:05:46.216964+00:00,1785542742,11692,364 Langley Centre/Scottsdale,15252683,12497,37,-697
2026-08-01T00:05:46.216964+00:00,1785542742,11692,364 Langley Centre/Scottsdale,15252683,5334,38,-710
2026-08-01T00:05:46.216964+00:00,1785542742,11692,364 Langley Centre/Scottsdale,15252683,6472,39,-702
2026-08-01T00:05:46.216964+00:00,1785542742,11692,364 Langley Centre/Scottsdale,15252683,6473,40,-707
2026-08-01T00:05:46.216964+00:00,1785542742,11692,364 Langley Centre/Scottsdale,15252683,6474,41,-715
2026-08-01T00:05:46.216964+00:00,1785542742,11692,364 Langley Centre/Scottsdale,15252683,9306,42,-662
2026-08-01T00:05:46.216964+00:00,1785542742,11692,364 Langley Centre/Scottsdale,15252683,11125,43,-657
2026-08-01T00:05:46.216964+00:00,1785542742,11692,364 Langley Centre/Scottsdale,15252683,9294,44,-665
2026-08-01T00:05:46.216964+00:00,1785542742,11692,364 Langley Centre/Scottsdale,15252683,9293,45,-680
2026-08-01T00:05:46.216964+00:00,1785542742,11692,364 Langley Centre/Scottsdale,15252683,11126,46,-673
2026-08-01T00:05:46.216964+00:00,1785542742,11692,364 Langley Centre/Scottsdale,15252683,7094,47,-706
2026-08-01T00:05:46.216964+00:00,1785542742,11692,364 Langley Centre/Scottsdale,15252684,7094,47,-141
2026-08-01T00:05:46.216964+00:00,1785542742,11692,364 Langley Centre/Scottsdale,15252697,10248,28,114
2026-08-01T00:05:46.216964+00:00,1785542742,11692,364 Langley Centre/Scottsdale,15252697,10726,29,118
2026-08-01T00:05:46.216964+00:00,1785542742,11692,364 Langley Centre/Scottsdale,15252697,10725,30,103
2026-08-01T00:05:46.216964+00:00,1785542742,11692,364 Langley Centre/Scottsdale,15252697,10727,31,75
2026-08-01T00:05:46.216964+00:00,1785542742,11692,364 Langley Centre/Scottsdale,15252697,10251,32,55
2026-08-01T00:05:46.216964+00:00,1785542742,11692,364 Langley Centre/Scottsdale,15252697,10252,33,24
2026-08-01T00:05:46.216964+00:00,1785542742,11692,364 Langley Centre/Scottsdale,15252697,10253,34,2
2026-08-01T00:05:46.216964+00:00,1785542742,11692,364 Langley Centre/Scottsdale,15252697,10255,35,-25
2026-08-01T00:05:46.216964+00:00,1785542742,11692,364 Langley Centre/Scottsdale,15252697,5332,36,38
2026-08-01T00:05:46.216964+00:00,1785542742,11692,364 Langley Centre/Scottsdale,15252697,12497,37,2
2026-08-01T00:05:46.216964+00:00,1785542742,11692,364 Langley Centre/Scottsdale,15252697,5334,38,-11
2026-08-01T00:05:46.216964+00:00,1785542742,11692,364 Langley Centre/Scottsdale,15252697,6472,39,-3
2026-08-01T00:05:46.216964+00:00,1785542742,11692,364 Langley Centre/Scottsdale,15252697,6473,40,-7
2026-08-01T00:05:46.216964+00:00,1785542742,11692,364 Langley Centre/Scottsdale,15252697,6474,41,-14
2026-08-01T00:05:46.216964+00:00,1785542742,11692,364 Langley Centre/Scottsdale,15252697,9306,42,38
2026-08-01T00:05:46.216964+00:00,1785542742,11692,364 Langley Centre/Scottsdale,15252697,11125,43,15
2026-08-01T00:05:46.216964+00:00,1785542742,11692,364 Langley Centre/Scottsdale,15252697,9294,44,37
2026-08-01T00:05:46.216964+00:00,1785542742,11692,364 Langley Centre/Scottsdale,15252697,9293,45,23
2026-08-01T00:05:46.216964+00:00,1785542742,11692,364 Langley Centre/Scottsdale,15252697,11126,46,30
2026-08-01T00:05:46.216964+00:00,1785542742,11692,364 Langley Centre/Scottsdale,15252697,7094,47,-3
2026-08-01T00:05:46.216964+00:00,1785542742,11692,364 Langley Centre/Scottsdale,15252698,5244,1,0
2026-08-01T00:05:46.216964+00:00,1785542742,11692,364 Langley Centre/Scottsdale,15252698,4846,2,-886
2026-08-01T00:05:46.216964+00:00,1785542742,11692,364 Langley Centre/Scottsdale,15252698,4918,3,-846
2026-08-01T00:05:46.216964+00:00,1785542742,11692,364 Langley Centre/Scottsdale,15252698,4919,4,-875
2026-08-01T00:05:46.216964+00:00,1785542742,11692,364 Langley Centre/Scottsdale,15252698,4921,5,-940
2026-08-01T00:05:46.216964+00:00,1785542742,11692,364 Langley Centre/Scottsdale,15252698,11121,6,-894
2026-08-01T00:05:46.216964+00:00,1785542742,11692,364 Langley Centre/Scottsdale,15252698,11142,7,-939
2026-08-01T00:05:46.216964+00:00,1785542742,11692,364 Langley Centre/Scottsdale,15252698,11139,8,-963
2026-08-01T00:05:46.216964+00:00,1785542742,11692,364 Langley Centre/Scottsdale,15252698,11156,9,-988
2026-08-01T00:05:46.216964+00:00,1785542742,11692,364 Langley Centre/Scottsdale,15252698,5583,10,-981
2026-08-01T00:05:46.216964+00:00,1785542742,11692,364 Langley Centre/Scottsdale,15252698,5584,11,-1021
2026-08-01T00:05:46.216964+00:00,1785542742,11692,364 Langley Centre/Scottsdale,15252698,6464,12,-1045
2026-08-01T00:05:46.216964+00:00,1785542742,11692,364 Langley Centre/Scottsdale,15252698,6465,13,-1079
2026-08-01T00:05:46.216964+00:00,1785542742,11692,364 Langley Centre/Scottsdale,15252698,11074,14,-1039
2026-08-01T00:05:46.216964+00:00,1785542742,11692,364 Langley Centre/Scottsdale,15252698,11153,15,-1077
2026-08-01T00:05:46.216964+00:00,1785542742,11692,364 Langley Centre/Scottsdale,15252698,11150,16,-1124
2026-08-01T00:05:46.216964+00:00,1785542742,11692,364 Langley Centre/Scottsdale,15252698,11148,17,-1144
2026-08-01T00:05:46.216964+00:00,1785542742,11692,364 Langley Centre/Scottsdale,15252698,11124,18,-1135
2026-08-01T00:05:46.216964+00:00,1785542742,11692,364 Langley Centre/Scottsdale,15252698,11140,19,-1181
2026-08-01T00:05:46.216964+00:00,1785542742,11692,364 Langley Centre/Scottsdale,15252698,11145,20,-1194
2026-08-01T00:05:46.216964+00:00,1785542742,11692,364 Langley Centre/Scottsdale,15252698,11076,21,0
2026-08-01T00:05:46.216964+00:00,1785542742,11692,364 Langley Centre/Scottsdale,15252698,12645,22,-210
2026-08-01T00:05:46.216964+00:00,1785542742,11692,364 Langley Centre/Scottsdale,15252698,9525,23,-207
2026-08-01T00:05:46.216964+00:00,1785542742,11692,364 Langley Centre/Scottsdale,15252698,10148,24,-181
2026-08-01T00:05:46.216964+00:00,1785542742,11692,364 Langley Centre/Scottsdale,15252698,10585,25,-203
2026-08-01T00:05:46.216964+00:00,1785542742,11692,364 Langley Centre/Scottsdale,15252698,10250,26,-212
2026-08-01T00:05:46.216964+00:00,1785542742,11692,364 Langley Centre/Scottsdale,15252698,10588,27,-220
2026-08-01T00:05:46.216964+00:00,1785542742,11692,364 Langley Centre/Scottsdale,15252698,10248,28,-160
2026-08-01T00:05:46.216964+00:00,1785542742,11692,364 Langley Centre/Scottsdale,15252698,10726,29,-162
2026-08-01T00:05:46.216964+00:00,1785542742,11692,364 Langley Centre/Scottsdale,15252698,10725,30,-176
2026-08-01T00:05:46.216964+00:00,1785542742,11692,364 Langley Centre/Scottsdale,15252698,10727,31,-194
2026-08-01T00:05:46.216964+00:00,1785542742,11692,364 Langley Centre/Scottsdale,15252698,10251,32,-201
2026-08-01T00:05:46.216964+00:00,1785542742,11692,364 Langley Centre/Scottsdale,15252698,10252,33,-226
2026-08-01T00:05:46.216964+00:00,1785542742,11692,364 Langley Centre/Scottsdale,15252698,10253,34,-236
2026-08-01T00:05:46.216964+00:00,1785542742,11692,364 Langley Centre/Scottsdale,15252698,10255,35,-255
2026-08-01T00:05:46.216964+00:00,1785542742,11692,364 Langley Centre/Scottsdale,15252698,5332,36,-225
2026-08-01T00:05:46.216964+00:00,1785542742,11692,364 Langley Centre/Scottsdale,15252698,12497,37,-251
2026-08-01T00:05:46.216964+00:00,1785542742,11692,364 Langley Centre/Scottsdale,15252698,5334,38,-249
2026-08-01T00:05:46.216964+00:00,1785542742,11692,364 Langley Centre/Scottsdale,15252698,6472,39,-239
2026-08-01T00:05:46.216964+00:00,1785542742,11692,364 Langley Centre/Scottsdale,15252698,6473,40,-239
2026-08-01T00:05:46.216964+00:00,1785542742,11692,364 Langley Centre/Scottsdale,15252698,6474,41,-238
2026-08-01T00:05:46.216964+00:00,1785542742,11692,364 Langley Centre/Scottsdale,15252698,9306,42,-186
2026-08-01T00:05:46.216964+00:00,1785542742,11692,364 Langley Centre/Scottsdale,15252698,11125,43,-179
2026-08-01T00:05:46.216964+00:00,1785542742,11692,364 Langley Centre/Scottsdale,15252698,9294,44,-174
2026-08-01T00:05:46.216964+00:00,1785542742,11692,364 Langley Centre/Scottsdale,15252698,9293,45,-183
2026-08-01T00:05:46.216964+00:00,1785542742,11692,364 Langley Centre/Scottsdale,15252698,11126,46,-176
2026-08-01T00:05:46.216964+00:00,1785542742,11692,364 Langley Centre/Scottsdale,15252698,7094,47,-208
2026-08-01T00:05:46.216964+00:00,1785542742,11692,364 Langley Centre/Scottsdale,15252700,5584,11,36
2026-08-01T00:05:46.216964+00:00,1785542742,11692,364 Langley Centre/Scottsdale,15252700,6464,12,11
2026-08-01T00:05:46.216964+00:00,1785542742,11692,364 Langley Centre/Scottsdale,15252700,6465,13,-24
2026-08-01T00:05:46.216964+00:00,1785542742,11692,364 Langley Centre/Scottsdale,15252700,11074,14,13
2026-08-01T00:05:46.216964+00:00,1785542742,11692,364 Langley Centre/Scottsdale,15252700,11153,15,-27
2026-08-01T00:05:46.216964+00:00,1785542742,11692,364 Langley Centre/Scottsdale,15252700,11150,16,-76
2026-08-01T00:05:46.216964+00:00,1785542742,11692,364 Langley Centre/Scottsdale,15252700,11148,17,-99
2026-08-01T00:05:46.216964+00:00,1785542742,11692,364 Langley Centre/Scottsdale,15252700,11124,18,-93
2026-08-01T00:05:46.216964+00:00,1785542742,11692,364 Langley Centre/Scottsdale,15252700,11140,19,-140
2026-08-01T00:05:46.216964+00:00,1785542742,11692,364 Langley Centre/Scottsdale,15252700,11145,20,-152
2026-08-01T00:05:46.216964+00:00,1785542742,11692,364 Langley Centre/Scottsdale,15252700,11076,21,0
2026-08-01T00:05:46.216964+00:00,1785542742,11692,364 Langley Centre/Scottsdale,15252700,12645,22,-233
2026-08-01T00:05:46.216964+00:00,1785542742,11692,364 Langley Centre/Scottsdale,15252700,9525,23,-232
2026-08-01T00:05:46.216964+00:00,1785542742,11692,364 Langley Centre/Scottsdale,15252700,10148,24,-210
2026-08-01T00:05:46.216964+00:00,1785542742,11692,364 Langley Centre/Scottsdale,15252700,10585,25,-235
2026-08-01T00:05:46.216964+00:00,1785542742,11692,364 Langley Centre/Scottsdale,15252700,10250,26,-247
2026-08-01T00:05:46.216964+00:00,1785542742,11692,364 Langley Centre/Scottsdale,15252700,10588,27,-258
2026-08-01T00:05:46.216964+00:00,1785542742,11692,364 Langley Centre/Scottsdale,15252700,10248,28,-203
2026-08-01T00:05:46.216964+00:00,1785542742,11692,364 Langley Centre/Scottsdale,15252700,10726,29,-198
2026-08-01T00:05:46.216964+00:00,1785542742,11692,364 Langley Centre/Scottsdale,15252700,10725,30,-211
2026-08-01T00:05:46.216964+00:00,1785542742,11692,364 Langley Centre/Scottsdale,15252700,10727,31,-233
2026-08-01T00:05:46.216964+00:00,1785542742,11692,364 Langley Centre/Scottsdale,15252700,10251,32,-244
2026-08-01T00:05:46.216964+00:00,1785542742,11692,364 Langley Centre/Scottsdale,15252700,10252,33,-270
2026-08-01T00:05:46.216964+00:00,1785542742,11692,364 Langley Centre/Scottsdale,15252700,10253,34,-281
2026-08-01T00:05:46.216964+00:00,1785542742,11692,364 Langley Centre/Scottsdale,15252700,10255,35,-302
2026-08-01T00:05:46.216964+00:00,1785542742,11692,364 Langley Centre/Scottsdale,15252700,5332,36,-236
2026-08-01T00:05:46.216964+00:00,1785542742,11692,364 Langley Centre/Scottsdale,15252700,12497,37,-266
2026-08-01T00:05:46.216964+00:00,1785542742,11692,364 Langley Centre/Scottsdale,15252700,5334,38,-276
2026-08-01T00:05:46.216964+00:00,1785542742,11692,364 Langley Centre/Scottsdale,15252700,6472,39,-268
2026-08-01T00:05:46.216964+00:00,1785542742,11692,364 Langley Centre/Scottsdale,15252700,6473,40,-271
2026-08-01T00:05:46.216964+00:00,1785542742,11692,364 Langley Centre/Scottsdale,15252700,6474,41,-277
2026-08-01T00:05:46.216964+00:00,1785542742,11692,364 Langley Centre/Scottsdale,15252700,9306,42,-225
2026-08-01T00:05:46.216964+00:00,1785542742,11692,364 Langley Centre/Scottsdale,15252700,11125,43,-225
2026-08-01T00:05:46.216964+00:00,1785542742,11692,364 Langley Centre/Scottsdale,15252700,9294,44,-225
2026-08-01T00:05:46.216964+00:00,1785542742,11692,364 Langley Centre/Scottsdale,15252700,9293,45,-237
2026-08-01T00:05:46.216964+00:00,1785542742,11692,364 Langley Centre/Scottsdale,15252700,11126,46,-227
2026-08-01T00:05:46.216964+00:00,1785542742,11692,364 Langley Centre/Scottsdale,15252700,7094,47,-240
2026-08-01T00:05:46.216964+00:00,1785542742,11692,364 Langley Centre/Scottsdale,15252714,7166,1,22
2026-08-01T00:05:46.216964+00:00,1785542742,11692,364 Langley Centre/Scottsdale,15252714,9291,4,-513
2026-08-01T00:05:46.216964+00:00,1785542742,11692,364 Langley Centre/Scottsdale,15252714,9292,5,-530
2026-08-01T00:05:46.216964+00:00,1785542742,11692,364 Langley Centre/Scottsdale,15252714,11264,6,-525
2026-08-01T00:05:46.216964+00:00,1785542742,11692,364 Langley Centre/Scottsdale,15252714,9303,7,-538
2026-08-01T00:05:46.216964+00:00,1785542742,11692,364 Langley Centre/Scottsdale,15252714,9304,8,-555
2026-08-01T00:05:46.216964+00:00,1785542742,11692,364 Langley Centre/Scottsdale,15252714,6475,9,-522
2026-08-01T00:05:46.216964+00:00,1785542742,11692,364 Langley Centre/Scottsdale,15252714,6476,10,-555
2026-08-01T00:05:46.216964+00:00,1785542742,11692,364 Langley Centre/Scottsdale,15252714,5381,11,-576
2026-08-01T00:05:46.216964+00:00,1785542742,11692,364 Langley Centre/Scottsdale,15252714,12496,12,-586
2026-08-01T00:05:46.216964+00:00,1785542742,11692,364 Langley Centre/Scottsdale,15252714,5382,13,-609
2026-08-01T00:05:46.216964+00:00,1785542742,11692,364 Langley Centre/Scottsdale,15252714,12516,14,-429
2026-08-01T00:05:46.216964+00:00,1785542742,11692,364 Langley Centre/Scottsdale,15252714,10257,15,-480
2026-08-01T00:05:46.216964+00:00,1785542742,11692,364 Langley Centre/Scottsdale,15252714,10258,16,-505
2026-08-01T00:05:46.216964+00:00,1785542742,11692,364 Langley Centre/Scottsdale,15252714,10259,17,-562
2026-08-01T00:05:46.216964+00:00,1785542742,11692,364 Langley Centre/Scottsdale,15252714,10260,18,0
2026-08-01T00:05:46.216964+00:00,1785542742,11692,364 Langley Centre/Scottsdale,15252714,10729,19,-59
2026-08-01T00:05:46.216964+00:00,1785542742,11692,364 Langley Centre/Scottsdale,15252714,13067,20,-84
2026-08-01T00:05:46.216964+00:00,1785542742,11692,364 Langley Centre/Scottsdale,15252714,10633,21,-105
2026-08-01T00:05:46.216964+00:00,1785542742,11692,364 Langley Centre/Scottsdale,15252714,10149,22,-11
2026-08-01T00:05:46.216964+00:00,1785542742,11692,364 Langley Centre/Scottsdale,15252714,10587,23,-34
2026-08-01T00:05:46.216964+00:00,1785542742,11692,364 Langley Centre/Scottsdale,15252714,10261,24,-76
2026-08-01T00:05:46.216964+00:00,1785542742,11692,364 Langley Centre/Scottsdale,15252714,10586,25,-118
2026-08-01T00:05:46.216964+00:00,1785542742,11692,364 Langley Centre/Scottsdale,15252714,9547,26,-94
2026-08-01T00:05:46.216964+00:00,1785542742,11692,364 Langley Centre/Scottsdale,15252714,9526,27,-126
2026-08-01T00:05:46.216964+00:00,1785542742,11692,364 Langley Centre/Scottsdale,15252714,12646,28,-143
2026-08-01T00:05:46.216964+00:00,1785542742,11692,364 Langley Centre/Scottsdale,15252714,11075,29,-224
2026-08-01T00:05:46.216964+00:00,1785542742,11692,364 Langley Centre/Scottsdale,15252714,11174,30,-256
2026-08-01T00:05:46.216964+00:00,1785542742,11692,364 Langley Centre/Scottsdale,15252714,11175,31,-292
2026-08-01T00:05:46.216964+00:00,1785542742,11692,364 Langley Centre/Scottsdale,15252714,11123,32,-245
2026-08-01T00:05:46.216964+00:00,1785542742,11692,364 Langley Centre/Scottsdale,15252714,11176,33,-254
2026-08-01T00:05:46.216964+00:00,1785542742,11692,364 Langley Centre/Scottsdale,15252714,11177,34,-287
2026-08-01T00:05:46.216964+00:00,1785542742,11692,364 Langley Centre/Scottsdale,15252714,11178,35,-320
2026-08-01T00:05:46.216964+00:00,1785542742,11692,364 Langley Centre/Scottsdale,15252714,6459,36,-231
2026-08-01T00:05:46.216964+00:00,1785542742,11692,364 Langley Centre/Scottsdale,15252714,6460,37,-238
2026-08-01T00:05:46.216964+00:00,1785542742,11692,364 Langley Centre/Scottsdale,15252714,5621,38,-240
2026-08-01T00:05:46.216964+00:00,1785542742,11692,364 Langley Centre/Scottsdale,15252714,5622,39,-269
2026-08-01T00:05:46.216964+00:00,1785542742,11692,364 Langley Centre/Scottsdale,15252714,11122,40,-258
2026-08-01T00:05:46.216964+00:00,1785542742,11692,364 Langley Centre/Scottsdale,15252714,11155,41,-274
2026-08-01T00:05:46.216964+00:00,1785542742,11692,364 Langley Centre/Scottsdale,15252714,11143,42,-287
2026-08-01T00:05:46.216964+00:00,1785542742,11692,364 Langley Centre/Scottsdale,15252714,11141,43,-324
2026-08-01T00:05:46.216964+00:00,1785542742,11692,364 Langley Centre/Scottsdale,15252714,4936,44,-322
2026-08-01T00:05:46.216964+00:00,1785542742,11692,364 Langley Centre/Scottsdale,15252714,4937,45,-340
2026-08-01T00:05:46.216964+00:00,1785542742,11692,364 Langley Centre/Scottsdale,15252714,4938,46,-366
2026-08-01T00:05:46.216964+00:00,1785542742,11692,364 Langley Centre/Scottsdale,15252714,5229,47,-370
2026-08-01T00:05:46.216964+00:00,1785542742,11692,364 Langley Centre/Scottsdale,15252714,4917,48,-326
2026-08-01T00:05:46.216964+00:00,1785542742,11692,364 Langley Centre/Scottsdale,15252715,10633,21,-82
2026-08-01T00:05:46.216964+00:00,1785542742,11692,364 Langley Centre/Scottsdale,15252715,10149,22,13
2026-08-01T00:05:46.216964+00:00,1785542742,11692,364 Langley Centre/Scottsdale,15252715,10587,23,-10
2026-08-01T00:05:46.216964+00:00,1785542742,11692,364 Langley Centre/Scottsdale,15252715,10261,24,-51
2026-08-01T00:05:46.216964+00:00,1785542742,11692,364 Langley Centre/Scottsdale,15252715,10586,25,-93
2026-08-01T00:05:46.216964+00:00,1785542742,11692,364 Langley Centre/Scottsdale,15252715,9547,26,-69
2026-08-01T00:05:46.216964+00:00,1785542742,11692,364 Langley Centre/Scottsdale,15252715,9526,27,-100
2026-08-01T00:05:46.216964+00:00,1785542742,11692,364 Langley Centre/Scottsdale,15252715,12646,28,-116
2026-08-01T00:05:46.216964+00:00,1785542742,11692,364 Langley Centre/Scottsdale,15252715,11075,29,-197
2026-08-01T00:05:46.216964+00:00,1785542742,11692,364 Langley Centre/Scottsdale,15252715,11174,30,-230
2026-08-01T00:05:46.216964+00:00,1785542742,11692,364 Langley Centre/Scottsdale,15252715,11175,31,-265
2026-08-01T00:05:46.216964+00:00,1785542742,11692,364 Langley Centre/Scottsdale,15252715,11123,32,-219
2026-08-01T00:05:46.216964+00:00,1785542742,11692,364 Langley Centre/Scottsdale,15252715,11176,33,-224
2026-08-01T00:05:46.216964+00:00,1785542742,11692,364 Langley Centre/Scottsdale,15252715,11177,34,-258
2026-08-01T00:05:46.216964+00:00,1785542742,11692,364 Langley Centre/Scottsdale,15252715,11178,35,-292
2026-08-01T00:05:46.216964+00:00,1785542742,11692,364 Langley Centre/Scottsdale,15252715,6459,36,-204
2026-08-01T00:05:46.216964+00:00,1785542742,11692,364 Langley Centre/Scottsdale,15252715,6460,37,-216
2026-08-01T00:05:46.216964+00:00,1785542742,11692,364 Langley Centre/Scottsdale,15252715,5621,38,-216
2026-08-01T00:05:46.216964+00:00,1785542742,11692,364 Langley Centre/Scottsdale,15252715,5622,39,-244
2026-08-01T00:05:46.216964+00:00,1785542742,11692,364 Langley Centre/Scottsdale,15252715,11122,40,-214
2026-08-01T00:05:46.216964+00:00,1785542742,11692,364 Langley Centre/Scottsdale,15252715,11155,41,-232
2026-08-01T00:05:46.216964+00:00,1785542742,11692,364 Langley Centre/Scottsdale,15252715,11143,42,-245
2026-08-01T00:05:46.216964+00:00,1785542742,11692,364 Langley Centre/Scottsdale,15252715,11141,43,-282
2026-08-01T00:05:46.216964+00:00,1785542742,11692,364 Langley Centre/Scottsdale,15252715,4936,44,-274
2026-08-01T00:05:46.216964+00:00,1785542742,11692,364 Langley Centre/Scottsdale,15252715,4937,45,-300
2026-08-01T00:05:46.216964+00:00,1785542742,11692,364 Langley Centre/Scottsdale,15252715,4938,46,-328
2026-08-01T00:05:46.216964+00:00,1785542742,11692,364 Langley Centre/Scottsdale,15252715,5229,47,-331
2026-08-01T00:05:46.216964+00:00,1785542742,11692,364 Langley Centre/Scottsdale,15252715,4917,48,-271
2026-08-01T00:05:46.216964+00:00,1785542742,11692,364 Langley Centre/Scottsdale,15252736,5621,38,-6
2026-08-01T00:05:46.216964+00:00,1785542742,11692,364 Langley Centre/Scottsdale,15252736,5622,39,-38
2026-08-01T00:05:46.216964+00:00,1785542742,11692,364 Langley Centre/Scottsdale,15252736,11122,40,-12
2026-08-01T00:05:46.216964+00:00,1785542742,11692,364 Langley Centre/Scottsdale,15252736,11155,41,-33
2026-08-01T00:05:46.216964+00:00,1785542742,11692,364 Langley Centre/Scottsdale,15252736,11143,42,-50
2026-08-01T00:05:46.216964+00:00,1785542742,11692,364 Langley Centre/Scottsdale,15252736,11141,43,-89
2026-08-01T00:05:46.216964+00:00,1785542742,11692,364 Langley Centre/Scottsdale,15252736,4936,44,-83
2026-08-01T00:05:46.216964+00:00,1785542742,11692,364 Langley Centre/Scottsdale,15252736,4937,45,-111
2026-08-01T00:05:46.216964+00:00,1785542742,11692,364 Langley Centre/Scottsdale,15252736,4938,46,-144
2026-08-01T00:05:46.216964+00:00,1785542742,11692,364 Langley Centre/Scottsdale,15252736,5229,47,-147
2026-08-01T00:05:46.216964+00:00,1785542742,11692,364 Langley Centre/Scottsdale,15252736,4917,48,-92
2026-08-01T00:05:46.216964+00:00,1785542742,11692,364 Langley Centre/Scottsdale,15252751,11174,30,-295
2026-08-01T00:05:46.216964+00:00,1785542742,11692,364 Langley Centre/Scottsdale,15252751,11175,31,-331
2026-08-01T00:05:46.216964+00:00,1785542742,11692,364 Langley Centre/Scottsdale,15252751,11123,32,-290
2026-08-01T00:05:46.216964+00:00,1785542742,11692,364 Langley Centre/Scottsdale,15252751,11176,33,-298
2026-08-01T00:05:46.216964+00:00,1785542742,11692,364 Langley Centre/Scottsdale,15252751,11177,34,-334
2026-08-01T00:05:46.216964+00:00,1785542742,11692,364 Langley Centre/Scottsdale,15252751,11178,35,-371
2026-08-01T00:05:46.216964+00:00,1785542742,11692,364 Langley Centre/Scottsdale,15252751,6459,36,-286
2026-08-01T00:05:46.216964+00:00,1785542742,11692,364 Langley Centre/Scottsdale,15252751,6460,37,-299
2026-08-01T00:05:46.216964+00:00,1785542742,11692,364 Langley Centre/Scottsdale,15252751,5621,38,-303
2026-08-01T00:05:46.216964+00:00,1785542742,11692,364 Langley Centre/Scottsdale,15252751,5622,39,-335
2026-08-01T00:05:46.216964+00:00,1785542742,11692,364 Langley Centre/Scottsdale,15252751,11122,40,-309
2026-08-01T00:05:46.216964+00:00,1785542742,11692,364 Langley Centre/Scottsdale,15252751,11155,41,-331
2026-08-01T00:05:46.216964+00:00,1785542742,11692,364 Langley Centre/Scottsdale,15252751,11143,42,-348
2026-08-01T00:05:46.216964+00:00,1785542742,11692,364 Langley Centre/Scottsdale,15252751,11141,43,-388
2026-08-01T00:05:46.216964+00:00,1785542742,11692,364 Langley Centre/Scottsdale,15252751,4936,44,-382
2026-08-01T00:05:46.216964+00:00,1785542742,11692,364 Langley Centre/Scottsdale,15252751,4937,45,-410
2026-08-01T00:05:46.216964+00:00,1785542742,11692,364 Langley Centre/Scottsdale,15252751,4938,46,-442
2026-08-01T00:05:46.216964+00:00,1785542742,11692,364 Langley Centre/Scottsdale,15252751,5229,47,-447
2026-08-01T00:05:46.216964+00:00,1785542742,11692,364 Langley Centre/Scottsdale,15252751,4917,48,-392
2026-08-01T00:05:46.216964+00:00,1785542742,11692,364 Langley Centre/Scottsdale,15252752,6476,10,-22
2026-08-01T00:05:46.216964+00:00,1785542742,11692,364 Langley Centre/Scottsdale,15252752,5381,11,-45
2026-08-01T00:05:46.216964+00:00,1785542742,11692,364 Langley Centre/Scottsdale,15252752,12496,12,-56
2026-08-01T00:05:46.216964+00:00,1785542742,11692,364 Langley Centre/Scottsdale,15252752,5382,13,-85
2026-08-01T00:05:46.216964+00:00,1785542742,11692,364 Langley Centre/Scottsdale,15252752,12516,14,91
2026-08-01T00:05:46.216964+00:00,1785542742,11692,364 Langley Centre/Scottsdale,15252752,10257,15,37
2026-08-01T00:05:46.216964+00:00,1785542742,11692,364 Langley Centre/Scottsdale,15252752,10258,16,14
2026-08-01T00:05:46.216964+00:00,1785542742,11692,364 Langley Centre/Scottsdale,15252752,10259,17,-46
2026-08-01T00:05:46.216964+00:00,1785542742,11692,364 Langley Centre/Scottsdale,15252752,10260,18,0
2026-08-01T00:05:46.216964+00:00,1785542742,11692,364 Langley Centre/Scottsdale,15252752,10729,19,-59
2026-08-01T00:05:46.216964+00:00,1785542742,11692,364 Langley Centre/Scottsdale,15252752,13067,20,-84
2026-08-01T00:05:46.216964+00:00,1785542742,11692,364 Langley Centre/Scottsdale,15252752,10633,21,-105
2026-08-01T00:05:46.216964+00:00,1785542742,11692,364 Langley Centre/Scottsdale,15252752,10149,22,-10
2026-08-01T00:05:46.216964+00:00,1785542742,11692,364 Langley Centre/Scottsdale,15252752,10587,23,-33
2026-08-01T00:05:46.216964+00:00,1785542742,11692,364 Langley Centre/Scottsdale,15252752,10261,24,-74
2026-08-01T00:05:46.216964+00:00,1785542742,11692,364 Langley Centre/Scottsdale,15252752,10586,25,-116
2026-08-01T00:05:46.216964+00:00,1785542742,11692,364 Langley Centre/Scottsdale,15252752,9547,26,-92
2026-08-01T00:05:46.216964+00:00,1785542742,11692,364 Langley Centre/Scottsdale,15252752,9526,27,-123
2026-08-01T00:05:46.216964+00:00,1785542742,11692,364 Langley Centre/Scottsdale,15252752,12646,28,-139
2026-08-01T00:05:46.216964+00:00,1785542742,11692,364 Langley Centre/Scottsdale,15252752,11075,29,-220
2026-08-01T00:05:46.216964+00:00,1785542742,11692,364 Langley Centre/Scottsdale,15252752,11174,30,-253
2026-08-01T00:05:46.216964+00:00,1785542742,11692,364 Langley Centre/Scottsdale,15252752,11175,31,-287
2026-08-01T00:05:46.216964+00:00,1785542742,11692,364 Langley Centre/Scottsdale,15252752,11123,32,-242
2026-08-01T00:05:46.216964+00:00,1785542742,11692,364 Langley Centre/Scottsdale,15252752,11176,33,-250
2026-08-01T00:05:46.216964+00:00,1785542742,11692,364 Langley Centre/Scottsdale,15252752,11177,34,-283
2026-08-01T00:05:46.216964+00:00,1785542742,11692,364 Langley Centre/Scottsdale,15252752,11178,35,-317
2026-08-01T00:05:46.216964+00:00,1785542742,11692,364 Langley Centre/Scottsdale,15252752,6459,36,-229
2026-08-01T00:05:46.216964+00:00,1785542742,11692,364 Langley Centre/Scottsdale,15252752,6460,37,-240
2026-08-01T00:05:46.216964+00:00,1785542742,11692,364 Langley Centre/Scottsdale,15252752,5621,38,-240
2026-08-01T00:05:46.216964+00:00,1785542742,11692,364 Langley Centre/Scottsdale,15252752,5622,39,-268
2026-08-01T00:05:46.216964+00:00,1785542742,11692,364 Langley Centre/Scottsdale,15252752,11122,40,-238
2026-08-01T00:05:46.216964+00:00,1785542742,11692,364 Langley Centre/Scottsdale,15252752,11155,41,-257
2026-08-01T00:05:46.216964+00:00,1785542742,11692,364 Langley Centre/Scottsdale,15252752,11143,42,-271
2026-08-01T00:05:46.216964+00:00,1785542742,11692,364 Langley Centre/Scottsdale,15252752,11141,43,-308
2026-08-01T00:05:46.216964+00:00,1785542742,11692,364 Langley Centre/Scottsdale,15252752,4936,44,-300
2026-08-01T00:05:46.216964+00:00,1785542742,11692,364 Langley Centre/Scottsdale,15252752,4937,45,-326
2026-08-01T00:05:46.216964+00:00,1785542742,11692,364 Langley Centre/Scottsdale,15252752,4938,46,-353
2026-08-01T00:05:46.216964+00:00,1785542742,11692,364 Langley Centre/Scottsdale,15252752,5229,47,-356
2026-08-01T00:05:46.216964+00:00,1785542742,11692,364 Langley Centre/Scottsdale,15252752,4917,48,-297
2026-08-01T00:05:46.216964+00:00,1785542742,18705,531 WhiteRock/WillowBrook,15259154,12173,45,-14
2026-08-01T00:05:46.216964+00:00,1785542742,18705,531 WhiteRock/WillowBrook,15259154,9291,46,-49
2026-08-01T00:05:46.216964+00:00,1785542742,18705,531 WhiteRock/WillowBrook,15259154,9292,47,-55
2026-08-01T00:05:46.216964+00:00,1785542742,18705,531 WhiteRock/WillowBrook,15259154,11264,48,-22
2026-08-01T00:05:46.216964+00:00,1785542742,18705,531 WhiteRock/WillowBrook,15259154,9303,49,-25
2026-08-01T00:05:46.216964+00:00,1785542742,18705,531 WhiteRock/WillowBrook,15259154,9304,50,-28
2026-08-01T00:05:46.216964+00:00,1785542742,18705,531 WhiteRock/WillowBrook,15259154,6475,51,21
2026-08-01T00:05:46.216964+00:00,1785542742,18705,531 WhiteRock/WillowBrook,15259154,6476,52,11
2026-08-01T00:05:46.216964+00:00,1785542742,18705,531 WhiteRock/WillowBrook,15259154,5335,53,15
2026-08-01T00:05:46.216964+00:00,1785542742,18705,531 WhiteRock/WillowBrook,15259154,7100,54,51
2026-08-01T00:05:46.216964+00:00,1785542742,18705,531 WhiteRock/WillowBrook,15259155,7083,36,-380
2026-08-01T00:05:46.216964+00:00,1785542742,18705,531 WhiteRock/WillowBrook,15259155,7084,37,-395
2026-08-01T00:05:46.216964+00:00,1785542742,18705,531 WhiteRock/WillowBrook,15259155,7085,38,-428
2026-08-01T00:05:46.216964+00:00,1785542742,18705,531 WhiteRock/WillowBrook,15259155,8939,39,-441
2026-08-01T00:05:46.216964+00:00,1785542742,18705,531 WhiteRock/WillowBrook,15259155,7086,40,-452
2026-08-01T00:05:46.216964+00:00,1785542742,18705,531 WhiteRock/WillowBrook,15259155,8940,41,-479
2026-08-01T00:05:46.216964+00:00,1785542742,18705,531 WhiteRock/WillowBrook,15259155,5341,42,-491
2026-08-01T00:05:46.216964+00:00,1785542742,18705,531 WhiteRock/WillowBrook,15259155,5342,43,-491
2026-08-01T00:05:46.216964+00:00,1785542742,18705,531 WhiteRock/WillowBrook,15259155,12293,44,-474
2026-08-01T00:05:46.216964+00:00,1785542742,18705,531 WhiteRock/WillowBrook,15259155,12173,45,-409
2026-08-01T00:05:46.216964+00:00,1785542742,18705,531 WhiteRock/WillowBrook,15259155,9291,46,-436
2026-08-01T00:05:46.216964+00:00,1785542742,18705,531 WhiteRock/WillowBrook,15259155,9292,47,-439
2026-08-01T00:05:46.216964+00:00,1785542742,18705,531 WhiteRock/WillowBrook,15259155,11264,48,-409
2026-08-01T00:05:46.216964+00:00,1785542742,18705,531 WhiteRock/WillowBrook,15259155,9303,49,-411
2026-08-01T00:05:46.216964+00:00,1785542742,18705,531 WhiteRock/WillowBrook,15259155,9304,50,-414
2026-08-01T00:05:46.216964+00:00,1785542742,18705,531 WhiteRock/WillowBrook,15259155,6475,51,-366
2026-08-01T00:05:46.216964+00:00,1785542742,18705,531 WhiteRock/WillowBrook,15259155,6476,52,-374
2026-08-01T00:05:46.216964+00:00,1785542742,18705,531 WhiteRock/WillowBrook,15259155,5335,53,-369
2026-08-01T00:05:46.216964+00:00,1785542742,18705,531 WhiteRock/WillowBrook,15259155,7100,54,-333
2026-08-01T00:05:46.216964+00:00,1785542742,18705,531 WhiteRock/WillowBrook,15259176,12306,15,76
2026-08-01T00:05:46.216964+00:00,1785542742,18705,531 WhiteRock/WillowBrook,15259176,12218,16,20
2026-08-01T00:05:46.216964+00:00,1785542742,18705,531 WhiteRock/WillowBrook,15259176,11924,17,-50
2026-08-01T00:05:46.216964+00:00,1785542742,18705,531 WhiteRock/WillowBrook,15259176,13131,18,-89
2026-08-01T00:05:46.216964+00:00,1785542742,18705,531 WhiteRock/WillowBrook,15259176,11923,19,-117
2026-08-01T00:05:46.216964+00:00,1785542742,18705,531 WhiteRock/WillowBrook,15259176,12597,20,-188
2026-08-01T00:05:46.216964+00:00,1785542742,18705,531 WhiteRock/WillowBrook,15259176,11922,21,-202
2026-08-01T00:05:46.216964+00:00,1785542742,18705,531 WhiteRock/WillowBrook,15259176,11744,22,-187
2026-08-01T00:05:46.216964+00:00,1785542742,18705,531 WhiteRock/WillowBrook,15259176,11839,23,-215
2026-08-01T00:05:46.216964+00:00,1785542742,18705,531 WhiteRock/WillowBrook,15259176,12922,24,-233
2026-08-01T00:05:46.216964+00:00,1785542742,18705,531 WhiteRock/WillowBrook,15259176,12923,25,-267
2026-08-01T00:05:46.216964+00:00,1785542742,18705,531 WhiteRock/WillowBrook,15259176,12925,26,-263
2026-08-01T00:05:46.216964+00:00,1785542742,18705,531 WhiteRock/WillowBrook,15259176,12928,27,-289
2026-08-01T00:05:46.216964+00:00,1785542742,18705,531 WhiteRock/WillowBrook,15259176,12930,28,-309
2026-08-01T00:05:46.216964+00:00,1785542742,18705,531 WhiteRock/WillowBrook,15259176,13042,29,-324
2026-08-01T00:05:46.216964+00:00,1785542742,18705,531 WhiteRock/WillowBrook,15259176,8936,30,-313
2026-08-01T00:05:46.216964+00:00,1785542742,18705,531 WhiteRock/WillowBrook,15259176,9030,31,-323
2026-08-01T00:05:46.216964+00:00,1785542742,18705,531 WhiteRock/WillowBrook,15259176,8937,32,-345
2026-08-01T00:05:46.216964+00:00,1785542742,18705,531 WhiteRock/WillowBrook,15259176,8938,33,-342
2026-08-01T00:05:46.216964+00:00,1785542742,18705,531 WhiteRock/WillowBrook,15259176,7081,34,-347
2026-08-01T00:05:46.216964+00:00,1785542742,18705,531 WhiteRock/WillowBrook,15259176,7082,35,-354
2026-08-01T00:05:46.216964+00:00,1785542742,18705,531 WhiteRock/WillowBrook,15259176,7083,36,-383
2026-08-01T00:05:46.216964+00:00,1785542742,18705,531 WhiteRock/WillowBrook,15259176,7084,37,-401
2026-08-01T00:05:46.216964+00:00,1785542742,18705,531 WhiteRock/WillowBrook,15259176,7085,38,-437
2026-08-01T00:05:46.216964+00:00,1785542742,18705,531 WhiteRock/WillowBrook,15259176,8939,39,-450
2026-08-01T00:05:46.216964+00:00,1785542742,18705,531 WhiteRock/WillowBrook,15259176,7086,40,-461
2026-08-01T00:05:46.216964+00:00,1785542742,18705,531 WhiteRock/WillowBrook,15259176,8940,41,-488
2026-08-01T00:05:46.216964+00:00,1785542742,18705,531 WhiteRock/WillowBrook,15259176,5341,42,-500
2026-08-01T00:05:46.216964+00:00,1785542742,18705,531 WhiteRock/WillowBrook,15259176,5342,43,-501
2026-08-01T00:05:46.216964+00:00,1785542742,18705,531 WhiteRock/WillowBrook,15259176,12293,44,-483
2026-08-01T00:05:46.216964+00:00,1785542742,18705,531 WhiteRock/WillowBrook,15259176,12173,45,-417
2026-08-01T00:05:46.216964+00:00,1785542742,18705,531 WhiteRock/WillowBrook,15259176,9291,46,-444
2026-08-01T00:05:46.216964+00:00,1785542742,18705,531 WhiteRock/WillowBrook,15259176,9292,47,-450
2026-08-01T00:05:46.216964+00:00,1785542742,18705,531 WhiteRock/WillowBrook,15259176,11264,48,-409
2026-08-01T00:05:46.216964+00:00,1785542742,18705,531 WhiteRock/WillowBrook,15259176,9303,49,-410
2026-08-01T00:05:46.216964+00:00,1785542742,18705,531 WhiteRock/WillowBrook,15259176,9304,50,-414
2026-08-01T00:05:46.216964+00:00,1785542742,18705,531 WhiteRock/WillowBrook,15259176,6475,51,-365
2026-08-01T00:05:46.216964+00:00,1785542742,18705,531 WhiteRock/WillowBrook,15259176,6476,52,-373
2026-08-01T00:05:46.216964+00:00,1785542742,18705,531 WhiteRock/WillowBrook,15259176,5335,53,-366
2026-08-01T00:05:46.216964+00:00,1785542742,18705,531 WhiteRock/WillowBrook,15259176,7100,54,-324
2026-08-01T00:05:46.216964+00:00,1785542742,18705,531 WhiteRock/WillowBrook,15259208,11750,31,273
2026-08-01T00:05:46.216964+00:00,1785542742,18705,531 WhiteRock/WillowBrook,15259208,11747,32,245
2026-08-01T00:05:46.216964+00:00,1785542742,18705,531 WhiteRock/WillowBrook,15259208,11745,33,237
2026-08-01T00:05:46.216964+00:00,1785542742,18705,531 WhiteRock/WillowBrook,15259208,13040,34,229
2026-08-01T00:05:46.216964+00:00,1785542742,18705,531 WhiteRock/WillowBrook,15259208,12598,35,203
2026-08-01T00:05:46.216964+00:00,1785542742,18705,531 WhiteRock/WillowBrook,15259208,11920,36,138
2026-08-01T00:05:46.216964+00:00,1785542742,18705,531 WhiteRock/WillowBrook,15259208,13130,37,100
2026-08-01T00:05:46.216964+00:00,1785542742,18705,531 WhiteRock/WillowBrook,15259208,11925,38,62
2026-08-01T00:05:46.216964+00:00,1785542742,18705,531 WhiteRock/WillowBrook,15259208,12219,39,31
2026-08-01T00:05:46.216964+00:00,1785542742,18705,531 WhiteRock/WillowBrook,15259208,11741,40,-117
2026-08-01T00:05:46.216964+00:00,1785542742,18705,531 WhiteRock/WillowBrook,15259208,11740,41,-137
2026-08-01T00:05:46.216964+00:00,1785542742,18705,531 WhiteRock/WillowBrook,15259208,11739,42,-86
2026-08-01T00:05:46.216964+00:00,1785542742,18705,531 WhiteRock/WillowBrook,15259208,11737,43,-39
2026-08-01T00:05:46.216964+00:00,1785542742,18705,531 WhiteRock/WillowBrook,15259208,11757,44,-73
2026-08-01T00:05:46.216964+00:00,1785542742,18705,531 WhiteRock/WillowBrook,15259208,11735,45,-34
2026-08-01T00:05:46.216964+00:00,1785542742,18705,531 WhiteRock/WillowBrook,15259208,11756,46,-28
2026-08-01T00:05:46.216964+00:00,1785542742,18705,531 WhiteRock/WillowBrook,15259208,5535,47,5
2026-08-01T00:05:46.216964+00:00,1785542742,18705,531 WhiteRock/WillowBrook,15259208,5536,48,-20
2026-08-01T00:05:46.216964+00:00,1785542742,18705,531 WhiteRock/WillowBrook,15259208,5537,49,-20
2026-08-01T00:05:46.216964+00:00,1785542742,18705,531 WhiteRock/WillowBrook,15259208,5538,50,-27
2026-08-01T00:05:46.216964+00:00,1785542742,18705,531 WhiteRock/WillowBrook,15259208,5539,51,-20
2026-08-01T00:05:46.216964+00:00,1785542742,18705,531 WhiteRock/WillowBrook,15259208,5540,52,-12
2026-08-01T00:05:46.216964+00:00,1785542742,18705,531 WhiteRock/WillowBrook,15259209,7171,15,152
2026-08-01T00:05:46.216964+00:00,1785542742,18705,531 WhiteRock/WillowBrook,15259209,7172,16,114
2026-08-01T00:05:46.216964+00:00,1785542742,18705,531 WhiteRock/WillowBrook,15259209,7173,17,103
2026-08-01T00:05:46.216964+00:00,1785542742,18705,531 WhiteRock/WillowBrook,15259209,7174,18,62
2026-08-01T00:05:46.216964+00:00,1785542742,18705,531 WhiteRock/WillowBrook,15259209,7175,19,54
2026-08-01T00:05:46.216964+00:00,1785542742,18705,531 WhiteRock/WillowBrook,15259209,7176,20,30
2026-08-01T00:05:46.216964+00:00,1785542742,18705,531 WhiteRock/WillowBrook,15259209,7177,21,33
2026-08-01T00:05:46.216964+00:00,1785542742,18705,531 WhiteRock/WillowBrook,15259209,8948,22,2
2026-08-01T00:05:46.216964+00:00,1785542742,18705,531 WhiteRock/WillowBrook,15259209,9031,23,-17
2026-08-01T00:05:46.216964+00:00,1785542742,18705,531 WhiteRock/WillowBrook,15259209,12931,24,-22
2026-08-01T00:05:46.216964+00:00,1785542742,18705,531 WhiteRock/WillowBrook,15259209,13041,25,-57
2026-08-01T00:05:46.216964+00:00,1785542742,18705,531 WhiteRock/WillowBrook,15259209,12929,26,-74
2026-08-01T00:05:46.216964+00:00,1785542742,18705,531 WhiteRock/WillowBrook,15259209,12927,27,-107
2026-08-01T00:05:46.216964+00:00,1785542742,18705,531 WhiteRock/WillowBrook,15259209,12926,28,-113
2026-08-01T00:05:46.216964+00:00,1785542742,18705,531 WhiteRock/WillowBrook,15259209,12924,29,-131
2026-08-01T00:05:46.216964+00:00,1785542742,18705,531 WhiteRock/WillowBrook,15259209,11751,30,-124
2026-08-01T00:05:46.216964+00:00,1785542742,18705,531 WhiteRock/WillowBrook,15259209,11750,31,-164
2026-08-01T00:05:46.216964+00:00,1785542742,18705,531 WhiteRock/WillowBrook,15259209,11747,32,-192
2026-08-01T00:05:46.216964+00:00,1785542742,18705,531 WhiteRock/WillowBrook,15259209,11745,33,-197
2026-08-01T00:05:46.216964+00:00,1785542742,18705,531 WhiteRock/WillowBrook,15259209,13040,34,-205
2026-08-01T00:05:46.216964+00:00,1785542742,18705,531 WhiteRock/WillowBrook,15259209,12598,35,-231
2026-08-01T00:05:46.216964+00:00,1785542742,18705,531 WhiteRock/WillowBrook,15259209,11920,36,-294
2026-08-01T00:05:46.216964+00:00,1785542742,18705,531 WhiteRock/WillowBrook,15259209,13130,37,-332
2026-08-01T00:05:46.216964+00:00,1785542742,18705,531 WhiteRock/WillowBrook,15259209,11925,38,-370
2026-08-01T00:05:46.216964+00:00,1785542742,18705,531 WhiteRock/WillowBrook,15259209,12219,39,-400
2026-08-01T00:05:46.216964+00:00,1785542742,18705,531 WhiteRock/WillowBrook,15259209,11741,40,-547
2026-08-01T00:05:46.216964+00:00,1785542742,18705,531 WhiteRock/WillowBrook,15259209,11740,41,-567
2026-08-01T00:05:46.216964+00:00,1785542742,18705,531 WhiteRock/WillowBrook,15259209,11739,42,-517
2026-08-01T00:05:46.216964+00:00,1785542742,18705,531 WhiteRock/WillowBrook,15259209,11737,43,-471
2026-08-01T00:05:46.216964+00:00,1785542742,18705,531 WhiteRock/WillowBrook,15259209,11757,44,-504
2026-08-01T00:05:46.216964+00:00,1785542742,18705,531 WhiteRock/WillowBrook,15259209,11735,45,-465
2026-08-01T00:05:46.216964+00:00,1785542742,18705,531 WhiteRock/WillowBrook,15259209,11756,46,-458
2026-08-01T00:05:46.216964+00:00,1785542742,18705,531 WhiteRock/WillowBrook,15259209,5535,47,-426
2026-08-01T00:05:46.216964+00:00,1785542742,18705,531 WhiteRock/WillowBrook,15259209,5536,48,-454
2026-08-01T00:05:46.216964+00:00,1785542742,18705,531 WhiteRock/WillowBrook,15259209,5537,49,-455
2026-08-01T00:05:46.216964+00:00,1785542742,18705,531 WhiteRock/WillowBrook,15259209,5538,50,-462
2026-08-01T00:05:46.216964+00:00,1785542742,18705,531 WhiteRock/WillowBrook,15259209,5539,51,-455
2026-08-01T00:05:46.216964+00:00,1785542742,18705,531 WhiteRock/WillowBrook,15259209,5540,52,-447
2026-08-01T00:05:46.216964+00:00,1785542742,18705,531 WhiteRock/WillowBrook,15259221,5539,51,-168
2026-08-01T00:05:46.216964+00:00,1785542742,18705,531 WhiteRock/WillowBrook,15259221,5540,52,-162
2026-08-01T00:05:46.216964+00:00,1785542742,18705,531 WhiteRock/WillowBrook,15259222,11754,1,0
2026-08-01T00:05:46.216964+00:00,1785542742,18705,531 WhiteRock/WillowBrook,15259222,9306,4,-266
2026-08-01T00:05:46.216964+00:00,1785542742,18705,531 WhiteRock/WillowBrook,15259222,11125,5,-257
2026-08-01T00:05:46.216964+00:00,1785542742,18705,531 WhiteRock/WillowBrook,15259222,9294,6,-265
2026-08-01T00:05:46.216964+00:00,1785542742,18705,531 WhiteRock/WillowBrook,15259222,9293,7,-276
2026-08-01T00:05:46.216964+00:00,1785542742,18705,531 WhiteRock/WillowBrook,15259222,11126,8,-269
2026-08-01T00:05:46.216964+00:00,1785542742,18705,531 WhiteRock/WillowBrook,15259222,7094,9,-301
2026-08-01T00:05:46.216964+00:00,1785542742,18705,531 WhiteRock/WillowBrook,15259222,7166,10,-320
2026-08-01T00:05:46.216964+00:00,1785542742,18705,531 WhiteRock/WillowBrook,15259222,7092,11,-285
2026-08-01T00:05:46.216964+00:00,1785542742,18705,531 WhiteRock/WillowBrook,15259222,10747,12,-266
2026-08-01T00:05:46.216964+00:00,1785542742,18705,531 WhiteRock/WillowBrook,15259222,5364,13,-254
2026-08-01T00:05:46.216964+00:00,1785542742,18705,531 WhiteRock/WillowBrook,15259222,11775,14,-228
2026-08-01T00:05:46.216964+00:00,1785542742,18705,531 WhiteRock/WillowBrook,15259222,7171,15,-268
2026-08-01T00:05:46.216964+00:00,1785542742,18705,531 WhiteRock/WillowBrook,15259222,7172,16,-307
2026-08-01T00:05:46.216964+00:00,1785542742,18705,531 WhiteRock/WillowBrook,15259222,7173,17,-319
2026-08-01T00:05:46.216964+00:00,1785542742,18705,531 WhiteRock/WillowBrook,15259222,7174,18,-360
2026-08-01T00:05:46.216964+00:00,1785542742,18705,531 WhiteRock/WillowBrook,15259222,7175,19,-369
2026-08-01T00:05:46.216964+00:00,1785542742,18705,531 WhiteRock/WillowBrook,15259222,7176,20,-397
2026-08-01T00:05:46.216964+00:00,1785542742,18705,531 WhiteRock/WillowBrook,15259222,7177,21,-395
2026-08-01T00:05:46.216964+00:00,1785542742,18705,531 WhiteRock/WillowBrook,15259222,8948,22,-427
2026-08-01T00:05:46.216964+00:00,1785542742,18705,531 WhiteRock/WillowBrook,15259222,9031,23,-447
2026-08-01T00:05:46.216964+00:00,1785542742,18705,531 WhiteRock/WillowBrook,15259222,12931,24,-452
2026-08-01T00:05:46.216964+00:00,1785542742,18705,531 WhiteRock/WillowBrook,15259222,13041,25,-487
2026-08-01T00:05:46.216964+00:00,1785542742,18705,531 WhiteRock/WillowBrook,15259222,12929,26,-506
2026-08-01T00:05:46.216964+00:00,1785542742,18705,531 WhiteRock/WillowBrook,15259222,12927,27,-539
2026-08-01T00:05:46.216964+00:00,1785542742,18705,531 WhiteRock/WillowBrook,15259222,12926,28,-550
2026-08-01T00:05:46.216964+00:00,1785542742,18705,531 WhiteRock/WillowBrook,15259222,12924,29,-572
2026-08-01T00:05:46.216964+00:00,1785542742,18705,531 WhiteRock/WillowBrook,15259222,11751,30,-565
2026-08-01T00:05:46.216964+00:00,1785542742,18705,531 WhiteRock/WillowBrook,15259222,11750,31,-609
2026-08-01T00:05:46.216964+00:00,1785542742,18705,531 WhiteRock/WillowBrook,15259222,11747,32,-639
2026-08-01T00:05:46.216964+00:00,1785542742,18705,531 WhiteRock/WillowBrook,15259222,11745,33,-653
2026-08-01T00:05:46.216964+00:00,1785542742,18705,531 WhiteRock/WillowBrook,15259222,13040,34,-661
2026-08-01T00:05:46.216964+00:00,1785542742,18705,531 WhiteRock/WillowBrook,15259222,12598,35,-687
2026-08-01T00:05:46.216964+00:00,1785542742,18705,531 WhiteRock/WillowBrook,15259222,11920,36,-751
2026-08-01T00:05:46.216964+00:00,1785542742,18705,531 WhiteRock/WillowBrook,15259222,13130,37,-789
2026-08-01T00:05:46.216964+00:00,1785542742,18705,531 WhiteRock/WillowBrook,15259222,11925,38,-826
2026-08-01T00:05:46.216964+00:00,1785542742,18705,531 WhiteRock/WillowBrook,15259222,12219,39,-855
2026-08-01T00:05:46.216964+00:00,1785542742,18705,531 WhiteRock/WillowBrook,15259222,11741,40,-1007
2026-08-01T00:05:46.216964+00:00,1785542742,18705,531 WhiteRock/WillowBrook,15259222,11740,41,-1028
2026-08-01T00:05:46.216964+00:00,1785542742,18705,531 WhiteRock/WillowBrook,15259222,11739,42,-977
2026-08-01T00:05:46.216964+00:00,1785542742,18705,531 WhiteRock/WillowBrook,15259222,11737,43,-936
2026-08-01T00:05:46.216964+00:00,1785542742,18705,531 WhiteRock/WillowBrook,15259222,11757,44,-973
2026-08-01T00:05:46.216964+00:00,1785542742,18705,531 WhiteRock/WillowBrook,15259222,11735,45,-934
2026-08-01T00:05:46.216964+00:00,1785542742,18705,531 WhiteRock/WillowBrook,15259222,11756,46,-928
2026-08-01T00:05:46.216964+00:00,1785542742,18705,531 WhiteRock/WillowBrook,15259222,5535,47,-896
2026-08-01T00:05:46.216964+00:00,1785542742,18705,531 WhiteRock/WillowBrook,15259222,5536,48,-925
2026-08-01T00:05:46.216964+00:00,1785542742,18705,531 WhiteRock/WillowBrook,15259222,5537,49,-920
2026-08-01T00:05:46.216964+00:00,1785542742,18705,531 WhiteRock/WillowBrook,15259222,5538,50,-925
2026-08-01T00:05:46.216964+00:00,1785542742,18705,531 WhiteRock/WillowBrook,15259222,5539,51,-928
2026-08-01T00:05:46.216964+00:00,1785542742,18705,531 WhiteRock/WillowBrook,15259222,5540,52,-921
