captured_at,feed_timestamp,route_id,route_label,trip_id,stop_id,stop_sequence,delay_seconds
2026-08-12T00:06:17.073790+00:00,1786493168,6705,321 Surrey Central/WhiteRock,15247043,5469,43,7596
2026-08-12T00:06:17.073790+00:00,1786493168,6705,321 Surrey Central/WhiteRock,15247043,5470,44,7570
2026-08-12T00:06:17.073790+00:00,1786493168,6705,321 Surrey Central/WhiteRock,15247043,5471,45,7536
2026-08-12T00:06:17.073790+00:00,1786493168,6705,321 Surrey Central/WhiteRock,15247043,5472,46,7510
2026-08-12T00:06:17.073790+00:00,1786493168,6705,321 Surrey Central/WhiteRock,15247043,5473,47,7459
2026-08-12T00:06:17.073790+00:00,1786493168,6705,321 Surrey Central/WhiteRock,15247043,5474,48,7453
2026-08-12T00:06:17.073790+00:00,1786493168,6705,321 Surrey Central/WhiteRock,15247043,5475,49,7405
2026-08-12T00:06:17.073790+00:00,1786493168,6705,321 Surrey Central/WhiteRock,15247043,5476,50,7376
2026-08-12T00:06:17.073790+00:00,1786493168,6705,321 Surrey Central/WhiteRock,15247043,5477,51,7352
2026-08-12T00:06:17.073790+00:00,1786493168,6705,321 Surrey Central/WhiteRock,15247043,11725,52,7327
2026-08-12T00:06:17.073790+00:00,1786493168,6705,321 Surrey Central/WhiteRock,15247043,5040,53,7349
2026-08-12T00:06:17.073790+00:00,1786493168,6705,321 Surrey Central/WhiteRock,15247043,5041,54,7354
2026-08-12T00:06:17.073790+00:00,1786493168,6705,321 Surrey Central/WhiteRock,15247043,12155,55,7367
2026-08-12T00:06:17.073790+00:00,1786493168,6705,321 Surrey Central/WhiteRock,15247043,11882,56,7406
2026-08-12T00:06:17.073790+00:00,1786493168,6705,321 Surrey Central/WhiteRock,15247043,10442,57,7487
2026-08-12T00:06:17.073790+00:00,1786493168,6705,321 Surrey Central/WhiteRock,15247043,9929,58,7505
2026-08-12T00:06:17.073790+00:00,1786493168,6705,321 Surrey Central/WhiteRock,15247043,9930,59,7448
2026-08-12T00:06:17.073790+00:00,1786493168,6705,321 Surrey Central/WhiteRock,15247043,9932,60,7355
2026-08-12T00:06:17.073790+00:00,1786493168,6705,321 Surrey Central/WhiteRock,15247048,9930,59,173
2026-08-12T00:06:17.073790+00:00,1786493168,6705,321 Surrey Central/WhiteRock,15247048,9932,60,76
2026-08-12T00:06:17.073790+00:00,1786493168,6705,321 Surrey Central/WhiteRock,15247049,11882,56,87
2026-08-12T00:06:17.073790+00:00,1786493168,6705,321 Surrey Central/WhiteRock,15247049,10442,57,170
2026-08-12T00:06:17.073790+00:00,1786493168,6705,321 Surrey Central/WhiteRock,15247049,9929,58,188
2026-08-12T00:06:17.073790+00:00,1786493168,6705,321 Surrey Central/WhiteRock,15247049,9930,59,131
2026-08-12T00:06:17.073790+00:00,1786493168,6705,321 Surrey Central/WhiteRock,15247049,9932,60,35
2026-08-12T00:06:17.073790+00:00,1786493168,6705,321 Surrey Central/WhiteRock,15247050,11725,52,-258
2026-08-12T00:06:17.073790+00:00,1786493168,6705,321 Surrey Central/WhiteRock,15247050,5041,54,-334
2026-08-12T00:06:17.073790+00:00,1786493168,6705,321 Surrey Central/WhiteRock,15247050,12155,55,-321
2026-08-12T00:06:17.073790+00:00,1786493168,6705,321 Surrey Central/WhiteRock,15247050,11882,56,0
2026-08-12T00:06:17.073790+00:00,1786493168,6705,321 Surrey Central/WhiteRock,15247050,10442,57,81
2026-08-12T00:06:17.073790+00:00,1786493168,6705,321 Surrey Central/WhiteRock,15247050,9929,58,99
2026-08-12T00:06:17.073790+00:00,1786493168,6705,321 Surrey Central/WhiteRock,15247050,9930,59,42
2026-08-12T00:06:17.073790+00:00,1786493168,6705,321 Surrey Central/WhiteRock,15247050,9932,60,-53
2026-08-12T00:06:17.073790+00:00,1786493168,6705,321 Surrey Central/WhiteRock,15247051,5466,40,17
2026-08-12T00:06:17.073790+00:00,1786493168,6705,321 Surrey Central/WhiteRock,15247051,5467,41,28
2026-08-12T00:06:17.073790+00:00,1786493168,6705,321 Surrey Central/WhiteRock,15247051,5468,42,2
2026-08-12T00:06:17.073790+00:00,1786493168,6705,321 Surrey Central/WhiteRock,15247051,5469,43,-42
2026-08-12T00:06:17.073790+00:00,1786493168,6705,321 Surrey Central/WhiteRock,15247051,5470,44,-68
2026-08-12T00:06:17.073790+00:00,1786493168,6705,321 Surrey Central/WhiteRock,15247051,5471,45,-101
2026-08-12T00:06:17.073790+00:00,1786493168,6705,321 Surrey Central/WhiteRock,15247051,5472,46,-127
2026-08-12T00:06:17.073790+00:00,1786493168,6705,321 Surrey Central/WhiteRock,15247051,5473,47,-178
2026-08-12T00:06:17.073790+00:00,1786493168,6705,321 Surrey Central/WhiteRock,15247051,5474,48,-184
2026-08-12T00:06:17.073790+00:00,1786493168,6705,321 Surrey Central/WhiteRock,15247051,5475,49,-233
2026-08-12T00:06:17.073790+00:00,1786493168,6705,321 Surrey Central/WhiteRock,15247051,5476,50,-260
2026-08-12T00:06:17.073790+00:00,1786493168,6705,321 Surrey Central/WhiteRock,15247051,5477,51,-284
2026-08-12T00:06:17.073790+00:00,1786493168,6705,321 Surrey Central/WhiteRock,15247051,11725,52,-309
2026-08-12T00:06:17.073790+00:00,1786493168,6705,321 Surrey Central/WhiteRock,15247051,5040,53,-287
2026-08-12T00:06:17.073790+00:00,1786493168,6705,321 Surrey Central/WhiteRock,15247051,5041,54,-282
2026-08-12T00:06:17.073790+00:00,1786493168,6705,321 Surrey Central/WhiteRock,15247051,12155,55,-270
2026-08-12T00:06:17.073790+00:00,1786493168,6705,321 Surrey Central/WhiteRock,15247051,11882,56,0
2026-08-12T00:06:17.073790+00:00,1786493168,6705,321 Surrey Central/WhiteRock,15247051,10442,57,93
2026-08-12T00:06:17.073790+00:00,1786493168,6705,321 Surrey Central/WhiteRock,15247051,9929,58,119
2026-08-12T00:06:17.073790+00:00,1786493168,6705,321 Surrey Central/WhiteRock,15247051,9930,59,71
2026-08-12T00:06:17.073790+00:00,1786493168,6705,321 Surrey Central/WhiteRock,15247051,9932,60,-16
2026-08-12T00:06:17.073790+00:00,1786493168,6705,321 Surrey Central/WhiteRock,15247052,5447,20,-32
2026-08-12T00:06:17.073790+00:00,1786493168,6705,321 Surrey Central/WhiteRock,15247052,5448,21,-30
2026-08-12T00:06:17.073790+00:00,1786493168,6705,321 Surrey Central/WhiteRock,15247052,10437,22,-37
2026-08-12T00:06:17.073790+00:00,1786493168,6705,321 Surrey Central/WhiteRock,15247052,5449,23,-93
2026-08-12T00:06:17.073790+00:00,1786493168,6705,321 Surrey Central/WhiteRock,15247052,11313,24,-135
2026-08-12T00:06:17.073790+00:00,1786493168,6705,321 Surrey Central/WhiteRock,15247052,10808,25,-284
2026-08-12T00:06:17.073790+00:00,1786493168,6705,321 Surrey Central/WhiteRock,15247052,5452,26,-348
2026-08-12T00:06:17.073790+00:00,1786493168,6705,321 Surrey Central/WhiteRock,15247052,11913,27,-367
2026-08-12T00:06:17.073790+00:00,1786493168,6705,321 Surrey Central/WhiteRock,15247052,5454,28,-379
2026-08-12T00:06:17.073790+00:00,1786493168,6705,321 Surrey Central/WhiteRock,15247052,5455,29,-380
2026-08-12T00:06:17.073790+00:00,1786493168,6705,321 Surrey Central/WhiteRock,15247052,5456,30,-272
2026-08-12T00:06:17.073790+00:00,1786493168,6705,321 Surrey Central/WhiteRock,15247052,12651,31,-301
2026-08-12T00:06:17.073790+00:00,1786493168,6705,321 Surrey Central/WhiteRock,15247052,5458,32,-303
2026-08-12T00:06:17.073790+00:00,1786493168,6705,321 Surrey Central/WhiteRock,15247052,5459,33,-295
2026-08-12T00:06:17.073790+00:00,1786493168,6705,321 Surrey Central/WhiteRock,15247052,5460,34,-302
2026-08-12T00:06:17.073790+00:00,1786493168,6705,321 Surrey Central/WhiteRock,15247052,5461,35,-311
2026-08-12T00:06:17.073790+00:00,1786493168,6705,321 Surrey Central/WhiteRock,15247052,5462,36,-318
2026-08-12T00:06:17.073790+00:00,1786493168,6705,321 Surrey Central/WhiteRock,15247052,5463,37,-260
2026-08-12T00:06:17.073790+00:00,1786493168,6705,321 Surrey Central/WhiteRock,15247052,5700,38,0
2026-08-12T00:06:17.073790+00:00,1786493168,6705,321 Surrey Central/WhiteRock,15247052,5465,39,8
2026-08-12T00:06:17.073790+00:00,1786493168,6705,321 Surrey Central/WhiteRock,15247052,5466,40,-39
2026-08-12T00:06:17.073790+00:00,1786493168,6705,321 Surrey Central/WhiteRock,15247052,5467,41,-28
2026-08-12T00:06:17.073790+00:00,1786493168,6705,321 Surrey Central/WhiteRock,15247052,5468,42,-56
2026-08-12T00:06:17.073790+00:00,1786493168,6705,321 Surrey Central/WhiteRock,15247052,5469,43,-97
2026-08-12T00:06:17.073790+00:00,1786493168,6705,321 Surrey Central/WhiteRock,15247052,5470,44,-123
2026-08-12T00:06:17.073790+00:00,1786493168,6705,321 Surrey Central/WhiteRock,15247052,5471,45,-156
2026-08-12T00:06:17.073790+00:00,1786493168,6705,321 Surrey Central/WhiteRock,15247052,5472,46,-182
2026-08-12T00:06:17.073790+00:00,1786493168,6705,321 Surrey Central/WhiteRock,15247052,5473,47,-233
2026-08-12T00:06:17.073790+00:00,1786493168,6705,321 Surrey Central/WhiteRock,15247052,5474,48,-239
2026-08-12T00:06:17.073790+00:00,1786493168,6705,321 Surrey Central/WhiteRock,15247052,5475,49,-289
2026-08-12T00:06:17.073790+00:00,1786493168,6705,321 Surrey Central/WhiteRock,15247052,5476,50,-318
2026-08-12T00:06:17.073790+00:00,1786493168,6705,321 Surrey Central/WhiteRock,15247052,5477,51,-341
2026-08-12T00:06:17.073790+00:00,1786493168,6705,321 Surrey Central/WhiteRock,15247052,11725,52,-366
2026-08-12T00:06:17.073790+00:00,1786493168,6705,321 Surrey Central/WhiteRock,15247052,5040,53,-351
2026-08-12T00:06:17.073790+00:00,1786493168,6705,321 Surrey Central/WhiteRock,15247052,5041,54,-346
2026-08-12T00:06:17.073790+00:00,1786493168,6705,321 Surrey Central/WhiteRock,15247052,12155,55,-334
2026-08-12T00:06:17.073790+00:00,1786493168,6705,321 Surrey Central/WhiteRock,15247052,11882,56,0
2026-08-12T00:06:17.073790+00:00,1786493168,6705,321 Surrey Central/WhiteRock,15247052,10442,57,92
2026-08-12T00:06:17.073790+00:00,1786493168,6705,321 Surrey Central/WhiteRock,15247052,9929,58,103
2026-08-12T00:06:17.073790+00:00,1786493168,6705,321 Surrey Central/WhiteRock,15247052,9930,59,60
2026-08-12T00:06:17.073790+00:00,1786493168,6705,321 Surrey Central/WhiteRock,15247052,9932,60,-27
2026-08-12T00:06:17.073790+00:00,1786493168,6705,321 Surrey Central/WhiteRock,15247053,6174,9,74
2026-08-12T00:06:17.073790+00:00,1786493168,6705,321 Surrey Central/WhiteRock,15247053,5437,10,97
2026-08-12T00:06:17.073790+00:00,1786493168,6705,321 Surrey Central/WhiteRock,15247053,5438,11,89
2026-08-12T00:06:17.073790+00:00,1786493168,6705,321 Surrey Central/WhiteRock,15247053,5439,12,105
2026-08-12T00:06:17.073790+00:00,1786493168,6705,321 Surrey Central/WhiteRock,15247053,5440,13,84
2026-08-12T00:06:17.073790+00:00,1786493168,6705,321 Surrey Central/WhiteRock,15247053,5441,14,91
2026-08-12T00:06:17.073790+00:00,1786493168,6705,321 Surrey Central/WhiteRock,15247053,5442,15,68
2026-08-12T00:06:17.073790+00:00,1786493168,6705,321 Surrey Central/WhiteRock,15247053,5444,16,74
2026-08-12T00:06:17.073790+00:00,1786493168,6705,321 Surrey Central/WhiteRock,15247053,9083,17,45
2026-08-12T00:06:17.073790+00:00,1786493168,6705,321 Surrey Central/WhiteRock,15247053,5446,18,51
2026-08-12T00:06:17.073790+00:00,1786493168,6705,321 Surrey Central/WhiteRock,15247053,10445,19,48
2026-08-12T00:06:17.073790+00:00,1786493168,6705,321 Surrey Central/WhiteRock,15247053,5447,20,11
2026-08-12T00:06:17.073790+00:00,1786493168,6705,321 Surrey Central/WhiteRock,15247053,5448,21,14
2026-08-12T00:06:17.073790+00:00,1786493168,6705,321 Surrey Central/WhiteRock,15247053,10437,22,11
2026-08-12T00:06:17.073790+00:00,1786493168,6705,321 Surrey Central/WhiteRock,15247053,5449,23,-45
2026-08-12T00:06:17.073790+00:00,1786493168,6705,321 Surrey Central/WhiteRock,15247053,11313,24,-87
2026-08-12T00:06:17.073790+00:00,1786493168,6705,321 Surrey Central/WhiteRock,15247053,10808,25,-236
2026-08-12T00:06:17.073790+00:00,1786493168,6705,321 Surrey Central/WhiteRock,15247053,5452,26,-299
2026-08-12T00:06:17.073790+00:00,1786493168,6705,321 Surrey Central/WhiteRock,15247053,11913,27,-318
2026-08-12T00:06:17.073790+00:00,1786493168,6705,321 Surrey Central/WhiteRock,15247053,5454,28,-331
2026-08-12T00:06:17.073790+00:00,1786493168,6705,321 Surrey Central/WhiteRock,15247053,5455,29,-332
2026-08-12T00:06:17.073790+00:00,1786493168,6705,321 Surrey Central/WhiteRock,15247053,5456,30,-224
2026-08-12T00:06:17.073790+00:00,1786493168,6705,321 Surrey Central/WhiteRock,15247053,12651,31,-253
2026-08-12T00:06:17.073790+00:00,1786493168,6705,321 Surrey Central/WhiteRock,15247053,5458,32,-255
2026-08-12T00:06:17.073790+00:00,1786493168,6705,321 Surrey Central/WhiteRock,15247053,5459,33,-246
2026-08-12T00:06:17.073790+00:00,1786493168,6705,321 Surrey Central/WhiteRock,15247053,5460,34,-253
2026-08-12T00:06:17.073790+00:00,1786493168,6705,321 Surrey Central/WhiteRock,15247053,5461,35,-262
2026-08-12T00:06:17.073790+00:00,1786493168,6705,321 Surrey Central/WhiteRock,15247053,5462,36,-267
2026-08-12T00:06:17.073790+00:00,1786493168,6705,321 Surrey Central/WhiteRock,15247053,5463,37,-207
2026-08-12T00:06:17.073790+00:00,1786493168,6705,321 Surrey Central/WhiteRock,15247053,5700,38,0
2026-08-12T00:06:17.073790+00:00,1786493168,6705,321 Surrey Central/WhiteRock,15247053,5465,39,12
2026-08-12T00:06:17.073790+00:00,1786493168,6705,321 Surrey Central/WhiteRock,15247053,5466,40,-36
2026-08-12T00:06:17.073790+00:00,1786493168,6705,321 Surrey Central/WhiteRock,15247053,5467,41,-25
2026-08-12T00:06:17.073790+00:00,1786493168,6705,321 Surrey Central/WhiteRock,15247053,5468,42,-53
2026-08-12T00:06:17.073790+00:00,1786493168,6705,321 Surrey Central/WhiteRock,15247053,5469,43,-92
2026-08-12T00:06:17.073790+00:00,1786493168,6705,321 Surrey Central/WhiteRock,15247053,5470,44,-120
2026-08-12T00:06:17.073790+00:00,1786493168,6705,321 Surrey Central/WhiteRock,15247053,5471,45,-153
2026-08-12T00:06:17.073790+00:00,1786493168,6705,321 Surrey Central/WhiteRock,15247053,5472,46,-181
2026-08-12T00:06:17.073790+00:00,1786493168,6705,321 Surrey Central/WhiteRock,15247053,5473,47,-232
2026-08-12T00:06:17.073790+00:00,1786493168,6705,321 Surrey Central/WhiteRock,15247053,5474,48,-238
2026-08-12T00:06:17.073790+00:00,1786493168,6705,321 Surrey Central/WhiteRock,15247053,5475,49,-288
2026-08-12T00:06:17.073790+00:00,1786493168,6705,321 Surrey Central/WhiteRock,15247053,5476,50,-320
2026-08-12T00:06:17.073790+00:00,1786493168,6705,321 Surrey Central/WhiteRock,15247053,5477,51,-343
2026-08-12T00:06:17.073790+00:00,1786493168,6705,321 Surrey Central/WhiteRock,15247053,11725,52,-369
2026-08-12T00:06:17.073790+00:00,1786493168,6705,321 Surrey Central/WhiteRock,15247053,5040,53,-352
2026-08-12T00:06:17.073790+00:00,1786493168,6705,321 Surrey Central/WhiteRock,15247053,5041,54,-347
2026-08-12T00:06:17.073790+00:00,1786493168,6705,321 Surrey Central/WhiteRock,15247053,12155,55,-335
2026-08-12T00:06:17.073790+00:00,1786493168,6705,321 Surrey Central/WhiteRock,15247053,11882,56,0
2026-08-12T00:06:17.073790+00:00,1786493168,6705,321 Surrey Central/WhiteRock,15247053,10442,57,80
2026-08-12T00:06:17.073790+00:00,1786493168,6705,321 Surrey Central/WhiteRock,15247053,9929,58,90
2026-08-12T00:06:17.073790+00:00,1786493168,6705,321 Surrey Central/WhiteRock,15247053,9930,59,42
2026-08-12T00:06:17.073790+00:00,1786493168,6705,321 Surrey Central/WhiteRock,15247053,9932,60,-44
2026-08-12T00:06:17.073790+00:00,1786493168,6705,321 Surrey Central/WhiteRock,15247067,11313,24,201
2026-08-12T00:06:17.073790+00:00,1786493168,6705,321 Surrey Central/WhiteRock,15247067,10808,25,47
2026-08-12T00:06:17.073790+00:00,1786493168,6705,321 Surrey Central/WhiteRock,15247067,5452,26,-24
2026-08-12T00:06:17.073790+00:00,1786493168,6705,321 Surrey Central/WhiteRock,15247067,11913,27,-44
2026-08-12T00:06:17.073790+00:00,1786493168,6705,321 Surrey Central/WhiteRock,15247067,5454,28,-59
2026-08-12T00:06:17.073790+00:00,1786493168,6705,321 Surrey Central/WhiteRock,15247067,5455,29,-60
2026-08-12T00:06:17.073790+00:00,1786493168,6705,321 Surrey Central/WhiteRock,15247067,5456,30,47
2026-08-12T00:06:17.073790+00:00,1786493168,6705,321 Surrey Central/WhiteRock,15247067,12651,31,16
2026-08-12T00:06:17.073790+00:00,1786493168,6705,321 Surrey Central/WhiteRock,15247067,5458,32,14
2026-08-12T00:06:17.073790+00:00,1786493168,6705,321 Surrey Central/WhiteRock,15247067,5459,33,22
2026-08-12T00:06:17.073790+00:00,1786493168,6705,321 Surrey Central/WhiteRock,15247067,5460,34,15
2026-08-12T00:06:17.073790+00:00,1786493168,6705,321 Surrey Central/WhiteRock,15247067,5461,35,5
2026-08-12T00:06:17.073790+00:00,1786493168,6705,321 Surrey Central/WhiteRock,15247067,5462,36,-2
2026-08-12T00:06:17.073790+00:00,1786493168,6705,321 Surrey Central/WhiteRock,15247067,5463,37,55
2026-08-12T00:06:17.073790+00:00,1786493168,6705,321 Surrey Central/WhiteRock,15247067,5700,38,169
2026-08-12T00:06:17.073790+00:00,1786493168,6705,321 Surrey Central/WhiteRock,15247067,5465,39,177
2026-08-12T00:06:17.073790+00:00,1786493168,6705,321 Surrey Central/WhiteRock,15247067,5466,40,129
2026-08-12T00:06:17.073790+00:00,1786493168,6705,321 Surrey Central/WhiteRock,15247067,5467,41,140
2026-08-12T00:06:17.073790+00:00,1786493168,6705,321 Surrey Central/WhiteRock,15247067,5468,42,113
2026-08-12T00:06:17.073790+00:00,1786493168,6705,321 Surrey Central/WhiteRock,15247067,5469,43,69
2026-08-12T00:06:17.073790+00:00,1786493168,6705,321 Surrey Central/WhiteRock,15247067,5470,44,43
2026-08-12T00:06:17.073790+00:00,1786493168,6705,321 Surrey Central/WhiteRock,15247067,5471,45,10
2026-08-12T00:06:17.073790+00:00,1786493168,6705,321 Surrey Central/WhiteRock,15247067,5472,46,-16
2026-08-12T00:06:17.073790+00:00,1786493168,6705,321 Surrey Central/WhiteRock,15247067,5473,47,-67
2026-08-12T00:06:17.073790+00:00,1786493168,6705,321 Surrey Central/WhiteRock,15247067,5474,48,-73
2026-08-12T00:06:17.073790+00:00,1786493168,6705,321 Surrey Central/WhiteRock,15247067,5475,49,-123
2026-08-12T00:06:17.073790+00:00,1786493168,6705,321 Surrey Central/WhiteRock,15247067,5476,50,-152
2026-08-12T00:06:17.073790+00:00,1786493168,6705,321 Surrey Central/WhiteRock,15247067,5477,51,-175
2026-08-12T00:06:17.073790+00:00,1786493168,6705,321 Surrey Central/WhiteRock,15247067,11725,52,-200
2026-08-12T00:06:17.073790+00:00,1786493168,6705,321 Surrey Central/WhiteRock,15247067,5040,53,-183
2026-08-12T00:06:17.073790+00:00,1786493168,6705,321 Surrey Central/WhiteRock,15247067,5041,54,-178
2026-08-12T00:06:17.073790+00:00,1786493168,6705,321 Surrey Central/WhiteRock,15247067,12155,55,-166
2026-08-12T00:06:17.073790+00:00,1786493168,6705,321 Surrey Central/WhiteRock,15247067,11882,56,0
2026-08-12T00:06:17.073790+00:00,1786493168,6705,321 Surrey Central/WhiteRock,15247067,10442,57,95
2026-08-12T00:06:17.073790+00:00,1786493168,6705,321 Surrey Central/WhiteRock,15247067,9929,58,122
2026-08-12T00:06:17.073790+00:00,1786493168,6705,321 Surrey Central/WhiteRock,15247067,9930,59,73
2026-08-12T00:06:17.073790+00:00,1786493168,6705,321 Surrey Central/WhiteRock,15247067,9932,60,-14
2026-08-12T00:06:17.073790+00:00,1786493168,6705,321 Surrey Central/WhiteRock,15247080,11313,24,785
2026-08-12T00:06:17.073790+00:00,1786493168,6705,321 Surrey Central/WhiteRock,15247080,10808,25,631
2026-08-12T00:06:17.073790+00:00,1786493168,6705,321 Surrey Central/WhiteRock,15247080,5452,26,560
2026-08-12T00:06:17.073790+00:00,1786493168,6705,321 Surrey Central/WhiteRock,15247080,11913,27,540
2026-08-12T00:06:17.073790+00:00,1786493168,6705,321 Surrey Central/WhiteRock,15247080,5454,28,525
2026-08-12T00:06:17.073790+00:00,1786493168,6705,321 Surrey Central/WhiteRock,15247080,5455,29,524
2026-08-12T00:06:17.073790+00:00,1786493168,6705,321 Surrey Central/WhiteRock,15247080,5456,30,631
2026-08-12T00:06:17.073790+00:00,1786493168,6705,321 Surrey Central/WhiteRock,15247080,12651,31,600
2026-08-12T00:06:17.073790+00:00,1786493168,6705,321 Surrey Central/WhiteRock,15247080,5458,32,598
2026-08-12T00:06:17.073790+00:00,1786493168,6705,321 Surrey Central/WhiteRock,15247080,5459,33,606
2026-08-12T00:06:17.073790+00:00,1786493168,6705,321 Surrey Central/WhiteRock,15247080,5460,34,599
2026-08-12T00:06:17.073790+00:00,1786493168,6705,321 Surrey Central/WhiteRock,15247080,5461,35,589
2026-08-12T00:06:17.073790+00:00,1786493168,6705,321 Surrey Central/WhiteRock,15247080,5462,36,582
2026-08-12T00:06:17.073790+00:00,1786493168,6705,321 Surrey Central/WhiteRock,15247080,5463,37,639
2026-08-12T00:06:17.073790+00:00,1786493168,6705,321 Surrey Central/WhiteRock,15247080,5700,38,753
2026-08-12T00:06:17.073790+00:00,1786493168,6705,321 Surrey Central/WhiteRock,15247080,5465,39,761
2026-08-12T00:06:17.073790+00:00,1786493168,6705,321 Surrey Central/WhiteRock,15247080,5466,40,714
2026-08-12T00:06:17.073790+00:00,1786493168,6705,321 Surrey Central/WhiteRock,15247080,5467,41,725
2026-08-12T00:06:17.073790+00:00,1786493168,6705,321 Surrey Central/WhiteRock,15247080,5468,42,698
2026-08-12T00:06:17.073790+00:00,1786493168,6705,321 Surrey Central/WhiteRock,15247080,5469,43,654
2026-08-12T00:06:17.073790+00:00,1786493168,6705,321 Surrey Central/WhiteRock,15247080,5470,44,628
2026-08-12T00:06:17.073790+00:00,1786493168,6705,321 Surrey Central/WhiteRock,15247080,5471,45,595
2026-08-12T00:06:17.073790+00:00,1786493168,6705,321 Surrey Central/WhiteRock,15247080,5472,46,569
2026-08-12T00:06:17.073790+00:00,1786493168,6705,321 Surrey Central/WhiteRock,15247080,5473,47,518
2026-08-12T00:06:17.073790+00:00,1786493168,6705,321 Surrey Central/WhiteRock,15247080,5474,48,512
2026-08-12T00:06:17.073790+00:00,1786493168,6705,321 Surrey Central/WhiteRock,15247080,5475,49,462
2026-08-12T00:06:17.073790+00:00,1786493168,6705,321 Surrey Central/WhiteRock,15247080,5476,50,433
2026-08-12T00:06:17.073790+00:00,1786493168,6705,321 Surrey Central/WhiteRock,15247080,5477,51,410
2026-08-12T00:06:17.073790+00:00,1786493168,6705,321 Surrey Central/WhiteRock,15247080,11725,52,385
2026-08-12T00:06:17.073790+00:00,1786493168,6705,321 Surrey Central/WhiteRock,15247080,5040,53,402
2026-08-12T00:06:17.073790+00:00,1786493168,6705,321 Surrey Central/WhiteRock,15247080,5041,54,407
2026-08-12T00:06:17.073790+00:00,1786493168,6705,321 Surrey Central/WhiteRock,15247080,12155,55,419
2026-08-12T00:06:17.073790+00:00,1786493168,6705,321 Surrey Central/WhiteRock,15247080,11882,56,453
2026-08-12T00:06:17.073790+00:00,1786493168,6705,321 Surrey Central/WhiteRock,15247080,10442,57,547
2026-08-12T00:06:17.073790+00:00,1786493168,6705,321 Surrey Central/WhiteRock,15247080,9929,58,574
2026-08-12T00:06:17.073790+00:00,1786493168,6705,321 Surrey Central/WhiteRock,15247080,9930,59,525
2026-08-12T00:06:17.073790+00:00,1786493168,6705,321 Surrey Central/WhiteRock,15247080,9932,60,438
2026-08-12T00:06:17.073790+00:00,1786493168,6705,321 Surrey Central/WhiteRock,15247159,10443,44,-210
2026-08-12T00:06:17.073790+00:00,1786493168,6705,321 Surrey Central/WhiteRock,15247159,5528,45,-208
2026-08-12T00:06:17.073790+00:00,1786493168,6705,321 Surrey Central/WhiteRock,15247159,5529,46,-231
2026-08-12T00:06:17.073790+00:00,1786493168,6705,321 Surrey Central/WhiteRock,15247159,5530,47,-248
2026-08-12T00:06:17.073790+00:00,1786493168,6705,321 Surrey Central/WhiteRock,15247159,5533,48,-258
2026-08-12T00:06:17.073790+00:00,1786493168,6705,321 Surrey Central/WhiteRock,15247159,5534,49,-279
2026-08-12T00:06:17.073790+00:00,1786493168,6705,321 Surrey Central/WhiteRock,15247159,5535,50,-278
2026-08-12T00:06:17.073790+00:00,1786493168,6705,321 Surrey Central/WhiteRock,15247159,5536,51,-305
2026-08-12T00:06:17.073790+00:00,1786493168,6705,321 Surrey Central/WhiteRock,15247159,5537,52,-312
2026-08-12T00:06:17.073790+00:00,1786493168,6705,321 Surrey Central/WhiteRock,15247159,5538,53,-320
2026-08-12T00:06:17.073790+00:00,1786493168,6705,321 Surrey Central/WhiteRock,15247159,5541,54,-290
2026-08-12T00:06:17.073790+00:00,1786493168,6705,321 Surrey Central/WhiteRock,15247159,5542,55,-279
2026-08-12T00:06:17.073790+00:00,1786493168,6705,321 Surrey Central/WhiteRock,15247159,6195,56,-256
2026-08-12T00:06:17.073790+00:00,1786493168,6705,321 Surrey Central/WhiteRock,15247160,5518,35,404
2026-08-12T00:06:17.073790+00:00,1786493168,6705,321 Surrey Central/WhiteRock,15247160,5519,36,379
2026-08-12T00:06:17.073790+00:00,1786493168,6705,321 Surrey Central/WhiteRock,15247160,5520,37,366
2026-08-12T00:06:17.073790+00:00,1786493168,6705,321 Surrey Central/WhiteRock,15247160,5521,38,149
2026-08-12T00:06:17.073790+00:00,1786493168,6705,321 Surrey Central/WhiteRock,15247160,5522,39,8
2026-08-12T00:06:17.073790+00:00,1786493168,6705,321 Surrey Central/WhiteRock,15247160,5523,40,-30
2026-08-12T00:06:17.073790+00:00,1786493168,6705,321 Surrey Central/WhiteRock,15247160,6466,41,-54
2026-08-12T00:06:17.073790+00:00,1786493168,6705,321 Surrey Central/WhiteRock,15247160,5524,42,-22
2026-08-12T00:06:17.073790+00:00,1786493168,6705,321 Surrey Central/WhiteRock,15247160,5525,43,-54
2026-08-12T00:06:17.073790+00:00,1786493168,6705,321 Surrey Central/WhiteRock,15247160,10443,44,-84
2026-08-12T00:06:17.073790+00:00,1786493168,6705,321 Surrey Central/WhiteRock,15247160,5528,45,-84
2026-08-12T00:06:17.073790+00:00,1786493168,6705,321 Surrey Central/WhiteRock,15247160,5529,46,-108
2026-08-12T00:06:17.073790+00:00,1786493168,6705,321 Surrey Central/WhiteRock,15247160,5530,47,-125
2026-08-12T00:06:17.073790+00:00,1786493168,6705,321 Surrey Central/WhiteRock,15247160,5533,48,-134
2026-08-12T00:06:17.073790+00:00,1786493168,6705,321 Surrey Central/WhiteRock,15247160,5534,49,-155
2026-08-12T00:06:17.073790+00:00,1786493168,6705,321 Surrey Central/WhiteRock,15247160,5535,50,-139
2026-08-12T00:06:17.073790+00:00,1786493168,6705,321 Surrey Central/WhiteRock,15247160,5536,51,-164
2026-08-12T00:06:17.073790+00:00,1786493168,6705,321 Surrey Central/WhiteRock,15247160,5537,52,-173
2026-08-12T00:06:17.073790+00:00,1786493168,6705,321 Surrey Central/WhiteRock,15247160,5538,53,-181
2026-08-12T00:06:17.073790+00:00,1786493168,6705,321 Surrey Central/WhiteRock,15247160,5541,54,-154
2026-08-12T00:06:17.073790+00:00,1786493168,6705,321 Surrey Central/WhiteRock,15247160,5542,55,-143
2026-08-12T00:06:17.073790+00:00,1786493168,6705,321 Surrey Central/WhiteRock,15247160,6195,56,-120
2026-08-12T00:06:17.073790+00:00,1786493168,6705,321 Surrey Central/WhiteRock,15247161,5504,23,-48
2026-08-12T00:06:17.073790+00:00,1786493168,6705,321 Surrey Central/WhiteRock,15247161,5505,24,-41
2026-08-12T00:06:17.073790+00:00,1786493168,6705,321 Surrey Central/WhiteRock,15247161,5507,25,-47
2026-08-12T00:06:17.073790+00:00,1786493168,6705,321 Surrey Central/WhiteRock,15247161,5633,26,0
2026-08-12T00:06:17.073790+00:00,1786493168,6705,321 Surrey Central/WhiteRock,15247161,5510,27,29
2026-08-12T00:06:17.073790+00:00,1786493168,6705,321 Surrey Central/WhiteRock,15247161,5511,28,21
2026-08-12T00:06:17.073790+00:00,1786493168,6705,321 Surrey Central/WhiteRock,15247161,5512,29,17
2026-08-12T00:06:17.073790+00:00,1786493168,6705,321 Surrey Central/WhiteRock,15247161,5513,30,5
2026-08-12T00:06:17.073790+00:00,1786493168,6705,321 Surrey Central/WhiteRock,15247161,5514,31,94
2026-08-12T00:06:17.073790+00:00,1786493168,6705,321 Surrey Central/WhiteRock,15247161,5515,32,86
2026-08-12T00:06:17.073790+00:00,1786493168,6705,321 Surrey Central/WhiteRock,15247161,5516,33,89
2026-08-12T00:06:17.073790+00:00,1786493168,6705,321 Surrey Central/WhiteRock,15247161,5517,34,87
2026-08-12T00:06:17.073790+00:00,1786493168,6705,321 Surrey Central/WhiteRock,15247161,5518,35,93
2026-08-12T00:06:17.073790+00:00,1786493168,6705,321 Surrey Central/WhiteRock,15247161,5519,36,70
2026-08-12T00:06:17.073790+00:00,1786493168,6705,321 Surrey Central/WhiteRock,15247161,5520,37,59
2026-08-12T00:06:17.073790+00:00,1786493168,6705,321 Surrey Central/WhiteRock,15247161,5521,38,-151
2026-08-12T00:06:17.073790+00:00,1786493168,6705,321 Surrey Central/WhiteRock,15247161,5522,39,-286
2026-08-12T00:06:17.073790+00:00,1786493168,6705,321 Surrey Central/WhiteRock,15247161,5523,40,-322
2026-08-12T00:06:17.073790+00:00,1786493168,6705,321 Surrey Central/WhiteRock,15247161,6466,41,-343
2026-08-12T00:06:17.073790+00:00,1786493168,6705,321 Surrey Central/WhiteRock,15247161,5524,42,-306
2026-08-12T00:06:17.073790+00:00,1786493168,6705,321 Surrey Central/WhiteRock,15247161,5525,43,-332
2026-08-12T00:06:17.073790+00:00,1786493168,6705,321 Surrey Central/WhiteRock,15247161,10443,44,-353
2026-08-12T00:06:17.073790+00:00,1786493168,6705,321 Surrey Central/WhiteRock,15247161,5528,45,-351
2026-08-12T00:06:17.073790+00:00,1786493168,6705,321 Surrey Central/WhiteRock,15247161,5529,46,-374
2026-08-12T00:06:17.073790+00:00,1786493168,6705,321 Surrey Central/WhiteRock,15247161,5530,47,-389
2026-08-12T00:06:17.073790+00:00,1786493168,6705,321 Surrey Central/WhiteRock,15247161,5533,48,-386
2026-08-12T00:06:17.073790+00:00,1786493168,6705,321 Surrey Central/WhiteRock,15247161,5534,49,-405
2026-08-12T00:06:17.073790+00:00,1786493168,6705,321 Surrey Central/WhiteRock,15247161,5535,50,-371
2026-08-12T00:06:17.073790+00:00,1786493168,6705,321 Surrey Central/WhiteRock,15247161,5536,51,-394
2026-08-12T00:06:17.073790+00:00,1786493168,6705,321 Surrey Central/WhiteRock,15247161,5537,52,-396
2026-08-12T00:06:17.073790+00:00,1786493168,6705,321 Surrey Central/WhiteRock,15247161,5538,53,-403
2026-08-12T00:06:17.073790+00:00,1786493168,6705,321 Surrey Central/WhiteRock,15247161,5541,54,-370
2026-08-12T00:06:17.073790+00:00,1786493168,6705,321 Surrey Central/WhiteRock,15247161,5542,55,-358
2026-08-12T00:06:17.073790+00:00,1786493168,6705,321 Surrey Central/WhiteRock,15247161,6195,56,-332
2026-08-12T00:06:17.073790+00:00,1786493168,6705,321 Surrey Central/WhiteRock,15247162,5049,12,197
2026-08-12T00:06:17.073790+00:00,1786493168,6705,321 Surrey Central/WhiteRock,15247162,5039,13,183
2026-08-12T00:06:17.073790+00:00,1786493168,6705,321 Surrey Central/WhiteRock,15247162,8351,14,159
2026-08-12T00:06:17.073790+00:00,1786493168,6705,321 Surrey Central/WhiteRock,15247162,5496,15,85
2026-08-12T00:06:17.073790+00:00,1786493168,6705,321 Surrey Central/WhiteRock,15247162,5497,16,39
2026-08-12T00:06:17.073790+00:00,1786493168,6705,321 Surrey Central/WhiteRock,15247162,5498,17,22
2026-08-12T00:06:17.073790+00:00,1786493168,6705,321 Surrey Central/WhiteRock,15247162,5499,18,-17
2026-08-12T00:06:17.073790+00:00,1786493168,6705,321 Surrey Central/WhiteRock,15247162,5500,19,-45
2026-08-12T00:06:17.073790+00:00,1786493168,6705,321 Surrey Central/WhiteRock,15247162,5501,20,-74
2026-08-12T00:06:17.073790+00:00,1786493168,6705,321 Surrey Central/WhiteRock,15247162,5502,21,-90
2026-08-12T00:06:17.073790+00:00,1786493168,6705,321 Surrey Central/WhiteRock,15247162,5503,22,-112
2026-08-12T00:06:17.073790+00:00,1786493168,6705,321 Surrey Central/WhiteRock,15247162,5504,23,-175
2026-08-12T00:06:17.073790+00:00,1786493168,6705,321 Surrey Central/WhiteRock,15247162,5505,24,-169
2026-08-12T00:06:17.073790+00:00,1786493168,6705,321 Surrey Central/WhiteRock,15247162,5507,25,-173
2026-08-12T00:06:17.073790+00:00,1786493168,6705,321 Surrey Central/WhiteRock,15247162,5633,26,0
2026-08-12T00:06:17.073790+00:00,1786493168,6705,321 Surrey Central/WhiteRock,15247162,5510,27,35
2026-08-12T00:06:17.073790+00:00,1786493168,6705,321 Surrey Central/WhiteRock,15247162,5511,28,27
2026-08-12T00:06:17.073790+00:00,1786493168,6705,321 Surrey Central/WhiteRock,15247162,5512,29,23
2026-08-12T00:06:17.073790+00:00,1786493168,6705,321 Surrey Central/WhiteRock,15247162,5513,30,8
2026-08-12T00:06:17.073790+00:00,1786493168,6705,321 Surrey Central/WhiteRock,15247162,5514,31,97
2026-08-12T00:06:17.073790+00:00,1786493168,6705,321 Surrey Central/WhiteRock,15247162,5515,32,89
2026-08-12T00:06:17.073790+00:00,1786493168,6705,321 Surrey Central/WhiteRock,15247162,5516,33,104
2026-08-12T00:06:17.073790+00:00,1786493168,6705,321 Surrey Central/WhiteRock,15247162,5517,34,109
2026-08-12T00:06:17.073790+00:00,1786493168,6705,321 Surrey Central/WhiteRock,15247162,5518,35,113
2026-08-12T00:06:17.073790+00:00,1786493168,6705,321 Surrey Central/WhiteRock,15247162,5519,36,90
2026-08-12T00:06:17.073790+00:00,1786493168,6705,321 Surrey Central/WhiteRock,15247162,5520,37,79
2026-08-12T00:06:17.073790+00:00,1786493168,6705,321 Surrey Central/WhiteRock,15247162,5521,38,-130
2026-08-12T00:06:17.073790+00:00,1786493168,6705,321 Surrey Central/WhiteRock,15247162,5522,39,-265
2026-08-12T00:06:17.073790+00:00,1786493168,6705,321 Surrey Central/WhiteRock,15247162,5523,40,-301
2026-08-12T00:06:17.073790+00:00,1786493168,6705,321 Surrey Central/WhiteRock,15247162,6466,41,-323
2026-08-12T00:06:17.073790+00:00,1786493168,6705,321 Surrey Central/WhiteRock,15247162,5524,42,-286
2026-08-12T00:06:17.073790+00:00,1786493168,6705,321 Surrey Central/WhiteRock,15247162,5525,43,-311
2026-08-12T00:06:17.073790+00:00,1786493168,6705,321 Surrey Central/WhiteRock,15247162,10443,44,-332
2026-08-12T00:06:17.073790+00:00,1786493168,6705,321 Surrey Central/WhiteRock,15247162,5528,45,-331
2026-08-12T00:06:17.073790+00:00,1786493168,6705,321 Surrey Central/WhiteRock,15247162,5529,46,-356
2026-08-12T00:06:17.073790+00:00,1786493168,6705,321 Surrey Central/WhiteRock,15247162,5530,47,-371
2026-08-12T00:06:17.073790+00:00,1786493168,6705,321 Surrey Central/WhiteRock,15247162,5533,48,-370
2026-08-12T00:06:17.073790+00:00,1786493168,6705,321 Surrey Central/WhiteRock,15247162,5534,49,-388
2026-08-12T00:06:17.073790+00:00,1786493168,6705,321 Surrey Central/WhiteRock,15247162,5535,50,-366
2026-08-12T00:06:17.073790+00:00,1786493168,6705,321 Surrey Central/WhiteRock,15247162,5536,51,-392
2026-08-12T00:06:17.073790+00:00,1786493168,6705,321 Surrey Central/WhiteRock,15247162,5537,52,-390
2026-08-12T00:06:17.073790+00:00,1786493168,6705,321 Surrey Central/WhiteRock,15247162,5538,53,-396
2026-08-12T00:06:17.073790+00:00,1786493168,6705,321 Surrey Central/WhiteRock,15247162,5541,54,-367
2026-08-12T00:06:17.073790+00:00,1786493168,6705,321 Surrey Central/WhiteRock,15247162,5542,55,-356
2026-08-12T00:06:17.073790+00:00,1786493168,6705,321 Surrey Central/WhiteRock,15247162,6195,56,-334
2026-08-12T00:06:17.073790+00:00,1786493168,6705,321 Surrey Central/WhiteRock,15247163,10716,2,378
2026-08-12T00:06:17.073790+00:00,1786493168,6705,321 Surrey Central/WhiteRock,15247163,9923,3,383
2026-08-12T00:06:17.073790+00:00,1786493168,6705,321 Surrey Central/WhiteRock,15247163,9924,4,279
2026-08-12T00:06:17.073790+00:00,1786493168,6705,321 Surrey Central/WhiteRock,15247163,9926,5,235
2026-08-12T00:06:17.073790+00:00,1786493168,6705,321 Surrey Central/WhiteRock,15247163,9927,6,211
2026-08-12T00:06:17.073790+00:00,1786493168,6705,321 Surrey Central/WhiteRock,15247163,10880,7,236
2026-08-12T00:06:17.073790+00:00,1786493168,6705,321 Surrey Central/WhiteRock,15247163,5046,8,280
2026-08-12T00:06:17.073790+00:00,1786493168,6705,321 Surrey Central/WhiteRock,15247163,5047,9,281
2026-08-12T00:06:17.073790+00:00,1786493168,6705,321 Surrey Central/WhiteRock,15247163,8566,10,244
2026-08-12T00:06:17.073790+00:00,1786493168,6705,321 Surrey Central/WhiteRock,15247163,12916,11,260
2026-08-12T00:06:17.073790+00:00,1786493168,6705,321 Surrey Central/WhiteRock,15247163,5049,12,250
2026-08-12T00:06:17.073790+00:00,1786493168,6705,321 Surrey Central/WhiteRock,15247163,5039,13,239
2026-08-12T00:06:17.073790+00:00,1786493168,6705,321 Surrey Central/WhiteRock,15247163,8351,14,217
2026-08-12T00:06:17.073790+00:00,1786493168,6705,321 Surrey Central/WhiteRock,15247163,5496,15,148
2026-08-12T00:06:17.073790+00:00,1786493168,6705,321 Surrey Central/WhiteRock,15247163,5497,16,105
2026-08-12T00:06:17.073790+00:00,1786493168,6705,321 Surrey Central/WhiteRock,15247163,5498,17,90
2026-08-12T00:06:17.073790+00:00,1786493168,6705,321 Surrey Central/WhiteRock,15247163,5499,18,53
2026-08-12T00:06:17.073790+00:00,1786493168,6705,321 Surrey Central/WhiteRock,15247163,5500,19,29
2026-08-12T00:06:17.073790+00:00,1786493168,6705,321 Surrey Central/WhiteRock,15247163,5501,20,2
2026-08-12T00:06:17.073790+00:00,1786493168,6705,321 Surrey Central/WhiteRock,15247163,5502,21,-13
2026-08-12T00:06:17.073790+00:00,1786493168,6705,321 Surrey Central/WhiteRock,15247163,5503,22,-38
2026-08-12T00:06:17.073790+00:00,1786493168,6705,321 Surrey Central/WhiteRock,15247163,5504,23,-103
2026-08-12T00:06:17.073790+00:00,1786493168,6705,321 Surrey Central/WhiteRock,15247163,5505,24,-94
2026-08-12T00:06:17.073790+00:00,1786493168,6705,321 Surrey Central/WhiteRock,15247163,5507,25,-92
2026-08-12T00:06:17.073790+00:00,1786493168,6705,321 Surrey Central/WhiteRock,15247163,5633,26,0
2026-08-12T00:06:17.073790+00:00,1786493168,6705,321 Surrey Central/WhiteRock,15247163,5510,27,33
2026-08-12T00:06:17.073790+00:00,1786493168,6705,321 Surrey Central/WhiteRock,15247163,5511,28,26
2026-08-12T00:06:17.073790+00:00,1786493168,6705,321 Surrey Central/WhiteRock,15247163,5512,29,23
2026-08-12T00:06:17.073790+00:00,1786493168,6705,321 Surrey Central/WhiteRock,15247163,5513,30,12
2026-08-12T00:06:17.073790+00:00,1786493168,6705,321 Surrey Central/WhiteRock,15247163,5514,31,103
2026-08-12T00:06:17.073790+00:00,1786493168,6705,321 Surrey Central/WhiteRock,15247163,5515,32,97
2026-08-12T00:06:17.073790+00:00,1786493168,6705,321 Surrey Central/WhiteRock,15247163,5516,33,96
2026-08-12T00:06:17.073790+00:00,1786493168,6705,321 Surrey Central/WhiteRock,15247163,5517,34,100
2026-08-12T00:06:17.073790+00:00,1786493168,6705,321 Surrey Central/WhiteRock,15247163,5518,35,104
2026-08-12T00:06:17.073790+00:00,1786493168,6705,321 Surrey Central/WhiteRock,15247163,5519,36,83
2026-08-12T00:06:17.073790+00:00,1786493168,6705,321 Surrey Central/WhiteRock,15247163,5520,37,73
2026-08-12T00:06:17.073790+00:00,1786493168,6705,321 Surrey Central/WhiteRock,15247163,5521,38,-128
2026-08-12T00:06:17.073790+00:00,1786493168,6705,321 Surrey Central/WhiteRock,15247163,5522,39,-259
2026-08-12T00:06:17.073790+00:00,1786493168,6705,321 Surrey Central/WhiteRock,15247163,5523,40,-294
2026-08-12T00:06:17.073790+00:00,1786493168,6705,321 Surrey Central/WhiteRock,15247163,6466,41,-313
2026-08-12T00:06:17.073790+00:00,1786493168,6705,321 Surrey Central/WhiteRock,15247163,5524,42,-273
2026-08-12T00:06:17.073790+00:00,1786493168,6705,321 Surrey Central/WhiteRock,15247163,5525,43,-297
2026-08-12T00:06:17.073790+00:00,1786493168,6705,321 Surrey Central/WhiteRock,15247163,10443,44,-310
2026-08-12T00:06:17.073790+00:00,1786493168,6705,321 Surrey Central/WhiteRock,15247163,5528,45,-312
2026-08-12T00:06:17.073790+00:00,1786493168,6705,321 Surrey Central/WhiteRock,15247163,5529,46,-337
2026-08-12T00:06:17.073790+00:00,1786493168,6705,321 Surrey Central/WhiteRock,15247163,5530,47,-353
2026-08-12T00:06:17.073790+00:00,1786493168,6705,321 Surrey Central/WhiteRock,15247163,5533,48,-351
2026-08-12T00:06:17.073790+00:00,1786493168,6705,321 Surrey Central/WhiteRock,15247163,5534,49,-368
2026-08-12T00:06:17.073790+00:00,1786493168,6705,321 Surrey Central/WhiteRock,15247163,5535,50,-361
2026-08-12T00:06:17.073790+00:00,1786493168,6705,321 Surrey Central/WhiteRock,15247163,5536,51,-386
2026-08-12T00:06:17.073790+00:00,1786493168,6705,321 Surrey Central/WhiteRock,15247163,5537,52,-384
2026-08-12T00:06:17.073790+00:00,1786493168,6705,321 Surrey Central/WhiteRock,15247163,5538,53,-391
2026-08-12T00:06:17.073790+00:00,1786493168,6705,321 Surrey Central/WhiteRock,15247163,5541,54,-369
2026-08-12T00:06:17.073790+00:00,1786493168,6705,321 Surrey Central/WhiteRock,15247163,5542,55,-358
2026-08-12T00:06:17.073790+00:00,1786493168,6705,321 Surrey Central/WhiteRock,15247163,6195,56,-325
2026-08-12T00:06:17.073790+00:00,1786493168,6705,321 Surrey Central/WhiteRock,15247164,5890,1,0
2026-08-12T00:06:17.073790+00:00,1786493168,6705,321 Surrey Central/WhiteRock,15247164,10880,7,0
2026-08-12T00:06:17.073790+00:00,1786493168,6705,321 Surrey Central/WhiteRock,15247164,5046,8,44
2026-08-12T00:06:17.073790+00:00,1786493168,6705,321 Surrey Central/WhiteRock,15247164,5047,9,42
2026-08-12T00:06:17.073790+00:00,1786493168,6705,321 Surrey Central/WhiteRock,15247164,8566,10,5
2026-08-12T00:06:17.073790+00:00,1786493168,6705,321 Surrey Central/WhiteRock,15247164,12916,11,21
2026-08-12T00:06:17.073790+00:00,1786493168,6705,321 Surrey Central/WhiteRock,15247164,5049,12,11
2026-08-12T00:06:17.073790+00:00,1786493168,6705,321 Surrey Central/WhiteRock,15247164,5039,13,-6
2026-08-12T00:06:17.073790+00:00,1786493168,6705,321 Surrey Central/WhiteRock,15247164,8351,14,-28
2026-08-12T00:06:17.073790+00:00,1786493168,6705,321 Surrey Central/WhiteRock,15247164,5496,15,-94
2026-08-12T00:06:17.073790+00:00,1786493168,6705,321 Surrey Central/WhiteRock,15247164,5497,16,-137
2026-08-12T00:06:17.073790+00:00,1786493168,6705,321 Surrey Central/WhiteRock,15247164,5498,17,-151
2026-08-12T00:06:17.073790+00:00,1786493168,6705,321 Surrey Central/WhiteRock,15247164,5499,18,-188
2026-08-12T00:06:17.073790+00:00,1786493168,6705,321 Surrey Central/WhiteRock,15247164,5500,19,-207
2026-08-12T00:06:17.073790+00:00,1786493168,6705,321 Surrey Central/WhiteRock,15247164,5501,20,-234
2026-08-12T00:06:17.073790+00:00,1786493168,6705,321 Surrey Central/WhiteRock,15247164,5502,21,-249
2026-08-12T00:06:17.073790+00:00,1786493168,6705,321 Surrey Central/WhiteRock,15247164,5503,22,-265
2026-08-12T00:06:17.073790+00:00,1786493168,6705,321 Surrey Central/WhiteRock,15247164,5504,23,-327
2026-08-12T00:06:17.073790+00:00,1786493168,6705,321 Surrey Central/WhiteRock,15247164,5505,24,-318
2026-08-12T00:06:17.073790+00:00,1786493168,6705,321 Surrey Central/WhiteRock,15247164,5507,25,-311
2026-08-12T00:06:17.073790+00:00,1786493168,6705,321 Surrey Central/WhiteRock,15247164,5633,26,0
2026-08-12T00:06:17.073790+00:00,1786493168,6705,321 Surrey Central/WhiteRock,15247164,5510,27,25
2026-08-12T00:06:17.073790+00:00,1786493168,6705,321 Surrey Central/WhiteRock,15247164,5511,28,18
2026-08-12T00:06:17.073790+00:00,1786493168,6705,321 Surrey Central/WhiteRock,15247164,5512,29,14
2026-08-12T00:06:17.073790+00:00,1786493168,6705,321 Surrey Central/WhiteRock,15247164,5513,30,2
2026-08-12T00:06:17.073790+00:00,1786493168,6705,321 Surrey Central/WhiteRock,15247164,5514,31,93
2026-08-12T00:06:17.073790+00:00,1786493168,6705,321 Surrey Central/WhiteRock,15247164,5515,32,86
2026-08-12T00:06:17.073790+00:00,1786493168,6705,321 Surrey Central/WhiteRock,15247164,5516,33,105
2026-08-12T00:06:17.073790+00:00,1786493168,6705,321 Surrey Central/WhiteRock,15247164,5517,34,113
2026-08-12T00:06:17.073790+00:00,1786493168,6705,321 Surrey Central/WhiteRock,15247164,5518,35,120
2026-08-12T00:06:17.073790+00:00,1786493168,6705,321 Surrey Central/WhiteRock,15247164,5519,36,99
2026-08-12T00:06:17.073790+00:00,1786493168,6705,321 Surrey Central/WhiteRock,15247164,5520,37,103
2026-08-12T00:06:17.073790+00:00,1786493168,6705,321 Surrey Central/WhiteRock,15247164,5521,38,-98
2026-08-12T00:06:17.073790+00:00,1786493168,6705,321 Surrey Central/WhiteRock,15247164,5522,39,-231
2026-08-12T00:06:17.073790+00:00,1786493168,6705,321 Surrey Central/WhiteRock,15247164,5523,40,-266
2026-08-12T00:06:17.073790+00:00,1786493168,6705,321 Surrey Central/WhiteRock,15247164,6466,41,-282
2026-08-12T00:06:17.073790+00:00,1786493168,6705,321 Surrey Central/WhiteRock,15247164,5524,42,-252
2026-08-12T00:06:17.073790+00:00,1786493168,6705,321 Surrey Central/WhiteRock,15247164,5525,43,-281
2026-08-12T00:06:17.073790+00:00,1786493168,6705,321 Surrey Central/WhiteRock,15247164,10443,44,-310
2026-08-12T00:06:17.073790+00:00,1786493168,6705,321 Surrey Central/WhiteRock,15247164,5528,45,-313
2026-08-12T00:06:17.073790+00:00,1786493168,6705,321 Surrey Central/WhiteRock,15247164,5529,46,-338
2026-08-12T00:06:17.073790+00:00,1786493168,6705,321 Surrey Central/WhiteRock,15247164,5530,47,-354
2026-08-12T00:06:17.073790+00:00,1786493168,6705,321 Surrey Central/WhiteRock,15247164,5533,48,-361
2026-08-12T00:06:17.073790+00:00,1786493168,6705,321 Surrey Central/WhiteRock,15247164,5534,49,-381
2026-08-12T00:06:17.073790+00:00,1786493168,6705,321 Surrey Central/WhiteRock,15247164,5535,50,-382
2026-08-12T00:06:17.073790+00:00,1786493168,6705,321 Surrey Central/WhiteRock,15247164,5536,51,-405
2026-08-12T00:06:17.073790+00:00,1786493168,6705,321 Surrey Central/WhiteRock,15247164,5537,52,-412
2026-08-12T00:06:17.073790+00:00,1786493168,6705,321 Surrey Central/WhiteRock,15247164,5538,53,-420
2026-08-12T00:06:17.073790+00:00,1786493168,6705,321 Surrey Central/WhiteRock,15247164,5541,54,-399
2026-08-12T00:06:17.073790+00:00,1786493168,6705,321 Surrey Central/WhiteRock,15247164,5542,55,-388
2026-08-12T00:06:17.073790+00:00,1786493168,6705,321 Surrey Central/WhiteRock,15247164,6195,56,-362
2026-08-12T00:06:17.073790+00:00,1786493168,6705,321 Surrey Central/WhiteRock,15247177,5507,25,134
2026-08-12T00:06:17.073790+00:00,1786493168,6705,321 Surrey Central/WhiteRock,15247177,5633,26,166
2026-08-12T00:06:17.073790+00:00,1786493168,6705,321 Surrey Central/WhiteRock,15247177,5510,27,188
2026-08-12T00:06:17.073790+00:00,1786493168,6705,321 Surrey Central/WhiteRock,15247177,5511,28,180
2026-08-12T00:06:17.073790+00:00,1786493168,6705,321 Surrey Central/WhiteRock,15247177,5512,29,177
2026-08-12T00:06:17.073790+00:00,1786493168,6705,321 Surrey Central/WhiteRock,15247177,5513,30,164
2026-08-12T00:06:17.073790+00:00,1786493168,6705,321 Surrey Central/WhiteRock,15247177,5514,31,253
2026-08-12T00:06:17.073790+00:00,1786493168,6705,321 Surrey Central/WhiteRock,15247177,5515,32,245
2026-08-12T00:06:17.073790+00:00,1786493168,6705,321 Surrey Central/WhiteRock,15247177,5516,33,239
2026-08-12T00:06:17.073790+00:00,1786493168,6705,321 Surrey Central/WhiteRock,15247177,5517,34,237
2026-08-12T00:06:17.073790+00:00,1786493168,6705,321 Surrey Central/WhiteRock,15247177,5518,35,243
2026-08-12T00:06:17.073790+00:00,1786493168,6705,321 Surrey Central/WhiteRock,15247177,5519,36,220
2026-08-12T00:06:17.073790+00:00,1786493168,6705,321 Surrey Central/WhiteRock,15247177,5520,37,209
2026-08-12T00:06:17.073790+00:00,1786493168,6705,321 Surrey Central/WhiteRock,15247177,5521,38,-1
2026-08-12T00:06:17.073790+00:00,1786493168,6705,321 Surrey Central/WhiteRock,15247177,5522,39,-137
2026-08-12T00:06:17.073790+00:00,1786493168,6705,321 Surrey Central/WhiteRock,15247177,5523,40,-173
2026-08-12T00:06:17.073790+00:00,1786493168,6705,321 Surrey Central/WhiteRock,15247177,6466,41,-194
2026-08-12T00:06:17.073790+00:00,1786493168,6705,321 Surrey Central/WhiteRock,15247177,5524,42,-158
2026-08-12T00:06:17.073790+00:00,1786493168,6705,321 Surrey Central/WhiteRock,15247177,5525,43,-188
2026-08-12T00:06:17.073790+00:00,1786493168,6705,321 Surrey Central/WhiteRock,15247177,10443,44,-216
2026-08-12T00:06:17.073790+00:00,1786493168,6705,321 Surrey Central/WhiteRock,15247177,5528,45,-213
2026-08-12T00:06:17.073790+00:00,1786493168,6705,321 Surrey Central/WhiteRock,15247177,5529,46,-236
2026-08-12T00:06:17.073790+00:00,1786493168,6705,321 Surrey Central/WhiteRock,15247177,5530,47,-251
2026-08-12T00:06:17.073790+00:00,1786493168,6705,321 Surrey Central/WhiteRock,15247177,5533,48,-259
2026-08-12T00:06:17.073790+00:00,1786493168,6705,321 Surrey Central/WhiteRock,15247177,5534,49,-279
2026-08-12T00:06:17.073790+00:00,1786493168,6705,321 Surrey Central/WhiteRock,15247177,5535,50,-264
2026-08-12T00:06:17.073790+00:00,1786493168,6705,321 Surrey Central/WhiteRock,15247177,5536,51,-288
2026-08-12T00:06:17.073790+00:00,1786493168,6705,321 Surrey Central/WhiteRock,15247177,5537,52,-294
2026-08-12T00:06:17.073790+00:00,1786493168,6705,321 Surrey Central/WhiteRock,15247177,5538,53,-301
2026-08-12T00:06:17.073790+00:00,1786493168,6705,321 Surrey Central/WhiteRock,15247177,5541,54,-268
2026-08-12T00:06:17.073790+00:00,1786493168,6705,321 Surrey Central/WhiteRock,15247177,5542,55,-256
2026-08-12T00:06:17.073790+00:00,1786493168,6705,321 Surrey Central/WhiteRock,15247177,6195,56,-228
2026-08-12T00:06:17.073790+00:00,1786493168,6705,321 Surrey Central/WhiteRock,15247186,6195,56,-189
2026-08-12T00:06:17.073790+00:00,1786493168,6705,321 Surrey Central/WhiteRock,15247187,5046,8,180
2026-08-12T00:06:17.073790+00:00,1786493168,6705,321 Surrey Central/WhiteRock,15247187,5047,9,181
2026-08-12T00:06:17.073790+00:00,1786493168,6705,321 Surrey Central/WhiteRock,15247187,8566,10,144
2026-08-12T00:06:17.073790+00:00,1786493168,6705,321 Surrey Central/WhiteRock,15247187,12916,11,160
2026-08-12T00:06:17.073790+00:00,1786493168,6705,321 Surrey Central/WhiteRock,15247187,5049,12,150
2026-08-12T00:06:17.073790+00:00,1786493168,6705,321 Surrey Central/WhiteRock,15247187,5039,13,136
2026-08-12T00:06:17.073790+00:00,1786493168,6705,321 Surrey Central/WhiteRock,15247187,8351,14,114
2026-08-12T00:06:17.073790+00:00,1786493168,6705,321 Surrey Central/WhiteRock,15247187,5496,15,44
2026-08-12T00:06:17.073790+00:00,1786493168,6705,321 Surrey Central/WhiteRock,15247187,5497,16,1
2026-08-12T00:06:17.073790+00:00,1786493168,6705,321 Surrey Central/WhiteRock,15247187,5498,17,-16
2026-08-12T00:06:17.073790+00:00,1786493168,6705,321 Surrey Central/WhiteRock,15247187,5499,18,-53
2026-08-12T00:06:17.073790+00:00,1786493168,6705,321 Surrey Central/WhiteRock,15247187,5500,19,-79
2026-08-12T00:06:17.073790+00:00,1786493168,6705,321 Surrey Central/WhiteRock,15247187,5501,20,-106
2026-08-12T00:06:17.073790+00:00,1786493168,6705,321 Surrey Central/WhiteRock,15247187,5502,21,-122
2026-08-12T00:06:17.073790+00:00,1786493168,6705,321 Surrey Central/WhiteRock,15247187,5503,22,-129
2026-08-12T00:06:17.073790+00:00,1786493168,6705,321 Surrey Central/WhiteRock,15247187,5504,23,-192
2026-08-12T00:06:17.073790+00:00,1786493168,6705,321 Surrey Central/WhiteRock,15247187,5505,24,-185
2026-08-12T00:06:17.073790+00:00,1786493168,6705,321 Surrey Central/WhiteRock,15247187,5507,25,-174
2026-08-12T00:06:17.073790+00:00,1786493168,6705,321 Surrey Central/WhiteRock,15247187,5633,26,0
2026-08-12T00:06:17.073790+00:00,1786493168,6705,321 Surrey Central/WhiteRock,15247187,5510,27,36
2026-08-12T00:06:17.073790+00:00,1786493168,6705,321 Surrey Central/WhiteRock,15247187,5511,28,29
2026-08-12T00:06:17.073790+00:00,1786493168,6705,321 Surrey Central/WhiteRock,15247187,5512,29,26
2026-08-12T00:06:17.073790+00:00,1786493168,6705,321 Surrey Central/WhiteRock,15247187,5513,30,15
2026-08-12T00:06:17.073790+00:00,1786493168,6705,321 Surrey Central/WhiteRock,15247187,5514,31,105
2026-08-12T00:06:17.073790+00:00,1786493168,6705,321 Surrey Central/WhiteRock,15247187,5515,32,99
2026-08-12T00:06:17.073790+00:00,1786493168,6705,321 Surrey Central/WhiteRock,15247187,5516,33,94
2026-08-12T00:06:17.073790+00:00,1786493168,6705,321 Surrey Central/WhiteRock,15247187,5517,34,98
2026-08-12T00:06:17.073790+00:00,1786493168,6705,321 Surrey Central/WhiteRock,15247187,5518,35,101
2026-08-12T00:06:17.073790+00:00,1786493168,6705,321 Surrey Central/WhiteRock,15247187,5519,36,80
2026-08-12T00:06:17.073790+00:00,1786493168,6705,321 Surrey Central/WhiteRock,15247187,5520,37,69
2026-08-12T00:06:17.073790+00:00,1786493168,6705,321 Surrey Central/WhiteRock,15247187,5521,38,-132
2026-08-12T00:06:17.073790+00:00,1786493168,6705,321 Surrey Central/WhiteRock,15247187,5522,39,-263
2026-08-12T00:06:17.073790+00:00,1786493168,6705,321 Surrey Central/WhiteRock,15247187,5523,40,-298
2026-08-12T00:06:17.073790+00:00,1786493168,6705,321 Surrey Central/WhiteRock,15247187,6466,41,-319
2026-08-12T00:06:17.073790+00:00,1786493168,6705,321 Surrey Central/WhiteRock,15247187,5524,42,-280
2026-08-12T00:06:17.073790+00:00,1786493168,6705,321 Surrey Central/WhiteRock,15247187,5525,43,-308
2026-08-12T00:06:17.073790+00:00,1786493168,6705,321 Surrey Central/WhiteRock,15247187,10443,44,-335
2026-08-12T00:06:17.073790+00:00,1786493168,6705,321 Surrey Central/WhiteRock,15247187,5528,45,-331
2026-08-12T00:06:17.073790+00:00,1786493168,6705,321 Surrey Central/WhiteRock,15247187,5529,46,-354
2026-08-12T00:06:17.073790+00:00,1786493168,6705,321 Surrey Central/WhiteRock,15247187,5530,47,-369
2026-08-12T00:06:17.073790+00:00,1786493168,6705,321 Surrey Central/WhiteRock,15247187,5533,48,-370
2026-08-12T00:06:17.073790+00:00,1786493168,6705,321 Surrey Central/WhiteRock,15247187,5534,49,-387
2026-08-12T00:06:17.073790+00:00,1786493168,6705,321 Surrey Central/WhiteRock,15247187,5535,50,-367
2026-08-12T00:06:17.073790+00:00,1786493168,6705,321 Surrey Central/WhiteRock,15247187,5536,51,-391
2026-08-12T00:06:17.073790+00:00,1786493168,6705,321 Surrey Central/WhiteRock,15247187,5537,52,-398
2026-08-12T00:06:17.073790+00:00,1786493168,6705,321 Surrey Central/WhiteRock,15247187,5538,53,-405
2026-08-12T00:06:17.073790+00:00,1786493168,6705,321 Surrey Central/WhiteRock,15247187,5541,54,-380
2026-08-12T00:06:17.073790+00:00,1786493168,6705,321 Surrey Central/WhiteRock,15247187,5542,55,-369
2026-08-12T00:06:17.073790+00:00,1786493168,6705,321 Surrey Central/WhiteRock,15247187,6195,56,-340
2026-08-12T00:06:17.073790+00:00,1786493168,6705,321 Surrey Central/WhiteRock,15247232,5518,35,29
2026-08-12T00:06:17.073790+00:00,1786493168,6705,321 Surrey Central/WhiteRock,15247232,5519,36,4
2026-08-12T00:06:17.073790+00:00,1786493168,6705,321 Surrey Central/WhiteRock,15247232,5520,37,-9
2026-08-12T00:06:17.073790+00:00,1786493168,6705,321 Surrey Central/WhiteRock,15247232,5521,38,-226
2026-08-12T00:06:17.073790+00:00,1786493168,6705,321 Surrey Central/WhiteRock,15247232,5522,39,-367
2026-08-12T00:06:17.073790+00:00,1786493168,6705,321 Surrey Central/WhiteRock,15247232,5523,40,-405
2026-08-12T00:06:17.073790+00:00,1786493168,6705,321 Surrey Central/WhiteRock,15247232,6466,41,-430
2026-08-12T00:06:17.073790+00:00,1786493168,6705,321 Surrey Central/WhiteRock,15247232,5524,42,-398
2026-08-12T00:06:17.073790+00:00,1786493168,6705,321 Surrey Central/WhiteRock,15247232,5525,43,-428
2026-08-12T00:06:17.073790+00:00,1786493168,6705,321 Surrey Central/WhiteRock,15247232,10443,44,-452
2026-08-12T00:06:17.073790+00:00,1786493168,6705,321 Surrey Central/WhiteRock,15247232,5528,45,-452
2026-08-12T00:06:17.073790+00:00,1786493168,6705,321 Surrey Central/WhiteRock,15247232,5529,46,-476
2026-08-12T00:06:17.073790+00:00,1786493168,6705,321 Surrey Central/WhiteRock,15247232,5530,47,-493
2026-08-12T00:06:17.073790+00:00,1786493168,6705,321 Surrey Central/WhiteRock,15247232,5533,48,-497
2026-08-12T00:06:17.073790+00:00,1786493168,6705,321 Surrey Central/WhiteRock,15247232,5534,49,-517
2026-08-12T00:06:17.073790+00:00,1786493168,6705,321 Surrey Central/WhiteRock,15247232,5535,50,-501
2026-08-12T00:06:17.073790+00:00,1786493168,6705,321 Surrey Central/WhiteRock,15247232,5536,51,-526
2026-08-12T00:06:17.073790+00:00,1786493168,6705,321 Surrey Central/WhiteRock,15247232,5537,52,-536
2026-08-12T00:06:17.073790+00:00,1786493168,6705,321 Surrey Central/WhiteRock,15247232,5538,53,-544
2026-08-12T00:06:17.073790+00:00,1786493168,6705,321 Surrey Central/WhiteRock,15247232,5541,54,-517
2026-08-12T00:06:17.073790+00:00,1786493168,6705,321 Surrey Central/WhiteRock,15247232,5542,55,-506
2026-08-12T00:06:17.073790+00:00,1786493168,6705,321 Surrey Central/WhiteRock,15247232,6195,56,-481
2026-08-12T00:06:17.073790+00:00,1786493168,6705,321 Surrey Central/WhiteRock,15247233,8566,10,752
2026-08-12T00:06:17.073790+00:00,1786493168,6705,321 Surrey Central/WhiteRock,15247233,12916,11,765
2026-08-12T00:06:17.073790+00:00,1786493168,6705,321 Surrey Central/WhiteRock,15247233,5049,12,752
2026-08-12T00:06:17.073790+00:00,1786493168,6705,321 Surrey Central/WhiteRock,15247233,5039,13,739
2026-08-12T00:06:17.073790+00:00,1786493168,6705,321 Surrey Central/WhiteRock,15247233,8351,14,715
2026-08-12T00:06:17.073790+00:00,1786493168,6705,321 Surrey Central/WhiteRock,15247233,5496,15,641
2026-08-12T00:06:17.073790+00:00,1786493168,6705,321 Surrey Central/WhiteRock,15247233,5497,16,595
2026-08-12T00:06:17.073790+00:00,1786493168,6705,321 Surrey Central/WhiteRock,15247233,5498,17,578
2026-08-12T00:06:17.073790+00:00,1786493168,6705,321 Surrey Central/WhiteRock,15247233,5499,18,539
2026-08-12T00:06:17.073790+00:00,1786493168,6705,321 Surrey Central/WhiteRock,15247233,5500,19,511
2026-08-12T00:06:17.073790+00:00,1786493168,6705,321 Surrey Central/WhiteRock,15247233,5501,20,482
2026-08-12T00:06:17.073790+00:00,1786493168,6705,321 Surrey Central/WhiteRock,15247233,5502,21,466
2026-08-12T00:06:17.073790+00:00,1786493168,6705,321 Surrey Central/WhiteRock,15247233,5503,22,443
2026-08-12T00:06:17.073790+00:00,1786493168,6705,321 Surrey Central/WhiteRock,15247233,5504,23,380
2026-08-12T00:06:17.073790+00:00,1786493168,6705,321 Surrey Central/WhiteRock,15247233,5505,24,386
2026-08-12T00:06:17.073790+00:00,1786493168,6705,321 Surrey Central/WhiteRock,15247233,5507,25,387
2026-08-12T00:06:17.073790+00:00,1786493168,6705,321 Surrey Central/WhiteRock,15247233,5633,26,419
2026-08-12T00:06:17.073790+00:00,1786493168,6705,321 Surrey Central/WhiteRock,15247233,5510,27,454
2026-08-12T00:06:17.073790+00:00,1786493168,6705,321 Surrey Central/WhiteRock,15247233,5511,28,446
2026-08-12T00:06:17.073790+00:00,1786493168,6705,321 Surrey Central/WhiteRock,15247233,5512,29,442
2026-08-12T00:06:17.073790+00:00,1786493168,6705,321 Surrey Central/WhiteRock,15247233,5513,30,427
2026-08-12T00:06:17.073790+00:00,1786493168,6705,321 Surrey Central/WhiteRock,15247233,5514,31,516
2026-08-12T00:06:17.073790+00:00,1786493168,6705,321 Surrey Central/WhiteRock,15247233,5515,32,508
2026-08-12T00:06:17.073790+00:00,1786493168,6705,321 Surrey Central/WhiteRock,15247233,5516,33,523
2026-08-12T00:06:17.073790+00:00,1786493168,6705,321 Surrey Central/WhiteRock,15247233,5517,34,528
2026-08-12T00:06:17.073790+00:00,1786493168,6705,321 Surrey Central/WhiteRock,15247233,5518,35,532
2026-08-12T00:06:17.073790+00:00,1786493168,6705,321 Surrey Central/WhiteRock,15247233,5519,36,509
2026-08-12T00:06:17.073790+00:00,1786493168,6705,321 Surrey Central/WhiteRock,15247233,5520,37,498
2026-08-12T00:06:17.073790+00:00,1786493168,6705,321 Surrey Central/WhiteRock,15247233,5521,38,289
2026-08-12T00:06:17.073790+00:00,1786493168,6705,321 Surrey Central/WhiteRock,15247233,5522,39,154
2026-08-12T00:06:17.073790+00:00,1786493168,6705,321 Surrey Central/WhiteRock,15247233,5523,40,118
2026-08-12T00:06:17.073790+00:00,1786493168,6705,321 Surrey Central/WhiteRock,15247233,6466,41,96
2026-08-12T00:06:17.073790+00:00,1786493168,6705,321 Surrey Central/WhiteRock,15247233,5524,42,132
2026-08-12T00:06:17.073790+00:00,1786493168,6705,321 Surrey Central/WhiteRock,15247233,5525,43,106
2026-08-12T00:06:17.073790+00:00,1786493168,6705,321 Surrey Central/WhiteRock,15247233,10443,44,86
2026-08-12T00:06:17.073790+00:00,1786493168,6705,321 Surrey Central/WhiteRock,15247233,5528,45,88
2026-08-12T00:06:17.073790+00:00,1786493168,6705,321 Surrey Central/WhiteRock,15247233,5529,46,62
2026-08-12T00:06:17.073790+00:00,1786493168,6705,321 Surrey Central/WhiteRock,15247233,5530,47,47
2026-08-12T00:06:17.073790+00:00,1786493168,6705,321 Surrey Central/WhiteRock,15247233,5533,48,46
2026-08-12T00:06:17.073790+00:00,1786493168,6705,321 Surrey Central/WhiteRock,15247233,5534,49,27
2026-08-12T00:06:17.073790+00:00,1786493168,6705,321 Surrey Central/WhiteRock,15247233,5535,50,53
2026-08-12T00:06:17.073790+00:00,1786493168,6705,321 Surrey Central/WhiteRock,15247233,5536,51,27
2026-08-12T00:06:17.073790+00:00,1786493168,6705,321 Surrey Central/WhiteRock,15247233,5537,52,19
2026-08-12T00:06:17.073790+00:00,1786493168,6705,321 Surrey Central/WhiteRock,15247233,5538,53,13
2026-08-12T00:06:17.073790+00:00,1786493168,6705,321 Surrey Central/WhiteRock,15247233,5541,54,42
2026-08-12T00:06:17.073790+00:00,1786493168,6705,321 Surrey Central/WhiteRock,15247233,5542,55,54
2026-08-12T00:06:17.073790+00:00,1786493168,6705,321 Surrey Central/WhiteRock,15247233,6195,56,77
2026-08-12T00:06:17.073790+00:00,1786493168,6705,321 Surrey Central/WhiteRock,15247234,10716,2,19
2026-08-12T00:06:17.073790+00:00,1786493168,6705,321 Surrey Central/WhiteRock,15247234,9923,3,24
2026-08-12T00:06:17.073790+00:00,1786493168,6705,321 Surrey Central/WhiteRock,15247234,9924,4,-178
2026-08-12T00:06:17.073790+00:00,1786493168,6705,321 Surrey Central/WhiteRock,15247234,9926,5,-222
2026-08-12T00:06:17.073790+00:00,1786493168,6705,321 Surrey Central/WhiteRock,15247234,9927,6,-246
2026-08-12T00:06:17.073790+00:00,1786493168,6705,321 Surrey Central/WhiteRock,15247234,10880,7,0
2026-08-12T00:06:17.073790+00:00,1786493168,6705,321 Surrey Central/WhiteRock,15247234,5046,8,44
2026-08-12T00:06:17.073790+00:00,1786493168,6705,321 Surrey Central/WhiteRock,15247234,5047,9,43
2026-08-12T00:06:17.073790+00:00,1786493168,6705,321 Surrey Central/WhiteRock,15247234,8566,10,6
2026-08-12T00:06:17.073790+00:00,1786493168,6705,321 Surrey Central/WhiteRock,15247234,12916,11,22
2026-08-12T00:06:17.073790+00:00,1786493168,6705,321 Surrey Central/WhiteRock,15247234,5049,12,12
2026-08-12T00:06:17.073790+00:00,1786493168,6705,321 Surrey Central/WhiteRock,15247234,5039,13,1
2026-08-12T00:06:17.073790+00:00,1786493168,6705,321 Surrey Central/WhiteRock,15247234,8351,14,-21
2026-08-12T00:06:17.073790+00:00,1786493168,6705,321 Surrey Central/WhiteRock,15247234,5496,15,-90
2026-08-12T00:06:17.073790+00:00,1786493168,6705,321 Surrey Central/WhiteRock,15247234,5497,16,-133
2026-08-12T00:06:17.073790+00:00,1786493168,6705,321 Surrey Central/WhiteRock,15247234,5498,17,-148
2026-08-12T00:06:17.073790+00:00,1786493168,6705,321 Surrey Central/WhiteRock,15247234,5499,18,-185
2026-08-12T00:06:17.073790+00:00,1786493168,6705,321 Surrey Central/WhiteRock,15247234,5500,19,-209
2026-08-12T00:06:17.073790+00:00,1786493168,6705,321 Surrey Central/WhiteRock,15247234,5501,20,-236
2026-08-12T00:06:17.073790+00:00,1786493168,6705,321 Surrey Central/WhiteRock,15247234,5502,21,-251
2026-08-12T00:06:17.073790+00:00,1786493168,6705,321 Surrey Central/WhiteRock,15247234,5503,22,-279
2026-08-12T00:06:17.073790+00:00,1786493168,6705,321 Surrey Central/WhiteRock,15247234,5504,23,-344
2026-08-12T00:06:17.073790+00:00,1786493168,6705,321 Surrey Central/WhiteRock,15247234,5505,24,-335
2026-08-12T00:06:17.073790+00:00,1786493168,6705,321 Surrey Central/WhiteRock,15247234,5507,25,-328
2026-08-12T00:06:17.073790+00:00,1786493168,6705,321 Surrey Central/WhiteRock,15247234,5633,26,0
2026-08-12T00:06:17.073790+00:00,1786493168,6705,321 Surrey Central/WhiteRock,15247234,5510,27,32
2026-08-12T00:06:17.073790+00:00,1786493168,6705,321 Surrey Central/WhiteRock,15247234,5511,28,25
2026-08-12T00:06:17.073790+00:00,1786493168,6705,321 Surrey Central/WhiteRock,15247234,5512,29,21
2026-08-12T00:06:17.073790+00:00,1786493168,6705,321 Surrey Central/WhiteRock,15247234,5513,30,8
2026-08-12T00:06:17.073790+00:00,1786493168,6705,321 Surrey Central/WhiteRock,15247234,5514,31,99
2026-08-12T00:06:17.073790+00:00,1786493168,6705,321 Surrey Central/WhiteRock,15247234,5515,32,92
2026-08-12T00:06:17.073790+00:00,1786493168,6705,321 Surrey Central/WhiteRock,15247234,5516,33,86
2026-08-12T00:06:17.073790+00:00,1786493168,6705,321 Surrey Central/WhiteRock,15247234,5517,34,90
2026-08-12T00:06:17.073790+00:00,1786493168,6705,321 Surrey Central/WhiteRock,15247234,5518,35,94
2026-08-12T00:06:17.073790+00:00,1786493168,6705,321 Surrey Central/WhiteRock,15247234,5519,36,72
2026-08-12T00:06:17.073790+00:00,1786493168,6705,321 Surrey Central/WhiteRock,15247234,5520,37,63
2026-08-12T00:06:17.073790+00:00,1786493168,6705,321 Surrey Central/WhiteRock,15247234,5521,38,-138
2026-08-12T00:06:17.073790+00:00,1786493168,6705,321 Surrey Central/WhiteRock,15247234,5522,39,-270
2026-08-12T00:06:17.073790+00:00,1786493168,6705,321 Surrey Central/WhiteRock,15247234,5523,40,-305
2026-08-12T00:06:17.073790+00:00,1786493168,6705,321 Surrey Central/WhiteRock,15247234,6466,41,-323
2026-08-12T00:06:17.073790+00:00,1786493168,6705,321 Surrey Central/WhiteRock,15247234,5524,42,-293
2026-08-12T00:06:17.073790+00:00,1786493168,6705,321 Surrey Central/WhiteRock,15247234,5525,43,-320
2026-08-12T00:06:17.073790+00:00,1786493168,6705,321 Surrey Central/WhiteRock,15247234,10443,44,-337
2026-08-12T00:06:17.073790+00:00,1786493168,6705,321 Surrey Central/WhiteRock,15247234,5528,45,-336
2026-08-12T00:06:17.073790+00:00,1786493168,6705,321 Surrey Central/WhiteRock,15247234,5529,46,-360
2026-08-12T00:06:17.073790+00:00,1786493168,6705,321 Surrey Central/WhiteRock,15247234,5530,47,-376
2026-08-12T00:06:17.073790+00:00,1786493168,6705,321 Surrey Central/WhiteRock,15247234,5533,48,-379
2026-08-12T00:06:17.073790+00:00,1786493168,6705,321 Surrey Central/WhiteRock,15247234,5534,49,-397
2026-08-12T00:06:17.073790+00:00,1786493168,6705,321 Surrey Central/WhiteRock,15247234,5535,50,-387
2026-08-12T00:06:17.073790+00:00,1786493168,6705,321 Surrey Central/WhiteRock,15247234,5536,51,-410
2026-08-12T00:06:17.073790+00:00,1786493168,6705,321 Surrey Central/WhiteRock,15247234,5537,52,-413
2026-08-12T00:06:17.073790+00:00,1786493168,6705,321 Surrey Central/WhiteRock,15247234,5538,53,-420
2026-08-12T00:06:17.073790+00:00,1786493168,6705,321 Surrey Central/WhiteRock,15247234,5541,54,-398
2026-08-12T00:06:17.073790+00:00,1786493168,6705,321 Surrey Central/WhiteRock,15247234,5542,55,-387
2026-08-12T00:06:17.073790+00:00,1786493168,6705,321 Surrey Central/WhiteRock,15247234,6195,56,-360
2026-08-12T00:06:17.073790+00:00,1786493168,6715,351 Bridgeport/WhiteRock,15251617,8282,25,-163
2026-08-12T00:06:17.073790+00:00,1786493168,6715,351 Bridgeport/WhiteRock,15251618,4928,24,32
2026-08-12T00:06:17.073790+00:00,1786493168,6715,351 Bridgeport/WhiteRock,15251618,8282,25,48
2026-08-12T00:06:17.073790+00:00,1786493168,6715,351 Bridgeport/WhiteRock,15251619,10445,20,87
2026-08-12T00:06:17.073790+00:00,1786493168,6715,351 Bridgeport/WhiteRock,15251619,5447,21,45
2026-08-12T00:06:17.073790+00:00,1786493168,6715,351 Bridgeport/WhiteRock,15251619,5448,22,46
2026-08-12T00:06:17.073790+00:00,1786493168,6715,351 Bridgeport/WhiteRock,15251619,6194,23,37
2026-08-12T00:06:17.073790+00:00,1786493168,6715,351 Bridgeport/WhiteRock,15251619,4928,24,-184
2026-08-12T00:06:17.073790+00:00,1786493168,6715,351 Bridgeport/WhiteRock,15251619,8282,25,-171
2026-08-12T00:06:17.073790+00:00,1786493168,6715,351 Bridgeport/WhiteRock,15251696,5541,17,-290
2026-08-12T00:06:17.073790+00:00,1786493168,6715,351 Bridgeport/WhiteRock,15251696,5542,18,-269
2026-08-12T00:06:17.073790+00:00,1786493168,6715,351 Bridgeport/WhiteRock,15251696,6340,19,-222
2026-08-12T00:06:17.073790+00:00,1786493168,6715,351 Bridgeport/WhiteRock,15251696,6341,20,-203
2026-08-12T00:06:17.073790+00:00,1786493168,6715,351 Bridgeport/WhiteRock,15251696,6167,21,-185
2026-08-12T00:06:17.073790+00:00,1786493168,6715,351 Bridgeport/WhiteRock,15251697,10443,7,-480
2026-08-12T00:06:17.073790+00:00,1786493168,6715,351 Bridgeport/WhiteRock,15251697,5528,8,-459
2026-08-12T00:06:17.073790+00:00,1786493168,6715,351 Bridgeport/WhiteRock,15251697,5529,9,-467
2026-08-12T00:06:17.073790+00:00,1786493168,6715,351 Bridgeport/WhiteRock,15251697,5530,10,-465
2026-08-12T00:06:17.073790+00:00,1786493168,6715,351 Bridgeport/WhiteRock,15251697,5533,11,-449
2026-08-12T00:06:17.073790+00:00,1786493168,6715,351 Bridgeport/WhiteRock,15251697,5534,12,-452
2026-08-12T00:06:17.073790+00:00,1786493168,6715,351 Bridgeport/WhiteRock,15251697,5535,13,-419
2026-08-12T00:06:17.073790+00:00,1786493168,6715,351 Bridgeport/WhiteRock,15251697,5536,14,-425
2026-08-12T00:06:17.073790+00:00,1786493168,6715,351 Bridgeport/WhiteRock,15251697,5537,15,-403
2026-08-12T00:06:17.073790+00:00,1786493168,6715,351 Bridgeport/WhiteRock,15251697,5538,16,-398
2026-08-12T00:06:17.073790+00:00,1786493168,6715,351 Bridgeport/WhiteRock,15251697,5541,17,-348
2026-08-12T00:06:17.073790+00:00,1786493168,6715,351 Bridgeport/WhiteRock,15251697,5542,18,-327
2026-08-12T00:06:17.073790+00:00,1786493168,6715,351 Bridgeport/WhiteRock,15251697,6340,19,-280
2026-08-12T00:06:17.073790+00:00,1786493168,6715,351 Bridgeport/WhiteRock,15251697,6341,20,-261
2026-08-12T00:06:17.073790+00:00,1786493168,6715,351 Bridgeport/WhiteRock,15251697,6167,21,-249
2026-08-12T00:06:17.073790+00:00,1786493168,6715,351 Bridgeport/WhiteRock,15251698,6175,4,-607
2026-08-12T00:06:17.073790+00:00,1786493168,6715,351 Bridgeport/WhiteRock,15251698,5524,5,-564
2026-08-12T00:06:17.073790+00:00,1786493168,6715,351 Bridgeport/WhiteRock,15251698,5525,6,-578
2026-08-12T00:06:17.073790+00:00,1786493168,6715,351 Bridgeport/WhiteRock,15251698,10443,7,-574
2026-08-12T00:06:17.073790+00:00,1786493168,6715,351 Bridgeport/WhiteRock,15251698,5528,8,-558
2026-08-12T00:06:17.073790+00:00,1786493168,6715,351 Bridgeport/WhiteRock,15251698,5529,9,-568
2026-08-12T00:06:17.073790+00:00,1786493168,6715,351 Bridgeport/WhiteRock,15251698,5530,10,-566
2026-08-12T00:06:17.073790+00:00,1786493168,6715,351 Bridgeport/WhiteRock,15251698,5533,11,-549
2026-08-12T00:06:17.073790+00:00,1786493168,6715,351 Bridgeport/WhiteRock,15251698,5534,12,-552
2026-08-12T00:06:17.073790+00:00,1786493168,6715,351 Bridgeport/WhiteRock,15251698,5535,13,-506
2026-08-12T00:06:17.073790+00:00,1786493168,6715,351 Bridgeport/WhiteRock,15251698,5536,14,-511
2026-08-12T00:06:17.073790+00:00,1786493168,6715,351 Bridgeport/WhiteRock,15251698,5537,15,-488
2026-08-12T00:06:17.073790+00:00,1786493168,6715,351 Bridgeport/WhiteRock,15251698,5538,16,-483
2026-08-12T00:06:17.073790+00:00,1786493168,6715,351 Bridgeport/WhiteRock,15251698,5541,17,-434
2026-08-12T00:06:17.073790+00:00,1786493168,6715,351 Bridgeport/WhiteRock,15251698,5542,18,-413
2026-08-12T00:06:17.073790+00:00,1786493168,6715,351 Bridgeport/WhiteRock,15251698,6340,19,-365
2026-08-12T00:06:17.073790+00:00,1786493168,6715,351 Bridgeport/WhiteRock,15251698,6341,20,-346
2026-08-12T00:06:17.073790+00:00,1786493168,6715,351 Bridgeport/WhiteRock,15251698,6167,21,-337
2026-08-12T00:06:17.073790+00:00,1786493168,6715,351 Bridgeport/WhiteRock,15251699,4929,3,21
2026-08-12T00:06:17.073790+00:00,1786493168,6715,351 Bridgeport/WhiteRock,15251699,6175,4,-666
2026-08-12T00:06:17.073790+00:00,1786493168,6715,351 Bridgeport/WhiteRock,15251699,5524,5,-623
2026-08-12T00:06:17.073790+00:00,1786493168,6715,351 Bridgeport/WhiteRock,15251699,5525,6,-637
2026-08-12T00:06:17.073790+00:00,1786493168,6715,351 Bridgeport/WhiteRock,15251699,10443,7,-633
2026-08-12T00:06:17.073790+00:00,1786493168,6715,351 Bridgeport/WhiteRock,15251699,5528,8,-614
2026-08-12T00:06:17.073790+00:00,1786493168,6715,351 Bridgeport/WhiteRock,15251699,5529,9,-623
2026-08-12T00:06:17.073790+00:00,1786493168,6715,351 Bridgeport/WhiteRock,15251699,5530,10,-621
2026-08-12T00:06:17.073790+00:00,1786493168,6715,351 Bridgeport/WhiteRock,15251699,5533,11,-603
2026-08-12T00:06:17.073790+00:00,1786493168,6715,351 Bridgeport/WhiteRock,15251699,5534,12,-606
2026-08-12T00:06:17.073790+00:00,1786493168,6715,351 Bridgeport/WhiteRock,15251699,5535,13,-577
2026-08-12T00:06:17.073790+00:00,1786493168,6715,351 Bridgeport/WhiteRock,15251699,5536,14,-582
2026-08-12T00:06:17.073790+00:00,1786493168,6715,351 Bridgeport/WhiteRock,15251699,5537,15,-563
2026-08-12T00:06:17.073790+00:00,1786493168,6715,351 Bridgeport/WhiteRock,15251699,5538,16,-558
2026-08-12T00:06:17.073790+00:00,1786493168,6715,351 Bridgeport/WhiteRock,15251699,5541,17,-507
2026-08-12T00:06:17.073790+00:00,1786493168,6715,351 Bridgeport/WhiteRock,15251699,5542,18,-485
2026-08-12T00:06:17.073790+00:00,1786493168,6715,351 Bridgeport/WhiteRock,15251699,6340,19,-437
2026-08-12T00:06:17.073790+00:00,1786493168,6715,351 Bridgeport/WhiteRock,15251699,6341,20,-417
2026-08-12T00:06:17.073790+00:00,1786493168,6715,351 Bridgeport/WhiteRock,15251699,6167,21,-404
2026-08-12T00:06:17.073790+00:00,1786493168,6715,351 Bridgeport/WhiteRock,15251700,8283,2,110
2026-08-12T00:06:17.073790+00:00,1786493168,6715,351 Bridgeport/WhiteRock,15251700,4929,3,58
2026-08-12T00:06:17.073790+00:00,1786493168,6715,351 Bridgeport/WhiteRock,15251700,6175,4,-629
2026-08-12T00:06:17.073790+00:00,1786493168,6715,351 Bridgeport/WhiteRock,15251700,5524,5,-585
2026-08-12T00:06:17.073790+00:00,1786493168,6715,351 Bridgeport/WhiteRock,15251700,5525,6,-599
2026-08-12T00:06:17.073790+00:00,1786493168,6715,351 Bridgeport/WhiteRock,15251700,10443,7,-594
2026-08-12T00:06:17.073790+00:00,1786493168,6715,351 Bridgeport/WhiteRock,15251700,5528,8,-572
2026-08-12T00:06:17.073790+00:00,1786493168,6715,351 Bridgeport/WhiteRock,15251700,5529,9,-576
2026-08-12T00:06:17.073790+00:00,1786493168,6715,351 Bridgeport/WhiteRock,15251700,5530,10,-574
2026-08-12T00:06:17.073790+00:00,1786493168,6715,351 Bridgeport/WhiteRock,15251700,5533,11,-557
2026-08-12T00:06:17.073790+00:00,1786493168,6715,351 Bridgeport/WhiteRock,15251700,5534,12,-560
2026-08-12T00:06:17.073790+00:00,1786493168,6715,351 Bridgeport/WhiteRock,15251700,5535,13,-529
2026-08-12T00:06:17.073790+00:00,1786493168,6715,351 Bridgeport/WhiteRock,15251700,5536,14,-534
2026-08-12T00:06:17.073790+00:00,1786493168,6715,351 Bridgeport/WhiteRock,15251700,5537,15,-510
2026-08-12T00:06:17.073790+00:00,1786493168,6715,351 Bridgeport/WhiteRock,15251700,5538,16,-505
2026-08-12T00:06:17.073790+00:00,1786493168,6715,351 Bridgeport/WhiteRock,15251700,5541,17,-455
2026-08-12T00:06:17.073790+00:00,1786493168,6715,351 Bridgeport/WhiteRock,15251700,5542,18,-435
2026-08-12T00:06:17.073790+00:00,1786493168,6715,351 Bridgeport/WhiteRock,15251700,6340,19,-390
2026-08-12T00:06:17.073790+00:00,1786493168,6715,351 Bridgeport/WhiteRock,15251700,6341,20,-374
2026-08-12T00:06:17.073790+00:00,1786493168,6715,351 Bridgeport/WhiteRock,15251700,6167,21,-362
2026-08-12T00:06:17.073790+00:00,1786493168,11692,364 Langley Centre/Scottsdale,15252683,11076,21,0
2026-08-12T00:06:17.073790+00:00,1786493168,11692,364 Langley Centre/Scottsdale,15252683,12645,22,-267
2026-08-12T00:06:17.073790+00:00,1786493168,11692,364 Langley Centre/Scottsdale,15252683,9525,23,-266
2026-08-12T00:06:17.073790+00:00,1786493168,11692,364 Langley Centre/Scottsdale,15252683,10148,24,-251
2026-08-12T00:06:17.073790+00:00,1786493168,11692,364 Langley Centre/Scottsdale,15252683,10585,25,-280
2026-08-12T00:06:17.073790+00:00,1786493168,11692,364 Langley Centre/Scottsdale,15252683,10250,26,-298
2026-08-12T00:06:17.073790+00:00,1786493168,11692,364 Langley Centre/Scottsdale,15252683,10588,27,-312
2026-08-12T00:06:17.073790+00:00,1786493168,11692,364 Langley Centre/Scottsdale,15252683,10248,28,-262
2026-08-12T00:06:17.073790+00:00,1786493168,11692,364 Langley Centre/Scottsdale,15252683,10726,29,-262
2026-08-12T00:06:17.073790+00:00,1786493168,11692,364 Langley Centre/Scottsdale,15252683,10725,30,-283
2026-08-12T00:06:17.073790+00:00,1786493168,11692,364 Langley Centre/Scottsdale,15252683,10727,31,-309
2026-08-12T00:06:17.073790+00:00,1786493168,11692,364 Langley Centre/Scottsdale,15252683,10251,32,-327
2026-08-12T00:06:17.073790+00:00,1786493168,11692,364 Langley Centre/Scottsdale,15252683,10252,33,-358
2026-08-12T00:06:17.073790+00:00,1786493168,11692,364 Langley Centre/Scottsdale,15252683,10253,34,-379
2026-08-12T00:06:17.073790+00:00,1786493168,11692,364 Langley Centre/Scottsdale,15252683,10255,35,-407
2026-08-12T00:06:17.073790+00:00,1786493168,11692,364 Langley Centre/Scottsdale,15252683,5332,36,-350
2026-08-12T00:06:17.073790+00:00,1786493168,11692,364 Langley Centre/Scottsdale,15252683,12497,37,-385
2026-08-12T00:06:17.073790+00:00,1786493168,11692,364 Langley Centre/Scottsdale,15252683,5334,38,-399
2026-08-12T00:06:17.073790+00:00,1786493168,11692,364 Langley Centre/Scottsdale,15252683,6472,39,-392
2026-08-12T00:06:17.073790+00:00,1786493168,11692,364 Langley Centre/Scottsdale,15252683,6473,40,-399
2026-08-12T00:06:17.073790+00:00,1786493168,11692,364 Langley Centre/Scottsdale,15252683,6474,41,-413
2026-08-12T00:06:17.073790+00:00,1786493168,11692,364 Langley Centre/Scottsdale,15252683,9306,42,-363
2026-08-12T00:06:17.073790+00:00,1786493168,11692,364 Langley Centre/Scottsdale,15252683,11125,43,-379
2026-08-12T00:06:17.073790+00:00,1786493168,11692,364 Langley Centre/Scottsdale,15252683,9294,44,-382
2026-08-12T00:06:17.073790+00:00,1786493168,11692,364 Langley Centre/Scottsdale,15252683,9293,45,-395
2026-08-12T00:06:17.073790+00:00,1786493168,11692,364 Langley Centre/Scottsdale,15252683,11126,46,-385
2026-08-12T00:06:17.073790+00:00,1786493168,11692,364 Langley Centre/Scottsdale,15252683,7094,47,-417
2026-08-12T00:06:17.073790+00:00,1786493168,11692,364 Langley Centre/Scottsdale,15252697,10726,29,14
2026-08-12T00:06:17.073790+00:00,1786493168,11692,364 Langley Centre/Scottsdale,15252697,10725,30,-5
2026-08-12T00:06:17.073790+00:00,1786493168,11692,364 Langley Centre/Scottsdale,15252697,10727,31,-30
2026-08-12T00:06:17.073790+00:00,1786493168,11692,364 Langley Centre/Scottsdale,15252697,10251,32,-48
2026-08-12T00:06:17.073790+00:00,1786493168,11692,364 Langley Centre/Scottsdale,15252697,10252,33,-79
2026-08-12T00:06:17.073790+00:00,1786493168,11692,364 Langley Centre/Scottsdale,15252697,10253,34,-99
2026-08-12T00:06:17.073790+00:00,1786493168,11692,364 Langley Centre/Scottsdale,15252697,10255,35,-126
2026-08-12T00:06:17.073790+00:00,1786493168,11692,364 Langley Centre/Scottsdale,15252697,5332,36,-69
2026-08-12T00:06:17.073790+00:00,1786493168,11692,364 Langley Centre/Scottsdale,15252697,12497,37,-106
2026-08-12T00:06:17.073790+00:00,1786493168,11692,364 Langley Centre/Scottsdale,15252697,5334,38,-120
2026-08-12T00:06:17.073790+00:00,1786493168,11692,364 Langley Centre/Scottsdale,15252697,6472,39,-114
2026-08-12T00:06:17.073790+00:00,1786493168,11692,364 Langley Centre/Scottsdale,15252697,6473,40,-119
2026-08-12T00:06:17.073790+00:00,1786493168,11692,364 Langley Centre/Scottsdale,15252697,6474,41,-134
2026-08-12T00:06:17.073790+00:00,1786493168,11692,364 Langley Centre/Scottsdale,15252697,9306,42,-83
2026-08-12T00:06:17.073790+00:00,1786493168,11692,364 Langley Centre/Scottsdale,15252697,11125,43,-102
2026-08-12T00:06:17.073790+00:00,1786493168,11692,364 Langley Centre/Scottsdale,15252697,9294,44,-89
2026-08-12T00:06:17.073790+00:00,1786493168,11692,364 Langley Centre/Scottsdale,15252697,9293,45,-101
2026-08-12T00:06:17.073790+00:00,1786493168,11692,364 Langley Centre/Scottsdale,15252697,11126,46,-93
2026-08-12T00:06:17.073790+00:00,1786493168,11692,364 Langley Centre/Scottsdale,15252697,7094,47,-125
2026-08-12T00:06:17.073790+00:00,1786493168,11692,364 Langley Centre/Scottsdale,15252700,11156,9,223
2026-08-12T00:06:17.073790+00:00,1786493168,11692,364 Langley Centre/Scottsdale,15252700,5583,10,227
2026-08-12T00:06:17.073790+00:00,1786493168,11692,364 Langley Centre/Scottsdale,15252700,5584,11,184
2026-08-12T00:06:17.073790+00:00,1786493168,11692,364 Langley Centre/Scottsdale,15252700,6464,12,157
2026-08-12T00:06:17.073790+00:00,1786493168,11692,364 Langley Centre/Scottsdale,15252700,6465,13,121
2026-08-12T00:06:17.073790+00:00,1786493168,11692,364 Langley Centre/Scottsdale,15252700,11074,14,156
2026-08-12T00:06:17.073790+00:00,1786493168,11692,364 Langley Centre/Scottsdale,15252700,11153,15,119
2026-08-12T00:06:17.073790+00:00,1786493168,11692,364 Langley Centre/Scottsdale,15252700,11150,16,69
2026-08-12T00:06:17.073790+00:00,1786493168,11692,364 Langley Centre/Scottsdale,15252700,11148,17,37
2026-08-12T00:06:17.073790+00:00,1786493168,11692,364 Langley Centre/Scottsdale,15252700,11124,18,43
2026-08-12T00:06:17.073790+00:00,1786493168,11692,364 Langley Centre/Scottsdale,15252700,11140,19,-4
2026-08-12T00:06:17.073790+00:00,1786493168,11692,364 Langley Centre/Scottsdale,15252700,11145,20,-25
2026-08-12T00:06:17.073790+00:00,1786493168,11692,364 Langley Centre/Scottsdale,15252700,11076,21,0
2026-08-12T00:06:17.073790+00:00,1786493168,11692,364 Langley Centre/Scottsdale,15252700,12645,22,-234
2026-08-12T00:06:17.073790+00:00,1786493168,11692,364 Langley Centre/Scottsdale,15252700,9525,23,-232
2026-08-12T00:06:17.073790+00:00,1786493168,11692,364 Langley Centre/Scottsdale,15252700,10148,24,-210
2026-08-12T00:06:17.073790+00:00,1786493168,11692,364 Langley Centre/Scottsdale,15252700,10585,25,-234
2026-08-12T00:06:17.073790+00:00,1786493168,11692,364 Langley Centre/Scottsdale,15252700,10250,26,-244
2026-08-12T00:06:17.073790+00:00,1786493168,11692,364 Langley Centre/Scottsdale,15252700,10588,27,-255
2026-08-12T00:06:17.073790+00:00,1786493168,11692,364 Langley Centre/Scottsdale,15252700,10248,28,-197
2026-08-12T00:06:17.073790+00:00,1786493168,11692,364 Langley Centre/Scottsdale,15252700,10726,29,-196
2026-08-12T00:06:17.073790+00:00,1786493168,11692,364 Langley Centre/Scottsdale,15252700,10725,30,-212
2026-08-12T00:06:17.073790+00:00,1786493168,11692,364 Langley Centre/Scottsdale,15252700,10727,31,-232
2026-08-12T00:06:17.073790+00:00,1786493168,11692,364 Langley Centre/Scottsdale,15252700,10251,32,-240
2026-08-12T00:06:17.073790+00:00,1786493168,11692,364 Langley Centre/Scottsdale,15252700,10252,33,-266
2026-08-12T00:06:17.073790+00:00,1786493168,11692,364 Langley Centre/Scottsdale,15252700,10253,34,-277
2026-08-12T00:06:17.073790+00:00,1786493168,11692,364 Langley Centre/Scottsdale,15252700,10255,35,-297
2026-08-12T00:06:17.073790+00:00,1786493168,11692,364 Langley Centre/Scottsdale,15252700,5332,36,-237
2026-08-12T00:06:17.073790+00:00,1786493168,11692,364 Langley Centre/Scottsdale,15252700,12497,37,-267
2026-08-12T00:06:17.073790+00:00,1786493168,11692,364 Langley Centre/Scottsdale,15252700,5334,38,-277
2026-08-12T00:06:17.073790+00:00,1786493168,11692,364 Langley Centre/Scottsdale,15252700,6472,39,-270
2026-08-12T00:06:17.073790+00:00,1786493168,11692,364 Langley Centre/Scottsdale,15252700,6473,40,-273
2026-08-12T00:06:17.073790+00:00,1786493168,11692,364 Langley Centre/Scottsdale,15252700,6474,41,-283
2026-08-12T00:06:17.073790+00:00,1786493168,11692,364 Langley Centre/Scottsdale,15252700,9306,42,-230
2026-08-12T00:06:17.073790+00:00,1786493168,11692,364 Langley Centre/Scottsdale,15252700,11125,43,-231
2026-08-12T00:06:17.073790+00:00,1786493168,11692,364 Langley Centre/Scottsdale,15252700,9294,44,-217
2026-08-12T00:06:17.073790+00:00,1786493168,11692,364 Langley Centre/Scottsdale,15252700,9293,45,-228
2026-08-12T00:06:17.073790+00:00,1786493168,11692,364 Langley Centre/Scottsdale,15252700,11126,46,-216
2026-08-12T00:06:17.073790+00:00,1786493168,11692,364 Langley Centre/Scottsdale,15252700,7094,47,-228
2026-08-12T00:06:17.073790+00:00,1786493168,11692,364 Langley Centre/Scottsdale,15252714,9291,4,-321
2026-08-12T00:06:17.073790+00:00,1786493168,11692,364 Langley Centre/Scottsdale,15252714,9292,5,-335
2026-08-12T00:06:17.073790+00:00,1786493168,11692,364 Langley Centre/Scottsdale,15252714,11264,6,-334
2026-08-12T00:06:17.073790+00:00,1786493168,11692,364 Langley Centre/Scottsdale,15252714,9303,7,-350
2026-08-12T00:06:17.073790+00:00,1786493168,11692,364 Langley Centre/Scottsdale,15252714,9304,8,-366
2026-08-12T00:06:17.073790+00:00,1786493168,11692,364 Langley Centre/Scottsdale,15252714,6475,9,-337
2026-08-12T00:06:17.073790+00:00,1786493168,11692,364 Langley Centre/Scottsdale,15252714,6476,10,-373
2026-08-12T00:06:17.073790+00:00,1786493168,11692,364 Langley Centre/Scottsdale,15252714,5381,11,-393
2026-08-12T00:06:17.073790+00:00,1786493168,11692,364 Langley Centre/Scottsdale,15252714,12496,12,-406
2026-08-12T00:06:17.073790+00:00,1786493168,11692,364 Langley Centre/Scottsdale,15252714,5382,13,-433
2026-08-12T00:06:17.073790+00:00,1786493168,11692,364 Langley Centre/Scottsdale,15252714,12516,14,-261
2026-08-12T00:06:17.073790+00:00,1786493168,11692,364 Langley Centre/Scottsdale,15252714,10257,15,-313
2026-08-12T00:06:17.073790+00:00,1786493168,11692,364 Langley Centre/Scottsdale,15252714,10258,16,-332
2026-08-12T00:06:17.073790+00:00,1786493168,11692,364 Langley Centre/Scottsdale,15252714,10259,17,-388
2026-08-12T00:06:17.073790+00:00,1786493168,11692,364 Langley Centre/Scottsdale,15252714,10260,18,0
2026-08-12T00:06:17.073790+00:00,1786493168,11692,364 Langley Centre/Scottsdale,15252714,10729,19,-55
2026-08-12T00:06:17.073790+00:00,1786493168,11692,364 Langley Centre/Scottsdale,15252714,13067,20,-80
2026-08-12T00:06:17.073790+00:00,1786493168,11692,364 Langley Centre/Scottsdale,15252714,10633,21,-102
2026-08-12T00:06:17.073790+00:00,1786493168,11692,364 Langley Centre/Scottsdale,15252714,10149,22,-8
2026-08-12T00:06:17.073790+00:00,1786493168,11692,364 Langley Centre/Scottsdale,15252714,10587,23,-31
2026-08-12T00:06:17.073790+00:00,1786493168,11692,364 Langley Centre/Scottsdale,15252714,10261,24,-72
2026-08-12T00:06:17.073790+00:00,1786493168,11692,364 Langley Centre/Scottsdale,15252714,10586,25,-113
2026-08-12T00:06:17.073790+00:00,1786493168,11692,364 Langley Centre/Scottsdale,15252714,9547,26,-88
2026-08-12T00:06:17.073790+00:00,1786493168,11692,364 Langley Centre/Scottsdale,15252714,9526,27,-123
2026-08-12T00:06:17.073790+00:00,1786493168,11692,364 Langley Centre/Scottsdale,15252714,12646,28,-141
2026-08-12T00:06:17.073790+00:00,1786493168,11692,364 Langley Centre/Scottsdale,15252714,11075,29,-209
2026-08-12T00:06:17.073790+00:00,1786493168,11692,364 Langley Centre/Scottsdale,15252714,11174,30,-239
2026-08-12T00:06:17.073790+00:00,1786493168,11692,364 Langley Centre/Scottsdale,15252714,11175,31,-275
2026-08-12T00:06:17.073790+00:00,1786493168,11692,364 Langley Centre/Scottsdale,15252714,11123,32,-232
2026-08-12T00:06:17.073790+00:00,1786493168,11692,364 Langley Centre/Scottsdale,15252714,11176,33,-240
2026-08-12T00:06:17.073790+00:00,1786493168,11692,364 Langley Centre/Scottsdale,15252714,11177,34,-271
2026-08-12T00:06:17.073790+00:00,1786493168,11692,364 Langley Centre/Scottsdale,15252714,11178,35,-304
2026-08-12T00:06:17.073790+00:00,1786493168,11692,364 Langley Centre/Scottsdale,15252714,6459,36,-215
2026-08-12T00:06:17.073790+00:00,1786493168,11692,364 Langley Centre/Scottsdale,15252714,6460,37,-224
2026-08-12T00:06:17.073790+00:00,1786493168,11692,364 Langley Centre/Scottsdale,15252714,5621,38,-226
2026-08-12T00:06:17.073790+00:00,1786493168,11692,364 Langley Centre/Scottsdale,15252714,5622,39,-253
2026-08-12T00:06:17.073790+00:00,1786493168,11692,364 Langley Centre/Scottsdale,15252714,11122,40,-241
2026-08-12T00:06:17.073790+00:00,1786493168,11692,364 Langley Centre/Scottsdale,15252714,11155,41,-259
2026-08-12T00:06:17.073790+00:00,1786493168,11692,364 Langley Centre/Scottsdale,15252714,11143,42,-274
2026-08-12T00:06:17.073790+00:00,1786493168,11692,364 Langley Centre/Scottsdale,15252714,11141,43,-310
2026-08-12T00:06:17.073790+00:00,1786493168,11692,364 Langley Centre/Scottsdale,15252714,4936,44,-306
2026-08-12T00:06:17.073790+00:00,1786493168,11692,364 Langley Centre/Scottsdale,15252714,4937,45,-332
2026-08-12T00:06:17.073790+00:00,1786493168,11692,364 Langley Centre/Scottsdale,15252714,4938,46,-361
2026-08-12T00:06:17.073790+00:00,1786493168,11692,364 Langley Centre/Scottsdale,15252714,5229,47,-366
2026-08-12T00:06:17.073790+00:00,1786493168,11692,364 Langley Centre/Scottsdale,15252714,4917,48,-321
2026-08-12T00:06:17.073790+00:00,1786493168,11692,364 Langley Centre/Scottsdale,15252715,10633,21,-34
2026-08-12T00:06:17.073790+00:00,1786493168,11692,364 Langley Centre/Scottsdale,15252715,10149,22,60
2026-08-12T00:06:17.073790+00:00,1786493168,11692,364 Langley Centre/Scottsdale,15252715,10587,23,37
2026-08-12T00:06:17.073790+00:00,1786493168,11692,364 Langley Centre/Scottsdale,15252715,10261,24,-3
2026-08-12T00:06:17.073790+00:00,1786493168,11692,364 Langley Centre/Scottsdale,15252715,10586,25,-44
2026-08-12T00:06:17.073790+00:00,1786493168,11692,364 Langley Centre/Scottsdale,15252715,9547,26,-18
2026-08-12T00:06:17.073790+00:00,1786493168,11692,364 Langley Centre/Scottsdale,15252715,9526,27,-54
2026-08-12T00:06:17.073790+00:00,1786493168,11692,364 Langley Centre/Scottsdale,15252715,12646,28,-68
2026-08-12T00:06:17.073790+00:00,1786493168,11692,364 Langley Centre/Scottsdale,15252715,11075,29,-136
2026-08-12T00:06:17.073790+00:00,1786493168,11692,364 Langley Centre/Scottsdale,15252715,11174,30,-166
2026-08-12T00:06:17.073790+00:00,1786493168,11692,364 Langley Centre/Scottsdale,15252715,11175,31,-201
2026-08-12T00:06:17.073790+00:00,1786493168,11692,364 Langley Centre/Scottsdale,15252715,11123,32,-158
2026-08-12T00:06:17.073790+00:00,1786493168,11692,364 Langley Centre/Scottsdale,15252715,11176,33,-161
2026-08-12T00:06:17.073790+00:00,1786493168,11692,364 Langley Centre/Scottsdale,15252715,11177,34,-192
2026-08-12T00:06:17.073790+00:00,1786493168,11692,364 Langley Centre/Scottsdale,15252715,11178,35,-225
2026-08-12T00:06:17.073790+00:00,1786493168,11692,364 Langley Centre/Scottsdale,15252715,6459,36,-137
2026-08-12T00:06:17.073790+00:00,1786493168,11692,364 Langley Centre/Scottsdale,15252715,6460,37,-150
2026-08-12T00:06:17.073790+00:00,1786493168,11692,364 Langley Centre/Scottsdale,15252715,5621,38,-150
2026-08-12T00:06:17.073790+00:00,1786493168,11692,364 Langley Centre/Scottsdale,15252715,5622,39,-177
2026-08-12T00:06:17.073790+00:00,1786493168,11692,364 Langley Centre/Scottsdale,15252715,11122,40,-147
2026-08-12T00:06:17.073790+00:00,1786493168,11692,364 Langley Centre/Scottsdale,15252715,11155,41,-166
2026-08-12T00:06:17.073790+00:00,1786493168,11692,364 Langley Centre/Scottsdale,15252715,11143,42,-180
2026-08-12T00:06:17.073790+00:00,1786493168,11692,364 Langley Centre/Scottsdale,15252715,11141,43,-218
2026-08-12T00:06:17.073790+00:00,1786493168,11692,364 Langley Centre/Scottsdale,15252715,4936,44,-210
2026-08-12T00:06:17.073790+00:00,1786493168,11692,364 Langley Centre/Scottsdale,15252715,4937,45,-235
2026-08-12T00:06:17.073790+00:00,1786493168,11692,364 Langley Centre/Scottsdale,15252715,4938,46,-263
2026-08-12T00:06:17.073790+00:00,1786493168,11692,364 Langley Centre/Scottsdale,15252715,5229,47,-264
2026-08-12T00:06:17.073790+00:00,1786493168,11692,364 Langley Centre/Scottsdale,15252715,4917,48,-207
2026-08-12T00:06:17.073790+00:00,1786493168,11692,364 Langley Centre/Scottsdale,15252736,5622,39,-84
2026-08-12T00:06:17.073790+00:00,1786493168,11692,364 Langley Centre/Scottsdale,15252736,11122,40,-58
2026-08-12T00:06:17.073790+00:00,1786493168,11692,364 Langley Centre/Scottsdale,15252736,11155,41,-81
2026-08-12T00:06:17.073790+00:00,1786493168,11692,364 Langley Centre/Scottsdale,15252736,11143,42,-99
2026-08-12T00:06:17.073790+00:00,1786493168,11692,364 Langley Centre/Scottsdale,15252736,11141,43,-138
2026-08-12T00:06:17.073790+00:00,1786493168,11692,364 Langley Centre/Scottsdale,15252736,4936,44,-131
2026-08-12T00:06:17.073790+00:00,1786493168,11692,364 Langley Centre/Scottsdale,15252736,4937,45,-159
2026-08-12T00:06:17.073790+00:00,1786493168,11692,364 Langley Centre/Scottsdale,15252736,4938,46,-191
2026-08-12T00:06:17.073790+00:00,1786493168,11692,364 Langley Centre/Scottsdale,15252736,5229,47,-193
2026-08-12T00:06:17.073790+00:00,1786493168,11692,364 Langley Centre/Scottsdale,15252736,4917,48,-140
2026-08-12T00:06:17.073790+00:00,1786493168,11692,364 Langley Centre/Scottsdale,15252751,11075,29,-153
2026-08-12T00:06:17.073790+00:00,1786493168,11692,364 Langley Centre/Scottsdale,15252751,11174,30,-191
2026-08-12T00:06:17.073790+00:00,1786493168,11692,364 Langley Centre/Scottsdale,15252751,11175,31,-227
2026-08-12T00:06:17.073790+00:00,1786493168,11692,364 Langley Centre/Scottsdale,15252751,11123,32,-188
2026-08-12T00:06:17.073790+00:00,1786493168,11692,364 Langley Centre/Scottsdale,15252751,11176,33,-195
2026-08-12T00:06:17.073790+00:00,1786493168,11692,364 Langley Centre/Scottsdale,15252751,11177,34,-230
2026-08-12T00:06:17.073790+00:00,1786493168,11692,364 Langley Centre/Scottsdale,15252751,11178,35,-266
2026-08-12T00:06:17.073790+00:00,1786493168,11692,364 Langley Centre/Scottsdale,15252751,6459,36,-181
2026-08-12T00:06:17.073790+00:00,1786493168,11692,364 Langley Centre/Scottsdale,15252751,6460,37,-196
2026-08-12T00:06:17.073790+00:00,1786493168,11692,364 Langley Centre/Scottsdale,15252751,5621,38,-200
2026-08-12T00:06:17.073790+00:00,1786493168,11692,364 Langley Centre/Scottsdale,15252751,5622,39,-231
2026-08-12T00:06:17.073790+00:00,1786493168,11692,364 Langley Centre/Scottsdale,15252751,11122,40,-205
2026-08-12T00:06:17.073790+00:00,1786493168,11692,364 Langley Centre/Scottsdale,15252751,11155,41,-229
2026-08-12T00:06:17.073790+00:00,1786493168,11692,364 Langley Centre/Scottsdale,15252751,11143,42,-247
2026-08-12T00:06:17.073790+00:00,1786493168,11692,364 Langley Centre/Scottsdale,15252751,11141,43,-287
2026-08-12T00:06:17.073790+00:00,1786493168,11692,364 Langley Centre/Scottsdale,15252751,4936,44,-281
2026-08-12T00:06:17.073790+00:00,1786493168,11692,364 Langley Centre/Scottsdale,15252751,4937,45,-308
2026-08-12T00:06:17.073790+00:00,1786493168,11692,364 Langley Centre/Scottsdale,15252751,4938,46,-340
2026-08-12T00:06:17.073790+00:00,1786493168,11692,364 Langley Centre/Scottsdale,15252751,5229,47,-344
2026-08-12T00:06:17.073790+00:00,1786493168,11692,364 Langley Centre/Scottsdale,15252751,4917,48,-291
2026-08-12T00:06:17.073790+00:00,1786493168,11692,364 Langley Centre/Scottsdale,15252752,9291,4,521
2026-08-12T00:06:17.073790+00:00,1786493168,11692,364 Langley Centre/Scottsdale,15252752,9292,5,504
2026-08-12T00:06:17.073790+00:00,1786493168,11692,364 Langley Centre/Scottsdale,15252752,11264,6,504
2026-08-12T00:06:17.073790+00:00,1786493168,11692,364 Langley Centre/Scottsdale,15252752,9303,7,495
2026-08-12T00:06:17.073790+00:00,1786493168,11692,364 Langley Centre/Scottsdale,15252752,9304,8,477
2026-08-12T00:06:17.073790+00:00,1786493168,11692,364 Langley Centre/Scottsdale,15252752,6475,9,503
2026-08-12T00:06:17.073790+00:00,1786493168,11692,364 Langley Centre/Scottsdale,15252752,6476,10,465
2026-08-12T00:06:17.073790+00:00,1786493168,11692,364 Langley Centre/Scottsdale,15252752,5381,11,443
2026-08-12T00:06:17.073790+00:00,1786493168,11692,364 Langley Centre/Scottsdale,15252752,12496,12,429
2026-08-12T00:06:17.073790+00:00,1786493168,11692,364 Langley Centre/Scottsdale,15252752,5382,13,398
2026-08-12T00:06:17.073790+00:00,1786493168,11692,364 Langley Centre/Scottsdale,15252752,12516,14,566
2026-08-12T00:06:17.073790+00:00,1786493168,11692,364 Langley Centre/Scottsdale,15252752,10257,15,511
2026-08-12T00:06:17.073790+00:00,1786493168,11692,364 Langley Centre/Scottsdale,15252752,10258,16,489
2026-08-12T00:06:17.073790+00:00,1786493168,11692,364 Langley Centre/Scottsdale,15252752,10259,17,429
2026-08-12T00:06:17.073790+00:00,1786493168,11692,364 Langley Centre/Scottsdale,15252752,10260,18,401
2026-08-12T00:06:17.073790+00:00,1786493168,11692,364 Langley Centre/Scottsdale,15252752,10729,19,346
2026-08-12T00:06:17.073790+00:00,1786493168,11692,364 Langley Centre/Scottsdale,15252752,13067,20,321
2026-08-12T00:06:17.073790+00:00,1786493168,11692,364 Langley Centre/Scottsdale,15252752,10633,21,299
2026-08-12T00:06:17.073790+00:00,1786493168,11692,364 Langley Centre/Scottsdale,15252752,10149,22,393
2026-08-12T00:06:17.073790+00:00,1786493168,11692,364 Langley Centre/Scottsdale,15252752,10587,23,370
2026-08-12T00:06:17.073790+00:00,1786493168,11692,364 Langley Centre/Scottsdale,15252752,10261,24,329
2026-08-12T00:06:17.073790+00:00,1786493168,11692,364 Langley Centre/Scottsdale,15252752,10586,25,288
2026-08-12T00:06:17.073790+00:00,1786493168,11692,364 Langley Centre/Scottsdale,15252752,9547,26,313
2026-08-12T00:06:17.073790+00:00,1786493168,11692,364 Langley Centre/Scottsdale,15252752,9526,27,278
2026-08-12T00:06:17.073790+00:00,1786493168,11692,364 Langley Centre/Scottsdale,15252752,12646,28,260
2026-08-12T00:06:17.073790+00:00,1786493168,11692,364 Langley Centre/Scottsdale,15252752,11075,29,192
2026-08-12T00:06:17.073790+00:00,1786493168,11692,364 Langley Centre/Scottsdale,15252752,11174,30,162
2026-08-12T00:06:17.073790+00:00,1786493168,11692,364 Langley Centre/Scottsdale,15252752,11175,31,130
2026-08-12T00:06:17.073790+00:00,1786493168,11692,364 Langley Centre/Scottsdale,15252752,11123,32,173
2026-08-12T00:06:17.073790+00:00,1786493168,11692,364 Langley Centre/Scottsdale,15252752,11176,33,170
2026-08-12T00:06:17.073790+00:00,1786493168,11692,364 Langley Centre/Scottsdale,15252752,11177,34,139
2026-08-12T00:06:17.073790+00:00,1786493168,11692,364 Langley Centre/Scottsdale,15252752,11178,35,106
2026-08-12T00:06:17.073790+00:00,1786493168,11692,364 Langley Centre/Scottsdale,15252752,6459,36,194
2026-08-12T00:06:17.073790+00:00,1786493168,11692,364 Langley Centre/Scottsdale,15252752,6460,37,182
2026-08-12T00:06:17.073790+00:00,1786493168,11692,364 Langley Centre/Scottsdale,15252752,5621,38,182
2026-08-12T00:06:17.073790+00:00,1786493168,11692,364 Langley Centre/Scottsdale,15252752,5622,39,155
2026-08-12T00:06:17.073790+00:00,1786493168,11692,364 Langley Centre/Scottsdale,15252752,11122,40,185
2026-08-12T00:06:17.073790+00:00,1786493168,11692,364 Langley Centre/Scottsdale,15252752,11155,41,164
2026-08-12T00:06:17.073790+00:00,1786493168,11692,364 Langley Centre/Scottsdale,15252752,11143,42,150
2026-08-12T00:06:17.073790+00:00,1786493168,11692,364 Langley Centre/Scottsdale,15252752,11141,43,112
2026-08-12T00:06:17.073790+00:00,1786493168,11692,364 Langley Centre/Scottsdale,15252752,4936,44,131
2026-08-12T00:06:17.073790+00:00,1786493168,11692,364 Langley Centre/Scottsdale,15252752,4937,45,113
2026-08-12T00:06:17.073790+00:00,1786493168,11692,364 Langley Centre/Scottsdale,15252752,4938,46,88
2026-08-12T00:06:17.073790+00:00,1786493168,11692,364 Langley Centre/Scottsdale,15252752,5229,47,88
2026-08-12T00:06:17.073790+00:00,1786493168,11692,364 Langley Centre/Scottsdale,15252752,4917,48,134
2026-08-12T00:06:17.073790+00:00,1786493168,18705,531 WhiteRock/WillowBrook,15259154,9291,47,-69
2026-08-12T00:06:17.073790+00:00,1786493168,18705,531 WhiteRock/WillowBrook,15259154,9292,48,-73
2026-08-12T00:06:17.073790+00:00,1786493168,18705,531 WhiteRock/WillowBrook,15259154,11264,49,-42
2026-08-12T00:06:17.073790+00:00,1786493168,18705,531 WhiteRock/WillowBrook,15259154,9303,50,-43
2026-08-12T00:06:17.073790+00:00,1786493168,18705,531 WhiteRock/WillowBrook,15259154,9304,51,-47
2026-08-12T00:06:17.073790+00:00,1786493168,18705,531 WhiteRock/WillowBrook,15259154,6475,52,0
2026-08-12T00:06:17.073790+00:00,1786493168,18705,531 WhiteRock/WillowBrook,15259154,6476,53,-13
2026-08-12T00:06:17.073790+00:00,1786493168,18705,531 WhiteRock/WillowBrook,15259154,5335,54,-10
2026-08-12T00:06:17.073790+00:00,1786493168,18705,531 WhiteRock/WillowBrook,15259154,7100,55,23
2026-08-12T00:06:17.073790+00:00,1786493168,18705,531 WhiteRock/WillowBrook,15259155,8936,31,-54
2026-08-12T00:06:17.073790+00:00,1786493168,18705,531 WhiteRock/WillowBrook,15259155,9030,32,-66
2026-08-12T00:06:17.073790+00:00,1786493168,18705,531 WhiteRock/WillowBrook,15259155,8937,33,-87
2026-08-12T00:06:17.073790+00:00,1786493168,18705,531 WhiteRock/WillowBrook,15259155,8938,34,-88
2026-08-12T00:06:17.073790+00:00,1786493168,18705,531 WhiteRock/WillowBrook,15259155,7081,35,-94
2026-08-12T00:06:17.073790+00:00,1786493168,18705,531 WhiteRock/WillowBrook,15259155,7082,36,-102
2026-08-12T00:06:17.073790+00:00,1786493168,18705,531 WhiteRock/WillowBrook,15259155,7083,37,-132
2026-08-12T00:06:17.073790+00:00,1786493168,18705,531 WhiteRock/WillowBrook,15259155,7084,38,-151
2026-08-12T00:06:17.073790+00:00,1786493168,18705,531 WhiteRock/WillowBrook,15259155,7085,39,-186
2026-08-12T00:06:17.073790+00:00,1786493168,18705,531 WhiteRock/WillowBrook,15259155,8939,40,-198
2026-08-12T00:06:17.073790+00:00,1786493168,18705,531 WhiteRock/WillowBrook,15259155,7086,41,-210
2026-08-12T00:06:17.073790+00:00,1786493168,18705,531 WhiteRock/WillowBrook,15259155,8940,42,-238
2026-08-12T00:06:17.073790+00:00,1786493168,18705,531 WhiteRock/WillowBrook,15259155,5341,43,-248
2026-08-12T00:06:17.073790+00:00,1786493168,18705,531 WhiteRock/WillowBrook,15259155,5342,44,-246
2026-08-12T00:06:17.073790+00:00,1786493168,18705,531 WhiteRock/WillowBrook,15259155,12293,45,-228
2026-08-12T00:06:17.073790+00:00,1786493168,18705,531 WhiteRock/WillowBrook,15259155,12173,46,-163
2026-08-12T00:06:17.073790+00:00,1786493168,18705,531 WhiteRock/WillowBrook,15259155,9291,47,-189
2026-08-12T00:06:17.073790+00:00,1786493168,18705,531 WhiteRock/WillowBrook,15259155,9292,48,-193
2026-08-12T00:06:17.073790+00:00,1786493168,18705,531 WhiteRock/WillowBrook,15259155,11264,49,-171
2026-08-12T00:06:17.073790+00:00,1786493168,18705,531 WhiteRock/WillowBrook,15259155,9303,50,-170
2026-08-12T00:06:17.073790+00:00,1786493168,18705,531 WhiteRock/WillowBrook,15259155,9304,51,-175
2026-08-12T00:06:17.073790+00:00,1786493168,18705,531 WhiteRock/WillowBrook,15259155,6475,52,-126
2026-08-12T00:06:17.073790+00:00,1786493168,18705,531 WhiteRock/WillowBrook,15259155,6476,53,-136
2026-08-12T00:06:17.073790+00:00,1786493168,18705,531 WhiteRock/WillowBrook,15259155,5335,54,-132
2026-08-12T00:06:17.073790+00:00,1786493168,18705,531 WhiteRock/WillowBrook,15259155,7100,55,-98
2026-08-12T00:06:17.073790+00:00,1786493168,18705,531 WhiteRock/WillowBrook,15259176,11924,17,-162
2026-08-12T00:06:17.073790+00:00,1786493168,18705,531 WhiteRock/WillowBrook,15259176,13131,18,-201
2026-08-12T00:06:17.073790+00:00,1786493168,18705,531 WhiteRock/WillowBrook,15259176,11923,19,-229
2026-08-12T00:06:17.073790+00:00,1786493168,18705,531 WhiteRock/WillowBrook,15259176,12597,20,-301
2026-08-12T00:06:17.073790+00:00,1786493168,18705,531 WhiteRock/WillowBrook,15259176,11922,21,-316
2026-08-12T00:06:17.073790+00:00,1786493168,18705,531 WhiteRock/WillowBrook,15259176,11744,22,-301
2026-08-12T00:06:17.073790+00:00,1786493168,18705,531 WhiteRock/WillowBrook,15259176,11746,23,-329
2026-08-12T00:06:17.073790+00:00,1786493168,18705,531 WhiteRock/WillowBrook,15259176,11839,24,-339
2026-08-12T00:06:17.073790+00:00,1786493168,18705,531 WhiteRock/WillowBrook,15259176,12922,25,-357
2026-08-12T00:06:17.073790+00:00,1786493168,18705,531 WhiteRock/WillowBrook,15259176,12923,26,-392
2026-08-12T00:06:17.073790+00:00,1786493168,18705,531 WhiteRock/WillowBrook,15259176,12925,27,-388
2026-08-12T00:06:17.073790+00:00,1786493168,18705,531 WhiteRock/WillowBrook,15259176,12928,28,-413
2026-08-12T00:06:17.073790+00:00,1786493168,18705,531 WhiteRock/WillowBrook,15259176,12930,29,-430
2026-08-12T00:06:17.073790+00:00,1786493168,18705,531 WhiteRock/WillowBrook,15259176,13042,30,-445
2026-08-12T00:06:17.073790+00:00,1786493168,18705,531 WhiteRock/WillowBrook,15259176,8936,31,-435
2026-08-12T00:06:17.073790+00:00,1786493168,18705,531 WhiteRock/WillowBrook,15259176,9030,32,-447
2026-08-12T00:06:17.073790+00:00,1786493168,18705,531 WhiteRock/WillowBrook,15259176,8937,33,-468
2026-08-12T00:06:17.073790+00:00,1786493168,18705,531 WhiteRock/WillowBrook,15259176,8938,34,-467
2026-08-12T00:06:17.073790+00:00,1786493168,18705,531 WhiteRock/WillowBrook,15259176,7081,35,-470
2026-08-12T00:06:17.073790+00:00,1786493168,18705,531 WhiteRock/WillowBrook,15259176,7082,36,-478
2026-08-12T00:06:17.073790+00:00,1786493168,18705,531 WhiteRock/WillowBrook,15259176,7083,37,-507
2026-08-12T00:06:17.073790+00:00,1786493168,18705,531 WhiteRock/WillowBrook,15259176,7084,38,-526
2026-08-12T00:06:17.073790+00:00,1786493168,18705,531 WhiteRock/WillowBrook,15259176,7085,39,-562
2026-08-12T00:06:17.073790+00:00,1786493168,18705,531 WhiteRock/WillowBrook,15259176,8939,40,-575
2026-08-12T00:06:17.073790+00:00,1786493168,18705,531 WhiteRock/WillowBrook,15259176,7086,41,-586
2026-08-12T00:06:17.073790+00:00,1786493168,18705,531 WhiteRock/WillowBrook,15259176,8940,42,-614
2026-08-12T00:06:17.073790+00:00,1786493168,18705,531 WhiteRock/WillowBrook,15259176,5341,43,-624
2026-08-12T00:06:17.073790+00:00,1786493168,18705,531 WhiteRock/WillowBrook,15259176,5342,44,-622
2026-08-12T00:06:17.073790+00:00,1786493168,18705,531 WhiteRock/WillowBrook,15259176,12293,45,-604
2026-08-12T00:06:17.073790+00:00,1786493168,18705,531 WhiteRock/WillowBrook,15259176,12173,46,-538
2026-08-12T00:06:17.073790+00:00,1786493168,18705,531 WhiteRock/WillowBrook,15259176,9291,47,-566
2026-08-12T00:06:17.073790+00:00,1786493168,18705,531 WhiteRock/WillowBrook,15259176,9292,48,-570
2026-08-12T00:06:17.073790+00:00,1786493168,18705,531 WhiteRock/WillowBrook,15259176,11264,49,-540
2026-08-12T00:06:17.073790+00:00,1786493168,18705,531 WhiteRock/WillowBrook,15259176,9303,50,-538
2026-08-12T00:06:17.073790+00:00,1786493168,18705,531 WhiteRock/WillowBrook,15259176,9304,51,-543
2026-08-12T00:06:17.073790+00:00,1786493168,18705,531 WhiteRock/WillowBrook,15259176,6475,52,-498
2026-08-12T00:06:17.073790+00:00,1786493168,18705,531 WhiteRock/WillowBrook,15259176,6476,53,-508
2026-08-12T00:06:17.073790+00:00,1786493168,18705,531 WhiteRock/WillowBrook,15259176,5335,54,-501
2026-08-12T00:06:17.073790+00:00,1786493168,18705,531 WhiteRock/WillowBrook,15259176,7100,55,-465
2026-08-12T00:06:17.073790+00:00,1786493168,18705,531 WhiteRock/WillowBrook,15259178,13013,1,0
2026-08-12T00:06:17.073790+00:00,1786493168,18705,531 WhiteRock/WillowBrook,15259178,5437,2,0
2026-08-12T00:06:17.073790+00:00,1786493168,18705,531 WhiteRock/WillowBrook,15259178,5438,3,0
2026-08-12T00:06:17.073790+00:00,1786493168,18705,531 WhiteRock/WillowBrook,15259178,5439,4,0
2026-08-12T00:06:17.073790+00:00,1786493168,18705,531 WhiteRock/WillowBrook,15259178,5440,5,0
2026-08-12T00:06:17.073790+00:00,1786493168,18705,531 WhiteRock/WillowBrook,15259178,11755,6,0
2026-08-12T00:06:17.073790+00:00,1786493168,18705,531 WhiteRock/WillowBrook,15259178,11734,7,0
2026-08-12T00:06:17.073790+00:00,1786493168,18705,531 WhiteRock/WillowBrook,15259178,10856,8,0
2026-08-12T00:06:17.073790+00:00,1786493168,18705,531 WhiteRock/WillowBrook,15259178,11583,9,0
2026-08-12T00:06:17.073790+00:00,1786493168,18705,531 WhiteRock/WillowBrook,15259178,11574,10,0
2026-08-12T00:06:17.073790+00:00,1786493168,18705,531 WhiteRock/WillowBrook,15259178,11736,11,0
2026-08-12T00:06:17.073790+00:00,1786493168,18705,531 WhiteRock/WillowBrook,15259178,12379,12,0
2026-08-12T00:06:17.073790+00:00,1786493168,18705,531 WhiteRock/WillowBrook,15259178,11738,13,0
2026-08-12T00:06:17.073790+00:00,1786493168,18705,531 WhiteRock/WillowBrook,15259178,11743,14,0
2026-08-12T00:06:17.073790+00:00,1786493168,18705,531 WhiteRock/WillowBrook,15259178,12306,15,0
2026-08-12T00:06:17.073790+00:00,1786493168,18705,531 WhiteRock/WillowBrook,15259178,12218,16,0
2026-08-12T00:06:17.073790+00:00,1786493168,18705,531 WhiteRock/WillowBrook,15259178,11924,17,0
2026-08-12T00:06:17.073790+00:00,1786493168,18705,531 WhiteRock/WillowBrook,15259178,13131,18,0
2026-08-12T00:06:17.073790+00:00,1786493168,18705,531 WhiteRock/WillowBrook,15259178,11923,19,0
2026-08-12T00:06:17.073790+00:00,1786493168,18705,531 WhiteRock/WillowBrook,15259178,12597,20,0
2026-08-12T00:06:17.073790+00:00,1786493168,18705,531 WhiteRock/WillowBrook,15259178,11922,21,0
2026-08-12T00:06:17.073790+00:00,1786493168,18705,531 WhiteRock/WillowBrook,15259178,11744,22,0
2026-08-12T00:06:17.073790+00:00,1786493168,18705,531 WhiteRock/WillowBrook,15259178,11746,23,0
2026-08-12T00:06:17.073790+00:00,1786493168,18705,531 WhiteRock/WillowBrook,15259178,11839,24,0
2026-08-12T00:06:17.073790+00:00,1786493168,18705,531 WhiteRock/WillowBrook,15259178,12922,25,0
2026-08-12T00:06:17.073790+00:00,1786493168,18705,531 WhiteRock/WillowBrook,15259178,12923,26,0
2026-08-12T00:06:17.073790+00:00,1786493168,18705,531 WhiteRock/WillowBrook,15259178,12925,27,0
2026-08-12T00:06:17.073790+00:00,1786493168,18705,531 WhiteRock/WillowBrook,15259178,12928,28,0
2026-08-12T00:06:17.073790+00:00,1786493168,18705,531 WhiteRock/WillowBrook,15259178,12930,29,0
2026-08-12T00:06:17.073790+00:00,1786493168,18705,531 WhiteRock/WillowBrook,15259178,13042,30,0
2026-08-12T00:06:17.073790+00:00,1786493168,18705,531 WhiteRock/WillowBrook,15259178,8936,31,0
2026-08-12T00:06:17.073790+00:00,1786493168,18705,531 WhiteRock/WillowBrook,15259178,9030,32,0
2026-08-12T00:06:17.073790+00:00,1786493168,18705,531 WhiteRock/WillowBrook,15259178,8937,33,0
2026-08-12T00:06:17.073790+00:00,1786493168,18705,531 WhiteRock/WillowBrook,15259178,8938,34,0
2026-08-12T00:06:17.073790+00:00,1786493168,18705,531 WhiteRock/WillowBrook,15259178,7081,35,0
2026-08-12T00:06:17.073790+00:00,1786493168,18705,531 WhiteRock/WillowBrook,15259178,7082,36,0
2026-08-12T00:06:17.073790+00:00,1786493168,18705,531 WhiteRock/WillowBrook,15259178,7083,37,0
2026-08-12T00:06:17.073790+00:00,1786493168,18705,531 WhiteRock/WillowBrook,15259178,7084,38,0
2026-08-12T00:06:17.073790+00:00,1786493168,18705,531 WhiteRock/WillowBrook,15259178,7085,39,0
2026-08-12T00:06:17.073790+00:00,1786493168,18705,531 WhiteRock/WillowBrook,15259178,8939,40,0
2026-08-12T00:06:17.073790+00:00,1786493168,18705,531 WhiteRock/WillowBrook,15259178,7086,41,0
2026-08-12T00:06:17.073790+00:00,1786493168,18705,531 WhiteRock/WillowBrook,15259178,8940,42,0
2026-08-12T00:06:17.073790+00:00,1786493168,18705,531 WhiteRock/WillowBrook,15259178,5341,43,0
2026-08-12T00:06:17.073790+00:00,1786493168,18705,531 WhiteRock/WillowBrook,15259178,5342,44,0
2026-08-12T00:06:17.073790+00:00,1786493168,18705,531 WhiteRock/WillowBrook,15259178,12293,45,0
2026-08-12T00:06:17.073790+00:00,1786493168,18705,531 WhiteRock/WillowBrook,15259178,12173,46,0
2026-08-12T00:06:17.073790+00:00,1786493168,18705,531 WhiteRock/WillowBrook,15259178,9291,47,0
2026-08-12T00:06:17.073790+00:00,1786493168,18705,531 WhiteRock/WillowBrook,15259178,9292,48,0
2026-08-12T00:06:17.073790+00:00,1786493168,18705,531 WhiteRock/WillowBrook,15259178,11264,49,0
2026-08-12T00:06:17.073790+00:00,1786493168,18705,531 WhiteRock/WillowBrook,15259178,9303,50,0
2026-08-12T00:06:17.073790+00:00,1786493168,18705,531 WhiteRock/WillowBrook,15259178,9304,51,0
2026-08-12T00:06:17.073790+00:00,1786493168,18705,531 WhiteRock/WillowBrook,15259178,6475,52,0
2026-08-12T00:06:17.073790+00:00,1786493168,18705,531 WhiteRock/WillowBrook,15259178,6476,53,0
2026-08-12T00:06:17.073790+00:00,1786493168,18705,531 WhiteRock/WillowBrook,15259178,5335,54,0
2026-08-12T00:06:17.073790+00:00,1786493168,18705,531 WhiteRock/WillowBrook,15259178,7100,55,0
2026-08-12T00:06:17.073790+00:00,1786493168,18705,531 WhiteRock/WillowBrook,15259208,11920,36,-108
2026-08-12T00:06:17.073790+00:00,1786493168,18705,531 WhiteRock/WillowBrook,15259208,13130,37,-146
2026-08-12T00:06:17.073790+00:00,1786493168,18705,531 WhiteRock/WillowBrook,15259208,11925,38,-146
2026-08-12T00:06:17.073790+00:00,1786493168,18705,531 WhiteRock/WillowBrook,15259208,12219,39,-177
2026-08-12T00:06:17.073790+00:00,1786493168,18705,531 WhiteRock/WillowBrook,15259208,11741,40,-331
2026-08-12T00:06:17.073790+00:00,1786493168,18705,531 WhiteRock/WillowBrook,15259208,11740,41,-351
2026-08-12T00:06:17.073790+00:00,1786493168,18705,531 WhiteRock/WillowBrook,15259208,11739,42,-299
2026-08-12T00:06:17.073790+00:00,1786493168,18705,531 WhiteRock/WillowBrook,15259208,11737,43,-252
2026-08-12T00:06:17.073790+00:00,1786493168,18705,531 WhiteRock/WillowBrook,15259208,11757,44,-282
2026-08-12T00:06:17.073790+00:00,1786493168,18705,531 WhiteRock/WillowBrook,15259208,11735,45,-242
2026-08-12T00:06:17.073790+00:00,1786493168,18705,531 WhiteRock/WillowBrook,15259208,11756,46,-235
2026-08-12T00:06:17.073790+00:00,1786493168,18705,531 WhiteRock/WillowBrook,15259208,5535,47,-205
2026-08-12T00:06:17.073790+00:00,1786493168,18705,531 WhiteRock/WillowBrook,15259208,5536,48,-230
2026-08-12T00:06:17.073790+00:00,1786493168,18705,531 WhiteRock/WillowBrook,15259208,5537,49,-240
2026-08-12T00:06:17.073790+00:00,1786493168,18705,531 WhiteRock/WillowBrook,15259208,5538,50,-248
2026-08-12T00:06:17.073790+00:00,1786493168,18705,531 WhiteRock/WillowBrook,15259208,5539,51,-238
2026-08-12T00:06:17.073790+00:00,1786493168,18705,531 WhiteRock/WillowBrook,15259208,5540,52,-230
2026-08-12T00:06:17.073790+00:00,1786493168,18705,531 WhiteRock/WillowBrook,15259209,7173,17,8
2026-08-12T00:06:17.073790+00:00,1786493168,18705,531 WhiteRock/WillowBrook,15259209,7174,18,-33
2026-08-12T00:06:17.073790+00:00,1786493168,18705,531 WhiteRock/WillowBrook,15259209,7175,19,-46
2026-08-12T00:06:17.073790+00:00,1786493168,18705,531 WhiteRock/WillowBrook,15259209,7176,20,-76
2026-08-12T00:06:17.073790+00:00,1786493168,18705,531 WhiteRock/WillowBrook,15259209,7177,21,-72
2026-08-12T00:06:17.073790+00:00,1786493168,18705,531 WhiteRock/WillowBrook,15259209,8948,22,-100
2026-08-12T00:06:17.073790+00:00,1786493168,18705,531 WhiteRock/WillowBrook,15259209,9031,23,-119
2026-08-12T00:06:17.073790+00:00,1786493168,18705,531 WhiteRock/WillowBrook,15259209,12931,24,-124
2026-08-12T00:06:17.073790+00:00,1786493168,18705,531 WhiteRock/WillowBrook,15259209,13041,25,-159
2026-08-12T00:06:17.073790+00:00,1786493168,18705,531 WhiteRock/WillowBrook,15259209,12929,26,-186
2026-08-12T00:06:17.073790+00:00,1786493168,18705,531 WhiteRock/WillowBrook,15259209,12927,27,-216
2026-08-12T00:06:17.073790+00:00,1786493168,18705,531 WhiteRock/WillowBrook,15259209,12926,28,-222
2026-08-12T00:06:17.073790+00:00,1786493168,18705,531 WhiteRock/WillowBrook,15259209,12924,29,-241
2026-08-12T00:06:17.073790+00:00,1786493168,18705,531 WhiteRock/WillowBrook,15259209,11751,30,-233
2026-08-12T00:06:17.073790+00:00,1786493168,18705,531 WhiteRock/WillowBrook,15259209,11750,31,-273
2026-08-12T00:06:17.073790+00:00,1786493168,18705,531 WhiteRock/WillowBrook,15259209,11747,32,-300
2026-08-12T00:06:17.073790+00:00,1786493168,18705,531 WhiteRock/WillowBrook,15259209,11745,33,-304
2026-08-12T00:06:17.073790+00:00,1786493168,18705,531 WhiteRock/WillowBrook,15259209,13040,34,-312
2026-08-12T00:06:17.073790+00:00,1786493168,18705,531 WhiteRock/WillowBrook,15259209,12598,35,-338
2026-08-12T00:06:17.073790+00:00,1786493168,18705,531 WhiteRock/WillowBrook,15259209,11920,36,-398
2026-08-12T00:06:17.073790+00:00,1786493168,18705,531 WhiteRock/WillowBrook,15259209,13130,37,-436
2026-08-12T00:06:17.073790+00:00,1786493168,18705,531 WhiteRock/WillowBrook,15259209,11925,38,-474
2026-08-12T00:06:17.073790+00:00,1786493168,18705,531 WhiteRock/WillowBrook,15259209,12219,39,-502
2026-08-12T00:06:17.073790+00:00,1786493168,18705,531 WhiteRock/WillowBrook,15259209,11741,40,-655
2026-08-12T00:06:17.073790+00:00,1786493168,18705,531 WhiteRock/WillowBrook,15259209,11740,41,-675
2026-08-12T00:06:17.073790+00:00,1786493168,18705,531 WhiteRock/WillowBrook,15259209,11739,42,-625
2026-08-12T00:06:17.073790+00:00,1786493168,18705,531 WhiteRock/WillowBrook,15259209,11737,43,-583
2026-08-12T00:06:17.073790+00:00,1786493168,18705,531 WhiteRock/WillowBrook,15259209,11757,44,-616
2026-08-12T00:06:17.073790+00:00,1786493168,18705,531 WhiteRock/WillowBrook,15259209,11735,45,-577
2026-08-12T00:06:17.073790+00:00,1786493168,18705,531 WhiteRock/WillowBrook,15259209,11756,46,-570
2026-08-12T00:06:17.073790+00:00,1786493168,18705,531 WhiteRock/WillowBrook,15259209,5535,47,-540
2026-08-12T00:06:17.073790+00:00,1786493168,18705,531 WhiteRock/WillowBrook,15259209,5536,48,-567
2026-08-12T00:06:17.073790+00:00,1786493168,18705,531 WhiteRock/WillowBrook,15259209,5537,49,-570
2026-08-12T00:06:17.073790+00:00,1786493168,18705,531 WhiteRock/WillowBrook,15259209,5538,50,-577
2026-08-12T00:06:17.073790+00:00,1786493168,18705,531 WhiteRock/WillowBrook,15259209,5539,51,-577
2026-08-12T00:06:17.073790+00:00,1786493168,18705,531 WhiteRock/WillowBrook,15259209,5540,52,-571
2026-08-12T00:06:17.073790+00:00,1786493168,18705,531 WhiteRock/WillowBrook,15259221,11757,44,243
2026-08-12T00:06:17.073790+00:00,1786493168,18705,531 WhiteRock/WillowBrook,15259221,11735,45,282
2026-08-12T00:06:17.073790+00:00,1786493168,18705,531 WhiteRock/WillowBrook,15259221,11756,46,289
2026-08-12T00:06:17.073790+00:00,1786493168,18705,531 WhiteRock/WillowBrook,15259221,5535,47,320
2026-08-12T00:06:17.073790+00:00,1786493168,18705,531 WhiteRock/WillowBrook,15259221,5536,48,293
2026-08-12T00:06:17.073790+00:00,1786493168,18705,531 WhiteRock/WillowBrook,15259221,5537,49,299
2026-08-12T00:06:17.073790+00:00,1786493168,18705,531 WhiteRock/WillowBrook,15259221,5538,50,290
2026-08-12T00:06:17.073790+00:00,1786493168,18705,531 WhiteRock/WillowBrook,15259221,5539,51,290
2026-08-12T00:06:17.073790+00:00,1786493168,18705,531 WhiteRock/WillowBrook,15259221,5540,52,296
2026-08-12T00:06:17.073790+00:00,1786493168,18705,531 WhiteRock/WillowBrook,15259222,11754,1,0
2026-08-12T00:06:17.073790+00:00,1786493168,18705,531 WhiteRock/WillowBrook,15259222,9306,4,-261
2026-08-12T00:06:17.073790+00:00,1786493168,18705,531 WhiteRock/WillowBrook,15259222,11125,5,-260
2026-08-12T00:06:17.073790+00:00,1786493168,18705,531 WhiteRock/WillowBrook,15259222,9294,6,-271
2026-08-12T00:06:17.073790+00:00,1786493168,18705,531 WhiteRock/WillowBrook,15259222,9293,7,-280
2026-08-12T00:06:17.073790+00:00,1786493168,18705,531 WhiteRock/WillowBrook,15259222,11126,8,-271
2026-08-12T00:06:17.073790+00:00,1786493168,18705,531 WhiteRock/WillowBrook,15259222,7094,9,-302
2026-08-12T00:06:17.073790+00:00,1786493168,18705,531 WhiteRock/WillowBrook,15259222,7166,10,-321
2026-08-12T00:06:17.073790+00:00,1786493168,18705,531 WhiteRock/WillowBrook,15259222,7092,11,-284
2026-08-12T00:06:17.073790+00:00,1786493168,18705,531 WhiteRock/WillowBrook,15259222,10747,12,-268
2026-08-12T00:06:17.073790+00:00,1786493168,18705,531 WhiteRock/WillowBrook,15259222,5364,13,-263
2026-08-12T00:06:17.073790+00:00,1786493168,18705,531 WhiteRock/WillowBrook,15259222,11775,14,-237
2026-08-12T00:06:17.073790+00:00,1786493168,18705,531 WhiteRock/WillowBrook,15259222,7171,15,-268
2026-08-12T00:06:17.073790+00:00,1786493168,18705,531 WhiteRock/WillowBrook,15259222,7172,16,-309
2026-08-12T00:06:17.073790+00:00,1786493168,18705,531 WhiteRock/WillowBrook,15259222,7173,17,-323
2026-08-12T00:06:17.073790+00:00,1786493168,18705,531 WhiteRock/WillowBrook,15259222,7174,18,-364
2026-08-12T00:06:17.073790+00:00,1786493168,18705,531 WhiteRock/WillowBrook,15259222,7175,19,-378
2026-08-12T00:06:17.073790+00:00,1786493168,18705,531 WhiteRock/WillowBrook,15259222,7176,20,-408
2026-08-12T00:06:17.073790+00:00,1786493168,18705,531 WhiteRock/WillowBrook,15259222,7177,21,-405
2026-08-12T00:06:17.073790+00:00,1786493168,18705,531 WhiteRock/WillowBrook,15259222,8948,22,-433
2026-08-12T00:06:17.073790+00:00,1786493168,18705,531 WhiteRock/WillowBrook,15259222,9031,23,-453
2026-08-12T00:06:17.073790+00:00,1786493168,18705,531 WhiteRock/WillowBrook,15259222,12931,24,-458
2026-08-12T00:06:17.073790+00:00,1786493168,18705,531 WhiteRock/WillowBrook,15259222,13041,25,-493
2026-08-12T00:06:17.073790+00:00,1786493168,18705,531 WhiteRock/WillowBrook,15259222,12929,26,-521
2026-08-12T00:06:17.073790+00:00,1786493168,18705,531 WhiteRock/WillowBrook,15259222,12927,27,-550
2026-08-12T00:06:17.073790+00:00,1786493168,18705,531 WhiteRock/WillowBrook,15259222,12926,28,-562
2026-08-12T00:06:17.073790+00:00,1786493168,18705,531 WhiteRock/WillowBrook,15259222,12924,29,-584
2026-08-12T00:06:17.073790+00:00,1786493168,18705,531 WhiteRock/WillowBrook,15259222,11751,30,-576
2026-08-12T00:06:17.073790+00:00,1786493168,18705,531 WhiteRock/WillowBrook,15259222,11750,31,-623
2026-08-12T00:06:17.073790+00:00,1786493168,18705,531 WhiteRock/WillowBrook,15259222,11747,32,-652
2026-08-12T00:06:17.073790+00:00,1786493168,18705,531 WhiteRock/WillowBrook,15259222,11745,33,-664
2026-08-12T00:06:17.073790+00:00,1786493168,18705,531 WhiteRock/WillowBrook,15259222,13040,34,-672
2026-08-12T00:06:17.073790+00:00,1786493168,18705,531 WhiteRock/WillowBrook,15259222,12598,35,-698
2026-08-12T00:06:17.073790+00:00,1786493168,18705,531 WhiteRock/WillowBrook,15259222,11920,36,-757
2026-08-12T00:06:17.073790+00:00,1786493168,18705,531 WhiteRock/WillowBrook,15259222,13130,37,-795
2026-08-12T00:06:17.073790+00:00,1786493168,18705,531 WhiteRock/WillowBrook,15259222,11925,38,-833
2026-08-12T00:06:17.073790+00:00,1786493168,18705,531 WhiteRock/WillowBrook,15259222,12219,39,-867
2026-08-12T00:06:17.073790+00:00,1786493168,18705,531 WhiteRock/WillowBrook,15259222,11741,40,-1022
2026-08-12T00:06:17.073790+00:00,1786493168,18705,531 WhiteRock/WillowBrook,15259222,11740,41,-1045
2026-08-12T00:06:17.073790+00:00,1786493168,18705,531 WhiteRock/WillowBrook,15259222,11739,42,-994
2026-08-12T00:06:17.073790+00:00,1786493168,18705,531 WhiteRock/WillowBrook,15259222,11737,43,-953
2026-08-12T00:06:17.073790+00:00,1786493168,18705,531 WhiteRock/WillowBrook,15259222,11757,44,-988
2026-08-12T00:06:17.073790+00:00,1786493168,18705,531 WhiteRock/WillowBrook,15259222,11735,45,-949
2026-08-12T00:06:17.073790+00:00,1786493168,18705,531 WhiteRock/WillowBrook,15259222,11756,46,-943
2026-08-12T00:06:17.073790+00:00,1786493168,18705,531 WhiteRock/WillowBrook,15259222,5535,47,-913
2026-08-12T00:06:17.073790+00:00,1786493168,18705,531 WhiteRock/WillowBrook,15259222,5536,48,-942
2026-08-12T00:06:17.073790+00:00,1786493168,18705,531 WhiteRock/WillowBrook,15259222,5537,49,-940
2026-08-12T00:06:17.073790+00:00,1786493168,18705,531 WhiteRock/WillowBrook,15259222,5538,50,-946
2026-08-12T00:06:17.073790+00:00,1786493168,18705,531 WhiteRock/WillowBrook,15259222,5539,51,-947
2026-08-12T00:06:17.073790+00:00,1786493168,18705,531 WhiteRock/WillowBrook,15259222,5540,52,-940
