captured_at,feed_timestamp,route_id,route_label,trip_id,stop_id,stop_sequence,delay_seconds
2026-08-22T00:02:00.636931+00:00,1787356906,6705,321 Surrey Central/WhiteRock,15247048,10442,57,350
2026-08-22T00:02:00.636931+00:00,1787356906,6705,321 Surrey Central/WhiteRock,15247048,9929,58,371
2026-08-22T00:02:00.636931+00:00,1787356906,6705,321 Surrey Central/WhiteRock,15247048,9930,59,324
2026-08-22T00:02:00.636931+00:00,1787356906,6705,321 Surrey Central/WhiteRock,15247048,9932,60,229
2026-08-22T00:02:00.636931+00:00,1787356906,6705,321 Surrey Central/WhiteRock,15247049,12155,55,-92
2026-08-22T00:02:00.636931+00:00,1787356906,6705,321 Surrey Central/WhiteRock,15247049,11882,56,0
2026-08-22T00:02:00.636931+00:00,1787356906,6705,321 Surrey Central/WhiteRock,15247049,10442,57,83
2026-08-22T00:02:00.636931+00:00,1787356906,6705,321 Surrey Central/WhiteRock,15247049,9929,58,102
2026-08-22T00:02:00.636931+00:00,1787356906,6705,321 Surrey Central/WhiteRock,15247049,9930,59,52
2026-08-22T00:02:00.636931+00:00,1787356906,6705,321 Surrey Central/WhiteRock,15247049,9932,60,-43
2026-08-22T00:02:00.636931+00:00,1787356906,6705,321 Surrey Central/WhiteRock,15247050,5470,44,89
2026-08-22T00:02:00.636931+00:00,1787356906,6705,321 Surrey Central/WhiteRock,15247050,5471,45,54
2026-08-22T00:02:00.636931+00:00,1787356906,6705,321 Surrey Central/WhiteRock,15247050,5472,46,30
2026-08-22T00:02:00.636931+00:00,1787356906,6705,321 Surrey Central/WhiteRock,15247050,5473,47,-22
2026-08-22T00:02:00.636931+00:00,1787356906,6705,321 Surrey Central/WhiteRock,15247050,5474,48,-27
2026-08-22T00:02:00.636931+00:00,1787356906,6705,321 Surrey Central/WhiteRock,15247050,5475,49,-75
2026-08-22T00:02:00.636931+00:00,1787356906,6705,321 Surrey Central/WhiteRock,15247050,5476,50,-102
2026-08-22T00:02:00.636931+00:00,1787356906,6705,321 Surrey Central/WhiteRock,15247050,5477,51,-124
2026-08-22T00:02:00.636931+00:00,1787356906,6705,321 Surrey Central/WhiteRock,15247050,11725,52,-147
2026-08-22T00:02:00.636931+00:00,1787356906,6705,321 Surrey Central/WhiteRock,15247050,5040,53,-128
2026-08-22T00:02:00.636931+00:00,1787356906,6705,321 Surrey Central/WhiteRock,15247050,5041,54,-122
2026-08-22T00:02:00.636931+00:00,1787356906,6705,321 Surrey Central/WhiteRock,15247050,12155,55,-110
2026-08-22T00:02:00.636931+00:00,1787356906,6705,321 Surrey Central/WhiteRock,15247050,11882,56,0
2026-08-22T00:02:00.636931+00:00,1787356906,6705,321 Surrey Central/WhiteRock,15247050,10442,57,81
2026-08-22T00:02:00.636931+00:00,1787356906,6705,321 Surrey Central/WhiteRock,15247050,9929,58,99
2026-08-22T00:02:00.636931+00:00,1787356906,6705,321 Surrey Central/WhiteRock,15247050,9930,59,49
2026-08-22T00:02:00.636931+00:00,1787356906,6705,321 Surrey Central/WhiteRock,15247050,9932,60,-42
2026-08-22T00:02:00.636931+00:00,1787356906,6705,321 Surrey Central/WhiteRock,15247051,5700,38,18
2026-08-22T00:02:00.636931+00:00,1787356906,6705,321 Surrey Central/WhiteRock,15247051,5465,39,27
2026-08-22T00:02:00.636931+00:00,1787356906,6705,321 Surrey Central/WhiteRock,15247051,5466,40,-22
2026-08-22T00:02:00.636931+00:00,1787356906,6705,321 Surrey Central/WhiteRock,15247051,5467,41,-16
2026-08-22T00:02:00.636931+00:00,1787356906,6705,321 Surrey Central/WhiteRock,15247051,5468,42,-41
2026-08-22T00:02:00.636931+00:00,1787356906,6705,321 Surrey Central/WhiteRock,15247051,5469,43,-83
2026-08-22T00:02:00.636931+00:00,1787356906,6705,321 Surrey Central/WhiteRock,15247051,5470,44,-110
2026-08-22T00:02:00.636931+00:00,1787356906,6705,321 Surrey Central/WhiteRock,15247051,5471,45,-145
2026-08-22T00:02:00.636931+00:00,1787356906,6705,321 Surrey Central/WhiteRock,15247051,5472,46,-170
2026-08-22T00:02:00.636931+00:00,1787356906,6705,321 Surrey Central/WhiteRock,15247051,5473,47,-221
2026-08-22T00:02:00.636931+00:00,1787356906,6705,321 Surrey Central/WhiteRock,15247051,5474,48,-226
2026-08-22T00:02:00.636931+00:00,1787356906,6705,321 Surrey Central/WhiteRock,15247051,5475,49,-274
2026-08-22T00:02:00.636931+00:00,1787356906,6705,321 Surrey Central/WhiteRock,15247051,5476,50,-298
2026-08-22T00:02:00.636931+00:00,1787356906,6705,321 Surrey Central/WhiteRock,15247051,5477,51,-320
2026-08-22T00:02:00.636931+00:00,1787356906,6705,321 Surrey Central/WhiteRock,15247051,11725,52,-343
2026-08-22T00:02:00.636931+00:00,1787356906,6705,321 Surrey Central/WhiteRock,15247051,5040,53,-327
2026-08-22T00:02:00.636931+00:00,1787356906,6705,321 Surrey Central/WhiteRock,15247051,5041,54,-321
2026-08-22T00:02:00.636931+00:00,1787356906,6705,321 Surrey Central/WhiteRock,15247051,12155,55,-309
2026-08-22T00:02:00.636931+00:00,1787356906,6705,321 Surrey Central/WhiteRock,15247051,11882,56,0
2026-08-22T00:02:00.636931+00:00,1787356906,6705,321 Surrey Central/WhiteRock,15247051,10442,57,93
2026-08-22T00:02:00.636931+00:00,1787356906,6705,321 Surrey Central/WhiteRock,15247051,9929,58,119
2026-08-22T00:02:00.636931+00:00,1787356906,6705,321 Surrey Central/WhiteRock,15247051,9930,59,78
2026-08-22T00:02:00.636931+00:00,1787356906,6705,321 Surrey Central/WhiteRock,15247051,9932,60,-2
2026-08-22T00:02:00.636931+00:00,1787356906,6705,321 Surrey Central/WhiteRock,15247052,5444,16,3
2026-08-22T00:02:00.636931+00:00,1787356906,6705,321 Surrey Central/WhiteRock,15247052,9083,17,-24
2026-08-22T00:02:00.636931+00:00,1787356906,6705,321 Surrey Central/WhiteRock,15247052,5446,18,-12
2026-08-22T00:02:00.636931+00:00,1787356906,6705,321 Surrey Central/WhiteRock,15247052,10445,19,-19
2026-08-22T00:02:00.636931+00:00,1787356906,6705,321 Surrey Central/WhiteRock,15247052,5447,20,-56
2026-08-22T00:02:00.636931+00:00,1787356906,6705,321 Surrey Central/WhiteRock,15247052,5448,21,-57
2026-08-22T00:02:00.636931+00:00,1787356906,6705,321 Surrey Central/WhiteRock,15247052,10437,22,-53
2026-08-22T00:02:00.636931+00:00,1787356906,6705,321 Surrey Central/WhiteRock,15247052,5449,23,-109
2026-08-22T00:02:00.636931+00:00,1787356906,6705,321 Surrey Central/WhiteRock,15247052,11313,24,-151
2026-08-22T00:02:00.636931+00:00,1787356906,6705,321 Surrey Central/WhiteRock,15247052,10808,25,-299
2026-08-22T00:02:00.636931+00:00,1787356906,6705,321 Surrey Central/WhiteRock,15247052,5452,26,-360
2026-08-22T00:02:00.636931+00:00,1787356906,6705,321 Surrey Central/WhiteRock,15247052,11913,27,-378
2026-08-22T00:02:00.636931+00:00,1787356906,6705,321 Surrey Central/WhiteRock,15247052,5454,28,-390
2026-08-22T00:02:00.636931+00:00,1787356906,6705,321 Surrey Central/WhiteRock,15247052,5455,29,-389
2026-08-22T00:02:00.636931+00:00,1787356906,6705,321 Surrey Central/WhiteRock,15247052,5456,30,-281
2026-08-22T00:02:00.636931+00:00,1787356906,6705,321 Surrey Central/WhiteRock,15247052,12651,31,-310
2026-08-22T00:02:00.636931+00:00,1787356906,6705,321 Surrey Central/WhiteRock,15247052,5458,32,-308
2026-08-22T00:02:00.636931+00:00,1787356906,6705,321 Surrey Central/WhiteRock,15247052,5459,33,-303
2026-08-22T00:02:00.636931+00:00,1787356906,6705,321 Surrey Central/WhiteRock,15247052,5460,34,-310
2026-08-22T00:02:00.636931+00:00,1787356906,6705,321 Surrey Central/WhiteRock,15247052,5461,35,-320
2026-08-22T00:02:00.636931+00:00,1787356906,6705,321 Surrey Central/WhiteRock,15247052,5462,36,-326
2026-08-22T00:02:00.636931+00:00,1787356906,6705,321 Surrey Central/WhiteRock,15247052,5463,37,-267
2026-08-22T00:02:00.636931+00:00,1787356906,6705,321 Surrey Central/WhiteRock,15247052,5700,38,0
2026-08-22T00:02:00.636931+00:00,1787356906,6705,321 Surrey Central/WhiteRock,15247052,5465,39,9
2026-08-22T00:02:00.636931+00:00,1787356906,6705,321 Surrey Central/WhiteRock,15247052,5466,40,-40
2026-08-22T00:02:00.636931+00:00,1787356906,6705,321 Surrey Central/WhiteRock,15247052,5467,41,-35
2026-08-22T00:02:00.636931+00:00,1787356906,6705,321 Surrey Central/WhiteRock,15247052,5468,42,-64
2026-08-22T00:02:00.636931+00:00,1787356906,6705,321 Surrey Central/WhiteRock,15247052,5469,43,-101
2026-08-22T00:02:00.636931+00:00,1787356906,6705,321 Surrey Central/WhiteRock,15247052,5470,44,-128
2026-08-22T00:02:00.636931+00:00,1787356906,6705,321 Surrey Central/WhiteRock,15247052,5471,45,-163
2026-08-22T00:02:00.636931+00:00,1787356906,6705,321 Surrey Central/WhiteRock,15247052,5472,46,-188
2026-08-22T00:02:00.636931+00:00,1787356906,6705,321 Surrey Central/WhiteRock,15247052,5473,47,-239
2026-08-22T00:02:00.636931+00:00,1787356906,6705,321 Surrey Central/WhiteRock,15247052,5474,48,-244
2026-08-22T00:02:00.636931+00:00,1787356906,6705,321 Surrey Central/WhiteRock,15247052,5475,49,-294
2026-08-22T00:02:00.636931+00:00,1787356906,6705,321 Surrey Central/WhiteRock,15247052,5476,50,-320
2026-08-22T00:02:00.636931+00:00,1787356906,6705,321 Surrey Central/WhiteRock,15247052,5477,51,-341
2026-08-22T00:02:00.636931+00:00,1787356906,6705,321 Surrey Central/WhiteRock,15247052,11725,52,-364
2026-08-22T00:02:00.636931+00:00,1787356906,6705,321 Surrey Central/WhiteRock,15247052,5040,53,-357
2026-08-22T00:02:00.636931+00:00,1787356906,6705,321 Surrey Central/WhiteRock,15247052,5041,54,-346
2026-08-22T00:02:00.636931+00:00,1787356906,6705,321 Surrey Central/WhiteRock,15247052,12155,55,-334
2026-08-22T00:02:00.636931+00:00,1787356906,6705,321 Surrey Central/WhiteRock,15247052,11882,56,0
2026-08-22T00:02:00.636931+00:00,1787356906,6705,321 Surrey Central/WhiteRock,15247052,10442,57,92
2026-08-22T00:02:00.636931+00:00,1787356906,6705,321 Surrey Central/WhiteRock,15247052,9929,58,100
2026-08-22T00:02:00.636931+00:00,1787356906,6705,321 Surrey Central/WhiteRock,15247052,9930,59,53
2026-08-22T00:02:00.636931+00:00,1787356906,6705,321 Surrey Central/WhiteRock,15247052,9932,60,-33
2026-08-22T00:02:00.636931+00:00,1787356906,6705,321 Surrey Central/WhiteRock,15247053,6200,4,-40
2026-08-22T00:02:00.636931+00:00,1787356906,6705,321 Surrey Central/WhiteRock,15247053,6201,5,-46
2026-08-22T00:02:00.636931+00:00,1787356906,6705,321 Surrey Central/WhiteRock,15247053,6354,6,-32
2026-08-22T00:02:00.636931+00:00,1787356906,6705,321 Surrey Central/WhiteRock,15247053,6355,7,-45
2026-08-22T00:02:00.636931+00:00,1787356906,6705,321 Surrey Central/WhiteRock,15247053,6356,8,-53
2026-08-22T00:02:00.636931+00:00,1787356906,6705,321 Surrey Central/WhiteRock,15247053,6174,9,9
2026-08-22T00:02:00.636931+00:00,1787356906,6705,321 Surrey Central/WhiteRock,15247053,5437,10,14
2026-08-22T00:02:00.636931+00:00,1787356906,6705,321 Surrey Central/WhiteRock,15247053,5438,11,11
2026-08-22T00:02:00.636931+00:00,1787356906,6705,321 Surrey Central/WhiteRock,15247053,5439,12,18
2026-08-22T00:02:00.636931+00:00,1787356906,6705,321 Surrey Central/WhiteRock,15247053,5440,13,-2
2026-08-22T00:02:00.636931+00:00,1787356906,6705,321 Surrey Central/WhiteRock,15247053,5441,14,3
2026-08-22T00:02:00.636931+00:00,1787356906,6705,321 Surrey Central/WhiteRock,15247053,5442,15,-19
2026-08-22T00:02:00.636931+00:00,1787356906,6705,321 Surrey Central/WhiteRock,15247053,5444,16,-12
2026-08-22T00:02:00.636931+00:00,1787356906,6705,321 Surrey Central/WhiteRock,15247053,9083,17,-40
2026-08-22T00:02:00.636931+00:00,1787356906,6705,321 Surrey Central/WhiteRock,15247053,5446,18,-33
2026-08-22T00:02:00.636931+00:00,1787356906,6705,321 Surrey Central/WhiteRock,15247053,10445,19,-41
2026-08-22T00:02:00.636931+00:00,1787356906,6705,321 Surrey Central/WhiteRock,15247053,5447,20,-79
2026-08-22T00:02:00.636931+00:00,1787356906,6705,321 Surrey Central/WhiteRock,15247053,5448,21,-79
2026-08-22T00:02:00.636931+00:00,1787356906,6705,321 Surrey Central/WhiteRock,15247053,10437,22,-81
2026-08-22T00:02:00.636931+00:00,1787356906,6705,321 Surrey Central/WhiteRock,15247053,5449,23,-137
2026-08-22T00:02:00.636931+00:00,1787356906,6705,321 Surrey Central/WhiteRock,15247053,11313,24,-179
2026-08-22T00:02:00.636931+00:00,1787356906,6705,321 Surrey Central/WhiteRock,15247053,10808,25,-327
2026-08-22T00:02:00.636931+00:00,1787356906,6705,321 Surrey Central/WhiteRock,15247053,5452,26,-387
2026-08-22T00:02:00.636931+00:00,1787356906,6705,321 Surrey Central/WhiteRock,15247053,11913,27,-405
2026-08-22T00:02:00.636931+00:00,1787356906,6705,321 Surrey Central/WhiteRock,15247053,5454,28,-418
2026-08-22T00:02:00.636931+00:00,1787356906,6705,321 Surrey Central/WhiteRock,15247053,5455,29,-417
2026-08-22T00:02:00.636931+00:00,1787356906,6705,321 Surrey Central/WhiteRock,15247053,5456,30,-309
2026-08-22T00:02:00.636931+00:00,1787356906,6705,321 Surrey Central/WhiteRock,15247053,12651,31,-338
2026-08-22T00:02:00.636931+00:00,1787356906,6705,321 Surrey Central/WhiteRock,15247053,5458,32,-336
2026-08-22T00:02:00.636931+00:00,1787356906,6705,321 Surrey Central/WhiteRock,15247053,5459,33,-331
2026-08-22T00:02:00.636931+00:00,1787356906,6705,321 Surrey Central/WhiteRock,15247053,5460,34,-338
2026-08-22T00:02:00.636931+00:00,1787356906,6705,321 Surrey Central/WhiteRock,15247053,5461,35,-348
2026-08-22T00:02:00.636931+00:00,1787356906,6705,321 Surrey Central/WhiteRock,15247053,5462,36,-354
2026-08-22T00:02:00.636931+00:00,1787356906,6705,321 Surrey Central/WhiteRock,15247053,5463,37,-292
2026-08-22T00:02:00.636931+00:00,1787356906,6705,321 Surrey Central/WhiteRock,15247053,5700,38,0
2026-08-22T00:02:00.636931+00:00,1787356906,6705,321 Surrey Central/WhiteRock,15247053,5465,39,12
2026-08-22T00:02:00.636931+00:00,1787356906,6705,321 Surrey Central/WhiteRock,15247053,5466,40,-37
2026-08-22T00:02:00.636931+00:00,1787356906,6705,321 Surrey Central/WhiteRock,15247053,5467,41,-31
2026-08-22T00:02:00.636931+00:00,1787356906,6705,321 Surrey Central/WhiteRock,15247053,5468,42,-60
2026-08-22T00:02:00.636931+00:00,1787356906,6705,321 Surrey Central/WhiteRock,15247053,5469,43,-103
2026-08-22T00:02:00.636931+00:00,1787356906,6705,321 Surrey Central/WhiteRock,15247053,5470,44,-130
2026-08-22T00:02:00.636931+00:00,1787356906,6705,321 Surrey Central/WhiteRock,15247053,5471,45,-165
2026-08-22T00:02:00.636931+00:00,1787356906,6705,321 Surrey Central/WhiteRock,15247053,5472,46,-191
2026-08-22T00:02:00.636931+00:00,1787356906,6705,321 Surrey Central/WhiteRock,15247053,5473,47,-242
2026-08-22T00:02:00.636931+00:00,1787356906,6705,321 Surrey Central/WhiteRock,15247053,5474,48,-247
2026-08-22T00:02:00.636931+00:00,1787356906,6705,321 Surrey Central/WhiteRock,15247053,5475,49,-297
2026-08-22T00:02:00.636931+00:00,1787356906,6705,321 Surrey Central/WhiteRock,15247053,5476,50,-323
2026-08-22T00:02:00.636931+00:00,1787356906,6705,321 Surrey Central/WhiteRock,15247053,5477,51,-345
2026-08-22T00:02:00.636931+00:00,1787356906,6705,321 Surrey Central/WhiteRock,15247053,11725,52,-368
2026-08-22T00:02:00.636931+00:00,1787356906,6705,321 Surrey Central/WhiteRock,15247053,5040,53,-360
2026-08-22T00:02:00.636931+00:00,1787356906,6705,321 Surrey Central/WhiteRock,15247053,5041,54,-353
2026-08-22T00:02:00.636931+00:00,1787356906,6705,321 Surrey Central/WhiteRock,15247053,12155,55,-343
2026-08-22T00:02:00.636931+00:00,1787356906,6705,321 Surrey Central/WhiteRock,15247053,11882,56,0
2026-08-22T00:02:00.636931+00:00,1787356906,6705,321 Surrey Central/WhiteRock,15247053,10442,57,80
2026-08-22T00:02:00.636931+00:00,1787356906,6705,321 Surrey Central/WhiteRock,15247053,9929,58,86
2026-08-22T00:02:00.636931+00:00,1787356906,6705,321 Surrey Central/WhiteRock,15247053,9930,59,36
2026-08-22T00:02:00.636931+00:00,1787356906,6705,321 Surrey Central/WhiteRock,15247053,9932,60,-49
2026-08-22T00:02:00.636931+00:00,1787356906,6705,321 Surrey Central/WhiteRock,15247067,5448,21,271
2026-08-22T00:02:00.636931+00:00,1787356906,6705,321 Surrey Central/WhiteRock,15247067,10437,22,270
2026-08-22T00:02:00.636931+00:00,1787356906,6705,321 Surrey Central/WhiteRock,15247067,5449,23,211
2026-08-22T00:02:00.636931+00:00,1787356906,6705,321 Surrey Central/WhiteRock,15247067,11313,24,167
2026-08-22T00:02:00.636931+00:00,1787356906,6705,321 Surrey Central/WhiteRock,15247067,10808,25,14
2026-08-22T00:02:00.636931+00:00,1787356906,6705,321 Surrey Central/WhiteRock,15247067,5452,26,-54
2026-08-22T00:02:00.636931+00:00,1787356906,6705,321 Surrey Central/WhiteRock,15247067,11913,27,-73
2026-08-22T00:02:00.636931+00:00,1787356906,6705,321 Surrey Central/WhiteRock,15247067,5454,28,-88
2026-08-22T00:02:00.636931+00:00,1787356906,6705,321 Surrey Central/WhiteRock,15247067,5455,29,-88
2026-08-22T00:02:00.636931+00:00,1787356906,6705,321 Surrey Central/WhiteRock,15247067,5456,30,19
2026-08-22T00:02:00.636931+00:00,1787356906,6705,321 Surrey Central/WhiteRock,15247067,12651,31,-11
2026-08-22T00:02:00.636931+00:00,1787356906,6705,321 Surrey Central/WhiteRock,15247067,5458,32,-9
2026-08-22T00:02:00.636931+00:00,1787356906,6705,321 Surrey Central/WhiteRock,15247067,5459,33,-5
2026-08-22T00:02:00.636931+00:00,1787356906,6705,321 Surrey Central/WhiteRock,15247067,5460,34,-12
2026-08-22T00:02:00.636931+00:00,1787356906,6705,321 Surrey Central/WhiteRock,15247067,5461,35,-23
2026-08-22T00:02:00.636931+00:00,1787356906,6705,321 Surrey Central/WhiteRock,15247067,5462,36,-30
2026-08-22T00:02:00.636931+00:00,1787356906,6705,321 Surrey Central/WhiteRock,15247067,5463,37,31
2026-08-22T00:02:00.636931+00:00,1787356906,6705,321 Surrey Central/WhiteRock,15247067,5700,38,144
2026-08-22T00:02:00.636931+00:00,1787356906,6705,321 Surrey Central/WhiteRock,15247067,5465,39,156
2026-08-22T00:02:00.636931+00:00,1787356906,6705,321 Surrey Central/WhiteRock,15247067,5466,40,108
2026-08-22T00:02:00.636931+00:00,1787356906,6705,321 Surrey Central/WhiteRock,15247067,5467,41,113
2026-08-22T00:02:00.636931+00:00,1787356906,6705,321 Surrey Central/WhiteRock,15247067,5468,42,84
2026-08-22T00:02:00.636931+00:00,1787356906,6705,321 Surrey Central/WhiteRock,15247067,5469,43,34
2026-08-22T00:02:00.636931+00:00,1787356906,6705,321 Surrey Central/WhiteRock,15247067,5470,44,7
2026-08-22T00:02:00.636931+00:00,1787356906,6705,321 Surrey Central/WhiteRock,15247067,5471,45,-28
2026-08-22T00:02:00.636931+00:00,1787356906,6705,321 Surrey Central/WhiteRock,15247067,5472,46,-53
2026-08-22T00:02:00.636931+00:00,1787356906,6705,321 Surrey Central/WhiteRock,15247067,5473,47,-104
2026-08-22T00:02:00.636931+00:00,1787356906,6705,321 Surrey Central/WhiteRock,15247067,5474,48,-109
2026-08-22T00:02:00.636931+00:00,1787356906,6705,321 Surrey Central/WhiteRock,15247067,5475,49,-159
2026-08-22T00:02:00.636931+00:00,1787356906,6705,321 Surrey Central/WhiteRock,15247067,5476,50,-189
2026-08-22T00:02:00.636931+00:00,1787356906,6705,321 Surrey Central/WhiteRock,15247067,5477,51,-211
2026-08-22T00:02:00.636931+00:00,1787356906,6705,321 Surrey Central/WhiteRock,15247067,11725,52,-235
2026-08-22T00:02:00.636931+00:00,1787356906,6705,321 Surrey Central/WhiteRock,15247067,5040,53,-226
2026-08-22T00:02:00.636931+00:00,1787356906,6705,321 Surrey Central/WhiteRock,15247067,5041,54,-222
2026-08-22T00:02:00.636931+00:00,1787356906,6705,321 Surrey Central/WhiteRock,15247067,12155,55,-210
2026-08-22T00:02:00.636931+00:00,1787356906,6705,321 Surrey Central/WhiteRock,15247067,11882,56,0
2026-08-22T00:02:00.636931+00:00,1787356906,6705,321 Surrey Central/WhiteRock,15247067,10442,57,95
2026-08-22T00:02:00.636931+00:00,1787356906,6705,321 Surrey Central/WhiteRock,15247067,9929,58,120
2026-08-22T00:02:00.636931+00:00,1787356906,6705,321 Surrey Central/WhiteRock,15247067,9930,59,79
2026-08-22T00:02:00.636931+00:00,1787356906,6705,321 Surrey Central/WhiteRock,15247067,9932,60,0
2026-08-22T00:02:00.636931+00:00,1787356906,6705,321 Surrey Central/WhiteRock,15247080,12651,31,-343
2026-08-22T00:02:00.636931+00:00,1787356906,6705,321 Surrey Central/WhiteRock,15247080,5458,32,-342
2026-08-22T00:02:00.636931+00:00,1787356906,6705,321 Surrey Central/WhiteRock,15247080,5459,33,-338
2026-08-22T00:02:00.636931+00:00,1787356906,6705,321 Surrey Central/WhiteRock,15247080,5460,34,-345
2026-08-22T00:02:00.636931+00:00,1787356906,6705,321 Surrey Central/WhiteRock,15247080,5461,35,-356
2026-08-22T00:02:00.636931+00:00,1787356906,6705,321 Surrey Central/WhiteRock,15247080,5462,36,-363
2026-08-22T00:02:00.636931+00:00,1787356906,6705,321 Surrey Central/WhiteRock,15247080,5463,37,-306
2026-08-22T00:02:00.636931+00:00,1787356906,6705,321 Surrey Central/WhiteRock,15247080,5700,38,0
2026-08-22T00:02:00.636931+00:00,1787356906,6705,321 Surrey Central/WhiteRock,15247080,5465,39,9
2026-08-22T00:02:00.636931+00:00,1787356906,6705,321 Surrey Central/WhiteRock,15247080,5466,40,-40
2026-08-22T00:02:00.636931+00:00,1787356906,6705,321 Surrey Central/WhiteRock,15247080,5467,41,-34
2026-08-22T00:02:00.636931+00:00,1787356906,6705,321 Surrey Central/WhiteRock,15247080,5468,42,-61
2026-08-22T00:02:00.636931+00:00,1787356906,6705,321 Surrey Central/WhiteRock,15247080,5469,43,-99
2026-08-22T00:02:00.636931+00:00,1787356906,6705,321 Surrey Central/WhiteRock,15247080,5470,44,-126
2026-08-22T00:02:00.636931+00:00,1787356906,6705,321 Surrey Central/WhiteRock,15247080,5471,45,-161
2026-08-22T00:02:00.636931+00:00,1787356906,6705,321 Surrey Central/WhiteRock,15247080,5472,46,-186
2026-08-22T00:02:00.636931+00:00,1787356906,6705,321 Surrey Central/WhiteRock,15247080,5473,47,-237
2026-08-22T00:02:00.636931+00:00,1787356906,6705,321 Surrey Central/WhiteRock,15247080,5474,48,-242
2026-08-22T00:02:00.636931+00:00,1787356906,6705,321 Surrey Central/WhiteRock,15247080,5475,49,-292
2026-08-22T00:02:00.636931+00:00,1787356906,6705,321 Surrey Central/WhiteRock,15247080,5476,50,-318
2026-08-22T00:02:00.636931+00:00,1787356906,6705,321 Surrey Central/WhiteRock,15247080,5477,51,-340
2026-08-22T00:02:00.636931+00:00,1787356906,6705,321 Surrey Central/WhiteRock,15247080,11725,52,-364
2026-08-22T00:02:00.636931+00:00,1787356906,6705,321 Surrey Central/WhiteRock,15247080,5040,53,-350
2026-08-22T00:02:00.636931+00:00,1787356906,6705,321 Surrey Central/WhiteRock,15247080,5041,54,-346
2026-08-22T00:02:00.636931+00:00,1787356906,6705,321 Surrey Central/WhiteRock,15247080,12155,55,-334
2026-08-22T00:02:00.636931+00:00,1787356906,6705,321 Surrey Central/WhiteRock,15247080,11882,56,0
2026-08-22T00:02:00.636931+00:00,1787356906,6705,321 Surrey Central/WhiteRock,15247080,10442,57,93
2026-08-22T00:02:00.636931+00:00,1787356906,6705,321 Surrey Central/WhiteRock,15247080,9929,58,119
2026-08-22T00:02:00.636931+00:00,1787356906,6705,321 Surrey Central/WhiteRock,15247080,9930,59,78
2026-08-22T00:02:00.636931+00:00,1787356906,6705,321 Surrey Central/WhiteRock,15247080,9932,60,-1
2026-08-22T00:02:00.636931+00:00,1787356906,6705,321 Surrey Central/WhiteRock,15247158,6195,56,180
2026-08-22T00:02:00.636931+00:00,1787356906,6705,321 Surrey Central/WhiteRock,15247159,5524,42,-262
2026-08-22T00:02:00.636931+00:00,1787356906,6705,321 Surrey Central/WhiteRock,15247159,5525,43,-292
2026-08-22T00:02:00.636931+00:00,1787356906,6705,321 Surrey Central/WhiteRock,15247159,10443,44,-324
2026-08-22T00:02:00.636931+00:00,1787356906,6705,321 Surrey Central/WhiteRock,15247159,5528,45,-320
2026-08-22T00:02:00.636931+00:00,1787356906,6705,321 Surrey Central/WhiteRock,15247159,5529,46,-341
2026-08-22T00:02:00.636931+00:00,1787356906,6705,321 Surrey Central/WhiteRock,15247159,5530,47,-358
2026-08-22T00:02:00.636931+00:00,1787356906,6705,321 Surrey Central/WhiteRock,15247159,5533,48,-366
2026-08-22T00:02:00.636931+00:00,1787356906,6705,321 Surrey Central/WhiteRock,15247159,5534,49,-381
2026-08-22T00:02:00.636931+00:00,1787356906,6705,321 Surrey Central/WhiteRock,15247159,5535,50,-373
2026-08-22T00:02:00.636931+00:00,1787356906,6705,321 Surrey Central/WhiteRock,15247159,5536,51,-398
2026-08-22T00:02:00.636931+00:00,1787356906,6705,321 Surrey Central/WhiteRock,15247159,5537,52,-411
2026-08-22T00:02:00.636931+00:00,1787356906,6705,321 Surrey Central/WhiteRock,15247159,5538,53,-419
2026-08-22T00:02:00.636931+00:00,1787356906,6705,321 Surrey Central/WhiteRock,15247159,5541,54,-386
2026-08-22T00:02:00.636931+00:00,1787356906,6705,321 Surrey Central/WhiteRock,15247159,5542,55,-373
2026-08-22T00:02:00.636931+00:00,1787356906,6705,321 Surrey Central/WhiteRock,15247159,6195,56,-351
2026-08-22T00:02:00.636931+00:00,1787356906,6705,321 Surrey Central/WhiteRock,15247160,5517,34,209
2026-08-22T00:02:00.636931+00:00,1787356906,6705,321 Surrey Central/WhiteRock,15247160,5518,35,214
2026-08-22T00:02:00.636931+00:00,1787356906,6705,321 Surrey Central/WhiteRock,15247160,5519,36,188
2026-08-22T00:02:00.636931+00:00,1787356906,6705,321 Surrey Central/WhiteRock,15247160,5520,37,175
2026-08-22T00:02:00.636931+00:00,1787356906,6705,321 Surrey Central/WhiteRock,15247160,5521,38,-41
2026-08-22T00:02:00.636931+00:00,1787356906,6705,321 Surrey Central/WhiteRock,15247160,5522,39,-182
2026-08-22T00:02:00.636931+00:00,1787356906,6705,321 Surrey Central/WhiteRock,15247160,5523,40,-220
2026-08-22T00:02:00.636931+00:00,1787356906,6705,321 Surrey Central/WhiteRock,15247160,6466,41,-240
2026-08-22T00:02:00.636931+00:00,1787356906,6705,321 Surrey Central/WhiteRock,15247160,5524,42,-207
2026-08-22T00:02:00.636931+00:00,1787356906,6705,321 Surrey Central/WhiteRock,15247160,5525,43,-238
2026-08-22T00:02:00.636931+00:00,1787356906,6705,321 Surrey Central/WhiteRock,15247160,10443,44,-269
2026-08-22T00:02:00.636931+00:00,1787356906,6705,321 Surrey Central/WhiteRock,15247160,5528,45,-267
2026-08-22T00:02:00.636931+00:00,1787356906,6705,321 Surrey Central/WhiteRock,15247160,5529,46,-291
2026-08-22T00:02:00.636931+00:00,1787356906,6705,321 Surrey Central/WhiteRock,15247160,5530,47,-308
2026-08-22T00:02:00.636931+00:00,1787356906,6705,321 Surrey Central/WhiteRock,15247160,5533,48,-316
2026-08-22T00:02:00.636931+00:00,1787356906,6705,321 Surrey Central/WhiteRock,15247160,5534,49,-331
2026-08-22T00:02:00.636931+00:00,1787356906,6705,321 Surrey Central/WhiteRock,15247160,5535,50,-339
2026-08-22T00:02:00.636931+00:00,1787356906,6705,321 Surrey Central/WhiteRock,15247160,5536,51,-365
2026-08-22T00:02:00.636931+00:00,1787356906,6705,321 Surrey Central/WhiteRock,15247160,5537,52,-378
2026-08-22T00:02:00.636931+00:00,1787356906,6705,321 Surrey Central/WhiteRock,15247160,5538,53,-387
2026-08-22T00:02:00.636931+00:00,1787356906,6705,321 Surrey Central/WhiteRock,15247160,5541,54,-357
2026-08-22T00:02:00.636931+00:00,1787356906,6705,321 Surrey Central/WhiteRock,15247160,5542,55,-345
2026-08-22T00:02:00.636931+00:00,1787356906,6705,321 Surrey Central/WhiteRock,15247160,6195,56,-323
2026-08-22T00:02:00.636931+00:00,1787356906,6705,321 Surrey Central/WhiteRock,15247161,5500,19,38
2026-08-22T00:02:00.636931+00:00,1787356906,6705,321 Surrey Central/WhiteRock,15247161,5501,20,8
2026-08-22T00:02:00.636931+00:00,1787356906,6705,321 Surrey Central/WhiteRock,15247161,5502,21,-7
2026-08-22T00:02:00.636931+00:00,1787356906,6705,321 Surrey Central/WhiteRock,15247161,5503,22,-8
2026-08-22T00:02:00.636931+00:00,1787356906,6705,321 Surrey Central/WhiteRock,15247161,5504,23,-63
2026-08-22T00:02:00.636931+00:00,1787356906,6705,321 Surrey Central/WhiteRock,15247161,5505,24,-56
2026-08-22T00:02:00.636931+00:00,1787356906,6705,321 Surrey Central/WhiteRock,15247161,5507,25,-48
2026-08-22T00:02:00.636931+00:00,1787356906,6705,321 Surrey Central/WhiteRock,15247161,5633,26,0
2026-08-22T00:02:00.636931+00:00,1787356906,6705,321 Surrey Central/WhiteRock,15247161,5510,27,36
2026-08-22T00:02:00.636931+00:00,1787356906,6705,321 Surrey Central/WhiteRock,15247161,5511,28,29
2026-08-22T00:02:00.636931+00:00,1787356906,6705,321 Surrey Central/WhiteRock,15247161,5512,29,26
2026-08-22T00:02:00.636931+00:00,1787356906,6705,321 Surrey Central/WhiteRock,15247161,5513,30,12
2026-08-22T00:02:00.636931+00:00,1787356906,6705,321 Surrey Central/WhiteRock,15247161,5514,31,102
2026-08-22T00:02:00.636931+00:00,1787356906,6705,321 Surrey Central/WhiteRock,15247161,5515,32,95
2026-08-22T00:02:00.636931+00:00,1787356906,6705,321 Surrey Central/WhiteRock,15247161,5516,33,107
2026-08-22T00:02:00.636931+00:00,1787356906,6705,321 Surrey Central/WhiteRock,15247161,5517,34,110
2026-08-22T00:02:00.636931+00:00,1787356906,6705,321 Surrey Central/WhiteRock,15247161,5518,35,116
2026-08-22T00:02:00.636931+00:00,1787356906,6705,321 Surrey Central/WhiteRock,15247161,5519,36,93
2026-08-22T00:02:00.636931+00:00,1787356906,6705,321 Surrey Central/WhiteRock,15247161,5520,37,82
2026-08-22T00:02:00.636931+00:00,1787356906,6705,321 Surrey Central/WhiteRock,15247161,5521,38,-128
2026-08-22T00:02:00.636931+00:00,1787356906,6705,321 Surrey Central/WhiteRock,15247161,5522,39,-263
2026-08-22T00:02:00.636931+00:00,1787356906,6705,321 Surrey Central/WhiteRock,15247161,5523,40,-299
2026-08-22T00:02:00.636931+00:00,1787356906,6705,321 Surrey Central/WhiteRock,15247161,6466,41,-305
2026-08-22T00:02:00.636931+00:00,1787356906,6705,321 Surrey Central/WhiteRock,15247161,5524,42,-268
2026-08-22T00:02:00.636931+00:00,1787356906,6705,321 Surrey Central/WhiteRock,15247161,5525,43,-298
2026-08-22T00:02:00.636931+00:00,1787356906,6705,321 Surrey Central/WhiteRock,15247161,10443,44,-328
2026-08-22T00:02:00.636931+00:00,1787356906,6705,321 Surrey Central/WhiteRock,15247161,5528,45,-322
2026-08-22T00:02:00.636931+00:00,1787356906,6705,321 Surrey Central/WhiteRock,15247161,5529,46,-344
2026-08-22T00:02:00.636931+00:00,1787356906,6705,321 Surrey Central/WhiteRock,15247161,5530,47,-360
2026-08-22T00:02:00.636931+00:00,1787356906,6705,321 Surrey Central/WhiteRock,15247161,5533,48,-368
2026-08-22T00:02:00.636931+00:00,1787356906,6705,321 Surrey Central/WhiteRock,15247161,5534,49,-388
2026-08-22T00:02:00.636931+00:00,1787356906,6705,321 Surrey Central/WhiteRock,15247161,5535,50,-377
2026-08-22T00:02:00.636931+00:00,1787356906,6705,321 Surrey Central/WhiteRock,15247161,5536,51,-401
2026-08-22T00:02:00.636931+00:00,1787356906,6705,321 Surrey Central/WhiteRock,15247161,5537,52,-412
2026-08-22T00:02:00.636931+00:00,1787356906,6705,321 Surrey Central/WhiteRock,15247161,5538,53,-419
2026-08-22T00:02:00.636931+00:00,1787356906,6705,321 Surrey Central/WhiteRock,15247161,5541,54,-388
2026-08-22T00:02:00.636931+00:00,1787356906,6705,321 Surrey Central/WhiteRock,15247161,5542,55,-376
2026-08-22T00:02:00.636931+00:00,1787356906,6705,321 Surrey Central/WhiteRock,15247161,6195,56,-351
2026-08-22T00:02:00.636931+00:00,1787356906,6705,321 Surrey Central/WhiteRock,15247162,12916,11,58
2026-08-22T00:02:00.636931+00:00,1787356906,6705,321 Surrey Central/WhiteRock,15247162,5049,12,47
2026-08-22T00:02:00.636931+00:00,1787356906,6705,321 Surrey Central/WhiteRock,15247162,5039,13,26
2026-08-22T00:02:00.636931+00:00,1787356906,6705,321 Surrey Central/WhiteRock,15247162,8351,14,3
2026-08-22T00:02:00.636931+00:00,1787356906,6705,321 Surrey Central/WhiteRock,15247162,5496,15,-68
2026-08-22T00:02:00.636931+00:00,1787356906,6705,321 Surrey Central/WhiteRock,15247162,5497,16,-114
2026-08-22T00:02:00.636931+00:00,1787356906,6705,321 Surrey Central/WhiteRock,15247162,5498,17,-130
2026-08-22T00:02:00.636931+00:00,1787356906,6705,321 Surrey Central/WhiteRock,15247162,5499,18,-165
2026-08-22T00:02:00.636931+00:00,1787356906,6705,321 Surrey Central/WhiteRock,15247162,5500,19,-199
2026-08-22T00:02:00.636931+00:00,1787356906,6705,321 Surrey Central/WhiteRock,15247162,5501,20,-229
2026-08-22T00:02:00.636931+00:00,1787356906,6705,321 Surrey Central/WhiteRock,15247162,5502,21,-244
2026-08-22T00:02:00.636931+00:00,1787356906,6705,321 Surrey Central/WhiteRock,15247162,5503,22,-247
2026-08-22T00:02:00.636931+00:00,1787356906,6705,321 Surrey Central/WhiteRock,15247162,5504,23,-303
2026-08-22T00:02:00.636931+00:00,1787356906,6705,321 Surrey Central/WhiteRock,15247162,5505,24,-296
2026-08-22T00:02:00.636931+00:00,1787356906,6705,321 Surrey Central/WhiteRock,15247162,5507,25,-295
2026-08-22T00:02:00.636931+00:00,1787356906,6705,321 Surrey Central/WhiteRock,15247162,5633,26,0
2026-08-22T00:02:00.636931+00:00,1787356906,6705,321 Surrey Central/WhiteRock,15247162,5510,27,44
2026-08-22T00:02:00.636931+00:00,1787356906,6705,321 Surrey Central/WhiteRock,15247162,5511,28,36
2026-08-22T00:02:00.636931+00:00,1787356906,6705,321 Surrey Central/WhiteRock,15247162,5512,29,34
2026-08-22T00:02:00.636931+00:00,1787356906,6705,321 Surrey Central/WhiteRock,15247162,5513,30,18
2026-08-22T00:02:00.636931+00:00,1787356906,6705,321 Surrey Central/WhiteRock,15247162,5514,31,108
2026-08-22T00:02:00.636931+00:00,1787356906,6705,321 Surrey Central/WhiteRock,15247162,5515,32,101
2026-08-22T00:02:00.636931+00:00,1787356906,6705,321 Surrey Central/WhiteRock,15247162,5516,33,122
2026-08-22T00:02:00.636931+00:00,1787356906,6705,321 Surrey Central/WhiteRock,15247162,5517,34,126
2026-08-22T00:02:00.636931+00:00,1787356906,6705,321 Surrey Central/WhiteRock,15247162,5518,35,130
2026-08-22T00:02:00.636931+00:00,1787356906,6705,321 Surrey Central/WhiteRock,15247162,5519,36,107
2026-08-22T00:02:00.636931+00:00,1787356906,6705,321 Surrey Central/WhiteRock,15247162,5520,37,96
2026-08-22T00:02:00.636931+00:00,1787356906,6705,321 Surrey Central/WhiteRock,15247162,5521,38,-113
2026-08-22T00:02:00.636931+00:00,1787356906,6705,321 Surrey Central/WhiteRock,15247162,5522,39,-248
2026-08-22T00:02:00.636931+00:00,1787356906,6705,321 Surrey Central/WhiteRock,15247162,5523,40,-284
2026-08-22T00:02:00.636931+00:00,1787356906,6705,321 Surrey Central/WhiteRock,15247162,6466,41,-292
2026-08-22T00:02:00.636931+00:00,1787356906,6705,321 Surrey Central/WhiteRock,15247162,5524,42,-255
2026-08-22T00:02:00.636931+00:00,1787356906,6705,321 Surrey Central/WhiteRock,15247162,5525,43,-279
2026-08-22T00:02:00.636931+00:00,1787356906,6705,321 Surrey Central/WhiteRock,15247162,10443,44,-299
2026-08-22T00:02:00.636931+00:00,1787356906,6705,321 Surrey Central/WhiteRock,15247162,5528,45,-296
2026-08-22T00:02:00.636931+00:00,1787356906,6705,321 Surrey Central/WhiteRock,15247162,5529,46,-320
2026-08-22T00:02:00.636931+00:00,1787356906,6705,321 Surrey Central/WhiteRock,15247162,5530,47,-336
2026-08-22T00:02:00.636931+00:00,1787356906,6705,321 Surrey Central/WhiteRock,15247162,5533,48,-341
2026-08-22T00:02:00.636931+00:00,1787356906,6705,321 Surrey Central/WhiteRock,15247162,5534,49,-360
2026-08-22T00:02:00.636931+00:00,1787356906,6705,321 Surrey Central/WhiteRock,15247162,5535,50,-342
2026-08-22T00:02:00.636931+00:00,1787356906,6705,321 Surrey Central/WhiteRock,15247162,5536,51,-366
2026-08-22T00:02:00.636931+00:00,1787356906,6705,321 Surrey Central/WhiteRock,15247162,5537,52,-362
2026-08-22T00:02:00.636931+00:00,1787356906,6705,321 Surrey Central/WhiteRock,15247162,5538,53,-367
2026-08-22T00:02:00.636931+00:00,1787356906,6705,321 Surrey Central/WhiteRock,15247162,5541,54,-334
2026-08-22T00:02:00.636931+00:00,1787356906,6705,321 Surrey Central/WhiteRock,15247162,5542,55,-321
2026-08-22T00:02:00.636931+00:00,1787356906,6705,321 Surrey Central/WhiteRock,15247162,6195,56,-288
2026-08-22T00:02:00.636931+00:00,1787356906,6705,321 Surrey Central/WhiteRock,15247163,9923,3,83
2026-08-22T00:02:00.636931+00:00,1787356906,6705,321 Surrey Central/WhiteRock,15247163,9924,4,-22
2026-08-22T00:02:00.636931+00:00,1787356906,6705,321 Surrey Central/WhiteRock,15247163,9926,5,-68
2026-08-22T00:02:00.636931+00:00,1787356906,6705,321 Surrey Central/WhiteRock,15247163,9927,6,-93
2026-08-22T00:02:00.636931+00:00,1787356906,6705,321 Surrey Central/WhiteRock,15247163,10880,7,0
2026-08-22T00:02:00.636931+00:00,1787356906,6705,321 Surrey Central/WhiteRock,15247163,5046,8,43
2026-08-22T00:02:00.636931+00:00,1787356906,6705,321 Surrey Central/WhiteRock,15247163,5047,9,44
2026-08-22T00:02:00.636931+00:00,1787356906,6705,321 Surrey Central/WhiteRock,15247163,8566,10,34
2026-08-22T00:02:00.636931+00:00,1787356906,6705,321 Surrey Central/WhiteRock,15247163,12916,11,79
2026-08-22T00:02:00.636931+00:00,1787356906,6705,321 Surrey Central/WhiteRock,15247163,5049,12,71
2026-08-22T00:02:00.636931+00:00,1787356906,6705,321 Surrey Central/WhiteRock,15247163,5039,13,52
2026-08-22T00:02:00.636931+00:00,1787356906,6705,321 Surrey Central/WhiteRock,15247163,8351,14,27
2026-08-22T00:02:00.636931+00:00,1787356906,6705,321 Surrey Central/WhiteRock,15247163,5496,15,-40
2026-08-22T00:02:00.636931+00:00,1787356906,6705,321 Surrey Central/WhiteRock,15247163,5497,16,-83
2026-08-22T00:02:00.636931+00:00,1787356906,6705,321 Surrey Central/WhiteRock,15247163,5498,17,-97
2026-08-22T00:02:00.636931+00:00,1787356906,6705,321 Surrey Central/WhiteRock,15247163,5499,18,-130
2026-08-22T00:02:00.636931+00:00,1787356906,6705,321 Surrey Central/WhiteRock,15247163,5500,19,-160
2026-08-22T00:02:00.636931+00:00,1787356906,6705,321 Surrey Central/WhiteRock,15247163,5501,20,-188
2026-08-22T00:02:00.636931+00:00,1787356906,6705,321 Surrey Central/WhiteRock,15247163,5502,21,-202
2026-08-22T00:02:00.636931+00:00,1787356906,6705,321 Surrey Central/WhiteRock,15247163,5503,22,-210
2026-08-22T00:02:00.636931+00:00,1787356906,6705,321 Surrey Central/WhiteRock,15247163,5504,23,-265
2026-08-22T00:02:00.636931+00:00,1787356906,6705,321 Surrey Central/WhiteRock,15247163,5505,24,-256
2026-08-22T00:02:00.636931+00:00,1787356906,6705,321 Surrey Central/WhiteRock,15247163,5507,25,-248
2026-08-22T00:02:00.636931+00:00,1787356906,6705,321 Surrey Central/WhiteRock,15247163,5633,26,0
2026-08-22T00:02:00.636931+00:00,1787356906,6705,321 Surrey Central/WhiteRock,15247163,5510,27,40
2026-08-22T00:02:00.636931+00:00,1787356906,6705,321 Surrey Central/WhiteRock,15247163,5511,28,35
2026-08-22T00:02:00.636931+00:00,1787356906,6705,321 Surrey Central/WhiteRock,15247163,5512,29,34
2026-08-22T00:02:00.636931+00:00,1787356906,6705,321 Surrey Central/WhiteRock,15247163,5513,30,17
2026-08-22T00:02:00.636931+00:00,1787356906,6705,321 Surrey Central/WhiteRock,15247163,5514,31,109
2026-08-22T00:02:00.636931+00:00,1787356906,6705,321 Surrey Central/WhiteRock,15247163,5515,32,104
2026-08-22T00:02:00.636931+00:00,1787356906,6705,321 Surrey Central/WhiteRock,15247163,5516,33,112
2026-08-22T00:02:00.636931+00:00,1787356906,6705,321 Surrey Central/WhiteRock,15247163,5517,34,115
2026-08-22T00:02:00.636931+00:00,1787356906,6705,321 Surrey Central/WhiteRock,15247163,5518,35,121
2026-08-22T00:02:00.636931+00:00,1787356906,6705,321 Surrey Central/WhiteRock,15247163,5519,36,100
2026-08-22T00:02:00.636931+00:00,1787356906,6705,321 Surrey Central/WhiteRock,15247163,5520,37,90
2026-08-22T00:02:00.636931+00:00,1787356906,6705,321 Surrey Central/WhiteRock,15247163,5521,38,-111
2026-08-22T00:02:00.636931+00:00,1787356906,6705,321 Surrey Central/WhiteRock,15247163,5522,39,-243
2026-08-22T00:02:00.636931+00:00,1787356906,6705,321 Surrey Central/WhiteRock,15247163,5523,40,-278
2026-08-22T00:02:00.636931+00:00,1787356906,6705,321 Surrey Central/WhiteRock,15247163,6466,41,-291
2026-08-22T00:02:00.636931+00:00,1787356906,6705,321 Surrey Central/WhiteRock,15247163,5524,42,-247
2026-08-22T00:02:00.636931+00:00,1787356906,6705,321 Surrey Central/WhiteRock,15247163,5525,43,-272
2026-08-22T00:02:00.636931+00:00,1787356906,6705,321 Surrey Central/WhiteRock,15247163,10443,44,-291
2026-08-22T00:02:00.636931+00:00,1787356906,6705,321 Surrey Central/WhiteRock,15247163,5528,45,-294
2026-08-22T00:02:00.636931+00:00,1787356906,6705,321 Surrey Central/WhiteRock,15247163,5529,46,-315
2026-08-22T00:02:00.636931+00:00,1787356906,6705,321 Surrey Central/WhiteRock,15247163,5530,47,-331
2026-08-22T00:02:00.636931+00:00,1787356906,6705,321 Surrey Central/WhiteRock,15247163,5533,48,-333
2026-08-22T00:02:00.636931+00:00,1787356906,6705,321 Surrey Central/WhiteRock,15247163,5534,49,-351
2026-08-22T00:02:00.636931+00:00,1787356906,6705,321 Surrey Central/WhiteRock,15247163,5535,50,-348
2026-08-22T00:02:00.636931+00:00,1787356906,6705,321 Surrey Central/WhiteRock,15247163,5536,51,-373
2026-08-22T00:02:00.636931+00:00,1787356906,6705,321 Surrey Central/WhiteRock,15247163,5537,52,-378
2026-08-22T00:02:00.636931+00:00,1787356906,6705,321 Surrey Central/WhiteRock,15247163,5538,53,-383
2026-08-22T00:02:00.636931+00:00,1787356906,6705,321 Surrey Central/WhiteRock,15247163,5541,54,-360
2026-08-22T00:02:00.636931+00:00,1787356906,6705,321 Surrey Central/WhiteRock,15247163,5542,55,-344
2026-08-22T00:02:00.636931+00:00,1787356906,6705,321 Surrey Central/WhiteRock,15247163,6195,56,-313
2026-08-22T00:02:00.636931+00:00,1787356906,6705,321 Surrey Central/WhiteRock,15247177,5507,25,-10
2026-08-22T00:02:00.636931+00:00,1787356906,6705,321 Surrey Central/WhiteRock,15247177,5633,26,22
2026-08-22T00:02:00.636931+00:00,1787356906,6705,321 Surrey Central/WhiteRock,15247177,5510,27,56
2026-08-22T00:02:00.636931+00:00,1787356906,6705,321 Surrey Central/WhiteRock,15247177,5511,28,49
2026-08-22T00:02:00.636931+00:00,1787356906,6705,321 Surrey Central/WhiteRock,15247177,5512,29,46
2026-08-22T00:02:00.636931+00:00,1787356906,6705,321 Surrey Central/WhiteRock,15247177,5513,30,32
2026-08-22T00:02:00.636931+00:00,1787356906,6705,321 Surrey Central/WhiteRock,15247177,5514,31,123
2026-08-22T00:02:00.636931+00:00,1787356906,6705,321 Surrey Central/WhiteRock,15247177,5515,32,116
2026-08-22T00:02:00.636931+00:00,1787356906,6705,321 Surrey Central/WhiteRock,15247177,5516,33,124
2026-08-22T00:02:00.636931+00:00,1787356906,6705,321 Surrey Central/WhiteRock,15247177,5517,34,127
2026-08-22T00:02:00.636931+00:00,1787356906,6705,321 Surrey Central/WhiteRock,15247177,5518,35,133
2026-08-22T00:02:00.636931+00:00,1787356906,6705,321 Surrey Central/WhiteRock,15247177,5519,36,110
2026-08-22T00:02:00.636931+00:00,1787356906,6705,321 Surrey Central/WhiteRock,15247177,5520,37,98
2026-08-22T00:02:00.636931+00:00,1787356906,6705,321 Surrey Central/WhiteRock,15247177,5521,38,-112
2026-08-22T00:02:00.636931+00:00,1787356906,6705,321 Surrey Central/WhiteRock,15247177,5522,39,-247
2026-08-22T00:02:00.636931+00:00,1787356906,6705,321 Surrey Central/WhiteRock,15247177,5523,40,-283
2026-08-22T00:02:00.636931+00:00,1787356906,6705,321 Surrey Central/WhiteRock,15247177,6466,41,-294
2026-08-22T00:02:00.636931+00:00,1787356906,6705,321 Surrey Central/WhiteRock,15247177,5524,42,-257
2026-08-22T00:02:00.636931+00:00,1787356906,6705,321 Surrey Central/WhiteRock,15247177,5525,43,-287
2026-08-22T00:02:00.636931+00:00,1787356906,6705,321 Surrey Central/WhiteRock,15247177,10443,44,-317
2026-08-22T00:02:00.636931+00:00,1787356906,6705,321 Surrey Central/WhiteRock,15247177,5528,45,-312
2026-08-22T00:02:00.636931+00:00,1787356906,6705,321 Surrey Central/WhiteRock,15247177,5529,46,-335
2026-08-22T00:02:00.636931+00:00,1787356906,6705,321 Surrey Central/WhiteRock,15247177,5530,47,-351
2026-08-22T00:02:00.636931+00:00,1787356906,6705,321 Surrey Central/WhiteRock,15247177,5533,48,-358
2026-08-22T00:02:00.636931+00:00,1787356906,6705,321 Surrey Central/WhiteRock,15247177,5534,49,-378
2026-08-22T00:02:00.636931+00:00,1787356906,6705,321 Surrey Central/WhiteRock,15247177,5535,50,-364
2026-08-22T00:02:00.636931+00:00,1787356906,6705,321 Surrey Central/WhiteRock,15247177,5536,51,-387
2026-08-22T00:02:00.636931+00:00,1787356906,6705,321 Surrey Central/WhiteRock,15247177,5537,52,-397
2026-08-22T00:02:00.636931+00:00,1787356906,6705,321 Surrey Central/WhiteRock,15247177,5538,53,-404
2026-08-22T00:02:00.636931+00:00,1787356906,6705,321 Surrey Central/WhiteRock,15247177,5541,54,-374
2026-08-22T00:02:00.636931+00:00,1787356906,6705,321 Surrey Central/WhiteRock,15247177,5542,55,-361
2026-08-22T00:02:00.636931+00:00,1787356906,6705,321 Surrey Central/WhiteRock,15247177,6195,56,-334
2026-08-22T00:02:00.636931+00:00,1787356906,6705,321 Surrey Central/WhiteRock,15247186,5530,47,-54
2026-08-22T00:02:00.636931+00:00,1787356906,6705,321 Surrey Central/WhiteRock,15247186,5533,48,-59
2026-08-22T00:02:00.636931+00:00,1787356906,6705,321 Surrey Central/WhiteRock,15247186,5534,49,-73
2026-08-22T00:02:00.636931+00:00,1787356906,6705,321 Surrey Central/WhiteRock,15247186,5535,50,-65
2026-08-22T00:02:00.636931+00:00,1787356906,6705,321 Surrey Central/WhiteRock,15247186,5536,51,-92
2026-08-22T00:02:00.636931+00:00,1787356906,6705,321 Surrey Central/WhiteRock,15247186,5537,52,-79
2026-08-22T00:02:00.636931+00:00,1787356906,6705,321 Surrey Central/WhiteRock,15247186,5538,53,-85
2026-08-22T00:02:00.636931+00:00,1787356906,6705,321 Surrey Central/WhiteRock,15247186,5541,54,-51
2026-08-22T00:02:00.636931+00:00,1787356906,6705,321 Surrey Central/WhiteRock,15247186,5542,55,-37
2026-08-22T00:02:00.636931+00:00,1787356906,6705,321 Surrey Central/WhiteRock,15247186,6195,56,-9
2026-08-22T00:02:00.636931+00:00,1787356906,6705,321 Surrey Central/WhiteRock,15247187,10880,7,0
2026-08-22T00:02:00.636931+00:00,1787356906,6705,321 Surrey Central/WhiteRock,15247187,5046,8,43
2026-08-22T00:02:00.636931+00:00,1787356906,6705,321 Surrey Central/WhiteRock,15247187,5047,9,44
2026-08-22T00:02:00.636931+00:00,1787356906,6705,321 Surrey Central/WhiteRock,15247187,8566,10,33
2026-08-22T00:02:00.636931+00:00,1787356906,6705,321 Surrey Central/WhiteRock,15247187,12916,11,77
2026-08-22T00:02:00.636931+00:00,1787356906,6705,321 Surrey Central/WhiteRock,15247187,5049,12,69
2026-08-22T00:02:00.636931+00:00,1787356906,6705,321 Surrey Central/WhiteRock,15247187,5039,13,43
2026-08-22T00:02:00.636931+00:00,1787356906,6705,321 Surrey Central/WhiteRock,15247187,8351,14,22
2026-08-22T00:02:00.636931+00:00,1787356906,6705,321 Surrey Central/WhiteRock,15247187,5496,15,-45
2026-08-22T00:02:00.636931+00:00,1787356906,6705,321 Surrey Central/WhiteRock,15247187,5497,16,-88
2026-08-22T00:02:00.636931+00:00,1787356906,6705,321 Surrey Central/WhiteRock,15247187,5498,17,-105
2026-08-22T00:02:00.636931+00:00,1787356906,6705,321 Surrey Central/WhiteRock,15247187,5499,18,-138
2026-08-22T00:02:00.636931+00:00,1787356906,6705,321 Surrey Central/WhiteRock,15247187,5500,19,-169
2026-08-22T00:02:00.636931+00:00,1787356906,6705,321 Surrey Central/WhiteRock,15247187,5501,20,-197
2026-08-22T00:02:00.636931+00:00,1787356906,6705,321 Surrey Central/WhiteRock,15247187,5502,21,-212
2026-08-22T00:02:00.636931+00:00,1787356906,6705,321 Surrey Central/WhiteRock,15247187,5503,22,-209
2026-08-22T00:02:00.636931+00:00,1787356906,6705,321 Surrey Central/WhiteRock,15247187,5504,23,-259
2026-08-22T00:02:00.636931+00:00,1787356906,6705,321 Surrey Central/WhiteRock,15247187,5505,24,-251
2026-08-22T00:02:00.636931+00:00,1787356906,6705,321 Surrey Central/WhiteRock,15247187,5507,25,-234
2026-08-22T00:02:00.636931+00:00,1787356906,6705,321 Surrey Central/WhiteRock,15247187,5633,26,0
2026-08-22T00:02:00.636931+00:00,1787356906,6705,321 Surrey Central/WhiteRock,15247187,5510,27,45
2026-08-22T00:02:00.636931+00:00,1787356906,6705,321 Surrey Central/WhiteRock,15247187,5511,28,40
2026-08-22T00:02:00.636931+00:00,1787356906,6705,321 Surrey Central/WhiteRock,15247187,5512,29,39
2026-08-22T00:02:00.636931+00:00,1787356906,6705,321 Surrey Central/WhiteRock,15247187,5513,30,25
2026-08-22T00:02:00.636931+00:00,1787356906,6705,321 Surrey Central/WhiteRock,15247187,5514,31,116
2026-08-22T00:02:00.636931+00:00,1787356906,6705,321 Surrey Central/WhiteRock,15247187,5515,32,111
2026-08-22T00:02:00.636931+00:00,1787356906,6705,321 Surrey Central/WhiteRock,15247187,5516,33,114
2026-08-22T00:02:00.636931+00:00,1787356906,6705,321 Surrey Central/WhiteRock,15247187,5517,34,117
2026-08-22T00:02:00.636931+00:00,1787356906,6705,321 Surrey Central/WhiteRock,15247187,5518,35,121
2026-08-22T00:02:00.636931+00:00,1787356906,6705,321 Surrey Central/WhiteRock,15247187,5519,36,100
2026-08-22T00:02:00.636931+00:00,1787356906,6705,321 Surrey Central/WhiteRock,15247187,5520,37,89
2026-08-22T00:02:00.636931+00:00,1787356906,6705,321 Surrey Central/WhiteRock,15247187,5521,38,-112
2026-08-22T00:02:00.636931+00:00,1787356906,6705,321 Surrey Central/WhiteRock,15247187,5522,39,-243
2026-08-22T00:02:00.636931+00:00,1787356906,6705,321 Surrey Central/WhiteRock,15247187,5523,40,-278
2026-08-22T00:02:00.636931+00:00,1787356906,6705,321 Surrey Central/WhiteRock,15247187,6466,41,-286
2026-08-22T00:02:00.636931+00:00,1787356906,6705,321 Surrey Central/WhiteRock,15247187,5524,42,-246
2026-08-22T00:02:00.636931+00:00,1787356906,6705,321 Surrey Central/WhiteRock,15247187,5525,43,-273
2026-08-22T00:02:00.636931+00:00,1787356906,6705,321 Surrey Central/WhiteRock,15247187,10443,44,-303
2026-08-22T00:02:00.636931+00:00,1787356906,6705,321 Surrey Central/WhiteRock,15247187,5528,45,-296
2026-08-22T00:02:00.636931+00:00,1787356906,6705,321 Surrey Central/WhiteRock,15247187,5529,46,-318
2026-08-22T00:02:00.636931+00:00,1787356906,6705,321 Surrey Central/WhiteRock,15247187,5530,47,-333
2026-08-22T00:02:00.636931+00:00,1787356906,6705,321 Surrey Central/WhiteRock,15247187,5533,48,-334
2026-08-22T00:02:00.636931+00:00,1787356906,6705,321 Surrey Central/WhiteRock,15247187,5534,49,-352
2026-08-22T00:02:00.636931+00:00,1787356906,6705,321 Surrey Central/WhiteRock,15247187,5535,50,-333
2026-08-22T00:02:00.636931+00:00,1787356906,6705,321 Surrey Central/WhiteRock,15247187,5536,51,-355
2026-08-22T00:02:00.636931+00:00,1787356906,6705,321 Surrey Central/WhiteRock,15247187,5537,52,-360
2026-08-22T00:02:00.636931+00:00,1787356906,6705,321 Surrey Central/WhiteRock,15247187,5538,53,-366
2026-08-22T00:02:00.636931+00:00,1787356906,6705,321 Surrey Central/WhiteRock,15247187,5541,54,-340
2026-08-22T00:02:00.636931+00:00,1787356906,6705,321 Surrey Central/WhiteRock,15247187,5542,55,-327
2026-08-22T00:02:00.636931+00:00,1787356906,6705,321 Surrey Central/WhiteRock,15247187,6195,56,-294
2026-08-22T00:02:00.636931+00:00,1787356906,6705,321 Surrey Central/WhiteRock,15247232,5514,31,127
2026-08-22T00:02:00.636931+00:00,1787356906,6705,321 Surrey Central/WhiteRock,15247232,5515,32,119
2026-08-22T00:02:00.636931+00:00,1787356906,6705,321 Surrey Central/WhiteRock,15247232,5516,33,119
2026-08-22T00:02:00.636931+00:00,1787356906,6705,321 Surrey Central/WhiteRock,15247232,5517,34,120
2026-08-22T00:02:00.636931+00:00,1787356906,6705,321 Surrey Central/WhiteRock,15247232,5518,35,123
2026-08-22T00:02:00.636931+00:00,1787356906,6705,321 Surrey Central/WhiteRock,15247232,5519,36,97
2026-08-22T00:02:00.636931+00:00,1787356906,6705,321 Surrey Central/WhiteRock,15247232,5520,37,83
2026-08-22T00:02:00.636931+00:00,1787356906,6705,321 Surrey Central/WhiteRock,15247232,5521,38,-133
2026-08-22T00:02:00.636931+00:00,1787356906,6705,321 Surrey Central/WhiteRock,15247232,5522,39,-274
2026-08-22T00:02:00.636931+00:00,1787356906,6705,321 Surrey Central/WhiteRock,15247232,5523,40,-312
2026-08-22T00:02:00.636931+00:00,1787356906,6705,321 Surrey Central/WhiteRock,15247232,6466,41,-332
2026-08-22T00:02:00.636931+00:00,1787356906,6705,321 Surrey Central/WhiteRock,15247232,5524,42,-299
2026-08-22T00:02:00.636931+00:00,1787356906,6705,321 Surrey Central/WhiteRock,15247232,5525,43,-329
2026-08-22T00:02:00.636931+00:00,1787356906,6705,321 Surrey Central/WhiteRock,15247232,10443,44,-353
2026-08-22T00:02:00.636931+00:00,1787356906,6705,321 Surrey Central/WhiteRock,15247232,5528,45,-349
2026-08-22T00:02:00.636931+00:00,1787356906,6705,321 Surrey Central/WhiteRock,15247232,5529,46,-374
2026-08-22T00:02:00.636931+00:00,1787356906,6705,321 Surrey Central/WhiteRock,15247232,5530,47,-391
2026-08-22T00:02:00.636931+00:00,1787356906,6705,321 Surrey Central/WhiteRock,15247232,5533,48,-397
2026-08-22T00:02:00.636931+00:00,1787356906,6705,321 Surrey Central/WhiteRock,15247232,5534,49,-411
2026-08-22T00:02:00.636931+00:00,1787356906,6705,321 Surrey Central/WhiteRock,15247232,5535,50,-411
2026-08-22T00:02:00.636931+00:00,1787356906,6705,321 Surrey Central/WhiteRock,15247232,5536,51,-437
2026-08-22T00:02:00.636931+00:00,1787356906,6705,321 Surrey Central/WhiteRock,15247232,5537,52,-450
2026-08-22T00:02:00.636931+00:00,1787356906,6705,321 Surrey Central/WhiteRock,15247232,5538,53,-458
2026-08-22T00:02:00.636931+00:00,1787356906,6705,321 Surrey Central/WhiteRock,15247232,5541,54,-428
2026-08-22T00:02:00.636931+00:00,1787356906,6705,321 Surrey Central/WhiteRock,15247232,5542,55,-416
2026-08-22T00:02:00.636931+00:00,1787356906,6705,321 Surrey Central/WhiteRock,15247232,6195,56,-392
2026-08-22T00:02:00.636931+00:00,1787356906,6715,351 Bridgeport/WhiteRock,15251617,8282,25,-154
2026-08-22T00:02:00.636931+00:00,1787356906,6715,351 Bridgeport/WhiteRock,15251618,6194,23,284
2026-08-22T00:02:00.636931+00:00,1787356906,6715,351 Bridgeport/WhiteRock,15251618,4928,24,62
2026-08-22T00:02:00.636931+00:00,1787356906,6715,351 Bridgeport/WhiteRock,15251618,8282,25,78
2026-08-22T00:02:00.636931+00:00,1787356906,6715,351 Bridgeport/WhiteRock,15251619,5444,17,84
2026-08-22T00:02:00.636931+00:00,1787356906,6715,351 Bridgeport/WhiteRock,15251619,9083,18,56
2026-08-22T00:02:00.636931+00:00,1787356906,6715,351 Bridgeport/WhiteRock,15251619,5446,19,61
2026-08-22T00:02:00.636931+00:00,1787356906,6715,351 Bridgeport/WhiteRock,15251619,10445,20,51
2026-08-22T00:02:00.636931+00:00,1787356906,6715,351 Bridgeport/WhiteRock,15251619,5447,21,9
2026-08-22T00:02:00.636931+00:00,1787356906,6715,351 Bridgeport/WhiteRock,15251619,5448,22,6
2026-08-22T00:02:00.636931+00:00,1787356906,6715,351 Bridgeport/WhiteRock,15251619,6194,23,0
2026-08-22T00:02:00.636931+00:00,1787356906,6715,351 Bridgeport/WhiteRock,15251619,4928,24,-221
2026-08-22T00:02:00.636931+00:00,1787356906,6715,351 Bridgeport/WhiteRock,15251619,8282,25,-206
2026-08-22T00:02:00.636931+00:00,1787356906,6715,351 Bridgeport/WhiteRock,15251695,6341,20,-86
2026-08-22T00:02:00.636931+00:00,1787356906,6715,351 Bridgeport/WhiteRock,15251695,6167,21,-78
2026-08-22T00:02:00.636931+00:00,1787356906,6715,351 Bridgeport/WhiteRock,15251696,5537,15,-513
2026-08-22T00:02:00.636931+00:00,1787356906,6715,351 Bridgeport/WhiteRock,15251696,5538,16,-505
2026-08-22T00:02:00.636931+00:00,1787356906,6715,351 Bridgeport/WhiteRock,15251696,5541,17,-451
2026-08-22T00:02:00.636931+00:00,1787356906,6715,351 Bridgeport/WhiteRock,15251696,5542,18,-427
2026-08-22T00:02:00.636931+00:00,1787356906,6715,351 Bridgeport/WhiteRock,15251696,6340,19,-380
2026-08-22T00:02:00.636931+00:00,1787356906,6715,351 Bridgeport/WhiteRock,15251696,6341,20,-364
2026-08-22T00:02:00.636931+00:00,1787356906,6715,351 Bridgeport/WhiteRock,15251696,6167,21,-353
2026-08-22T00:02:00.636931+00:00,1787356906,6715,351 Bridgeport/WhiteRock,15251697,10443,7,-704
2026-08-22T00:02:00.636931+00:00,1787356906,6715,351 Bridgeport/WhiteRock,15251697,5528,8,-680
2026-08-22T00:02:00.636931+00:00,1787356906,6715,351 Bridgeport/WhiteRock,15251697,5529,9,-686
2026-08-22T00:02:00.636931+00:00,1787356906,6715,351 Bridgeport/WhiteRock,15251697,5530,10,-685
2026-08-22T00:02:00.636931+00:00,1787356906,6715,351 Bridgeport/WhiteRock,15251697,5533,11,-669
2026-08-22T00:02:00.636931+00:00,1787356906,6715,351 Bridgeport/WhiteRock,15251697,5534,12,-666
2026-08-22T00:02:00.636931+00:00,1787356906,6715,351 Bridgeport/WhiteRock,15251697,5535,13,-623
2026-08-22T00:02:00.636931+00:00,1787356906,6715,351 Bridgeport/WhiteRock,15251697,5536,14,-627
2026-08-22T00:02:00.636931+00:00,1787356906,6715,351 Bridgeport/WhiteRock,15251697,5537,15,-604
2026-08-22T00:02:00.636931+00:00,1787356906,6715,351 Bridgeport/WhiteRock,15251697,5538,16,-599
2026-08-22T00:02:00.636931+00:00,1787356906,6715,351 Bridgeport/WhiteRock,15251697,5541,17,-547
2026-08-22T00:02:00.636931+00:00,1787356906,6715,351 Bridgeport/WhiteRock,15251697,5542,18,-524
2026-08-22T00:02:00.636931+00:00,1787356906,6715,351 Bridgeport/WhiteRock,15251697,6340,19,-483
2026-08-22T00:02:00.636931+00:00,1787356906,6715,351 Bridgeport/WhiteRock,15251697,6341,20,-467
2026-08-22T00:02:00.636931+00:00,1787356906,6715,351 Bridgeport/WhiteRock,15251697,6167,21,-459
2026-08-22T00:02:00.636931+00:00,1787356906,6715,351 Bridgeport/WhiteRock,15251698,6175,4,-743
2026-08-22T00:02:00.636931+00:00,1787356906,6715,351 Bridgeport/WhiteRock,15251698,5524,5,-697
2026-08-22T00:02:00.636931+00:00,1787356906,6715,351 Bridgeport/WhiteRock,15251698,5525,6,-711
2026-08-22T00:02:00.636931+00:00,1787356906,6715,351 Bridgeport/WhiteRock,15251698,10443,7,-708
2026-08-22T00:02:00.636931+00:00,1787356906,6715,351 Bridgeport/WhiteRock,15251698,5528,8,-685
2026-08-22T00:02:00.636931+00:00,1787356906,6715,351 Bridgeport/WhiteRock,15251698,5529,9,-694
2026-08-22T00:02:00.636931+00:00,1787356906,6715,351 Bridgeport/WhiteRock,15251698,5530,10,-693
2026-08-22T00:02:00.636931+00:00,1787356906,6715,351 Bridgeport/WhiteRock,15251698,5533,11,-676
2026-08-22T00:02:00.636931+00:00,1787356906,6715,351 Bridgeport/WhiteRock,15251698,5534,12,-673
2026-08-22T00:02:00.636931+00:00,1787356906,6715,351 Bridgeport/WhiteRock,15251698,5535,13,-628
2026-08-22T00:02:00.636931+00:00,1787356906,6715,351 Bridgeport/WhiteRock,15251698,5536,14,-633
2026-08-22T00:02:00.636931+00:00,1787356906,6715,351 Bridgeport/WhiteRock,15251698,5537,15,-613
2026-08-22T00:02:00.636931+00:00,1787356906,6715,351 Bridgeport/WhiteRock,15251698,5538,16,-608
2026-08-22T00:02:00.636931+00:00,1787356906,6715,351 Bridgeport/WhiteRock,15251698,5541,17,-557
2026-08-22T00:02:00.636931+00:00,1787356906,6715,351 Bridgeport/WhiteRock,15251698,5542,18,-535
2026-08-22T00:02:00.636931+00:00,1787356906,6715,351 Bridgeport/WhiteRock,15251698,6340,19,-491
2026-08-22T00:02:00.636931+00:00,1787356906,6715,351 Bridgeport/WhiteRock,15251698,6341,20,-475
2026-08-22T00:02:00.636931+00:00,1787356906,6715,351 Bridgeport/WhiteRock,15251698,6167,21,-463
2026-08-22T00:02:00.636931+00:00,1787356906,6715,351 Bridgeport/WhiteRock,15251699,4929,3,0
2026-08-22T00:02:00.636931+00:00,1787356906,6715,351 Bridgeport/WhiteRock,15251699,6175,4,-683
2026-08-22T00:02:00.636931+00:00,1787356906,6715,351 Bridgeport/WhiteRock,15251699,5524,5,-637
2026-08-22T00:02:00.636931+00:00,1787356906,6715,351 Bridgeport/WhiteRock,15251699,5525,6,-651
2026-08-22T00:02:00.636931+00:00,1787356906,6715,351 Bridgeport/WhiteRock,15251699,10443,7,-647
2026-08-22T00:02:00.636931+00:00,1787356906,6715,351 Bridgeport/WhiteRock,15251699,5528,8,-626
2026-08-22T00:02:00.636931+00:00,1787356906,6715,351 Bridgeport/WhiteRock,15251699,5529,9,-636
2026-08-22T00:02:00.636931+00:00,1787356906,6715,351 Bridgeport/WhiteRock,15251699,5530,10,-635
2026-08-22T00:02:00.636931+00:00,1787356906,6715,351 Bridgeport/WhiteRock,15251699,5533,11,-617
2026-08-22T00:02:00.636931+00:00,1787356906,6715,351 Bridgeport/WhiteRock,15251699,5534,12,-588
2026-08-22T00:02:00.636931+00:00,1787356906,6715,351 Bridgeport/WhiteRock,15251699,5535,13,-564
2026-08-22T00:02:00.636931+00:00,1787356906,6715,351 Bridgeport/WhiteRock,15251699,5536,14,-568
2026-08-22T00:02:00.636931+00:00,1787356906,6715,351 Bridgeport/WhiteRock,15251699,5537,15,-549
2026-08-22T00:02:00.636931+00:00,1787356906,6715,351 Bridgeport/WhiteRock,15251699,5538,16,-544
2026-08-22T00:02:00.636931+00:00,1787356906,6715,351 Bridgeport/WhiteRock,15251699,5541,17,-493
2026-08-22T00:02:00.636931+00:00,1787356906,6715,351 Bridgeport/WhiteRock,15251699,5542,18,-471
2026-08-22T00:02:00.636931+00:00,1787356906,6715,351 Bridgeport/WhiteRock,15251699,6340,19,-426
2026-08-22T00:02:00.636931+00:00,1787356906,6715,351 Bridgeport/WhiteRock,15251699,6341,20,-410
2026-08-22T00:02:00.636931+00:00,1787356906,6715,351 Bridgeport/WhiteRock,15251699,6167,21,-401
2026-08-22T00:02:00.636931+00:00,1787356906,6715,351 Bridgeport/WhiteRock,15251700,8283,2,192
2026-08-22T00:02:00.636931+00:00,1787356906,6715,351 Bridgeport/WhiteRock,15251700,4929,3,135
2026-08-22T00:02:00.636931+00:00,1787356906,6715,351 Bridgeport/WhiteRock,15251700,6175,4,-548
2026-08-22T00:02:00.636931+00:00,1787356906,6715,351 Bridgeport/WhiteRock,15251700,5524,5,-502
2026-08-22T00:02:00.636931+00:00,1787356906,6715,351 Bridgeport/WhiteRock,15251700,5525,6,-515
2026-08-22T00:02:00.636931+00:00,1787356906,6715,351 Bridgeport/WhiteRock,15251700,10443,7,-512
2026-08-22T00:02:00.636931+00:00,1787356906,6715,351 Bridgeport/WhiteRock,15251700,5528,8,-491
2026-08-22T00:02:00.636931+00:00,1787356906,6715,351 Bridgeport/WhiteRock,15251700,5529,9,-496
2026-08-22T00:02:00.636931+00:00,1787356906,6715,351 Bridgeport/WhiteRock,15251700,5530,10,-495
2026-08-22T00:02:00.636931+00:00,1787356906,6715,351 Bridgeport/WhiteRock,15251700,5533,11,-476
2026-08-22T00:02:00.636931+00:00,1787356906,6715,351 Bridgeport/WhiteRock,15251700,5534,12,-479
2026-08-22T00:02:00.636931+00:00,1787356906,6715,351 Bridgeport/WhiteRock,15251700,5535,13,-431
2026-08-22T00:02:00.636931+00:00,1787356906,6715,351 Bridgeport/WhiteRock,15251700,5536,14,-435
2026-08-22T00:02:00.636931+00:00,1787356906,6715,351 Bridgeport/WhiteRock,15251700,5537,15,-416
2026-08-22T00:02:00.636931+00:00,1787356906,6715,351 Bridgeport/WhiteRock,15251700,5538,16,-411
2026-08-22T00:02:00.636931+00:00,1787356906,6715,351 Bridgeport/WhiteRock,15251700,5541,17,-356
2026-08-22T00:02:00.636931+00:00,1787356906,6715,351 Bridgeport/WhiteRock,15251700,5542,18,-334
2026-08-22T00:02:00.636931+00:00,1787356906,6715,351 Bridgeport/WhiteRock,15251700,6340,19,-291
2026-08-22T00:02:00.636931+00:00,1787356906,6715,351 Bridgeport/WhiteRock,15251700,6341,20,-274
2026-08-22T00:02:00.636931+00:00,1787356906,6715,351 Bridgeport/WhiteRock,15251700,6167,21,-266
2026-08-22T00:02:00.636931+00:00,1787356906,6715,351 Bridgeport/WhiteRock,15251701,11267,1,35
2026-08-22T00:02:00.636931+00:00,1787356906,6715,351 Bridgeport/WhiteRock,15251701,8283,2,-575
2026-08-22T00:02:00.636931+00:00,1787356906,6715,351 Bridgeport/WhiteRock,15251701,4929,3,0
2026-08-22T00:02:00.636931+00:00,1787356906,6715,351 Bridgeport/WhiteRock,15251701,6175,4,-644
2026-08-22T00:02:00.636931+00:00,1787356906,6715,351 Bridgeport/WhiteRock,15251701,5524,5,-595
2026-08-22T00:02:00.636931+00:00,1787356906,6715,351 Bridgeport/WhiteRock,15251701,5525,6,-608
2026-08-22T00:02:00.636931+00:00,1787356906,6715,351 Bridgeport/WhiteRock,15251701,10443,7,-604
2026-08-22T00:02:00.636931+00:00,1787356906,6715,351 Bridgeport/WhiteRock,15251701,5528,8,-582
2026-08-22T00:02:00.636931+00:00,1787356906,6715,351 Bridgeport/WhiteRock,15251701,5529,9,-588
2026-08-22T00:02:00.636931+00:00,1787356906,6715,351 Bridgeport/WhiteRock,15251701,5530,10,-585
2026-08-22T00:02:00.636931+00:00,1787356906,6715,351 Bridgeport/WhiteRock,15251701,5533,11,-564
2026-08-22T00:02:00.636931+00:00,1787356906,6715,351 Bridgeport/WhiteRock,15251701,5534,12,-565
2026-08-22T00:02:00.636931+00:00,1787356906,6715,351 Bridgeport/WhiteRock,15251701,5535,13,-534
2026-08-22T00:02:00.636931+00:00,1787356906,6715,351 Bridgeport/WhiteRock,15251701,5536,14,-534
2026-08-22T00:02:00.636931+00:00,1787356906,6715,351 Bridgeport/WhiteRock,15251701,5537,15,-515
2026-08-22T00:02:00.636931+00:00,1787356906,6715,351 Bridgeport/WhiteRock,15251701,5538,16,-509
2026-08-22T00:02:00.636931+00:00,1787356906,6715,351 Bridgeport/WhiteRock,15251701,5541,17,-453
2026-08-22T00:02:00.636931+00:00,1787356906,6715,351 Bridgeport/WhiteRock,15251701,5542,18,-432
2026-08-22T00:02:00.636931+00:00,1787356906,6715,351 Bridgeport/WhiteRock,15251701,6340,19,-381
2026-08-22T00:02:00.636931+00:00,1787356906,6715,351 Bridgeport/WhiteRock,15251701,6341,20,-365
2026-08-22T00:02:00.636931+00:00,1787356906,6715,351 Bridgeport/WhiteRock,15251701,6167,21,-356
2026-08-22T00:02:00.636931+00:00,1787356906,11692,364 Langley Centre/Scottsdale,15252682,5244,1,0
2026-08-22T00:02:00.636931+00:00,1787356906,11692,364 Langley Centre/Scottsdale,15252682,4846,2,-242
2026-08-22T00:02:00.636931+00:00,1787356906,11692,364 Langley Centre/Scottsdale,15252682,4918,3,-208
2026-08-22T00:02:00.636931+00:00,1787356906,11692,364 Langley Centre/Scottsdale,15252682,4919,4,-239
2026-08-22T00:02:00.636931+00:00,1787356906,11692,364 Langley Centre/Scottsdale,15252682,4921,5,-307
2026-08-22T00:02:00.636931+00:00,1787356906,11692,364 Langley Centre/Scottsdale,15252682,11121,6,-266
2026-08-22T00:02:00.636931+00:00,1787356906,11692,364 Langley Centre/Scottsdale,15252682,11142,7,-314
2026-08-22T00:02:00.636931+00:00,1787356906,11692,364 Langley Centre/Scottsdale,15252682,11139,8,-343
2026-08-22T00:02:00.636931+00:00,1787356906,11692,364 Langley Centre/Scottsdale,15252682,11156,9,-365
2026-08-22T00:02:00.636931+00:00,1787356906,11692,364 Langley Centre/Scottsdale,15252682,5583,10,-360
2026-08-22T00:02:00.636931+00:00,1787356906,11692,364 Langley Centre/Scottsdale,15252682,5584,11,-403
2026-08-22T00:02:00.636931+00:00,1787356906,11692,364 Langley Centre/Scottsdale,15252682,6464,12,-430
2026-08-22T00:02:00.636931+00:00,1787356906,11692,364 Langley Centre/Scottsdale,15252682,6465,13,-467
2026-08-22T00:02:00.636931+00:00,1787356906,11692,364 Langley Centre/Scottsdale,15252682,11074,14,-430
2026-08-22T00:02:00.636931+00:00,1787356906,11692,364 Langley Centre/Scottsdale,15252682,11153,15,-473
2026-08-22T00:02:00.636931+00:00,1787356906,11692,364 Langley Centre/Scottsdale,15252682,11150,16,-523
2026-08-22T00:02:00.636931+00:00,1787356906,11692,364 Langley Centre/Scottsdale,15252682,11148,17,-553
2026-08-22T00:02:00.636931+00:00,1787356906,11692,364 Langley Centre/Scottsdale,15252682,11124,18,-546
2026-08-22T00:02:00.636931+00:00,1787356906,11692,364 Langley Centre/Scottsdale,15252682,11140,19,-594
2026-08-22T00:02:00.636931+00:00,1787356906,11692,364 Langley Centre/Scottsdale,15252682,11145,20,-608
2026-08-22T00:02:00.636931+00:00,1787356906,11692,364 Langley Centre/Scottsdale,15252682,11076,21,0
2026-08-22T00:02:00.636931+00:00,1787356906,11692,364 Langley Centre/Scottsdale,15252682,12645,22,-231
2026-08-22T00:02:00.636931+00:00,1787356906,11692,364 Langley Centre/Scottsdale,15252682,9525,23,-232
2026-08-22T00:02:00.636931+00:00,1787356906,11692,364 Langley Centre/Scottsdale,15252682,10148,24,-209
2026-08-22T00:02:00.636931+00:00,1787356906,11692,364 Langley Centre/Scottsdale,15252682,10585,25,-232
2026-08-22T00:02:00.636931+00:00,1787356906,11692,364 Langley Centre/Scottsdale,15252682,10250,26,-244
2026-08-22T00:02:00.636931+00:00,1787356906,11692,364 Langley Centre/Scottsdale,15252682,10588,27,-255
2026-08-22T00:02:00.636931+00:00,1787356906,11692,364 Langley Centre/Scottsdale,15252682,10248,28,-194
2026-08-22T00:02:00.636931+00:00,1787356906,11692,364 Langley Centre/Scottsdale,15252682,10726,29,-195
2026-08-22T00:02:00.636931+00:00,1787356906,11692,364 Langley Centre/Scottsdale,15252682,10725,30,-212
2026-08-22T00:02:00.636931+00:00,1787356906,11692,364 Langley Centre/Scottsdale,15252682,10727,31,-234
2026-08-22T00:02:00.636931+00:00,1787356906,11692,364 Langley Centre/Scottsdale,15252682,10251,32,-244
2026-08-22T00:02:00.636931+00:00,1787356906,11692,364 Langley Centre/Scottsdale,15252682,10252,33,-270
2026-08-22T00:02:00.636931+00:00,1787356906,11692,364 Langley Centre/Scottsdale,15252682,10253,34,-281
2026-08-22T00:02:00.636931+00:00,1787356906,11692,364 Langley Centre/Scottsdale,15252682,10255,35,-301
2026-08-22T00:02:00.636931+00:00,1787356906,11692,364 Langley Centre/Scottsdale,15252682,5332,36,-241
2026-08-22T00:02:00.636931+00:00,1787356906,11692,364 Langley Centre/Scottsdale,15252682,12497,37,-273
2026-08-22T00:02:00.636931+00:00,1787356906,11692,364 Langley Centre/Scottsdale,15252682,5334,38,-284
2026-08-22T00:02:00.636931+00:00,1787356906,11692,364 Langley Centre/Scottsdale,15252682,6472,39,-275
2026-08-22T00:02:00.636931+00:00,1787356906,11692,364 Langley Centre/Scottsdale,15252682,6473,40,-280
2026-08-22T00:02:00.636931+00:00,1787356906,11692,364 Langley Centre/Scottsdale,15252682,6474,41,-280
2026-08-22T00:02:00.636931+00:00,1787356906,11692,364 Langley Centre/Scottsdale,15252682,9306,42,-230
2026-08-22T00:02:00.636931+00:00,1787356906,11692,364 Langley Centre/Scottsdale,15252682,11125,43,-246
2026-08-22T00:02:00.636931+00:00,1787356906,11692,364 Langley Centre/Scottsdale,15252682,9294,44,-239
2026-08-22T00:02:00.636931+00:00,1787356906,11692,364 Langley Centre/Scottsdale,15252682,9293,45,-247
2026-08-22T00:02:00.636931+00:00,1787356906,11692,364 Langley Centre/Scottsdale,15252682,11126,46,-238
2026-08-22T00:02:00.636931+00:00,1787356906,11692,364 Langley Centre/Scottsdale,15252682,7094,47,-285
2026-08-22T00:02:00.636931+00:00,1787356906,11692,364 Langley Centre/Scottsdale,15252683,11145,20,-147
2026-08-22T00:02:00.636931+00:00,1787356906,11692,364 Langley Centre/Scottsdale,15252683,11076,21,0
2026-08-22T00:02:00.636931+00:00,1787356906,11692,364 Langley Centre/Scottsdale,15252683,12645,22,-267
2026-08-22T00:02:00.636931+00:00,1787356906,11692,364 Langley Centre/Scottsdale,15252683,9525,23,-268
2026-08-22T00:02:00.636931+00:00,1787356906,11692,364 Langley Centre/Scottsdale,15252683,10148,24,-251
2026-08-22T00:02:00.636931+00:00,1787356906,11692,364 Langley Centre/Scottsdale,15252683,10585,25,-278
2026-08-22T00:02:00.636931+00:00,1787356906,11692,364 Langley Centre/Scottsdale,15252683,10250,26,-296
2026-08-22T00:02:00.636931+00:00,1787356906,11692,364 Langley Centre/Scottsdale,15252683,10588,27,-311
2026-08-22T00:02:00.636931+00:00,1787356906,11692,364 Langley Centre/Scottsdale,15252683,10248,28,-258
2026-08-22T00:02:00.636931+00:00,1787356906,11692,364 Langley Centre/Scottsdale,15252683,10726,29,-260
2026-08-22T00:02:00.636931+00:00,1787356906,11692,364 Langley Centre/Scottsdale,15252683,10725,30,-280
2026-08-22T00:02:00.636931+00:00,1787356906,11692,364 Langley Centre/Scottsdale,15252683,10727,31,-307
2026-08-22T00:02:00.636931+00:00,1787356906,11692,364 Langley Centre/Scottsdale,15252683,10251,32,-328
2026-08-22T00:02:00.636931+00:00,1787356906,11692,364 Langley Centre/Scottsdale,15252683,10252,33,-360
2026-08-22T00:02:00.636931+00:00,1787356906,11692,364 Langley Centre/Scottsdale,15252683,10253,34,-383
2026-08-22T00:02:00.636931+00:00,1787356906,11692,364 Langley Centre/Scottsdale,15252683,10255,35,-410
2026-08-22T00:02:00.636931+00:00,1787356906,11692,364 Langley Centre/Scottsdale,15252683,5332,36,-353
2026-08-22T00:02:00.636931+00:00,1787356906,11692,364 Langley Centre/Scottsdale,15252683,12497,37,-392
2026-08-22T00:02:00.636931+00:00,1787356906,11692,364 Langley Centre/Scottsdale,15252683,5334,38,-405
2026-08-22T00:02:00.636931+00:00,1787356906,11692,364 Langley Centre/Scottsdale,15252683,6472,39,-395
2026-08-22T00:02:00.636931+00:00,1787356906,11692,364 Langley Centre/Scottsdale,15252683,6473,40,-402
2026-08-22T00:02:00.636931+00:00,1787356906,11692,364 Langley Centre/Scottsdale,15252683,6474,41,-415
2026-08-22T00:02:00.636931+00:00,1787356906,11692,364 Langley Centre/Scottsdale,15252683,9306,42,-364
2026-08-22T00:02:00.636931+00:00,1787356906,11692,364 Langley Centre/Scottsdale,15252683,11125,43,-376
2026-08-22T00:02:00.636931+00:00,1787356906,11692,364 Langley Centre/Scottsdale,15252683,9294,44,-389
2026-08-22T00:02:00.636931+00:00,1787356906,11692,364 Langley Centre/Scottsdale,15252683,9293,45,-403
2026-08-22T00:02:00.636931+00:00,1787356906,11692,364 Langley Centre/Scottsdale,15252683,11126,46,-396
2026-08-22T00:02:00.636931+00:00,1787356906,11692,364 Langley Centre/Scottsdale,15252683,7094,47,-427
2026-08-22T00:02:00.636931+00:00,1787356906,11692,364 Langley Centre/Scottsdale,15252684,6472,39,-27
2026-08-22T00:02:00.636931+00:00,1787356906,11692,364 Langley Centre/Scottsdale,15252684,6473,40,-31
2026-08-22T00:02:00.636931+00:00,1787356906,11692,364 Langley Centre/Scottsdale,15252684,6474,41,-44
2026-08-22T00:02:00.636931+00:00,1787356906,11692,364 Langley Centre/Scottsdale,15252684,9306,42,7
2026-08-22T00:02:00.636931+00:00,1787356906,11692,364 Langley Centre/Scottsdale,15252684,11125,43,8
2026-08-22T00:02:00.636931+00:00,1787356906,11692,364 Langley Centre/Scottsdale,15252684,9294,44,-4
2026-08-22T00:02:00.636931+00:00,1787356906,11692,364 Langley Centre/Scottsdale,15252684,9293,45,-13
2026-08-22T00:02:00.636931+00:00,1787356906,11692,364 Langley Centre/Scottsdale,15252684,11126,46,-7
2026-08-22T00:02:00.636931+00:00,1787356906,11692,364 Langley Centre/Scottsdale,15252684,7094,47,-38
2026-08-22T00:02:00.636931+00:00,1787356906,11692,364 Langley Centre/Scottsdale,15252697,10726,29,-249
2026-08-22T00:02:00.636931+00:00,1787356906,11692,364 Langley Centre/Scottsdale,15252697,10725,30,-266
2026-08-22T00:02:00.636931+00:00,1787356906,11692,364 Langley Centre/Scottsdale,15252697,10727,31,-293
2026-08-22T00:02:00.636931+00:00,1787356906,11692,364 Langley Centre/Scottsdale,15252697,10251,32,-312
2026-08-22T00:02:00.636931+00:00,1787356906,11692,364 Langley Centre/Scottsdale,15252697,10252,33,-345
2026-08-22T00:02:00.636931+00:00,1787356906,11692,364 Langley Centre/Scottsdale,15252697,10253,34,-368
2026-08-22T00:02:00.636931+00:00,1787356906,11692,364 Langley Centre/Scottsdale,15252697,10255,35,-395
2026-08-22T00:02:00.636931+00:00,1787356906,11692,364 Langley Centre/Scottsdale,15252697,5332,36,-338
2026-08-22T00:02:00.636931+00:00,1787356906,11692,364 Langley Centre/Scottsdale,15252697,12497,37,-379
2026-08-22T00:02:00.636931+00:00,1787356906,11692,364 Langley Centre/Scottsdale,15252697,5334,38,-392
2026-08-22T00:02:00.636931+00:00,1787356906,11692,364 Langley Centre/Scottsdale,15252697,6472,39,-384
2026-08-22T00:02:00.636931+00:00,1787356906,11692,364 Langley Centre/Scottsdale,15252697,6473,40,-391
2026-08-22T00:02:00.636931+00:00,1787356906,11692,364 Langley Centre/Scottsdale,15252697,6474,41,-400
2026-08-22T00:02:00.636931+00:00,1787356906,11692,364 Langley Centre/Scottsdale,15252697,9306,42,-350
2026-08-22T00:02:00.636931+00:00,1787356906,11692,364 Langley Centre/Scottsdale,15252697,11125,43,-365
2026-08-22T00:02:00.636931+00:00,1787356906,11692,364 Langley Centre/Scottsdale,15252697,9294,44,-348
2026-08-22T00:02:00.636931+00:00,1787356906,11692,364 Langley Centre/Scottsdale,15252697,9293,45,-360
2026-08-22T00:02:00.636931+00:00,1787356906,11692,364 Langley Centre/Scottsdale,15252697,11126,46,-353
2026-08-22T00:02:00.636931+00:00,1787356906,11692,364 Langley Centre/Scottsdale,15252697,7094,47,-384
2026-08-22T00:02:00.636931+00:00,1787356906,11692,364 Langley Centre/Scottsdale,15252700,11139,8,55
2026-08-22T00:02:00.636931+00:00,1787356906,11692,364 Langley Centre/Scottsdale,15252700,11156,9,22
2026-08-22T00:02:00.636931+00:00,1787356906,11692,364 Langley Centre/Scottsdale,15252700,5583,10,27
2026-08-22T00:02:00.636931+00:00,1787356906,11692,364 Langley Centre/Scottsdale,15252700,5584,11,-16
2026-08-22T00:02:00.636931+00:00,1787356906,11692,364 Langley Centre/Scottsdale,15252700,6464,12,-43
2026-08-22T00:02:00.636931+00:00,1787356906,11692,364 Langley Centre/Scottsdale,15252700,6465,13,-80
2026-08-22T00:02:00.636931+00:00,1787356906,11692,364 Langley Centre/Scottsdale,15252700,11074,14,-43
2026-08-22T00:02:00.636931+00:00,1787356906,11692,364 Langley Centre/Scottsdale,15252700,11153,15,-87
2026-08-22T00:02:00.636931+00:00,1787356906,11692,364 Langley Centre/Scottsdale,15252700,11150,16,-135
2026-08-22T00:02:00.636931+00:00,1787356906,11692,364 Langley Centre/Scottsdale,15252700,11148,17,-165
2026-08-22T00:02:00.636931+00:00,1787356906,11692,364 Langley Centre/Scottsdale,15252700,11124,18,-157
2026-08-22T00:02:00.636931+00:00,1787356906,11692,364 Langley Centre/Scottsdale,15252700,11140,19,-204
2026-08-22T00:02:00.636931+00:00,1787356906,11692,364 Langley Centre/Scottsdale,15252700,11145,20,-216
2026-08-22T00:02:00.636931+00:00,1787356906,11692,364 Langley Centre/Scottsdale,15252700,11076,21,0
2026-08-22T00:02:00.636931+00:00,1787356906,11692,364 Langley Centre/Scottsdale,15252700,12645,22,-231
2026-08-22T00:02:00.636931+00:00,1787356906,11692,364 Langley Centre/Scottsdale,15252700,9525,23,-232
2026-08-22T00:02:00.636931+00:00,1787356906,11692,364 Langley Centre/Scottsdale,15252700,10148,24,-209
2026-08-22T00:02:00.636931+00:00,1787356906,11692,364 Langley Centre/Scottsdale,15252700,10585,25,-232
2026-08-22T00:02:00.636931+00:00,1787356906,11692,364 Langley Centre/Scottsdale,15252700,10250,26,-244
2026-08-22T00:02:00.636931+00:00,1787356906,11692,364 Langley Centre/Scottsdale,15252700,10588,27,-254
2026-08-22T00:02:00.636931+00:00,1787356906,11692,364 Langley Centre/Scottsdale,15252700,10248,28,-193
2026-08-22T00:02:00.636931+00:00,1787356906,11692,364 Langley Centre/Scottsdale,15252700,10726,29,-194
2026-08-22T00:02:00.636931+00:00,1787356906,11692,364 Langley Centre/Scottsdale,15252700,10725,30,-211
2026-08-22T00:02:00.636931+00:00,1787356906,11692,364 Langley Centre/Scottsdale,15252700,10727,31,-233
2026-08-22T00:02:00.636931+00:00,1787356906,11692,364 Langley Centre/Scottsdale,15252700,10251,32,-243
2026-08-22T00:02:00.636931+00:00,1787356906,11692,364 Langley Centre/Scottsdale,15252700,10252,33,-269
2026-08-22T00:02:00.636931+00:00,1787356906,11692,364 Langley Centre/Scottsdale,15252700,10253,34,-280
2026-08-22T00:02:00.636931+00:00,1787356906,11692,364 Langley Centre/Scottsdale,15252700,10255,35,-301
2026-08-22T00:02:00.636931+00:00,1787356906,11692,364 Langley Centre/Scottsdale,15252700,5332,36,-240
2026-08-22T00:02:00.636931+00:00,1787356906,11692,364 Langley Centre/Scottsdale,15252700,12497,37,-272
2026-08-22T00:02:00.636931+00:00,1787356906,11692,364 Langley Centre/Scottsdale,15252700,5334,38,-283
2026-08-22T00:02:00.636931+00:00,1787356906,11692,364 Langley Centre/Scottsdale,15252700,6472,39,-274
2026-08-22T00:02:00.636931+00:00,1787356906,11692,364 Langley Centre/Scottsdale,15252700,6473,40,-278
2026-08-22T00:02:00.636931+00:00,1787356906,11692,364 Langley Centre/Scottsdale,15252700,6474,41,-278
2026-08-22T00:02:00.636931+00:00,1787356906,11692,364 Langley Centre/Scottsdale,15252700,9306,42,-227
2026-08-22T00:02:00.636931+00:00,1787356906,11692,364 Langley Centre/Scottsdale,15252700,11125,43,-216
2026-08-22T00:02:00.636931+00:00,1787356906,11692,364 Langley Centre/Scottsdale,15252700,9294,44,-206
2026-08-22T00:02:00.636931+00:00,1787356906,11692,364 Langley Centre/Scottsdale,15252700,9293,45,-218
2026-08-22T00:02:00.636931+00:00,1787356906,11692,364 Langley Centre/Scottsdale,15252700,11126,46,-208
2026-08-22T00:02:00.636931+00:00,1787356906,11692,364 Langley Centre/Scottsdale,15252700,7094,47,-220
2026-08-22T00:02:00.636931+00:00,1787356906,11692,364 Langley Centre/Scottsdale,15252714,7166,1,15
2026-08-22T00:02:00.636931+00:00,1787356906,11692,364 Langley Centre/Scottsdale,15252714,7096,2,15
2026-08-22T00:02:00.636931+00:00,1787356906,11692,364 Langley Centre/Scottsdale,15252714,7093,3,15
2026-08-22T00:02:00.636931+00:00,1787356906,11692,364 Langley Centre/Scottsdale,15252714,9291,4,15
2026-08-22T00:02:00.636931+00:00,1787356906,11692,364 Langley Centre/Scottsdale,15252714,9292,5,15
2026-08-22T00:02:00.636931+00:00,1787356906,11692,364 Langley Centre/Scottsdale,15252714,11264,6,15
2026-08-22T00:02:00.636931+00:00,1787356906,11692,364 Langley Centre/Scottsdale,15252714,9303,7,15
2026-08-22T00:02:00.636931+00:00,1787356906,11692,364 Langley Centre/Scottsdale,15252714,9304,8,15
2026-08-22T00:02:00.636931+00:00,1787356906,11692,364 Langley Centre/Scottsdale,15252714,6475,9,15
2026-08-22T00:02:00.636931+00:00,1787356906,11692,364 Langley Centre/Scottsdale,15252714,6476,10,15
2026-08-22T00:02:00.636931+00:00,1787356906,11692,364 Langley Centre/Scottsdale,15252714,5381,11,15
2026-08-22T00:02:00.636931+00:00,1787356906,11692,364 Langley Centre/Scottsdale,15252714,12496,12,15
2026-08-22T00:02:00.636931+00:00,1787356906,11692,364 Langley Centre/Scottsdale,15252714,5382,13,15
2026-08-22T00:02:00.636931+00:00,1787356906,11692,364 Langley Centre/Scottsdale,15252714,12516,14,15
2026-08-22T00:02:00.636931+00:00,1787356906,11692,364 Langley Centre/Scottsdale,15252714,10257,15,15
2026-08-22T00:02:00.636931+00:00,1787356906,11692,364 Langley Centre/Scottsdale,15252714,10258,16,15
2026-08-22T00:02:00.636931+00:00,1787356906,11692,364 Langley Centre/Scottsdale,15252714,10259,17,15
2026-08-22T00:02:00.636931+00:00,1787356906,11692,364 Langley Centre/Scottsdale,15252714,10260,18,15
2026-08-22T00:02:00.636931+00:00,1787356906,11692,364 Langley Centre/Scottsdale,15252714,10729,19,15
2026-08-22T00:02:00.636931+00:00,1787356906,11692,364 Langley Centre/Scottsdale,15252714,13067,20,15
2026-08-22T00:02:00.636931+00:00,1787356906,11692,364 Langley Centre/Scottsdale,15252714,10633,21,15
2026-08-22T00:02:00.636931+00:00,1787356906,11692,364 Langley Centre/Scottsdale,15252714,10149,22,15
2026-08-22T00:02:00.636931+00:00,1787356906,11692,364 Langley Centre/Scottsdale,15252714,10587,23,15
2026-08-22T00:02:00.636931+00:00,1787356906,11692,364 Langley Centre/Scottsdale,15252714,10261,24,15
2026-08-22T00:02:00.636931+00:00,1787356906,11692,364 Langley Centre/Scottsdale,15252714,10586,25,15
2026-08-22T00:02:00.636931+00:00,1787356906,11692,364 Langley Centre/Scottsdale,15252714,9547,26,15
2026-08-22T00:02:00.636931+00:00,1787356906,11692,364 Langley Centre/Scottsdale,15252714,9526,27,15
2026-08-22T00:02:00.636931+00:00,1787356906,11692,364 Langley Centre/Scottsdale,15252714,12646,28,15
2026-08-22T00:02:00.636931+00:00,1787356906,11692,364 Langley Centre/Scottsdale,15252714,11075,29,15
2026-08-22T00:02:00.636931+00:00,1787356906,11692,364 Langley Centre/Scottsdale,15252714,11174,30,15
2026-08-22T00:02:00.636931+00:00,1787356906,11692,364 Langley Centre/Scottsdale,15252714,11175,31,15
2026-08-22T00:02:00.636931+00:00,1787356906,11692,364 Langley Centre/Scottsdale,15252714,11123,32,15
2026-08-22T00:02:00.636931+00:00,1787356906,11692,364 Langley Centre/Scottsdale,15252714,11176,33,15
2026-08-22T00:02:00.636931+00:00,1787356906,11692,364 Langley Centre/Scottsdale,15252714,11177,34,15
2026-08-22T00:02:00.636931+00:00,1787356906,11692,364 Langley Centre/Scottsdale,15252714,11178,35,15
2026-08-22T00:02:00.636931+00:00,1787356906,11692,364 Langley Centre/Scottsdale,15252714,6459,36,15
2026-08-22T00:02:00.636931+00:00,1787356906,11692,364 Langley Centre/Scottsdale,15252714,6460,37,15
2026-08-22T00:02:00.636931+00:00,1787356906,11692,364 Langley Centre/Scottsdale,15252714,5621,38,15
2026-08-22T00:02:00.636931+00:00,1787356906,11692,364 Langley Centre/Scottsdale,15252714,5622,39,15
2026-08-22T00:02:00.636931+00:00,1787356906,11692,364 Langley Centre/Scottsdale,15252714,11122,40,15
2026-08-22T00:02:00.636931+00:00,1787356906,11692,364 Langley Centre/Scottsdale,15252714,11155,41,15
2026-08-22T00:02:00.636931+00:00,1787356906,11692,364 Langley Centre/Scottsdale,15252714,11143,42,15
2026-08-22T00:02:00.636931+00:00,1787356906,11692,364 Langley Centre/Scottsdale,15252714,11141,43,15
2026-08-22T00:02:00.636931+00:00,1787356906,11692,364 Langley Centre/Scottsdale,15252714,4936,44,15
2026-08-22T00:02:00.636931+00:00,1787356906,11692,364 Langley Centre/Scottsdale,15252714,4937,45,15
2026-08-22T00:02:00.636931+00:00,1787356906,11692,364 Langley Centre/Scottsdale,15252714,4938,46,15
2026-08-22T00:02:00.636931+00:00,1787356906,11692,364 Langley Centre/Scottsdale,15252714,5229,47,15
2026-08-22T00:02:00.636931+00:00,1787356906,11692,364 Langley Centre/Scottsdale,15252714,4917,48,15
2026-08-22T00:02:00.636931+00:00,1787356906,11692,364 Langley Centre/Scottsdale,15252715,10259,17,41
2026-08-22T00:02:00.636931+00:00,1787356906,11692,364 Langley Centre/Scottsdale,15252715,10260,18,13
2026-08-22T00:02:00.636931+00:00,1787356906,11692,364 Langley Centre/Scottsdale,15252715,10729,19,-39
2026-08-22T00:02:00.636931+00:00,1787356906,11692,364 Langley Centre/Scottsdale,15252715,13067,20,-64
2026-08-22T00:02:00.636931+00:00,1787356906,11692,364 Langley Centre/Scottsdale,15252715,10633,21,-88
2026-08-22T00:02:00.636931+00:00,1787356906,11692,364 Langley Centre/Scottsdale,15252715,10149,22,7
2026-08-22T00:02:00.636931+00:00,1787356906,11692,364 Langley Centre/Scottsdale,15252715,10587,23,-15
2026-08-22T00:02:00.636931+00:00,1787356906,11692,364 Langley Centre/Scottsdale,15252715,10261,24,-56
2026-08-22T00:02:00.636931+00:00,1787356906,11692,364 Langley Centre/Scottsdale,15252715,10586,25,-97
2026-08-22T00:02:00.636931+00:00,1787356906,11692,364 Langley Centre/Scottsdale,15252715,9547,26,-68
2026-08-22T00:02:00.636931+00:00,1787356906,11692,364 Langley Centre/Scottsdale,15252715,9526,27,-102
2026-08-22T00:02:00.636931+00:00,1787356906,11692,364 Langley Centre/Scottsdale,15252715,12646,28,-118
2026-08-22T00:02:00.636931+00:00,1787356906,11692,364 Langley Centre/Scottsdale,15252715,11075,29,-161
2026-08-22T00:02:00.636931+00:00,1787356906,11692,364 Langley Centre/Scottsdale,15252715,11174,30,-194
2026-08-22T00:02:00.636931+00:00,1787356906,11692,364 Langley Centre/Scottsdale,15252715,11175,31,-230
2026-08-22T00:02:00.636931+00:00,1787356906,11692,364 Langley Centre/Scottsdale,15252715,11123,32,-184
2026-08-22T00:02:00.636931+00:00,1787356906,11692,364 Langley Centre/Scottsdale,15252715,11176,33,-188
2026-08-22T00:02:00.636931+00:00,1787356906,11692,364 Langley Centre/Scottsdale,15252715,11177,34,-221
2026-08-22T00:02:00.636931+00:00,1787356906,11692,364 Langley Centre/Scottsdale,15252715,11178,35,-254
2026-08-22T00:02:00.636931+00:00,1787356906,11692,364 Langley Centre/Scottsdale,15252715,6459,36,-168
2026-08-22T00:02:00.636931+00:00,1787356906,11692,364 Langley Centre/Scottsdale,15252715,6460,37,-182
2026-08-22T00:02:00.636931+00:00,1787356906,11692,364 Langley Centre/Scottsdale,15252715,5621,38,-183
2026-08-22T00:02:00.636931+00:00,1787356906,11692,364 Langley Centre/Scottsdale,15252715,5622,39,-211
2026-08-22T00:02:00.636931+00:00,1787356906,11692,364 Langley Centre/Scottsdale,15252715,11122,40,-180
2026-08-22T00:02:00.636931+00:00,1787356906,11692,364 Langley Centre/Scottsdale,15252715,11155,41,-199
2026-08-22T00:02:00.636931+00:00,1787356906,11692,364 Langley Centre/Scottsdale,15252715,11143,42,-211
2026-08-22T00:02:00.636931+00:00,1787356906,11692,364 Langley Centre/Scottsdale,15252715,11141,43,-248
2026-08-22T00:02:00.636931+00:00,1787356906,11692,364 Langley Centre/Scottsdale,15252715,4936,44,-241
2026-08-22T00:02:00.636931+00:00,1787356906,11692,364 Langley Centre/Scottsdale,15252715,4937,45,-267
2026-08-22T00:02:00.636931+00:00,1787356906,11692,364 Langley Centre/Scottsdale,15252715,4938,46,-294
2026-08-22T00:02:00.636931+00:00,1787356906,11692,364 Langley Centre/Scottsdale,15252715,5229,47,-296
2026-08-22T00:02:00.636931+00:00,1787356906,11692,364 Langley Centre/Scottsdale,15252715,4917,48,-239
2026-08-22T00:02:00.636931+00:00,1787356906,11692,364 Langley Centre/Scottsdale,15252736,6459,36,-83
2026-08-22T00:02:00.636931+00:00,1787356906,11692,364 Langley Centre/Scottsdale,15252736,6460,37,-96
2026-08-22T00:02:00.636931+00:00,1787356906,11692,364 Langley Centre/Scottsdale,15252736,5621,38,-101
2026-08-22T00:02:00.636931+00:00,1787356906,11692,364 Langley Centre/Scottsdale,15252736,5622,39,-132
2026-08-22T00:02:00.636931+00:00,1787356906,11692,364 Langley Centre/Scottsdale,15252736,11122,40,-105
2026-08-22T00:02:00.636931+00:00,1787356906,11692,364 Langley Centre/Scottsdale,15252736,11155,41,-127
2026-08-22T00:02:00.636931+00:00,1787356906,11692,364 Langley Centre/Scottsdale,15252736,11143,42,-143
2026-08-22T00:02:00.636931+00:00,1787356906,11692,364 Langley Centre/Scottsdale,15252736,11141,43,-181
2026-08-22T00:02:00.636931+00:00,1787356906,11692,364 Langley Centre/Scottsdale,15252736,4936,44,-175
2026-08-22T00:02:00.636931+00:00,1787356906,11692,364 Langley Centre/Scottsdale,15252736,4937,45,-203
2026-08-22T00:02:00.636931+00:00,1787356906,11692,364 Langley Centre/Scottsdale,15252736,4938,46,-234
2026-08-22T00:02:00.636931+00:00,1787356906,11692,364 Langley Centre/Scottsdale,15252736,5229,47,-237
2026-08-22T00:02:00.636931+00:00,1787356906,11692,364 Langley Centre/Scottsdale,15252736,4917,48,-184
2026-08-22T00:02:00.636931+00:00,1787356906,11692,364 Langley Centre/Scottsdale,15252751,11075,29,-261
2026-08-22T00:02:00.636931+00:00,1787356906,11692,364 Langley Centre/Scottsdale,15252751,11174,30,-300
2026-08-22T00:02:00.636931+00:00,1787356906,11692,364 Langley Centre/Scottsdale,15252751,11175,31,-338
2026-08-22T00:02:00.636931+00:00,1787356906,11692,364 Langley Centre/Scottsdale,15252751,11123,32,-297
2026-08-22T00:02:00.636931+00:00,1787356906,11692,364 Langley Centre/Scottsdale,15252751,11176,33,-304
2026-08-22T00:02:00.636931+00:00,1787356906,11692,364 Langley Centre/Scottsdale,15252751,11177,34,-341
2026-08-22T00:02:00.636931+00:00,1787356906,11692,364 Langley Centre/Scottsdale,15252751,11178,35,-377
2026-08-22T00:02:00.636931+00:00,1787356906,11692,364 Langley Centre/Scottsdale,15252751,6459,36,-294
2026-08-22T00:02:00.636931+00:00,1787356906,11692,364 Langley Centre/Scottsdale,15252751,6460,37,-310
2026-08-22T00:02:00.636931+00:00,1787356906,11692,364 Langley Centre/Scottsdale,15252751,5621,38,-314
2026-08-22T00:02:00.636931+00:00,1787356906,11692,364 Langley Centre/Scottsdale,15252751,5622,39,-346
2026-08-22T00:02:00.636931+00:00,1787356906,11692,364 Langley Centre/Scottsdale,15252751,11122,40,-319
2026-08-22T00:02:00.636931+00:00,1787356906,11692,364 Langley Centre/Scottsdale,15252751,11155,41,-342
2026-08-22T00:02:00.636931+00:00,1787356906,11692,364 Langley Centre/Scottsdale,15252751,11143,42,-358
2026-08-22T00:02:00.636931+00:00,1787356906,11692,364 Langley Centre/Scottsdale,15252751,11141,43,-397
2026-08-22T00:02:00.636931+00:00,1787356906,11692,364 Langley Centre/Scottsdale,15252751,4936,44,-392
2026-08-22T00:02:00.636931+00:00,1787356906,11692,364 Langley Centre/Scottsdale,15252751,4937,45,-418
2026-08-22T00:02:00.636931+00:00,1787356906,11692,364 Langley Centre/Scottsdale,15252751,4938,46,-446
2026-08-22T00:02:00.636931+00:00,1787356906,11692,364 Langley Centre/Scottsdale,15252751,5229,47,-449
2026-08-22T00:02:00.636931+00:00,1787356906,11692,364 Langley Centre/Scottsdale,15252751,4917,48,-394
2026-08-22T00:02:00.636931+00:00,1787356906,11692,364 Langley Centre/Scottsdale,15252752,9303,7,-64
2026-08-22T00:02:00.636931+00:00,1787356906,11692,364 Langley Centre/Scottsdale,15252752,9304,8,-88
2026-08-22T00:02:00.636931+00:00,1787356906,11692,364 Langley Centre/Scottsdale,15252752,6475,9,-66
2026-08-22T00:02:00.636931+00:00,1787356906,11692,364 Langley Centre/Scottsdale,15252752,6476,10,-108
2026-08-22T00:02:00.636931+00:00,1787356906,11692,364 Langley Centre/Scottsdale,15252752,5381,11,-132
2026-08-22T00:02:00.636931+00:00,1787356906,11692,364 Langley Centre/Scottsdale,15252752,12496,12,-144
2026-08-22T00:02:00.636931+00:00,1787356906,11692,364 Langley Centre/Scottsdale,15252752,5382,13,-177
2026-08-22T00:02:00.636931+00:00,1787356906,11692,364 Langley Centre/Scottsdale,15252752,12516,14,-25
2026-08-22T00:02:00.636931+00:00,1787356906,11692,364 Langley Centre/Scottsdale,15252752,10257,15,-79
2026-08-22T00:02:00.636931+00:00,1787356906,11692,364 Langley Centre/Scottsdale,15252752,10258,16,-101
2026-08-22T00:02:00.636931+00:00,1787356906,11692,364 Langley Centre/Scottsdale,15252752,10259,17,-161
2026-08-22T00:02:00.636931+00:00,1787356906,11692,364 Langley Centre/Scottsdale,15252752,10260,18,0
2026-08-22T00:02:00.636931+00:00,1787356906,11692,364 Langley Centre/Scottsdale,15252752,10729,19,-55
2026-08-22T00:02:00.636931+00:00,1787356906,11692,364 Langley Centre/Scottsdale,15252752,13067,20,-80
2026-08-22T00:02:00.636931+00:00,1787356906,11692,364 Langley Centre/Scottsdale,15252752,10633,21,-104
2026-08-22T00:02:00.636931+00:00,1787356906,11692,364 Langley Centre/Scottsdale,15252752,10149,22,-9
2026-08-22T00:02:00.636931+00:00,1787356906,11692,364 Langley Centre/Scottsdale,15252752,10587,23,-33
2026-08-22T00:02:00.636931+00:00,1787356906,11692,364 Langley Centre/Scottsdale,15252752,10261,24,-74
2026-08-22T00:02:00.636931+00:00,1787356906,11692,364 Langley Centre/Scottsdale,15252752,10586,25,-115
2026-08-22T00:02:00.636931+00:00,1787356906,11692,364 Langley Centre/Scottsdale,15252752,9547,26,-86
2026-08-22T00:02:00.636931+00:00,1787356906,11692,364 Langley Centre/Scottsdale,15252752,9526,27,-120
2026-08-22T00:02:00.636931+00:00,1787356906,11692,364 Langley Centre/Scottsdale,15252752,12646,28,-137
2026-08-22T00:02:00.636931+00:00,1787356906,11692,364 Langley Centre/Scottsdale,15252752,11075,29,-180
2026-08-22T00:02:00.636931+00:00,1787356906,11692,364 Langley Centre/Scottsdale,15252752,11174,30,-212
2026-08-22T00:02:00.636931+00:00,1787356906,11692,364 Langley Centre/Scottsdale,15252752,11175,31,-247
2026-08-22T00:02:00.636931+00:00,1787356906,11692,364 Langley Centre/Scottsdale,15252752,11123,32,-202
2026-08-22T00:02:00.636931+00:00,1787356906,11692,364 Langley Centre/Scottsdale,15252752,11176,33,-207
2026-08-22T00:02:00.636931+00:00,1787356906,11692,364 Langley Centre/Scottsdale,15252752,11177,34,-239
2026-08-22T00:02:00.636931+00:00,1787356906,11692,364 Langley Centre/Scottsdale,15252752,11178,35,-272
2026-08-22T00:02:00.636931+00:00,1787356906,11692,364 Langley Centre/Scottsdale,15252752,6459,36,-186
2026-08-22T00:02:00.636931+00:00,1787356906,11692,364 Langley Centre/Scottsdale,15252752,6460,37,-200
2026-08-22T00:02:00.636931+00:00,1787356906,11692,364 Langley Centre/Scottsdale,15252752,5621,38,-201
2026-08-22T00:02:00.636931+00:00,1787356906,11692,364 Langley Centre/Scottsdale,15252752,5622,39,-229
2026-08-22T00:02:00.636931+00:00,1787356906,11692,364 Langley Centre/Scottsdale,15252752,11122,40,-198
2026-08-22T00:02:00.636931+00:00,1787356906,11692,364 Langley Centre/Scottsdale,15252752,11155,41,-217
2026-08-22T00:02:00.636931+00:00,1787356906,11692,364 Langley Centre/Scottsdale,15252752,11143,42,-230
2026-08-22T00:02:00.636931+00:00,1787356906,11692,364 Langley Centre/Scottsdale,15252752,11141,43,-267
2026-08-22T00:02:00.636931+00:00,1787356906,11692,364 Langley Centre/Scottsdale,15252752,4936,44,-260
2026-08-22T00:02:00.636931+00:00,1787356906,11692,364 Langley Centre/Scottsdale,15252752,4937,45,-286
2026-08-22T00:02:00.636931+00:00,1787356906,11692,364 Langley Centre/Scottsdale,15252752,4938,46,-313
2026-08-22T00:02:00.636931+00:00,1787356906,11692,364 Langley Centre/Scottsdale,15252752,5229,47,-314
2026-08-22T00:02:00.636931+00:00,1787356906,11692,364 Langley Centre/Scottsdale,15252752,4917,48,-256
2026-08-22T00:02:00.636931+00:00,1787356906,18705,531 WhiteRock/WillowBrook,15259154,5342,44,-42
2026-08-22T00:02:00.636931+00:00,1787356906,18705,531 WhiteRock/WillowBrook,15259154,12293,45,-34
2026-08-22T00:02:00.636931+00:00,1787356906,18705,531 WhiteRock/WillowBrook,15259154,12173,46,26
2026-08-22T00:02:00.636931+00:00,1787356906,18705,531 WhiteRock/WillowBrook,15259154,9291,47,-8
2026-08-22T00:02:00.636931+00:00,1787356906,18705,531 WhiteRock/WillowBrook,15259154,9292,48,-14
2026-08-22T00:02:00.636931+00:00,1787356906,18705,531 WhiteRock/WillowBrook,15259154,11264,49,17
2026-08-22T00:02:00.636931+00:00,1787356906,18705,531 WhiteRock/WillowBrook,15259154,9303,50,28
2026-08-22T00:02:00.636931+00:00,1787356906,18705,531 WhiteRock/WillowBrook,15259154,9304,51,24
2026-08-22T00:02:00.636931+00:00,1787356906,18705,531 WhiteRock/WillowBrook,15259154,6475,52,74
2026-08-22T00:02:00.636931+00:00,1787356906,18705,531 WhiteRock/WillowBrook,15259154,6476,53,62
2026-08-22T00:02:00.636931+00:00,1787356906,18705,531 WhiteRock/WillowBrook,15259154,5335,54,69
2026-08-22T00:02:00.636931+00:00,1787356906,18705,531 WhiteRock/WillowBrook,15259154,7100,55,107
2026-08-22T00:02:00.636931+00:00,1787356906,18705,531 WhiteRock/WillowBrook,15259155,12923,26,-58
2026-08-22T00:02:00.636931+00:00,1787356906,18705,531 WhiteRock/WillowBrook,15259155,12925,27,-66
2026-08-22T00:02:00.636931+00:00,1787356906,18705,531 WhiteRock/WillowBrook,15259155,12928,28,-91
2026-08-22T00:02:00.636931+00:00,1787356906,18705,531 WhiteRock/WillowBrook,15259155,12930,29,-107
2026-08-22T00:02:00.636931+00:00,1787356906,18705,531 WhiteRock/WillowBrook,15259155,13042,30,-122
2026-08-22T00:02:00.636931+00:00,1787356906,18705,531 WhiteRock/WillowBrook,15259155,8936,31,-112
2026-08-22T00:02:00.636931+00:00,1787356906,18705,531 WhiteRock/WillowBrook,15259155,9030,32,-124
2026-08-22T00:02:00.636931+00:00,1787356906,18705,531 WhiteRock/WillowBrook,15259155,8937,33,-145
2026-08-22T00:02:00.636931+00:00,1787356906,18705,531 WhiteRock/WillowBrook,15259155,8938,34,-144
2026-08-22T00:02:00.636931+00:00,1787356906,18705,531 WhiteRock/WillowBrook,15259155,7081,35,-146
2026-08-22T00:02:00.636931+00:00,1787356906,18705,531 WhiteRock/WillowBrook,15259155,7082,36,-154
2026-08-22T00:02:00.636931+00:00,1787356906,18705,531 WhiteRock/WillowBrook,15259155,7083,37,-183
2026-08-22T00:02:00.636931+00:00,1787356906,18705,531 WhiteRock/WillowBrook,15259155,7084,38,-202
2026-08-22T00:02:00.636931+00:00,1787356906,18705,531 WhiteRock/WillowBrook,15259155,7085,39,-237
2026-08-22T00:02:00.636931+00:00,1787356906,18705,531 WhiteRock/WillowBrook,15259155,8939,40,-251
2026-08-22T00:02:00.636931+00:00,1787356906,18705,531 WhiteRock/WillowBrook,15259155,7086,41,-262
2026-08-22T00:02:00.636931+00:00,1787356906,18705,531 WhiteRock/WillowBrook,15259155,8940,42,-289
2026-08-22T00:02:00.636931+00:00,1787356906,18705,531 WhiteRock/WillowBrook,15259155,5341,43,-305
2026-08-22T00:02:00.636931+00:00,1787356906,18705,531 WhiteRock/WillowBrook,15259155,5342,44,-306
2026-08-22T00:02:00.636931+00:00,1787356906,18705,531 WhiteRock/WillowBrook,15259155,12293,45,-299
2026-08-22T00:02:00.636931+00:00,1787356906,18705,531 WhiteRock/WillowBrook,15259155,12173,46,-233
2026-08-22T00:02:00.636931+00:00,1787356906,18705,531 WhiteRock/WillowBrook,15259155,9291,47,-259
2026-08-22T00:02:00.636931+00:00,1787356906,18705,531 WhiteRock/WillowBrook,15259155,9292,48,-264
2026-08-22T00:02:00.636931+00:00,1787356906,18705,531 WhiteRock/WillowBrook,15259155,11264,49,-235
2026-08-22T00:02:00.636931+00:00,1787356906,18705,531 WhiteRock/WillowBrook,15259155,9303,50,-237
2026-08-22T00:02:00.636931+00:00,1787356906,18705,531 WhiteRock/WillowBrook,15259155,9304,51,-242
2026-08-22T00:02:00.636931+00:00,1787356906,18705,531 WhiteRock/WillowBrook,15259155,6475,52,-190
2026-08-22T00:02:00.636931+00:00,1787356906,18705,531 WhiteRock/WillowBrook,15259155,6476,53,-201
2026-08-22T00:02:00.636931+00:00,1787356906,18705,531 WhiteRock/WillowBrook,15259155,5335,54,-193
2026-08-22T00:02:00.636931+00:00,1787356906,18705,531 WhiteRock/WillowBrook,15259155,7100,55,-154
2026-08-22T00:02:00.636931+00:00,1787356906,18705,531 WhiteRock/WillowBrook,15259176,11574,10,289
2026-08-22T00:02:00.636931+00:00,1787356906,18705,531 WhiteRock/WillowBrook,15259176,11736,11,300
2026-08-22T00:02:00.636931+00:00,1787356906,18705,531 WhiteRock/WillowBrook,15259176,12379,12,296
2026-08-22T00:02:00.636931+00:00,1787356906,18705,531 WhiteRock/WillowBrook,15259176,11738,13,270
2026-08-22T00:02:00.636931+00:00,1787356906,18705,531 WhiteRock/WillowBrook,15259176,11743,14,235
2026-08-22T00:02:00.636931+00:00,1787356906,18705,531 WhiteRock/WillowBrook,15259176,12306,15,170
2026-08-22T00:02:00.636931+00:00,1787356906,18705,531 WhiteRock/WillowBrook,15259176,12218,16,116
2026-08-22T00:02:00.636931+00:00,1787356906,18705,531 WhiteRock/WillowBrook,15259176,11924,17,45
2026-08-22T00:02:00.636931+00:00,1787356906,18705,531 WhiteRock/WillowBrook,15259176,13131,18,6
2026-08-22T00:02:00.636931+00:00,1787356906,18705,531 WhiteRock/WillowBrook,15259176,11923,19,-22
2026-08-22T00:02:00.636931+00:00,1787356906,18705,531 WhiteRock/WillowBrook,15259176,12597,20,-92
2026-08-22T00:02:00.636931+00:00,1787356906,18705,531 WhiteRock/WillowBrook,15259176,11922,21,-109
2026-08-22T00:02:00.636931+00:00,1787356906,18705,531 WhiteRock/WillowBrook,15259176,11744,22,-96
2026-08-22T00:02:00.636931+00:00,1787356906,18705,531 WhiteRock/WillowBrook,15259176,11746,23,-112
2026-08-22T00:02:00.636931+00:00,1787356906,18705,531 WhiteRock/WillowBrook,15259176,11839,24,-108
2026-08-22T00:02:00.636931+00:00,1787356906,18705,531 WhiteRock/WillowBrook,15259176,12922,25,-122
2026-08-22T00:02:00.636931+00:00,1787356906,18705,531 WhiteRock/WillowBrook,15259176,12923,26,-157
2026-08-22T00:02:00.636931+00:00,1787356906,18705,531 WhiteRock/WillowBrook,15259176,12925,27,-153
2026-08-22T00:02:00.636931+00:00,1787356906,18705,531 WhiteRock/WillowBrook,15259176,12928,28,-176
2026-08-22T00:02:00.636931+00:00,1787356906,18705,531 WhiteRock/WillowBrook,15259176,12930,29,-193
2026-08-22T00:02:00.636931+00:00,1787356906,18705,531 WhiteRock/WillowBrook,15259176,13042,30,-208
2026-08-22T00:02:00.636931+00:00,1787356906,18705,531 WhiteRock/WillowBrook,15259176,8936,31,-198
2026-08-22T00:02:00.636931+00:00,1787356906,18705,531 WhiteRock/WillowBrook,15259176,9030,32,-209
2026-08-22T00:02:00.636931+00:00,1787356906,18705,531 WhiteRock/WillowBrook,15259176,8937,33,-230
2026-08-22T00:02:00.636931+00:00,1787356906,18705,531 WhiteRock/WillowBrook,15259176,8938,34,-231
2026-08-22T00:02:00.636931+00:00,1787356906,18705,531 WhiteRock/WillowBrook,15259176,7081,35,-231
2026-08-22T00:02:00.636931+00:00,1787356906,18705,531 WhiteRock/WillowBrook,15259176,7082,36,-237
2026-08-22T00:02:00.636931+00:00,1787356906,18705,531 WhiteRock/WillowBrook,15259176,7083,37,-265
2026-08-22T00:02:00.636931+00:00,1787356906,18705,531 WhiteRock/WillowBrook,15259176,7084,38,-284
2026-08-22T00:02:00.636931+00:00,1787356906,18705,531 WhiteRock/WillowBrook,15259176,7085,39,-320
2026-08-22T00:02:00.636931+00:00,1787356906,18705,531 WhiteRock/WillowBrook,15259176,8939,40,-334
2026-08-22T00:02:00.636931+00:00,1787356906,18705,531 WhiteRock/WillowBrook,15259176,7086,41,-346
2026-08-22T00:02:00.636931+00:00,1787356906,18705,531 WhiteRock/WillowBrook,15259176,8940,42,-373
2026-08-22T00:02:00.636931+00:00,1787356906,18705,531 WhiteRock/WillowBrook,15259176,5341,43,-390
2026-08-22T00:02:00.636931+00:00,1787356906,18705,531 WhiteRock/WillowBrook,15259176,5342,44,-391
2026-08-22T00:02:00.636931+00:00,1787356906,18705,531 WhiteRock/WillowBrook,15259176,12293,45,-383
2026-08-22T00:02:00.636931+00:00,1787356906,18705,531 WhiteRock/WillowBrook,15259176,12173,46,-315
2026-08-22T00:02:00.636931+00:00,1787356906,18705,531 WhiteRock/WillowBrook,15259176,9291,47,-341
2026-08-22T00:02:00.636931+00:00,1787356906,18705,531 WhiteRock/WillowBrook,15259176,9292,48,-346
2026-08-22T00:02:00.636931+00:00,1787356906,18705,531 WhiteRock/WillowBrook,15259176,11264,49,-311
2026-08-22T00:02:00.636931+00:00,1787356906,18705,531 WhiteRock/WillowBrook,15259176,9303,50,-304
2026-08-22T00:02:00.636931+00:00,1787356906,18705,531 WhiteRock/WillowBrook,15259176,9304,51,-308
2026-08-22T00:02:00.636931+00:00,1787356906,18705,531 WhiteRock/WillowBrook,15259176,6475,52,-260
2026-08-22T00:02:00.636931+00:00,1787356906,18705,531 WhiteRock/WillowBrook,15259176,6476,53,-267
2026-08-22T00:02:00.636931+00:00,1787356906,18705,531 WhiteRock/WillowBrook,15259176,5335,54,-257
2026-08-22T00:02:00.636931+00:00,1787356906,18705,531 WhiteRock/WillowBrook,15259176,7100,55,-213
2026-08-22T00:02:00.636931+00:00,1787356906,18705,531 WhiteRock/WillowBrook,15259178,13013,1,0
2026-08-22T00:02:00.636931+00:00,1787356906,18705,531 WhiteRock/WillowBrook,15259178,5438,3,-473
2026-08-22T00:02:00.636931+00:00,1787356906,18705,531 WhiteRock/WillowBrook,15259178,5439,4,-473
2026-08-22T00:02:00.636931+00:00,1787356906,18705,531 WhiteRock/WillowBrook,15259178,5440,5,-491
2026-08-22T00:02:00.636931+00:00,1787356906,18705,531 WhiteRock/WillowBrook,15259178,11755,6,-443
2026-08-22T00:02:00.636931+00:00,1787356906,18705,531 WhiteRock/WillowBrook,15259178,11734,7,-447
2026-08-22T00:02:00.636931+00:00,1787356906,18705,531 WhiteRock/WillowBrook,15259178,10856,8,-450
2026-08-22T00:02:00.636931+00:00,1787356906,18705,531 WhiteRock/WillowBrook,15259178,11583,9,-462
2026-08-22T00:02:00.636931+00:00,1787356906,18705,531 WhiteRock/WillowBrook,15259178,11574,10,-454
2026-08-22T00:02:00.636931+00:00,1787356906,18705,531 WhiteRock/WillowBrook,15259178,11736,11,-432
2026-08-22T00:02:00.636931+00:00,1787356906,18705,531 WhiteRock/WillowBrook,15259178,12379,12,-434
2026-08-22T00:02:00.636931+00:00,1787356906,18705,531 WhiteRock/WillowBrook,15259178,11738,13,-456
2026-08-22T00:02:00.636931+00:00,1787356906,18705,531 WhiteRock/WillowBrook,15259178,11743,14,-478
2026-08-22T00:02:00.636931+00:00,1787356906,18705,531 WhiteRock/WillowBrook,15259178,12306,15,-537
2026-08-22T00:02:00.636931+00:00,1787356906,18705,531 WhiteRock/WillowBrook,15259178,12218,16,-585
2026-08-22T00:02:00.636931+00:00,1787356906,18705,531 WhiteRock/WillowBrook,15259178,11924,17,-650
2026-08-22T00:02:00.636931+00:00,1787356906,18705,531 WhiteRock/WillowBrook,15259178,13131,18,-686
2026-08-22T00:02:00.636931+00:00,1787356906,18705,531 WhiteRock/WillowBrook,15259178,11923,19,-711
2026-08-22T00:02:00.636931+00:00,1787356906,18705,531 WhiteRock/WillowBrook,15259178,12597,20,-776
2026-08-22T00:02:00.636931+00:00,1787356906,18705,531 WhiteRock/WillowBrook,15259178,11922,21,-790
2026-08-22T00:02:00.636931+00:00,1787356906,18705,531 WhiteRock/WillowBrook,15259178,11744,22,-773
2026-08-22T00:02:00.636931+00:00,1787356906,18705,531 WhiteRock/WillowBrook,15259178,11746,23,-798
2026-08-22T00:02:00.636931+00:00,1787356906,18705,531 WhiteRock/WillowBrook,15259178,11839,24,-804
2026-08-22T00:02:00.636931+00:00,1787356906,18705,531 WhiteRock/WillowBrook,15259178,12922,25,-811
2026-08-22T00:02:00.636931+00:00,1787356906,18705,531 WhiteRock/WillowBrook,15259178,12923,26,-839
2026-08-22T00:02:00.636931+00:00,1787356906,18705,531 WhiteRock/WillowBrook,15259178,12925,27,-836
2026-08-22T00:02:00.636931+00:00,1787356906,18705,531 WhiteRock/WillowBrook,15259178,12928,28,-855
2026-08-22T00:02:00.636931+00:00,1787356906,18705,531 WhiteRock/WillowBrook,15259178,12930,29,-869
2026-08-22T00:02:00.636931+00:00,1787356906,18705,531 WhiteRock/WillowBrook,15259178,13042,30,-881
2026-08-22T00:02:00.636931+00:00,1787356906,18705,531 WhiteRock/WillowBrook,15259178,8936,31,-867
2026-08-22T00:02:00.636931+00:00,1787356906,18705,531 WhiteRock/WillowBrook,15259178,9030,32,-877
2026-08-22T00:02:00.636931+00:00,1787356906,18705,531 WhiteRock/WillowBrook,15259178,8937,33,-896
2026-08-22T00:02:00.636931+00:00,1787356906,18705,531 WhiteRock/WillowBrook,15259178,8938,34,-892
2026-08-22T00:02:00.636931+00:00,1787356906,18705,531 WhiteRock/WillowBrook,15259178,7081,35,-891
2026-08-22T00:02:00.636931+00:00,1787356906,18705,531 WhiteRock/WillowBrook,15259178,7082,36,-897
2026-08-22T00:02:00.636931+00:00,1787356906,18705,531 WhiteRock/WillowBrook,15259178,7083,37,-921
2026-08-22T00:02:00.636931+00:00,1787356906,18705,531 WhiteRock/WillowBrook,15259178,7084,38,-938
2026-08-22T00:02:00.636931+00:00,1787356906,18705,531 WhiteRock/WillowBrook,15259178,7085,39,-970
2026-08-22T00:02:00.636931+00:00,1787356906,18705,531 WhiteRock/WillowBrook,15259178,8939,40,-981
2026-08-22T00:02:00.636931+00:00,1787356906,18705,531 WhiteRock/WillowBrook,15259178,7086,41,-991
2026-08-22T00:02:00.636931+00:00,1787356906,18705,531 WhiteRock/WillowBrook,15259178,8940,42,-1013
2026-08-22T00:02:00.636931+00:00,1787356906,18705,531 WhiteRock/WillowBrook,15259178,5341,43,-1019
2026-08-22T00:02:00.636931+00:00,1787356906,18705,531 WhiteRock/WillowBrook,15259178,5342,44,-1018
2026-08-22T00:02:00.636931+00:00,1787356906,18705,531 WhiteRock/WillowBrook,15259178,12293,45,-1008
2026-08-22T00:02:00.636931+00:00,1787356906,18705,531 WhiteRock/WillowBrook,15259178,12173,46,-933
2026-08-22T00:02:00.636931+00:00,1787356906,18705,531 WhiteRock/WillowBrook,15259178,9291,47,-945
2026-08-22T00:02:00.636931+00:00,1787356906,18705,531 WhiteRock/WillowBrook,15259178,9292,48,-948
2026-08-22T00:02:00.636931+00:00,1787356906,18705,531 WhiteRock/WillowBrook,15259178,11264,49,-913
2026-08-22T00:02:00.636931+00:00,1787356906,18705,531 WhiteRock/WillowBrook,15259178,9303,50,-905
2026-08-22T00:02:00.636931+00:00,1787356906,18705,531 WhiteRock/WillowBrook,15259178,9304,51,-908
2026-08-22T00:02:00.636931+00:00,1787356906,18705,531 WhiteRock/WillowBrook,15259178,6475,52,-861
2026-08-22T00:02:00.636931+00:00,1787356906,18705,531 WhiteRock/WillowBrook,15259178,6476,53,-867
2026-08-22T00:02:00.636931+00:00,1787356906,18705,531 WhiteRock/WillowBrook,15259178,5335,54,-855
2026-08-22T00:02:00.636931+00:00,1787356906,18705,531 WhiteRock/WillowBrook,15259178,7100,55,-809
2026-08-22T00:02:00.636931+00:00,1787356906,18705,531 WhiteRock/WillowBrook,15259208,11751,30,171
2026-08-22T00:02:00.636931+00:00,1787356906,18705,531 WhiteRock/WillowBrook,15259208,11750,31,131
2026-08-22T00:02:00.636931+00:00,1787356906,18705,531 WhiteRock/WillowBrook,15259208,11747,32,101
2026-08-22T00:02:00.636931+00:00,1787356906,18705,531 WhiteRock/WillowBrook,15259208,11745,33,96
2026-08-22T00:02:00.636931+00:00,1787356906,18705,531 WhiteRock/WillowBrook,15259208,13040,34,87
2026-08-22T00:02:00.636931+00:00,1787356906,18705,531 WhiteRock/WillowBrook,15259208,12598,35,61
2026-08-22T00:02:00.636931+00:00,1787356906,18705,531 WhiteRock/WillowBrook,15259208,11920,36,-1
2026-08-22T00:02:00.636931+00:00,1787356906,18705,531 WhiteRock/WillowBrook,15259208,13130,37,-39
2026-08-22T00:02:00.636931+00:00,1787356906,18705,531 WhiteRock/WillowBrook,15259208,11925,38,-76
2026-08-22T00:02:00.636931+00:00,1787356906,18705,531 WhiteRock/WillowBrook,15259208,12219,39,-111
2026-08-22T00:02:00.636931+00:00,1787356906,18705,531 WhiteRock/WillowBrook,15259208,11741,40,-252
2026-08-22T00:02:00.636931+00:00,1787356906,18705,531 WhiteRock/WillowBrook,15259208,11740,41,-272
2026-08-22T00:02:00.636931+00:00,1787356906,18705,531 WhiteRock/WillowBrook,15259208,11739,42,-220
2026-08-22T00:02:00.636931+00:00,1787356906,18705,531 WhiteRock/WillowBrook,15259208,11737,43,-176
2026-08-22T00:02:00.636931+00:00,1787356906,18705,531 WhiteRock/WillowBrook,15259208,11757,44,-211
2026-08-22T00:02:00.636931+00:00,1787356906,18705,531 WhiteRock/WillowBrook,15259208,11735,45,-172
2026-08-22T00:02:00.636931+00:00,1787356906,18705,531 WhiteRock/WillowBrook,15259208,11756,46,-165
2026-08-22T00:02:00.636931+00:00,1787356906,18705,531 WhiteRock/WillowBrook,15259208,5535,47,-135
2026-08-22T00:02:00.636931+00:00,1787356906,18705,531 WhiteRock/WillowBrook,15259208,5536,48,-162
2026-08-22T00:02:00.636931+00:00,1787356906,18705,531 WhiteRock/WillowBrook,15259208,5537,49,-153
2026-08-22T00:02:00.636931+00:00,1787356906,18705,531 WhiteRock/WillowBrook,15259208,5538,50,-159
2026-08-22T00:02:00.636931+00:00,1787356906,18705,531 WhiteRock/WillowBrook,15259208,5539,51,-161
2026-08-22T00:02:00.636931+00:00,1787356906,18705,531 WhiteRock/WillowBrook,15259208,5540,52,-155
2026-08-22T00:02:00.636931+00:00,1787356906,18705,531 WhiteRock/WillowBrook,15259209,7092,11,182
2026-08-22T00:02:00.636931+00:00,1787356906,18705,531 WhiteRock/WillowBrook,15259209,10747,12,201
2026-08-22T00:02:00.636931+00:00,1787356906,18705,531 WhiteRock/WillowBrook,15259209,5364,13,204
2026-08-22T00:02:00.636931+00:00,1787356906,18705,531 WhiteRock/WillowBrook,15259209,11775,14,233
2026-08-22T00:02:00.636931+00:00,1787356906,18705,531 WhiteRock/WillowBrook,15259209,7171,15,200
2026-08-22T00:02:00.636931+00:00,1787356906,18705,531 WhiteRock/WillowBrook,15259209,7172,16,159
2026-08-22T00:02:00.636931+00:00,1787356906,18705,531 WhiteRock/WillowBrook,15259209,7173,17,146
2026-08-22T00:02:00.636931+00:00,1787356906,18705,531 WhiteRock/WillowBrook,15259209,7174,18,105
2026-08-22T00:02:00.636931+00:00,1787356906,18705,531 WhiteRock/WillowBrook,15259209,7175,19,91
2026-08-22T00:02:00.636931+00:00,1787356906,18705,531 WhiteRock/WillowBrook,15259209,7176,20,62
2026-08-22T00:02:00.636931+00:00,1787356906,18705,531 WhiteRock/WillowBrook,15259209,7177,21,69
2026-08-22T00:02:00.636931+00:00,1787356906,18705,531 WhiteRock/WillowBrook,15259209,8948,22,41
2026-08-22T00:02:00.636931+00:00,1787356906,18705,531 WhiteRock/WillowBrook,15259209,9031,23,20
2026-08-22T00:02:00.636931+00:00,1787356906,18705,531 WhiteRock/WillowBrook,15259209,12931,24,19
2026-08-22T00:02:00.636931+00:00,1787356906,18705,531 WhiteRock/WillowBrook,15259209,13041,25,-16
2026-08-22T00:02:00.636931+00:00,1787356906,18705,531 WhiteRock/WillowBrook,15259209,12929,26,-35
2026-08-22T00:02:00.636931+00:00,1787356906,18705,531 WhiteRock/WillowBrook,15259209,12927,27,-66
2026-08-22T00:02:00.636931+00:00,1787356906,18705,531 WhiteRock/WillowBrook,15259209,12926,28,-72
2026-08-22T00:02:00.636931+00:00,1787356906,18705,531 WhiteRock/WillowBrook,15259209,12924,29,-88
2026-08-22T00:02:00.636931+00:00,1787356906,18705,531 WhiteRock/WillowBrook,15259209,11751,30,-85
2026-08-22T00:02:00.636931+00:00,1787356906,18705,531 WhiteRock/WillowBrook,15259209,11750,31,-127
2026-08-22T00:02:00.636931+00:00,1787356906,18705,531 WhiteRock/WillowBrook,15259209,11747,32,-156
2026-08-22T00:02:00.636931+00:00,1787356906,18705,531 WhiteRock/WillowBrook,15259209,11745,33,-161
2026-08-22T00:02:00.636931+00:00,1787356906,18705,531 WhiteRock/WillowBrook,15259209,13040,34,-170
2026-08-22T00:02:00.636931+00:00,1787356906,18705,531 WhiteRock/WillowBrook,15259209,12598,35,-196
2026-08-22T00:02:00.636931+00:00,1787356906,18705,531 WhiteRock/WillowBrook,15259209,11920,36,-257
2026-08-22T00:02:00.636931+00:00,1787356906,18705,531 WhiteRock/WillowBrook,15259209,13130,37,-295
2026-08-22T00:02:00.636931+00:00,1787356906,18705,531 WhiteRock/WillowBrook,15259209,11925,38,-332
2026-08-22T00:02:00.636931+00:00,1787356906,18705,531 WhiteRock/WillowBrook,15259209,12219,39,-365
2026-08-22T00:02:00.636931+00:00,1787356906,18705,531 WhiteRock/WillowBrook,15259209,11741,40,-506
2026-08-22T00:02:00.636931+00:00,1787356906,18705,531 WhiteRock/WillowBrook,15259209,11740,41,-527
2026-08-22T00:02:00.636931+00:00,1787356906,18705,531 WhiteRock/WillowBrook,15259209,11739,42,-478
2026-08-22T00:02:00.636931+00:00,1787356906,18705,531 WhiteRock/WillowBrook,15259209,11737,43,-429
2026-08-22T00:02:00.636931+00:00,1787356906,18705,531 WhiteRock/WillowBrook,15259209,11757,44,-463
2026-08-22T00:02:00.636931+00:00,1787356906,18705,531 WhiteRock/WillowBrook,15259209,11735,45,-424
2026-08-22T00:02:00.636931+00:00,1787356906,18705,531 WhiteRock/WillowBrook,15259209,11756,46,-417
2026-08-22T00:02:00.636931+00:00,1787356906,18705,531 WhiteRock/WillowBrook,15259209,5535,47,-388
2026-08-22T00:02:00.636931+00:00,1787356906,18705,531 WhiteRock/WillowBrook,15259209,5536,48,-416
2026-08-22T00:02:00.636931+00:00,1787356906,18705,531 WhiteRock/WillowBrook,15259209,5537,49,-429
2026-08-22T00:02:00.636931+00:00,1787356906,18705,531 WhiteRock/WillowBrook,15259209,5538,50,-437
2026-08-22T00:02:00.636931+00:00,1787356906,18705,531 WhiteRock/WillowBrook,15259209,5539,51,-430
2026-08-22T00:02:00.636931+00:00,1787356906,18705,531 WhiteRock/WillowBrook,15259209,5540,52,-421
2026-08-22T00:02:00.636931+00:00,1787356906,18705,531 WhiteRock/WillowBrook,15259221,5539,51,-366
2026-08-22T00:02:00.636931+00:00,1787356906,18705,531 WhiteRock/WillowBrook,15259221,5540,52,-357
2026-08-22T00:06:45.339061+00:00,1787357191,6705,321 Surrey Central/WhiteRock,15247048,9929,58,338
2026-08-22T00:06:45.339061+00:00,1787357191,6705,321 Surrey Central/WhiteRock,15247048,9930,59,291
2026-08-22T00:06:45.339061+00:00,1787357191,6705,321 Surrey Central/WhiteRock,15247048,9932,60,196
2026-08-22T00:06:45.339061+00:00,1787357191,6705,321 Surrey Central/WhiteRock,15247049,11882,56,0
2026-08-22T00:06:45.339061+00:00,1787357191,6705,321 Surrey Central/WhiteRock,15247049,10442,57,83
2026-08-22T00:06:45.339061+00:00,1787357191,6705,321 Surrey Central/WhiteRock,15247049,9929,58,102
2026-08-22T00:06:45.339061+00:00,1787357191,6705,321 Surrey Central/WhiteRock,15247049,9930,59,52
2026-08-22T00:06:45.339061+00:00,1787357191,6705,321 Surrey Central/WhiteRock,15247049,9932,60,-43
2026-08-22T00:06:45.339061+00:00,1787357191,6705,321 Surrey Central/WhiteRock,15247050,5474,48,37
2026-08-22T00:06:45.339061+00:00,1787357191,6705,321 Surrey Central/WhiteRock,15247050,5475,49,-11
2026-08-22T00:06:45.339061+00:00,1787357191,6705,321 Surrey Central/WhiteRock,15247050,5476,50,-37
2026-08-22T00:06:45.339061+00:00,1787357191,6705,321 Surrey Central/WhiteRock,15247050,5477,51,-59
2026-08-22T00:06:45.339061+00:00,1787357191,6705,321 Surrey Central/WhiteRock,15247050,11725,52,-82
2026-08-22T00:06:45.339061+00:00,1787357191,6705,321 Surrey Central/WhiteRock,15247050,5040,53,-65
2026-08-22T00:06:45.339061+00:00,1787357191,6705,321 Surrey Central/WhiteRock,15247050,5041,54,-59
2026-08-22T00:06:45.339061+00:00,1787357191,6705,321 Surrey Central/WhiteRock,15247050,12155,55,-47
2026-08-22T00:06:45.339061+00:00,1787357191,6705,321 Surrey Central/WhiteRock,15247050,11882,56,0
2026-08-22T00:06:45.339061+00:00,1787357191,6705,321 Surrey Central/WhiteRock,15247050,10442,57,81
2026-08-22T00:06:45.339061+00:00,1787357191,6705,321 Surrey Central/WhiteRock,15247050,9929,58,99
2026-08-22T00:06:45.339061+00:00,1787357191,6705,321 Surrey Central/WhiteRock,15247050,9930,59,49
2026-08-22T00:06:45.339061+00:00,1787357191,6705,321 Surrey Central/WhiteRock,15247050,9932,60,-42
2026-08-22T00:06:45.339061+00:00,1787357191,6705,321 Surrey Central/WhiteRock,15247051,5465,39,162
2026-08-22T00:06:45.339061+00:00,1787357191,6705,321 Surrey Central/WhiteRock,15247051,5466,40,113
2026-08-22T00:06:45.339061+00:00,1787357191,6705,321 Surrey Central/WhiteRock,15247051,5467,41,119
2026-08-22T00:06:45.339061+00:00,1787357191,6705,321 Surrey Central/WhiteRock,15247051,5468,42,94
2026-08-22T00:06:45.339061+00:00,1787357191,6705,321 Surrey Central/WhiteRock,15247051,5469,43,53
2026-08-22T00:06:45.339061+00:00,1787357191,6705,321 Surrey Central/WhiteRock,15247051,5470,44,26
2026-08-22T00:06:45.339061+00:00,1787357191,6705,321 Surrey Central/WhiteRock,15247051,5471,45,-9
2026-08-22T00:06:45.339061+00:00,1787357191,6705,321 Surrey Central/WhiteRock,15247051,5472,46,-34
2026-08-22T00:06:45.339061+00:00,1787357191,6705,321 Surrey Central/WhiteRock,15247051,5473,47,-85
2026-08-22T00:06:45.339061+00:00,1787357191,6705,321 Surrey Central/WhiteRock,15247051,5474,48,-90
2026-08-22T00:06:45.339061+00:00,1787357191,6705,321 Surrey Central/WhiteRock,15247051,5475,49,-138
2026-08-22T00:06:45.339061+00:00,1787357191,6705,321 Surrey Central/WhiteRock,15247051,5476,50,-164
2026-08-22T00:06:45.339061+00:00,1787357191,6705,321 Surrey Central/WhiteRock,15247051,5477,51,-186
2026-08-22T00:06:45.339061+00:00,1787357191,6705,321 Surrey Central/WhiteRock,15247051,11725,52,-209
2026-08-22T00:06:45.339061+00:00,1787357191,6705,321 Surrey Central/WhiteRock,15247051,5040,53,-195
2026-08-22T00:06:45.339061+00:00,1787357191,6705,321 Surrey Central/WhiteRock,15247051,5041,54,-189
2026-08-22T00:06:45.339061+00:00,1787357191,6705,321 Surrey Central/WhiteRock,15247051,12155,55,-178
2026-08-22T00:06:45.339061+00:00,1787357191,6705,321 Surrey Central/WhiteRock,15247051,11882,56,0
2026-08-22T00:06:45.339061+00:00,1787357191,6705,321 Surrey Central/WhiteRock,15247051,10442,57,93
2026-08-22T00:06:45.339061+00:00,1787357191,6705,321 Surrey Central/WhiteRock,15247051,9929,58,119
2026-08-22T00:06:45.339061+00:00,1787357191,6705,321 Surrey Central/WhiteRock,15247051,9930,59,78
2026-08-22T00:06:45.339061+00:00,1787357191,6705,321 Surrey Central/WhiteRock,15247051,9932,60,-2
2026-08-22T00:06:45.339061+00:00,1787357191,6705,321 Surrey Central/WhiteRock,15247052,5448,21,-63
2026-08-22T00:06:45.339061+00:00,1787357191,6705,321 Surrey Central/WhiteRock,15247052,10437,22,-59
2026-08-22T00:06:45.339061+00:00,1787357191,6705,321 Surrey Central/WhiteRock,15247052,5449,23,-115
2026-08-22T00:06:45.339061+00:00,1787357191,6705,321 Surrey Central/WhiteRock,15247052,11313,24,-157
2026-08-22T00:06:45.339061+00:00,1787357191,6705,321 Surrey Central/WhiteRock,15247052,10808,25,-305
2026-08-22T00:06:45.339061+00:00,1787357191,6705,321 Surrey Central/WhiteRock,15247052,5452,26,-366
2026-08-22T00:06:45.339061+00:00,1787357191,6705,321 Surrey Central/WhiteRock,15247052,11913,27,-384
2026-08-22T00:06:45.339061+00:00,1787357191,6705,321 Surrey Central/WhiteRock,15247052,5454,28,-396
2026-08-22T00:06:45.339061+00:00,1787357191,6705,321 Surrey Central/WhiteRock,15247052,5455,29,-395
2026-08-22T00:06:45.339061+00:00,1787357191,6705,321 Surrey Central/WhiteRock,15247052,5456,30,-287
2026-08-22T00:06:45.339061+00:00,1787357191,6705,321 Surrey Central/WhiteRock,15247052,12651,31,-316
2026-08-22T00:06:45.339061+00:00,1787357191,6705,321 Surrey Central/WhiteRock,15247052,5458,32,-314
2026-08-22T00:06:45.339061+00:00,1787357191,6705,321 Surrey Central/WhiteRock,15247052,5459,33,-309
2026-08-22T00:06:45.339061+00:00,1787357191,6705,321 Surrey Central/WhiteRock,15247052,5460,34,-316
2026-08-22T00:06:45.339061+00:00,1787357191,6705,321 Surrey Central/WhiteRock,15247052,5461,35,-326
2026-08-22T00:06:45.339061+00:00,1787357191,6705,321 Surrey Central/WhiteRock,15247052,5462,36,-332
2026-08-22T00:06:45.339061+00:00,1787357191,6705,321 Surrey Central/WhiteRock,15247052,5463,37,-273
2026-08-22T00:06:45.339061+00:00,1787357191,6705,321 Surrey Central/WhiteRock,15247052,5700,38,0
2026-08-22T00:06:45.339061+00:00,1787357191,6705,321 Surrey Central/WhiteRock,15247052,5465,39,9
2026-08-22T00:06:45.339061+00:00,1787357191,6705,321 Surrey Central/WhiteRock,15247052,5466,40,-40
2026-08-22T00:06:45.339061+00:00,1787357191,6705,321 Surrey Central/WhiteRock,15247052,5467,41,-35
2026-08-22T00:06:45.339061+00:00,1787357191,6705,321 Surrey Central/WhiteRock,15247052,5468,42,-64
2026-08-22T00:06:45.339061+00:00,1787357191,6705,321 Surrey Central/WhiteRock,15247052,5469,43,-101
2026-08-22T00:06:45.339061+00:00,1787357191,6705,321 Surrey Central/WhiteRock,15247052,5470,44,-128
2026-08-22T00:06:45.339061+00:00,1787357191,6705,321 Surrey Central/WhiteRock,15247052,5471,45,-163
2026-08-22T00:06:45.339061+00:00,1787357191,6705,321 Surrey Central/WhiteRock,15247052,5472,46,-188
2026-08-22T00:06:45.339061+00:00,1787357191,6705,321 Surrey Central/WhiteRock,15247052,5473,47,-239
2026-08-22T00:06:45.339061+00:00,1787357191,6705,321 Surrey Central/WhiteRock,15247052,5474,48,-244
2026-08-22T00:06:45.339061+00:00,1787357191,6705,321 Surrey Central/WhiteRock,15247052,5475,49,-294
2026-08-22T00:06:45.339061+00:00,1787357191,6705,321 Surrey Central/WhiteRock,15247052,5476,50,-320
2026-08-22T00:06:45.339061+00:00,1787357191,6705,321 Surrey Central/WhiteRock,15247052,5477,51,-341
2026-08-22T00:06:45.339061+00:00,1787357191,6705,321 Surrey Central/WhiteRock,15247052,11725,52,-364
2026-08-22T00:06:45.339061+00:00,1787357191,6705,321 Surrey Central/WhiteRock,15247052,5040,53,-357
2026-08-22T00:06:45.339061+00:00,1787357191,6705,321 Surrey Central/WhiteRock,15247052,5041,54,-346
2026-08-22T00:06:45.339061+00:00,1787357191,6705,321 Surrey Central/WhiteRock,15247052,12155,55,-334
2026-08-22T00:06:45.339061+00:00,1787357191,6705,321 Surrey Central/WhiteRock,15247052,11882,56,0
2026-08-22T00:06:45.339061+00:00,1787357191,6705,321 Surrey Central/WhiteRock,15247052,10442,57,92
2026-08-22T00:06:45.339061+00:00,1787357191,6705,321 Surrey Central/WhiteRock,15247052,9929,58,100
2026-08-22T00:06:45.339061+00:00,1787357191,6705,321 Surrey Central/WhiteRock,15247052,9930,59,53
2026-08-22T00:06:45.339061+00:00,1787357191,6705,321 Surrey Central/WhiteRock,15247052,9932,60,-33
2026-08-22T00:06:45.339061+00:00,1787357191,6705,321 Surrey Central/WhiteRock,15247053,6174,9,87
2026-08-22T00:06:45.339061+00:00,1787357191,6705,321 Surrey Central/WhiteRock,15247053,5437,10,92
2026-08-22T00:06:45.339061+00:00,1787357191,6705,321 Surrey Central/WhiteRock,15247053,5438,11,90
2026-08-22T00:06:45.339061+00:00,1787357191,6705,321 Surrey Central/WhiteRock,15247053,5439,12,93
2026-08-22T00:06:45.339061+00:00,1787357191,6705,321 Surrey Central/WhiteRock,15247053,5440,13,73
2026-08-22T00:06:45.339061+00:00,1787357191,6705,321 Surrey Central/WhiteRock,15247053,5441,14,97
2026-08-22T00:06:45.339061+00:00,1787357191,6705,321 Surrey Central/WhiteRock,15247053,5442,15,75
2026-08-22T00:06:45.339061+00:00,1787357191,6705,321 Surrey Central/WhiteRock,15247053,5444,16,82
2026-08-22T00:06:45.339061+00:00,1787357191,6705,321 Surrey Central/WhiteRock,15247053,9083,17,55
2026-08-22T00:06:45.339061+00:00,1787357191,6705,321 Surrey Central/WhiteRock,15247053,5446,18,60
2026-08-22T00:06:45.339061+00:00,1787357191,6705,321 Surrey Central/WhiteRock,15247053,10445,19,52
2026-08-22T00:06:45.339061+00:00,1787357191,6705,321 Surrey Central/WhiteRock,15247053,5447,20,14
2026-08-22T00:06:45.339061+00:00,1787357191,6705,321 Surrey Central/WhiteRock,15247053,5448,21,13
2026-08-22T00:06:45.339061+00:00,1787357191,6705,321 Surrey Central/WhiteRock,15247053,10437,22,11
2026-08-22T00:06:45.339061+00:00,1787357191,6705,321 Surrey Central/WhiteRock,15247053,5449,23,-45
2026-08-22T00:06:45.339061+00:00,1787357191,6705,321 Surrey Central/WhiteRock,15247053,11313,24,-87
2026-08-22T00:06:45.339061+00:00,1787357191,6705,321 Surrey Central/WhiteRock,15247053,10808,25,-235
2026-08-22T00:06:45.339061+00:00,1787357191,6705,321 Surrey Central/WhiteRock,15247053,5452,26,-295
2026-08-22T00:06:45.339061+00:00,1787357191,6705,321 Surrey Central/WhiteRock,15247053,11913,27,-313
2026-08-22T00:06:45.339061+00:00,1787357191,6705,321 Surrey Central/WhiteRock,15247053,5454,28,-326
2026-08-22T00:06:45.339061+00:00,1787357191,6705,321 Surrey Central/WhiteRock,15247053,5455,29,-325
2026-08-22T00:06:45.339061+00:00,1787357191,6705,321 Surrey Central/WhiteRock,15247053,5456,30,-217
2026-08-22T00:06:45.339061+00:00,1787357191,6705,321 Surrey Central/WhiteRock,15247053,12651,31,-246
2026-08-22T00:06:45.339061+00:00,1787357191,6705,321 Surrey Central/WhiteRock,15247053,5458,32,-244
2026-08-22T00:06:45.339061+00:00,1787357191,6705,321 Surrey Central/WhiteRock,15247053,5459,33,-239
2026-08-22T00:06:45.339061+00:00,1787357191,6705,321 Surrey Central/WhiteRock,15247053,5460,34,-246
2026-08-22T00:06:45.339061+00:00,1787357191,6705,321 Surrey Central/WhiteRock,15247053,5461,35,-256
2026-08-22T00:06:45.339061+00:00,1787357191,6705,321 Surrey Central/WhiteRock,15247053,5462,36,-262
2026-08-22T00:06:45.339061+00:00,1787357191,6705,321 Surrey Central/WhiteRock,15247053,5463,37,-200
2026-08-22T00:06:45.339061+00:00,1787357191,6705,321 Surrey Central/WhiteRock,15247053,5700,38,0
2026-08-22T00:06:45.339061+00:00,1787357191,6705,321 Surrey Central/WhiteRock,15247053,5465,39,12
2026-08-22T00:06:45.339061+00:00,1787357191,6705,321 Surrey Central/WhiteRock,15247053,5466,40,-37
2026-08-22T00:06:45.339061+00:00,1787357191,6705,321 Surrey Central/WhiteRock,15247053,5467,41,-31
2026-08-22T00:06:45.339061+00:00,1787357191,6705,321 Surrey Central/WhiteRock,15247053,5468,42,-60
2026-08-22T00:06:45.339061+00:00,1787357191,6705,321 Surrey Central/WhiteRock,15247053,5469,43,-103
2026-08-22T00:06:45.339061+00:00,1787357191,6705,321 Surrey Central/WhiteRock,15247053,5470,44,-130
2026-08-22T00:06:45.339061+00:00,1787357191,6705,321 Surrey Central/WhiteRock,15247053,5471,45,-165
2026-08-22T00:06:45.339061+00:00,1787357191,6705,321 Surrey Central/WhiteRock,15247053,5472,46,-191
2026-08-22T00:06:45.339061+00:00,1787357191,6705,321 Surrey Central/WhiteRock,15247053,5473,47,-242
2026-08-22T00:06:45.339061+00:00,1787357191,6705,321 Surrey Central/WhiteRock,15247053,5474,48,-247
2026-08-22T00:06:45.339061+00:00,1787357191,6705,321 Surrey Central/WhiteRock,15247053,5475,49,-297
2026-08-22T00:06:45.339061+00:00,1787357191,6705,321 Surrey Central/WhiteRock,15247053,5476,50,-323
2026-08-22T00:06:45.339061+00:00,1787357191,6705,321 Surrey Central/WhiteRock,15247053,5477,51,-345
2026-08-22T00:06:45.339061+00:00,1787357191,6705,321 Surrey Central/WhiteRock,15247053,11725,52,-368
2026-08-22T00:06:45.339061+00:00,1787357191,6705,321 Surrey Central/WhiteRock,15247053,5040,53,-360
2026-08-22T00:06:45.339061+00:00,1787357191,6705,321 Surrey Central/WhiteRock,15247053,5041,54,-353
2026-08-22T00:06:45.339061+00:00,1787357191,6705,321 Surrey Central/WhiteRock,15247053,12155,55,-343
2026-08-22T00:06:45.339061+00:00,1787357191,6705,321 Surrey Central/WhiteRock,15247053,11882,56,0
2026-08-22T00:06:45.339061+00:00,1787357191,6705,321 Surrey Central/WhiteRock,15247053,10442,57,80
2026-08-22T00:06:45.339061+00:00,1787357191,6705,321 Surrey Central/WhiteRock,15247053,9929,58,86
2026-08-22T00:06:45.339061+00:00,1787357191,6705,321 Surrey Central/WhiteRock,15247053,9930,59,36
2026-08-22T00:06:45.339061+00:00,1787357191,6705,321 Surrey Central/WhiteRock,15247053,9932,60,-49
2026-08-22T00:06:45.339061+00:00,1787357191,6705,321 Surrey Central/WhiteRock,15247054,6197,1,0
2026-08-22T00:06:45.339061+00:00,1787357191,6705,321 Surrey Central/WhiteRock,15247054,6198,2,0
2026-08-22T00:06:45.339061+00:00,1787357191,6705,321 Surrey Central/WhiteRock,15247054,6199,3,0
2026-08-22T00:06:45.339061+00:00,1787357191,6705,321 Surrey Central/WhiteRock,15247054,6200,4,0
2026-08-22T00:06:45.339061+00:00,1787357191,6705,321 Surrey Central/WhiteRock,15247054,6201,5,0
2026-08-22T00:06:45.339061+00:00,1787357191,6705,321 Surrey Central/WhiteRock,15247054,6354,6,0
2026-08-22T00:06:45.339061+00:00,1787357191,6705,321 Surrey Central/WhiteRock,15247054,6355,7,0
2026-08-22T00:06:45.339061+00:00,1787357191,6705,321 Surrey Central/WhiteRock,15247054,6356,8,0
2026-08-22T00:06:45.339061+00:00,1787357191,6705,321 Surrey Central/WhiteRock,15247054,6174,9,0
2026-08-22T00:06:45.339061+00:00,1787357191,6705,321 Surrey Central/WhiteRock,15247054,5437,10,0
2026-08-22T00:06:45.339061+00:00,1787357191,6705,321 Surrey Central/WhiteRock,15247054,5438,11,0
2026-08-22T00:06:45.339061+00:00,1787357191,6705,321 Surrey Central/WhiteRock,15247054,5439,12,0
2026-08-22T00:06:45.339061+00:00,1787357191,6705,321 Surrey Central/WhiteRock,15247054,5440,13,0
2026-08-22T00:06:45.339061+00:00,1787357191,6705,321 Surrey Central/WhiteRock,15247054,5441,14,0
2026-08-22T00:06:45.339061+00:00,1787357191,6705,321 Surrey Central/WhiteRock,15247054,5442,15,0
2026-08-22T00:06:45.339061+00:00,1787357191,6705,321 Surrey Central/WhiteRock,15247054,5444,16,0
2026-08-22T00:06:45.339061+00:00,1787357191,6705,321 Surrey Central/WhiteRock,15247054,9083,17,0
2026-08-22T00:06:45.339061+00:00,1787357191,6705,321 Surrey Central/WhiteRock,15247054,5446,18,0
2026-08-22T00:06:45.339061+00:00,1787357191,6705,321 Surrey Central/WhiteRock,15247054,10445,19,0
2026-08-22T00:06:45.339061+00:00,1787357191,6705,321 Surrey Central/WhiteRock,15247054,5447,20,0
2026-08-22T00:06:45.339061+00:00,1787357191,6705,321 Surrey Central/WhiteRock,15247054,5448,21,0
2026-08-22T00:06:45.339061+00:00,1787357191,6705,321 Surrey Central/WhiteRock,15247054,10437,22,0
2026-08-22T00:06:45.339061+00:00,1787357191,6705,321 Surrey Central/WhiteRock,15247054,5449,23,0
2026-08-22T00:06:45.339061+00:00,1787357191,6705,321 Surrey Central/WhiteRock,15247054,11313,24,0
2026-08-22T00:06:45.339061+00:00,1787357191,6705,321 Surrey Central/WhiteRock,15247054,10808,25,0
2026-08-22T00:06:45.339061+00:00,1787357191,6705,321 Surrey Central/WhiteRock,15247054,5452,26,0
2026-08-22T00:06:45.339061+00:00,1787357191,6705,321 Surrey Central/WhiteRock,15247054,11913,27,0
2026-08-22T00:06:45.339061+00:00,1787357191,6705,321 Surrey Central/WhiteRock,15247054,5454,28,0
2026-08-22T00:06:45.339061+00:00,1787357191,6705,321 Surrey Central/WhiteRock,15247054,5455,29,0
2026-08-22T00:06:45.339061+00:00,1787357191,6705,321 Surrey Central/WhiteRock,15247054,5456,30,0
2026-08-22T00:06:45.339061+00:00,1787357191,6705,321 Surrey Central/WhiteRock,15247054,12651,31,0
2026-08-22T00:06:45.339061+00:00,1787357191,6705,321 Surrey Central/WhiteRock,15247054,5458,32,0
2026-08-22T00:06:45.339061+00:00,1787357191,6705,321 Surrey Central/WhiteRock,15247054,5459,33,0
2026-08-22T00:06:45.339061+00:00,1787357191,6705,321 Surrey Central/WhiteRock,15247054,5460,34,0
2026-08-22T00:06:45.339061+00:00,1787357191,6705,321 Surrey Central/WhiteRock,15247054,5461,35,0
2026-08-22T00:06:45.339061+00:00,1787357191,6705,321 Surrey Central/WhiteRock,15247054,5462,36,0
2026-08-22T00:06:45.339061+00:00,1787357191,6705,321 Surrey Central/WhiteRock,15247054,5463,37,0
2026-08-22T00:06:45.339061+00:00,1787357191,6705,321 Surrey Central/WhiteRock,15247054,5700,38,0
2026-08-22T00:06:45.339061+00:00,1787357191,6705,321 Surrey Central/WhiteRock,15247054,5465,39,0
2026-08-22T00:06:45.339061+00:00,1787357191,6705,321 Surrey Central/WhiteRock,15247054,5466,40,0
2026-08-22T00:06:45.339061+00:00,1787357191,6705,321 Surrey Central/WhiteRock,15247054,5467,41,0
2026-08-22T00:06:45.339061+00:00,1787357191,6705,321 Surrey Central/WhiteRock,15247054,5468,42,0
2026-08-22T00:06:45.339061+00:00,1787357191,6705,321 Surrey Central/WhiteRock,15247054,5469,43,0
2026-08-22T00:06:45.339061+00:00,1787357191,6705,321 Surrey Central/WhiteRock,15247054,5470,44,0
2026-08-22T00:06:45.339061+00:00,1787357191,6705,321 Surrey Central/WhiteRock,15247054,5471,45,0
2026-08-22T00:06:45.339061+00:00,1787357191,6705,321 Surrey Central/WhiteRock,15247054,5472,46,0
2026-08-22T00:06:45.339061+00:00,1787357191,6705,321 Surrey Central/WhiteRock,15247054,5473,47,0
2026-08-22T00:06:45.339061+00:00,1787357191,6705,321 Surrey Central/WhiteRock,15247054,5474,48,0
2026-08-22T00:06:45.339061+00:00,1787357191,6705,321 Surrey Central/WhiteRock,15247054,5475,49,0
2026-08-22T00:06:45.339061+00:00,1787357191,6705,321 Surrey Central/WhiteRock,15247054,5476,50,0
2026-08-22T00:06:45.339061+00:00,1787357191,6705,321 Surrey Central/WhiteRock,15247054,5477,51,0
2026-08-22T00:06:45.339061+00:00,1787357191,6705,321 Surrey Central/WhiteRock,15247054,11725,52,0
2026-08-22T00:06:45.339061+00:00,1787357191,6705,321 Surrey Central/WhiteRock,15247054,5040,53,0
2026-08-22T00:06:45.339061+00:00,1787357191,6705,321 Surrey Central/WhiteRock,15247054,5041,54,0
2026-08-22T00:06:45.339061+00:00,1787357191,6705,321 Surrey Central/WhiteRock,15247054,12155,55,0
2026-08-22T00:06:45.339061+00:00,1787357191,6705,321 Surrey Central/WhiteRock,15247054,11882,56,0
2026-08-22T00:06:45.339061+00:00,1787357191,6705,321 Surrey Central/WhiteRock,15247054,10442,57,0
2026-08-22T00:06:45.339061+00:00,1787357191,6705,321 Surrey Central/WhiteRock,15247054,9929,58,0
2026-08-22T00:06:45.339061+00:00,1787357191,6705,321 Surrey Central/WhiteRock,15247054,9930,59,0
2026-08-22T00:06:45.339061+00:00,1787357191,6705,321 Surrey Central/WhiteRock,15247054,9932,60,0
2026-08-22T00:06:45.339061+00:00,1787357191,6705,321 Surrey Central/WhiteRock,15247067,11313,24,226
2026-08-22T00:06:45.339061+00:00,1787357191,6705,321 Surrey Central/WhiteRock,15247067,10808,25,73
2026-08-22T00:06:45.339061+00:00,1787357191,6705,321 Surrey Central/WhiteRock,15247067,5452,26,5
2026-08-22T00:06:45.339061+00:00,1787357191,6705,321 Surrey Central/WhiteRock,15247067,11913,27,-14
2026-08-22T00:06:45.339061+00:00,1787357191,6705,321 Surrey Central/WhiteRock,15247067,5454,28,-29
2026-08-22T00:06:45.339061+00:00,1787357191,6705,321 Surrey Central/WhiteRock,15247067,5455,29,-29
2026-08-22T00:06:45.339061+00:00,1787357191,6705,321 Surrey Central/WhiteRock,15247067,5456,30,78
2026-08-22T00:06:45.339061+00:00,1787357191,6705,321 Surrey Central/WhiteRock,15247067,12651,31,48
2026-08-22T00:06:45.339061+00:00,1787357191,6705,321 Surrey Central/WhiteRock,15247067,5458,32,50
2026-08-22T00:06:45.339061+00:00,1787357191,6705,321 Surrey Central/WhiteRock,15247067,5459,33,54
2026-08-22T00:06:45.339061+00:00,1787357191,6705,321 Surrey Central/WhiteRock,15247067,5460,34,47
2026-08-22T00:06:45.339061+00:00,1787357191,6705,321 Surrey Central/WhiteRock,15247067,5461,35,36
2026-08-22T00:06:45.339061+00:00,1787357191,6705,321 Surrey Central/WhiteRock,15247067,5462,36,29
2026-08-22T00:06:45.339061+00:00,1787357191,6705,321 Surrey Central/WhiteRock,15247067,5463,37,90
2026-08-22T00:06:45.339061+00:00,1787357191,6705,321 Surrey Central/WhiteRock,15247067,5700,38,203
2026-08-22T00:06:45.339061+00:00,1787357191,6705,321 Surrey Central/WhiteRock,15247067,5465,39,215
2026-08-22T00:06:45.339061+00:00,1787357191,6705,321 Surrey Central/WhiteRock,15247067,5466,40,166
2026-08-22T00:06:45.339061+00:00,1787357191,6705,321 Surrey Central/WhiteRock,15247067,5467,41,171
2026-08-22T00:06:45.339061+00:00,1787357191,6705,321 Surrey Central/WhiteRock,15247067,5468,42,142
2026-08-22T00:06:45.339061+00:00,1787357191,6705,321 Surrey Central/WhiteRock,15247067,5469,43,97
2026-08-22T00:06:45.339061+00:00,1787357191,6705,321 Surrey Central/WhiteRock,15247067,5470,44,70
2026-08-22T00:06:45.339061+00:00,1787357191,6705,321 Surrey Central/WhiteRock,15247067,5471,45,35
2026-08-22T00:06:45.339061+00:00,1787357191,6705,321 Surrey Central/WhiteRock,15247067,5472,46,10
2026-08-22T00:06:45.339061+00:00,1787357191,6705,321 Surrey Central/WhiteRock,15247067,5473,47,-41
2026-08-22T00:06:45.339061+00:00,1787357191,6705,321 Surrey Central/WhiteRock,15247067,5474,48,-46
2026-08-22T00:06:45.339061+00:00,1787357191,6705,321 Surrey Central/WhiteRock,15247067,5475,49,-96
2026-08-22T00:06:45.339061+00:00,1787357191,6705,321 Surrey Central/WhiteRock,15247067,5476,50,-126
2026-08-22T00:06:45.339061+00:00,1787357191,6705,321 Surrey Central/WhiteRock,15247067,5477,51,-148
2026-08-22T00:06:45.339061+00:00,1787357191,6705,321 Surrey Central/WhiteRock,15247067,11725,52,-172
2026-08-22T00:06:45.339061+00:00,1787357191,6705,321 Surrey Central/WhiteRock,15247067,5040,53,-163
2026-08-22T00:06:45.339061+00:00,1787357191,6705,321 Surrey Central/WhiteRock,15247067,5041,54,-159
2026-08-22T00:06:45.339061+00:00,1787357191,6705,321 Surrey Central/WhiteRock,15247067,12155,55,-147
2026-08-22T00:06:45.339061+00:00,1787357191,6705,321 Surrey Central/WhiteRock,15247067,11882,56,0
2026-08-22T00:06:45.339061+00:00,1787357191,6705,321 Surrey Central/WhiteRock,15247067,10442,57,95
2026-08-22T00:06:45.339061+00:00,1787357191,6705,321 Surrey Central/WhiteRock,15247067,9929,58,120
2026-08-22T00:06:45.339061+00:00,1787357191,6705,321 Surrey Central/WhiteRock,15247067,9930,59,79
2026-08-22T00:06:45.339061+00:00,1787357191,6705,321 Surrey Central/WhiteRock,15247067,9932,60,0
2026-08-22T00:06:45.339061+00:00,1787357191,6705,321 Surrey Central/WhiteRock,15247080,5463,37,-265
2026-08-22T00:06:45.339061+00:00,1787357191,6705,321 Surrey Central/WhiteRock,15247080,5700,38,0
2026-08-22T00:06:45.339061+00:00,1787357191,6705,321 Surrey Central/WhiteRock,15247080,5465,39,9
2026-08-22T00:06:45.339061+00:00,1787357191,6705,321 Surrey Central/WhiteRock,15247080,5466,40,-40
2026-08-22T00:06:45.339061+00:00,1787357191,6705,321 Surrey Central/WhiteRock,15247080,5467,41,-34
2026-08-22T00:06:45.339061+00:00,1787357191,6705,321 Surrey Central/WhiteRock,15247080,5468,42,-61
2026-08-22T00:06:45.339061+00:00,1787357191,6705,321 Surrey Central/WhiteRock,15247080,5469,43,-99
2026-08-22T00:06:45.339061+00:00,1787357191,6705,321 Surrey Central/WhiteRock,15247080,5470,44,-126
2026-08-22T00:06:45.339061+00:00,1787357191,6705,321 Surrey Central/WhiteRock,15247080,5471,45,-161
2026-08-22T00:06:45.339061+00:00,1787357191,6705,321 Surrey Central/WhiteRock,15247080,5472,46,-186
2026-08-22T00:06:45.339061+00:00,1787357191,6705,321 Surrey Central/WhiteRock,15247080,5473,47,-237
2026-08-22T00:06:45.339061+00:00,1787357191,6705,321 Surrey Central/WhiteRock,15247080,5474,48,-242
2026-08-22T00:06:45.339061+00:00,1787357191,6705,321 Surrey Central/WhiteRock,15247080,5475,49,-292
2026-08-22T00:06:45.339061+00:00,1787357191,6705,321 Surrey Central/WhiteRock,15247080,5476,50,-318
2026-08-22T00:06:45.339061+00:00,1787357191,6705,321 Surrey Central/WhiteRock,15247080,5477,51,-340
2026-08-22T00:06:45.339061+00:00,1787357191,6705,321 Surrey Central/WhiteRock,15247080,11725,52,-364
2026-08-22T00:06:45.339061+00:00,1787357191,6705,321 Surrey Central/WhiteRock,15247080,5040,53,-350
2026-08-22T00:06:45.339061+00:00,1787357191,6705,321 Surrey Central/WhiteRock,15247080,5041,54,-346
2026-08-22T00:06:45.339061+00:00,1787357191,6705,321 Surrey Central/WhiteRock,15247080,12155,55,-334
2026-08-22T00:06:45.339061+00:00,1787357191,6705,321 Surrey Central/WhiteRock,15247080,11882,56,0
2026-08-22T00:06:45.339061+00:00,1787357191,6705,321 Surrey Central/WhiteRock,15247080,10442,57,93
2026-08-22T00:06:45.339061+00:00,1787357191,6705,321 Surrey Central/WhiteRock,15247080,9929,58,119
2026-08-22T00:06:45.339061+00:00,1787357191,6705,321 Surrey Central/WhiteRock,15247080,9930,59,78
2026-08-22T00:06:45.339061+00:00,1787357191,6705,321 Surrey Central/WhiteRock,15247080,9932,60,-1
2026-08-22T00:06:45.339061+00:00,1787357191,6705,321 Surrey Central/WhiteRock,15247159,5529,46,-280
2026-08-22T00:06:45.339061+00:00,1787357191,6705,321 Surrey Central/WhiteRock,15247159,5530,47,-297
2026-08-22T00:06:45.339061+00:00,1787357191,6705,321 Surrey Central/WhiteRock,15247159,5533,48,-306
2026-08-22T00:06:45.339061+00:00,1787357191,6705,321 Surrey Central/WhiteRock,15247159,5534,49,-321
2026-08-22T00:06:45.339061+00:00,1787357191,6705,321 Surrey Central/WhiteRock,15247159,5535,50,-303
2026-08-22T00:06:45.339061+00:00,1787357191,6705,321 Surrey Central/WhiteRock,15247159,5536,51,-328
2026-08-22T00:06:45.339061+00:00,1787357191,6705,321 Surrey Central/WhiteRock,15247159,5537,52,-341
2026-08-22T00:06:45.339061+00:00,1787357191,6705,321 Surrey Central/WhiteRock,15247159,5538,53,-349
2026-08-22T00:06:45.339061+00:00,1787357191,6705,321 Surrey Central/WhiteRock,15247159,5541,54,-316
2026-08-22T00:06:45.339061+00:00,1787357191,6705,321 Surrey Central/WhiteRock,15247159,5542,55,-303
2026-08-22T00:06:45.339061+00:00,1787357191,6705,321 Surrey Central/WhiteRock,15247159,6195,56,-281
2026-08-22T00:06:45.339061+00:00,1787357191,6705,321 Surrey Central/WhiteRock,15247160,5521,38,-44
2026-08-22T00:06:45.339061+00:00,1787357191,6705,321 Surrey Central/WhiteRock,15247160,5522,39,-185
2026-08-22T00:06:45.339061+00:00,1787357191,6705,321 Surrey Central/WhiteRock,15247160,5523,40,-223
2026-08-22T00:06:45.339061+00:00,1787357191,6705,321 Surrey Central/WhiteRock,15247160,6466,41,-243
2026-08-22T00:06:45.339061+00:00,1787357191,6705,321 Surrey Central/WhiteRock,15247160,5524,42,-210
2026-08-22T00:06:45.339061+00:00,1787357191,6705,321 Surrey Central/WhiteRock,15247160,5525,43,-241
2026-08-22T00:06:45.339061+00:00,1787357191,6705,321 Surrey Central/WhiteRock,15247160,10443,44,-272
2026-08-22T00:06:45.339061+00:00,1787357191,6705,321 Surrey Central/WhiteRock,15247160,5528,45,-270
2026-08-22T00:06:45.339061+00:00,1787357191,6705,321 Surrey Central/WhiteRock,15247160,5529,46,-294
2026-08-22T00:06:45.339061+00:00,1787357191,6705,321 Surrey Central/WhiteRock,15247160,5530,47,-311
2026-08-22T00:06:45.339061+00:00,1787357191,6705,321 Surrey Central/WhiteRock,15247160,5533,48,-319
2026-08-22T00:06:45.339061+00:00,1787357191,6705,321 Surrey Central/WhiteRock,15247160,5534,49,-334
2026-08-22T00:06:45.339061+00:00,1787357191,6705,321 Surrey Central/WhiteRock,15247160,5535,50,-342
2026-08-22T00:06:45.339061+00:00,1787357191,6705,321 Surrey Central/WhiteRock,15247160,5536,51,-368
2026-08-22T00:06:45.339061+00:00,1787357191,6705,321 Surrey Central/WhiteRock,15247160,5537,52,-381
2026-08-22T00:06:45.339061+00:00,1787357191,6705,321 Surrey Central/WhiteRock,15247160,5538,53,-390
2026-08-22T00:06:45.339061+00:00,1787357191,6705,321 Surrey Central/WhiteRock,15247160,5541,54,-360
2026-08-22T00:06:45.339061+00:00,1787357191,6705,321 Surrey Central/WhiteRock,15247160,5542,55,-348
2026-08-22T00:06:45.339061+00:00,1787357191,6705,321 Surrey Central/WhiteRock,15247160,6195,56,-326
2026-08-22T00:06:45.339061+00:00,1787357191,6705,321 Surrey Central/WhiteRock,15247161,5505,24,-53
2026-08-22T00:06:45.339061+00:00,1787357191,6705,321 Surrey Central/WhiteRock,15247161,5507,25,-45
2026-08-22T00:06:45.339061+00:00,1787357191,6705,321 Surrey Central/WhiteRock,15247161,5633,26,0
2026-08-22T00:06:45.339061+00:00,1787357191,6705,321 Surrey Central/WhiteRock,15247161,5510,27,36
2026-08-22T00:06:45.339061+00:00,1787357191,6705,321 Surrey Central/WhiteRock,15247161,5511,28,29
2026-08-22T00:06:45.339061+00:00,1787357191,6705,321 Surrey Central/WhiteRock,15247161,5512,29,26
2026-08-22T00:06:45.339061+00:00,1787357191,6705,321 Surrey Central/WhiteRock,15247161,5513,30,12
2026-08-22T00:06:45.339061+00:00,1787357191,6705,321 Surrey Central/WhiteRock,15247161,5514,31,102
2026-08-22T00:06:45.339061+00:00,1787357191,6705,321 Surrey Central/WhiteRock,15247161,5515,32,95
2026-08-22T00:06:45.339061+00:00,1787357191,6705,321 Surrey Central/WhiteRock,15247161,5516,33,107
2026-08-22T00:06:45.339061+00:00,1787357191,6705,321 Surrey Central/WhiteRock,15247161,5517,34,110
2026-08-22T00:06:45.339061+00:00,1787357191,6705,321 Surrey Central/WhiteRock,15247161,5518,35,116
2026-08-22T00:06:45.339061+00:00,1787357191,6705,321 Surrey Central/WhiteRock,15247161,5519,36,93
2026-08-22T00:06:45.339061+00:00,1787357191,6705,321 Surrey Central/WhiteRock,15247161,5520,37,82
2026-08-22T00:06:45.339061+00:00,1787357191,6705,321 Surrey Central/WhiteRock,15247161,5521,38,-128
2026-08-22T00:06:45.339061+00:00,1787357191,6705,321 Surrey Central/WhiteRock,15247161,5522,39,-263
2026-08-22T00:06:45.339061+00:00,1787357191,6705,321 Surrey Central/WhiteRock,15247161,5523,40,-299
2026-08-22T00:06:45.339061+00:00,1787357191,6705,321 Surrey Central/WhiteRock,15247161,6466,41,-305
2026-08-22T00:06:45.339061+00:00,1787357191,6705,321 Surrey Central/WhiteRock,15247161,5524,42,-268
2026-08-22T00:06:45.339061+00:00,1787357191,6705,321 Surrey Central/WhiteRock,15247161,5525,43,-298
2026-08-22T00:06:45.339061+00:00,1787357191,6705,321 Surrey Central/WhiteRock,15247161,10443,44,-328
2026-08-22T00:06:45.339061+00:00,1787357191,6705,321 Surrey Central/WhiteRock,15247161,5528,45,-322
2026-08-22T00:06:45.339061+00:00,1787357191,6705,321 Surrey Central/WhiteRock,15247161,5529,46,-344
2026-08-22T00:06:45.339061+00:00,1787357191,6705,321 Surrey Central/WhiteRock,15247161,5530,47,-360
2026-08-22T00:06:45.339061+00:00,1787357191,6705,321 Surrey Central/WhiteRock,15247161,5533,48,-368
2026-08-22T00:06:45.339061+00:00,1787357191,6705,321 Surrey Central/WhiteRock,15247161,5534,49,-388
2026-08-22T00:06:45.339061+00:00,1787357191,6705,321 Surrey Central/WhiteRock,15247161,5535,50,-377
2026-08-22T00:06:45.339061+00:00,1787357191,6705,321 Surrey Central/WhiteRock,15247161,5536,51,-401
2026-08-22T00:06:45.339061+00:00,1787357191,6705,321 Surrey Central/WhiteRock,15247161,5537,52,-412
2026-08-22T00:06:45.339061+00:00,1787357191,6705,321 Surrey Central/WhiteRock,15247161,5538,53,-419
2026-08-22T00:06:45.339061+00:00,1787357191,6705,321 Surrey Central/WhiteRock,15247161,5541,54,-388
2026-08-22T00:06:45.339061+00:00,1787357191,6705,321 Surrey Central/WhiteRock,15247161,5542,55,-376
2026-08-22T00:06:45.339061+00:00,1787357191,6705,321 Surrey Central/WhiteRock,15247161,6195,56,-351
2026-08-22T00:06:45.339061+00:00,1787357191,6705,321 Surrey Central/WhiteRock,15247162,8351,14,34
2026-08-22T00:06:45.339061+00:00,1787357191,6705,321 Surrey Central/WhiteRock,15247162,5496,15,-37
2026-08-22T00:06:45.339061+00:00,1787357191,6705,321 Surrey Central/WhiteRock,15247162,5497,16,-83
2026-08-22T00:06:45.339061+00:00,1787357191,6705,321 Surrey Central/WhiteRock,15247162,5498,17,-99
2026-08-22T00:06:45.339061+00:00,1787357191,6705,321 Surrey Central/WhiteRock,15247162,5499,18,-134
2026-08-22T00:06:45.339061+00:00,1787357191,6705,321 Surrey Central/WhiteRock,15247162,5500,19,-168
2026-08-22T00:06:45.339061+00:00,1787357191,6705,321 Surrey Central/WhiteRock,15247162,5501,20,-198
2026-08-22T00:06:45.339061+00:00,1787357191,6705,321 Surrey Central/WhiteRock,15247162,5502,21,-213
2026-08-22T00:06:45.339061+00:00,1787357191,6705,321 Surrey Central/WhiteRock,15247162,5503,22,-216
2026-08-22T00:06:45.339061+00:00,1787357191,6705,321 Surrey Central/WhiteRock,15247162,5504,23,-270
2026-08-22T00:06:45.339061+00:00,1787357191,6705,321 Surrey Central/WhiteRock,15247162,5505,24,-263
2026-08-22T00:06:45.339061+00:00,1787357191,6705,321 Surrey Central/WhiteRock,15247162,5507,25,-262
2026-08-22T00:06:45.339061+00:00,1787357191,6705,321 Surrey Central/WhiteRock,15247162,5633,26,0
2026-08-22T00:06:45.339061+00:00,1787357191,6705,321 Surrey Central/WhiteRock,15247162,5510,27,44
2026-08-22T00:06:45.339061+00:00,1787357191,6705,321 Surrey Central/WhiteRock,15247162,5511,28,36
2026-08-22T00:06:45.339061+00:00,1787357191,6705,321 Surrey Central/WhiteRock,15247162,5512,29,34
2026-08-22T00:06:45.339061+00:00,1787357191,6705,321 Surrey Central/WhiteRock,15247162,5513,30,18
2026-08-22T00:06:45.339061+00:00,1787357191,6705,321 Surrey Central/WhiteRock,15247162,5514,31,108
2026-08-22T00:06:45.339061+00:00,1787357191,6705,321 Surrey Central/WhiteRock,15247162,5515,32,101
2026-08-22T00:06:45.339061+00:00,1787357191,6705,321 Surrey Central/WhiteRock,15247162,5516,33,122
2026-08-22T00:06:45.339061+00:00,1787357191,6705,321 Surrey Central/WhiteRock,15247162,5517,34,126
2026-08-22T00:06:45.339061+00:00,1787357191,6705,321 Surrey Central/WhiteRock,15247162,5518,35,130
2026-08-22T00:06:45.339061+00:00,1787357191,6705,321 Surrey Central/WhiteRock,15247162,5519,36,107
2026-08-22T00:06:45.339061+00:00,1787357191,6705,321 Surrey Central/WhiteRock,15247162,5520,37,96
2026-08-22T00:06:45.339061+00:00,1787357191,6705,321 Surrey Central/WhiteRock,15247162,5521,38,-113
2026-08-22T00:06:45.339061+00:00,1787357191,6705,321 Surrey Central/WhiteRock,15247162,5522,39,-248
2026-08-22T00:06:45.339061+00:00,1787357191,6705,321 Surrey Central/WhiteRock,15247162,5523,40,-284
2026-08-22T00:06:45.339061+00:00,1787357191,6705,321 Surrey Central/WhiteRock,15247162,6466,41,-292
2026-08-22T00:06:45.339061+00:00,1787357191,6705,321 Surrey Central/WhiteRock,15247162,5524,42,-255
2026-08-22T00:06:45.339061+00:00,1787357191,6705,321 Surrey Central/WhiteRock,15247162,5525,43,-279
2026-08-22T00:06:45.339061+00:00,1787357191,6705,321 Surrey Central/WhiteRock,15247162,10443,44,-299
2026-08-22T00:06:45.339061+00:00,1787357191,6705,321 Surrey Central/WhiteRock,15247162,5528,45,-296
2026-08-22T00:06:45.339061+00:00,1787357191,6705,321 Surrey Central/WhiteRock,15247162,5529,46,-320
2026-08-22T00:06:45.339061+00:00,1787357191,6705,321 Surrey Central/WhiteRock,15247162,5530,47,-336
2026-08-22T00:06:45.339061+00:00,1787357191,6705,321 Surrey Central/WhiteRock,15247162,5533,48,-341
2026-08-22T00:06:45.339061+00:00,1787357191,6705,321 Surrey Central/WhiteRock,15247162,5534,49,-360
2026-08-22T00:06:45.339061+00:00,1787357191,6705,321 Surrey Central/WhiteRock,15247162,5535,50,-342
2026-08-22T00:06:45.339061+00:00,1787357191,6705,321 Surrey Central/WhiteRock,15247162,5536,51,-366
2026-08-22T00:06:45.339061+00:00,1787357191,6705,321 Surrey Central/WhiteRock,15247162,5537,52,-362
2026-08-22T00:06:45.339061+00:00,1787357191,6705,321 Surrey Central/WhiteRock,15247162,5538,53,-367
2026-08-22T00:06:45.339061+00:00,1787357191,6705,321 Surrey Central/WhiteRock,15247162,5541,54,-334
2026-08-22T00:06:45.339061+00:00,1787357191,6705,321 Surrey Central/WhiteRock,15247162,5542,55,-321
2026-08-22T00:06:45.339061+00:00,1787357191,6705,321 Surrey Central/WhiteRock,15247162,6195,56,-288
2026-08-22T00:06:45.339061+00:00,1787357191,6705,321 Surrey Central/WhiteRock,15247163,10880,7,0
2026-08-22T00:06:45.339061+00:00,1787357191,6705,321 Surrey Central/WhiteRock,15247163,5046,8,43
2026-08-22T00:06:45.339061+00:00,1787357191,6705,321 Surrey Central/WhiteRock,15247163,5047,9,44
2026-08-22T00:06:45.339061+00:00,1787357191,6705,321 Surrey Central/WhiteRock,15247163,8566,10,34
2026-08-22T00:06:45.339061+00:00,1787357191,6705,321 Surrey Central/WhiteRock,15247163,12916,11,79
2026-08-22T00:06:45.339061+00:00,1787357191,6705,321 Surrey Central/WhiteRock,15247163,5049,12,71
2026-08-22T00:06:45.339061+00:00,1787357191,6705,321 Surrey Central/WhiteRock,15247163,5039,13,52
2026-08-22T00:06:45.339061+00:00,1787357191,6705,321 Surrey Central/WhiteRock,15247163,8351,14,27
2026-08-22T00:06:45.339061+00:00,1787357191,6705,321 Surrey Central/WhiteRock,15247163,5496,15,-40
2026-08-22T00:06:45.339061+00:00,1787357191,6705,321 Surrey Central/WhiteRock,15247163,5497,16,-83
2026-08-22T00:06:45.339061+00:00,1787357191,6705,321 Surrey Central/WhiteRock,15247163,5498,17,-97
2026-08-22T00:06:45.339061+00:00,1787357191,6705,321 Surrey Central/WhiteRock,15247163,5499,18,-130
2026-08-22T00:06:45.339061+00:00,1787357191,6705,321 Surrey Central/WhiteRock,15247163,5500,19,-160
2026-08-22T00:06:45.339061+00:00,1787357191,6705,321 Surrey Central/WhiteRock,15247163,5501,20,-188
2026-08-22T00:06:45.339061+00:00,1787357191,6705,321 Surrey Central/WhiteRock,15247163,5502,21,-202
2026-08-22T00:06:45.339061+00:00,1787357191,6705,321 Surrey Central/WhiteRock,15247163,5503,22,-210
2026-08-22T00:06:45.339061+00:00,1787357191,6705,321 Surrey Central/WhiteRock,15247163,5504,23,-265
2026-08-22T00:06:45.339061+00:00,1787357191,6705,321 Surrey Central/WhiteRock,15247163,5505,24,-256
2026-08-22T00:06:45.339061+00:00,1787357191,6705,321 Surrey Central/WhiteRock,15247163,5507,25,-248
2026-08-22T00:06:45.339061+00:00,1787357191,6705,321 Surrey Central/WhiteRock,15247163,5633,26,0
2026-08-22T00:06:45.339061+00:00,1787357191,6705,321 Surrey Central/WhiteRock,15247163,5510,27,40
2026-08-22T00:06:45.339061+00:00,1787357191,6705,321 Surrey Central/WhiteRock,15247163,5511,28,35
2026-08-22T00:06:45.339061+00:00,1787357191,6705,321 Surrey Central/WhiteRock,15247163,5512,29,34
2026-08-22T00:06:45.339061+00:00,1787357191,6705,321 Surrey Central/WhiteRock,15247163,5513,30,17
2026-08-22T00:06:45.339061+00:00,1787357191,6705,321 Surrey Central/WhiteRock,15247163,5514,31,109
2026-08-22T00:06:45.339061+00:00,1787357191,6705,321 Surrey Central/WhiteRock,15247163,5515,32,104
2026-08-22T00:06:45.339061+00:00,1787357191,6705,321 Surrey Central/WhiteRock,15247163,5516,33,112
2026-08-22T00:06:45.339061+00:00,1787357191,6705,321 Surrey Central/WhiteRock,15247163,5517,34,115
2026-08-22T00:06:45.339061+00:00,1787357191,6705,321 Surrey Central/WhiteRock,15247163,5518,35,121
2026-08-22T00:06:45.339061+00:00,1787357191,6705,321 Surrey Central/WhiteRock,15247163,5519,36,100
2026-08-22T00:06:45.339061+00:00,1787357191,6705,321 Surrey Central/WhiteRock,15247163,5520,37,90
2026-08-22T00:06:45.339061+00:00,1787357191,6705,321 Surrey Central/WhiteRock,15247163,5521,38,-111
2026-08-22T00:06:45.339061+00:00,1787357191,6705,321 Surrey Central/WhiteRock,15247163,5522,39,-243
2026-08-22T00:06:45.339061+00:00,1787357191,6705,321 Surrey Central/WhiteRock,15247163,5523,40,-278
2026-08-22T00:06:45.339061+00:00,1787357191,6705,321 Surrey Central/WhiteRock,15247163,6466,41,-291
2026-08-22T00:06:45.339061+00:00,1787357191,6705,321 Surrey Central/WhiteRock,15247163,5524,42,-247
2026-08-22T00:06:45.339061+00:00,1787357191,6705,321 Surrey Central/WhiteRock,15247163,5525,43,-272
2026-08-22T00:06:45.339061+00:00,1787357191,6705,321 Surrey Central/WhiteRock,15247163,10443,44,-291
2026-08-22T00:06:45.339061+00:00,1787357191,6705,321 Surrey Central/WhiteRock,15247163,5528,45,-294
2026-08-22T00:06:45.339061+00:00,1787357191,6705,321 Surrey Central/WhiteRock,15247163,5529,46,-315
2026-08-22T00:06:45.339061+00:00,1787357191,6705,321 Surrey Central/WhiteRock,15247163,5530,47,-331
2026-08-22T00:06:45.339061+00:00,1787357191,6705,321 Surrey Central/WhiteRock,15247163,5533,48,-333
2026-08-22T00:06:45.339061+00:00,1787357191,6705,321 Surrey Central/WhiteRock,15247163,5534,49,-351
2026-08-22T00:06:45.339061+00:00,1787357191,6705,321 Surrey Central/WhiteRock,15247163,5535,50,-348
2026-08-22T00:06:45.339061+00:00,1787357191,6705,321 Surrey Central/WhiteRock,15247163,5536,51,-373
2026-08-22T00:06:45.339061+00:00,1787357191,6705,321 Surrey Central/WhiteRock,15247163,5537,52,-378
2026-08-22T00:06:45.339061+00:00,1787357191,6705,321 Surrey Central/WhiteRock,15247163,5538,53,-383
2026-08-22T00:06:45.339061+00:00,1787357191,6705,321 Surrey Central/WhiteRock,15247163,5541,54,-360
2026-08-22T00:06:45.339061+00:00,1787357191,6705,321 Surrey Central/WhiteRock,15247163,5542,55,-344
2026-08-22T00:06:45.339061+00:00,1787357191,6705,321 Surrey Central/WhiteRock,15247163,6195,56,-313
2026-08-22T00:06:45.339061+00:00,1787357191,6705,321 Surrey Central/WhiteRock,15247177,5507,25,90
2026-08-22T00:06:45.339061+00:00,1787357191,6705,321 Surrey Central/WhiteRock,15247177,5633,26,123
2026-08-22T00:06:45.339061+00:00,1787357191,6705,321 Surrey Central/WhiteRock,15247177,5510,27,158
2026-08-22T00:06:45.339061+00:00,1787357191,6705,321 Surrey Central/WhiteRock,15247177,5511,28,151
2026-08-22T00:06:45.339061+00:00,1787357191,6705,321 Surrey Central/WhiteRock,15247177,5512,29,148
2026-08-22T00:06:45.339061+00:00,1787357191,6705,321 Surrey Central/WhiteRock,15247177,5513,30,134
2026-08-22T00:06:45.339061+00:00,1787357191,6705,321 Surrey Central/WhiteRock,15247177,5514,31,224
2026-08-22T00:06:45.339061+00:00,1787357191,6705,321 Surrey Central/WhiteRock,15247177,5515,32,218
2026-08-22T00:06:45.339061+00:00,1787357191,6705,321 Surrey Central/WhiteRock,15247177,5516,33,227
2026-08-22T00:06:45.339061+00:00,1787357191,6705,321 Surrey Central/WhiteRock,15247177,5517,34,230
2026-08-22T00:06:45.339061+00:00,1787357191,6705,321 Surrey Central/WhiteRock,15247177,5518,35,236
2026-08-22T00:06:45.339061+00:00,1787357191,6705,321 Surrey Central/WhiteRock,15247177,5519,36,213
2026-08-22T00:06:45.339061+00:00,1787357191,6705,321 Surrey Central/WhiteRock,15247177,5520,37,202
2026-08-22T00:06:45.339061+00:00,1787357191,6705,321 Surrey Central/WhiteRock,15247177,5521,38,-8
2026-08-22T00:06:45.339061+00:00,1787357191,6705,321 Surrey Central/WhiteRock,15247177,5522,39,-143
2026-08-22T00:06:45.339061+00:00,1787357191,6705,321 Surrey Central/WhiteRock,15247177,5523,40,-179
2026-08-22T00:06:45.339061+00:00,1787357191,6705,321 Surrey Central/WhiteRock,15247177,6466,41,-191
2026-08-22T00:06:45.339061+00:00,1787357191,6705,321 Surrey Central/WhiteRock,15247177,5524,42,-154
2026-08-22T00:06:45.339061+00:00,1787357191,6705,321 Surrey Central/WhiteRock,15247177,5525,43,-184
2026-08-22T00:06:45.339061+00:00,1787357191,6705,321 Surrey Central/WhiteRock,15247177,10443,44,-214
2026-08-22T00:06:45.339061+00:00,1787357191,6705,321 Surrey Central/WhiteRock,15247177,5528,45,-209
2026-08-22T00:06:45.339061+00:00,1787357191,6705,321 Surrey Central/WhiteRock,15247177,5529,46,-231
2026-08-22T00:06:45.339061+00:00,1787357191,6705,321 Surrey Central/WhiteRock,15247177,5530,47,-247
2026-08-22T00:06:45.339061+00:00,1787357191,6705,321 Surrey Central/WhiteRock,15247177,5533,48,-255
2026-08-22T00:06:45.339061+00:00,1787357191,6705,321 Surrey Central/WhiteRock,15247177,5534,49,-275
2026-08-22T00:06:45.339061+00:00,1787357191,6705,321 Surrey Central/WhiteRock,15247177,5535,50,-272
2026-08-22T00:06:45.339061+00:00,1787357191,6705,321 Surrey Central/WhiteRock,15247177,5536,51,-296
2026-08-22T00:06:45.339061+00:00,1787357191,6705,321 Surrey Central/WhiteRock,15247177,5537,52,-305
2026-08-22T00:06:45.339061+00:00,1787357191,6705,321 Surrey Central/WhiteRock,15247177,5538,53,-312
2026-08-22T00:06:45.339061+00:00,1787357191,6705,321 Surrey Central/WhiteRock,15247177,5541,54,-282
2026-08-22T00:06:45.339061+00:00,1787357191,6705,321 Surrey Central/WhiteRock,15247177,5542,55,-269
2026-08-22T00:06:45.339061+00:00,1787357191,6705,321 Surrey Central/WhiteRock,15247177,6195,56,-243
2026-08-22T00:06:45.339061+00:00,1787357191,6705,321 Surrey Central/WhiteRock,15247186,5541,54,-54
2026-08-22T00:06:45.339061+00:00,1787357191,6705,321 Surrey Central/WhiteRock,15247186,5542,55,-40
2026-08-22T00:06:45.339061+00:00,1787357191,6705,321 Surrey Central/WhiteRock,15247186,6195,56,-12
2026-08-22T00:06:45.339061+00:00,1787357191,6705,321 Surrey Central/WhiteRock,15247187,5046,8,129
2026-08-22T00:06:45.339061+00:00,1787357191,6705,321 Surrey Central/WhiteRock,15247187,5047,9,130
2026-08-22T00:06:45.339061+00:00,1787357191,6705,321 Surrey Central/WhiteRock,15247187,8566,10,119
2026-08-22T00:06:45.339061+00:00,1787357191,6705,321 Surrey Central/WhiteRock,15247187,12916,11,163
2026-08-22T00:06:45.339061+00:00,1787357191,6705,321 Surrey Central/WhiteRock,15247187,5049,12,155
2026-08-22T00:06:45.339061+00:00,1787357191,6705,321 Surrey Central/WhiteRock,15247187,5039,13,129
2026-08-22T00:06:45.339061+00:00,1787357191,6705,321 Surrey Central/WhiteRock,15247187,8351,14,108
2026-08-22T00:06:45.339061+00:00,1787357191,6705,321 Surrey Central/WhiteRock,15247187,5496,15,40
2026-08-22T00:06:45.339061+00:00,1787357191,6705,321 Surrey Central/WhiteRock,15247187,5497,16,-3
2026-08-22T00:06:45.339061+00:00,1787357191,6705,321 Surrey Central/WhiteRock,15247187,5498,17,-20
2026-08-22T00:06:45.339061+00:00,1787357191,6705,321 Surrey Central/WhiteRock,15247187,5499,18,-53
2026-08-22T00:06:45.339061+00:00,1787357191,6705,321 Surrey Central/WhiteRock,15247187,5500,19,-84
2026-08-22T00:06:45.339061+00:00,1787357191,6705,321 Surrey Central/WhiteRock,15247187,5501,20,-112
2026-08-22T00:06:45.339061+00:00,1787357191,6705,321 Surrey Central/WhiteRock,15247187,5502,21,-127
2026-08-22T00:06:45.339061+00:00,1787357191,6705,321 Surrey Central/WhiteRock,15247187,5503,22,-121
2026-08-22T00:06:45.339061+00:00,1787357191,6705,321 Surrey Central/WhiteRock,15247187,5504,23,-173
2026-08-22T00:06:45.339061+00:00,1787357191,6705,321 Surrey Central/WhiteRock,15247187,5505,24,-165
2026-08-22T00:06:45.339061+00:00,1787357191,6705,321 Surrey Central/WhiteRock,15247187,5507,25,-148
2026-08-22T00:06:45.339061+00:00,1787357191,6705,321 Surrey Central/WhiteRock,15247187,5633,26,0
2026-08-22T00:06:45.339061+00:00,1787357191,6705,321 Surrey Central/WhiteRock,15247187,5510,27,45
2026-08-22T00:06:45.339061+00:00,1787357191,6705,321 Surrey Central/WhiteRock,15247187,5511,28,40
2026-08-22T00:06:45.339061+00:00,1787357191,6705,321 Surrey Central/WhiteRock,15247187,5512,29,39
2026-08-22T00:06:45.339061+00:00,1787357191,6705,321 Surrey Central/WhiteRock,15247187,5513,30,25
2026-08-22T00:06:45.339061+00:00,1787357191,6705,321 Surrey Central/WhiteRock,15247187,5514,31,116
2026-08-22T00:06:45.339061+00:00,1787357191,6705,321 Surrey Central/WhiteRock,15247187,5515,32,111
2026-08-22T00:06:45.339061+00:00,1787357191,6705,321 Surrey Central/WhiteRock,15247187,5516,33,114
2026-08-22T00:06:45.339061+00:00,1787357191,6705,321 Surrey Central/WhiteRock,15247187,5517,34,117
2026-08-22T00:06:45.339061+00:00,1787357191,6705,321 Surrey Central/WhiteRock,15247187,5518,35,121
2026-08-22T00:06:45.339061+00:00,1787357191,6705,321 Surrey Central/WhiteRock,15247187,5519,36,100
2026-08-22T00:06:45.339061+00:00,1787357191,6705,321 Surrey Central/WhiteRock,15247187,5520,37,89
2026-08-22T00:06:45.339061+00:00,1787357191,6705,321 Surrey Central/WhiteRock,15247187,5521,38,-112
2026-08-22T00:06:45.339061+00:00,1787357191,6705,321 Surrey Central/WhiteRock,15247187,5522,39,-243
2026-08-22T00:06:45.339061+00:00,1787357191,6705,321 Surrey Central/WhiteRock,15247187,5523,40,-278
2026-08-22T00:06:45.339061+00:00,1787357191,6705,321 Surrey Central/WhiteRock,15247187,6466,41,-286
2026-08-22T00:06:45.339061+00:00,1787357191,6705,321 Surrey Central/WhiteRock,15247187,5524,42,-246
2026-08-22T00:06:45.339061+00:00,1787357191,6705,321 Surrey Central/WhiteRock,15247187,5525,43,-273
2026-08-22T00:06:45.339061+00:00,1787357191,6705,321 Surrey Central/WhiteRock,15247187,10443,44,-303
2026-08-22T00:06:45.339061+00:00,1787357191,6705,321 Surrey Central/WhiteRock,15247187,5528,45,-296
2026-08-22T00:06:45.339061+00:00,1787357191,6705,321 Surrey Central/WhiteRock,15247187,5529,46,-318
2026-08-22T00:06:45.339061+00:00,1787357191,6705,321 Surrey Central/WhiteRock,15247187,5530,47,-333
2026-08-22T00:06:45.339061+00:00,1787357191,6705,321 Surrey Central/WhiteRock,15247187,5533,48,-334
2026-08-22T00:06:45.339061+00:00,1787357191,6705,321 Surrey Central/WhiteRock,15247187,5534,49,-352
2026-08-22T00:06:45.339061+00:00,1787357191,6705,321 Surrey Central/WhiteRock,15247187,5535,50,-333
2026-08-22T00:06:45.339061+00:00,1787357191,6705,321 Surrey Central/WhiteRock,15247187,5536,51,-355
2026-08-22T00:06:45.339061+00:00,1787357191,6705,321 Surrey Central/WhiteRock,15247187,5537,52,-360
2026-08-22T00:06:45.339061+00:00,1787357191,6705,321 Surrey Central/WhiteRock,15247187,5538,53,-366
2026-08-22T00:06:45.339061+00:00,1787357191,6705,321 Surrey Central/WhiteRock,15247187,5541,54,-340
2026-08-22T00:06:45.339061+00:00,1787357191,6705,321 Surrey Central/WhiteRock,15247187,5542,55,-327
2026-08-22T00:06:45.339061+00:00,1787357191,6705,321 Surrey Central/WhiteRock,15247187,6195,56,-294
2026-08-22T00:06:45.339061+00:00,1787357191,6705,321 Surrey Central/WhiteRock,15247232,5518,35,36
2026-08-22T00:06:45.339061+00:00,1787357191,6705,321 Surrey Central/WhiteRock,15247232,5519,36,10
2026-08-22T00:06:45.339061+00:00,1787357191,6705,321 Surrey Central/WhiteRock,15247232,5520,37,-4
2026-08-22T00:06:45.339061+00:00,1787357191,6705,321 Surrey Central/WhiteRock,15247232,5521,38,-220
2026-08-22T00:06:45.339061+00:00,1787357191,6705,321 Surrey Central/WhiteRock,15247232,5522,39,-361
2026-08-22T00:06:45.339061+00:00,1787357191,6705,321 Surrey Central/WhiteRock,15247232,5523,40,-399
2026-08-22T00:06:45.339061+00:00,1787357191,6705,321 Surrey Central/WhiteRock,15247232,6466,41,-419
2026-08-22T00:06:45.339061+00:00,1787357191,6705,321 Surrey Central/WhiteRock,15247232,5524,42,-386
2026-08-22T00:06:45.339061+00:00,1787357191,6705,321 Surrey Central/WhiteRock,15247232,5525,43,-415
2026-08-22T00:06:45.339061+00:00,1787357191,6705,321 Surrey Central/WhiteRock,15247232,10443,44,-439
2026-08-22T00:06:45.339061+00:00,1787357191,6705,321 Surrey Central/WhiteRock,15247232,5528,45,-436
2026-08-22T00:06:45.339061+00:00,1787357191,6705,321 Surrey Central/WhiteRock,15247232,5529,46,-460
2026-08-22T00:06:45.339061+00:00,1787357191,6705,321 Surrey Central/WhiteRock,15247232,5530,47,-477
2026-08-22T00:06:45.339061+00:00,1787357191,6705,321 Surrey Central/WhiteRock,15247232,5533,48,-483
2026-08-22T00:06:45.339061+00:00,1787357191,6705,321 Surrey Central/WhiteRock,15247232,5534,49,-497
2026-08-22T00:06:45.339061+00:00,1787357191,6705,321 Surrey Central/WhiteRock,15247232,5535,50,-489
2026-08-22T00:06:45.339061+00:00,1787357191,6705,321 Surrey Central/WhiteRock,15247232,5536,51,-510
2026-08-22T00:06:45.339061+00:00,1787357191,6705,321 Surrey Central/WhiteRock,15247232,5537,52,-523
2026-08-22T00:06:45.339061+00:00,1787357191,6705,321 Surrey Central/WhiteRock,15247232,5538,53,-531
2026-08-22T00:06:45.339061+00:00,1787357191,6705,321 Surrey Central/WhiteRock,15247232,5541,54,-501
2026-08-22T00:06:45.339061+00:00,1787357191,6705,321 Surrey Central/WhiteRock,15247232,5542,55,-489
2026-08-22T00:06:45.339061+00:00,1787357191,6705,321 Surrey Central/WhiteRock,15247232,6195,56,-465
2026-08-22T00:06:45.339061+00:00,1787357191,6715,351 Bridgeport/WhiteRock,15251617,8282,25,-109
2026-08-22T00:06:45.339061+00:00,1787357191,6715,351 Bridgeport/WhiteRock,15251618,4928,24,127
2026-08-22T00:06:45.339061+00:00,1787357191,6715,351 Bridgeport/WhiteRock,15251618,8282,25,142
2026-08-22T00:06:45.339061+00:00,1787357191,6715,351 Bridgeport/WhiteRock,15251619,5447,21,15
2026-08-22T00:06:45.339061+00:00,1787357191,6715,351 Bridgeport/WhiteRock,15251619,5448,22,12
2026-08-22T00:06:45.339061+00:00,1787357191,6715,351 Bridgeport/WhiteRock,15251619,6194,23,3
2026-08-22T00:06:45.339061+00:00,1787357191,6715,351 Bridgeport/WhiteRock,15251619,4928,24,-218
2026-08-22T00:06:45.339061+00:00,1787357191,6715,351 Bridgeport/WhiteRock,15251619,8282,25,-203
2026-08-22T00:06:45.339061+00:00,1787357191,6715,351 Bridgeport/WhiteRock,15251620,6172,8,-16
2026-08-22T00:06:45.339061+00:00,1787357191,6715,351 Bridgeport/WhiteRock,15251620,6173,9,-7
2026-08-22T00:06:45.339061+00:00,1787357191,6715,351 Bridgeport/WhiteRock,15251620,6139,10,25
2026-08-22T00:06:45.339061+00:00,1787357191,6715,351 Bridgeport/WhiteRock,15251620,5437,11,47
2026-08-22T00:06:45.339061+00:00,1787357191,6715,351 Bridgeport/WhiteRock,15251620,5438,12,39
2026-08-22T00:06:45.339061+00:00,1787357191,6715,351 Bridgeport/WhiteRock,15251620,5439,13,49
2026-08-22T00:06:45.339061+00:00,1787357191,6715,351 Bridgeport/WhiteRock,15251620,5440,14,28
2026-08-22T00:06:45.339061+00:00,1787357191,6715,351 Bridgeport/WhiteRock,15251620,5441,15,70
2026-08-22T00:06:45.339061+00:00,1787357191,6715,351 Bridgeport/WhiteRock,15251620,5442,16,44
2026-08-22T00:06:45.339061+00:00,1787357191,6715,351 Bridgeport/WhiteRock,15251620,5444,17,52
2026-08-22T00:06:45.339061+00:00,1787357191,6715,351 Bridgeport/WhiteRock,15251620,9083,18,27
2026-08-22T00:06:45.339061+00:00,1787357191,6715,351 Bridgeport/WhiteRock,15251620,5446,19,29
2026-08-22T00:06:45.339061+00:00,1787357191,6715,351 Bridgeport/WhiteRock,15251620,10445,20,19
2026-08-22T00:06:45.339061+00:00,1787357191,6715,351 Bridgeport/WhiteRock,15251620,5447,21,-25
2026-08-22T00:06:45.339061+00:00,1787357191,6715,351 Bridgeport/WhiteRock,15251620,5448,22,-26
2026-08-22T00:06:45.339061+00:00,1787357191,6715,351 Bridgeport/WhiteRock,15251620,6194,23,0
2026-08-22T00:06:45.339061+00:00,1787357191,6715,351 Bridgeport/WhiteRock,15251620,4928,24,-130
2026-08-22T00:06:45.339061+00:00,1787357191,6715,351 Bridgeport/WhiteRock,15251620,8282,25,-21
2026-08-22T00:06:45.339061+00:00,1787357191,6715,351 Bridgeport/WhiteRock,15251696,5542,18,-302
2026-08-22T00:06:45.339061+00:00,1787357191,6715,351 Bridgeport/WhiteRock,15251696,6340,19,-257
2026-08-22T00:06:45.339061+00:00,1787357191,6715,351 Bridgeport/WhiteRock,15251696,6341,20,-241
2026-08-22T00:06:45.339061+00:00,1787357191,6715,351 Bridgeport/WhiteRock,15251696,6167,21,-229
2026-08-22T00:06:45.339061+00:00,1787357191,6715,351 Bridgeport/WhiteRock,15251697,5534,12,-670
2026-08-22T00:06:45.339061+00:00,1787357191,6715,351 Bridgeport/WhiteRock,15251697,5535,13,-627
2026-08-22T00:06:45.339061+00:00,1787357191,6715,351 Bridgeport/WhiteRock,15251697,5536,14,-631
2026-08-22T00:06:45.339061+00:00,1787357191,6715,351 Bridgeport/WhiteRock,15251697,5537,15,-608
2026-08-22T00:06:45.339061+00:00,1787357191,6715,351 Bridgeport/WhiteRock,15251697,5538,16,-603
2026-08-22T00:06:45.339061+00:00,1787357191,6715,351 Bridgeport/WhiteRock,15251697,5541,17,-551
2026-08-22T00:06:45.339061+00:00,1787357191,6715,351 Bridgeport/WhiteRock,15251697,5542,18,-528
2026-08-22T00:06:45.339061+00:00,1787357191,6715,351 Bridgeport/WhiteRock,15251697,6340,19,-487
2026-08-22T00:06:45.339061+00:00,1787357191,6715,351 Bridgeport/WhiteRock,15251697,6341,20,-471
2026-08-22T00:06:45.339061+00:00,1787357191,6715,351 Bridgeport/WhiteRock,15251697,6167,21,-463
2026-08-22T00:06:45.339061+00:00,1787357191,6715,351 Bridgeport/WhiteRock,15251698,6175,4,-722
2026-08-22T00:06:45.339061+00:00,1787357191,6715,351 Bridgeport/WhiteRock,15251698,5524,5,-676
2026-08-22T00:06:45.339061+00:00,1787357191,6715,351 Bridgeport/WhiteRock,15251698,5525,6,-690
2026-08-22T00:06:45.339061+00:00,1787357191,6715,351 Bridgeport/WhiteRock,15251698,10443,7,-687
2026-08-22T00:06:45.339061+00:00,1787357191,6715,351 Bridgeport/WhiteRock,15251698,5528,8,-664
2026-08-22T00:06:45.339061+00:00,1787357191,6715,351 Bridgeport/WhiteRock,15251698,5529,9,-673
2026-08-22T00:06:45.339061+00:00,1787357191,6715,351 Bridgeport/WhiteRock,15251698,5530,10,-672
2026-08-22T00:06:45.339061+00:00,1787357191,6715,351 Bridgeport/WhiteRock,15251698,5533,11,-655
2026-08-22T00:06:45.339061+00:00,1787357191,6715,351 Bridgeport/WhiteRock,15251698,5534,12,-652
2026-08-22T00:06:45.339061+00:00,1787357191,6715,351 Bridgeport/WhiteRock,15251698,5535,13,-607
2026-08-22T00:06:45.339061+00:00,1787357191,6715,351 Bridgeport/WhiteRock,15251698,5536,14,-612
2026-08-22T00:06:45.339061+00:00,1787357191,6715,351 Bridgeport/WhiteRock,15251698,5537,15,-589
2026-08-22T00:06:45.339061+00:00,1787357191,6715,351 Bridgeport/WhiteRock,15251698,5538,16,-584
2026-08-22T00:06:45.339061+00:00,1787357191,6715,351 Bridgeport/WhiteRock,15251698,5541,17,-533
2026-08-22T00:06:45.339061+00:00,1787357191,6715,351 Bridgeport/WhiteRock,15251698,5542,18,-511
2026-08-22T00:06:45.339061+00:00,1787357191,6715,351 Bridgeport/WhiteRock,15251698,6340,19,-467
2026-08-22T00:06:45.339061+00:00,1787357191,6715,351 Bridgeport/WhiteRock,15251698,6341,20,-451
2026-08-22T00:06:45.339061+00:00,1787357191,6715,351 Bridgeport/WhiteRock,15251698,6167,21,-439
2026-08-22T00:06:45.339061+00:00,1787357191,6715,351 Bridgeport/WhiteRock,15251699,4929,3,0
2026-08-22T00:06:45.339061+00:00,1787357191,6715,351 Bridgeport/WhiteRock,15251699,5524,5,-1408
2026-08-22T00:06:45.339061+00:00,1787357191,6715,351 Bridgeport/WhiteRock,15251699,5525,6,-1422
2026-08-22T00:06:45.339061+00:00,1787357191,6715,351 Bridgeport/WhiteRock,15251699,10443,7,-1419
2026-08-22T00:06:45.339061+00:00,1787357191,6715,351 Bridgeport/WhiteRock,15251699,5528,8,-1396
2026-08-22T00:06:45.339061+00:00,1787357191,6715,351 Bridgeport/WhiteRock,15251699,5529,9,-1405
2026-08-22T00:06:45.339061+00:00,1787357191,6715,351 Bridgeport/WhiteRock,15251699,5530,10,-1404
2026-08-22T00:06:45.339061+00:00,1787357191,6715,351 Bridgeport/WhiteRock,15251699,5533,11,-1387
2026-08-22T00:06:45.339061+00:00,1787357191,6715,351 Bridgeport/WhiteRock,15251699,5534,12,-1384
2026-08-22T00:06:45.339061+00:00,1787357191,6715,351 Bridgeport/WhiteRock,15251699,5535,13,-1352
2026-08-22T00:06:45.339061+00:00,1787357191,6715,351 Bridgeport/WhiteRock,15251699,5536,14,-1357
2026-08-22T00:06:45.339061+00:00,1787357191,6715,351 Bridgeport/WhiteRock,15251699,5537,15,-1337
2026-08-22T00:06:45.339061+00:00,1787357191,6715,351 Bridgeport/WhiteRock,15251699,5538,16,-1332
2026-08-22T00:06:45.339061+00:00,1787357191,6715,351 Bridgeport/WhiteRock,15251699,5541,17,-1281
2026-08-22T00:06:45.339061+00:00,1787357191,6715,351 Bridgeport/WhiteRock,15251699,5542,18,-1258
2026-08-22T00:06:45.339061+00:00,1787357191,6715,351 Bridgeport/WhiteRock,15251699,6340,19,-1214
2026-08-22T00:06:45.339061+00:00,1787357191,6715,351 Bridgeport/WhiteRock,15251699,6341,20,-1198
2026-08-22T00:06:45.339061+00:00,1787357191,6715,351 Bridgeport/WhiteRock,15251699,6167,21,-1188
2026-08-22T00:06:45.339061+00:00,1787357191,6715,351 Bridgeport/WhiteRock,15251700,8283,2,160
2026-08-22T00:06:45.339061+00:00,1787357191,6715,351 Bridgeport/WhiteRock,15251700,4929,3,103
2026-08-22T00:06:45.339061+00:00,1787357191,6715,351 Bridgeport/WhiteRock,15251700,6175,4,-580
2026-08-22T00:06:45.339061+00:00,1787357191,6715,351 Bridgeport/WhiteRock,15251700,5524,5,-533
2026-08-22T00:06:45.339061+00:00,1787357191,6715,351 Bridgeport/WhiteRock,15251700,5525,6,-546
2026-08-22T00:06:45.339061+00:00,1787357191,6715,351 Bridgeport/WhiteRock,15251700,10443,7,-543
2026-08-22T00:06:45.339061+00:00,1787357191,6715,351 Bridgeport/WhiteRock,15251700,5528,8,-522
2026-08-22T00:06:45.339061+00:00,1787357191,6715,351 Bridgeport/WhiteRock,15251700,5529,9,-527
2026-08-22T00:06:45.339061+00:00,1787357191,6715,351 Bridgeport/WhiteRock,15251700,5530,10,-526
2026-08-22T00:06:45.339061+00:00,1787357191,6715,351 Bridgeport/WhiteRock,15251700,5533,11,-507
2026-08-22T00:06:45.339061+00:00,1787357191,6715,351 Bridgeport/WhiteRock,15251700,5534,12,-510
2026-08-22T00:06:45.339061+00:00,1787357191,6715,351 Bridgeport/WhiteRock,15251700,5535,13,-462
2026-08-22T00:06:45.339061+00:00,1787357191,6715,351 Bridgeport/WhiteRock,15251700,5536,14,-466
2026-08-22T00:06:45.339061+00:00,1787357191,6715,351 Bridgeport/WhiteRock,15251700,5537,15,-449
2026-08-22T00:06:45.339061+00:00,1787357191,6715,351 Bridgeport/WhiteRock,15251700,5538,16,-444
2026-08-22T00:06:45.339061+00:00,1787357191,6715,351 Bridgeport/WhiteRock,15251700,5541,17,-389
2026-08-22T00:06:45.339061+00:00,1787357191,6715,351 Bridgeport/WhiteRock,15251700,5542,18,-367
2026-08-22T00:06:45.339061+00:00,1787357191,6715,351 Bridgeport/WhiteRock,15251700,6340,19,-324
2026-08-22T00:06:45.339061+00:00,1787357191,6715,351 Bridgeport/WhiteRock,15251700,6341,20,-307
2026-08-22T00:06:45.339061+00:00,1787357191,6715,351 Bridgeport/WhiteRock,15251700,6167,21,-299
2026-08-22T00:06:45.339061+00:00,1787357191,6715,351 Bridgeport/WhiteRock,15251701,11267,1,35
2026-08-22T00:06:45.339061+00:00,1787357191,6715,351 Bridgeport/WhiteRock,15251701,4929,3,0
2026-08-22T00:06:45.339061+00:00,1787357191,6715,351 Bridgeport/WhiteRock,15251701,6175,4,-644
2026-08-22T00:06:45.339061+00:00,1787357191,6715,351 Bridgeport/WhiteRock,15251701,5524,5,-595
2026-08-22T00:06:45.339061+00:00,1787357191,6715,351 Bridgeport/WhiteRock,15251701,5525,6,-608
2026-08-22T00:06:45.339061+00:00,1787357191,6715,351 Bridgeport/WhiteRock,15251701,10443,7,-604
2026-08-22T00:06:45.339061+00:00,1787357191,6715,351 Bridgeport/WhiteRock,15251701,5528,8,-582
2026-08-22T00:06:45.339061+00:00,1787357191,6715,351 Bridgeport/WhiteRock,15251701,5529,9,-588
2026-08-22T00:06:45.339061+00:00,1787357191,6715,351 Bridgeport/WhiteRock,15251701,5530,10,-585
2026-08-22T00:06:45.339061+00:00,1787357191,6715,351 Bridgeport/WhiteRock,15251701,5533,11,-564
2026-08-22T00:06:45.339061+00:00,1787357191,6715,351 Bridgeport/WhiteRock,15251701,5534,12,-565
2026-08-22T00:06:45.339061+00:00,1787357191,6715,351 Bridgeport/WhiteRock,15251701,5535,13,-534
2026-08-22T00:06:45.339061+00:00,1787357191,6715,351 Bridgeport/WhiteRock,15251701,5536,14,-534
2026-08-22T00:06:45.339061+00:00,1787357191,6715,351 Bridgeport/WhiteRock,15251701,5537,15,-515
2026-08-22T00:06:45.339061+00:00,1787357191,6715,351 Bridgeport/WhiteRock,15251701,5538,16,-509
2026-08-22T00:06:45.339061+00:00,1787357191,6715,351 Bridgeport/WhiteRock,15251701,5541,17,-453
2026-08-22T00:06:45.339061+00:00,1787357191,6715,351 Bridgeport/WhiteRock,15251701,5542,18,-432
2026-08-22T00:06:45.339061+00:00,1787357191,6715,351 Bridgeport/WhiteRock,15251701,6340,19,-381
2026-08-22T00:06:45.339061+00:00,1787357191,6715,351 Bridgeport/WhiteRock,15251701,6341,20,-365
2026-08-22T00:06:45.339061+00:00,1787357191,6715,351 Bridgeport/WhiteRock,15251701,6167,21,-356
2026-08-22T00:06:45.339061+00:00,1787357191,11692,364 Langley Centre/Scottsdale,15252682,4846,2,113
2026-08-22T00:06:45.339061+00:00,1787357191,11692,364 Langley Centre/Scottsdale,15252682,4918,3,154
2026-08-22T00:06:45.339061+00:00,1787357191,11692,364 Langley Centre/Scottsdale,15252682,4919,4,134
2026-08-22T00:06:45.339061+00:00,1787357191,11692,364 Langley Centre/Scottsdale,15252682,4921,5,68
2026-08-22T00:06:45.339061+00:00,1787357191,11692,364 Langley Centre/Scottsdale,15252682,11121,6,109
2026-08-22T00:06:45.339061+00:00,1787357191,11692,364 Langley Centre/Scottsdale,15252682,11142,7,60
2026-08-22T00:06:45.339061+00:00,1787357191,11692,364 Langley Centre/Scottsdale,15252682,11139,8,30
2026-08-22T00:06:45.339061+00:00,1787357191,11692,364 Langley Centre/Scottsdale,15252682,11156,9,-3
2026-08-22T00:06:45.339061+00:00,1787357191,11692,364 Langley Centre/Scottsdale,15252682,5583,10,2
2026-08-22T00:06:45.339061+00:00,1787357191,11692,364 Langley Centre/Scottsdale,15252682,5584,11,-41
2026-08-22T00:06:45.339061+00:00,1787357191,11692,364 Langley Centre/Scottsdale,15252682,6464,12,-68
2026-08-22T00:06:45.339061+00:00,1787357191,11692,364 Langley Centre/Scottsdale,15252682,6465,13,-105
2026-08-22T00:06:45.339061+00:00,1787357191,11692,364 Langley Centre/Scottsdale,15252682,11074,14,-68
2026-08-22T00:06:45.339061+00:00,1787357191,11692,364 Langley Centre/Scottsdale,15252682,11153,15,-111
2026-08-22T00:06:45.339061+00:00,1787357191,11692,364 Langley Centre/Scottsdale,15252682,11150,16,-161
2026-08-22T00:06:45.339061+00:00,1787357191,11692,364 Langley Centre/Scottsdale,15252682,11148,17,-191
2026-08-22T00:06:45.339061+00:00,1787357191,11692,364 Langley Centre/Scottsdale,15252682,11124,18,-184
2026-08-22T00:06:45.339061+00:00,1787357191,11692,364 Langley Centre/Scottsdale,15252682,11140,19,-232
2026-08-22T00:06:45.339061+00:00,1787357191,11692,364 Langley Centre/Scottsdale,15252682,11145,20,-250
2026-08-22T00:06:45.339061+00:00,1787357191,11692,364 Langley Centre/Scottsdale,15252682,11076,21,0
2026-08-22T00:06:45.339061+00:00,1787357191,11692,364 Langley Centre/Scottsdale,15252682,12645,22,-231
2026-08-22T00:06:45.339061+00:00,1787357191,11692,364 Langley Centre/Scottsdale,15252682,9525,23,-232
2026-08-22T00:06:45.339061+00:00,1787357191,11692,364 Langley Centre/Scottsdale,15252682,10148,24,-209
2026-08-22T00:06:45.339061+00:00,1787357191,11692,364 Langley Centre/Scottsdale,15252682,10585,25,-232
2026-08-22T00:06:45.339061+00:00,1787357191,11692,364 Langley Centre/Scottsdale,15252682,10250,26,-244
2026-08-22T00:06:45.339061+00:00,1787357191,11692,364 Langley Centre/Scottsdale,15252682,10588,27,-255
2026-08-22T00:06:45.339061+00:00,1787357191,11692,364 Langley Centre/Scottsdale,15252682,10248,28,-194
2026-08-22T00:06:45.339061+00:00,1787357191,11692,364 Langley Centre/Scottsdale,15252682,10726,29,-195
2026-08-22T00:06:45.339061+00:00,1787357191,11692,364 Langley Centre/Scottsdale,15252682,10725,30,-212
2026-08-22T00:06:45.339061+00:00,1787357191,11692,364 Langley Centre/Scottsdale,15252682,10727,31,-234
2026-08-22T00:06:45.339061+00:00,1787357191,11692,364 Langley Centre/Scottsdale,15252682,10251,32,-244
2026-08-22T00:06:45.339061+00:00,1787357191,11692,364 Langley Centre/Scottsdale,15252682,10252,33,-270
2026-08-22T00:06:45.339061+00:00,1787357191,11692,364 Langley Centre/Scottsdale,15252682,10253,34,-281
2026-08-22T00:06:45.339061+00:00,1787357191,11692,364 Langley Centre/Scottsdale,15252682,10255,35,-301
2026-08-22T00:06:45.339061+00:00,1787357191,11692,364 Langley Centre/Scottsdale,15252682,5332,36,-241
2026-08-22T00:06:45.339061+00:00,1787357191,11692,364 Langley Centre/Scottsdale,15252682,12497,37,-273
2026-08-22T00:06:45.339061+00:00,1787357191,11692,364 Langley Centre/Scottsdale,15252682,5334,38,-284
2026-08-22T00:06:45.339061+00:00,1787357191,11692,364 Langley Centre/Scottsdale,15252682,6472,39,-275
2026-08-22T00:06:45.339061+00:00,1787357191,11692,364 Langley Centre/Scottsdale,15252682,6473,40,-280
2026-08-22T00:06:45.339061+00:00,1787357191,11692,364 Langley Centre/Scottsdale,15252682,6474,41,-280
2026-08-22T00:06:45.339061+00:00,1787357191,11692,364 Langley Centre/Scottsdale,15252682,9306,42,-230
2026-08-22T00:06:45.339061+00:00,1787357191,11692,364 Langley Centre/Scottsdale,15252682,11125,43,-246
2026-08-22T00:06:45.339061+00:00,1787357191,11692,364 Langley Centre/Scottsdale,15252682,9294,44,-239
2026-08-22T00:06:45.339061+00:00,1787357191,11692,364 Langley Centre/Scottsdale,15252682,9293,45,-247
2026-08-22T00:06:45.339061+00:00,1787357191,11692,364 Langley Centre/Scottsdale,15252682,11126,46,-238
2026-08-22T00:06:45.339061+00:00,1787357191,11692,364 Langley Centre/Scottsdale,15252682,7094,47,-285
2026-08-22T00:06:45.339061+00:00,1787357191,11692,364 Langley Centre/Scottsdale,15252683,11076,21,0
2026-08-22T00:06:45.339061+00:00,1787357191,11692,364 Langley Centre/Scottsdale,15252683,12645,22,-447
2026-08-22T00:06:45.339061+00:00,1787357191,11692,364 Langley Centre/Scottsdale,15252683,9525,23,-448
2026-08-22T00:06:45.339061+00:00,1787357191,11692,364 Langley Centre/Scottsdale,15252683,10148,24,-431
2026-08-22T00:06:45.339061+00:00,1787357191,11692,364 Langley Centre/Scottsdale,15252683,10585,25,-458
2026-08-22T00:06:45.339061+00:00,1787357191,11692,364 Langley Centre/Scottsdale,15252683,10250,26,-476
2026-08-22T00:06:45.339061+00:00,1787357191,11692,364 Langley Centre/Scottsdale,15252683,10588,27,-491
2026-08-22T00:06:45.339061+00:00,1787357191,11692,364 Langley Centre/Scottsdale,15252683,10248,28,-438
2026-08-22T00:06:45.339061+00:00,1787357191,11692,364 Langley Centre/Scottsdale,15252683,10726,29,-440
2026-08-22T00:06:45.339061+00:00,1787357191,11692,364 Langley Centre/Scottsdale,15252683,10725,30,-459
2026-08-22T00:06:45.339061+00:00,1787357191,11692,364 Langley Centre/Scottsdale,15252683,10727,31,-486
2026-08-22T00:06:45.339061+00:00,1787357191,11692,364 Langley Centre/Scottsdale,15252683,10251,32,-507
2026-08-22T00:06:45.339061+00:00,1787357191,11692,364 Langley Centre/Scottsdale,15252683,10252,33,-539
2026-08-22T00:06:45.339061+00:00,1787357191,11692,364 Langley Centre/Scottsdale,15252683,10253,34,-562
2026-08-22T00:06:45.339061+00:00,1787357191,11692,364 Langley Centre/Scottsdale,15252683,10255,35,-589
2026-08-22T00:06:45.339061+00:00,1787357191,11692,364 Langley Centre/Scottsdale,15252683,5332,36,-532
2026-08-22T00:06:45.339061+00:00,1787357191,11692,364 Langley Centre/Scottsdale,15252683,12497,37,-571
2026-08-22T00:06:45.339061+00:00,1787357191,11692,364 Langley Centre/Scottsdale,15252683,5334,38,-584
2026-08-22T00:06:45.339061+00:00,1787357191,11692,364 Langley Centre/Scottsdale,15252683,6472,39,-574
2026-08-22T00:06:45.339061+00:00,1787357191,11692,364 Langley Centre/Scottsdale,15252683,6473,40,-580
2026-08-22T00:06:45.339061+00:00,1787357191,11692,364 Langley Centre/Scottsdale,15252683,6474,41,-592
2026-08-22T00:06:45.339061+00:00,1787357191,11692,364 Langley Centre/Scottsdale,15252683,9306,42,-541
2026-08-22T00:06:45.339061+00:00,1787357191,11692,364 Langley Centre/Scottsdale,15252683,11125,43,-532
2026-08-22T00:06:45.339061+00:00,1787357191,11692,364 Langley Centre/Scottsdale,15252683,9294,44,-545
2026-08-22T00:06:45.339061+00:00,1787357191,11692,364 Langley Centre/Scottsdale,15252683,9293,45,-559
2026-08-22T00:06:45.339061+00:00,1787357191,11692,364 Langley Centre/Scottsdale,15252683,11126,46,-553
2026-08-22T00:06:45.339061+00:00,1787357191,11692,364 Langley Centre/Scottsdale,15252683,7094,47,-584
2026-08-22T00:06:45.339061+00:00,1787357191,11692,364 Langley Centre/Scottsdale,15252684,9294,44,39
2026-08-22T00:06:45.339061+00:00,1787357191,11692,364 Langley Centre/Scottsdale,15252684,9293,45,30
2026-08-22T00:06:45.339061+00:00,1787357191,11692,364 Langley Centre/Scottsdale,15252684,11126,46,36
2026-08-22T00:06:45.339061+00:00,1787357191,11692,364 Langley Centre/Scottsdale,15252684,7094,47,5
2026-08-22T00:06:45.339061+00:00,1787357191,11692,364 Langley Centre/Scottsdale,15252697,10251,32,-148
2026-08-22T00:06:45.339061+00:00,1787357191,11692,364 Langley Centre/Scottsdale,15252697,10252,33,-181
2026-08-22T00:06:45.339061+00:00,1787357191,11692,364 Langley Centre/Scottsdale,15252697,10253,34,-204
2026-08-22T00:06:45.339061+00:00,1787357191,11692,364 Langley Centre/Scottsdale,15252697,10255,35,-230
2026-08-22T00:06:45.339061+00:00,1787357191,11692,364 Langley Centre/Scottsdale,15252697,5332,36,-173
2026-08-22T00:06:45.339061+00:00,1787357191,11692,364 Langley Centre/Scottsdale,15252697,12497,37,-214
2026-08-22T00:06:45.339061+00:00,1787357191,11692,364 Langley Centre/Scottsdale,15252697,5334,38,-227
2026-08-22T00:06:45.339061+00:00,1787357191,11692,364 Langley Centre/Scottsdale,15252697,6472,39,-219
2026-08-22T00:06:45.339061+00:00,1787357191,11692,364 Langley Centre/Scottsdale,15252697,6473,40,-225
2026-08-22T00:06:45.339061+00:00,1787357191,11692,364 Langley Centre/Scottsdale,15252697,6474,41,-237
2026-08-22T00:06:45.339061+00:00,1787357191,11692,364 Langley Centre/Scottsdale,15252697,9306,42,-186
2026-08-22T00:06:45.339061+00:00,1787357191,11692,364 Langley Centre/Scottsdale,15252697,11125,43,-203
2026-08-22T00:06:45.339061+00:00,1787357191,11692,364 Langley Centre/Scottsdale,15252697,9294,44,-194
2026-08-22T00:06:45.339061+00:00,1787357191,11692,364 Langley Centre/Scottsdale,15252697,9293,45,-206
2026-08-22T00:06:45.339061+00:00,1787357191,11692,364 Langley Centre/Scottsdale,15252697,11126,46,-201
2026-08-22T00:06:45.339061+00:00,1787357191,11692,364 Langley Centre/Scottsdale,15252697,7094,47,-232
2026-08-22T00:06:45.339061+00:00,1787357191,11692,364 Langley Centre/Scottsdale,15252700,5584,11,65
2026-08-22T00:06:45.339061+00:00,1787357191,11692,364 Langley Centre/Scottsdale,15252700,6464,12,38
2026-08-22T00:06:45.339061+00:00,1787357191,11692,364 Langley Centre/Scottsdale,15252700,6465,13,1
2026-08-22T00:06:45.339061+00:00,1787357191,11692,364 Langley Centre/Scottsdale,15252700,11074,14,38
2026-08-22T00:06:45.339061+00:00,1787357191,11692,364 Langley Centre/Scottsdale,15252700,11153,15,-5
2026-08-22T00:06:45.339061+00:00,1787357191,11692,364 Langley Centre/Scottsdale,15252700,11150,16,-53
2026-08-22T00:06:45.339061+00:00,1787357191,11692,364 Langley Centre/Scottsdale,15252700,11148,17,-83
2026-08-22T00:06:45.339061+00:00,1787357191,11692,364 Langley Centre/Scottsdale,15252700,11124,18,-75
2026-08-22T00:06:45.339061+00:00,1787357191,11692,364 Langley Centre/Scottsdale,15252700,11140,19,-122
2026-08-22T00:06:45.339061+00:00,1787357191,11692,364 Langley Centre/Scottsdale,15252700,11145,20,-135
2026-08-22T00:06:45.339061+00:00,1787357191,11692,364 Langley Centre/Scottsdale,15252700,11076,21,0
2026-08-22T00:06:45.339061+00:00,1787357191,11692,364 Langley Centre/Scottsdale,15252700,12645,22,-231
2026-08-22T00:06:45.339061+00:00,1787357191,11692,364 Langley Centre/Scottsdale,15252700,9525,23,-232
2026-08-22T00:06:45.339061+00:00,1787357191,11692,364 Langley Centre/Scottsdale,15252700,10148,24,-209
2026-08-22T00:06:45.339061+00:00,1787357191,11692,364 Langley Centre/Scottsdale,15252700,10585,25,-232
2026-08-22T00:06:45.339061+00:00,1787357191,11692,364 Langley Centre/Scottsdale,15252700,10250,26,-244
2026-08-22T00:06:45.339061+00:00,1787357191,11692,364 Langley Centre/Scottsdale,15252700,10588,27,-254
2026-08-22T00:06:45.339061+00:00,1787357191,11692,364 Langley Centre/Scottsdale,15252700,10248,28,-193
2026-08-22T00:06:45.339061+00:00,1787357191,11692,364 Langley Centre/Scottsdale,15252700,10726,29,-194
2026-08-22T00:06:45.339061+00:00,1787357191,11692,364 Langley Centre/Scottsdale,15252700,10725,30,-211
2026-08-22T00:06:45.339061+00:00,1787357191,11692,364 Langley Centre/Scottsdale,15252700,10727,31,-233
2026-08-22T00:06:45.339061+00:00,1787357191,11692,364 Langley Centre/Scottsdale,15252700,10251,32,-243
2026-08-22T00:06:45.339061+00:00,1787357191,11692,364 Langley Centre/Scottsdale,15252700,10252,33,-269
2026-08-22T00:06:45.339061+00:00,1787357191,11692,364 Langley Centre/Scottsdale,15252700,10253,34,-280
2026-08-22T00:06:45.339061+00:00,1787357191,11692,364 Langley Centre/Scottsdale,15252700,10255,35,-301
2026-08-22T00:06:45.339061+00:00,1787357191,11692,364 Langley Centre/Scottsdale,15252700,5332,36,-240
2026-08-22T00:06:45.339061+00:00,1787357191,11692,364 Langley Centre/Scottsdale,15252700,12497,37,-272
2026-08-22T00:06:45.339061+00:00,1787357191,11692,364 Langley Centre/Scottsdale,15252700,5334,38,-283
2026-08-22T00:06:45.339061+00:00,1787357191,11692,364 Langley Centre/Scottsdale,15252700,6472,39,-274
2026-08-22T00:06:45.339061+00:00,1787357191,11692,364 Langley Centre/Scottsdale,15252700,6473,40,-278
2026-08-22T00:06:45.339061+00:00,1787357191,11692,364 Langley Centre/Scottsdale,15252700,6474,41,-278
2026-08-22T00:06:45.339061+00:00,1787357191,11692,364 Langley Centre/Scottsdale,15252700,9306,42,-227
2026-08-22T00:06:45.339061+00:00,1787357191,11692,364 Langley Centre/Scottsdale,15252700,11125,43,-216
2026-08-22T00:06:45.339061+00:00,1787357191,11692,364 Langley Centre/Scottsdale,15252700,9294,44,-206
2026-08-22T00:06:45.339061+00:00,1787357191,11692,364 Langley Centre/Scottsdale,15252700,9293,45,-218
2026-08-22T00:06:45.339061+00:00,1787357191,11692,364 Langley Centre/Scottsdale,15252700,11126,46,-208
2026-08-22T00:06:45.339061+00:00,1787357191,11692,364 Langley Centre/Scottsdale,15252700,7094,47,-220
2026-08-22T00:06:45.339061+00:00,1787357191,11692,364 Langley Centre/Scottsdale,15252714,7096,2,-14
2026-08-22T00:06:45.339061+00:00,1787357191,11692,364 Langley Centre/Scottsdale,15252714,7093,3,-16
2026-08-22T00:06:45.339061+00:00,1787357191,11692,364 Langley Centre/Scottsdale,15252714,9291,4,-160
2026-08-22T00:06:45.339061+00:00,1787357191,11692,364 Langley Centre/Scottsdale,15252714,9292,5,-175
2026-08-22T00:06:45.339061+00:00,1787357191,11692,364 Langley Centre/Scottsdale,15252714,11264,6,-180
2026-08-22T00:06:45.339061+00:00,1787357191,11692,364 Langley Centre/Scottsdale,15252714,9303,7,-179
2026-08-22T00:06:45.339061+00:00,1787357191,11692,364 Langley Centre/Scottsdale,15252714,9304,8,-195
2026-08-22T00:06:45.339061+00:00,1787357191,11692,364 Langley Centre/Scottsdale,15252714,6475,9,-163
2026-08-22T00:06:45.339061+00:00,1787357191,11692,364 Langley Centre/Scottsdale,15252714,6476,10,-198
2026-08-22T00:06:45.339061+00:00,1787357191,11692,364 Langley Centre/Scottsdale,15252714,5381,11,-220
2026-08-22T00:06:45.339061+00:00,1787357191,11692,364 Langley Centre/Scottsdale,15252714,12496,12,-234
2026-08-22T00:06:45.339061+00:00,1787357191,11692,364 Langley Centre/Scottsdale,15252714,5382,13,-263
2026-08-22T00:06:45.339061+00:00,1787357191,11692,364 Langley Centre/Scottsdale,15252714,12516,14,-106
2026-08-22T00:06:45.339061+00:00,1787357191,11692,364 Langley Centre/Scottsdale,15252714,10257,15,-157
2026-08-22T00:06:45.339061+00:00,1787357191,11692,364 Langley Centre/Scottsdale,15252714,10258,16,-175
2026-08-22T00:06:45.339061+00:00,1787357191,11692,364 Langley Centre/Scottsdale,15252714,10259,17,-232
2026-08-22T00:06:45.339061+00:00,1787357191,11692,364 Langley Centre/Scottsdale,15252714,10260,18,0
2026-08-22T00:06:45.339061+00:00,1787357191,11692,364 Langley Centre/Scottsdale,15252714,10729,19,-55
2026-08-22T00:06:45.339061+00:00,1787357191,11692,364 Langley Centre/Scottsdale,15252714,13067,20,-80
2026-08-22T00:06:45.339061+00:00,1787357191,11692,364 Langley Centre/Scottsdale,15252714,10633,21,-103
2026-08-22T00:06:45.339061+00:00,1787357191,11692,364 Langley Centre/Scottsdale,15252714,10149,22,-8
2026-08-22T00:06:45.339061+00:00,1787357191,11692,364 Langley Centre/Scottsdale,15252714,10587,23,-30
2026-08-22T00:06:45.339061+00:00,1787357191,11692,364 Langley Centre/Scottsdale,15252714,10261,24,-73
2026-08-22T00:06:45.339061+00:00,1787357191,11692,364 Langley Centre/Scottsdale,15252714,10586,25,-114
2026-08-22T00:06:45.339061+00:00,1787357191,11692,364 Langley Centre/Scottsdale,15252714,9547,26,-85
2026-08-22T00:06:45.339061+00:00,1787357191,11692,364 Langley Centre/Scottsdale,15252714,9526,27,-122
2026-08-22T00:06:45.339061+00:00,1787357191,11692,364 Langley Centre/Scottsdale,15252714,12646,28,-139
2026-08-22T00:06:45.339061+00:00,1787357191,11692,364 Langley Centre/Scottsdale,15252714,11075,29,-182
2026-08-22T00:06:45.339061+00:00,1787357191,11692,364 Langley Centre/Scottsdale,15252714,11174,30,-213
2026-08-22T00:06:45.339061+00:00,1787357191,11692,364 Langley Centre/Scottsdale,15252714,11175,31,-249
2026-08-22T00:06:45.339061+00:00,1787357191,11692,364 Langley Centre/Scottsdale,15252714,11123,32,-203
2026-08-22T00:06:45.339061+00:00,1787357191,11692,364 Langley Centre/Scottsdale,15252714,11176,33,-211
2026-08-22T00:06:45.339061+00:00,1787357191,11692,364 Langley Centre/Scottsdale,15252714,11177,34,-243
2026-08-22T00:06:45.339061+00:00,1787357191,11692,364 Langley Centre/Scottsdale,15252714,11178,35,-275
2026-08-22T00:06:45.339061+00:00,1787357191,11692,364 Langley Centre/Scottsdale,15252714,6459,36,-188
2026-08-22T00:06:45.339061+00:00,1787357191,11692,364 Langley Centre/Scottsdale,15252714,6460,37,-199
2026-08-22T00:06:45.339061+00:00,1787357191,11692,364 Langley Centre/Scottsdale,15252714,5621,38,-201
2026-08-22T00:06:45.339061+00:00,1787357191,11692,364 Langley Centre/Scottsdale,15252714,5622,39,-229
2026-08-22T00:06:45.339061+00:00,1787357191,11692,364 Langley Centre/Scottsdale,15252714,11122,40,-218
2026-08-22T00:06:45.339061+00:00,1787357191,11692,364 Langley Centre/Scottsdale,15252714,11155,41,-235
2026-08-22T00:06:45.339061+00:00,1787357191,11692,364 Langley Centre/Scottsdale,15252714,11143,42,-249
2026-08-22T00:06:45.339061+00:00,1787357191,11692,364 Langley Centre/Scottsdale,15252714,11141,43,-285
2026-08-22T00:06:45.339061+00:00,1787357191,11692,364 Langley Centre/Scottsdale,15252714,4936,44,-281
2026-08-22T00:06:45.339061+00:00,1787357191,11692,364 Langley Centre/Scottsdale,15252714,4937,45,-307
2026-08-22T00:06:45.339061+00:00,1787357191,11692,364 Langley Centre/Scottsdale,15252714,4938,46,-336
2026-08-22T00:06:45.339061+00:00,1787357191,11692,364 Langley Centre/Scottsdale,15252714,5229,47,-344
2026-08-22T00:06:45.339061+00:00,1787357191,11692,364 Langley Centre/Scottsdale,15252714,4917,48,-299
2026-08-22T00:06:45.339061+00:00,1787357191,11692,364 Langley Centre/Scottsdale,15252715,10149,22,26
2026-08-22T00:06:45.339061+00:00,1787357191,11692,364 Langley Centre/Scottsdale,15252715,10587,23,4
2026-08-22T00:06:45.339061+00:00,1787357191,11692,364 Langley Centre/Scottsdale,15252715,10261,24,-37
2026-08-22T00:06:45.339061+00:00,1787357191,11692,364 Langley Centre/Scottsdale,15252715,10586,25,-78
2026-08-22T00:06:45.339061+00:00,1787357191,11692,364 Langley Centre/Scottsdale,15252715,9547,26,-49
2026-08-22T00:06:45.339061+00:00,1787357191,11692,364 Langley Centre/Scottsdale,15252715,9526,27,-83
2026-08-22T00:06:45.339061+00:00,1787357191,11692,364 Langley Centre/Scottsdale,15252715,12646,28,-99
2026-08-22T00:06:45.339061+00:00,1787357191,11692,364 Langley Centre/Scottsdale,15252715,11075,29,-142
2026-08-22T00:06:45.339061+00:00,1787357191,11692,364 Langley Centre/Scottsdale,15252715,11174,30,-175
2026-08-22T00:06:45.339061+00:00,1787357191,11692,364 Langley Centre/Scottsdale,15252715,11175,31,-211
2026-08-22T00:06:45.339061+00:00,1787357191,11692,364 Langley Centre/Scottsdale,15252715,11123,32,-165
2026-08-22T00:06:45.339061+00:00,1787357191,11692,364 Langley Centre/Scottsdale,15252715,11176,33,-169
2026-08-22T00:06:45.339061+00:00,1787357191,11692,364 Langley Centre/Scottsdale,15252715,11177,34,-202
2026-08-22T00:06:45.339061+00:00,1787357191,11692,364 Langley Centre/Scottsdale,15252715,11178,35,-235
2026-08-22T00:06:45.339061+00:00,1787357191,11692,364 Langley Centre/Scottsdale,15252715,6459,36,-149
2026-08-22T00:06:45.339061+00:00,1787357191,11692,364 Langley Centre/Scottsdale,15252715,6460,37,-163
2026-08-22T00:06:45.339061+00:00,1787357191,11692,364 Langley Centre/Scottsdale,15252715,5621,38,-164
2026-08-22T00:06:45.339061+00:00,1787357191,11692,364 Langley Centre/Scottsdale,15252715,5622,39,-192
2026-08-22T00:06:45.339061+00:00,1787357191,11692,364 Langley Centre/Scottsdale,15252715,11122,40,-161
2026-08-22T00:06:45.339061+00:00,1787357191,11692,364 Langley Centre/Scottsdale,15252715,11155,41,-180
2026-08-22T00:06:45.339061+00:00,1787357191,11692,364 Langley Centre/Scottsdale,15252715,11143,42,-192
2026-08-22T00:06:45.339061+00:00,1787357191,11692,364 Langley Centre/Scottsdale,15252715,11141,43,-229
2026-08-22T00:06:45.339061+00:00,1787357191,11692,364 Langley Centre/Scottsdale,15252715,4936,44,-223
2026-08-22T00:06:45.339061+00:00,1787357191,11692,364 Langley Centre/Scottsdale,15252715,4937,45,-249
2026-08-22T00:06:45.339061+00:00,1787357191,11692,364 Langley Centre/Scottsdale,15252715,4938,46,-276
2026-08-22T00:06:45.339061+00:00,1787357191,11692,364 Langley Centre/Scottsdale,15252715,5229,47,-278
2026-08-22T00:06:45.339061+00:00,1787357191,11692,364 Langley Centre/Scottsdale,15252715,4917,48,-221
2026-08-22T00:06:45.339061+00:00,1787357191,11692,364 Langley Centre/Scottsdale,15252736,5622,39,-93
2026-08-22T00:06:45.339061+00:00,1787357191,11692,364 Langley Centre/Scottsdale,15252736,11122,40,-66
2026-08-22T00:06:45.339061+00:00,1787357191,11692,364 Langley Centre/Scottsdale,15252736,11155,41,-88
2026-08-22T00:06:45.339061+00:00,1787357191,11692,364 Langley Centre/Scottsdale,15252736,11143,42,-104
2026-08-22T00:06:45.339061+00:00,1787357191,11692,364 Langley Centre/Scottsdale,15252736,11141,43,-142
2026-08-22T00:06:45.339061+00:00,1787357191,11692,364 Langley Centre/Scottsdale,15252736,4936,44,-136
2026-08-22T00:06:45.339061+00:00,1787357191,11692,364 Langley Centre/Scottsdale,15252736,4937,45,-164
2026-08-22T00:06:45.339061+00:00,1787357191,11692,364 Langley Centre/Scottsdale,15252736,4938,46,-195
2026-08-22T00:06:45.339061+00:00,1787357191,11692,364 Langley Centre/Scottsdale,15252736,5229,47,-198
2026-08-22T00:06:45.339061+00:00,1787357191,11692,364 Langley Centre/Scottsdale,15252736,4917,48,-145
2026-08-22T00:06:45.339061+00:00,1787357191,11692,364 Langley Centre/Scottsdale,15252751,11174,30,-296
2026-08-22T00:06:45.339061+00:00,1787357191,11692,364 Langley Centre/Scottsdale,15252751,11175,31,-334
2026-08-22T00:06:45.339061+00:00,1787357191,11692,364 Langley Centre/Scottsdale,15252751,11123,32,-293
2026-08-22T00:06:45.339061+00:00,1787357191,11692,364 Langley Centre/Scottsdale,15252751,11176,33,-300
2026-08-22T00:06:45.339061+00:00,1787357191,11692,364 Langley Centre/Scottsdale,15252751,11177,34,-337
2026-08-22T00:06:45.339061+00:00,1787357191,11692,364 Langley Centre/Scottsdale,15252751,11178,35,-373
2026-08-22T00:06:45.339061+00:00,1787357191,11692,364 Langley Centre/Scottsdale,15252751,6459,36,-290
2026-08-22T00:06:45.339061+00:00,1787357191,11692,364 Langley Centre/Scottsdale,15252751,6460,37,-306
2026-08-22T00:06:45.339061+00:00,1787357191,11692,364 Langley Centre/Scottsdale,15252751,5621,38,-310
2026-08-22T00:06:45.339061+00:00,1787357191,11692,364 Langley Centre/Scottsdale,15252751,5622,39,-342
2026-08-22T00:06:45.339061+00:00,1787357191,11692,364 Langley Centre/Scottsdale,15252751,11122,40,-315
2026-08-22T00:06:45.339061+00:00,1787357191,11692,364 Langley Centre/Scottsdale,15252751,11155,41,-338
2026-08-22T00:06:45.339061+00:00,1787357191,11692,364 Langley Centre/Scottsdale,15252751,11143,42,-354
2026-08-22T00:06:45.339061+00:00,1787357191,11692,364 Langley Centre/Scottsdale,15252751,11141,43,-393
2026-08-22T00:06:45.339061+00:00,1787357191,11692,364 Langley Centre/Scottsdale,15252751,4936,44,-388
2026-08-22T00:06:45.339061+00:00,1787357191,11692,364 Langley Centre/Scottsdale,15252751,4937,45,-414
2026-08-22T00:06:45.339061+00:00,1787357191,11692,364 Langley Centre/Scottsdale,15252751,4938,46,-442
2026-08-22T00:06:45.339061+00:00,1787357191,11692,364 Langley Centre/Scottsdale,15252751,5229,47,-445
2026-08-22T00:06:45.339061+00:00,1787357191,11692,364 Langley Centre/Scottsdale,15252751,4917,48,-390
2026-08-22T00:06:45.339061+00:00,1787357191,11692,364 Langley Centre/Scottsdale,15252752,12496,12,-86
2026-08-22T00:06:45.339061+00:00,1787357191,11692,364 Langley Centre/Scottsdale,15252752,5382,13,-119
2026-08-22T00:06:45.339061+00:00,1787357191,11692,364 Langley Centre/Scottsdale,15252752,12516,14,33
2026-08-22T00:06:45.339061+00:00,1787357191,11692,364 Langley Centre/Scottsdale,15252752,10257,15,-21
2026-08-22T00:06:45.339061+00:00,1787357191,11692,364 Langley Centre/Scottsdale,15252752,10258,16,-43
2026-08-22T00:06:45.339061+00:00,1787357191,11692,364 Langley Centre/Scottsdale,15252752,10259,17,-104
2026-08-22T00:06:45.339061+00:00,1787357191,11692,364 Langley Centre/Scottsdale,15252752,10260,18,0
2026-08-22T00:06:45.339061+00:00,1787357191,11692,364 Langley Centre/Scottsdale,15252752,10729,19,-55
2026-08-22T00:06:45.339061+00:00,1787357191,11692,364 Langley Centre/Scottsdale,15252752,13067,20,-80
2026-08-22T00:06:45.339061+00:00,1787357191,11692,364 Langley Centre/Scottsdale,15252752,10633,21,-104
2026-08-22T00:06:45.339061+00:00,1787357191,11692,364 Langley Centre/Scottsdale,15252752,10149,22,-9
2026-08-22T00:06:45.339061+00:00,1787357191,11692,364 Langley Centre/Scottsdale,15252752,10587,23,-33
2026-08-22T00:06:45.339061+00:00,1787357191,11692,364 Langley Centre/Scottsdale,15252752,10261,24,-74
2026-08-22T00:06:45.339061+00:00,1787357191,11692,364 Langley Centre/Scottsdale,15252752,10586,25,-115
2026-08-22T00:06:45.339061+00:00,1787357191,11692,364 Langley Centre/Scottsdale,15252752,9547,26,-86
2026-08-22T00:06:45.339061+00:00,1787357191,11692,364 Langley Centre/Scottsdale,15252752,9526,27,-120
2026-08-22T00:06:45.339061+00:00,1787357191,11692,364 Langley Centre/Scottsdale,15252752,12646,28,-137
2026-08-22T00:06:45.339061+00:00,1787357191,11692,364 Langley Centre/Scottsdale,15252752,11075,29,-180
2026-08-22T00:06:45.339061+00:00,1787357191,11692,364 Langley Centre/Scottsdale,15252752,11174,30,-212
2026-08-22T00:06:45.339061+00:00,1787357191,11692,364 Langley Centre/Scottsdale,15252752,11175,31,-247
2026-08-22T00:06:45.339061+00:00,1787357191,11692,364 Langley Centre/Scottsdale,15252752,11123,32,-202
2026-08-22T00:06:45.339061+00:00,1787357191,11692,364 Langley Centre/Scottsdale,15252752,11176,33,-207
2026-08-22T00:06:45.339061+00:00,1787357191,11692,364 Langley Centre/Scottsdale,15252752,11177,34,-239
2026-08-22T00:06:45.339061+00:00,1787357191,11692,364 Langley Centre/Scottsdale,15252752,11178,35,-272
2026-08-22T00:06:45.339061+00:00,1787357191,11692,364 Langley Centre/Scottsdale,15252752,6459,36,-186
2026-08-22T00:06:45.339061+00:00,1787357191,11692,364 Langley Centre/Scottsdale,15252752,6460,37,-200
2026-08-22T00:06:45.339061+00:00,1787357191,11692,364 Langley Centre/Scottsdale,15252752,5621,38,-201
2026-08-22T00:06:45.339061+00:00,1787357191,11692,364 Langley Centre/Scottsdale,15252752,5622,39,-229
2026-08-22T00:06:45.339061+00:00,1787357191,11692,364 Langley Centre/Scottsdale,15252752,11122,40,-198
2026-08-22T00:06:45.339061+00:00,1787357191,11692,364 Langley Centre/Scottsdale,15252752,11155,41,-217
2026-08-22T00:06:45.339061+00:00,1787357191,11692,364 Langley Centre/Scottsdale,15252752,11143,42,-230
2026-08-22T00:06:45.339061+00:00,1787357191,11692,364 Langley Centre/Scottsdale,15252752,11141,43,-267
2026-08-22T00:06:45.339061+00:00,1787357191,11692,364 Langley Centre/Scottsdale,15252752,4936,44,-260
2026-08-22T00:06:45.339061+00:00,1787357191,11692,364 Langley Centre/Scottsdale,15252752,4937,45,-286
2026-08-22T00:06:45.339061+00:00,1787357191,11692,364 Langley Centre/Scottsdale,15252752,4938,46,-313
2026-08-22T00:06:45.339061+00:00,1787357191,11692,364 Langley Centre/Scottsdale,15252752,5229,47,-314
2026-08-22T00:06:45.339061+00:00,1787357191,11692,364 Langley Centre/Scottsdale,15252752,4917,48,-256
2026-08-22T00:06:45.339061+00:00,1787357191,18705,531 WhiteRock/WillowBrook,15259154,12173,46,67
2026-08-22T00:06:45.339061+00:00,1787357191,18705,531 WhiteRock/WillowBrook,15259154,9291,47,33
2026-08-22T00:06:45.339061+00:00,1787357191,18705,531 WhiteRock/WillowBrook,15259154,9292,48,27
2026-08-22T00:06:45.339061+00:00,1787357191,18705,531 WhiteRock/WillowBrook,15259154,11264,49,58
2026-08-22T00:06:45.339061+00:00,1787357191,18705,531 WhiteRock/WillowBrook,15259154,9303,50,68
2026-08-22T00:06:45.339061+00:00,1787357191,18705,531 WhiteRock/WillowBrook,15259154,9304,51,64
2026-08-22T00:06:45.339061+00:00,1787357191,18705,531 WhiteRock/WillowBrook,15259154,6475,52,114
2026-08-22T00:06:45.339061+00:00,1787357191,18705,531 WhiteRock/WillowBrook,15259154,6476,53,102
2026-08-22T00:06:45.339061+00:00,1787357191,18705,531 WhiteRock/WillowBrook,15259154,5335,54,109
2026-08-22T00:06:45.339061+00:00,1787357191,18705,531 WhiteRock/WillowBrook,15259154,7100,55,147
2026-08-22T00:06:45.339061+00:00,1787357191,18705,531 WhiteRock/WillowBrook,15259155,9030,32,-108
2026-08-22T00:06:45.339061+00:00,1787357191,18705,531 WhiteRock/WillowBrook,15259155,8937,33,-129
2026-08-22T00:06:45.339061+00:00,1787357191,18705,531 WhiteRock/WillowBrook,15259155,8938,34,-128
2026-08-22T00:06:45.339061+00:00,1787357191,18705,531 WhiteRock/WillowBrook,15259155,7081,35,-130
2026-08-22T00:06:45.339061+00:00,1787357191,18705,531 WhiteRock/WillowBrook,15259155,7082,36,-138
2026-08-22T00:06:45.339061+00:00,1787357191,18705,531 WhiteRock/WillowBrook,15259155,7083,37,-167
2026-08-22T00:06:45.339061+00:00,1787357191,18705,531 WhiteRock/WillowBrook,15259155,7084,38,-186
2026-08-22T00:06:45.339061+00:00,1787357191,18705,531 WhiteRock/WillowBrook,15259155,7085,39,-221
2026-08-22T00:06:45.339061+00:00,1787357191,18705,531 WhiteRock/WillowBrook,15259155,8939,40,-235
2026-08-22T00:06:45.339061+00:00,1787357191,18705,531 WhiteRock/WillowBrook,15259155,7086,41,-246
2026-08-22T00:06:45.339061+00:00,1787357191,18705,531 WhiteRock/WillowBrook,15259155,8940,42,-273
2026-08-22T00:06:45.339061+00:00,1787357191,18705,531 WhiteRock/WillowBrook,15259155,5341,43,-289
2026-08-22T00:06:45.339061+00:00,1787357191,18705,531 WhiteRock/WillowBrook,15259155,5342,44,-290
2026-08-22T00:06:45.339061+00:00,1787357191,18705,531 WhiteRock/WillowBrook,15259155,12293,45,-283
2026-08-22T00:06:45.339061+00:00,1787357191,18705,531 WhiteRock/WillowBrook,15259155,12173,46,-217
2026-08-22T00:06:45.339061+00:00,1787357191,18705,531 WhiteRock/WillowBrook,15259155,9291,47,-243
2026-08-22T00:06:45.339061+00:00,1787357191,18705,531 WhiteRock/WillowBrook,15259155,9292,48,-248
2026-08-22T00:06:45.339061+00:00,1787357191,18705,531 WhiteRock/WillowBrook,15259155,11264,49,-219
2026-08-22T00:06:45.339061+00:00,1787357191,18705,531 WhiteRock/WillowBrook,15259155,9303,50,-221
2026-08-22T00:06:45.339061+00:00,1787357191,18705,531 WhiteRock/WillowBrook,15259155,9304,51,-226
2026-08-22T00:06:45.339061+00:00,1787357191,18705,531 WhiteRock/WillowBrook,15259155,6475,52,-174
2026-08-22T00:06:45.339061+00:00,1787357191,18705,531 WhiteRock/WillowBrook,15259155,6476,53,-185
2026-08-22T00:06:45.339061+00:00,1787357191,18705,531 WhiteRock/WillowBrook,15259155,5335,54,-177
2026-08-22T00:06:45.339061+00:00,1787357191,18705,531 WhiteRock/WillowBrook,15259155,7100,55,-138
2026-08-22T00:06:45.339061+00:00,1787357191,18705,531 WhiteRock/WillowBrook,15259176,11743,14,293
2026-08-22T00:06:45.339061+00:00,1787357191,18705,531 WhiteRock/WillowBrook,15259176,12306,15,228
2026-08-22T00:06:45.339061+00:00,1787357191,18705,531 WhiteRock/WillowBrook,15259176,12218,16,174
2026-08-22T00:06:45.339061+00:00,1787357191,18705,531 WhiteRock/WillowBrook,15259176,11924,17,103
2026-08-22T00:06:45.339061+00:00,1787357191,18705,531 WhiteRock/WillowBrook,15259176,13131,18,64
2026-08-22T00:06:45.339061+00:00,1787357191,18705,531 WhiteRock/WillowBrook,15259176,11923,19,36
2026-08-22T00:06:45.339061+00:00,1787357191,18705,531 WhiteRock/WillowBrook,15259176,12597,20,-34
2026-08-22T00:06:45.339061+00:00,1787357191,18705,531 WhiteRock/WillowBrook,15259176,11922,21,-52
2026-08-22T00:06:45.339061+00:00,1787357191,18705,531 WhiteRock/WillowBrook,15259176,11744,22,-39
2026-08-22T00:06:45.339061+00:00,1787357191,18705,531 WhiteRock/WillowBrook,15259176,11746,23,-55
2026-08-22T00:06:45.339061+00:00,1787357191,18705,531 WhiteRock/WillowBrook,15259176,11839,24,-51
2026-08-22T00:06:45.339061+00:00,1787357191,18705,531 WhiteRock/WillowBrook,15259176,12922,25,-65
2026-08-22T00:06:45.339061+00:00,1787357191,18705,531 WhiteRock/WillowBrook,15259176,12923,26,-100
2026-08-22T00:06:45.339061+00:00,1787357191,18705,531 WhiteRock/WillowBrook,15259176,12925,27,-96
2026-08-22T00:06:45.339061+00:00,1787357191,18705,531 WhiteRock/WillowBrook,15259176,12928,28,-119
2026-08-22T00:06:45.339061+00:00,1787357191,18705,531 WhiteRock/WillowBrook,15259176,12930,29,-136
2026-08-22T00:06:45.339061+00:00,1787357191,18705,531 WhiteRock/WillowBrook,15259176,13042,30,-151
2026-08-22T00:06:45.339061+00:00,1787357191,18705,531 WhiteRock/WillowBrook,15259176,8936,31,-141
2026-08-22T00:06:45.339061+00:00,1787357191,18705,531 WhiteRock/WillowBrook,15259176,9030,32,-152
2026-08-22T00:06:45.339061+00:00,1787357191,18705,531 WhiteRock/WillowBrook,15259176,8937,33,-173
2026-08-22T00:06:45.339061+00:00,1787357191,18705,531 WhiteRock/WillowBrook,15259176,8938,34,-174
2026-08-22T00:06:45.339061+00:00,1787357191,18705,531 WhiteRock/WillowBrook,15259176,7081,35,-174
2026-08-22T00:06:45.339061+00:00,1787357191,18705,531 WhiteRock/WillowBrook,15259176,7082,36,-180
2026-08-22T00:06:45.339061+00:00,1787357191,18705,531 WhiteRock/WillowBrook,15259176,7083,37,-208
2026-08-22T00:06:45.339061+00:00,1787357191,18705,531 WhiteRock/WillowBrook,15259176,7084,38,-227
2026-08-22T00:06:45.339061+00:00,1787357191,18705,531 WhiteRock/WillowBrook,15259176,7085,39,-263
2026-08-22T00:06:45.339061+00:00,1787357191,18705,531 WhiteRock/WillowBrook,15259176,8939,40,-277
2026-08-22T00:06:45.339061+00:00,1787357191,18705,531 WhiteRock/WillowBrook,15259176,7086,41,-289
2026-08-22T00:06:45.339061+00:00,1787357191,18705,531 WhiteRock/WillowBrook,15259176,8940,42,-316
2026-08-22T00:06:45.339061+00:00,1787357191,18705,531 WhiteRock/WillowBrook,15259176,5341,43,-333
2026-08-22T00:06:45.339061+00:00,1787357191,18705,531 WhiteRock/WillowBrook,15259176,5342,44,-334
2026-08-22T00:06:45.339061+00:00,1787357191,18705,531 WhiteRock/WillowBrook,15259176,12293,45,-326
2026-08-22T00:06:45.339061+00:00,1787357191,18705,531 WhiteRock/WillowBrook,15259176,12173,46,-258
2026-08-22T00:06:45.339061+00:00,1787357191,18705,531 WhiteRock/WillowBrook,15259176,9291,47,-284
2026-08-22T00:06:45.339061+00:00,1787357191,18705,531 WhiteRock/WillowBrook,15259176,9292,48,-289
2026-08-22T00:06:45.339061+00:00,1787357191,18705,531 WhiteRock/WillowBrook,15259176,11264,49,-255
2026-08-22T00:06:45.339061+00:00,1787357191,18705,531 WhiteRock/WillowBrook,15259176,9303,50,-244
2026-08-22T00:06:45.339061+00:00,1787357191,18705,531 WhiteRock/WillowBrook,15259176,9304,51,-248
2026-08-22T00:06:45.339061+00:00,1787357191,18705,531 WhiteRock/WillowBrook,15259176,6475,52,-201
2026-08-22T00:06:45.339061+00:00,1787357191,18705,531 WhiteRock/WillowBrook,15259176,6476,53,-211
2026-08-22T00:06:45.339061+00:00,1787357191,18705,531 WhiteRock/WillowBrook,15259176,5335,54,-201
2026-08-22T00:06:45.339061+00:00,1787357191,18705,531 WhiteRock/WillowBrook,15259176,7100,55,-157
2026-08-22T00:06:45.339061+00:00,1787357191,18705,531 WhiteRock/WillowBrook,15259178,13013,1,0
2026-08-22T00:06:45.339061+00:00,1787357191,18705,531 WhiteRock/WillowBrook,15259178,11755,6,-227
2026-08-22T00:06:45.339061+00:00,1787357191,18705,531 WhiteRock/WillowBrook,15259178,11734,7,-234
2026-08-22T00:06:45.339061+00:00,1787357191,18705,531 WhiteRock/WillowBrook,15259178,10856,8,-237
2026-08-22T00:06:45.339061+00:00,1787357191,18705,531 WhiteRock/WillowBrook,15259178,11583,9,-250
2026-08-22T00:06:45.339061+00:00,1787357191,18705,531 WhiteRock/WillowBrook,15259178,11574,10,-248
2026-08-22T00:06:45.339061+00:00,1787357191,18705,531 WhiteRock/WillowBrook,15259178,11736,11,-220
2026-08-22T00:06:45.339061+00:00,1787357191,18705,531 WhiteRock/WillowBrook,15259178,12379,12,-222
2026-08-22T00:06:45.339061+00:00,1787357191,18705,531 WhiteRock/WillowBrook,15259178,11738,13,-244
2026-08-22T00:06:45.339061+00:00,1787357191,18705,531 WhiteRock/WillowBrook,15259178,11743,14,-266
2026-08-22T00:06:45.339061+00:00,1787357191,18705,531 WhiteRock/WillowBrook,15259178,12306,15,-325
2026-08-22T00:06:45.339061+00:00,1787357191,18705,531 WhiteRock/WillowBrook,15259178,12218,16,-374
2026-08-22T00:06:45.339061+00:00,1787357191,18705,531 WhiteRock/WillowBrook,15259178,11924,17,-439
2026-08-22T00:06:45.339061+00:00,1787357191,18705,531 WhiteRock/WillowBrook,15259178,13131,18,-475
2026-08-22T00:06:45.339061+00:00,1787357191,18705,531 WhiteRock/WillowBrook,15259178,11923,19,-500
2026-08-22T00:06:45.339061+00:00,1787357191,18705,531 WhiteRock/WillowBrook,15259178,12597,20,-565
2026-08-22T00:06:45.339061+00:00,1787357191,18705,531 WhiteRock/WillowBrook,15259178,11922,21,-579
2026-08-22T00:06:45.339061+00:00,1787357191,18705,531 WhiteRock/WillowBrook,15259178,11744,22,-563
2026-08-22T00:06:45.339061+00:00,1787357191,18705,531 WhiteRock/WillowBrook,15259178,11746,23,-575
2026-08-22T00:06:45.339061+00:00,1787357191,18705,531 WhiteRock/WillowBrook,15259178,11839,24,-568
2026-08-22T00:06:45.339061+00:00,1787357191,18705,531 WhiteRock/WillowBrook,15259178,12922,25,-575
2026-08-22T00:06:45.339061+00:00,1787357191,18705,531 WhiteRock/WillowBrook,15259178,12923,26,-601
2026-08-22T00:06:45.339061+00:00,1787357191,18705,531 WhiteRock/WillowBrook,15259178,12925,27,-598
2026-08-22T00:06:45.339061+00:00,1787357191,18705,531 WhiteRock/WillowBrook,15259178,12928,28,-617
2026-08-22T00:06:45.339061+00:00,1787357191,18705,531 WhiteRock/WillowBrook,15259178,12930,29,-631
2026-08-22T00:06:45.339061+00:00,1787357191,18705,531 WhiteRock/WillowBrook,15259178,13042,30,-643
2026-08-22T00:06:45.339061+00:00,1787357191,18705,531 WhiteRock/WillowBrook,15259178,8936,31,-628
2026-08-22T00:06:45.339061+00:00,1787357191,18705,531 WhiteRock/WillowBrook,15259178,9030,32,-638
2026-08-22T00:06:45.339061+00:00,1787357191,18705,531 WhiteRock/WillowBrook,15259178,8937,33,-657
2026-08-22T00:06:45.339061+00:00,1787357191,18705,531 WhiteRock/WillowBrook,15259178,8938,34,-653
2026-08-22T00:06:45.339061+00:00,1787357191,18705,531 WhiteRock/WillowBrook,15259178,7081,35,-652
2026-08-22T00:06:45.339061+00:00,1787357191,18705,531 WhiteRock/WillowBrook,15259178,7082,36,-658
2026-08-22T00:06:45.339061+00:00,1787357191,18705,531 WhiteRock/WillowBrook,15259178,7083,37,-682
2026-08-22T00:06:45.339061+00:00,1787357191,18705,531 WhiteRock/WillowBrook,15259178,7084,38,-699
2026-08-22T00:06:45.339061+00:00,1787357191,18705,531 WhiteRock/WillowBrook,15259178,7085,39,-731
2026-08-22T00:06:45.339061+00:00,1787357191,18705,531 WhiteRock/WillowBrook,15259178,8939,40,-742
2026-08-22T00:06:45.339061+00:00,1787357191,18705,531 WhiteRock/WillowBrook,15259178,7086,41,-751
2026-08-22T00:06:45.339061+00:00,1787357191,18705,531 WhiteRock/WillowBrook,15259178,8940,42,-772
2026-08-22T00:06:45.339061+00:00,1787357191,18705,531 WhiteRock/WillowBrook,15259178,5341,43,-777
2026-08-22T00:06:45.339061+00:00,1787357191,18705,531 WhiteRock/WillowBrook,15259178,5342,44,-776
2026-08-22T00:06:45.339061+00:00,1787357191,18705,531 WhiteRock/WillowBrook,15259178,12293,45,-766
2026-08-22T00:06:45.339061+00:00,1787357191,18705,531 WhiteRock/WillowBrook,15259178,12173,46,-694
2026-08-22T00:06:45.339061+00:00,1787357191,18705,531 WhiteRock/WillowBrook,15259178,9291,47,-707
2026-08-22T00:06:45.339061+00:00,1787357191,18705,531 WhiteRock/WillowBrook,15259178,9292,48,-710
2026-08-22T00:06:45.339061+00:00,1787357191,18705,531 WhiteRock/WillowBrook,15259178,11264,49,-678
2026-08-22T00:06:45.339061+00:00,1787357191,18705,531 WhiteRock/WillowBrook,15259178,9303,50,-666
2026-08-22T00:06:45.339061+00:00,1787357191,18705,531 WhiteRock/WillowBrook,15259178,9304,51,-668
2026-08-22T00:06:45.339061+00:00,1787357191,18705,531 WhiteRock/WillowBrook,15259178,6475,52,-622
2026-08-22T00:06:45.339061+00:00,1787357191,18705,531 WhiteRock/WillowBrook,15259178,6476,53,-628
2026-08-22T00:06:45.339061+00:00,1787357191,18705,531 WhiteRock/WillowBrook,15259178,5335,54,-616
2026-08-22T00:06:45.339061+00:00,1787357191,18705,531 WhiteRock/WillowBrook,15259178,7100,55,-569
2026-08-22T00:06:45.339061+00:00,1787357191,18705,531 WhiteRock/WillowBrook,15259208,11920,36,-20
2026-08-22T00:06:45.339061+00:00,1787357191,18705,531 WhiteRock/WillowBrook,15259208,13130,37,-58
2026-08-22T00:06:45.339061+00:00,1787357191,18705,531 WhiteRock/WillowBrook,15259208,11925,38,-95
2026-08-22T00:06:45.339061+00:00,1787357191,18705,531 WhiteRock/WillowBrook,15259208,12219,39,-130
2026-08-22T00:06:45.339061+00:00,1787357191,18705,531 WhiteRock/WillowBrook,15259208,11741,40,-271
2026-08-22T00:06:45.339061+00:00,1787357191,18705,531 WhiteRock/WillowBrook,15259208,11740,41,-291
2026-08-22T00:06:45.339061+00:00,1787357191,18705,531 WhiteRock/WillowBrook,15259208,11739,42,-239
2026-08-22T00:06:45.339061+00:00,1787357191,18705,531 WhiteRock/WillowBrook,15259208,11737,43,-195
2026-08-22T00:06:45.339061+00:00,1787357191,18705,531 WhiteRock/WillowBrook,15259208,11757,44,-230
2026-08-22T00:06:45.339061+00:00,1787357191,18705,531 WhiteRock/WillowBrook,15259208,11735,45,-191
2026-08-22T00:06:45.339061+00:00,1787357191,18705,531 WhiteRock/WillowBrook,15259208,11756,46,-184
2026-08-22T00:06:45.339061+00:00,1787357191,18705,531 WhiteRock/WillowBrook,15259208,5535,47,-154
2026-08-22T00:06:45.339061+00:00,1787357191,18705,531 WhiteRock/WillowBrook,15259208,5536,48,-181
2026-08-22T00:06:45.339061+00:00,1787357191,18705,531 WhiteRock/WillowBrook,15259208,5537,49,-172
2026-08-22T00:06:45.339061+00:00,1787357191,18705,531 WhiteRock/WillowBrook,15259208,5538,50,-178
2026-08-22T00:06:45.339061+00:00,1787357191,18705,531 WhiteRock/WillowBrook,15259208,5539,51,-180
2026-08-22T00:06:45.339061+00:00,1787357191,18705,531 WhiteRock/WillowBrook,15259208,5540,52,-174
2026-08-22T00:06:45.339061+00:00,1787357191,18705,531 WhiteRock/WillowBrook,15259209,7171,15,221
2026-08-22T00:06:45.339061+00:00,1787357191,18705,531 WhiteRock/WillowBrook,15259209,7172,16,180
2026-08-22T00:06:45.339061+00:00,1787357191,18705,531 WhiteRock/WillowBrook,15259209,7173,17,167
2026-08-22T00:06:45.339061+00:00,1787357191,18705,531 WhiteRock/WillowBrook,15259209,7174,18,126
2026-08-22T00:06:45.339061+00:00,1787357191,18705,531 WhiteRock/WillowBrook,15259209,7175,19,112
2026-08-22T00:06:45.339061+00:00,1787357191,18705,531 WhiteRock/WillowBrook,15259209,7176,20,83
2026-08-22T00:06:45.339061+00:00,1787357191,18705,531 WhiteRock/WillowBrook,15259209,7177,21,90
2026-08-22T00:06:45.339061+00:00,1787357191,18705,531 WhiteRock/WillowBrook,15259209,8948,22,62
2026-08-22T00:06:45.339061+00:00,1787357191,18705,531 WhiteRock/WillowBrook,15259209,9031,23,41
2026-08-22T00:06:45.339061+00:00,1787357191,18705,531 WhiteRock/WillowBrook,15259209,12931,24,40
2026-08-22T00:06:45.339061+00:00,1787357191,18705,531 WhiteRock/WillowBrook,15259209,13041,25,5
2026-08-22T00:06:45.339061+00:00,1787357191,18705,531 WhiteRock/WillowBrook,15259209,12929,26,-14
2026-08-22T00:06:45.339061+00:00,1787357191,18705,531 WhiteRock/WillowBrook,15259209,12927,27,-45
2026-08-22T00:06:45.339061+00:00,1787357191,18705,531 WhiteRock/WillowBrook,15259209,12926,28,-51
2026-08-22T00:06:45.339061+00:00,1787357191,18705,531 WhiteRock/WillowBrook,15259209,12924,29,-67
2026-08-22T00:06:45.339061+00:00,1787357191,18705,531 WhiteRock/WillowBrook,15259209,11751,30,-64
2026-08-22T00:06:45.339061+00:00,1787357191,18705,531 WhiteRock/WillowBrook,15259209,11750,31,-106
2026-08-22T00:06:45.339061+00:00,1787357191,18705,531 WhiteRock/WillowBrook,15259209,11747,32,-135
2026-08-22T00:06:45.339061+00:00,1787357191,18705,531 WhiteRock/WillowBrook,15259209,11745,33,-140
2026-08-22T00:06:45.339061+00:00,1787357191,18705,531 WhiteRock/WillowBrook,15259209,13040,34,-149
2026-08-22T00:06:45.339061+00:00,1787357191,18705,531 WhiteRock/WillowBrook,15259209,12598,35,-175
2026-08-22T00:06:45.339061+00:00,1787357191,18705,531 WhiteRock/WillowBrook,15259209,11920,36,-236
2026-08-22T00:06:45.339061+00:00,1787357191,18705,531 WhiteRock/WillowBrook,15259209,13130,37,-274
2026-08-22T00:06:45.339061+00:00,1787357191,18705,531 WhiteRock/WillowBrook,15259209,11925,38,-311
2026-08-22T00:06:45.339061+00:00,1787357191,18705,531 WhiteRock/WillowBrook,15259209,12219,39,-344
2026-08-22T00:06:45.339061+00:00,1787357191,18705,531 WhiteRock/WillowBrook,15259209,11741,40,-485
2026-08-22T00:06:45.339061+00:00,1787357191,18705,531 WhiteRock/WillowBrook,15259209,11740,41,-506
2026-08-22T00:06:45.339061+00:00,1787357191,18705,531 WhiteRock/WillowBrook,15259209,11739,42,-457
2026-08-22T00:06:45.339061+00:00,1787357191,18705,531 WhiteRock/WillowBrook,15259209,11737,43,-408
2026-08-22T00:06:45.339061+00:00,1787357191,18705,531 WhiteRock/WillowBrook,15259209,11757,44,-442
2026-08-22T00:06:45.339061+00:00,1787357191,18705,531 WhiteRock/WillowBrook,15259209,11735,45,-403
2026-08-22T00:06:45.339061+00:00,1787357191,18705,531 WhiteRock/WillowBrook,15259209,11756,46,-396
2026-08-22T00:06:45.339061+00:00,1787357191,18705,531 WhiteRock/WillowBrook,15259209,5535,47,-367
2026-08-22T00:06:45.339061+00:00,1787357191,18705,531 WhiteRock/WillowBrook,15259209,5536,48,-395
2026-08-22T00:06:45.339061+00:00,1787357191,18705,531 WhiteRock/WillowBrook,15259209,5537,49,-408
2026-08-22T00:06:45.339061+00:00,1787357191,18705,531 WhiteRock/WillowBrook,15259209,5538,50,-416
2026-08-22T00:06:45.339061+00:00,1787357191,18705,531 WhiteRock/WillowBrook,15259209,5539,51,-409
2026-08-22T00:06:45.339061+00:00,1787357191,18705,531 WhiteRock/WillowBrook,15259209,5540,52,-400
2026-08-22T00:06:45.339061+00:00,1787357191,18705,531 WhiteRock/WillowBrook,15259222,11754,1,0
2026-08-22T00:06:45.339061+00:00,1787357191,18705,531 WhiteRock/WillowBrook,15259222,6473,2,0
2026-08-22T00:06:45.339061+00:00,1787357191,18705,531 WhiteRock/WillowBrook,15259222,6474,3,0
2026-08-22T00:06:45.339061+00:00,1787357191,18705,531 WhiteRock/WillowBrook,15259222,9306,4,0
2026-08-22T00:06:45.339061+00:00,1787357191,18705,531 WhiteRock/WillowBrook,15259222,11125,5,0
2026-08-22T00:06:45.339061+00:00,1787357191,18705,531 WhiteRock/WillowBrook,15259222,9294,6,0
2026-08-22T00:06:45.339061+00:00,1787357191,18705,531 WhiteRock/WillowBrook,15259222,9293,7,0
2026-08-22T00:06:45.339061+00:00,1787357191,18705,531 WhiteRock/WillowBrook,15259222,11126,8,0
2026-08-22T00:06:45.339061+00:00,1787357191,18705,531 WhiteRock/WillowBrook,15259222,7094,9,0
2026-08-22T00:06:45.339061+00:00,1787357191,18705,531 WhiteRock/WillowBrook,15259222,7166,10,0
2026-08-22T00:06:45.339061+00:00,1787357191,18705,531 WhiteRock/WillowBrook,15259222,7092,11,0
2026-08-22T00:06:45.339061+00:00,1787357191,18705,531 WhiteRock/WillowBrook,15259222,10747,12,0
2026-08-22T00:06:45.339061+00:00,1787357191,18705,531 WhiteRock/WillowBrook,15259222,5364,13,0
2026-08-22T00:06:45.339061+00:00,1787357191,18705,531 WhiteRock/WillowBrook,15259222,11775,14,0
2026-08-22T00:06:45.339061+00:00,1787357191,18705,531 WhiteRock/WillowBrook,15259222,7171,15,0
2026-08-22T00:06:45.339061+00:00,1787357191,18705,531 WhiteRock/WillowBrook,15259222,7172,16,0
2026-08-22T00:06:45.339061+00:00,1787357191,18705,531 WhiteRock/WillowBrook,15259222,7173,17,0
2026-08-22T00:06:45.339061+00:00,1787357191,18705,531 WhiteRock/WillowBrook,15259222,7174,18,0
2026-08-22T00:06:45.339061+00:00,1787357191,18705,531 WhiteRock/WillowBrook,15259222,7175,19,0
2026-08-22T00:06:45.339061+00:00,1787357191,18705,531 WhiteRock/WillowBrook,15259222,7176,20,0
2026-08-22T00:06:45.339061+00:00,1787357191,18705,531 WhiteRock/WillowBrook,15259222,7177,21,0
2026-08-22T00:06:45.339061+00:00,1787357191,18705,531 WhiteRock/WillowBrook,15259222,8948,22,0
2026-08-22T00:06:45.339061+00:00,1787357191,18705,531 WhiteRock/WillowBrook,15259222,9031,23,0
2026-08-22T00:06:45.339061+00:00,1787357191,18705,531 WhiteRock/WillowBrook,15259222,12931,24,0
2026-08-22T00:06:45.339061+00:00,1787357191,18705,531 WhiteRock/WillowBrook,15259222,13041,25,0
2026-08-22T00:06:45.339061+00:00,1787357191,18705,531 WhiteRock/WillowBrook,15259222,12929,26,0
2026-08-22T00:06:45.339061+00:00,1787357191,18705,531 WhiteRock/WillowBrook,15259222,12927,27,0
2026-08-22T00:06:45.339061+00:00,1787357191,18705,531 WhiteRock/WillowBrook,15259222,12926,28,0
2026-08-22T00:06:45.339061+00:00,1787357191,18705,531 WhiteRock/WillowBrook,15259222,12924,29,0
2026-08-22T00:06:45.339061+00:00,1787357191,18705,531 WhiteRock/WillowBrook,15259222,11751,30,0
2026-08-22T00:06:45.339061+00:00,1787357191,18705,531 WhiteRock/WillowBrook,15259222,11750,31,0
2026-08-22T00:06:45.339061+00:00,1787357191,18705,531 WhiteRock/WillowBrook,15259222,11747,32,0
2026-08-22T00:06:45.339061+00:00,1787357191,18705,531 WhiteRock/WillowBrook,15259222,11745,33,0
2026-08-22T00:06:45.339061+00:00,1787357191,18705,531 WhiteRock/WillowBrook,15259222,13040,34,0
2026-08-22T00:06:45.339061+00:00,1787357191,18705,531 WhiteRock/WillowBrook,15259222,12598,35,0
2026-08-22T00:06:45.339061+00:00,1787357191,18705,531 WhiteRock/WillowBrook,15259222,11920,36,0
2026-08-22T00:06:45.339061+00:00,1787357191,18705,531 WhiteRock/WillowBrook,15259222,13130,37,0
2026-08-22T00:06:45.339061+00:00,1787357191,18705,531 WhiteRock/WillowBrook,15259222,11925,38,0
2026-08-22T00:06:45.339061+00:00,1787357191,18705,531 WhiteRock/WillowBrook,15259222,12219,39,0
2026-08-22T00:06:45.339061+00:00,1787357191,18705,531 WhiteRock/WillowBrook,15259222,11741,40,0
2026-08-22T00:06:45.339061+00:00,1787357191,18705,531 WhiteRock/WillowBrook,15259222,11740,41,0
2026-08-22T00:06:45.339061+00:00,1787357191,18705,531 WhiteRock/WillowBrook,15259222,11739,42,0
2026-08-22T00:06:45.339061+00:00,1787357191,18705,531 WhiteRock/WillowBrook,15259222,11737,43,0
2026-08-22T00:06:45.339061+00:00,1787357191,18705,531 WhiteRock/WillowBrook,15259222,11757,44,0
2026-08-22T00:06:45.339061+00:00,1787357191,18705,531 WhiteRock/WillowBrook,15259222,11735,45,0
2026-08-22T00:06:45.339061+00:00,1787357191,18705,531 WhiteRock/WillowBrook,15259222,11756,46,0
2026-08-22T00:06:45.339061+00:00,1787357191,18705,531 WhiteRock/WillowBrook,15259222,5535,47,0
2026-08-22T00:06:45.339061+00:00,1787357191,18705,531 WhiteRock/WillowBrook,15259222,5536,48,0
2026-08-22T00:06:45.339061+00:00,1787357191,18705,531 WhiteRock/WillowBrook,15259222,5537,49,0
2026-08-22T00:06:45.339061+00:00,1787357191,18705,531 WhiteRock/WillowBrook,15259222,5538,50,0
2026-08-22T00:06:45.339061+00:00,1787357191,18705,531 WhiteRock/WillowBrook,15259222,5539,51,0
2026-08-22T00:06:45.339061+00:00,1787357191,18705,531 WhiteRock/WillowBrook,15259222,5540,52,0
2026-08-22T00:11:47.789105+00:00,1787357506,6705,321 Surrey Central/WhiteRock,15247049,9929,58,119
2026-08-22T00:11:47.789105+00:00,1787357506,6705,321 Surrey Central/WhiteRock,15247049,9930,59,69
2026-08-22T00:11:47.789105+00:00,1787357506,6705,321 Surrey Central/WhiteRock,15247049,9932,60,-26
2026-08-22T00:11:47.789105+00:00,1787357506,6705,321 Surrey Central/WhiteRock,15247050,5041,54,-76
2026-08-22T00:11:47.789105+00:00,1787357506,6705,321 Surrey Central/WhiteRock,15247050,12155,55,-64
2026-08-22T00:11:47.789105+00:00,1787357506,6705,321 Surrey Central/WhiteRock,15247050,11882,56,0
2026-08-22T00:11:47.789105+00:00,1787357506,6705,321 Surrey Central/WhiteRock,15247050,10442,57,81
2026-08-22T00:11:47.789105+00:00,1787357506,6705,321 Surrey Central/WhiteRock,15247050,9929,58,99
2026-08-22T00:11:47.789105+00:00,1787357506,6705,321 Surrey Central/WhiteRock,15247050,9930,59,49
2026-08-22T00:11:47.789105+00:00,1787357506,6705,321 Surrey Central/WhiteRock,15247050,9932,60,-42
2026-08-22T00:11:47.789105+00:00,1787357506,6705,321 Surrey Central/WhiteRock,15247051,5471,45,15
2026-08-22T00:11:47.789105+00:00,1787357506,6705,321 Surrey Central/WhiteRock,15247051,5472,46,-10
2026-08-22T00:11:47.789105+00:00,1787357506,6705,321 Surrey Central/WhiteRock,15247051,5473,47,-61
2026-08-22T00:11:47.789105+00:00,1787357506,6705,321 Surrey Central/WhiteRock,15247051,5474,48,-66
2026-08-22T00:11:47.789105+00:00,1787357506,6705,321 Surrey Central/WhiteRock,15247051,5475,49,-114
2026-08-22T00:11:47.789105+00:00,1787357506,6705,321 Surrey Central/WhiteRock,15247051,5476,50,-140
2026-08-22T00:11:47.789105+00:00,1787357506,6705,321 Surrey Central/WhiteRock,15247051,5477,51,-162
2026-08-22T00:11:47.789105+00:00,1787357506,6705,321 Surrey Central/WhiteRock,15247051,11725,52,-185
2026-08-22T00:11:47.789105+00:00,1787357506,6705,321 Surrey Central/WhiteRock,15247051,5040,53,-171
2026-08-22T00:11:47.789105+00:00,1787357506,6705,321 Surrey Central/WhiteRock,15247051,5041,54,-165
2026-08-22T00:11:47.789105+00:00,1787357506,6705,321 Surrey Central/WhiteRock,15247051,12155,55,-154
2026-08-22T00:11:47.789105+00:00,1787357506,6705,321 Surrey Central/WhiteRock,15247051,11882,56,0
2026-08-22T00:11:47.789105+00:00,1787357506,6705,321 Surrey Central/WhiteRock,15247051,10442,57,93
2026-08-22T00:11:47.789105+00:00,1787357506,6705,321 Surrey Central/WhiteRock,15247051,9929,58,119
2026-08-22T00:11:47.789105+00:00,1787357506,6705,321 Surrey Central/WhiteRock,15247051,9930,59,78
2026-08-22T00:11:47.789105+00:00,1787357506,6705,321 Surrey Central/WhiteRock,15247051,9932,60,-2
2026-08-22T00:11:47.789105+00:00,1787357506,6705,321 Surrey Central/WhiteRock,15247052,10808,25,-278
2026-08-22T00:11:47.789105+00:00,1787357506,6705,321 Surrey Central/WhiteRock,15247052,5452,26,-339
2026-08-22T00:11:47.789105+00:00,1787357506,6705,321 Surrey Central/WhiteRock,15247052,11913,27,-357
2026-08-22T00:11:47.789105+00:00,1787357506,6705,321 Surrey Central/WhiteRock,15247052,5454,28,-369
2026-08-22T00:11:47.789105+00:00,1787357506,6705,321 Surrey Central/WhiteRock,15247052,5455,29,-368
2026-08-22T00:11:47.789105+00:00,1787357506,6705,321 Surrey Central/WhiteRock,15247052,5456,30,-260
2026-08-22T00:11:47.789105+00:00,1787357506,6705,321 Surrey Central/WhiteRock,15247052,12651,31,-289
2026-08-22T00:11:47.789105+00:00,1787357506,6705,321 Surrey Central/WhiteRock,15247052,5458,32,-287
2026-08-22T00:11:47.789105+00:00,1787357506,6705,321 Surrey Central/WhiteRock,15247052,5459,33,-282
2026-08-22T00:11:47.789105+00:00,1787357506,6705,321 Surrey Central/WhiteRock,15247052,5460,34,-289
2026-08-22T00:11:47.789105+00:00,1787357506,6705,321 Surrey Central/WhiteRock,15247052,5461,35,-299
2026-08-22T00:11:47.789105+00:00,1787357506,6705,321 Surrey Central/WhiteRock,15247052,5462,36,-305
2026-08-22T00:11:47.789105+00:00,1787357506,6705,321 Surrey Central/WhiteRock,15247052,5463,37,-246
2026-08-22T00:11:47.789105+00:00,1787357506,6705,321 Surrey Central/WhiteRock,15247052,5700,38,0
2026-08-22T00:11:47.789105+00:00,1787357506,6705,321 Surrey Central/WhiteRock,15247052,5465,39,9
2026-08-22T00:11:47.789105+00:00,1787357506,6705,321 Surrey Central/WhiteRock,15247052,5466,40,-40
2026-08-22T00:11:47.789105+00:00,1787357506,6705,321 Surrey Central/WhiteRock,15247052,5467,41,-35
2026-08-22T00:11:47.789105+00:00,1787357506,6705,321 Surrey Central/WhiteRock,15247052,5468,42,-64
2026-08-22T00:11:47.789105+00:00,1787357506,6705,321 Surrey Central/WhiteRock,15247052,5469,43,-101
2026-08-22T00:11:47.789105+00:00,1787357506,6705,321 Surrey Central/WhiteRock,15247052,5470,44,-128
2026-08-22T00:11:47.789105+00:00,1787357506,6705,321 Surrey Central/WhiteRock,15247052,5471,45,-163
2026-08-22T00:11:47.789105+00:00,1787357506,6705,321 Surrey Central/WhiteRock,15247052,5472,46,-188
2026-08-22T00:11:47.789105+00:00,1787357506,6705,321 Surrey Central/WhiteRock,15247052,5473,47,-239
2026-08-22T00:11:47.789105+00:00,1787357506,6705,321 Surrey Central/WhiteRock,15247052,5474,48,-244
2026-08-22T00:11:47.789105+00:00,1787357506,6705,321 Surrey Central/WhiteRock,15247052,5475,49,-294
2026-08-22T00:11:47.789105+00:00,1787357506,6705,321 Surrey Central/WhiteRock,15247052,5476,50,-320
2026-08-22T00:11:47.789105+00:00,1787357506,6705,321 Surrey Central/WhiteRock,15247052,5477,51,-341
2026-08-22T00:11:47.789105+00:00,1787357506,6705,321 Surrey Central/WhiteRock,15247052,11725,52,-364
2026-08-22T00:11:47.789105+00:00,1787357506,6705,321 Surrey Central/WhiteRock,15247052,5040,53,-357
2026-08-22T00:11:47.789105+00:00,1787357506,6705,321 Surrey Central/WhiteRock,15247052,5041,54,-346
2026-08-22T00:11:47.789105+00:00,1787357506,6705,321 Surrey Central/WhiteRock,15247052,12155,55,-334
2026-08-22T00:11:47.789105+00:00,1787357506,6705,321 Surrey Central/WhiteRock,15247052,11882,56,0
2026-08-22T00:11:47.789105+00:00,1787357506,6705,321 Surrey Central/WhiteRock,15247052,10442,57,92
2026-08-22T00:11:47.789105+00:00,1787357506,6705,321 Surrey Central/WhiteRock,15247052,9929,58,100
2026-08-22T00:11:47.789105+00:00,1787357506,6705,321 Surrey Central/WhiteRock,15247052,9930,59,53
2026-08-22T00:11:47.789105+00:00,1787357506,6705,321 Surrey Central/WhiteRock,15247052,9932,60,-33
2026-08-22T00:11:47.789105+00:00,1787357506,6705,321 Surrey Central/WhiteRock,15247053,5439,12,209
2026-08-22T00:11:47.789105+00:00,1787357506,6705,321 Surrey Central/WhiteRock,15247053,5440,13,188
2026-08-22T00:11:47.789105+00:00,1787357506,6705,321 Surrey Central/WhiteRock,15247053,5441,14,233
2026-08-22T00:11:47.789105+00:00,1787357506,6705,321 Surrey Central/WhiteRock,15247053,5442,15,211
2026-08-22T00:11:47.789105+00:00,1787357506,6705,321 Surrey Central/WhiteRock,15247053,5444,16,218
2026-08-22T00:11:47.789105+00:00,1787357506,6705,321 Surrey Central/WhiteRock,15247053,9083,17,191
2026-08-22T00:11:47.789105+00:00,1787357506,6705,321 Surrey Central/WhiteRock,15247053,5446,18,194
2026-08-22T00:11:47.789105+00:00,1787357506,6705,321 Surrey Central/WhiteRock,15247053,10445,19,187
2026-08-22T00:11:47.789105+00:00,1787357506,6705,321 Surrey Central/WhiteRock,15247053,5447,20,149
2026-08-22T00:11:47.789105+00:00,1787357506,6705,321 Surrey Central/WhiteRock,15247053,5448,21,148
2026-08-22T00:11:47.789105+00:00,1787357506,6705,321 Surrey Central/WhiteRock,15247053,10437,22,145
2026-08-22T00:11:47.789105+00:00,1787357506,6705,321 Surrey Central/WhiteRock,15247053,5449,23,89
2026-08-22T00:11:47.789105+00:00,1787357506,6705,321 Surrey Central/WhiteRock,15247053,11313,24,47
2026-08-22T00:11:47.789105+00:00,1787357506,6705,321 Surrey Central/WhiteRock,15247053,10808,25,-101
2026-08-22T00:11:47.789105+00:00,1787357506,6705,321 Surrey Central/WhiteRock,15247053,5452,26,-161
2026-08-22T00:11:47.789105+00:00,1787357506,6705,321 Surrey Central/WhiteRock,15247053,11913,27,-179
2026-08-22T00:11:47.789105+00:00,1787357506,6705,321 Surrey Central/WhiteRock,15247053,5454,28,-192
2026-08-22T00:11:47.789105+00:00,1787357506,6705,321 Surrey Central/WhiteRock,15247053,5455,29,-191
2026-08-22T00:11:47.789105+00:00,1787357506,6705,321 Surrey Central/WhiteRock,15247053,5456,30,-83
2026-08-22T00:11:47.789105+00:00,1787357506,6705,321 Surrey Central/WhiteRock,15247053,12651,31,-112
2026-08-22T00:11:47.789105+00:00,1787357506,6705,321 Surrey Central/WhiteRock,15247053,5458,32,-110
2026-08-22T00:11:47.789105+00:00,1787357506,6705,321 Surrey Central/WhiteRock,15247053,5459,33,-104
2026-08-22T00:11:47.789105+00:00,1787357506,6705,321 Surrey Central/WhiteRock,15247053,5460,34,-111
2026-08-22T00:11:47.789105+00:00,1787357506,6705,321 Surrey Central/WhiteRock,15247053,5461,35,-120
2026-08-22T00:11:47.789105+00:00,1787357506,6705,321 Surrey Central/WhiteRock,15247053,5462,36,-126
2026-08-22T00:11:47.789105+00:00,1787357506,6705,321 Surrey Central/WhiteRock,15247053,5463,37,-64
2026-08-22T00:11:47.789105+00:00,1787357506,6705,321 Surrey Central/WhiteRock,15247053,5700,38,54
2026-08-22T00:11:47.789105+00:00,1787357506,6705,321 Surrey Central/WhiteRock,15247053,5465,39,66
2026-08-22T00:11:47.789105+00:00,1787357506,6705,321 Surrey Central/WhiteRock,15247053,5466,40,17
2026-08-22T00:11:47.789105+00:00,1787357506,6705,321 Surrey Central/WhiteRock,15247053,5467,41,23
2026-08-22T00:11:47.789105+00:00,1787357506,6705,321 Surrey Central/WhiteRock,15247053,5468,42,-6
2026-08-22T00:11:47.789105+00:00,1787357506,6705,321 Surrey Central/WhiteRock,15247053,5469,43,-51
2026-08-22T00:11:47.789105+00:00,1787357506,6705,321 Surrey Central/WhiteRock,15247053,5470,44,-79
2026-08-22T00:11:47.789105+00:00,1787357506,6705,321 Surrey Central/WhiteRock,15247053,5471,45,-114
2026-08-22T00:11:47.789105+00:00,1787357506,6705,321 Surrey Central/WhiteRock,15247053,5472,46,-140
2026-08-22T00:11:47.789105+00:00,1787357506,6705,321 Surrey Central/WhiteRock,15247053,5473,47,-191
2026-08-22T00:11:47.789105+00:00,1787357506,6705,321 Surrey Central/WhiteRock,15247053,5474,48,-196
2026-08-22T00:11:47.789105+00:00,1787357506,6705,321 Surrey Central/WhiteRock,15247053,5475,49,-246
2026-08-22T00:11:47.789105+00:00,1787357506,6705,321 Surrey Central/WhiteRock,15247053,5476,50,-272
2026-08-22T00:11:47.789105+00:00,1787357506,6705,321 Surrey Central/WhiteRock,15247053,5477,51,-294
2026-08-22T00:11:47.789105+00:00,1787357506,6705,321 Surrey Central/WhiteRock,15247053,11725,52,-317
2026-08-22T00:11:47.789105+00:00,1787357506,6705,321 Surrey Central/WhiteRock,15247053,5040,53,-309
2026-08-22T00:11:47.789105+00:00,1787357506,6705,321 Surrey Central/WhiteRock,15247053,5041,54,-302
2026-08-22T00:11:47.789105+00:00,1787357506,6705,321 Surrey Central/WhiteRock,15247053,12155,55,-292
2026-08-22T00:11:47.789105+00:00,1787357506,6705,321 Surrey Central/WhiteRock,15247053,11882,56,0
2026-08-22T00:11:47.789105+00:00,1787357506,6705,321 Surrey Central/WhiteRock,15247053,10442,57,80
2026-08-22T00:11:47.789105+00:00,1787357506,6705,321 Surrey Central/WhiteRock,15247053,9929,58,86
2026-08-22T00:11:47.789105+00:00,1787357506,6705,321 Surrey Central/WhiteRock,15247053,9930,59,36
2026-08-22T00:11:47.789105+00:00,1787357506,6705,321 Surrey Central/WhiteRock,15247053,9932,60,-49
2026-08-22T00:11:47.789105+00:00,1787357506,6705,321 Surrey Central/WhiteRock,15247054,6198,2,23
2026-08-22T00:11:47.789105+00:00,1787357506,6705,321 Surrey Central/WhiteRock,15247054,6199,3,7
2026-08-22T00:11:47.789105+00:00,1787357506,6705,321 Surrey Central/WhiteRock,15247054,6200,4,-14
2026-08-22T00:11:47.789105+00:00,1787357506,6705,321 Surrey Central/WhiteRock,15247054,6201,5,-22
2026-08-22T00:11:47.789105+00:00,1787357506,6705,321 Surrey Central/WhiteRock,15247054,6354,6,-11
2026-08-22T00:11:47.789105+00:00,1787357506,6705,321 Surrey Central/WhiteRock,15247054,6355,7,-24
2026-08-22T00:11:47.789105+00:00,1787357506,6705,321 Surrey Central/WhiteRock,15247054,6356,8,-36
2026-08-22T00:11:47.789105+00:00,1787357506,6705,321 Surrey Central/WhiteRock,15247054,6174,9,26
2026-08-22T00:11:47.789105+00:00,1787357506,6705,321 Surrey Central/WhiteRock,15247054,5437,10,31
2026-08-22T00:11:47.789105+00:00,1787357506,6705,321 Surrey Central/WhiteRock,15247054,5438,11,24
2026-08-22T00:11:47.789105+00:00,1787357506,6705,321 Surrey Central/WhiteRock,15247054,5439,12,22
2026-08-22T00:11:47.789105+00:00,1787357506,6705,321 Surrey Central/WhiteRock,15247054,5440,13,0
2026-08-22T00:11:47.789105+00:00,1787357506,6705,321 Surrey Central/WhiteRock,15247054,5441,14,7
2026-08-22T00:11:47.789105+00:00,1787357506,6705,321 Surrey Central/WhiteRock,15247054,5442,15,-17
2026-08-22T00:11:47.789105+00:00,1787357506,6705,321 Surrey Central/WhiteRock,15247054,5444,16,-10
2026-08-22T00:11:47.789105+00:00,1787357506,6705,321 Surrey Central/WhiteRock,15247054,9083,17,-31
2026-08-22T00:11:47.789105+00:00,1787357506,6705,321 Surrey Central/WhiteRock,15247054,5446,18,-24
2026-08-22T00:11:47.789105+00:00,1787357506,6705,321 Surrey Central/WhiteRock,15247054,10445,19,-31
2026-08-22T00:11:47.789105+00:00,1787357506,6705,321 Surrey Central/WhiteRock,15247054,5447,20,-70
2026-08-22T00:11:47.789105+00:00,1787357506,6705,321 Surrey Central/WhiteRock,15247054,5448,21,-71
2026-08-22T00:11:47.789105+00:00,1787357506,6705,321 Surrey Central/WhiteRock,15247054,10437,22,-72
2026-08-22T00:11:47.789105+00:00,1787357506,6705,321 Surrey Central/WhiteRock,15247054,5449,23,-128
2026-08-22T00:11:47.789105+00:00,1787357506,6705,321 Surrey Central/WhiteRock,15247054,11313,24,-165
2026-08-22T00:11:47.789105+00:00,1787357506,6705,321 Surrey Central/WhiteRock,15247054,10808,25,-313
2026-08-22T00:11:47.789105+00:00,1787357506,6705,321 Surrey Central/WhiteRock,15247054,5452,26,-374
2026-08-22T00:11:47.789105+00:00,1787357506,6705,321 Surrey Central/WhiteRock,15247054,11913,27,-392
2026-08-22T00:11:47.789105+00:00,1787357506,6705,321 Surrey Central/WhiteRock,15247054,5454,28,-403
2026-08-22T00:11:47.789105+00:00,1787357506,6705,321 Surrey Central/WhiteRock,15247054,5455,29,-402
2026-08-22T00:11:47.789105+00:00,1787357506,6705,321 Surrey Central/WhiteRock,15247054,5456,30,-295
2026-08-22T00:11:47.789105+00:00,1787357506,6705,321 Surrey Central/WhiteRock,15247054,12651,31,-324
2026-08-22T00:11:47.789105+00:00,1787357506,6705,321 Surrey Central/WhiteRock,15247054,5458,32,-323
2026-08-22T00:11:47.789105+00:00,1787357506,6705,321 Surrey Central/WhiteRock,15247054,5459,33,-317
2026-08-22T00:11:47.789105+00:00,1787357506,6705,321 Surrey Central/WhiteRock,15247054,5460,34,-322
2026-08-22T00:11:47.789105+00:00,1787357506,6705,321 Surrey Central/WhiteRock,15247054,5461,35,-331
2026-08-22T00:11:47.789105+00:00,1787357506,6705,321 Surrey Central/WhiteRock,15247054,5462,36,-337
2026-08-22T00:11:47.789105+00:00,1787357506,6705,321 Surrey Central/WhiteRock,15247054,5463,37,-277
2026-08-22T00:11:47.789105+00:00,1787357506,6705,321 Surrey Central/WhiteRock,15247054,5700,38,0
2026-08-22T00:11:47.789105+00:00,1787357506,6705,321 Surrey Central/WhiteRock,15247054,5465,39,8
2026-08-22T00:11:47.789105+00:00,1787357506,6705,321 Surrey Central/WhiteRock,15247054,5466,40,-42
2026-08-22T00:11:47.789105+00:00,1787357506,6705,321 Surrey Central/WhiteRock,15247054,5467,41,-37
2026-08-22T00:11:47.789105+00:00,1787357506,6705,321 Surrey Central/WhiteRock,15247054,5468,42,-65
2026-08-22T00:11:47.789105+00:00,1787357506,6705,321 Surrey Central/WhiteRock,15247054,5469,43,-108
2026-08-22T00:11:47.789105+00:00,1787357506,6705,321 Surrey Central/WhiteRock,15247054,5470,44,-136
2026-08-22T00:11:47.789105+00:00,1787357506,6705,321 Surrey Central/WhiteRock,15247054,5471,45,-170
2026-08-22T00:11:47.789105+00:00,1787357506,6705,321 Surrey Central/WhiteRock,15247054,5472,46,-197
2026-08-22T00:11:47.789105+00:00,1787357506,6705,321 Surrey Central/WhiteRock,15247054,5473,47,-248
2026-08-22T00:11:47.789105+00:00,1787357506,6705,321 Surrey Central/WhiteRock,15247054,5474,48,-257
2026-08-22T00:11:47.789105+00:00,1787357506,6705,321 Surrey Central/WhiteRock,15247054,5475,49,-307
2026-08-22T00:11:47.789105+00:00,1787357506,6705,321 Surrey Central/WhiteRock,15247054,5476,50,-338
2026-08-22T00:11:47.789105+00:00,1787357506,6705,321 Surrey Central/WhiteRock,15247054,5477,51,-360
2026-08-22T00:11:47.789105+00:00,1787357506,6705,321 Surrey Central/WhiteRock,15247054,11725,52,-385
2026-08-22T00:11:47.789105+00:00,1787357506,6705,321 Surrey Central/WhiteRock,15247054,5040,53,-374
2026-08-22T00:11:47.789105+00:00,1787357506,6705,321 Surrey Central/WhiteRock,15247054,5041,54,-372
2026-08-22T00:11:47.789105+00:00,1787357506,6705,321 Surrey Central/WhiteRock,15247054,12155,55,-364
2026-08-22T00:11:47.789105+00:00,1787357506,6705,321 Surrey Central/WhiteRock,15247054,11882,56,0
2026-08-22T00:11:47.789105+00:00,1787357506,6705,321 Surrey Central/WhiteRock,15247054,10442,57,79
2026-08-22T00:11:47.789105+00:00,1787357506,6705,321 Surrey Central/WhiteRock,15247054,9929,58,85
2026-08-22T00:11:47.789105+00:00,1787357506,6705,321 Surrey Central/WhiteRock,15247054,9930,59,35
2026-08-22T00:11:47.789105+00:00,1787357506,6705,321 Surrey Central/WhiteRock,15247054,9932,60,-44
2026-08-22T00:11:47.789105+00:00,1787357506,6705,321 Surrey Central/WhiteRock,15247067,5454,28,-107
2026-08-22T00:11:47.789105+00:00,1787357506,6705,321 Surrey Central/WhiteRock,15247067,5455,29,-107
2026-08-22T00:11:47.789105+00:00,1787357506,6705,321 Surrey Central/WhiteRock,15247067,5456,30,0
2026-08-22T00:11:47.789105+00:00,1787357506,6705,321 Surrey Central/WhiteRock,15247067,12651,31,-30
2026-08-22T00:11:47.789105+00:00,1787357506,6705,321 Surrey Central/WhiteRock,15247067,5458,32,-28
2026-08-22T00:11:47.789105+00:00,1787357506,6705,321 Surrey Central/WhiteRock,15247067,5459,33,-24
2026-08-22T00:11:47.789105+00:00,1787357506,6705,321 Surrey Central/WhiteRock,15247067,5460,34,-31
2026-08-22T00:11:47.789105+00:00,1787357506,6705,321 Surrey Central/WhiteRock,15247067,5461,35,-42
2026-08-22T00:11:47.789105+00:00,1787357506,6705,321 Surrey Central/WhiteRock,15247067,5462,36,-49
2026-08-22T00:11:47.789105+00:00,1787357506,6705,321 Surrey Central/WhiteRock,15247067,5463,37,12
2026-08-22T00:11:47.789105+00:00,1787357506,6705,321 Surrey Central/WhiteRock,15247067,5700,38,125
2026-08-22T00:11:47.789105+00:00,1787357506,6705,321 Surrey Central/WhiteRock,15247067,5465,39,137
2026-08-22T00:11:47.789105+00:00,1787357506,6705,321 Surrey Central/WhiteRock,15247067,5466,40,89
2026-08-22T00:11:47.789105+00:00,1787357506,6705,321 Surrey Central/WhiteRock,15247067,5467,41,94
2026-08-22T00:11:47.789105+00:00,1787357506,6705,321 Surrey Central/WhiteRock,15247067,5468,42,65
2026-08-22T00:11:47.789105+00:00,1787357506,6705,321 Surrey Central/WhiteRock,15247067,5469,43,20
2026-08-22T00:11:47.789105+00:00,1787357506,6705,321 Surrey Central/WhiteRock,15247067,5470,44,-7
2026-08-22T00:11:47.789105+00:00,1787357506,6705,321 Surrey Central/WhiteRock,15247067,5471,45,-42
2026-08-22T00:11:47.789105+00:00,1787357506,6705,321 Surrey Central/WhiteRock,15247067,5472,46,-67
2026-08-22T00:11:47.789105+00:00,1787357506,6705,321 Surrey Central/WhiteRock,15247067,5473,47,-118
2026-08-22T00:11:47.789105+00:00,1787357506,6705,321 Surrey Central/WhiteRock,15247067,5474,48,-123
2026-08-22T00:11:47.789105+00:00,1787357506,6705,321 Surrey Central/WhiteRock,15247067,5475,49,-173
2026-08-22T00:11:47.789105+00:00,1787357506,6705,321 Surrey Central/WhiteRock,15247067,5476,50,-203
2026-08-22T00:11:47.789105+00:00,1787357506,6705,321 Surrey Central/WhiteRock,15247067,5477,51,-225
2026-08-22T00:11:47.789105+00:00,1787357506,6705,321 Surrey Central/WhiteRock,15247067,11725,52,-249
2026-08-22T00:11:47.789105+00:00,1787357506,6705,321 Surrey Central/WhiteRock,15247067,5040,53,-240
2026-08-22T00:11:47.789105+00:00,1787357506,6705,321 Surrey Central/WhiteRock,15247067,5041,54,-236
2026-08-22T00:11:47.789105+00:00,1787357506,6705,321 Surrey Central/WhiteRock,15247067,12155,55,-224
2026-08-22T00:11:47.789105+00:00,1787357506,6705,321 Surrey Central/WhiteRock,15247067,11882,56,0
2026-08-22T00:11:47.789105+00:00,1787357506,6705,321 Surrey Central/WhiteRock,15247067,10442,57,95
2026-08-22T00:11:47.789105+00:00,1787357506,6705,321 Surrey Central/WhiteRock,15247067,9929,58,120
2026-08-22T00:11:47.789105+00:00,1787357506,6705,321 Surrey Central/WhiteRock,15247067,9930,59,79
2026-08-22T00:11:47.789105+00:00,1787357506,6705,321 Surrey Central/WhiteRock,15247067,9932,60,0
2026-08-22T00:11:47.789105+00:00,1787357506,6705,321 Surrey Central/WhiteRock,15247080,5700,38,0
2026-08-22T00:11:47.789105+00:00,1787357506,6705,321 Surrey Central/WhiteRock,15247080,5465,39,9
2026-08-22T00:11:47.789105+00:00,1787357506,6705,321 Surrey Central/WhiteRock,15247080,5466,40,-40
2026-08-22T00:11:47.789105+00:00,1787357506,6705,321 Surrey Central/WhiteRock,15247080,5467,41,-34
2026-08-22T00:11:47.789105+00:00,1787357506,6705,321 Surrey Central/WhiteRock,15247080,5468,42,-61
2026-08-22T00:11:47.789105+00:00,1787357506,6705,321 Surrey Central/WhiteRock,15247080,5469,43,-99
2026-08-22T00:11:47.789105+00:00,1787357506,6705,321 Surrey Central/WhiteRock,15247080,5470,44,-126
2026-08-22T00:11:47.789105+00:00,1787357506,6705,321 Surrey Central/WhiteRock,15247080,5471,45,-161
2026-08-22T00:11:47.789105+00:00,1787357506,6705,321 Surrey Central/WhiteRock,15247080,5472,46,-186
2026-08-22T00:11:47.789105+00:00,1787357506,6705,321 Surrey Central/WhiteRock,15247080,5473,47,-237
2026-08-22T00:11:47.789105+00:00,1787357506,6705,321 Surrey Central/WhiteRock,15247080,5474,48,-242
2026-08-22T00:11:47.789105+00:00,1787357506,6705,321 Surrey Central/WhiteRock,15247080,5475,49,-292
2026-08-22T00:11:47.789105+00:00,1787357506,6705,321 Surrey Central/WhiteRock,15247080,5476,50,-318
2026-08-22T00:11:47.789105+00:00,1787357506,6705,321 Surrey Central/WhiteRock,15247080,5477,51,-340
2026-08-22T00:11:47.789105+00:00,1787357506,6705,321 Surrey Central/WhiteRock,15247080,11725,52,-364
2026-08-22T00:11:47.789105+00:00,1787357506,6705,321 Surrey Central/WhiteRock,15247080,5040,53,-350
2026-08-22T00:11:47.789105+00:00,1787357506,6705,321 Surrey Central/WhiteRock,15247080,5041,54,-346
2026-08-22T00:11:47.789105+00:00,1787357506,6705,321 Surrey Central/WhiteRock,15247080,12155,55,-334
2026-08-22T00:11:47.789105+00:00,1787357506,6705,321 Surrey Central/WhiteRock,15247080,11882,56,0
2026-08-22T00:11:47.789105+00:00,1787357506,6705,321 Surrey Central/WhiteRock,15247080,10442,57,93
2026-08-22T00:11:47.789105+00:00,1787357506,6705,321 Surrey Central/WhiteRock,15247080,9929,58,119
2026-08-22T00:11:47.789105+00:00,1787357506,6705,321 Surrey Central/WhiteRock,15247080,9930,59,78
2026-08-22T00:11:47.789105+00:00,1787357506,6705,321 Surrey Central/WhiteRock,15247080,9932,60,-1
2026-08-22T00:11:47.789105+00:00,1787357506,6705,321 Surrey Central/WhiteRock,15247159,5538,53,-349
2026-08-22T00:11:47.789105+00:00,1787357506,6705,321 Surrey Central/WhiteRock,15247159,5541,54,-316
2026-08-22T00:11:47.789105+00:00,1787357506,6705,321 Surrey Central/WhiteRock,15247159,5542,55,-303
2026-08-22T00:11:47.789105+00:00,1787357506,6705,321 Surrey Central/WhiteRock,15247159,6195,56,-281
2026-08-22T00:11:47.789105+00:00,1787357506,6705,321 Surrey Central/WhiteRock,15247160,5524,42,-175
2026-08-22T00:11:47.789105+00:00,1787357506,6705,321 Surrey Central/WhiteRock,15247160,5525,43,-206
2026-08-22T00:11:47.789105+00:00,1787357506,6705,321 Surrey Central/WhiteRock,15247160,10443,44,-237
2026-08-22T00:11:47.789105+00:00,1787357506,6705,321 Surrey Central/WhiteRock,15247160,5528,45,-235
2026-08-22T00:11:47.789105+00:00,1787357506,6705,321 Surrey Central/WhiteRock,15247160,5529,46,-259
2026-08-22T00:11:47.789105+00:00,1787357506,6705,321 Surrey Central/WhiteRock,15247160,5530,47,-276
2026-08-22T00:11:47.789105+00:00,1787357506,6705,321 Surrey Central/WhiteRock,15247160,5533,48,-284
2026-08-22T00:11:47.789105+00:00,1787357506,6705,321 Surrey Central/WhiteRock,15247160,5534,49,-299
2026-08-22T00:11:47.789105+00:00,1787357506,6705,321 Surrey Central/WhiteRock,15247160,5535,50,-282
2026-08-22T00:11:47.789105+00:00,1787357506,6705,321 Surrey Central/WhiteRock,15247160,5536,51,-303
2026-08-22T00:11:47.789105+00:00,1787357506,6705,321 Surrey Central/WhiteRock,15247160,5537,52,-316
2026-08-22T00:11:47.789105+00:00,1787357506,6705,321 Surrey Central/WhiteRock,15247160,5538,53,-325
2026-08-22T00:11:47.789105+00:00,1787357506,6705,321 Surrey Central/WhiteRock,15247160,5541,54,-295
2026-08-22T00:11:47.789105+00:00,1787357506,6705,321 Surrey Central/WhiteRock,15247160,5542,55,-283
2026-08-22T00:11:47.789105+00:00,1787357506,6705,321 Surrey Central/WhiteRock,15247160,6195,56,-262
2026-08-22T00:11:47.789105+00:00,1787357506,6705,321 Surrey Central/WhiteRock,15247161,5507,25,40
2026-08-22T00:11:47.789105+00:00,1787357506,6705,321 Surrey Central/WhiteRock,15247161,5633,26,74
2026-08-22T00:11:47.789105+00:00,1787357506,6705,321 Surrey Central/WhiteRock,15247161,5510,27,110
2026-08-22T00:11:47.789105+00:00,1787357506,6705,321 Surrey Central/WhiteRock,15247161,5511,28,103
2026-08-22T00:11:47.789105+00:00,1787357506,6705,321 Surrey Central/WhiteRock,15247161,5512,29,100
2026-08-22T00:11:47.789105+00:00,1787357506,6705,321 Surrey Central/WhiteRock,15247161,5513,30,86
2026-08-22T00:11:47.789105+00:00,1787357506,6705,321 Surrey Central/WhiteRock,15247161,5514,31,176
2026-08-22T00:11:47.789105+00:00,1787357506,6705,321 Surrey Central/WhiteRock,15247161,5515,32,169
2026-08-22T00:11:47.789105+00:00,1787357506,6705,321 Surrey Central/WhiteRock,15247161,5516,33,172
2026-08-22T00:11:47.789105+00:00,1787357506,6705,321 Surrey Central/WhiteRock,15247161,5517,34,175
2026-08-22T00:11:47.789105+00:00,1787357506,6705,321 Surrey Central/WhiteRock,15247161,5518,35,181
2026-08-22T00:11:47.789105+00:00,1787357506,6705,321 Surrey Central/WhiteRock,15247161,5519,36,158
2026-08-22T00:11:47.789105+00:00,1787357506,6705,321 Surrey Central/WhiteRock,15247161,5520,37,147
2026-08-22T00:11:47.789105+00:00,1787357506,6705,321 Surrey Central/WhiteRock,15247161,5521,38,-63
2026-08-22T00:11:47.789105+00:00,1787357506,6705,321 Surrey Central/WhiteRock,15247161,5522,39,-198
2026-08-22T00:11:47.789105+00:00,1787357506,6705,321 Surrey Central/WhiteRock,15247161,5523,40,-234
2026-08-22T00:11:47.789105+00:00,1787357506,6705,321 Surrey Central/WhiteRock,15247161,6466,41,-240
2026-08-22T00:11:47.789105+00:00,1787357506,6705,321 Surrey Central/WhiteRock,15247161,5524,42,-203
2026-08-22T00:11:47.789105+00:00,1787357506,6705,321 Surrey Central/WhiteRock,15247161,5525,43,-233
2026-08-22T00:11:47.789105+00:00,1787357506,6705,321 Surrey Central/WhiteRock,15247161,10443,44,-263
2026-08-22T00:11:47.789105+00:00,1787357506,6705,321 Surrey Central/WhiteRock,15247161,5528,45,-257
2026-08-22T00:11:47.789105+00:00,1787357506,6705,321 Surrey Central/WhiteRock,15247161,5529,46,-279
2026-08-22T00:11:47.789105+00:00,1787357506,6705,321 Surrey Central/WhiteRock,15247161,5530,47,-295
2026-08-22T00:11:47.789105+00:00,1787357506,6705,321 Surrey Central/WhiteRock,15247161,5533,48,-303
2026-08-22T00:11:47.789105+00:00,1787357506,6705,321 Surrey Central/WhiteRock,15247161,5534,49,-323
2026-08-22T00:11:47.789105+00:00,1787357506,6705,321 Surrey Central/WhiteRock,15247161,5535,50,-307
2026-08-22T00:11:47.789105+00:00,1787357506,6705,321 Surrey Central/WhiteRock,15247161,5536,51,-332
2026-08-22T00:11:47.789105+00:00,1787357506,6705,321 Surrey Central/WhiteRock,15247161,5537,52,-343
2026-08-22T00:11:47.789105+00:00,1787357506,6705,321 Surrey Central/WhiteRock,15247161,5538,53,-350
2026-08-22T00:11:47.789105+00:00,1787357506,6705,321 Surrey Central/WhiteRock,15247161,5541,54,-319
2026-08-22T00:11:47.789105+00:00,1787357506,6705,321 Surrey Central/WhiteRock,15247161,5542,55,-307
2026-08-22T00:11:47.789105+00:00,1787357506,6705,321 Surrey Central/WhiteRock,15247161,6195,56,-281
2026-08-22T00:11:47.789105+00:00,1787357506,6705,321 Surrey Central/WhiteRock,15247162,5500,19,-156
2026-08-22T00:11:47.789105+00:00,1787357506,6705,321 Surrey Central/WhiteRock,15247162,5501,20,-186
2026-08-22T00:11:47.789105+00:00,1787357506,6705,321 Surrey Central/WhiteRock,15247162,5502,21,-201
2026-08-22T00:11:47.789105+00:00,1787357506,6705,321 Surrey Central/WhiteRock,15247162,5503,22,-204
2026-08-22T00:11:47.789105+00:00,1787357506,6705,321 Surrey Central/WhiteRock,15247162,5504,23,-258
2026-08-22T00:11:47.789105+00:00,1787357506,6705,321 Surrey Central/WhiteRock,15247162,5505,24,-251
2026-08-22T00:11:47.789105+00:00,1787357506,6705,321 Surrey Central/WhiteRock,15247162,5507,25,-250
2026-08-22T00:11:47.789105+00:00,1787357506,6705,321 Surrey Central/WhiteRock,15247162,5633,26,0
2026-08-22T00:11:47.789105+00:00,1787357506,6705,321 Surrey Central/WhiteRock,15247162,5510,27,44
2026-08-22T00:11:47.789105+00:00,1787357506,6705,321 Surrey Central/WhiteRock,15247162,5511,28,36
2026-08-22T00:11:47.789105+00:00,1787357506,6705,321 Surrey Central/WhiteRock,15247162,5512,29,34
2026-08-22T00:11:47.789105+00:00,1787357506,6705,321 Surrey Central/WhiteRock,15247162,5513,30,18
2026-08-22T00:11:47.789105+00:00,1787357506,6705,321 Surrey Central/WhiteRock,15247162,5514,31,108
2026-08-22T00:11:47.789105+00:00,1787357506,6705,321 Surrey Central/WhiteRock,15247162,5515,32,101
2026-08-22T00:11:47.789105+00:00,1787357506,6705,321 Surrey Central/WhiteRock,15247162,5516,33,122
2026-08-22T00:11:47.789105+00:00,1787357506,6705,321 Surrey Central/WhiteRock,15247162,5517,34,126
2026-08-22T00:11:47.789105+00:00,1787357506,6705,321 Surrey Central/WhiteRock,15247162,5518,35,130
2026-08-22T00:11:47.789105+00:00,1787357506,6705,321 Surrey Central/WhiteRock,15247162,5519,36,107
2026-08-22T00:11:47.789105+00:00,1787357506,6705,321 Surrey Central/WhiteRock,15247162,5520,37,96
2026-08-22T00:11:47.789105+00:00,1787357506,6705,321 Surrey Central/WhiteRock,15247162,5521,38,-113
2026-08-22T00:11:47.789105+00:00,1787357506,6705,321 Surrey Central/WhiteRock,15247162,5522,39,-248
2026-08-22T00:11:47.789105+00:00,1787357506,6705,321 Surrey Central/WhiteRock,15247162,5523,40,-284
2026-08-22T00:11:47.789105+00:00,1787357506,6705,321 Surrey Central/WhiteRock,15247162,6466,41,-292
2026-08-22T00:11:47.789105+00:00,1787357506,6705,321 Surrey Central/WhiteRock,15247162,5524,42,-255
2026-08-22T00:11:47.789105+00:00,1787357506,6705,321 Surrey Central/WhiteRock,15247162,5525,43,-279
2026-08-22T00:11:47.789105+00:00,1787357506,6705,321 Surrey Central/WhiteRock,15247162,10443,44,-299
2026-08-22T00:11:47.789105+00:00,1787357506,6705,321 Surrey Central/WhiteRock,15247162,5528,45,-296
2026-08-22T00:11:47.789105+00:00,1787357506,6705,321 Surrey Central/WhiteRock,15247162,5529,46,-320
2026-08-22T00:11:47.789105+00:00,1787357506,6705,321 Surrey Central/WhiteRock,15247162,5530,47,-336
2026-08-22T00:11:47.789105+00:00,1787357506,6705,321 Surrey Central/WhiteRock,15247162,5533,48,-341
2026-08-22T00:11:47.789105+00:00,1787357506,6705,321 Surrey Central/WhiteRock,15247162,5534,49,-360
2026-08-22T00:11:47.789105+00:00,1787357506,6705,321 Surrey Central/WhiteRock,15247162,5535,50,-342
2026-08-22T00:11:47.789105+00:00,1787357506,6705,321 Surrey Central/WhiteRock,15247162,5536,51,-366
2026-08-22T00:11:47.789105+00:00,1787357506,6705,321 Surrey Central/WhiteRock,15247162,5537,52,-362
2026-08-22T00:11:47.789105+00:00,1787357506,6705,321 Surrey Central/WhiteRock,15247162,5538,53,-367
2026-08-22T00:11:47.789105+00:00,1787357506,6705,321 Surrey Central/WhiteRock,15247162,5541,54,-334
2026-08-22T00:11:47.789105+00:00,1787357506,6705,321 Surrey Central/WhiteRock,15247162,5542,55,-321
2026-08-22T00:11:47.789105+00:00,1787357506,6705,321 Surrey Central/WhiteRock,15247162,6195,56,-288
2026-08-22T00:11:47.789105+00:00,1787357506,6705,321 Surrey Central/WhiteRock,15247163,5046,8,62
2026-08-22T00:11:47.789105+00:00,1787357506,6705,321 Surrey Central/WhiteRock,15247163,5047,9,63
2026-08-22T00:11:47.789105+00:00,1787357506,6705,321 Surrey Central/WhiteRock,15247163,8566,10,53
2026-08-22T00:11:47.789105+00:00,1787357506,6705,321 Surrey Central/WhiteRock,15247163,12916,11,98
2026-08-22T00:11:47.789105+00:00,1787357506,6705,321 Surrey Central/WhiteRock,15247163,5049,12,90
2026-08-22T00:11:47.789105+00:00,1787357506,6705,321 Surrey Central/WhiteRock,15247163,5039,13,71
2026-08-22T00:11:47.789105+00:00,1787357506,6705,321 Surrey Central/WhiteRock,15247163,8351,14,46
2026-08-22T00:11:47.789105+00:00,1787357506,6705,321 Surrey Central/WhiteRock,15247163,5496,15,-21
2026-08-22T00:11:47.789105+00:00,1787357506,6705,321 Surrey Central/WhiteRock,15247163,5497,16,-64
2026-08-22T00:11:47.789105+00:00,1787357506,6705,321 Surrey Central/WhiteRock,15247163,5498,17,-78
2026-08-22T00:11:47.789105+00:00,1787357506,6705,321 Surrey Central/WhiteRock,15247163,5499,18,-111
2026-08-22T00:11:47.789105+00:00,1787357506,6705,321 Surrey Central/WhiteRock,15247163,5500,19,-141
2026-08-22T00:11:47.789105+00:00,1787357506,6705,321 Surrey Central/WhiteRock,15247163,5501,20,-169
2026-08-22T00:11:47.789105+00:00,1787357506,6705,321 Surrey Central/WhiteRock,15247163,5502,21,-183
2026-08-22T00:11:47.789105+00:00,1787357506,6705,321 Surrey Central/WhiteRock,15247163,5503,22,-191
2026-08-22T00:11:47.789105+00:00,1787357506,6705,321 Surrey Central/WhiteRock,15247163,5504,23,-246
2026-08-22T00:11:47.789105+00:00,1787357506,6705,321 Surrey Central/WhiteRock,15247163,5505,24,-237
2026-08-22T00:11:47.789105+00:00,1787357506,6705,321 Surrey Central/WhiteRock,15247163,5507,25,-229
2026-08-22T00:11:47.789105+00:00,1787357506,6705,321 Surrey Central/WhiteRock,15247163,5633,26,0
2026-08-22T00:11:47.789105+00:00,1787357506,6705,321 Surrey Central/WhiteRock,15247163,5510,27,40
2026-08-22T00:11:47.789105+00:00,1787357506,6705,321 Surrey Central/WhiteRock,15247163,5511,28,35
2026-08-22T00:11:47.789105+00:00,1787357506,6705,321 Surrey Central/WhiteRock,15247163,5512,29,34
2026-08-22T00:11:47.789105+00:00,1787357506,6705,321 Surrey Central/WhiteRock,15247163,5513,30,17
2026-08-22T00:11:47.789105+00:00,1787357506,6705,321 Surrey Central/WhiteRock,15247163,5514,31,109
2026-08-22T00:11:47.789105+00:00,1787357506,6705,321 Surrey Central/WhiteRock,15247163,5515,32,104
2026-08-22T00:11:47.789105+00:00,1787357506,6705,321 Surrey Central/WhiteRock,15247163,5516,33,112
2026-08-22T00:11:47.789105+00:00,1787357506,6705,321 Surrey Central/WhiteRock,15247163,5517,34,115
2026-08-22T00:11:47.789105+00:00,1787357506,6705,321 Surrey Central/WhiteRock,15247163,5518,35,121
2026-08-22T00:11:47.789105+00:00,1787357506,6705,321 Surrey Central/WhiteRock,15247163,5519,36,100
2026-08-22T00:11:47.789105+00:00,1787357506,6705,321 Surrey Central/WhiteRock,15247163,5520,37,90
2026-08-22T00:11:47.789105+00:00,1787357506,6705,321 Surrey Central/WhiteRock,15247163,5521,38,-111
2026-08-22T00:11:47.789105+00:00,1787357506,6705,321 Surrey Central/WhiteRock,15247163,5522,39,-243
2026-08-22T00:11:47.789105+00:00,1787357506,6705,321 Surrey Central/WhiteRock,15247163,5523,40,-278
2026-08-22T00:11:47.789105+00:00,1787357506,6705,321 Surrey Central/WhiteRock,15247163,6466,41,-291
2026-08-22T00:11:47.789105+00:00,1787357506,6705,321 Surrey Central/WhiteRock,15247163,5524,42,-247
2026-08-22T00:11:47.789105+00:00,1787357506,6705,321 Surrey Central/WhiteRock,15247163,5525,43,-272
2026-08-22T00:11:47.789105+00:00,1787357506,6705,321 Surrey Central/WhiteRock,15247163,10443,44,-291
2026-08-22T00:11:47.789105+00:00,1787357506,6705,321 Surrey Central/WhiteRock,15247163,5528,45,-294
2026-08-22T00:11:47.789105+00:00,1787357506,6705,321 Surrey Central/WhiteRock,15247163,5529,46,-315
2026-08-22T00:11:47.789105+00:00,1787357506,6705,321 Surrey Central/WhiteRock,15247163,5530,47,-331
2026-08-22T00:11:47.789105+00:00,1787357506,6705,321 Surrey Central/WhiteRock,15247163,5533,48,-333
2026-08-22T00:11:47.789105+00:00,1787357506,6705,321 Surrey Central/WhiteRock,15247163,5534,49,-351
2026-08-22T00:11:47.789105+00:00,1787357506,6705,321 Surrey Central/WhiteRock,15247163,5535,50,-348
2026-08-22T00:11:47.789105+00:00,1787357506,6705,321 Surrey Central/WhiteRock,15247163,5536,51,-373
2026-08-22T00:11:47.789105+00:00,1787357506,6705,321 Surrey Central/WhiteRock,15247163,5537,52,-378
2026-08-22T00:11:47.789105+00:00,1787357506,6705,321 Surrey Central/WhiteRock,15247163,5538,53,-383
2026-08-22T00:11:47.789105+00:00,1787357506,6705,321 Surrey Central/WhiteRock,15247163,5541,54,-360
2026-08-22T00:11:47.789105+00:00,1787357506,6705,321 Surrey Central/WhiteRock,15247163,5542,55,-344
2026-08-22T00:11:47.789105+00:00,1787357506,6705,321 Surrey Central/WhiteRock,15247163,6195,56,-313
2026-08-22T00:11:47.789105+00:00,1787357506,6705,321 Surrey Central/WhiteRock,15247177,5514,31,200
2026-08-22T00:11:47.789105+00:00,1787357506,6705,321 Surrey Central/WhiteRock,15247177,5515,32,193
2026-08-22T00:11:47.789105+00:00,1787357506,6705,321 Surrey Central/WhiteRock,15247177,5516,33,209
2026-08-22T00:11:47.789105+00:00,1787357506,6705,321 Surrey Central/WhiteRock,15247177,5517,34,212
2026-08-22T00:11:47.789105+00:00,1787357506,6705,321 Surrey Central/WhiteRock,15247177,5518,35,218
2026-08-22T00:11:47.789105+00:00,1787357506,6705,321 Surrey Central/WhiteRock,15247177,5519,36,195
2026-08-22T00:11:47.789105+00:00,1787357506,6705,321 Surrey Central/WhiteRock,15247177,5520,37,184
2026-08-22T00:11:47.789105+00:00,1787357506,6705,321 Surrey Central/WhiteRock,15247177,5521,38,-26
2026-08-22T00:11:47.789105+00:00,1787357506,6705,321 Surrey Central/WhiteRock,15247177,5522,39,-161
2026-08-22T00:11:47.789105+00:00,1787357506,6705,321 Surrey Central/WhiteRock,15247177,5523,40,-197
2026-08-22T00:11:47.789105+00:00,1787357506,6705,321 Surrey Central/WhiteRock,15247177,6466,41,-208
2026-08-22T00:11:47.789105+00:00,1787357506,6705,321 Surrey Central/WhiteRock,15247177,5524,42,-171
2026-08-22T00:11:47.789105+00:00,1787357506,6705,321 Surrey Central/WhiteRock,15247177,5525,43,-201
2026-08-22T00:11:47.789105+00:00,1787357506,6705,321 Surrey Central/WhiteRock,15247177,10443,44,-231
2026-08-22T00:11:47.789105+00:00,1787357506,6705,321 Surrey Central/WhiteRock,15247177,5528,45,-226
2026-08-22T00:11:47.789105+00:00,1787357506,6705,321 Surrey Central/WhiteRock,15247177,5529,46,-248
2026-08-22T00:11:47.789105+00:00,1787357506,6705,321 Surrey Central/WhiteRock,15247177,5530,47,-264
2026-08-22T00:11:47.789105+00:00,1787357506,6705,321 Surrey Central/WhiteRock,15247177,5533,48,-272
2026-08-22T00:11:47.789105+00:00,1787357506,6705,321 Surrey Central/WhiteRock,15247177,5534,49,-292
2026-08-22T00:11:47.789105+00:00,1787357506,6705,321 Surrey Central/WhiteRock,15247177,5535,50,-289
2026-08-22T00:11:47.789105+00:00,1787357506,6705,321 Surrey Central/WhiteRock,15247177,5536,51,-313
2026-08-22T00:11:47.789105+00:00,1787357506,6705,321 Surrey Central/WhiteRock,15247177,5537,52,-322
2026-08-22T00:11:47.789105+00:00,1787357506,6705,321 Surrey Central/WhiteRock,15247177,5538,53,-329
2026-08-22T00:11:47.789105+00:00,1787357506,6705,321 Surrey Central/WhiteRock,15247177,5541,54,-299
2026-08-22T00:11:47.789105+00:00,1787357506,6705,321 Surrey Central/WhiteRock,15247177,5542,55,-286
2026-08-22T00:11:47.789105+00:00,1787357506,6705,321 Surrey Central/WhiteRock,15247177,6195,56,-260
2026-08-22T00:11:47.789105+00:00,1787357506,6705,321 Surrey Central/WhiteRock,15247186,6195,56,186
2026-08-22T00:11:47.789105+00:00,1787357506,6705,321 Surrey Central/WhiteRock,15247187,12916,11,265
2026-08-22T00:11:47.789105+00:00,1787357506,6705,321 Surrey Central/WhiteRock,15247187,5049,12,257
2026-08-22T00:11:47.789105+00:00,1787357506,6705,321 Surrey Central/WhiteRock,15247187,5039,13,231
2026-08-22T00:11:47.789105+00:00,1787357506,6705,321 Surrey Central/WhiteRock,15247187,8351,14,208
2026-08-22T00:11:47.789105+00:00,1787357506,6705,321 Surrey Central/WhiteRock,15247187,5496,15,140
2026-08-22T00:11:47.789105+00:00,1787357506,6705,321 Surrey Central/WhiteRock,15247187,5497,16,97
2026-08-22T00:11:47.789105+00:00,1787357506,6705,321 Surrey Central/WhiteRock,15247187,5498,17,80
2026-08-22T00:11:47.789105+00:00,1787357506,6705,321 Surrey Central/WhiteRock,15247187,5499,18,47
2026-08-22T00:11:47.789105+00:00,1787357506,6705,321 Surrey Central/WhiteRock,15247187,5500,19,16
2026-08-22T00:11:47.789105+00:00,1787357506,6705,321 Surrey Central/WhiteRock,15247187,5501,20,-12
2026-08-22T00:11:47.789105+00:00,1787357506,6705,321 Surrey Central/WhiteRock,15247187,5502,21,-27
2026-08-22T00:11:47.789105+00:00,1787357506,6705,321 Surrey Central/WhiteRock,15247187,5503,22,-22
2026-08-22T00:11:47.789105+00:00,1787357506,6705,321 Surrey Central/WhiteRock,15247187,5504,23,-75
2026-08-22T00:11:47.789105+00:00,1787357506,6705,321 Surrey Central/WhiteRock,15247187,5505,24,-67
2026-08-22T00:11:47.789105+00:00,1787357506,6705,321 Surrey Central/WhiteRock,15247187,5507,25,-50
2026-08-22T00:11:47.789105+00:00,1787357506,6705,321 Surrey Central/WhiteRock,15247187,5633,26,0
2026-08-22T00:11:47.789105+00:00,1787357506,6705,321 Surrey Central/WhiteRock,15247187,5510,27,45
2026-08-22T00:11:47.789105+00:00,1787357506,6705,321 Surrey Central/WhiteRock,15247187,5511,28,40
2026-08-22T00:11:47.789105+00:00,1787357506,6705,321 Surrey Central/WhiteRock,15247187,5512,29,39
2026-08-22T00:11:47.789105+00:00,1787357506,6705,321 Surrey Central/WhiteRock,15247187,5513,30,25
2026-08-22T00:11:47.789105+00:00,1787357506,6705,321 Surrey Central/WhiteRock,15247187,5514,31,116
2026-08-22T00:11:47.789105+00:00,1787357506,6705,321 Surrey Central/WhiteRock,15247187,5515,32,111
2026-08-22T00:11:47.789105+00:00,1787357506,6705,321 Surrey Central/WhiteRock,15247187,5516,33,114
2026-08-22T00:11:47.789105+00:00,1787357506,6705,321 Surrey Central/WhiteRock,15247187,5517,34,117
2026-08-22T00:11:47.789105+00:00,1787357506,6705,321 Surrey Central/WhiteRock,15247187,5518,35,121
2026-08-22T00:11:47.789105+00:00,1787357506,6705,321 Surrey Central/WhiteRock,15247187,5519,36,100
2026-08-22T00:11:47.789105+00:00,1787357506,6705,321 Surrey Central/WhiteRock,15247187,5520,37,89
2026-08-22T00:11:47.789105+00:00,1787357506,6705,321 Surrey Central/WhiteRock,15247187,5521,38,-112
2026-08-22T00:11:47.789105+00:00,1787357506,6705,321 Surrey Central/WhiteRock,15247187,5522,39,-243
2026-08-22T00:11:47.789105+00:00,1787357506,6705,321 Surrey Central/WhiteRock,15247187,5523,40,-278
2026-08-22T00:11:47.789105+00:00,1787357506,6705,321 Surrey Central/WhiteRock,15247187,6466,41,-286
2026-08-22T00:11:47.789105+00:00,1787357506,6705,321 Surrey Central/WhiteRock,15247187,5524,42,-246
2026-08-22T00:11:47.789105+00:00,1787357506,6705,321 Surrey Central/WhiteRock,15247187,5525,43,-273
2026-08-22T00:11:47.789105+00:00,1787357506,6705,321 Surrey Central/WhiteRock,15247187,10443,44,-303
2026-08-22T00:11:47.789105+00:00,1787357506,6705,321 Surrey Central/WhiteRock,15247187,5528,45,-296
2026-08-22T00:11:47.789105+00:00,1787357506,6705,321 Surrey Central/WhiteRock,15247187,5529,46,-318
2026-08-22T00:11:47.789105+00:00,1787357506,6705,321 Surrey Central/WhiteRock,15247187,5530,47,-333
2026-08-22T00:11:47.789105+00:00,1787357506,6705,321 Surrey Central/WhiteRock,15247187,5533,48,-334
2026-08-22T00:11:47.789105+00:00,1787357506,6705,321 Surrey Central/WhiteRock,15247187,5534,49,-352
2026-08-22T00:11:47.789105+00:00,1787357506,6705,321 Surrey Central/WhiteRock,15247187,5535,50,-333
2026-08-22T00:11:47.789105+00:00,1787357506,6705,321 Surrey Central/WhiteRock,15247187,5536,51,-355
2026-08-22T00:11:47.789105+00:00,1787357506,6705,321 Surrey Central/WhiteRock,15247187,5537,52,-360
2026-08-22T00:11:47.789105+00:00,1787357506,6705,321 Surrey Central/WhiteRock,15247187,5538,53,-366
2026-08-22T00:11:47.789105+00:00,1787357506,6705,321 Surrey Central/WhiteRock,15247187,5541,54,-340
2026-08-22T00:11:47.789105+00:00,1787357506,6705,321 Surrey Central/WhiteRock,15247187,5542,55,-327
2026-08-22T00:11:47.789105+00:00,1787357506,6705,321 Surrey Central/WhiteRock,15247187,6195,56,-294
2026-08-22T00:11:47.789105+00:00,1787357506,6705,321 Surrey Central/WhiteRock,15247232,5522,39,-297
2026-08-22T00:11:47.789105+00:00,1787357506,6705,321 Surrey Central/WhiteRock,15247232,5523,40,-335
2026-08-22T00:11:47.789105+00:00,1787357506,6705,321 Surrey Central/WhiteRock,15247232,6466,41,-355
2026-08-22T00:11:47.789105+00:00,1787357506,6705,321 Surrey Central/WhiteRock,15247232,5524,42,-322
2026-08-22T00:11:47.789105+00:00,1787357506,6705,321 Surrey Central/WhiteRock,15247232,5525,43,-352
2026-08-22T00:11:47.789105+00:00,1787357506,6705,321 Surrey Central/WhiteRock,15247232,10443,44,-376
2026-08-22T00:11:47.789105+00:00,1787357506,6705,321 Surrey Central/WhiteRock,15247232,5528,45,-372
2026-08-22T00:11:47.789105+00:00,1787357506,6705,321 Surrey Central/WhiteRock,15247232,5529,46,-397
2026-08-22T00:11:47.789105+00:00,1787357506,6705,321 Surrey Central/WhiteRock,15247232,5530,47,-414
2026-08-22T00:11:47.789105+00:00,1787357506,6705,321 Surrey Central/WhiteRock,15247232,5533,48,-420
2026-08-22T00:11:47.789105+00:00,1787357506,6705,321 Surrey Central/WhiteRock,15247232,5534,49,-434
2026-08-22T00:11:47.789105+00:00,1787357506,6705,321 Surrey Central/WhiteRock,15247232,5535,50,-434
2026-08-22T00:11:47.789105+00:00,1787357506,6705,321 Surrey Central/WhiteRock,15247232,5536,51,-460
2026-08-22T00:11:47.789105+00:00,1787357506,6705,321 Surrey Central/WhiteRock,15247232,5537,52,-473
2026-08-22T00:11:47.789105+00:00,1787357506,6705,321 Surrey Central/WhiteRock,15247232,5538,53,-481
2026-08-22T00:11:47.789105+00:00,1787357506,6705,321 Surrey Central/WhiteRock,15247232,5541,54,-451
2026-08-22T00:11:47.789105+00:00,1787357506,6705,321 Surrey Central/WhiteRock,15247232,5542,55,-439
2026-08-22T00:11:47.789105+00:00,1787357506,6705,321 Surrey Central/WhiteRock,15247232,6195,56,-415
2026-08-22T00:11:47.789105+00:00,1787357506,6705,321 Surrey Central/WhiteRock,15247234,9924,4,111
2026-08-22T00:11:47.789105+00:00,1787357506,6705,321 Surrey Central/WhiteRock,15247234,9926,5,65
2026-08-22T00:11:47.789105+00:00,1787357506,6705,321 Surrey Central/WhiteRock,15247234,9927,6,35
2026-08-22T00:11:47.789105+00:00,1787357506,6705,321 Surrey Central/WhiteRock,15247234,10880,7,61
2026-08-22T00:11:47.789105+00:00,1787357506,6705,321 Surrey Central/WhiteRock,15247234,5046,8,104
2026-08-22T00:11:47.789105+00:00,1787357506,6705,321 Surrey Central/WhiteRock,15247234,5047,9,104
2026-08-22T00:11:47.789105+00:00,1787357506,6705,321 Surrey Central/WhiteRock,15247234,8566,10,94
2026-08-22T00:11:47.789105+00:00,1787357506,6705,321 Surrey Central/WhiteRock,15247234,12916,11,138
2026-08-22T00:11:47.789105+00:00,1787357506,6705,321 Surrey Central/WhiteRock,15247234,5049,12,130
2026-08-22T00:11:47.789105+00:00,1787357506,6705,321 Surrey Central/WhiteRock,15247234,5039,13,109
2026-08-22T00:11:47.789105+00:00,1787357506,6705,321 Surrey Central/WhiteRock,15247234,8351,14,84
2026-08-22T00:11:47.789105+00:00,1787357506,6705,321 Surrey Central/WhiteRock,15247234,5496,15,17
2026-08-22T00:11:47.789105+00:00,1787357506,6705,321 Surrey Central/WhiteRock,15247234,5497,16,-27
2026-08-22T00:11:47.789105+00:00,1787357506,6705,321 Surrey Central/WhiteRock,15247234,5498,17,-41
2026-08-22T00:11:47.789105+00:00,1787357506,6705,321 Surrey Central/WhiteRock,15247234,5499,18,-73
2026-08-22T00:11:47.789105+00:00,1787357506,6705,321 Surrey Central/WhiteRock,15247234,5500,19,-103
2026-08-22T00:11:47.789105+00:00,1787357506,6705,321 Surrey Central/WhiteRock,15247234,5501,20,-131
2026-08-22T00:11:47.789105+00:00,1787357506,6705,321 Surrey Central/WhiteRock,15247234,5502,21,-145
2026-08-22T00:11:47.789105+00:00,1787357506,6705,321 Surrey Central/WhiteRock,15247234,5503,22,-156
2026-08-22T00:11:47.789105+00:00,1787357506,6705,321 Surrey Central/WhiteRock,15247234,5504,23,-209
2026-08-22T00:11:47.789105+00:00,1787357506,6705,321 Surrey Central/WhiteRock,15247234,5505,24,-200
2026-08-22T00:11:47.789105+00:00,1787357506,6705,321 Surrey Central/WhiteRock,15247234,5507,25,-186
2026-08-22T00:11:47.789105+00:00,1787357506,6705,321 Surrey Central/WhiteRock,15247234,5633,26,0
2026-08-22T00:11:47.789105+00:00,1787357506,6705,321 Surrey Central/WhiteRock,15247234,5510,27,40
2026-08-22T00:11:47.789105+00:00,1787357506,6705,321 Surrey Central/WhiteRock,15247234,5511,28,35
2026-08-22T00:11:47.789105+00:00,1787357506,6705,321 Surrey Central/WhiteRock,15247234,5512,29,33
2026-08-22T00:11:47.789105+00:00,1787357506,6705,321 Surrey Central/WhiteRock,15247234,5513,30,14
2026-08-22T00:11:47.789105+00:00,1787357506,6705,321 Surrey Central/WhiteRock,15247234,5514,31,107
2026-08-22T00:11:47.789105+00:00,1787357506,6705,321 Surrey Central/WhiteRock,15247234,5515,32,102
2026-08-22T00:11:47.789105+00:00,1787357506,6705,321 Surrey Central/WhiteRock,15247234,5516,33,100
2026-08-22T00:11:47.789105+00:00,1787357506,6705,321 Surrey Central/WhiteRock,15247234,5517,34,103
2026-08-22T00:11:47.789105+00:00,1787357506,6705,321 Surrey Central/WhiteRock,15247234,5518,35,109
2026-08-22T00:11:47.789105+00:00,1787357506,6705,321 Surrey Central/WhiteRock,15247234,5519,36,87
2026-08-22T00:11:47.789105+00:00,1787357506,6705,321 Surrey Central/WhiteRock,15247234,5520,37,77
2026-08-22T00:11:47.789105+00:00,1787357506,6705,321 Surrey Central/WhiteRock,15247234,5521,38,-125
2026-08-22T00:11:47.789105+00:00,1787357506,6705,321 Surrey Central/WhiteRock,15247234,5522,39,-257
2026-08-22T00:11:47.789105+00:00,1787357506,6705,321 Surrey Central/WhiteRock,15247234,5523,40,-292
2026-08-22T00:11:47.789105+00:00,1787357506,6705,321 Surrey Central/WhiteRock,15247234,6466,41,-304
2026-08-22T00:11:47.789105+00:00,1787357506,6705,321 Surrey Central/WhiteRock,15247234,5524,42,-274
2026-08-22T00:11:47.789105+00:00,1787357506,6705,321 Surrey Central/WhiteRock,15247234,5525,43,-300
2026-08-22T00:11:47.789105+00:00,1787357506,6705,321 Surrey Central/WhiteRock,15247234,10443,44,-319
2026-08-22T00:11:47.789105+00:00,1787357506,6705,321 Surrey Central/WhiteRock,15247234,5528,45,-317
2026-08-22T00:11:47.789105+00:00,1787357506,6705,321 Surrey Central/WhiteRock,15247234,5529,46,-339
2026-08-22T00:11:47.789105+00:00,1787357506,6705,321 Surrey Central/WhiteRock,15247234,5530,47,-355
2026-08-22T00:11:47.789105+00:00,1787357506,6705,321 Surrey Central/WhiteRock,15247234,5533,48,-358
2026-08-22T00:11:47.789105+00:00,1787357506,6705,321 Surrey Central/WhiteRock,15247234,5534,49,-376
2026-08-22T00:11:47.789105+00:00,1787357506,6705,321 Surrey Central/WhiteRock,15247234,5535,50,-380
2026-08-22T00:11:47.789105+00:00,1787357506,6705,321 Surrey Central/WhiteRock,15247234,5536,51,-405
2026-08-22T00:11:47.789105+00:00,1787357506,6705,321 Surrey Central/WhiteRock,15247234,5537,52,-418
2026-08-22T00:11:47.789105+00:00,1787357506,6705,321 Surrey Central/WhiteRock,15247234,5538,53,-425
2026-08-22T00:11:47.789105+00:00,1787357506,6705,321 Surrey Central/WhiteRock,15247234,5541,54,-404
2026-08-22T00:11:47.789105+00:00,1787357506,6705,321 Surrey Central/WhiteRock,15247234,5542,55,-389
2026-08-22T00:11:47.789105+00:00,1787357506,6705,321 Surrey Central/WhiteRock,15247234,6195,56,-360
2026-08-22T00:11:47.789105+00:00,1787357506,6705,321 Surrey Central/WhiteRock,15247235,5890,1,0
2026-08-22T00:11:47.789105+00:00,1787357506,6705,321 Surrey Central/WhiteRock,15247235,10716,2,0
2026-08-22T00:11:47.789105+00:00,1787357506,6705,321 Surrey Central/WhiteRock,15247235,9923,3,0
2026-08-22T00:11:47.789105+00:00,1787357506,6705,321 Surrey Central/WhiteRock,15247235,9924,4,0
2026-08-22T00:11:47.789105+00:00,1787357506,6705,321 Surrey Central/WhiteRock,15247235,9926,5,0
2026-08-22T00:11:47.789105+00:00,1787357506,6705,321 Surrey Central/WhiteRock,15247235,9927,6,0
2026-08-22T00:11:47.789105+00:00,1787357506,6705,321 Surrey Central/WhiteRock,15247235,10880,7,0
2026-08-22T00:11:47.789105+00:00,1787357506,6705,321 Surrey Central/WhiteRock,15247235,5046,8,0
2026-08-22T00:11:47.789105+00:00,1787357506,6705,321 Surrey Central/WhiteRock,15247235,5047,9,0
2026-08-22T00:11:47.789105+00:00,1787357506,6705,321 Surrey Central/WhiteRock,15247235,8566,10,0
2026-08-22T00:11:47.789105+00:00,1787357506,6705,321 Surrey Central/WhiteRock,15247235,12916,11,0
2026-08-22T00:11:47.789105+00:00,1787357506,6705,321 Surrey Central/WhiteRock,15247235,5049,12,0
2026-08-22T00:11:47.789105+00:00,1787357506,6705,321 Surrey Central/WhiteRock,15247235,5039,13,0
2026-08-22T00:11:47.789105+00:00,1787357506,6705,321 Surrey Central/WhiteRock,15247235,8351,14,0
2026-08-22T00:11:47.789105+00:00,1787357506,6705,321 Surrey Central/WhiteRock,15247235,5496,15,0
2026-08-22T00:11:47.789105+00:00,1787357506,6705,321 Surrey Central/WhiteRock,15247235,5497,16,0
2026-08-22T00:11:47.789105+00:00,1787357506,6705,321 Surrey Central/WhiteRock,15247235,5498,17,0
2026-08-22T00:11:47.789105+00:00,1787357506,6705,321 Surrey Central/WhiteRock,15247235,5499,18,0
2026-08-22T00:11:47.789105+00:00,1787357506,6705,321 Surrey Central/WhiteRock,15247235,5500,19,0
2026-08-22T00:11:47.789105+00:00,1787357506,6705,321 Surrey Central/WhiteRock,15247235,5501,20,0
2026-08-22T00:11:47.789105+00:00,1787357506,6705,321 Surrey Central/WhiteRock,15247235,5502,21,0
2026-08-22T00:11:47.789105+00:00,1787357506,6705,321 Surrey Central/WhiteRock,15247235,5503,22,0
2026-08-22T00:11:47.789105+00:00,1787357506,6705,321 Surrey Central/WhiteRock,15247235,5504,23,0
2026-08-22T00:11:47.789105+00:00,1787357506,6705,321 Surrey Central/WhiteRock,15247235,5505,24,0
2026-08-22T00:11:47.789105+00:00,1787357506,6705,321 Surrey Central/WhiteRock,15247235,5507,25,0
2026-08-22T00:11:47.789105+00:00,1787357506,6705,321 Surrey Central/WhiteRock,15247235,5633,26,0
2026-08-22T00:11:47.789105+00:00,1787357506,6705,321 Surrey Central/WhiteRock,15247235,5510,27,0
2026-08-22T00:11:47.789105+00:00,1787357506,6705,321 Surrey Central/WhiteRock,15247235,5511,28,0
2026-08-22T00:11:47.789105+00:00,1787357506,6705,321 Surrey Central/WhiteRock,15247235,5512,29,0
2026-08-22T00:11:47.789105+00:00,1787357506,6705,321 Surrey Central/WhiteRock,15247235,5513,30,0
2026-08-22T00:11:47.789105+00:00,1787357506,6705,321 Surrey Central/WhiteRock,15247235,5514,31,0
2026-08-22T00:11:47.789105+00:00,1787357506,6705,321 Surrey Central/WhiteRock,15247235,5515,32,0
2026-08-22T00:11:47.789105+00:00,1787357506,6705,321 Surrey Central/WhiteRock,15247235,5516,33,0
2026-08-22T00:11:47.789105+00:00,1787357506,6705,321 Surrey Central/WhiteRock,15247235,5517,34,0
2026-08-22T00:11:47.789105+00:00,1787357506,6705,321 Surrey Central/WhiteRock,15247235,5518,35,0
2026-08-22T00:11:47.789105+00:00,1787357506,6705,321 Surrey Central/WhiteRock,15247235,5519,36,0
2026-08-22T00:11:47.789105+00:00,1787357506,6705,321 Surrey Central/WhiteRock,15247235,5520,37,0
2026-08-22T00:11:47.789105+00:00,1787357506,6705,321 Surrey Central/WhiteRock,15247235,5521,38,0
2026-08-22T00:11:47.789105+00:00,1787357506,6705,321 Surrey Central/WhiteRock,15247235,5522,39,0
2026-08-22T00:11:47.789105+00:00,1787357506,6705,321 Surrey Central/WhiteRock,15247235,5523,40,0
2026-08-22T00:11:47.789105+00:00,1787357506,6705,321 Surrey Central/WhiteRock,15247235,6466,41,0
2026-08-22T00:11:47.789105+00:00,1787357506,6705,321 Surrey Central/WhiteRock,15247235,5524,42,0
2026-08-22T00:11:47.789105+00:00,1787357506,6705,321 Surrey Central/WhiteRock,15247235,5525,43,0
2026-08-22T00:11:47.789105+00:00,1787357506,6705,321 Surrey Central/WhiteRock,15247235,10443,44,0
2026-08-22T00:11:47.789105+00:00,1787357506,6705,321 Surrey Central/WhiteRock,15247235,5528,45,0
2026-08-22T00:11:47.789105+00:00,1787357506,6705,321 Surrey Central/WhiteRock,15247235,5529,46,0
2026-08-22T00:11:47.789105+00:00,1787357506,6705,321 Surrey Central/WhiteRock,15247235,5530,47,0
2026-08-22T00:11:47.789105+00:00,1787357506,6705,321 Surrey Central/WhiteRock,15247235,5533,48,0
2026-08-22T00:11:47.789105+00:00,1787357506,6705,321 Surrey Central/WhiteRock,15247235,5534,49,0
2026-08-22T00:11:47.789105+00:00,1787357506,6705,321 Surrey Central/WhiteRock,15247235,5535,50,0
2026-08-22T00:11:47.789105+00:00,1787357506,6705,321 Surrey Central/WhiteRock,15247235,5536,51,0
2026-08-22T00:11:47.789105+00:00,1787357506,6705,321 Surrey Central/WhiteRock,15247235,5537,52,0
2026-08-22T00:11:47.789105+00:00,1787357506,6705,321 Surrey Central/WhiteRock,15247235,5538,53,0
2026-08-22T00:11:47.789105+00:00,1787357506,6705,321 Surrey Central/WhiteRock,15247235,5541,54,0
2026-08-22T00:11:47.789105+00:00,1787357506,6705,321 Surrey Central/WhiteRock,15247235,5542,55,0
2026-08-22T00:11:47.789105+00:00,1787357506,6705,321 Surrey Central/WhiteRock,15247235,6195,56,0
2026-08-22T00:11:47.789105+00:00,1787357506,6715,351 Bridgeport/WhiteRock,15251617,8282,25,83
2026-08-22T00:11:47.789105+00:00,1787357506,6715,351 Bridgeport/WhiteRock,15251618,4928,24,47
2026-08-22T00:11:47.789105+00:00,1787357506,6715,351 Bridgeport/WhiteRock,15251618,8282,25,63
2026-08-22T00:11:47.789105+00:00,1787357506,6715,351 Bridgeport/WhiteRock,15251619,4928,24,-185
2026-08-22T00:11:47.789105+00:00,1787357506,6715,351 Bridgeport/WhiteRock,15251619,8282,25,-170
2026-08-22T00:11:47.789105+00:00,1787357506,6715,351 Bridgeport/WhiteRock,15251620,5437,11,122
2026-08-22T00:11:47.789105+00:00,1787357506,6715,351 Bridgeport/WhiteRock,15251620,5438,12,114
2026-08-22T00:11:47.789105+00:00,1787357506,6715,351 Bridgeport/WhiteRock,15251620,5439,13,123
2026-08-22T00:11:47.789105+00:00,1787357506,6715,351 Bridgeport/WhiteRock,15251620,5440,14,102
2026-08-22T00:11:47.789105+00:00,1787357506,6715,351 Bridgeport/WhiteRock,15251620,5441,15,102
2026-08-22T00:11:47.789105+00:00,1787357506,6715,351 Bridgeport/WhiteRock,15251620,5442,16,76
2026-08-22T00:11:47.789105+00:00,1787357506,6715,351 Bridgeport/WhiteRock,15251620,5444,17,84
2026-08-22T00:11:47.789105+00:00,1787357506,6715,351 Bridgeport/WhiteRock,15251620,9083,18,59
2026-08-22T00:11:47.789105+00:00,1787357506,6715,351 Bridgeport/WhiteRock,15251620,5446,19,61
2026-08-22T00:11:47.789105+00:00,1787357506,6715,351 Bridgeport/WhiteRock,15251620,10445,20,51
2026-08-22T00:11:47.789105+00:00,1787357506,6715,351 Bridgeport/WhiteRock,15251620,5447,21,7
2026-08-22T00:11:47.789105+00:00,1787357506,6715,351 Bridgeport/WhiteRock,15251620,5448,22,6
2026-08-22T00:11:47.789105+00:00,1787357506,6715,351 Bridgeport/WhiteRock,15251620,6194,23,0
2026-08-22T00:11:47.789105+00:00,1787357506,6715,351 Bridgeport/WhiteRock,15251620,4928,24,-130
2026-08-22T00:11:47.789105+00:00,1787357506,6715,351 Bridgeport/WhiteRock,15251620,8282,25,-21
2026-08-22T00:11:47.789105+00:00,1787357506,6715,351 Bridgeport/WhiteRock,15251696,6167,21,-157
2026-08-22T00:11:47.789105+00:00,1787357506,6715,351 Bridgeport/WhiteRock,15251697,5541,17,-521
2026-08-22T00:11:47.789105+00:00,1787357506,6715,351 Bridgeport/WhiteRock,15251697,5542,18,-498
2026-08-22T00:11:47.789105+00:00,1787357506,6715,351 Bridgeport/WhiteRock,15251697,6340,19,-457
2026-08-22T00:11:47.789105+00:00,1787357506,6715,351 Bridgeport/WhiteRock,15251697,6341,20,-441
2026-08-22T00:11:47.789105+00:00,1787357506,6715,351 Bridgeport/WhiteRock,15251697,6167,21,-433
2026-08-22T00:11:47.789105+00:00,1787357506,6715,351 Bridgeport/WhiteRock,15251698,5524,5,-530
2026-08-22T00:11:47.789105+00:00,1787357506,6715,351 Bridgeport/WhiteRock,15251698,5525,6,-544
2026-08-22T00:11:47.789105+00:00,1787357506,6715,351 Bridgeport/WhiteRock,15251698,10443,7,-541
2026-08-22T00:11:47.789105+00:00,1787357506,6715,351 Bridgeport/WhiteRock,15251698,5528,8,-522
2026-08-22T00:11:47.789105+00:00,1787357506,6715,351 Bridgeport/WhiteRock,15251698,5529,9,-532
2026-08-22T00:11:47.789105+00:00,1787357506,6715,351 Bridgeport/WhiteRock,15251698,5530,10,-531
2026-08-22T00:11:47.789105+00:00,1787357506,6715,351 Bridgeport/WhiteRock,15251698,5533,11,-514
2026-08-22T00:11:47.789105+00:00,1787357506,6715,351 Bridgeport/WhiteRock,15251698,5534,12,-511
2026-08-22T00:11:47.789105+00:00,1787357506,6715,351 Bridgeport/WhiteRock,15251698,5535,13,-484
2026-08-22T00:11:47.789105+00:00,1787357506,6715,351 Bridgeport/WhiteRock,15251698,5536,14,-484
2026-08-22T00:11:47.789105+00:00,1787357506,6715,351 Bridgeport/WhiteRock,15251698,5537,15,-462
2026-08-22T00:11:47.789105+00:00,1787357506,6715,351 Bridgeport/WhiteRock,15251698,5538,16,-457
2026-08-22T00:11:47.789105+00:00,1787357506,6715,351 Bridgeport/WhiteRock,15251698,5541,17,-406
2026-08-22T00:11:47.789105+00:00,1787357506,6715,351 Bridgeport/WhiteRock,15251698,5542,18,-384
2026-08-22T00:11:47.789105+00:00,1787357506,6715,351 Bridgeport/WhiteRock,15251698,6340,19,-340
2026-08-22T00:11:47.789105+00:00,1787357506,6715,351 Bridgeport/WhiteRock,15251698,6341,20,-324
2026-08-22T00:11:47.789105+00:00,1787357506,6715,351 Bridgeport/WhiteRock,15251698,6167,21,-316
2026-08-22T00:11:47.789105+00:00,1787357506,6715,351 Bridgeport/WhiteRock,15251699,6175,4,-739
2026-08-22T00:11:47.789105+00:00,1787357506,6715,351 Bridgeport/WhiteRock,15251699,5524,5,-693
2026-08-22T00:11:47.789105+00:00,1787357506,6715,351 Bridgeport/WhiteRock,15251699,5525,6,-707
2026-08-22T00:11:47.789105+00:00,1787357506,6715,351 Bridgeport/WhiteRock,15251699,10443,7,-703
2026-08-22T00:11:47.789105+00:00,1787357506,6715,351 Bridgeport/WhiteRock,15251699,5528,8,-682
2026-08-22T00:11:47.789105+00:00,1787357506,6715,351 Bridgeport/WhiteRock,15251699,5529,9,-692
2026-08-22T00:11:47.789105+00:00,1787357506,6715,351 Bridgeport/WhiteRock,15251699,5530,10,-691
2026-08-22T00:11:47.789105+00:00,1787357506,6715,351 Bridgeport/WhiteRock,15251699,5533,11,-673
2026-08-22T00:11:47.789105+00:00,1787357506,6715,351 Bridgeport/WhiteRock,15251699,5534,12,-644
2026-08-22T00:11:47.789105+00:00,1787357506,6715,351 Bridgeport/WhiteRock,15251699,5535,13,-604
2026-08-22T00:11:47.789105+00:00,1787357506,6715,351 Bridgeport/WhiteRock,15251699,5536,14,-608
2026-08-22T00:11:47.789105+00:00,1787357506,6715,351 Bridgeport/WhiteRock,15251699,5537,15,-589
2026-08-22T00:11:47.789105+00:00,1787357506,6715,351 Bridgeport/WhiteRock,15251699,5538,16,-584
2026-08-22T00:11:47.789105+00:00,1787357506,6715,351 Bridgeport/WhiteRock,15251699,5541,17,-533
2026-08-22T00:11:47.789105+00:00,1787357506,6715,351 Bridgeport/WhiteRock,15251699,5542,18,-511
2026-08-22T00:11:47.789105+00:00,1787357506,6715,351 Bridgeport/WhiteRock,15251699,6340,19,-466
2026-08-22T00:11:47.789105+00:00,1787357506,6715,351 Bridgeport/WhiteRock,15251699,6341,20,-450
2026-08-22T00:11:47.789105+00:00,1787357506,6715,351 Bridgeport/WhiteRock,15251699,6167,21,-442
2026-08-22T00:11:47.789105+00:00,1787357506,6715,351 Bridgeport/WhiteRock,15251700,4929,3,42
2026-08-22T00:11:47.789105+00:00,1787357506,6715,351 Bridgeport/WhiteRock,15251700,6175,4,-641
2026-08-22T00:11:47.789105+00:00,1787357506,6715,351 Bridgeport/WhiteRock,15251700,5524,5,-592
2026-08-22T00:11:47.789105+00:00,1787357506,6715,351 Bridgeport/WhiteRock,15251700,5525,6,-605
2026-08-22T00:11:47.789105+00:00,1787357506,6715,351 Bridgeport/WhiteRock,15251700,10443,7,-602
2026-08-22T00:11:47.789105+00:00,1787357506,6715,351 Bridgeport/WhiteRock,15251700,5528,8,-581
2026-08-22T00:11:47.789105+00:00,1787357506,6715,351 Bridgeport/WhiteRock,15251700,5529,9,-587
2026-08-22T00:11:47.789105+00:00,1787357506,6715,351 Bridgeport/WhiteRock,15251700,5530,10,-586
2026-08-22T00:11:47.789105+00:00,1787357506,6715,351 Bridgeport/WhiteRock,15251700,5533,11,-567
2026-08-22T00:11:47.789105+00:00,1787357506,6715,351 Bridgeport/WhiteRock,15251700,5534,12,-570
2026-08-22T00:11:47.789105+00:00,1787357506,6715,351 Bridgeport/WhiteRock,15251700,5535,13,-546
2026-08-22T00:11:47.789105+00:00,1787357506,6715,351 Bridgeport/WhiteRock,15251700,5536,14,-550
2026-08-22T00:11:47.789105+00:00,1787357506,6715,351 Bridgeport/WhiteRock,15251700,5537,15,-531
2026-08-22T00:11:47.789105+00:00,1787357506,6715,351 Bridgeport/WhiteRock,15251700,5538,16,-526
2026-08-22T00:11:47.789105+00:00,1787357506,6715,351 Bridgeport/WhiteRock,15251700,5541,17,-471
2026-08-22T00:11:47.789105+00:00,1787357506,6715,351 Bridgeport/WhiteRock,15251700,5542,18,-449
2026-08-22T00:11:47.789105+00:00,1787357506,6715,351 Bridgeport/WhiteRock,15251700,6340,19,-407
2026-08-22T00:11:47.789105+00:00,1787357506,6715,351 Bridgeport/WhiteRock,15251700,6341,20,-391
2026-08-22T00:11:47.789105+00:00,1787357506,6715,351 Bridgeport/WhiteRock,15251700,6167,21,-380
2026-08-22T00:11:47.789105+00:00,1787357506,6715,351 Bridgeport/WhiteRock,15251701,8283,2,45
2026-08-22T00:11:47.789105+00:00,1787357506,6715,351 Bridgeport/WhiteRock,15251701,4929,3,48
2026-08-22T00:11:47.789105+00:00,1787357506,6715,351 Bridgeport/WhiteRock,15251701,6175,4,-596
2026-08-22T00:11:47.789105+00:00,1787357506,6715,351 Bridgeport/WhiteRock,15251701,5524,5,-547
2026-08-22T00:11:47.789105+00:00,1787357506,6715,351 Bridgeport/WhiteRock,15251701,5525,6,-560
2026-08-22T00:11:47.789105+00:00,1787357506,6715,351 Bridgeport/WhiteRock,15251701,10443,7,-557
2026-08-22T00:11:47.789105+00:00,1787357506,6715,351 Bridgeport/WhiteRock,15251701,5528,8,-534
2026-08-22T00:11:47.789105+00:00,1787357506,6715,351 Bridgeport/WhiteRock,15251701,5529,9,-540
2026-08-22T00:11:47.789105+00:00,1787357506,6715,351 Bridgeport/WhiteRock,15251701,5530,10,-537
2026-08-22T00:11:47.789105+00:00,1787357506,6715,351 Bridgeport/WhiteRock,15251701,5533,11,-516
2026-08-22T00:11:47.789105+00:00,1787357506,6715,351 Bridgeport/WhiteRock,15251701,5534,12,-517
2026-08-22T00:11:47.789105+00:00,1787357506,6715,351 Bridgeport/WhiteRock,15251701,5535,13,-473
2026-08-22T00:11:47.789105+00:00,1787357506,6715,351 Bridgeport/WhiteRock,15251701,5536,14,-473
2026-08-22T00:11:47.789105+00:00,1787357506,6715,351 Bridgeport/WhiteRock,15251701,5537,15,-454
2026-08-22T00:11:47.789105+00:00,1787357506,6715,351 Bridgeport/WhiteRock,15251701,5538,16,-448
2026-08-22T00:11:47.789105+00:00,1787357506,6715,351 Bridgeport/WhiteRock,15251701,5541,17,-392
2026-08-22T00:11:47.789105+00:00,1787357506,6715,351 Bridgeport/WhiteRock,15251701,5542,18,-371
2026-08-22T00:11:47.789105+00:00,1787357506,6715,351 Bridgeport/WhiteRock,15251701,6340,19,-326
2026-08-22T00:11:47.789105+00:00,1787357506,6715,351 Bridgeport/WhiteRock,15251701,6341,20,-310
2026-08-22T00:11:47.789105+00:00,1787357506,6715,351 Bridgeport/WhiteRock,15251701,6167,21,-298
2026-08-22T00:11:47.789105+00:00,1787357506,6715,351 Bridgeport/WhiteRock,15251702,11267,1,0
2026-08-22T00:11:47.789105+00:00,1787357506,6715,351 Bridgeport/WhiteRock,15251702,8283,2,-698
2026-08-22T00:11:47.789105+00:00,1787357506,6715,351 Bridgeport/WhiteRock,15251702,4929,3,0
2026-08-22T00:11:47.789105+00:00,1787357506,6715,351 Bridgeport/WhiteRock,15251702,6175,4,-647
2026-08-22T00:11:47.789105+00:00,1787357506,6715,351 Bridgeport/WhiteRock,15251702,5524,5,-598
2026-08-22T00:11:47.789105+00:00,1787357506,6715,351 Bridgeport/WhiteRock,15251702,5525,6,-611
2026-08-22T00:11:47.789105+00:00,1787357506,6715,351 Bridgeport/WhiteRock,15251702,10443,7,-609
2026-08-22T00:11:47.789105+00:00,1787357506,6715,351 Bridgeport/WhiteRock,15251702,5528,8,-589
2026-08-22T00:11:47.789105+00:00,1787357506,6715,351 Bridgeport/WhiteRock,15251702,5529,9,-597
2026-08-22T00:11:47.789105+00:00,1787357506,6715,351 Bridgeport/WhiteRock,15251702,5530,10,-595
2026-08-22T00:11:47.789105+00:00,1787357506,6715,351 Bridgeport/WhiteRock,15251702,5533,11,-577
2026-08-22T00:11:47.789105+00:00,1787357506,6715,351 Bridgeport/WhiteRock,15251702,5534,12,-579
2026-08-22T00:11:47.789105+00:00,1787357506,6715,351 Bridgeport/WhiteRock,15251702,5535,13,-549
2026-08-22T00:11:47.789105+00:00,1787357506,6715,351 Bridgeport/WhiteRock,15251702,5536,14,-548
2026-08-22T00:11:47.789105+00:00,1787357506,6715,351 Bridgeport/WhiteRock,15251702,5537,15,-529
2026-08-22T00:11:47.789105+00:00,1787357506,6715,351 Bridgeport/WhiteRock,15251702,5538,16,-524
2026-08-22T00:11:47.789105+00:00,1787357506,6715,351 Bridgeport/WhiteRock,15251702,5541,17,-476
2026-08-22T00:11:47.789105+00:00,1787357506,6715,351 Bridgeport/WhiteRock,15251702,5542,18,-453
2026-08-22T00:11:47.789105+00:00,1787357506,6715,351 Bridgeport/WhiteRock,15251702,6340,19,-407
2026-08-22T00:11:47.789105+00:00,1787357506,6715,351 Bridgeport/WhiteRock,15251702,6341,20,-393
2026-08-22T00:11:47.789105+00:00,1787357506,6715,351 Bridgeport/WhiteRock,15251702,6167,21,-379
2026-08-22T00:11:47.789105+00:00,1787357506,11692,364 Langley Centre/Scottsdale,15252682,4846,2,408
2026-08-22T00:11:47.789105+00:00,1787357506,11692,364 Langley Centre/Scottsdale,15252682,4918,3,447
2026-08-22T00:11:47.789105+00:00,1787357506,11692,364 Langley Centre/Scottsdale,15252682,4919,4,427
2026-08-22T00:11:47.789105+00:00,1787357506,11692,364 Langley Centre/Scottsdale,15252682,4921,5,360
2026-08-22T00:11:47.789105+00:00,1787357506,11692,364 Langley Centre/Scottsdale,15252682,11121,6,401
2026-08-22T00:11:47.789105+00:00,1787357506,11692,364 Langley Centre/Scottsdale,15252682,11142,7,352
2026-08-22T00:11:47.789105+00:00,1787357506,11692,364 Langley Centre/Scottsdale,15252682,11139,8,322
2026-08-22T00:11:47.789105+00:00,1787357506,11692,364 Langley Centre/Scottsdale,15252682,11156,9,290
2026-08-22T00:11:47.789105+00:00,1787357506,11692,364 Langley Centre/Scottsdale,15252682,5583,10,295
2026-08-22T00:11:47.789105+00:00,1787357506,11692,364 Langley Centre/Scottsdale,15252682,5584,11,252
2026-08-22T00:11:47.789105+00:00,1787357506,11692,364 Langley Centre/Scottsdale,15252682,6464,12,225
2026-08-22T00:11:47.789105+00:00,1787357506,11692,364 Langley Centre/Scottsdale,15252682,6465,13,188
2026-08-22T00:11:47.789105+00:00,1787357506,11692,364 Langley Centre/Scottsdale,15252682,11074,14,225
2026-08-22T00:11:47.789105+00:00,1787357506,11692,364 Langley Centre/Scottsdale,15252682,11153,15,183
2026-08-22T00:11:47.789105+00:00,1787357506,11692,364 Langley Centre/Scottsdale,15252682,11150,16,133
2026-08-22T00:11:47.789105+00:00,1787357506,11692,364 Langley Centre/Scottsdale,15252682,11148,17,102
2026-08-22T00:11:47.789105+00:00,1787357506,11692,364 Langley Centre/Scottsdale,15252682,11124,18,109
2026-08-22T00:11:47.789105+00:00,1787357506,11692,364 Langley Centre/Scottsdale,15252682,11140,19,61
2026-08-22T00:11:47.789105+00:00,1787357506,11692,364 Langley Centre/Scottsdale,15252682,11145,20,43
2026-08-22T00:11:47.789105+00:00,1787357506,11692,364 Langley Centre/Scottsdale,15252682,11076,21,0
2026-08-22T00:11:47.789105+00:00,1787357506,11692,364 Langley Centre/Scottsdale,15252682,12645,22,-231
2026-08-22T00:11:47.789105+00:00,1787357506,11692,364 Langley Centre/Scottsdale,15252682,9525,23,-232
2026-08-22T00:11:47.789105+00:00,1787357506,11692,364 Langley Centre/Scottsdale,15252682,10148,24,-209
2026-08-22T00:11:47.789105+00:00,1787357506,11692,364 Langley Centre/Scottsdale,15252682,10585,25,-232
2026-08-22T00:11:47.789105+00:00,1787357506,11692,364 Langley Centre/Scottsdale,15252682,10250,26,-244
2026-08-22T00:11:47.789105+00:00,1787357506,11692,364 Langley Centre/Scottsdale,15252682,10588,27,-255
2026-08-22T00:11:47.789105+00:00,1787357506,11692,364 Langley Centre/Scottsdale,15252682,10248,28,-194
2026-08-22T00:11:47.789105+00:00,1787357506,11692,364 Langley Centre/Scottsdale,15252682,10726,29,-195
2026-08-22T00:11:47.789105+00:00,1787357506,11692,364 Langley Centre/Scottsdale,15252682,10725,30,-212
2026-08-22T00:11:47.789105+00:00,1787357506,11692,364 Langley Centre/Scottsdale,15252682,10727,31,-234
2026-08-22T00:11:47.789105+00:00,1787357506,11692,364 Langley Centre/Scottsdale,15252682,10251,32,-244
2026-08-22T00:11:47.789105+00:00,1787357506,11692,364 Langley Centre/Scottsdale,15252682,10252,33,-270
2026-08-22T00:11:47.789105+00:00,1787357506,11692,364 Langley Centre/Scottsdale,15252682,10253,34,-281
2026-08-22T00:11:47.789105+00:00,1787357506,11692,364 Langley Centre/Scottsdale,15252682,10255,35,-301
2026-08-22T00:11:47.789105+00:00,1787357506,11692,364 Langley Centre/Scottsdale,15252682,5332,36,-241
2026-08-22T00:11:47.789105+00:00,1787357506,11692,364 Langley Centre/Scottsdale,15252682,12497,37,-273
2026-08-22T00:11:47.789105+00:00,1787357506,11692,364 Langley Centre/Scottsdale,15252682,5334,38,-284
2026-08-22T00:11:47.789105+00:00,1787357506,11692,364 Langley Centre/Scottsdale,15252682,6472,39,-275
2026-08-22T00:11:47.789105+00:00,1787357506,11692,364 Langley Centre/Scottsdale,15252682,6473,40,-280
2026-08-22T00:11:47.789105+00:00,1787357506,11692,364 Langley Centre/Scottsdale,15252682,6474,41,-280
2026-08-22T00:11:47.789105+00:00,1787357506,11692,364 Langley Centre/Scottsdale,15252682,9306,42,-230
2026-08-22T00:11:47.789105+00:00,1787357506,11692,364 Langley Centre/Scottsdale,15252682,11125,43,-246
2026-08-22T00:11:47.789105+00:00,1787357506,11692,364 Langley Centre/Scottsdale,15252682,9294,44,-239
2026-08-22T00:11:47.789105+00:00,1787357506,11692,364 Langley Centre/Scottsdale,15252682,9293,45,-247
2026-08-22T00:11:47.789105+00:00,1787357506,11692,364 Langley Centre/Scottsdale,15252682,11126,46,-238
2026-08-22T00:11:47.789105+00:00,1787357506,11692,364 Langley Centre/Scottsdale,15252682,7094,47,-285
2026-08-22T00:11:47.789105+00:00,1787357506,11692,364 Langley Centre/Scottsdale,15252683,10148,24,-240
2026-08-22T00:11:47.789105+00:00,1787357506,11692,364 Langley Centre/Scottsdale,15252683,10585,25,-267
2026-08-22T00:11:47.789105+00:00,1787357506,11692,364 Langley Centre/Scottsdale,15252683,10250,26,-285
2026-08-22T00:11:47.789105+00:00,1787357506,11692,364 Langley Centre/Scottsdale,15252683,10588,27,-300
2026-08-22T00:11:47.789105+00:00,1787357506,11692,364 Langley Centre/Scottsdale,15252683,10248,28,-247
2026-08-22T00:11:47.789105+00:00,1787357506,11692,364 Langley Centre/Scottsdale,15252683,10726,29,-249
2026-08-22T00:11:47.789105+00:00,1787357506,11692,364 Langley Centre/Scottsdale,15252683,10725,30,-269
2026-08-22T00:11:47.789105+00:00,1787357506,11692,364 Langley Centre/Scottsdale,15252683,10727,31,-296
2026-08-22T00:11:47.789105+00:00,1787357506,11692,364 Langley Centre/Scottsdale,15252683,10251,32,-317
2026-08-22T00:11:47.789105+00:00,1787357506,11692,364 Langley Centre/Scottsdale,15252683,10252,33,-349
2026-08-22T00:11:47.789105+00:00,1787357506,11692,364 Langley Centre/Scottsdale,15252683,10253,34,-372
2026-08-22T00:11:47.789105+00:00,1787357506,11692,364 Langley Centre/Scottsdale,15252683,10255,35,-399
2026-08-22T00:11:47.789105+00:00,1787357506,11692,364 Langley Centre/Scottsdale,15252683,5332,36,-342
2026-08-22T00:11:47.789105+00:00,1787357506,11692,364 Langley Centre/Scottsdale,15252683,12497,37,-381
2026-08-22T00:11:47.789105+00:00,1787357506,11692,364 Langley Centre/Scottsdale,15252683,5334,38,-394
2026-08-22T00:11:47.789105+00:00,1787357506,11692,364 Langley Centre/Scottsdale,15252683,6472,39,-384
2026-08-22T00:11:47.789105+00:00,1787357506,11692,364 Langley Centre/Scottsdale,15252683,6473,40,-391
2026-08-22T00:11:47.789105+00:00,1787357506,11692,364 Langley Centre/Scottsdale,15252683,6474,41,-404
2026-08-22T00:11:47.789105+00:00,1787357506,11692,364 Langley Centre/Scottsdale,15252683,9306,42,-353
2026-08-22T00:11:47.789105+00:00,1787357506,11692,364 Langley Centre/Scottsdale,15252683,11125,43,-365
2026-08-22T00:11:47.789105+00:00,1787357506,11692,364 Langley Centre/Scottsdale,15252683,9294,44,-378
2026-08-22T00:11:47.789105+00:00,1787357506,11692,364 Langley Centre/Scottsdale,15252683,9293,45,-392
2026-08-22T00:11:47.789105+00:00,1787357506,11692,364 Langley Centre/Scottsdale,15252683,11126,46,-385
2026-08-22T00:11:47.789105+00:00,1787357506,11692,364 Langley Centre/Scottsdale,15252683,7094,47,-416
2026-08-22T00:11:47.789105+00:00,1787357506,11692,364 Langley Centre/Scottsdale,15252697,12497,37,-217
2026-08-22T00:11:47.789105+00:00,1787357506,11692,364 Langley Centre/Scottsdale,15252697,5334,38,-230
2026-08-22T00:11:47.789105+00:00,1787357506,11692,364 Langley Centre/Scottsdale,15252697,6472,39,-222
2026-08-22T00:11:47.789105+00:00,1787357506,11692,364 Langley Centre/Scottsdale,15252697,6473,40,-228
2026-08-22T00:11:47.789105+00:00,1787357506,11692,364 Langley Centre/Scottsdale,15252697,6474,41,-240
2026-08-22T00:11:47.789105+00:00,1787357506,11692,364 Langley Centre/Scottsdale,15252697,9306,42,-189
2026-08-22T00:11:47.789105+00:00,1787357506,11692,364 Langley Centre/Scottsdale,15252697,11125,43,-206
2026-08-22T00:11:47.789105+00:00,1787357506,11692,364 Langley Centre/Scottsdale,15252697,9294,44,-197
2026-08-22T00:11:47.789105+00:00,1787357506,11692,364 Langley Centre/Scottsdale,15252697,9293,45,-209
2026-08-22T00:11:47.789105+00:00,1787357506,11692,364 Langley Centre/Scottsdale,15252697,11126,46,-204
2026-08-22T00:11:47.789105+00:00,1787357506,11692,364 Langley Centre/Scottsdale,15252697,7094,47,-235
2026-08-22T00:11:47.789105+00:00,1787357506,11692,364 Langley Centre/Scottsdale,15252700,11153,15,26
2026-08-22T00:11:47.789105+00:00,1787357506,11692,364 Langley Centre/Scottsdale,15252700,11150,16,-22
2026-08-22T00:11:47.789105+00:00,1787357506,11692,364 Langley Centre/Scottsdale,15252700,11148,17,-52
2026-08-22T00:11:47.789105+00:00,1787357506,11692,364 Langley Centre/Scottsdale,15252700,11124,18,-44
2026-08-22T00:11:47.789105+00:00,1787357506,11692,364 Langley Centre/Scottsdale,15252700,11140,19,-91
2026-08-22T00:11:47.789105+00:00,1787357506,11692,364 Langley Centre/Scottsdale,15252700,11145,20,-104
2026-08-22T00:11:47.789105+00:00,1787357506,11692,364 Langley Centre/Scottsdale,15252700,11076,21,0
2026-08-22T00:11:47.789105+00:00,1787357506,11692,364 Langley Centre/Scottsdale,15252700,12645,22,-231
2026-08-22T00:11:47.789105+00:00,1787357506,11692,364 Langley Centre/Scottsdale,15252700,9525,23,-232
2026-08-22T00:11:47.789105+00:00,1787357506,11692,364 Langley Centre/Scottsdale,15252700,10148,24,-209
2026-08-22T00:11:47.789105+00:00,1787357506,11692,364 Langley Centre/Scottsdale,15252700,10585,25,-232
2026-08-22T00:11:47.789105+00:00,1787357506,11692,364 Langley Centre/Scottsdale,15252700,10250,26,-244
2026-08-22T00:11:47.789105+00:00,1787357506,11692,364 Langley Centre/Scottsdale,15252700,10588,27,-254
2026-08-22T00:11:47.789105+00:00,1787357506,11692,364 Langley Centre/Scottsdale,15252700,10248,28,-193
2026-08-22T00:11:47.789105+00:00,1787357506,11692,364 Langley Centre/Scottsdale,15252700,10726,29,-194
2026-08-22T00:11:47.789105+00:00,1787357506,11692,364 Langley Centre/Scottsdale,15252700,10725,30,-211
2026-08-22T00:11:47.789105+00:00,1787357506,11692,364 Langley Centre/Scottsdale,15252700,10727,31,-233
2026-08-22T00:11:47.789105+00:00,1787357506,11692,364 Langley Centre/Scottsdale,15252700,10251,32,-243
2026-08-22T00:11:47.789105+00:00,1787357506,11692,364 Langley Centre/Scottsdale,15252700,10252,33,-269
2026-08-22T00:11:47.789105+00:00,1787357506,11692,364 Langley Centre/Scottsdale,15252700,10253,34,-280
2026-08-22T00:11:47.789105+00:00,1787357506,11692,364 Langley Centre/Scottsdale,15252700,10255,35,-301
2026-08-22T00:11:47.789105+00:00,1787357506,11692,364 Langley Centre/Scottsdale,15252700,5332,36,-240
2026-08-22T00:11:47.789105+00:00,1787357506,11692,364 Langley Centre/Scottsdale,15252700,12497,37,-272
2026-08-22T00:11:47.789105+00:00,1787357506,11692,364 Langley Centre/Scottsdale,15252700,5334,38,-283
2026-08-22T00:11:47.789105+00:00,1787357506,11692,364 Langley Centre/Scottsdale,15252700,6472,39,-274
2026-08-22T00:11:47.789105+00:00,1787357506,11692,364 Langley Centre/Scottsdale,15252700,6473,40,-278
2026-08-22T00:11:47.789105+00:00,1787357506,11692,364 Langley Centre/Scottsdale,15252700,6474,41,-278
2026-08-22T00:11:47.789105+00:00,1787357506,11692,364 Langley Centre/Scottsdale,15252700,9306,42,-227
2026-08-22T00:11:47.789105+00:00,1787357506,11692,364 Langley Centre/Scottsdale,15252700,11125,43,-216
2026-08-22T00:11:47.789105+00:00,1787357506,11692,364 Langley Centre/Scottsdale,15252700,9294,44,-206
2026-08-22T00:11:47.789105+00:00,1787357506,11692,364 Langley Centre/Scottsdale,15252700,9293,45,-218
2026-08-22T00:11:47.789105+00:00,1787357506,11692,364 Langley Centre/Scottsdale,15252700,11126,46,-208
2026-08-22T00:11:47.789105+00:00,1787357506,11692,364 Langley Centre/Scottsdale,15252700,7094,47,-220
2026-08-22T00:11:47.789105+00:00,1787357506,11692,364 Langley Centre/Scottsdale,15252714,9291,4,-172
2026-08-22T00:11:47.789105+00:00,1787357506,11692,364 Langley Centre/Scottsdale,15252714,9292,5,-187
2026-08-22T00:11:47.789105+00:00,1787357506,11692,364 Langley Centre/Scottsdale,15252714,11264,6,-192
2026-08-22T00:11:47.789105+00:00,1787357506,11692,364 Langley Centre/Scottsdale,15252714,9303,7,-191
2026-08-22T00:11:47.789105+00:00,1787357506,11692,364 Langley Centre/Scottsdale,15252714,9304,8,-207
2026-08-22T00:11:47.789105+00:00,1787357506,11692,364 Langley Centre/Scottsdale,15252714,6475,9,-175
2026-08-22T00:11:47.789105+00:00,1787357506,11692,364 Langley Centre/Scottsdale,15252714,6476,10,-210
2026-08-22T00:11:47.789105+00:00,1787357506,11692,364 Langley Centre/Scottsdale,15252714,5381,11,-232
2026-08-22T00:11:47.789105+00:00,1787357506,11692,364 Langley Centre/Scottsdale,15252714,12496,12,-246
2026-08-22T00:11:47.789105+00:00,1787357506,11692,364 Langley Centre/Scottsdale,15252714,5382,13,-275
2026-08-22T00:11:47.789105+00:00,1787357506,11692,364 Langley Centre/Scottsdale,15252714,12516,14,-118
2026-08-22T00:11:47.789105+00:00,1787357506,11692,364 Langley Centre/Scottsdale,15252714,10257,15,-169
2026-08-22T00:11:47.789105+00:00,1787357506,11692,364 Langley Centre/Scottsdale,15252714,10258,16,-187
2026-08-22T00:11:47.789105+00:00,1787357506,11692,364 Langley Centre/Scottsdale,15252714,10259,17,-244
2026-08-22T00:11:47.789105+00:00,1787357506,11692,364 Langley Centre/Scottsdale,15252714,10260,18,0
2026-08-22T00:11:47.789105+00:00,1787357506,11692,364 Langley Centre/Scottsdale,15252714,10729,19,-55
2026-08-22T00:11:47.789105+00:00,1787357506,11692,364 Langley Centre/Scottsdale,15252714,13067,20,-80
2026-08-22T00:11:47.789105+00:00,1787357506,11692,364 Langley Centre/Scottsdale,15252714,10633,21,-103
2026-08-22T00:11:47.789105+00:00,1787357506,11692,364 Langley Centre/Scottsdale,15252714,10149,22,-8
2026-08-22T00:11:47.789105+00:00,1787357506,11692,364 Langley Centre/Scottsdale,15252714,10587,23,-30
2026-08-22T00:11:47.789105+00:00,1787357506,11692,364 Langley Centre/Scottsdale,15252714,10261,24,-73
2026-08-22T00:11:47.789105+00:00,1787357506,11692,364 Langley Centre/Scottsdale,15252714,10586,25,-114
2026-08-22T00:11:47.789105+00:00,1787357506,11692,364 Langley Centre/Scottsdale,15252714,9547,26,-85
2026-08-22T00:11:47.789105+00:00,1787357506,11692,364 Langley Centre/Scottsdale,15252714,9526,27,-122
2026-08-22T00:11:47.789105+00:00,1787357506,11692,364 Langley Centre/Scottsdale,15252714,12646,28,-139
2026-08-22T00:11:47.789105+00:00,1787357506,11692,364 Langley Centre/Scottsdale,15252714,11075,29,-182
2026-08-22T00:11:47.789105+00:00,1787357506,11692,364 Langley Centre/Scottsdale,15252714,11174,30,-213
2026-08-22T00:11:47.789105+00:00,1787357506,11692,364 Langley Centre/Scottsdale,15252714,11175,31,-249
2026-08-22T00:11:47.789105+00:00,1787357506,11692,364 Langley Centre/Scottsdale,15252714,11123,32,-203
2026-08-22T00:11:47.789105+00:00,1787357506,11692,364 Langley Centre/Scottsdale,15252714,11176,33,-211
2026-08-22T00:11:47.789105+00:00,1787357506,11692,364 Langley Centre/Scottsdale,15252714,11177,34,-243
2026-08-22T00:11:47.789105+00:00,1787357506,11692,364 Langley Centre/Scottsdale,15252714,11178,35,-275
2026-08-22T00:11:47.789105+00:00,1787357506,11692,364 Langley Centre/Scottsdale,15252714,6459,36,-188
2026-08-22T00:11:47.789105+00:00,1787357506,11692,364 Langley Centre/Scottsdale,15252714,6460,37,-199
2026-08-22T00:11:47.789105+00:00,1787357506,11692,364 Langley Centre/Scottsdale,15252714,5621,38,-201
2026-08-22T00:11:47.789105+00:00,1787357506,11692,364 Langley Centre/Scottsdale,15252714,5622,39,-229
2026-08-22T00:11:47.789105+00:00,1787357506,11692,364 Langley Centre/Scottsdale,15252714,11122,40,-218
2026-08-22T00:11:47.789105+00:00,1787357506,11692,364 Langley Centre/Scottsdale,15252714,11155,41,-235
2026-08-22T00:11:47.789105+00:00,1787357506,11692,364 Langley Centre/Scottsdale,15252714,11143,42,-249
2026-08-22T00:11:47.789105+00:00,1787357506,11692,364 Langley Centre/Scottsdale,15252714,11141,43,-285
2026-08-22T00:11:47.789105+00:00,1787357506,11692,364 Langley Centre/Scottsdale,15252714,4936,44,-281
2026-08-22T00:11:47.789105+00:00,1787357506,11692,364 Langley Centre/Scottsdale,15252714,4937,45,-307
2026-08-22T00:11:47.789105+00:00,1787357506,11692,364 Langley Centre/Scottsdale,15252714,4938,46,-336
2026-08-22T00:11:47.789105+00:00,1787357506,11692,364 Langley Centre/Scottsdale,15252714,5229,47,-344
2026-08-22T00:11:47.789105+00:00,1787357506,11692,364 Langley Centre/Scottsdale,15252714,4917,48,-299
2026-08-22T00:11:47.789105+00:00,1787357506,11692,364 Langley Centre/Scottsdale,15252715,10587,23,154
2026-08-22T00:11:47.789105+00:00,1787357506,11692,364 Langley Centre/Scottsdale,15252715,10261,24,113
2026-08-22T00:11:47.789105+00:00,1787357506,11692,364 Langley Centre/Scottsdale,15252715,10586,25,72
2026-08-22T00:11:47.789105+00:00,1787357506,11692,364 Langley Centre/Scottsdale,15252715,9547,26,101
2026-08-22T00:11:47.789105+00:00,1787357506,11692,364 Langley Centre/Scottsdale,15252715,9526,27,67
2026-08-22T00:11:47.789105+00:00,1787357506,11692,364 Langley Centre/Scottsdale,15252715,12646,28,51
2026-08-22T00:11:47.789105+00:00,1787357506,11692,364 Langley Centre/Scottsdale,15252715,11075,29,8
2026-08-22T00:11:47.789105+00:00,1787357506,11692,364 Langley Centre/Scottsdale,15252715,11174,30,-25
2026-08-22T00:11:47.789105+00:00,1787357506,11692,364 Langley Centre/Scottsdale,15252715,11175,31,-61
2026-08-22T00:11:47.789105+00:00,1787357506,11692,364 Langley Centre/Scottsdale,15252715,11123,32,-15
2026-08-22T00:11:47.789105+00:00,1787357506,11692,364 Langley Centre/Scottsdale,15252715,11176,33,-19
2026-08-22T00:11:47.789105+00:00,1787357506,11692,364 Langley Centre/Scottsdale,15252715,11177,34,-52
2026-08-22T00:11:47.789105+00:00,1787357506,11692,364 Langley Centre/Scottsdale,15252715,11178,35,-85
2026-08-22T00:11:47.789105+00:00,1787357506,11692,364 Langley Centre/Scottsdale,15252715,6459,36,1
2026-08-22T00:11:47.789105+00:00,1787357506,11692,364 Langley Centre/Scottsdale,15252715,6460,37,-13
2026-08-22T00:11:47.789105+00:00,1787357506,11692,364 Langley Centre/Scottsdale,15252715,5621,38,-14
2026-08-22T00:11:47.789105+00:00,1787357506,11692,364 Langley Centre/Scottsdale,15252715,5622,39,-42
2026-08-22T00:11:47.789105+00:00,1787357506,11692,364 Langley Centre/Scottsdale,15252715,11122,40,-11
2026-08-22T00:11:47.789105+00:00,1787357506,11692,364 Langley Centre/Scottsdale,15252715,11155,41,-30
2026-08-22T00:11:47.789105+00:00,1787357506,11692,364 Langley Centre/Scottsdale,15252715,11143,42,-42
2026-08-22T00:11:47.789105+00:00,1787357506,11692,364 Langley Centre/Scottsdale,15252715,11141,43,-79
2026-08-22T00:11:47.789105+00:00,1787357506,11692,364 Langley Centre/Scottsdale,15252715,4936,44,-73
2026-08-22T00:11:47.789105+00:00,1787357506,11692,364 Langley Centre/Scottsdale,15252715,4937,45,-99
2026-08-22T00:11:47.789105+00:00,1787357506,11692,364 Langley Centre/Scottsdale,15252715,4938,46,-127
2026-08-22T00:11:47.789105+00:00,1787357506,11692,364 Langley Centre/Scottsdale,15252715,5229,47,-129
2026-08-22T00:11:47.789105+00:00,1787357506,11692,364 Langley Centre/Scottsdale,15252715,4917,48,-72
2026-08-22T00:11:47.789105+00:00,1787357506,11692,364 Langley Centre/Scottsdale,15252736,4936,44,-178
2026-08-22T00:11:47.789105+00:00,1787357506,11692,364 Langley Centre/Scottsdale,15252736,4937,45,-206
2026-08-22T00:11:47.789105+00:00,1787357506,11692,364 Langley Centre/Scottsdale,15252736,4938,46,-237
2026-08-22T00:11:47.789105+00:00,1787357506,11692,364 Langley Centre/Scottsdale,15252736,5229,47,-240
2026-08-22T00:11:47.789105+00:00,1787357506,11692,364 Langley Centre/Scottsdale,15252736,4917,48,-187
2026-08-22T00:11:47.789105+00:00,1787357506,11692,364 Langley Centre/Scottsdale,15252751,11177,34,-308
2026-08-22T00:11:47.789105+00:00,1787357506,11692,364 Langley Centre/Scottsdale,15252751,11178,35,-345
2026-08-22T00:11:47.789105+00:00,1787357506,11692,364 Langley Centre/Scottsdale,15252751,6459,36,-262
2026-08-22T00:11:47.789105+00:00,1787357506,11692,364 Langley Centre/Scottsdale,15252751,6460,37,-278
2026-08-22T00:11:47.789105+00:00,1787357506,11692,364 Langley Centre/Scottsdale,15252751,5621,38,-282
2026-08-22T00:11:47.789105+00:00,1787357506,11692,364 Langley Centre/Scottsdale,15252751,5622,39,-314
2026-08-22T00:11:47.789105+00:00,1787357506,11692,364 Langley Centre/Scottsdale,15252751,11122,40,-287
2026-08-22T00:11:47.789105+00:00,1787357506,11692,364 Langley Centre/Scottsdale,15252751,11155,41,-310
2026-08-22T00:11:47.789105+00:00,1787357506,11692,364 Langley Centre/Scottsdale,15252751,11143,42,-326
2026-08-22T00:11:47.789105+00:00,1787357506,11692,364 Langley Centre/Scottsdale,15252751,11141,43,-365
2026-08-22T00:11:47.789105+00:00,1787357506,11692,364 Langley Centre/Scottsdale,15252751,4936,44,-360
2026-08-22T00:11:47.789105+00:00,1787357506,11692,364 Langley Centre/Scottsdale,15252751,4937,45,-386
2026-08-22T00:11:47.789105+00:00,1787357506,11692,364 Langley Centre/Scottsdale,15252751,4938,46,-414
2026-08-22T00:11:47.789105+00:00,1787357506,11692,364 Langley Centre/Scottsdale,15252751,5229,47,-417
2026-08-22T00:11:47.789105+00:00,1787357506,11692,364 Langley Centre/Scottsdale,15252751,4917,48,-362
2026-08-22T00:11:47.789105+00:00,1787357506,11692,364 Langley Centre/Scottsdale,15252752,12516,14,108
2026-08-22T00:11:47.789105+00:00,1787357506,11692,364 Langley Centre/Scottsdale,15252752,10257,15,54
2026-08-22T00:11:47.789105+00:00,1787357506,11692,364 Langley Centre/Scottsdale,15252752,10258,16,32
2026-08-22T00:11:47.789105+00:00,1787357506,11692,364 Langley Centre/Scottsdale,15252752,10259,17,-29
2026-08-22T00:11:47.789105+00:00,1787357506,11692,364 Langley Centre/Scottsdale,15252752,10260,18,0
2026-08-22T00:11:47.789105+00:00,1787357506,11692,364 Langley Centre/Scottsdale,15252752,10729,19,-55
2026-08-22T00:11:47.789105+00:00,1787357506,11692,364 Langley Centre/Scottsdale,15252752,13067,20,-80
2026-08-22T00:11:47.789105+00:00,1787357506,11692,364 Langley Centre/Scottsdale,15252752,10633,21,-104
2026-08-22T00:11:47.789105+00:00,1787357506,11692,364 Langley Centre/Scottsdale,15252752,10149,22,-9
2026-08-22T00:11:47.789105+00:00,1787357506,11692,364 Langley Centre/Scottsdale,15252752,10587,23,-33
2026-08-22T00:11:47.789105+00:00,1787357506,11692,364 Langley Centre/Scottsdale,15252752,10261,24,-74
2026-08-22T00:11:47.789105+00:00,1787357506,11692,364 Langley Centre/Scottsdale,15252752,10586,25,-115
2026-08-22T00:11:47.789105+00:00,1787357506,11692,364 Langley Centre/Scottsdale,15252752,9547,26,-86
2026-08-22T00:11:47.789105+00:00,1787357506,11692,364 Langley Centre/Scottsdale,15252752,9526,27,-120
2026-08-22T00:11:47.789105+00:00,1787357506,11692,364 Langley Centre/Scottsdale,15252752,12646,28,-137
2026-08-22T00:11:47.789105+00:00,1787357506,11692,364 Langley Centre/Scottsdale,15252752,11075,29,-180
2026-08-22T00:11:47.789105+00:00,1787357506,11692,364 Langley Centre/Scottsdale,15252752,11174,30,-212
2026-08-22T00:11:47.789105+00:00,1787357506,11692,364 Langley Centre/Scottsdale,15252752,11175,31,-247
2026-08-22T00:11:47.789105+00:00,1787357506,11692,364 Langley Centre/Scottsdale,15252752,11123,32,-202
2026-08-22T00:11:47.789105+00:00,1787357506,11692,364 Langley Centre/Scottsdale,15252752,11176,33,-207
2026-08-22T00:11:47.789105+00:00,1787357506,11692,364 Langley Centre/Scottsdale,15252752,11177,34,-239
2026-08-22T00:11:47.789105+00:00,1787357506,11692,364 Langley Centre/Scottsdale,15252752,11178,35,-272
2026-08-22T00:11:47.789105+00:00,1787357506,11692,364 Langley Centre/Scottsdale,15252752,6459,36,-186
2026-08-22T00:11:47.789105+00:00,1787357506,11692,364 Langley Centre/Scottsdale,15252752,6460,37,-200
2026-08-22T00:11:47.789105+00:00,1787357506,11692,364 Langley Centre/Scottsdale,15252752,5621,38,-201
2026-08-22T00:11:47.789105+00:00,1787357506,11692,364 Langley Centre/Scottsdale,15252752,5622,39,-229
2026-08-22T00:11:47.789105+00:00,1787357506,11692,364 Langley Centre/Scottsdale,15252752,11122,40,-198
2026-08-22T00:11:47.789105+00:00,1787357506,11692,364 Langley Centre/Scottsdale,15252752,11155,41,-217
2026-08-22T00:11:47.789105+00:00,1787357506,11692,364 Langley Centre/Scottsdale,15252752,11143,42,-230
2026-08-22T00:11:47.789105+00:00,1787357506,11692,364 Langley Centre/Scottsdale,15252752,11141,43,-267
2026-08-22T00:11:47.789105+00:00,1787357506,11692,364 Langley Centre/Scottsdale,15252752,4936,44,-260
2026-08-22T00:11:47.789105+00:00,1787357506,11692,364 Langley Centre/Scottsdale,15252752,4937,45,-286
2026-08-22T00:11:47.789105+00:00,1787357506,11692,364 Langley Centre/Scottsdale,15252752,4938,46,-313
2026-08-22T00:11:47.789105+00:00,1787357506,11692,364 Langley Centre/Scottsdale,15252752,5229,47,-314
2026-08-22T00:11:47.789105+00:00,1787357506,11692,364 Langley Centre/Scottsdale,15252752,4917,48,-256
2026-08-22T00:11:47.789105+00:00,1787357506,18705,531 WhiteRock/WillowBrook,15259154,9291,47,125
2026-08-22T00:11:47.789105+00:00,1787357506,18705,531 WhiteRock/WillowBrook,15259154,9292,48,119
2026-08-22T00:11:47.789105+00:00,1787357506,18705,531 WhiteRock/WillowBrook,15259154,11264,49,150
2026-08-22T00:11:47.789105+00:00,1787357506,18705,531 WhiteRock/WillowBrook,15259154,9303,50,157
2026-08-22T00:11:47.789105+00:00,1787357506,18705,531 WhiteRock/WillowBrook,15259154,9304,51,153
2026-08-22T00:11:47.789105+00:00,1787357506,18705,531 WhiteRock/WillowBrook,15259154,6475,52,203
2026-08-22T00:11:47.789105+00:00,1787357506,18705,531 WhiteRock/WillowBrook,15259154,6476,53,190
2026-08-22T00:11:47.789105+00:00,1787357506,18705,531 WhiteRock/WillowBrook,15259154,5335,54,197
2026-08-22T00:11:47.789105+00:00,1787357506,18705,531 WhiteRock/WillowBrook,15259154,7100,55,235
2026-08-22T00:11:47.789105+00:00,1787357506,18705,531 WhiteRock/WillowBrook,15259155,7085,39,-137
2026-08-22T00:11:47.789105+00:00,1787357506,18705,531 WhiteRock/WillowBrook,15259155,8939,40,-151
2026-08-22T00:11:47.789105+00:00,1787357506,18705,531 WhiteRock/WillowBrook,15259155,7086,41,-163
2026-08-22T00:11:47.789105+00:00,1787357506,18705,531 WhiteRock/WillowBrook,15259155,8940,42,-190
2026-08-22T00:11:47.789105+00:00,1787357506,18705,531 WhiteRock/WillowBrook,15259155,5341,43,-206
2026-08-22T00:11:47.789105+00:00,1787357506,18705,531 WhiteRock/WillowBrook,15259155,5342,44,-207
2026-08-22T00:11:47.789105+00:00,1787357506,18705,531 WhiteRock/WillowBrook,15259155,12293,45,-200
2026-08-22T00:11:47.789105+00:00,1787357506,18705,531 WhiteRock/WillowBrook,15259155,12173,46,-134
2026-08-22T00:11:47.789105+00:00,1787357506,18705,531 WhiteRock/WillowBrook,15259155,9291,47,-160
2026-08-22T00:11:47.789105+00:00,1787357506,18705,531 WhiteRock/WillowBrook,15259155,9292,48,-165
2026-08-22T00:11:47.789105+00:00,1787357506,18705,531 WhiteRock/WillowBrook,15259155,11264,49,-134
2026-08-22T00:11:47.789105+00:00,1787357506,18705,531 WhiteRock/WillowBrook,15259155,9303,50,-136
2026-08-22T00:11:47.789105+00:00,1787357506,18705,531 WhiteRock/WillowBrook,15259155,9304,51,-141
2026-08-22T00:11:47.789105+00:00,1787357506,18705,531 WhiteRock/WillowBrook,15259155,6475,52,-89
2026-08-22T00:11:47.789105+00:00,1787357506,18705,531 WhiteRock/WillowBrook,15259155,6476,53,-100
2026-08-22T00:11:47.789105+00:00,1787357506,18705,531 WhiteRock/WillowBrook,15259155,5335,54,-92
2026-08-22T00:11:47.789105+00:00,1787357506,18705,531 WhiteRock/WillowBrook,15259155,7100,55,-53
2026-08-22T00:11:47.789105+00:00,1787357506,18705,531 WhiteRock/WillowBrook,15259176,11924,17,186
2026-08-22T00:11:47.789105+00:00,1787357506,18705,531 WhiteRock/WillowBrook,15259176,13131,18,147
2026-08-22T00:11:47.789105+00:00,1787357506,18705,531 WhiteRock/WillowBrook,15259176,11923,19,119
2026-08-22T00:11:47.789105+00:00,1787357506,18705,531 WhiteRock/WillowBrook,15259176,12597,20,48
2026-08-22T00:11:47.789105+00:00,1787357506,18705,531 WhiteRock/WillowBrook,15259176,11922,21,30
2026-08-22T00:11:47.789105+00:00,1787357506,18705,531 WhiteRock/WillowBrook,15259176,11744,22,43
2026-08-22T00:11:47.789105+00:00,1787357506,18705,531 WhiteRock/WillowBrook,15259176,11746,23,26
2026-08-22T00:11:47.789105+00:00,1787357506,18705,531 WhiteRock/WillowBrook,15259176,11839,24,30
2026-08-22T00:11:47.789105+00:00,1787357506,18705,531 WhiteRock/WillowBrook,15259176,12922,25,16
2026-08-22T00:11:47.789105+00:00,1787357506,18705,531 WhiteRock/WillowBrook,15259176,12923,26,-19
2026-08-22T00:11:47.789105+00:00,1787357506,18705,531 WhiteRock/WillowBrook,15259176,12925,27,-17
2026-08-22T00:11:47.789105+00:00,1787357506,18705,531 WhiteRock/WillowBrook,15259176,12928,28,-40
2026-08-22T00:11:47.789105+00:00,1787357506,18705,531 WhiteRock/WillowBrook,15259176,12930,29,-57
2026-08-22T00:11:47.789105+00:00,1787357506,18705,531 WhiteRock/WillowBrook,15259176,13042,30,-72
2026-08-22T00:11:47.789105+00:00,1787357506,18705,531 WhiteRock/WillowBrook,15259176,8936,31,-62
2026-08-22T00:11:47.789105+00:00,1787357506,18705,531 WhiteRock/WillowBrook,15259176,9030,32,-73
2026-08-22T00:11:47.789105+00:00,1787357506,18705,531 WhiteRock/WillowBrook,15259176,8937,33,-94
2026-08-22T00:11:47.789105+00:00,1787357506,18705,531 WhiteRock/WillowBrook,15259176,8938,34,-95
2026-08-22T00:11:47.789105+00:00,1787357506,18705,531 WhiteRock/WillowBrook,15259176,7081,35,-95
2026-08-22T00:11:47.789105+00:00,1787357506,18705,531 WhiteRock/WillowBrook,15259176,7082,36,-101
2026-08-22T00:11:47.789105+00:00,1787357506,18705,531 WhiteRock/WillowBrook,15259176,7083,37,-129
2026-08-22T00:11:47.789105+00:00,1787357506,18705,531 WhiteRock/WillowBrook,15259176,7084,38,-148
2026-08-22T00:11:47.789105+00:00,1787357506,18705,531 WhiteRock/WillowBrook,15259176,7085,39,-184
2026-08-22T00:11:47.789105+00:00,1787357506,18705,531 WhiteRock/WillowBrook,15259176,8939,40,-198
2026-08-22T00:11:47.789105+00:00,1787357506,18705,531 WhiteRock/WillowBrook,15259176,7086,41,-210
2026-08-22T00:11:47.789105+00:00,1787357506,18705,531 WhiteRock/WillowBrook,15259176,8940,42,-237
2026-08-22T00:11:47.789105+00:00,1787357506,18705,531 WhiteRock/WillowBrook,15259176,5341,43,-255
2026-08-22T00:11:47.789105+00:00,1787357506,18705,531 WhiteRock/WillowBrook,15259176,5342,44,-257
2026-08-22T00:11:47.789105+00:00,1787357506,18705,531 WhiteRock/WillowBrook,15259176,12293,45,-249
2026-08-22T00:11:47.789105+00:00,1787357506,18705,531 WhiteRock/WillowBrook,15259176,12173,46,-181
2026-08-22T00:11:47.789105+00:00,1787357506,18705,531 WhiteRock/WillowBrook,15259176,9291,47,-207
2026-08-22T00:11:47.789105+00:00,1787357506,18705,531 WhiteRock/WillowBrook,15259176,9292,48,-212
2026-08-22T00:11:47.789105+00:00,1787357506,18705,531 WhiteRock/WillowBrook,15259176,11264,49,-176
2026-08-22T00:11:47.789105+00:00,1787357506,18705,531 WhiteRock/WillowBrook,15259176,9303,50,-150
2026-08-22T00:11:47.789105+00:00,1787357506,18705,531 WhiteRock/WillowBrook,15259176,9304,51,-154
2026-08-22T00:11:47.789105+00:00,1787357506,18705,531 WhiteRock/WillowBrook,15259176,6475,52,-109
2026-08-22T00:11:47.789105+00:00,1787357506,18705,531 WhiteRock/WillowBrook,15259176,6476,53,-119
2026-08-22T00:11:47.789105+00:00,1787357506,18705,531 WhiteRock/WillowBrook,15259176,5335,54,-109
2026-08-22T00:11:47.789105+00:00,1787357506,18705,531 WhiteRock/WillowBrook,15259176,7100,55,-64
2026-08-22T00:11:47.789105+00:00,1787357506,18705,531 WhiteRock/WillowBrook,15259178,5440,5,62
2026-08-22T00:11:47.789105+00:00,1787357506,18705,531 WhiteRock/WillowBrook,15259178,11755,6,109
2026-08-22T00:11:47.789105+00:00,1787357506,18705,531 WhiteRock/WillowBrook,15259178,11734,7,102
2026-08-22T00:11:47.789105+00:00,1787357506,18705,531 WhiteRock/WillowBrook,15259178,10856,8,99
2026-08-22T00:11:47.789105+00:00,1787357506,18705,531 WhiteRock/WillowBrook,15259178,11583,9,87
2026-08-22T00:11:47.789105+00:00,1787357506,18705,531 WhiteRock/WillowBrook,15259178,11574,10,88
2026-08-22T00:11:47.789105+00:00,1787357506,18705,531 WhiteRock/WillowBrook,15259178,11736,11,129
2026-08-22T00:11:47.789105+00:00,1787357506,18705,531 WhiteRock/WillowBrook,15259178,12379,12,127
2026-08-22T00:11:47.789105+00:00,1787357506,18705,531 WhiteRock/WillowBrook,15259178,11738,13,105
2026-08-22T00:11:47.789105+00:00,1787357506,18705,531 WhiteRock/WillowBrook,15259178,11743,14,83
2026-08-22T00:11:47.789105+00:00,1787357506,18705,531 WhiteRock/WillowBrook,15259178,12306,15,24
2026-08-22T00:11:47.789105+00:00,1787357506,18705,531 WhiteRock/WillowBrook,15259178,12218,16,-25
2026-08-22T00:11:47.789105+00:00,1787357506,18705,531 WhiteRock/WillowBrook,15259178,11924,17,-91
2026-08-22T00:11:47.789105+00:00,1787357506,18705,531 WhiteRock/WillowBrook,15259178,13131,18,-127
2026-08-22T00:11:47.789105+00:00,1787357506,18705,531 WhiteRock/WillowBrook,15259178,11923,19,-152
2026-08-22T00:11:47.789105+00:00,1787357506,18705,531 WhiteRock/WillowBrook,15259178,12597,20,-215
2026-08-22T00:11:47.789105+00:00,1787357506,18705,531 WhiteRock/WillowBrook,15259178,11922,21,-229
2026-08-22T00:11:47.789105+00:00,1787357506,18705,531 WhiteRock/WillowBrook,15259178,11744,22,-213
2026-08-22T00:11:47.789105+00:00,1787357506,18705,531 WhiteRock/WillowBrook,15259178,11746,23,-231
2026-08-22T00:11:47.789105+00:00,1787357506,18705,531 WhiteRock/WillowBrook,15259178,11839,24,-227
2026-08-22T00:11:47.789105+00:00,1787357506,18705,531 WhiteRock/WillowBrook,15259178,12922,25,-235
2026-08-22T00:11:47.789105+00:00,1787357506,18705,531 WhiteRock/WillowBrook,15259178,12923,26,-261
2026-08-22T00:11:47.789105+00:00,1787357506,18705,531 WhiteRock/WillowBrook,15259178,12925,27,-266
2026-08-22T00:11:47.789105+00:00,1787357506,18705,531 WhiteRock/WillowBrook,15259178,12928,28,-285
2026-08-22T00:11:47.789105+00:00,1787357506,18705,531 WhiteRock/WillowBrook,15259178,12930,29,-299
2026-08-22T00:11:47.789105+00:00,1787357506,18705,531 WhiteRock/WillowBrook,15259178,13042,30,-311
2026-08-22T00:11:47.789105+00:00,1787357506,18705,531 WhiteRock/WillowBrook,15259178,8936,31,-296
2026-08-22T00:11:47.789105+00:00,1787357506,18705,531 WhiteRock/WillowBrook,15259178,9030,32,-305
2026-08-22T00:11:47.789105+00:00,1787357506,18705,531 WhiteRock/WillowBrook,15259178,8937,33,-324
2026-08-22T00:11:47.789105+00:00,1787357506,18705,531 WhiteRock/WillowBrook,15259178,8938,34,-320
2026-08-22T00:11:47.789105+00:00,1787357506,18705,531 WhiteRock/WillowBrook,15259178,7081,35,-319
2026-08-22T00:11:47.789105+00:00,1787357506,18705,531 WhiteRock/WillowBrook,15259178,7082,36,-325
2026-08-22T00:11:47.789105+00:00,1787357506,18705,531 WhiteRock/WillowBrook,15259178,7083,37,-348
2026-08-22T00:11:47.789105+00:00,1787357506,18705,531 WhiteRock/WillowBrook,15259178,7084,38,-365
2026-08-22T00:11:47.789105+00:00,1787357506,18705,531 WhiteRock/WillowBrook,15259178,7085,39,-397
2026-08-22T00:11:47.789105+00:00,1787357506,18705,531 WhiteRock/WillowBrook,15259178,8939,40,-408
2026-08-22T00:11:47.789105+00:00,1787357506,18705,531 WhiteRock/WillowBrook,15259178,7086,41,-417
2026-08-22T00:11:47.789105+00:00,1787357506,18705,531 WhiteRock/WillowBrook,15259178,8940,42,-437
2026-08-22T00:11:47.789105+00:00,1787357506,18705,531 WhiteRock/WillowBrook,15259178,5341,43,-443
2026-08-22T00:11:47.789105+00:00,1787357506,18705,531 WhiteRock/WillowBrook,15259178,5342,44,-442
2026-08-22T00:11:47.789105+00:00,1787357506,18705,531 WhiteRock/WillowBrook,15259178,12293,45,-432
2026-08-22T00:11:47.789105+00:00,1787357506,18705,531 WhiteRock/WillowBrook,15259178,12173,46,-358
2026-08-22T00:11:47.789105+00:00,1787357506,18705,531 WhiteRock/WillowBrook,15259178,9291,47,-373
2026-08-22T00:11:47.789105+00:00,1787357506,18705,531 WhiteRock/WillowBrook,15259178,9292,48,-374
2026-08-22T00:11:47.789105+00:00,1787357506,18705,531 WhiteRock/WillowBrook,15259178,11264,49,-342
2026-08-22T00:11:47.789105+00:00,1787357506,18705,531 WhiteRock/WillowBrook,15259178,9303,50,-340
2026-08-22T00:11:47.789105+00:00,1787357506,18705,531 WhiteRock/WillowBrook,15259178,9304,51,-344
2026-08-22T00:11:47.789105+00:00,1787357506,18705,531 WhiteRock/WillowBrook,15259178,6475,52,-299
2026-08-22T00:11:47.789105+00:00,1787357506,18705,531 WhiteRock/WillowBrook,15259178,6476,53,-306
2026-08-22T00:11:47.789105+00:00,1787357506,18705,531 WhiteRock/WillowBrook,15259178,5335,54,-291
2026-08-22T00:11:47.789105+00:00,1787357506,18705,531 WhiteRock/WillowBrook,15259178,7100,55,-251
2026-08-22T00:11:47.789105+00:00,1787357506,18705,531 WhiteRock/WillowBrook,15259208,11741,40,-233
2026-08-22T00:11:47.789105+00:00,1787357506,18705,531 WhiteRock/WillowBrook,15259208,11740,41,-253
2026-08-22T00:11:47.789105+00:00,1787357506,18705,531 WhiteRock/WillowBrook,15259208,11739,42,-201
2026-08-22T00:11:47.789105+00:00,1787357506,18705,531 WhiteRock/WillowBrook,15259208,11737,43,-157
2026-08-22T00:11:47.789105+00:00,1787357506,18705,531 WhiteRock/WillowBrook,15259208,11757,44,-192
2026-08-22T00:11:47.789105+00:00,1787357506,18705,531 WhiteRock/WillowBrook,15259208,11735,45,-153
2026-08-22T00:11:47.789105+00:00,1787357506,18705,531 WhiteRock/WillowBrook,15259208,11756,46,-146
2026-08-22T00:11:47.789105+00:00,1787357506,18705,531 WhiteRock/WillowBrook,15259208,5535,47,-116
2026-08-22T00:11:47.789105+00:00,1787357506,18705,531 WhiteRock/WillowBrook,15259208,5536,48,-143
2026-08-22T00:11:47.789105+00:00,1787357506,18705,531 WhiteRock/WillowBrook,15259208,5537,49,-134
2026-08-22T00:11:47.789105+00:00,1787357506,18705,531 WhiteRock/WillowBrook,15259208,5538,50,-140
2026-08-22T00:11:47.789105+00:00,1787357506,18705,531 WhiteRock/WillowBrook,15259208,5539,51,-142
2026-08-22T00:11:47.789105+00:00,1787357506,18705,531 WhiteRock/WillowBrook,15259208,5540,52,-136
2026-08-22T00:11:47.789105+00:00,1787357506,18705,531 WhiteRock/WillowBrook,15259209,7177,21,77
2026-08-22T00:11:47.789105+00:00,1787357506,18705,531 WhiteRock/WillowBrook,15259209,8948,22,49
2026-08-22T00:11:47.789105+00:00,1787357506,18705,531 WhiteRock/WillowBrook,15259209,9031,23,28
2026-08-22T00:11:47.789105+00:00,1787357506,18705,531 WhiteRock/WillowBrook,15259209,12931,24,27
2026-08-22T00:11:47.789105+00:00,1787357506,18705,531 WhiteRock/WillowBrook,15259209,13041,25,-8
2026-08-22T00:11:47.789105+00:00,1787357506,18705,531 WhiteRock/WillowBrook,15259209,12929,26,-27
2026-08-22T00:11:47.789105+00:00,1787357506,18705,531 WhiteRock/WillowBrook,15259209,12927,27,-58
2026-08-22T00:11:47.789105+00:00,1787357506,18705,531 WhiteRock/WillowBrook,15259209,12926,28,-64
2026-08-22T00:11:47.789105+00:00,1787357506,18705,531 WhiteRock/WillowBrook,15259209,12924,29,-80
2026-08-22T00:11:47.789105+00:00,1787357506,18705,531 WhiteRock/WillowBrook,15259209,11751,30,-77
2026-08-22T00:11:47.789105+00:00,1787357506,18705,531 WhiteRock/WillowBrook,15259209,11750,31,-119
2026-08-22T00:11:47.789105+00:00,1787357506,18705,531 WhiteRock/WillowBrook,15259209,11747,32,-148
2026-08-22T00:11:47.789105+00:00,1787357506,18705,531 WhiteRock/WillowBrook,15259209,11745,33,-153
2026-08-22T00:11:47.789105+00:00,1787357506,18705,531 WhiteRock/WillowBrook,15259209,13040,34,-162
2026-08-22T00:11:47.789105+00:00,1787357506,18705,531 WhiteRock/WillowBrook,15259209,12598,35,-188
2026-08-22T00:11:47.789105+00:00,1787357506,18705,531 WhiteRock/WillowBrook,15259209,11920,36,-249
2026-08-22T00:11:47.789105+00:00,1787357506,18705,531 WhiteRock/WillowBrook,15259209,13130,37,-287
2026-08-22T00:11:47.789105+00:00,1787357506,18705,531 WhiteRock/WillowBrook,15259209,11925,38,-324
2026-08-22T00:11:47.789105+00:00,1787357506,18705,531 WhiteRock/WillowBrook,15259209,12219,39,-357
2026-08-22T00:11:47.789105+00:00,1787357506,18705,531 WhiteRock/WillowBrook,15259209,11741,40,-498
2026-08-22T00:11:47.789105+00:00,1787357506,18705,531 WhiteRock/WillowBrook,15259209,11740,41,-519
2026-08-22T00:11:47.789105+00:00,1787357506,18705,531 WhiteRock/WillowBrook,15259209,11739,42,-470
2026-08-22T00:11:47.789105+00:00,1787357506,18705,531 WhiteRock/WillowBrook,15259209,11737,43,-421
2026-08-22T00:11:47.789105+00:00,1787357506,18705,531 WhiteRock/WillowBrook,15259209,11757,44,-455
2026-08-22T00:11:47.789105+00:00,1787357506,18705,531 WhiteRock/WillowBrook,15259209,11735,45,-416
2026-08-22T00:11:47.789105+00:00,1787357506,18705,531 WhiteRock/WillowBrook,15259209,11756,46,-409
2026-08-22T00:11:47.789105+00:00,1787357506,18705,531 WhiteRock/WillowBrook,15259209,5535,47,-380
2026-08-22T00:11:47.789105+00:00,1787357506,18705,531 WhiteRock/WillowBrook,15259209,5536,48,-408
2026-08-22T00:11:47.789105+00:00,1787357506,18705,531 WhiteRock/WillowBrook,15259209,5537,49,-421
2026-08-22T00:11:47.789105+00:00,1787357506,18705,531 WhiteRock/WillowBrook,15259209,5538,50,-429
2026-08-22T00:11:47.789105+00:00,1787357506,18705,531 WhiteRock/WillowBrook,15259209,5539,51,-422
2026-08-22T00:11:47.789105+00:00,1787357506,18705,531 WhiteRock/WillowBrook,15259209,5540,52,-413
2026-08-22T00:11:47.789105+00:00,1787357506,18705,531 WhiteRock/WillowBrook,15259222,9306,4,58
2026-08-22T00:11:47.789105+00:00,1787357506,18705,531 WhiteRock/WillowBrook,15259222,11125,5,44
2026-08-22T00:11:47.789105+00:00,1787357506,18705,531 WhiteRock/WillowBrook,15259222,9294,6,38
2026-08-22T00:11:47.789105+00:00,1787357506,18705,531 WhiteRock/WillowBrook,15259222,9293,7,26
2026-08-22T00:11:47.789105+00:00,1787357506,18705,531 WhiteRock/WillowBrook,15259222,11126,8,33
2026-08-22T00:11:47.789105+00:00,1787357506,18705,531 WhiteRock/WillowBrook,15259222,7094,9,3
2026-08-22T00:11:47.789105+00:00,1787357506,18705,531 WhiteRock/WillowBrook,15259222,7166,10,-15
2026-08-22T00:11:47.789105+00:00,1787357506,18705,531 WhiteRock/WillowBrook,15259222,7092,11,19
2026-08-22T00:11:47.789105+00:00,1787357506,18705,531 WhiteRock/WillowBrook,15259222,10747,12,37
2026-08-22T00:11:47.789105+00:00,1787357506,18705,531 WhiteRock/WillowBrook,15259222,5364,13,42
2026-08-22T00:11:47.789105+00:00,1787357506,18705,531 WhiteRock/WillowBrook,15259222,11775,14,71
2026-08-22T00:11:47.789105+00:00,1787357506,18705,531 WhiteRock/WillowBrook,15259222,7171,15,37
2026-08-22T00:11:47.789105+00:00,1787357506,18705,531 WhiteRock/WillowBrook,15259222,7172,16,-4
2026-08-22T00:11:47.789105+00:00,1787357506,18705,531 WhiteRock/WillowBrook,15259222,7173,17,-17
2026-08-22T00:11:47.789105+00:00,1787357506,18705,531 WhiteRock/WillowBrook,15259222,7174,18,-59
2026-08-22T00:11:47.789105+00:00,1787357506,18705,531 WhiteRock/WillowBrook,15259222,7175,19,-73
2026-08-22T00:11:47.789105+00:00,1787357506,18705,531 WhiteRock/WillowBrook,15259222,7176,20,-102
2026-08-22T00:11:47.789105+00:00,1787357506,18705,531 WhiteRock/WillowBrook,15259222,7177,21,-96
2026-08-22T00:11:47.789105+00:00,1787357506,18705,531 WhiteRock/WillowBrook,15259222,8948,22,-124
2026-08-22T00:11:47.789105+00:00,1787357506,18705,531 WhiteRock/WillowBrook,15259222,9031,23,-145
2026-08-22T00:11:47.789105+00:00,1787357506,18705,531 WhiteRock/WillowBrook,15259222,12931,24,-146
2026-08-22T00:11:47.789105+00:00,1787357506,18705,531 WhiteRock/WillowBrook,15259222,13041,25,-181
2026-08-22T00:11:47.789105+00:00,1787357506,18705,531 WhiteRock/WillowBrook,15259222,12929,26,-203
2026-08-22T00:11:47.789105+00:00,1787357506,18705,531 WhiteRock/WillowBrook,15259222,12927,27,-233
2026-08-22T00:11:47.789105+00:00,1787357506,18705,531 WhiteRock/WillowBrook,15259222,12926,28,-243
2026-08-22T00:11:47.789105+00:00,1787357506,18705,531 WhiteRock/WillowBrook,15259222,12924,29,-263
2026-08-22T00:11:47.789105+00:00,1787357506,18705,531 WhiteRock/WillowBrook,15259222,11751,30,-260
2026-08-22T00:11:47.789105+00:00,1787357506,18705,531 WhiteRock/WillowBrook,15259222,11750,31,-310
2026-08-22T00:11:47.789105+00:00,1787357506,18705,531 WhiteRock/WillowBrook,15259222,11747,32,-340
2026-08-22T00:11:47.789105+00:00,1787357506,18705,531 WhiteRock/WillowBrook,15259222,11745,33,-354
2026-08-22T00:11:47.789105+00:00,1787357506,18705,531 WhiteRock/WillowBrook,15259222,13040,34,-363
2026-08-22T00:11:47.789105+00:00,1787357506,18705,531 WhiteRock/WillowBrook,15259222,12598,35,-389
2026-08-22T00:11:47.789105+00:00,1787357506,18705,531 WhiteRock/WillowBrook,15259222,11920,36,-451
2026-08-22T00:11:47.789105+00:00,1787357506,18705,531 WhiteRock/WillowBrook,15259222,13130,37,-489
2026-08-22T00:11:47.789105+00:00,1787357506,18705,531 WhiteRock/WillowBrook,15259222,11925,38,-526
2026-08-22T00:11:47.789105+00:00,1787357506,18705,531 WhiteRock/WillowBrook,15259222,12219,39,-560
2026-08-22T00:11:47.789105+00:00,1787357506,18705,531 WhiteRock/WillowBrook,15259222,11741,40,-704
2026-08-22T00:11:47.789105+00:00,1787357506,18705,531 WhiteRock/WillowBrook,15259222,11740,41,-725
2026-08-22T00:11:47.789105+00:00,1787357506,18705,531 WhiteRock/WillowBrook,15259222,11739,42,-676
2026-08-22T00:11:47.789105+00:00,1787357506,18705,531 WhiteRock/WillowBrook,15259222,11737,43,-628
2026-08-22T00:11:47.789105+00:00,1787357506,18705,531 WhiteRock/WillowBrook,15259222,11757,44,-662
2026-08-22T00:11:47.789105+00:00,1787357506,18705,531 WhiteRock/WillowBrook,15259222,11735,45,-623
2026-08-22T00:11:47.789105+00:00,1787357506,18705,531 WhiteRock/WillowBrook,15259222,11756,46,-618
2026-08-22T00:11:47.789105+00:00,1787357506,18705,531 WhiteRock/WillowBrook,15259222,5535,47,-587
2026-08-22T00:11:47.789105+00:00,1787357506,18705,531 WhiteRock/WillowBrook,15259222,5536,48,-610
2026-08-22T00:11:47.789105+00:00,1787357506,18705,531 WhiteRock/WillowBrook,15259222,5537,49,-622
2026-08-22T00:11:47.789105+00:00,1787357506,18705,531 WhiteRock/WillowBrook,15259222,5538,50,-629
2026-08-22T00:11:47.789105+00:00,1787357506,18705,531 WhiteRock/WillowBrook,15259222,5539,51,-616
2026-08-22T00:11:47.789105+00:00,1787357506,18705,531 WhiteRock/WillowBrook,15259222,5540,52,-610
2026-08-22T00:16:47.316492+00:00,1787357806,6705,321 Surrey Central/WhiteRock,15247050,11882,56,108
2026-08-22T00:16:47.316492+00:00,1787357806,6705,321 Surrey Central/WhiteRock,15247050,10442,57,189
2026-08-22T00:16:47.316492+00:00,1787357806,6705,321 Surrey Central/WhiteRock,15247050,9929,58,207
2026-08-22T00:16:47.316492+00:00,1787357806,6705,321 Surrey Central/WhiteRock,15247050,9930,59,157
2026-08-22T00:16:47.316492+00:00,1787357806,6705,321 Surrey Central/WhiteRock,15247050,9932,60,66
2026-08-22T00:16:47.316492+00:00,1787357806,6705,321 Surrey Central/WhiteRock,15247051,5476,50,-125
2026-08-22T00:16:47.316492+00:00,1787357806,6705,321 Surrey Central/WhiteRock,15247051,5477,51,-147
2026-08-22T00:16:47.316492+00:00,1787357806,6705,321 Surrey Central/WhiteRock,15247051,11725,52,-170
2026-08-22T00:16:47.316492+00:00,1787357806,6705,321 Surrey Central/WhiteRock,15247051,5040,53,-156
2026-08-22T00:16:47.316492+00:00,1787357806,6705,321 Surrey Central/WhiteRock,15247051,5041,54,-150
2026-08-22T00:16:47.316492+00:00,1787357806,6705,321 Surrey Central/WhiteRock,15247051,12155,55,-139
2026-08-22T00:16:47.316492+00:00,1787357806,6705,321 Surrey Central/WhiteRock,15247051,11882,56,0
2026-08-22T00:16:47.316492+00:00,1787357806,6705,321 Surrey Central/WhiteRock,15247051,10442,57,93
2026-08-22T00:16:47.316492+00:00,1787357806,6705,321 Surrey Central/WhiteRock,15247051,9929,58,119
2026-08-22T00:16:47.316492+00:00,1787357806,6705,321 Surrey Central/WhiteRock,15247051,9930,59,78
2026-08-22T00:16:47.316492+00:00,1787357806,6705,321 Surrey Central/WhiteRock,15247051,9932,60,-2
2026-08-22T00:16:47.316492+00:00,1787357806,6705,321 Surrey Central/WhiteRock,15247052,5454,28,-463
2026-08-22T00:16:47.316492+00:00,1787357806,6705,321 Surrey Central/WhiteRock,15247052,5455,29,-462
2026-08-22T00:16:47.316492+00:00,1787357806,6705,321 Surrey Central/WhiteRock,15247052,5456,30,-354
2026-08-22T00:16:47.316492+00:00,1787357806,6705,321 Surrey Central/WhiteRock,15247052,12651,31,-383
2026-08-22T00:16:47.316492+00:00,1787357806,6705,321 Surrey Central/WhiteRock,15247052,5458,32,-381
2026-08-22T00:16:47.316492+00:00,1787357806,6705,321 Surrey Central/WhiteRock,15247052,5459,33,-376
2026-08-22T00:16:47.316492+00:00,1787357806,6705,321 Surrey Central/WhiteRock,15247052,5460,34,-383
2026-08-22T00:16:47.316492+00:00,1787357806,6705,321 Surrey Central/WhiteRock,15247052,5461,35,-393
2026-08-22T00:16:47.316492+00:00,1787357806,6705,321 Surrey Central/WhiteRock,15247052,5462,36,-399
2026-08-22T00:16:47.316492+00:00,1787357806,6705,321 Surrey Central/WhiteRock,15247052,5463,37,-341
2026-08-22T00:16:47.316492+00:00,1787357806,6705,321 Surrey Central/WhiteRock,15247052,5700,38,0
2026-08-22T00:16:47.316492+00:00,1787357806,6705,321 Surrey Central/WhiteRock,15247052,5465,39,9
2026-08-22T00:16:47.316492+00:00,1787357806,6705,321 Surrey Central/WhiteRock,15247052,5466,40,-40
2026-08-22T00:16:47.316492+00:00,1787357806,6705,321 Surrey Central/WhiteRock,15247052,5467,41,-35
2026-08-22T00:16:47.316492+00:00,1787357806,6705,321 Surrey Central/WhiteRock,15247052,5468,42,-64
2026-08-22T00:16:47.316492+00:00,1787357806,6705,321 Surrey Central/WhiteRock,15247052,5469,43,-101
2026-08-22T00:16:47.316492+00:00,1787357806,6705,321 Surrey Central/WhiteRock,15247052,5470,44,-128
2026-08-22T00:16:47.316492+00:00,1787357806,6705,321 Surrey Central/WhiteRock,15247052,5471,45,-163
2026-08-22T00:16:47.316492+00:00,1787357806,6705,321 Surrey Central/WhiteRock,15247052,5472,46,-188
2026-08-22T00:16:47.316492+00:00,1787357806,6705,321 Surrey Central/WhiteRock,15247052,5473,47,-239
2026-08-22T00:16:47.316492+00:00,1787357806,6705,321 Surrey Central/WhiteRock,15247052,5474,48,-244
2026-08-22T00:16:47.316492+00:00,1787357806,6705,321 Surrey Central/WhiteRock,15247052,5475,49,-294
2026-08-22T00:16:47.316492+00:00,1787357806,6705,321 Surrey Central/WhiteRock,15247052,5476,50,-320
2026-08-22T00:16:47.316492+00:00,1787357806,6705,321 Surrey Central/WhiteRock,15247052,5477,51,-341
2026-08-22T00:16:47.316492+00:00,1787357806,6705,321 Surrey Central/WhiteRock,15247052,11725,52,-364
2026-08-22T00:16:47.316492+00:00,1787357806,6705,321 Surrey Central/WhiteRock,15247052,5040,53,-357
2026-08-22T00:16:47.316492+00:00,1787357806,6705,321 Surrey Central/WhiteRock,15247052,5041,54,-346
2026-08-22T00:16:47.316492+00:00,1787357806,6705,321 Surrey Central/WhiteRock,15247052,12155,55,-334
2026-08-22T00:16:47.316492+00:00,1787357806,6705,321 Surrey Central/WhiteRock,15247052,11882,56,0
2026-08-22T00:16:47.316492+00:00,1787357806,6705,321 Surrey Central/WhiteRock,15247052,10442,57,92
2026-08-22T00:16:47.316492+00:00,1787357806,6705,321 Surrey Central/WhiteRock,15247052,9929,58,100
2026-08-22T00:16:47.316492+00:00,1787357806,6705,321 Surrey Central/WhiteRock,15247052,9930,59,53
2026-08-22T00:16:47.316492+00:00,1787357806,6705,321 Surrey Central/WhiteRock,15247052,9932,60,-33
2026-08-22T00:16:47.316492+00:00,1787357806,6705,321 Surrey Central/WhiteRock,15247053,9083,17,201
2026-08-22T00:16:47.316492+00:00,1787357806,6705,321 Surrey Central/WhiteRock,15247053,5446,18,204
2026-08-22T00:16:47.316492+00:00,1787357806,6705,321 Surrey Central/WhiteRock,15247053,10445,19,196
2026-08-22T00:16:47.316492+00:00,1787357806,6705,321 Surrey Central/WhiteRock,15247053,5447,20,158
2026-08-22T00:16:47.316492+00:00,1787357806,6705,321 Surrey Central/WhiteRock,15247053,5448,21,157
2026-08-22T00:16:47.316492+00:00,1787357806,6705,321 Surrey Central/WhiteRock,15247053,10437,22,154
2026-08-22T00:16:47.316492+00:00,1787357806,6705,321 Surrey Central/WhiteRock,15247053,5449,23,98
2026-08-22T00:16:47.316492+00:00,1787357806,6705,321 Surrey Central/WhiteRock,15247053,11313,24,56
2026-08-22T00:16:47.316492+00:00,1787357806,6705,321 Surrey Central/WhiteRock,15247053,10808,25,-92
2026-08-22T00:16:47.316492+00:00,1787357806,6705,321 Surrey Central/WhiteRock,15247053,5452,26,-152
2026-08-22T00:16:47.316492+00:00,1787357806,6705,321 Surrey Central/WhiteRock,15247053,11913,27,-170
2026-08-22T00:16:47.316492+00:00,1787357806,6705,321 Surrey Central/WhiteRock,15247053,5454,28,-183
2026-08-22T00:16:47.316492+00:00,1787357806,6705,321 Surrey Central/WhiteRock,15247053,5455,29,-182
2026-08-22T00:16:47.316492+00:00,1787357806,6705,321 Surrey Central/WhiteRock,15247053,5456,30,-74
2026-08-22T00:16:47.316492+00:00,1787357806,6705,321 Surrey Central/WhiteRock,15247053,12651,31,-103
2026-08-22T00:16:47.316492+00:00,1787357806,6705,321 Surrey Central/WhiteRock,15247053,5458,32,-101
2026-08-22T00:16:47.316492+00:00,1787357806,6705,321 Surrey Central/WhiteRock,15247053,5459,33,-95
2026-08-22T00:16:47.316492+00:00,1787357806,6705,321 Surrey Central/WhiteRock,15247053,5460,34,-102
2026-08-22T00:16:47.316492+00:00,1787357806,6705,321 Surrey Central/WhiteRock,15247053,5461,35,-111
2026-08-22T00:16:47.316492+00:00,1787357806,6705,321 Surrey Central/WhiteRock,15247053,5462,36,-117
2026-08-22T00:16:47.316492+00:00,1787357806,6705,321 Surrey Central/WhiteRock,15247053,5463,37,-55
2026-08-22T00:16:47.316492+00:00,1787357806,6705,321 Surrey Central/WhiteRock,15247053,5700,38,63
2026-08-22T00:16:47.316492+00:00,1787357806,6705,321 Surrey Central/WhiteRock,15247053,5465,39,75
2026-08-22T00:16:47.316492+00:00,1787357806,6705,321 Surrey Central/WhiteRock,15247053,5466,40,26
2026-08-22T00:16:47.316492+00:00,1787357806,6705,321 Surrey Central/WhiteRock,15247053,5467,41,32
2026-08-22T00:16:47.316492+00:00,1787357806,6705,321 Surrey Central/WhiteRock,15247053,5468,42,3
2026-08-22T00:16:47.316492+00:00,1787357806,6705,321 Surrey Central/WhiteRock,15247053,5469,43,-42
2026-08-22T00:16:47.316492+00:00,1787357806,6705,321 Surrey Central/WhiteRock,15247053,5470,44,-70
2026-08-22T00:16:47.316492+00:00,1787357806,6705,321 Surrey Central/WhiteRock,15247053,5471,45,-105
2026-08-22T00:16:47.316492+00:00,1787357806,6705,321 Surrey Central/WhiteRock,15247053,5472,46,-131
2026-08-22T00:16:47.316492+00:00,1787357806,6705,321 Surrey Central/WhiteRock,15247053,5473,47,-182
2026-08-22T00:16:47.316492+00:00,1787357806,6705,321 Surrey Central/WhiteRock,15247053,5474,48,-187
2026-08-22T00:16:47.316492+00:00,1787357806,6705,321 Surrey Central/WhiteRock,15247053,5475,49,-237
2026-08-22T00:16:47.316492+00:00,1787357806,6705,321 Surrey Central/WhiteRock,15247053,5476,50,-263
2026-08-22T00:16:47.316492+00:00,1787357806,6705,321 Surrey Central/WhiteRock,15247053,5477,51,-285
2026-08-22T00:16:47.316492+00:00,1787357806,6705,321 Surrey Central/WhiteRock,15247053,11725,52,-308
2026-08-22T00:16:47.316492+00:00,1787357806,6705,321 Surrey Central/WhiteRock,15247053,5040,53,-300
2026-08-22T00:16:47.316492+00:00,1787357806,6705,321 Surrey Central/WhiteRock,15247053,5041,54,-293
2026-08-22T00:16:47.316492+00:00,1787357806,6705,321 Surrey Central/WhiteRock,15247053,12155,55,-283
2026-08-22T00:16:47.316492+00:00,1787357806,6705,321 Surrey Central/WhiteRock,15247053,11882,56,0
2026-08-22T00:16:47.316492+00:00,1787357806,6705,321 Surrey Central/WhiteRock,15247053,10442,57,80
2026-08-22T00:16:47.316492+00:00,1787357806,6705,321 Surrey Central/WhiteRock,15247053,9929,58,86
2026-08-22T00:16:47.316492+00:00,1787357806,6705,321 Surrey Central/WhiteRock,15247053,9930,59,36
2026-08-22T00:16:47.316492+00:00,1787357806,6705,321 Surrey Central/WhiteRock,15247053,9932,60,-49
2026-08-22T00:16:47.316492+00:00,1787357806,6705,321 Surrey Central/WhiteRock,15247054,6174,9,39
2026-08-22T00:16:47.316492+00:00,1787357806,6705,321 Surrey Central/WhiteRock,15247054,5437,10,44
2026-08-22T00:16:47.316492+00:00,1787357806,6705,321 Surrey Central/WhiteRock,15247054,5438,11,37
2026-08-22T00:16:47.316492+00:00,1787357806,6705,321 Surrey Central/WhiteRock,15247054,5439,12,35
2026-08-22T00:16:47.316492+00:00,1787357806,6705,321 Surrey Central/WhiteRock,15247054,5440,13,13
2026-08-22T00:16:47.316492+00:00,1787357806,6705,321 Surrey Central/WhiteRock,15247054,5441,14,20
2026-08-22T00:16:47.316492+00:00,1787357806,6705,321 Surrey Central/WhiteRock,15247054,5442,15,-4
2026-08-22T00:16:47.316492+00:00,1787357806,6705,321 Surrey Central/WhiteRock,15247054,5444,16,3
2026-08-22T00:16:47.316492+00:00,1787357806,6705,321 Surrey Central/WhiteRock,15247054,9083,17,-18
2026-08-22T00:16:47.316492+00:00,1787357806,6705,321 Surrey Central/WhiteRock,15247054,5446,18,-11
2026-08-22T00:16:47.316492+00:00,1787357806,6705,321 Surrey Central/WhiteRock,15247054,10445,19,-18
2026-08-22T00:16:47.316492+00:00,1787357806,6705,321 Surrey Central/WhiteRock,15247054,5447,20,-57
2026-08-22T00:16:47.316492+00:00,1787357806,6705,321 Surrey Central/WhiteRock,15247054,5448,21,-58
2026-08-22T00:16:47.316492+00:00,1787357806,6705,321 Surrey Central/WhiteRock,15247054,10437,22,-59
2026-08-22T00:16:47.316492+00:00,1787357806,6705,321 Surrey Central/WhiteRock,15247054,5449,23,-115
2026-08-22T00:16:47.316492+00:00,1787357806,6705,321 Surrey Central/WhiteRock,15247054,11313,24,-152
2026-08-22T00:16:47.316492+00:00,1787357806,6705,321 Surrey Central/WhiteRock,15247054,10808,25,-300
2026-08-22T00:16:47.316492+00:00,1787357806,6705,321 Surrey Central/WhiteRock,15247054,5452,26,-361
2026-08-22T00:16:47.316492+00:00,1787357806,6705,321 Surrey Central/WhiteRock,15247054,11913,27,-379
2026-08-22T00:16:47.316492+00:00,1787357806,6705,321 Surrey Central/WhiteRock,15247054,5454,28,-390
2026-08-22T00:16:47.316492+00:00,1787357806,6705,321 Surrey Central/WhiteRock,15247054,5455,29,-388
2026-08-22T00:16:47.316492+00:00,1787357806,6705,321 Surrey Central/WhiteRock,15247054,5456,30,-281
2026-08-22T00:16:47.316492+00:00,1787357806,6705,321 Surrey Central/WhiteRock,15247054,12651,31,-310
2026-08-22T00:16:47.316492+00:00,1787357806,6705,321 Surrey Central/WhiteRock,15247054,5458,32,-309
2026-08-22T00:16:47.316492+00:00,1787357806,6705,321 Surrey Central/WhiteRock,15247054,5459,33,-303
2026-08-22T00:16:47.316492+00:00,1787357806,6705,321 Surrey Central/WhiteRock,15247054,5460,34,-308
2026-08-22T00:16:47.316492+00:00,1787357806,6705,321 Surrey Central/WhiteRock,15247054,5461,35,-317
2026-08-22T00:16:47.316492+00:00,1787357806,6705,321 Surrey Central/WhiteRock,15247054,5462,36,-323
2026-08-22T00:16:47.316492+00:00,1787357806,6705,321 Surrey Central/WhiteRock,15247054,5463,37,-263
2026-08-22T00:16:47.316492+00:00,1787357806,6705,321 Surrey Central/WhiteRock,15247054,5700,38,0
2026-08-22T00:16:47.316492+00:00,1787357806,6705,321 Surrey Central/WhiteRock,15247054,5465,39,8
2026-08-22T00:16:47.316492+00:00,1787357806,6705,321 Surrey Central/WhiteRock,15247054,5466,40,-42
2026-08-22T00:16:47.316492+00:00,1787357806,6705,321 Surrey Central/WhiteRock,15247054,5467,41,-37
2026-08-22T00:16:47.316492+00:00,1787357806,6705,321 Surrey Central/WhiteRock,15247054,5468,42,-65
2026-08-22T00:16:47.316492+00:00,1787357806,6705,321 Surrey Central/WhiteRock,15247054,5469,43,-108
2026-08-22T00:16:47.316492+00:00,1787357806,6705,321 Surrey Central/WhiteRock,15247054,5470,44,-136
2026-08-22T00:16:47.316492+00:00,1787357806,6705,321 Surrey Central/WhiteRock,15247054,5471,45,-170
2026-08-22T00:16:47.316492+00:00,1787357806,6705,321 Surrey Central/WhiteRock,15247054,5472,46,-197
2026-08-22T00:16:47.316492+00:00,1787357806,6705,321 Surrey Central/WhiteRock,15247054,5473,47,-248
2026-08-22T00:16:47.316492+00:00,1787357806,6705,321 Surrey Central/WhiteRock,15247054,5474,48,-257
2026-08-22T00:16:47.316492+00:00,1787357806,6705,321 Surrey Central/WhiteRock,15247054,5475,49,-307
2026-08-22T00:16:47.316492+00:00,1787357806,6705,321 Surrey Central/WhiteRock,15247054,5476,50,-338
2026-08-22T00:16:47.316492+00:00,1787357806,6705,321 Surrey Central/WhiteRock,15247054,5477,51,-360
2026-08-22T00:16:47.316492+00:00,1787357806,6705,321 Surrey Central/WhiteRock,15247054,11725,52,-385
2026-08-22T00:16:47.316492+00:00,1787357806,6705,321 Surrey Central/WhiteRock,15247054,5040,53,-374
2026-08-22T00:16:47.316492+00:00,1787357806,6705,321 Surrey Central/WhiteRock,15247054,5041,54,-372
2026-08-22T00:16:47.316492+00:00,1787357806,6705,321 Surrey Central/WhiteRock,15247054,12155,55,-364
2026-08-22T00:16:47.316492+00:00,1787357806,6705,321 Surrey Central/WhiteRock,15247054,11882,56,0
2026-08-22T00:16:47.316492+00:00,1787357806,6705,321 Surrey Central/WhiteRock,15247054,10442,57,79
2026-08-22T00:16:47.316492+00:00,1787357806,6705,321 Surrey Central/WhiteRock,15247054,9929,58,85
2026-08-22T00:16:47.316492+00:00,1787357806,6705,321 Surrey Central/WhiteRock,15247054,9930,59,35
2026-08-22T00:16:47.316492+00:00,1787357806,6705,321 Surrey Central/WhiteRock,15247054,9932,60,-44
2026-08-22T00:16:47.316492+00:00,1787357806,6705,321 Surrey Central/WhiteRock,15247067,5456,30,7
2026-08-22T00:16:47.316492+00:00,1787357806,6705,321 Surrey Central/WhiteRock,15247067,12651,31,-23
2026-08-22T00:16:47.316492+00:00,1787357806,6705,321 Surrey Central/WhiteRock,15247067,5458,32,-21
2026-08-22T00:16:47.316492+00:00,1787357806,6705,321 Surrey Central/WhiteRock,15247067,5459,33,-17
2026-08-22T00:16:47.316492+00:00,1787357806,6705,321 Surrey Central/WhiteRock,15247067,5460,34,-24
2026-08-22T00:16:47.316492+00:00,1787357806,6705,321 Surrey Central/WhiteRock,15247067,5461,35,-35
2026-08-22T00:16:47.316492+00:00,1787357806,6705,321 Surrey Central/WhiteRock,15247067,5462,36,-42
2026-08-22T00:16:47.316492+00:00,1787357806,6705,321 Surrey Central/WhiteRock,15247067,5463,37,19
2026-08-22T00:16:47.316492+00:00,1787357806,6705,321 Surrey Central/WhiteRock,15247067,5700,38,132
2026-08-22T00:16:47.316492+00:00,1787357806,6705,321 Surrey Central/WhiteRock,15247067,5465,39,144
2026-08-22T00:16:47.316492+00:00,1787357806,6705,321 Surrey Central/WhiteRock,15247067,5466,40,96
2026-08-22T00:16:47.316492+00:00,1787357806,6705,321 Surrey Central/WhiteRock,15247067,5467,41,101
2026-08-22T00:16:47.316492+00:00,1787357806,6705,321 Surrey Central/WhiteRock,15247067,5468,42,72
2026-08-22T00:16:47.316492+00:00,1787357806,6705,321 Surrey Central/WhiteRock,15247067,5469,43,27
2026-08-22T00:16:47.316492+00:00,1787357806,6705,321 Surrey Central/WhiteRock,15247067,5470,44,0
2026-08-22T00:16:47.316492+00:00,1787357806,6705,321 Surrey Central/WhiteRock,15247067,5471,45,-35
2026-08-22T00:16:47.316492+00:00,1787357806,6705,321 Surrey Central/WhiteRock,15247067,5472,46,-60
2026-08-22T00:16:47.316492+00:00,1787357806,6705,321 Surrey Central/WhiteRock,15247067,5473,47,-111
2026-08-22T00:16:47.316492+00:00,1787357806,6705,321 Surrey Central/WhiteRock,15247067,5474,48,-116
2026-08-22T00:16:47.316492+00:00,1787357806,6705,321 Surrey Central/WhiteRock,15247067,5475,49,-166
2026-08-22T00:16:47.316492+00:00,1787357806,6705,321 Surrey Central/WhiteRock,15247067,5476,50,-196
2026-08-22T00:16:47.316492+00:00,1787357806,6705,321 Surrey Central/WhiteRock,15247067,5477,51,-218
2026-08-22T00:16:47.316492+00:00,1787357806,6705,321 Surrey Central/WhiteRock,15247067,11725,52,-242
2026-08-22T00:16:47.316492+00:00,1787357806,6705,321 Surrey Central/WhiteRock,15247067,5040,53,-233
2026-08-22T00:16:47.316492+00:00,1787357806,6705,321 Surrey Central/WhiteRock,15247067,5041,54,-229
2026-08-22T00:16:47.316492+00:00,1787357806,6705,321 Surrey Central/WhiteRock,15247067,12155,55,-217
2026-08-22T00:16:47.316492+00:00,1787357806,6705,321 Surrey Central/WhiteRock,15247067,11882,56,0
2026-08-22T00:16:47.316492+00:00,1787357806,6705,321 Surrey Central/WhiteRock,15247067,10442,57,95
2026-08-22T00:16:47.316492+00:00,1787357806,6705,321 Surrey Central/WhiteRock,15247067,9929,58,120
2026-08-22T00:16:47.316492+00:00,1787357806,6705,321 Surrey Central/WhiteRock,15247067,9930,59,79
2026-08-22T00:16:47.316492+00:00,1787357806,6705,321 Surrey Central/WhiteRock,15247067,9932,60,0
2026-08-22T00:16:47.316492+00:00,1787357806,6705,321 Surrey Central/WhiteRock,15247080,5467,41,35
2026-08-22T00:16:47.316492+00:00,1787357806,6705,321 Surrey Central/WhiteRock,15247080,5468,42,8
2026-08-22T00:16:47.316492+00:00,1787357806,6705,321 Surrey Central/WhiteRock,15247080,5469,43,-35
2026-08-22T00:16:47.316492+00:00,1787357806,6705,321 Surrey Central/WhiteRock,15247080,5470,44,-62
2026-08-22T00:16:47.316492+00:00,1787357806,6705,321 Surrey Central/WhiteRock,15247080,5471,45,-97
2026-08-22T00:16:47.316492+00:00,1787357806,6705,321 Surrey Central/WhiteRock,15247080,5472,46,-122
2026-08-22T00:16:47.316492+00:00,1787357806,6705,321 Surrey Central/WhiteRock,15247080,5473,47,-173
2026-08-22T00:16:47.316492+00:00,1787357806,6705,321 Surrey Central/WhiteRock,15247080,5474,48,-178
2026-08-22T00:16:47.316492+00:00,1787357806,6705,321 Surrey Central/WhiteRock,15247080,5475,49,-228
2026-08-22T00:16:47.316492+00:00,1787357806,6705,321 Surrey Central/WhiteRock,15247080,5476,50,-254
2026-08-22T00:16:47.316492+00:00,1787357806,6705,321 Surrey Central/WhiteRock,15247080,5477,51,-276
2026-08-22T00:16:47.316492+00:00,1787357806,6705,321 Surrey Central/WhiteRock,15247080,11725,52,-300
2026-08-22T00:16:47.316492+00:00,1787357806,6705,321 Surrey Central/WhiteRock,15247080,5040,53,-286
2026-08-22T00:16:47.316492+00:00,1787357806,6705,321 Surrey Central/WhiteRock,15247080,5041,54,-282
2026-08-22T00:16:47.316492+00:00,1787357806,6705,321 Surrey Central/WhiteRock,15247080,12155,55,-270
2026-08-22T00:16:47.316492+00:00,1787357806,6705,321 Surrey Central/WhiteRock,15247080,11882,56,0
2026-08-22T00:16:47.316492+00:00,1787357806,6705,321 Surrey Central/WhiteRock,15247080,10442,57,93
2026-08-22T00:16:47.316492+00:00,1787357806,6705,321 Surrey Central/WhiteRock,15247080,9929,58,119
2026-08-22T00:16:47.316492+00:00,1787357806,6705,321 Surrey Central/WhiteRock,15247080,9930,59,78
2026-08-22T00:16:47.316492+00:00,1787357806,6705,321 Surrey Central/WhiteRock,15247080,9932,60,-1
2026-08-22T00:16:47.316492+00:00,1787357806,6705,321 Surrey Central/WhiteRock,15247160,5530,47,-293
2026-08-22T00:16:47.316492+00:00,1787357806,6705,321 Surrey Central/WhiteRock,15247160,5533,48,-301
2026-08-22T00:16:47.316492+00:00,1787357806,6705,321 Surrey Central/WhiteRock,15247160,5534,49,-316
2026-08-22T00:16:47.316492+00:00,1787357806,6705,321 Surrey Central/WhiteRock,15247160,5535,50,-324
2026-08-22T00:16:47.316492+00:00,1787357806,6705,321 Surrey Central/WhiteRock,15247160,5536,51,-350
2026-08-22T00:16:47.316492+00:00,1787357806,6705,321 Surrey Central/WhiteRock,15247160,5537,52,-363
2026-08-22T00:16:47.316492+00:00,1787357806,6705,321 Surrey Central/WhiteRock,15247160,5538,53,-372
2026-08-22T00:16:47.316492+00:00,1787357806,6705,321 Surrey Central/WhiteRock,15247160,5541,54,-342
2026-08-22T00:16:47.316492+00:00,1787357806,6705,321 Surrey Central/WhiteRock,15247160,5542,55,-330
2026-08-22T00:16:47.316492+00:00,1787357806,6705,321 Surrey Central/WhiteRock,15247160,6195,56,-308
2026-08-22T00:16:47.316492+00:00,1787357806,6705,321 Surrey Central/WhiteRock,15247161,5511,28,164
2026-08-22T00:16:47.316492+00:00,1787357806,6705,321 Surrey Central/WhiteRock,15247161,5512,29,162
2026-08-22T00:16:47.316492+00:00,1787357806,6705,321 Surrey Central/WhiteRock,15247161,5513,30,148
2026-08-22T00:16:47.316492+00:00,1787357806,6705,321 Surrey Central/WhiteRock,15247161,5514,31,238
2026-08-22T00:16:47.316492+00:00,1787357806,6705,321 Surrey Central/WhiteRock,15247161,5515,32,231
2026-08-22T00:16:47.316492+00:00,1787357806,6705,321 Surrey Central/WhiteRock,15247161,5516,33,247
2026-08-22T00:16:47.316492+00:00,1787357806,6705,321 Surrey Central/WhiteRock,15247161,5517,34,250
2026-08-22T00:16:47.316492+00:00,1787357806,6705,321 Surrey Central/WhiteRock,15247161,5518,35,256
2026-08-22T00:16:47.316492+00:00,1787357806,6705,321 Surrey Central/WhiteRock,15247161,5519,36,233
2026-08-22T00:16:47.316492+00:00,1787357806,6705,321 Surrey Central/WhiteRock,15247161,5520,37,222
2026-08-22T00:16:47.316492+00:00,1787357806,6705,321 Surrey Central/WhiteRock,15247161,5521,38,12
2026-08-22T00:16:47.316492+00:00,1787357806,6705,321 Surrey Central/WhiteRock,15247161,5522,39,-123
2026-08-22T00:16:47.316492+00:00,1787357806,6705,321 Surrey Central/WhiteRock,15247161,5523,40,-159
2026-08-22T00:16:47.316492+00:00,1787357806,6705,321 Surrey Central/WhiteRock,15247161,6466,41,-165
2026-08-22T00:16:47.316492+00:00,1787357806,6705,321 Surrey Central/WhiteRock,15247161,5524,42,-128
2026-08-22T00:16:47.316492+00:00,1787357806,6705,321 Surrey Central/WhiteRock,15247161,5525,43,-158
2026-08-22T00:16:47.316492+00:00,1787357806,6705,321 Surrey Central/WhiteRock,15247161,10443,44,-188
2026-08-22T00:16:47.316492+00:00,1787357806,6705,321 Surrey Central/WhiteRock,15247161,5528,45,-182
2026-08-22T00:16:47.316492+00:00,1787357806,6705,321 Surrey Central/WhiteRock,15247161,5529,46,-204
2026-08-22T00:16:47.316492+00:00,1787357806,6705,321 Surrey Central/WhiteRock,15247161,5530,47,-220
2026-08-22T00:16:47.316492+00:00,1787357806,6705,321 Surrey Central/WhiteRock,15247161,5533,48,-228
2026-08-22T00:16:47.316492+00:00,1787357806,6705,321 Surrey Central/WhiteRock,15247161,5534,49,-248
2026-08-22T00:16:47.316492+00:00,1787357806,6705,321 Surrey Central/WhiteRock,15247161,5535,50,-247
2026-08-22T00:16:47.316492+00:00,1787357806,6705,321 Surrey Central/WhiteRock,15247161,5536,51,-272
2026-08-22T00:16:47.316492+00:00,1787357806,6705,321 Surrey Central/WhiteRock,15247161,5537,52,-282
2026-08-22T00:16:47.316492+00:00,1787357806,6705,321 Surrey Central/WhiteRock,15247161,5538,53,-289
2026-08-22T00:16:47.316492+00:00,1787357806,6705,321 Surrey Central/WhiteRock,15247161,5541,54,-258
2026-08-22T00:16:47.316492+00:00,1787357806,6705,321 Surrey Central/WhiteRock,15247161,5542,55,-246
2026-08-22T00:16:47.316492+00:00,1787357806,6705,321 Surrey Central/WhiteRock,15247161,6195,56,-220
2026-08-22T00:16:47.316492+00:00,1787357806,6705,321 Surrey Central/WhiteRock,15247162,5504,23,-232
2026-08-22T00:16:47.316492+00:00,1787357806,6705,321 Surrey Central/WhiteRock,15247162,5505,24,-225
2026-08-22T00:16:47.316492+00:00,1787357806,6705,321 Surrey Central/WhiteRock,15247162,5507,25,-224
2026-08-22T00:16:47.316492+00:00,1787357806,6705,321 Surrey Central/WhiteRock,15247162,5633,26,0
2026-08-22T00:16:47.316492+00:00,1787357806,6705,321 Surrey Central/WhiteRock,15247162,5510,27,44
2026-08-22T00:16:47.316492+00:00,1787357806,6705,321 Surrey Central/WhiteRock,15247162,5511,28,36
2026-08-22T00:16:47.316492+00:00,1787357806,6705,321 Surrey Central/WhiteRock,15247162,5512,29,34
2026-08-22T00:16:47.316492+00:00,1787357806,6705,321 Surrey Central/WhiteRock,15247162,5513,30,18
2026-08-22T00:16:47.316492+00:00,1787357806,6705,321 Surrey Central/WhiteRock,15247162,5514,31,108
2026-08-22T00:16:47.316492+00:00,1787357806,6705,321 Surrey Central/WhiteRock,15247162,5515,32,101
2026-08-22T00:16:47.316492+00:00,1787357806,6705,321 Surrey Central/WhiteRock,15247162,5516,33,122
2026-08-22T00:16:47.316492+00:00,1787357806,6705,321 Surrey Central/WhiteRock,15247162,5517,34,126
2026-08-22T00:16:47.316492+00:00,1787357806,6705,321 Surrey Central/WhiteRock,15247162,5518,35,130
2026-08-22T00:16:47.316492+00:00,1787357806,6705,321 Surrey Central/WhiteRock,15247162,5519,36,107
2026-08-22T00:16:47.316492+00:00,1787357806,6705,321 Surrey Central/WhiteRock,15247162,5520,37,96
2026-08-22T00:16:47.316492+00:00,1787357806,6705,321 Surrey Central/WhiteRock,15247162,5521,38,-113
2026-08-22T00:16:47.316492+00:00,1787357806,6705,321 Surrey Central/WhiteRock,15247162,5522,39,-248
2026-08-22T00:16:47.316492+00:00,1787357806,6705,321 Surrey Central/WhiteRock,15247162,5523,40,-284
2026-08-22T00:16:47.316492+00:00,1787357806,6705,321 Surrey Central/WhiteRock,15247162,6466,41,-292
2026-08-22T00:16:47.316492+00:00,1787357806,6705,321 Surrey Central/WhiteRock,15247162,5524,42,-255
2026-08-22T00:16:47.316492+00:00,1787357806,6705,321 Surrey Central/WhiteRock,15247162,5525,43,-279
2026-08-22T00:16:47.316492+00:00,1787357806,6705,321 Surrey Central/WhiteRock,15247162,10443,44,-299
2026-08-22T00:16:47.316492+00:00,1787357806,6705,321 Surrey Central/WhiteRock,15247162,5528,45,-296
2026-08-22T00:16:47.316492+00:00,1787357806,6705,321 Surrey Central/WhiteRock,15247162,5529,46,-320
2026-08-22T00:16:47.316492+00:00,1787357806,6705,321 Surrey Central/WhiteRock,15247162,5530,47,-336
2026-08-22T00:16:47.316492+00:00,1787357806,6705,321 Surrey Central/WhiteRock,15247162,5533,48,-341
2026-08-22T00:16:47.316492+00:00,1787357806,6705,321 Surrey Central/WhiteRock,15247162,5534,49,-360
2026-08-22T00:16:47.316492+00:00,1787357806,6705,321 Surrey Central/WhiteRock,15247162,5535,50,-342
2026-08-22T00:16:47.316492+00:00,1787357806,6705,321 Surrey Central/WhiteRock,15247162,5536,51,-366
2026-08-22T00:16:47.316492+00:00,1787357806,6705,321 Surrey Central/WhiteRock,15247162,5537,52,-362
2026-08-22T00:16:47.316492+00:00,1787357806,6705,321 Surrey Central/WhiteRock,15247162,5538,53,-367
2026-08-22T00:16:47.316492+00:00,1787357806,6705,321 Surrey Central/WhiteRock,15247162,5541,54,-334
2026-08-22T00:16:47.316492+00:00,1787357806,6705,321 Surrey Central/WhiteRock,15247162,5542,55,-321
2026-08-22T00:16:47.316492+00:00,1787357806,6705,321 Surrey Central/WhiteRock,15247162,6195,56,-288
2026-08-22T00:16:47.316492+00:00,1787357806,6705,321 Surrey Central/WhiteRock,15247163,8566,10,82
2026-08-22T00:16:47.316492+00:00,1787357806,6705,321 Surrey Central/WhiteRock,15247163,12916,11,126
2026-08-22T00:16:47.316492+00:00,1787357806,6705,321 Surrey Central/WhiteRock,15247163,5049,12,118
2026-08-22T00:16:47.316492+00:00,1787357806,6705,321 Surrey Central/WhiteRock,15247163,5039,13,99
2026-08-22T00:16:47.316492+00:00,1787357806,6705,321 Surrey Central/WhiteRock,15247163,8351,14,74
2026-08-22T00:16:47.316492+00:00,1787357806,6705,321 Surrey Central/WhiteRock,15247163,5496,15,7
2026-08-22T00:16:47.316492+00:00,1787357806,6705,321 Surrey Central/WhiteRock,15247163,5497,16,-37
2026-08-22T00:16:47.316492+00:00,1787357806,6705,321 Surrey Central/WhiteRock,15247163,5498,17,-51
2026-08-22T00:16:47.316492+00:00,1787357806,6705,321 Surrey Central/WhiteRock,15247163,5499,18,-84
2026-08-22T00:16:47.316492+00:00,1787357806,6705,321 Surrey Central/WhiteRock,15247163,5500,19,-114
2026-08-22T00:16:47.316492+00:00,1787357806,6705,321 Surrey Central/WhiteRock,15247163,5501,20,-142
2026-08-22T00:16:47.316492+00:00,1787357806,6705,321 Surrey Central/WhiteRock,15247163,5502,21,-156
2026-08-22T00:16:47.316492+00:00,1787357806,6705,321 Surrey Central/WhiteRock,15247163,5503,22,-164
2026-08-22T00:16:47.316492+00:00,1787357806,6705,321 Surrey Central/WhiteRock,15247163,5504,23,-219
2026-08-22T00:16:47.316492+00:00,1787357806,6705,321 Surrey Central/WhiteRock,15247163,5505,24,-210
2026-08-22T00:16:47.316492+00:00,1787357806,6705,321 Surrey Central/WhiteRock,15247163,5507,25,-202
2026-08-22T00:16:47.316492+00:00,1787357806,6705,321 Surrey Central/WhiteRock,15247163,5633,26,0
2026-08-22T00:16:47.316492+00:00,1787357806,6705,321 Surrey Central/WhiteRock,15247163,5510,27,40
2026-08-22T00:16:47.316492+00:00,1787357806,6705,321 Surrey Central/WhiteRock,15247163,5511,28,35
2026-08-22T00:16:47.316492+00:00,1787357806,6705,321 Surrey Central/WhiteRock,15247163,5512,29,34
2026-08-22T00:16:47.316492+00:00,1787357806,6705,321 Surrey Central/WhiteRock,15247163,5513,30,17
2026-08-22T00:16:47.316492+00:00,1787357806,6705,321 Surrey Central/WhiteRock,15247163,5514,31,109
2026-08-22T00:16:47.316492+00:00,1787357806,6705,321 Surrey Central/WhiteRock,15247163,5515,32,104
2026-08-22T00:16:47.316492+00:00,1787357806,6705,321 Surrey Central/WhiteRock,15247163,5516,33,112
2026-08-22T00:16:47.316492+00:00,1787357806,6705,321 Surrey Central/WhiteRock,15247163,5517,34,115
2026-08-22T00:16:47.316492+00:00,1787357806,6705,321 Surrey Central/WhiteRock,15247163,5518,35,121
2026-08-22T00:16:47.316492+00:00,1787357806,6705,321 Surrey Central/WhiteRock,15247163,5519,36,100
2026-08-22T00:16:47.316492+00:00,1787357806,6705,321 Surrey Central/WhiteRock,15247163,5520,37,90
2026-08-22T00:16:47.316492+00:00,1787357806,6705,321 Surrey Central/WhiteRock,15247163,5521,38,-111
2026-08-22T00:16:47.316492+00:00,1787357806,6705,321 Surrey Central/WhiteRock,15247163,5522,39,-243
2026-08-22T00:16:47.316492+00:00,1787357806,6705,321 Surrey Central/WhiteRock,15247163,5523,40,-278
2026-08-22T00:16:47.316492+00:00,1787357806,6705,321 Surrey Central/WhiteRock,15247163,6466,41,-291
2026-08-22T00:16:47.316492+00:00,1787357806,6705,321 Surrey Central/WhiteRock,15247163,5524,42,-247
2026-08-22T00:16:47.316492+00:00,1787357806,6705,321 Surrey Central/WhiteRock,15247163,5525,43,-272
2026-08-22T00:16:47.316492+00:00,1787357806,6705,321 Surrey Central/WhiteRock,15247163,10443,44,-291
2026-08-22T00:16:47.316492+00:00,1787357806,6705,321 Surrey Central/WhiteRock,15247163,5528,45,-294
2026-08-22T00:16:47.316492+00:00,1787357806,6705,321 Surrey Central/WhiteRock,15247163,5529,46,-315
2026-08-22T00:16:47.316492+00:00,1787357806,6705,321 Surrey Central/WhiteRock,15247163,5530,47,-331
2026-08-22T00:16:47.316492+00:00,1787357806,6705,321 Surrey Central/WhiteRock,15247163,5533,48,-333
2026-08-22T00:16:47.316492+00:00,1787357806,6705,321 Surrey Central/WhiteRock,15247163,5534,49,-351
2026-08-22T00:16:47.316492+00:00,1787357806,6705,321 Surrey Central/WhiteRock,15247163,5535,50,-348
2026-08-22T00:16:47.316492+00:00,1787357806,6705,321 Surrey Central/WhiteRock,15247163,5536,51,-373
2026-08-22T00:16:47.316492+00:00,1787357806,6705,321 Surrey Central/WhiteRock,15247163,5537,52,-378
2026-08-22T00:16:47.316492+00:00,1787357806,6705,321 Surrey Central/WhiteRock,15247163,5538,53,-383
2026-08-22T00:16:47.316492+00:00,1787357806,6705,321 Surrey Central/WhiteRock,15247163,5541,54,-360
2026-08-22T00:16:47.316492+00:00,1787357806,6705,321 Surrey Central/WhiteRock,15247163,5542,55,-344
2026-08-22T00:16:47.316492+00:00,1787357806,6705,321 Surrey Central/WhiteRock,15247163,6195,56,-313
2026-08-22T00:16:47.316492+00:00,1787357806,6705,321 Surrey Central/WhiteRock,15247164,9924,4,-25
2026-08-22T00:16:47.316492+00:00,1787357806,6705,321 Surrey Central/WhiteRock,15247164,9926,5,-71
2026-08-22T00:16:47.316492+00:00,1787357806,6705,321 Surrey Central/WhiteRock,15247164,9927,6,-101
2026-08-22T00:16:47.316492+00:00,1787357806,6705,321 Surrey Central/WhiteRock,15247164,10880,7,0
2026-08-22T00:16:47.316492+00:00,1787357806,6705,321 Surrey Central/WhiteRock,15247164,5046,8,43
2026-08-22T00:16:47.316492+00:00,1787357806,6705,321 Surrey Central/WhiteRock,15247164,5047,9,42
2026-08-22T00:16:47.316492+00:00,1787357806,6705,321 Surrey Central/WhiteRock,15247164,8566,10,32
2026-08-22T00:16:47.316492+00:00,1787357806,6705,321 Surrey Central/WhiteRock,15247164,12916,11,76
2026-08-22T00:16:47.316492+00:00,1787357806,6705,321 Surrey Central/WhiteRock,15247164,5049,12,68
2026-08-22T00:16:47.316492+00:00,1787357806,6705,321 Surrey Central/WhiteRock,15247164,5039,13,47
2026-08-22T00:16:47.316492+00:00,1787357806,6705,321 Surrey Central/WhiteRock,15247164,8351,14,26
2026-08-22T00:16:47.316492+00:00,1787357806,6705,321 Surrey Central/WhiteRock,15247164,5496,15,-41
2026-08-22T00:16:47.316492+00:00,1787357806,6705,321 Surrey Central/WhiteRock,15247164,5497,16,-85
2026-08-22T00:16:47.316492+00:00,1787357806,6705,321 Surrey Central/WhiteRock,15247164,5498,17,-99
2026-08-22T00:16:47.316492+00:00,1787357806,6705,321 Surrey Central/WhiteRock,15247164,5499,18,-136
2026-08-22T00:16:47.316492+00:00,1787357806,6705,321 Surrey Central/WhiteRock,15247164,5500,19,-166
2026-08-22T00:16:47.316492+00:00,1787357806,6705,321 Surrey Central/WhiteRock,15247164,5501,20,-194
2026-08-22T00:16:47.316492+00:00,1787357806,6705,321 Surrey Central/WhiteRock,15247164,5502,21,-208
2026-08-22T00:16:47.316492+00:00,1787357806,6705,321 Surrey Central/WhiteRock,15247164,5503,22,-216
2026-08-22T00:16:47.316492+00:00,1787357806,6705,321 Surrey Central/WhiteRock,15247164,5504,23,-268
2026-08-22T00:16:47.316492+00:00,1787357806,6705,321 Surrey Central/WhiteRock,15247164,5505,24,-259
2026-08-22T00:16:47.316492+00:00,1787357806,6705,321 Surrey Central/WhiteRock,15247164,5507,25,-252
2026-08-22T00:16:47.316492+00:00,1787357806,6705,321 Surrey Central/WhiteRock,15247164,5633,26,0
2026-08-22T00:16:47.316492+00:00,1787357806,6705,321 Surrey Central/WhiteRock,15247164,5510,27,39
2026-08-22T00:16:47.316492+00:00,1787357806,6705,321 Surrey Central/WhiteRock,15247164,5511,28,34
2026-08-22T00:16:47.316492+00:00,1787357806,6705,321 Surrey Central/WhiteRock,15247164,5512,29,34
2026-08-22T00:16:47.316492+00:00,1787357806,6705,321 Surrey Central/WhiteRock,15247164,5513,30,19
2026-08-22T00:16:47.316492+00:00,1787357806,6705,321 Surrey Central/WhiteRock,15247164,5514,31,112
2026-08-22T00:16:47.316492+00:00,1787357806,6705,321 Surrey Central/WhiteRock,15247164,5515,32,105
2026-08-22T00:16:47.316492+00:00,1787357806,6705,321 Surrey Central/WhiteRock,15247164,5516,33,124
2026-08-22T00:16:47.316492+00:00,1787357806,6705,321 Surrey Central/WhiteRock,15247164,5517,34,139
2026-08-22T00:16:47.316492+00:00,1787357806,6705,321 Surrey Central/WhiteRock,15247164,5518,35,146
2026-08-22T00:16:47.316492+00:00,1787357806,6705,321 Surrey Central/WhiteRock,15247164,5519,36,125
2026-08-22T00:16:47.316492+00:00,1787357806,6705,321 Surrey Central/WhiteRock,15247164,5520,37,130
2026-08-22T00:16:47.316492+00:00,1787357806,6705,321 Surrey Central/WhiteRock,15247164,5521,38,-73
2026-08-22T00:16:47.316492+00:00,1787357806,6705,321 Surrey Central/WhiteRock,15247164,5522,39,-206
2026-08-22T00:16:47.316492+00:00,1787357806,6705,321 Surrey Central/WhiteRock,15247164,5523,40,-241
2026-08-22T00:16:47.316492+00:00,1787357806,6705,321 Surrey Central/WhiteRock,15247164,6466,41,-253
2026-08-22T00:16:47.316492+00:00,1787357806,6705,321 Surrey Central/WhiteRock,15247164,5524,42,-222
2026-08-22T00:16:47.316492+00:00,1787357806,6705,321 Surrey Central/WhiteRock,15247164,5525,43,-248
2026-08-22T00:16:47.316492+00:00,1787357806,6705,321 Surrey Central/WhiteRock,15247164,10443,44,-267
2026-08-22T00:16:47.316492+00:00,1787357806,6705,321 Surrey Central/WhiteRock,15247164,5528,45,-265
2026-08-22T00:16:47.316492+00:00,1787357806,6705,321 Surrey Central/WhiteRock,15247164,5529,46,-288
2026-08-22T00:16:47.316492+00:00,1787357806,6705,321 Surrey Central/WhiteRock,15247164,5530,47,-304
2026-08-22T00:16:47.316492+00:00,1787357806,6705,321 Surrey Central/WhiteRock,15247164,5533,48,-305
2026-08-22T00:16:47.316492+00:00,1787357806,6705,321 Surrey Central/WhiteRock,15247164,5534,49,-323
2026-08-22T00:16:47.316492+00:00,1787357806,6705,321 Surrey Central/WhiteRock,15247164,5535,50,-323
2026-08-22T00:16:47.316492+00:00,1787357806,6705,321 Surrey Central/WhiteRock,15247164,5536,51,-343
2026-08-22T00:16:47.316492+00:00,1787357806,6705,321 Surrey Central/WhiteRock,15247164,5537,52,-346
2026-08-22T00:16:47.316492+00:00,1787357806,6705,321 Surrey Central/WhiteRock,15247164,5538,53,-351
2026-08-22T00:16:47.316492+00:00,1787357806,6705,321 Surrey Central/WhiteRock,15247164,5541,54,-328
2026-08-22T00:16:47.316492+00:00,1787357806,6705,321 Surrey Central/WhiteRock,15247164,5542,55,-314
2026-08-22T00:16:47.316492+00:00,1787357806,6705,321 Surrey Central/WhiteRock,15247164,6195,56,-283
2026-08-22T00:16:47.316492+00:00,1787357806,6705,321 Surrey Central/WhiteRock,15247165,5890,1,0
2026-08-22T00:16:47.316492+00:00,1787357806,6705,321 Surrey Central/WhiteRock,15247165,10716,2,0
2026-08-22T00:16:47.316492+00:00,1787357806,6705,321 Surrey Central/WhiteRock,15247165,9923,3,0
2026-08-22T00:16:47.316492+00:00,1787357806,6705,321 Surrey Central/WhiteRock,15247165,9924,4,0
2026-08-22T00:16:47.316492+00:00,1787357806,6705,321 Surrey Central/WhiteRock,15247165,9926,5,0
2026-08-22T00:16:47.316492+00:00,1787357806,6705,321 Surrey Central/WhiteRock,15247165,9927,6,0
2026-08-22T00:16:47.316492+00:00,1787357806,6705,321 Surrey Central/WhiteRock,15247165,10880,7,0
2026-08-22T00:16:47.316492+00:00,1787357806,6705,321 Surrey Central/WhiteRock,15247165,5046,8,0
2026-08-22T00:16:47.316492+00:00,1787357806,6705,321 Surrey Central/WhiteRock,15247165,5047,9,0
2026-08-22T00:16:47.316492+00:00,1787357806,6705,321 Surrey Central/WhiteRock,15247165,8566,10,0
2026-08-22T00:16:47.316492+00:00,1787357806,6705,321 Surrey Central/WhiteRock,15247165,12916,11,0
2026-08-22T00:16:47.316492+00:00,1787357806,6705,321 Surrey Central/WhiteRock,15247165,5049,12,0
2026-08-22T00:16:47.316492+00:00,1787357806,6705,321 Surrey Central/WhiteRock,15247165,5039,13,0
2026-08-22T00:16:47.316492+00:00,1787357806,6705,321 Surrey Central/WhiteRock,15247165,8351,14,0
2026-08-22T00:16:47.316492+00:00,1787357806,6705,321 Surrey Central/WhiteRock,15247165,5496,15,0
2026-08-22T00:16:47.316492+00:00,1787357806,6705,321 Surrey Central/WhiteRock,15247165,5497,16,0
2026-08-22T00:16:47.316492+00:00,1787357806,6705,321 Surrey Central/WhiteRock,15247165,5498,17,0
2026-08-22T00:16:47.316492+00:00,1787357806,6705,321 Surrey Central/WhiteRock,15247165,5499,18,0
2026-08-22T00:16:47.316492+00:00,1787357806,6705,321 Surrey Central/WhiteRock,15247165,5500,19,0
2026-08-22T00:16:47.316492+00:00,1787357806,6705,321 Surrey Central/WhiteRock,15247165,5501,20,0
2026-08-22T00:16:47.316492+00:00,1787357806,6705,321 Surrey Central/WhiteRock,15247165,5502,21,0
2026-08-22T00:16:47.316492+00:00,1787357806,6705,321 Surrey Central/WhiteRock,15247165,5503,22,0
2026-08-22T00:16:47.316492+00:00,1787357806,6705,321 Surrey Central/WhiteRock,15247165,5504,23,0
2026-08-22T00:16:47.316492+00:00,1787357806,6705,321 Surrey Central/WhiteRock,15247165,5505,24,0
2026-08-22T00:16:47.316492+00:00,1787357806,6705,321 Surrey Central/WhiteRock,15247165,5507,25,0
2026-08-22T00:16:47.316492+00:00,1787357806,6705,321 Surrey Central/WhiteRock,15247165,5633,26,0
2026-08-22T00:16:47.316492+00:00,1787357806,6705,321 Surrey Central/WhiteRock,15247165,5510,27,0
2026-08-22T00:16:47.316492+00:00,1787357806,6705,321 Surrey Central/WhiteRock,15247165,5511,28,0
2026-08-22T00:16:47.316492+00:00,1787357806,6705,321 Surrey Central/WhiteRock,15247165,5512,29,0
2026-08-22T00:16:47.316492+00:00,1787357806,6705,321 Surrey Central/WhiteRock,15247165,5513,30,0
2026-08-22T00:16:47.316492+00:00,1787357806,6705,321 Surrey Central/WhiteRock,15247165,5514,31,0
2026-08-22T00:16:47.316492+00:00,1787357806,6705,321 Surrey Central/WhiteRock,15247165,5515,32,0
2026-08-22T00:16:47.316492+00:00,1787357806,6705,321 Surrey Central/WhiteRock,15247165,5516,33,0
2026-08-22T00:16:47.316492+00:00,1787357806,6705,321 Surrey Central/WhiteRock,15247165,5517,34,0
2026-08-22T00:16:47.316492+00:00,1787357806,6705,321 Surrey Central/WhiteRock,15247165,5518,35,0
2026-08-22T00:16:47.316492+00:00,1787357806,6705,321 Surrey Central/WhiteRock,15247165,5519,36,0
2026-08-22T00:16:47.316492+00:00,1787357806,6705,321 Surrey Central/WhiteRock,15247165,5520,37,0
2026-08-22T00:16:47.316492+00:00,1787357806,6705,321 Surrey Central/WhiteRock,15247165,5521,38,0
2026-08-22T00:16:47.316492+00:00,1787357806,6705,321 Surrey Central/WhiteRock,15247165,5522,39,0
2026-08-22T00:16:47.316492+00:00,1787357806,6705,321 Surrey Central/WhiteRock,15247165,5523,40,0
2026-08-22T00:16:47.316492+00:00,1787357806,6705,321 Surrey Central/WhiteRock,15247165,6466,41,0
2026-08-22T00:16:47.316492+00:00,1787357806,6705,321 Surrey Central/WhiteRock,15247165,5524,42,0
2026-08-22T00:16:47.316492+00:00,1787357806,6705,321 Surrey Central/WhiteRock,15247165,5525,43,0
2026-08-22T00:16:47.316492+00:00,1787357806,6705,321 Surrey Central/WhiteRock,15247165,10443,44,0
2026-08-22T00:16:47.316492+00:00,1787357806,6705,321 Surrey Central/WhiteRock,15247165,5528,45,0
2026-08-22T00:16:47.316492+00:00,1787357806,6705,321 Surrey Central/WhiteRock,15247165,5529,46,0
2026-08-22T00:16:47.316492+00:00,1787357806,6705,321 Surrey Central/WhiteRock,15247165,5530,47,0
2026-08-22T00:16:47.316492+00:00,1787357806,6705,321 Surrey Central/WhiteRock,15247165,5533,48,0
2026-08-22T00:16:47.316492+00:00,1787357806,6705,321 Surrey Central/WhiteRock,15247165,5534,49,0
2026-08-22T00:16:47.316492+00:00,1787357806,6705,321 Surrey Central/WhiteRock,15247165,5535,50,0
2026-08-22T00:16:47.316492+00:00,1787357806,6705,321 Surrey Central/WhiteRock,15247165,5536,51,0
2026-08-22T00:16:47.316492+00:00,1787357806,6705,321 Surrey Central/WhiteRock,15247165,5537,52,0
2026-08-22T00:16:47.316492+00:00,1787357806,6705,321 Surrey Central/WhiteRock,15247165,5538,53,0
2026-08-22T00:16:47.316492+00:00,1787357806,6705,321 Surrey Central/WhiteRock,15247165,5541,54,0
2026-08-22T00:16:47.316492+00:00,1787357806,6705,321 Surrey Central/WhiteRock,15247165,5542,55,0
2026-08-22T00:16:47.316492+00:00,1787357806,6705,321 Surrey Central/WhiteRock,15247165,6195,56,0
2026-08-22T00:16:47.316492+00:00,1787357806,6705,321 Surrey Central/WhiteRock,15247177,5517,34,265
2026-08-22T00:16:47.316492+00:00,1787357806,6705,321 Surrey Central/WhiteRock,15247177,5518,35,271
2026-08-22T00:16:47.316492+00:00,1787357806,6705,321 Surrey Central/WhiteRock,15247177,5519,36,248
2026-08-22T00:16:47.316492+00:00,1787357806,6705,321 Surrey Central/WhiteRock,15247177,5520,37,237
2026-08-22T00:16:47.316492+00:00,1787357806,6705,321 Surrey Central/WhiteRock,15247177,5521,38,27
2026-08-22T00:16:47.316492+00:00,1787357806,6705,321 Surrey Central/WhiteRock,15247177,5522,39,-108
2026-08-22T00:16:47.316492+00:00,1787357806,6705,321 Surrey Central/WhiteRock,15247177,5523,40,-144
2026-08-22T00:16:47.316492+00:00,1787357806,6705,321 Surrey Central/WhiteRock,15247177,6466,41,-156
2026-08-22T00:16:47.316492+00:00,1787357806,6705,321 Surrey Central/WhiteRock,15247177,5524,42,-119
2026-08-22T00:16:47.316492+00:00,1787357806,6705,321 Surrey Central/WhiteRock,15247177,5525,43,-149
2026-08-22T00:16:47.316492+00:00,1787357806,6705,321 Surrey Central/WhiteRock,15247177,10443,44,-179
2026-08-22T00:16:47.316492+00:00,1787357806,6705,321 Surrey Central/WhiteRock,15247177,5528,45,-174
2026-08-22T00:16:47.316492+00:00,1787357806,6705,321 Surrey Central/WhiteRock,15247177,5529,46,-196
2026-08-22T00:16:47.316492+00:00,1787357806,6705,321 Surrey Central/WhiteRock,15247177,5530,47,-212
2026-08-22T00:16:47.316492+00:00,1787357806,6705,321 Surrey Central/WhiteRock,15247177,5533,48,-220
2026-08-22T00:16:47.316492+00:00,1787357806,6705,321 Surrey Central/WhiteRock,15247177,5534,49,-240
2026-08-22T00:16:47.316492+00:00,1787357806,6705,321 Surrey Central/WhiteRock,15247177,5535,50,-214
2026-08-22T00:16:47.316492+00:00,1787357806,6705,321 Surrey Central/WhiteRock,15247177,5536,51,-236
2026-08-22T00:16:47.316492+00:00,1787357806,6705,321 Surrey Central/WhiteRock,15247177,5537,52,-247
2026-08-22T00:16:47.316492+00:00,1787357806,6705,321 Surrey Central/WhiteRock,15247177,5538,53,-254
2026-08-22T00:16:47.316492+00:00,1787357806,6705,321 Surrey Central/WhiteRock,15247177,5541,54,-224
2026-08-22T00:16:47.316492+00:00,1787357806,6705,321 Surrey Central/WhiteRock,15247177,5542,55,-211
2026-08-22T00:16:47.316492+00:00,1787357806,6705,321 Surrey Central/WhiteRock,15247177,6195,56,-186
2026-08-22T00:16:47.316492+00:00,1787357806,6705,321 Surrey Central/WhiteRock,15247187,8351,14,251
2026-08-22T00:16:47.316492+00:00,1787357806,6705,321 Surrey Central/WhiteRock,15247187,5496,15,183
2026-08-22T00:16:47.316492+00:00,1787357806,6705,321 Surrey Central/WhiteRock,15247187,5497,16,140
2026-08-22T00:16:47.316492+00:00,1787357806,6705,321 Surrey Central/WhiteRock,15247187,5498,17,123
2026-08-22T00:16:47.316492+00:00,1787357806,6705,321 Surrey Central/WhiteRock,15247187,5499,18,90
2026-08-22T00:16:47.316492+00:00,1787357806,6705,321 Surrey Central/WhiteRock,15247187,5500,19,59
2026-08-22T00:16:47.316492+00:00,1787357806,6705,321 Surrey Central/WhiteRock,15247187,5501,20,31
2026-08-22T00:16:47.316492+00:00,1787357806,6705,321 Surrey Central/WhiteRock,15247187,5502,21,16
2026-08-22T00:16:47.316492+00:00,1787357806,6705,321 Surrey Central/WhiteRock,15247187,5503,22,21
2026-08-22T00:16:47.316492+00:00,1787357806,6705,321 Surrey Central/WhiteRock,15247187,5504,23,-31
2026-08-22T00:16:47.316492+00:00,1787357806,6705,321 Surrey Central/WhiteRock,15247187,5505,24,-23
2026-08-22T00:16:47.316492+00:00,1787357806,6705,321 Surrey Central/WhiteRock,15247187,5507,25,-6
2026-08-22T00:16:47.316492+00:00,1787357806,6705,321 Surrey Central/WhiteRock,15247187,5633,26,31
2026-08-22T00:16:47.316492+00:00,1787357806,6705,321 Surrey Central/WhiteRock,15247187,5510,27,76
2026-08-22T00:16:47.316492+00:00,1787357806,6705,321 Surrey Central/WhiteRock,15247187,5511,28,71
2026-08-22T00:16:47.316492+00:00,1787357806,6705,321 Surrey Central/WhiteRock,15247187,5512,29,70
2026-08-22T00:16:47.316492+00:00,1787357806,6705,321 Surrey Central/WhiteRock,15247187,5513,30,56
2026-08-22T00:16:47.316492+00:00,1787357806,6705,321 Surrey Central/WhiteRock,15247187,5514,31,147
2026-08-22T00:16:47.316492+00:00,1787357806,6705,321 Surrey Central/WhiteRock,15247187,5515,32,142
2026-08-22T00:16:47.316492+00:00,1787357806,6705,321 Surrey Central/WhiteRock,15247187,5516,33,145
2026-08-22T00:16:47.316492+00:00,1787357806,6705,321 Surrey Central/WhiteRock,15247187,5517,34,148
2026-08-22T00:16:47.316492+00:00,1787357806,6705,321 Surrey Central/WhiteRock,15247187,5518,35,152
2026-08-22T00:16:47.316492+00:00,1787357806,6705,321 Surrey Central/WhiteRock,15247187,5519,36,131
2026-08-22T00:16:47.316492+00:00,1787357806,6705,321 Surrey Central/WhiteRock,15247187,5520,37,120
2026-08-22T00:16:47.316492+00:00,1787357806,6705,321 Surrey Central/WhiteRock,15247187,5521,38,-81
2026-08-22T00:16:47.316492+00:00,1787357806,6705,321 Surrey Central/WhiteRock,15247187,5522,39,-212
2026-08-22T00:16:47.316492+00:00,1787357806,6705,321 Surrey Central/WhiteRock,15247187,5523,40,-247
2026-08-22T00:16:47.316492+00:00,1787357806,6705,321 Surrey Central/WhiteRock,15247187,6466,41,-255
2026-08-22T00:16:47.316492+00:00,1787357806,6705,321 Surrey Central/WhiteRock,15247187,5524,42,-215
2026-08-22T00:16:47.316492+00:00,1787357806,6705,321 Surrey Central/WhiteRock,15247187,5525,43,-242
2026-08-22T00:16:47.316492+00:00,1787357806,6705,321 Surrey Central/WhiteRock,15247187,10443,44,-272
2026-08-22T00:16:47.316492+00:00,1787357806,6705,321 Surrey Central/WhiteRock,15247187,5528,45,-265
2026-08-22T00:16:47.316492+00:00,1787357806,6705,321 Surrey Central/WhiteRock,15247187,5529,46,-287
2026-08-22T00:16:47.316492+00:00,1787357806,6705,321 Surrey Central/WhiteRock,15247187,5530,47,-302
2026-08-22T00:16:47.316492+00:00,1787357806,6705,321 Surrey Central/WhiteRock,15247187,5533,48,-303
2026-08-22T00:16:47.316492+00:00,1787357806,6705,321 Surrey Central/WhiteRock,15247187,5534,49,-321
2026-08-22T00:16:47.316492+00:00,1787357806,6705,321 Surrey Central/WhiteRock,15247187,5535,50,-295
2026-08-22T00:16:47.316492+00:00,1787357806,6705,321 Surrey Central/WhiteRock,15247187,5536,51,-313
2026-08-22T00:16:47.316492+00:00,1787357806,6705,321 Surrey Central/WhiteRock,15247187,5537,52,-324
2026-08-22T00:16:47.316492+00:00,1787357806,6705,321 Surrey Central/WhiteRock,15247187,5538,53,-330
2026-08-22T00:16:47.316492+00:00,1787357806,6705,321 Surrey Central/WhiteRock,15247187,5541,54,-304
2026-08-22T00:16:47.316492+00:00,1787357806,6705,321 Surrey Central/WhiteRock,15247187,5542,55,-291
2026-08-22T00:16:47.316492+00:00,1787357806,6705,321 Surrey Central/WhiteRock,15247187,6195,56,-257
2026-08-22T00:16:47.316492+00:00,1787357806,6705,321 Surrey Central/WhiteRock,15247232,6466,41,-245
2026-08-22T00:16:47.316492+00:00,1787357806,6705,321 Surrey Central/WhiteRock,15247232,5524,42,-212
2026-08-22T00:16:47.316492+00:00,1787357806,6705,321 Surrey Central/WhiteRock,15247232,5525,43,-242
2026-08-22T00:16:47.316492+00:00,1787357806,6705,321 Surrey Central/WhiteRock,15247232,10443,44,-266
2026-08-22T00:16:47.316492+00:00,1787357806,6705,321 Surrey Central/WhiteRock,15247232,5528,45,-262
2026-08-22T00:16:47.316492+00:00,1787357806,6705,321 Surrey Central/WhiteRock,15247232,5529,46,-287
2026-08-22T00:16:47.316492+00:00,1787357806,6705,321 Surrey Central/WhiteRock,15247232,5530,47,-304
2026-08-22T00:16:47.316492+00:00,1787357806,6705,321 Surrey Central/WhiteRock,15247232,5533,48,-310
2026-08-22T00:16:47.316492+00:00,1787357806,6705,321 Surrey Central/WhiteRock,15247232,5534,49,-324
2026-08-22T00:16:47.316492+00:00,1787357806,6705,321 Surrey Central/WhiteRock,15247232,5535,50,-316
2026-08-22T00:16:47.316492+00:00,1787357806,6705,321 Surrey Central/WhiteRock,15247232,5536,51,-342
2026-08-22T00:16:47.316492+00:00,1787357806,6705,321 Surrey Central/WhiteRock,15247232,5537,52,-355
2026-08-22T00:16:47.316492+00:00,1787357806,6705,321 Surrey Central/WhiteRock,15247232,5538,53,-363
2026-08-22T00:16:47.316492+00:00,1787357806,6705,321 Surrey Central/WhiteRock,15247232,5541,54,-333
2026-08-22T00:16:47.316492+00:00,1787357806,6705,321 Surrey Central/WhiteRock,15247232,5542,55,-320
2026-08-22T00:16:47.316492+00:00,1787357806,6705,321 Surrey Central/WhiteRock,15247232,6195,56,-296
2026-08-22T00:16:47.316492+00:00,1787357806,6705,321 Surrey Central/WhiteRock,15247234,10880,7,65
2026-08-22T00:16:47.316492+00:00,1787357806,6705,321 Surrey Central/WhiteRock,15247234,5046,8,108
2026-08-22T00:16:47.316492+00:00,1787357806,6705,321 Surrey Central/WhiteRock,15247234,5047,9,108
2026-08-22T00:16:47.316492+00:00,1787357806,6705,321 Surrey Central/WhiteRock,15247234,8566,10,98
2026-08-22T00:16:47.316492+00:00,1787357806,6705,321 Surrey Central/WhiteRock,15247234,12916,11,142
2026-08-22T00:16:47.316492+00:00,1787357806,6705,321 Surrey Central/WhiteRock,15247234,5049,12,134
2026-08-22T00:16:47.316492+00:00,1787357806,6705,321 Surrey Central/WhiteRock,15247234,5039,13,113
2026-08-22T00:16:47.316492+00:00,1787357806,6705,321 Surrey Central/WhiteRock,15247234,8351,14,88
2026-08-22T00:16:47.316492+00:00,1787357806,6705,321 Surrey Central/WhiteRock,15247234,5496,15,21
2026-08-22T00:16:47.316492+00:00,1787357806,6705,321 Surrey Central/WhiteRock,15247234,5497,16,-23
2026-08-22T00:16:47.316492+00:00,1787357806,6705,321 Surrey Central/WhiteRock,15247234,5498,17,-37
2026-08-22T00:16:47.316492+00:00,1787357806,6705,321 Surrey Central/WhiteRock,15247234,5499,18,-69
2026-08-22T00:16:47.316492+00:00,1787357806,6705,321 Surrey Central/WhiteRock,15247234,5500,19,-99
2026-08-22T00:16:47.316492+00:00,1787357806,6705,321 Surrey Central/WhiteRock,15247234,5501,20,-127
2026-08-22T00:16:47.316492+00:00,1787357806,6705,321 Surrey Central/WhiteRock,15247234,5502,21,-141
2026-08-22T00:16:47.316492+00:00,1787357806,6705,321 Surrey Central/WhiteRock,15247234,5503,22,-152
2026-08-22T00:16:47.316492+00:00,1787357806,6705,321 Surrey Central/WhiteRock,15247234,5504,23,-205
2026-08-22T00:16:47.316492+00:00,1787357806,6705,321 Surrey Central/WhiteRock,15247234,5505,24,-196
2026-08-22T00:16:47.316492+00:00,1787357806,6705,321 Surrey Central/WhiteRock,15247234,5507,25,-182
2026-08-22T00:16:47.316492+00:00,1787357806,6705,321 Surrey Central/WhiteRock,15247234,5633,26,0
2026-08-22T00:16:47.316492+00:00,1787357806,6705,321 Surrey Central/WhiteRock,15247234,5510,27,40
2026-08-22T00:16:47.316492+00:00,1787357806,6705,321 Surrey Central/WhiteRock,15247234,5511,28,35
2026-08-22T00:16:47.316492+00:00,1787357806,6705,321 Surrey Central/WhiteRock,15247234,5512,29,33
2026-08-22T00:16:47.316492+00:00,1787357806,6705,321 Surrey Central/WhiteRock,15247234,5513,30,14
2026-08-22T00:16:47.316492+00:00,1787357806,6705,321 Surrey Central/WhiteRock,15247234,5514,31,107
2026-08-22T00:16:47.316492+00:00,1787357806,6705,321 Surrey Central/WhiteRock,15247234,5515,32,102
2026-08-22T00:16:47.316492+00:00,1787357806,6705,321 Surrey Central/WhiteRock,15247234,5516,33,100
2026-08-22T00:16:47.316492+00:00,1787357806,6705,321 Surrey Central/WhiteRock,15247234,5517,34,103
2026-08-22T00:16:47.316492+00:00,1787357806,6705,321 Surrey Central/WhiteRock,15247234,5518,35,109
2026-08-22T00:16:47.316492+00:00,1787357806,6705,321 Surrey Central/WhiteRock,15247234,5519,36,87
2026-08-22T00:16:47.316492+00:00,1787357806,6705,321 Surrey Central/WhiteRock,15247234,5520,37,77
2026-08-22T00:16:47.316492+00:00,1787357806,6705,321 Surrey Central/WhiteRock,15247234,5521,38,-125
2026-08-22T00:16:47.316492+00:00,1787357806,6705,321 Surrey Central/WhiteRock,15247234,5522,39,-257
2026-08-22T00:16:47.316492+00:00,1787357806,6705,321 Surrey Central/WhiteRock,15247234,5523,40,-292
2026-08-22T00:16:47.316492+00:00,1787357806,6705,321 Surrey Central/WhiteRock,15247234,6466,41,-304
2026-08-22T00:16:47.316492+00:00,1787357806,6705,321 Surrey Central/WhiteRock,15247234,5524,42,-274
2026-08-22T00:16:47.316492+00:00,1787357806,6705,321 Surrey Central/WhiteRock,15247234,5525,43,-300
2026-08-22T00:16:47.316492+00:00,1787357806,6705,321 Surrey Central/WhiteRock,15247234,10443,44,-319
2026-08-22T00:16:47.316492+00:00,1787357806,6705,321 Surrey Central/WhiteRock,15247234,5528,45,-317
2026-08-22T00:16:47.316492+00:00,1787357806,6705,321 Surrey Central/WhiteRock,15247234,5529,46,-339
2026-08-22T00:16:47.316492+00:00,1787357806,6705,321 Surrey Central/WhiteRock,15247234,5530,47,-355
2026-08-22T00:16:47.316492+00:00,1787357806,6705,321 Surrey Central/WhiteRock,15247234,5533,48,-358
2026-08-22T00:16:47.316492+00:00,1787357806,6705,321 Surrey Central/WhiteRock,15247234,5534,49,-376
2026-08-22T00:16:47.316492+00:00,1787357806,6705,321 Surrey Central/WhiteRock,15247234,5535,50,-380
2026-08-22T00:16:47.316492+00:00,1787357806,6705,321 Surrey Central/WhiteRock,15247234,5536,51,-405
2026-08-22T00:16:47.316492+00:00,1787357806,6705,321 Surrey Central/WhiteRock,15247234,5537,52,-418
2026-08-22T00:16:47.316492+00:00,1787357806,6705,321 Surrey Central/WhiteRock,15247234,5538,53,-425
2026-08-22T00:16:47.316492+00:00,1787357806,6705,321 Surrey Central/WhiteRock,15247234,5541,54,-404
2026-08-22T00:16:47.316492+00:00,1787357806,6705,321 Surrey Central/WhiteRock,15247234,5542,55,-389
2026-08-22T00:16:47.316492+00:00,1787357806,6705,321 Surrey Central/WhiteRock,15247234,6195,56,-360
2026-08-22T00:16:47.316492+00:00,1787357806,6705,321 Surrey Central/WhiteRock,15247235,5890,1,0
2026-08-22T00:16:47.316492+00:00,1787357806,6705,321 Surrey Central/WhiteRock,15247235,10716,2,-271
2026-08-22T00:16:47.316492+00:00,1787357806,6705,321 Surrey Central/WhiteRock,15247235,9923,3,-261
2026-08-22T00:16:47.316492+00:00,1787357806,6705,321 Surrey Central/WhiteRock,15247235,9924,4,-352
2026-08-22T00:16:47.316492+00:00,1787357806,6705,321 Surrey Central/WhiteRock,15247235,9926,5,-384
2026-08-22T00:16:47.316492+00:00,1787357806,6705,321 Surrey Central/WhiteRock,15247235,9927,6,-407
2026-08-22T00:16:47.316492+00:00,1787357806,6705,321 Surrey Central/WhiteRock,15247235,10880,7,0
2026-08-22T00:16:47.316492+00:00,1787357806,6705,321 Surrey Central/WhiteRock,15247235,5046,8,47
2026-08-22T00:16:47.316492+00:00,1787357806,6705,321 Surrey Central/WhiteRock,15247235,5047,9,48
2026-08-22T00:16:47.316492+00:00,1787357806,6705,321 Surrey Central/WhiteRock,15247235,8566,10,28
2026-08-22T00:16:47.316492+00:00,1787357806,6705,321 Surrey Central/WhiteRock,15247235,12916,11,75
2026-08-22T00:16:47.316492+00:00,1787357806,6705,321 Surrey Central/WhiteRock,15247235,5049,12,69
2026-08-22T00:16:47.316492+00:00,1787357806,6705,321 Surrey Central/WhiteRock,15247235,5039,13,43
2026-08-22T00:16:47.316492+00:00,1787357806,6705,321 Surrey Central/WhiteRock,15247235,8351,14,24
2026-08-22T00:16:47.316492+00:00,1787357806,6705,321 Surrey Central/WhiteRock,15247235,5496,15,-41
2026-08-22T00:16:47.316492+00:00,1787357806,6705,321 Surrey Central/WhiteRock,15247235,5497,16,-82
2026-08-22T00:16:47.316492+00:00,1787357806,6705,321 Surrey Central/WhiteRock,15247235,5498,17,-95
2026-08-22T00:16:47.316492+00:00,1787357806,6705,321 Surrey Central/WhiteRock,15247235,5499,18,-128
2026-08-22T00:16:47.316492+00:00,1787357806,6705,321 Surrey Central/WhiteRock,15247235,5500,19,-155
2026-08-22T00:16:47.316492+00:00,1787357806,6705,321 Surrey Central/WhiteRock,15247235,5501,20,-181
2026-08-22T00:16:47.316492+00:00,1787357806,6705,321 Surrey Central/WhiteRock,15247235,5502,21,-194
2026-08-22T00:16:47.316492+00:00,1787357806,6705,321 Surrey Central/WhiteRock,15247235,5503,22,-200
2026-08-22T00:16:47.316492+00:00,1787357806,6705,321 Surrey Central/WhiteRock,15247235,5504,23,-247
2026-08-22T00:16:47.316492+00:00,1787357806,6705,321 Surrey Central/WhiteRock,15247235,5505,24,-237
2026-08-22T00:16:47.316492+00:00,1787357806,6705,321 Surrey Central/WhiteRock,15247235,5507,25,-213
2026-08-22T00:16:47.316492+00:00,1787357806,6705,321 Surrey Central/WhiteRock,15247235,5633,26,0
2026-08-22T00:16:47.316492+00:00,1787357806,6705,321 Surrey Central/WhiteRock,15247235,5510,27,41
2026-08-22T00:16:47.316492+00:00,1787357806,6705,321 Surrey Central/WhiteRock,15247235,5511,28,36
2026-08-22T00:16:47.316492+00:00,1787357806,6705,321 Surrey Central/WhiteRock,15247235,5512,29,32
2026-08-22T00:16:47.316492+00:00,1787357806,6705,321 Surrey Central/WhiteRock,15247235,5513,30,21
2026-08-22T00:16:47.316492+00:00,1787357806,6705,321 Surrey Central/WhiteRock,15247235,5514,31,107
2026-08-22T00:16:47.316492+00:00,1787357806,6705,321 Surrey Central/WhiteRock,15247235,5515,32,101
2026-08-22T00:16:47.316492+00:00,1787357806,6705,321 Surrey Central/WhiteRock,15247235,5516,33,108
2026-08-22T00:16:47.316492+00:00,1787357806,6705,321 Surrey Central/WhiteRock,15247235,5517,34,125
2026-08-22T00:16:47.316492+00:00,1787357806,6705,321 Surrey Central/WhiteRock,15247235,5518,35,127
2026-08-22T00:16:47.316492+00:00,1787357806,6705,321 Surrey Central/WhiteRock,15247235,5519,36,109
2026-08-22T00:16:47.316492+00:00,1787357806,6705,321 Surrey Central/WhiteRock,15247235,5520,37,115
2026-08-22T00:16:47.316492+00:00,1787357806,6705,321 Surrey Central/WhiteRock,15247235,5521,38,-80
2026-08-22T00:16:47.316492+00:00,1787357806,6705,321 Surrey Central/WhiteRock,15247235,5522,39,-207
2026-08-22T00:16:47.316492+00:00,1787357806,6705,321 Surrey Central/WhiteRock,15247235,5523,40,-241
2026-08-22T00:16:47.316492+00:00,1787357806,6705,321 Surrey Central/WhiteRock,15247235,6466,41,-251
2026-08-22T00:16:47.316492+00:00,1787357806,6705,321 Surrey Central/WhiteRock,15247235,5524,42,-217
2026-08-22T00:16:47.316492+00:00,1787357806,6705,321 Surrey Central/WhiteRock,15247235,5525,43,-244
2026-08-22T00:16:47.316492+00:00,1787357806,6705,321 Surrey Central/WhiteRock,15247235,10443,44,-272
2026-08-22T00:16:47.316492+00:00,1787357806,6705,321 Surrey Central/WhiteRock,15247235,5528,45,-270
2026-08-22T00:16:47.316492+00:00,1787357806,6705,321 Surrey Central/WhiteRock,15247235,5529,46,-293
2026-08-22T00:16:47.316492+00:00,1787357806,6705,321 Surrey Central/WhiteRock,15247235,5530,47,-308
2026-08-22T00:16:47.316492+00:00,1787357806,6705,321 Surrey Central/WhiteRock,15247235,5533,48,-307
2026-08-22T00:16:47.316492+00:00,1787357806,6705,321 Surrey Central/WhiteRock,15247235,5534,49,-324
2026-08-22T00:16:47.316492+00:00,1787357806,6705,321 Surrey Central/WhiteRock,15247235,5535,50,-321
2026-08-22T00:16:47.316492+00:00,1787357806,6705,321 Surrey Central/WhiteRock,15247235,5536,51,-343
2026-08-22T00:16:47.316492+00:00,1787357806,6705,321 Surrey Central/WhiteRock,15247235,5537,52,-359
2026-08-22T00:16:47.316492+00:00,1787357806,6705,321 Surrey Central/WhiteRock,15247235,5538,53,-365
2026-08-22T00:16:47.316492+00:00,1787357806,6705,321 Surrey Central/WhiteRock,15247235,5541,54,-340
2026-08-22T00:16:47.316492+00:00,1787357806,6705,321 Surrey Central/WhiteRock,15247235,5542,55,-329
2026-08-22T00:16:47.316492+00:00,1787357806,6705,321 Surrey Central/WhiteRock,15247235,6195,56,-298
2026-08-22T00:16:47.316492+00:00,1787357806,6715,351 Bridgeport/WhiteRock,15251618,8282,25,-21
2026-08-22T00:16:47.316492+00:00,1787357806,6715,351 Bridgeport/WhiteRock,15251619,4928,24,-159
2026-08-22T00:16:47.316492+00:00,1787357806,6715,351 Bridgeport/WhiteRock,15251619,8282,25,-144
2026-08-22T00:16:47.316492+00:00,1787357806,6715,351 Bridgeport/WhiteRock,15251620,5444,17,103
2026-08-22T00:16:47.316492+00:00,1787357806,6715,351 Bridgeport/WhiteRock,15251620,9083,18,78
2026-08-22T00:16:47.316492+00:00,1787357806,6715,351 Bridgeport/WhiteRock,15251620,5446,19,80
2026-08-22T00:16:47.316492+00:00,1787357806,6715,351 Bridgeport/WhiteRock,15251620,10445,20,70
2026-08-22T00:16:47.316492+00:00,1787357806,6715,351 Bridgeport/WhiteRock,15251620,5447,21,26
2026-08-22T00:16:47.316492+00:00,1787357806,6715,351 Bridgeport/WhiteRock,15251620,5448,22,25
2026-08-22T00:16:47.316492+00:00,1787357806,6715,351 Bridgeport/WhiteRock,15251620,6194,23,16
2026-08-22T00:16:47.316492+00:00,1787357806,6715,351 Bridgeport/WhiteRock,15251620,4928,24,-114
2026-08-22T00:16:47.316492+00:00,1787357806,6715,351 Bridgeport/WhiteRock,15251620,8282,25,-5
2026-08-22T00:16:47.316492+00:00,1787357806,6715,351 Bridgeport/WhiteRock,15251621,6170,6,-52
2026-08-22T00:16:47.316492+00:00,1787357806,6715,351 Bridgeport/WhiteRock,15251621,11545,7,-76
2026-08-22T00:16:47.316492+00:00,1787357806,6715,351 Bridgeport/WhiteRock,15251621,6172,8,-55
2026-08-22T00:16:47.316492+00:00,1787357806,6715,351 Bridgeport/WhiteRock,15251621,6173,9,-46
2026-08-22T00:16:47.316492+00:00,1787357806,6715,351 Bridgeport/WhiteRock,15251621,6139,10,0
2026-08-22T00:16:47.316492+00:00,1787357806,6715,351 Bridgeport/WhiteRock,15251621,5437,11,20
2026-08-22T00:16:47.316492+00:00,1787357806,6715,351 Bridgeport/WhiteRock,15251621,5438,12,9
2026-08-22T00:16:47.316492+00:00,1787357806,6715,351 Bridgeport/WhiteRock,15251621,5439,13,13
2026-08-22T00:16:47.316492+00:00,1787357806,6715,351 Bridgeport/WhiteRock,15251621,5440,14,-9
2026-08-22T00:16:47.316492+00:00,1787357806,6715,351 Bridgeport/WhiteRock,15251621,5441,15,-14
2026-08-22T00:16:47.316492+00:00,1787357806,6715,351 Bridgeport/WhiteRock,15251621,5442,16,-43
2026-08-22T00:16:47.316492+00:00,1787357806,6715,351 Bridgeport/WhiteRock,15251621,5444,17,-35
2026-08-22T00:16:47.316492+00:00,1787357806,6715,351 Bridgeport/WhiteRock,15251621,9083,18,-61
2026-08-22T00:16:47.316492+00:00,1787357806,6715,351 Bridgeport/WhiteRock,15251621,5446,19,-60
2026-08-22T00:16:47.316492+00:00,1787357806,6715,351 Bridgeport/WhiteRock,15251621,10445,20,-70
2026-08-22T00:16:47.316492+00:00,1787357806,6715,351 Bridgeport/WhiteRock,15251621,5447,21,-115
2026-08-22T00:16:47.316492+00:00,1787357806,6715,351 Bridgeport/WhiteRock,15251621,5448,22,-119
2026-08-22T00:16:47.316492+00:00,1787357806,6715,351 Bridgeport/WhiteRock,15251621,6194,23,0
2026-08-22T00:16:47.316492+00:00,1787357806,6715,351 Bridgeport/WhiteRock,15251621,4928,24,-130
2026-08-22T00:16:47.316492+00:00,1787357806,6715,351 Bridgeport/WhiteRock,15251621,8282,25,-19
2026-08-22T00:16:47.316492+00:00,1787357806,6715,351 Bridgeport/WhiteRock,15251697,6167,21,-394
2026-08-22T00:16:47.316492+00:00,1787357806,6715,351 Bridgeport/WhiteRock,15251698,5530,10,-550
2026-08-22T00:16:47.316492+00:00,1787357806,6715,351 Bridgeport/WhiteRock,15251698,5533,11,-533
2026-08-22T00:16:47.316492+00:00,1787357806,6715,351 Bridgeport/WhiteRock,15251698,5534,12,-530
2026-08-22T00:16:47.316492+00:00,1787357806,6715,351 Bridgeport/WhiteRock,15251698,5535,13,-483
2026-08-22T00:16:47.316492+00:00,1787357806,6715,351 Bridgeport/WhiteRock,15251698,5536,14,-483
2026-08-22T00:16:47.316492+00:00,1787357806,6715,351 Bridgeport/WhiteRock,15251698,5537,15,-461
2026-08-22T00:16:47.316492+00:00,1787357806,6715,351 Bridgeport/WhiteRock,15251698,5538,16,-456
2026-08-22T00:16:47.316492+00:00,1787357806,6715,351 Bridgeport/WhiteRock,15251698,5541,17,-405
2026-08-22T00:16:47.316492+00:00,1787357806,6715,351 Bridgeport/WhiteRock,15251698,5542,18,-383
2026-08-22T00:16:47.316492+00:00,1787357806,6715,351 Bridgeport/WhiteRock,15251698,6340,19,-339
2026-08-22T00:16:47.316492+00:00,1787357806,6715,351 Bridgeport/WhiteRock,15251698,6341,20,-323
2026-08-22T00:16:47.316492+00:00,1787357806,6715,351 Bridgeport/WhiteRock,15251698,6167,21,-315
2026-08-22T00:16:47.316492+00:00,1787357806,6715,351 Bridgeport/WhiteRock,15251699,6175,4,-675
2026-08-22T00:16:47.316492+00:00,1787357806,6715,351 Bridgeport/WhiteRock,15251699,5524,5,-629
2026-08-22T00:16:47.316492+00:00,1787357806,6715,351 Bridgeport/WhiteRock,15251699,5525,6,-643
2026-08-22T00:16:47.316492+00:00,1787357806,6715,351 Bridgeport/WhiteRock,15251699,10443,7,-639
2026-08-22T00:16:47.316492+00:00,1787357806,6715,351 Bridgeport/WhiteRock,15251699,5528,8,-618
2026-08-22T00:16:47.316492+00:00,1787357806,6715,351 Bridgeport/WhiteRock,15251699,5529,9,-628
2026-08-22T00:16:47.316492+00:00,1787357806,6715,351 Bridgeport/WhiteRock,15251699,5530,10,-627
2026-08-22T00:16:47.316492+00:00,1787357806,6715,351 Bridgeport/WhiteRock,15251699,5533,11,-609
2026-08-22T00:16:47.316492+00:00,1787357806,6715,351 Bridgeport/WhiteRock,15251699,5534,12,-580
2026-08-22T00:16:47.316492+00:00,1787357806,6715,351 Bridgeport/WhiteRock,15251699,5535,13,-549
2026-08-22T00:16:47.316492+00:00,1787357806,6715,351 Bridgeport/WhiteRock,15251699,5536,14,-553
2026-08-22T00:16:47.316492+00:00,1787357806,6715,351 Bridgeport/WhiteRock,15251699,5537,15,-534
2026-08-22T00:16:47.316492+00:00,1787357806,6715,351 Bridgeport/WhiteRock,15251699,5538,16,-529
2026-08-22T00:16:47.316492+00:00,1787357806,6715,351 Bridgeport/WhiteRock,15251699,5541,17,-478
2026-08-22T00:16:47.316492+00:00,1787357806,6715,351 Bridgeport/WhiteRock,15251699,5542,18,-456
2026-08-22T00:16:47.316492+00:00,1787357806,6715,351 Bridgeport/WhiteRock,15251699,6340,19,-411
2026-08-22T00:16:47.316492+00:00,1787357806,6715,351 Bridgeport/WhiteRock,15251699,6341,20,-395
2026-08-22T00:16:47.316492+00:00,1787357806,6715,351 Bridgeport/WhiteRock,15251699,6167,21,-386
2026-08-22T00:16:47.316492+00:00,1787357806,6715,351 Bridgeport/WhiteRock,15251700,4929,3,7
2026-08-22T00:16:47.316492+00:00,1787357806,6715,351 Bridgeport/WhiteRock,15251700,6175,4,-676
2026-08-22T00:16:47.316492+00:00,1787357806,6715,351 Bridgeport/WhiteRock,15251700,5524,5,-627
2026-08-22T00:16:47.316492+00:00,1787357806,6715,351 Bridgeport/WhiteRock,15251700,5525,6,-640
2026-08-22T00:16:47.316492+00:00,1787357806,6715,351 Bridgeport/WhiteRock,15251700,10443,7,-637
2026-08-22T00:16:47.316492+00:00,1787357806,6715,351 Bridgeport/WhiteRock,15251700,5528,8,-616
2026-08-22T00:16:47.316492+00:00,1787357806,6715,351 Bridgeport/WhiteRock,15251700,5529,9,-622
2026-08-22T00:16:47.316492+00:00,1787357806,6715,351 Bridgeport/WhiteRock,15251700,5530,10,-621
2026-08-22T00:16:47.316492+00:00,1787357806,6715,351 Bridgeport/WhiteRock,15251700,5533,11,-602
2026-08-22T00:16:47.316492+00:00,1787357806,6715,351 Bridgeport/WhiteRock,15251700,5534,12,-605
2026-08-22T00:16:47.316492+00:00,1787357806,6715,351 Bridgeport/WhiteRock,15251700,5535,13,-567
2026-08-22T00:16:47.316492+00:00,1787357806,6715,351 Bridgeport/WhiteRock,15251700,5536,14,-571
2026-08-22T00:16:47.316492+00:00,1787357806,6715,351 Bridgeport/WhiteRock,15251700,5537,15,-552
2026-08-22T00:16:47.316492+00:00,1787357806,6715,351 Bridgeport/WhiteRock,15251700,5538,16,-547
2026-08-22T00:16:47.316492+00:00,1787357806,6715,351 Bridgeport/WhiteRock,15251700,5541,17,-492
2026-08-22T00:16:47.316492+00:00,1787357806,6715,351 Bridgeport/WhiteRock,15251700,5542,18,-470
2026-08-22T00:16:47.316492+00:00,1787357806,6715,351 Bridgeport/WhiteRock,15251700,6340,19,-428
2026-08-22T00:16:47.316492+00:00,1787357806,6715,351 Bridgeport/WhiteRock,15251700,6341,20,-412
2026-08-22T00:16:47.316492+00:00,1787357806,6715,351 Bridgeport/WhiteRock,15251700,6167,21,-401
2026-08-22T00:16:47.316492+00:00,1787357806,6715,351 Bridgeport/WhiteRock,15251701,8283,2,-53
2026-08-22T00:16:47.316492+00:00,1787357806,6715,351 Bridgeport/WhiteRock,15251701,4929,3,0
2026-08-22T00:16:47.316492+00:00,1787357806,6715,351 Bridgeport/WhiteRock,15251701,6175,4,-644
2026-08-22T00:16:47.316492+00:00,1787357806,6715,351 Bridgeport/WhiteRock,15251701,5524,5,-595
2026-08-22T00:16:47.316492+00:00,1787357806,6715,351 Bridgeport/WhiteRock,15251701,5525,6,-608
2026-08-22T00:16:47.316492+00:00,1787357806,6715,351 Bridgeport/WhiteRock,15251701,10443,7,-604
2026-08-22T00:16:47.316492+00:00,1787357806,6715,351 Bridgeport/WhiteRock,15251701,5528,8,-582
2026-08-22T00:16:47.316492+00:00,1787357806,6715,351 Bridgeport/WhiteRock,15251701,5529,9,-588
2026-08-22T00:16:47.316492+00:00,1787357806,6715,351 Bridgeport/WhiteRock,15251701,5530,10,-585
2026-08-22T00:16:47.316492+00:00,1787357806,6715,351 Bridgeport/WhiteRock,15251701,5533,11,-564
2026-08-22T00:16:47.316492+00:00,1787357806,6715,351 Bridgeport/WhiteRock,15251701,5534,12,-565
2026-08-22T00:16:47.316492+00:00,1787357806,6715,351 Bridgeport/WhiteRock,15251701,5535,13,-534
2026-08-22T00:16:47.316492+00:00,1787357806,6715,351 Bridgeport/WhiteRock,15251701,5536,14,-534
2026-08-22T00:16:47.316492+00:00,1787357806,6715,351 Bridgeport/WhiteRock,15251701,5537,15,-515
2026-08-22T00:16:47.316492+00:00,1787357806,6715,351 Bridgeport/WhiteRock,15251701,5538,16,-509
2026-08-22T00:16:47.316492+00:00,1787357806,6715,351 Bridgeport/WhiteRock,15251701,5541,17,-453
2026-08-22T00:16:47.316492+00:00,1787357806,6715,351 Bridgeport/WhiteRock,15251701,5542,18,-432
2026-08-22T00:16:47.316492+00:00,1787357806,6715,351 Bridgeport/WhiteRock,15251701,6340,19,-381
2026-08-22T00:16:47.316492+00:00,1787357806,6715,351 Bridgeport/WhiteRock,15251701,6341,20,-365
2026-08-22T00:16:47.316492+00:00,1787357806,6715,351 Bridgeport/WhiteRock,15251701,6167,21,-356
2026-08-22T00:16:47.316492+00:00,1787357806,6715,351 Bridgeport/WhiteRock,15251702,11267,1,0
2026-08-22T00:16:47.316492+00:00,1787357806,6715,351 Bridgeport/WhiteRock,15251702,8283,2,-307
2026-08-22T00:16:47.316492+00:00,1787357806,6715,351 Bridgeport/WhiteRock,15251702,4929,3,0
2026-08-22T00:16:47.316492+00:00,1787357806,6715,351 Bridgeport/WhiteRock,15251702,6175,4,-647
2026-08-22T00:16:47.316492+00:00,1787357806,6715,351 Bridgeport/WhiteRock,15251702,5524,5,-598
2026-08-22T00:16:47.316492+00:00,1787357806,6715,351 Bridgeport/WhiteRock,15251702,5525,6,-611
2026-08-22T00:16:47.316492+00:00,1787357806,6715,351 Bridgeport/WhiteRock,15251702,10443,7,-609
2026-08-22T00:16:47.316492+00:00,1787357806,6715,351 Bridgeport/WhiteRock,15251702,5528,8,-589
2026-08-22T00:16:47.316492+00:00,1787357806,6715,351 Bridgeport/WhiteRock,15251702,5529,9,-597
2026-08-22T00:16:47.316492+00:00,1787357806,6715,351 Bridgeport/WhiteRock,15251702,5530,10,-595
2026-08-22T00:16:47.316492+00:00,1787357806,6715,351 Bridgeport/WhiteRock,15251702,5533,11,-577
2026-08-22T00:16:47.316492+00:00,1787357806,6715,351 Bridgeport/WhiteRock,15251702,5534,12,-579
2026-08-22T00:16:47.316492+00:00,1787357806,6715,351 Bridgeport/WhiteRock,15251702,5535,13,-549
2026-08-22T00:16:47.316492+00:00,1787357806,6715,351 Bridgeport/WhiteRock,15251702,5536,14,-548
2026-08-22T00:16:47.316492+00:00,1787357806,6715,351 Bridgeport/WhiteRock,15251702,5537,15,-529
2026-08-22T00:16:47.316492+00:00,1787357806,6715,351 Bridgeport/WhiteRock,15251702,5538,16,-524
2026-08-22T00:16:47.316492+00:00,1787357806,6715,351 Bridgeport/WhiteRock,15251702,5541,17,-476
2026-08-22T00:16:47.316492+00:00,1787357806,6715,351 Bridgeport/WhiteRock,15251702,5542,18,-453
2026-08-22T00:16:47.316492+00:00,1787357806,6715,351 Bridgeport/WhiteRock,15251702,6340,19,-407
2026-08-22T00:16:47.316492+00:00,1787357806,6715,351 Bridgeport/WhiteRock,15251702,6341,20,-393
2026-08-22T00:16:47.316492+00:00,1787357806,6715,351 Bridgeport/WhiteRock,15251702,6167,21,-379
2026-08-22T00:16:47.316492+00:00,1787357806,11692,364 Langley Centre/Scottsdale,15252682,4919,4,487
2026-08-22T00:16:47.316492+00:00,1787357806,11692,364 Langley Centre/Scottsdale,15252682,4921,5,420
2026-08-22T00:16:47.316492+00:00,1787357806,11692,364 Langley Centre/Scottsdale,15252682,11121,6,461
2026-08-22T00:16:47.316492+00:00,1787357806,11692,364 Langley Centre/Scottsdale,15252682,11142,7,411
2026-08-22T00:16:47.316492+00:00,1787357806,11692,364 Langley Centre/Scottsdale,15252682,11139,8,381
2026-08-22T00:16:47.316492+00:00,1787357806,11692,364 Langley Centre/Scottsdale,15252682,11156,9,349
2026-08-22T00:16:47.316492+00:00,1787357806,11692,364 Langley Centre/Scottsdale,15252682,5583,10,354
2026-08-22T00:16:47.316492+00:00,1787357806,11692,364 Langley Centre/Scottsdale,15252682,5584,11,311
2026-08-22T00:16:47.316492+00:00,1787357806,11692,364 Langley Centre/Scottsdale,15252682,6464,12,284
2026-08-22T00:16:47.316492+00:00,1787357806,11692,364 Langley Centre/Scottsdale,15252682,6465,13,247
2026-08-22T00:16:47.316492+00:00,1787357806,11692,364 Langley Centre/Scottsdale,15252682,11074,14,284
2026-08-22T00:16:47.316492+00:00,1787357806,11692,364 Langley Centre/Scottsdale,15252682,11153,15,242
2026-08-22T00:16:47.316492+00:00,1787357806,11692,364 Langley Centre/Scottsdale,15252682,11150,16,192
2026-08-22T00:16:47.316492+00:00,1787357806,11692,364 Langley Centre/Scottsdale,15252682,11148,17,164
2026-08-22T00:16:47.316492+00:00,1787357806,11692,364 Langley Centre/Scottsdale,15252682,11124,18,171
2026-08-22T00:16:47.316492+00:00,1787357806,11692,364 Langley Centre/Scottsdale,15252682,11140,19,123
2026-08-22T00:16:47.316492+00:00,1787357806,11692,364 Langley Centre/Scottsdale,15252682,11145,20,105
2026-08-22T00:16:47.316492+00:00,1787357806,11692,364 Langley Centre/Scottsdale,15252682,11076,21,0
2026-08-22T00:16:47.316492+00:00,1787357806,11692,364 Langley Centre/Scottsdale,15252682,12645,22,-231
2026-08-22T00:16:47.316492+00:00,1787357806,11692,364 Langley Centre/Scottsdale,15252682,9525,23,-232
2026-08-22T00:16:47.316492+00:00,1787357806,11692,364 Langley Centre/Scottsdale,15252682,10148,24,-209
2026-08-22T00:16:47.316492+00:00,1787357806,11692,364 Langley Centre/Scottsdale,15252682,10585,25,-232
2026-08-22T00:16:47.316492+00:00,1787357806,11692,364 Langley Centre/Scottsdale,15252682,10250,26,-244
2026-08-22T00:16:47.316492+00:00,1787357806,11692,364 Langley Centre/Scottsdale,15252682,10588,27,-255
2026-08-22T00:16:47.316492+00:00,1787357806,11692,364 Langley Centre/Scottsdale,15252682,10248,28,-194
2026-08-22T00:16:47.316492+00:00,1787357806,11692,364 Langley Centre/Scottsdale,15252682,10726,29,-195
2026-08-22T00:16:47.316492+00:00,1787357806,11692,364 Langley Centre/Scottsdale,15252682,10725,30,-212
2026-08-22T00:16:47.316492+00:00,1787357806,11692,364 Langley Centre/Scottsdale,15252682,10727,31,-234
2026-08-22T00:16:47.316492+00:00,1787357806,11692,364 Langley Centre/Scottsdale,15252682,10251,32,-244
2026-08-22T00:16:47.316492+00:00,1787357806,11692,364 Langley Centre/Scottsdale,15252682,10252,33,-270
2026-08-22T00:16:47.316492+00:00,1787357806,11692,364 Langley Centre/Scottsdale,15252682,10253,34,-281
2026-08-22T00:16:47.316492+00:00,1787357806,11692,364 Langley Centre/Scottsdale,15252682,10255,35,-301
2026-08-22T00:16:47.316492+00:00,1787357806,11692,364 Langley Centre/Scottsdale,15252682,5332,36,-241
2026-08-22T00:16:47.316492+00:00,1787357806,11692,364 Langley Centre/Scottsdale,15252682,12497,37,-273
2026-08-22T00:16:47.316492+00:00,1787357806,11692,364 Langley Centre/Scottsdale,15252682,5334,38,-284
2026-08-22T00:16:47.316492+00:00,1787357806,11692,364 Langley Centre/Scottsdale,15252682,6472,39,-275
2026-08-22T00:16:47.316492+00:00,1787357806,11692,364 Langley Centre/Scottsdale,15252682,6473,40,-280
2026-08-22T00:16:47.316492+00:00,1787357806,11692,364 Langley Centre/Scottsdale,15252682,6474,41,-280
2026-08-22T00:16:47.316492+00:00,1787357806,11692,364 Langley Centre/Scottsdale,15252682,9306,42,-230
2026-08-22T00:16:47.316492+00:00,1787357806,11692,364 Langley Centre/Scottsdale,15252682,11125,43,-246
2026-08-22T00:16:47.316492+00:00,1787357806,11692,364 Langley Centre/Scottsdale,15252682,9294,44,-239
2026-08-22T00:16:47.316492+00:00,1787357806,11692,364 Langley Centre/Scottsdale,15252682,9293,45,-247
2026-08-22T00:16:47.316492+00:00,1787357806,11692,364 Langley Centre/Scottsdale,15252682,11126,46,-238
2026-08-22T00:16:47.316492+00:00,1787357806,11692,364 Langley Centre/Scottsdale,15252682,7094,47,-285
2026-08-22T00:16:47.316492+00:00,1787357806,11692,364 Langley Centre/Scottsdale,15252683,10248,28,-246
2026-08-22T00:16:47.316492+00:00,1787357806,11692,364 Langley Centre/Scottsdale,15252683,10726,29,-248
2026-08-22T00:16:47.316492+00:00,1787357806,11692,364 Langley Centre/Scottsdale,15252683,10725,30,-268
2026-08-22T00:16:47.316492+00:00,1787357806,11692,364 Langley Centre/Scottsdale,15252683,10727,31,-295
2026-08-22T00:16:47.316492+00:00,1787357806,11692,364 Langley Centre/Scottsdale,15252683,10251,32,-316
2026-08-22T00:16:47.316492+00:00,1787357806,11692,364 Langley Centre/Scottsdale,15252683,10252,33,-348
2026-08-22T00:16:47.316492+00:00,1787357806,11692,364 Langley Centre/Scottsdale,15252683,10253,34,-371
2026-08-22T00:16:47.316492+00:00,1787357806,11692,364 Langley Centre/Scottsdale,15252683,10255,35,-398
2026-08-22T00:16:47.316492+00:00,1787357806,11692,364 Langley Centre/Scottsdale,15252683,5332,36,-341
2026-08-22T00:16:47.316492+00:00,1787357806,11692,364 Langley Centre/Scottsdale,15252683,12497,37,-380
2026-08-22T00:16:47.316492+00:00,1787357806,11692,364 Langley Centre/Scottsdale,15252683,5334,38,-393
2026-08-22T00:16:47.316492+00:00,1787357806,11692,364 Langley Centre/Scottsdale,15252683,6472,39,-383
2026-08-22T00:16:47.316492+00:00,1787357806,11692,364 Langley Centre/Scottsdale,15252683,6473,40,-390
2026-08-22T00:16:47.316492+00:00,1787357806,11692,364 Langley Centre/Scottsdale,15252683,6474,41,-403
2026-08-22T00:16:47.316492+00:00,1787357806,11692,364 Langley Centre/Scottsdale,15252683,9306,42,-352
2026-08-22T00:16:47.316492+00:00,1787357806,11692,364 Langley Centre/Scottsdale,15252683,11125,43,-364
2026-08-22T00:16:47.316492+00:00,1787357806,11692,364 Langley Centre/Scottsdale,15252683,9294,44,-377
2026-08-22T00:16:47.316492+00:00,1787357806,11692,364 Langley Centre/Scottsdale,15252683,9293,45,-391
2026-08-22T00:16:47.316492+00:00,1787357806,11692,364 Langley Centre/Scottsdale,15252683,11126,46,-384
2026-08-22T00:16:47.316492+00:00,1787357806,11692,364 Langley Centre/Scottsdale,15252683,7094,47,-415
2026-08-22T00:16:47.316492+00:00,1787357806,11692,364 Langley Centre/Scottsdale,15252697,6473,40,-74
2026-08-22T00:16:47.316492+00:00,1787357806,11692,364 Langley Centre/Scottsdale,15252697,6474,41,-85
2026-08-22T00:16:47.316492+00:00,1787357806,11692,364 Langley Centre/Scottsdale,15252697,9306,42,-32
2026-08-22T00:16:47.316492+00:00,1787357806,11692,364 Langley Centre/Scottsdale,15252697,11125,43,-49
2026-08-22T00:16:47.316492+00:00,1787357806,11692,364 Langley Centre/Scottsdale,15252697,9294,44,-46
2026-08-22T00:16:47.316492+00:00,1787357806,11692,364 Langley Centre/Scottsdale,15252697,9293,45,-58
2026-08-22T00:16:47.316492+00:00,1787357806,11692,364 Langley Centre/Scottsdale,15252697,11126,46,-53
2026-08-22T00:16:47.316492+00:00,1787357806,11692,364 Langley Centre/Scottsdale,15252697,7094,47,-84
2026-08-22T00:16:47.316492+00:00,1787357806,11692,364 Langley Centre/Scottsdale,15252700,11124,18,21
2026-08-22T00:16:47.316492+00:00,1787357806,11692,364 Langley Centre/Scottsdale,15252700,11140,19,-26
2026-08-22T00:16:47.316492+00:00,1787357806,11692,364 Langley Centre/Scottsdale,15252700,11145,20,-39
2026-08-22T00:16:47.316492+00:00,1787357806,11692,364 Langley Centre/Scottsdale,15252700,11076,21,0
2026-08-22T00:16:47.316492+00:00,1787357806,11692,364 Langley Centre/Scottsdale,15252700,12645,22,-231
2026-08-22T00:16:47.316492+00:00,1787357806,11692,364 Langley Centre/Scottsdale,15252700,9525,23,-232
2026-08-22T00:16:47.316492+00:00,1787357806,11692,364 Langley Centre/Scottsdale,15252700,10148,24,-209
2026-08-22T00:16:47.316492+00:00,1787357806,11692,364 Langley Centre/Scottsdale,15252700,10585,25,-232
2026-08-22T00:16:47.316492+00:00,1787357806,11692,364 Langley Centre/Scottsdale,15252700,10250,26,-244
2026-08-22T00:16:47.316492+00:00,1787357806,11692,364 Langley Centre/Scottsdale,15252700,10588,27,-254
2026-08-22T00:16:47.316492+00:00,1787357806,11692,364 Langley Centre/Scottsdale,15252700,10248,28,-193
2026-08-22T00:16:47.316492+00:00,1787357806,11692,364 Langley Centre/Scottsdale,15252700,10726,29,-194
2026-08-22T00:16:47.316492+00:00,1787357806,11692,364 Langley Centre/Scottsdale,15252700,10725,30,-211
2026-08-22T00:16:47.316492+00:00,1787357806,11692,364 Langley Centre/Scottsdale,15252700,10727,31,-233
2026-08-22T00:16:47.316492+00:00,1787357806,11692,364 Langley Centre/Scottsdale,15252700,10251,32,-243
2026-08-22T00:16:47.316492+00:00,1787357806,11692,364 Langley Centre/Scottsdale,15252700,10252,33,-269
2026-08-22T00:16:47.316492+00:00,1787357806,11692,364 Langley Centre/Scottsdale,15252700,10253,34,-280
2026-08-22T00:16:47.316492+00:00,1787357806,11692,364 Langley Centre/Scottsdale,15252700,10255,35,-301
2026-08-22T00:16:47.316492+00:00,1787357806,11692,364 Langley Centre/Scottsdale,15252700,5332,36,-240
2026-08-22T00:16:47.316492+00:00,1787357806,11692,364 Langley Centre/Scottsdale,15252700,12497,37,-272
2026-08-22T00:16:47.316492+00:00,1787357806,11692,364 Langley Centre/Scottsdale,15252700,5334,38,-283
2026-08-22T00:16:47.316492+00:00,1787357806,11692,364 Langley Centre/Scottsdale,15252700,6472,39,-274
2026-08-22T00:16:47.316492+00:00,1787357806,11692,364 Langley Centre/Scottsdale,15252700,6473,40,-278
2026-08-22T00:16:47.316492+00:00,1787357806,11692,364 Langley Centre/Scottsdale,15252700,6474,41,-278
2026-08-22T00:16:47.316492+00:00,1787357806,11692,364 Langley Centre/Scottsdale,15252700,9306,42,-227
2026-08-22T00:16:47.316492+00:00,1787357806,11692,364 Langley Centre/Scottsdale,15252700,11125,43,-216
2026-08-22T00:16:47.316492+00:00,1787357806,11692,364 Langley Centre/Scottsdale,15252700,9294,44,-206
2026-08-22T00:16:47.316492+00:00,1787357806,11692,364 Langley Centre/Scottsdale,15252700,9293,45,-218
2026-08-22T00:16:47.316492+00:00,1787357806,11692,364 Langley Centre/Scottsdale,15252700,11126,46,-208
2026-08-22T00:16:47.316492+00:00,1787357806,11692,364 Langley Centre/Scottsdale,15252700,7094,47,-220
2026-08-22T00:16:47.316492+00:00,1787357806,11692,364 Langley Centre/Scottsdale,15252714,6475,9,-110
2026-08-22T00:16:47.316492+00:00,1787357806,11692,364 Langley Centre/Scottsdale,15252714,6476,10,-145
2026-08-22T00:16:47.316492+00:00,1787357806,11692,364 Langley Centre/Scottsdale,15252714,5381,11,-167
2026-08-22T00:16:47.316492+00:00,1787357806,11692,364 Langley Centre/Scottsdale,15252714,12496,12,-181
2026-08-22T00:16:47.316492+00:00,1787357806,11692,364 Langley Centre/Scottsdale,15252714,5382,13,-210
2026-08-22T00:16:47.316492+00:00,1787357806,11692,364 Langley Centre/Scottsdale,15252714,12516,14,-53
2026-08-22T00:16:47.316492+00:00,1787357806,11692,364 Langley Centre/Scottsdale,15252714,10257,15,-104
2026-08-22T00:16:47.316492+00:00,1787357806,11692,364 Langley Centre/Scottsdale,15252714,10258,16,-122
2026-08-22T00:16:47.316492+00:00,1787357806,11692,364 Langley Centre/Scottsdale,15252714,10259,17,-179
2026-08-22T00:16:47.316492+00:00,1787357806,11692,364 Langley Centre/Scottsdale,15252714,10260,18,0
2026-08-22T00:16:47.316492+00:00,1787357806,11692,364 Langley Centre/Scottsdale,15252714,10729,19,-55
2026-08-22T00:16:47.316492+00:00,1787357806,11692,364 Langley Centre/Scottsdale,15252714,13067,20,-80
2026-08-22T00:16:47.316492+00:00,1787357806,11692,364 Langley Centre/Scottsdale,15252714,10633,21,-103
2026-08-22T00:16:47.316492+00:00,1787357806,11692,364 Langley Centre/Scottsdale,15252714,10149,22,-8
2026-08-22T00:16:47.316492+00:00,1787357806,11692,364 Langley Centre/Scottsdale,15252714,10587,23,-30
2026-08-22T00:16:47.316492+00:00,1787357806,11692,364 Langley Centre/Scottsdale,15252714,10261,24,-73
2026-08-22T00:16:47.316492+00:00,1787357806,11692,364 Langley Centre/Scottsdale,15252714,10586,25,-114
2026-08-22T00:16:47.316492+00:00,1787357806,11692,364 Langley Centre/Scottsdale,15252714,9547,26,-85
2026-08-22T00:16:47.316492+00:00,1787357806,11692,364 Langley Centre/Scottsdale,15252714,9526,27,-122
2026-08-22T00:16:47.316492+00:00,1787357806,11692,364 Langley Centre/Scottsdale,15252714,12646,28,-139
2026-08-22T00:16:47.316492+00:00,1787357806,11692,364 Langley Centre/Scottsdale,15252714,11075,29,-182
2026-08-22T00:16:47.316492+00:00,1787357806,11692,364 Langley Centre/Scottsdale,15252714,11174,30,-213
2026-08-22T00:16:47.316492+00:00,1787357806,11692,364 Langley Centre/Scottsdale,15252714,11175,31,-249
2026-08-22T00:16:47.316492+00:00,1787357806,11692,364 Langley Centre/Scottsdale,15252714,11123,32,-203
2026-08-22T00:16:47.316492+00:00,1787357806,11692,364 Langley Centre/Scottsdale,15252714,11176,33,-211
2026-08-22T00:16:47.316492+00:00,1787357806,11692,364 Langley Centre/Scottsdale,15252714,11177,34,-243
2026-08-22T00:16:47.316492+00:00,1787357806,11692,364 Langley Centre/Scottsdale,15252714,11178,35,-275
2026-08-22T00:16:47.316492+00:00,1787357806,11692,364 Langley Centre/Scottsdale,15252714,6459,36,-188
2026-08-22T00:16:47.316492+00:00,1787357806,11692,364 Langley Centre/Scottsdale,15252714,6460,37,-199
2026-08-22T00:16:47.316492+00:00,1787357806,11692,364 Langley Centre/Scottsdale,15252714,5621,38,-201
2026-08-22T00:16:47.316492+00:00,1787357806,11692,364 Langley Centre/Scottsdale,15252714,5622,39,-229
2026-08-22T00:16:47.316492+00:00,1787357806,11692,364 Langley Centre/Scottsdale,15252714,11122,40,-218
2026-08-22T00:16:47.316492+00:00,1787357806,11692,364 Langley Centre/Scottsdale,15252714,11155,41,-235
2026-08-22T00:16:47.316492+00:00,1787357806,11692,364 Langley Centre/Scottsdale,15252714,11143,42,-249
2026-08-22T00:16:47.316492+00:00,1787357806,11692,364 Langley Centre/Scottsdale,15252714,11141,43,-285
2026-08-22T00:16:47.316492+00:00,1787357806,11692,364 Langley Centre/Scottsdale,15252714,4936,44,-281
2026-08-22T00:16:47.316492+00:00,1787357806,11692,364 Langley Centre/Scottsdale,15252714,4937,45,-307
2026-08-22T00:16:47.316492+00:00,1787357806,11692,364 Langley Centre/Scottsdale,15252714,4938,46,-336
2026-08-22T00:16:47.316492+00:00,1787357806,11692,364 Langley Centre/Scottsdale,15252714,5229,47,-344
2026-08-22T00:16:47.316492+00:00,1787357806,11692,364 Langley Centre/Scottsdale,15252714,4917,48,-299
2026-08-22T00:16:47.316492+00:00,1787357806,11692,364 Langley Centre/Scottsdale,15252715,11075,29,-14
2026-08-22T00:16:47.316492+00:00,1787357806,11692,364 Langley Centre/Scottsdale,15252715,11174,30,-47
2026-08-22T00:16:47.316492+00:00,1787357806,11692,364 Langley Centre/Scottsdale,15252715,11175,31,-83
2026-08-22T00:16:47.316492+00:00,1787357806,11692,364 Langley Centre/Scottsdale,15252715,11123,32,-37
2026-08-22T00:16:47.316492+00:00,1787357806,11692,364 Langley Centre/Scottsdale,15252715,11176,33,-41
2026-08-22T00:16:47.316492+00:00,1787357806,11692,364 Langley Centre/Scottsdale,15252715,11177,34,-74
2026-08-22T00:16:47.316492+00:00,1787357806,11692,364 Langley Centre/Scottsdale,15252715,11178,35,-107
2026-08-22T00:16:47.316492+00:00,1787357806,11692,364 Langley Centre/Scottsdale,15252715,6459,36,-21
2026-08-22T00:16:47.316492+00:00,1787357806,11692,364 Langley Centre/Scottsdale,15252715,6460,37,-35
2026-08-22T00:16:47.316492+00:00,1787357806,11692,364 Langley Centre/Scottsdale,15252715,5621,38,-36
2026-08-22T00:16:47.316492+00:00,1787357806,11692,364 Langley Centre/Scottsdale,15252715,5622,39,-64
2026-08-22T00:16:47.316492+00:00,1787357806,11692,364 Langley Centre/Scottsdale,15252715,11122,40,-33
2026-08-22T00:16:47.316492+00:00,1787357806,11692,364 Langley Centre/Scottsdale,15252715,11155,41,-52
2026-08-22T00:16:47.316492+00:00,1787357806,11692,364 Langley Centre/Scottsdale,15252715,11143,42,-64
2026-08-22T00:16:47.316492+00:00,1787357806,11692,364 Langley Centre/Scottsdale,15252715,11141,43,-101
2026-08-22T00:16:47.316492+00:00,1787357806,11692,364 Langley Centre/Scottsdale,15252715,4936,44,-95
2026-08-22T00:16:47.316492+00:00,1787357806,11692,364 Langley Centre/Scottsdale,15252715,4937,45,-121
2026-08-22T00:16:47.316492+00:00,1787357806,11692,364 Langley Centre/Scottsdale,15252715,4938,46,-149
2026-08-22T00:16:47.316492+00:00,1787357806,11692,364 Langley Centre/Scottsdale,15252715,5229,47,-151
2026-08-22T00:16:47.316492+00:00,1787357806,11692,364 Langley Centre/Scottsdale,15252715,4917,48,-94
2026-08-22T00:16:47.316492+00:00,1787357806,11692,364 Langley Centre/Scottsdale,15252751,6460,37,-253
2026-08-22T00:16:47.316492+00:00,1787357806,11692,364 Langley Centre/Scottsdale,15252751,5621,38,-257
2026-08-22T00:16:47.316492+00:00,1787357806,11692,364 Langley Centre/Scottsdale,15252751,5622,39,-289
2026-08-22T00:16:47.316492+00:00,1787357806,11692,364 Langley Centre/Scottsdale,15252751,11122,40,-262
2026-08-22T00:16:47.316492+00:00,1787357806,11692,364 Langley Centre/Scottsdale,15252751,11155,41,-285
2026-08-22T00:16:47.316492+00:00,1787357806,11692,364 Langley Centre/Scottsdale,15252751,11143,42,-301
2026-08-22T00:16:47.316492+00:00,1787357806,11692,364 Langley Centre/Scottsdale,15252751,11141,43,-340
2026-08-22T00:16:47.316492+00:00,1787357806,11692,364 Langley Centre/Scottsdale,15252751,4936,44,-335
2026-08-22T00:16:47.316492+00:00,1787357806,11692,364 Langley Centre/Scottsdale,15252751,4937,45,-361
2026-08-22T00:16:47.316492+00:00,1787357806,11692,364 Langley Centre/Scottsdale,15252751,4938,46,-389
2026-08-22T00:16:47.316492+00:00,1787357806,11692,364 Langley Centre/Scottsdale,15252751,5229,47,-392
2026-08-22T00:16:47.316492+00:00,1787357806,11692,364 Langley Centre/Scottsdale,15252751,4917,48,-337
2026-08-22T00:16:47.316492+00:00,1787357806,11692,364 Langley Centre/Scottsdale,15252752,10260,18,0
2026-08-22T00:16:47.316492+00:00,1787357806,11692,364 Langley Centre/Scottsdale,15252752,10729,19,-55
2026-08-22T00:16:47.316492+00:00,1787357806,11692,364 Langley Centre/Scottsdale,15252752,13067,20,-80
2026-08-22T00:16:47.316492+00:00,1787357806,11692,364 Langley Centre/Scottsdale,15252752,10633,21,-104
2026-08-22T00:16:47.316492+00:00,1787357806,11692,364 Langley Centre/Scottsdale,15252752,10149,22,-9
2026-08-22T00:16:47.316492+00:00,1787357806,11692,364 Langley Centre/Scottsdale,15252752,10587,23,-33
2026-08-22T00:16:47.316492+00:00,1787357806,11692,364 Langley Centre/Scottsdale,15252752,10261,24,-74
2026-08-22T00:16:47.316492+00:00,1787357806,11692,364 Langley Centre/Scottsdale,15252752,10586,25,-115
2026-08-22T00:16:47.316492+00:00,1787357806,11692,364 Langley Centre/Scottsdale,15252752,9547,26,-86
2026-08-22T00:16:47.316492+00:00,1787357806,11692,364 Langley Centre/Scottsdale,15252752,9526,27,-120
2026-08-22T00:16:47.316492+00:00,1787357806,11692,364 Langley Centre/Scottsdale,15252752,12646,28,-137
2026-08-22T00:16:47.316492+00:00,1787357806,11692,364 Langley Centre/Scottsdale,15252752,11075,29,-180
2026-08-22T00:16:47.316492+00:00,1787357806,11692,364 Langley Centre/Scottsdale,15252752,11174,30,-212
2026-08-22T00:16:47.316492+00:00,1787357806,11692,364 Langley Centre/Scottsdale,15252752,11175,31,-247
2026-08-22T00:16:47.316492+00:00,1787357806,11692,364 Langley Centre/Scottsdale,15252752,11123,32,-202
2026-08-22T00:16:47.316492+00:00,1787357806,11692,364 Langley Centre/Scottsdale,15252752,11176,33,-207
2026-08-22T00:16:47.316492+00:00,1787357806,11692,364 Langley Centre/Scottsdale,15252752,11177,34,-239
2026-08-22T00:16:47.316492+00:00,1787357806,11692,364 Langley Centre/Scottsdale,15252752,11178,35,-272
2026-08-22T00:16:47.316492+00:00,1787357806,11692,364 Langley Centre/Scottsdale,15252752,6459,36,-186
2026-08-22T00:16:47.316492+00:00,1787357806,11692,364 Langley Centre/Scottsdale,15252752,6460,37,-200
2026-08-22T00:16:47.316492+00:00,1787357806,11692,364 Langley Centre/Scottsdale,15252752,5621,38,-201
2026-08-22T00:16:47.316492+00:00,1787357806,11692,364 Langley Centre/Scottsdale,15252752,5622,39,-229
2026-08-22T00:16:47.316492+00:00,1787357806,11692,364 Langley Centre/Scottsdale,15252752,11122,40,-198
2026-08-22T00:16:47.316492+00:00,1787357806,11692,364 Langley Centre/Scottsdale,15252752,11155,41,-217
2026-08-22T00:16:47.316492+00:00,1787357806,11692,364 Langley Centre/Scottsdale,15252752,11143,42,-230
2026-08-22T00:16:47.316492+00:00,1787357806,11692,364 Langley Centre/Scottsdale,15252752,11141,43,-267
2026-08-22T00:16:47.316492+00:00,1787357806,11692,364 Langley Centre/Scottsdale,15252752,4936,44,-260
2026-08-22T00:16:47.316492+00:00,1787357806,11692,364 Langley Centre/Scottsdale,15252752,4937,45,-286
2026-08-22T00:16:47.316492+00:00,1787357806,11692,364 Langley Centre/Scottsdale,15252752,4938,46,-313
2026-08-22T00:16:47.316492+00:00,1787357806,11692,364 Langley Centre/Scottsdale,15252752,5229,47,-314
2026-08-22T00:16:47.316492+00:00,1787357806,11692,364 Langley Centre/Scottsdale,15252752,4917,48,-256
2026-08-22T00:16:47.316492+00:00,1787357806,18705,531 WhiteRock/WillowBrook,15259154,9303,50,284
2026-08-22T00:16:47.316492+00:00,1787357806,18705,531 WhiteRock/WillowBrook,15259154,9304,51,279
2026-08-22T00:16:47.316492+00:00,1787357806,18705,531 WhiteRock/WillowBrook,15259154,6475,52,329
2026-08-22T00:16:47.316492+00:00,1787357806,18705,531 WhiteRock/WillowBrook,15259154,6476,53,317
2026-08-22T00:16:47.316492+00:00,1787357806,18705,531 WhiteRock/WillowBrook,15259154,5335,54,324
2026-08-22T00:16:47.316492+00:00,1787357806,18705,531 WhiteRock/WillowBrook,15259154,7100,55,362
2026-08-22T00:16:47.316492+00:00,1787357806,18705,531 WhiteRock/WillowBrook,15259155,5342,44,-140
2026-08-22T00:16:47.316492+00:00,1787357806,18705,531 WhiteRock/WillowBrook,15259155,12293,45,-133
2026-08-22T00:16:47.316492+00:00,1787357806,18705,531 WhiteRock/WillowBrook,15259155,12173,46,-67
2026-08-22T00:16:47.316492+00:00,1787357806,18705,531 WhiteRock/WillowBrook,15259155,9291,47,-93
2026-08-22T00:16:47.316492+00:00,1787357806,18705,531 WhiteRock/WillowBrook,15259155,9292,48,-98
2026-08-22T00:16:47.316492+00:00,1787357806,18705,531 WhiteRock/WillowBrook,15259155,11264,49,-67
2026-08-22T00:16:47.316492+00:00,1787357806,18705,531 WhiteRock/WillowBrook,15259155,9303,50,-69
2026-08-22T00:16:47.316492+00:00,1787357806,18705,531 WhiteRock/WillowBrook,15259155,9304,51,-74
2026-08-22T00:16:47.316492+00:00,1787357806,18705,531 WhiteRock/WillowBrook,15259155,6475,52,-22
2026-08-22T00:16:47.316492+00:00,1787357806,18705,531 WhiteRock/WillowBrook,15259155,6476,53,-32
2026-08-22T00:16:47.316492+00:00,1787357806,18705,531 WhiteRock/WillowBrook,15259155,5335,54,-24
2026-08-22T00:16:47.316492+00:00,1787357806,18705,531 WhiteRock/WillowBrook,15259155,7100,55,15
2026-08-22T00:16:47.316492+00:00,1787357806,18705,531 WhiteRock/WillowBrook,15259176,11839,24,-2
2026-08-22T00:16:47.316492+00:00,1787357806,18705,531 WhiteRock/WillowBrook,15259176,12922,25,-16
2026-08-22T00:16:47.316492+00:00,1787357806,18705,531 WhiteRock/WillowBrook,15259176,12923,26,-51
2026-08-22T00:16:47.316492+00:00,1787357806,18705,531 WhiteRock/WillowBrook,15259176,12925,27,-49
2026-08-22T00:16:47.316492+00:00,1787357806,18705,531 WhiteRock/WillowBrook,15259176,12928,28,-72
2026-08-22T00:16:47.316492+00:00,1787357806,18705,531 WhiteRock/WillowBrook,15259176,12930,29,-89
2026-08-22T00:16:47.316492+00:00,1787357806,18705,531 WhiteRock/WillowBrook,15259176,13042,30,-104
2026-08-22T00:16:47.316492+00:00,1787357806,18705,531 WhiteRock/WillowBrook,15259176,8936,31,-94
2026-08-22T00:16:47.316492+00:00,1787357806,18705,531 WhiteRock/WillowBrook,15259176,9030,32,-105
2026-08-22T00:16:47.316492+00:00,1787357806,18705,531 WhiteRock/WillowBrook,15259176,8937,33,-126
2026-08-22T00:16:47.316492+00:00,1787357806,18705,531 WhiteRock/WillowBrook,15259176,8938,34,-127
2026-08-22T00:16:47.316492+00:00,1787357806,18705,531 WhiteRock/WillowBrook,15259176,7081,35,-127
2026-08-22T00:16:47.316492+00:00,1787357806,18705,531 WhiteRock/WillowBrook,15259176,7082,36,-133
2026-08-22T00:16:47.316492+00:00,1787357806,18705,531 WhiteRock/WillowBrook,15259176,7083,37,-161
2026-08-22T00:16:47.316492+00:00,1787357806,18705,531 WhiteRock/WillowBrook,15259176,7084,38,-180
2026-08-22T00:16:47.316492+00:00,1787357806,18705,531 WhiteRock/WillowBrook,15259176,7085,39,-216
2026-08-22T00:16:47.316492+00:00,1787357806,18705,531 WhiteRock/WillowBrook,15259176,8939,40,-230
2026-08-22T00:16:47.316492+00:00,1787357806,18705,531 WhiteRock/WillowBrook,15259176,7086,41,-242
2026-08-22T00:16:47.316492+00:00,1787357806,18705,531 WhiteRock/WillowBrook,15259176,8940,42,-269
2026-08-22T00:16:47.316492+00:00,1787357806,18705,531 WhiteRock/WillowBrook,15259176,5341,43,-287
2026-08-22T00:16:47.316492+00:00,1787357806,18705,531 WhiteRock/WillowBrook,15259176,5342,44,-289
2026-08-22T00:16:47.316492+00:00,1787357806,18705,531 WhiteRock/WillowBrook,15259176,12293,45,-281
2026-08-22T00:16:47.316492+00:00,1787357806,18705,531 WhiteRock/WillowBrook,15259176,12173,46,-213
2026-08-22T00:16:47.316492+00:00,1787357806,18705,531 WhiteRock/WillowBrook,15259176,9291,47,-239
2026-08-22T00:16:47.316492+00:00,1787357806,18705,531 WhiteRock/WillowBrook,15259176,9292,48,-244
2026-08-22T00:16:47.316492+00:00,1787357806,18705,531 WhiteRock/WillowBrook,15259176,11264,49,-208
2026-08-22T00:16:47.316492+00:00,1787357806,18705,531 WhiteRock/WillowBrook,15259176,9303,50,-204
2026-08-22T00:16:47.316492+00:00,1787357806,18705,531 WhiteRock/WillowBrook,15259176,9304,51,-208
2026-08-22T00:16:47.316492+00:00,1787357806,18705,531 WhiteRock/WillowBrook,15259176,6475,52,-161
2026-08-22T00:16:47.316492+00:00,1787357806,18705,531 WhiteRock/WillowBrook,15259176,6476,53,-171
2026-08-22T00:16:47.316492+00:00,1787357806,18705,531 WhiteRock/WillowBrook,15259176,5335,54,-161
2026-08-22T00:16:47.316492+00:00,1787357806,18705,531 WhiteRock/WillowBrook,15259176,7100,55,-116
2026-08-22T00:16:47.316492+00:00,1787357806,18705,531 WhiteRock/WillowBrook,15259178,11583,9,140
2026-08-22T00:16:47.316492+00:00,1787357806,18705,531 WhiteRock/WillowBrook,15259178,11574,10,159
2026-08-22T00:16:47.316492+00:00,1787357806,18705,531 WhiteRock/WillowBrook,15259178,11736,11,186
2026-08-22T00:16:47.316492+00:00,1787357806,18705,531 WhiteRock/WillowBrook,15259178,12379,12,184
2026-08-22T00:16:47.316492+00:00,1787357806,18705,531 WhiteRock/WillowBrook,15259178,11738,13,162
2026-08-22T00:16:47.316492+00:00,1787357806,18705,531 WhiteRock/WillowBrook,15259178,11743,14,140
2026-08-22T00:16:47.316492+00:00,1787357806,18705,531 WhiteRock/WillowBrook,15259178,12306,15,81
2026-08-22T00:16:47.316492+00:00,1787357806,18705,531 WhiteRock/WillowBrook,15259178,12218,16,32
2026-08-22T00:16:47.316492+00:00,1787357806,18705,531 WhiteRock/WillowBrook,15259178,11924,17,-34
2026-08-22T00:16:47.316492+00:00,1787357806,18705,531 WhiteRock/WillowBrook,15259178,13131,18,-70
2026-08-22T00:16:47.316492+00:00,1787357806,18705,531 WhiteRock/WillowBrook,15259178,11923,19,-95
2026-08-22T00:16:47.316492+00:00,1787357806,18705,531 WhiteRock/WillowBrook,15259178,12597,20,-158
2026-08-22T00:16:47.316492+00:00,1787357806,18705,531 WhiteRock/WillowBrook,15259178,11922,21,-172
2026-08-22T00:16:47.316492+00:00,1787357806,18705,531 WhiteRock/WillowBrook,15259178,11744,22,-157
2026-08-22T00:16:47.316492+00:00,1787357806,18705,531 WhiteRock/WillowBrook,15259178,11746,23,-177
2026-08-22T00:16:47.316492+00:00,1787357806,18705,531 WhiteRock/WillowBrook,15259178,11839,24,-173
2026-08-22T00:16:47.316492+00:00,1787357806,18705,531 WhiteRock/WillowBrook,15259178,12922,25,-181
2026-08-22T00:16:47.316492+00:00,1787357806,18705,531 WhiteRock/WillowBrook,15259178,12923,26,-208
2026-08-22T00:16:47.316492+00:00,1787357806,18705,531 WhiteRock/WillowBrook,15259178,12925,27,-213
2026-08-22T00:16:47.316492+00:00,1787357806,18705,531 WhiteRock/WillowBrook,15259178,12928,28,-232
2026-08-22T00:16:47.316492+00:00,1787357806,18705,531 WhiteRock/WillowBrook,15259178,12930,29,-246
2026-08-22T00:16:47.316492+00:00,1787357806,18705,531 WhiteRock/WillowBrook,15259178,13042,30,-258
2026-08-22T00:16:47.316492+00:00,1787357806,18705,531 WhiteRock/WillowBrook,15259178,8936,31,-243
2026-08-22T00:16:47.316492+00:00,1787357806,18705,531 WhiteRock/WillowBrook,15259178,9030,32,-252
2026-08-22T00:16:47.316492+00:00,1787357806,18705,531 WhiteRock/WillowBrook,15259178,8937,33,-271
2026-08-22T00:16:47.316492+00:00,1787357806,18705,531 WhiteRock/WillowBrook,15259178,8938,34,-267
2026-08-22T00:16:47.316492+00:00,1787357806,18705,531 WhiteRock/WillowBrook,15259178,7081,35,-266
2026-08-22T00:16:47.316492+00:00,1787357806,18705,531 WhiteRock/WillowBrook,15259178,7082,36,-272
2026-08-22T00:16:47.316492+00:00,1787357806,18705,531 WhiteRock/WillowBrook,15259178,7083,37,-295
2026-08-22T00:16:47.316492+00:00,1787357806,18705,531 WhiteRock/WillowBrook,15259178,7084,38,-312
2026-08-22T00:16:47.316492+00:00,1787357806,18705,531 WhiteRock/WillowBrook,15259178,7085,39,-344
2026-08-22T00:16:47.316492+00:00,1787357806,18705,531 WhiteRock/WillowBrook,15259178,8939,40,-355
2026-08-22T00:16:47.316492+00:00,1787357806,18705,531 WhiteRock/WillowBrook,15259178,7086,41,-364
2026-08-22T00:16:47.316492+00:00,1787357806,18705,531 WhiteRock/WillowBrook,15259178,8940,42,-385
2026-08-22T00:16:47.316492+00:00,1787357806,18705,531 WhiteRock/WillowBrook,15259178,5341,43,-391
2026-08-22T00:16:47.316492+00:00,1787357806,18705,531 WhiteRock/WillowBrook,15259178,5342,44,-390
2026-08-22T00:16:47.316492+00:00,1787357806,18705,531 WhiteRock/WillowBrook,15259178,12293,45,-380
2026-08-22T00:16:47.316492+00:00,1787357806,18705,531 WhiteRock/WillowBrook,15259178,12173,46,-306
2026-08-22T00:16:47.316492+00:00,1787357806,18705,531 WhiteRock/WillowBrook,15259178,9291,47,-321
2026-08-22T00:16:47.316492+00:00,1787357806,18705,531 WhiteRock/WillowBrook,15259178,9292,48,-322
2026-08-22T00:16:47.316492+00:00,1787357806,18705,531 WhiteRock/WillowBrook,15259178,11264,49,-291
2026-08-22T00:16:47.316492+00:00,1787357806,18705,531 WhiteRock/WillowBrook,15259178,9303,50,-289
2026-08-22T00:16:47.316492+00:00,1787357806,18705,531 WhiteRock/WillowBrook,15259178,9304,51,-293
2026-08-22T00:16:47.316492+00:00,1787357806,18705,531 WhiteRock/WillowBrook,15259178,6475,52,-249
2026-08-22T00:16:47.316492+00:00,1787357806,18705,531 WhiteRock/WillowBrook,15259178,6476,53,-256
2026-08-22T00:16:47.316492+00:00,1787357806,18705,531 WhiteRock/WillowBrook,15259178,5335,54,-246
2026-08-22T00:16:47.316492+00:00,1787357806,18705,531 WhiteRock/WillowBrook,15259178,7100,55,-208
2026-08-22T00:16:47.316492+00:00,1787357806,18705,531 WhiteRock/WillowBrook,15259208,11741,40,-58
2026-08-22T00:16:47.316492+00:00,1787357806,18705,531 WhiteRock/WillowBrook,15259208,11740,41,-79
2026-08-22T00:16:47.316492+00:00,1787357806,18705,531 WhiteRock/WillowBrook,15259208,11739,42,-27
2026-08-22T00:16:47.316492+00:00,1787357806,18705,531 WhiteRock/WillowBrook,15259208,11737,43,17
2026-08-22T00:16:47.316492+00:00,1787357806,18705,531 WhiteRock/WillowBrook,15259208,11757,44,-19
2026-08-22T00:16:47.316492+00:00,1787357806,18705,531 WhiteRock/WillowBrook,15259208,11735,45,20
2026-08-22T00:16:47.316492+00:00,1787357806,18705,531 WhiteRock/WillowBrook,15259208,11756,46,27
2026-08-22T00:16:47.316492+00:00,1787357806,18705,531 WhiteRock/WillowBrook,15259208,5535,47,56
2026-08-22T00:16:47.316492+00:00,1787357806,18705,531 WhiteRock/WillowBrook,15259208,5536,48,29
2026-08-22T00:16:47.316492+00:00,1787357806,18705,531 WhiteRock/WillowBrook,15259208,5537,49,38
2026-08-22T00:16:47.316492+00:00,1787357806,18705,531 WhiteRock/WillowBrook,15259208,5538,50,32
2026-08-22T00:16:47.316492+00:00,1787357806,18705,531 WhiteRock/WillowBrook,15259208,5539,51,30
2026-08-22T00:16:47.316492+00:00,1787357806,18705,531 WhiteRock/WillowBrook,15259208,5540,52,36
2026-08-22T00:16:47.316492+00:00,1787357806,18705,531 WhiteRock/WillowBrook,15259209,12926,28,-32
2026-08-22T00:16:47.316492+00:00,1787357806,18705,531 WhiteRock/WillowBrook,15259209,12924,29,-48
2026-08-22T00:16:47.316492+00:00,1787357806,18705,531 WhiteRock/WillowBrook,15259209,11751,30,-45
2026-08-22T00:16:47.316492+00:00,1787357806,18705,531 WhiteRock/WillowBrook,15259209,11750,31,-87
2026-08-22T00:16:47.316492+00:00,1787357806,18705,531 WhiteRock/WillowBrook,15259209,11747,32,-116
2026-08-22T00:16:47.316492+00:00,1787357806,18705,531 WhiteRock/WillowBrook,15259209,11745,33,-121
2026-08-22T00:16:47.316492+00:00,1787357806,18705,531 WhiteRock/WillowBrook,15259209,13040,34,-130
2026-08-22T00:16:47.316492+00:00,1787357806,18705,531 WhiteRock/WillowBrook,15259209,12598,35,-156
2026-08-22T00:16:47.316492+00:00,1787357806,18705,531 WhiteRock/WillowBrook,15259209,11920,36,-217
2026-08-22T00:16:47.316492+00:00,1787357806,18705,531 WhiteRock/WillowBrook,15259209,13130,37,-255
2026-08-22T00:16:47.316492+00:00,1787357806,18705,531 WhiteRock/WillowBrook,15259209,11925,38,-292
2026-08-22T00:16:47.316492+00:00,1787357806,18705,531 WhiteRock/WillowBrook,15259209,12219,39,-326
2026-08-22T00:16:47.316492+00:00,1787357806,18705,531 WhiteRock/WillowBrook,15259209,11741,40,-467
2026-08-22T00:16:47.316492+00:00,1787357806,18705,531 WhiteRock/WillowBrook,15259209,11740,41,-488
2026-08-22T00:16:47.316492+00:00,1787357806,18705,531 WhiteRock/WillowBrook,15259209,11739,42,-439
2026-08-22T00:16:47.316492+00:00,1787357806,18705,531 WhiteRock/WillowBrook,15259209,11737,43,-390
2026-08-22T00:16:47.316492+00:00,1787357806,18705,531 WhiteRock/WillowBrook,15259209,11757,44,-424
2026-08-22T00:16:47.316492+00:00,1787357806,18705,531 WhiteRock/WillowBrook,15259209,11735,45,-385
2026-08-22T00:16:47.316492+00:00,1787357806,18705,531 WhiteRock/WillowBrook,15259209,11756,46,-378
2026-08-22T00:16:47.316492+00:00,1787357806,18705,531 WhiteRock/WillowBrook,15259209,5535,47,-349
2026-08-22T00:16:47.316492+00:00,1787357806,18705,531 WhiteRock/WillowBrook,15259209,5536,48,-377
2026-08-22T00:16:47.316492+00:00,1787357806,18705,531 WhiteRock/WillowBrook,15259209,5537,49,-390
2026-08-22T00:16:47.316492+00:00,1787357806,18705,531 WhiteRock/WillowBrook,15259209,5538,50,-398
2026-08-22T00:16:47.316492+00:00,1787357806,18705,531 WhiteRock/WillowBrook,15259209,5539,51,-391
2026-08-22T00:16:47.316492+00:00,1787357806,18705,531 WhiteRock/WillowBrook,15259209,5540,52,-382
2026-08-22T00:16:47.316492+00:00,1787357806,18705,531 WhiteRock/WillowBrook,15259222,7094,9,103
2026-08-22T00:16:47.316492+00:00,1787357806,18705,531 WhiteRock/WillowBrook,15259222,7166,10,84
2026-08-22T00:16:47.316492+00:00,1787357806,18705,531 WhiteRock/WillowBrook,15259222,7092,11,118
2026-08-22T00:16:47.316492+00:00,1787357806,18705,531 WhiteRock/WillowBrook,15259222,10747,12,136
2026-08-22T00:16:47.316492+00:00,1787357806,18705,531 WhiteRock/WillowBrook,15259222,5364,13,141
2026-08-22T00:16:47.316492+00:00,1787357806,18705,531 WhiteRock/WillowBrook,15259222,11775,14,167
2026-08-22T00:16:47.316492+00:00,1787357806,18705,531 WhiteRock/WillowBrook,15259222,7171,15,133
2026-08-22T00:16:47.316492+00:00,1787357806,18705,531 WhiteRock/WillowBrook,15259222,7172,16,92
2026-08-22T00:16:47.316492+00:00,1787357806,18705,531 WhiteRock/WillowBrook,15259222,7173,17,79
2026-08-22T00:16:47.316492+00:00,1787357806,18705,531 WhiteRock/WillowBrook,15259222,7174,18,37
2026-08-22T00:16:47.316492+00:00,1787357806,18705,531 WhiteRock/WillowBrook,15259222,7175,19,23
2026-08-22T00:16:47.316492+00:00,1787357806,18705,531 WhiteRock/WillowBrook,15259222,7176,20,-6
2026-08-22T00:16:47.316492+00:00,1787357806,18705,531 WhiteRock/WillowBrook,15259222,7177,21,0
2026-08-22T00:16:47.316492+00:00,1787357806,18705,531 WhiteRock/WillowBrook,15259222,8948,22,-28
2026-08-22T00:16:47.316492+00:00,1787357806,18705,531 WhiteRock/WillowBrook,15259222,9031,23,-49
2026-08-22T00:16:47.316492+00:00,1787357806,18705,531 WhiteRock/WillowBrook,15259222,12931,24,-51
2026-08-22T00:16:47.316492+00:00,1787357806,18705,531 WhiteRock/WillowBrook,15259222,13041,25,-86
2026-08-22T00:16:47.316492+00:00,1787357806,18705,531 WhiteRock/WillowBrook,15259222,12929,26,-108
2026-08-22T00:16:47.316492+00:00,1787357806,18705,531 WhiteRock/WillowBrook,15259222,12927,27,-138
2026-08-22T00:16:47.316492+00:00,1787357806,18705,531 WhiteRock/WillowBrook,15259222,12926,28,-148
2026-08-22T00:16:47.316492+00:00,1787357806,18705,531 WhiteRock/WillowBrook,15259222,12924,29,-169
2026-08-22T00:16:47.316492+00:00,1787357806,18705,531 WhiteRock/WillowBrook,15259222,11751,30,-166
2026-08-22T00:16:47.316492+00:00,1787357806,18705,531 WhiteRock/WillowBrook,15259222,11750,31,-216
2026-08-22T00:16:47.316492+00:00,1787357806,18705,531 WhiteRock/WillowBrook,15259222,11747,32,-248
2026-08-22T00:16:47.316492+00:00,1787357806,18705,531 WhiteRock/WillowBrook,15259222,11745,33,-265
2026-08-22T00:16:47.316492+00:00,1787357806,18705,531 WhiteRock/WillowBrook,15259222,13040,34,-274
2026-08-22T00:16:47.316492+00:00,1787357806,18705,531 WhiteRock/WillowBrook,15259222,12598,35,-300
2026-08-22T00:16:47.316492+00:00,1787357806,18705,531 WhiteRock/WillowBrook,15259222,11920,36,-362
2026-08-22T00:16:47.316492+00:00,1787357806,18705,531 WhiteRock/WillowBrook,15259222,13130,37,-400
2026-08-22T00:16:47.316492+00:00,1787357806,18705,531 WhiteRock/WillowBrook,15259222,11925,38,-437
2026-08-22T00:16:47.316492+00:00,1787357806,18705,531 WhiteRock/WillowBrook,15259222,12219,39,-471
2026-08-22T00:16:47.316492+00:00,1787357806,18705,531 WhiteRock/WillowBrook,15259222,11741,40,-615
2026-08-22T00:16:47.316492+00:00,1787357806,18705,531 WhiteRock/WillowBrook,15259222,11740,41,-636
2026-08-22T00:16:47.316492+00:00,1787357806,18705,531 WhiteRock/WillowBrook,15259222,11739,42,-587
2026-08-22T00:16:47.316492+00:00,1787357806,18705,531 WhiteRock/WillowBrook,15259222,11737,43,-539
2026-08-22T00:16:47.316492+00:00,1787357806,18705,531 WhiteRock/WillowBrook,15259222,11757,44,-573
2026-08-22T00:16:47.316492+00:00,1787357806,18705,531 WhiteRock/WillowBrook,15259222,11735,45,-534
2026-08-22T00:16:47.316492+00:00,1787357806,18705,531 WhiteRock/WillowBrook,15259222,11756,46,-529
2026-08-22T00:16:47.316492+00:00,1787357806,18705,531 WhiteRock/WillowBrook,15259222,5535,47,-498
2026-08-22T00:16:47.316492+00:00,1787357806,18705,531 WhiteRock/WillowBrook,15259222,5536,48,-521
2026-08-22T00:16:47.316492+00:00,1787357806,18705,531 WhiteRock/WillowBrook,15259222,5537,49,-537
2026-08-22T00:16:47.316492+00:00,1787357806,18705,531 WhiteRock/WillowBrook,15259222,5538,50,-545
2026-08-22T00:16:47.316492+00:00,1787357806,18705,531 WhiteRock/WillowBrook,15259222,5539,51,-532
2026-08-22T00:16:47.316492+00:00,1787357806,18705,531 WhiteRock/WillowBrook,15259222,5540,52,-525
2026-08-22T00:21:43.256279+00:00,1787358091,6705,321 Surrey Central/WhiteRock,15247050,10442,57,132
2026-08-22T00:21:43.256279+00:00,1787358091,6705,321 Surrey Central/WhiteRock,15247050,9929,58,150
2026-08-22T00:21:43.256279+00:00,1787358091,6705,321 Surrey Central/WhiteRock,15247050,9930,59,100
2026-08-22T00:21:43.256279+00:00,1787358091,6705,321 Surrey Central/WhiteRock,15247050,9932,60,9
2026-08-22T00:21:43.256279+00:00,1787358091,6705,321 Surrey Central/WhiteRock,15247051,5041,54,-41
2026-08-22T00:21:43.256279+00:00,1787358091,6705,321 Surrey Central/WhiteRock,15247051,12155,55,-30
2026-08-22T00:21:43.256279+00:00,1787358091,6705,321 Surrey Central/WhiteRock,15247051,11882,56,14
2026-08-22T00:21:43.256279+00:00,1787358091,6705,321 Surrey Central/WhiteRock,15247051,10442,57,107
2026-08-22T00:21:43.256279+00:00,1787358091,6705,321 Surrey Central/WhiteRock,15247051,9929,58,133
2026-08-22T00:21:43.256279+00:00,1787358091,6705,321 Surrey Central/WhiteRock,15247051,9930,59,92
2026-08-22T00:21:43.256279+00:00,1787358091,6705,321 Surrey Central/WhiteRock,15247051,9932,60,12
2026-08-22T00:21:43.256279+00:00,1787358091,6705,321 Surrey Central/WhiteRock,15247052,12651,31,-376
2026-08-22T00:21:43.256279+00:00,1787358091,6705,321 Surrey Central/WhiteRock,15247052,5458,32,-374
2026-08-22T00:21:43.256279+00:00,1787358091,6705,321 Surrey Central/WhiteRock,15247052,5459,33,-369
2026-08-22T00:21:43.256279+00:00,1787358091,6705,321 Surrey Central/WhiteRock,15247052,5460,34,-376
2026-08-22T00:21:43.256279+00:00,1787358091,6705,321 Surrey Central/WhiteRock,15247052,5461,35,-386
2026-08-22T00:21:43.256279+00:00,1787358091,6705,321 Surrey Central/WhiteRock,15247052,5462,36,-392
2026-08-22T00:21:43.256279+00:00,1787358091,6705,321 Surrey Central/WhiteRock,15247052,5463,37,-334
2026-08-22T00:21:43.256279+00:00,1787358091,6705,321 Surrey Central/WhiteRock,15247052,5700,38,0
2026-08-22T00:21:43.256279+00:00,1787358091,6705,321 Surrey Central/WhiteRock,15247052,5465,39,9
2026-08-22T00:21:43.256279+00:00,1787358091,6705,321 Surrey Central/WhiteRock,15247052,5466,40,-40
2026-08-22T00:21:43.256279+00:00,1787358091,6705,321 Surrey Central/WhiteRock,15247052,5467,41,-35
2026-08-22T00:21:43.256279+00:00,1787358091,6705,321 Surrey Central/WhiteRock,15247052,5468,42,-64
2026-08-22T00:21:43.256279+00:00,1787358091,6705,321 Surrey Central/WhiteRock,15247052,5469,43,-101
2026-08-22T00:21:43.256279+00:00,1787358091,6705,321 Surrey Central/WhiteRock,15247052,5470,44,-128
2026-08-22T00:21:43.256279+00:00,1787358091,6705,321 Surrey Central/WhiteRock,15247052,5471,45,-163
2026-08-22T00:21:43.256279+00:00,1787358091,6705,321 Surrey Central/WhiteRock,15247052,5472,46,-188
2026-08-22T00:21:43.256279+00:00,1787358091,6705,321 Surrey Central/WhiteRock,15247052,5473,47,-239
2026-08-22T00:21:43.256279+00:00,1787358091,6705,321 Surrey Central/WhiteRock,15247052,5474,48,-244
2026-08-22T00:21:43.256279+00:00,1787358091,6705,321 Surrey Central/WhiteRock,15247052,5475,49,-294
2026-08-22T00:21:43.256279+00:00,1787358091,6705,321 Surrey Central/WhiteRock,15247052,5476,50,-320
2026-08-22T00:21:43.256279+00:00,1787358091,6705,321 Surrey Central/WhiteRock,15247052,5477,51,-341
2026-08-22T00:21:43.256279+00:00,1787358091,6705,321 Surrey Central/WhiteRock,15247052,11725,52,-364
2026-08-22T00:21:43.256279+00:00,1787358091,6705,321 Surrey Central/WhiteRock,15247052,5040,53,-357
2026-08-22T00:21:43.256279+00:00,1787358091,6705,321 Surrey Central/WhiteRock,15247052,5041,54,-346
2026-08-22T00:21:43.256279+00:00,1787358091,6705,321 Surrey Central/WhiteRock,15247052,12155,55,-334
2026-08-22T00:21:43.256279+00:00,1787358091,6705,321 Surrey Central/WhiteRock,15247052,11882,56,0
2026-08-22T00:21:43.256279+00:00,1787358091,6705,321 Surrey Central/WhiteRock,15247052,10442,57,92
2026-08-22T00:21:43.256279+00:00,1787358091,6705,321 Surrey Central/WhiteRock,15247052,9929,58,100
2026-08-22T00:21:43.256279+00:00,1787358091,6705,321 Surrey Central/WhiteRock,15247052,9930,59,53
2026-08-22T00:21:43.256279+00:00,1787358091,6705,321 Surrey Central/WhiteRock,15247052,9932,60,-33
2026-08-22T00:21:43.256279+00:00,1787358091,6705,321 Surrey Central/WhiteRock,15247053,5448,21,201
2026-08-22T00:21:43.256279+00:00,1787358091,6705,321 Surrey Central/WhiteRock,15247053,10437,22,198
2026-08-22T00:21:43.256279+00:00,1787358091,6705,321 Surrey Central/WhiteRock,15247053,5449,23,142
2026-08-22T00:21:43.256279+00:00,1787358091,6705,321 Surrey Central/WhiteRock,15247053,11313,24,100
2026-08-22T00:21:43.256279+00:00,1787358091,6705,321 Surrey Central/WhiteRock,15247053,10808,25,-48
2026-08-22T00:21:43.256279+00:00,1787358091,6705,321 Surrey Central/WhiteRock,15247053,5452,26,-109
2026-08-22T00:21:43.256279+00:00,1787358091,6705,321 Surrey Central/WhiteRock,15247053,11913,27,-127
2026-08-22T00:21:43.256279+00:00,1787358091,6705,321 Surrey Central/WhiteRock,15247053,5454,28,-138
2026-08-22T00:21:43.256279+00:00,1787358091,6705,321 Surrey Central/WhiteRock,15247053,5455,29,-137
2026-08-22T00:21:43.256279+00:00,1787358091,6705,321 Surrey Central/WhiteRock,15247053,5456,30,-30
2026-08-22T00:21:43.256279+00:00,1787358091,6705,321 Surrey Central/WhiteRock,15247053,12651,31,-58
2026-08-22T00:21:43.256279+00:00,1787358091,6705,321 Surrey Central/WhiteRock,15247053,5458,32,-57
2026-08-22T00:21:43.256279+00:00,1787358091,6705,321 Surrey Central/WhiteRock,15247053,5459,33,-50
2026-08-22T00:21:43.256279+00:00,1787358091,6705,321 Surrey Central/WhiteRock,15247053,5460,34,-55
2026-08-22T00:21:43.256279+00:00,1787358091,6705,321 Surrey Central/WhiteRock,15247053,5461,35,-64
2026-08-22T00:21:43.256279+00:00,1787358091,6705,321 Surrey Central/WhiteRock,15247053,5462,36,-70
2026-08-22T00:21:43.256279+00:00,1787358091,6705,321 Surrey Central/WhiteRock,15247053,5463,37,-9
2026-08-22T00:21:43.256279+00:00,1787358091,6705,321 Surrey Central/WhiteRock,15247053,5700,38,109
2026-08-22T00:21:43.256279+00:00,1787358091,6705,321 Surrey Central/WhiteRock,15247053,5465,39,121
2026-08-22T00:21:43.256279+00:00,1787358091,6705,321 Surrey Central/WhiteRock,15247053,5466,40,71
2026-08-22T00:21:43.256279+00:00,1787358091,6705,321 Surrey Central/WhiteRock,15247053,5467,41,77
2026-08-22T00:21:43.256279+00:00,1787358091,6705,321 Surrey Central/WhiteRock,15247053,5468,42,48
2026-08-22T00:21:43.256279+00:00,1787358091,6705,321 Surrey Central/WhiteRock,15247053,5469,43,7
2026-08-22T00:21:43.256279+00:00,1787358091,6705,321 Surrey Central/WhiteRock,15247053,5470,44,-19
2026-08-22T00:21:43.256279+00:00,1787358091,6705,321 Surrey Central/WhiteRock,15247053,5471,45,-52
2026-08-22T00:21:43.256279+00:00,1787358091,6705,321 Surrey Central/WhiteRock,15247053,5472,46,-79
2026-08-22T00:21:43.256279+00:00,1787358091,6705,321 Surrey Central/WhiteRock,15247053,5473,47,-130
2026-08-22T00:21:43.256279+00:00,1787358091,6705,321 Surrey Central/WhiteRock,15247053,5474,48,-135
2026-08-22T00:21:43.256279+00:00,1787358091,6705,321 Surrey Central/WhiteRock,15247053,5475,49,-184
2026-08-22T00:21:43.256279+00:00,1787358091,6705,321 Surrey Central/WhiteRock,15247053,5476,50,-213
2026-08-22T00:21:43.256279+00:00,1787358091,6705,321 Surrey Central/WhiteRock,15247053,5477,51,-234
2026-08-22T00:21:43.256279+00:00,1787358091,6705,321 Surrey Central/WhiteRock,15247053,11725,52,-258
2026-08-22T00:21:43.256279+00:00,1787358091,6705,321 Surrey Central/WhiteRock,15247053,5040,53,-249
2026-08-22T00:21:43.256279+00:00,1787358091,6705,321 Surrey Central/WhiteRock,15247053,5041,54,-246
2026-08-22T00:21:43.256279+00:00,1787358091,6705,321 Surrey Central/WhiteRock,15247053,12155,55,-236
2026-08-22T00:21:43.256279+00:00,1787358091,6705,321 Surrey Central/WhiteRock,15247053,11882,56,0
2026-08-22T00:21:43.256279+00:00,1787358091,6705,321 Surrey Central/WhiteRock,15247053,10442,57,80
2026-08-22T00:21:43.256279+00:00,1787358091,6705,321 Surrey Central/WhiteRock,15247053,9929,58,86
2026-08-22T00:21:43.256279+00:00,1787358091,6705,321 Surrey Central/WhiteRock,15247053,9930,59,36
2026-08-22T00:21:43.256279+00:00,1787358091,6705,321 Surrey Central/WhiteRock,15247053,9932,60,-49
2026-08-22T00:21:43.256279+00:00,1787358091,6705,321 Surrey Central/WhiteRock,15247054,5441,14,108
2026-08-22T00:21:43.256279+00:00,1787358091,6705,321 Surrey Central/WhiteRock,15247054,5442,15,84
2026-08-22T00:21:43.256279+00:00,1787358091,6705,321 Surrey Central/WhiteRock,15247054,5444,16,91
2026-08-22T00:21:43.256279+00:00,1787358091,6705,321 Surrey Central/WhiteRock,15247054,9083,17,70
2026-08-22T00:21:43.256279+00:00,1787358091,6705,321 Surrey Central/WhiteRock,15247054,5446,18,77
2026-08-22T00:21:43.256279+00:00,1787358091,6705,321 Surrey Central/WhiteRock,15247054,10445,19,69
2026-08-22T00:21:43.256279+00:00,1787358091,6705,321 Surrey Central/WhiteRock,15247054,5447,20,30
2026-08-22T00:21:43.256279+00:00,1787358091,6705,321 Surrey Central/WhiteRock,15247054,5448,21,29
2026-08-22T00:21:43.256279+00:00,1787358091,6705,321 Surrey Central/WhiteRock,15247054,10437,22,27
2026-08-22T00:21:43.256279+00:00,1787358091,6705,321 Surrey Central/WhiteRock,15247054,5449,23,-29
2026-08-22T00:21:43.256279+00:00,1787358091,6705,321 Surrey Central/WhiteRock,15247054,11313,24,-66
2026-08-22T00:21:43.256279+00:00,1787358091,6705,321 Surrey Central/WhiteRock,15247054,10808,25,-214
2026-08-22T00:21:43.256279+00:00,1787358091,6705,321 Surrey Central/WhiteRock,15247054,5452,26,-275
2026-08-22T00:21:43.256279+00:00,1787358091,6705,321 Surrey Central/WhiteRock,15247054,11913,27,-293
2026-08-22T00:21:43.256279+00:00,1787358091,6705,321 Surrey Central/WhiteRock,15247054,5454,28,-304
2026-08-22T00:21:43.256279+00:00,1787358091,6705,321 Surrey Central/WhiteRock,15247054,5455,29,-302
2026-08-22T00:21:43.256279+00:00,1787358091,6705,321 Surrey Central/WhiteRock,15247054,5456,30,-195
2026-08-22T00:21:43.256279+00:00,1787358091,6705,321 Surrey Central/WhiteRock,15247054,12651,31,-224
2026-08-22T00:21:43.256279+00:00,1787358091,6705,321 Surrey Central/WhiteRock,15247054,5458,32,-223
2026-08-22T00:21:43.256279+00:00,1787358091,6705,321 Surrey Central/WhiteRock,15247054,5459,33,-217
2026-08-22T00:21:43.256279+00:00,1787358091,6705,321 Surrey Central/WhiteRock,15247054,5460,34,-222
2026-08-22T00:21:43.256279+00:00,1787358091,6705,321 Surrey Central/WhiteRock,15247054,5461,35,-231
2026-08-22T00:21:43.256279+00:00,1787358091,6705,321 Surrey Central/WhiteRock,15247054,5462,36,-237
2026-08-22T00:21:43.256279+00:00,1787358091,6705,321 Surrey Central/WhiteRock,15247054,5463,37,-177
2026-08-22T00:21:43.256279+00:00,1787358091,6705,321 Surrey Central/WhiteRock,15247054,5700,38,0
2026-08-22T00:21:43.256279+00:00,1787358091,6705,321 Surrey Central/WhiteRock,15247054,5465,39,8
2026-08-22T00:21:43.256279+00:00,1787358091,6705,321 Surrey Central/WhiteRock,15247054,5466,40,-42
2026-08-22T00:21:43.256279+00:00,1787358091,6705,321 Surrey Central/WhiteRock,15247054,5467,41,-37
2026-08-22T00:21:43.256279+00:00,1787358091,6705,321 Surrey Central/WhiteRock,15247054,5468,42,-65
2026-08-22T00:21:43.256279+00:00,1787358091,6705,321 Surrey Central/WhiteRock,15247054,5469,43,-108
2026-08-22T00:21:43.256279+00:00,1787358091,6705,321 Surrey Central/WhiteRock,15247054,5470,44,-136
2026-08-22T00:21:43.256279+00:00,1787358091,6705,321 Surrey Central/WhiteRock,15247054,5471,45,-170
2026-08-22T00:21:43.256279+00:00,1787358091,6705,321 Surrey Central/WhiteRock,15247054,5472,46,-197
2026-08-22T00:21:43.256279+00:00,1787358091,6705,321 Surrey Central/WhiteRock,15247054,5473,47,-248
2026-08-22T00:21:43.256279+00:00,1787358091,6705,321 Surrey Central/WhiteRock,15247054,5474,48,-257
2026-08-22T00:21:43.256279+00:00,1787358091,6705,321 Surrey Central/WhiteRock,15247054,5475,49,-307
2026-08-22T00:21:43.256279+00:00,1787358091,6705,321 Surrey Central/WhiteRock,15247054,5476,50,-338
2026-08-22T00:21:43.256279+00:00,1787358091,6705,321 Surrey Central/WhiteRock,15247054,5477,51,-360
2026-08-22T00:21:43.256279+00:00,1787358091,6705,321 Surrey Central/WhiteRock,15247054,11725,52,-385
2026-08-22T00:21:43.256279+00:00,1787358091,6705,321 Surrey Central/WhiteRock,15247054,5040,53,-374
2026-08-22T00:21:43.256279+00:00,1787358091,6705,321 Surrey Central/WhiteRock,15247054,5041,54,-372
2026-08-22T00:21:43.256279+00:00,1787358091,6705,321 Surrey Central/WhiteRock,15247054,12155,55,-364
2026-08-22T00:21:43.256279+00:00,1787358091,6705,321 Surrey Central/WhiteRock,15247054,11882,56,0
2026-08-22T00:21:43.256279+00:00,1787358091,6705,321 Surrey Central/WhiteRock,15247054,10442,57,79
2026-08-22T00:21:43.256279+00:00,1787358091,6705,321 Surrey Central/WhiteRock,15247054,9929,58,85
2026-08-22T00:21:43.256279+00:00,1787358091,6705,321 Surrey Central/WhiteRock,15247054,9930,59,35
2026-08-22T00:21:43.256279+00:00,1787358091,6705,321 Surrey Central/WhiteRock,15247054,9932,60,-44
2026-08-22T00:21:43.256279+00:00,1787358091,6705,321 Surrey Central/WhiteRock,15247055,6197,1,0
2026-08-22T00:21:43.256279+00:00,1787358091,6705,321 Surrey Central/WhiteRock,15247055,6200,4,-735
2026-08-22T00:21:43.256279+00:00,1787358091,6705,321 Surrey Central/WhiteRock,15247055,6201,5,-742
2026-08-22T00:21:43.256279+00:00,1787358091,6705,321 Surrey Central/WhiteRock,15247055,6354,6,-730
2026-08-22T00:21:43.256279+00:00,1787358091,6705,321 Surrey Central/WhiteRock,15247055,6355,7,-742
2026-08-22T00:21:43.256279+00:00,1787358091,6705,321 Surrey Central/WhiteRock,15247055,6356,8,-753
2026-08-22T00:21:43.256279+00:00,1787358091,6705,321 Surrey Central/WhiteRock,15247055,6174,9,-685
2026-08-22T00:21:43.256279+00:00,1787358091,6705,321 Surrey Central/WhiteRock,15247055,5437,10,-681
2026-08-22T00:21:43.256279+00:00,1787358091,6705,321 Surrey Central/WhiteRock,15247055,5438,11,-687
2026-08-22T00:21:43.256279+00:00,1787358091,6705,321 Surrey Central/WhiteRock,15247055,5439,12,-683
2026-08-22T00:21:43.256279+00:00,1787358091,6705,321 Surrey Central/WhiteRock,15247055,5440,13,-705
2026-08-22T00:21:43.256279+00:00,1787358091,6705,321 Surrey Central/WhiteRock,15247055,5441,14,-704
2026-08-22T00:21:43.256279+00:00,1787358091,6705,321 Surrey Central/WhiteRock,15247055,5442,15,-728
2026-08-22T00:21:43.256279+00:00,1787358091,6705,321 Surrey Central/WhiteRock,15247055,5444,16,-720
2026-08-22T00:21:43.256279+00:00,1787358091,6705,321 Surrey Central/WhiteRock,15247055,9083,17,-740
2026-08-22T00:21:43.256279+00:00,1787358091,6705,321 Surrey Central/WhiteRock,15247055,5446,18,-725
2026-08-22T00:21:43.256279+00:00,1787358091,6705,321 Surrey Central/WhiteRock,15247055,10445,19,-731
2026-08-22T00:21:43.256279+00:00,1787358091,6705,321 Surrey Central/WhiteRock,15247055,5447,20,-766
2026-08-22T00:21:43.256279+00:00,1787358091,6705,321 Surrey Central/WhiteRock,15247055,5448,21,-764
2026-08-22T00:21:43.256279+00:00,1787358091,6705,321 Surrey Central/WhiteRock,15247055,10437,22,-761
2026-08-22T00:21:43.256279+00:00,1787358091,6705,321 Surrey Central/WhiteRock,15247055,5449,23,-814
2026-08-22T00:21:43.256279+00:00,1787358091,6705,321 Surrey Central/WhiteRock,15247055,11313,24,-848
2026-08-22T00:21:43.256279+00:00,1787358091,6705,321 Surrey Central/WhiteRock,15247055,10808,25,-991
2026-08-22T00:21:43.256279+00:00,1787358091,6705,321 Surrey Central/WhiteRock,15247055,5452,26,-1045
2026-08-22T00:21:43.256279+00:00,1787358091,6705,321 Surrey Central/WhiteRock,15247055,11913,27,-1061
2026-08-22T00:21:43.256279+00:00,1787358091,6705,321 Surrey Central/WhiteRock,15247055,5454,28,-1071
2026-08-22T00:21:43.256279+00:00,1787358091,6705,321 Surrey Central/WhiteRock,15247055,5455,29,-1072
2026-08-22T00:21:43.256279+00:00,1787358091,6705,321 Surrey Central/WhiteRock,15247055,5456,30,-963
2026-08-22T00:21:43.256279+00:00,1787358091,6705,321 Surrey Central/WhiteRock,15247055,12651,31,-990
2026-08-22T00:21:43.256279+00:00,1787358091,6705,321 Surrey Central/WhiteRock,15247055,5458,32,-990
2026-08-22T00:21:43.256279+00:00,1787358091,6705,321 Surrey Central/WhiteRock,15247055,5459,33,-980
2026-08-22T00:21:43.256279+00:00,1787358091,6705,321 Surrey Central/WhiteRock,15247055,5460,34,-985
2026-08-22T00:21:43.256279+00:00,1787358091,6705,321 Surrey Central/WhiteRock,15247055,5461,35,-994
2026-08-22T00:21:43.256279+00:00,1787358091,6705,321 Surrey Central/WhiteRock,15247055,5462,36,-999
2026-08-22T00:21:43.256279+00:00,1787358091,6705,321 Surrey Central/WhiteRock,15247055,5463,37,-937
2026-08-22T00:21:43.256279+00:00,1787358091,6705,321 Surrey Central/WhiteRock,15247055,5700,38,0
2026-08-22T00:21:43.256279+00:00,1787358091,6705,321 Surrey Central/WhiteRock,15247055,5465,39,6
2026-08-22T00:21:43.256279+00:00,1787358091,6705,321 Surrey Central/WhiteRock,15247055,5466,40,-44
2026-08-22T00:21:43.256279+00:00,1787358091,6705,321 Surrey Central/WhiteRock,15247055,5467,41,-33
2026-08-22T00:21:43.256279+00:00,1787358091,6705,321 Surrey Central/WhiteRock,15247055,5468,42,-61
2026-08-22T00:21:43.256279+00:00,1787358091,6705,321 Surrey Central/WhiteRock,15247055,5469,43,-99
2026-08-22T00:21:43.256279+00:00,1787358091,6705,321 Surrey Central/WhiteRock,15247055,5470,44,-126
2026-08-22T00:21:43.256279+00:00,1787358091,6705,321 Surrey Central/WhiteRock,15247055,5471,45,-163
2026-08-22T00:21:43.256279+00:00,1787358091,6705,321 Surrey Central/WhiteRock,15247055,5472,46,-189
2026-08-22T00:21:43.256279+00:00,1787358091,6705,321 Surrey Central/WhiteRock,15247055,5473,47,-240
2026-08-22T00:21:43.256279+00:00,1787358091,6705,321 Surrey Central/WhiteRock,15247055,5474,48,-249
2026-08-22T00:21:43.256279+00:00,1787358091,6705,321 Surrey Central/WhiteRock,15247055,5475,49,-299
2026-08-22T00:21:43.256279+00:00,1787358091,6705,321 Surrey Central/WhiteRock,15247055,5476,50,-330
2026-08-22T00:21:43.256279+00:00,1787358091,6705,321 Surrey Central/WhiteRock,15247055,5477,51,-352
2026-08-22T00:21:43.256279+00:00,1787358091,6705,321 Surrey Central/WhiteRock,15247055,11725,52,-378
2026-08-22T00:21:43.256279+00:00,1787358091,6705,321 Surrey Central/WhiteRock,15247055,5040,53,-368
2026-08-22T00:21:43.256279+00:00,1787358091,6705,321 Surrey Central/WhiteRock,15247055,5041,54,-368
2026-08-22T00:21:43.256279+00:00,1787358091,6705,321 Surrey Central/WhiteRock,15247055,12155,55,-360
2026-08-22T00:21:43.256279+00:00,1787358091,6705,321 Surrey Central/WhiteRock,15247055,11882,56,0
2026-08-22T00:21:43.256279+00:00,1787358091,6705,321 Surrey Central/WhiteRock,15247055,10442,57,79
2026-08-22T00:21:43.256279+00:00,1787358091,6705,321 Surrey Central/WhiteRock,15247055,9929,58,85
2026-08-22T00:21:43.256279+00:00,1787358091,6705,321 Surrey Central/WhiteRock,15247055,9930,59,35
2026-08-22T00:21:43.256279+00:00,1787358091,6705,321 Surrey Central/WhiteRock,15247055,9932,60,-44
2026-08-22T00:21:43.256279+00:00,1787358091,6705,321 Surrey Central/WhiteRock,15247067,5460,34,100
2026-08-22T00:21:43.256279+00:00,1787358091,6705,321 Surrey Central/WhiteRock,15247067,5461,35,89
2026-08-22T00:21:43.256279+00:00,1787358091,6705,321 Surrey Central/WhiteRock,15247067,5462,36,82
2026-08-22T00:21:43.256279+00:00,1787358091,6705,321 Surrey Central/WhiteRock,15247067,5463,37,143
2026-08-22T00:21:43.256279+00:00,1787358091,6705,321 Surrey Central/WhiteRock,15247067,5700,38,256
2026-08-22T00:21:43.256279+00:00,1787358091,6705,321 Surrey Central/WhiteRock,15247067,5465,39,268
2026-08-22T00:21:43.256279+00:00,1787358091,6705,321 Surrey Central/WhiteRock,15247067,5466,40,219
2026-08-22T00:21:43.256279+00:00,1787358091,6705,321 Surrey Central/WhiteRock,15247067,5467,41,224
2026-08-22T00:21:43.256279+00:00,1787358091,6705,321 Surrey Central/WhiteRock,15247067,5468,42,195
2026-08-22T00:21:43.256279+00:00,1787358091,6705,321 Surrey Central/WhiteRock,15247067,5469,43,150
2026-08-22T00:21:43.256279+00:00,1787358091,6705,321 Surrey Central/WhiteRock,15247067,5470,44,123
2026-08-22T00:21:43.256279+00:00,1787358091,6705,321 Surrey Central/WhiteRock,15247067,5471,45,88
2026-08-22T00:21:43.256279+00:00,1787358091,6705,321 Surrey Central/WhiteRock,15247067,5472,46,63
2026-08-22T00:21:43.256279+00:00,1787358091,6705,321 Surrey Central/WhiteRock,15247067,5473,47,12
2026-08-22T00:21:43.256279+00:00,1787358091,6705,321 Surrey Central/WhiteRock,15247067,5474,48,7
2026-08-22T00:21:43.256279+00:00,1787358091,6705,321 Surrey Central/WhiteRock,15247067,5475,49,-43
2026-08-22T00:21:43.256279+00:00,1787358091,6705,321 Surrey Central/WhiteRock,15247067,5476,50,-73
2026-08-22T00:21:43.256279+00:00,1787358091,6705,321 Surrey Central/WhiteRock,15247067,5477,51,-95
2026-08-22T00:21:43.256279+00:00,1787358091,6705,321 Surrey Central/WhiteRock,15247067,11725,52,-119
2026-08-22T00:21:43.256279+00:00,1787358091,6705,321 Surrey Central/WhiteRock,15247067,5040,53,-112
2026-08-22T00:21:43.256279+00:00,1787358091,6705,321 Surrey Central/WhiteRock,15247067,5041,54,-108
2026-08-22T00:21:43.256279+00:00,1787358091,6705,321 Surrey Central/WhiteRock,15247067,12155,55,-96
2026-08-22T00:21:43.256279+00:00,1787358091,6705,321 Surrey Central/WhiteRock,15247067,11882,56,0
2026-08-22T00:21:43.256279+00:00,1787358091,6705,321 Surrey Central/WhiteRock,15247067,10442,57,95
2026-08-22T00:21:43.256279+00:00,1787358091,6705,321 Surrey Central/WhiteRock,15247067,9929,58,120
2026-08-22T00:21:43.256279+00:00,1787358091,6705,321 Surrey Central/WhiteRock,15247067,9930,59,79
2026-08-22T00:21:43.256279+00:00,1787358091,6705,321 Surrey Central/WhiteRock,15247067,9932,60,0
2026-08-22T00:21:43.256279+00:00,1787358091,6705,321 Surrey Central/WhiteRock,15247080,5473,47,-170
2026-08-22T00:21:43.256279+00:00,1787358091,6705,321 Surrey Central/WhiteRock,15247080,5474,48,-175
2026-08-22T00:21:43.256279+00:00,1787358091,6705,321 Surrey Central/WhiteRock,15247080,5475,49,-225
2026-08-22T00:21:43.256279+00:00,1787358091,6705,321 Surrey Central/WhiteRock,15247080,5476,50,-251
2026-08-22T00:21:43.256279+00:00,1787358091,6705,321 Surrey Central/WhiteRock,15247080,5477,51,-273
2026-08-22T00:21:43.256279+00:00,1787358091,6705,321 Surrey Central/WhiteRock,15247080,11725,52,-297
2026-08-22T00:21:43.256279+00:00,1787358091,6705,321 Surrey Central/WhiteRock,15247080,5040,53,-283
2026-08-22T00:21:43.256279+00:00,1787358091,6705,321 Surrey Central/WhiteRock,15247080,5041,54,-279
2026-08-22T00:21:43.256279+00:00,1787358091,6705,321 Surrey Central/WhiteRock,15247080,12155,55,-267
2026-08-22T00:21:43.256279+00:00,1787358091,6705,321 Surrey Central/WhiteRock,15247080,11882,56,0
2026-08-22T00:21:43.256279+00:00,1787358091,6705,321 Surrey Central/WhiteRock,15247080,10442,57,93
2026-08-22T00:21:43.256279+00:00,1787358091,6705,321 Surrey Central/WhiteRock,15247080,9929,58,119
2026-08-22T00:21:43.256279+00:00,1787358091,6705,321 Surrey Central/WhiteRock,15247080,9930,59,78
2026-08-22T00:21:43.256279+00:00,1787358091,6705,321 Surrey Central/WhiteRock,15247080,9932,60,-1
2026-08-22T00:21:43.256279+00:00,1787358091,6705,321 Surrey Central/WhiteRock,15247081,6197,1,0
2026-08-22T00:21:43.256279+00:00,1787358091,6705,321 Surrey Central/WhiteRock,15247081,6198,2,0
2026-08-22T00:21:43.256279+00:00,1787358091,6705,321 Surrey Central/WhiteRock,15247081,6199,3,0
2026-08-22T00:21:43.256279+00:00,1787358091,6705,321 Surrey Central/WhiteRock,15247081,6200,4,0
2026-08-22T00:21:43.256279+00:00,1787358091,6705,321 Surrey Central/WhiteRock,15247081,6201,5,0
2026-08-22T00:21:43.256279+00:00,1787358091,6705,321 Surrey Central/WhiteRock,15247081,6354,6,0
2026-08-22T00:21:43.256279+00:00,1787358091,6705,321 Surrey Central/WhiteRock,15247081,6355,7,0
2026-08-22T00:21:43.256279+00:00,1787358091,6705,321 Surrey Central/WhiteRock,15247081,6356,8,0
2026-08-22T00:21:43.256279+00:00,1787358091,6705,321 Surrey Central/WhiteRock,15247081,6174,9,0
2026-08-22T00:21:43.256279+00:00,1787358091,6705,321 Surrey Central/WhiteRock,15247081,5437,10,0
2026-08-22T00:21:43.256279+00:00,1787358091,6705,321 Surrey Central/WhiteRock,15247081,5438,11,0
2026-08-22T00:21:43.256279+00:00,1787358091,6705,321 Surrey Central/WhiteRock,15247081,5439,12,0
2026-08-22T00:21:43.256279+00:00,1787358091,6705,321 Surrey Central/WhiteRock,15247081,5440,13,0
2026-08-22T00:21:43.256279+00:00,1787358091,6705,321 Surrey Central/WhiteRock,15247081,5441,14,0
2026-08-22T00:21:43.256279+00:00,1787358091,6705,321 Surrey Central/WhiteRock,15247081,5442,15,0
2026-08-22T00:21:43.256279+00:00,1787358091,6705,321 Surrey Central/WhiteRock,15247081,5444,16,0
2026-08-22T00:21:43.256279+00:00,1787358091,6705,321 Surrey Central/WhiteRock,15247081,9083,17,0
2026-08-22T00:21:43.256279+00:00,1787358091,6705,321 Surrey Central/WhiteRock,15247081,5446,18,0
2026-08-22T00:21:43.256279+00:00,1787358091,6705,321 Surrey Central/WhiteRock,15247081,10445,19,0
2026-08-22T00:21:43.256279+00:00,1787358091,6705,321 Surrey Central/WhiteRock,15247081,5447,20,0
2026-08-22T00:21:43.256279+00:00,1787358091,6705,321 Surrey Central/WhiteRock,15247081,5448,21,0
2026-08-22T00:21:43.256279+00:00,1787358091,6705,321 Surrey Central/WhiteRock,15247081,10437,22,0
2026-08-22T00:21:43.256279+00:00,1787358091,6705,321 Surrey Central/WhiteRock,15247081,5449,23,0
2026-08-22T00:21:43.256279+00:00,1787358091,6705,321 Surrey Central/WhiteRock,15247081,11313,24,0
2026-08-22T00:21:43.256279+00:00,1787358091,6705,321 Surrey Central/WhiteRock,15247081,10808,25,0
2026-08-22T00:21:43.256279+00:00,1787358091,6705,321 Surrey Central/WhiteRock,15247081,5452,26,0
2026-08-22T00:21:43.256279+00:00,1787358091,6705,321 Surrey Central/WhiteRock,15247081,11913,27,0
2026-08-22T00:21:43.256279+00:00,1787358091,6705,321 Surrey Central/WhiteRock,15247081,5454,28,0
2026-08-22T00:21:43.256279+00:00,1787358091,6705,321 Surrey Central/WhiteRock,15247081,5455,29,0
2026-08-22T00:21:43.256279+00:00,1787358091,6705,321 Surrey Central/WhiteRock,15247081,5456,30,0
2026-08-22T00:21:43.256279+00:00,1787358091,6705,321 Surrey Central/WhiteRock,15247081,12651,31,0
2026-08-22T00:21:43.256279+00:00,1787358091,6705,321 Surrey Central/WhiteRock,15247081,5458,32,0
2026-08-22T00:21:43.256279+00:00,1787358091,6705,321 Surrey Central/WhiteRock,15247081,5459,33,0
2026-08-22T00:21:43.256279+00:00,1787358091,6705,321 Surrey Central/WhiteRock,15247081,5460,34,0
2026-08-22T00:21:43.256279+00:00,1787358091,6705,321 Surrey Central/WhiteRock,15247081,5461,35,0
2026-08-22T00:21:43.256279+00:00,1787358091,6705,321 Surrey Central/WhiteRock,15247081,5462,36,0
2026-08-22T00:21:43.256279+00:00,1787358091,6705,321 Surrey Central/WhiteRock,15247081,5463,37,0
2026-08-22T00:21:43.256279+00:00,1787358091,6705,321 Surrey Central/WhiteRock,15247081,5700,38,0
2026-08-22T00:21:43.256279+00:00,1787358091,6705,321 Surrey Central/WhiteRock,15247081,5465,39,0
2026-08-22T00:21:43.256279+00:00,1787358091,6705,321 Surrey Central/WhiteRock,15247081,5466,40,0
2026-08-22T00:21:43.256279+00:00,1787358091,6705,321 Surrey Central/WhiteRock,15247081,5467,41,0
2026-08-22T00:21:43.256279+00:00,1787358091,6705,321 Surrey Central/WhiteRock,15247081,5468,42,0
2026-08-22T00:21:43.256279+00:00,1787358091,6705,321 Surrey Central/WhiteRock,15247081,5469,43,0
2026-08-22T00:21:43.256279+00:00,1787358091,6705,321 Surrey Central/WhiteRock,15247081,5470,44,0
2026-08-22T00:21:43.256279+00:00,1787358091,6705,321 Surrey Central/WhiteRock,15247081,5471,45,0
2026-08-22T00:21:43.256279+00:00,1787358091,6705,321 Surrey Central/WhiteRock,15247081,5472,46,0
2026-08-22T00:21:43.256279+00:00,1787358091,6705,321 Surrey Central/WhiteRock,15247081,5473,47,0
2026-08-22T00:21:43.256279+00:00,1787358091,6705,321 Surrey Central/WhiteRock,15247081,5474,48,0
2026-08-22T00:21:43.256279+00:00,1787358091,6705,321 Surrey Central/WhiteRock,15247081,5475,49,0
2026-08-22T00:21:43.256279+00:00,1787358091,6705,321 Surrey Central/WhiteRock,15247081,5476,50,0
2026-08-22T00:21:43.256279+00:00,1787358091,6705,321 Surrey Central/WhiteRock,15247081,5477,51,0
2026-08-22T00:21:43.256279+00:00,1787358091,6705,321 Surrey Central/WhiteRock,15247081,11725,52,0
2026-08-22T00:21:43.256279+00:00,1787358091,6705,321 Surrey Central/WhiteRock,15247081,5040,53,0
2026-08-22T00:21:43.256279+00:00,1787358091,6705,321 Surrey Central/WhiteRock,15247081,5041,54,0
2026-08-22T00:21:43.256279+00:00,1787358091,6705,321 Surrey Central/WhiteRock,15247081,12155,55,0
2026-08-22T00:21:43.256279+00:00,1787358091,6705,321 Surrey Central/WhiteRock,15247081,11882,56,0
2026-08-22T00:21:43.256279+00:00,1787358091,6705,321 Surrey Central/WhiteRock,15247081,10442,57,0
2026-08-22T00:21:43.256279+00:00,1787358091,6705,321 Surrey Central/WhiteRock,15247081,9929,58,0
2026-08-22T00:21:43.256279+00:00,1787358091,6705,321 Surrey Central/WhiteRock,15247081,9930,59,0
2026-08-22T00:21:43.256279+00:00,1787358091,6705,321 Surrey Central/WhiteRock,15247081,9932,60,0
2026-08-22T00:21:43.256279+00:00,1787358091,6705,321 Surrey Central/WhiteRock,15247160,5538,53,-326
2026-08-22T00:21:43.256279+00:00,1787358091,6705,321 Surrey Central/WhiteRock,15247160,5541,54,-296
2026-08-22T00:21:43.256279+00:00,1787358091,6705,321 Surrey Central/WhiteRock,15247160,5542,55,-284
2026-08-22T00:21:43.256279+00:00,1787358091,6705,321 Surrey Central/WhiteRock,15247160,6195,56,-263
2026-08-22T00:21:43.256279+00:00,1787358091,6705,321 Surrey Central/WhiteRock,15247161,5514,31,353
2026-08-22T00:21:43.256279+00:00,1787358091,6705,321 Surrey Central/WhiteRock,15247161,5515,32,346
2026-08-22T00:21:43.256279+00:00,1787358091,6705,321 Surrey Central/WhiteRock,15247161,5516,33,362
2026-08-22T00:21:43.256279+00:00,1787358091,6705,321 Surrey Central/WhiteRock,15247161,5517,34,365
2026-08-22T00:21:43.256279+00:00,1787358091,6705,321 Surrey Central/WhiteRock,15247161,5518,35,370
2026-08-22T00:21:43.256279+00:00,1787358091,6705,321 Surrey Central/WhiteRock,15247161,5519,36,347
2026-08-22T00:21:43.256279+00:00,1787358091,6705,321 Surrey Central/WhiteRock,15247161,5520,37,336
2026-08-22T00:21:43.256279+00:00,1787358091,6705,321 Surrey Central/WhiteRock,15247161,5521,38,126
2026-08-22T00:21:43.256279+00:00,1787358091,6705,321 Surrey Central/WhiteRock,15247161,5522,39,-10
2026-08-22T00:21:43.256279+00:00,1787358091,6705,321 Surrey Central/WhiteRock,15247161,5523,40,-46
2026-08-22T00:21:43.256279+00:00,1787358091,6705,321 Surrey Central/WhiteRock,15247161,6466,41,-55
2026-08-22T00:21:43.256279+00:00,1787358091,6705,321 Surrey Central/WhiteRock,15247161,5524,42,-18
2026-08-22T00:21:43.256279+00:00,1787358091,6705,321 Surrey Central/WhiteRock,15247161,5525,43,-47
2026-08-22T00:21:43.256279+00:00,1787358091,6705,321 Surrey Central/WhiteRock,15247161,10443,44,-80
2026-08-22T00:21:43.256279+00:00,1787358091,6705,321 Surrey Central/WhiteRock,15247161,5528,45,-75
2026-08-22T00:21:43.256279+00:00,1787358091,6705,321 Surrey Central/WhiteRock,15247161,5529,46,-97
2026-08-22T00:21:43.256279+00:00,1787358091,6705,321 Surrey Central/WhiteRock,15247161,5530,47,-113
2026-08-22T00:21:43.256279+00:00,1787358091,6705,321 Surrey Central/WhiteRock,15247161,5533,48,-121
2026-08-22T00:21:43.256279+00:00,1787358091,6705,321 Surrey Central/WhiteRock,15247161,5534,49,-141
2026-08-22T00:21:43.256279+00:00,1787358091,6705,321 Surrey Central/WhiteRock,15247161,5535,50,-143
2026-08-22T00:21:43.256279+00:00,1787358091,6705,321 Surrey Central/WhiteRock,15247161,5536,51,-169
2026-08-22T00:21:43.256279+00:00,1787358091,6705,321 Surrey Central/WhiteRock,15247161,5537,52,-182
2026-08-22T00:21:43.256279+00:00,1787358091,6705,321 Surrey Central/WhiteRock,15247161,5538,53,-188
2026-08-22T00:21:43.256279+00:00,1787358091,6705,321 Surrey Central/WhiteRock,15247161,5541,54,-157
2026-08-22T00:21:43.256279+00:00,1787358091,6705,321 Surrey Central/WhiteRock,15247161,5542,55,-144
2026-08-22T00:21:43.256279+00:00,1787358091,6705,321 Surrey Central/WhiteRock,15247161,6195,56,-113
2026-08-22T00:21:43.256279+00:00,1787358091,6705,321 Surrey Central/WhiteRock,15247162,5505,24,-57
2026-08-22T00:21:43.256279+00:00,1787358091,6705,321 Surrey Central/WhiteRock,15247162,5507,25,-56
2026-08-22T00:21:43.256279+00:00,1787358091,6705,321 Surrey Central/WhiteRock,15247162,5633,26,0
2026-08-22T00:21:43.256279+00:00,1787358091,6705,321 Surrey Central/WhiteRock,15247162,5510,27,44
2026-08-22T00:21:43.256279+00:00,1787358091,6705,321 Surrey Central/WhiteRock,15247162,5511,28,36
2026-08-22T00:21:43.256279+00:00,1787358091,6705,321 Surrey Central/WhiteRock,15247162,5512,29,34
2026-08-22T00:21:43.256279+00:00,1787358091,6705,321 Surrey Central/WhiteRock,15247162,5513,30,18
2026-08-22T00:21:43.256279+00:00,1787358091,6705,321 Surrey Central/WhiteRock,15247162,5514,31,108
2026-08-22T00:21:43.256279+00:00,1787358091,6705,321 Surrey Central/WhiteRock,15247162,5515,32,101
2026-08-22T00:21:43.256279+00:00,1787358091,6705,321 Surrey Central/WhiteRock,15247162,5516,33,122
2026-08-22T00:21:43.256279+00:00,1787358091,6705,321 Surrey Central/WhiteRock,15247162,5517,34,126
2026-08-22T00:21:43.256279+00:00,1787358091,6705,321 Surrey Central/WhiteRock,15247162,5518,35,130
2026-08-22T00:21:43.256279+00:00,1787358091,6705,321 Surrey Central/WhiteRock,15247162,5519,36,107
2026-08-22T00:21:43.256279+00:00,1787358091,6705,321 Surrey Central/WhiteRock,15247162,5520,37,96
2026-08-22T00:21:43.256279+00:00,1787358091,6705,321 Surrey Central/WhiteRock,15247162,5521,38,-113
2026-08-22T00:21:43.256279+00:00,1787358091,6705,321 Surrey Central/WhiteRock,15247162,5522,39,-248
2026-08-22T00:21:43.256279+00:00,1787358091,6705,321 Surrey Central/WhiteRock,15247162,5523,40,-284
2026-08-22T00:21:43.256279+00:00,1787358091,6705,321 Surrey Central/WhiteRock,15247162,6466,41,-292
2026-08-22T00:21:43.256279+00:00,1787358091,6705,321 Surrey Central/WhiteRock,15247162,5524,42,-255
2026-08-22T00:21:43.256279+00:00,1787358091,6705,321 Surrey Central/WhiteRock,15247162,5525,43,-279
2026-08-22T00:21:43.256279+00:00,1787358091,6705,321 Surrey Central/WhiteRock,15247162,10443,44,-299
2026-08-22T00:21:43.256279+00:00,1787358091,6705,321 Surrey Central/WhiteRock,15247162,5528,45,-296
2026-08-22T00:21:43.256279+00:00,1787358091,6705,321 Surrey Central/WhiteRock,15247162,5529,46,-320
2026-08-22T00:21:43.256279+00:00,1787358091,6705,321 Surrey Central/WhiteRock,15247162,5530,47,-336
2026-08-22T00:21:43.256279+00:00,1787358091,6705,321 Surrey Central/WhiteRock,15247162,5533,48,-341
2026-08-22T00:21:43.256279+00:00,1787358091,6705,321 Surrey Central/WhiteRock,15247162,5534,49,-360
2026-08-22T00:21:43.256279+00:00,1787358091,6705,321 Surrey Central/WhiteRock,15247162,5535,50,-342
2026-08-22T00:21:43.256279+00:00,1787358091,6705,321 Surrey Central/WhiteRock,15247162,5536,51,-366
2026-08-22T00:21:43.256279+00:00,1787358091,6705,321 Surrey Central/WhiteRock,15247162,5537,52,-362
2026-08-22T00:21:43.256279+00:00,1787358091,6705,321 Surrey Central/WhiteRock,15247162,5538,53,-367
2026-08-22T00:21:43.256279+00:00,1787358091,6705,321 Surrey Central/WhiteRock,15247162,5541,54,-334
2026-08-22T00:21:43.256279+00:00,1787358091,6705,321 Surrey Central/WhiteRock,15247162,5542,55,-321
2026-08-22T00:21:43.256279+00:00,1787358091,6705,321 Surrey Central/WhiteRock,15247162,6195,56,-288
2026-08-22T00:21:43.256279+00:00,1787358091,6705,321 Surrey Central/WhiteRock,15247163,5039,13,159
2026-08-22T00:21:43.256279+00:00,1787358091,6705,321 Surrey Central/WhiteRock,15247163,8351,14,134
2026-08-22T00:21:43.256279+00:00,1787358091,6705,321 Surrey Central/WhiteRock,15247163,5496,15,67
2026-08-22T00:21:43.256279+00:00,1787358091,6705,321 Surrey Central/WhiteRock,15247163,5497,16,21
2026-08-22T00:21:43.256279+00:00,1787358091,6705,321 Surrey Central/WhiteRock,15247163,5498,17,7
2026-08-22T00:21:43.256279+00:00,1787358091,6705,321 Surrey Central/WhiteRock,15247163,5499,18,-26
2026-08-22T00:21:43.256279+00:00,1787358091,6705,321 Surrey Central/WhiteRock,15247163,5500,19,-56
2026-08-22T00:21:43.256279+00:00,1787358091,6705,321 Surrey Central/WhiteRock,15247163,5501,20,-84
2026-08-22T00:21:43.256279+00:00,1787358091,6705,321 Surrey Central/WhiteRock,15247163,5502,21,-98
2026-08-22T00:21:43.256279+00:00,1787358091,6705,321 Surrey Central/WhiteRock,15247163,5503,22,-99
2026-08-22T00:21:43.256279+00:00,1787358091,6705,321 Surrey Central/WhiteRock,15247163,5504,23,-154
2026-08-22T00:21:43.256279+00:00,1787358091,6705,321 Surrey Central/WhiteRock,15247163,5505,24,-145
2026-08-22T00:21:43.256279+00:00,1787358091,6705,321 Surrey Central/WhiteRock,15247163,5507,25,-137
2026-08-22T00:21:43.256279+00:00,1787358091,6705,321 Surrey Central/WhiteRock,15247163,5633,26,0
2026-08-22T00:21:43.256279+00:00,1787358091,6705,321 Surrey Central/WhiteRock,15247163,5510,27,40
2026-08-22T00:21:43.256279+00:00,1787358091,6705,321 Surrey Central/WhiteRock,15247163,5511,28,35
2026-08-22T00:21:43.256279+00:00,1787358091,6705,321 Surrey Central/WhiteRock,15247163,5512,29,34
2026-08-22T00:21:43.256279+00:00,1787358091,6705,321 Surrey Central/WhiteRock,15247163,5513,30,17
2026-08-22T00:21:43.256279+00:00,1787358091,6705,321 Surrey Central/WhiteRock,15247163,5514,31,109
2026-08-22T00:21:43.256279+00:00,1787358091,6705,321 Surrey Central/WhiteRock,15247163,5515,32,104
2026-08-22T00:21:43.256279+00:00,1787358091,6705,321 Surrey Central/WhiteRock,15247163,5516,33,112
2026-08-22T00:21:43.256279+00:00,1787358091,6705,321 Surrey Central/WhiteRock,15247163,5517,34,115
2026-08-22T00:21:43.256279+00:00,1787358091,6705,321 Surrey Central/WhiteRock,15247163,5518,35,121
2026-08-22T00:21:43.256279+00:00,1787358091,6705,321 Surrey Central/WhiteRock,15247163,5519,36,100
2026-08-22T00:21:43.256279+00:00,1787358091,6705,321 Surrey Central/WhiteRock,15247163,5520,37,90
2026-08-22T00:21:43.256279+00:00,1787358091,6705,321 Surrey Central/WhiteRock,15247163,5521,38,-111
2026-08-22T00:21:43.256279+00:00,1787358091,6705,321 Surrey Central/WhiteRock,15247163,5522,39,-243
2026-08-22T00:21:43.256279+00:00,1787358091,6705,321 Surrey Central/WhiteRock,15247163,5523,40,-278
2026-08-22T00:21:43.256279+00:00,1787358091,6705,321 Surrey Central/WhiteRock,15247163,6466,41,-291
2026-08-22T00:21:43.256279+00:00,1787358091,6705,321 Surrey Central/WhiteRock,15247163,5524,42,-247
2026-08-22T00:21:43.256279+00:00,1787358091,6705,321 Surrey Central/WhiteRock,15247163,5525,43,-272
2026-08-22T00:21:43.256279+00:00,1787358091,6705,321 Surrey Central/WhiteRock,15247163,10443,44,-291
2026-08-22T00:21:43.256279+00:00,1787358091,6705,321 Surrey Central/WhiteRock,15247163,5528,45,-294
2026-08-22T00:21:43.256279+00:00,1787358091,6705,321 Surrey Central/WhiteRock,15247163,5529,46,-315
2026-08-22T00:21:43.256279+00:00,1787358091,6705,321 Surrey Central/WhiteRock,15247163,5530,47,-331
2026-08-22T00:21:43.256279+00:00,1787358091,6705,321 Surrey Central/WhiteRock,15247163,5533,48,-333
2026-08-22T00:21:43.256279+00:00,1787358091,6705,321 Surrey Central/WhiteRock,15247163,5534,49,-351
2026-08-22T00:21:43.256279+00:00,1787358091,6705,321 Surrey Central/WhiteRock,15247163,5535,50,-348
2026-08-22T00:21:43.256279+00:00,1787358091,6705,321 Surrey Central/WhiteRock,15247163,5536,51,-373
2026-08-22T00:21:43.256279+00:00,1787358091,6705,321 Surrey Central/WhiteRock,15247163,5537,52,-378
2026-08-22T00:21:43.256279+00:00,1787358091,6705,321 Surrey Central/WhiteRock,15247163,5538,53,-383
2026-08-22T00:21:43.256279+00:00,1787358091,6705,321 Surrey Central/WhiteRock,15247163,5541,54,-360
2026-08-22T00:21:43.256279+00:00,1787358091,6705,321 Surrey Central/WhiteRock,15247163,5542,55,-344
2026-08-22T00:21:43.256279+00:00,1787358091,6705,321 Surrey Central/WhiteRock,15247163,6195,56,-313
2026-08-22T00:21:43.256279+00:00,1787358091,6705,321 Surrey Central/WhiteRock,15247164,9927,6,-58
2026-08-22T00:21:43.256279+00:00,1787358091,6705,321 Surrey Central/WhiteRock,15247164,10880,7,0
2026-08-22T00:21:43.256279+00:00,1787358091,6705,321 Surrey Central/WhiteRock,15247164,5046,8,43
2026-08-22T00:21:43.256279+00:00,1787358091,6705,321 Surrey Central/WhiteRock,15247164,5047,9,42
2026-08-22T00:21:43.256279+00:00,1787358091,6705,321 Surrey Central/WhiteRock,15247164,8566,10,32
2026-08-22T00:21:43.256279+00:00,1787358091,6705,321 Surrey Central/WhiteRock,15247164,12916,11,76
2026-08-22T00:21:43.256279+00:00,1787358091,6705,321 Surrey Central/WhiteRock,15247164,5049,12,68
2026-08-22T00:21:43.256279+00:00,1787358091,6705,321 Surrey Central/WhiteRock,15247164,5039,13,47
2026-08-22T00:21:43.256279+00:00,1787358091,6705,321 Surrey Central/WhiteRock,15247164,8351,14,26
2026-08-22T00:21:43.256279+00:00,1787358091,6705,321 Surrey Central/WhiteRock,15247164,5496,15,-41
2026-08-22T00:21:43.256279+00:00,1787358091,6705,321 Surrey Central/WhiteRock,15247164,5497,16,-85
2026-08-22T00:21:43.256279+00:00,1787358091,6705,321 Surrey Central/WhiteRock,15247164,5498,17,-99
2026-08-22T00:21:43.256279+00:00,1787358091,6705,321 Surrey Central/WhiteRock,15247164,5499,18,-136
2026-08-22T00:21:43.256279+00:00,1787358091,6705,321 Surrey Central/WhiteRock,15247164,5500,19,-166
2026-08-22T00:21:43.256279+00:00,1787358091,6705,321 Surrey Central/WhiteRock,15247164,5501,20,-194
2026-08-22T00:21:43.256279+00:00,1787358091,6705,321 Surrey Central/WhiteRock,15247164,5502,21,-208
2026-08-22T00:21:43.256279+00:00,1787358091,6705,321 Surrey Central/WhiteRock,15247164,5503,22,-216
2026-08-22T00:21:43.256279+00:00,1787358091,6705,321 Surrey Central/WhiteRock,15247164,5504,23,-268
2026-08-22T00:21:43.256279+00:00,1787358091,6705,321 Surrey Central/WhiteRock,15247164,5505,24,-259
2026-08-22T00:21:43.256279+00:00,1787358091,6705,321 Surrey Central/WhiteRock,15247164,5507,25,-252
2026-08-22T00:21:43.256279+00:00,1787358091,6705,321 Surrey Central/WhiteRock,15247164,5633,26,0
2026-08-22T00:21:43.256279+00:00,1787358091,6705,321 Surrey Central/WhiteRock,15247164,5510,27,39
2026-08-22T00:21:43.256279+00:00,1787358091,6705,321 Surrey Central/WhiteRock,15247164,5511,28,34
2026-08-22T00:21:43.256279+00:00,1787358091,6705,321 Surrey Central/WhiteRock,15247164,5512,29,34
2026-08-22T00:21:43.256279+00:00,1787358091,6705,321 Surrey Central/WhiteRock,15247164,5513,30,19
2026-08-22T00:21:43.256279+00:00,1787358091,6705,321 Surrey Central/WhiteRock,15247164,5514,31,112
2026-08-22T00:21:43.256279+00:00,1787358091,6705,321 Surrey Central/WhiteRock,15247164,5515,32,105
2026-08-22T00:21:43.256279+00:00,1787358091,6705,321 Surrey Central/WhiteRock,15247164,5516,33,124
2026-08-22T00:21:43.256279+00:00,1787358091,6705,321 Surrey Central/WhiteRock,15247164,5517,34,139
2026-08-22T00:21:43.256279+00:00,1787358091,6705,321 Surrey Central/WhiteRock,15247164,5518,35,146
2026-08-22T00:21:43.256279+00:00,1787358091,6705,321 Surrey Central/WhiteRock,15247164,5519,36,125
2026-08-22T00:21:43.256279+00:00,1787358091,6705,321 Surrey Central/WhiteRock,15247164,5520,37,130
2026-08-22T00:21:43.256279+00:00,1787358091,6705,321 Surrey Central/WhiteRock,15247164,5521,38,-73
2026-08-22T00:21:43.256279+00:00,1787358091,6705,321 Surrey Central/WhiteRock,15247164,5522,39,-206
2026-08-22T00:21:43.256279+00:00,1787358091,6705,321 Surrey Central/WhiteRock,15247164,5523,40,-241
2026-08-22T00:21:43.256279+00:00,1787358091,6705,321 Surrey Central/WhiteRock,15247164,6466,41,-253
2026-08-22T00:21:43.256279+00:00,1787358091,6705,321 Surrey Central/WhiteRock,15247164,5524,42,-222
2026-08-22T00:21:43.256279+00:00,1787358091,6705,321 Surrey Central/WhiteRock,15247164,5525,43,-248
2026-08-22T00:21:43.256279+00:00,1787358091,6705,321 Surrey Central/WhiteRock,15247164,10443,44,-267
2026-08-22T00:21:43.256279+00:00,1787358091,6705,321 Surrey Central/WhiteRock,15247164,5528,45,-265
2026-08-22T00:21:43.256279+00:00,1787358091,6705,321 Surrey Central/WhiteRock,15247164,5529,46,-288
2026-08-22T00:21:43.256279+00:00,1787358091,6705,321 Surrey Central/WhiteRock,15247164,5530,47,-304
2026-08-22T00:21:43.256279+00:00,1787358091,6705,321 Surrey Central/WhiteRock,15247164,5533,48,-305
2026-08-22T00:21:43.256279+00:00,1787358091,6705,321 Surrey Central/WhiteRock,15247164,5534,49,-323
2026-08-22T00:21:43.256279+00:00,1787358091,6705,321 Surrey Central/WhiteRock,15247164,5535,50,-323
2026-08-22T00:21:43.256279+00:00,1787358091,6705,321 Surrey Central/WhiteRock,15247164,5536,51,-343
2026-08-22T00:21:43.256279+00:00,1787358091,6705,321 Surrey Central/WhiteRock,15247164,5537,52,-346
2026-08-22T00:21:43.256279+00:00,1787358091,6705,321 Surrey Central/WhiteRock,15247164,5538,53,-351
2026-08-22T00:21:43.256279+00:00,1787358091,6705,321 Surrey Central/WhiteRock,15247164,5541,54,-328
2026-08-22T00:21:43.256279+00:00,1787358091,6705,321 Surrey Central/WhiteRock,15247164,5542,55,-314
2026-08-22T00:21:43.256279+00:00,1787358091,6705,321 Surrey Central/WhiteRock,15247164,6195,56,-283
2026-08-22T00:21:43.256279+00:00,1787358091,6705,321 Surrey Central/WhiteRock,15247165,5890,1,0
2026-08-22T00:21:43.256279+00:00,1787358091,6705,321 Surrey Central/WhiteRock,15247165,10716,2,0
2026-08-22T00:21:43.256279+00:00,1787358091,6705,321 Surrey Central/WhiteRock,15247165,9923,3,0
2026-08-22T00:21:43.256279+00:00,1787358091,6705,321 Surrey Central/WhiteRock,15247165,9924,4,0
2026-08-22T00:21:43.256279+00:00,1787358091,6705,321 Surrey Central/WhiteRock,15247165,9926,5,0
2026-08-22T00:21:43.256279+00:00,1787358091,6705,321 Surrey Central/WhiteRock,15247165,9927,6,0
2026-08-22T00:21:43.256279+00:00,1787358091,6705,321 Surrey Central/WhiteRock,15247165,10880,7,0
2026-08-22T00:21:43.256279+00:00,1787358091,6705,321 Surrey Central/WhiteRock,15247165,5046,8,0
2026-08-22T00:21:43.256279+00:00,1787358091,6705,321 Surrey Central/WhiteRock,15247165,5047,9,0
2026-08-22T00:21:43.256279+00:00,1787358091,6705,321 Surrey Central/WhiteRock,15247165,8566,10,0
2026-08-22T00:21:43.256279+00:00,1787358091,6705,321 Surrey Central/WhiteRock,15247165,12916,11,0
2026-08-22T00:21:43.256279+00:00,1787358091,6705,321 Surrey Central/WhiteRock,15247165,5049,12,0
2026-08-22T00:21:43.256279+00:00,1787358091,6705,321 Surrey Central/WhiteRock,15247165,5039,13,0
2026-08-22T00:21:43.256279+00:00,1787358091,6705,321 Surrey Central/WhiteRock,15247165,8351,14,0
2026-08-22T00:21:43.256279+00:00,1787358091,6705,321 Surrey Central/WhiteRock,15247165,5496,15,0
2026-08-22T00:21:43.256279+00:00,1787358091,6705,321 Surrey Central/WhiteRock,15247165,5497,16,0
2026-08-22T00:21:43.256279+00:00,1787358091,6705,321 Surrey Central/WhiteRock,15247165,5498,17,0
2026-08-22T00:21:43.256279+00:00,1787358091,6705,321 Surrey Central/WhiteRock,15247165,5499,18,0
2026-08-22T00:21:43.256279+00:00,1787358091,6705,321 Surrey Central/WhiteRock,15247165,5500,19,0
2026-08-22T00:21:43.256279+00:00,1787358091,6705,321 Surrey Central/WhiteRock,15247165,5501,20,0
2026-08-22T00:21:43.256279+00:00,1787358091,6705,321 Surrey Central/WhiteRock,15247165,5502,21,0
2026-08-22T00:21:43.256279+00:00,1787358091,6705,321 Surrey Central/WhiteRock,15247165,5503,22,0
2026-08-22T00:21:43.256279+00:00,1787358091,6705,321 Surrey Central/WhiteRock,15247165,5504,23,0
2026-08-22T00:21:43.256279+00:00,1787358091,6705,321 Surrey Central/WhiteRock,15247165,5505,24,0
2026-08-22T00:21:43.256279+00:00,1787358091,6705,321 Surrey Central/WhiteRock,15247165,5507,25,0
2026-08-22T00:21:43.256279+00:00,1787358091,6705,321 Surrey Central/WhiteRock,15247165,5633,26,0
2026-08-22T00:21:43.256279+00:00,1787358091,6705,321 Surrey Central/WhiteRock,15247165,5510,27,0
2026-08-22T00:21:43.256279+00:00,1787358091,6705,321 Surrey Central/WhiteRock,15247165,5511,28,0
2026-08-22T00:21:43.256279+00:00,1787358091,6705,321 Surrey Central/WhiteRock,15247165,5512,29,0
2026-08-22T00:21:43.256279+00:00,1787358091,6705,321 Surrey Central/WhiteRock,15247165,5513,30,0
2026-08-22T00:21:43.256279+00:00,1787358091,6705,321 Surrey Central/WhiteRock,15247165,5514,31,0
2026-08-22T00:21:43.256279+00:00,1787358091,6705,321 Surrey Central/WhiteRock,15247165,5515,32,0
2026-08-22T00:21:43.256279+00:00,1787358091,6705,321 Surrey Central/WhiteRock,15247165,5516,33,0
2026-08-22T00:21:43.256279+00:00,1787358091,6705,321 Surrey Central/WhiteRock,15247165,5517,34,0
2026-08-22T00:21:43.256279+00:00,1787358091,6705,321 Surrey Central/WhiteRock,15247165,5518,35,0
2026-08-22T00:21:43.256279+00:00,1787358091,6705,321 Surrey Central/WhiteRock,15247165,5519,36,0
2026-08-22T00:21:43.256279+00:00,1787358091,6705,321 Surrey Central/WhiteRock,15247165,5520,37,0
2026-08-22T00:21:43.256279+00:00,1787358091,6705,321 Surrey Central/WhiteRock,15247165,5521,38,0
2026-08-22T00:21:43.256279+00:00,1787358091,6705,321 Surrey Central/WhiteRock,15247165,5522,39,0
2026-08-22T00:21:43.256279+00:00,1787358091,6705,321 Surrey Central/WhiteRock,15247165,5523,40,0
2026-08-22T00:21:43.256279+00:00,1787358091,6705,321 Surrey Central/WhiteRock,15247165,6466,41,0
2026-08-22T00:21:43.256279+00:00,1787358091,6705,321 Surrey Central/WhiteRock,15247165,5524,42,0
2026-08-22T00:21:43.256279+00:00,1787358091,6705,321 Surrey Central/WhiteRock,15247165,5525,43,0
2026-08-22T00:21:43.256279+00:00,1787358091,6705,321 Surrey Central/WhiteRock,15247165,10443,44,0
2026-08-22T00:21:43.256279+00:00,1787358091,6705,321 Surrey Central/WhiteRock,15247165,5528,45,0
2026-08-22T00:21:43.256279+00:00,1787358091,6705,321 Surrey Central/WhiteRock,15247165,5529,46,0
2026-08-22T00:21:43.256279+00:00,1787358091,6705,321 Surrey Central/WhiteRock,15247165,5530,47,0
2026-08-22T00:21:43.256279+00:00,1787358091,6705,321 Surrey Central/WhiteRock,15247165,5533,48,0
2026-08-22T00:21:43.256279+00:00,1787358091,6705,321 Surrey Central/WhiteRock,15247165,5534,49,0
2026-08-22T00:21:43.256279+00:00,1787358091,6705,321 Surrey Central/WhiteRock,15247165,5535,50,0
2026-08-22T00:21:43.256279+00:00,1787358091,6705,321 Surrey Central/WhiteRock,15247165,5536,51,0
2026-08-22T00:21:43.256279+00:00,1787358091,6705,321 Surrey Central/WhiteRock,15247165,5537,52,0
2026-08-22T00:21:43.256279+00:00,1787358091,6705,321 Surrey Central/WhiteRock,15247165,5538,53,0
2026-08-22T00:21:43.256279+00:00,1787358091,6705,321 Surrey Central/WhiteRock,15247165,5541,54,0
2026-08-22T00:21:43.256279+00:00,1787358091,6705,321 Surrey Central/WhiteRock,15247165,5542,55,0
2026-08-22T00:21:43.256279+00:00,1787358091,6705,321 Surrey Central/WhiteRock,15247165,6195,56,0
2026-08-22T00:21:43.256279+00:00,1787358091,6705,321 Surrey Central/WhiteRock,15247177,5521,38,21
2026-08-22T00:21:43.256279+00:00,1787358091,6705,321 Surrey Central/WhiteRock,15247177,5522,39,-114
2026-08-22T00:21:43.256279+00:00,1787358091,6705,321 Surrey Central/WhiteRock,15247177,5523,40,-150
2026-08-22T00:21:43.256279+00:00,1787358091,6705,321 Surrey Central/WhiteRock,15247177,6466,41,-162
2026-08-22T00:21:43.256279+00:00,1787358091,6705,321 Surrey Central/WhiteRock,15247177,5524,42,-125
2026-08-22T00:21:43.256279+00:00,1787358091,6705,321 Surrey Central/WhiteRock,15247177,5525,43,-155
2026-08-22T00:21:43.256279+00:00,1787358091,6705,321 Surrey Central/WhiteRock,15247177,10443,44,-185
2026-08-22T00:21:43.256279+00:00,1787358091,6705,321 Surrey Central/WhiteRock,15247177,5528,45,-180
2026-08-22T00:21:43.256279+00:00,1787358091,6705,321 Surrey Central/WhiteRock,15247177,5529,46,-202
2026-08-22T00:21:43.256279+00:00,1787358091,6705,321 Surrey Central/WhiteRock,15247177,5530,47,-218
2026-08-22T00:21:43.256279+00:00,1787358091,6705,321 Surrey Central/WhiteRock,15247177,5533,48,-226
2026-08-22T00:21:43.256279+00:00,1787358091,6705,321 Surrey Central/WhiteRock,15247177,5534,49,-246
2026-08-22T00:21:43.256279+00:00,1787358091,6705,321 Surrey Central/WhiteRock,15247177,5535,50,-220
2026-08-22T00:21:43.256279+00:00,1787358091,6705,321 Surrey Central/WhiteRock,15247177,5536,51,-242
2026-08-22T00:21:43.256279+00:00,1787358091,6705,321 Surrey Central/WhiteRock,15247177,5537,52,-253
2026-08-22T00:21:43.256279+00:00,1787358091,6705,321 Surrey Central/WhiteRock,15247177,5538,53,-260
2026-08-22T00:21:43.256279+00:00,1787358091,6705,321 Surrey Central/WhiteRock,15247177,5541,54,-230
2026-08-22T00:21:43.256279+00:00,1787358091,6705,321 Surrey Central/WhiteRock,15247177,5542,55,-217
2026-08-22T00:21:43.256279+00:00,1787358091,6705,321 Surrey Central/WhiteRock,15247177,6195,56,-192
2026-08-22T00:21:43.256279+00:00,1787358091,6705,321 Surrey Central/WhiteRock,15247178,5890,1,0
2026-08-22T00:21:43.256279+00:00,1787358091,6705,321 Surrey Central/WhiteRock,15247178,9924,4,-892
2026-08-22T00:21:43.256279+00:00,1787358091,6705,321 Surrey Central/WhiteRock,15247178,9926,5,-925
2026-08-22T00:21:43.256279+00:00,1787358091,6705,321 Surrey Central/WhiteRock,15247178,9927,6,-948
2026-08-22T00:21:43.256279+00:00,1787358091,6705,321 Surrey Central/WhiteRock,15247178,10880,7,0
2026-08-22T00:21:43.256279+00:00,1787358091,6705,321 Surrey Central/WhiteRock,15247178,5046,8,47
2026-08-22T00:21:43.256279+00:00,1787358091,6705,321 Surrey Central/WhiteRock,15247178,5047,9,48
2026-08-22T00:21:43.256279+00:00,1787358091,6705,321 Surrey Central/WhiteRock,15247178,8566,10,29
2026-08-22T00:21:43.256279+00:00,1787358091,6705,321 Surrey Central/WhiteRock,15247178,12916,11,72
2026-08-22T00:21:43.256279+00:00,1787358091,6705,321 Surrey Central/WhiteRock,15247178,5049,12,66
2026-08-22T00:21:43.256279+00:00,1787358091,6705,321 Surrey Central/WhiteRock,15247178,5039,13,40
2026-08-22T00:21:43.256279+00:00,1787358091,6705,321 Surrey Central/WhiteRock,15247178,8351,14,19
2026-08-22T00:21:43.256279+00:00,1787358091,6705,321 Surrey Central/WhiteRock,15247178,5496,15,-43
2026-08-22T00:21:43.256279+00:00,1787358091,6705,321 Surrey Central/WhiteRock,15247178,5497,16,-84
2026-08-22T00:21:43.256279+00:00,1787358091,6705,321 Surrey Central/WhiteRock,15247178,5498,17,-93
2026-08-22T00:21:43.256279+00:00,1787358091,6705,321 Surrey Central/WhiteRock,15247178,5499,18,-126
2026-08-22T00:21:43.256279+00:00,1787358091,6705,321 Surrey Central/WhiteRock,15247178,5500,19,-147
2026-08-22T00:21:43.256279+00:00,1787358091,6705,321 Surrey Central/WhiteRock,15247178,5501,20,-173
2026-08-22T00:21:43.256279+00:00,1787358091,6705,321 Surrey Central/WhiteRock,15247178,5502,21,-184
2026-08-22T00:21:43.256279+00:00,1787358091,6705,321 Surrey Central/WhiteRock,15247178,5503,22,-189
2026-08-22T00:21:43.256279+00:00,1787358091,6705,321 Surrey Central/WhiteRock,15247178,5504,23,-239
2026-08-22T00:21:43.256279+00:00,1787358091,6705,321 Surrey Central/WhiteRock,15247178,5505,24,-239
2026-08-22T00:21:43.256279+00:00,1787358091,6705,321 Surrey Central/WhiteRock,15247178,5507,25,-238
2026-08-22T00:21:43.256279+00:00,1787358091,6705,321 Surrey Central/WhiteRock,15247178,5633,26,0
2026-08-22T00:21:43.256279+00:00,1787358091,6705,321 Surrey Central/WhiteRock,15247178,5510,27,30
2026-08-22T00:21:43.256279+00:00,1787358091,6705,321 Surrey Central/WhiteRock,15247178,5511,28,25
2026-08-22T00:21:43.256279+00:00,1787358091,6705,321 Surrey Central/WhiteRock,15247178,5512,29,21
2026-08-22T00:21:43.256279+00:00,1787358091,6705,321 Surrey Central/WhiteRock,15247178,5513,30,11
2026-08-22T00:21:43.256279+00:00,1787358091,6705,321 Surrey Central/WhiteRock,15247178,5514,31,99
2026-08-22T00:21:43.256279+00:00,1787358091,6705,321 Surrey Central/WhiteRock,15247178,5515,32,93
2026-08-22T00:21:43.256279+00:00,1787358091,6705,321 Surrey Central/WhiteRock,15247178,5516,33,104
2026-08-22T00:21:43.256279+00:00,1787358091,6705,321 Surrey Central/WhiteRock,15247178,5517,34,119
2026-08-22T00:21:43.256279+00:00,1787358091,6705,321 Surrey Central/WhiteRock,15247178,5518,35,124
2026-08-22T00:21:43.256279+00:00,1787358091,6705,321 Surrey Central/WhiteRock,15247178,5519,36,106
2026-08-22T00:21:43.256279+00:00,1787358091,6705,321 Surrey Central/WhiteRock,15247178,5520,37,113
2026-08-22T00:21:43.256279+00:00,1787358091,6705,321 Surrey Central/WhiteRock,15247178,5521,38,-82
2026-08-22T00:21:43.256279+00:00,1787358091,6705,321 Surrey Central/WhiteRock,15247178,5522,39,-208
2026-08-22T00:21:43.256279+00:00,1787358091,6705,321 Surrey Central/WhiteRock,15247178,5523,40,-241
2026-08-22T00:21:43.256279+00:00,1787358091,6705,321 Surrey Central/WhiteRock,15247178,6466,41,-243
2026-08-22T00:21:43.256279+00:00,1787358091,6705,321 Surrey Central/WhiteRock,15247178,5524,42,-208
2026-08-22T00:21:43.256279+00:00,1787358091,6705,321 Surrey Central/WhiteRock,15247178,5525,43,-235
2026-08-22T00:21:43.256279+00:00,1787358091,6705,321 Surrey Central/WhiteRock,15247178,10443,44,-265
2026-08-22T00:21:43.256279+00:00,1787358091,6705,321 Surrey Central/WhiteRock,15247178,5528,45,-263
2026-08-22T00:21:43.256279+00:00,1787358091,6705,321 Surrey Central/WhiteRock,15247178,5529,46,-286
2026-08-22T00:21:43.256279+00:00,1787358091,6705,321 Surrey Central/WhiteRock,15247178,5530,47,-301
2026-08-22T00:21:43.256279+00:00,1787358091,6705,321 Surrey Central/WhiteRock,15247178,5533,48,-308
2026-08-22T00:21:43.256279+00:00,1787358091,6705,321 Surrey Central/WhiteRock,15247178,5534,49,-326
2026-08-22T00:21:43.256279+00:00,1787358091,6705,321 Surrey Central/WhiteRock,15247178,5535,50,-333
2026-08-22T00:21:43.256279+00:00,1787358091,6705,321 Surrey Central/WhiteRock,15247178,5536,51,-356
2026-08-22T00:21:43.256279+00:00,1787358091,6705,321 Surrey Central/WhiteRock,15247178,5537,52,-372
2026-08-22T00:21:43.256279+00:00,1787358091,6705,321 Surrey Central/WhiteRock,15247178,5538,53,-377
2026-08-22T00:21:43.256279+00:00,1787358091,6705,321 Surrey Central/WhiteRock,15247178,5541,54,-351
2026-08-22T00:21:43.256279+00:00,1787358091,6705,321 Surrey Central/WhiteRock,15247178,5542,55,-340
2026-08-22T00:21:43.256279+00:00,1787358091,6705,321 Surrey Central/WhiteRock,15247178,6195,56,-311
2026-08-22T00:21:43.256279+00:00,1787358091,6705,321 Surrey Central/WhiteRock,15247187,5498,17,218
2026-08-22T00:21:43.256279+00:00,1787358091,6705,321 Surrey Central/WhiteRock,15247187,5499,18,185
2026-08-22T00:21:43.256279+00:00,1787358091,6705,321 Surrey Central/WhiteRock,15247187,5500,19,154
2026-08-22T00:21:43.256279+00:00,1787358091,6705,321 Surrey Central/WhiteRock,15247187,5501,20,126
2026-08-22T00:21:43.256279+00:00,1787358091,6705,321 Surrey Central/WhiteRock,15247187,5502,21,111
2026-08-22T00:21:43.256279+00:00,1787358091,6705,321 Surrey Central/WhiteRock,15247187,5503,22,112
2026-08-22T00:21:43.256279+00:00,1787358091,6705,321 Surrey Central/WhiteRock,15247187,5504,23,58
2026-08-22T00:21:43.256279+00:00,1787358091,6705,321 Surrey Central/WhiteRock,15247187,5505,24,66
2026-08-22T00:21:43.256279+00:00,1787358091,6705,321 Surrey Central/WhiteRock,15247187,5507,25,83
2026-08-22T00:21:43.256279+00:00,1787358091,6705,321 Surrey Central/WhiteRock,15247187,5633,26,125
2026-08-22T00:21:43.256279+00:00,1787358091,6705,321 Surrey Central/WhiteRock,15247187,5510,27,168
2026-08-22T00:21:43.256279+00:00,1787358091,6705,321 Surrey Central/WhiteRock,15247187,5511,28,163
2026-08-22T00:21:43.256279+00:00,1787358091,6705,321 Surrey Central/WhiteRock,15247187,5512,29,162
2026-08-22T00:21:43.256279+00:00,1787358091,6705,321 Surrey Central/WhiteRock,15247187,5513,30,150
2026-08-22T00:21:43.256279+00:00,1787358091,6705,321 Surrey Central/WhiteRock,15247187,5514,31,241
2026-08-22T00:21:43.256279+00:00,1787358091,6705,321 Surrey Central/WhiteRock,15247187,5515,32,236
2026-08-22T00:21:43.256279+00:00,1787358091,6705,321 Surrey Central/WhiteRock,15247187,5516,33,239
2026-08-22T00:21:43.256279+00:00,1787358091,6705,321 Surrey Central/WhiteRock,15247187,5517,34,242
2026-08-22T00:21:43.256279+00:00,1787358091,6705,321 Surrey Central/WhiteRock,15247187,5518,35,246
2026-08-22T00:21:43.256279+00:00,1787358091,6705,321 Surrey Central/WhiteRock,15247187,5519,36,225
2026-08-22T00:21:43.256279+00:00,1787358091,6705,321 Surrey Central/WhiteRock,15247187,5520,37,214
2026-08-22T00:21:43.256279+00:00,1787358091,6705,321 Surrey Central/WhiteRock,15247187,5521,38,13
2026-08-22T00:21:43.256279+00:00,1787358091,6705,321 Surrey Central/WhiteRock,15247187,5522,39,-118
2026-08-22T00:21:43.256279+00:00,1787358091,6705,321 Surrey Central/WhiteRock,15247187,5523,40,-153
2026-08-22T00:21:43.256279+00:00,1787358091,6705,321 Surrey Central/WhiteRock,15247187,6466,41,-161
2026-08-22T00:21:43.256279+00:00,1787358091,6705,321 Surrey Central/WhiteRock,15247187,5524,42,-121
2026-08-22T00:21:43.256279+00:00,1787358091,6705,321 Surrey Central/WhiteRock,15247187,5525,43,-148
2026-08-22T00:21:43.256279+00:00,1787358091,6705,321 Surrey Central/WhiteRock,15247187,10443,44,-178
2026-08-22T00:21:43.256279+00:00,1787358091,6705,321 Surrey Central/WhiteRock,15247187,5528,45,-172
2026-08-22T00:21:43.256279+00:00,1787358091,6705,321 Surrey Central/WhiteRock,15247187,5529,46,-194
2026-08-22T00:21:43.256279+00:00,1787358091,6705,321 Surrey Central/WhiteRock,15247187,5530,47,-209
2026-08-22T00:21:43.256279+00:00,1787358091,6705,321 Surrey Central/WhiteRock,15247187,5533,48,-210
2026-08-22T00:21:43.256279+00:00,1787358091,6705,321 Surrey Central/WhiteRock,15247187,5534,49,-228
2026-08-22T00:21:43.256279+00:00,1787358091,6705,321 Surrey Central/WhiteRock,15247187,5535,50,-201
2026-08-22T00:21:43.256279+00:00,1787358091,6705,321 Surrey Central/WhiteRock,15247187,5536,51,-222
2026-08-22T00:21:43.256279+00:00,1787358091,6705,321 Surrey Central/WhiteRock,15247187,5537,52,-235
2026-08-22T00:21:43.256279+00:00,1787358091,6705,321 Surrey Central/WhiteRock,15247187,5538,53,-241
2026-08-22T00:21:43.256279+00:00,1787358091,6705,321 Surrey Central/WhiteRock,15247187,5541,54,-214
2026-08-22T00:21:43.256279+00:00,1787358091,6705,321 Surrey Central/WhiteRock,15247187,5542,55,-201
2026-08-22T00:21:43.256279+00:00,1787358091,6705,321 Surrey Central/WhiteRock,15247187,6195,56,-167
2026-08-22T00:21:43.256279+00:00,1787358091,6705,321 Surrey Central/WhiteRock,15247232,5530,47,-415
2026-08-22T00:21:43.256279+00:00,1787358091,6705,321 Surrey Central/WhiteRock,15247232,5533,48,-421
2026-08-22T00:21:43.256279+00:00,1787358091,6705,321 Surrey Central/WhiteRock,15247232,5534,49,-435
2026-08-22T00:21:43.256279+00:00,1787358091,6705,321 Surrey Central/WhiteRock,15247232,5535,50,-418
2026-08-22T00:21:43.256279+00:00,1787358091,6705,321 Surrey Central/WhiteRock,15247232,5536,51,-444
2026-08-22T00:21:43.256279+00:00,1787358091,6705,321 Surrey Central/WhiteRock,15247232,5537,52,-457
2026-08-22T00:21:43.256279+00:00,1787358091,6705,321 Surrey Central/WhiteRock,15247232,5538,53,-465
2026-08-22T00:21:43.256279+00:00,1787358091,6705,321 Surrey Central/WhiteRock,15247232,5541,54,-435
2026-08-22T00:21:43.256279+00:00,1787358091,6705,321 Surrey Central/WhiteRock,15247232,5542,55,-423
2026-08-22T00:21:43.256279+00:00,1787358091,6705,321 Surrey Central/WhiteRock,15247232,6195,56,-399
2026-08-22T00:21:43.256279+00:00,1787358091,6705,321 Surrey Central/WhiteRock,15247234,5046,8,145
2026-08-22T00:21:43.256279+00:00,1787358091,6705,321 Surrey Central/WhiteRock,15247234,5047,9,145
2026-08-22T00:21:43.256279+00:00,1787358091,6705,321 Surrey Central/WhiteRock,15247234,8566,10,135
2026-08-22T00:21:43.256279+00:00,1787358091,6705,321 Surrey Central/WhiteRock,15247234,12916,11,179
2026-08-22T00:21:43.256279+00:00,1787358091,6705,321 Surrey Central/WhiteRock,15247234,5049,12,171
2026-08-22T00:21:43.256279+00:00,1787358091,6705,321 Surrey Central/WhiteRock,15247234,5039,13,150
2026-08-22T00:21:43.256279+00:00,1787358091,6705,321 Surrey Central/WhiteRock,15247234,8351,14,125
2026-08-22T00:21:43.256279+00:00,1787358091,6705,321 Surrey Central/WhiteRock,15247234,5496,15,58
2026-08-22T00:21:43.256279+00:00,1787358091,6705,321 Surrey Central/WhiteRock,15247234,5497,16,14
2026-08-22T00:21:43.256279+00:00,1787358091,6705,321 Surrey Central/WhiteRock,15247234,5498,17,0
2026-08-22T00:21:43.256279+00:00,1787358091,6705,321 Surrey Central/WhiteRock,15247234,5499,18,-32
2026-08-22T00:21:43.256279+00:00,1787358091,6705,321 Surrey Central/WhiteRock,15247234,5500,19,-62
2026-08-22T00:21:43.256279+00:00,1787358091,6705,321 Surrey Central/WhiteRock,15247234,5501,20,-90
2026-08-22T00:21:43.256279+00:00,1787358091,6705,321 Surrey Central/WhiteRock,15247234,5502,21,-104
2026-08-22T00:21:43.256279+00:00,1787358091,6705,321 Surrey Central/WhiteRock,15247234,5503,22,-115
2026-08-22T00:21:43.256279+00:00,1787358091,6705,321 Surrey Central/WhiteRock,15247234,5504,23,-168
2026-08-22T00:21:43.256279+00:00,1787358091,6705,321 Surrey Central/WhiteRock,15247234,5505,24,-159
2026-08-22T00:21:43.256279+00:00,1787358091,6705,321 Surrey Central/WhiteRock,15247234,5507,25,-145
2026-08-22T00:21:43.256279+00:00,1787358091,6705,321 Surrey Central/WhiteRock,15247234,5633,26,0
2026-08-22T00:21:43.256279+00:00,1787358091,6705,321 Surrey Central/WhiteRock,15247234,5510,27,40
2026-08-22T00:21:43.256279+00:00,1787358091,6705,321 Surrey Central/WhiteRock,15247234,5511,28,35
2026-08-22T00:21:43.256279+00:00,1787358091,6705,321 Surrey Central/WhiteRock,15247234,5512,29,33
2026-08-22T00:21:43.256279+00:00,1787358091,6705,321 Surrey Central/WhiteRock,15247234,5513,30,14
2026-08-22T00:21:43.256279+00:00,1787358091,6705,321 Surrey Central/WhiteRock,15247234,5514,31,107
2026-08-22T00:21:43.256279+00:00,1787358091,6705,321 Surrey Central/WhiteRock,15247234,5515,32,102
2026-08-22T00:21:43.256279+00:00,1787358091,6705,321 Surrey Central/WhiteRock,15247234,5516,33,100
2026-08-22T00:21:43.256279+00:00,1787358091,6705,321 Surrey Central/WhiteRock,15247234,5517,34,103
2026-08-22T00:21:43.256279+00:00,1787358091,6705,321 Surrey Central/WhiteRock,15247234,5518,35,109
2026-08-22T00:21:43.256279+00:00,1787358091,6705,321 Surrey Central/WhiteRock,15247234,5519,36,87
2026-08-22T00:21:43.256279+00:00,1787358091,6705,321 Surrey Central/WhiteRock,15247234,5520,37,77
2026-08-22T00:21:43.256279+00:00,1787358091,6705,321 Surrey Central/WhiteRock,15247234,5521,38,-125
2026-08-22T00:21:43.256279+00:00,1787358091,6705,321 Surrey Central/WhiteRock,15247234,5522,39,-257
2026-08-22T00:21:43.256279+00:00,1787358091,6705,321 Surrey Central/WhiteRock,15247234,5523,40,-292
2026-08-22T00:21:43.256279+00:00,1787358091,6705,321 Surrey Central/WhiteRock,15247234,6466,41,-304
2026-08-22T00:21:43.256279+00:00,1787358091,6705,321 Surrey Central/WhiteRock,15247234,5524,42,-274
2026-08-22T00:21:43.256279+00:00,1787358091,6705,321 Surrey Central/WhiteRock,15247234,5525,43,-300
2026-08-22T00:21:43.256279+00:00,1787358091,6705,321 Surrey Central/WhiteRock,15247234,10443,44,-319
2026-08-22T00:21:43.256279+00:00,1787358091,6705,321 Surrey Central/WhiteRock,15247234,5528,45,-317
2026-08-22T00:21:43.256279+00:00,1787358091,6705,321 Surrey Central/WhiteRock,15247234,5529,46,-339
2026-08-22T00:21:43.256279+00:00,1787358091,6705,321 Surrey Central/WhiteRock,15247234,5530,47,-355
2026-08-22T00:21:43.256279+00:00,1787358091,6705,321 Surrey Central/WhiteRock,15247234,5533,48,-358
2026-08-22T00:21:43.256279+00:00,1787358091,6705,321 Surrey Central/WhiteRock,15247234,5534,49,-376
2026-08-22T00:21:43.256279+00:00,1787358091,6705,321 Surrey Central/WhiteRock,15247234,5535,50,-380
2026-08-22T00:21:43.256279+00:00,1787358091,6705,321 Surrey Central/WhiteRock,15247234,5536,51,-405
2026-08-22T00:21:43.256279+00:00,1787358091,6705,321 Surrey Central/WhiteRock,15247234,5537,52,-418
2026-08-22T00:21:43.256279+00:00,1787358091,6705,321 Surrey Central/WhiteRock,15247234,5538,53,-425
2026-08-22T00:21:43.256279+00:00,1787358091,6705,321 Surrey Central/WhiteRock,15247234,5541,54,-404
2026-08-22T00:21:43.256279+00:00,1787358091,6705,321 Surrey Central/WhiteRock,15247234,5542,55,-389
2026-08-22T00:21:43.256279+00:00,1787358091,6705,321 Surrey Central/WhiteRock,15247234,6195,56,-360
2026-08-22T00:21:43.256279+00:00,1787358091,6705,321 Surrey Central/WhiteRock,15247235,9923,3,-28
2026-08-22T00:21:43.256279+00:00,1787358091,6705,321 Surrey Central/WhiteRock,15247235,9924,4,-119
2026-08-22T00:21:43.256279+00:00,1787358091,6705,321 Surrey Central/WhiteRock,15247235,9926,5,-151
2026-08-22T00:21:43.256279+00:00,1787358091,6705,321 Surrey Central/WhiteRock,15247235,9927,6,-174
2026-08-22T00:21:43.256279+00:00,1787358091,6705,321 Surrey Central/WhiteRock,15247235,10880,7,0
2026-08-22T00:21:43.256279+00:00,1787358091,6705,321 Surrey Central/WhiteRock,15247235,5046,8,47
2026-08-22T00:21:43.256279+00:00,1787358091,6705,321 Surrey Central/WhiteRock,15247235,5047,9,48
2026-08-22T00:21:43.256279+00:00,1787358091,6705,321 Surrey Central/WhiteRock,15247235,8566,10,28
2026-08-22T00:21:43.256279+00:00,1787358091,6705,321 Surrey Central/WhiteRock,15247235,12916,11,75
2026-08-22T00:21:43.256279+00:00,1787358091,6705,321 Surrey Central/WhiteRock,15247235,5049,12,69
2026-08-22T00:21:43.256279+00:00,1787358091,6705,321 Surrey Central/WhiteRock,15247235,5039,13,43
2026-08-22T00:21:43.256279+00:00,1787358091,6705,321 Surrey Central/WhiteRock,15247235,8351,14,24
2026-08-22T00:21:43.256279+00:00,1787358091,6705,321 Surrey Central/WhiteRock,15247235,5496,15,-41
2026-08-22T00:21:43.256279+00:00,1787358091,6705,321 Surrey Central/WhiteRock,15247235,5497,16,-82
2026-08-22T00:21:43.256279+00:00,1787358091,6705,321 Surrey Central/WhiteRock,15247235,5498,17,-95
2026-08-22T00:21:43.256279+00:00,1787358091,6705,321 Surrey Central/WhiteRock,15247235,5499,18,-128
2026-08-22T00:21:43.256279+00:00,1787358091,6705,321 Surrey Central/WhiteRock,15247235,5500,19,-155
2026-08-22T00:21:43.256279+00:00,1787358091,6705,321 Surrey Central/WhiteRock,15247235,5501,20,-181
2026-08-22T00:21:43.256279+00:00,1787358091,6705,321 Surrey Central/WhiteRock,15247235,5502,21,-194
2026-08-22T00:21:43.256279+00:00,1787358091,6705,321 Surrey Central/WhiteRock,15247235,5503,22,-200
2026-08-22T00:21:43.256279+00:00,1787358091,6705,321 Surrey Central/WhiteRock,15247235,5504,23,-247
2026-08-22T00:21:43.256279+00:00,1787358091,6705,321 Surrey Central/WhiteRock,15247235,5505,24,-237
2026-08-22T00:21:43.256279+00:00,1787358091,6705,321 Surrey Central/WhiteRock,15247235,5507,25,-213
2026-08-22T00:21:43.256279+00:00,1787358091,6705,321 Surrey Central/WhiteRock,15247235,5633,26,0
2026-08-22T00:21:43.256279+00:00,1787358091,6705,321 Surrey Central/WhiteRock,15247235,5510,27,41
2026-08-22T00:21:43.256279+00:00,1787358091,6705,321 Surrey Central/WhiteRock,15247235,5511,28,36
2026-08-22T00:21:43.256279+00:00,1787358091,6705,321 Surrey Central/WhiteRock,15247235,5512,29,32
2026-08-22T00:21:43.256279+00:00,1787358091,6705,321 Surrey Central/WhiteRock,15247235,5513,30,21
2026-08-22T00:21:43.256279+00:00,1787358091,6705,321 Surrey Central/WhiteRock,15247235,5514,31,107
2026-08-22T00:21:43.256279+00:00,1787358091,6705,321 Surrey Central/WhiteRock,15247235,5515,32,101
2026-08-22T00:21:43.256279+00:00,1787358091,6705,321 Surrey Central/WhiteRock,15247235,5516,33,108
2026-08-22T00:21:43.256279+00:00,1787358091,6705,321 Surrey Central/WhiteRock,15247235,5517,34,125
2026-08-22T00:21:43.256279+00:00,1787358091,6705,321 Surrey Central/WhiteRock,15247235,5518,35,127
2026-08-22T00:21:43.256279+00:00,1787358091,6705,321 Surrey Central/WhiteRock,15247235,5519,36,109
2026-08-22T00:21:43.256279+00:00,1787358091,6705,321 Surrey Central/WhiteRock,15247235,5520,37,115
2026-08-22T00:21:43.256279+00:00,1787358091,6705,321 Surrey Central/WhiteRock,15247235,5521,38,-80
2026-08-22T00:21:43.256279+00:00,1787358091,6705,321 Surrey Central/WhiteRock,15247235,5522,39,-207
2026-08-22T00:21:43.256279+00:00,1787358091,6705,321 Surrey Central/WhiteRock,15247235,5523,40,-241
2026-08-22T00:21:43.256279+00:00,1787358091,6705,321 Surrey Central/WhiteRock,15247235,6466,41,-251
2026-08-22T00:21:43.256279+00:00,1787358091,6705,321 Surrey Central/WhiteRock,15247235,5524,42,-217
2026-08-22T00:21:43.256279+00:00,1787358091,6705,321 Surrey Central/WhiteRock,15247235,5525,43,-244
2026-08-22T00:21:43.256279+00:00,1787358091,6705,321 Surrey Central/WhiteRock,15247235,10443,44,-272
2026-08-22T00:21:43.256279+00:00,1787358091,6705,321 Surrey Central/WhiteRock,15247235,5528,45,-270
2026-08-22T00:21:43.256279+00:00,1787358091,6705,321 Surrey Central/WhiteRock,15247235,5529,46,-293
2026-08-22T00:21:43.256279+00:00,1787358091,6705,321 Surrey Central/WhiteRock,15247235,5530,47,-308
2026-08-22T00:21:43.256279+00:00,1787358091,6705,321 Surrey Central/WhiteRock,15247235,5533,48,-307
2026-08-22T00:21:43.256279+00:00,1787358091,6705,321 Surrey Central/WhiteRock,15247235,5534,49,-324
2026-08-22T00:21:43.256279+00:00,1787358091,6705,321 Surrey Central/WhiteRock,15247235,5535,50,-321
2026-08-22T00:21:43.256279+00:00,1787358091,6705,321 Surrey Central/WhiteRock,15247235,5536,51,-343
2026-08-22T00:21:43.256279+00:00,1787358091,6705,321 Surrey Central/WhiteRock,15247235,5537,52,-359
2026-08-22T00:21:43.256279+00:00,1787358091,6705,321 Surrey Central/WhiteRock,15247235,5538,53,-365
2026-08-22T00:21:43.256279+00:00,1787358091,6705,321 Surrey Central/WhiteRock,15247235,5541,54,-340
2026-08-22T00:21:43.256279+00:00,1787358091,6705,321 Surrey Central/WhiteRock,15247235,5542,55,-329
2026-08-22T00:21:43.256279+00:00,1787358091,6705,321 Surrey Central/WhiteRock,15247235,6195,56,-298
2026-08-22T00:21:43.256279+00:00,1787358091,6715,351 Bridgeport/WhiteRock,15251618,8282,25,35
2026-08-22T00:21:43.256279+00:00,1787358091,6715,351 Bridgeport/WhiteRock,15251619,8282,25,-130
2026-08-22T00:21:43.256279+00:00,1787358091,6715,351 Bridgeport/WhiteRock,15251620,5448,22,5
2026-08-22T00:21:43.256279+00:00,1787358091,6715,351 Bridgeport/WhiteRock,15251620,6194,23,0
2026-08-22T00:21:43.256279+00:00,1787358091,6715,351 Bridgeport/WhiteRock,15251620,4928,24,-130
2026-08-22T00:21:43.256279+00:00,1787358091,6715,351 Bridgeport/WhiteRock,15251620,8282,25,-21
2026-08-22T00:21:43.256279+00:00,1787358091,6715,351 Bridgeport/WhiteRock,15251621,6139,10,90
2026-08-22T00:21:43.256279+00:00,1787358091,6715,351 Bridgeport/WhiteRock,15251621,5437,11,110
2026-08-22T00:21:43.256279+00:00,1787358091,6715,351 Bridgeport/WhiteRock,15251621,5438,12,99
2026-08-22T00:21:43.256279+00:00,1787358091,6715,351 Bridgeport/WhiteRock,15251621,5439,13,101
2026-08-22T00:21:43.256279+00:00,1787358091,6715,351 Bridgeport/WhiteRock,15251621,5440,14,79
2026-08-22T00:21:43.256279+00:00,1787358091,6715,351 Bridgeport/WhiteRock,15251621,5441,15,76
2026-08-22T00:21:43.256279+00:00,1787358091,6715,351 Bridgeport/WhiteRock,15251621,5442,16,47
2026-08-22T00:21:43.256279+00:00,1787358091,6715,351 Bridgeport/WhiteRock,15251621,5444,17,55
2026-08-22T00:21:43.256279+00:00,1787358091,6715,351 Bridgeport/WhiteRock,15251621,9083,18,29
2026-08-22T00:21:43.256279+00:00,1787358091,6715,351 Bridgeport/WhiteRock,15251621,5446,19,30
2026-08-22T00:21:43.256279+00:00,1787358091,6715,351 Bridgeport/WhiteRock,15251621,10445,20,20
2026-08-22T00:21:43.256279+00:00,1787358091,6715,351 Bridgeport/WhiteRock,15251621,5447,21,-25
2026-08-22T00:21:43.256279+00:00,1787358091,6715,351 Bridgeport/WhiteRock,15251621,5448,22,-29
2026-08-22T00:21:43.256279+00:00,1787358091,6715,351 Bridgeport/WhiteRock,15251621,6194,23,0
2026-08-22T00:21:43.256279+00:00,1787358091,6715,351 Bridgeport/WhiteRock,15251621,4928,24,-130
2026-08-22T00:21:43.256279+00:00,1787358091,6715,351 Bridgeport/WhiteRock,15251621,8282,25,-19
2026-08-22T00:21:43.256279+00:00,1787358091,6715,351 Bridgeport/WhiteRock,15251698,5537,15,-459
2026-08-22T00:21:43.256279+00:00,1787358091,6715,351 Bridgeport/WhiteRock,15251698,5538,16,-454
2026-08-22T00:21:43.256279+00:00,1787358091,6715,351 Bridgeport/WhiteRock,15251698,5541,17,-403
2026-08-22T00:21:43.256279+00:00,1787358091,6715,351 Bridgeport/WhiteRock,15251698,5542,18,-381
2026-08-22T00:21:43.256279+00:00,1787358091,6715,351 Bridgeport/WhiteRock,15251698,6340,19,-337
2026-08-22T00:21:43.256279+00:00,1787358091,6715,351 Bridgeport/WhiteRock,15251698,6341,20,-321
2026-08-22T00:21:43.256279+00:00,1787358091,6715,351 Bridgeport/WhiteRock,15251698,6167,21,-313
2026-08-22T00:21:43.256279+00:00,1787358091,6715,351 Bridgeport/WhiteRock,15251699,5524,5,-542
2026-08-22T00:21:43.256279+00:00,1787358091,6715,351 Bridgeport/WhiteRock,15251699,5525,6,-556
2026-08-22T00:21:43.256279+00:00,1787358091,6715,351 Bridgeport/WhiteRock,15251699,10443,7,-552
2026-08-22T00:21:43.256279+00:00,1787358091,6715,351 Bridgeport/WhiteRock,15251699,5528,8,-530
2026-08-22T00:21:43.256279+00:00,1787358091,6715,351 Bridgeport/WhiteRock,15251699,5529,9,-540
2026-08-22T00:21:43.256279+00:00,1787358091,6715,351 Bridgeport/WhiteRock,15251699,5530,10,-539
2026-08-22T00:21:43.256279+00:00,1787358091,6715,351 Bridgeport/WhiteRock,15251699,5533,11,-521
2026-08-22T00:21:43.256279+00:00,1787358091,6715,351 Bridgeport/WhiteRock,15251699,5534,12,-492
2026-08-22T00:21:43.256279+00:00,1787358091,6715,351 Bridgeport/WhiteRock,15251699,5535,13,-462
2026-08-22T00:21:43.256279+00:00,1787358091,6715,351 Bridgeport/WhiteRock,15251699,5536,14,-464
2026-08-22T00:21:43.256279+00:00,1787358091,6715,351 Bridgeport/WhiteRock,15251699,5537,15,-444
2026-08-22T00:21:43.256279+00:00,1787358091,6715,351 Bridgeport/WhiteRock,15251699,5538,16,-439
2026-08-22T00:21:43.256279+00:00,1787358091,6715,351 Bridgeport/WhiteRock,15251699,5541,17,-388
2026-08-22T00:21:43.256279+00:00,1787358091,6715,351 Bridgeport/WhiteRock,15251699,5542,18,-366
2026-08-22T00:21:43.256279+00:00,1787358091,6715,351 Bridgeport/WhiteRock,15251699,6340,19,-321
2026-08-22T00:21:43.256279+00:00,1787358091,6715,351 Bridgeport/WhiteRock,15251699,6341,20,-303
2026-08-22T00:21:43.256279+00:00,1787358091,6715,351 Bridgeport/WhiteRock,15251699,6167,21,-294
2026-08-22T00:21:43.256279+00:00,1787358091,6715,351 Bridgeport/WhiteRock,15251700,6175,4,-723
2026-08-22T00:21:43.256279+00:00,1787358091,6715,351 Bridgeport/WhiteRock,15251700,5524,5,-676
2026-08-22T00:21:43.256279+00:00,1787358091,6715,351 Bridgeport/WhiteRock,15251700,5525,6,-690
2026-08-22T00:21:43.256279+00:00,1787358091,6715,351 Bridgeport/WhiteRock,15251700,10443,7,-686
2026-08-22T00:21:43.256279+00:00,1787358091,6715,351 Bridgeport/WhiteRock,15251700,5528,8,-663
2026-08-22T00:21:43.256279+00:00,1787358091,6715,351 Bridgeport/WhiteRock,15251700,5529,9,-671
2026-08-22T00:21:43.256279+00:00,1787358091,6715,351 Bridgeport/WhiteRock,15251700,5530,10,-670
2026-08-22T00:21:43.256279+00:00,1787358091,6715,351 Bridgeport/WhiteRock,15251700,5533,11,-652
2026-08-22T00:21:43.256279+00:00,1787358091,6715,351 Bridgeport/WhiteRock,15251700,5534,12,-654
2026-08-22T00:21:43.256279+00:00,1787358091,6715,351 Bridgeport/WhiteRock,15251700,5535,13,-627
2026-08-22T00:21:43.256279+00:00,1787358091,6715,351 Bridgeport/WhiteRock,15251700,5536,14,-631
2026-08-22T00:21:43.256279+00:00,1787358091,6715,351 Bridgeport/WhiteRock,15251700,5537,15,-612
2026-08-22T00:21:43.256279+00:00,1787358091,6715,351 Bridgeport/WhiteRock,15251700,5538,16,-608
2026-08-22T00:21:43.256279+00:00,1787358091,6715,351 Bridgeport/WhiteRock,15251700,5541,17,-556
2026-08-22T00:21:43.256279+00:00,1787358091,6715,351 Bridgeport/WhiteRock,15251700,5542,18,-534
2026-08-22T00:21:43.256279+00:00,1787358091,6715,351 Bridgeport/WhiteRock,15251700,6340,19,-492
2026-08-22T00:21:43.256279+00:00,1787358091,6715,351 Bridgeport/WhiteRock,15251700,6341,20,-475
2026-08-22T00:21:43.256279+00:00,1787358091,6715,351 Bridgeport/WhiteRock,15251700,6167,21,-463
2026-08-22T00:21:43.256279+00:00,1787358091,6715,351 Bridgeport/WhiteRock,15251701,4929,3,0
2026-08-22T00:21:43.256279+00:00,1787358091,6715,351 Bridgeport/WhiteRock,15251701,6175,4,-644
2026-08-22T00:21:43.256279+00:00,1787358091,6715,351 Bridgeport/WhiteRock,15251701,5524,5,-595
2026-08-22T00:21:43.256279+00:00,1787358091,6715,351 Bridgeport/WhiteRock,15251701,5525,6,-608
2026-08-22T00:21:43.256279+00:00,1787358091,6715,351 Bridgeport/WhiteRock,15251701,10443,7,-604
2026-08-22T00:21:43.256279+00:00,1787358091,6715,351 Bridgeport/WhiteRock,15251701,5528,8,-582
2026-08-22T00:21:43.256279+00:00,1787358091,6715,351 Bridgeport/WhiteRock,15251701,5529,9,-588
2026-08-22T00:21:43.256279+00:00,1787358091,6715,351 Bridgeport/WhiteRock,15251701,5530,10,-585
2026-08-22T00:21:43.256279+00:00,1787358091,6715,351 Bridgeport/WhiteRock,15251701,5533,11,-564
2026-08-22T00:21:43.256279+00:00,1787358091,6715,351 Bridgeport/WhiteRock,15251701,5534,12,-565
2026-08-22T00:21:43.256279+00:00,1787358091,6715,351 Bridgeport/WhiteRock,15251701,5535,13,-534
2026-08-22T00:21:43.256279+00:00,1787358091,6715,351 Bridgeport/WhiteRock,15251701,5536,14,-534
2026-08-22T00:21:43.256279+00:00,1787358091,6715,351 Bridgeport/WhiteRock,15251701,5537,15,-515
2026-08-22T00:21:43.256279+00:00,1787358091,6715,351 Bridgeport/WhiteRock,15251701,5538,16,-509
2026-08-22T00:21:43.256279+00:00,1787358091,6715,351 Bridgeport/WhiteRock,15251701,5541,17,-453
2026-08-22T00:21:43.256279+00:00,1787358091,6715,351 Bridgeport/WhiteRock,15251701,5542,18,-432
2026-08-22T00:21:43.256279+00:00,1787358091,6715,351 Bridgeport/WhiteRock,15251701,6340,19,-381
2026-08-22T00:21:43.256279+00:00,1787358091,6715,351 Bridgeport/WhiteRock,15251701,6341,20,-365
2026-08-22T00:21:43.256279+00:00,1787358091,6715,351 Bridgeport/WhiteRock,15251701,6167,21,-356
2026-08-22T00:21:43.256279+00:00,1787358091,6715,351 Bridgeport/WhiteRock,15251702,8283,2,-65
2026-08-22T00:21:43.256279+00:00,1787358091,6715,351 Bridgeport/WhiteRock,15251702,4929,3,0
2026-08-22T00:21:43.256279+00:00,1787358091,6715,351 Bridgeport/WhiteRock,15251702,6175,4,-647
2026-08-22T00:21:43.256279+00:00,1787358091,6715,351 Bridgeport/WhiteRock,15251702,5524,5,-598
2026-08-22T00:21:43.256279+00:00,1787358091,6715,351 Bridgeport/WhiteRock,15251702,5525,6,-611
2026-08-22T00:21:43.256279+00:00,1787358091,6715,351 Bridgeport/WhiteRock,15251702,10443,7,-609
2026-08-22T00:21:43.256279+00:00,1787358091,6715,351 Bridgeport/WhiteRock,15251702,5528,8,-589
2026-08-22T00:21:43.256279+00:00,1787358091,6715,351 Bridgeport/WhiteRock,15251702,5529,9,-597
2026-08-22T00:21:43.256279+00:00,1787358091,6715,351 Bridgeport/WhiteRock,15251702,5530,10,-595
2026-08-22T00:21:43.256279+00:00,1787358091,6715,351 Bridgeport/WhiteRock,15251702,5533,11,-577
2026-08-22T00:21:43.256279+00:00,1787358091,6715,351 Bridgeport/WhiteRock,15251702,5534,12,-579
2026-08-22T00:21:43.256279+00:00,1787358091,6715,351 Bridgeport/WhiteRock,15251702,5535,13,-549
2026-08-22T00:21:43.256279+00:00,1787358091,6715,351 Bridgeport/WhiteRock,15251702,5536,14,-548
2026-08-22T00:21:43.256279+00:00,1787358091,6715,351 Bridgeport/WhiteRock,15251702,5537,15,-529
2026-08-22T00:21:43.256279+00:00,1787358091,6715,351 Bridgeport/WhiteRock,15251702,5538,16,-524
2026-08-22T00:21:43.256279+00:00,1787358091,6715,351 Bridgeport/WhiteRock,15251702,5541,17,-476
2026-08-22T00:21:43.256279+00:00,1787358091,6715,351 Bridgeport/WhiteRock,15251702,5542,18,-453
2026-08-22T00:21:43.256279+00:00,1787358091,6715,351 Bridgeport/WhiteRock,15251702,6340,19,-407
2026-08-22T00:21:43.256279+00:00,1787358091,6715,351 Bridgeport/WhiteRock,15251702,6341,20,-393
2026-08-22T00:21:43.256279+00:00,1787358091,6715,351 Bridgeport/WhiteRock,15251702,6167,21,-379
2026-08-22T00:21:43.256279+00:00,1787358091,11692,364 Langley Centre/Scottsdale,15252682,11121,6,518
2026-08-22T00:21:43.256279+00:00,1787358091,11692,364 Langley Centre/Scottsdale,15252682,11142,7,468
2026-08-22T00:21:43.256279+00:00,1787358091,11692,364 Langley Centre/Scottsdale,15252682,11139,8,438
2026-08-22T00:21:43.256279+00:00,1787358091,11692,364 Langley Centre/Scottsdale,15252682,11156,9,406
2026-08-22T00:21:43.256279+00:00,1787358091,11692,364 Langley Centre/Scottsdale,15252682,5583,10,411
2026-08-22T00:21:43.256279+00:00,1787358091,11692,364 Langley Centre/Scottsdale,15252682,5584,11,368
2026-08-22T00:21:43.256279+00:00,1787358091,11692,364 Langley Centre/Scottsdale,15252682,6464,12,341
2026-08-22T00:21:43.256279+00:00,1787358091,11692,364 Langley Centre/Scottsdale,15252682,6465,13,304
2026-08-22T00:21:43.256279+00:00,1787358091,11692,364 Langley Centre/Scottsdale,15252682,11074,14,341
2026-08-22T00:21:43.256279+00:00,1787358091,11692,364 Langley Centre/Scottsdale,15252682,11153,15,299
2026-08-22T00:21:43.256279+00:00,1787358091,11692,364 Langley Centre/Scottsdale,15252682,11150,16,249
2026-08-22T00:21:43.256279+00:00,1787358091,11692,364 Langley Centre/Scottsdale,15252682,11148,17,221
2026-08-22T00:21:43.256279+00:00,1787358091,11692,364 Langley Centre/Scottsdale,15252682,11124,18,228
2026-08-22T00:21:43.256279+00:00,1787358091,11692,364 Langley Centre/Scottsdale,15252682,11140,19,180
2026-08-22T00:21:43.256279+00:00,1787358091,11692,364 Langley Centre/Scottsdale,15252682,11145,20,162
2026-08-22T00:21:43.256279+00:00,1787358091,11692,364 Langley Centre/Scottsdale,15252682,11076,21,55
2026-08-22T00:21:43.256279+00:00,1787358091,11692,364 Langley Centre/Scottsdale,15252682,12645,22,-176
2026-08-22T00:21:43.256279+00:00,1787358091,11692,364 Langley Centre/Scottsdale,15252682,9525,23,-177
2026-08-22T00:21:43.256279+00:00,1787358091,11692,364 Langley Centre/Scottsdale,15252682,10148,24,-154
2026-08-22T00:21:43.256279+00:00,1787358091,11692,364 Langley Centre/Scottsdale,15252682,10585,25,-177
2026-08-22T00:21:43.256279+00:00,1787358091,11692,364 Langley Centre/Scottsdale,15252682,10250,26,-189
2026-08-22T00:21:43.256279+00:00,1787358091,11692,364 Langley Centre/Scottsdale,15252682,10588,27,-200
2026-08-22T00:21:43.256279+00:00,1787358091,11692,364 Langley Centre/Scottsdale,15252682,10248,28,-139
2026-08-22T00:21:43.256279+00:00,1787358091,11692,364 Langley Centre/Scottsdale,15252682,10726,29,-140
2026-08-22T00:21:43.256279+00:00,1787358091,11692,364 Langley Centre/Scottsdale,15252682,10725,30,-156
2026-08-22T00:21:43.256279+00:00,1787358091,11692,364 Langley Centre/Scottsdale,15252682,10727,31,-178
2026-08-22T00:21:43.256279+00:00,1787358091,11692,364 Langley Centre/Scottsdale,15252682,10251,32,-188
2026-08-22T00:21:43.256279+00:00,1787358091,11692,364 Langley Centre/Scottsdale,15252682,10252,33,-214
2026-08-22T00:21:43.256279+00:00,1787358091,11692,364 Langley Centre/Scottsdale,15252682,10253,34,-225
2026-08-22T00:21:43.256279+00:00,1787358091,11692,364 Langley Centre/Scottsdale,15252682,10255,35,-246
2026-08-22T00:21:43.256279+00:00,1787358091,11692,364 Langley Centre/Scottsdale,15252682,5332,36,-186
2026-08-22T00:21:43.256279+00:00,1787358091,11692,364 Langley Centre/Scottsdale,15252682,12497,37,-218
2026-08-22T00:21:43.256279+00:00,1787358091,11692,364 Langley Centre/Scottsdale,15252682,5334,38,-229
2026-08-22T00:21:43.256279+00:00,1787358091,11692,364 Langley Centre/Scottsdale,15252682,6472,39,-220
2026-08-22T00:21:43.256279+00:00,1787358091,11692,364 Langley Centre/Scottsdale,15252682,6473,40,-225
2026-08-22T00:21:43.256279+00:00,1787358091,11692,364 Langley Centre/Scottsdale,15252682,6474,41,-226
2026-08-22T00:21:43.256279+00:00,1787358091,11692,364 Langley Centre/Scottsdale,15252682,9306,42,-176
2026-08-22T00:21:43.256279+00:00,1787358091,11692,364 Langley Centre/Scottsdale,15252682,11125,43,-182
2026-08-22T00:21:43.256279+00:00,1787358091,11692,364 Langley Centre/Scottsdale,15252682,9294,44,-170
2026-08-22T00:21:43.256279+00:00,1787358091,11692,364 Langley Centre/Scottsdale,15252682,9293,45,-178
2026-08-22T00:21:43.256279+00:00,1787358091,11692,364 Langley Centre/Scottsdale,15252682,11126,46,-170
2026-08-22T00:21:43.256279+00:00,1787358091,11692,364 Langley Centre/Scottsdale,15252682,7094,47,-217
2026-08-22T00:21:43.256279+00:00,1787358091,11692,364 Langley Centre/Scottsdale,15252683,10251,32,-273
2026-08-22T00:21:43.256279+00:00,1787358091,11692,364 Langley Centre/Scottsdale,15252683,10252,33,-305
2026-08-22T00:21:43.256279+00:00,1787358091,11692,364 Langley Centre/Scottsdale,15252683,10253,34,-328
2026-08-22T00:21:43.256279+00:00,1787358091,11692,364 Langley Centre/Scottsdale,15252683,10255,35,-355
2026-08-22T00:21:43.256279+00:00,1787358091,11692,364 Langley Centre/Scottsdale,15252683,5332,36,-298
2026-08-22T00:21:43.256279+00:00,1787358091,11692,364 Langley Centre/Scottsdale,15252683,12497,37,-337
2026-08-22T00:21:43.256279+00:00,1787358091,11692,364 Langley Centre/Scottsdale,15252683,5334,38,-350
2026-08-22T00:21:43.256279+00:00,1787358091,11692,364 Langley Centre/Scottsdale,15252683,6472,39,-340
2026-08-22T00:21:43.256279+00:00,1787358091,11692,364 Langley Centre/Scottsdale,15252683,6473,40,-347
2026-08-22T00:21:43.256279+00:00,1787358091,11692,364 Langley Centre/Scottsdale,15252683,6474,41,-358
2026-08-22T00:21:43.256279+00:00,1787358091,11692,364 Langley Centre/Scottsdale,15252683,9306,42,-307
2026-08-22T00:21:43.256279+00:00,1787358091,11692,364 Langley Centre/Scottsdale,15252683,11125,43,-320
2026-08-22T00:21:43.256279+00:00,1787358091,11692,364 Langley Centre/Scottsdale,15252683,9294,44,-333
2026-08-22T00:21:43.256279+00:00,1787358091,11692,364 Langley Centre/Scottsdale,15252683,9293,45,-347
2026-08-22T00:21:43.256279+00:00,1787358091,11692,364 Langley Centre/Scottsdale,15252683,11126,46,-340
2026-08-22T00:21:43.256279+00:00,1787358091,11692,364 Langley Centre/Scottsdale,15252683,7094,47,-371
2026-08-22T00:21:43.256279+00:00,1787358091,11692,364 Langley Centre/Scottsdale,15252697,9293,45,2
2026-08-22T00:21:43.256279+00:00,1787358091,11692,364 Langley Centre/Scottsdale,15252697,11126,46,7
2026-08-22T00:21:43.256279+00:00,1787358091,11692,364 Langley Centre/Scottsdale,15252697,7094,47,-24
2026-08-22T00:21:43.256279+00:00,1787358091,11692,364 Langley Centre/Scottsdale,15252698,4846,2,95
2026-08-22T00:21:43.256279+00:00,1787358091,11692,364 Langley Centre/Scottsdale,15252698,4918,3,141
2026-08-22T00:21:43.256279+00:00,1787358091,11692,364 Langley Centre/Scottsdale,15252698,4919,4,122
2026-08-22T00:21:43.256279+00:00,1787358091,11692,364 Langley Centre/Scottsdale,15252698,4921,5,57
2026-08-22T00:21:43.256279+00:00,1787358091,11692,364 Langley Centre/Scottsdale,15252698,11121,6,102
2026-08-22T00:21:43.256279+00:00,1787358091,11692,364 Langley Centre/Scottsdale,15252698,11142,7,58
2026-08-22T00:21:43.256279+00:00,1787358091,11692,364 Langley Centre/Scottsdale,15252698,11139,8,32
2026-08-22T00:21:43.256279+00:00,1787358091,11692,364 Langley Centre/Scottsdale,15252698,11156,9,2
2026-08-22T00:21:43.256279+00:00,1787358091,11692,364 Langley Centre/Scottsdale,15252698,5583,10,10
2026-08-22T00:21:43.256279+00:00,1787358091,11692,364 Langley Centre/Scottsdale,15252698,5584,11,-30
2026-08-22T00:21:43.256279+00:00,1787358091,11692,364 Langley Centre/Scottsdale,15252698,6464,12,-54
2026-08-22T00:21:43.256279+00:00,1787358091,11692,364 Langley Centre/Scottsdale,15252698,6465,13,-89
2026-08-22T00:21:43.256279+00:00,1787358091,11692,364 Langley Centre/Scottsdale,15252698,11074,14,-49
2026-08-22T00:21:43.256279+00:00,1787358091,11692,364 Langley Centre/Scottsdale,15252698,11153,15,-89
2026-08-22T00:21:43.256279+00:00,1787358091,11692,364 Langley Centre/Scottsdale,15252698,11150,16,-137
2026-08-22T00:21:43.256279+00:00,1787358091,11692,364 Langley Centre/Scottsdale,15252698,11148,17,-165
2026-08-22T00:21:43.256279+00:00,1787358091,11692,364 Langley Centre/Scottsdale,15252698,11124,18,-155
2026-08-22T00:21:43.256279+00:00,1787358091,11692,364 Langley Centre/Scottsdale,15252698,11140,19,-201
2026-08-22T00:21:43.256279+00:00,1787358091,11692,364 Langley Centre/Scottsdale,15252698,11145,20,-217
2026-08-22T00:21:43.256279+00:00,1787358091,11692,364 Langley Centre/Scottsdale,15252698,11076,21,0
2026-08-22T00:21:43.256279+00:00,1787358091,11692,364 Langley Centre/Scottsdale,15252698,12645,22,-210
2026-08-22T00:21:43.256279+00:00,1787358091,11692,364 Langley Centre/Scottsdale,15252698,9525,23,-209
2026-08-22T00:21:43.256279+00:00,1787358091,11692,364 Langley Centre/Scottsdale,15252698,10148,24,-182
2026-08-22T00:21:43.256279+00:00,1787358091,11692,364 Langley Centre/Scottsdale,15252698,10585,25,-202
2026-08-22T00:21:43.256279+00:00,1787358091,11692,364 Langley Centre/Scottsdale,15252698,10250,26,-210
2026-08-22T00:21:43.256279+00:00,1787358091,11692,364 Langley Centre/Scottsdale,15252698,10588,27,-218
2026-08-22T00:21:43.256279+00:00,1787358091,11692,364 Langley Centre/Scottsdale,15252698,10248,28,-152
2026-08-22T00:21:43.256279+00:00,1787358091,11692,364 Langley Centre/Scottsdale,15252698,10726,29,-155
2026-08-22T00:21:43.256279+00:00,1787358091,11692,364 Langley Centre/Scottsdale,15252698,10725,30,-171
2026-08-22T00:21:43.256279+00:00,1787358091,11692,364 Langley Centre/Scottsdale,15252698,10727,31,-190
2026-08-22T00:21:43.256279+00:00,1787358091,11692,364 Langley Centre/Scottsdale,15252698,10251,32,-199
2026-08-22T00:21:43.256279+00:00,1787358091,11692,364 Langley Centre/Scottsdale,15252698,10252,33,-226
2026-08-22T00:21:43.256279+00:00,1787358091,11692,364 Langley Centre/Scottsdale,15252698,10253,34,-236
2026-08-22T00:21:43.256279+00:00,1787358091,11692,364 Langley Centre/Scottsdale,15252698,10255,35,-254
2026-08-22T00:21:43.256279+00:00,1787358091,11692,364 Langley Centre/Scottsdale,15252698,5332,36,-224
2026-08-22T00:21:43.256279+00:00,1787358091,11692,364 Langley Centre/Scottsdale,15252698,12497,37,-254
2026-08-22T00:21:43.256279+00:00,1787358091,11692,364 Langley Centre/Scottsdale,15252698,5334,38,-256
2026-08-22T00:21:43.256279+00:00,1787358091,11692,364 Langley Centre/Scottsdale,15252698,6472,39,-246
2026-08-22T00:21:43.256279+00:00,1787358091,11692,364 Langley Centre/Scottsdale,15252698,6473,40,-246
2026-08-22T00:21:43.256279+00:00,1787358091,11692,364 Langley Centre/Scottsdale,15252698,6474,41,-253
2026-08-22T00:21:43.256279+00:00,1787358091,11692,364 Langley Centre/Scottsdale,15252698,9306,42,-208
2026-08-22T00:21:43.256279+00:00,1787358091,11692,364 Langley Centre/Scottsdale,15252698,11125,43,-206
2026-08-22T00:21:43.256279+00:00,1787358091,11692,364 Langley Centre/Scottsdale,15252698,9294,44,-212
2026-08-22T00:21:43.256279+00:00,1787358091,11692,364 Langley Centre/Scottsdale,15252698,9293,45,-219
2026-08-22T00:21:43.256279+00:00,1787358091,11692,364 Langley Centre/Scottsdale,15252698,11126,46,-212
2026-08-22T00:21:43.256279+00:00,1787358091,11692,364 Langley Centre/Scottsdale,15252698,7094,47,-246
2026-08-22T00:21:43.256279+00:00,1787358091,11692,364 Langley Centre/Scottsdale,15252700,11076,21,0
2026-08-22T00:21:43.256279+00:00,1787358091,11692,364 Langley Centre/Scottsdale,15252700,12645,22,-231
2026-08-22T00:21:43.256279+00:00,1787358091,11692,364 Langley Centre/Scottsdale,15252700,9525,23,-232
2026-08-22T00:21:43.256279+00:00,1787358091,11692,364 Langley Centre/Scottsdale,15252700,10148,24,-209
2026-08-22T00:21:43.256279+00:00,1787358091,11692,364 Langley Centre/Scottsdale,15252700,10585,25,-232
2026-08-22T00:21:43.256279+00:00,1787358091,11692,364 Langley Centre/Scottsdale,15252700,10250,26,-244
2026-08-22T00:21:43.256279+00:00,1787358091,11692,364 Langley Centre/Scottsdale,15252700,10588,27,-254
2026-08-22T00:21:43.256279+00:00,1787358091,11692,364 Langley Centre/Scottsdale,15252700,10248,28,-193
2026-08-22T00:21:43.256279+00:00,1787358091,11692,364 Langley Centre/Scottsdale,15252700,10726,29,-194
2026-08-22T00:21:43.256279+00:00,1787358091,11692,364 Langley Centre/Scottsdale,15252700,10725,30,-211
2026-08-22T00:21:43.256279+00:00,1787358091,11692,364 Langley Centre/Scottsdale,15252700,10727,31,-233
2026-08-22T00:21:43.256279+00:00,1787358091,11692,364 Langley Centre/Scottsdale,15252700,10251,32,-243
2026-08-22T00:21:43.256279+00:00,1787358091,11692,364 Langley Centre/Scottsdale,15252700,10252,33,-269
2026-08-22T00:21:43.256279+00:00,1787358091,11692,364 Langley Centre/Scottsdale,15252700,10253,34,-280
2026-08-22T00:21:43.256279+00:00,1787358091,11692,364 Langley Centre/Scottsdale,15252700,10255,35,-301
2026-08-22T00:21:43.256279+00:00,1787358091,11692,364 Langley Centre/Scottsdale,15252700,5332,36,-240
2026-08-22T00:21:43.256279+00:00,1787358091,11692,364 Langley Centre/Scottsdale,15252700,12497,37,-272
2026-08-22T00:21:43.256279+00:00,1787358091,11692,364 Langley Centre/Scottsdale,15252700,5334,38,-283
2026-08-22T00:21:43.256279+00:00,1787358091,11692,364 Langley Centre/Scottsdale,15252700,6472,39,-274
2026-08-22T00:21:43.256279+00:00,1787358091,11692,364 Langley Centre/Scottsdale,15252700,6473,40,-278
2026-08-22T00:21:43.256279+00:00,1787358091,11692,364 Langley Centre/Scottsdale,15252700,6474,41,-278
2026-08-22T00:21:43.256279+00:00,1787358091,11692,364 Langley Centre/Scottsdale,15252700,9306,42,-227
2026-08-22T00:21:43.256279+00:00,1787358091,11692,364 Langley Centre/Scottsdale,15252700,11125,43,-216
2026-08-22T00:21:43.256279+00:00,1787358091,11692,364 Langley Centre/Scottsdale,15252700,9294,44,-206
2026-08-22T00:21:43.256279+00:00,1787358091,11692,364 Langley Centre/Scottsdale,15252700,9293,45,-218
2026-08-22T00:21:43.256279+00:00,1787358091,11692,364 Langley Centre/Scottsdale,15252700,11126,46,-208
2026-08-22T00:21:43.256279+00:00,1787358091,11692,364 Langley Centre/Scottsdale,15252700,7094,47,-220
2026-08-22T00:21:43.256279+00:00,1787358091,11692,364 Langley Centre/Scottsdale,15252714,5382,13,-128
2026-08-22T00:21:43.256279+00:00,1787358091,11692,364 Langley Centre/Scottsdale,15252714,12516,14,29
2026-08-22T00:21:43.256279+00:00,1787358091,11692,364 Langley Centre/Scottsdale,15252714,10257,15,-22
2026-08-22T00:21:43.256279+00:00,1787358091,11692,364 Langley Centre/Scottsdale,15252714,10258,16,-40
2026-08-22T00:21:43.256279+00:00,1787358091,11692,364 Langley Centre/Scottsdale,15252714,10259,17,-97
2026-08-22T00:21:43.256279+00:00,1787358091,11692,364 Langley Centre/Scottsdale,15252714,10260,18,0
2026-08-22T00:21:43.256279+00:00,1787358091,11692,364 Langley Centre/Scottsdale,15252714,10729,19,-55
2026-08-22T00:21:43.256279+00:00,1787358091,11692,364 Langley Centre/Scottsdale,15252714,13067,20,-80
2026-08-22T00:21:43.256279+00:00,1787358091,11692,364 Langley Centre/Scottsdale,15252714,10633,21,-103
2026-08-22T00:21:43.256279+00:00,1787358091,11692,364 Langley Centre/Scottsdale,15252714,10149,22,-8
2026-08-22T00:21:43.256279+00:00,1787358091,11692,364 Langley Centre/Scottsdale,15252714,10587,23,-30
2026-08-22T00:21:43.256279+00:00,1787358091,11692,364 Langley Centre/Scottsdale,15252714,10261,24,-73
2026-08-22T00:21:43.256279+00:00,1787358091,11692,364 Langley Centre/Scottsdale,15252714,10586,25,-114
2026-08-22T00:21:43.256279+00:00,1787358091,11692,364 Langley Centre/Scottsdale,15252714,9547,26,-85
2026-08-22T00:21:43.256279+00:00,1787358091,11692,364 Langley Centre/Scottsdale,15252714,9526,27,-122
2026-08-22T00:21:43.256279+00:00,1787358091,11692,364 Langley Centre/Scottsdale,15252714,12646,28,-139
2026-08-22T00:21:43.256279+00:00,1787358091,11692,364 Langley Centre/Scottsdale,15252714,11075,29,-182
2026-08-22T00:21:43.256279+00:00,1787358091,11692,364 Langley Centre/Scottsdale,15252714,11174,30,-213
2026-08-22T00:21:43.256279+00:00,1787358091,11692,364 Langley Centre/Scottsdale,15252714,11175,31,-249
2026-08-22T00:21:43.256279+00:00,1787358091,11692,364 Langley Centre/Scottsdale,15252714,11123,32,-203
2026-08-22T00:21:43.256279+00:00,1787358091,11692,364 Langley Centre/Scottsdale,15252714,11176,33,-211
2026-08-22T00:21:43.256279+00:00,1787358091,11692,364 Langley Centre/Scottsdale,15252714,11177,34,-243
2026-08-22T00:21:43.256279+00:00,1787358091,11692,364 Langley Centre/Scottsdale,15252714,11178,35,-275
2026-08-22T00:21:43.256279+00:00,1787358091,11692,364 Langley Centre/Scottsdale,15252714,6459,36,-188
2026-08-22T00:21:43.256279+00:00,1787358091,11692,364 Langley Centre/Scottsdale,15252714,6460,37,-199
2026-08-22T00:21:43.256279+00:00,1787358091,11692,364 Langley Centre/Scottsdale,15252714,5621,38,-201
2026-08-22T00:21:43.256279+00:00,1787358091,11692,364 Langley Centre/Scottsdale,15252714,5622,39,-229
2026-08-22T00:21:43.256279+00:00,1787358091,11692,364 Langley Centre/Scottsdale,15252714,11122,40,-218
2026-08-22T00:21:43.256279+00:00,1787358091,11692,364 Langley Centre/Scottsdale,15252714,11155,41,-235
2026-08-22T00:21:43.256279+00:00,1787358091,11692,364 Langley Centre/Scottsdale,15252714,11143,42,-249
2026-08-22T00:21:43.256279+00:00,1787358091,11692,364 Langley Centre/Scottsdale,15252714,11141,43,-285
2026-08-22T00:21:43.256279+00:00,1787358091,11692,364 Langley Centre/Scottsdale,15252714,4936,44,-281
2026-08-22T00:21:43.256279+00:00,1787358091,11692,364 Langley Centre/Scottsdale,15252714,4937,45,-307
2026-08-22T00:21:43.256279+00:00,1787358091,11692,364 Langley Centre/Scottsdale,15252714,4938,46,-336
2026-08-22T00:21:43.256279+00:00,1787358091,11692,364 Langley Centre/Scottsdale,15252714,5229,47,-344
2026-08-22T00:21:43.256279+00:00,1787358091,11692,364 Langley Centre/Scottsdale,15252714,4917,48,-299
2026-08-22T00:21:43.256279+00:00,1787358091,11692,364 Langley Centre/Scottsdale,15252715,11075,29,-85
2026-08-22T00:21:43.256279+00:00,1787358091,11692,364 Langley Centre/Scottsdale,15252715,11174,30,-118
2026-08-22T00:21:43.256279+00:00,1787358091,11692,364 Langley Centre/Scottsdale,15252715,11175,31,-154
2026-08-22T00:21:43.256279+00:00,1787358091,11692,364 Langley Centre/Scottsdale,15252715,11123,32,-108
2026-08-22T00:21:43.256279+00:00,1787358091,11692,364 Langley Centre/Scottsdale,15252715,11176,33,-112
2026-08-22T00:21:43.256279+00:00,1787358091,11692,364 Langley Centre/Scottsdale,15252715,11177,34,-145
2026-08-22T00:21:43.256279+00:00,1787358091,11692,364 Langley Centre/Scottsdale,15252715,11178,35,-178
2026-08-22T00:21:43.256279+00:00,1787358091,11692,364 Langley Centre/Scottsdale,15252715,6459,36,-92
2026-08-22T00:21:43.256279+00:00,1787358091,11692,364 Langley Centre/Scottsdale,15252715,6460,37,-106
2026-08-22T00:21:43.256279+00:00,1787358091,11692,364 Langley Centre/Scottsdale,15252715,5621,38,-107
2026-08-22T00:21:43.256279+00:00,1787358091,11692,364 Langley Centre/Scottsdale,15252715,5622,39,-135
2026-08-22T00:21:43.256279+00:00,1787358091,11692,364 Langley Centre/Scottsdale,15252715,11122,40,-104
2026-08-22T00:21:43.256279+00:00,1787358091,11692,364 Langley Centre/Scottsdale,15252715,11155,41,-123
2026-08-22T00:21:43.256279+00:00,1787358091,11692,364 Langley Centre/Scottsdale,15252715,11143,42,-135
2026-08-22T00:21:43.256279+00:00,1787358091,11692,364 Langley Centre/Scottsdale,15252715,11141,43,-172
2026-08-22T00:21:43.256279+00:00,1787358091,11692,364 Langley Centre/Scottsdale,15252715,4936,44,-166
2026-08-22T00:21:43.256279+00:00,1787358091,11692,364 Langley Centre/Scottsdale,15252715,4937,45,-192
2026-08-22T00:21:43.256279+00:00,1787358091,11692,364 Langley Centre/Scottsdale,15252715,4938,46,-219
2026-08-22T00:21:43.256279+00:00,1787358091,11692,364 Langley Centre/Scottsdale,15252715,5229,47,-221
2026-08-22T00:21:43.256279+00:00,1787358091,11692,364 Langley Centre/Scottsdale,15252715,4917,48,-164
2026-08-22T00:21:43.256279+00:00,1787358091,11692,364 Langley Centre/Scottsdale,15252751,11143,42,-345
2026-08-22T00:21:43.256279+00:00,1787358091,11692,364 Langley Centre/Scottsdale,15252751,11141,43,-384
2026-08-22T00:21:43.256279+00:00,1787358091,11692,364 Langley Centre/Scottsdale,15252751,4936,44,-379
2026-08-22T00:21:43.256279+00:00,1787358091,11692,364 Langley Centre/Scottsdale,15252751,4937,45,-405
2026-08-22T00:21:43.256279+00:00,1787358091,11692,364 Langley Centre/Scottsdale,15252751,4938,46,-433
2026-08-22T00:21:43.256279+00:00,1787358091,11692,364 Langley Centre/Scottsdale,15252751,5229,47,-436
2026-08-22T00:21:43.256279+00:00,1787358091,11692,364 Langley Centre/Scottsdale,15252751,4917,48,-381
2026-08-22T00:21:43.256279+00:00,1787358091,11692,364 Langley Centre/Scottsdale,15252752,10149,22,-34
2026-08-22T00:21:43.256279+00:00,1787358091,11692,364 Langley Centre/Scottsdale,15252752,10587,23,-58
2026-08-22T00:21:43.256279+00:00,1787358091,11692,364 Langley Centre/Scottsdale,15252752,10261,24,-99
2026-08-22T00:21:43.256279+00:00,1787358091,11692,364 Langley Centre/Scottsdale,15252752,10586,25,-140
2026-08-22T00:21:43.256279+00:00,1787358091,11692,364 Langley Centre/Scottsdale,15252752,9547,26,-111
2026-08-22T00:21:43.256279+00:00,1787358091,11692,364 Langley Centre/Scottsdale,15252752,9526,27,-145
2026-08-22T00:21:43.256279+00:00,1787358091,11692,364 Langley Centre/Scottsdale,15252752,12646,28,-162
2026-08-22T00:21:43.256279+00:00,1787358091,11692,364 Langley Centre/Scottsdale,15252752,11075,29,-205
2026-08-22T00:21:43.256279+00:00,1787358091,11692,364 Langley Centre/Scottsdale,15252752,11174,30,-237
2026-08-22T00:21:43.256279+00:00,1787358091,11692,364 Langley Centre/Scottsdale,15252752,11175,31,-273
2026-08-22T00:21:43.256279+00:00,1787358091,11692,364 Langley Centre/Scottsdale,15252752,11123,32,-228
2026-08-22T00:21:43.256279+00:00,1787358091,11692,364 Langley Centre/Scottsdale,15252752,11176,33,-233
2026-08-22T00:21:43.256279+00:00,1787358091,11692,364 Langley Centre/Scottsdale,15252752,11177,34,-265
2026-08-22T00:21:43.256279+00:00,1787358091,11692,364 Langley Centre/Scottsdale,15252752,11178,35,-298
2026-08-22T00:21:43.256279+00:00,1787358091,11692,364 Langley Centre/Scottsdale,15252752,6459,36,-212
2026-08-22T00:21:43.256279+00:00,1787358091,11692,364 Langley Centre/Scottsdale,15252752,6460,37,-226
2026-08-22T00:21:43.256279+00:00,1787358091,11692,364 Langley Centre/Scottsdale,15252752,5621,38,-227
2026-08-22T00:21:43.256279+00:00,1787358091,11692,364 Langley Centre/Scottsdale,15252752,5622,39,-255
2026-08-22T00:21:43.256279+00:00,1787358091,11692,364 Langley Centre/Scottsdale,15252752,11122,40,-224
2026-08-22T00:21:43.256279+00:00,1787358091,11692,364 Langley Centre/Scottsdale,15252752,11155,41,-243
2026-08-22T00:21:43.256279+00:00,1787358091,11692,364 Langley Centre/Scottsdale,15252752,11143,42,-256
2026-08-22T00:21:43.256279+00:00,1787358091,11692,364 Langley Centre/Scottsdale,15252752,11141,43,-293
2026-08-22T00:21:43.256279+00:00,1787358091,11692,364 Langley Centre/Scottsdale,15252752,4936,44,-286
2026-08-22T00:21:43.256279+00:00,1787358091,11692,364 Langley Centre/Scottsdale,15252752,4937,45,-312
2026-08-22T00:21:43.256279+00:00,1787358091,11692,364 Langley Centre/Scottsdale,15252752,4938,46,-339
2026-08-22T00:21:43.256279+00:00,1787358091,11692,364 Langley Centre/Scottsdale,15252752,5229,47,-340
2026-08-22T00:21:43.256279+00:00,1787358091,11692,364 Langley Centre/Scottsdale,15252752,4917,48,-279
2026-08-22T00:21:43.256279+00:00,1787358091,18705,531 WhiteRock/WillowBrook,15259154,5335,54,397
2026-08-22T00:21:43.256279+00:00,1787358091,18705,531 WhiteRock/WillowBrook,15259154,7100,55,435
2026-08-22T00:21:43.256279+00:00,1787358091,18705,531 WhiteRock/WillowBrook,15259155,12173,46,-48
2026-08-22T00:21:43.256279+00:00,1787358091,18705,531 WhiteRock/WillowBrook,15259155,9291,47,-74
2026-08-22T00:21:43.256279+00:00,1787358091,18705,531 WhiteRock/WillowBrook,15259155,9292,48,-79
2026-08-22T00:21:43.256279+00:00,1787358091,18705,531 WhiteRock/WillowBrook,15259155,11264,49,-48
2026-08-22T00:21:43.256279+00:00,1787358091,18705,531 WhiteRock/WillowBrook,15259155,9303,50,-50
2026-08-22T00:21:43.256279+00:00,1787358091,18705,531 WhiteRock/WillowBrook,15259155,9304,51,-55
2026-08-22T00:21:43.256279+00:00,1787358091,18705,531 WhiteRock/WillowBrook,15259155,6475,52,-6
2026-08-22T00:21:43.256279+00:00,1787358091,18705,531 WhiteRock/WillowBrook,15259155,6476,53,-17
2026-08-22T00:21:43.256279+00:00,1787358091,18705,531 WhiteRock/WillowBrook,15259155,5335,54,-9
2026-08-22T00:21:43.256279+00:00,1787358091,18705,531 WhiteRock/WillowBrook,15259155,7100,55,30
2026-08-22T00:21:43.256279+00:00,1787358091,18705,531 WhiteRock/WillowBrook,15259176,12925,27,11
2026-08-22T00:21:43.256279+00:00,1787358091,18705,531 WhiteRock/WillowBrook,15259176,12928,28,-12
2026-08-22T00:21:43.256279+00:00,1787358091,18705,531 WhiteRock/WillowBrook,15259176,12930,29,-29
2026-08-22T00:21:43.256279+00:00,1787358091,18705,531 WhiteRock/WillowBrook,15259176,13042,30,-44
2026-08-22T00:21:43.256279+00:00,1787358091,18705,531 WhiteRock/WillowBrook,15259176,8936,31,-34
2026-08-22T00:21:43.256279+00:00,1787358091,18705,531 WhiteRock/WillowBrook,15259176,9030,32,-45
2026-08-22T00:21:43.256279+00:00,1787358091,18705,531 WhiteRock/WillowBrook,15259176,8937,33,-66
2026-08-22T00:21:43.256279+00:00,1787358091,18705,531 WhiteRock/WillowBrook,15259176,8938,34,-67
2026-08-22T00:21:43.256279+00:00,1787358091,18705,531 WhiteRock/WillowBrook,15259176,7081,35,-67
2026-08-22T00:21:43.256279+00:00,1787358091,18705,531 WhiteRock/WillowBrook,15259176,7082,36,-73
2026-08-22T00:21:43.256279+00:00,1787358091,18705,531 WhiteRock/WillowBrook,15259176,7083,37,-101
2026-08-22T00:21:43.256279+00:00,1787358091,18705,531 WhiteRock/WillowBrook,15259176,7084,38,-120
2026-08-22T00:21:43.256279+00:00,1787358091,18705,531 WhiteRock/WillowBrook,15259176,7085,39,-156
2026-08-22T00:21:43.256279+00:00,1787358091,18705,531 WhiteRock/WillowBrook,15259176,8939,40,-170
2026-08-22T00:21:43.256279+00:00,1787358091,18705,531 WhiteRock/WillowBrook,15259176,7086,41,-182
2026-08-22T00:21:43.256279+00:00,1787358091,18705,531 WhiteRock/WillowBrook,15259176,8940,42,-209
2026-08-22T00:21:43.256279+00:00,1787358091,18705,531 WhiteRock/WillowBrook,15259176,5341,43,-227
2026-08-22T00:21:43.256279+00:00,1787358091,18705,531 WhiteRock/WillowBrook,15259176,5342,44,-229
2026-08-22T00:21:43.256279+00:00,1787358091,18705,531 WhiteRock/WillowBrook,15259176,12293,45,-221
2026-08-22T00:21:43.256279+00:00,1787358091,18705,531 WhiteRock/WillowBrook,15259176,12173,46,-153
2026-08-22T00:21:43.256279+00:00,1787358091,18705,531 WhiteRock/WillowBrook,15259176,9291,47,-179
2026-08-22T00:21:43.256279+00:00,1787358091,18705,531 WhiteRock/WillowBrook,15259176,9292,48,-184
2026-08-22T00:21:43.256279+00:00,1787358091,18705,531 WhiteRock/WillowBrook,15259176,11264,49,-148
2026-08-22T00:21:43.256279+00:00,1787358091,18705,531 WhiteRock/WillowBrook,15259176,9303,50,-120
2026-08-22T00:21:43.256279+00:00,1787358091,18705,531 WhiteRock/WillowBrook,15259176,9304,51,-124
2026-08-22T00:21:43.256279+00:00,1787358091,18705,531 WhiteRock/WillowBrook,15259176,6475,52,-79
2026-08-22T00:21:43.256279+00:00,1787358091,18705,531 WhiteRock/WillowBrook,15259176,6476,53,-89
2026-08-22T00:21:43.256279+00:00,1787358091,18705,531 WhiteRock/WillowBrook,15259176,5335,54,-79
2026-08-22T00:21:43.256279+00:00,1787358091,18705,531 WhiteRock/WillowBrook,15259176,7100,55,-34
2026-08-22T00:21:43.256279+00:00,1787358091,18705,531 WhiteRock/WillowBrook,15259178,11738,13,206
2026-08-22T00:21:43.256279+00:00,1787358091,18705,531 WhiteRock/WillowBrook,15259178,11743,14,184
2026-08-22T00:21:43.256279+00:00,1787358091,18705,531 WhiteRock/WillowBrook,15259178,12306,15,125
2026-08-22T00:21:43.256279+00:00,1787358091,18705,531 WhiteRock/WillowBrook,15259178,12218,16,75
2026-08-22T00:21:43.256279+00:00,1787358091,18705,531 WhiteRock/WillowBrook,15259178,11924,17,9
2026-08-22T00:21:43.256279+00:00,1787358091,18705,531 WhiteRock/WillowBrook,15259178,13131,18,-27
2026-08-22T00:21:43.256279+00:00,1787358091,18705,531 WhiteRock/WillowBrook,15259178,11923,19,-52
2026-08-22T00:21:43.256279+00:00,1787358091,18705,531 WhiteRock/WillowBrook,15259178,12597,20,-115
2026-08-22T00:21:43.256279+00:00,1787358091,18705,531 WhiteRock/WillowBrook,15259178,11922,21,-129
2026-08-22T00:21:43.256279+00:00,1787358091,18705,531 WhiteRock/WillowBrook,15259178,11744,22,-111
2026-08-22T00:21:43.256279+00:00,1787358091,18705,531 WhiteRock/WillowBrook,15259178,11746,23,-130
2026-08-22T00:21:43.256279+00:00,1787358091,18705,531 WhiteRock/WillowBrook,15259178,11839,24,-125
2026-08-22T00:21:43.256279+00:00,1787358091,18705,531 WhiteRock/WillowBrook,15259178,12922,25,-139
2026-08-22T00:21:43.256279+00:00,1787358091,18705,531 WhiteRock/WillowBrook,15259178,12923,26,-167
2026-08-22T00:21:43.256279+00:00,1787358091,18705,531 WhiteRock/WillowBrook,15259178,12925,27,-171
2026-08-22T00:21:43.256279+00:00,1787358091,18705,531 WhiteRock/WillowBrook,15259178,12928,28,-192
2026-08-22T00:21:43.256279+00:00,1787358091,18705,531 WhiteRock/WillowBrook,15259178,12930,29,-207
2026-08-22T00:21:43.256279+00:00,1787358091,18705,531 WhiteRock/WillowBrook,15259178,13042,30,-219
2026-08-22T00:21:43.256279+00:00,1787358091,18705,531 WhiteRock/WillowBrook,15259178,8936,31,-204
2026-08-22T00:21:43.256279+00:00,1787358091,18705,531 WhiteRock/WillowBrook,15259178,9030,32,-214
2026-08-22T00:21:43.256279+00:00,1787358091,18705,531 WhiteRock/WillowBrook,15259178,8937,33,-232
2026-08-22T00:21:43.256279+00:00,1787358091,18705,531 WhiteRock/WillowBrook,15259178,8938,34,-228
2026-08-22T00:21:43.256279+00:00,1787358091,18705,531 WhiteRock/WillowBrook,15259178,7081,35,-227
2026-08-22T00:21:43.256279+00:00,1787358091,18705,531 WhiteRock/WillowBrook,15259178,7082,36,-233
2026-08-22T00:21:43.256279+00:00,1787358091,18705,531 WhiteRock/WillowBrook,15259178,7083,37,-256
2026-08-22T00:21:43.256279+00:00,1787358091,18705,531 WhiteRock/WillowBrook,15259178,7084,38,-273
2026-08-22T00:21:43.256279+00:00,1787358091,18705,531 WhiteRock/WillowBrook,15259178,7085,39,-305
2026-08-22T00:21:43.256279+00:00,1787358091,18705,531 WhiteRock/WillowBrook,15259178,8939,40,-316
2026-08-22T00:21:43.256279+00:00,1787358091,18705,531 WhiteRock/WillowBrook,15259178,7086,41,-325
2026-08-22T00:21:43.256279+00:00,1787358091,18705,531 WhiteRock/WillowBrook,15259178,8940,42,-347
2026-08-22T00:21:43.256279+00:00,1787358091,18705,531 WhiteRock/WillowBrook,15259178,5341,43,-353
2026-08-22T00:21:43.256279+00:00,1787358091,18705,531 WhiteRock/WillowBrook,15259178,5342,44,-351
2026-08-22T00:21:43.256279+00:00,1787358091,18705,531 WhiteRock/WillowBrook,15259178,12293,45,-341
2026-08-22T00:21:43.256279+00:00,1787358091,18705,531 WhiteRock/WillowBrook,15259178,12173,46,-265
2026-08-22T00:21:43.256279+00:00,1787358091,18705,531 WhiteRock/WillowBrook,15259178,9291,47,-281
2026-08-22T00:21:43.256279+00:00,1787358091,18705,531 WhiteRock/WillowBrook,15259178,9292,48,-282
2026-08-22T00:21:43.256279+00:00,1787358091,18705,531 WhiteRock/WillowBrook,15259178,11264,49,-259
2026-08-22T00:21:43.256279+00:00,1787358091,18705,531 WhiteRock/WillowBrook,15259178,9303,50,-266
2026-08-22T00:21:43.256279+00:00,1787358091,18705,531 WhiteRock/WillowBrook,15259178,9304,51,-270
2026-08-22T00:21:43.256279+00:00,1787358091,18705,531 WhiteRock/WillowBrook,15259178,6475,52,-226
2026-08-22T00:21:43.256279+00:00,1787358091,18705,531 WhiteRock/WillowBrook,15259178,6476,53,-233
2026-08-22T00:21:43.256279+00:00,1787358091,18705,531 WhiteRock/WillowBrook,15259178,5335,54,-224
2026-08-22T00:21:43.256279+00:00,1787358091,18705,531 WhiteRock/WillowBrook,15259178,7100,55,-186
2026-08-22T00:21:43.256279+00:00,1787358091,18705,531 WhiteRock/WillowBrook,15259208,11739,42,92
2026-08-22T00:21:43.256279+00:00,1787358091,18705,531 WhiteRock/WillowBrook,15259208,11737,43,136
2026-08-22T00:21:43.256279+00:00,1787358091,18705,531 WhiteRock/WillowBrook,15259208,11757,44,100
2026-08-22T00:21:43.256279+00:00,1787358091,18705,531 WhiteRock/WillowBrook,15259208,11735,45,139
2026-08-22T00:21:43.256279+00:00,1787358091,18705,531 WhiteRock/WillowBrook,15259208,11756,46,145
2026-08-22T00:21:43.256279+00:00,1787358091,18705,531 WhiteRock/WillowBrook,15259208,5535,47,174
2026-08-22T00:21:43.256279+00:00,1787358091,18705,531 WhiteRock/WillowBrook,15259208,5536,48,149
2026-08-22T00:21:43.256279+00:00,1787358091,18705,531 WhiteRock/WillowBrook,15259208,5537,49,158
2026-08-22T00:21:43.256279+00:00,1787358091,18705,531 WhiteRock/WillowBrook,15259208,5538,50,152
2026-08-22T00:21:43.256279+00:00,1787358091,18705,531 WhiteRock/WillowBrook,15259208,5539,51,150
2026-08-22T00:21:43.256279+00:00,1787358091,18705,531 WhiteRock/WillowBrook,15259208,5540,52,157
2026-08-22T00:21:43.256279+00:00,1787358091,18705,531 WhiteRock/WillowBrook,15259209,11747,32,-93
2026-08-22T00:21:43.256279+00:00,1787358091,18705,531 WhiteRock/WillowBrook,15259209,11745,33,-98
2026-08-22T00:21:43.256279+00:00,1787358091,18705,531 WhiteRock/WillowBrook,15259209,13040,34,-107
2026-08-22T00:21:43.256279+00:00,1787358091,18705,531 WhiteRock/WillowBrook,15259209,12598,35,-133
2026-08-22T00:21:43.256279+00:00,1787358091,18705,531 WhiteRock/WillowBrook,15259209,11920,36,-194
2026-08-22T00:21:43.256279+00:00,1787358091,18705,531 WhiteRock/WillowBrook,15259209,13130,37,-232
2026-08-22T00:21:43.256279+00:00,1787358091,18705,531 WhiteRock/WillowBrook,15259209,11925,38,-269
2026-08-22T00:21:43.256279+00:00,1787358091,18705,531 WhiteRock/WillowBrook,15259209,12219,39,-303
2026-08-22T00:21:43.256279+00:00,1787358091,18705,531 WhiteRock/WillowBrook,15259209,11741,40,-444
2026-08-22T00:21:43.256279+00:00,1787358091,18705,531 WhiteRock/WillowBrook,15259209,11740,41,-465
2026-08-22T00:21:43.256279+00:00,1787358091,18705,531 WhiteRock/WillowBrook,15259209,11739,42,-416
2026-08-22T00:21:43.256279+00:00,1787358091,18705,531 WhiteRock/WillowBrook,15259209,11737,43,-367
2026-08-22T00:21:43.256279+00:00,1787358091,18705,531 WhiteRock/WillowBrook,15259209,11757,44,-401
2026-08-22T00:21:43.256279+00:00,1787358091,18705,531 WhiteRock/WillowBrook,15259209,11735,45,-362
2026-08-22T00:21:43.256279+00:00,1787358091,18705,531 WhiteRock/WillowBrook,15259209,11756,46,-355
2026-08-22T00:21:43.256279+00:00,1787358091,18705,531 WhiteRock/WillowBrook,15259209,5535,47,-326
2026-08-22T00:21:43.256279+00:00,1787358091,18705,531 WhiteRock/WillowBrook,15259209,5536,48,-354
2026-08-22T00:21:43.256279+00:00,1787358091,18705,531 WhiteRock/WillowBrook,15259209,5537,49,-367
2026-08-22T00:21:43.256279+00:00,1787358091,18705,531 WhiteRock/WillowBrook,15259209,5538,50,-375
2026-08-22T00:21:43.256279+00:00,1787358091,18705,531 WhiteRock/WillowBrook,15259209,5539,51,-368
2026-08-22T00:21:43.256279+00:00,1787358091,18705,531 WhiteRock/WillowBrook,15259209,5540,52,-359
2026-08-22T00:21:43.256279+00:00,1787358091,18705,531 WhiteRock/WillowBrook,15259222,7092,11,168
2026-08-22T00:21:43.256279+00:00,1787358091,18705,531 WhiteRock/WillowBrook,15259222,10747,12,186
2026-08-22T00:21:43.256279+00:00,1787358091,18705,531 WhiteRock/WillowBrook,15259222,5364,13,191
2026-08-22T00:21:43.256279+00:00,1787358091,18705,531 WhiteRock/WillowBrook,15259222,11775,14,217
2026-08-22T00:21:43.256279+00:00,1787358091,18705,531 WhiteRock/WillowBrook,15259222,7171,15,183
2026-08-22T00:21:43.256279+00:00,1787358091,18705,531 WhiteRock/WillowBrook,15259222,7172,16,142
2026-08-22T00:21:43.256279+00:00,1787358091,18705,531 WhiteRock/WillowBrook,15259222,7173,17,129
2026-08-22T00:21:43.256279+00:00,1787358091,18705,531 WhiteRock/WillowBrook,15259222,7174,18,87
2026-08-22T00:21:43.256279+00:00,1787358091,18705,531 WhiteRock/WillowBrook,15259222,7175,19,73
2026-08-22T00:21:43.256279+00:00,1787358091,18705,531 WhiteRock/WillowBrook,15259222,7176,20,44
2026-08-22T00:21:43.256279+00:00,1787358091,18705,531 WhiteRock/WillowBrook,15259222,7177,21,50
2026-08-22T00:21:43.256279+00:00,1787358091,18705,531 WhiteRock/WillowBrook,15259222,8948,22,22
2026-08-22T00:21:43.256279+00:00,1787358091,18705,531 WhiteRock/WillowBrook,15259222,9031,23,1
2026-08-22T00:21:43.256279+00:00,1787358091,18705,531 WhiteRock/WillowBrook,15259222,12931,24,-1
2026-08-22T00:21:43.256279+00:00,1787358091,18705,531 WhiteRock/WillowBrook,15259222,13041,25,-36
2026-08-22T00:21:43.256279+00:00,1787358091,18705,531 WhiteRock/WillowBrook,15259222,12929,26,-56
2026-08-22T00:21:43.256279+00:00,1787358091,18705,531 WhiteRock/WillowBrook,15259222,12927,27,-86
2026-08-22T00:21:43.256279+00:00,1787358091,18705,531 WhiteRock/WillowBrook,15259222,12926,28,-96
2026-08-22T00:21:43.256279+00:00,1787358091,18705,531 WhiteRock/WillowBrook,15259222,12924,29,-118
2026-08-22T00:21:43.256279+00:00,1787358091,18705,531 WhiteRock/WillowBrook,15259222,11751,30,-115
2026-08-22T00:21:43.256279+00:00,1787358091,18705,531 WhiteRock/WillowBrook,15259222,11750,31,-165
2026-08-22T00:21:43.256279+00:00,1787358091,18705,531 WhiteRock/WillowBrook,15259222,11747,32,-197
2026-08-22T00:21:43.256279+00:00,1787358091,18705,531 WhiteRock/WillowBrook,15259222,11745,33,-214
2026-08-22T00:21:43.256279+00:00,1787358091,18705,531 WhiteRock/WillowBrook,15259222,13040,34,-223
2026-08-22T00:21:43.256279+00:00,1787358091,18705,531 WhiteRock/WillowBrook,15259222,12598,35,-249
2026-08-22T00:21:43.256279+00:00,1787358091,18705,531 WhiteRock/WillowBrook,15259222,11920,36,-311
2026-08-22T00:21:43.256279+00:00,1787358091,18705,531 WhiteRock/WillowBrook,15259222,13130,37,-349
2026-08-22T00:21:43.256279+00:00,1787358091,18705,531 WhiteRock/WillowBrook,15259222,11925,38,-386
2026-08-22T00:21:43.256279+00:00,1787358091,18705,531 WhiteRock/WillowBrook,15259222,12219,39,-420
2026-08-22T00:21:43.256279+00:00,1787358091,18705,531 WhiteRock/WillowBrook,15259222,11741,40,-564
2026-08-22T00:21:43.256279+00:00,1787358091,18705,531 WhiteRock/WillowBrook,15259222,11740,41,-585
2026-08-22T00:21:43.256279+00:00,1787358091,18705,531 WhiteRock/WillowBrook,15259222,11739,42,-536
2026-08-22T00:21:43.256279+00:00,1787358091,18705,531 WhiteRock/WillowBrook,15259222,11737,43,-488
2026-08-22T00:21:43.256279+00:00,1787358091,18705,531 WhiteRock/WillowBrook,15259222,11757,44,-522
2026-08-22T00:21:43.256279+00:00,1787358091,18705,531 WhiteRock/WillowBrook,15259222,11735,45,-483
2026-08-22T00:21:43.256279+00:00,1787358091,18705,531 WhiteRock/WillowBrook,15259222,11756,46,-478
2026-08-22T00:21:43.256279+00:00,1787358091,18705,531 WhiteRock/WillowBrook,15259222,5535,47,-448
2026-08-22T00:21:43.256279+00:00,1787358091,18705,531 WhiteRock/WillowBrook,15259222,5536,48,-474
2026-08-22T00:21:43.256279+00:00,1787358091,18705,531 WhiteRock/WillowBrook,15259222,5537,49,-491
2026-08-22T00:21:43.256279+00:00,1787358091,18705,531 WhiteRock/WillowBrook,15259222,5538,50,-499
2026-08-22T00:21:43.256279+00:00,1787358091,18705,531 WhiteRock/WillowBrook,15259222,5539,51,-486
2026-08-22T00:21:43.256279+00:00,1787358091,18705,531 WhiteRock/WillowBrook,15259222,5540,52,-478
2026-08-22T00:26:44.445455+00:00,1787358391,6705,321 Surrey Central/WhiteRock,15247051,11882,56,136
2026-08-22T00:26:44.445455+00:00,1787358391,6705,321 Surrey Central/WhiteRock,15247051,10442,57,229
2026-08-22T00:26:44.445455+00:00,1787358391,6705,321 Surrey Central/WhiteRock,15247051,9929,58,255
2026-08-22T00:26:44.445455+00:00,1787358391,6705,321 Surrey Central/WhiteRock,15247051,9930,59,214
2026-08-22T00:26:44.445455+00:00,1787358391,6705,321 Surrey Central/WhiteRock,15247051,9932,60,134
2026-08-22T00:26:44.445455+00:00,1787358391,6705,321 Surrey Central/WhiteRock,15247052,5463,37,-306
2026-08-22T00:26:44.445455+00:00,1787358391,6705,321 Surrey Central/WhiteRock,15247052,5700,38,0
2026-08-22T00:26:44.445455+00:00,1787358391,6705,321 Surrey Central/WhiteRock,15247052,5465,39,9
2026-08-22T00:26:44.445455+00:00,1787358391,6705,321 Surrey Central/WhiteRock,15247052,5466,40,-40
2026-08-22T00:26:44.445455+00:00,1787358391,6705,321 Surrey Central/WhiteRock,15247052,5467,41,-35
2026-08-22T00:26:44.445455+00:00,1787358391,6705,321 Surrey Central/WhiteRock,15247052,5468,42,-64
2026-08-22T00:26:44.445455+00:00,1787358391,6705,321 Surrey Central/WhiteRock,15247052,5469,43,-101
2026-08-22T00:26:44.445455+00:00,1787358391,6705,321 Surrey Central/WhiteRock,15247052,5470,44,-128
2026-08-22T00:26:44.445455+00:00,1787358391,6705,321 Surrey Central/WhiteRock,15247052,5471,45,-163
2026-08-22T00:26:44.445455+00:00,1787358391,6705,321 Surrey Central/WhiteRock,15247052,5472,46,-188
2026-08-22T00:26:44.445455+00:00,1787358391,6705,321 Surrey Central/WhiteRock,15247052,5473,47,-239
2026-08-22T00:26:44.445455+00:00,1787358391,6705,321 Surrey Central/WhiteRock,15247052,5474,48,-244
2026-08-22T00:26:44.445455+00:00,1787358391,6705,321 Surrey Central/WhiteRock,15247052,5475,49,-294
2026-08-22T00:26:44.445455+00:00,1787358391,6705,321 Surrey Central/WhiteRock,15247052,5476,50,-320
2026-08-22T00:26:44.445455+00:00,1787358391,6705,321 Surrey Central/WhiteRock,15247052,5477,51,-341
2026-08-22T00:26:44.445455+00:00,1787358391,6705,321 Surrey Central/WhiteRock,15247052,11725,52,-364
2026-08-22T00:26:44.445455+00:00,1787358391,6705,321 Surrey Central/WhiteRock,15247052,5040,53,-357
2026-08-22T00:26:44.445455+00:00,1787358391,6705,321 Surrey Central/WhiteRock,15247052,5041,54,-346
2026-08-22T00:26:44.445455+00:00,1787358391,6705,321 Surrey Central/WhiteRock,15247052,12155,55,-334
2026-08-22T00:26:44.445455+00:00,1787358391,6705,321 Surrey Central/WhiteRock,15247052,11882,56,0
2026-08-22T00:26:44.445455+00:00,1787358391,6705,321 Surrey Central/WhiteRock,15247052,10442,57,92
2026-08-22T00:26:44.445455+00:00,1787358391,6705,321 Surrey Central/WhiteRock,15247052,9929,58,100
2026-08-22T00:26:44.445455+00:00,1787358391,6705,321 Surrey Central/WhiteRock,15247052,9930,59,53
2026-08-22T00:26:44.445455+00:00,1787358391,6705,321 Surrey Central/WhiteRock,15247052,9932,60,-33
2026-08-22T00:26:44.445455+00:00,1787358391,6705,321 Surrey Central/WhiteRock,15247053,10808,25,-30
2026-08-22T00:26:44.445455+00:00,1787358391,6705,321 Surrey Central/WhiteRock,15247053,5452,26,-91
2026-08-22T00:26:44.445455+00:00,1787358391,6705,321 Surrey Central/WhiteRock,15247053,11913,27,-109
2026-08-22T00:26:44.445455+00:00,1787358391,6705,321 Surrey Central/WhiteRock,15247053,5454,28,-120
2026-08-22T00:26:44.445455+00:00,1787358391,6705,321 Surrey Central/WhiteRock,15247053,5455,29,-119
2026-08-22T00:26:44.445455+00:00,1787358391,6705,321 Surrey Central/WhiteRock,15247053,5456,30,-12
2026-08-22T00:26:44.445455+00:00,1787358391,6705,321 Surrey Central/WhiteRock,15247053,12651,31,-40
2026-08-22T00:26:44.445455+00:00,1787358391,6705,321 Surrey Central/WhiteRock,15247053,5458,32,-39
2026-08-22T00:26:44.445455+00:00,1787358391,6705,321 Surrey Central/WhiteRock,15247053,5459,33,-32
2026-08-22T00:26:44.445455+00:00,1787358391,6705,321 Surrey Central/WhiteRock,15247053,5460,34,-37
2026-08-22T00:26:44.445455+00:00,1787358391,6705,321 Surrey Central/WhiteRock,15247053,5461,35,-46
2026-08-22T00:26:44.445455+00:00,1787358391,6705,321 Surrey Central/WhiteRock,15247053,5462,36,-52
2026-08-22T00:26:44.445455+00:00,1787358391,6705,321 Surrey Central/WhiteRock,15247053,5463,37,9
2026-08-22T00:26:44.445455+00:00,1787358391,6705,321 Surrey Central/WhiteRock,15247053,5700,38,127
2026-08-22T00:26:44.445455+00:00,1787358391,6705,321 Surrey Central/WhiteRock,15247053,5465,39,139
2026-08-22T00:26:44.445455+00:00,1787358391,6705,321 Surrey Central/WhiteRock,15247053,5466,40,89
2026-08-22T00:26:44.445455+00:00,1787358391,6705,321 Surrey Central/WhiteRock,15247053,5467,41,95
2026-08-22T00:26:44.445455+00:00,1787358391,6705,321 Surrey Central/WhiteRock,15247053,5468,42,68
2026-08-22T00:26:44.445455+00:00,1787358391,6705,321 Surrey Central/WhiteRock,15247053,5469,43,26
2026-08-22T00:26:44.445455+00:00,1787358391,6705,321 Surrey Central/WhiteRock,15247053,5470,44,0
2026-08-22T00:26:44.445455+00:00,1787358391,6705,321 Surrey Central/WhiteRock,15247053,5471,45,-33
2026-08-22T00:26:44.445455+00:00,1787358391,6705,321 Surrey Central/WhiteRock,15247053,5472,46,-60
2026-08-22T00:26:44.445455+00:00,1787358391,6705,321 Surrey Central/WhiteRock,15247053,5473,47,-111
2026-08-22T00:26:44.445455+00:00,1787358391,6705,321 Surrey Central/WhiteRock,15247053,5474,48,-116
2026-08-22T00:26:44.445455+00:00,1787358391,6705,321 Surrey Central/WhiteRock,15247053,5475,49,-165
2026-08-22T00:26:44.445455+00:00,1787358391,6705,321 Surrey Central/WhiteRock,15247053,5476,50,-194
2026-08-22T00:26:44.445455+00:00,1787358391,6705,321 Surrey Central/WhiteRock,15247053,5477,51,-215
2026-08-22T00:26:44.445455+00:00,1787358391,6705,321 Surrey Central/WhiteRock,15247053,11725,52,-238
2026-08-22T00:26:44.445455+00:00,1787358391,6705,321 Surrey Central/WhiteRock,15247053,5040,53,-229
2026-08-22T00:26:44.445455+00:00,1787358391,6705,321 Surrey Central/WhiteRock,15247053,5041,54,-226
2026-08-22T00:26:44.445455+00:00,1787358391,6705,321 Surrey Central/WhiteRock,15247053,12155,55,-216
2026-08-22T00:26:44.445455+00:00,1787358391,6705,321 Surrey Central/WhiteRock,15247053,11882,56,0
2026-08-22T00:26:44.445455+00:00,1787358391,6705,321 Surrey Central/WhiteRock,15247053,10442,57,80
2026-08-22T00:26:44.445455+00:00,1787358391,6705,321 Surrey Central/WhiteRock,15247053,9929,58,86
2026-08-22T00:26:44.445455+00:00,1787358391,6705,321 Surrey Central/WhiteRock,15247053,9930,59,36
2026-08-22T00:26:44.445455+00:00,1787358391,6705,321 Surrey Central/WhiteRock,15247053,9932,60,-49
2026-08-22T00:26:44.445455+00:00,1787358391,6705,321 Surrey Central/WhiteRock,15247054,9083,17,184
2026-08-22T00:26:44.445455+00:00,1787358391,6705,321 Surrey Central/WhiteRock,15247054,5446,18,191
2026-08-22T00:26:44.445455+00:00,1787358391,6705,321 Surrey Central/WhiteRock,15247054,10445,19,183
2026-08-22T00:26:44.445455+00:00,1787358391,6705,321 Surrey Central/WhiteRock,15247054,5447,20,144
2026-08-22T00:26:44.445455+00:00,1787358391,6705,321 Surrey Central/WhiteRock,15247054,5448,21,143
2026-08-22T00:26:44.445455+00:00,1787358391,6705,321 Surrey Central/WhiteRock,15247054,10437,22,139
2026-08-22T00:26:44.445455+00:00,1787358391,6705,321 Surrey Central/WhiteRock,15247054,5449,23,83
2026-08-22T00:26:44.445455+00:00,1787358391,6705,321 Surrey Central/WhiteRock,15247054,11313,24,48
2026-08-22T00:26:44.445455+00:00,1787358391,6705,321 Surrey Central/WhiteRock,15247054,10808,25,-100
2026-08-22T00:26:44.445455+00:00,1787358391,6705,321 Surrey Central/WhiteRock,15247054,5452,26,-161
2026-08-22T00:26:44.445455+00:00,1787358391,6705,321 Surrey Central/WhiteRock,15247054,11913,27,-179
2026-08-22T00:26:44.445455+00:00,1787358391,6705,321 Surrey Central/WhiteRock,15247054,5454,28,-191
2026-08-22T00:26:44.445455+00:00,1787358391,6705,321 Surrey Central/WhiteRock,15247054,5455,29,-189
2026-08-22T00:26:44.445455+00:00,1787358391,6705,321 Surrey Central/WhiteRock,15247054,5456,30,-82
2026-08-22T00:26:44.445455+00:00,1787358391,6705,321 Surrey Central/WhiteRock,15247054,12651,31,-111
2026-08-22T00:26:44.445455+00:00,1787358391,6705,321 Surrey Central/WhiteRock,15247054,5458,32,-110
2026-08-22T00:26:44.445455+00:00,1787358391,6705,321 Surrey Central/WhiteRock,15247054,5459,33,-104
2026-08-22T00:26:44.445455+00:00,1787358391,6705,321 Surrey Central/WhiteRock,15247054,5460,34,-109
2026-08-22T00:26:44.445455+00:00,1787358391,6705,321 Surrey Central/WhiteRock,15247054,5461,35,-118
2026-08-22T00:26:44.445455+00:00,1787358391,6705,321 Surrey Central/WhiteRock,15247054,5462,36,-124
2026-08-22T00:26:44.445455+00:00,1787358391,6705,321 Surrey Central/WhiteRock,15247054,5463,37,-64
2026-08-22T00:26:44.445455+00:00,1787358391,6705,321 Surrey Central/WhiteRock,15247054,5700,38,54
2026-08-22T00:26:44.445455+00:00,1787358391,6705,321 Surrey Central/WhiteRock,15247054,5465,39,62
2026-08-22T00:26:44.445455+00:00,1787358391,6705,321 Surrey Central/WhiteRock,15247054,5466,40,12
2026-08-22T00:26:44.445455+00:00,1787358391,6705,321 Surrey Central/WhiteRock,15247054,5467,41,17
2026-08-22T00:26:44.445455+00:00,1787358391,6705,321 Surrey Central/WhiteRock,15247054,5468,42,-11
2026-08-22T00:26:44.445455+00:00,1787358391,6705,321 Surrey Central/WhiteRock,15247054,5469,43,-62
2026-08-22T00:26:44.445455+00:00,1787358391,6705,321 Surrey Central/WhiteRock,15247054,5470,44,-90
2026-08-22T00:26:44.445455+00:00,1787358391,6705,321 Surrey Central/WhiteRock,15247054,5471,45,-124
2026-08-22T00:26:44.445455+00:00,1787358391,6705,321 Surrey Central/WhiteRock,15247054,5472,46,-151
2026-08-22T00:26:44.445455+00:00,1787358391,6705,321 Surrey Central/WhiteRock,15247054,5473,47,-203
2026-08-22T00:26:44.445455+00:00,1787358391,6705,321 Surrey Central/WhiteRock,15247054,5474,48,-212
2026-08-22T00:26:44.445455+00:00,1787358391,6705,321 Surrey Central/WhiteRock,15247054,5475,49,-262
2026-08-22T00:26:44.445455+00:00,1787358391,6705,321 Surrey Central/WhiteRock,15247054,5476,50,-293
2026-08-22T00:26:44.445455+00:00,1787358391,6705,321 Surrey Central/WhiteRock,15247054,5477,51,-315
2026-08-22T00:26:44.445455+00:00,1787358391,6705,321 Surrey Central/WhiteRock,15247054,11725,52,-340
2026-08-22T00:26:44.445455+00:00,1787358391,6705,321 Surrey Central/WhiteRock,15247054,5040,53,-329
2026-08-22T00:26:44.445455+00:00,1787358391,6705,321 Surrey Central/WhiteRock,15247054,5041,54,-327
2026-08-22T00:26:44.445455+00:00,1787358391,6705,321 Surrey Central/WhiteRock,15247054,12155,55,-319
2026-08-22T00:26:44.445455+00:00,1787358391,6705,321 Surrey Central/WhiteRock,15247054,11882,56,0
2026-08-22T00:26:44.445455+00:00,1787358391,6705,321 Surrey Central/WhiteRock,15247054,10442,57,79
2026-08-22T00:26:44.445455+00:00,1787358391,6705,321 Surrey Central/WhiteRock,15247054,9929,58,85
2026-08-22T00:26:44.445455+00:00,1787358391,6705,321 Surrey Central/WhiteRock,15247054,9930,59,35
2026-08-22T00:26:44.445455+00:00,1787358391,6705,321 Surrey Central/WhiteRock,15247054,9932,60,-44
2026-08-22T00:26:44.445455+00:00,1787358391,6705,321 Surrey Central/WhiteRock,15247055,6197,1,0
2026-08-22T00:26:44.445455+00:00,1787358391,6705,321 Surrey Central/WhiteRock,15247055,5437,10,-681
2026-08-22T00:26:44.445455+00:00,1787358391,6705,321 Surrey Central/WhiteRock,15247055,5438,11,-687
2026-08-22T00:26:44.445455+00:00,1787358391,6705,321 Surrey Central/WhiteRock,15247055,5439,12,-683
2026-08-22T00:26:44.445455+00:00,1787358391,6705,321 Surrey Central/WhiteRock,15247055,5440,13,-705
2026-08-22T00:26:44.445455+00:00,1787358391,6705,321 Surrey Central/WhiteRock,15247055,5441,14,-704
2026-08-22T00:26:44.445455+00:00,1787358391,6705,321 Surrey Central/WhiteRock,15247055,5442,15,-728
2026-08-22T00:26:44.445455+00:00,1787358391,6705,321 Surrey Central/WhiteRock,15247055,5444,16,-720
2026-08-22T00:26:44.445455+00:00,1787358391,6705,321 Surrey Central/WhiteRock,15247055,9083,17,-740
2026-08-22T00:26:44.445455+00:00,1787358391,6705,321 Surrey Central/WhiteRock,15247055,5446,18,-725
2026-08-22T00:26:44.445455+00:00,1787358391,6705,321 Surrey Central/WhiteRock,15247055,10445,19,-731
2026-08-22T00:26:44.445455+00:00,1787358391,6705,321 Surrey Central/WhiteRock,15247055,5447,20,-766
2026-08-22T00:26:44.445455+00:00,1787358391,6705,321 Surrey Central/WhiteRock,15247055,5448,21,-764
2026-08-22T00:26:44.445455+00:00,1787358391,6705,321 Surrey Central/WhiteRock,15247055,10437,22,-761
2026-08-22T00:26:44.445455+00:00,1787358391,6705,321 Surrey Central/WhiteRock,15247055,5449,23,-814
2026-08-22T00:26:44.445455+00:00,1787358391,6705,321 Surrey Central/WhiteRock,15247055,11313,24,-848
2026-08-22T00:26:44.445455+00:00,1787358391,6705,321 Surrey Central/WhiteRock,15247055,10808,25,-991
2026-08-22T00:26:44.445455+00:00,1787358391,6705,321 Surrey Central/WhiteRock,15247055,5452,26,-1045
2026-08-22T00:26:44.445455+00:00,1787358391,6705,321 Surrey Central/WhiteRock,15247055,11913,27,-1061
2026-08-22T00:26:44.445455+00:00,1787358391,6705,321 Surrey Central/WhiteRock,15247055,5454,28,-1071
2026-08-22T00:26:44.445455+00:00,1787358391,6705,321 Surrey Central/WhiteRock,15247055,5455,29,-1072
2026-08-22T00:26:44.445455+00:00,1787358391,6705,321 Surrey Central/WhiteRock,15247055,5456,30,-963
2026-08-22T00:26:44.445455+00:00,1787358391,6705,321 Surrey Central/WhiteRock,15247055,12651,31,-990
2026-08-22T00:26:44.445455+00:00,1787358391,6705,321 Surrey Central/WhiteRock,15247055,5458,32,-990
2026-08-22T00:26:44.445455+00:00,1787358391,6705,321 Surrey Central/WhiteRock,15247055,5459,33,-980
2026-08-22T00:26:44.445455+00:00,1787358391,6705,321 Surrey Central/WhiteRock,15247055,5460,34,-985
2026-08-22T00:26:44.445455+00:00,1787358391,6705,321 Surrey Central/WhiteRock,15247055,5461,35,-994
2026-08-22T00:26:44.445455+00:00,1787358391,6705,321 Surrey Central/WhiteRock,15247055,5462,36,-999
2026-08-22T00:26:44.445455+00:00,1787358391,6705,321 Surrey Central/WhiteRock,15247055,5463,37,-937
2026-08-22T00:26:44.445455+00:00,1787358391,6705,321 Surrey Central/WhiteRock,15247055,5700,38,0
2026-08-22T00:26:44.445455+00:00,1787358391,6705,321 Surrey Central/WhiteRock,15247055,5465,39,6
2026-08-22T00:26:44.445455+00:00,1787358391,6705,321 Surrey Central/WhiteRock,15247055,5466,40,-44
2026-08-22T00:26:44.445455+00:00,1787358391,6705,321 Surrey Central/WhiteRock,15247055,5467,41,-33
2026-08-22T00:26:44.445455+00:00,1787358391,6705,321 Surrey Central/WhiteRock,15247055,5468,42,-61
2026-08-22T00:26:44.445455+00:00,1787358391,6705,321 Surrey Central/WhiteRock,15247055,5469,43,-99
2026-08-22T00:26:44.445455+00:00,1787358391,6705,321 Surrey Central/WhiteRock,15247055,5470,44,-126
2026-08-22T00:26:44.445455+00:00,1787358391,6705,321 Surrey Central/WhiteRock,15247055,5471,45,-163
2026-08-22T00:26:44.445455+00:00,1787358391,6705,321 Surrey Central/WhiteRock,15247055,5472,46,-189
2026-08-22T00:26:44.445455+00:00,1787358391,6705,321 Surrey Central/WhiteRock,15247055,5473,47,-240
2026-08-22T00:26:44.445455+00:00,1787358391,6705,321 Surrey Central/WhiteRock,15247055,5474,48,-249
2026-08-22T00:26:44.445455+00:00,1787358391,6705,321 Surrey Central/WhiteRock,15247055,5475,49,-299
2026-08-22T00:26:44.445455+00:00,1787358391,6705,321 Surrey Central/WhiteRock,15247055,5476,50,-330
2026-08-22T00:26:44.445455+00:00,1787358391,6705,321 Surrey Central/WhiteRock,15247055,5477,51,-352
2026-08-22T00:26:44.445455+00:00,1787358391,6705,321 Surrey Central/WhiteRock,15247055,11725,52,-378
2026-08-22T00:26:44.445455+00:00,1787358391,6705,321 Surrey Central/WhiteRock,15247055,5040,53,-368
2026-08-22T00:26:44.445455+00:00,1787358391,6705,321 Surrey Central/WhiteRock,15247055,5041,54,-368
2026-08-22T00:26:44.445455+00:00,1787358391,6705,321 Surrey Central/WhiteRock,15247055,12155,55,-360
2026-08-22T00:26:44.445455+00:00,1787358391,6705,321 Surrey Central/WhiteRock,15247055,11882,56,0
2026-08-22T00:26:44.445455+00:00,1787358391,6705,321 Surrey Central/WhiteRock,15247055,10442,57,79
2026-08-22T00:26:44.445455+00:00,1787358391,6705,321 Surrey Central/WhiteRock,15247055,9929,58,85
2026-08-22T00:26:44.445455+00:00,1787358391,6705,321 Surrey Central/WhiteRock,15247055,9930,59,35
2026-08-22T00:26:44.445455+00:00,1787358391,6705,321 Surrey Central/WhiteRock,15247055,9932,60,-44
2026-08-22T00:26:44.445455+00:00,1787358391,6705,321 Surrey Central/WhiteRock,15247067,5700,38,368
2026-08-22T00:26:44.445455+00:00,1787358391,6705,321 Surrey Central/WhiteRock,15247067,5465,39,380
2026-08-22T00:26:44.445455+00:00,1787358391,6705,321 Surrey Central/WhiteRock,15247067,5466,40,331
2026-08-22T00:26:44.445455+00:00,1787358391,6705,321 Surrey Central/WhiteRock,15247067,5467,41,336
2026-08-22T00:26:44.445455+00:00,1787358391,6705,321 Surrey Central/WhiteRock,15247067,5468,42,307
2026-08-22T00:26:44.445455+00:00,1787358391,6705,321 Surrey Central/WhiteRock,15247067,5469,43,263
2026-08-22T00:26:44.445455+00:00,1787358391,6705,321 Surrey Central/WhiteRock,15247067,5470,44,236
2026-08-22T00:26:44.445455+00:00,1787358391,6705,321 Surrey Central/WhiteRock,15247067,5471,45,201
2026-08-22T00:26:44.445455+00:00,1787358391,6705,321 Surrey Central/WhiteRock,15247067,5472,46,176
2026-08-22T00:26:44.445455+00:00,1787358391,6705,321 Surrey Central/WhiteRock,15247067,5473,47,125
2026-08-22T00:26:44.445455+00:00,1787358391,6705,321 Surrey Central/WhiteRock,15247067,5474,48,120
2026-08-22T00:26:44.445455+00:00,1787358391,6705,321 Surrey Central/WhiteRock,15247067,5475,49,70
2026-08-22T00:26:44.445455+00:00,1787358391,6705,321 Surrey Central/WhiteRock,15247067,5476,50,40
2026-08-22T00:26:44.445455+00:00,1787358391,6705,321 Surrey Central/WhiteRock,15247067,5477,51,18
2026-08-22T00:26:44.445455+00:00,1787358391,6705,321 Surrey Central/WhiteRock,15247067,11725,52,-6
2026-08-22T00:26:44.445455+00:00,1787358391,6705,321 Surrey Central/WhiteRock,15247067,5040,53,0
2026-08-22T00:26:44.445455+00:00,1787358391,6705,321 Surrey Central/WhiteRock,15247067,5041,54,4
2026-08-22T00:26:44.445455+00:00,1787358391,6705,321 Surrey Central/WhiteRock,15247067,12155,55,16
2026-08-22T00:26:44.445455+00:00,1787358391,6705,321 Surrey Central/WhiteRock,15247067,11882,56,36
2026-08-22T00:26:44.445455+00:00,1787358391,6705,321 Surrey Central/WhiteRock,15247067,10442,57,131
2026-08-22T00:26:44.445455+00:00,1787358391,6705,321 Surrey Central/WhiteRock,15247067,9929,58,157
2026-08-22T00:26:44.445455+00:00,1787358391,6705,321 Surrey Central/WhiteRock,15247067,9930,59,116
2026-08-22T00:26:44.445455+00:00,1787358391,6705,321 Surrey Central/WhiteRock,15247067,9932,60,37
2026-08-22T00:26:44.445455+00:00,1787358391,6705,321 Surrey Central/WhiteRock,15247080,5476,50,-144
2026-08-22T00:26:44.445455+00:00,1787358391,6705,321 Surrey Central/WhiteRock,15247080,5477,51,-166
2026-08-22T00:26:44.445455+00:00,1787358391,6705,321 Surrey Central/WhiteRock,15247080,11725,52,-190
2026-08-22T00:26:44.445455+00:00,1787358391,6705,321 Surrey Central/WhiteRock,15247080,5040,53,-174
2026-08-22T00:26:44.445455+00:00,1787358391,6705,321 Surrey Central/WhiteRock,15247080,5041,54,-170
2026-08-22T00:26:44.445455+00:00,1787358391,6705,321 Surrey Central/WhiteRock,15247080,12155,55,-158
2026-08-22T00:26:44.445455+00:00,1787358391,6705,321 Surrey Central/WhiteRock,15247080,11882,56,0
2026-08-22T00:26:44.445455+00:00,1787358391,6705,321 Surrey Central/WhiteRock,15247080,10442,57,93
2026-08-22T00:26:44.445455+00:00,1787358391,6705,321 Surrey Central/WhiteRock,15247080,9929,58,119
2026-08-22T00:26:44.445455+00:00,1787358391,6705,321 Surrey Central/WhiteRock,15247080,9930,59,78
2026-08-22T00:26:44.445455+00:00,1787358391,6705,321 Surrey Central/WhiteRock,15247080,9932,60,-1
2026-08-22T00:26:44.445455+00:00,1787358391,6705,321 Surrey Central/WhiteRock,15247081,6174,9,54
2026-08-22T00:26:44.445455+00:00,1787358391,6705,321 Surrey Central/WhiteRock,15247081,5437,10,55
2026-08-22T00:26:44.445455+00:00,1787358391,6705,321 Surrey Central/WhiteRock,15247081,5438,11,49
2026-08-22T00:26:44.445455+00:00,1787358391,6705,321 Surrey Central/WhiteRock,15247081,5439,12,51
2026-08-22T00:26:44.445455+00:00,1787358391,6705,321 Surrey Central/WhiteRock,15247081,5440,13,29
2026-08-22T00:26:44.445455+00:00,1787358391,6705,321 Surrey Central/WhiteRock,15247081,5441,14,21
2026-08-22T00:26:44.445455+00:00,1787358391,6705,321 Surrey Central/WhiteRock,15247081,5442,15,-4
2026-08-22T00:26:44.445455+00:00,1787358391,6705,321 Surrey Central/WhiteRock,15247081,5444,16,2
2026-08-22T00:26:44.445455+00:00,1787358391,6705,321 Surrey Central/WhiteRock,15247081,9083,17,-24
2026-08-22T00:26:44.445455+00:00,1787358391,6705,321 Surrey Central/WhiteRock,15247081,5446,18,-15
2026-08-22T00:26:44.445455+00:00,1787358391,6705,321 Surrey Central/WhiteRock,15247081,10445,19,-16
2026-08-22T00:26:44.445455+00:00,1787358391,6705,321 Surrey Central/WhiteRock,15247081,5447,20,-50
2026-08-22T00:26:44.445455+00:00,1787358391,6705,321 Surrey Central/WhiteRock,15247081,5448,21,-47
2026-08-22T00:26:44.445455+00:00,1787358391,6705,321 Surrey Central/WhiteRock,15247081,10437,22,-45
2026-08-22T00:26:44.445455+00:00,1787358391,6705,321 Surrey Central/WhiteRock,15247081,5449,23,-98
2026-08-22T00:26:44.445455+00:00,1787358391,6705,321 Surrey Central/WhiteRock,15247081,11313,24,-132
2026-08-22T00:26:44.445455+00:00,1787358391,6705,321 Surrey Central/WhiteRock,15247081,10808,25,-275
2026-08-22T00:26:44.445455+00:00,1787358391,6705,321 Surrey Central/WhiteRock,15247081,5452,26,-329
2026-08-22T00:26:44.445455+00:00,1787358391,6705,321 Surrey Central/WhiteRock,15247081,11913,27,-345
2026-08-22T00:26:44.445455+00:00,1787358391,6705,321 Surrey Central/WhiteRock,15247081,5454,28,-355
2026-08-22T00:26:44.445455+00:00,1787358391,6705,321 Surrey Central/WhiteRock,15247081,5455,29,-356
2026-08-22T00:26:44.445455+00:00,1787358391,6705,321 Surrey Central/WhiteRock,15247081,5456,30,-247
2026-08-22T00:26:44.445455+00:00,1787358391,6705,321 Surrey Central/WhiteRock,15247081,12651,31,-274
2026-08-22T00:26:44.445455+00:00,1787358391,6705,321 Surrey Central/WhiteRock,15247081,5458,32,-275
2026-08-22T00:26:44.445455+00:00,1787358391,6705,321 Surrey Central/WhiteRock,15247081,5459,33,-266
2026-08-22T00:26:44.445455+00:00,1787358391,6705,321 Surrey Central/WhiteRock,15247081,5460,34,-271
2026-08-22T00:26:44.445455+00:00,1787358391,6705,321 Surrey Central/WhiteRock,15247081,5461,35,-280
2026-08-22T00:26:44.445455+00:00,1787358391,6705,321 Surrey Central/WhiteRock,15247081,5462,36,-285
2026-08-22T00:26:44.445455+00:00,1787358391,6705,321 Surrey Central/WhiteRock,15247081,5463,37,-221
2026-08-22T00:26:44.445455+00:00,1787358391,6705,321 Surrey Central/WhiteRock,15247081,5700,38,0
2026-08-22T00:26:44.445455+00:00,1787358391,6705,321 Surrey Central/WhiteRock,15247081,5465,39,9
2026-08-22T00:26:44.445455+00:00,1787358391,6705,321 Surrey Central/WhiteRock,15247081,5466,40,-40
2026-08-22T00:26:44.445455+00:00,1787358391,6705,321 Surrey Central/WhiteRock,15247081,5467,41,-28
2026-08-22T00:26:44.445455+00:00,1787358391,6705,321 Surrey Central/WhiteRock,15247081,5468,42,-55
2026-08-22T00:26:44.445455+00:00,1787358391,6705,321 Surrey Central/WhiteRock,15247081,5469,43,-71
2026-08-22T00:26:44.445455+00:00,1787358391,6705,321 Surrey Central/WhiteRock,15247081,5470,44,-98
2026-08-22T00:26:44.445455+00:00,1787358391,6705,321 Surrey Central/WhiteRock,15247081,5471,45,-135
2026-08-22T00:26:44.445455+00:00,1787358391,6705,321 Surrey Central/WhiteRock,15247081,5472,46,-162
2026-08-22T00:26:44.445455+00:00,1787358391,6705,321 Surrey Central/WhiteRock,15247081,5473,47,-213
2026-08-22T00:26:44.445455+00:00,1787358391,6705,321 Surrey Central/WhiteRock,15247081,5474,48,-222
2026-08-22T00:26:44.445455+00:00,1787358391,6705,321 Surrey Central/WhiteRock,15247081,5475,49,-272
2026-08-22T00:26:44.445455+00:00,1787358391,6705,321 Surrey Central/WhiteRock,15247081,5476,50,-305
2026-08-22T00:26:44.445455+00:00,1787358391,6705,321 Surrey Central/WhiteRock,15247081,5477,51,-327
2026-08-22T00:26:44.445455+00:00,1787358391,6705,321 Surrey Central/WhiteRock,15247081,11725,52,-353
2026-08-22T00:26:44.445455+00:00,1787358391,6705,321 Surrey Central/WhiteRock,15247081,5040,53,-342
2026-08-22T00:26:44.445455+00:00,1787358391,6705,321 Surrey Central/WhiteRock,15247081,5041,54,-338
2026-08-22T00:26:44.445455+00:00,1787358391,6705,321 Surrey Central/WhiteRock,15247081,12155,55,-330
2026-08-22T00:26:44.445455+00:00,1787358391,6705,321 Surrey Central/WhiteRock,15247081,11882,56,0
2026-08-22T00:26:44.445455+00:00,1787358391,6705,321 Surrey Central/WhiteRock,15247081,10442,57,79
2026-08-22T00:26:44.445455+00:00,1787358391,6705,321 Surrey Central/WhiteRock,15247081,9929,58,85
2026-08-22T00:26:44.445455+00:00,1787358391,6705,321 Surrey Central/WhiteRock,15247081,9930,59,35
2026-08-22T00:26:44.445455+00:00,1787358391,6705,321 Surrey Central/WhiteRock,15247081,9932,60,-45
2026-08-22T00:26:44.445455+00:00,1787358391,6705,321 Surrey Central/WhiteRock,15247161,5517,34,433
2026-08-22T00:26:44.445455+00:00,1787358391,6705,321 Surrey Central/WhiteRock,15247161,5518,35,438
2026-08-22T00:26:44.445455+00:00,1787358391,6705,321 Surrey Central/WhiteRock,15247161,5519,36,415
2026-08-22T00:26:44.445455+00:00,1787358391,6705,321 Surrey Central/WhiteRock,15247161,5520,37,404
2026-08-22T00:26:44.445455+00:00,1787358391,6705,321 Surrey Central/WhiteRock,15247161,5521,38,194
2026-08-22T00:26:44.445455+00:00,1787358391,6705,321 Surrey Central/WhiteRock,15247161,5522,39,58
2026-08-22T00:26:44.445455+00:00,1787358391,6705,321 Surrey Central/WhiteRock,15247161,5523,40,22
2026-08-22T00:26:44.445455+00:00,1787358391,6705,321 Surrey Central/WhiteRock,15247161,6466,41,13
2026-08-22T00:26:44.445455+00:00,1787358391,6705,321 Surrey Central/WhiteRock,15247161,5524,42,50
2026-08-22T00:26:44.445455+00:00,1787358391,6705,321 Surrey Central/WhiteRock,15247161,5525,43,21
2026-08-22T00:26:44.445455+00:00,1787358391,6705,321 Surrey Central/WhiteRock,15247161,10443,44,-12
2026-08-22T00:26:44.445455+00:00,1787358391,6705,321 Surrey Central/WhiteRock,15247161,5528,45,-5
2026-08-22T00:26:44.445455+00:00,1787358391,6705,321 Surrey Central/WhiteRock,15247161,5529,46,-27
2026-08-22T00:26:44.445455+00:00,1787358391,6705,321 Surrey Central/WhiteRock,15247161,5530,47,-43
2026-08-22T00:26:44.445455+00:00,1787358391,6705,321 Surrey Central/WhiteRock,15247161,5533,48,-51
2026-08-22T00:26:44.445455+00:00,1787358391,6705,321 Surrey Central/WhiteRock,15247161,5534,49,-71
2026-08-22T00:26:44.445455+00:00,1787358391,6705,321 Surrey Central/WhiteRock,15247161,5535,50,-39
2026-08-22T00:26:44.445455+00:00,1787358391,6705,321 Surrey Central/WhiteRock,15247161,5536,51,-65
2026-08-22T00:26:44.445455+00:00,1787358391,6705,321 Surrey Central/WhiteRock,15247161,5537,52,-75
2026-08-22T00:26:44.445455+00:00,1787358391,6705,321 Surrey Central/WhiteRock,15247161,5538,53,-81
2026-08-22T00:26:44.445455+00:00,1787358391,6705,321 Surrey Central/WhiteRock,15247161,5541,54,-50
2026-08-22T00:26:44.445455+00:00,1787358391,6705,321 Surrey Central/WhiteRock,15247161,5542,55,-37
2026-08-22T00:26:44.445455+00:00,1787358391,6705,321 Surrey Central/WhiteRock,15247161,6195,56,-6
2026-08-22T00:26:44.445455+00:00,1787358391,6705,321 Surrey Central/WhiteRock,15247162,5633,26,41
2026-08-22T00:26:44.445455+00:00,1787358391,6705,321 Surrey Central/WhiteRock,15247162,5510,27,85
2026-08-22T00:26:44.445455+00:00,1787358391,6705,321 Surrey Central/WhiteRock,15247162,5511,28,77
2026-08-22T00:26:44.445455+00:00,1787358391,6705,321 Surrey Central/WhiteRock,15247162,5512,29,75
2026-08-22T00:26:44.445455+00:00,1787358391,6705,321 Surrey Central/WhiteRock,15247162,5513,30,59
2026-08-22T00:26:44.445455+00:00,1787358391,6705,321 Surrey Central/WhiteRock,15247162,5514,31,149
2026-08-22T00:26:44.445455+00:00,1787358391,6705,321 Surrey Central/WhiteRock,15247162,5515,32,142
2026-08-22T00:26:44.445455+00:00,1787358391,6705,321 Surrey Central/WhiteRock,15247162,5516,33,153
2026-08-22T00:26:44.445455+00:00,1787358391,6705,321 Surrey Central/WhiteRock,15247162,5517,34,157
2026-08-22T00:26:44.445455+00:00,1787358391,6705,321 Surrey Central/WhiteRock,15247162,5518,35,161
2026-08-22T00:26:44.445455+00:00,1787358391,6705,321 Surrey Central/WhiteRock,15247162,5519,36,138
2026-08-22T00:26:44.445455+00:00,1787358391,6705,321 Surrey Central/WhiteRock,15247162,5520,37,127
2026-08-22T00:26:44.445455+00:00,1787358391,6705,321 Surrey Central/WhiteRock,15247162,5521,38,-82
2026-08-22T00:26:44.445455+00:00,1787358391,6705,321 Surrey Central/WhiteRock,15247162,5522,39,-217
2026-08-22T00:26:44.445455+00:00,1787358391,6705,321 Surrey Central/WhiteRock,15247162,5523,40,-253
2026-08-22T00:26:44.445455+00:00,1787358391,6705,321 Surrey Central/WhiteRock,15247162,6466,41,-261
2026-08-22T00:26:44.445455+00:00,1787358391,6705,321 Surrey Central/WhiteRock,15247162,5524,42,-224
2026-08-22T00:26:44.445455+00:00,1787358391,6705,321 Surrey Central/WhiteRock,15247162,5525,43,-248
2026-08-22T00:26:44.445455+00:00,1787358391,6705,321 Surrey Central/WhiteRock,15247162,10443,44,-268
2026-08-22T00:26:44.445455+00:00,1787358391,6705,321 Surrey Central/WhiteRock,15247162,5528,45,-265
2026-08-22T00:26:44.445455+00:00,1787358391,6705,321 Surrey Central/WhiteRock,15247162,5529,46,-289
2026-08-22T00:26:44.445455+00:00,1787358391,6705,321 Surrey Central/WhiteRock,15247162,5530,47,-305
2026-08-22T00:26:44.445455+00:00,1787358391,6705,321 Surrey Central/WhiteRock,15247162,5533,48,-310
2026-08-22T00:26:44.445455+00:00,1787358391,6705,321 Surrey Central/WhiteRock,15247162,5534,49,-329
2026-08-22T00:26:44.445455+00:00,1787358391,6705,321 Surrey Central/WhiteRock,15247162,5535,50,-311
2026-08-22T00:26:44.445455+00:00,1787358391,6705,321 Surrey Central/WhiteRock,15247162,5536,51,-335
2026-08-22T00:26:44.445455+00:00,1787358391,6705,321 Surrey Central/WhiteRock,15247162,5537,52,-331
2026-08-22T00:26:44.445455+00:00,1787358391,6705,321 Surrey Central/WhiteRock,15247162,5538,53,-336
2026-08-22T00:26:44.445455+00:00,1787358391,6705,321 Surrey Central/WhiteRock,15247162,5541,54,-302
2026-08-22T00:26:44.445455+00:00,1787358391,6705,321 Surrey Central/WhiteRock,15247162,5542,55,-289
2026-08-22T00:26:44.445455+00:00,1787358391,6705,321 Surrey Central/WhiteRock,15247162,6195,56,-256
2026-08-22T00:26:44.445455+00:00,1787358391,6705,321 Surrey Central/WhiteRock,15247163,5498,17,49
2026-08-22T00:26:44.445455+00:00,1787358391,6705,321 Surrey Central/WhiteRock,15247163,5499,18,16
2026-08-22T00:26:44.445455+00:00,1787358391,6705,321 Surrey Central/WhiteRock,15247163,5500,19,-14
2026-08-22T00:26:44.445455+00:00,1787358391,6705,321 Surrey Central/WhiteRock,15247163,5501,20,-42
2026-08-22T00:26:44.445455+00:00,1787358391,6705,321 Surrey Central/WhiteRock,15247163,5502,21,-56
2026-08-22T00:26:44.445455+00:00,1787358391,6705,321 Surrey Central/WhiteRock,15247163,5503,22,-59
2026-08-22T00:26:44.445455+00:00,1787358391,6705,321 Surrey Central/WhiteRock,15247163,5504,23,-114
2026-08-22T00:26:44.445455+00:00,1787358391,6705,321 Surrey Central/WhiteRock,15247163,5505,24,-105
2026-08-22T00:26:44.445455+00:00,1787358391,6705,321 Surrey Central/WhiteRock,15247163,5507,25,-97
2026-08-22T00:26:44.445455+00:00,1787358391,6705,321 Surrey Central/WhiteRock,15247163,5633,26,0
2026-08-22T00:26:44.445455+00:00,1787358391,6705,321 Surrey Central/WhiteRock,15247163,5510,27,40
2026-08-22T00:26:44.445455+00:00,1787358391,6705,321 Surrey Central/WhiteRock,15247163,5511,28,35
2026-08-22T00:26:44.445455+00:00,1787358391,6705,321 Surrey Central/WhiteRock,15247163,5512,29,34
2026-08-22T00:26:44.445455+00:00,1787358391,6705,321 Surrey Central/WhiteRock,15247163,5513,30,17
2026-08-22T00:26:44.445455+00:00,1787358391,6705,321 Surrey Central/WhiteRock,15247163,5514,31,109
2026-08-22T00:26:44.445455+00:00,1787358391,6705,321 Surrey Central/WhiteRock,15247163,5515,32,104
2026-08-22T00:26:44.445455+00:00,1787358391,6705,321 Surrey Central/WhiteRock,15247163,5516,33,112
2026-08-22T00:26:44.445455+00:00,1787358391,6705,321 Surrey Central/WhiteRock,15247163,5517,34,115
2026-08-22T00:26:44.445455+00:00,1787358391,6705,321 Surrey Central/WhiteRock,15247163,5518,35,121
2026-08-22T00:26:44.445455+00:00,1787358391,6705,321 Surrey Central/WhiteRock,15247163,5519,36,100
2026-08-22T00:26:44.445455+00:00,1787358391,6705,321 Surrey Central/WhiteRock,15247163,5520,37,90
2026-08-22T00:26:44.445455+00:00,1787358391,6705,321 Surrey Central/WhiteRock,15247163,5521,38,-111
2026-08-22T00:26:44.445455+00:00,1787358391,6705,321 Surrey Central/WhiteRock,15247163,5522,39,-243
2026-08-22T00:26:44.445455+00:00,1787358391,6705,321 Surrey Central/WhiteRock,15247163,5523,40,-278
2026-08-22T00:26:44.445455+00:00,1787358391,6705,321 Surrey Central/WhiteRock,15247163,6466,41,-291
2026-08-22T00:26:44.445455+00:00,1787358391,6705,321 Surrey Central/WhiteRock,15247163,5524,42,-247
2026-08-22T00:26:44.445455+00:00,1787358391,6705,321 Surrey Central/WhiteRock,15247163,5525,43,-272
2026-08-22T00:26:44.445455+00:00,1787358391,6705,321 Surrey Central/WhiteRock,15247163,10443,44,-291
2026-08-22T00:26:44.445455+00:00,1787358391,6705,321 Surrey Central/WhiteRock,15247163,5528,45,-294
2026-08-22T00:26:44.445455+00:00,1787358391,6705,321 Surrey Central/WhiteRock,15247163,5529,46,-315
2026-08-22T00:26:44.445455+00:00,1787358391,6705,321 Surrey Central/WhiteRock,15247163,5530,47,-331
2026-08-22T00:26:44.445455+00:00,1787358391,6705,321 Surrey Central/WhiteRock,15247163,5533,48,-333
2026-08-22T00:26:44.445455+00:00,1787358391,6705,321 Surrey Central/WhiteRock,15247163,5534,49,-351
2026-08-22T00:26:44.445455+00:00,1787358391,6705,321 Surrey Central/WhiteRock,15247163,5535,50,-348
2026-08-22T00:26:44.445455+00:00,1787358391,6705,321 Surrey Central/WhiteRock,15247163,5536,51,-373
2026-08-22T00:26:44.445455+00:00,1787358391,6705,321 Surrey Central/WhiteRock,15247163,5537,52,-378
2026-08-22T00:26:44.445455+00:00,1787358391,6705,321 Surrey Central/WhiteRock,15247163,5538,53,-383
2026-08-22T00:26:44.445455+00:00,1787358391,6705,321 Surrey Central/WhiteRock,15247163,5541,54,-360
2026-08-22T00:26:44.445455+00:00,1787358391,6705,321 Surrey Central/WhiteRock,15247163,5542,55,-344
2026-08-22T00:26:44.445455+00:00,1787358391,6705,321 Surrey Central/WhiteRock,15247163,6195,56,-313
2026-08-22T00:26:44.445455+00:00,1787358391,6705,321 Surrey Central/WhiteRock,15247164,5046,8,92
2026-08-22T00:26:44.445455+00:00,1787358391,6705,321 Surrey Central/WhiteRock,15247164,5047,9,91
2026-08-22T00:26:44.445455+00:00,1787358391,6705,321 Surrey Central/WhiteRock,15247164,8566,10,81
2026-08-22T00:26:44.445455+00:00,1787358391,6705,321 Surrey Central/WhiteRock,15247164,12916,11,125
2026-08-22T00:26:44.445455+00:00,1787358391,6705,321 Surrey Central/WhiteRock,15247164,5049,12,117
2026-08-22T00:26:44.445455+00:00,1787358391,6705,321 Surrey Central/WhiteRock,15247164,5039,13,96
2026-08-22T00:26:44.445455+00:00,1787358391,6705,321 Surrey Central/WhiteRock,15247164,8351,14,75
2026-08-22T00:26:44.445455+00:00,1787358391,6705,321 Surrey Central/WhiteRock,15247164,5496,15,8
2026-08-22T00:26:44.445455+00:00,1787358391,6705,321 Surrey Central/WhiteRock,15247164,5497,16,-36
2026-08-22T00:26:44.445455+00:00,1787358391,6705,321 Surrey Central/WhiteRock,15247164,5498,17,-50
2026-08-22T00:26:44.445455+00:00,1787358391,6705,321 Surrey Central/WhiteRock,15247164,5499,18,-87
2026-08-22T00:26:44.445455+00:00,1787358391,6705,321 Surrey Central/WhiteRock,15247164,5500,19,-117
2026-08-22T00:26:44.445455+00:00,1787358391,6705,321 Surrey Central/WhiteRock,15247164,5501,20,-145
2026-08-22T00:26:44.445455+00:00,1787358391,6705,321 Surrey Central/WhiteRock,15247164,5502,21,-159
2026-08-22T00:26:44.445455+00:00,1787358391,6705,321 Surrey Central/WhiteRock,15247164,5503,22,-167
2026-08-22T00:26:44.445455+00:00,1787358391,6705,321 Surrey Central/WhiteRock,15247164,5504,23,-220
2026-08-22T00:26:44.445455+00:00,1787358391,6705,321 Surrey Central/WhiteRock,15247164,5505,24,-211
2026-08-22T00:26:44.445455+00:00,1787358391,6705,321 Surrey Central/WhiteRock,15247164,5507,25,-204
2026-08-22T00:26:44.445455+00:00,1787358391,6705,321 Surrey Central/WhiteRock,15247164,5633,26,0
2026-08-22T00:26:44.445455+00:00,1787358391,6705,321 Surrey Central/WhiteRock,15247164,5510,27,39
2026-08-22T00:26:44.445455+00:00,1787358391,6705,321 Surrey Central/WhiteRock,15247164,5511,28,34
2026-08-22T00:26:44.445455+00:00,1787358391,6705,321 Surrey Central/WhiteRock,15247164,5512,29,34
2026-08-22T00:26:44.445455+00:00,1787358391,6705,321 Surrey Central/WhiteRock,15247164,5513,30,19
2026-08-22T00:26:44.445455+00:00,1787358391,6705,321 Surrey Central/WhiteRock,15247164,5514,31,112
2026-08-22T00:26:44.445455+00:00,1787358391,6705,321 Surrey Central/WhiteRock,15247164,5515,32,105
2026-08-22T00:26:44.445455+00:00,1787358391,6705,321 Surrey Central/WhiteRock,15247164,5516,33,124
2026-08-22T00:26:44.445455+00:00,1787358391,6705,321 Surrey Central/WhiteRock,15247164,5517,34,139
2026-08-22T00:26:44.445455+00:00,1787358391,6705,321 Surrey Central/WhiteRock,15247164,5518,35,146
2026-08-22T00:26:44.445455+00:00,1787358391,6705,321 Surrey Central/WhiteRock,15247164,5519,36,125
2026-08-22T00:26:44.445455+00:00,1787358391,6705,321 Surrey Central/WhiteRock,15247164,5520,37,130
2026-08-22T00:26:44.445455+00:00,1787358391,6705,321 Surrey Central/WhiteRock,15247164,5521,38,-73
2026-08-22T00:26:44.445455+00:00,1787358391,6705,321 Surrey Central/WhiteRock,15247164,5522,39,-206
2026-08-22T00:26:44.445455+00:00,1787358391,6705,321 Surrey Central/WhiteRock,15247164,5523,40,-241
2026-08-22T00:26:44.445455+00:00,1787358391,6705,321 Surrey Central/WhiteRock,15247164,6466,41,-253
2026-08-22T00:26:44.445455+00:00,1787358391,6705,321 Surrey Central/WhiteRock,15247164,5524,42,-222
2026-08-22T00:26:44.445455+00:00,1787358391,6705,321 Surrey Central/WhiteRock,15247164,5525,43,-248
2026-08-22T00:26:44.445455+00:00,1787358391,6705,321 Surrey Central/WhiteRock,15247164,10443,44,-267
2026-08-22T00:26:44.445455+00:00,1787358391,6705,321 Surrey Central/WhiteRock,15247164,5528,45,-265
2026-08-22T00:26:44.445455+00:00,1787358391,6705,321 Surrey Central/WhiteRock,15247164,5529,46,-288
2026-08-22T00:26:44.445455+00:00,1787358391,6705,321 Surrey Central/WhiteRock,15247164,5530,47,-304
2026-08-22T00:26:44.445455+00:00,1787358391,6705,321 Surrey Central/WhiteRock,15247164,5533,48,-305
2026-08-22T00:26:44.445455+00:00,1787358391,6705,321 Surrey Central/WhiteRock,15247164,5534,49,-323
2026-08-22T00:26:44.445455+00:00,1787358391,6705,321 Surrey Central/WhiteRock,15247164,5535,50,-323
2026-08-22T00:26:44.445455+00:00,1787358391,6705,321 Surrey Central/WhiteRock,15247164,5536,51,-343
2026-08-22T00:26:44.445455+00:00,1787358391,6705,321 Surrey Central/WhiteRock,15247164,5537,52,-346
2026-08-22T00:26:44.445455+00:00,1787358391,6705,321 Surrey Central/WhiteRock,15247164,5538,53,-351
2026-08-22T00:26:44.445455+00:00,1787358391,6705,321 Surrey Central/WhiteRock,15247164,5541,54,-328
2026-08-22T00:26:44.445455+00:00,1787358391,6705,321 Surrey Central/WhiteRock,15247164,5542,55,-314
2026-08-22T00:26:44.445455+00:00,1787358391,6705,321 Surrey Central/WhiteRock,15247164,6195,56,-283
2026-08-22T00:26:44.445455+00:00,1787358391,6705,321 Surrey Central/WhiteRock,15247165,10716,2,-12
2026-08-22T00:26:44.445455+00:00,1787358391,6705,321 Surrey Central/WhiteRock,15247165,9923,3,-2
2026-08-22T00:26:44.445455+00:00,1787358391,6705,321 Surrey Central/WhiteRock,15247165,9924,4,-92
2026-08-22T00:26:44.445455+00:00,1787358391,6705,321 Surrey Central/WhiteRock,15247165,9926,5,-125
2026-08-22T00:26:44.445455+00:00,1787358391,6705,321 Surrey Central/WhiteRock,15247165,9927,6,-148
2026-08-22T00:26:44.445455+00:00,1787358391,6705,321 Surrey Central/WhiteRock,15247165,10880,7,0
2026-08-22T00:26:44.445455+00:00,1787358391,6705,321 Surrey Central/WhiteRock,15247165,5046,8,47
2026-08-22T00:26:44.445455+00:00,1787358391,6705,321 Surrey Central/WhiteRock,15247165,5047,9,48
2026-08-22T00:26:44.445455+00:00,1787358391,6705,321 Surrey Central/WhiteRock,15247165,8566,10,29
2026-08-22T00:26:44.445455+00:00,1787358391,6705,321 Surrey Central/WhiteRock,15247165,12916,11,75
2026-08-22T00:26:44.445455+00:00,1787358391,6705,321 Surrey Central/WhiteRock,15247165,5049,12,69
2026-08-22T00:26:44.445455+00:00,1787358391,6705,321 Surrey Central/WhiteRock,15247165,5039,13,46
2026-08-22T00:26:44.445455+00:00,1787358391,6705,321 Surrey Central/WhiteRock,15247165,8351,14,28
2026-08-22T00:26:44.445455+00:00,1787358391,6705,321 Surrey Central/WhiteRock,15247165,5496,15,-34
2026-08-22T00:26:44.445455+00:00,1787358391,6705,321 Surrey Central/WhiteRock,15247165,5497,16,-75
2026-08-22T00:26:44.445455+00:00,1787358391,6705,321 Surrey Central/WhiteRock,15247165,5498,17,-85
2026-08-22T00:26:44.445455+00:00,1787358391,6705,321 Surrey Central/WhiteRock,15247165,5499,18,-118
2026-08-22T00:26:44.445455+00:00,1787358391,6705,321 Surrey Central/WhiteRock,15247165,5500,19,-140
2026-08-22T00:26:44.445455+00:00,1787358391,6705,321 Surrey Central/WhiteRock,15247165,5501,20,-166
2026-08-22T00:26:44.445455+00:00,1787358391,6705,321 Surrey Central/WhiteRock,15247165,5502,21,-178
2026-08-22T00:26:44.445455+00:00,1787358391,6705,321 Surrey Central/WhiteRock,15247165,5503,22,-185
2026-08-22T00:26:44.445455+00:00,1787358391,6705,321 Surrey Central/WhiteRock,15247165,5504,23,-226
2026-08-22T00:26:44.445455+00:00,1787358391,6705,321 Surrey Central/WhiteRock,15247165,5505,24,-214
2026-08-22T00:26:44.445455+00:00,1787358391,6705,321 Surrey Central/WhiteRock,15247165,5507,25,-199
2026-08-22T00:26:44.445455+00:00,1787358391,6705,321 Surrey Central/WhiteRock,15247165,5633,26,0
2026-08-22T00:26:44.445455+00:00,1787358391,6705,321 Surrey Central/WhiteRock,15247165,5510,27,28
2026-08-22T00:26:44.445455+00:00,1787358391,6705,321 Surrey Central/WhiteRock,15247165,5511,28,23
2026-08-22T00:26:44.445455+00:00,1787358391,6705,321 Surrey Central/WhiteRock,15247165,5512,29,19
2026-08-22T00:26:44.445455+00:00,1787358391,6705,321 Surrey Central/WhiteRock,15247165,5513,30,8
2026-08-22T00:26:44.445455+00:00,1787358391,6705,321 Surrey Central/WhiteRock,15247165,5514,31,96
2026-08-22T00:26:44.445455+00:00,1787358391,6705,321 Surrey Central/WhiteRock,15247165,5515,32,90
2026-08-22T00:26:44.445455+00:00,1787358391,6705,321 Surrey Central/WhiteRock,15247165,5516,33,91
2026-08-22T00:26:44.445455+00:00,1787358391,6705,321 Surrey Central/WhiteRock,15247165,5517,34,106
2026-08-22T00:26:44.445455+00:00,1787358391,6705,321 Surrey Central/WhiteRock,15247165,5518,35,111
2026-08-22T00:26:44.445455+00:00,1787358391,6705,321 Surrey Central/WhiteRock,15247165,5519,36,93
2026-08-22T00:26:44.445455+00:00,1787358391,6705,321 Surrey Central/WhiteRock,15247165,5520,37,100
2026-08-22T00:26:44.445455+00:00,1787358391,6705,321 Surrey Central/WhiteRock,15247165,5521,38,-95
2026-08-22T00:26:44.445455+00:00,1787358391,6705,321 Surrey Central/WhiteRock,15247165,5522,39,-222
2026-08-22T00:26:44.445455+00:00,1787358391,6705,321 Surrey Central/WhiteRock,15247165,5523,40,-255
2026-08-22T00:26:44.445455+00:00,1787358391,6705,321 Surrey Central/WhiteRock,15247165,6466,41,-262
2026-08-22T00:26:44.445455+00:00,1787358391,6705,321 Surrey Central/WhiteRock,15247165,5524,42,-228
2026-08-22T00:26:44.445455+00:00,1787358391,6705,321 Surrey Central/WhiteRock,15247165,5525,43,-255
2026-08-22T00:26:44.445455+00:00,1787358391,6705,321 Surrey Central/WhiteRock,15247165,10443,44,-285
2026-08-22T00:26:44.445455+00:00,1787358391,6705,321 Surrey Central/WhiteRock,15247165,5528,45,-285
2026-08-22T00:26:44.445455+00:00,1787358391,6705,321 Surrey Central/WhiteRock,15247165,5529,46,-309
2026-08-22T00:26:44.445455+00:00,1787358391,6705,321 Surrey Central/WhiteRock,15247165,5530,47,-324
2026-08-22T00:26:44.445455+00:00,1787358391,6705,321 Surrey Central/WhiteRock,15247165,5533,48,-330
2026-08-22T00:26:44.445455+00:00,1787358391,6705,321 Surrey Central/WhiteRock,15247165,5534,49,-348
2026-08-22T00:26:44.445455+00:00,1787358391,6705,321 Surrey Central/WhiteRock,15247165,5535,50,-355
2026-08-22T00:26:44.445455+00:00,1787358391,6705,321 Surrey Central/WhiteRock,15247165,5536,51,-374
2026-08-22T00:26:44.445455+00:00,1787358391,6705,321 Surrey Central/WhiteRock,15247165,5537,52,-390
2026-08-22T00:26:44.445455+00:00,1787358391,6705,321 Surrey Central/WhiteRock,15247165,5538,53,-396
2026-08-22T00:26:44.445455+00:00,1787358391,6705,321 Surrey Central/WhiteRock,15247165,5541,54,-373
2026-08-22T00:26:44.445455+00:00,1787358391,6705,321 Surrey Central/WhiteRock,15247165,5542,55,-362
2026-08-22T00:26:44.445455+00:00,1787358391,6705,321 Surrey Central/WhiteRock,15247165,6195,56,-331
2026-08-22T00:26:44.445455+00:00,1787358391,6705,321 Surrey Central/WhiteRock,15247177,5524,42,-112
2026-08-22T00:26:44.445455+00:00,1787358391,6705,321 Surrey Central/WhiteRock,15247177,5525,43,-142
2026-08-22T00:26:44.445455+00:00,1787358391,6705,321 Surrey Central/WhiteRock,15247177,10443,44,-172
2026-08-22T00:26:44.445455+00:00,1787358391,6705,321 Surrey Central/WhiteRock,15247177,5528,45,-167
2026-08-22T00:26:44.445455+00:00,1787358391,6705,321 Surrey Central/WhiteRock,15247177,5529,46,-189
2026-08-22T00:26:44.445455+00:00,1787358391,6705,321 Surrey Central/WhiteRock,15247177,5530,47,-205
2026-08-22T00:26:44.445455+00:00,1787358391,6705,321 Surrey Central/WhiteRock,15247177,5533,48,-213
2026-08-22T00:26:44.445455+00:00,1787358391,6705,321 Surrey Central/WhiteRock,15247177,5534,49,-233
2026-08-22T00:26:44.445455+00:00,1787358391,6705,321 Surrey Central/WhiteRock,15247177,5535,50,-207
2026-08-22T00:26:44.445455+00:00,1787358391,6705,321 Surrey Central/WhiteRock,15247177,5536,51,-229
2026-08-22T00:26:44.445455+00:00,1787358391,6705,321 Surrey Central/WhiteRock,15247177,5537,52,-240
2026-08-22T00:26:44.445455+00:00,1787358391,6705,321 Surrey Central/WhiteRock,15247177,5538,53,-247
2026-08-22T00:26:44.445455+00:00,1787358391,6705,321 Surrey Central/WhiteRock,15247177,5541,54,-217
2026-08-22T00:26:44.445455+00:00,1787358391,6705,321 Surrey Central/WhiteRock,15247177,5542,55,-204
2026-08-22T00:26:44.445455+00:00,1787358391,6705,321 Surrey Central/WhiteRock,15247177,6195,56,-179
2026-08-22T00:26:44.445455+00:00,1787358391,6705,321 Surrey Central/WhiteRock,15247178,5890,1,0
2026-08-22T00:26:44.445455+00:00,1787358391,6705,321 Surrey Central/WhiteRock,15247178,10880,7,0
2026-08-22T00:26:44.445455+00:00,1787358391,6705,321 Surrey Central/WhiteRock,15247178,5046,8,47
2026-08-22T00:26:44.445455+00:00,1787358391,6705,321 Surrey Central/WhiteRock,15247178,5047,9,48
2026-08-22T00:26:44.445455+00:00,1787358391,6705,321 Surrey Central/WhiteRock,15247178,8566,10,29
2026-08-22T00:26:44.445455+00:00,1787358391,6705,321 Surrey Central/WhiteRock,15247178,12916,11,72
2026-08-22T00:26:44.445455+00:00,1787358391,6705,321 Surrey Central/WhiteRock,15247178,5049,12,66
2026-08-22T00:26:44.445455+00:00,1787358391,6705,321 Surrey Central/WhiteRock,15247178,5039,13,40
2026-08-22T00:26:44.445455+00:00,1787358391,6705,321 Surrey Central/WhiteRock,15247178,8351,14,19
2026-08-22T00:26:44.445455+00:00,1787358391,6705,321 Surrey Central/WhiteRock,15247178,5496,15,-43
2026-08-22T00:26:44.445455+00:00,1787358391,6705,321 Surrey Central/WhiteRock,15247178,5497,16,-84
2026-08-22T00:26:44.445455+00:00,1787358391,6705,321 Surrey Central/WhiteRock,15247178,5498,17,-93
2026-08-22T00:26:44.445455+00:00,1787358391,6705,321 Surrey Central/WhiteRock,15247178,5499,18,-126
2026-08-22T00:26:44.445455+00:00,1787358391,6705,321 Surrey Central/WhiteRock,15247178,5500,19,-147
2026-08-22T00:26:44.445455+00:00,1787358391,6705,321 Surrey Central/WhiteRock,15247178,5501,20,-173
2026-08-22T00:26:44.445455+00:00,1787358391,6705,321 Surrey Central/WhiteRock,15247178,5502,21,-184
2026-08-22T00:26:44.445455+00:00,1787358391,6705,321 Surrey Central/WhiteRock,15247178,5503,22,-189
2026-08-22T00:26:44.445455+00:00,1787358391,6705,321 Surrey Central/WhiteRock,15247178,5504,23,-239
2026-08-22T00:26:44.445455+00:00,1787358391,6705,321 Surrey Central/WhiteRock,15247178,5505,24,-239
2026-08-22T00:26:44.445455+00:00,1787358391,6705,321 Surrey Central/WhiteRock,15247178,5507,25,-238
2026-08-22T00:26:44.445455+00:00,1787358391,6705,321 Surrey Central/WhiteRock,15247178,5633,26,0
2026-08-22T00:26:44.445455+00:00,1787358391,6705,321 Surrey Central/WhiteRock,15247178,5510,27,30
2026-08-22T00:26:44.445455+00:00,1787358391,6705,321 Surrey Central/WhiteRock,15247178,5511,28,25
2026-08-22T00:26:44.445455+00:00,1787358391,6705,321 Surrey Central/WhiteRock,15247178,5512,29,21
2026-08-22T00:26:44.445455+00:00,1787358391,6705,321 Surrey Central/WhiteRock,15247178,5513,30,11
2026-08-22T00:26:44.445455+00:00,1787358391,6705,321 Surrey Central/WhiteRock,15247178,5514,31,99
2026-08-22T00:26:44.445455+00:00,1787358391,6705,321 Surrey Central/WhiteRock,15247178,5515,32,93
2026-08-22T00:26:44.445455+00:00,1787358391,6705,321 Surrey Central/WhiteRock,15247178,5516,33,104
2026-08-22T00:26:44.445455+00:00,1787358391,6705,321 Surrey Central/WhiteRock,15247178,5517,34,119
2026-08-22T00:26:44.445455+00:00,1787358391,6705,321 Surrey Central/WhiteRock,15247178,5518,35,124
2026-08-22T00:26:44.445455+00:00,1787358391,6705,321 Surrey Central/WhiteRock,15247178,5519,36,106
2026-08-22T00:26:44.445455+00:00,1787358391,6705,321 Surrey Central/WhiteRock,15247178,5520,37,113
2026-08-22T00:26:44.445455+00:00,1787358391,6705,321 Surrey Central/WhiteRock,15247178,5521,38,-82
2026-08-22T00:26:44.445455+00:00,1787358391,6705,321 Surrey Central/WhiteRock,15247178,5522,39,-208
2026-08-22T00:26:44.445455+00:00,1787358391,6705,321 Surrey Central/WhiteRock,15247178,5523,40,-241
2026-08-22T00:26:44.445455+00:00,1787358391,6705,321 Surrey Central/WhiteRock,15247178,6466,41,-243
2026-08-22T00:26:44.445455+00:00,1787358391,6705,321 Surrey Central/WhiteRock,15247178,5524,42,-208
2026-08-22T00:26:44.445455+00:00,1787358391,6705,321 Surrey Central/WhiteRock,15247178,5525,43,-235
2026-08-22T00:26:44.445455+00:00,1787358391,6705,321 Surrey Central/WhiteRock,15247178,10443,44,-265
2026-08-22T00:26:44.445455+00:00,1787358391,6705,321 Surrey Central/WhiteRock,15247178,5528,45,-263
2026-08-22T00:26:44.445455+00:00,1787358391,6705,321 Surrey Central/WhiteRock,15247178,5529,46,-286
2026-08-22T00:26:44.445455+00:00,1787358391,6705,321 Surrey Central/WhiteRock,15247178,5530,47,-301
2026-08-22T00:26:44.445455+00:00,1787358391,6705,321 Surrey Central/WhiteRock,15247178,5533,48,-308
2026-08-22T00:26:44.445455+00:00,1787358391,6705,321 Surrey Central/WhiteRock,15247178,5534,49,-326
2026-08-22T00:26:44.445455+00:00,1787358391,6705,321 Surrey Central/WhiteRock,15247178,5535,50,-333
2026-08-22T00:26:44.445455+00:00,1787358391,6705,321 Surrey Central/WhiteRock,15247178,5536,51,-356
2026-08-22T00:26:44.445455+00:00,1787358391,6705,321 Surrey Central/WhiteRock,15247178,5537,52,-372
2026-08-22T00:26:44.445455+00:00,1787358391,6705,321 Surrey Central/WhiteRock,15247178,5538,53,-377
2026-08-22T00:26:44.445455+00:00,1787358391,6705,321 Surrey Central/WhiteRock,15247178,5541,54,-351
2026-08-22T00:26:44.445455+00:00,1787358391,6705,321 Surrey Central/WhiteRock,15247178,5542,55,-340
2026-08-22T00:26:44.445455+00:00,1787358391,6705,321 Surrey Central/WhiteRock,15247178,6195,56,-311
2026-08-22T00:26:44.445455+00:00,1787358391,6705,321 Surrey Central/WhiteRock,15247187,5501,20,250
2026-08-22T00:26:44.445455+00:00,1787358391,6705,321 Surrey Central/WhiteRock,15247187,5502,21,235
2026-08-22T00:26:44.445455+00:00,1787358391,6705,321 Surrey Central/WhiteRock,15247187,5503,22,238
2026-08-22T00:26:44.445455+00:00,1787358391,6705,321 Surrey Central/WhiteRock,15247187,5504,23,183
2026-08-22T00:26:44.445455+00:00,1787358391,6705,321 Surrey Central/WhiteRock,15247187,5505,24,191
2026-08-22T00:26:44.445455+00:00,1787358391,6705,321 Surrey Central/WhiteRock,15247187,5507,25,211
2026-08-22T00:26:44.445455+00:00,1787358391,6705,321 Surrey Central/WhiteRock,15247187,5633,26,251
2026-08-22T00:26:44.445455+00:00,1787358391,6705,321 Surrey Central/WhiteRock,15247187,5510,27,293
2026-08-22T00:26:44.445455+00:00,1787358391,6705,321 Surrey Central/WhiteRock,15247187,5511,28,288
2026-08-22T00:26:44.445455+00:00,1787358391,6705,321 Surrey Central/WhiteRock,15247187,5512,29,287
2026-08-22T00:26:44.445455+00:00,1787358391,6705,321 Surrey Central/WhiteRock,15247187,5513,30,275
2026-08-22T00:26:44.445455+00:00,1787358391,6705,321 Surrey Central/WhiteRock,15247187,5514,31,366
2026-08-22T00:26:44.445455+00:00,1787358391,6705,321 Surrey Central/WhiteRock,15247187,5515,32,361
2026-08-22T00:26:44.445455+00:00,1787358391,6705,321 Surrey Central/WhiteRock,15247187,5516,33,363
2026-08-22T00:26:44.445455+00:00,1787358391,6705,321 Surrey Central/WhiteRock,15247187,5517,34,366
2026-08-22T00:26:44.445455+00:00,1787358391,6705,321 Surrey Central/WhiteRock,15247187,5518,35,370
2026-08-22T00:26:44.445455+00:00,1787358391,6705,321 Surrey Central/WhiteRock,15247187,5519,36,349
2026-08-22T00:26:44.445455+00:00,1787358391,6705,321 Surrey Central/WhiteRock,15247187,5520,37,338
2026-08-22T00:26:44.445455+00:00,1787358391,6705,321 Surrey Central/WhiteRock,15247187,5521,38,137
2026-08-22T00:26:44.445455+00:00,1787358391,6705,321 Surrey Central/WhiteRock,15247187,5522,39,5
2026-08-22T00:26:44.445455+00:00,1787358391,6705,321 Surrey Central/WhiteRock,15247187,5523,40,-30
2026-08-22T00:26:44.445455+00:00,1787358391,6705,321 Surrey Central/WhiteRock,15247187,6466,41,-38
2026-08-22T00:26:44.445455+00:00,1787358391,6705,321 Surrey Central/WhiteRock,15247187,5524,42,2
2026-08-22T00:26:44.445455+00:00,1787358391,6705,321 Surrey Central/WhiteRock,15247187,5525,43,-25
2026-08-22T00:26:44.445455+00:00,1787358391,6705,321 Surrey Central/WhiteRock,15247187,10443,44,-55
2026-08-22T00:26:44.445455+00:00,1787358391,6705,321 Surrey Central/WhiteRock,15247187,5528,45,-49
2026-08-22T00:26:44.445455+00:00,1787358391,6705,321 Surrey Central/WhiteRock,15247187,5529,46,-71
2026-08-22T00:26:44.445455+00:00,1787358391,6705,321 Surrey Central/WhiteRock,15247187,5530,47,-87
2026-08-22T00:26:44.445455+00:00,1787358391,6705,321 Surrey Central/WhiteRock,15247187,5533,48,-83
2026-08-22T00:26:44.445455+00:00,1787358391,6705,321 Surrey Central/WhiteRock,15247187,5534,49,-100
2026-08-22T00:26:44.445455+00:00,1787358391,6705,321 Surrey Central/WhiteRock,15247187,5535,50,-80
2026-08-22T00:26:44.445455+00:00,1787358391,6705,321 Surrey Central/WhiteRock,15247187,5536,51,-103
2026-08-22T00:26:44.445455+00:00,1787358391,6705,321 Surrey Central/WhiteRock,15247187,5537,52,-108
2026-08-22T00:26:44.445455+00:00,1787358391,6705,321 Surrey Central/WhiteRock,15247187,5538,53,-115
2026-08-22T00:26:44.445455+00:00,1787358391,6705,321 Surrey Central/WhiteRock,15247187,5541,54,-88
2026-08-22T00:26:44.445455+00:00,1787358391,6705,321 Surrey Central/WhiteRock,15247187,5542,55,-75
2026-08-22T00:26:44.445455+00:00,1787358391,6705,321 Surrey Central/WhiteRock,15247187,6195,56,-42
2026-08-22T00:26:44.445455+00:00,1787358391,6705,321 Surrey Central/WhiteRock,15247232,5541,54,-433
2026-08-22T00:26:44.445455+00:00,1787358391,6705,321 Surrey Central/WhiteRock,15247232,5542,55,-421
2026-08-22T00:26:44.445455+00:00,1787358391,6705,321 Surrey Central/WhiteRock,15247232,6195,56,-397
2026-08-22T00:26:44.445455+00:00,1787358391,6705,321 Surrey Central/WhiteRock,15247234,12916,11,159
2026-08-22T00:26:44.445455+00:00,1787358391,6705,321 Surrey Central/WhiteRock,15247234,5049,12,151
2026-08-22T00:26:44.445455+00:00,1787358391,6705,321 Surrey Central/WhiteRock,15247234,5039,13,130
2026-08-22T00:26:44.445455+00:00,1787358391,6705,321 Surrey Central/WhiteRock,15247234,8351,14,105
2026-08-22T00:26:44.445455+00:00,1787358391,6705,321 Surrey Central/WhiteRock,15247234,5496,15,38
2026-08-22T00:26:44.445455+00:00,1787358391,6705,321 Surrey Central/WhiteRock,15247234,5497,16,-6
2026-08-22T00:26:44.445455+00:00,1787358391,6705,321 Surrey Central/WhiteRock,15247234,5498,17,-20
2026-08-22T00:26:44.445455+00:00,1787358391,6705,321 Surrey Central/WhiteRock,15247234,5499,18,-52
2026-08-22T00:26:44.445455+00:00,1787358391,6705,321 Surrey Central/WhiteRock,15247234,5500,19,-82
2026-08-22T00:26:44.445455+00:00,1787358391,6705,321 Surrey Central/WhiteRock,15247234,5501,20,-110
2026-08-22T00:26:44.445455+00:00,1787358391,6705,321 Surrey Central/WhiteRock,15247234,5502,21,-124
2026-08-22T00:26:44.445455+00:00,1787358391,6705,321 Surrey Central/WhiteRock,15247234,5503,22,-135
2026-08-22T00:26:44.445455+00:00,1787358391,6705,321 Surrey Central/WhiteRock,15247234,5504,23,-188
2026-08-22T00:26:44.445455+00:00,1787358391,6705,321 Surrey Central/WhiteRock,15247234,5505,24,-179
2026-08-22T00:26:44.445455+00:00,1787358391,6705,321 Surrey Central/WhiteRock,15247234,5507,25,-165
2026-08-22T00:26:44.445455+00:00,1787358391,6705,321 Surrey Central/WhiteRock,15247234,5633,26,0
2026-08-22T00:26:44.445455+00:00,1787358391,6705,321 Surrey Central/WhiteRock,15247234,5510,27,40
2026-08-22T00:26:44.445455+00:00,1787358391,6705,321 Surrey Central/WhiteRock,15247234,5511,28,35
2026-08-22T00:26:44.445455+00:00,1787358391,6705,321 Surrey Central/WhiteRock,15247234,5512,29,33
2026-08-22T00:26:44.445455+00:00,1787358391,6705,321 Surrey Central/WhiteRock,15247234,5513,30,14
2026-08-22T00:26:44.445455+00:00,1787358391,6705,321 Surrey Central/WhiteRock,15247234,5514,31,107
2026-08-22T00:26:44.445455+00:00,1787358391,6705,321 Surrey Central/WhiteRock,15247234,5515,32,102
2026-08-22T00:26:44.445455+00:00,1787358391,6705,321 Surrey Central/WhiteRock,15247234,5516,33,100
2026-08-22T00:26:44.445455+00:00,1787358391,6705,321 Surrey Central/WhiteRock,15247234,5517,34,103
2026-08-22T00:26:44.445455+00:00,1787358391,6705,321 Surrey Central/WhiteRock,15247234,5518,35,109
2026-08-22T00:26:44.445455+00:00,1787358391,6705,321 Surrey Central/WhiteRock,15247234,5519,36,87
2026-08-22T00:26:44.445455+00:00,1787358391,6705,321 Surrey Central/WhiteRock,15247234,5520,37,77
2026-08-22T00:26:44.445455+00:00,1787358391,6705,321 Surrey Central/WhiteRock,15247234,5521,38,-125
2026-08-22T00:26:44.445455+00:00,1787358391,6705,321 Surrey Central/WhiteRock,15247234,5522,39,-257
2026-08-22T00:26:44.445455+00:00,1787358391,6705,321 Surrey Central/WhiteRock,15247234,5523,40,-292
2026-08-22T00:26:44.445455+00:00,1787358391,6705,321 Surrey Central/WhiteRock,15247234,6466,41,-304
2026-08-22T00:26:44.445455+00:00,1787358391,6705,321 Surrey Central/WhiteRock,15247234,5524,42,-274
2026-08-22T00:26:44.445455+00:00,1787358391,6705,321 Surrey Central/WhiteRock,15247234,5525,43,-300
2026-08-22T00:26:44.445455+00:00,1787358391,6705,321 Surrey Central/WhiteRock,15247234,10443,44,-319
2026-08-22T00:26:44.445455+00:00,1787358391,6705,321 Surrey Central/WhiteRock,15247234,5528,45,-317
2026-08-22T00:26:44.445455+00:00,1787358391,6705,321 Surrey Central/WhiteRock,15247234,5529,46,-339
2026-08-22T00:26:44.445455+00:00,1787358391,6705,321 Surrey Central/WhiteRock,15247234,5530,47,-355
2026-08-22T00:26:44.445455+00:00,1787358391,6705,321 Surrey Central/WhiteRock,15247234,5533,48,-358
2026-08-22T00:26:44.445455+00:00,1787358391,6705,321 Surrey Central/WhiteRock,15247234,5534,49,-376
2026-08-22T00:26:44.445455+00:00,1787358391,6705,321 Surrey Central/WhiteRock,15247234,5535,50,-380
2026-08-22T00:26:44.445455+00:00,1787358391,6705,321 Surrey Central/WhiteRock,15247234,5536,51,-405
2026-08-22T00:26:44.445455+00:00,1787358391,6705,321 Surrey Central/WhiteRock,15247234,5537,52,-418
2026-08-22T00:26:44.445455+00:00,1787358391,6705,321 Surrey Central/WhiteRock,15247234,5538,53,-425
2026-08-22T00:26:44.445455+00:00,1787358391,6705,321 Surrey Central/WhiteRock,15247234,5541,54,-404
2026-08-22T00:26:44.445455+00:00,1787358391,6705,321 Surrey Central/WhiteRock,15247234,5542,55,-389
2026-08-22T00:26:44.445455+00:00,1787358391,6705,321 Surrey Central/WhiteRock,15247234,6195,56,-360
2026-08-22T00:26:44.445455+00:00,1787358391,6705,321 Surrey Central/WhiteRock,15247235,10880,7,0
2026-08-22T00:26:44.445455+00:00,1787358391,6705,321 Surrey Central/WhiteRock,15247235,5046,8,47
2026-08-22T00:26:44.445455+00:00,1787358391,6705,321 Surrey Central/WhiteRock,15247235,5047,9,48
2026-08-22T00:26:44.445455+00:00,1787358391,6705,321 Surrey Central/WhiteRock,15247235,8566,10,28
2026-08-22T00:26:44.445455+00:00,1787358391,6705,321 Surrey Central/WhiteRock,15247235,12916,11,75
2026-08-22T00:26:44.445455+00:00,1787358391,6705,321 Surrey Central/WhiteRock,15247235,5049,12,69
2026-08-22T00:26:44.445455+00:00,1787358391,6705,321 Surrey Central/WhiteRock,15247235,5039,13,43
2026-08-22T00:26:44.445455+00:00,1787358391,6705,321 Surrey Central/WhiteRock,15247235,8351,14,24
2026-08-22T00:26:44.445455+00:00,1787358391,6705,321 Surrey Central/WhiteRock,15247235,5496,15,-41
2026-08-22T00:26:44.445455+00:00,1787358391,6705,321 Surrey Central/WhiteRock,15247235,5497,16,-82
2026-08-22T00:26:44.445455+00:00,1787358391,6705,321 Surrey Central/WhiteRock,15247235,5498,17,-95
2026-08-22T00:26:44.445455+00:00,1787358391,6705,321 Surrey Central/WhiteRock,15247235,5499,18,-128
2026-08-22T00:26:44.445455+00:00,1787358391,6705,321 Surrey Central/WhiteRock,15247235,5500,19,-155
2026-08-22T00:26:44.445455+00:00,1787358391,6705,321 Surrey Central/WhiteRock,15247235,5501,20,-181
2026-08-22T00:26:44.445455+00:00,1787358391,6705,321 Surrey Central/WhiteRock,15247235,5502,21,-194
2026-08-22T00:26:44.445455+00:00,1787358391,6705,321 Surrey Central/WhiteRock,15247235,5503,22,-200
2026-08-22T00:26:44.445455+00:00,1787358391,6705,321 Surrey Central/WhiteRock,15247235,5504,23,-247
2026-08-22T00:26:44.445455+00:00,1787358391,6705,321 Surrey Central/WhiteRock,15247235,5505,24,-237
2026-08-22T00:26:44.445455+00:00,1787358391,6705,321 Surrey Central/WhiteRock,15247235,5507,25,-213
2026-08-22T00:26:44.445455+00:00,1787358391,6705,321 Surrey Central/WhiteRock,15247235,5633,26,0
2026-08-22T00:26:44.445455+00:00,1787358391,6705,321 Surrey Central/WhiteRock,15247235,5510,27,41
2026-08-22T00:26:44.445455+00:00,1787358391,6705,321 Surrey Central/WhiteRock,15247235,5511,28,36
2026-08-22T00:26:44.445455+00:00,1787358391,6705,321 Surrey Central/WhiteRock,15247235,5512,29,32
2026-08-22T00:26:44.445455+00:00,1787358391,6705,321 Surrey Central/WhiteRock,15247235,5513,30,21
2026-08-22T00:26:44.445455+00:00,1787358391,6705,321 Surrey Central/WhiteRock,15247235,5514,31,107
2026-08-22T00:26:44.445455+00:00,1787358391,6705,321 Surrey Central/WhiteRock,15247235,5515,32,101
2026-08-22T00:26:44.445455+00:00,1787358391,6705,321 Surrey Central/WhiteRock,15247235,5516,33,108
2026-08-22T00:26:44.445455+00:00,1787358391,6705,321 Surrey Central/WhiteRock,15247235,5517,34,125
2026-08-22T00:26:44.445455+00:00,1787358391,6705,321 Surrey Central/WhiteRock,15247235,5518,35,127
2026-08-22T00:26:44.445455+00:00,1787358391,6705,321 Surrey Central/WhiteRock,15247235,5519,36,109
2026-08-22T00:26:44.445455+00:00,1787358391,6705,321 Surrey Central/WhiteRock,15247235,5520,37,115
2026-08-22T00:26:44.445455+00:00,1787358391,6705,321 Surrey Central/WhiteRock,15247235,5521,38,-80
2026-08-22T00:26:44.445455+00:00,1787358391,6705,321 Surrey Central/WhiteRock,15247235,5522,39,-207
2026-08-22T00:26:44.445455+00:00,1787358391,6705,321 Surrey Central/WhiteRock,15247235,5523,40,-241
2026-08-22T00:26:44.445455+00:00,1787358391,6705,321 Surrey Central/WhiteRock,15247235,6466,41,-251
2026-08-22T00:26:44.445455+00:00,1787358391,6705,321 Surrey Central/WhiteRock,15247235,5524,42,-217
2026-08-22T00:26:44.445455+00:00,1787358391,6705,321 Surrey Central/WhiteRock,15247235,5525,43,-244
2026-08-22T00:26:44.445455+00:00,1787358391,6705,321 Surrey Central/WhiteRock,15247235,10443,44,-272
2026-08-22T00:26:44.445455+00:00,1787358391,6705,321 Surrey Central/WhiteRock,15247235,5528,45,-270
2026-08-22T00:26:44.445455+00:00,1787358391,6705,321 Surrey Central/WhiteRock,15247235,5529,46,-293
2026-08-22T00:26:44.445455+00:00,1787358391,6705,321 Surrey Central/WhiteRock,15247235,5530,47,-308
2026-08-22T00:26:44.445455+00:00,1787358391,6705,321 Surrey Central/WhiteRock,15247235,5533,48,-307
2026-08-22T00:26:44.445455+00:00,1787358391,6705,321 Surrey Central/WhiteRock,15247235,5534,49,-324
2026-08-22T00:26:44.445455+00:00,1787358391,6705,321 Surrey Central/WhiteRock,15247235,5535,50,-321
2026-08-22T00:26:44.445455+00:00,1787358391,6705,321 Surrey Central/WhiteRock,15247235,5536,51,-343
2026-08-22T00:26:44.445455+00:00,1787358391,6705,321 Surrey Central/WhiteRock,15247235,5537,52,-359
2026-08-22T00:26:44.445455+00:00,1787358391,6705,321 Surrey Central/WhiteRock,15247235,5538,53,-365
2026-08-22T00:26:44.445455+00:00,1787358391,6705,321 Surrey Central/WhiteRock,15247235,5541,54,-340
2026-08-22T00:26:44.445455+00:00,1787358391,6705,321 Surrey Central/WhiteRock,15247235,5542,55,-329
2026-08-22T00:26:44.445455+00:00,1787358391,6705,321 Surrey Central/WhiteRock,15247235,6195,56,-298
2026-08-22T00:26:44.445455+00:00,1787358391,6715,351 Bridgeport/WhiteRock,15251618,8282,25,314
2026-08-22T00:26:44.445455+00:00,1787358391,6715,351 Bridgeport/WhiteRock,15251619,8282,25,-246
2026-08-22T00:26:44.445455+00:00,1787358391,6715,351 Bridgeport/WhiteRock,15251620,4928,24,-3
2026-08-22T00:26:44.445455+00:00,1787358391,6715,351 Bridgeport/WhiteRock,15251620,8282,25,106
2026-08-22T00:26:44.445455+00:00,1787358391,6715,351 Bridgeport/WhiteRock,15251621,5439,13,233
2026-08-22T00:26:44.445455+00:00,1787358391,6715,351 Bridgeport/WhiteRock,15251621,5440,14,211
2026-08-22T00:26:44.445455+00:00,1787358391,6715,351 Bridgeport/WhiteRock,15251621,5441,15,210
2026-08-22T00:26:44.445455+00:00,1787358391,6715,351 Bridgeport/WhiteRock,15251621,5442,16,181
2026-08-22T00:26:44.445455+00:00,1787358391,6715,351 Bridgeport/WhiteRock,15251621,5444,17,189
2026-08-22T00:26:44.445455+00:00,1787358391,6715,351 Bridgeport/WhiteRock,15251621,9083,18,163
2026-08-22T00:26:44.445455+00:00,1787358391,6715,351 Bridgeport/WhiteRock,15251621,5446,19,166
2026-08-22T00:26:44.445455+00:00,1787358391,6715,351 Bridgeport/WhiteRock,15251621,10445,20,156
2026-08-22T00:26:44.445455+00:00,1787358391,6715,351 Bridgeport/WhiteRock,15251621,5447,21,112
2026-08-22T00:26:44.445455+00:00,1787358391,6715,351 Bridgeport/WhiteRock,15251621,5448,22,108
2026-08-22T00:26:44.445455+00:00,1787358391,6715,351 Bridgeport/WhiteRock,15251621,6194,23,99
2026-08-22T00:26:44.445455+00:00,1787358391,6715,351 Bridgeport/WhiteRock,15251621,4928,24,-33
2026-08-22T00:26:44.445455+00:00,1787358391,6715,351 Bridgeport/WhiteRock,15251621,8282,25,78
2026-08-22T00:26:44.445455+00:00,1787358391,6715,351 Bridgeport/WhiteRock,15251698,6341,20,-313
2026-08-22T00:26:44.445455+00:00,1787358391,6715,351 Bridgeport/WhiteRock,15251698,6167,21,-305
2026-08-22T00:26:44.445455+00:00,1787358391,6715,351 Bridgeport/WhiteRock,15251699,5528,8,-506
2026-08-22T00:26:44.445455+00:00,1787358391,6715,351 Bridgeport/WhiteRock,15251699,5529,9,-516
2026-08-22T00:26:44.445455+00:00,1787358391,6715,351 Bridgeport/WhiteRock,15251699,5530,10,-515
2026-08-22T00:26:44.445455+00:00,1787358391,6715,351 Bridgeport/WhiteRock,15251699,5533,11,-497
2026-08-22T00:26:44.445455+00:00,1787358391,6715,351 Bridgeport/WhiteRock,15251699,5534,12,-468
2026-08-22T00:26:44.445455+00:00,1787358391,6715,351 Bridgeport/WhiteRock,15251699,5535,13,-438
2026-08-22T00:26:44.445455+00:00,1787358391,6715,351 Bridgeport/WhiteRock,15251699,5536,14,-440
2026-08-22T00:26:44.445455+00:00,1787358391,6715,351 Bridgeport/WhiteRock,15251699,5537,15,-420
2026-08-22T00:26:44.445455+00:00,1787358391,6715,351 Bridgeport/WhiteRock,15251699,5538,16,-415
2026-08-22T00:26:44.445455+00:00,1787358391,6715,351 Bridgeport/WhiteRock,15251699,5541,17,-364
2026-08-22T00:26:44.445455+00:00,1787358391,6715,351 Bridgeport/WhiteRock,15251699,5542,18,-342
2026-08-22T00:26:44.445455+00:00,1787358391,6715,351 Bridgeport/WhiteRock,15251699,6340,19,-297
2026-08-22T00:26:44.445455+00:00,1787358391,6715,351 Bridgeport/WhiteRock,15251699,6341,20,-279
2026-08-22T00:26:44.445455+00:00,1787358391,6715,351 Bridgeport/WhiteRock,15251699,6167,21,-270
2026-08-22T00:26:44.445455+00:00,1787358391,6715,351 Bridgeport/WhiteRock,15251700,6175,4,-777
2026-08-22T00:26:44.445455+00:00,1787358391,6715,351 Bridgeport/WhiteRock,15251700,5524,5,-730
2026-08-22T00:26:44.445455+00:00,1787358391,6715,351 Bridgeport/WhiteRock,15251700,5525,6,-744
2026-08-22T00:26:44.445455+00:00,1787358391,6715,351 Bridgeport/WhiteRock,15251700,10443,7,-740
2026-08-22T00:26:44.445455+00:00,1787358391,6715,351 Bridgeport/WhiteRock,15251700,5528,8,-717
2026-08-22T00:26:44.445455+00:00,1787358391,6715,351 Bridgeport/WhiteRock,15251700,5529,9,-725
2026-08-22T00:26:44.445455+00:00,1787358391,6715,351 Bridgeport/WhiteRock,15251700,5530,10,-724
2026-08-22T00:26:44.445455+00:00,1787358391,6715,351 Bridgeport/WhiteRock,15251700,5533,11,-706
2026-08-22T00:26:44.445455+00:00,1787358391,6715,351 Bridgeport/WhiteRock,15251700,5534,12,-708
2026-08-22T00:26:44.445455+00:00,1787358391,6715,351 Bridgeport/WhiteRock,15251700,5535,13,-677
2026-08-22T00:26:44.445455+00:00,1787358391,6715,351 Bridgeport/WhiteRock,15251700,5536,14,-682
2026-08-22T00:26:44.445455+00:00,1787358391,6715,351 Bridgeport/WhiteRock,15251700,5537,15,-663
2026-08-22T00:26:44.445455+00:00,1787358391,6715,351 Bridgeport/WhiteRock,15251700,5538,16,-658
2026-08-22T00:26:44.445455+00:00,1787358391,6715,351 Bridgeport/WhiteRock,15251700,5541,17,-606
2026-08-22T00:26:44.445455+00:00,1787358391,6715,351 Bridgeport/WhiteRock,15251700,5542,18,-584
2026-08-22T00:26:44.445455+00:00,1787358391,6715,351 Bridgeport/WhiteRock,15251700,6340,19,-542
2026-08-22T00:26:44.445455+00:00,1787358391,6715,351 Bridgeport/WhiteRock,15251700,6341,20,-525
2026-08-22T00:26:44.445455+00:00,1787358391,6715,351 Bridgeport/WhiteRock,15251700,6167,21,-508
2026-08-22T00:26:44.445455+00:00,1787358391,6715,351 Bridgeport/WhiteRock,15251701,4929,3,0
2026-08-22T00:26:44.445455+00:00,1787358391,6715,351 Bridgeport/WhiteRock,15251701,6175,4,-644
2026-08-22T00:26:44.445455+00:00,1787358391,6715,351 Bridgeport/WhiteRock,15251701,5524,5,-595
2026-08-22T00:26:44.445455+00:00,1787358391,6715,351 Bridgeport/WhiteRock,15251701,5525,6,-608
2026-08-22T00:26:44.445455+00:00,1787358391,6715,351 Bridgeport/WhiteRock,15251701,10443,7,-604
2026-08-22T00:26:44.445455+00:00,1787358391,6715,351 Bridgeport/WhiteRock,15251701,5528,8,-582
2026-08-22T00:26:44.445455+00:00,1787358391,6715,351 Bridgeport/WhiteRock,15251701,5529,9,-588
2026-08-22T00:26:44.445455+00:00,1787358391,6715,351 Bridgeport/WhiteRock,15251701,5530,10,-585
2026-08-22T00:26:44.445455+00:00,1787358391,6715,351 Bridgeport/WhiteRock,15251701,5533,11,-564
2026-08-22T00:26:44.445455+00:00,1787358391,6715,351 Bridgeport/WhiteRock,15251701,5534,12,-565
2026-08-22T00:26:44.445455+00:00,1787358391,6715,351 Bridgeport/WhiteRock,15251701,5535,13,-534
2026-08-22T00:26:44.445455+00:00,1787358391,6715,351 Bridgeport/WhiteRock,15251701,5536,14,-534
2026-08-22T00:26:44.445455+00:00,1787358391,6715,351 Bridgeport/WhiteRock,15251701,5537,15,-515
2026-08-22T00:26:44.445455+00:00,1787358391,6715,351 Bridgeport/WhiteRock,15251701,5538,16,-509
2026-08-22T00:26:44.445455+00:00,1787358391,6715,351 Bridgeport/WhiteRock,15251701,5541,17,-453
2026-08-22T00:26:44.445455+00:00,1787358391,6715,351 Bridgeport/WhiteRock,15251701,5542,18,-432
2026-08-22T00:26:44.445455+00:00,1787358391,6715,351 Bridgeport/WhiteRock,15251701,6340,19,-381
2026-08-22T00:26:44.445455+00:00,1787358391,6715,351 Bridgeport/WhiteRock,15251701,6341,20,-365
2026-08-22T00:26:44.445455+00:00,1787358391,6715,351 Bridgeport/WhiteRock,15251701,6167,21,-356
2026-08-22T00:26:44.445455+00:00,1787358391,6715,351 Bridgeport/WhiteRock,15251702,8283,2,228
2026-08-22T00:26:44.445455+00:00,1787358391,6715,351 Bridgeport/WhiteRock,15251702,4929,3,235
2026-08-22T00:26:44.445455+00:00,1787358391,6715,351 Bridgeport/WhiteRock,15251702,6175,4,-412
2026-08-22T00:26:44.445455+00:00,1787358391,6715,351 Bridgeport/WhiteRock,15251702,5524,5,-359
2026-08-22T00:26:44.445455+00:00,1787358391,6715,351 Bridgeport/WhiteRock,15251702,5525,6,-372
2026-08-22T00:26:44.445455+00:00,1787358391,6715,351 Bridgeport/WhiteRock,15251702,10443,7,-369
2026-08-22T00:26:44.445455+00:00,1787358391,6715,351 Bridgeport/WhiteRock,15251702,5528,8,-349
2026-08-22T00:26:44.445455+00:00,1787358391,6715,351 Bridgeport/WhiteRock,15251702,5529,9,-355
2026-08-22T00:26:44.445455+00:00,1787358391,6715,351 Bridgeport/WhiteRock,15251702,5530,10,-353
2026-08-22T00:26:44.445455+00:00,1787358391,6715,351 Bridgeport/WhiteRock,15251702,5533,11,-335
2026-08-22T00:26:44.445455+00:00,1787358391,6715,351 Bridgeport/WhiteRock,15251702,5534,12,-337
2026-08-22T00:26:44.445455+00:00,1787358391,6715,351 Bridgeport/WhiteRock,15251702,5535,13,-296
2026-08-22T00:26:44.445455+00:00,1787358391,6715,351 Bridgeport/WhiteRock,15251702,5536,14,-295
2026-08-22T00:26:44.445455+00:00,1787358391,6715,351 Bridgeport/WhiteRock,15251702,5537,15,-281
2026-08-22T00:26:44.445455+00:00,1787358391,6715,351 Bridgeport/WhiteRock,15251702,5538,16,-276
2026-08-22T00:26:44.445455+00:00,1787358391,6715,351 Bridgeport/WhiteRock,15251702,5541,17,-230
2026-08-22T00:26:44.445455+00:00,1787358391,6715,351 Bridgeport/WhiteRock,15251702,5542,18,-208
2026-08-22T00:26:44.445455+00:00,1787358391,6715,351 Bridgeport/WhiteRock,15251702,6340,19,-164
2026-08-22T00:26:44.445455+00:00,1787358391,6715,351 Bridgeport/WhiteRock,15251702,6341,20,-150
2026-08-22T00:26:44.445455+00:00,1787358391,6715,351 Bridgeport/WhiteRock,15251702,6167,21,-141
2026-08-22T00:26:44.445455+00:00,1787358391,6715,351 Bridgeport/WhiteRock,15251703,11267,1,0
2026-08-22T00:26:44.445455+00:00,1787358391,6715,351 Bridgeport/WhiteRock,15251703,8283,2,-510
2026-08-22T00:26:44.445455+00:00,1787358391,6715,351 Bridgeport/WhiteRock,15251703,4929,3,0
2026-08-22T00:26:44.445455+00:00,1787358391,6715,351 Bridgeport/WhiteRock,15251703,6175,4,-569
2026-08-22T00:26:44.445455+00:00,1787358391,6715,351 Bridgeport/WhiteRock,15251703,5524,5,-508
2026-08-22T00:26:44.445455+00:00,1787358391,6715,351 Bridgeport/WhiteRock,15251703,5525,6,-519
2026-08-22T00:26:44.445455+00:00,1787358391,6715,351 Bridgeport/WhiteRock,15251703,10443,7,-512
2026-08-22T00:26:44.445455+00:00,1787358391,6715,351 Bridgeport/WhiteRock,15251703,5528,8,-491
2026-08-22T00:26:44.445455+00:00,1787358391,6715,351 Bridgeport/WhiteRock,15251703,5529,9,-498
2026-08-22T00:26:44.445455+00:00,1787358391,6715,351 Bridgeport/WhiteRock,15251703,5530,10,-495
2026-08-22T00:26:44.445455+00:00,1787358391,6715,351 Bridgeport/WhiteRock,15251703,5533,11,-474
2026-08-22T00:26:44.445455+00:00,1787358391,6715,351 Bridgeport/WhiteRock,15251703,5534,12,-474
2026-08-22T00:26:44.445455+00:00,1787358391,6715,351 Bridgeport/WhiteRock,15251703,5535,13,-443
2026-08-22T00:26:44.445455+00:00,1787358391,6715,351 Bridgeport/WhiteRock,15251703,5536,14,-442
2026-08-22T00:26:44.445455+00:00,1787358391,6715,351 Bridgeport/WhiteRock,15251703,5537,15,-420
2026-08-22T00:26:44.445455+00:00,1787358391,6715,351 Bridgeport/WhiteRock,15251703,5538,16,-411
2026-08-22T00:26:44.445455+00:00,1787358391,6715,351 Bridgeport/WhiteRock,15251703,5541,17,-362
2026-08-22T00:26:44.445455+00:00,1787358391,6715,351 Bridgeport/WhiteRock,15251703,5542,18,-339
2026-08-22T00:26:44.445455+00:00,1787358391,6715,351 Bridgeport/WhiteRock,15251703,6340,19,-295
2026-08-22T00:26:44.445455+00:00,1787358391,6715,351 Bridgeport/WhiteRock,15251703,6341,20,-275
2026-08-22T00:26:44.445455+00:00,1787358391,6715,351 Bridgeport/WhiteRock,15251703,6167,21,-258
2026-08-22T00:26:44.445455+00:00,1787358391,11692,364 Langley Centre/Scottsdale,15252682,5583,10,495
2026-08-22T00:26:44.445455+00:00,1787358391,11692,364 Langley Centre/Scottsdale,15252682,5584,11,452
2026-08-22T00:26:44.445455+00:00,1787358391,11692,364 Langley Centre/Scottsdale,15252682,6464,12,425
2026-08-22T00:26:44.445455+00:00,1787358391,11692,364 Langley Centre/Scottsdale,15252682,6465,13,388
2026-08-22T00:26:44.445455+00:00,1787358391,11692,364 Langley Centre/Scottsdale,15252682,11074,14,425
2026-08-22T00:26:44.445455+00:00,1787358391,11692,364 Langley Centre/Scottsdale,15252682,11153,15,383
2026-08-22T00:26:44.445455+00:00,1787358391,11692,364 Langley Centre/Scottsdale,15252682,11150,16,333
2026-08-22T00:26:44.445455+00:00,1787358391,11692,364 Langley Centre/Scottsdale,15252682,11148,17,305
2026-08-22T00:26:44.445455+00:00,1787358391,11692,364 Langley Centre/Scottsdale,15252682,11124,18,312
2026-08-22T00:26:44.445455+00:00,1787358391,11692,364 Langley Centre/Scottsdale,15252682,11140,19,264
2026-08-22T00:26:44.445455+00:00,1787358391,11692,364 Langley Centre/Scottsdale,15252682,11145,20,246
2026-08-22T00:26:44.445455+00:00,1787358391,11692,364 Langley Centre/Scottsdale,15252682,11076,21,138
2026-08-22T00:26:44.445455+00:00,1787358391,11692,364 Langley Centre/Scottsdale,15252682,12645,22,-93
2026-08-22T00:26:44.445455+00:00,1787358391,11692,364 Langley Centre/Scottsdale,15252682,9525,23,-94
2026-08-22T00:26:44.445455+00:00,1787358391,11692,364 Langley Centre/Scottsdale,15252682,10148,24,-71
2026-08-22T00:26:44.445455+00:00,1787358391,11692,364 Langley Centre/Scottsdale,15252682,10585,25,-94
2026-08-22T00:26:44.445455+00:00,1787358391,11692,364 Langley Centre/Scottsdale,15252682,10250,26,-106
2026-08-22T00:26:44.445455+00:00,1787358391,11692,364 Langley Centre/Scottsdale,15252682,10588,27,-117
2026-08-22T00:26:44.445455+00:00,1787358391,11692,364 Langley Centre/Scottsdale,15252682,10248,28,-56
2026-08-22T00:26:44.445455+00:00,1787358391,11692,364 Langley Centre/Scottsdale,15252682,10726,29,-58
2026-08-22T00:26:44.445455+00:00,1787358391,11692,364 Langley Centre/Scottsdale,15252682,10725,30,-74
2026-08-22T00:26:44.445455+00:00,1787358391,11692,364 Langley Centre/Scottsdale,15252682,10727,31,-96
2026-08-22T00:26:44.445455+00:00,1787358391,11692,364 Langley Centre/Scottsdale,15252682,10251,32,-106
2026-08-22T00:26:44.445455+00:00,1787358391,11692,364 Langley Centre/Scottsdale,15252682,10252,33,-132
2026-08-22T00:26:44.445455+00:00,1787358391,11692,364 Langley Centre/Scottsdale,15252682,10253,34,-143
2026-08-22T00:26:44.445455+00:00,1787358391,11692,364 Langley Centre/Scottsdale,15252682,10255,35,-164
2026-08-22T00:26:44.445455+00:00,1787358391,11692,364 Langley Centre/Scottsdale,15252682,5332,36,-104
2026-08-22T00:26:44.445455+00:00,1787358391,11692,364 Langley Centre/Scottsdale,15252682,12497,37,-135
2026-08-22T00:26:44.445455+00:00,1787358391,11692,364 Langley Centre/Scottsdale,15252682,5334,38,-146
2026-08-22T00:26:44.445455+00:00,1787358391,11692,364 Langley Centre/Scottsdale,15252682,6472,39,-137
2026-08-22T00:26:44.445455+00:00,1787358391,11692,364 Langley Centre/Scottsdale,15252682,6473,40,-142
2026-08-22T00:26:44.445455+00:00,1787358391,11692,364 Langley Centre/Scottsdale,15252682,6474,41,-143
2026-08-22T00:26:44.445455+00:00,1787358391,11692,364 Langley Centre/Scottsdale,15252682,9306,42,-96
2026-08-22T00:26:44.445455+00:00,1787358391,11692,364 Langley Centre/Scottsdale,15252682,11125,43,-104
2026-08-22T00:26:44.445455+00:00,1787358391,11692,364 Langley Centre/Scottsdale,15252682,9294,44,-108
2026-08-22T00:26:44.445455+00:00,1787358391,11692,364 Langley Centre/Scottsdale,15252682,9293,45,-116
2026-08-22T00:26:44.445455+00:00,1787358391,11692,364 Langley Centre/Scottsdale,15252682,11126,46,-108
2026-08-22T00:26:44.445455+00:00,1787358391,11692,364 Langley Centre/Scottsdale,15252682,7094,47,-155
2026-08-22T00:26:44.445455+00:00,1787358391,11692,364 Langley Centre/Scottsdale,15252683,6472,39,-372
2026-08-22T00:26:44.445455+00:00,1787358391,11692,364 Langley Centre/Scottsdale,15252683,6473,40,-379
2026-08-22T00:26:44.445455+00:00,1787358391,11692,364 Langley Centre/Scottsdale,15252683,6474,41,-392
2026-08-22T00:26:44.445455+00:00,1787358391,11692,364 Langley Centre/Scottsdale,15252683,9306,42,-341
2026-08-22T00:26:44.445455+00:00,1787358391,11692,364 Langley Centre/Scottsdale,15252683,11125,43,-353
2026-08-22T00:26:44.445455+00:00,1787358391,11692,364 Langley Centre/Scottsdale,15252683,9294,44,-366
2026-08-22T00:26:44.445455+00:00,1787358391,11692,364 Langley Centre/Scottsdale,15252683,9293,45,-380
2026-08-22T00:26:44.445455+00:00,1787358391,11692,364 Langley Centre/Scottsdale,15252683,11126,46,-373
2026-08-22T00:26:44.445455+00:00,1787358391,11692,364 Langley Centre/Scottsdale,15252683,7094,47,-404
2026-08-22T00:26:44.445455+00:00,1787358391,11692,364 Langley Centre/Scottsdale,15252697,7094,47,75
2026-08-22T00:26:44.445455+00:00,1787358391,11692,364 Langley Centre/Scottsdale,15252698,11121,6,27
2026-08-22T00:26:44.445455+00:00,1787358391,11692,364 Langley Centre/Scottsdale,15252698,11142,7,-17
2026-08-22T00:26:44.445455+00:00,1787358391,11692,364 Langley Centre/Scottsdale,15252698,11139,8,-44
2026-08-22T00:26:44.445455+00:00,1787358391,11692,364 Langley Centre/Scottsdale,15252698,11156,9,-74
2026-08-22T00:26:44.445455+00:00,1787358391,11692,364 Langley Centre/Scottsdale,15252698,5583,10,-66
2026-08-22T00:26:44.445455+00:00,1787358391,11692,364 Langley Centre/Scottsdale,15252698,5584,11,-106
2026-08-22T00:26:44.445455+00:00,1787358391,11692,364 Langley Centre/Scottsdale,15252698,6464,12,-130
2026-08-22T00:26:44.445455+00:00,1787358391,11692,364 Langley Centre/Scottsdale,15252698,6465,13,-165
2026-08-22T00:26:44.445455+00:00,1787358391,11692,364 Langley Centre/Scottsdale,15252698,11074,14,-125
2026-08-22T00:26:44.445455+00:00,1787358391,11692,364 Langley Centre/Scottsdale,15252698,11153,15,-165
2026-08-22T00:26:44.445455+00:00,1787358391,11692,364 Langley Centre/Scottsdale,15252698,11150,16,-213
2026-08-22T00:26:44.445455+00:00,1787358391,11692,364 Langley Centre/Scottsdale,15252698,11148,17,-238
2026-08-22T00:26:44.445455+00:00,1787358391,11692,364 Langley Centre/Scottsdale,15252698,11124,18,-228
2026-08-22T00:26:44.445455+00:00,1787358391,11692,364 Langley Centre/Scottsdale,15252698,11140,19,-273
2026-08-22T00:26:44.445455+00:00,1787358391,11692,364 Langley Centre/Scottsdale,15252698,11145,20,-289
2026-08-22T00:26:44.445455+00:00,1787358391,11692,364 Langley Centre/Scottsdale,15252698,11076,21,0
2026-08-22T00:26:44.445455+00:00,1787358391,11692,364 Langley Centre/Scottsdale,15252698,12645,22,-210
2026-08-22T00:26:44.445455+00:00,1787358391,11692,364 Langley Centre/Scottsdale,15252698,9525,23,-209
2026-08-22T00:26:44.445455+00:00,1787358391,11692,364 Langley Centre/Scottsdale,15252698,10148,24,-182
2026-08-22T00:26:44.445455+00:00,1787358391,11692,364 Langley Centre/Scottsdale,15252698,10585,25,-202
2026-08-22T00:26:44.445455+00:00,1787358391,11692,364 Langley Centre/Scottsdale,15252698,10250,26,-210
2026-08-22T00:26:44.445455+00:00,1787358391,11692,364 Langley Centre/Scottsdale,15252698,10588,27,-218
2026-08-22T00:26:44.445455+00:00,1787358391,11692,364 Langley Centre/Scottsdale,15252698,10248,28,-152
2026-08-22T00:26:44.445455+00:00,1787358391,11692,364 Langley Centre/Scottsdale,15252698,10726,29,-155
2026-08-22T00:26:44.445455+00:00,1787358391,11692,364 Langley Centre/Scottsdale,15252698,10725,30,-171
2026-08-22T00:26:44.445455+00:00,1787358391,11692,364 Langley Centre/Scottsdale,15252698,10727,31,-190
2026-08-22T00:26:44.445455+00:00,1787358391,11692,364 Langley Centre/Scottsdale,15252698,10251,32,-199
2026-08-22T00:26:44.445455+00:00,1787358391,11692,364 Langley Centre/Scottsdale,15252698,10252,33,-226
2026-08-22T00:26:44.445455+00:00,1787358391,11692,364 Langley Centre/Scottsdale,15252698,10253,34,-236
2026-08-22T00:26:44.445455+00:00,1787358391,11692,364 Langley Centre/Scottsdale,15252698,10255,35,-254
2026-08-22T00:26:44.445455+00:00,1787358391,11692,364 Langley Centre/Scottsdale,15252698,5332,36,-224
2026-08-22T00:26:44.445455+00:00,1787358391,11692,364 Langley Centre/Scottsdale,15252698,12497,37,-254
2026-08-22T00:26:44.445455+00:00,1787358391,11692,364 Langley Centre/Scottsdale,15252698,5334,38,-256
2026-08-22T00:26:44.445455+00:00,1787358391,11692,364 Langley Centre/Scottsdale,15252698,6472,39,-246
2026-08-22T00:26:44.445455+00:00,1787358391,11692,364 Langley Centre/Scottsdale,15252698,6473,40,-246
2026-08-22T00:26:44.445455+00:00,1787358391,11692,364 Langley Centre/Scottsdale,15252698,6474,41,-253
2026-08-22T00:26:44.445455+00:00,1787358391,11692,364 Langley Centre/Scottsdale,15252698,9306,42,-208
2026-08-22T00:26:44.445455+00:00,1787358391,11692,364 Langley Centre/Scottsdale,15252698,11125,43,-206
2026-08-22T00:26:44.445455+00:00,1787358391,11692,364 Langley Centre/Scottsdale,15252698,9294,44,-212
2026-08-22T00:26:44.445455+00:00,1787358391,11692,364 Langley Centre/Scottsdale,15252698,9293,45,-219
2026-08-22T00:26:44.445455+00:00,1787358391,11692,364 Langley Centre/Scottsdale,15252698,11126,46,-212
2026-08-22T00:26:44.445455+00:00,1787358391,11692,364 Langley Centre/Scottsdale,15252698,7094,47,-246
2026-08-22T00:26:44.445455+00:00,1787358391,11692,364 Langley Centre/Scottsdale,15252700,10148,24,-247
2026-08-22T00:26:44.445455+00:00,1787358391,11692,364 Langley Centre/Scottsdale,15252700,10585,25,-270
2026-08-22T00:26:44.445455+00:00,1787358391,11692,364 Langley Centre/Scottsdale,15252700,10250,26,-282
2026-08-22T00:26:44.445455+00:00,1787358391,11692,364 Langley Centre/Scottsdale,15252700,10588,27,-292
2026-08-22T00:26:44.445455+00:00,1787358391,11692,364 Langley Centre/Scottsdale,15252700,10248,28,-231
2026-08-22T00:26:44.445455+00:00,1787358391,11692,364 Langley Centre/Scottsdale,15252700,10726,29,-232
2026-08-22T00:26:44.445455+00:00,1787358391,11692,364 Langley Centre/Scottsdale,15252700,10725,30,-249
2026-08-22T00:26:44.445455+00:00,1787358391,11692,364 Langley Centre/Scottsdale,15252700,10727,31,-271
2026-08-22T00:26:44.445455+00:00,1787358391,11692,364 Langley Centre/Scottsdale,15252700,10251,32,-281
2026-08-22T00:26:44.445455+00:00,1787358391,11692,364 Langley Centre/Scottsdale,15252700,10252,33,-307
2026-08-22T00:26:44.445455+00:00,1787358391,11692,364 Langley Centre/Scottsdale,15252700,10253,34,-318
2026-08-22T00:26:44.445455+00:00,1787358391,11692,364 Langley Centre/Scottsdale,15252700,10255,35,-339
2026-08-22T00:26:44.445455+00:00,1787358391,11692,364 Langley Centre/Scottsdale,15252700,5332,36,-277
2026-08-22T00:26:44.445455+00:00,1787358391,11692,364 Langley Centre/Scottsdale,15252700,12497,37,-309
2026-08-22T00:26:44.445455+00:00,1787358391,11692,364 Langley Centre/Scottsdale,15252700,5334,38,-320
2026-08-22T00:26:44.445455+00:00,1787358391,11692,364 Langley Centre/Scottsdale,15252700,6472,39,-311
2026-08-22T00:26:44.445455+00:00,1787358391,11692,364 Langley Centre/Scottsdale,15252700,6473,40,-316
2026-08-22T00:26:44.445455+00:00,1787358391,11692,364 Langley Centre/Scottsdale,15252700,6474,41,-320
2026-08-22T00:26:44.445455+00:00,1787358391,11692,364 Langley Centre/Scottsdale,15252700,9306,42,-269
2026-08-22T00:26:44.445455+00:00,1787358391,11692,364 Langley Centre/Scottsdale,15252700,11125,43,-255
2026-08-22T00:26:44.445455+00:00,1787358391,11692,364 Langley Centre/Scottsdale,15252700,9294,44,-264
2026-08-22T00:26:44.445455+00:00,1787358391,11692,364 Langley Centre/Scottsdale,15252700,9293,45,-276
2026-08-22T00:26:44.445455+00:00,1787358391,11692,364 Langley Centre/Scottsdale,15252700,11126,46,-267
2026-08-22T00:26:44.445455+00:00,1787358391,11692,364 Langley Centre/Scottsdale,15252700,7094,47,-279
2026-08-22T00:26:44.445455+00:00,1787358391,11692,364 Langley Centre/Scottsdale,15252713,9291,4,-56
2026-08-22T00:26:44.445455+00:00,1787358391,11692,364 Langley Centre/Scottsdale,15252713,9292,5,-71
2026-08-22T00:26:44.445455+00:00,1787358391,11692,364 Langley Centre/Scottsdale,15252713,11264,6,-76
2026-08-22T00:26:44.445455+00:00,1787358391,11692,364 Langley Centre/Scottsdale,15252713,9303,7,-71
2026-08-22T00:26:44.445455+00:00,1787358391,11692,364 Langley Centre/Scottsdale,15252713,9304,8,-88
2026-08-22T00:26:44.445455+00:00,1787358391,11692,364 Langley Centre/Scottsdale,15252713,6475,9,-60
2026-08-22T00:26:44.445455+00:00,1787358391,11692,364 Langley Centre/Scottsdale,15252713,6476,10,-92
2026-08-22T00:26:44.445455+00:00,1787358391,11692,364 Langley Centre/Scottsdale,15252713,5381,11,-111
2026-08-22T00:26:44.445455+00:00,1787358391,11692,364 Langley Centre/Scottsdale,15252713,12496,12,-123
2026-08-22T00:26:44.445455+00:00,1787358391,11692,364 Langley Centre/Scottsdale,15252713,5382,13,-146
2026-08-22T00:26:44.445455+00:00,1787358391,11692,364 Langley Centre/Scottsdale,15252713,12516,14,16
2026-08-22T00:26:44.445455+00:00,1787358391,11692,364 Langley Centre/Scottsdale,15252713,10257,15,-32
2026-08-22T00:26:44.445455+00:00,1787358391,11692,364 Langley Centre/Scottsdale,15252713,10258,16,-47
2026-08-22T00:26:44.445455+00:00,1787358391,11692,364 Langley Centre/Scottsdale,15252713,10259,17,-100
2026-08-22T00:26:44.445455+00:00,1787358391,11692,364 Langley Centre/Scottsdale,15252713,10260,18,0
2026-08-22T00:26:44.445455+00:00,1787358391,11692,364 Langley Centre/Scottsdale,15252713,10729,19,-50
2026-08-22T00:26:44.445455+00:00,1787358391,11692,364 Langley Centre/Scottsdale,15252713,13067,20,-73
2026-08-22T00:26:44.445455+00:00,1787358391,11692,364 Langley Centre/Scottsdale,15252713,10633,21,-93
2026-08-22T00:26:44.445455+00:00,1787358391,11692,364 Langley Centre/Scottsdale,15252713,10149,22,4
2026-08-22T00:26:44.445455+00:00,1787358391,11692,364 Langley Centre/Scottsdale,15252713,10587,23,-15
2026-08-22T00:26:44.445455+00:00,1787358391,11692,364 Langley Centre/Scottsdale,15252713,10261,24,-54
2026-08-22T00:26:44.445455+00:00,1787358391,11692,364 Langley Centre/Scottsdale,15252713,10586,25,-92
2026-08-22T00:26:44.445455+00:00,1787358391,11692,364 Langley Centre/Scottsdale,15252713,9547,26,-59
2026-08-22T00:26:44.445455+00:00,1787358391,11692,364 Langley Centre/Scottsdale,15252713,9526,27,-91
2026-08-22T00:26:44.445455+00:00,1787358391,11692,364 Langley Centre/Scottsdale,15252713,12646,28,-106
2026-08-22T00:26:44.445455+00:00,1787358391,11692,364 Langley Centre/Scottsdale,15252713,11075,29,-133
2026-08-22T00:26:44.445455+00:00,1787358391,11692,364 Langley Centre/Scottsdale,15252713,11174,30,-162
2026-08-22T00:26:44.445455+00:00,1787358391,11692,364 Langley Centre/Scottsdale,15252713,11175,31,-195
2026-08-22T00:26:44.445455+00:00,1787358391,11692,364 Langley Centre/Scottsdale,15252713,11123,32,-164
2026-08-22T00:26:44.445455+00:00,1787358391,11692,364 Langley Centre/Scottsdale,15252713,11176,33,-166
2026-08-22T00:26:44.445455+00:00,1787358391,11692,364 Langley Centre/Scottsdale,15252713,11177,34,-197
2026-08-22T00:26:44.445455+00:00,1787358391,11692,364 Langley Centre/Scottsdale,15252713,11178,35,-228
2026-08-22T00:26:44.445455+00:00,1787358391,11692,364 Langley Centre/Scottsdale,15252713,6459,36,-147
2026-08-22T00:26:44.445455+00:00,1787358391,11692,364 Langley Centre/Scottsdale,15252713,6460,37,-157
2026-08-22T00:26:44.445455+00:00,1787358391,11692,364 Langley Centre/Scottsdale,15252713,5621,38,-156
2026-08-22T00:26:44.445455+00:00,1787358391,11692,364 Langley Centre/Scottsdale,15252713,5622,39,-181
2026-08-22T00:26:44.445455+00:00,1787358391,11692,364 Langley Centre/Scottsdale,15252713,11122,40,-167
2026-08-22T00:26:44.445455+00:00,1787358391,11692,364 Langley Centre/Scottsdale,15252713,11155,41,-181
2026-08-22T00:26:44.445455+00:00,1787358391,11692,364 Langley Centre/Scottsdale,15252713,11143,42,-192
2026-08-22T00:26:44.445455+00:00,1787358391,11692,364 Langley Centre/Scottsdale,15252713,11141,43,-226
2026-08-22T00:26:44.445455+00:00,1787358391,11692,364 Langley Centre/Scottsdale,15252713,4936,44,-218
2026-08-22T00:26:44.445455+00:00,1787358391,11692,364 Langley Centre/Scottsdale,15252713,4937,45,-240
2026-08-22T00:26:44.445455+00:00,1787358391,11692,364 Langley Centre/Scottsdale,15252713,4938,46,-267
2026-08-22T00:26:44.445455+00:00,1787358391,11692,364 Langley Centre/Scottsdale,15252713,5229,47,-266
2026-08-22T00:26:44.445455+00:00,1787358391,11692,364 Langley Centre/Scottsdale,15252713,4917,48,-216
2026-08-22T00:26:44.445455+00:00,1787358391,11692,364 Langley Centre/Scottsdale,15252714,10258,16,-99
2026-08-22T00:26:44.445455+00:00,1787358391,11692,364 Langley Centre/Scottsdale,15252714,10259,17,-156
2026-08-22T00:26:44.445455+00:00,1787358391,11692,364 Langley Centre/Scottsdale,15252714,10260,18,0
2026-08-22T00:26:44.445455+00:00,1787358391,11692,364 Langley Centre/Scottsdale,15252714,10729,19,-55
2026-08-22T00:26:44.445455+00:00,1787358391,11692,364 Langley Centre/Scottsdale,15252714,13067,20,-80
2026-08-22T00:26:44.445455+00:00,1787358391,11692,364 Langley Centre/Scottsdale,15252714,10633,21,-103
2026-08-22T00:26:44.445455+00:00,1787358391,11692,364 Langley Centre/Scottsdale,15252714,10149,22,-8
2026-08-22T00:26:44.445455+00:00,1787358391,11692,364 Langley Centre/Scottsdale,15252714,10587,23,-30
2026-08-22T00:26:44.445455+00:00,1787358391,11692,364 Langley Centre/Scottsdale,15252714,10261,24,-73
2026-08-22T00:26:44.445455+00:00,1787358391,11692,364 Langley Centre/Scottsdale,15252714,10586,25,-114
2026-08-22T00:26:44.445455+00:00,1787358391,11692,364 Langley Centre/Scottsdale,15252714,9547,26,-85
2026-08-22T00:26:44.445455+00:00,1787358391,11692,364 Langley Centre/Scottsdale,15252714,9526,27,-122
2026-08-22T00:26:44.445455+00:00,1787358391,11692,364 Langley Centre/Scottsdale,15252714,12646,28,-139
2026-08-22T00:26:44.445455+00:00,1787358391,11692,364 Langley Centre/Scottsdale,15252714,11075,29,-182
2026-08-22T00:26:44.445455+00:00,1787358391,11692,364 Langley Centre/Scottsdale,15252714,11174,30,-213
2026-08-22T00:26:44.445455+00:00,1787358391,11692,364 Langley Centre/Scottsdale,15252714,11175,31,-249
2026-08-22T00:26:44.445455+00:00,1787358391,11692,364 Langley Centre/Scottsdale,15252714,11123,32,-203
2026-08-22T00:26:44.445455+00:00,1787358391,11692,364 Langley Centre/Scottsdale,15252714,11176,33,-211
2026-08-22T00:26:44.445455+00:00,1787358391,11692,364 Langley Centre/Scottsdale,15252714,11177,34,-243
2026-08-22T00:26:44.445455+00:00,1787358391,11692,364 Langley Centre/Scottsdale,15252714,11178,35,-275
2026-08-22T00:26:44.445455+00:00,1787358391,11692,364 Langley Centre/Scottsdale,15252714,6459,36,-188
2026-08-22T00:26:44.445455+00:00,1787358391,11692,364 Langley Centre/Scottsdale,15252714,6460,37,-199
2026-08-22T00:26:44.445455+00:00,1787358391,11692,364 Langley Centre/Scottsdale,15252714,5621,38,-201
2026-08-22T00:26:44.445455+00:00,1787358391,11692,364 Langley Centre/Scottsdale,15252714,5622,39,-229
2026-08-22T00:26:44.445455+00:00,1787358391,11692,364 Langley Centre/Scottsdale,15252714,11122,40,-218
2026-08-22T00:26:44.445455+00:00,1787358391,11692,364 Langley Centre/Scottsdale,15252714,11155,41,-235
2026-08-22T00:26:44.445455+00:00,1787358391,11692,364 Langley Centre/Scottsdale,15252714,11143,42,-249
2026-08-22T00:26:44.445455+00:00,1787358391,11692,364 Langley Centre/Scottsdale,15252714,11141,43,-285
2026-08-22T00:26:44.445455+00:00,1787358391,11692,364 Langley Centre/Scottsdale,15252714,4936,44,-281
2026-08-22T00:26:44.445455+00:00,1787358391,11692,364 Langley Centre/Scottsdale,15252714,4937,45,-307
2026-08-22T00:26:44.445455+00:00,1787358391,11692,364 Langley Centre/Scottsdale,15252714,4938,46,-336
2026-08-22T00:26:44.445455+00:00,1787358391,11692,364 Langley Centre/Scottsdale,15252714,5229,47,-344
2026-08-22T00:26:44.445455+00:00,1787358391,11692,364 Langley Centre/Scottsdale,15252714,4917,48,-299
2026-08-22T00:26:44.445455+00:00,1787358391,11692,364 Langley Centre/Scottsdale,15252715,11123,32,-98
2026-08-22T00:26:44.445455+00:00,1787358391,11692,364 Langley Centre/Scottsdale,15252715,11176,33,-102
2026-08-22T00:26:44.445455+00:00,1787358391,11692,364 Langley Centre/Scottsdale,15252715,11177,34,-135
2026-08-22T00:26:44.445455+00:00,1787358391,11692,364 Langley Centre/Scottsdale,15252715,11178,35,-168
2026-08-22T00:26:44.445455+00:00,1787358391,11692,364 Langley Centre/Scottsdale,15252715,6459,36,-82
2026-08-22T00:26:44.445455+00:00,1787358391,11692,364 Langley Centre/Scottsdale,15252715,6460,37,-96
2026-08-22T00:26:44.445455+00:00,1787358391,11692,364 Langley Centre/Scottsdale,15252715,5621,38,-97
2026-08-22T00:26:44.445455+00:00,1787358391,11692,364 Langley Centre/Scottsdale,15252715,5622,39,-125
2026-08-22T00:26:44.445455+00:00,1787358391,11692,364 Langley Centre/Scottsdale,15252715,11122,40,-94
2026-08-22T00:26:44.445455+00:00,1787358391,11692,364 Langley Centre/Scottsdale,15252715,11155,41,-113
2026-08-22T00:26:44.445455+00:00,1787358391,11692,364 Langley Centre/Scottsdale,15252715,11143,42,-125
2026-08-22T00:26:44.445455+00:00,1787358391,11692,364 Langley Centre/Scottsdale,15252715,11141,43,-162
2026-08-22T00:26:44.445455+00:00,1787358391,11692,364 Langley Centre/Scottsdale,15252715,4936,44,-156
2026-08-22T00:26:44.445455+00:00,1787358391,11692,364 Langley Centre/Scottsdale,15252715,4937,45,-182
2026-08-22T00:26:44.445455+00:00,1787358391,11692,364 Langley Centre/Scottsdale,15252715,4938,46,-209
2026-08-22T00:26:44.445455+00:00,1787358391,11692,364 Langley Centre/Scottsdale,15252715,5229,47,-211
2026-08-22T00:26:44.445455+00:00,1787358391,11692,364 Langley Centre/Scottsdale,15252715,4917,48,-154
2026-08-22T00:26:44.445455+00:00,1787358391,11692,364 Langley Centre/Scottsdale,15252751,5229,47,-432
2026-08-22T00:26:44.445455+00:00,1787358391,11692,364 Langley Centre/Scottsdale,15252751,4917,48,-377
2026-08-22T00:26:44.445455+00:00,1787358391,11692,364 Langley Centre/Scottsdale,15252752,10261,24,46
2026-08-22T00:26:44.445455+00:00,1787358391,11692,364 Langley Centre/Scottsdale,15252752,10586,25,5
2026-08-22T00:26:44.445455+00:00,1787358391,11692,364 Langley Centre/Scottsdale,15252752,9547,26,34
2026-08-22T00:26:44.445455+00:00,1787358391,11692,364 Langley Centre/Scottsdale,15252752,9526,27,0
2026-08-22T00:26:44.445455+00:00,1787358391,11692,364 Langley Centre/Scottsdale,15252752,12646,28,-17
2026-08-22T00:26:44.445455+00:00,1787358391,11692,364 Langley Centre/Scottsdale,15252752,11075,29,-60
2026-08-22T00:26:44.445455+00:00,1787358391,11692,364 Langley Centre/Scottsdale,15252752,11174,30,-91
2026-08-22T00:26:44.445455+00:00,1787358391,11692,364 Langley Centre/Scottsdale,15252752,11175,31,-126
2026-08-22T00:26:44.445455+00:00,1787358391,11692,364 Langley Centre/Scottsdale,15252752,11123,32,-82
2026-08-22T00:26:44.445455+00:00,1787358391,11692,364 Langley Centre/Scottsdale,15252752,11176,33,-87
2026-08-22T00:26:44.445455+00:00,1787358391,11692,364 Langley Centre/Scottsdale,15252752,11177,34,-119
2026-08-22T00:26:44.445455+00:00,1787358391,11692,364 Langley Centre/Scottsdale,15252752,11178,35,-151
2026-08-22T00:26:44.445455+00:00,1787358391,11692,364 Langley Centre/Scottsdale,15252752,6459,36,-65
2026-08-22T00:26:44.445455+00:00,1787358391,11692,364 Langley Centre/Scottsdale,15252752,6460,37,-79
2026-08-22T00:26:44.445455+00:00,1787358391,11692,364 Langley Centre/Scottsdale,15252752,5621,38,-81
2026-08-22T00:26:44.445455+00:00,1787358391,11692,364 Langley Centre/Scottsdale,15252752,5622,39,-109
2026-08-22T00:26:44.445455+00:00,1787358391,11692,364 Langley Centre/Scottsdale,15252752,11122,40,-78
2026-08-22T00:26:44.445455+00:00,1787358391,11692,364 Langley Centre/Scottsdale,15252752,11155,41,-97
2026-08-22T00:26:44.445455+00:00,1787358391,11692,364 Langley Centre/Scottsdale,15252752,11143,42,-110
2026-08-22T00:26:44.445455+00:00,1787358391,11692,364 Langley Centre/Scottsdale,15252752,11141,43,-147
2026-08-22T00:26:44.445455+00:00,1787358391,11692,364 Langley Centre/Scottsdale,15252752,4936,44,-141
2026-08-22T00:26:44.445455+00:00,1787358391,11692,364 Langley Centre/Scottsdale,15252752,4937,45,-167
2026-08-22T00:26:44.445455+00:00,1787358391,11692,364 Langley Centre/Scottsdale,15252752,4938,46,-194
2026-08-22T00:26:44.445455+00:00,1787358391,11692,364 Langley Centre/Scottsdale,15252752,5229,47,-197
2026-08-22T00:26:44.445455+00:00,1787358391,11692,364 Langley Centre/Scottsdale,15252752,4917,48,-139
2026-08-22T00:26:44.445455+00:00,1787358391,18705,531 WhiteRock/WillowBrook,15259155,11264,49,-60
2026-08-22T00:26:44.445455+00:00,1787358391,18705,531 WhiteRock/WillowBrook,15259155,9303,50,-62
2026-08-22T00:26:44.445455+00:00,1787358391,18705,531 WhiteRock/WillowBrook,15259155,9304,51,-67
2026-08-22T00:26:44.445455+00:00,1787358391,18705,531 WhiteRock/WillowBrook,15259155,6475,52,-18
2026-08-22T00:26:44.445455+00:00,1787358391,18705,531 WhiteRock/WillowBrook,15259155,6476,53,-28
2026-08-22T00:26:44.445455+00:00,1787358391,18705,531 WhiteRock/WillowBrook,15259155,5335,54,-20
2026-08-22T00:26:44.445455+00:00,1787358391,18705,531 WhiteRock/WillowBrook,15259155,7100,55,19
2026-08-22T00:26:44.445455+00:00,1787358391,18705,531 WhiteRock/WillowBrook,15259176,8938,34,-55
2026-08-22T00:26:44.445455+00:00,1787358391,18705,531 WhiteRock/WillowBrook,15259176,7081,35,-55
2026-08-22T00:26:44.445455+00:00,1787358391,18705,531 WhiteRock/WillowBrook,15259176,7082,36,-61
2026-08-22T00:26:44.445455+00:00,1787358391,18705,531 WhiteRock/WillowBrook,15259176,7083,37,-89
2026-08-22T00:26:44.445455+00:00,1787358391,18705,531 WhiteRock/WillowBrook,15259176,7084,38,-108
2026-08-22T00:26:44.445455+00:00,1787358391,18705,531 WhiteRock/WillowBrook,15259176,7085,39,-144
2026-08-22T00:26:44.445455+00:00,1787358391,18705,531 WhiteRock/WillowBrook,15259176,8939,40,-158
2026-08-22T00:26:44.445455+00:00,1787358391,18705,531 WhiteRock/WillowBrook,15259176,7086,41,-170
2026-08-22T00:26:44.445455+00:00,1787358391,18705,531 WhiteRock/WillowBrook,15259176,8940,42,-197
2026-08-22T00:26:44.445455+00:00,1787358391,18705,531 WhiteRock/WillowBrook,15259176,5341,43,-215
2026-08-22T00:26:44.445455+00:00,1787358391,18705,531 WhiteRock/WillowBrook,15259176,5342,44,-217
2026-08-22T00:26:44.445455+00:00,1787358391,18705,531 WhiteRock/WillowBrook,15259176,12293,45,-209
2026-08-22T00:26:44.445455+00:00,1787358391,18705,531 WhiteRock/WillowBrook,15259176,12173,46,-141
2026-08-22T00:26:44.445455+00:00,1787358391,18705,531 WhiteRock/WillowBrook,15259176,9291,47,-167
2026-08-22T00:26:44.445455+00:00,1787358391,18705,531 WhiteRock/WillowBrook,15259176,9292,48,-172
2026-08-22T00:26:44.445455+00:00,1787358391,18705,531 WhiteRock/WillowBrook,15259176,11264,49,-136
2026-08-22T00:26:44.445455+00:00,1787358391,18705,531 WhiteRock/WillowBrook,15259176,9303,50,-108
2026-08-22T00:26:44.445455+00:00,1787358391,18705,531 WhiteRock/WillowBrook,15259176,9304,51,-112
2026-08-22T00:26:44.445455+00:00,1787358391,18705,531 WhiteRock/WillowBrook,15259176,6475,52,-67
2026-08-22T00:26:44.445455+00:00,1787358391,18705,531 WhiteRock/WillowBrook,15259176,6476,53,-76
2026-08-22T00:26:44.445455+00:00,1787358391,18705,531 WhiteRock/WillowBrook,15259176,5335,54,-66
2026-08-22T00:26:44.445455+00:00,1787358391,18705,531 WhiteRock/WillowBrook,15259176,7100,55,-21
2026-08-22T00:26:44.445455+00:00,1787358391,18705,531 WhiteRock/WillowBrook,15259178,12218,16,135
2026-08-22T00:26:44.445455+00:00,1787358391,18705,531 WhiteRock/WillowBrook,15259178,11924,17,69
2026-08-22T00:26:44.445455+00:00,1787358391,18705,531 WhiteRock/WillowBrook,15259178,13131,18,33
2026-08-22T00:26:44.445455+00:00,1787358391,18705,531 WhiteRock/WillowBrook,15259178,11923,19,8
2026-08-22T00:26:44.445455+00:00,1787358391,18705,531 WhiteRock/WillowBrook,15259178,12597,20,-55
2026-08-22T00:26:44.445455+00:00,1787358391,18705,531 WhiteRock/WillowBrook,15259178,11922,21,-69
2026-08-22T00:26:44.445455+00:00,1787358391,18705,531 WhiteRock/WillowBrook,15259178,11744,22,-54
2026-08-22T00:26:44.445455+00:00,1787358391,18705,531 WhiteRock/WillowBrook,15259178,11746,23,-74
2026-08-22T00:26:44.445455+00:00,1787358391,18705,531 WhiteRock/WillowBrook,15259178,11839,24,-69
2026-08-22T00:26:44.445455+00:00,1787358391,18705,531 WhiteRock/WillowBrook,15259178,12922,25,-83
2026-08-22T00:26:44.445455+00:00,1787358391,18705,531 WhiteRock/WillowBrook,15259178,12923,26,-111
2026-08-22T00:26:44.445455+00:00,1787358391,18705,531 WhiteRock/WillowBrook,15259178,12925,27,-115
2026-08-22T00:26:44.445455+00:00,1787358391,18705,531 WhiteRock/WillowBrook,15259178,12928,28,-136
2026-08-22T00:26:44.445455+00:00,1787358391,18705,531 WhiteRock/WillowBrook,15259178,12930,29,-151
2026-08-22T00:26:44.445455+00:00,1787358391,18705,531 WhiteRock/WillowBrook,15259178,13042,30,-163
2026-08-22T00:26:44.445455+00:00,1787358391,18705,531 WhiteRock/WillowBrook,15259178,8936,31,-148
2026-08-22T00:26:44.445455+00:00,1787358391,18705,531 WhiteRock/WillowBrook,15259178,9030,32,-158
2026-08-22T00:26:44.445455+00:00,1787358391,18705,531 WhiteRock/WillowBrook,15259178,8937,33,-176
2026-08-22T00:26:44.445455+00:00,1787358391,18705,531 WhiteRock/WillowBrook,15259178,8938,34,-172
2026-08-22T00:26:44.445455+00:00,1787358391,18705,531 WhiteRock/WillowBrook,15259178,7081,35,-171
2026-08-22T00:26:44.445455+00:00,1787358391,18705,531 WhiteRock/WillowBrook,15259178,7082,36,-177
2026-08-22T00:26:44.445455+00:00,1787358391,18705,531 WhiteRock/WillowBrook,15259178,7083,37,-200
2026-08-22T00:26:44.445455+00:00,1787358391,18705,531 WhiteRock/WillowBrook,15259178,7084,38,-217
2026-08-22T00:26:44.445455+00:00,1787358391,18705,531 WhiteRock/WillowBrook,15259178,7085,39,-249
2026-08-22T00:26:44.445455+00:00,1787358391,18705,531 WhiteRock/WillowBrook,15259178,8939,40,-260
2026-08-22T00:26:44.445455+00:00,1787358391,18705,531 WhiteRock/WillowBrook,15259178,7086,41,-269
2026-08-22T00:26:44.445455+00:00,1787358391,18705,531 WhiteRock/WillowBrook,15259178,8940,42,-291
2026-08-22T00:26:44.445455+00:00,1787358391,18705,531 WhiteRock/WillowBrook,15259178,5341,43,-297
2026-08-22T00:26:44.445455+00:00,1787358391,18705,531 WhiteRock/WillowBrook,15259178,5342,44,-295
2026-08-22T00:26:44.445455+00:00,1787358391,18705,531 WhiteRock/WillowBrook,15259178,12293,45,-285
2026-08-22T00:26:44.445455+00:00,1787358391,18705,531 WhiteRock/WillowBrook,15259178,12173,46,-209
2026-08-22T00:26:44.445455+00:00,1787358391,18705,531 WhiteRock/WillowBrook,15259178,9291,47,-224
2026-08-22T00:26:44.445455+00:00,1787358391,18705,531 WhiteRock/WillowBrook,15259178,9292,48,-225
2026-08-22T00:26:44.445455+00:00,1787358391,18705,531 WhiteRock/WillowBrook,15259178,11264,49,-203
2026-08-22T00:26:44.445455+00:00,1787358391,18705,531 WhiteRock/WillowBrook,15259178,9303,50,-210
2026-08-22T00:26:44.445455+00:00,1787358391,18705,531 WhiteRock/WillowBrook,15259178,9304,51,-219
2026-08-22T00:26:44.445455+00:00,1787358391,18705,531 WhiteRock/WillowBrook,15259178,6475,52,-175
2026-08-22T00:26:44.445455+00:00,1787358391,18705,531 WhiteRock/WillowBrook,15259178,6476,53,-186
2026-08-22T00:26:44.445455+00:00,1787358391,18705,531 WhiteRock/WillowBrook,15259178,5335,54,-178
2026-08-22T00:26:44.445455+00:00,1787358391,18705,531 WhiteRock/WillowBrook,15259178,7100,55,-140
2026-08-22T00:26:44.445455+00:00,1787358391,18705,531 WhiteRock/WillowBrook,15259208,11757,44,212
2026-08-22T00:26:44.445455+00:00,1787358391,18705,531 WhiteRock/WillowBrook,15259208,11735,45,251
2026-08-22T00:26:44.445455+00:00,1787358391,18705,531 WhiteRock/WillowBrook,15259208,11756,46,257
2026-08-22T00:26:44.445455+00:00,1787358391,18705,531 WhiteRock/WillowBrook,15259208,5535,47,286
2026-08-22T00:26:44.445455+00:00,1787358391,18705,531 WhiteRock/WillowBrook,15259208,5536,48,260
2026-08-22T00:26:44.445455+00:00,1787358391,18705,531 WhiteRock/WillowBrook,15259208,5537,49,269
2026-08-22T00:26:44.445455+00:00,1787358391,18705,531 WhiteRock/WillowBrook,15259208,5538,50,263
2026-08-22T00:26:44.445455+00:00,1787358391,18705,531 WhiteRock/WillowBrook,15259208,5539,51,261
2026-08-22T00:26:44.445455+00:00,1787358391,18705,531 WhiteRock/WillowBrook,15259208,5540,52,268
2026-08-22T00:26:44.445455+00:00,1787358391,18705,531 WhiteRock/WillowBrook,15259209,11925,38,-281
2026-08-22T00:26:44.445455+00:00,1787358391,18705,531 WhiteRock/WillowBrook,15259209,12219,39,-315
2026-08-22T00:26:44.445455+00:00,1787358391,18705,531 WhiteRock/WillowBrook,15259209,11741,40,-456
2026-08-22T00:26:44.445455+00:00,1787358391,18705,531 WhiteRock/WillowBrook,15259209,11740,41,-477
2026-08-22T00:26:44.445455+00:00,1787358391,18705,531 WhiteRock/WillowBrook,15259209,11739,42,-428
2026-08-22T00:26:44.445455+00:00,1787358391,18705,531 WhiteRock/WillowBrook,15259209,11737,43,-379
2026-08-22T00:26:44.445455+00:00,1787358391,18705,531 WhiteRock/WillowBrook,15259209,11757,44,-413
2026-08-22T00:26:44.445455+00:00,1787358391,18705,531 WhiteRock/WillowBrook,15259209,11735,45,-374
2026-08-22T00:26:44.445455+00:00,1787358391,18705,531 WhiteRock/WillowBrook,15259209,11756,46,-367
2026-08-22T00:26:44.445455+00:00,1787358391,18705,531 WhiteRock/WillowBrook,15259209,5535,47,-338
2026-08-22T00:26:44.445455+00:00,1787358391,18705,531 WhiteRock/WillowBrook,15259209,5536,48,-366
2026-08-22T00:26:44.445455+00:00,1787358391,18705,531 WhiteRock/WillowBrook,15259209,5537,49,-379
2026-08-22T00:26:44.445455+00:00,1787358391,18705,531 WhiteRock/WillowBrook,15259209,5538,50,-387
2026-08-22T00:26:44.445455+00:00,1787358391,18705,531 WhiteRock/WillowBrook,15259209,5539,51,-380
2026-08-22T00:26:44.445455+00:00,1787358391,18705,531 WhiteRock/WillowBrook,15259209,5540,52,-371
2026-08-22T00:26:44.445455+00:00,1787358391,18705,531 WhiteRock/WillowBrook,15259211,11754,1,0
2026-08-22T00:26:44.445455+00:00,1787358391,18705,531 WhiteRock/WillowBrook,15259211,6473,2,0
2026-08-22T00:26:44.445455+00:00,1787358391,18705,531 WhiteRock/WillowBrook,15259211,6474,3,0
2026-08-22T00:26:44.445455+00:00,1787358391,18705,531 WhiteRock/WillowBrook,15259211,9306,4,0
2026-08-22T00:26:44.445455+00:00,1787358391,18705,531 WhiteRock/WillowBrook,15259211,11125,5,0
2026-08-22T00:26:44.445455+00:00,1787358391,18705,531 WhiteRock/WillowBrook,15259211,9294,6,0
2026-08-22T00:26:44.445455+00:00,1787358391,18705,531 WhiteRock/WillowBrook,15259211,9293,7,0
2026-08-22T00:26:44.445455+00:00,1787358391,18705,531 WhiteRock/WillowBrook,15259211,11126,8,0
2026-08-22T00:26:44.445455+00:00,1787358391,18705,531 WhiteRock/WillowBrook,15259211,7094,9,0
2026-08-22T00:26:44.445455+00:00,1787358391,18705,531 WhiteRock/WillowBrook,15259211,7166,10,0
2026-08-22T00:26:44.445455+00:00,1787358391,18705,531 WhiteRock/WillowBrook,15259211,7092,11,0
2026-08-22T00:26:44.445455+00:00,1787358391,18705,531 WhiteRock/WillowBrook,15259211,10747,12,0
2026-08-22T00:26:44.445455+00:00,1787358391,18705,531 WhiteRock/WillowBrook,15259211,5364,13,0
2026-08-22T00:26:44.445455+00:00,1787358391,18705,531 WhiteRock/WillowBrook,15259211,11775,14,0
2026-08-22T00:26:44.445455+00:00,1787358391,18705,531 WhiteRock/WillowBrook,15259211,7171,15,0
2026-08-22T00:26:44.445455+00:00,1787358391,18705,531 WhiteRock/WillowBrook,15259211,7172,16,0
2026-08-22T00:26:44.445455+00:00,1787358391,18705,531 WhiteRock/WillowBrook,15259211,7173,17,0
2026-08-22T00:26:44.445455+00:00,1787358391,18705,531 WhiteRock/WillowBrook,15259211,7174,18,0
2026-08-22T00:26:44.445455+00:00,1787358391,18705,531 WhiteRock/WillowBrook,15259211,7175,19,0
2026-08-22T00:26:44.445455+00:00,1787358391,18705,531 WhiteRock/WillowBrook,15259211,7176,20,0
2026-08-22T00:26:44.445455+00:00,1787358391,18705,531 WhiteRock/WillowBrook,15259211,7177,21,0
2026-08-22T00:26:44.445455+00:00,1787358391,18705,531 WhiteRock/WillowBrook,15259211,8948,22,0
2026-08-22T00:26:44.445455+00:00,1787358391,18705,531 WhiteRock/WillowBrook,15259211,9031,23,0
2026-08-22T00:26:44.445455+00:00,1787358391,18705,531 WhiteRock/WillowBrook,15259211,12931,24,0
2026-08-22T00:26:44.445455+00:00,1787358391,18705,531 WhiteRock/WillowBrook,15259211,13041,25,0
2026-08-22T00:26:44.445455+00:00,1787358391,18705,531 WhiteRock/WillowBrook,15259211,12929,26,0
2026-08-22T00:26:44.445455+00:00,1787358391,18705,531 WhiteRock/WillowBrook,15259211,12927,27,0
2026-08-22T00:26:44.445455+00:00,1787358391,18705,531 WhiteRock/WillowBrook,15259211,12926,28,0
2026-08-22T00:26:44.445455+00:00,1787358391,18705,531 WhiteRock/WillowBrook,15259211,12924,29,0
2026-08-22T00:26:44.445455+00:00,1787358391,18705,531 WhiteRock/WillowBrook,15259211,11751,30,0
2026-08-22T00:26:44.445455+00:00,1787358391,18705,531 WhiteRock/WillowBrook,15259211,11750,31,0
2026-08-22T00:26:44.445455+00:00,1787358391,18705,531 WhiteRock/WillowBrook,15259211,11747,32,0
2026-08-22T00:26:44.445455+00:00,1787358391,18705,531 WhiteRock/WillowBrook,15259211,11745,33,0
2026-08-22T00:26:44.445455+00:00,1787358391,18705,531 WhiteRock/WillowBrook,15259211,13040,34,0
2026-08-22T00:26:44.445455+00:00,1787358391,18705,531 WhiteRock/WillowBrook,15259211,12598,35,0
2026-08-22T00:26:44.445455+00:00,1787358391,18705,531 WhiteRock/WillowBrook,15259211,11920,36,0
2026-08-22T00:26:44.445455+00:00,1787358391,18705,531 WhiteRock/WillowBrook,15259211,13130,37,0
2026-08-22T00:26:44.445455+00:00,1787358391,18705,531 WhiteRock/WillowBrook,15259211,11925,38,0
2026-08-22T00:26:44.445455+00:00,1787358391,18705,531 WhiteRock/WillowBrook,15259211,12219,39,0
2026-08-22T00:26:44.445455+00:00,1787358391,18705,531 WhiteRock/WillowBrook,15259211,11741,40,0
2026-08-22T00:26:44.445455+00:00,1787358391,18705,531 WhiteRock/WillowBrook,15259211,11740,41,0
2026-08-22T00:26:44.445455+00:00,1787358391,18705,531 WhiteRock/WillowBrook,15259211,11739,42,0
2026-08-22T00:26:44.445455+00:00,1787358391,18705,531 WhiteRock/WillowBrook,15259211,11737,43,0
2026-08-22T00:26:44.445455+00:00,1787358391,18705,531 WhiteRock/WillowBrook,15259211,11757,44,0
2026-08-22T00:26:44.445455+00:00,1787358391,18705,531 WhiteRock/WillowBrook,15259211,11735,45,0
2026-08-22T00:26:44.445455+00:00,1787358391,18705,531 WhiteRock/WillowBrook,15259211,11756,46,0
2026-08-22T00:26:44.445455+00:00,1787358391,18705,531 WhiteRock/WillowBrook,15259211,5535,47,0
2026-08-22T00:26:44.445455+00:00,1787358391,18705,531 WhiteRock/WillowBrook,15259211,5536,48,0
2026-08-22T00:26:44.445455+00:00,1787358391,18705,531 WhiteRock/WillowBrook,15259211,5537,49,0
2026-08-22T00:26:44.445455+00:00,1787358391,18705,531 WhiteRock/WillowBrook,15259211,5538,50,0
2026-08-22T00:26:44.445455+00:00,1787358391,18705,531 WhiteRock/WillowBrook,15259211,5539,51,0
2026-08-22T00:26:44.445455+00:00,1787358391,18705,531 WhiteRock/WillowBrook,15259211,5540,52,0
2026-08-22T00:26:44.445455+00:00,1787358391,18705,531 WhiteRock/WillowBrook,15259222,11775,14,258
2026-08-22T00:26:44.445455+00:00,1787358391,18705,531 WhiteRock/WillowBrook,15259222,7171,15,224
2026-08-22T00:26:44.445455+00:00,1787358391,18705,531 WhiteRock/WillowBrook,15259222,7172,16,183
2026-08-22T00:26:44.445455+00:00,1787358391,18705,531 WhiteRock/WillowBrook,15259222,7173,17,170
2026-08-22T00:26:44.445455+00:00,1787358391,18705,531 WhiteRock/WillowBrook,15259222,7174,18,128
2026-08-22T00:26:44.445455+00:00,1787358391,18705,531 WhiteRock/WillowBrook,15259222,7175,19,114
2026-08-22T00:26:44.445455+00:00,1787358391,18705,531 WhiteRock/WillowBrook,15259222,7176,20,85
2026-08-22T00:26:44.445455+00:00,1787358391,18705,531 WhiteRock/WillowBrook,15259222,7177,21,91
2026-08-22T00:26:44.445455+00:00,1787358391,18705,531 WhiteRock/WillowBrook,15259222,8948,22,63
2026-08-22T00:26:44.445455+00:00,1787358391,18705,531 WhiteRock/WillowBrook,15259222,9031,23,42
2026-08-22T00:26:44.445455+00:00,1787358391,18705,531 WhiteRock/WillowBrook,15259222,12931,24,40
2026-08-22T00:26:44.445455+00:00,1787358391,18705,531 WhiteRock/WillowBrook,15259222,13041,25,5
2026-08-22T00:26:44.445455+00:00,1787358391,18705,531 WhiteRock/WillowBrook,15259222,12929,26,-15
2026-08-22T00:26:44.445455+00:00,1787358391,18705,531 WhiteRock/WillowBrook,15259222,12927,27,-45
2026-08-22T00:26:44.445455+00:00,1787358391,18705,531 WhiteRock/WillowBrook,15259222,12926,28,-55
2026-08-22T00:26:44.445455+00:00,1787358391,18705,531 WhiteRock/WillowBrook,15259222,12924,29,-77
2026-08-22T00:26:44.445455+00:00,1787358391,18705,531 WhiteRock/WillowBrook,15259222,11751,30,-74
2026-08-22T00:26:44.445455+00:00,1787358391,18705,531 WhiteRock/WillowBrook,15259222,11750,31,-124
2026-08-22T00:26:44.445455+00:00,1787358391,18705,531 WhiteRock/WillowBrook,15259222,11747,32,-156
2026-08-22T00:26:44.445455+00:00,1787358391,18705,531 WhiteRock/WillowBrook,15259222,11745,33,-173
2026-08-22T00:26:44.445455+00:00,1787358391,18705,531 WhiteRock/WillowBrook,15259222,13040,34,-182
2026-08-22T00:26:44.445455+00:00,1787358391,18705,531 WhiteRock/WillowBrook,15259222,12598,35,-208
2026-08-22T00:26:44.445455+00:00,1787358391,18705,531 WhiteRock/WillowBrook,15259222,11920,36,-270
2026-08-22T00:26:44.445455+00:00,1787358391,18705,531 WhiteRock/WillowBrook,15259222,13130,37,-308
2026-08-22T00:26:44.445455+00:00,1787358391,18705,531 WhiteRock/WillowBrook,15259222,11925,38,-345
2026-08-22T00:26:44.445455+00:00,1787358391,18705,531 WhiteRock/WillowBrook,15259222,12219,39,-379
2026-08-22T00:26:44.445455+00:00,1787358391,18705,531 WhiteRock/WillowBrook,15259222,11741,40,-523
2026-08-22T00:26:44.445455+00:00,1787358391,18705,531 WhiteRock/WillowBrook,15259222,11740,41,-544
2026-08-22T00:26:44.445455+00:00,1787358391,18705,531 WhiteRock/WillowBrook,15259222,11739,42,-495
2026-08-22T00:26:44.445455+00:00,1787358391,18705,531 WhiteRock/WillowBrook,15259222,11737,43,-447
2026-08-22T00:26:44.445455+00:00,1787358391,18705,531 WhiteRock/WillowBrook,15259222,11757,44,-481
2026-08-22T00:26:44.445455+00:00,1787358391,18705,531 WhiteRock/WillowBrook,15259222,11735,45,-442
2026-08-22T00:26:44.445455+00:00,1787358391,18705,531 WhiteRock/WillowBrook,15259222,11756,46,-438
2026-08-22T00:26:44.445455+00:00,1787358391,18705,531 WhiteRock/WillowBrook,15259222,5535,47,-408
2026-08-22T00:26:44.445455+00:00,1787358391,18705,531 WhiteRock/WillowBrook,15259222,5536,48,-434
2026-08-22T00:26:44.445455+00:00,1787358391,18705,531 WhiteRock/WillowBrook,15259222,5537,49,-451
2026-08-22T00:26:44.445455+00:00,1787358391,18705,531 WhiteRock/WillowBrook,15259222,5538,50,-459
2026-08-22T00:26:44.445455+00:00,1787358391,18705,531 WhiteRock/WillowBrook,15259222,5539,51,-446
2026-08-22T00:26:44.445455+00:00,1787358391,18705,531 WhiteRock/WillowBrook,15259222,5540,52,-438
