captured_at,feed_timestamp,route_id,route_label,trip_id,stop_id,stop_sequence,delay_seconds
2026-08-08T00:01:18.869980+00:00,1786147278,6705,321 Surrey Central/WhiteRock,15247048,11882,56,483
2026-08-08T00:01:18.869980+00:00,1786147278,6705,321 Surrey Central/WhiteRock,15247048,10442,57,566
2026-08-08T00:01:18.869980+00:00,1786147278,6705,321 Surrey Central/WhiteRock,15247048,9929,58,588
2026-08-08T00:01:18.869980+00:00,1786147278,6705,321 Surrey Central/WhiteRock,15247048,9930,59,530
2026-08-08T00:01:18.869980+00:00,1786147278,6705,321 Surrey Central/WhiteRock,15247048,9932,60,433
2026-08-08T00:01:18.869980+00:00,1786147278,6705,321 Surrey Central/WhiteRock,15247049,5041,54,-12
2026-08-08T00:01:18.869980+00:00,1786147278,6705,321 Surrey Central/WhiteRock,15247049,12155,55,1
2026-08-08T00:01:18.869980+00:00,1786147278,6705,321 Surrey Central/WhiteRock,15247049,11882,56,23
2026-08-08T00:01:18.869980+00:00,1786147278,6705,321 Surrey Central/WhiteRock,15247049,10442,57,106
2026-08-08T00:01:18.869980+00:00,1786147278,6705,321 Surrey Central/WhiteRock,15247049,9929,58,128
2026-08-08T00:01:18.869980+00:00,1786147278,6705,321 Surrey Central/WhiteRock,15247049,9930,59,70
2026-08-08T00:01:18.869980+00:00,1786147278,6705,321 Surrey Central/WhiteRock,15247049,9932,60,-27
2026-08-08T00:01:18.869980+00:00,1786147278,6705,321 Surrey Central/WhiteRock,15247050,5467,41,297
2026-08-08T00:01:18.869980+00:00,1786147278,6705,321 Surrey Central/WhiteRock,15247050,5468,42,271
2026-08-08T00:01:18.869980+00:00,1786147278,6705,321 Surrey Central/WhiteRock,15247050,5469,43,235
2026-08-08T00:01:18.869980+00:00,1786147278,6705,321 Surrey Central/WhiteRock,15247050,5470,44,208
2026-08-08T00:01:18.869980+00:00,1786147278,6705,321 Surrey Central/WhiteRock,15247050,5471,45,173
2026-08-08T00:01:18.869980+00:00,1786147278,6705,321 Surrey Central/WhiteRock,15247050,5472,46,148
2026-08-08T00:01:18.869980+00:00,1786147278,6705,321 Surrey Central/WhiteRock,15247050,5473,47,100
2026-08-08T00:01:18.869980+00:00,1786147278,6705,321 Surrey Central/WhiteRock,15247050,5474,48,94
2026-08-08T00:01:18.869980+00:00,1786147278,6705,321 Surrey Central/WhiteRock,15247050,5475,49,46
2026-08-08T00:01:18.869980+00:00,1786147278,6705,321 Surrey Central/WhiteRock,15247050,5476,50,18
2026-08-08T00:01:18.869980+00:00,1786147278,6705,321 Surrey Central/WhiteRock,15247050,5477,51,-5
2026-08-08T00:01:18.869980+00:00,1786147278,6705,321 Surrey Central/WhiteRock,15247050,11725,52,-30
2026-08-08T00:01:18.869980+00:00,1786147278,6705,321 Surrey Central/WhiteRock,15247050,5040,53,-9
2026-08-08T00:01:18.869980+00:00,1786147278,6705,321 Surrey Central/WhiteRock,15247050,5041,54,-3
2026-08-08T00:01:18.869980+00:00,1786147278,6705,321 Surrey Central/WhiteRock,15247050,12155,55,10
2026-08-08T00:01:18.869980+00:00,1786147278,6705,321 Surrey Central/WhiteRock,15247050,11882,56,35
2026-08-08T00:01:18.869980+00:00,1786147278,6705,321 Surrey Central/WhiteRock,15247050,10442,57,117
2026-08-08T00:01:18.869980+00:00,1786147278,6705,321 Surrey Central/WhiteRock,15247050,9929,58,138
2026-08-08T00:01:18.869980+00:00,1786147278,6705,321 Surrey Central/WhiteRock,15247050,9930,59,80
2026-08-08T00:01:18.869980+00:00,1786147278,6705,321 Surrey Central/WhiteRock,15247050,9932,60,-18
2026-08-08T00:01:18.869980+00:00,1786147278,6705,321 Surrey Central/WhiteRock,15247051,5463,37,43
2026-08-08T00:01:18.869980+00:00,1786147278,6705,321 Surrey Central/WhiteRock,15247051,5700,38,157
2026-08-08T00:01:18.869980+00:00,1786147278,6705,321 Surrey Central/WhiteRock,15247051,5465,39,171
2026-08-08T00:01:18.869980+00:00,1786147278,6705,321 Surrey Central/WhiteRock,15247051,5466,40,125
2026-08-08T00:01:18.869980+00:00,1786147278,6705,321 Surrey Central/WhiteRock,15247051,5467,41,135
2026-08-08T00:01:18.869980+00:00,1786147278,6705,321 Surrey Central/WhiteRock,15247051,5468,42,109
2026-08-08T00:01:18.869980+00:00,1786147278,6705,321 Surrey Central/WhiteRock,15247051,5469,43,63
2026-08-08T00:01:18.869980+00:00,1786147278,6705,321 Surrey Central/WhiteRock,15247051,5470,44,36
2026-08-08T00:01:18.869980+00:00,1786147278,6705,321 Surrey Central/WhiteRock,15247051,5471,45,1
2026-08-08T00:01:18.869980+00:00,1786147278,6705,321 Surrey Central/WhiteRock,15247051,5472,46,-26
2026-08-08T00:01:18.869980+00:00,1786147278,6705,321 Surrey Central/WhiteRock,15247051,5473,47,-74
2026-08-08T00:01:18.869980+00:00,1786147278,6705,321 Surrey Central/WhiteRock,15247051,5474,48,-80
2026-08-08T00:01:18.869980+00:00,1786147278,6705,321 Surrey Central/WhiteRock,15247051,5475,49,-128
2026-08-08T00:01:18.869980+00:00,1786147278,6705,321 Surrey Central/WhiteRock,15247051,5476,50,-161
2026-08-08T00:01:18.869980+00:00,1786147278,6705,321 Surrey Central/WhiteRock,15247051,5477,51,-184
2026-08-08T00:01:18.869980+00:00,1786147278,6705,321 Surrey Central/WhiteRock,15247051,11725,52,-209
2026-08-08T00:01:18.869980+00:00,1786147278,6705,321 Surrey Central/WhiteRock,15247051,5040,53,-187
2026-08-08T00:01:18.869980+00:00,1786147278,6705,321 Surrey Central/WhiteRock,15247051,5041,54,-181
2026-08-08T00:01:18.869980+00:00,1786147278,6705,321 Surrey Central/WhiteRock,15247051,12155,55,-169
2026-08-08T00:01:18.869980+00:00,1786147278,6705,321 Surrey Central/WhiteRock,15247051,11882,56,0
2026-08-08T00:01:18.869980+00:00,1786147278,6705,321 Surrey Central/WhiteRock,15247051,10442,57,94
2026-08-08T00:01:18.869980+00:00,1786147278,6705,321 Surrey Central/WhiteRock,15247051,9929,58,123
2026-08-08T00:01:18.869980+00:00,1786147278,6705,321 Surrey Central/WhiteRock,15247051,9930,59,73
2026-08-08T00:01:18.869980+00:00,1786147278,6705,321 Surrey Central/WhiteRock,15247051,9932,60,-13
2026-08-08T00:01:18.869980+00:00,1786147278,6705,321 Surrey Central/WhiteRock,15247052,5442,15,12
2026-08-08T00:01:18.869980+00:00,1786147278,6705,321 Surrey Central/WhiteRock,15247052,5444,16,19
2026-08-08T00:01:18.869980+00:00,1786147278,6705,321 Surrey Central/WhiteRock,15247052,9083,17,-8
2026-08-08T00:01:18.869980+00:00,1786147278,6705,321 Surrey Central/WhiteRock,15247052,5446,18,5
2026-08-08T00:01:18.869980+00:00,1786147278,6705,321 Surrey Central/WhiteRock,15247052,10445,19,-3
2026-08-08T00:01:18.869980+00:00,1786147278,6705,321 Surrey Central/WhiteRock,15247052,5447,20,-40
2026-08-08T00:01:18.869980+00:00,1786147278,6705,321 Surrey Central/WhiteRock,15247052,5448,21,-35
2026-08-08T00:01:18.869980+00:00,1786147278,6705,321 Surrey Central/WhiteRock,15247052,10437,22,-35
2026-08-08T00:01:18.869980+00:00,1786147278,6705,321 Surrey Central/WhiteRock,15247052,5449,23,-91
2026-08-08T00:01:18.869980+00:00,1786147278,6705,321 Surrey Central/WhiteRock,15247052,11313,24,-133
2026-08-08T00:01:18.869980+00:00,1786147278,6705,321 Surrey Central/WhiteRock,15247052,10808,25,-282
2026-08-08T00:01:18.869980+00:00,1786147278,6705,321 Surrey Central/WhiteRock,15247052,5452,26,-344
2026-08-08T00:01:18.869980+00:00,1786147278,6705,321 Surrey Central/WhiteRock,15247052,11913,27,-363
2026-08-08T00:01:18.869980+00:00,1786147278,6705,321 Surrey Central/WhiteRock,15247052,5454,28,-374
2026-08-08T00:01:18.869980+00:00,1786147278,6705,321 Surrey Central/WhiteRock,15247052,5455,29,-377
2026-08-08T00:01:18.869980+00:00,1786147278,6705,321 Surrey Central/WhiteRock,15247052,5456,30,-266
2026-08-08T00:01:18.869980+00:00,1786147278,6705,321 Surrey Central/WhiteRock,15247052,12651,31,-296
2026-08-08T00:01:18.869980+00:00,1786147278,6705,321 Surrey Central/WhiteRock,15247052,5458,32,-298
2026-08-08T00:01:18.869980+00:00,1786147278,6705,321 Surrey Central/WhiteRock,15247052,5459,33,-290
2026-08-08T00:01:18.869980+00:00,1786147278,6705,321 Surrey Central/WhiteRock,15247052,5460,34,-298
2026-08-08T00:01:18.869980+00:00,1786147278,6705,321 Surrey Central/WhiteRock,15247052,5461,35,-307
2026-08-08T00:01:18.869980+00:00,1786147278,6705,321 Surrey Central/WhiteRock,15247052,5462,36,-313
2026-08-08T00:01:18.869980+00:00,1786147278,6705,321 Surrey Central/WhiteRock,15247052,5463,37,-256
2026-08-08T00:01:18.869980+00:00,1786147278,6705,321 Surrey Central/WhiteRock,15247052,5700,38,0
2026-08-08T00:01:18.869980+00:00,1786147278,6705,321 Surrey Central/WhiteRock,15247052,5465,39,10
2026-08-08T00:01:18.869980+00:00,1786147278,6705,321 Surrey Central/WhiteRock,15247052,5466,40,-37
2026-08-08T00:01:18.869980+00:00,1786147278,6705,321 Surrey Central/WhiteRock,15247052,5467,41,-27
2026-08-08T00:01:18.869980+00:00,1786147278,6705,321 Surrey Central/WhiteRock,15247052,5468,42,-56
2026-08-08T00:01:18.869980+00:00,1786147278,6705,321 Surrey Central/WhiteRock,15247052,5469,43,-97
2026-08-08T00:01:18.869980+00:00,1786147278,6705,321 Surrey Central/WhiteRock,15247052,5470,44,-124
2026-08-08T00:01:18.869980+00:00,1786147278,6705,321 Surrey Central/WhiteRock,15247052,5471,45,-158
2026-08-08T00:01:18.869980+00:00,1786147278,6705,321 Surrey Central/WhiteRock,15247052,5472,46,-183
2026-08-08T00:01:18.869980+00:00,1786147278,6705,321 Surrey Central/WhiteRock,15247052,5473,47,-231
2026-08-08T00:01:18.869980+00:00,1786147278,6705,321 Surrey Central/WhiteRock,15247052,5474,48,-237
2026-08-08T00:01:18.869980+00:00,1786147278,6705,321 Surrey Central/WhiteRock,15247052,5475,49,-286
2026-08-08T00:01:18.869980+00:00,1786147278,6705,321 Surrey Central/WhiteRock,15247052,5476,50,-314
2026-08-08T00:01:18.869980+00:00,1786147278,6705,321 Surrey Central/WhiteRock,15247052,5477,51,-336
2026-08-08T00:01:18.869980+00:00,1786147278,6705,321 Surrey Central/WhiteRock,15247052,11725,52,-362
2026-08-08T00:01:18.869980+00:00,1786147278,6705,321 Surrey Central/WhiteRock,15247052,5040,53,-349
2026-08-08T00:01:18.869980+00:00,1786147278,6705,321 Surrey Central/WhiteRock,15247052,5041,54,-343
2026-08-08T00:01:18.869980+00:00,1786147278,6705,321 Surrey Central/WhiteRock,15247052,12155,55,-331
2026-08-08T00:01:18.869980+00:00,1786147278,6705,321 Surrey Central/WhiteRock,15247052,11882,56,0
2026-08-08T00:01:18.869980+00:00,1786147278,6705,321 Surrey Central/WhiteRock,15247052,10442,57,92
2026-08-08T00:01:18.869980+00:00,1786147278,6705,321 Surrey Central/WhiteRock,15247052,9929,58,104
2026-08-08T00:01:18.869980+00:00,1786147278,6705,321 Surrey Central/WhiteRock,15247052,9930,59,56
2026-08-08T00:01:18.869980+00:00,1786147278,6705,321 Surrey Central/WhiteRock,15247052,9932,60,-28
2026-08-08T00:01:18.869980+00:00,1786147278,6705,321 Surrey Central/WhiteRock,15247053,6174,9,-280
2026-08-08T00:01:18.869980+00:00,1786147278,6705,321 Surrey Central/WhiteRock,15247053,5437,10,-261
2026-08-08T00:01:18.869980+00:00,1786147278,6705,321 Surrey Central/WhiteRock,15247053,5438,11,-266
2026-08-08T00:01:18.869980+00:00,1786147278,6705,321 Surrey Central/WhiteRock,15247053,5439,12,-254
2026-08-08T00:01:18.869980+00:00,1786147278,6705,321 Surrey Central/WhiteRock,15247053,5440,13,-275
2026-08-08T00:01:18.869980+00:00,1786147278,6705,321 Surrey Central/WhiteRock,15247053,5441,14,-262
2026-08-08T00:01:18.869980+00:00,1786147278,6705,321 Surrey Central/WhiteRock,15247053,5442,15,-287
2026-08-08T00:01:18.869980+00:00,1786147278,6705,321 Surrey Central/WhiteRock,15247053,5444,16,-279
2026-08-08T00:01:18.869980+00:00,1786147278,6705,321 Surrey Central/WhiteRock,15247053,9083,17,-306
2026-08-08T00:01:18.869980+00:00,1786147278,6705,321 Surrey Central/WhiteRock,15247053,5446,18,-298
2026-08-08T00:01:18.869980+00:00,1786147278,6705,321 Surrey Central/WhiteRock,15247053,10445,19,-307
2026-08-08T00:01:18.869980+00:00,1786147278,6705,321 Surrey Central/WhiteRock,15247053,5447,20,-344
2026-08-08T00:01:18.869980+00:00,1786147278,6705,321 Surrey Central/WhiteRock,15247053,5448,21,-337
2026-08-08T00:01:18.869980+00:00,1786147278,6705,321 Surrey Central/WhiteRock,15247053,10437,22,-340
2026-08-08T00:01:18.869980+00:00,1786147278,6705,321 Surrey Central/WhiteRock,15247053,5449,23,-396
2026-08-08T00:01:18.869980+00:00,1786147278,6705,321 Surrey Central/WhiteRock,15247053,11313,24,-438
2026-08-08T00:01:18.869980+00:00,1786147278,6705,321 Surrey Central/WhiteRock,15247053,10808,25,-587
2026-08-08T00:01:18.869980+00:00,1786147278,6705,321 Surrey Central/WhiteRock,15247053,5452,26,-649
2026-08-08T00:01:18.869980+00:00,1786147278,6705,321 Surrey Central/WhiteRock,15247053,11913,27,-668
2026-08-08T00:01:18.869980+00:00,1786147278,6705,321 Surrey Central/WhiteRock,15247053,5454,28,-679
2026-08-08T00:01:18.869980+00:00,1786147278,6705,321 Surrey Central/WhiteRock,15247053,5455,29,-682
2026-08-08T00:01:18.869980+00:00,1786147278,6705,321 Surrey Central/WhiteRock,15247053,5456,30,-572
2026-08-08T00:01:18.869980+00:00,1786147278,6705,321 Surrey Central/WhiteRock,15247053,12651,31,-602
2026-08-08T00:01:18.869980+00:00,1786147278,6705,321 Surrey Central/WhiteRock,15247053,5458,32,-605
2026-08-08T00:01:18.869980+00:00,1786147278,6705,321 Surrey Central/WhiteRock,15247053,5459,33,-597
2026-08-08T00:01:18.869980+00:00,1786147278,6705,321 Surrey Central/WhiteRock,15247053,5460,34,-605
2026-08-08T00:01:18.869980+00:00,1786147278,6705,321 Surrey Central/WhiteRock,15247053,5461,35,-614
2026-08-08T00:01:18.869980+00:00,1786147278,6705,321 Surrey Central/WhiteRock,15247053,5462,36,-621
2026-08-08T00:01:18.869980+00:00,1786147278,6705,321 Surrey Central/WhiteRock,15247053,5463,37,-563
2026-08-08T00:01:18.869980+00:00,1786147278,6705,321 Surrey Central/WhiteRock,15247053,5700,38,0
2026-08-08T00:01:18.869980+00:00,1786147278,6705,321 Surrey Central/WhiteRock,15247053,5465,39,13
2026-08-08T00:01:18.869980+00:00,1786147278,6705,321 Surrey Central/WhiteRock,15247053,5466,40,-34
2026-08-08T00:01:18.869980+00:00,1786147278,6705,321 Surrey Central/WhiteRock,15247053,5467,41,-24
2026-08-08T00:01:18.869980+00:00,1786147278,6705,321 Surrey Central/WhiteRock,15247053,5468,42,-53
2026-08-08T00:01:18.869980+00:00,1786147278,6705,321 Surrey Central/WhiteRock,15247053,5469,43,-93
2026-08-08T00:01:18.869980+00:00,1786147278,6705,321 Surrey Central/WhiteRock,15247053,5470,44,-120
2026-08-08T00:01:18.869980+00:00,1786147278,6705,321 Surrey Central/WhiteRock,15247053,5471,45,-154
2026-08-08T00:01:18.869980+00:00,1786147278,6705,321 Surrey Central/WhiteRock,15247053,5472,46,-181
2026-08-08T00:01:18.869980+00:00,1786147278,6705,321 Surrey Central/WhiteRock,15247053,5473,47,-229
2026-08-08T00:01:18.869980+00:00,1786147278,6705,321 Surrey Central/WhiteRock,15247053,5474,48,-235
2026-08-08T00:01:18.869980+00:00,1786147278,6705,321 Surrey Central/WhiteRock,15247053,5475,49,-284
2026-08-08T00:01:18.869980+00:00,1786147278,6705,321 Surrey Central/WhiteRock,15247053,5476,50,-315
2026-08-08T00:01:18.869980+00:00,1786147278,6705,321 Surrey Central/WhiteRock,15247053,5477,51,-337
2026-08-08T00:01:18.869980+00:00,1786147278,6705,321 Surrey Central/WhiteRock,15247053,11725,52,-363
2026-08-08T00:01:18.869980+00:00,1786147278,6705,321 Surrey Central/WhiteRock,15247053,5040,53,-347
2026-08-08T00:01:18.869980+00:00,1786147278,6705,321 Surrey Central/WhiteRock,15247053,5041,54,-341
2026-08-08T00:01:18.869980+00:00,1786147278,6705,321 Surrey Central/WhiteRock,15247053,12155,55,-329
2026-08-08T00:01:18.869980+00:00,1786147278,6705,321 Surrey Central/WhiteRock,15247053,11882,56,0
2026-08-08T00:01:18.869980+00:00,1786147278,6705,321 Surrey Central/WhiteRock,15247053,10442,57,80
2026-08-08T00:01:18.869980+00:00,1786147278,6705,321 Surrey Central/WhiteRock,15247053,9929,58,91
2026-08-08T00:01:18.869980+00:00,1786147278,6705,321 Surrey Central/WhiteRock,15247053,9930,59,41
2026-08-08T00:01:18.869980+00:00,1786147278,6705,321 Surrey Central/WhiteRock,15247053,9932,60,-41
2026-08-08T00:01:18.869980+00:00,1786147278,6705,321 Surrey Central/WhiteRock,15247067,5449,23,10
2026-08-08T00:01:18.869980+00:00,1786147278,6705,321 Surrey Central/WhiteRock,15247067,11313,24,-34
2026-08-08T00:01:18.869980+00:00,1786147278,6705,321 Surrey Central/WhiteRock,15247067,10808,25,-188
2026-08-08T00:01:18.869980+00:00,1786147278,6705,321 Surrey Central/WhiteRock,15247067,5452,26,-257
2026-08-08T00:01:18.869980+00:00,1786147278,6705,321 Surrey Central/WhiteRock,15247067,11913,27,-277
2026-08-08T00:01:18.869980+00:00,1786147278,6705,321 Surrey Central/WhiteRock,15247067,5454,28,-291
2026-08-08T00:01:18.869980+00:00,1786147278,6705,321 Surrey Central/WhiteRock,15247067,5455,29,-293
2026-08-08T00:01:18.869980+00:00,1786147278,6705,321 Surrey Central/WhiteRock,15247067,5456,30,-184
2026-08-08T00:01:18.869980+00:00,1786147278,6705,321 Surrey Central/WhiteRock,15247067,12651,31,-215
2026-08-08T00:01:18.869980+00:00,1786147278,6705,321 Surrey Central/WhiteRock,15247067,5458,32,-217
2026-08-08T00:01:18.869980+00:00,1786147278,6705,321 Surrey Central/WhiteRock,15247067,5459,33,-210
2026-08-08T00:01:18.869980+00:00,1786147278,6705,321 Surrey Central/WhiteRock,15247067,5460,34,-218
2026-08-08T00:01:18.869980+00:00,1786147278,6705,321 Surrey Central/WhiteRock,15247067,5461,35,-228
2026-08-08T00:01:18.869980+00:00,1786147278,6705,321 Surrey Central/WhiteRock,15247067,5462,36,-235
2026-08-08T00:01:18.869980+00:00,1786147278,6705,321 Surrey Central/WhiteRock,15247067,5463,37,-179
2026-08-08T00:01:18.869980+00:00,1786147278,6705,321 Surrey Central/WhiteRock,15247067,5700,38,0
2026-08-08T00:01:18.869980+00:00,1786147278,6705,321 Surrey Central/WhiteRock,15247067,5465,39,10
2026-08-08T00:01:18.869980+00:00,1786147278,6705,321 Surrey Central/WhiteRock,15247067,5466,40,-37
2026-08-08T00:01:18.869980+00:00,1786147278,6705,321 Surrey Central/WhiteRock,15247067,5467,41,-27
2026-08-08T00:01:18.869980+00:00,1786147278,6705,321 Surrey Central/WhiteRock,15247067,5468,42,-54
2026-08-08T00:01:18.869980+00:00,1786147278,6705,321 Surrey Central/WhiteRock,15247067,5469,43,-91
2026-08-08T00:01:18.869980+00:00,1786147278,6705,321 Surrey Central/WhiteRock,15247067,5470,44,-118
2026-08-08T00:01:18.869980+00:00,1786147278,6705,321 Surrey Central/WhiteRock,15247067,5471,45,-153
2026-08-08T00:01:18.869980+00:00,1786147278,6705,321 Surrey Central/WhiteRock,15247067,5472,46,-178
2026-08-08T00:01:18.869980+00:00,1786147278,6705,321 Surrey Central/WhiteRock,15247067,5473,47,-226
2026-08-08T00:01:18.869980+00:00,1786147278,6705,321 Surrey Central/WhiteRock,15247067,5474,48,-232
2026-08-08T00:01:18.869980+00:00,1786147278,6705,321 Surrey Central/WhiteRock,15247067,5475,49,-281
2026-08-08T00:01:18.869980+00:00,1786147278,6705,321 Surrey Central/WhiteRock,15247067,5476,50,-309
2026-08-08T00:01:18.869980+00:00,1786147278,6705,321 Surrey Central/WhiteRock,15247067,5477,51,-331
2026-08-08T00:01:18.869980+00:00,1786147278,6705,321 Surrey Central/WhiteRock,15247067,11725,52,-357
2026-08-08T00:01:18.869980+00:00,1786147278,6705,321 Surrey Central/WhiteRock,15247067,5040,53,-342
2026-08-08T00:01:18.869980+00:00,1786147278,6705,321 Surrey Central/WhiteRock,15247067,5041,54,-337
2026-08-08T00:01:18.869980+00:00,1786147278,6705,321 Surrey Central/WhiteRock,15247067,12155,55,-325
2026-08-08T00:01:18.869980+00:00,1786147278,6705,321 Surrey Central/WhiteRock,15247067,11882,56,0
2026-08-08T00:01:18.869980+00:00,1786147278,6705,321 Surrey Central/WhiteRock,15247067,10442,57,95
2026-08-08T00:01:18.869980+00:00,1786147278,6705,321 Surrey Central/WhiteRock,15247067,9929,58,123
2026-08-08T00:01:18.869980+00:00,1786147278,6705,321 Surrey Central/WhiteRock,15247067,9930,59,73
2026-08-08T00:01:18.869980+00:00,1786147278,6705,321 Surrey Central/WhiteRock,15247067,9932,60,-13
2026-08-08T00:01:18.869980+00:00,1786147278,6705,321 Surrey Central/WhiteRock,15247080,10808,25,449
2026-08-08T00:01:18.869980+00:00,1786147278,6705,321 Surrey Central/WhiteRock,15247080,5452,26,380
2026-08-08T00:01:18.869980+00:00,1786147278,6705,321 Surrey Central/WhiteRock,15247080,11913,27,360
2026-08-08T00:01:18.869980+00:00,1786147278,6705,321 Surrey Central/WhiteRock,15247080,5454,28,346
2026-08-08T00:01:18.869980+00:00,1786147278,6705,321 Surrey Central/WhiteRock,15247080,5455,29,344
2026-08-08T00:01:18.869980+00:00,1786147278,6705,321 Surrey Central/WhiteRock,15247080,5456,30,453
2026-08-08T00:01:18.869980+00:00,1786147278,6705,321 Surrey Central/WhiteRock,15247080,12651,31,422
2026-08-08T00:01:18.869980+00:00,1786147278,6705,321 Surrey Central/WhiteRock,15247080,5458,32,420
2026-08-08T00:01:18.869980+00:00,1786147278,6705,321 Surrey Central/WhiteRock,15247080,5459,33,427
2026-08-08T00:01:18.869980+00:00,1786147278,6705,321 Surrey Central/WhiteRock,15247080,5460,34,419
2026-08-08T00:01:18.869980+00:00,1786147278,6705,321 Surrey Central/WhiteRock,15247080,5461,35,409
2026-08-08T00:01:18.869980+00:00,1786147278,6705,321 Surrey Central/WhiteRock,15247080,5462,36,402
2026-08-08T00:01:18.869980+00:00,1786147278,6705,321 Surrey Central/WhiteRock,15247080,5463,37,458
2026-08-08T00:01:18.869980+00:00,1786147278,6705,321 Surrey Central/WhiteRock,15247080,5700,38,572
2026-08-08T00:01:18.869980+00:00,1786147278,6705,321 Surrey Central/WhiteRock,15247080,5465,39,582
2026-08-08T00:01:18.869980+00:00,1786147278,6705,321 Surrey Central/WhiteRock,15247080,5466,40,535
2026-08-08T00:01:18.869980+00:00,1786147278,6705,321 Surrey Central/WhiteRock,15247080,5467,41,545
2026-08-08T00:01:18.869980+00:00,1786147278,6705,321 Surrey Central/WhiteRock,15247080,5468,42,518
2026-08-08T00:01:18.869980+00:00,1786147278,6705,321 Surrey Central/WhiteRock,15247080,5469,43,481
2026-08-08T00:01:18.869980+00:00,1786147278,6705,321 Surrey Central/WhiteRock,15247080,5470,44,454
2026-08-08T00:01:18.869980+00:00,1786147278,6705,321 Surrey Central/WhiteRock,15247080,5471,45,419
2026-08-08T00:01:18.869980+00:00,1786147278,6705,321 Surrey Central/WhiteRock,15247080,5472,46,394
2026-08-08T00:01:18.869980+00:00,1786147278,6705,321 Surrey Central/WhiteRock,15247080,5473,47,346
2026-08-08T00:01:18.869980+00:00,1786147278,6705,321 Surrey Central/WhiteRock,15247080,5474,48,340
2026-08-08T00:01:18.869980+00:00,1786147278,6705,321 Surrey Central/WhiteRock,15247080,5475,49,291
2026-08-08T00:01:18.869980+00:00,1786147278,6705,321 Surrey Central/WhiteRock,15247080,5476,50,263
2026-08-08T00:01:18.869980+00:00,1786147278,6705,321 Surrey Central/WhiteRock,15247080,5477,51,241
2026-08-08T00:01:18.869980+00:00,1786147278,6705,321 Surrey Central/WhiteRock,15247080,11725,52,215
2026-08-08T00:01:18.869980+00:00,1786147278,6705,321 Surrey Central/WhiteRock,15247080,5040,53,230
2026-08-08T00:01:18.869980+00:00,1786147278,6705,321 Surrey Central/WhiteRock,15247080,5041,54,235
2026-08-08T00:01:18.869980+00:00,1786147278,6705,321 Surrey Central/WhiteRock,15247080,12155,55,247
2026-08-08T00:01:18.869980+00:00,1786147278,6705,321 Surrey Central/WhiteRock,15247080,11882,56,272
2026-08-08T00:01:18.869980+00:00,1786147278,6705,321 Surrey Central/WhiteRock,15247080,10442,57,367
2026-08-08T00:01:18.869980+00:00,1786147278,6705,321 Surrey Central/WhiteRock,15247080,9929,58,395
2026-08-08T00:01:18.869980+00:00,1786147278,6705,321 Surrey Central/WhiteRock,15247080,9930,59,344
2026-08-08T00:01:18.869980+00:00,1786147278,6705,321 Surrey Central/WhiteRock,15247080,9932,60,258
2026-08-08T00:01:18.869980+00:00,1786147278,6705,321 Surrey Central/WhiteRock,15247158,6195,56,127
2026-08-08T00:01:18.869980+00:00,1786147278,6705,321 Surrey Central/WhiteRock,15247159,5524,42,-216
2026-08-08T00:01:18.869980+00:00,1786147278,6705,321 Surrey Central/WhiteRock,15247159,5525,43,-246
2026-08-08T00:01:18.869980+00:00,1786147278,6705,321 Surrey Central/WhiteRock,15247159,10443,44,-274
2026-08-08T00:01:18.869980+00:00,1786147278,6705,321 Surrey Central/WhiteRock,15247159,5528,45,-271
2026-08-08T00:01:18.869980+00:00,1786147278,6705,321 Surrey Central/WhiteRock,15247159,5529,46,-291
2026-08-08T00:01:18.869980+00:00,1786147278,6705,321 Surrey Central/WhiteRock,15247159,5530,47,-308
2026-08-08T00:01:18.869980+00:00,1786147278,6705,321 Surrey Central/WhiteRock,15247159,5533,48,-317
2026-08-08T00:01:18.869980+00:00,1786147278,6705,321 Surrey Central/WhiteRock,15247159,5534,49,-339
2026-08-08T00:01:18.869980+00:00,1786147278,6705,321 Surrey Central/WhiteRock,15247159,5535,50,-301
2026-08-08T00:01:18.869980+00:00,1786147278,6705,321 Surrey Central/WhiteRock,15247159,5536,51,-326
2026-08-08T00:01:18.869980+00:00,1786147278,6705,321 Surrey Central/WhiteRock,15247159,5537,52,-319
2026-08-08T00:01:18.869980+00:00,1786147278,6705,321 Surrey Central/WhiteRock,15247159,5538,53,-328
2026-08-08T00:01:18.869980+00:00,1786147278,6705,321 Surrey Central/WhiteRock,15247159,5541,54,-300
2026-08-08T00:01:18.869980+00:00,1786147278,6705,321 Surrey Central/WhiteRock,15247159,5542,55,-288
2026-08-08T00:01:18.869980+00:00,1786147278,6705,321 Surrey Central/WhiteRock,15247159,6195,56,-262
2026-08-08T00:01:18.869980+00:00,1786147278,6705,321 Surrey Central/WhiteRock,15247160,5513,30,474
2026-08-08T00:01:18.869980+00:00,1786147278,6705,321 Surrey Central/WhiteRock,15247160,5514,31,561
2026-08-08T00:01:18.869980+00:00,1786147278,6705,321 Surrey Central/WhiteRock,15247160,5515,32,552
2026-08-08T00:01:18.869980+00:00,1786147278,6705,321 Surrey Central/WhiteRock,15247160,5516,33,552
2026-08-08T00:01:18.869980+00:00,1786147278,6705,321 Surrey Central/WhiteRock,15247160,5517,34,547
2026-08-08T00:01:18.869980+00:00,1786147278,6705,321 Surrey Central/WhiteRock,15247160,5518,35,553
2026-08-08T00:01:18.869980+00:00,1786147278,6705,321 Surrey Central/WhiteRock,15247160,5519,36,528
2026-08-08T00:01:18.869980+00:00,1786147278,6705,321 Surrey Central/WhiteRock,15247160,5520,37,516
2026-08-08T00:01:18.869980+00:00,1786147278,6705,321 Surrey Central/WhiteRock,15247160,5521,38,300
2026-08-08T00:01:18.869980+00:00,1786147278,6705,321 Surrey Central/WhiteRock,15247160,5522,39,160
2026-08-08T00:01:18.869980+00:00,1786147278,6705,321 Surrey Central/WhiteRock,15247160,5523,40,122
2026-08-08T00:01:18.869980+00:00,1786147278,6705,321 Surrey Central/WhiteRock,15247160,6466,41,98
2026-08-08T00:01:18.869980+00:00,1786147278,6705,321 Surrey Central/WhiteRock,15247160,5524,42,129
2026-08-08T00:01:18.869980+00:00,1786147278,6705,321 Surrey Central/WhiteRock,15247160,5525,43,98
2026-08-08T00:01:18.869980+00:00,1786147278,6705,321 Surrey Central/WhiteRock,15247160,10443,44,70
2026-08-08T00:01:18.869980+00:00,1786147278,6705,321 Surrey Central/WhiteRock,15247160,5528,45,73
2026-08-08T00:01:18.869980+00:00,1786147278,6705,321 Surrey Central/WhiteRock,15247160,5529,46,49
2026-08-08T00:01:18.869980+00:00,1786147278,6705,321 Surrey Central/WhiteRock,15247160,5530,47,32
2026-08-08T00:01:18.869980+00:00,1786147278,6705,321 Surrey Central/WhiteRock,15247160,5533,48,23
2026-08-08T00:01:18.869980+00:00,1786147278,6705,321 Surrey Central/WhiteRock,15247160,5534,49,1
2026-08-08T00:01:18.869980+00:00,1786147278,6705,321 Surrey Central/WhiteRock,15247160,5535,50,16
2026-08-08T00:01:18.869980+00:00,1786147278,6705,321 Surrey Central/WhiteRock,15247160,5536,51,-6
2026-08-08T00:01:18.869980+00:00,1786147278,6705,321 Surrey Central/WhiteRock,15247160,5537,52,1
2026-08-08T00:01:18.869980+00:00,1786147278,6705,321 Surrey Central/WhiteRock,15247160,5538,53,-8
2026-08-08T00:01:18.869980+00:00,1786147278,6705,321 Surrey Central/WhiteRock,15247160,5541,54,19
2026-08-08T00:01:18.869980+00:00,1786147278,6705,321 Surrey Central/WhiteRock,15247160,5542,55,31
2026-08-08T00:01:18.869980+00:00,1786147278,6705,321 Surrey Central/WhiteRock,15247160,6195,56,57
2026-08-08T00:01:18.869980+00:00,1786147278,6705,321 Surrey Central/WhiteRock,15247161,5500,19,73
2026-08-08T00:01:18.869980+00:00,1786147278,6705,321 Surrey Central/WhiteRock,15247161,5501,20,44
2026-08-08T00:01:18.869980+00:00,1786147278,6705,321 Surrey Central/WhiteRock,15247161,5502,21,28
2026-08-08T00:01:18.869980+00:00,1786147278,6705,321 Surrey Central/WhiteRock,15247161,5503,22,9
2026-08-08T00:01:18.869980+00:00,1786147278,6705,321 Surrey Central/WhiteRock,15247161,5504,23,-46
2026-08-08T00:01:18.869980+00:00,1786147278,6705,321 Surrey Central/WhiteRock,15247161,5505,24,-39
2026-08-08T00:01:18.869980+00:00,1786147278,6705,321 Surrey Central/WhiteRock,15247161,5507,25,-35
2026-08-08T00:01:18.869980+00:00,1786147278,6705,321 Surrey Central/WhiteRock,15247161,5633,26,0
2026-08-08T00:01:18.869980+00:00,1786147278,6705,321 Surrey Central/WhiteRock,15247161,5510,27,25
2026-08-08T00:01:18.869980+00:00,1786147278,6705,321 Surrey Central/WhiteRock,15247161,5511,28,17
2026-08-08T00:01:18.869980+00:00,1786147278,6705,321 Surrey Central/WhiteRock,15247161,5512,29,12
2026-08-08T00:01:18.869980+00:00,1786147278,6705,321 Surrey Central/WhiteRock,15247161,5513,30,-2
2026-08-08T00:01:18.869980+00:00,1786147278,6705,321 Surrey Central/WhiteRock,15247161,5514,31,87
2026-08-08T00:01:18.869980+00:00,1786147278,6705,321 Surrey Central/WhiteRock,15247161,5515,32,79
2026-08-08T00:01:18.869980+00:00,1786147278,6705,321 Surrey Central/WhiteRock,15247161,5516,33,90
2026-08-08T00:01:18.869980+00:00,1786147278,6705,321 Surrey Central/WhiteRock,15247161,5517,34,87
2026-08-08T00:01:18.869980+00:00,1786147278,6705,321 Surrey Central/WhiteRock,15247161,5518,35,95
2026-08-08T00:01:18.869980+00:00,1786147278,6705,321 Surrey Central/WhiteRock,15247161,5519,36,72
2026-08-08T00:01:18.869980+00:00,1786147278,6705,321 Surrey Central/WhiteRock,15247161,5520,37,62
2026-08-08T00:01:18.869980+00:00,1786147278,6705,321 Surrey Central/WhiteRock,15247161,5521,38,-147
2026-08-08T00:01:18.869980+00:00,1786147278,6705,321 Surrey Central/WhiteRock,15247161,5522,39,-282
2026-08-08T00:01:18.869980+00:00,1786147278,6705,321 Surrey Central/WhiteRock,15247161,5523,40,-318
2026-08-08T00:01:18.869980+00:00,1786147278,6705,321 Surrey Central/WhiteRock,15247161,6466,41,-334
2026-08-08T00:01:18.869980+00:00,1786147278,6705,321 Surrey Central/WhiteRock,15247161,5524,42,-299
2026-08-08T00:01:18.869980+00:00,1786147278,6705,321 Surrey Central/WhiteRock,15247161,5525,43,-328
2026-08-08T00:01:18.869980+00:00,1786147278,6705,321 Surrey Central/WhiteRock,15247161,10443,44,-355
2026-08-08T00:01:18.869980+00:00,1786147278,6705,321 Surrey Central/WhiteRock,15247161,5528,45,-349
2026-08-08T00:01:18.869980+00:00,1786147278,6705,321 Surrey Central/WhiteRock,15247161,5529,46,-371
2026-08-08T00:01:18.869980+00:00,1786147278,6705,321 Surrey Central/WhiteRock,15247161,5530,47,-386
2026-08-08T00:01:18.869980+00:00,1786147278,6705,321 Surrey Central/WhiteRock,15247161,5533,48,-393
2026-08-08T00:01:18.869980+00:00,1786147278,6705,321 Surrey Central/WhiteRock,15247161,5534,49,-414
2026-08-08T00:01:18.869980+00:00,1786147278,6705,321 Surrey Central/WhiteRock,15247161,5535,50,-393
2026-08-08T00:01:18.869980+00:00,1786147278,6705,321 Surrey Central/WhiteRock,15247161,5536,51,-413
2026-08-08T00:01:18.869980+00:00,1786147278,6705,321 Surrey Central/WhiteRock,15247161,5537,52,-413
2026-08-08T00:01:18.869980+00:00,1786147278,6705,321 Surrey Central/WhiteRock,15247161,5538,53,-419
2026-08-08T00:01:18.869980+00:00,1786147278,6705,321 Surrey Central/WhiteRock,15247161,5541,54,-391
2026-08-08T00:01:18.869980+00:00,1786147278,6705,321 Surrey Central/WhiteRock,15247161,5542,55,-378
2026-08-08T00:01:18.869980+00:00,1786147278,6705,321 Surrey Central/WhiteRock,15247161,6195,56,-347
2026-08-08T00:01:18.869980+00:00,1786147278,6705,321 Surrey Central/WhiteRock,15247162,5046,8,213
2026-08-08T00:01:18.869980+00:00,1786147278,6705,321 Surrey Central/WhiteRock,15247162,5047,9,209
2026-08-08T00:01:18.869980+00:00,1786147278,6705,321 Surrey Central/WhiteRock,15247162,8566,10,172
2026-08-08T00:01:18.869980+00:00,1786147278,6705,321 Surrey Central/WhiteRock,15247162,12916,11,178
2026-08-08T00:01:18.869980+00:00,1786147278,6705,321 Surrey Central/WhiteRock,15247162,5049,12,166
2026-08-08T00:01:18.869980+00:00,1786147278,6705,321 Surrey Central/WhiteRock,15247162,5039,13,146
2026-08-08T00:01:18.869980+00:00,1786147278,6705,321 Surrey Central/WhiteRock,15247162,8351,14,121
2026-08-08T00:01:18.869980+00:00,1786147278,6705,321 Surrey Central/WhiteRock,15247162,5496,15,50
2026-08-08T00:01:18.869980+00:00,1786147278,6705,321 Surrey Central/WhiteRock,15247162,5497,16,4
2026-08-08T00:01:18.869980+00:00,1786147278,6705,321 Surrey Central/WhiteRock,15247162,5498,17,-13
2026-08-08T00:01:18.869980+00:00,1786147278,6705,321 Surrey Central/WhiteRock,15247162,5499,18,-54
2026-08-08T00:01:18.869980+00:00,1786147278,6705,321 Surrey Central/WhiteRock,15247162,5500,19,-77
2026-08-08T00:01:18.869980+00:00,1786147278,6705,321 Surrey Central/WhiteRock,15247162,5501,20,-106
2026-08-08T00:01:18.869980+00:00,1786147278,6705,321 Surrey Central/WhiteRock,15247162,5502,21,-120
2026-08-08T00:01:18.869980+00:00,1786147278,6705,321 Surrey Central/WhiteRock,15247162,5503,22,-142
2026-08-08T00:01:18.869980+00:00,1786147278,6705,321 Surrey Central/WhiteRock,15247162,5504,23,-199
2026-08-08T00:01:18.869980+00:00,1786147278,6705,321 Surrey Central/WhiteRock,15247162,5505,24,-192
2026-08-08T00:01:18.869980+00:00,1786147278,6705,321 Surrey Central/WhiteRock,15247162,5507,25,-189
2026-08-08T00:01:18.869980+00:00,1786147278,6705,321 Surrey Central/WhiteRock,15247162,5633,26,0
2026-08-08T00:01:18.869980+00:00,1786147278,6705,321 Surrey Central/WhiteRock,15247162,5510,27,27
2026-08-08T00:01:18.869980+00:00,1786147278,6705,321 Surrey Central/WhiteRock,15247162,5511,28,18
2026-08-08T00:01:18.869980+00:00,1786147278,6705,321 Surrey Central/WhiteRock,15247162,5512,29,13
2026-08-08T00:01:18.869980+00:00,1786147278,6705,321 Surrey Central/WhiteRock,15247162,5513,30,0
2026-08-08T00:01:18.869980+00:00,1786147278,6705,321 Surrey Central/WhiteRock,15247162,5514,31,89
2026-08-08T00:01:18.869980+00:00,1786147278,6705,321 Surrey Central/WhiteRock,15247162,5515,32,81
2026-08-08T00:01:18.869980+00:00,1786147278,6705,321 Surrey Central/WhiteRock,15247162,5516,33,101
2026-08-08T00:01:18.869980+00:00,1786147278,6705,321 Surrey Central/WhiteRock,15247162,5517,34,106
2026-08-08T00:01:18.869980+00:00,1786147278,6705,321 Surrey Central/WhiteRock,15247162,5518,35,112
2026-08-08T00:01:18.869980+00:00,1786147278,6705,321 Surrey Central/WhiteRock,15247162,5519,36,89
2026-08-08T00:01:18.869980+00:00,1786147278,6705,321 Surrey Central/WhiteRock,15247162,5520,37,79
2026-08-08T00:01:18.869980+00:00,1786147278,6705,321 Surrey Central/WhiteRock,15247162,5521,38,-129
2026-08-08T00:01:18.869980+00:00,1786147278,6705,321 Surrey Central/WhiteRock,15247162,5522,39,-264
2026-08-08T00:01:18.869980+00:00,1786147278,6705,321 Surrey Central/WhiteRock,15247162,5523,40,-300
2026-08-08T00:01:18.869980+00:00,1786147278,6705,321 Surrey Central/WhiteRock,15247162,6466,41,-322
2026-08-08T00:01:18.869980+00:00,1786147278,6705,321 Surrey Central/WhiteRock,15247162,5524,42,-288
2026-08-08T00:01:18.869980+00:00,1786147278,6705,321 Surrey Central/WhiteRock,15247162,5525,43,-317
2026-08-08T00:01:18.869980+00:00,1786147278,6705,321 Surrey Central/WhiteRock,15247162,10443,44,-346
2026-08-08T00:01:18.869980+00:00,1786147278,6705,321 Surrey Central/WhiteRock,15247162,5528,45,-342
2026-08-08T00:01:18.869980+00:00,1786147278,6705,321 Surrey Central/WhiteRock,15247162,5529,46,-366
2026-08-08T00:01:18.869980+00:00,1786147278,6705,321 Surrey Central/WhiteRock,15247162,5530,47,-381
2026-08-08T00:01:18.869980+00:00,1786147278,6705,321 Surrey Central/WhiteRock,15247162,5533,48,-388
2026-08-08T00:01:18.869980+00:00,1786147278,6705,321 Surrey Central/WhiteRock,15247162,5534,49,-408
2026-08-08T00:01:18.869980+00:00,1786147278,6705,321 Surrey Central/WhiteRock,15247162,5535,50,-386
2026-08-08T00:01:18.869980+00:00,1786147278,6705,321 Surrey Central/WhiteRock,15247162,5536,51,-408
2026-08-08T00:01:18.869980+00:00,1786147278,6705,321 Surrey Central/WhiteRock,15247162,5537,52,-416
2026-08-08T00:01:18.869980+00:00,1786147278,6705,321 Surrey Central/WhiteRock,15247162,5538,53,-423
2026-08-08T00:01:18.869980+00:00,1786147278,6705,321 Surrey Central/WhiteRock,15247162,5541,54,-397
2026-08-08T00:01:18.869980+00:00,1786147278,6705,321 Surrey Central/WhiteRock,15247162,5542,55,-385
2026-08-08T00:01:18.869980+00:00,1786147278,6705,321 Surrey Central/WhiteRock,15247162,6195,56,-355
2026-08-08T00:01:18.869980+00:00,1786147278,6705,321 Surrey Central/WhiteRock,15247163,9926,5,-304
2026-08-08T00:01:18.869980+00:00,1786147278,6705,321 Surrey Central/WhiteRock,15247163,9927,6,-331
2026-08-08T00:01:18.869980+00:00,1786147278,6705,321 Surrey Central/WhiteRock,15247163,10880,7,0
2026-08-08T00:01:18.869980+00:00,1786147278,6705,321 Surrey Central/WhiteRock,15247163,5046,8,44
2026-08-08T00:01:18.869980+00:00,1786147278,6705,321 Surrey Central/WhiteRock,15247163,5047,9,45
2026-08-08T00:01:18.869980+00:00,1786147278,6705,321 Surrey Central/WhiteRock,15247163,8566,10,8
2026-08-08T00:01:18.869980+00:00,1786147278,6705,321 Surrey Central/WhiteRock,15247163,12916,11,17
2026-08-08T00:01:18.869980+00:00,1786147278,6705,321 Surrey Central/WhiteRock,15247163,5049,12,8
2026-08-08T00:01:18.869980+00:00,1786147278,6705,321 Surrey Central/WhiteRock,15247163,5039,13,-9
2026-08-08T00:01:18.869980+00:00,1786147278,6705,321 Surrey Central/WhiteRock,15247163,8351,14,-32
2026-08-08T00:01:18.869980+00:00,1786147278,6705,321 Surrey Central/WhiteRock,15247163,5496,15,-98
2026-08-08T00:01:18.869980+00:00,1786147278,6705,321 Surrey Central/WhiteRock,15247163,5497,16,-141
2026-08-08T00:01:18.869980+00:00,1786147278,6705,321 Surrey Central/WhiteRock,15247163,5498,17,-155
2026-08-08T00:01:18.869980+00:00,1786147278,6705,321 Surrey Central/WhiteRock,15247163,5499,18,-194
2026-08-08T00:01:18.869980+00:00,1786147278,6705,321 Surrey Central/WhiteRock,15247163,5500,19,-213
2026-08-08T00:01:18.869980+00:00,1786147278,6705,321 Surrey Central/WhiteRock,15247163,5501,20,-240
2026-08-08T00:01:18.869980+00:00,1786147278,6705,321 Surrey Central/WhiteRock,15247163,5502,21,-255
2026-08-08T00:01:18.869980+00:00,1786147278,6705,321 Surrey Central/WhiteRock,15247163,5503,22,-274
2026-08-08T00:01:18.869980+00:00,1786147278,6705,321 Surrey Central/WhiteRock,15247163,5504,23,-327
2026-08-08T00:01:18.869980+00:00,1786147278,6705,321 Surrey Central/WhiteRock,15247163,5505,24,-318
2026-08-08T00:01:18.869980+00:00,1786147278,6705,321 Surrey Central/WhiteRock,15247163,5507,25,-309
2026-08-08T00:01:18.869980+00:00,1786147278,6705,321 Surrey Central/WhiteRock,15247163,5633,26,0
2026-08-08T00:01:18.869980+00:00,1786147278,6705,321 Surrey Central/WhiteRock,15247163,5510,27,35
2026-08-08T00:01:18.869980+00:00,1786147278,6705,321 Surrey Central/WhiteRock,15247163,5511,28,27
2026-08-08T00:01:18.869980+00:00,1786147278,6705,321 Surrey Central/WhiteRock,15247163,5512,29,22
2026-08-08T00:01:18.869980+00:00,1786147278,6705,321 Surrey Central/WhiteRock,15247163,5513,30,3
2026-08-08T00:01:18.869980+00:00,1786147278,6705,321 Surrey Central/WhiteRock,15247163,5514,31,94
2026-08-08T00:01:18.869980+00:00,1786147278,6705,321 Surrey Central/WhiteRock,15247163,5515,32,87
2026-08-08T00:01:18.869980+00:00,1786147278,6705,321 Surrey Central/WhiteRock,15247163,5516,33,86
2026-08-08T00:01:18.869980+00:00,1786147278,6705,321 Surrey Central/WhiteRock,15247163,5517,34,90
2026-08-08T00:01:18.869980+00:00,1786147278,6705,321 Surrey Central/WhiteRock,15247163,5518,35,99
2026-08-08T00:01:18.869980+00:00,1786147278,6705,321 Surrey Central/WhiteRock,15247163,5519,36,78
2026-08-08T00:01:18.869980+00:00,1786147278,6705,321 Surrey Central/WhiteRock,15247163,5520,37,69
2026-08-08T00:01:18.869980+00:00,1786147278,6705,321 Surrey Central/WhiteRock,15247163,5521,38,-131
2026-08-08T00:01:18.869980+00:00,1786147278,6705,321 Surrey Central/WhiteRock,15247163,5522,39,-262
2026-08-08T00:01:18.869980+00:00,1786147278,6705,321 Surrey Central/WhiteRock,15247163,5523,40,-296
2026-08-08T00:01:18.869980+00:00,1786147278,6705,321 Surrey Central/WhiteRock,15247163,6466,41,-316
2026-08-08T00:01:18.869980+00:00,1786147278,6705,321 Surrey Central/WhiteRock,15247163,5524,42,-279
2026-08-08T00:01:18.869980+00:00,1786147278,6705,321 Surrey Central/WhiteRock,15247163,5525,43,-306
2026-08-08T00:01:18.869980+00:00,1786147278,6705,321 Surrey Central/WhiteRock,15247163,10443,44,-334
2026-08-08T00:01:18.869980+00:00,1786147278,6705,321 Surrey Central/WhiteRock,15247163,5528,45,-336
2026-08-08T00:01:18.869980+00:00,1786147278,6705,321 Surrey Central/WhiteRock,15247163,5529,46,-357
2026-08-08T00:01:18.869980+00:00,1786147278,6705,321 Surrey Central/WhiteRock,15247163,5530,47,-373
2026-08-08T00:01:18.869980+00:00,1786147278,6705,321 Surrey Central/WhiteRock,15247163,5533,48,-378
2026-08-08T00:01:18.869980+00:00,1786147278,6705,321 Surrey Central/WhiteRock,15247163,5534,49,-398
2026-08-08T00:01:18.869980+00:00,1786147278,6705,321 Surrey Central/WhiteRock,15247163,5535,50,-387
2026-08-08T00:01:18.869980+00:00,1786147278,6705,321 Surrey Central/WhiteRock,15247163,5536,51,-411
2026-08-08T00:01:18.869980+00:00,1786147278,6705,321 Surrey Central/WhiteRock,15247163,5537,52,-419
2026-08-08T00:01:18.869980+00:00,1786147278,6705,321 Surrey Central/WhiteRock,15247163,5538,53,-425
2026-08-08T00:01:18.869980+00:00,1786147278,6705,321 Surrey Central/WhiteRock,15247163,5541,54,-404
2026-08-08T00:01:18.869980+00:00,1786147278,6705,321 Surrey Central/WhiteRock,15247163,5542,55,-393
2026-08-08T00:01:18.869980+00:00,1786147278,6705,321 Surrey Central/WhiteRock,15247163,6195,56,-363
2026-08-08T00:01:18.869980+00:00,1786147278,6705,321 Surrey Central/WhiteRock,15247177,5500,19,465
2026-08-08T00:01:18.869980+00:00,1786147278,6705,321 Surrey Central/WhiteRock,15247177,5501,20,436
2026-08-08T00:01:18.869980+00:00,1786147278,6705,321 Surrey Central/WhiteRock,15247177,5502,21,420
2026-08-08T00:01:18.869980+00:00,1786147278,6705,321 Surrey Central/WhiteRock,15247177,5503,22,401
2026-08-08T00:01:18.869980+00:00,1786147278,6705,321 Surrey Central/WhiteRock,15247177,5504,23,346
2026-08-08T00:01:18.869980+00:00,1786147278,6705,321 Surrey Central/WhiteRock,15247177,5505,24,353
2026-08-08T00:01:18.869980+00:00,1786147278,6705,321 Surrey Central/WhiteRock,15247177,5507,25,356
2026-08-08T00:01:18.869980+00:00,1786147278,6705,321 Surrey Central/WhiteRock,15247177,5633,26,391
2026-08-08T00:01:18.869980+00:00,1786147278,6705,321 Surrey Central/WhiteRock,15247177,5510,27,416
2026-08-08T00:01:18.869980+00:00,1786147278,6705,321 Surrey Central/WhiteRock,15247177,5511,28,408
2026-08-08T00:01:18.869980+00:00,1786147278,6705,321 Surrey Central/WhiteRock,15247177,5512,29,403
2026-08-08T00:01:18.869980+00:00,1786147278,6705,321 Surrey Central/WhiteRock,15247177,5513,30,389
2026-08-08T00:01:18.869980+00:00,1786147278,6705,321 Surrey Central/WhiteRock,15247177,5514,31,478
2026-08-08T00:01:18.869980+00:00,1786147278,6705,321 Surrey Central/WhiteRock,15247177,5515,32,470
2026-08-08T00:01:18.869980+00:00,1786147278,6705,321 Surrey Central/WhiteRock,15247177,5516,33,472
2026-08-08T00:01:18.869980+00:00,1786147278,6705,321 Surrey Central/WhiteRock,15247177,5517,34,469
2026-08-08T00:01:18.869980+00:00,1786147278,6705,321 Surrey Central/WhiteRock,15247177,5518,35,477
2026-08-08T00:01:18.869980+00:00,1786147278,6705,321 Surrey Central/WhiteRock,15247177,5519,36,454
2026-08-08T00:01:18.869980+00:00,1786147278,6705,321 Surrey Central/WhiteRock,15247177,5520,37,444
2026-08-08T00:01:18.869980+00:00,1786147278,6705,321 Surrey Central/WhiteRock,15247177,5521,38,235
2026-08-08T00:01:18.869980+00:00,1786147278,6705,321 Surrey Central/WhiteRock,15247177,5522,39,100
2026-08-08T00:01:18.869980+00:00,1786147278,6705,321 Surrey Central/WhiteRock,15247177,5523,40,64
2026-08-08T00:01:18.869980+00:00,1786147278,6705,321 Surrey Central/WhiteRock,15247177,6466,41,48
2026-08-08T00:01:18.869980+00:00,1786147278,6705,321 Surrey Central/WhiteRock,15247177,5524,42,83
2026-08-08T00:01:18.869980+00:00,1786147278,6705,321 Surrey Central/WhiteRock,15247177,5525,43,54
2026-08-08T00:01:18.869980+00:00,1786147278,6705,321 Surrey Central/WhiteRock,15247177,10443,44,26
2026-08-08T00:01:18.869980+00:00,1786147278,6705,321 Surrey Central/WhiteRock,15247177,5528,45,32
2026-08-08T00:01:18.869980+00:00,1786147278,6705,321 Surrey Central/WhiteRock,15247177,5529,46,10
2026-08-08T00:01:18.869980+00:00,1786147278,6705,321 Surrey Central/WhiteRock,15247177,5530,47,-5
2026-08-08T00:01:18.869980+00:00,1786147278,6705,321 Surrey Central/WhiteRock,15247177,5533,48,-12
2026-08-08T00:01:18.869980+00:00,1786147278,6705,321 Surrey Central/WhiteRock,15247177,5534,49,-33
2026-08-08T00:01:18.869980+00:00,1786147278,6705,321 Surrey Central/WhiteRock,15247177,5535,50,-21
2026-08-08T00:01:18.869980+00:00,1786147278,6705,321 Surrey Central/WhiteRock,15247177,5536,51,-41
2026-08-08T00:01:18.869980+00:00,1786147278,6705,321 Surrey Central/WhiteRock,15247177,5537,52,-41
2026-08-08T00:01:18.869980+00:00,1786147278,6705,321 Surrey Central/WhiteRock,15247177,5538,53,-47
2026-08-08T00:01:18.869980+00:00,1786147278,6705,321 Surrey Central/WhiteRock,15247177,5541,54,-19
2026-08-08T00:01:18.869980+00:00,1786147278,6705,321 Surrey Central/WhiteRock,15247177,5542,55,-6
2026-08-08T00:01:18.869980+00:00,1786147278,6705,321 Surrey Central/WhiteRock,15247177,6195,56,25
2026-08-08T00:01:18.869980+00:00,1786147278,6705,321 Surrey Central/WhiteRock,15247186,5533,48,-126
2026-08-08T00:01:18.869980+00:00,1786147278,6705,321 Surrey Central/WhiteRock,15247186,5534,49,-146
2026-08-08T00:01:18.869980+00:00,1786147278,6705,321 Surrey Central/WhiteRock,15247186,5535,50,-117
2026-08-08T00:01:18.869980+00:00,1786147278,6705,321 Surrey Central/WhiteRock,15247186,5536,51,-140
2026-08-08T00:01:18.869980+00:00,1786147278,6705,321 Surrey Central/WhiteRock,15247186,5537,52,-134
2026-08-08T00:01:18.869980+00:00,1786147278,6705,321 Surrey Central/WhiteRock,15247186,5538,53,-142
2026-08-08T00:01:18.869980+00:00,1786147278,6705,321 Surrey Central/WhiteRock,15247186,5541,54,-107
2026-08-08T00:01:18.869980+00:00,1786147278,6705,321 Surrey Central/WhiteRock,15247186,5542,55,-95
2026-08-08T00:01:18.869980+00:00,1786147278,6705,321 Surrey Central/WhiteRock,15247186,6195,56,-69
2026-08-08T00:01:18.869980+00:00,1786147278,6705,321 Surrey Central/WhiteRock,15247187,9927,6,40
2026-08-08T00:01:18.869980+00:00,1786147278,6705,321 Surrey Central/WhiteRock,15247187,10880,7,0
2026-08-08T00:01:18.869980+00:00,1786147278,6705,321 Surrey Central/WhiteRock,15247187,5046,8,44
2026-08-08T00:01:18.869980+00:00,1786147278,6705,321 Surrey Central/WhiteRock,15247187,5047,9,42
2026-08-08T00:01:18.869980+00:00,1786147278,6705,321 Surrey Central/WhiteRock,15247187,8566,10,8
2026-08-08T00:01:18.869980+00:00,1786147278,6705,321 Surrey Central/WhiteRock,15247187,12916,11,17
2026-08-08T00:01:18.869980+00:00,1786147278,6705,321 Surrey Central/WhiteRock,15247187,5049,12,8
2026-08-08T00:01:18.869980+00:00,1786147278,6705,321 Surrey Central/WhiteRock,15247187,5039,13,-8
2026-08-08T00:01:18.869980+00:00,1786147278,6705,321 Surrey Central/WhiteRock,15247187,8351,14,-31
2026-08-08T00:01:18.869980+00:00,1786147278,6705,321 Surrey Central/WhiteRock,15247187,5496,15,-101
2026-08-08T00:01:18.869980+00:00,1786147278,6705,321 Surrey Central/WhiteRock,15247187,5497,16,-144
2026-08-08T00:01:18.869980+00:00,1786147278,6705,321 Surrey Central/WhiteRock,15247187,5498,17,-161
2026-08-08T00:01:18.869980+00:00,1786147278,6705,321 Surrey Central/WhiteRock,15247187,5499,18,-200
2026-08-08T00:01:18.869980+00:00,1786147278,6705,321 Surrey Central/WhiteRock,15247187,5500,19,-226
2026-08-08T00:01:18.869980+00:00,1786147278,6705,321 Surrey Central/WhiteRock,15247187,5501,20,-253
2026-08-08T00:01:18.869980+00:00,1786147278,6705,321 Surrey Central/WhiteRock,15247187,5502,21,-268
2026-08-08T00:01:18.869980+00:00,1786147278,6705,321 Surrey Central/WhiteRock,15247187,5503,22,-277
2026-08-08T00:01:18.869980+00:00,1786147278,6705,321 Surrey Central/WhiteRock,15247187,5504,23,-330
2026-08-08T00:01:18.869980+00:00,1786147278,6705,321 Surrey Central/WhiteRock,15247187,5505,24,-323
2026-08-08T00:01:18.869980+00:00,1786147278,6705,321 Surrey Central/WhiteRock,15247187,5507,25,-308
2026-08-08T00:01:18.869980+00:00,1786147278,6705,321 Surrey Central/WhiteRock,15247187,5633,26,0
2026-08-08T00:01:18.869980+00:00,1786147278,6705,321 Surrey Central/WhiteRock,15247187,5510,27,42
2026-08-08T00:01:18.869980+00:00,1786147278,6705,321 Surrey Central/WhiteRock,15247187,5511,28,34
2026-08-08T00:01:18.869980+00:00,1786147278,6705,321 Surrey Central/WhiteRock,15247187,5512,29,30
2026-08-08T00:01:18.869980+00:00,1786147278,6705,321 Surrey Central/WhiteRock,15247187,5513,30,17
2026-08-08T00:01:18.869980+00:00,1786147278,6705,321 Surrey Central/WhiteRock,15247187,5514,31,107
2026-08-08T00:01:18.869980+00:00,1786147278,6705,321 Surrey Central/WhiteRock,15247187,5515,32,100
2026-08-08T00:01:18.869980+00:00,1786147278,6705,321 Surrey Central/WhiteRock,15247187,5516,33,96
2026-08-08T00:01:18.869980+00:00,1786147278,6705,321 Surrey Central/WhiteRock,15247187,5517,34,100
2026-08-08T00:01:18.869980+00:00,1786147278,6705,321 Surrey Central/WhiteRock,15247187,5518,35,106
2026-08-08T00:01:18.869980+00:00,1786147278,6705,321 Surrey Central/WhiteRock,15247187,5519,36,85
2026-08-08T00:01:18.869980+00:00,1786147278,6705,321 Surrey Central/WhiteRock,15247187,5520,37,76
2026-08-08T00:01:18.869980+00:00,1786147278,6705,321 Surrey Central/WhiteRock,15247187,5521,38,-124
2026-08-08T00:01:18.869980+00:00,1786147278,6705,321 Surrey Central/WhiteRock,15247187,5522,39,-255
2026-08-08T00:01:18.869980+00:00,1786147278,6705,321 Surrey Central/WhiteRock,15247187,5523,40,-289
2026-08-08T00:01:18.869980+00:00,1786147278,6705,321 Surrey Central/WhiteRock,15247187,6466,41,-309
2026-08-08T00:01:18.869980+00:00,1786147278,6705,321 Surrey Central/WhiteRock,15247187,5524,42,-272
2026-08-08T00:01:18.869980+00:00,1786147278,6705,321 Surrey Central/WhiteRock,15247187,5525,43,-300
2026-08-08T00:01:18.869980+00:00,1786147278,6705,321 Surrey Central/WhiteRock,15247187,10443,44,-326
2026-08-08T00:01:18.869980+00:00,1786147278,6705,321 Surrey Central/WhiteRock,15247187,5528,45,-320
2026-08-08T00:01:18.869980+00:00,1786147278,6705,321 Surrey Central/WhiteRock,15247187,5529,46,-342
2026-08-08T00:01:18.869980+00:00,1786147278,6705,321 Surrey Central/WhiteRock,15247187,5530,47,-357
2026-08-08T00:01:18.869980+00:00,1786147278,6705,321 Surrey Central/WhiteRock,15247187,5533,48,-357
2026-08-08T00:01:18.869980+00:00,1786147278,6705,321 Surrey Central/WhiteRock,15247187,5534,49,-375
2026-08-08T00:01:18.869980+00:00,1786147278,6705,321 Surrey Central/WhiteRock,15247187,5535,50,-358
2026-08-08T00:01:18.869980+00:00,1786147278,6705,321 Surrey Central/WhiteRock,15247187,5536,51,-379
2026-08-08T00:01:18.869980+00:00,1786147278,6705,321 Surrey Central/WhiteRock,15247187,5537,52,-383
2026-08-08T00:01:18.869980+00:00,1786147278,6705,321 Surrey Central/WhiteRock,15247187,5538,53,-389
2026-08-08T00:01:18.869980+00:00,1786147278,6705,321 Surrey Central/WhiteRock,15247187,5541,54,-365
2026-08-08T00:01:18.869980+00:00,1786147278,6705,321 Surrey Central/WhiteRock,15247187,5542,55,-354
2026-08-08T00:01:18.869980+00:00,1786147278,6705,321 Surrey Central/WhiteRock,15247187,6195,56,-320
2026-08-08T00:01:18.869980+00:00,1786147278,6705,321 Surrey Central/WhiteRock,15247232,5510,27,229
2026-08-08T00:01:18.869980+00:00,1786147278,6705,321 Surrey Central/WhiteRock,15247232,5511,28,220
2026-08-08T00:01:18.869980+00:00,1786147278,6705,321 Surrey Central/WhiteRock,15247232,5512,29,216
2026-08-08T00:01:18.869980+00:00,1786147278,6705,321 Surrey Central/WhiteRock,15247232,5513,30,200
2026-08-08T00:01:18.869980+00:00,1786147278,6705,321 Surrey Central/WhiteRock,15247232,5514,31,288
2026-08-08T00:01:18.869980+00:00,1786147278,6705,321 Surrey Central/WhiteRock,15247232,5515,32,279
2026-08-08T00:01:18.869980+00:00,1786147278,6705,321 Surrey Central/WhiteRock,15247232,5516,33,285
2026-08-08T00:01:18.869980+00:00,1786147278,6705,321 Surrey Central/WhiteRock,15247232,5517,34,279
2026-08-08T00:01:18.869980+00:00,1786147278,6705,321 Surrey Central/WhiteRock,15247232,5518,35,286
2026-08-08T00:01:18.869980+00:00,1786147278,6705,321 Surrey Central/WhiteRock,15247232,5519,36,261
2026-08-08T00:01:18.869980+00:00,1786147278,6705,321 Surrey Central/WhiteRock,15247232,5520,37,249
2026-08-08T00:01:18.869980+00:00,1786147278,6705,321 Surrey Central/WhiteRock,15247232,5521,38,33
2026-08-08T00:01:18.869980+00:00,1786147278,6705,321 Surrey Central/WhiteRock,15247232,5522,39,-107
2026-08-08T00:01:18.869980+00:00,1786147278,6705,321 Surrey Central/WhiteRock,15247232,5523,40,-145
2026-08-08T00:01:18.869980+00:00,1786147278,6705,321 Surrey Central/WhiteRock,15247232,6466,41,-169
2026-08-08T00:01:18.869980+00:00,1786147278,6705,321 Surrey Central/WhiteRock,15247232,5524,42,-138
2026-08-08T00:01:18.869980+00:00,1786147278,6705,321 Surrey Central/WhiteRock,15247232,5525,43,-167
2026-08-08T00:01:18.869980+00:00,1786147278,6705,321 Surrey Central/WhiteRock,15247232,10443,44,-189
2026-08-08T00:01:18.869980+00:00,1786147278,6705,321 Surrey Central/WhiteRock,15247232,5528,45,-186
2026-08-08T00:01:18.869980+00:00,1786147278,6705,321 Surrey Central/WhiteRock,15247232,5529,46,-210
2026-08-08T00:01:18.869980+00:00,1786147278,6705,321 Surrey Central/WhiteRock,15247232,5530,47,-227
2026-08-08T00:01:18.869980+00:00,1786147278,6705,321 Surrey Central/WhiteRock,15247232,5533,48,-232
2026-08-08T00:01:18.869980+00:00,1786147278,6705,321 Surrey Central/WhiteRock,15247232,5534,49,-253
2026-08-08T00:01:18.869980+00:00,1786147278,6705,321 Surrey Central/WhiteRock,15247232,5535,50,-229
2026-08-08T00:01:18.869980+00:00,1786147278,6705,321 Surrey Central/WhiteRock,15247232,5536,51,-251
2026-08-08T00:01:18.869980+00:00,1786147278,6705,321 Surrey Central/WhiteRock,15247232,5537,52,-245
2026-08-08T00:01:18.869980+00:00,1786147278,6705,321 Surrey Central/WhiteRock,15247232,5538,53,-252
2026-08-08T00:01:18.869980+00:00,1786147278,6705,321 Surrey Central/WhiteRock,15247232,5541,54,-225
2026-08-08T00:01:18.869980+00:00,1786147278,6705,321 Surrey Central/WhiteRock,15247232,5542,55,-211
2026-08-08T00:01:18.869980+00:00,1786147278,6705,321 Surrey Central/WhiteRock,15247232,6195,56,-181
2026-08-08T00:01:18.869980+00:00,1786147278,6705,321 Surrey Central/WhiteRock,15247233,5046,8,1128
2026-08-08T00:01:18.869980+00:00,1786147278,6705,321 Surrey Central/WhiteRock,15247233,5047,9,1127
2026-08-08T00:01:18.869980+00:00,1786147278,6705,321 Surrey Central/WhiteRock,15247233,12916,11,404
2026-08-08T00:01:18.869980+00:00,1786147278,6705,321 Surrey Central/WhiteRock,15247233,5049,12,392
2026-08-08T00:01:18.869980+00:00,1786147278,6705,321 Surrey Central/WhiteRock,15247233,5039,13,376
2026-08-08T00:01:18.869980+00:00,1786147278,6705,321 Surrey Central/WhiteRock,15247233,8351,14,351
2026-08-08T00:01:18.869980+00:00,1786147278,6705,321 Surrey Central/WhiteRock,15247233,5496,15,277
2026-08-08T00:01:18.869980+00:00,1786147278,6705,321 Surrey Central/WhiteRock,15247233,5497,16,231
2026-08-08T00:01:18.869980+00:00,1786147278,6705,321 Surrey Central/WhiteRock,15247233,5498,17,214
2026-08-08T00:01:18.869980+00:00,1786147278,6705,321 Surrey Central/WhiteRock,15247233,5499,18,173
2026-08-08T00:01:18.869980+00:00,1786147278,6705,321 Surrey Central/WhiteRock,15247233,5500,19,144
2026-08-08T00:01:18.869980+00:00,1786147278,6705,321 Surrey Central/WhiteRock,15247233,5501,20,115
2026-08-08T00:01:18.869980+00:00,1786147278,6705,321 Surrey Central/WhiteRock,15247233,5502,21,99
2026-08-08T00:01:18.869980+00:00,1786147278,6705,321 Surrey Central/WhiteRock,15247233,5503,22,86
2026-08-08T00:01:18.869980+00:00,1786147278,6705,321 Surrey Central/WhiteRock,15247233,5504,23,31
2026-08-08T00:01:18.869980+00:00,1786147278,6705,321 Surrey Central/WhiteRock,15247233,5505,24,38
2026-08-08T00:01:18.869980+00:00,1786147278,6705,321 Surrey Central/WhiteRock,15247233,5507,25,41
2026-08-08T00:01:18.869980+00:00,1786147278,6705,321 Surrey Central/WhiteRock,15247233,5633,26,73
2026-08-08T00:01:18.869980+00:00,1786147278,6705,321 Surrey Central/WhiteRock,15247233,5510,27,106
2026-08-08T00:01:18.869980+00:00,1786147278,6705,321 Surrey Central/WhiteRock,15247233,5511,28,97
2026-08-08T00:01:18.869980+00:00,1786147278,6705,321 Surrey Central/WhiteRock,15247233,5512,29,92
2026-08-08T00:01:18.869980+00:00,1786147278,6705,321 Surrey Central/WhiteRock,15247233,5513,30,79
2026-08-08T00:01:18.869980+00:00,1786147278,6705,321 Surrey Central/WhiteRock,15247233,5514,31,168
2026-08-08T00:01:18.869980+00:00,1786147278,6705,321 Surrey Central/WhiteRock,15247233,5515,32,160
2026-08-08T00:01:18.869980+00:00,1786147278,6705,321 Surrey Central/WhiteRock,15247233,5516,33,179
2026-08-08T00:01:18.869980+00:00,1786147278,6705,321 Surrey Central/WhiteRock,15247233,5517,34,177
2026-08-08T00:01:18.869980+00:00,1786147278,6705,321 Surrey Central/WhiteRock,15247233,5518,35,183
2026-08-08T00:01:18.869980+00:00,1786147278,6705,321 Surrey Central/WhiteRock,15247233,5519,36,160
2026-08-08T00:01:18.869980+00:00,1786147278,6705,321 Surrey Central/WhiteRock,15247233,5520,37,150
2026-08-08T00:01:18.869980+00:00,1786147278,6705,321 Surrey Central/WhiteRock,15247233,5521,38,-58
2026-08-08T00:01:18.869980+00:00,1786147278,6705,321 Surrey Central/WhiteRock,15247233,5522,39,-193
2026-08-08T00:01:18.869980+00:00,1786147278,6705,321 Surrey Central/WhiteRock,15247233,5523,40,-229
2026-08-08T00:01:18.869980+00:00,1786147278,6705,321 Surrey Central/WhiteRock,15247233,6466,41,-250
2026-08-08T00:01:18.869980+00:00,1786147278,6705,321 Surrey Central/WhiteRock,15247233,5524,42,-216
2026-08-08T00:01:18.869980+00:00,1786147278,6705,321 Surrey Central/WhiteRock,15247233,5525,43,-244
2026-08-08T00:01:18.869980+00:00,1786147278,6705,321 Surrey Central/WhiteRock,15247233,10443,44,-264
2026-08-08T00:01:18.869980+00:00,1786147278,6705,321 Surrey Central/WhiteRock,15247233,5528,45,-258
2026-08-08T00:01:18.869980+00:00,1786147278,6705,321 Surrey Central/WhiteRock,15247233,5529,46,-282
2026-08-08T00:01:18.869980+00:00,1786147278,6705,321 Surrey Central/WhiteRock,15247233,5530,47,-297
2026-08-08T00:01:18.869980+00:00,1786147278,6705,321 Surrey Central/WhiteRock,15247233,5533,48,-298
2026-08-08T00:01:18.869980+00:00,1786147278,6705,321 Surrey Central/WhiteRock,15247233,5534,49,-317
2026-08-08T00:01:18.869980+00:00,1786147278,6705,321 Surrey Central/WhiteRock,15247233,5535,50,-311
2026-08-08T00:01:18.869980+00:00,1786147278,6705,321 Surrey Central/WhiteRock,15247233,5536,51,-333
2026-08-08T00:01:18.869980+00:00,1786147278,6705,321 Surrey Central/WhiteRock,15247233,5537,52,-340
2026-08-08T00:01:18.869980+00:00,1786147278,6705,321 Surrey Central/WhiteRock,15247233,5538,53,-346
2026-08-08T00:01:18.869980+00:00,1786147278,6705,321 Surrey Central/WhiteRock,15247233,5541,54,-320
2026-08-08T00:01:18.869980+00:00,1786147278,6705,321 Surrey Central/WhiteRock,15247233,5542,55,-306
2026-08-08T00:01:18.869980+00:00,1786147278,6705,321 Surrey Central/WhiteRock,15247233,6195,56,-277
2026-08-08T00:01:18.869980+00:00,1786147278,6715,351 Bridgeport/WhiteRock,15251616,8282,25,349
2026-08-08T00:01:18.869980+00:00,1786147278,6715,351 Bridgeport/WhiteRock,15251617,8282,25,-26
2026-08-08T00:01:18.869980+00:00,1786147278,6715,351 Bridgeport/WhiteRock,15251618,6194,23,265
2026-08-08T00:01:18.869980+00:00,1786147278,6715,351 Bridgeport/WhiteRock,15251618,4928,24,45
2026-08-08T00:01:18.869980+00:00,1786147278,6715,351 Bridgeport/WhiteRock,15251618,8282,25,58
2026-08-08T00:01:18.869980+00:00,1786147278,6715,351 Bridgeport/WhiteRock,15251619,5444,17,12
2026-08-08T00:01:18.869980+00:00,1786147278,6715,351 Bridgeport/WhiteRock,15251619,9083,18,-20
2026-08-08T00:01:18.869980+00:00,1786147278,6715,351 Bridgeport/WhiteRock,15251619,5446,19,-14
2026-08-08T00:01:18.869980+00:00,1786147278,6715,351 Bridgeport/WhiteRock,15251619,10445,20,-25
2026-08-08T00:01:18.869980+00:00,1786147278,6715,351 Bridgeport/WhiteRock,15251619,5447,21,-68
2026-08-08T00:01:18.869980+00:00,1786147278,6715,351 Bridgeport/WhiteRock,15251619,5448,22,-67
2026-08-08T00:01:18.869980+00:00,1786147278,6715,351 Bridgeport/WhiteRock,15251619,6194,23,0
2026-08-08T00:01:18.869980+00:00,1786147278,6715,351 Bridgeport/WhiteRock,15251619,4928,24,-221
2026-08-08T00:01:18.869980+00:00,1786147278,6715,351 Bridgeport/WhiteRock,15251619,8282,25,-210
2026-08-08T00:01:18.869980+00:00,1786147278,6715,351 Bridgeport/WhiteRock,15251695,6341,20,-85
2026-08-08T00:01:18.869980+00:00,1786147278,6715,351 Bridgeport/WhiteRock,15251695,6167,21,-76
2026-08-08T00:01:18.869980+00:00,1786147278,6715,351 Bridgeport/WhiteRock,15251696,5535,13,-434
2026-08-08T00:01:18.869980+00:00,1786147278,6715,351 Bridgeport/WhiteRock,15251696,5536,14,-439
2026-08-08T00:01:18.869980+00:00,1786147278,6715,351 Bridgeport/WhiteRock,15251696,5537,15,-409
2026-08-08T00:01:18.869980+00:00,1786147278,6715,351 Bridgeport/WhiteRock,15251696,5538,16,-403
2026-08-08T00:01:18.869980+00:00,1786147278,6715,351 Bridgeport/WhiteRock,15251696,5541,17,-350
2026-08-08T00:01:18.869980+00:00,1786147278,6715,351 Bridgeport/WhiteRock,15251696,5542,18,-327
2026-08-08T00:01:18.869980+00:00,1786147278,6715,351 Bridgeport/WhiteRock,15251696,6340,19,-280
2026-08-08T00:01:18.869980+00:00,1786147278,6715,351 Bridgeport/WhiteRock,15251696,6341,20,-259
2026-08-08T00:01:18.869980+00:00,1786147278,6715,351 Bridgeport/WhiteRock,15251696,6167,21,-245
2026-08-08T00:01:18.869980+00:00,1786147278,6715,351 Bridgeport/WhiteRock,15251697,4929,3,978
2026-08-08T00:01:18.869980+00:00,1786147278,6715,351 Bridgeport/WhiteRock,15251697,6175,4,-438
2026-08-08T00:01:18.869980+00:00,1786147278,6715,351 Bridgeport/WhiteRock,15251697,5524,5,-390
2026-08-08T00:01:18.869980+00:00,1786147278,6715,351 Bridgeport/WhiteRock,15251697,5525,6,-404
2026-08-08T00:01:18.869980+00:00,1786147278,6715,351 Bridgeport/WhiteRock,15251697,10443,7,-398
2026-08-08T00:01:18.869980+00:00,1786147278,6715,351 Bridgeport/WhiteRock,15251697,5528,8,-375
2026-08-08T00:01:18.869980+00:00,1786147278,6715,351 Bridgeport/WhiteRock,15251697,5529,9,-384
2026-08-08T00:01:18.869980+00:00,1786147278,6715,351 Bridgeport/WhiteRock,15251697,5530,10,-382
2026-08-08T00:01:18.869980+00:00,1786147278,6715,351 Bridgeport/WhiteRock,15251697,5533,11,-366
2026-08-08T00:01:18.869980+00:00,1786147278,6715,351 Bridgeport/WhiteRock,15251697,5534,12,-369
2026-08-08T00:01:18.869980+00:00,1786147278,6715,351 Bridgeport/WhiteRock,15251697,5535,13,-341
2026-08-08T00:01:18.869980+00:00,1786147278,6715,351 Bridgeport/WhiteRock,15251697,5536,14,-342
2026-08-08T00:01:18.869980+00:00,1786147278,6715,351 Bridgeport/WhiteRock,15251697,5537,15,-315
2026-08-08T00:01:18.869980+00:00,1786147278,6715,351 Bridgeport/WhiteRock,15251697,5538,16,-311
2026-08-08T00:01:18.869980+00:00,1786147278,6715,351 Bridgeport/WhiteRock,15251697,5541,17,-259
2026-08-08T00:01:18.869980+00:00,1786147278,6715,351 Bridgeport/WhiteRock,15251697,5542,18,-237
2026-08-08T00:01:18.869980+00:00,1786147278,6715,351 Bridgeport/WhiteRock,15251697,6340,19,-190
2026-08-08T00:01:18.869980+00:00,1786147278,6715,351 Bridgeport/WhiteRock,15251697,6341,20,-169
2026-08-08T00:01:18.869980+00:00,1786147278,6715,351 Bridgeport/WhiteRock,15251697,6167,21,-160
2026-08-08T00:01:18.869980+00:00,1786147278,6715,351 Bridgeport/WhiteRock,15251698,4929,3,262
2026-08-08T00:01:18.869980+00:00,1786147278,6715,351 Bridgeport/WhiteRock,15251698,6175,4,-633
2026-08-08T00:01:18.869980+00:00,1786147278,6715,351 Bridgeport/WhiteRock,15251698,5524,5,-590
2026-08-08T00:01:18.869980+00:00,1786147278,6715,351 Bridgeport/WhiteRock,15251698,5525,6,-604
2026-08-08T00:01:18.869980+00:00,1786147278,6715,351 Bridgeport/WhiteRock,15251698,10443,7,-598
2026-08-08T00:01:18.869980+00:00,1786147278,6715,351 Bridgeport/WhiteRock,15251698,5528,8,-580
2026-08-08T00:01:18.869980+00:00,1786147278,6715,351 Bridgeport/WhiteRock,15251698,5529,9,-590
2026-08-08T00:01:18.869980+00:00,1786147278,6715,351 Bridgeport/WhiteRock,15251698,5530,10,-588
2026-08-08T00:01:18.869980+00:00,1786147278,6715,351 Bridgeport/WhiteRock,15251698,5533,11,-571
2026-08-08T00:01:18.869980+00:00,1786147278,6715,351 Bridgeport/WhiteRock,15251698,5534,12,-574
2026-08-08T00:01:18.869980+00:00,1786147278,6715,351 Bridgeport/WhiteRock,15251698,5535,13,-526
2026-08-08T00:01:18.869980+00:00,1786147278,6715,351 Bridgeport/WhiteRock,15251698,5536,14,-529
2026-08-08T00:01:18.869980+00:00,1786147278,6715,351 Bridgeport/WhiteRock,15251698,5537,15,-503
2026-08-08T00:01:18.869980+00:00,1786147278,6715,351 Bridgeport/WhiteRock,15251698,5538,16,-499
2026-08-08T00:01:18.869980+00:00,1786147278,6715,351 Bridgeport/WhiteRock,15251698,5541,17,-449
2026-08-08T00:01:18.869980+00:00,1786147278,6715,351 Bridgeport/WhiteRock,15251698,5542,18,-427
2026-08-08T00:01:18.869980+00:00,1786147278,6715,351 Bridgeport/WhiteRock,15251698,6340,19,-379
2026-08-08T00:01:18.869980+00:00,1786147278,6715,351 Bridgeport/WhiteRock,15251698,6341,20,-358
2026-08-08T00:01:18.869980+00:00,1786147278,6715,351 Bridgeport/WhiteRock,15251698,6167,21,-349
2026-08-08T00:01:18.869980+00:00,1786147278,6715,351 Bridgeport/WhiteRock,15251699,4929,3,141
2026-08-08T00:01:18.869980+00:00,1786147278,6715,351 Bridgeport/WhiteRock,15251699,6175,4,-550
2026-08-08T00:01:18.869980+00:00,1786147278,6715,351 Bridgeport/WhiteRock,15251699,5524,5,-507
2026-08-08T00:01:18.869980+00:00,1786147278,6715,351 Bridgeport/WhiteRock,15251699,5525,6,-521
2026-08-08T00:01:18.869980+00:00,1786147278,6715,351 Bridgeport/WhiteRock,15251699,10443,7,-515
2026-08-08T00:01:18.869980+00:00,1786147278,6715,351 Bridgeport/WhiteRock,15251699,5528,8,-494
2026-08-08T00:01:18.869980+00:00,1786147278,6715,351 Bridgeport/WhiteRock,15251699,5529,9,-504
2026-08-08T00:01:18.869980+00:00,1786147278,6715,351 Bridgeport/WhiteRock,15251699,5530,10,-502
2026-08-08T00:01:18.869980+00:00,1786147278,6715,351 Bridgeport/WhiteRock,15251699,5533,11,-484
2026-08-08T00:01:18.869980+00:00,1786147278,6715,351 Bridgeport/WhiteRock,15251699,5534,12,-487
2026-08-08T00:01:18.869980+00:00,1786147278,6715,351 Bridgeport/WhiteRock,15251699,5535,13,-461
2026-08-08T00:01:18.869980+00:00,1786147278,6715,351 Bridgeport/WhiteRock,15251699,5536,14,-462
2026-08-08T00:01:18.869980+00:00,1786147278,6715,351 Bridgeport/WhiteRock,15251699,5537,15,-437
2026-08-08T00:01:18.869980+00:00,1786147278,6715,351 Bridgeport/WhiteRock,15251699,5538,16,-432
2026-08-08T00:01:18.869980+00:00,1786147278,6715,351 Bridgeport/WhiteRock,15251699,5541,17,-381
2026-08-08T00:01:18.869980+00:00,1786147278,6715,351 Bridgeport/WhiteRock,15251699,5542,18,-359
2026-08-08T00:01:18.869980+00:00,1786147278,6715,351 Bridgeport/WhiteRock,15251699,6340,19,-310
2026-08-08T00:01:18.869980+00:00,1786147278,6715,351 Bridgeport/WhiteRock,15251699,6341,20,-289
2026-08-08T00:01:18.869980+00:00,1786147278,6715,351 Bridgeport/WhiteRock,15251699,6167,21,-280
2026-08-08T00:01:18.869980+00:00,1786147278,6715,351 Bridgeport/WhiteRock,15251700,4929,3,0
2026-08-08T00:01:18.869980+00:00,1786147278,6715,351 Bridgeport/WhiteRock,15251700,6175,4,-691
2026-08-08T00:01:18.869980+00:00,1786147278,6715,351 Bridgeport/WhiteRock,15251700,5524,5,-647
2026-08-08T00:01:18.869980+00:00,1786147278,6715,351 Bridgeport/WhiteRock,15251700,5525,6,-660
2026-08-08T00:01:18.869980+00:00,1786147278,6715,351 Bridgeport/WhiteRock,15251700,10443,7,-654
2026-08-08T00:01:18.869980+00:00,1786147278,6715,351 Bridgeport/WhiteRock,15251700,5528,8,-632
2026-08-08T00:01:18.869980+00:00,1786147278,6715,351 Bridgeport/WhiteRock,15251700,5529,9,-641
2026-08-08T00:01:18.869980+00:00,1786147278,6715,351 Bridgeport/WhiteRock,15251700,5530,10,-639
2026-08-08T00:01:18.869980+00:00,1786147278,6715,351 Bridgeport/WhiteRock,15251700,5533,11,-620
2026-08-08T00:01:18.869980+00:00,1786147278,6715,351 Bridgeport/WhiteRock,15251700,5534,12,-623
2026-08-08T00:01:18.869980+00:00,1786147278,6715,351 Bridgeport/WhiteRock,15251700,5535,13,-592
2026-08-08T00:01:18.869980+00:00,1786147278,6715,351 Bridgeport/WhiteRock,15251700,5536,14,-593
2026-08-08T00:01:18.869980+00:00,1786147278,6715,351 Bridgeport/WhiteRock,15251700,5537,15,-574
2026-08-08T00:01:18.869980+00:00,1786147278,6715,351 Bridgeport/WhiteRock,15251700,5538,16,-567
2026-08-08T00:01:18.869980+00:00,1786147278,6715,351 Bridgeport/WhiteRock,15251700,5541,17,-516
2026-08-08T00:01:18.869980+00:00,1786147278,6715,351 Bridgeport/WhiteRock,15251700,5542,18,-495
2026-08-08T00:01:18.869980+00:00,1786147278,6715,351 Bridgeport/WhiteRock,15251700,6340,19,-454
2026-08-08T00:01:18.869980+00:00,1786147278,6715,351 Bridgeport/WhiteRock,15251700,6341,20,-434
2026-08-08T00:01:18.869980+00:00,1786147278,6715,351 Bridgeport/WhiteRock,15251700,6167,21,-423
2026-08-08T00:01:18.869980+00:00,1786147278,11692,364 Langley Centre/Scottsdale,15252682,5244,1,24
2026-08-08T00:01:18.869980+00:00,1786147278,11692,364 Langley Centre/Scottsdale,15252682,4918,3,-291
2026-08-08T00:01:18.869980+00:00,1786147278,11692,364 Langley Centre/Scottsdale,15252682,4919,4,-315
2026-08-08T00:01:18.869980+00:00,1786147278,11692,364 Langley Centre/Scottsdale,15252682,4921,5,-388
2026-08-08T00:01:18.869980+00:00,1786147278,11692,364 Langley Centre/Scottsdale,15252682,11121,6,-346
2026-08-08T00:01:18.869980+00:00,1786147278,11692,364 Langley Centre/Scottsdale,15252682,11142,7,-392
2026-08-08T00:01:18.869980+00:00,1786147278,11692,364 Langley Centre/Scottsdale,15252682,11139,8,-416
2026-08-08T00:01:18.869980+00:00,1786147278,11692,364 Langley Centre/Scottsdale,15252682,11156,9,-437
2026-08-08T00:01:18.869980+00:00,1786147278,11692,364 Langley Centre/Scottsdale,15252682,5583,10,-433
2026-08-08T00:01:18.869980+00:00,1786147278,11692,364 Langley Centre/Scottsdale,15252682,5584,11,-476
2026-08-08T00:01:18.869980+00:00,1786147278,11692,364 Langley Centre/Scottsdale,15252682,6464,12,-502
2026-08-08T00:01:18.869980+00:00,1786147278,11692,364 Langley Centre/Scottsdale,15252682,6465,13,-538
2026-08-08T00:01:18.869980+00:00,1786147278,11692,364 Langley Centre/Scottsdale,15252682,11074,14,-501
2026-08-08T00:01:18.869980+00:00,1786147278,11692,364 Langley Centre/Scottsdale,15252682,11153,15,-541
2026-08-08T00:01:18.869980+00:00,1786147278,11692,364 Langley Centre/Scottsdale,15252682,11150,16,-590
2026-08-08T00:01:18.869980+00:00,1786147278,11692,364 Langley Centre/Scottsdale,15252682,11148,17,-617
2026-08-08T00:01:18.869980+00:00,1786147278,11692,364 Langley Centre/Scottsdale,15252682,11124,18,-611
2026-08-08T00:01:18.869980+00:00,1786147278,11692,364 Langley Centre/Scottsdale,15252682,11140,19,-659
2026-08-08T00:01:18.869980+00:00,1786147278,11692,364 Langley Centre/Scottsdale,15252682,11145,20,-678
2026-08-08T00:01:18.869980+00:00,1786147278,11692,364 Langley Centre/Scottsdale,15252682,11076,21,0
2026-08-08T00:01:18.869980+00:00,1786147278,11692,364 Langley Centre/Scottsdale,15252682,12645,22,-236
2026-08-08T00:01:18.869980+00:00,1786147278,11692,364 Langley Centre/Scottsdale,15252682,9525,23,-236
2026-08-08T00:01:18.869980+00:00,1786147278,11692,364 Langley Centre/Scottsdale,15252682,10148,24,-214
2026-08-08T00:01:18.869980+00:00,1786147278,11692,364 Langley Centre/Scottsdale,15252682,10585,25,-239
2026-08-08T00:01:18.869980+00:00,1786147278,11692,364 Langley Centre/Scottsdale,15252682,10250,26,-249
2026-08-08T00:01:18.869980+00:00,1786147278,11692,364 Langley Centre/Scottsdale,15252682,10588,27,-260
2026-08-08T00:01:18.869980+00:00,1786147278,11692,364 Langley Centre/Scottsdale,15252682,10248,28,-203
2026-08-08T00:01:18.869980+00:00,1786147278,11692,364 Langley Centre/Scottsdale,15252682,10726,29,-200
2026-08-08T00:01:18.869980+00:00,1786147278,11692,364 Langley Centre/Scottsdale,15252682,10725,30,-214
2026-08-08T00:01:18.869980+00:00,1786147278,11692,364 Langley Centre/Scottsdale,15252682,10727,31,-235
2026-08-08T00:01:18.869980+00:00,1786147278,11692,364 Langley Centre/Scottsdale,15252682,10251,32,-245
2026-08-08T00:01:18.869980+00:00,1786147278,11692,364 Langley Centre/Scottsdale,15252682,10252,33,-271
2026-08-08T00:01:18.869980+00:00,1786147278,11692,364 Langley Centre/Scottsdale,15252682,10253,34,-283
2026-08-08T00:01:18.869980+00:00,1786147278,11692,364 Langley Centre/Scottsdale,15252682,10255,35,-304
2026-08-08T00:01:18.869980+00:00,1786147278,11692,364 Langley Centre/Scottsdale,15252682,5332,36,-243
2026-08-08T00:01:18.869980+00:00,1786147278,11692,364 Langley Centre/Scottsdale,15252682,12497,37,-274
2026-08-08T00:01:18.869980+00:00,1786147278,11692,364 Langley Centre/Scottsdale,15252682,5334,38,-286
2026-08-08T00:01:18.869980+00:00,1786147278,11692,364 Langley Centre/Scottsdale,15252682,6472,39,-277
2026-08-08T00:01:18.869980+00:00,1786147278,11692,364 Langley Centre/Scottsdale,15252682,6473,40,-280
2026-08-08T00:01:18.869980+00:00,1786147278,11692,364 Langley Centre/Scottsdale,15252682,6474,41,-290
2026-08-08T00:01:18.869980+00:00,1786147278,11692,364 Langley Centre/Scottsdale,15252682,9306,42,-239
2026-08-08T00:01:18.869980+00:00,1786147278,11692,364 Langley Centre/Scottsdale,15252682,11125,43,-250
2026-08-08T00:01:18.869980+00:00,1786147278,11692,364 Langley Centre/Scottsdale,15252682,9294,44,-238
2026-08-08T00:01:18.869980+00:00,1786147278,11692,364 Langley Centre/Scottsdale,15252682,9293,45,-248
2026-08-08T00:01:18.869980+00:00,1786147278,11692,364 Langley Centre/Scottsdale,15252682,11126,46,-241
2026-08-08T00:01:18.869980+00:00,1786147278,11692,364 Langley Centre/Scottsdale,15252682,7094,47,-287
2026-08-08T00:01:18.869980+00:00,1786147278,11692,364 Langley Centre/Scottsdale,15252683,6465,13,743
2026-08-08T00:01:18.869980+00:00,1786147278,11692,364 Langley Centre/Scottsdale,15252683,11074,14,780
2026-08-08T00:01:18.869980+00:00,1786147278,11692,364 Langley Centre/Scottsdale,15252683,11153,15,740
2026-08-08T00:01:18.869980+00:00,1786147278,11692,364 Langley Centre/Scottsdale,15252683,11150,16,691
2026-08-08T00:01:18.869980+00:00,1786147278,11692,364 Langley Centre/Scottsdale,15252683,11148,17,664
2026-08-08T00:01:18.869980+00:00,1786147278,11692,364 Langley Centre/Scottsdale,15252683,11124,18,670
2026-08-08T00:01:18.869980+00:00,1786147278,11692,364 Langley Centre/Scottsdale,15252683,11140,19,623
2026-08-08T00:01:18.869980+00:00,1786147278,11692,364 Langley Centre/Scottsdale,15252683,11145,20,605
2026-08-08T00:01:18.869980+00:00,1786147278,11692,364 Langley Centre/Scottsdale,15252683,11076,21,514
2026-08-08T00:01:18.869980+00:00,1786147278,11692,364 Langley Centre/Scottsdale,15252683,12645,22,243
2026-08-08T00:01:18.869980+00:00,1786147278,11692,364 Langley Centre/Scottsdale,15252683,9525,23,242
2026-08-08T00:01:18.869980+00:00,1786147278,11692,364 Langley Centre/Scottsdale,15252683,10148,24,258
2026-08-08T00:01:18.869980+00:00,1786147278,11692,364 Langley Centre/Scottsdale,15252683,10585,25,228
2026-08-08T00:01:18.869980+00:00,1786147278,11692,364 Langley Centre/Scottsdale,15252683,10250,26,212
2026-08-08T00:01:18.869980+00:00,1786147278,11692,364 Langley Centre/Scottsdale,15252683,10588,27,197
2026-08-08T00:01:18.869980+00:00,1786147278,11692,364 Langley Centre/Scottsdale,15252683,10248,28,246
2026-08-08T00:01:18.869980+00:00,1786147278,11692,364 Langley Centre/Scottsdale,15252683,10726,29,247
2026-08-08T00:01:18.869980+00:00,1786147278,11692,364 Langley Centre/Scottsdale,15252683,10725,30,227
2026-08-08T00:01:18.869980+00:00,1786147278,11692,364 Langley Centre/Scottsdale,15252683,10727,31,201
2026-08-08T00:01:18.869980+00:00,1786147278,11692,364 Langley Centre/Scottsdale,15252683,10251,32,180
2026-08-08T00:01:18.869980+00:00,1786147278,11692,364 Langley Centre/Scottsdale,15252683,10252,33,149
2026-08-08T00:01:18.869980+00:00,1786147278,11692,364 Langley Centre/Scottsdale,15252683,10253,34,127
2026-08-08T00:01:18.869980+00:00,1786147278,11692,364 Langley Centre/Scottsdale,15252683,10255,35,99
2026-08-08T00:01:18.869980+00:00,1786147278,11692,364 Langley Centre/Scottsdale,15252683,5332,36,157
2026-08-08T00:01:18.869980+00:00,1786147278,11692,364 Langley Centre/Scottsdale,15252683,12497,37,120
2026-08-08T00:01:18.869980+00:00,1786147278,11692,364 Langley Centre/Scottsdale,15252683,5334,38,106
2026-08-08T00:01:18.869980+00:00,1786147278,11692,364 Langley Centre/Scottsdale,15252683,6472,39,114
2026-08-08T00:01:18.869980+00:00,1786147278,11692,364 Langley Centre/Scottsdale,15252683,6473,40,110
2026-08-08T00:01:18.869980+00:00,1786147278,11692,364 Langley Centre/Scottsdale,15252683,6474,41,96
2026-08-08T00:01:18.869980+00:00,1786147278,11692,364 Langley Centre/Scottsdale,15252683,9306,42,145
2026-08-08T00:01:18.869980+00:00,1786147278,11692,364 Langley Centre/Scottsdale,15252683,11125,43,122
2026-08-08T00:01:18.869980+00:00,1786147278,11692,364 Langley Centre/Scottsdale,15252683,9294,44,126
2026-08-08T00:01:18.869980+00:00,1786147278,11692,364 Langley Centre/Scottsdale,15252683,9293,45,113
2026-08-08T00:01:18.869980+00:00,1786147278,11692,364 Langley Centre/Scottsdale,15252683,11126,46,121
2026-08-08T00:01:18.869980+00:00,1786147278,11692,364 Langley Centre/Scottsdale,15252683,7094,47,89
2026-08-08T00:01:18.869980+00:00,1786147278,11692,364 Langley Centre/Scottsdale,15252684,9306,42,-95
2026-08-08T00:01:18.869980+00:00,1786147278,11692,364 Langley Centre/Scottsdale,15252684,11125,43,-117
2026-08-08T00:01:18.869980+00:00,1786147278,11692,364 Langley Centre/Scottsdale,15252684,9294,44,-120
2026-08-08T00:01:18.869980+00:00,1786147278,11692,364 Langley Centre/Scottsdale,15252684,9293,45,-130
2026-08-08T00:01:18.869980+00:00,1786147278,11692,364 Langley Centre/Scottsdale,15252684,11126,46,-121
2026-08-08T00:01:18.869980+00:00,1786147278,11692,364 Langley Centre/Scottsdale,15252684,7094,47,-153
2026-08-08T00:01:18.869980+00:00,1786147278,11692,364 Langley Centre/Scottsdale,15252697,10148,24,80
2026-08-08T00:01:18.869980+00:00,1786147278,11692,364 Langley Centre/Scottsdale,15252697,10585,25,50
2026-08-08T00:01:18.869980+00:00,1786147278,11692,364 Langley Centre/Scottsdale,15252697,10250,26,31
2026-08-08T00:01:18.869980+00:00,1786147278,11692,364 Langley Centre/Scottsdale,15252697,10588,27,16
2026-08-08T00:01:18.869980+00:00,1786147278,11692,364 Langley Centre/Scottsdale,15252697,10248,28,65
2026-08-08T00:01:18.869980+00:00,1786147278,11692,364 Langley Centre/Scottsdale,15252697,10726,29,68
2026-08-08T00:01:18.869980+00:00,1786147278,11692,364 Langley Centre/Scottsdale,15252697,10725,30,51
2026-08-08T00:01:18.869980+00:00,1786147278,11692,364 Langley Centre/Scottsdale,15252697,10727,31,26
2026-08-08T00:01:18.869980+00:00,1786147278,11692,364 Langley Centre/Scottsdale,15252697,10251,32,6
2026-08-08T00:01:18.869980+00:00,1786147278,11692,364 Langley Centre/Scottsdale,15252697,10252,33,-24
2026-08-08T00:01:18.869980+00:00,1786147278,11692,364 Langley Centre/Scottsdale,15252697,10253,34,-46
2026-08-08T00:01:18.869980+00:00,1786147278,11692,364 Langley Centre/Scottsdale,15252697,10255,35,-73
2026-08-08T00:01:18.869980+00:00,1786147278,11692,364 Langley Centre/Scottsdale,15252697,5332,36,-15
2026-08-08T00:01:18.869980+00:00,1786147278,11692,364 Langley Centre/Scottsdale,15252697,12497,37,-54
2026-08-08T00:01:18.869980+00:00,1786147278,11692,364 Langley Centre/Scottsdale,15252697,5334,38,-68
2026-08-08T00:01:18.869980+00:00,1786147278,11692,364 Langley Centre/Scottsdale,15252697,6472,39,-60
2026-08-08T00:01:18.869980+00:00,1786147278,11692,364 Langley Centre/Scottsdale,15252697,6473,40,-64
2026-08-08T00:01:18.869980+00:00,1786147278,11692,364 Langley Centre/Scottsdale,15252697,6474,41,-76
2026-08-08T00:01:18.869980+00:00,1786147278,11692,364 Langley Centre/Scottsdale,15252697,9306,42,-23
2026-08-08T00:01:18.869980+00:00,1786147278,11692,364 Langley Centre/Scottsdale,15252697,11125,43,-48
2026-08-08T00:01:18.869980+00:00,1786147278,11692,364 Langley Centre/Scottsdale,15252697,9294,44,-27
2026-08-08T00:01:18.869980+00:00,1786147278,11692,364 Langley Centre/Scottsdale,15252697,9293,45,-40
2026-08-08T00:01:18.869980+00:00,1786147278,11692,364 Langley Centre/Scottsdale,15252697,11126,46,-33
2026-08-08T00:01:18.869980+00:00,1786147278,11692,364 Langley Centre/Scottsdale,15252697,7094,47,-65
2026-08-08T00:01:18.869980+00:00,1786147278,11692,364 Langley Centre/Scottsdale,15252700,5583,10,-170
2026-08-08T00:01:18.869980+00:00,1786147278,11692,364 Langley Centre/Scottsdale,15252700,5584,11,-212
2026-08-08T00:01:18.869980+00:00,1786147278,11692,364 Langley Centre/Scottsdale,15252700,6464,12,-238
2026-08-08T00:01:18.869980+00:00,1786147278,11692,364 Langley Centre/Scottsdale,15252700,6465,13,-274
2026-08-08T00:01:18.869980+00:00,1786147278,11692,364 Langley Centre/Scottsdale,15252700,11074,14,-237
2026-08-08T00:01:18.869980+00:00,1786147278,11692,364 Langley Centre/Scottsdale,15252700,11153,15,-277
2026-08-08T00:01:18.869980+00:00,1786147278,11692,364 Langley Centre/Scottsdale,15252700,11150,16,-326
2026-08-08T00:01:18.869980+00:00,1786147278,11692,364 Langley Centre/Scottsdale,15252700,11148,17,-353
2026-08-08T00:01:18.869980+00:00,1786147278,11692,364 Langley Centre/Scottsdale,15252700,11124,18,-347
2026-08-08T00:01:18.869980+00:00,1786147278,11692,364 Langley Centre/Scottsdale,15252700,11140,19,-394
2026-08-08T00:01:18.869980+00:00,1786147278,11692,364 Langley Centre/Scottsdale,15252700,11145,20,-412
2026-08-08T00:01:18.869980+00:00,1786147278,11692,364 Langley Centre/Scottsdale,15252700,11076,21,0
2026-08-08T00:01:18.869980+00:00,1786147278,11692,364 Langley Centre/Scottsdale,15252700,12645,22,-236
2026-08-08T00:01:18.869980+00:00,1786147278,11692,364 Langley Centre/Scottsdale,15252700,9525,23,-236
2026-08-08T00:01:18.869980+00:00,1786147278,11692,364 Langley Centre/Scottsdale,15252700,10148,24,-214
2026-08-08T00:01:18.869980+00:00,1786147278,11692,364 Langley Centre/Scottsdale,15252700,10585,25,-239
2026-08-08T00:01:18.869980+00:00,1786147278,11692,364 Langley Centre/Scottsdale,15252700,10250,26,-248
2026-08-08T00:01:18.869980+00:00,1786147278,11692,364 Langley Centre/Scottsdale,15252700,10588,27,-259
2026-08-08T00:01:18.869980+00:00,1786147278,11692,364 Langley Centre/Scottsdale,15252700,10248,28,-203
2026-08-08T00:01:18.869980+00:00,1786147278,11692,364 Langley Centre/Scottsdale,15252700,10726,29,-198
2026-08-08T00:01:18.869980+00:00,1786147278,11692,364 Langley Centre/Scottsdale,15252700,10725,30,-213
2026-08-08T00:01:18.869980+00:00,1786147278,11692,364 Langley Centre/Scottsdale,15252700,10727,31,-233
2026-08-08T00:01:18.869980+00:00,1786147278,11692,364 Langley Centre/Scottsdale,15252700,10251,32,-244
2026-08-08T00:01:18.869980+00:00,1786147278,11692,364 Langley Centre/Scottsdale,15252700,10252,33,-270
2026-08-08T00:01:18.869980+00:00,1786147278,11692,364 Langley Centre/Scottsdale,15252700,10253,34,-282
2026-08-08T00:01:18.869980+00:00,1786147278,11692,364 Langley Centre/Scottsdale,15252700,10255,35,-303
2026-08-08T00:01:18.869980+00:00,1786147278,11692,364 Langley Centre/Scottsdale,15252700,5332,36,-242
2026-08-08T00:01:18.869980+00:00,1786147278,11692,364 Langley Centre/Scottsdale,15252700,12497,37,-273
2026-08-08T00:01:18.869980+00:00,1786147278,11692,364 Langley Centre/Scottsdale,15252700,5334,38,-284
2026-08-08T00:01:18.869980+00:00,1786147278,11692,364 Langley Centre/Scottsdale,15252700,6472,39,-276
2026-08-08T00:01:18.869980+00:00,1786147278,11692,364 Langley Centre/Scottsdale,15252700,6473,40,-278
2026-08-08T00:01:18.869980+00:00,1786147278,11692,364 Langley Centre/Scottsdale,15252700,6474,41,-287
2026-08-08T00:01:18.869980+00:00,1786147278,11692,364 Langley Centre/Scottsdale,15252700,9306,42,-234
2026-08-08T00:01:18.869980+00:00,1786147278,11692,364 Langley Centre/Scottsdale,15252700,11125,43,-234
2026-08-08T00:01:18.869980+00:00,1786147278,11692,364 Langley Centre/Scottsdale,15252700,9294,44,-242
2026-08-08T00:01:18.869980+00:00,1786147278,11692,364 Langley Centre/Scottsdale,15252700,9293,45,-253
2026-08-08T00:01:18.869980+00:00,1786147278,11692,364 Langley Centre/Scottsdale,15252700,11126,46,-244
2026-08-08T00:01:18.869980+00:00,1786147278,11692,364 Langley Centre/Scottsdale,15252700,7094,47,-257
2026-08-08T00:01:18.869980+00:00,1786147278,11692,364 Langley Centre/Scottsdale,15252714,7166,1,0
2026-08-08T00:01:18.869980+00:00,1786147278,11692,364 Langley Centre/Scottsdale,15252714,9291,4,-754
2026-08-08T00:01:18.869980+00:00,1786147278,11692,364 Langley Centre/Scottsdale,15252714,9292,5,-771
2026-08-08T00:01:18.869980+00:00,1786147278,11692,364 Langley Centre/Scottsdale,15252714,11264,6,-778
2026-08-08T00:01:18.869980+00:00,1786147278,11692,364 Langley Centre/Scottsdale,15252714,9303,7,-787
2026-08-08T00:01:18.869980+00:00,1786147278,11692,364 Langley Centre/Scottsdale,15252714,9304,8,-807
2026-08-08T00:01:18.869980+00:00,1786147278,11692,364 Langley Centre/Scottsdale,15252714,6475,9,-783
2026-08-08T00:01:18.869980+00:00,1786147278,11692,364 Langley Centre/Scottsdale,15252714,6476,10,-819
2026-08-08T00:01:18.869980+00:00,1786147278,11692,364 Langley Centre/Scottsdale,15252714,5381,11,-840
2026-08-08T00:01:18.869980+00:00,1786147278,11692,364 Langley Centre/Scottsdale,15252714,12496,12,-850
2026-08-08T00:01:18.869980+00:00,1786147278,11692,364 Langley Centre/Scottsdale,15252714,5382,13,-882
2026-08-08T00:01:18.869980+00:00,1786147278,11692,364 Langley Centre/Scottsdale,15252714,12516,14,-705
2026-08-08T00:01:18.869980+00:00,1786147278,11692,364 Langley Centre/Scottsdale,15252714,10257,15,-756
2026-08-08T00:01:18.869980+00:00,1786147278,11692,364 Langley Centre/Scottsdale,15252714,10258,16,-775
2026-08-08T00:01:18.869980+00:00,1786147278,11692,364 Langley Centre/Scottsdale,15252714,10259,17,-831
2026-08-08T00:01:18.869980+00:00,1786147278,11692,364 Langley Centre/Scottsdale,15252714,10260,18,0
2026-08-08T00:01:18.869980+00:00,1786147278,11692,364 Langley Centre/Scottsdale,15252714,10729,19,-55
2026-08-08T00:01:18.869980+00:00,1786147278,11692,364 Langley Centre/Scottsdale,15252714,13067,20,-80
2026-08-08T00:01:18.869980+00:00,1786147278,11692,364 Langley Centre/Scottsdale,15252714,10633,21,-100
2026-08-08T00:01:18.869980+00:00,1786147278,11692,364 Langley Centre/Scottsdale,15252714,10149,22,-7
2026-08-08T00:01:18.869980+00:00,1786147278,11692,364 Langley Centre/Scottsdale,15252714,10587,23,-30
2026-08-08T00:01:18.869980+00:00,1786147278,11692,364 Langley Centre/Scottsdale,15252714,10261,24,-72
2026-08-08T00:01:18.869980+00:00,1786147278,11692,364 Langley Centre/Scottsdale,15252714,10586,25,-113
2026-08-08T00:01:18.869980+00:00,1786147278,11692,364 Langley Centre/Scottsdale,15252714,9547,26,-86
2026-08-08T00:01:18.869980+00:00,1786147278,11692,364 Langley Centre/Scottsdale,15252714,9526,27,-122
2026-08-08T00:01:18.869980+00:00,1786147278,11692,364 Langley Centre/Scottsdale,15252714,12646,28,-139
2026-08-08T00:01:18.869980+00:00,1786147278,11692,364 Langley Centre/Scottsdale,15252714,11075,29,-211
2026-08-08T00:01:18.869980+00:00,1786147278,11692,364 Langley Centre/Scottsdale,15252714,11174,30,-243
2026-08-08T00:01:18.869980+00:00,1786147278,11692,364 Langley Centre/Scottsdale,15252714,11175,31,-280
2026-08-08T00:01:18.869980+00:00,1786147278,11692,364 Langley Centre/Scottsdale,15252714,11123,32,-237
2026-08-08T00:01:18.869980+00:00,1786147278,11692,364 Langley Centre/Scottsdale,15252714,11176,33,-246
2026-08-08T00:01:18.869980+00:00,1786147278,11692,364 Langley Centre/Scottsdale,15252714,11177,34,-279
2026-08-08T00:01:18.869980+00:00,1786147278,11692,364 Langley Centre/Scottsdale,15252714,11178,35,-312
2026-08-08T00:01:18.869980+00:00,1786147278,11692,364 Langley Centre/Scottsdale,15252714,6459,36,-223
2026-08-08T00:01:18.869980+00:00,1786147278,11692,364 Langley Centre/Scottsdale,15252714,6460,37,-232
2026-08-08T00:01:18.869980+00:00,1786147278,11692,364 Langley Centre/Scottsdale,15252714,5621,38,-234
2026-08-08T00:01:18.869980+00:00,1786147278,11692,364 Langley Centre/Scottsdale,15252714,5622,39,-262
2026-08-08T00:01:18.869980+00:00,1786147278,11692,364 Langley Centre/Scottsdale,15252714,11122,40,-251
2026-08-08T00:01:18.869980+00:00,1786147278,11692,364 Langley Centre/Scottsdale,15252714,11155,41,-269
2026-08-08T00:01:18.869980+00:00,1786147278,11692,364 Langley Centre/Scottsdale,15252714,11143,42,-283
2026-08-08T00:01:18.869980+00:00,1786147278,11692,364 Langley Centre/Scottsdale,15252714,11141,43,-319
2026-08-08T00:01:18.869980+00:00,1786147278,11692,364 Langley Centre/Scottsdale,15252714,4936,44,-315
2026-08-08T00:01:18.869980+00:00,1786147278,11692,364 Langley Centre/Scottsdale,15252714,4937,45,-340
2026-08-08T00:01:18.869980+00:00,1786147278,11692,364 Langley Centre/Scottsdale,15252714,4938,46,-371
2026-08-08T00:01:18.869980+00:00,1786147278,11692,364 Langley Centre/Scottsdale,15252714,5229,47,-376
2026-08-08T00:01:18.869980+00:00,1786147278,11692,364 Langley Centre/Scottsdale,15252714,4917,48,-331
2026-08-08T00:01:18.869980+00:00,1786147278,11692,364 Langley Centre/Scottsdale,15252715,10260,18,0
2026-08-08T00:01:18.869980+00:00,1786147278,11692,364 Langley Centre/Scottsdale,15252715,10729,19,-52
2026-08-08T00:01:18.869980+00:00,1786147278,11692,364 Langley Centre/Scottsdale,15252715,13067,20,-77
2026-08-08T00:01:18.869980+00:00,1786147278,11692,364 Langley Centre/Scottsdale,15252715,10633,21,-98
2026-08-08T00:01:18.869980+00:00,1786147278,11692,364 Langley Centre/Scottsdale,15252715,10149,22,-4
2026-08-08T00:01:18.869980+00:00,1786147278,11692,364 Langley Centre/Scottsdale,15252715,10587,23,-27
2026-08-08T00:01:18.869980+00:00,1786147278,11692,364 Langley Centre/Scottsdale,15252715,10261,24,-68
2026-08-08T00:01:18.869980+00:00,1786147278,11692,364 Langley Centre/Scottsdale,15252715,10586,25,-110
2026-08-08T00:01:18.869980+00:00,1786147278,11692,364 Langley Centre/Scottsdale,15252715,9547,26,-84
2026-08-08T00:01:18.869980+00:00,1786147278,11692,364 Langley Centre/Scottsdale,15252715,9526,27,-119
2026-08-08T00:01:18.869980+00:00,1786147278,11692,364 Langley Centre/Scottsdale,15252715,12646,28,-137
2026-08-08T00:01:18.869980+00:00,1786147278,11692,364 Langley Centre/Scottsdale,15252715,11075,29,-209
2026-08-08T00:01:18.869980+00:00,1786147278,11692,364 Langley Centre/Scottsdale,15252715,11174,30,-242
2026-08-08T00:01:18.869980+00:00,1786147278,11692,364 Langley Centre/Scottsdale,15252715,11175,31,-278
2026-08-08T00:01:18.869980+00:00,1786147278,11692,364 Langley Centre/Scottsdale,15252715,11123,32,-235
2026-08-08T00:01:18.869980+00:00,1786147278,11692,364 Langley Centre/Scottsdale,15252715,11176,33,-240
2026-08-08T00:01:18.869980+00:00,1786147278,11692,364 Langley Centre/Scottsdale,15252715,11177,34,-273
2026-08-08T00:01:18.869980+00:00,1786147278,11692,364 Langley Centre/Scottsdale,15252715,11178,35,-307
2026-08-08T00:01:18.869980+00:00,1786147278,11692,364 Langley Centre/Scottsdale,15252715,6459,36,-216
2026-08-08T00:01:18.869980+00:00,1786147278,11692,364 Langley Centre/Scottsdale,15252715,6460,37,-229
2026-08-08T00:01:18.869980+00:00,1786147278,11692,364 Langley Centre/Scottsdale,15252715,5621,38,-230
2026-08-08T00:01:18.869980+00:00,1786147278,11692,364 Langley Centre/Scottsdale,15252715,5622,39,-257
2026-08-08T00:01:18.869980+00:00,1786147278,11692,364 Langley Centre/Scottsdale,15252715,11122,40,-227
2026-08-08T00:01:18.869980+00:00,1786147278,11692,364 Langley Centre/Scottsdale,15252715,11155,41,-246
2026-08-08T00:01:18.869980+00:00,1786147278,11692,364 Langley Centre/Scottsdale,15252715,11143,42,-259
2026-08-08T00:01:18.869980+00:00,1786147278,11692,364 Langley Centre/Scottsdale,15252715,11141,43,-296
2026-08-08T00:01:18.869980+00:00,1786147278,11692,364 Langley Centre/Scottsdale,15252715,4936,44,-288
2026-08-08T00:01:18.869980+00:00,1786147278,11692,364 Langley Centre/Scottsdale,15252715,4937,45,-312
2026-08-08T00:01:18.869980+00:00,1786147278,11692,364 Langley Centre/Scottsdale,15252715,4938,46,-340
2026-08-08T00:01:18.869980+00:00,1786147278,11692,364 Langley Centre/Scottsdale,15252715,5229,47,-342
2026-08-08T00:01:18.869980+00:00,1786147278,11692,364 Langley Centre/Scottsdale,15252715,4917,48,-281
2026-08-08T00:01:18.869980+00:00,1786147278,11692,364 Langley Centre/Scottsdale,15252736,6459,36,-44
2026-08-08T00:01:18.869980+00:00,1786147278,11692,364 Langley Centre/Scottsdale,15252736,6460,37,-55
2026-08-08T00:01:18.869980+00:00,1786147278,11692,364 Langley Centre/Scottsdale,15252736,5621,38,-60
2026-08-08T00:01:18.869980+00:00,1786147278,11692,364 Langley Centre/Scottsdale,15252736,5622,39,-91
2026-08-08T00:01:18.869980+00:00,1786147278,11692,364 Langley Centre/Scottsdale,15252736,11122,40,-64
2026-08-08T00:01:18.869980+00:00,1786147278,11692,364 Langley Centre/Scottsdale,15252736,11155,41,-85
2026-08-08T00:01:18.869980+00:00,1786147278,11692,364 Langley Centre/Scottsdale,15252736,11143,42,-103
2026-08-08T00:01:18.869980+00:00,1786147278,11692,364 Langley Centre/Scottsdale,15252736,11141,43,-141
2026-08-08T00:01:18.869980+00:00,1786147278,11692,364 Langley Centre/Scottsdale,15252736,4936,44,-135
2026-08-08T00:01:18.869980+00:00,1786147278,11692,364 Langley Centre/Scottsdale,15252736,4937,45,-162
2026-08-08T00:01:18.869980+00:00,1786147278,11692,364 Langley Centre/Scottsdale,15252736,4938,46,-195
2026-08-08T00:01:18.869980+00:00,1786147278,11692,364 Langley Centre/Scottsdale,15252736,5229,47,-199
2026-08-08T00:01:18.869980+00:00,1786147278,11692,364 Langley Centre/Scottsdale,15252736,4917,48,-142
2026-08-08T00:01:18.869980+00:00,1786147278,11692,364 Langley Centre/Scottsdale,15252751,11075,29,-140
2026-08-08T00:01:18.869980+00:00,1786147278,11692,364 Langley Centre/Scottsdale,15252751,11174,30,-180
2026-08-08T00:01:18.869980+00:00,1786147278,11692,364 Langley Centre/Scottsdale,15252751,11175,31,-218
2026-08-08T00:01:18.869980+00:00,1786147278,11692,364 Langley Centre/Scottsdale,15252751,11123,32,-179
2026-08-08T00:01:18.869980+00:00,1786147278,11692,364 Langley Centre/Scottsdale,15252751,11176,33,-187
2026-08-08T00:01:18.869980+00:00,1786147278,11692,364 Langley Centre/Scottsdale,15252751,11177,34,-224
2026-08-08T00:01:18.869980+00:00,1786147278,11692,364 Langley Centre/Scottsdale,15252751,11178,35,-261
2026-08-08T00:01:18.869980+00:00,1786147278,11692,364 Langley Centre/Scottsdale,15252751,6459,36,-173
2026-08-08T00:01:18.869980+00:00,1786147278,11692,364 Langley Centre/Scottsdale,15252751,6460,37,-188
2026-08-08T00:01:18.869980+00:00,1786147278,11692,364 Langley Centre/Scottsdale,15252751,5621,38,-193
2026-08-08T00:01:18.869980+00:00,1786147278,11692,364 Langley Centre/Scottsdale,15252751,5622,39,-224
2026-08-08T00:01:18.869980+00:00,1786147278,11692,364 Langley Centre/Scottsdale,15252751,11122,40,-197
2026-08-08T00:01:18.869980+00:00,1786147278,11692,364 Langley Centre/Scottsdale,15252751,11155,41,-219
2026-08-08T00:01:18.869980+00:00,1786147278,11692,364 Langley Centre/Scottsdale,15252751,11143,42,-237
2026-08-08T00:01:18.869980+00:00,1786147278,11692,364 Langley Centre/Scottsdale,15252751,11141,43,-276
2026-08-08T00:01:18.869980+00:00,1786147278,11692,364 Langley Centre/Scottsdale,15252751,4936,44,-270
2026-08-08T00:01:18.869980+00:00,1786147278,11692,364 Langley Centre/Scottsdale,15252751,4937,45,-297
2026-08-08T00:01:18.869980+00:00,1786147278,11692,364 Langley Centre/Scottsdale,15252751,4938,46,-328
2026-08-08T00:01:18.869980+00:00,1786147278,11692,364 Langley Centre/Scottsdale,15252751,5229,47,-333
2026-08-08T00:01:18.869980+00:00,1786147278,11692,364 Langley Centre/Scottsdale,15252751,4917,48,-276
2026-08-08T00:01:18.869980+00:00,1786147278,11692,364 Langley Centre/Scottsdale,15252752,9291,4,169
2026-08-08T00:01:18.869980+00:00,1786147278,11692,364 Langley Centre/Scottsdale,15252752,9292,5,150
2026-08-08T00:01:18.869980+00:00,1786147278,11692,364 Langley Centre/Scottsdale,15252752,11264,6,141
2026-08-08T00:01:18.869980+00:00,1786147278,11692,364 Langley Centre/Scottsdale,15252752,9303,7,131
2026-08-08T00:01:18.869980+00:00,1786147278,11692,364 Langley Centre/Scottsdale,15252752,9304,8,109
2026-08-08T00:01:18.869980+00:00,1786147278,11692,364 Langley Centre/Scottsdale,15252752,6475,9,130
2026-08-08T00:01:18.869980+00:00,1786147278,11692,364 Langley Centre/Scottsdale,15252752,6476,10,94
2026-08-08T00:01:18.869980+00:00,1786147278,11692,364 Langley Centre/Scottsdale,15252752,5381,11,71
2026-08-08T00:01:18.869980+00:00,1786147278,11692,364 Langley Centre/Scottsdale,15252752,12496,12,60
2026-08-08T00:01:18.869980+00:00,1786147278,11692,364 Langley Centre/Scottsdale,15252752,5382,13,24
2026-08-08T00:01:18.869980+00:00,1786147278,11692,364 Langley Centre/Scottsdale,15252752,12516,14,197
2026-08-08T00:01:18.869980+00:00,1786147278,11692,364 Langley Centre/Scottsdale,15252752,10257,15,143
2026-08-08T00:01:18.869980+00:00,1786147278,11692,364 Langley Centre/Scottsdale,15252752,10258,16,121
2026-08-08T00:01:18.869980+00:00,1786147278,11692,364 Langley Centre/Scottsdale,15252752,10259,17,61
2026-08-08T00:01:18.869980+00:00,1786147278,11692,364 Langley Centre/Scottsdale,15252752,10260,18,37
2026-08-08T00:01:18.869980+00:00,1786147278,11692,364 Langley Centre/Scottsdale,15252752,10729,19,-18
2026-08-08T00:01:18.869980+00:00,1786147278,11692,364 Langley Centre/Scottsdale,15252752,13067,20,-43
2026-08-08T00:01:18.869980+00:00,1786147278,11692,364 Langley Centre/Scottsdale,15252752,10633,21,-64
2026-08-08T00:01:18.869980+00:00,1786147278,11692,364 Langley Centre/Scottsdale,15252752,10149,22,30
2026-08-08T00:01:18.869980+00:00,1786147278,11692,364 Langley Centre/Scottsdale,15252752,10587,23,7
2026-08-08T00:01:18.869980+00:00,1786147278,11692,364 Langley Centre/Scottsdale,15252752,10261,24,-34
2026-08-08T00:01:18.869980+00:00,1786147278,11692,364 Langley Centre/Scottsdale,15252752,10586,25,-76
2026-08-08T00:01:18.869980+00:00,1786147278,11692,364 Langley Centre/Scottsdale,15252752,9547,26,-50
2026-08-08T00:01:18.869980+00:00,1786147278,11692,364 Langley Centre/Scottsdale,15252752,9526,27,-85
2026-08-08T00:01:18.869980+00:00,1786147278,11692,364 Langley Centre/Scottsdale,15252752,12646,28,-103
2026-08-08T00:01:18.869980+00:00,1786147278,11692,364 Langley Centre/Scottsdale,15252752,11075,29,-175
2026-08-08T00:01:18.869980+00:00,1786147278,11692,364 Langley Centre/Scottsdale,15252752,11174,30,-208
2026-08-08T00:01:18.869980+00:00,1786147278,11692,364 Langley Centre/Scottsdale,15252752,11175,31,-243
2026-08-08T00:01:18.869980+00:00,1786147278,11692,364 Langley Centre/Scottsdale,15252752,11123,32,-201
2026-08-08T00:01:18.869980+00:00,1786147278,11692,364 Langley Centre/Scottsdale,15252752,11176,33,-209
2026-08-08T00:01:18.869980+00:00,1786147278,11692,364 Langley Centre/Scottsdale,15252752,11177,34,-241
2026-08-08T00:01:18.869980+00:00,1786147278,11692,364 Langley Centre/Scottsdale,15252752,11178,35,-275
2026-08-08T00:01:18.869980+00:00,1786147278,11692,364 Langley Centre/Scottsdale,15252752,6459,36,-184
2026-08-08T00:01:18.869980+00:00,1786147278,11692,364 Langley Centre/Scottsdale,15252752,6460,37,-196
2026-08-08T00:01:18.869980+00:00,1786147278,11692,364 Langley Centre/Scottsdale,15252752,5621,38,-197
2026-08-08T00:01:18.869980+00:00,1786147278,11692,364 Langley Centre/Scottsdale,15252752,5622,39,-224
2026-08-08T00:01:18.869980+00:00,1786147278,11692,364 Langley Centre/Scottsdale,15252752,11122,40,-194
2026-08-08T00:01:18.869980+00:00,1786147278,11692,364 Langley Centre/Scottsdale,15252752,11155,41,-212
2026-08-08T00:01:18.869980+00:00,1786147278,11692,364 Langley Centre/Scottsdale,15252752,11143,42,-226
2026-08-08T00:01:18.869980+00:00,1786147278,11692,364 Langley Centre/Scottsdale,15252752,11141,43,-263
2026-08-08T00:01:18.869980+00:00,1786147278,11692,364 Langley Centre/Scottsdale,15252752,4936,44,-253
2026-08-08T00:01:18.869980+00:00,1786147278,11692,364 Langley Centre/Scottsdale,15252752,4937,45,-272
2026-08-08T00:01:18.869980+00:00,1786147278,11692,364 Langley Centre/Scottsdale,15252752,4938,46,-296
2026-08-08T00:01:18.869980+00:00,1786147278,11692,364 Langley Centre/Scottsdale,15252752,5229,47,-298
2026-08-08T00:01:18.869980+00:00,1786147278,11692,364 Langley Centre/Scottsdale,15252752,4917,48,-239
2026-08-08T00:01:18.869980+00:00,1786147278,18705,531 WhiteRock/WillowBrook,15259154,12293,45,-94
2026-08-08T00:01:18.869980+00:00,1786147278,18705,531 WhiteRock/WillowBrook,15259154,12173,46,-34
2026-08-08T00:01:18.869980+00:00,1786147278,18705,531 WhiteRock/WillowBrook,15259154,9291,47,-69
2026-08-08T00:01:18.869980+00:00,1786147278,18705,531 WhiteRock/WillowBrook,15259154,9292,48,-74
2026-08-08T00:01:18.869980+00:00,1786147278,18705,531 WhiteRock/WillowBrook,15259154,11264,49,-49
2026-08-08T00:01:18.869980+00:00,1786147278,18705,531 WhiteRock/WillowBrook,15259154,9303,50,-43
2026-08-08T00:01:18.869980+00:00,1786147278,18705,531 WhiteRock/WillowBrook,15259154,9304,51,-49
2026-08-08T00:01:18.869980+00:00,1786147278,18705,531 WhiteRock/WillowBrook,15259154,6475,52,-3
2026-08-08T00:01:18.869980+00:00,1786147278,18705,531 WhiteRock/WillowBrook,15259154,6476,53,-13
2026-08-08T00:01:18.869980+00:00,1786147278,18705,531 WhiteRock/WillowBrook,15259154,5335,54,-10
2026-08-08T00:01:18.869980+00:00,1786147278,18705,531 WhiteRock/WillowBrook,15259154,7100,55,25
2026-08-08T00:01:18.869980+00:00,1786147278,18705,531 WhiteRock/WillowBrook,15259155,8936,31,-382
2026-08-08T00:01:18.869980+00:00,1786147278,18705,531 WhiteRock/WillowBrook,15259155,9030,32,-394
2026-08-08T00:01:18.869980+00:00,1786147278,18705,531 WhiteRock/WillowBrook,15259155,8937,33,-414
2026-08-08T00:01:18.869980+00:00,1786147278,18705,531 WhiteRock/WillowBrook,15259155,8938,34,-408
2026-08-08T00:01:18.869980+00:00,1786147278,18705,531 WhiteRock/WillowBrook,15259155,7081,35,-410
2026-08-08T00:01:18.869980+00:00,1786147278,18705,531 WhiteRock/WillowBrook,15259155,7082,36,-417
2026-08-08T00:01:18.869980+00:00,1786147278,18705,531 WhiteRock/WillowBrook,15259155,7083,37,-446
2026-08-08T00:01:18.869980+00:00,1786147278,18705,531 WhiteRock/WillowBrook,15259155,7084,38,-465
2026-08-08T00:01:18.869980+00:00,1786147278,18705,531 WhiteRock/WillowBrook,15259155,7085,39,-497
2026-08-08T00:01:18.869980+00:00,1786147278,18705,531 WhiteRock/WillowBrook,15259155,8939,40,-510
2026-08-08T00:01:18.869980+00:00,1786147278,18705,531 WhiteRock/WillowBrook,15259155,7086,41,-520
2026-08-08T00:01:18.869980+00:00,1786147278,18705,531 WhiteRock/WillowBrook,15259155,8940,42,-547
2026-08-08T00:01:18.869980+00:00,1786147278,18705,531 WhiteRock/WillowBrook,15259155,5341,43,-558
2026-08-08T00:01:18.869980+00:00,1786147278,18705,531 WhiteRock/WillowBrook,15259155,5342,44,-558
2026-08-08T00:01:18.869980+00:00,1786147278,18705,531 WhiteRock/WillowBrook,15259155,12293,45,-538
2026-08-08T00:01:18.869980+00:00,1786147278,18705,531 WhiteRock/WillowBrook,15259155,12173,46,-473
2026-08-08T00:01:18.869980+00:00,1786147278,18705,531 WhiteRock/WillowBrook,15259155,9291,47,-500
2026-08-08T00:01:18.869980+00:00,1786147278,18705,531 WhiteRock/WillowBrook,15259155,9292,48,-503
2026-08-08T00:01:18.869980+00:00,1786147278,18705,531 WhiteRock/WillowBrook,15259155,11264,49,-485
2026-08-08T00:01:18.869980+00:00,1786147278,18705,531 WhiteRock/WillowBrook,15259155,9303,50,-486
2026-08-08T00:01:18.869980+00:00,1786147278,18705,531 WhiteRock/WillowBrook,15259155,9304,51,-490
2026-08-08T00:01:18.869980+00:00,1786147278,18705,531 WhiteRock/WillowBrook,15259155,6475,52,-445
2026-08-08T00:01:18.869980+00:00,1786147278,18705,531 WhiteRock/WillowBrook,15259155,6476,53,-453
2026-08-08T00:01:18.869980+00:00,1786147278,18705,531 WhiteRock/WillowBrook,15259155,5335,54,-449
2026-08-08T00:01:18.869980+00:00,1786147278,18705,531 WhiteRock/WillowBrook,15259155,7100,55,-413
2026-08-08T00:01:18.869980+00:00,1786147278,18705,531 WhiteRock/WillowBrook,15259176,11736,11,182
2026-08-08T00:01:18.869980+00:00,1786147278,18705,531 WhiteRock/WillowBrook,15259176,12379,12,179
2026-08-08T00:01:18.869980+00:00,1786147278,18705,531 WhiteRock/WillowBrook,15259176,11738,13,153
2026-08-08T00:01:18.869980+00:00,1786147278,18705,531 WhiteRock/WillowBrook,15259176,11743,14,118
2026-08-08T00:01:18.869980+00:00,1786147278,18705,531 WhiteRock/WillowBrook,15259176,12306,15,52
2026-08-08T00:01:18.869980+00:00,1786147278,18705,531 WhiteRock/WillowBrook,15259176,12218,16,-1
2026-08-08T00:01:18.869980+00:00,1786147278,18705,531 WhiteRock/WillowBrook,15259176,11924,17,-71
2026-08-08T00:01:18.869980+00:00,1786147278,18705,531 WhiteRock/WillowBrook,15259176,13131,18,-110
2026-08-08T00:01:18.869980+00:00,1786147278,18705,531 WhiteRock/WillowBrook,15259176,11923,19,-138
2026-08-08T00:01:18.869980+00:00,1786147278,18705,531 WhiteRock/WillowBrook,15259176,12597,20,-209
2026-08-08T00:01:18.869980+00:00,1786147278,18705,531 WhiteRock/WillowBrook,15259176,11922,21,-224
2026-08-08T00:01:18.869980+00:00,1786147278,18705,531 WhiteRock/WillowBrook,15259176,11744,22,-212
2026-08-08T00:01:18.869980+00:00,1786147278,18705,531 WhiteRock/WillowBrook,15259176,11746,23,-228
2026-08-08T00:01:18.869980+00:00,1786147278,18705,531 WhiteRock/WillowBrook,15259176,11839,24,-225
2026-08-08T00:01:18.869980+00:00,1786147278,18705,531 WhiteRock/WillowBrook,15259176,12922,25,-241
2026-08-08T00:01:18.869980+00:00,1786147278,18705,531 WhiteRock/WillowBrook,15259176,12923,26,-274
2026-08-08T00:01:18.869980+00:00,1786147278,18705,531 WhiteRock/WillowBrook,15259176,12925,27,-267
2026-08-08T00:01:18.869980+00:00,1786147278,18705,531 WhiteRock/WillowBrook,15259176,12928,28,-294
2026-08-08T00:01:18.869980+00:00,1786147278,18705,531 WhiteRock/WillowBrook,15259176,12930,29,-313
2026-08-08T00:01:18.869980+00:00,1786147278,18705,531 WhiteRock/WillowBrook,15259176,13042,30,-328
2026-08-08T00:01:18.869980+00:00,1786147278,18705,531 WhiteRock/WillowBrook,15259176,8936,31,-317
2026-08-08T00:01:18.869980+00:00,1786147278,18705,531 WhiteRock/WillowBrook,15259176,9030,32,-329
2026-08-08T00:01:18.869980+00:00,1786147278,18705,531 WhiteRock/WillowBrook,15259176,8937,33,-350
2026-08-08T00:01:18.869980+00:00,1786147278,18705,531 WhiteRock/WillowBrook,15259176,8938,34,-352
2026-08-08T00:01:18.869980+00:00,1786147278,18705,531 WhiteRock/WillowBrook,15259176,7081,35,-354
2026-08-08T00:01:18.869980+00:00,1786147278,18705,531 WhiteRock/WillowBrook,15259176,7082,36,-361
2026-08-08T00:01:18.869980+00:00,1786147278,18705,531 WhiteRock/WillowBrook,15259176,7083,37,-390
2026-08-08T00:01:18.869980+00:00,1786147278,18705,531 WhiteRock/WillowBrook,15259176,7084,38,-409
2026-08-08T00:01:18.869980+00:00,1786147278,18705,531 WhiteRock/WillowBrook,15259176,7085,39,-445
2026-08-08T00:01:18.869980+00:00,1786147278,18705,531 WhiteRock/WillowBrook,15259176,8939,40,-458
2026-08-08T00:01:18.869980+00:00,1786147278,18705,531 WhiteRock/WillowBrook,15259176,7086,41,-468
2026-08-08T00:01:18.869980+00:00,1786147278,18705,531 WhiteRock/WillowBrook,15259176,8940,42,-495
2026-08-08T00:01:18.869980+00:00,1786147278,18705,531 WhiteRock/WillowBrook,15259176,5341,43,-507
2026-08-08T00:01:18.869980+00:00,1786147278,18705,531 WhiteRock/WillowBrook,15259176,5342,44,-507
2026-08-08T00:01:18.869980+00:00,1786147278,18705,531 WhiteRock/WillowBrook,15259176,12293,45,-488
2026-08-08T00:01:18.869980+00:00,1786147278,18705,531 WhiteRock/WillowBrook,15259176,12173,46,-423
2026-08-08T00:01:18.869980+00:00,1786147278,18705,531 WhiteRock/WillowBrook,15259176,9291,47,-448
2026-08-08T00:01:18.869980+00:00,1786147278,18705,531 WhiteRock/WillowBrook,15259176,9292,48,-453
2026-08-08T00:01:18.869980+00:00,1786147278,18705,531 WhiteRock/WillowBrook,15259176,11264,49,-426
2026-08-08T00:01:18.869980+00:00,1786147278,18705,531 WhiteRock/WillowBrook,15259176,9303,50,-425
2026-08-08T00:01:18.869980+00:00,1786147278,18705,531 WhiteRock/WillowBrook,15259176,9304,51,-432
2026-08-08T00:01:18.869980+00:00,1786147278,18705,531 WhiteRock/WillowBrook,15259176,6475,52,-387
2026-08-08T00:01:18.869980+00:00,1786147278,18705,531 WhiteRock/WillowBrook,15259176,6476,53,-394
2026-08-08T00:01:18.869980+00:00,1786147278,18705,531 WhiteRock/WillowBrook,15259176,5335,54,-388
2026-08-08T00:01:18.869980+00:00,1786147278,18705,531 WhiteRock/WillowBrook,15259176,7100,55,-347
2026-08-08T00:01:18.869980+00:00,1786147278,18705,531 WhiteRock/WillowBrook,15259207,9306,4,4221
2026-08-08T00:01:18.869980+00:00,1786147278,18705,531 WhiteRock/WillowBrook,15259207,11125,5,4200
2026-08-08T00:01:18.869980+00:00,1786147278,18705,531 WhiteRock/WillowBrook,15259207,9294,6,4191
2026-08-08T00:01:18.869980+00:00,1786147278,18705,531 WhiteRock/WillowBrook,15259207,9293,7,4180
2026-08-08T00:01:18.869980+00:00,1786147278,18705,531 WhiteRock/WillowBrook,15259207,11126,8,4189
2026-08-08T00:01:18.869980+00:00,1786147278,18705,531 WhiteRock/WillowBrook,15259207,7094,9,4158
2026-08-08T00:01:18.869980+00:00,1786147278,18705,531 WhiteRock/WillowBrook,15259207,7166,10,4140
2026-08-08T00:01:18.869980+00:00,1786147278,18705,531 WhiteRock/WillowBrook,15259207,7092,11,4176
2026-08-08T00:01:18.869980+00:00,1786147278,18705,531 WhiteRock/WillowBrook,15259207,10747,12,4195
2026-08-08T00:01:18.869980+00:00,1786147278,18705,531 WhiteRock/WillowBrook,15259207,5364,13,4205
2026-08-08T00:01:18.869980+00:00,1786147278,18705,531 WhiteRock/WillowBrook,15259207,11775,14,4227
2026-08-08T00:01:18.869980+00:00,1786147278,18705,531 WhiteRock/WillowBrook,15259207,7171,15,4198
2026-08-08T00:01:18.869980+00:00,1786147278,18705,531 WhiteRock/WillowBrook,15259207,7172,16,4158
2026-08-08T00:01:18.869980+00:00,1786147278,18705,531 WhiteRock/WillowBrook,15259207,7173,17,4146
2026-08-08T00:01:18.869980+00:00,1786147278,18705,531 WhiteRock/WillowBrook,15259207,7174,18,4106
2026-08-08T00:01:18.869980+00:00,1786147278,18705,531 WhiteRock/WillowBrook,15259207,7175,19,4096
2026-08-08T00:01:18.869980+00:00,1786147278,18705,531 WhiteRock/WillowBrook,15259207,7176,20,4067
2026-08-08T00:01:18.869980+00:00,1786147278,18705,531 WhiteRock/WillowBrook,15259207,7177,21,4069
2026-08-08T00:01:18.869980+00:00,1786147278,18705,531 WhiteRock/WillowBrook,15259207,8948,22,4037
2026-08-08T00:01:18.869980+00:00,1786147278,18705,531 WhiteRock/WillowBrook,15259207,9031,23,4016
2026-08-08T00:01:18.869980+00:00,1786147278,18705,531 WhiteRock/WillowBrook,15259207,12931,24,4011
2026-08-08T00:01:18.869980+00:00,1786147278,18705,531 WhiteRock/WillowBrook,15259207,13041,25,3976
2026-08-08T00:01:18.869980+00:00,1786147278,18705,531 WhiteRock/WillowBrook,15259207,12929,26,3954
2026-08-08T00:01:18.869980+00:00,1786147278,18705,531 WhiteRock/WillowBrook,15259207,12927,27,3919
2026-08-08T00:01:18.869980+00:00,1786147278,18705,531 WhiteRock/WillowBrook,15259207,12926,28,3912
2026-08-08T00:01:18.869980+00:00,1786147278,18705,531 WhiteRock/WillowBrook,15259207,12924,29,3890
2026-08-08T00:01:18.869980+00:00,1786147278,18705,531 WhiteRock/WillowBrook,15259207,11751,30,3897
2026-08-08T00:01:18.869980+00:00,1786147278,18705,531 WhiteRock/WillowBrook,15259207,11750,31,3853
2026-08-08T00:01:18.869980+00:00,1786147278,18705,531 WhiteRock/WillowBrook,15259207,11747,32,3825
2026-08-08T00:01:18.869980+00:00,1786147278,18705,531 WhiteRock/WillowBrook,15259207,11745,33,3816
2026-08-08T00:01:18.869980+00:00,1786147278,18705,531 WhiteRock/WillowBrook,15259207,13040,34,3808
2026-08-08T00:01:18.869980+00:00,1786147278,18705,531 WhiteRock/WillowBrook,15259207,12598,35,3782
2026-08-08T00:01:18.869980+00:00,1786147278,18705,531 WhiteRock/WillowBrook,15259207,11920,36,3720
2026-08-08T00:01:18.869980+00:00,1786147278,18705,531 WhiteRock/WillowBrook,15259207,13130,37,3682
2026-08-08T00:01:18.869980+00:00,1786147278,18705,531 WhiteRock/WillowBrook,15259207,11925,38,3645
2026-08-08T00:01:18.869980+00:00,1786147278,18705,531 WhiteRock/WillowBrook,15259207,12219,39,3617
2026-08-08T00:01:18.869980+00:00,1786147278,18705,531 WhiteRock/WillowBrook,15259207,11741,40,3467
2026-08-08T00:01:18.869980+00:00,1786147278,18705,531 WhiteRock/WillowBrook,15259207,11740,41,3447
2026-08-08T00:01:18.869980+00:00,1786147278,18705,531 WhiteRock/WillowBrook,15259207,11739,42,3496
2026-08-08T00:01:18.869980+00:00,1786147278,18705,531 WhiteRock/WillowBrook,15259207,11737,43,3543
2026-08-08T00:01:18.869980+00:00,1786147278,18705,531 WhiteRock/WillowBrook,15259207,11757,44,3509
2026-08-08T00:01:18.869980+00:00,1786147278,18705,531 WhiteRock/WillowBrook,15259207,11735,45,3548
2026-08-08T00:01:18.869980+00:00,1786147278,18705,531 WhiteRock/WillowBrook,15259207,11756,46,3554
2026-08-08T00:01:18.869980+00:00,1786147278,18705,531 WhiteRock/WillowBrook,15259207,5535,47,3584
2026-08-08T00:01:18.869980+00:00,1786147278,18705,531 WhiteRock/WillowBrook,15259207,5536,48,3560
2026-08-08T00:01:18.869980+00:00,1786147278,18705,531 WhiteRock/WillowBrook,15259207,5537,49,3560
2026-08-08T00:01:18.869980+00:00,1786147278,18705,531 WhiteRock/WillowBrook,15259207,5538,50,3552
2026-08-08T00:01:18.869980+00:00,1786147278,18705,531 WhiteRock/WillowBrook,15259207,5539,51,3562
2026-08-08T00:01:18.869980+00:00,1786147278,18705,531 WhiteRock/WillowBrook,15259207,5540,52,3572
2026-08-08T00:01:18.869980+00:00,1786147278,18705,531 WhiteRock/WillowBrook,15259208,12924,29,207
2026-08-08T00:01:18.869980+00:00,1786147278,18705,531 WhiteRock/WillowBrook,15259208,11751,30,214
2026-08-08T00:01:18.869980+00:00,1786147278,18705,531 WhiteRock/WillowBrook,15259208,11750,31,169
2026-08-08T00:01:18.869980+00:00,1786147278,18705,531 WhiteRock/WillowBrook,15259208,11747,32,141
2026-08-08T00:01:18.869980+00:00,1786147278,18705,531 WhiteRock/WillowBrook,15259208,11745,33,134
2026-08-08T00:01:18.869980+00:00,1786147278,18705,531 WhiteRock/WillowBrook,15259208,13040,34,126
2026-08-08T00:01:18.869980+00:00,1786147278,18705,531 WhiteRock/WillowBrook,15259208,12598,35,100
2026-08-08T00:01:18.869980+00:00,1786147278,18705,531 WhiteRock/WillowBrook,15259208,11920,36,38
2026-08-08T00:01:18.869980+00:00,1786147278,18705,531 WhiteRock/WillowBrook,15259208,13130,37,0
2026-08-08T00:01:18.869980+00:00,1786147278,18705,531 WhiteRock/WillowBrook,15259208,11925,38,-37
2026-08-08T00:01:18.869980+00:00,1786147278,18705,531 WhiteRock/WillowBrook,15259208,12219,39,-65
2026-08-08T00:01:18.869980+00:00,1786147278,18705,531 WhiteRock/WillowBrook,15259208,11741,40,-214
2026-08-08T00:01:18.869980+00:00,1786147278,18705,531 WhiteRock/WillowBrook,15259208,11740,41,-234
2026-08-08T00:01:18.869980+00:00,1786147278,18705,531 WhiteRock/WillowBrook,15259208,11739,42,-182
2026-08-08T00:01:18.869980+00:00,1786147278,18705,531 WhiteRock/WillowBrook,15259208,11737,43,-140
2026-08-08T00:01:18.869980+00:00,1786147278,18705,531 WhiteRock/WillowBrook,15259208,11757,44,-176
2026-08-08T00:01:18.869980+00:00,1786147278,18705,531 WhiteRock/WillowBrook,15259208,11735,45,-137
2026-08-08T00:01:18.869980+00:00,1786147278,18705,531 WhiteRock/WillowBrook,15259208,11756,46,-130
2026-08-08T00:01:18.869980+00:00,1786147278,18705,531 WhiteRock/WillowBrook,15259208,5535,47,-99
2026-08-08T00:01:18.869980+00:00,1786147278,18705,531 WhiteRock/WillowBrook,15259208,5536,48,-121
2026-08-08T00:01:18.869980+00:00,1786147278,18705,531 WhiteRock/WillowBrook,15259208,5537,49,-115
2026-08-08T00:01:18.869980+00:00,1786147278,18705,531 WhiteRock/WillowBrook,15259208,5538,50,-124
2026-08-08T00:01:18.869980+00:00,1786147278,18705,531 WhiteRock/WillowBrook,15259208,5539,51,-121
2026-08-08T00:01:18.869980+00:00,1786147278,18705,531 WhiteRock/WillowBrook,15259208,5540,52,-114
2026-08-08T00:01:18.869980+00:00,1786147278,18705,531 WhiteRock/WillowBrook,15259209,7092,11,177
2026-08-08T00:01:18.869980+00:00,1786147278,18705,531 WhiteRock/WillowBrook,15259209,10747,12,194
2026-08-08T00:01:18.869980+00:00,1786147278,18705,531 WhiteRock/WillowBrook,15259209,5364,13,204
2026-08-08T00:01:18.869980+00:00,1786147278,18705,531 WhiteRock/WillowBrook,15259209,11775,14,227
2026-08-08T00:01:18.869980+00:00,1786147278,18705,531 WhiteRock/WillowBrook,15259209,7171,15,198
2026-08-08T00:01:18.869980+00:00,1786147278,18705,531 WhiteRock/WillowBrook,15259209,7172,16,159
2026-08-08T00:01:18.869980+00:00,1786147278,18705,531 WhiteRock/WillowBrook,15259209,7173,17,147
2026-08-08T00:01:18.869980+00:00,1786147278,18705,531 WhiteRock/WillowBrook,15259209,7174,18,107
2026-08-08T00:01:18.869980+00:00,1786147278,18705,531 WhiteRock/WillowBrook,15259209,7175,19,98
2026-08-08T00:01:18.869980+00:00,1786147278,18705,531 WhiteRock/WillowBrook,15259209,7176,20,69
2026-08-08T00:01:18.869980+00:00,1786147278,18705,531 WhiteRock/WillowBrook,15259209,7177,21,72
2026-08-08T00:01:18.869980+00:00,1786147278,18705,531 WhiteRock/WillowBrook,15259209,8948,22,41
2026-08-08T00:01:18.869980+00:00,1786147278,18705,531 WhiteRock/WillowBrook,15259209,9031,23,21
2026-08-08T00:01:18.869980+00:00,1786147278,18705,531 WhiteRock/WillowBrook,15259209,12931,24,16
2026-08-08T00:01:18.869980+00:00,1786147278,18705,531 WhiteRock/WillowBrook,15259209,13041,25,-19
2026-08-08T00:01:18.869980+00:00,1786147278,18705,531 WhiteRock/WillowBrook,15259209,12929,26,-38
2026-08-08T00:01:18.869980+00:00,1786147278,18705,531 WhiteRock/WillowBrook,15259209,12927,27,-71
2026-08-08T00:01:18.869980+00:00,1786147278,18705,531 WhiteRock/WillowBrook,15259209,12926,28,-77
2026-08-08T00:01:18.869980+00:00,1786147278,18705,531 WhiteRock/WillowBrook,15259209,12924,29,-98
2026-08-08T00:01:18.869980+00:00,1786147278,18705,531 WhiteRock/WillowBrook,15259209,11751,30,-91
2026-08-08T00:01:18.869980+00:00,1786147278,18705,531 WhiteRock/WillowBrook,15259209,11750,31,-131
2026-08-08T00:01:18.869980+00:00,1786147278,18705,531 WhiteRock/WillowBrook,15259209,11747,32,-159
2026-08-08T00:01:18.869980+00:00,1786147278,18705,531 WhiteRock/WillowBrook,15259209,11745,33,-162
2026-08-08T00:01:18.869980+00:00,1786147278,18705,531 WhiteRock/WillowBrook,15259209,13040,34,-170
2026-08-08T00:01:18.869980+00:00,1786147278,18705,531 WhiteRock/WillowBrook,15259209,12598,35,-196
2026-08-08T00:01:18.869980+00:00,1786147278,18705,531 WhiteRock/WillowBrook,15259209,11920,36,-258
2026-08-08T00:01:18.869980+00:00,1786147278,18705,531 WhiteRock/WillowBrook,15259209,13130,37,-296
2026-08-08T00:01:18.869980+00:00,1786147278,18705,531 WhiteRock/WillowBrook,15259209,11925,38,-333
2026-08-08T00:01:18.869980+00:00,1786147278,18705,531 WhiteRock/WillowBrook,15259209,12219,39,-361
2026-08-08T00:01:18.869980+00:00,1786147278,18705,531 WhiteRock/WillowBrook,15259209,11741,40,-510
2026-08-08T00:01:18.869980+00:00,1786147278,18705,531 WhiteRock/WillowBrook,15259209,11740,41,-530
2026-08-08T00:01:18.869980+00:00,1786147278,18705,531 WhiteRock/WillowBrook,15259209,11739,42,-479
2026-08-08T00:01:18.869980+00:00,1786147278,18705,531 WhiteRock/WillowBrook,15259209,11737,43,-437
2026-08-08T00:01:18.869980+00:00,1786147278,18705,531 WhiteRock/WillowBrook,15259209,11757,44,-474
2026-08-08T00:01:18.869980+00:00,1786147278,18705,531 WhiteRock/WillowBrook,15259209,11735,45,-435
2026-08-08T00:01:18.869980+00:00,1786147278,18705,531 WhiteRock/WillowBrook,15259209,11756,46,-428
2026-08-08T00:01:18.869980+00:00,1786147278,18705,531 WhiteRock/WillowBrook,15259209,5535,47,-397
2026-08-08T00:01:18.869980+00:00,1786147278,18705,531 WhiteRock/WillowBrook,15259209,5536,48,-420
2026-08-08T00:01:18.869980+00:00,1786147278,18705,531 WhiteRock/WillowBrook,15259209,5537,49,-415
2026-08-08T00:01:18.869980+00:00,1786147278,18705,531 WhiteRock/WillowBrook,15259209,5538,50,-422
2026-08-08T00:01:18.869980+00:00,1786147278,18705,531 WhiteRock/WillowBrook,15259209,5539,51,-419
2026-08-08T00:01:18.869980+00:00,1786147278,18705,531 WhiteRock/WillowBrook,15259209,5540,52,-412
2026-08-08T00:01:18.869980+00:00,1786147278,18705,531 WhiteRock/WillowBrook,15259221,11756,46,-168
2026-08-08T00:01:18.869980+00:00,1786147278,18705,531 WhiteRock/WillowBrook,15259221,5535,47,-137
2026-08-08T00:01:18.869980+00:00,1786147278,18705,531 WhiteRock/WillowBrook,15259221,5536,48,-162
2026-08-08T00:01:18.869980+00:00,1786147278,18705,531 WhiteRock/WillowBrook,15259221,5537,49,-150
2026-08-08T00:01:18.869980+00:00,1786147278,18705,531 WhiteRock/WillowBrook,15259221,5538,50,-158
2026-08-08T00:01:18.869980+00:00,1786147278,18705,531 WhiteRock/WillowBrook,15259221,5539,51,-145
2026-08-08T00:01:18.869980+00:00,1786147278,18705,531 WhiteRock/WillowBrook,15259221,5540,52,-136
2026-08-08T00:01:18.869980+00:00,1786147278,18705,531 WhiteRock/WillowBrook,15259222,11754,1,0
2026-08-08T00:01:18.869980+00:00,1786147278,18705,531 WhiteRock/WillowBrook,15259222,6473,2,0
2026-08-08T00:01:18.869980+00:00,1786147278,18705,531 WhiteRock/WillowBrook,15259222,6474,3,0
2026-08-08T00:01:18.869980+00:00,1786147278,18705,531 WhiteRock/WillowBrook,15259222,9306,4,0
2026-08-08T00:01:18.869980+00:00,1786147278,18705,531 WhiteRock/WillowBrook,15259222,11125,5,0
2026-08-08T00:01:18.869980+00:00,1786147278,18705,531 WhiteRock/WillowBrook,15259222,9294,6,0
2026-08-08T00:01:18.869980+00:00,1786147278,18705,531 WhiteRock/WillowBrook,15259222,9293,7,0
2026-08-08T00:01:18.869980+00:00,1786147278,18705,531 WhiteRock/WillowBrook,15259222,11126,8,0
2026-08-08T00:01:18.869980+00:00,1786147278,18705,531 WhiteRock/WillowBrook,15259222,7094,9,0
2026-08-08T00:01:18.869980+00:00,1786147278,18705,531 WhiteRock/WillowBrook,15259222,7166,10,0
2026-08-08T00:01:18.869980+00:00,1786147278,18705,531 WhiteRock/WillowBrook,15259222,7092,11,0
2026-08-08T00:01:18.869980+00:00,1786147278,18705,531 WhiteRock/WillowBrook,15259222,10747,12,0
2026-08-08T00:01:18.869980+00:00,1786147278,18705,531 WhiteRock/WillowBrook,15259222,5364,13,0
2026-08-08T00:01:18.869980+00:00,1786147278,18705,531 WhiteRock/WillowBrook,15259222,11775,14,0
2026-08-08T00:01:18.869980+00:00,1786147278,18705,531 WhiteRock/WillowBrook,15259222,7171,15,0
2026-08-08T00:01:18.869980+00:00,1786147278,18705,531 WhiteRock/WillowBrook,15259222,7172,16,0
2026-08-08T00:01:18.869980+00:00,1786147278,18705,531 WhiteRock/WillowBrook,15259222,7173,17,0
2026-08-08T00:01:18.869980+00:00,1786147278,18705,531 WhiteRock/WillowBrook,15259222,7174,18,0
2026-08-08T00:01:18.869980+00:00,1786147278,18705,531 WhiteRock/WillowBrook,15259222,7175,19,0
2026-08-08T00:01:18.869980+00:00,1786147278,18705,531 WhiteRock/WillowBrook,15259222,7176,20,0
2026-08-08T00:01:18.869980+00:00,1786147278,18705,531 WhiteRock/WillowBrook,15259222,7177,21,0
2026-08-08T00:01:18.869980+00:00,1786147278,18705,531 WhiteRock/WillowBrook,15259222,8948,22,0
2026-08-08T00:01:18.869980+00:00,1786147278,18705,531 WhiteRock/WillowBrook,15259222,9031,23,0
2026-08-08T00:01:18.869980+00:00,1786147278,18705,531 WhiteRock/WillowBrook,15259222,12931,24,0
2026-08-08T00:01:18.869980+00:00,1786147278,18705,531 WhiteRock/WillowBrook,15259222,13041,25,0
2026-08-08T00:01:18.869980+00:00,1786147278,18705,531 WhiteRock/WillowBrook,15259222,12929,26,0
2026-08-08T00:01:18.869980+00:00,1786147278,18705,531 WhiteRock/WillowBrook,15259222,12927,27,0
2026-08-08T00:01:18.869980+00:00,1786147278,18705,531 WhiteRock/WillowBrook,15259222,12926,28,0
2026-08-08T00:01:18.869980+00:00,1786147278,18705,531 WhiteRock/WillowBrook,15259222,12924,29,0
2026-08-08T00:01:18.869980+00:00,1786147278,18705,531 WhiteRock/WillowBrook,15259222,11751,30,0
2026-08-08T00:01:18.869980+00:00,1786147278,18705,531 WhiteRock/WillowBrook,15259222,11750,31,0
2026-08-08T00:01:18.869980+00:00,1786147278,18705,531 WhiteRock/WillowBrook,15259222,11747,32,0
2026-08-08T00:01:18.869980+00:00,1786147278,18705,531 WhiteRock/WillowBrook,15259222,11745,33,0
2026-08-08T00:01:18.869980+00:00,1786147278,18705,531 WhiteRock/WillowBrook,15259222,13040,34,0
2026-08-08T00:01:18.869980+00:00,1786147278,18705,531 WhiteRock/WillowBrook,15259222,12598,35,0
2026-08-08T00:01:18.869980+00:00,1786147278,18705,531 WhiteRock/WillowBrook,15259222,11920,36,0
2026-08-08T00:01:18.869980+00:00,1786147278,18705,531 WhiteRock/WillowBrook,15259222,13130,37,0
2026-08-08T00:01:18.869980+00:00,1786147278,18705,531 WhiteRock/WillowBrook,15259222,11925,38,0
2026-08-08T00:01:18.869980+00:00,1786147278,18705,531 WhiteRock/WillowBrook,15259222,12219,39,0
2026-08-08T00:01:18.869980+00:00,1786147278,18705,531 WhiteRock/WillowBrook,15259222,11741,40,0
2026-08-08T00:01:18.869980+00:00,1786147278,18705,531 WhiteRock/WillowBrook,15259222,11740,41,0
2026-08-08T00:01:18.869980+00:00,1786147278,18705,531 WhiteRock/WillowBrook,15259222,11739,42,0
2026-08-08T00:01:18.869980+00:00,1786147278,18705,531 WhiteRock/WillowBrook,15259222,11737,43,0
2026-08-08T00:01:18.869980+00:00,1786147278,18705,531 WhiteRock/WillowBrook,15259222,11757,44,0
2026-08-08T00:01:18.869980+00:00,1786147278,18705,531 WhiteRock/WillowBrook,15259222,11735,45,0
2026-08-08T00:01:18.869980+00:00,1786147278,18705,531 WhiteRock/WillowBrook,15259222,11756,46,0
2026-08-08T00:01:18.869980+00:00,1786147278,18705,531 WhiteRock/WillowBrook,15259222,5535,47,0
2026-08-08T00:01:18.869980+00:00,1786147278,18705,531 WhiteRock/WillowBrook,15259222,5536,48,0
2026-08-08T00:01:18.869980+00:00,1786147278,18705,531 WhiteRock/WillowBrook,15259222,5537,49,0
2026-08-08T00:01:18.869980+00:00,1786147278,18705,531 WhiteRock/WillowBrook,15259222,5538,50,0
2026-08-08T00:01:18.869980+00:00,1786147278,18705,531 WhiteRock/WillowBrook,15259222,5539,51,0
2026-08-08T00:01:18.869980+00:00,1786147278,18705,531 WhiteRock/WillowBrook,15259222,5540,52,0
2026-08-08T00:05:58.535059+00:00,1786147548,6705,321 Surrey Central/WhiteRock,15247048,11882,56,533
2026-08-08T00:05:58.535059+00:00,1786147548,6705,321 Surrey Central/WhiteRock,15247048,10442,57,616
2026-08-08T00:05:58.535059+00:00,1786147548,6705,321 Surrey Central/WhiteRock,15247048,9929,58,638
2026-08-08T00:05:58.535059+00:00,1786147548,6705,321 Surrey Central/WhiteRock,15247048,9930,59,580
2026-08-08T00:05:58.535059+00:00,1786147548,6705,321 Surrey Central/WhiteRock,15247048,9932,60,483
2026-08-08T00:05:58.535059+00:00,1786147548,6705,321 Surrey Central/WhiteRock,15247049,11882,56,100
2026-08-08T00:05:58.535059+00:00,1786147548,6705,321 Surrey Central/WhiteRock,15247049,10442,57,183
2026-08-08T00:05:58.535059+00:00,1786147548,6705,321 Surrey Central/WhiteRock,15247049,9929,58,205
2026-08-08T00:05:58.535059+00:00,1786147548,6705,321 Surrey Central/WhiteRock,15247049,9930,59,147
2026-08-08T00:05:58.535059+00:00,1786147548,6705,321 Surrey Central/WhiteRock,15247049,9932,60,50
2026-08-08T00:05:58.535059+00:00,1786147548,6705,321 Surrey Central/WhiteRock,15247050,5472,46,174
2026-08-08T00:05:58.535059+00:00,1786147548,6705,321 Surrey Central/WhiteRock,15247050,5473,47,126
2026-08-08T00:05:58.535059+00:00,1786147548,6705,321 Surrey Central/WhiteRock,15247050,5474,48,120
2026-08-08T00:05:58.535059+00:00,1786147548,6705,321 Surrey Central/WhiteRock,15247050,5475,49,72
2026-08-08T00:05:58.535059+00:00,1786147548,6705,321 Surrey Central/WhiteRock,15247050,5476,50,44
2026-08-08T00:05:58.535059+00:00,1786147548,6705,321 Surrey Central/WhiteRock,15247050,5477,51,21
2026-08-08T00:05:58.535059+00:00,1786147548,6705,321 Surrey Central/WhiteRock,15247050,11725,52,-4
2026-08-08T00:05:58.535059+00:00,1786147548,6705,321 Surrey Central/WhiteRock,15247050,5040,53,17
2026-08-08T00:05:58.535059+00:00,1786147548,6705,321 Surrey Central/WhiteRock,15247050,5041,54,23
2026-08-08T00:05:58.535059+00:00,1786147548,6705,321 Surrey Central/WhiteRock,15247050,12155,55,36
2026-08-08T00:05:58.535059+00:00,1786147548,6705,321 Surrey Central/WhiteRock,15247050,11882,56,61
2026-08-08T00:05:58.535059+00:00,1786147548,6705,321 Surrey Central/WhiteRock,15247050,10442,57,143
2026-08-08T00:05:58.535059+00:00,1786147548,6705,321 Surrey Central/WhiteRock,15247050,9929,58,164
2026-08-08T00:05:58.535059+00:00,1786147548,6705,321 Surrey Central/WhiteRock,15247050,9930,59,106
2026-08-08T00:05:58.535059+00:00,1786147548,6705,321 Surrey Central/WhiteRock,15247050,9932,60,8
2026-08-08T00:05:58.535059+00:00,1786147548,6705,321 Surrey Central/WhiteRock,15247051,5700,38,177
2026-08-08T00:05:58.535059+00:00,1786147548,6705,321 Surrey Central/WhiteRock,15247051,5465,39,135
2026-08-08T00:05:58.535059+00:00,1786147548,6705,321 Surrey Central/WhiteRock,15247051,5466,40,90
2026-08-08T00:05:58.535059+00:00,1786147548,6705,321 Surrey Central/WhiteRock,15247051,5467,41,100
2026-08-08T00:05:58.535059+00:00,1786147548,6705,321 Surrey Central/WhiteRock,15247051,5468,42,74
2026-08-08T00:05:58.535059+00:00,1786147548,6705,321 Surrey Central/WhiteRock,15247051,5469,43,31
2026-08-08T00:05:58.535059+00:00,1786147548,6705,321 Surrey Central/WhiteRock,15247051,5470,44,4
2026-08-08T00:05:58.535059+00:00,1786147548,6705,321 Surrey Central/WhiteRock,15247051,5471,45,-31
2026-08-08T00:05:58.535059+00:00,1786147548,6705,321 Surrey Central/WhiteRock,15247051,5472,46,-58
2026-08-08T00:05:58.535059+00:00,1786147548,6705,321 Surrey Central/WhiteRock,15247051,5473,47,-106
2026-08-08T00:05:58.535059+00:00,1786147548,6705,321 Surrey Central/WhiteRock,15247051,5474,48,-112
2026-08-08T00:05:58.535059+00:00,1786147548,6705,321 Surrey Central/WhiteRock,15247051,5475,49,-160
2026-08-08T00:05:58.535059+00:00,1786147548,6705,321 Surrey Central/WhiteRock,15247051,5476,50,-191
2026-08-08T00:05:58.535059+00:00,1786147548,6705,321 Surrey Central/WhiteRock,15247051,5477,51,-214
2026-08-08T00:05:58.535059+00:00,1786147548,6705,321 Surrey Central/WhiteRock,15247051,11725,52,-239
2026-08-08T00:05:58.535059+00:00,1786147548,6705,321 Surrey Central/WhiteRock,15247051,5040,53,-217
2026-08-08T00:05:58.535059+00:00,1786147548,6705,321 Surrey Central/WhiteRock,15247051,5041,54,-211
2026-08-08T00:05:58.535059+00:00,1786147548,6705,321 Surrey Central/WhiteRock,15247051,12155,55,-199
2026-08-08T00:05:58.535059+00:00,1786147548,6705,321 Surrey Central/WhiteRock,15247051,11882,56,0
2026-08-08T00:05:58.535059+00:00,1786147548,6705,321 Surrey Central/WhiteRock,15247051,10442,57,94
2026-08-08T00:05:58.535059+00:00,1786147548,6705,321 Surrey Central/WhiteRock,15247051,9929,58,123
2026-08-08T00:05:58.535059+00:00,1786147548,6705,321 Surrey Central/WhiteRock,15247051,9930,59,73
2026-08-08T00:05:58.535059+00:00,1786147548,6705,321 Surrey Central/WhiteRock,15247051,9932,60,-13
2026-08-08T00:05:58.535059+00:00,1786147548,6705,321 Surrey Central/WhiteRock,15247052,5447,20,-49
2026-08-08T00:05:58.535059+00:00,1786147548,6705,321 Surrey Central/WhiteRock,15247052,5448,21,-44
2026-08-08T00:05:58.535059+00:00,1786147548,6705,321 Surrey Central/WhiteRock,15247052,10437,22,-43
2026-08-08T00:05:58.535059+00:00,1786147548,6705,321 Surrey Central/WhiteRock,15247052,5449,23,-99
2026-08-08T00:05:58.535059+00:00,1786147548,6705,321 Surrey Central/WhiteRock,15247052,11313,24,-141
2026-08-08T00:05:58.535059+00:00,1786147548,6705,321 Surrey Central/WhiteRock,15247052,10808,25,-290
2026-08-08T00:05:58.535059+00:00,1786147548,6705,321 Surrey Central/WhiteRock,15247052,5452,26,-352
2026-08-08T00:05:58.535059+00:00,1786147548,6705,321 Surrey Central/WhiteRock,15247052,11913,27,-371
2026-08-08T00:05:58.535059+00:00,1786147548,6705,321 Surrey Central/WhiteRock,15247052,5454,28,-382
2026-08-08T00:05:58.535059+00:00,1786147548,6705,321 Surrey Central/WhiteRock,15247052,5455,29,-385
2026-08-08T00:05:58.535059+00:00,1786147548,6705,321 Surrey Central/WhiteRock,15247052,5456,30,-275
2026-08-08T00:05:58.535059+00:00,1786147548,6705,321 Surrey Central/WhiteRock,15247052,12651,31,-305
2026-08-08T00:05:58.535059+00:00,1786147548,6705,321 Surrey Central/WhiteRock,15247052,5458,32,-307
2026-08-08T00:05:58.535059+00:00,1786147548,6705,321 Surrey Central/WhiteRock,15247052,5459,33,-299
2026-08-08T00:05:58.535059+00:00,1786147548,6705,321 Surrey Central/WhiteRock,15247052,5460,34,-307
2026-08-08T00:05:58.535059+00:00,1786147548,6705,321 Surrey Central/WhiteRock,15247052,5461,35,-316
2026-08-08T00:05:58.535059+00:00,1786147548,6705,321 Surrey Central/WhiteRock,15247052,5462,36,-322
2026-08-08T00:05:58.535059+00:00,1786147548,6705,321 Surrey Central/WhiteRock,15247052,5463,37,-265
2026-08-08T00:05:58.535059+00:00,1786147548,6705,321 Surrey Central/WhiteRock,15247052,5700,38,0
2026-08-08T00:05:58.535059+00:00,1786147548,6705,321 Surrey Central/WhiteRock,15247052,5465,39,10
2026-08-08T00:05:58.535059+00:00,1786147548,6705,321 Surrey Central/WhiteRock,15247052,5466,40,-37
2026-08-08T00:05:58.535059+00:00,1786147548,6705,321 Surrey Central/WhiteRock,15247052,5467,41,-27
2026-08-08T00:05:58.535059+00:00,1786147548,6705,321 Surrey Central/WhiteRock,15247052,5468,42,-56
2026-08-08T00:05:58.535059+00:00,1786147548,6705,321 Surrey Central/WhiteRock,15247052,5469,43,-97
2026-08-08T00:05:58.535059+00:00,1786147548,6705,321 Surrey Central/WhiteRock,15247052,5470,44,-124
2026-08-08T00:05:58.535059+00:00,1786147548,6705,321 Surrey Central/WhiteRock,15247052,5471,45,-158
2026-08-08T00:05:58.535059+00:00,1786147548,6705,321 Surrey Central/WhiteRock,15247052,5472,46,-183
2026-08-08T00:05:58.535059+00:00,1786147548,6705,321 Surrey Central/WhiteRock,15247052,5473,47,-231
2026-08-08T00:05:58.535059+00:00,1786147548,6705,321 Surrey Central/WhiteRock,15247052,5474,48,-237
2026-08-08T00:05:58.535059+00:00,1786147548,6705,321 Surrey Central/WhiteRock,15247052,5475,49,-286
2026-08-08T00:05:58.535059+00:00,1786147548,6705,321 Surrey Central/WhiteRock,15247052,5476,50,-314
2026-08-08T00:05:58.535059+00:00,1786147548,6705,321 Surrey Central/WhiteRock,15247052,5477,51,-336
2026-08-08T00:05:58.535059+00:00,1786147548,6705,321 Surrey Central/WhiteRock,15247052,11725,52,-362
2026-08-08T00:05:58.535059+00:00,1786147548,6705,321 Surrey Central/WhiteRock,15247052,5040,53,-349
2026-08-08T00:05:58.535059+00:00,1786147548,6705,321 Surrey Central/WhiteRock,15247052,5041,54,-343
2026-08-08T00:05:58.535059+00:00,1786147548,6705,321 Surrey Central/WhiteRock,15247052,12155,55,-331
2026-08-08T00:05:58.535059+00:00,1786147548,6705,321 Surrey Central/WhiteRock,15247052,11882,56,0
2026-08-08T00:05:58.535059+00:00,1786147548,6705,321 Surrey Central/WhiteRock,15247052,10442,57,92
2026-08-08T00:05:58.535059+00:00,1786147548,6705,321 Surrey Central/WhiteRock,15247052,9929,58,104
2026-08-08T00:05:58.535059+00:00,1786147548,6705,321 Surrey Central/WhiteRock,15247052,9930,59,56
2026-08-08T00:05:58.535059+00:00,1786147548,6705,321 Surrey Central/WhiteRock,15247052,9932,60,-28
2026-08-08T00:05:58.535059+00:00,1786147548,6705,321 Surrey Central/WhiteRock,15247053,6200,4,168
2026-08-08T00:05:58.535059+00:00,1786147548,6705,321 Surrey Central/WhiteRock,15247053,6201,5,161
2026-08-08T00:05:58.535059+00:00,1786147548,6705,321 Surrey Central/WhiteRock,15247053,6354,6,177
2026-08-08T00:05:58.535059+00:00,1786147548,6705,321 Surrey Central/WhiteRock,15247053,6355,7,164
2026-08-08T00:05:58.535059+00:00,1786147548,6705,321 Surrey Central/WhiteRock,15247053,6356,8,156
2026-08-08T00:05:58.535059+00:00,1786147548,6705,321 Surrey Central/WhiteRock,15247053,6174,9,219
2026-08-08T00:05:58.535059+00:00,1786147548,6705,321 Surrey Central/WhiteRock,15247053,5437,10,218
2026-08-08T00:05:58.535059+00:00,1786147548,6705,321 Surrey Central/WhiteRock,15247053,5438,11,214
2026-08-08T00:05:58.535059+00:00,1786147548,6705,321 Surrey Central/WhiteRock,15247053,5439,12,230
2026-08-08T00:05:58.535059+00:00,1786147548,6705,321 Surrey Central/WhiteRock,15247053,5440,13,209
2026-08-08T00:05:58.535059+00:00,1786147548,6705,321 Surrey Central/WhiteRock,15247053,5441,14,248
2026-08-08T00:05:58.535059+00:00,1786147548,6705,321 Surrey Central/WhiteRock,15247053,5442,15,223
2026-08-08T00:05:58.535059+00:00,1786147548,6705,321 Surrey Central/WhiteRock,15247053,5444,16,232
2026-08-08T00:05:58.535059+00:00,1786147548,6705,321 Surrey Central/WhiteRock,15247053,9083,17,207
2026-08-08T00:05:58.535059+00:00,1786147548,6705,321 Surrey Central/WhiteRock,15247053,5446,18,212
2026-08-08T00:05:58.535059+00:00,1786147548,6705,321 Surrey Central/WhiteRock,15247053,10445,19,203
2026-08-08T00:05:58.535059+00:00,1786147548,6705,321 Surrey Central/WhiteRock,15247053,5447,20,165
2026-08-08T00:05:58.535059+00:00,1786147548,6705,321 Surrey Central/WhiteRock,15247053,5448,21,168
2026-08-08T00:05:58.535059+00:00,1786147548,6705,321 Surrey Central/WhiteRock,15247053,10437,22,166
2026-08-08T00:05:58.535059+00:00,1786147548,6705,321 Surrey Central/WhiteRock,15247053,5449,23,110
2026-08-08T00:05:58.535059+00:00,1786147548,6705,321 Surrey Central/WhiteRock,15247053,11313,24,68
2026-08-08T00:05:58.535059+00:00,1786147548,6705,321 Surrey Central/WhiteRock,15247053,10808,25,-81
2026-08-08T00:05:58.535059+00:00,1786147548,6705,321 Surrey Central/WhiteRock,15247053,5452,26,-142
2026-08-08T00:05:58.535059+00:00,1786147548,6705,321 Surrey Central/WhiteRock,15247053,11913,27,-161
2026-08-08T00:05:58.535059+00:00,1786147548,6705,321 Surrey Central/WhiteRock,15247053,5454,28,-172
2026-08-08T00:05:58.535059+00:00,1786147548,6705,321 Surrey Central/WhiteRock,15247053,5455,29,-175
2026-08-08T00:05:58.535059+00:00,1786147548,6705,321 Surrey Central/WhiteRock,15247053,5456,30,-65
2026-08-08T00:05:58.535059+00:00,1786147548,6705,321 Surrey Central/WhiteRock,15247053,12651,31,-95
2026-08-08T00:05:58.535059+00:00,1786147548,6705,321 Surrey Central/WhiteRock,15247053,5458,32,-96
2026-08-08T00:05:58.535059+00:00,1786147548,6705,321 Surrey Central/WhiteRock,15247053,5459,33,-88
2026-08-08T00:05:58.535059+00:00,1786147548,6705,321 Surrey Central/WhiteRock,15247053,5460,34,-96
2026-08-08T00:05:58.535059+00:00,1786147548,6705,321 Surrey Central/WhiteRock,15247053,5461,35,-105
2026-08-08T00:05:58.535059+00:00,1786147548,6705,321 Surrey Central/WhiteRock,15247053,5462,36,-111
2026-08-08T00:05:58.535059+00:00,1786147548,6705,321 Surrey Central/WhiteRock,15247053,5463,37,-53
2026-08-08T00:05:58.535059+00:00,1786147548,6705,321 Surrey Central/WhiteRock,15247053,5700,38,66
2026-08-08T00:05:58.535059+00:00,1786147548,6705,321 Surrey Central/WhiteRock,15247053,5465,39,78
2026-08-08T00:05:58.535059+00:00,1786147548,6705,321 Surrey Central/WhiteRock,15247053,5466,40,31
2026-08-08T00:05:58.535059+00:00,1786147548,6705,321 Surrey Central/WhiteRock,15247053,5467,41,41
2026-08-08T00:05:58.535059+00:00,1786147548,6705,321 Surrey Central/WhiteRock,15247053,5468,42,12
2026-08-08T00:05:58.535059+00:00,1786147548,6705,321 Surrey Central/WhiteRock,15247053,5469,43,-33
2026-08-08T00:05:58.535059+00:00,1786147548,6705,321 Surrey Central/WhiteRock,15247053,5470,44,-61
2026-08-08T00:05:58.535059+00:00,1786147548,6705,321 Surrey Central/WhiteRock,15247053,5471,45,-95
2026-08-08T00:05:58.535059+00:00,1786147548,6705,321 Surrey Central/WhiteRock,15247053,5472,46,-122
2026-08-08T00:05:58.535059+00:00,1786147548,6705,321 Surrey Central/WhiteRock,15247053,5473,47,-170
2026-08-08T00:05:58.535059+00:00,1786147548,6705,321 Surrey Central/WhiteRock,15247053,5474,48,-176
2026-08-08T00:05:58.535059+00:00,1786147548,6705,321 Surrey Central/WhiteRock,15247053,5475,49,-225
2026-08-08T00:05:58.535059+00:00,1786147548,6705,321 Surrey Central/WhiteRock,15247053,5476,50,-256
2026-08-08T00:05:58.535059+00:00,1786147548,6705,321 Surrey Central/WhiteRock,15247053,5477,51,-278
2026-08-08T00:05:58.535059+00:00,1786147548,6705,321 Surrey Central/WhiteRock,15247053,11725,52,-304
2026-08-08T00:05:58.535059+00:00,1786147548,6705,321 Surrey Central/WhiteRock,15247053,5040,53,-288
2026-08-08T00:05:58.535059+00:00,1786147548,6705,321 Surrey Central/WhiteRock,15247053,5041,54,-282
2026-08-08T00:05:58.535059+00:00,1786147548,6705,321 Surrey Central/WhiteRock,15247053,12155,55,-270
2026-08-08T00:05:58.535059+00:00,1786147548,6705,321 Surrey Central/WhiteRock,15247053,11882,56,0
2026-08-08T00:05:58.535059+00:00,1786147548,6705,321 Surrey Central/WhiteRock,15247053,10442,57,80
2026-08-08T00:05:58.535059+00:00,1786147548,6705,321 Surrey Central/WhiteRock,15247053,9929,58,91
2026-08-08T00:05:58.535059+00:00,1786147548,6705,321 Surrey Central/WhiteRock,15247053,9930,59,41
2026-08-08T00:05:58.535059+00:00,1786147548,6705,321 Surrey Central/WhiteRock,15247053,9932,60,-41
2026-08-08T00:05:58.535059+00:00,1786147548,6705,321 Surrey Central/WhiteRock,15247067,10808,25,-17
2026-08-08T00:05:58.535059+00:00,1786147548,6705,321 Surrey Central/WhiteRock,15247067,5452,26,-86
2026-08-08T00:05:58.535059+00:00,1786147548,6705,321 Surrey Central/WhiteRock,15247067,11913,27,-106
2026-08-08T00:05:58.535059+00:00,1786147548,6705,321 Surrey Central/WhiteRock,15247067,5454,28,-120
2026-08-08T00:05:58.535059+00:00,1786147548,6705,321 Surrey Central/WhiteRock,15247067,5455,29,-122
2026-08-08T00:05:58.535059+00:00,1786147548,6705,321 Surrey Central/WhiteRock,15247067,5456,30,-13
2026-08-08T00:05:58.535059+00:00,1786147548,6705,321 Surrey Central/WhiteRock,15247067,12651,31,-44
2026-08-08T00:05:58.535059+00:00,1786147548,6705,321 Surrey Central/WhiteRock,15247067,5458,32,-46
2026-08-08T00:05:58.535059+00:00,1786147548,6705,321 Surrey Central/WhiteRock,15247067,5459,33,-39
2026-08-08T00:05:58.535059+00:00,1786147548,6705,321 Surrey Central/WhiteRock,15247067,5460,34,-47
2026-08-08T00:05:58.535059+00:00,1786147548,6705,321 Surrey Central/WhiteRock,15247067,5461,35,-57
2026-08-08T00:05:58.535059+00:00,1786147548,6705,321 Surrey Central/WhiteRock,15247067,5462,36,-64
2026-08-08T00:05:58.535059+00:00,1786147548,6705,321 Surrey Central/WhiteRock,15247067,5463,37,-8
2026-08-08T00:05:58.535059+00:00,1786147548,6705,321 Surrey Central/WhiteRock,15247067,5700,38,106
2026-08-08T00:05:58.535059+00:00,1786147548,6705,321 Surrey Central/WhiteRock,15247067,5465,39,116
2026-08-08T00:05:58.535059+00:00,1786147548,6705,321 Surrey Central/WhiteRock,15247067,5466,40,70
2026-08-08T00:05:58.535059+00:00,1786147548,6705,321 Surrey Central/WhiteRock,15247067,5467,41,80
2026-08-08T00:05:58.535059+00:00,1786147548,6705,321 Surrey Central/WhiteRock,15247067,5468,42,52
2026-08-08T00:05:58.535059+00:00,1786147548,6705,321 Surrey Central/WhiteRock,15247067,5469,43,15
2026-08-08T00:05:58.535059+00:00,1786147548,6705,321 Surrey Central/WhiteRock,15247067,5470,44,-12
2026-08-08T00:05:58.535059+00:00,1786147548,6705,321 Surrey Central/WhiteRock,15247067,5471,45,-47
2026-08-08T00:05:58.535059+00:00,1786147548,6705,321 Surrey Central/WhiteRock,15247067,5472,46,-72
2026-08-08T00:05:58.535059+00:00,1786147548,6705,321 Surrey Central/WhiteRock,15247067,5473,47,-120
2026-08-08T00:05:58.535059+00:00,1786147548,6705,321 Surrey Central/WhiteRock,15247067,5474,48,-126
2026-08-08T00:05:58.535059+00:00,1786147548,6705,321 Surrey Central/WhiteRock,15247067,5475,49,-175
2026-08-08T00:05:58.535059+00:00,1786147548,6705,321 Surrey Central/WhiteRock,15247067,5476,50,-203
2026-08-08T00:05:58.535059+00:00,1786147548,6705,321 Surrey Central/WhiteRock,15247067,5477,51,-225
2026-08-08T00:05:58.535059+00:00,1786147548,6705,321 Surrey Central/WhiteRock,15247067,11725,52,-251
2026-08-08T00:05:58.535059+00:00,1786147548,6705,321 Surrey Central/WhiteRock,15247067,5040,53,-236
2026-08-08T00:05:58.535059+00:00,1786147548,6705,321 Surrey Central/WhiteRock,15247067,5041,54,-231
2026-08-08T00:05:58.535059+00:00,1786147548,6705,321 Surrey Central/WhiteRock,15247067,12155,55,-219
2026-08-08T00:05:58.535059+00:00,1786147548,6705,321 Surrey Central/WhiteRock,15247067,11882,56,0
2026-08-08T00:05:58.535059+00:00,1786147548,6705,321 Surrey Central/WhiteRock,15247067,10442,57,95
2026-08-08T00:05:58.535059+00:00,1786147548,6705,321 Surrey Central/WhiteRock,15247067,9929,58,123
2026-08-08T00:05:58.535059+00:00,1786147548,6705,321 Surrey Central/WhiteRock,15247067,9930,59,73
2026-08-08T00:05:58.535059+00:00,1786147548,6705,321 Surrey Central/WhiteRock,15247067,9932,60,-13
2026-08-08T00:05:58.535059+00:00,1786147548,6705,321 Surrey Central/WhiteRock,15247080,11913,27,559
2026-08-08T00:05:58.535059+00:00,1786147548,6705,321 Surrey Central/WhiteRock,15247080,5454,28,546
2026-08-08T00:05:58.535059+00:00,1786147548,6705,321 Surrey Central/WhiteRock,15247080,5455,29,544
2026-08-08T00:05:58.535059+00:00,1786147548,6705,321 Surrey Central/WhiteRock,15247080,5456,30,653
2026-08-08T00:05:58.535059+00:00,1786147548,6705,321 Surrey Central/WhiteRock,15247080,12651,31,622
2026-08-08T00:05:58.535059+00:00,1786147548,6705,321 Surrey Central/WhiteRock,15247080,5458,32,620
2026-08-08T00:05:58.535059+00:00,1786147548,6705,321 Surrey Central/WhiteRock,15247080,5459,33,627
2026-08-08T00:05:58.535059+00:00,1786147548,6705,321 Surrey Central/WhiteRock,15247080,5460,34,619
2026-08-08T00:05:58.535059+00:00,1786147548,6705,321 Surrey Central/WhiteRock,15247080,5461,35,609
2026-08-08T00:05:58.535059+00:00,1786147548,6705,321 Surrey Central/WhiteRock,15247080,5462,36,602
2026-08-08T00:05:58.535059+00:00,1786147548,6705,321 Surrey Central/WhiteRock,15247080,5463,37,658
2026-08-08T00:05:58.535059+00:00,1786147548,6705,321 Surrey Central/WhiteRock,15247080,5700,38,772
2026-08-08T00:05:58.535059+00:00,1786147548,6705,321 Surrey Central/WhiteRock,15247080,5465,39,782
2026-08-08T00:05:58.535059+00:00,1786147548,6705,321 Surrey Central/WhiteRock,15247080,5466,40,735
2026-08-08T00:05:58.535059+00:00,1786147548,6705,321 Surrey Central/WhiteRock,15247080,5467,41,745
2026-08-08T00:05:58.535059+00:00,1786147548,6705,321 Surrey Central/WhiteRock,15247080,5468,42,717
2026-08-08T00:05:58.535059+00:00,1786147548,6705,321 Surrey Central/WhiteRock,15247080,5469,43,672
2026-08-08T00:05:58.535059+00:00,1786147548,6705,321 Surrey Central/WhiteRock,15247080,5470,44,645
2026-08-08T00:05:58.535059+00:00,1786147548,6705,321 Surrey Central/WhiteRock,15247080,5471,45,610
2026-08-08T00:05:58.535059+00:00,1786147548,6705,321 Surrey Central/WhiteRock,15247080,5472,46,585
2026-08-08T00:05:58.535059+00:00,1786147548,6705,321 Surrey Central/WhiteRock,15247080,5473,47,537
2026-08-08T00:05:58.535059+00:00,1786147548,6705,321 Surrey Central/WhiteRock,15247080,5474,48,531
2026-08-08T00:05:58.535059+00:00,1786147548,6705,321 Surrey Central/WhiteRock,15247080,5475,49,482
2026-08-08T00:05:58.535059+00:00,1786147548,6705,321 Surrey Central/WhiteRock,15247080,5476,50,454
2026-08-08T00:05:58.535059+00:00,1786147548,6705,321 Surrey Central/WhiteRock,15247080,5477,51,432
2026-08-08T00:05:58.535059+00:00,1786147548,6705,321 Surrey Central/WhiteRock,15247080,11725,52,406
2026-08-08T00:05:58.535059+00:00,1786147548,6705,321 Surrey Central/WhiteRock,15247080,5040,53,420
2026-08-08T00:05:58.535059+00:00,1786147548,6705,321 Surrey Central/WhiteRock,15247080,5041,54,425
2026-08-08T00:05:58.535059+00:00,1786147548,6705,321 Surrey Central/WhiteRock,15247080,12155,55,437
2026-08-08T00:05:58.535059+00:00,1786147548,6705,321 Surrey Central/WhiteRock,15247080,11882,56,478
2026-08-08T00:05:58.535059+00:00,1786147548,6705,321 Surrey Central/WhiteRock,15247080,10442,57,573
2026-08-08T00:05:58.535059+00:00,1786147548,6705,321 Surrey Central/WhiteRock,15247080,9929,58,601
2026-08-08T00:05:58.535059+00:00,1786147548,6705,321 Surrey Central/WhiteRock,15247080,9930,59,551
2026-08-08T00:05:58.535059+00:00,1786147548,6705,321 Surrey Central/WhiteRock,15247080,9932,60,465
2026-08-08T00:05:58.535059+00:00,1786147548,6705,321 Surrey Central/WhiteRock,15247159,5529,46,-354
2026-08-08T00:05:58.535059+00:00,1786147548,6705,321 Surrey Central/WhiteRock,15247159,5530,47,-371
2026-08-08T00:05:58.535059+00:00,1786147548,6705,321 Surrey Central/WhiteRock,15247159,5533,48,-379
2026-08-08T00:05:58.535059+00:00,1786147548,6705,321 Surrey Central/WhiteRock,15247159,5534,49,-401
2026-08-08T00:05:58.535059+00:00,1786147548,6705,321 Surrey Central/WhiteRock,15247159,5535,50,-386
2026-08-08T00:05:58.535059+00:00,1786147548,6705,321 Surrey Central/WhiteRock,15247159,5536,51,-411
2026-08-08T00:05:58.535059+00:00,1786147548,6705,321 Surrey Central/WhiteRock,15247159,5537,52,-404
2026-08-08T00:05:58.535059+00:00,1786147548,6705,321 Surrey Central/WhiteRock,15247159,5538,53,-413
2026-08-08T00:05:58.535059+00:00,1786147548,6705,321 Surrey Central/WhiteRock,15247159,5541,54,-381
2026-08-08T00:05:58.535059+00:00,1786147548,6705,321 Surrey Central/WhiteRock,15247159,5542,55,-369
2026-08-08T00:05:58.535059+00:00,1786147548,6705,321 Surrey Central/WhiteRock,15247159,6195,56,-343
2026-08-08T00:05:58.535059+00:00,1786147548,6705,321 Surrey Central/WhiteRock,15247160,5517,34,736
2026-08-08T00:05:58.535059+00:00,1786147548,6705,321 Surrey Central/WhiteRock,15247160,5518,35,743
2026-08-08T00:05:58.535059+00:00,1786147548,6705,321 Surrey Central/WhiteRock,15247160,5519,36,718
2026-08-08T00:05:58.535059+00:00,1786147548,6705,321 Surrey Central/WhiteRock,15247160,5520,37,706
2026-08-08T00:05:58.535059+00:00,1786147548,6705,321 Surrey Central/WhiteRock,15247160,5521,38,490
2026-08-08T00:05:58.535059+00:00,1786147548,6705,321 Surrey Central/WhiteRock,15247160,5522,39,350
2026-08-08T00:05:58.535059+00:00,1786147548,6705,321 Surrey Central/WhiteRock,15247160,5523,40,312
2026-08-08T00:05:58.535059+00:00,1786147548,6705,321 Surrey Central/WhiteRock,15247160,6466,41,288
2026-08-08T00:05:58.535059+00:00,1786147548,6705,321 Surrey Central/WhiteRock,15247160,5524,42,319
2026-08-08T00:05:58.535059+00:00,1786147548,6705,321 Surrey Central/WhiteRock,15247160,5525,43,288
2026-08-08T00:05:58.535059+00:00,1786147548,6705,321 Surrey Central/WhiteRock,15247160,10443,44,260
2026-08-08T00:05:58.535059+00:00,1786147548,6705,321 Surrey Central/WhiteRock,15247160,5528,45,263
2026-08-08T00:05:58.535059+00:00,1786147548,6705,321 Surrey Central/WhiteRock,15247160,5529,46,239
2026-08-08T00:05:58.535059+00:00,1786147548,6705,321 Surrey Central/WhiteRock,15247160,5530,47,222
2026-08-08T00:05:58.535059+00:00,1786147548,6705,321 Surrey Central/WhiteRock,15247160,5533,48,213
2026-08-08T00:05:58.535059+00:00,1786147548,6705,321 Surrey Central/WhiteRock,15247160,5534,49,191
2026-08-08T00:05:58.535059+00:00,1786147548,6705,321 Surrey Central/WhiteRock,15247160,5535,50,215
2026-08-08T00:05:58.535059+00:00,1786147548,6705,321 Surrey Central/WhiteRock,15247160,5536,51,193
2026-08-08T00:05:58.535059+00:00,1786147548,6705,321 Surrey Central/WhiteRock,15247160,5537,52,200
2026-08-08T00:05:58.535059+00:00,1786147548,6705,321 Surrey Central/WhiteRock,15247160,5538,53,193
2026-08-08T00:05:58.535059+00:00,1786147548,6705,321 Surrey Central/WhiteRock,15247160,5541,54,220
2026-08-08T00:05:58.535059+00:00,1786147548,6705,321 Surrey Central/WhiteRock,15247160,5542,55,232
2026-08-08T00:05:58.535059+00:00,1786147548,6705,321 Surrey Central/WhiteRock,15247160,6195,56,261
2026-08-08T00:05:58.535059+00:00,1786147548,6705,321 Surrey Central/WhiteRock,15247161,5504,23,-21
2026-08-08T00:05:58.535059+00:00,1786147548,6705,321 Surrey Central/WhiteRock,15247161,5505,24,-14
2026-08-08T00:05:58.535059+00:00,1786147548,6705,321 Surrey Central/WhiteRock,15247161,5507,25,-10
2026-08-08T00:05:58.535059+00:00,1786147548,6705,321 Surrey Central/WhiteRock,15247161,5633,26,25
2026-08-08T00:05:58.535059+00:00,1786147548,6705,321 Surrey Central/WhiteRock,15247161,5510,27,50
2026-08-08T00:05:58.535059+00:00,1786147548,6705,321 Surrey Central/WhiteRock,15247161,5511,28,42
2026-08-08T00:05:58.535059+00:00,1786147548,6705,321 Surrey Central/WhiteRock,15247161,5512,29,37
2026-08-08T00:05:58.535059+00:00,1786147548,6705,321 Surrey Central/WhiteRock,15247161,5513,30,23
2026-08-08T00:05:58.535059+00:00,1786147548,6705,321 Surrey Central/WhiteRock,15247161,5514,31,112
2026-08-08T00:05:58.535059+00:00,1786147548,6705,321 Surrey Central/WhiteRock,15247161,5515,32,104
2026-08-08T00:05:58.535059+00:00,1786147548,6705,321 Surrey Central/WhiteRock,15247161,5516,33,115
2026-08-08T00:05:58.535059+00:00,1786147548,6705,321 Surrey Central/WhiteRock,15247161,5517,34,112
2026-08-08T00:05:58.535059+00:00,1786147548,6705,321 Surrey Central/WhiteRock,15247161,5518,35,120
2026-08-08T00:05:58.535059+00:00,1786147548,6705,321 Surrey Central/WhiteRock,15247161,5519,36,97
2026-08-08T00:05:58.535059+00:00,1786147548,6705,321 Surrey Central/WhiteRock,15247161,5520,37,87
2026-08-08T00:05:58.535059+00:00,1786147548,6705,321 Surrey Central/WhiteRock,15247161,5521,38,-122
2026-08-08T00:05:58.535059+00:00,1786147548,6705,321 Surrey Central/WhiteRock,15247161,5522,39,-257
2026-08-08T00:05:58.535059+00:00,1786147548,6705,321 Surrey Central/WhiteRock,15247161,5523,40,-293
2026-08-08T00:05:58.535059+00:00,1786147548,6705,321 Surrey Central/WhiteRock,15247161,6466,41,-312
2026-08-08T00:05:58.535059+00:00,1786147548,6705,321 Surrey Central/WhiteRock,15247161,5524,42,-277
2026-08-08T00:05:58.535059+00:00,1786147548,6705,321 Surrey Central/WhiteRock,15247161,5525,43,-306
2026-08-08T00:05:58.535059+00:00,1786147548,6705,321 Surrey Central/WhiteRock,15247161,10443,44,-333
2026-08-08T00:05:58.535059+00:00,1786147548,6705,321 Surrey Central/WhiteRock,15247161,5528,45,-327
2026-08-08T00:05:58.535059+00:00,1786147548,6705,321 Surrey Central/WhiteRock,15247161,5529,46,-349
2026-08-08T00:05:58.535059+00:00,1786147548,6705,321 Surrey Central/WhiteRock,15247161,5530,47,-364
2026-08-08T00:05:58.535059+00:00,1786147548,6705,321 Surrey Central/WhiteRock,15247161,5533,48,-371
2026-08-08T00:05:58.535059+00:00,1786147548,6705,321 Surrey Central/WhiteRock,15247161,5534,49,-392
2026-08-08T00:05:58.535059+00:00,1786147548,6705,321 Surrey Central/WhiteRock,15247161,5535,50,-371
2026-08-08T00:05:58.535059+00:00,1786147548,6705,321 Surrey Central/WhiteRock,15247161,5536,51,-391
2026-08-08T00:05:58.535059+00:00,1786147548,6705,321 Surrey Central/WhiteRock,15247161,5537,52,-391
2026-08-08T00:05:58.535059+00:00,1786147548,6705,321 Surrey Central/WhiteRock,15247161,5538,53,-397
2026-08-08T00:05:58.535059+00:00,1786147548,6705,321 Surrey Central/WhiteRock,15247161,5541,54,-369
2026-08-08T00:05:58.535059+00:00,1786147548,6705,321 Surrey Central/WhiteRock,15247161,5542,55,-356
2026-08-08T00:05:58.535059+00:00,1786147548,6705,321 Surrey Central/WhiteRock,15247161,6195,56,-325
2026-08-08T00:05:58.535059+00:00,1786147548,6705,321 Surrey Central/WhiteRock,15247162,5039,13,42
2026-08-08T00:05:58.535059+00:00,1786147548,6705,321 Surrey Central/WhiteRock,15247162,8351,14,17
2026-08-08T00:05:58.535059+00:00,1786147548,6705,321 Surrey Central/WhiteRock,15247162,5496,15,-54
2026-08-08T00:05:58.535059+00:00,1786147548,6705,321 Surrey Central/WhiteRock,15247162,5497,16,-100
2026-08-08T00:05:58.535059+00:00,1786147548,6705,321 Surrey Central/WhiteRock,15247162,5498,17,-117
2026-08-08T00:05:58.535059+00:00,1786147548,6705,321 Surrey Central/WhiteRock,15247162,5499,18,-158
2026-08-08T00:05:58.535059+00:00,1786147548,6705,321 Surrey Central/WhiteRock,15247162,5500,19,-181
2026-08-08T00:05:58.535059+00:00,1786147548,6705,321 Surrey Central/WhiteRock,15247162,5501,20,-210
2026-08-08T00:05:58.535059+00:00,1786147548,6705,321 Surrey Central/WhiteRock,15247162,5502,21,-224
2026-08-08T00:05:58.535059+00:00,1786147548,6705,321 Surrey Central/WhiteRock,15247162,5503,22,-243
2026-08-08T00:05:58.535059+00:00,1786147548,6705,321 Surrey Central/WhiteRock,15247162,5504,23,-300
2026-08-08T00:05:58.535059+00:00,1786147548,6705,321 Surrey Central/WhiteRock,15247162,5505,24,-293
2026-08-08T00:05:58.535059+00:00,1786147548,6705,321 Surrey Central/WhiteRock,15247162,5507,25,-290
2026-08-08T00:05:58.535059+00:00,1786147548,6705,321 Surrey Central/WhiteRock,15247162,5633,26,0
2026-08-08T00:05:58.535059+00:00,1786147548,6705,321 Surrey Central/WhiteRock,15247162,5510,27,27
2026-08-08T00:05:58.535059+00:00,1786147548,6705,321 Surrey Central/WhiteRock,15247162,5511,28,18
2026-08-08T00:05:58.535059+00:00,1786147548,6705,321 Surrey Central/WhiteRock,15247162,5512,29,13
2026-08-08T00:05:58.535059+00:00,1786147548,6705,321 Surrey Central/WhiteRock,15247162,5513,30,0
2026-08-08T00:05:58.535059+00:00,1786147548,6705,321 Surrey Central/WhiteRock,15247162,5514,31,89
2026-08-08T00:05:58.535059+00:00,1786147548,6705,321 Surrey Central/WhiteRock,15247162,5515,32,81
2026-08-08T00:05:58.535059+00:00,1786147548,6705,321 Surrey Central/WhiteRock,15247162,5516,33,101
2026-08-08T00:05:58.535059+00:00,1786147548,6705,321 Surrey Central/WhiteRock,15247162,5517,34,106
2026-08-08T00:05:58.535059+00:00,1786147548,6705,321 Surrey Central/WhiteRock,15247162,5518,35,112
2026-08-08T00:05:58.535059+00:00,1786147548,6705,321 Surrey Central/WhiteRock,15247162,5519,36,89
2026-08-08T00:05:58.535059+00:00,1786147548,6705,321 Surrey Central/WhiteRock,15247162,5520,37,79
2026-08-08T00:05:58.535059+00:00,1786147548,6705,321 Surrey Central/WhiteRock,15247162,5521,38,-129
2026-08-08T00:05:58.535059+00:00,1786147548,6705,321 Surrey Central/WhiteRock,15247162,5522,39,-264
2026-08-08T00:05:58.535059+00:00,1786147548,6705,321 Surrey Central/WhiteRock,15247162,5523,40,-300
2026-08-08T00:05:58.535059+00:00,1786147548,6705,321 Surrey Central/WhiteRock,15247162,6466,41,-322
2026-08-08T00:05:58.535059+00:00,1786147548,6705,321 Surrey Central/WhiteRock,15247162,5524,42,-288
2026-08-08T00:05:58.535059+00:00,1786147548,6705,321 Surrey Central/WhiteRock,15247162,5525,43,-317
2026-08-08T00:05:58.535059+00:00,1786147548,6705,321 Surrey Central/WhiteRock,15247162,10443,44,-346
2026-08-08T00:05:58.535059+00:00,1786147548,6705,321 Surrey Central/WhiteRock,15247162,5528,45,-342
2026-08-08T00:05:58.535059+00:00,1786147548,6705,321 Surrey Central/WhiteRock,15247162,5529,46,-366
2026-08-08T00:05:58.535059+00:00,1786147548,6705,321 Surrey Central/WhiteRock,15247162,5530,47,-381
2026-08-08T00:05:58.535059+00:00,1786147548,6705,321 Surrey Central/WhiteRock,15247162,5533,48,-388
2026-08-08T00:05:58.535059+00:00,1786147548,6705,321 Surrey Central/WhiteRock,15247162,5534,49,-408
2026-08-08T00:05:58.535059+00:00,1786147548,6705,321 Surrey Central/WhiteRock,15247162,5535,50,-386
2026-08-08T00:05:58.535059+00:00,1786147548,6705,321 Surrey Central/WhiteRock,15247162,5536,51,-408
2026-08-08T00:05:58.535059+00:00,1786147548,6705,321 Surrey Central/WhiteRock,15247162,5537,52,-416
2026-08-08T00:05:58.535059+00:00,1786147548,6705,321 Surrey Central/WhiteRock,15247162,5538,53,-423
2026-08-08T00:05:58.535059+00:00,1786147548,6705,321 Surrey Central/WhiteRock,15247162,5541,54,-397
2026-08-08T00:05:58.535059+00:00,1786147548,6705,321 Surrey Central/WhiteRock,15247162,5542,55,-385
2026-08-08T00:05:58.535059+00:00,1786147548,6705,321 Surrey Central/WhiteRock,15247162,6195,56,-355
2026-08-08T00:05:58.535059+00:00,1786147548,6705,321 Surrey Central/WhiteRock,15247163,9924,4,114
2026-08-08T00:05:58.535059+00:00,1786147548,6705,321 Surrey Central/WhiteRock,15247163,9926,5,70
2026-08-08T00:05:58.535059+00:00,1786147548,6705,321 Surrey Central/WhiteRock,15247163,9927,6,48
2026-08-08T00:05:58.535059+00:00,1786147548,6705,321 Surrey Central/WhiteRock,15247163,10880,7,73
2026-08-08T00:05:58.535059+00:00,1786147548,6705,321 Surrey Central/WhiteRock,15247163,5046,8,117
2026-08-08T00:05:58.535059+00:00,1786147548,6705,321 Surrey Central/WhiteRock,15247163,5047,9,118
2026-08-08T00:05:58.535059+00:00,1786147548,6705,321 Surrey Central/WhiteRock,15247163,8566,10,81
2026-08-08T00:05:58.535059+00:00,1786147548,6705,321 Surrey Central/WhiteRock,15247163,12916,11,91
2026-08-08T00:05:58.535059+00:00,1786147548,6705,321 Surrey Central/WhiteRock,15247163,5049,12,82
2026-08-08T00:05:58.535059+00:00,1786147548,6705,321 Surrey Central/WhiteRock,15247163,5039,13,65
2026-08-08T00:05:58.535059+00:00,1786147548,6705,321 Surrey Central/WhiteRock,15247163,8351,14,42
2026-08-08T00:05:58.535059+00:00,1786147548,6705,321 Surrey Central/WhiteRock,15247163,5496,15,-24
2026-08-08T00:05:58.535059+00:00,1786147548,6705,321 Surrey Central/WhiteRock,15247163,5497,16,-67
2026-08-08T00:05:58.535059+00:00,1786147548,6705,321 Surrey Central/WhiteRock,15247163,5498,17,-81
2026-08-08T00:05:58.535059+00:00,1786147548,6705,321 Surrey Central/WhiteRock,15247163,5499,18,-120
2026-08-08T00:05:58.535059+00:00,1786147548,6705,321 Surrey Central/WhiteRock,15247163,5500,19,-139
2026-08-08T00:05:58.535059+00:00,1786147548,6705,321 Surrey Central/WhiteRock,15247163,5501,20,-166
2026-08-08T00:05:58.535059+00:00,1786147548,6705,321 Surrey Central/WhiteRock,15247163,5502,21,-181
2026-08-08T00:05:58.535059+00:00,1786147548,6705,321 Surrey Central/WhiteRock,15247163,5503,22,-213
2026-08-08T00:05:58.535059+00:00,1786147548,6705,321 Surrey Central/WhiteRock,15247163,5504,23,-266
2026-08-08T00:05:58.535059+00:00,1786147548,6705,321 Surrey Central/WhiteRock,15247163,5505,24,-257
2026-08-08T00:05:58.535059+00:00,1786147548,6705,321 Surrey Central/WhiteRock,15247163,5507,25,-247
2026-08-08T00:05:58.535059+00:00,1786147548,6705,321 Surrey Central/WhiteRock,15247163,5633,26,0
2026-08-08T00:05:58.535059+00:00,1786147548,6705,321 Surrey Central/WhiteRock,15247163,5510,27,35
2026-08-08T00:05:58.535059+00:00,1786147548,6705,321 Surrey Central/WhiteRock,15247163,5511,28,27
2026-08-08T00:05:58.535059+00:00,1786147548,6705,321 Surrey Central/WhiteRock,15247163,5512,29,22
2026-08-08T00:05:58.535059+00:00,1786147548,6705,321 Surrey Central/WhiteRock,15247163,5513,30,3
2026-08-08T00:05:58.535059+00:00,1786147548,6705,321 Surrey Central/WhiteRock,15247163,5514,31,94
2026-08-08T00:05:58.535059+00:00,1786147548,6705,321 Surrey Central/WhiteRock,15247163,5515,32,87
2026-08-08T00:05:58.535059+00:00,1786147548,6705,321 Surrey Central/WhiteRock,15247163,5516,33,86
2026-08-08T00:05:58.535059+00:00,1786147548,6705,321 Surrey Central/WhiteRock,15247163,5517,34,90
2026-08-08T00:05:58.535059+00:00,1786147548,6705,321 Surrey Central/WhiteRock,15247163,5518,35,99
2026-08-08T00:05:58.535059+00:00,1786147548,6705,321 Surrey Central/WhiteRock,15247163,5519,36,78
2026-08-08T00:05:58.535059+00:00,1786147548,6705,321 Surrey Central/WhiteRock,15247163,5520,37,69
2026-08-08T00:05:58.535059+00:00,1786147548,6705,321 Surrey Central/WhiteRock,15247163,5521,38,-131
2026-08-08T00:05:58.535059+00:00,1786147548,6705,321 Surrey Central/WhiteRock,15247163,5522,39,-262
2026-08-08T00:05:58.535059+00:00,1786147548,6705,321 Surrey Central/WhiteRock,15247163,5523,40,-296
2026-08-08T00:05:58.535059+00:00,1786147548,6705,321 Surrey Central/WhiteRock,15247163,6466,41,-316
2026-08-08T00:05:58.535059+00:00,1786147548,6705,321 Surrey Central/WhiteRock,15247163,5524,42,-279
2026-08-08T00:05:58.535059+00:00,1786147548,6705,321 Surrey Central/WhiteRock,15247163,5525,43,-306
2026-08-08T00:05:58.535059+00:00,1786147548,6705,321 Surrey Central/WhiteRock,15247163,10443,44,-334
2026-08-08T00:05:58.535059+00:00,1786147548,6705,321 Surrey Central/WhiteRock,15247163,5528,45,-336
2026-08-08T00:05:58.535059+00:00,1786147548,6705,321 Surrey Central/WhiteRock,15247163,5529,46,-357
2026-08-08T00:05:58.535059+00:00,1786147548,6705,321 Surrey Central/WhiteRock,15247163,5530,47,-373
2026-08-08T00:05:58.535059+00:00,1786147548,6705,321 Surrey Central/WhiteRock,15247163,5533,48,-378
2026-08-08T00:05:58.535059+00:00,1786147548,6705,321 Surrey Central/WhiteRock,15247163,5534,49,-398
2026-08-08T00:05:58.535059+00:00,1786147548,6705,321 Surrey Central/WhiteRock,15247163,5535,50,-387
2026-08-08T00:05:58.535059+00:00,1786147548,6705,321 Surrey Central/WhiteRock,15247163,5536,51,-411
2026-08-08T00:05:58.535059+00:00,1786147548,6705,321 Surrey Central/WhiteRock,15247163,5537,52,-419
2026-08-08T00:05:58.535059+00:00,1786147548,6705,321 Surrey Central/WhiteRock,15247163,5538,53,-425
2026-08-08T00:05:58.535059+00:00,1786147548,6705,321 Surrey Central/WhiteRock,15247163,5541,54,-404
2026-08-08T00:05:58.535059+00:00,1786147548,6705,321 Surrey Central/WhiteRock,15247163,5542,55,-393
2026-08-08T00:05:58.535059+00:00,1786147548,6705,321 Surrey Central/WhiteRock,15247163,6195,56,-363
2026-08-08T00:05:58.535059+00:00,1786147548,6705,321 Surrey Central/WhiteRock,15247164,10716,2,-463
2026-08-08T00:05:58.535059+00:00,1786147548,6705,321 Surrey Central/WhiteRock,15247164,9923,3,-459
2026-08-08T00:05:58.535059+00:00,1786147548,6705,321 Surrey Central/WhiteRock,15247164,9924,4,-565
2026-08-08T00:05:58.535059+00:00,1786147548,6705,321 Surrey Central/WhiteRock,15247164,9926,5,-609
2026-08-08T00:05:58.535059+00:00,1786147548,6705,321 Surrey Central/WhiteRock,15247164,9927,6,-632
2026-08-08T00:05:58.535059+00:00,1786147548,6705,321 Surrey Central/WhiteRock,15247164,10880,7,0
2026-08-08T00:05:58.535059+00:00,1786147548,6705,321 Surrey Central/WhiteRock,15247164,5046,8,44
2026-08-08T00:05:58.535059+00:00,1786147548,6705,321 Surrey Central/WhiteRock,15247164,5047,9,42
2026-08-08T00:05:58.535059+00:00,1786147548,6705,321 Surrey Central/WhiteRock,15247164,8566,10,5
2026-08-08T00:05:58.535059+00:00,1786147548,6705,321 Surrey Central/WhiteRock,15247164,12916,11,15
2026-08-08T00:05:58.535059+00:00,1786147548,6705,321 Surrey Central/WhiteRock,15247164,5049,12,6
2026-08-08T00:05:58.535059+00:00,1786147548,6705,321 Surrey Central/WhiteRock,15247164,5039,13,-12
2026-08-08T00:05:58.535059+00:00,1786147548,6705,321 Surrey Central/WhiteRock,15247164,8351,14,-36
2026-08-08T00:05:58.535059+00:00,1786147548,6705,321 Surrey Central/WhiteRock,15247164,5496,15,-102
2026-08-08T00:05:58.535059+00:00,1786147548,6705,321 Surrey Central/WhiteRock,15247164,5497,16,-145
2026-08-08T00:05:58.535059+00:00,1786147548,6705,321 Surrey Central/WhiteRock,15247164,5498,17,-159
2026-08-08T00:05:58.535059+00:00,1786147548,6705,321 Surrey Central/WhiteRock,15247164,5499,18,-199
2026-08-08T00:05:58.535059+00:00,1786147548,6705,321 Surrey Central/WhiteRock,15247164,5500,19,-218
2026-08-08T00:05:58.535059+00:00,1786147548,6705,321 Surrey Central/WhiteRock,15247164,5501,20,-245
2026-08-08T00:05:58.535059+00:00,1786147548,6705,321 Surrey Central/WhiteRock,15247164,5502,21,-260
2026-08-08T00:05:58.535059+00:00,1786147548,6705,321 Surrey Central/WhiteRock,15247164,5503,22,-270
2026-08-08T00:05:58.535059+00:00,1786147548,6705,321 Surrey Central/WhiteRock,15247164,5504,23,-325
2026-08-08T00:05:58.535059+00:00,1786147548,6705,321 Surrey Central/WhiteRock,15247164,5505,24,-316
2026-08-08T00:05:58.535059+00:00,1786147548,6705,321 Surrey Central/WhiteRock,15247164,5507,25,-306
2026-08-08T00:05:58.535059+00:00,1786147548,6705,321 Surrey Central/WhiteRock,15247164,5633,26,0
2026-08-08T00:05:58.535059+00:00,1786147548,6705,321 Surrey Central/WhiteRock,15247164,5510,27,35
2026-08-08T00:05:58.535059+00:00,1786147548,6705,321 Surrey Central/WhiteRock,15247164,5511,28,27
2026-08-08T00:05:58.535059+00:00,1786147548,6705,321 Surrey Central/WhiteRock,15247164,5512,29,23
2026-08-08T00:05:58.535059+00:00,1786147548,6705,321 Surrey Central/WhiteRock,15247164,5513,30,4
2026-08-08T00:05:58.535059+00:00,1786147548,6705,321 Surrey Central/WhiteRock,15247164,5514,31,95
2026-08-08T00:05:58.535059+00:00,1786147548,6705,321 Surrey Central/WhiteRock,15247164,5515,32,88
2026-08-08T00:05:58.535059+00:00,1786147548,6705,321 Surrey Central/WhiteRock,15247164,5516,33,107
2026-08-08T00:05:58.535059+00:00,1786147548,6705,321 Surrey Central/WhiteRock,15247164,5517,34,115
2026-08-08T00:05:58.535059+00:00,1786147548,6705,321 Surrey Central/WhiteRock,15247164,5518,35,123
2026-08-08T00:05:58.535059+00:00,1786147548,6705,321 Surrey Central/WhiteRock,15247164,5519,36,102
2026-08-08T00:05:58.535059+00:00,1786147548,6705,321 Surrey Central/WhiteRock,15247164,5520,37,105
2026-08-08T00:05:58.535059+00:00,1786147548,6705,321 Surrey Central/WhiteRock,15247164,5521,38,-96
2026-08-08T00:05:58.535059+00:00,1786147548,6705,321 Surrey Central/WhiteRock,15247164,5522,39,-229
2026-08-08T00:05:58.535059+00:00,1786147548,6705,321 Surrey Central/WhiteRock,15247164,5523,40,-263
2026-08-08T00:05:58.535059+00:00,1786147548,6705,321 Surrey Central/WhiteRock,15247164,6466,41,-280
2026-08-08T00:05:58.535059+00:00,1786147548,6705,321 Surrey Central/WhiteRock,15247164,5524,42,-253
2026-08-08T00:05:58.535059+00:00,1786147548,6705,321 Surrey Central/WhiteRock,15247164,5525,43,-281
2026-08-08T00:05:58.535059+00:00,1786147548,6705,321 Surrey Central/WhiteRock,15247164,10443,44,-309
2026-08-08T00:05:58.535059+00:00,1786147548,6705,321 Surrey Central/WhiteRock,15247164,5528,45,-311
2026-08-08T00:05:58.535059+00:00,1786147548,6705,321 Surrey Central/WhiteRock,15247164,5529,46,-334
2026-08-08T00:05:58.535059+00:00,1786147548,6705,321 Surrey Central/WhiteRock,15247164,5530,47,-350
2026-08-08T00:05:58.535059+00:00,1786147548,6705,321 Surrey Central/WhiteRock,15247164,5533,48,-355
2026-08-08T00:05:58.535059+00:00,1786147548,6705,321 Surrey Central/WhiteRock,15247164,5534,49,-374
2026-08-08T00:05:58.535059+00:00,1786147548,6705,321 Surrey Central/WhiteRock,15247164,5535,50,-377
2026-08-08T00:05:58.535059+00:00,1786147548,6705,321 Surrey Central/WhiteRock,15247164,5536,51,-401
2026-08-08T00:05:58.535059+00:00,1786147548,6705,321 Surrey Central/WhiteRock,15247164,5537,52,-408
2026-08-08T00:05:58.535059+00:00,1786147548,6705,321 Surrey Central/WhiteRock,15247164,5538,53,-415
2026-08-08T00:05:58.535059+00:00,1786147548,6705,321 Surrey Central/WhiteRock,15247164,5541,54,-395
2026-08-08T00:05:58.535059+00:00,1786147548,6705,321 Surrey Central/WhiteRock,15247164,5542,55,-384
2026-08-08T00:05:58.535059+00:00,1786147548,6705,321 Surrey Central/WhiteRock,15247164,6195,56,-356
2026-08-08T00:05:58.535059+00:00,1786147548,6705,321 Surrey Central/WhiteRock,15247177,5505,24,264
2026-08-08T00:05:58.535059+00:00,1786147548,6705,321 Surrey Central/WhiteRock,15247177,5507,25,267
2026-08-08T00:05:58.535059+00:00,1786147548,6705,321 Surrey Central/WhiteRock,15247177,5633,26,300
2026-08-08T00:05:58.535059+00:00,1786147548,6705,321 Surrey Central/WhiteRock,15247177,5510,27,325
2026-08-08T00:05:58.535059+00:00,1786147548,6705,321 Surrey Central/WhiteRock,15247177,5511,28,317
2026-08-08T00:05:58.535059+00:00,1786147548,6705,321 Surrey Central/WhiteRock,15247177,5512,29,312
2026-08-08T00:05:58.535059+00:00,1786147548,6705,321 Surrey Central/WhiteRock,15247177,5513,30,299
2026-08-08T00:05:58.535059+00:00,1786147548,6705,321 Surrey Central/WhiteRock,15247177,5514,31,388
2026-08-08T00:05:58.535059+00:00,1786147548,6705,321 Surrey Central/WhiteRock,15247177,5515,32,380
2026-08-08T00:05:58.535059+00:00,1786147548,6705,321 Surrey Central/WhiteRock,15247177,5516,33,390
2026-08-08T00:05:58.535059+00:00,1786147548,6705,321 Surrey Central/WhiteRock,15247177,5517,34,387
2026-08-08T00:05:58.535059+00:00,1786147548,6705,321 Surrey Central/WhiteRock,15247177,5518,35,395
2026-08-08T00:05:58.535059+00:00,1786147548,6705,321 Surrey Central/WhiteRock,15247177,5519,36,372
2026-08-08T00:05:58.535059+00:00,1786147548,6705,321 Surrey Central/WhiteRock,15247177,5520,37,362
2026-08-08T00:05:58.535059+00:00,1786147548,6705,321 Surrey Central/WhiteRock,15247177,5521,38,153
2026-08-08T00:05:58.535059+00:00,1786147548,6705,321 Surrey Central/WhiteRock,15247177,5522,39,18
2026-08-08T00:05:58.535059+00:00,1786147548,6705,321 Surrey Central/WhiteRock,15247177,5523,40,-18
2026-08-08T00:05:58.535059+00:00,1786147548,6705,321 Surrey Central/WhiteRock,15247177,6466,41,-34
2026-08-08T00:05:58.535059+00:00,1786147548,6705,321 Surrey Central/WhiteRock,15247177,5524,42,1
2026-08-08T00:05:58.535059+00:00,1786147548,6705,321 Surrey Central/WhiteRock,15247177,5525,43,-28
2026-08-08T00:05:58.535059+00:00,1786147548,6705,321 Surrey Central/WhiteRock,15247177,10443,44,-56
2026-08-08T00:05:58.535059+00:00,1786147548,6705,321 Surrey Central/WhiteRock,15247177,5528,45,-51
2026-08-08T00:05:58.535059+00:00,1786147548,6705,321 Surrey Central/WhiteRock,15247177,5529,46,-73
2026-08-08T00:05:58.535059+00:00,1786147548,6705,321 Surrey Central/WhiteRock,15247177,5530,47,-88
2026-08-08T00:05:58.535059+00:00,1786147548,6705,321 Surrey Central/WhiteRock,15247177,5533,48,-95
2026-08-08T00:05:58.535059+00:00,1786147548,6705,321 Surrey Central/WhiteRock,15247177,5534,49,-116
2026-08-08T00:05:58.535059+00:00,1786147548,6705,321 Surrey Central/WhiteRock,15247177,5535,50,-104
2026-08-08T00:05:58.535059+00:00,1786147548,6705,321 Surrey Central/WhiteRock,15247177,5536,51,-124
2026-08-08T00:05:58.535059+00:00,1786147548,6705,321 Surrey Central/WhiteRock,15247177,5537,52,-119
2026-08-08T00:05:58.535059+00:00,1786147548,6705,321 Surrey Central/WhiteRock,15247177,5538,53,-125
2026-08-08T00:05:58.535059+00:00,1786147548,6705,321 Surrey Central/WhiteRock,15247177,5541,54,-95
2026-08-08T00:05:58.535059+00:00,1786147548,6705,321 Surrey Central/WhiteRock,15247177,5542,55,-82
2026-08-08T00:05:58.535059+00:00,1786147548,6705,321 Surrey Central/WhiteRock,15247177,6195,56,-51
2026-08-08T00:05:58.535059+00:00,1786147548,6705,321 Surrey Central/WhiteRock,15247186,5537,52,-53
2026-08-08T00:05:58.535059+00:00,1786147548,6705,321 Surrey Central/WhiteRock,15247186,5538,53,-61
2026-08-08T00:05:58.535059+00:00,1786147548,6705,321 Surrey Central/WhiteRock,15247186,5541,54,-26
2026-08-08T00:05:58.535059+00:00,1786147548,6705,321 Surrey Central/WhiteRock,15247186,5542,55,-12
2026-08-08T00:05:58.535059+00:00,1786147548,6705,321 Surrey Central/WhiteRock,15247186,6195,56,14
2026-08-08T00:05:58.535059+00:00,1786147548,6705,321 Surrey Central/WhiteRock,15247187,5046,8,90
2026-08-08T00:05:58.535059+00:00,1786147548,6705,321 Surrey Central/WhiteRock,15247187,5047,9,88
2026-08-08T00:05:58.535059+00:00,1786147548,6705,321 Surrey Central/WhiteRock,15247187,8566,10,51
2026-08-08T00:05:58.535059+00:00,1786147548,6705,321 Surrey Central/WhiteRock,15247187,12916,11,60
2026-08-08T00:05:58.535059+00:00,1786147548,6705,321 Surrey Central/WhiteRock,15247187,5049,12,51
2026-08-08T00:05:58.535059+00:00,1786147548,6705,321 Surrey Central/WhiteRock,15247187,5039,13,35
2026-08-08T00:05:58.535059+00:00,1786147548,6705,321 Surrey Central/WhiteRock,15247187,8351,14,12
2026-08-08T00:05:58.535059+00:00,1786147548,6705,321 Surrey Central/WhiteRock,15247187,5496,15,-58
2026-08-08T00:05:58.535059+00:00,1786147548,6705,321 Surrey Central/WhiteRock,15247187,5497,16,-101
2026-08-08T00:05:58.535059+00:00,1786147548,6705,321 Surrey Central/WhiteRock,15247187,5498,17,-118
2026-08-08T00:05:58.535059+00:00,1786147548,6705,321 Surrey Central/WhiteRock,15247187,5499,18,-157
2026-08-08T00:05:58.535059+00:00,1786147548,6705,321 Surrey Central/WhiteRock,15247187,5500,19,-184
2026-08-08T00:05:58.535059+00:00,1786147548,6705,321 Surrey Central/WhiteRock,15247187,5501,20,-211
2026-08-08T00:05:58.535059+00:00,1786147548,6705,321 Surrey Central/WhiteRock,15247187,5502,21,-226
2026-08-08T00:05:58.535059+00:00,1786147548,6705,321 Surrey Central/WhiteRock,15247187,5503,22,-235
2026-08-08T00:05:58.535059+00:00,1786147548,6705,321 Surrey Central/WhiteRock,15247187,5504,23,-288
2026-08-08T00:05:58.535059+00:00,1786147548,6705,321 Surrey Central/WhiteRock,15247187,5505,24,-281
2026-08-08T00:05:58.535059+00:00,1786147548,6705,321 Surrey Central/WhiteRock,15247187,5507,25,-267
2026-08-08T00:05:58.535059+00:00,1786147548,6705,321 Surrey Central/WhiteRock,15247187,5633,26,0
2026-08-08T00:05:58.535059+00:00,1786147548,6705,321 Surrey Central/WhiteRock,15247187,5510,27,42
2026-08-08T00:05:58.535059+00:00,1786147548,6705,321 Surrey Central/WhiteRock,15247187,5511,28,34
2026-08-08T00:05:58.535059+00:00,1786147548,6705,321 Surrey Central/WhiteRock,15247187,5512,29,30
2026-08-08T00:05:58.535059+00:00,1786147548,6705,321 Surrey Central/WhiteRock,15247187,5513,30,17
2026-08-08T00:05:58.535059+00:00,1786147548,6705,321 Surrey Central/WhiteRock,15247187,5514,31,107
2026-08-08T00:05:58.535059+00:00,1786147548,6705,321 Surrey Central/WhiteRock,15247187,5515,32,100
2026-08-08T00:05:58.535059+00:00,1786147548,6705,321 Surrey Central/WhiteRock,15247187,5516,33,96
2026-08-08T00:05:58.535059+00:00,1786147548,6705,321 Surrey Central/WhiteRock,15247187,5517,34,100
2026-08-08T00:05:58.535059+00:00,1786147548,6705,321 Surrey Central/WhiteRock,15247187,5518,35,106
2026-08-08T00:05:58.535059+00:00,1786147548,6705,321 Surrey Central/WhiteRock,15247187,5519,36,85
2026-08-08T00:05:58.535059+00:00,1786147548,6705,321 Surrey Central/WhiteRock,15247187,5520,37,76
2026-08-08T00:05:58.535059+00:00,1786147548,6705,321 Surrey Central/WhiteRock,15247187,5521,38,-124
2026-08-08T00:05:58.535059+00:00,1786147548,6705,321 Surrey Central/WhiteRock,15247187,5522,39,-255
2026-08-08T00:05:58.535059+00:00,1786147548,6705,321 Surrey Central/WhiteRock,15247187,5523,40,-289
2026-08-08T00:05:58.535059+00:00,1786147548,6705,321 Surrey Central/WhiteRock,15247187,6466,41,-309
2026-08-08T00:05:58.535059+00:00,1786147548,6705,321 Surrey Central/WhiteRock,15247187,5524,42,-272
2026-08-08T00:05:58.535059+00:00,1786147548,6705,321 Surrey Central/WhiteRock,15247187,5525,43,-300
2026-08-08T00:05:58.535059+00:00,1786147548,6705,321 Surrey Central/WhiteRock,15247187,10443,44,-326
2026-08-08T00:05:58.535059+00:00,1786147548,6705,321 Surrey Central/WhiteRock,15247187,5528,45,-320
2026-08-08T00:05:58.535059+00:00,1786147548,6705,321 Surrey Central/WhiteRock,15247187,5529,46,-342
2026-08-08T00:05:58.535059+00:00,1786147548,6705,321 Surrey Central/WhiteRock,15247187,5530,47,-357
2026-08-08T00:05:58.535059+00:00,1786147548,6705,321 Surrey Central/WhiteRock,15247187,5533,48,-357
2026-08-08T00:05:58.535059+00:00,1786147548,6705,321 Surrey Central/WhiteRock,15247187,5534,49,-375
2026-08-08T00:05:58.535059+00:00,1786147548,6705,321 Surrey Central/WhiteRock,15247187,5535,50,-358
2026-08-08T00:05:58.535059+00:00,1786147548,6705,321 Surrey Central/WhiteRock,15247187,5536,51,-379
2026-08-08T00:05:58.535059+00:00,1786147548,6705,321 Surrey Central/WhiteRock,15247187,5537,52,-383
2026-08-08T00:05:58.535059+00:00,1786147548,6705,321 Surrey Central/WhiteRock,15247187,5538,53,-389
2026-08-08T00:05:58.535059+00:00,1786147548,6705,321 Surrey Central/WhiteRock,15247187,5541,54,-365
2026-08-08T00:05:58.535059+00:00,1786147548,6705,321 Surrey Central/WhiteRock,15247187,5542,55,-354
2026-08-08T00:05:58.535059+00:00,1786147548,6705,321 Surrey Central/WhiteRock,15247187,6195,56,-320
2026-08-08T00:05:58.535059+00:00,1786147548,6705,321 Surrey Central/WhiteRock,15247232,5517,34,36
2026-08-08T00:05:58.535059+00:00,1786147548,6705,321 Surrey Central/WhiteRock,15247232,5518,35,43
2026-08-08T00:05:58.535059+00:00,1786147548,6705,321 Surrey Central/WhiteRock,15247232,5519,36,18
2026-08-08T00:05:58.535059+00:00,1786147548,6705,321 Surrey Central/WhiteRock,15247232,5520,37,6
2026-08-08T00:05:58.535059+00:00,1786147548,6705,321 Surrey Central/WhiteRock,15247232,5521,38,-210
2026-08-08T00:05:58.535059+00:00,1786147548,6705,321 Surrey Central/WhiteRock,15247232,5522,39,-350
2026-08-08T00:05:58.535059+00:00,1786147548,6705,321 Surrey Central/WhiteRock,15247232,5523,40,-388
2026-08-08T00:05:58.535059+00:00,1786147548,6705,321 Surrey Central/WhiteRock,15247232,6466,41,-412
2026-08-08T00:05:58.535059+00:00,1786147548,6705,321 Surrey Central/WhiteRock,15247232,5524,42,-381
2026-08-08T00:05:58.535059+00:00,1786147548,6705,321 Surrey Central/WhiteRock,15247232,5525,43,-410
2026-08-08T00:05:58.535059+00:00,1786147548,6705,321 Surrey Central/WhiteRock,15247232,10443,44,-433
2026-08-08T00:05:58.535059+00:00,1786147548,6705,321 Surrey Central/WhiteRock,15247232,5528,45,-430
2026-08-08T00:05:58.535059+00:00,1786147548,6705,321 Surrey Central/WhiteRock,15247232,5529,46,-455
2026-08-08T00:05:58.535059+00:00,1786147548,6705,321 Surrey Central/WhiteRock,15247232,5530,47,-472
2026-08-08T00:05:58.535059+00:00,1786147548,6705,321 Surrey Central/WhiteRock,15247232,5533,48,-477
2026-08-08T00:05:58.535059+00:00,1786147548,6705,321 Surrey Central/WhiteRock,15247232,5534,49,-498
2026-08-08T00:05:58.535059+00:00,1786147548,6705,321 Surrey Central/WhiteRock,15247232,5535,50,-480
2026-08-08T00:05:58.535059+00:00,1786147548,6705,321 Surrey Central/WhiteRock,15247232,5536,51,-504
2026-08-08T00:05:58.535059+00:00,1786147548,6705,321 Surrey Central/WhiteRock,15247232,5537,52,-498
2026-08-08T00:05:58.535059+00:00,1786147548,6705,321 Surrey Central/WhiteRock,15247232,5538,53,-507
2026-08-08T00:05:58.535059+00:00,1786147548,6705,321 Surrey Central/WhiteRock,15247232,5541,54,-480
2026-08-08T00:05:58.535059+00:00,1786147548,6705,321 Surrey Central/WhiteRock,15247232,5542,55,-466
2026-08-08T00:05:58.535059+00:00,1786147548,6705,321 Surrey Central/WhiteRock,15247232,6195,56,-439
2026-08-08T00:05:58.535059+00:00,1786147548,6705,321 Surrey Central/WhiteRock,15247233,5496,15,287
2026-08-08T00:05:58.535059+00:00,1786147548,6705,321 Surrey Central/WhiteRock,15247233,5497,16,241
2026-08-08T00:05:58.535059+00:00,1786147548,6705,321 Surrey Central/WhiteRock,15247233,5498,17,224
2026-08-08T00:05:58.535059+00:00,1786147548,6705,321 Surrey Central/WhiteRock,15247233,5499,18,183
2026-08-08T00:05:58.535059+00:00,1786147548,6705,321 Surrey Central/WhiteRock,15247233,5500,19,154
2026-08-08T00:05:58.535059+00:00,1786147548,6705,321 Surrey Central/WhiteRock,15247233,5501,20,125
2026-08-08T00:05:58.535059+00:00,1786147548,6705,321 Surrey Central/WhiteRock,15247233,5502,21,109
2026-08-08T00:05:58.535059+00:00,1786147548,6705,321 Surrey Central/WhiteRock,15247233,5503,22,83
2026-08-08T00:05:58.535059+00:00,1786147548,6705,321 Surrey Central/WhiteRock,15247233,5504,23,28
2026-08-08T00:05:58.535059+00:00,1786147548,6705,321 Surrey Central/WhiteRock,15247233,5505,24,35
2026-08-08T00:05:58.535059+00:00,1786147548,6705,321 Surrey Central/WhiteRock,15247233,5507,25,38
2026-08-08T00:05:58.535059+00:00,1786147548,6705,321 Surrey Central/WhiteRock,15247233,5633,26,70
2026-08-08T00:05:58.535059+00:00,1786147548,6705,321 Surrey Central/WhiteRock,15247233,5510,27,103
2026-08-08T00:05:58.535059+00:00,1786147548,6705,321 Surrey Central/WhiteRock,15247233,5511,28,94
2026-08-08T00:05:58.535059+00:00,1786147548,6705,321 Surrey Central/WhiteRock,15247233,5512,29,89
2026-08-08T00:05:58.535059+00:00,1786147548,6705,321 Surrey Central/WhiteRock,15247233,5513,30,76
2026-08-08T00:05:58.535059+00:00,1786147548,6705,321 Surrey Central/WhiteRock,15247233,5514,31,165
2026-08-08T00:05:58.535059+00:00,1786147548,6705,321 Surrey Central/WhiteRock,15247233,5515,32,157
2026-08-08T00:05:58.535059+00:00,1786147548,6705,321 Surrey Central/WhiteRock,15247233,5516,33,176
2026-08-08T00:05:58.535059+00:00,1786147548,6705,321 Surrey Central/WhiteRock,15247233,5517,34,174
2026-08-08T00:05:58.535059+00:00,1786147548,6705,321 Surrey Central/WhiteRock,15247233,5518,35,180
2026-08-08T00:05:58.535059+00:00,1786147548,6705,321 Surrey Central/WhiteRock,15247233,5519,36,157
2026-08-08T00:05:58.535059+00:00,1786147548,6705,321 Surrey Central/WhiteRock,15247233,5520,37,147
2026-08-08T00:05:58.535059+00:00,1786147548,6705,321 Surrey Central/WhiteRock,15247233,5521,38,-61
2026-08-08T00:05:58.535059+00:00,1786147548,6705,321 Surrey Central/WhiteRock,15247233,5522,39,-196
2026-08-08T00:05:58.535059+00:00,1786147548,6705,321 Surrey Central/WhiteRock,15247233,5523,40,-232
2026-08-08T00:05:58.535059+00:00,1786147548,6705,321 Surrey Central/WhiteRock,15247233,6466,41,-253
2026-08-08T00:05:58.535059+00:00,1786147548,6705,321 Surrey Central/WhiteRock,15247233,5524,42,-219
2026-08-08T00:05:58.535059+00:00,1786147548,6705,321 Surrey Central/WhiteRock,15247233,5525,43,-247
2026-08-08T00:05:58.535059+00:00,1786147548,6705,321 Surrey Central/WhiteRock,15247233,10443,44,-267
2026-08-08T00:05:58.535059+00:00,1786147548,6705,321 Surrey Central/WhiteRock,15247233,5528,45,-261
2026-08-08T00:05:58.535059+00:00,1786147548,6705,321 Surrey Central/WhiteRock,15247233,5529,46,-285
2026-08-08T00:05:58.535059+00:00,1786147548,6705,321 Surrey Central/WhiteRock,15247233,5530,47,-300
2026-08-08T00:05:58.535059+00:00,1786147548,6705,321 Surrey Central/WhiteRock,15247233,5533,48,-301
2026-08-08T00:05:58.535059+00:00,1786147548,6705,321 Surrey Central/WhiteRock,15247233,5534,49,-320
2026-08-08T00:05:58.535059+00:00,1786147548,6705,321 Surrey Central/WhiteRock,15247233,5535,50,-314
2026-08-08T00:05:58.535059+00:00,1786147548,6705,321 Surrey Central/WhiteRock,15247233,5536,51,-336
2026-08-08T00:05:58.535059+00:00,1786147548,6705,321 Surrey Central/WhiteRock,15247233,5537,52,-343
2026-08-08T00:05:58.535059+00:00,1786147548,6705,321 Surrey Central/WhiteRock,15247233,5538,53,-349
2026-08-08T00:05:58.535059+00:00,1786147548,6705,321 Surrey Central/WhiteRock,15247233,5541,54,-323
2026-08-08T00:05:58.535059+00:00,1786147548,6705,321 Surrey Central/WhiteRock,15247233,5542,55,-309
2026-08-08T00:05:58.535059+00:00,1786147548,6705,321 Surrey Central/WhiteRock,15247233,6195,56,-280
2026-08-08T00:05:58.535059+00:00,1786147548,6705,321 Surrey Central/WhiteRock,15247234,10716,2,-2
2026-08-08T00:05:58.535059+00:00,1786147548,6705,321 Surrey Central/WhiteRock,15247234,9923,3,2
2026-08-08T00:05:58.535059+00:00,1786147548,6705,321 Surrey Central/WhiteRock,15247234,9924,4,-104
2026-08-08T00:05:58.535059+00:00,1786147548,6705,321 Surrey Central/WhiteRock,15247234,9926,5,-147
2026-08-08T00:05:58.535059+00:00,1786147548,6705,321 Surrey Central/WhiteRock,15247234,9927,6,-170
2026-08-08T00:05:58.535059+00:00,1786147548,6705,321 Surrey Central/WhiteRock,15247234,10880,7,0
2026-08-08T00:05:58.535059+00:00,1786147548,6705,321 Surrey Central/WhiteRock,15247234,5046,8,44
2026-08-08T00:05:58.535059+00:00,1786147548,6705,321 Surrey Central/WhiteRock,15247234,5047,9,43
2026-08-08T00:05:58.535059+00:00,1786147548,6705,321 Surrey Central/WhiteRock,15247234,8566,10,6
2026-08-08T00:05:58.535059+00:00,1786147548,6705,321 Surrey Central/WhiteRock,15247234,12916,11,16
2026-08-08T00:05:58.535059+00:00,1786147548,6705,321 Surrey Central/WhiteRock,15247234,5049,12,7
2026-08-08T00:05:58.535059+00:00,1786147548,6705,321 Surrey Central/WhiteRock,15247234,5039,13,-9
2026-08-08T00:05:58.535059+00:00,1786147548,6705,321 Surrey Central/WhiteRock,15247234,8351,14,-32
2026-08-08T00:05:58.535059+00:00,1786147548,6705,321 Surrey Central/WhiteRock,15247234,5496,15,-102
2026-08-08T00:05:58.535059+00:00,1786147548,6705,321 Surrey Central/WhiteRock,15247234,5497,16,-146
2026-08-08T00:05:58.535059+00:00,1786147548,6705,321 Surrey Central/WhiteRock,15247234,5498,17,-163
2026-08-08T00:05:58.535059+00:00,1786147548,6705,321 Surrey Central/WhiteRock,15247234,5499,18,-202
2026-08-08T00:05:58.535059+00:00,1786147548,6705,321 Surrey Central/WhiteRock,15247234,5500,19,-229
2026-08-08T00:05:58.535059+00:00,1786147548,6705,321 Surrey Central/WhiteRock,15247234,5501,20,-256
2026-08-08T00:05:58.535059+00:00,1786147548,6705,321 Surrey Central/WhiteRock,15247234,5502,21,-271
2026-08-08T00:05:58.535059+00:00,1786147548,6705,321 Surrey Central/WhiteRock,15247234,5503,22,-292
2026-08-08T00:05:58.535059+00:00,1786147548,6705,321 Surrey Central/WhiteRock,15247234,5504,23,-345
2026-08-08T00:05:58.535059+00:00,1786147548,6705,321 Surrey Central/WhiteRock,15247234,5505,24,-338
2026-08-08T00:05:58.535059+00:00,1786147548,6705,321 Surrey Central/WhiteRock,15247234,5507,25,-323
2026-08-08T00:05:58.535059+00:00,1786147548,6705,321 Surrey Central/WhiteRock,15247234,5633,26,0
2026-08-08T00:05:58.535059+00:00,1786147548,6705,321 Surrey Central/WhiteRock,15247234,5510,27,41
2026-08-08T00:05:58.535059+00:00,1786147548,6705,321 Surrey Central/WhiteRock,15247234,5511,28,33
2026-08-08T00:05:58.535059+00:00,1786147548,6705,321 Surrey Central/WhiteRock,15247234,5512,29,28
2026-08-08T00:05:58.535059+00:00,1786147548,6705,321 Surrey Central/WhiteRock,15247234,5513,30,9
2026-08-08T00:05:58.535059+00:00,1786147548,6705,321 Surrey Central/WhiteRock,15247234,5514,31,99
2026-08-08T00:05:58.535059+00:00,1786147548,6705,321 Surrey Central/WhiteRock,15247234,5515,32,92
2026-08-08T00:05:58.535059+00:00,1786147548,6705,321 Surrey Central/WhiteRock,15247234,5516,33,83
2026-08-08T00:05:58.535059+00:00,1786147548,6705,321 Surrey Central/WhiteRock,15247234,5517,34,87
2026-08-08T00:05:58.535059+00:00,1786147548,6705,321 Surrey Central/WhiteRock,15247234,5518,35,92
2026-08-08T00:05:58.535059+00:00,1786147548,6705,321 Surrey Central/WhiteRock,15247234,5519,36,70
2026-08-08T00:05:58.535059+00:00,1786147548,6705,321 Surrey Central/WhiteRock,15247234,5520,37,61
2026-08-08T00:05:58.535059+00:00,1786147548,6705,321 Surrey Central/WhiteRock,15247234,5521,38,-140
2026-08-08T00:05:58.535059+00:00,1786147548,6705,321 Surrey Central/WhiteRock,15247234,5522,39,-272
2026-08-08T00:05:58.535059+00:00,1786147548,6705,321 Surrey Central/WhiteRock,15247234,5523,40,-306
2026-08-08T00:05:58.535059+00:00,1786147548,6705,321 Surrey Central/WhiteRock,15247234,6466,41,-327
2026-08-08T00:05:58.535059+00:00,1786147548,6705,321 Surrey Central/WhiteRock,15247234,5524,42,-300
2026-08-08T00:05:58.535059+00:00,1786147548,6705,321 Surrey Central/WhiteRock,15247234,5525,43,-327
2026-08-08T00:05:58.535059+00:00,1786147548,6705,321 Surrey Central/WhiteRock,15247234,10443,44,-354
2026-08-08T00:05:58.535059+00:00,1786147548,6705,321 Surrey Central/WhiteRock,15247234,5528,45,-353
2026-08-08T00:05:58.535059+00:00,1786147548,6705,321 Surrey Central/WhiteRock,15247234,5529,46,-374
2026-08-08T00:05:58.535059+00:00,1786147548,6705,321 Surrey Central/WhiteRock,15247234,5530,47,-390
2026-08-08T00:05:58.535059+00:00,1786147548,6705,321 Surrey Central/WhiteRock,15247234,5533,48,-390
2026-08-08T00:05:58.535059+00:00,1786147548,6705,321 Surrey Central/WhiteRock,15247234,5534,49,-408
2026-08-08T00:05:58.535059+00:00,1786147548,6705,321 Surrey Central/WhiteRock,15247234,5535,50,-384
2026-08-08T00:05:58.535059+00:00,1786147548,6705,321 Surrey Central/WhiteRock,15247234,5536,51,-403
2026-08-08T00:05:58.535059+00:00,1786147548,6705,321 Surrey Central/WhiteRock,15247234,5537,52,-406
2026-08-08T00:05:58.535059+00:00,1786147548,6705,321 Surrey Central/WhiteRock,15247234,5538,53,-412
2026-08-08T00:05:58.535059+00:00,1786147548,6705,321 Surrey Central/WhiteRock,15247234,5541,54,-390
2026-08-08T00:05:58.535059+00:00,1786147548,6705,321 Surrey Central/WhiteRock,15247234,5542,55,-379
2026-08-08T00:05:58.535059+00:00,1786147548,6705,321 Surrey Central/WhiteRock,15247234,6195,56,-352
2026-08-08T00:05:58.535059+00:00,1786147548,6715,351 Bridgeport/WhiteRock,15251617,8282,25,-153
2026-08-08T00:05:58.535059+00:00,1786147548,6715,351 Bridgeport/WhiteRock,15251618,4928,24,146
2026-08-08T00:05:58.535059+00:00,1786147548,6715,351 Bridgeport/WhiteRock,15251618,8282,25,157
2026-08-08T00:05:58.535059+00:00,1786147548,6715,351 Bridgeport/WhiteRock,15251619,5446,19,142
2026-08-08T00:05:58.535059+00:00,1786147548,6715,351 Bridgeport/WhiteRock,15251619,10445,20,132
2026-08-08T00:05:58.535059+00:00,1786147548,6715,351 Bridgeport/WhiteRock,15251619,5447,21,89
2026-08-08T00:05:58.535059+00:00,1786147548,6715,351 Bridgeport/WhiteRock,15251619,5448,22,90
2026-08-08T00:05:58.535059+00:00,1786147548,6715,351 Bridgeport/WhiteRock,15251619,6194,23,82
2026-08-08T00:05:58.535059+00:00,1786147548,6715,351 Bridgeport/WhiteRock,15251619,4928,24,-138
2026-08-08T00:05:58.535059+00:00,1786147548,6715,351 Bridgeport/WhiteRock,15251619,8282,25,-127
2026-08-08T00:05:58.535059+00:00,1786147548,6715,351 Bridgeport/WhiteRock,15251620,11545,7,-63
2026-08-08T00:05:58.535059+00:00,1786147548,6715,351 Bridgeport/WhiteRock,15251620,6172,8,-43
2026-08-08T00:05:58.535059+00:00,1786147548,6715,351 Bridgeport/WhiteRock,15251620,6173,9,-33
2026-08-08T00:05:58.535059+00:00,1786147548,6715,351 Bridgeport/WhiteRock,15251620,6139,10,0
2026-08-08T00:05:58.535059+00:00,1786147548,6715,351 Bridgeport/WhiteRock,15251620,5437,11,23
2026-08-08T00:05:58.535059+00:00,1786147548,6715,351 Bridgeport/WhiteRock,15251620,5438,12,17
2026-08-08T00:05:58.535059+00:00,1786147548,6715,351 Bridgeport/WhiteRock,15251620,5439,13,34
2026-08-08T00:05:58.535059+00:00,1786147548,6715,351 Bridgeport/WhiteRock,15251620,5440,14,12
2026-08-08T00:05:58.535059+00:00,1786147548,6715,351 Bridgeport/WhiteRock,15251620,5441,15,50
2026-08-08T00:05:58.535059+00:00,1786147548,6715,351 Bridgeport/WhiteRock,15251620,5442,16,23
2026-08-08T00:05:58.535059+00:00,1786147548,6715,351 Bridgeport/WhiteRock,15251620,5444,17,35
2026-08-08T00:05:58.535059+00:00,1786147548,6715,351 Bridgeport/WhiteRock,15251620,9083,18,7
2026-08-08T00:05:58.535059+00:00,1786147548,6715,351 Bridgeport/WhiteRock,15251620,5446,19,12
2026-08-08T00:05:58.535059+00:00,1786147548,6715,351 Bridgeport/WhiteRock,15251620,10445,20,1
2026-08-08T00:05:58.535059+00:00,1786147548,6715,351 Bridgeport/WhiteRock,15251620,5447,21,-42
2026-08-08T00:05:58.535059+00:00,1786147548,6715,351 Bridgeport/WhiteRock,15251620,5448,22,-41
2026-08-08T00:05:58.535059+00:00,1786147548,6715,351 Bridgeport/WhiteRock,15251620,6194,23,0
2026-08-08T00:05:58.535059+00:00,1786147548,6715,351 Bridgeport/WhiteRock,15251620,4928,24,-131
2026-08-08T00:05:58.535059+00:00,1786147548,6715,351 Bridgeport/WhiteRock,15251620,8282,25,-27
2026-08-08T00:05:58.535059+00:00,1786147548,6715,351 Bridgeport/WhiteRock,15251696,5541,17,-314
2026-08-08T00:05:58.535059+00:00,1786147548,6715,351 Bridgeport/WhiteRock,15251696,5542,18,-292
2026-08-08T00:05:58.535059+00:00,1786147548,6715,351 Bridgeport/WhiteRock,15251696,6340,19,-245
2026-08-08T00:05:58.535059+00:00,1786147548,6715,351 Bridgeport/WhiteRock,15251696,6341,20,-224
2026-08-08T00:05:58.535059+00:00,1786147548,6715,351 Bridgeport/WhiteRock,15251696,6167,21,-210
2026-08-08T00:05:58.535059+00:00,1786147548,6715,351 Bridgeport/WhiteRock,15251697,5528,8,-489
2026-08-08T00:05:58.535059+00:00,1786147548,6715,351 Bridgeport/WhiteRock,15251697,5529,9,-498
2026-08-08T00:05:58.535059+00:00,1786147548,6715,351 Bridgeport/WhiteRock,15251697,5530,10,-497
2026-08-08T00:05:58.535059+00:00,1786147548,6715,351 Bridgeport/WhiteRock,15251697,5533,11,-481
2026-08-08T00:05:58.535059+00:00,1786147548,6715,351 Bridgeport/WhiteRock,15251697,5534,12,-484
2026-08-08T00:05:58.535059+00:00,1786147548,6715,351 Bridgeport/WhiteRock,15251697,5535,13,-465
2026-08-08T00:05:58.535059+00:00,1786147548,6715,351 Bridgeport/WhiteRock,15251697,5536,14,-470
2026-08-08T00:05:58.535059+00:00,1786147548,6715,351 Bridgeport/WhiteRock,15251697,5537,15,-445
2026-08-08T00:05:58.535059+00:00,1786147548,6715,351 Bridgeport/WhiteRock,15251697,5538,16,-441
2026-08-08T00:05:58.535059+00:00,1786147548,6715,351 Bridgeport/WhiteRock,15251697,5541,17,-389
2026-08-08T00:05:58.535059+00:00,1786147548,6715,351 Bridgeport/WhiteRock,15251697,5542,18,-367
2026-08-08T00:05:58.535059+00:00,1786147548,6715,351 Bridgeport/WhiteRock,15251697,6340,19,-320
2026-08-08T00:05:58.535059+00:00,1786147548,6715,351 Bridgeport/WhiteRock,15251697,6341,20,-299
2026-08-08T00:05:58.535059+00:00,1786147548,6715,351 Bridgeport/WhiteRock,15251697,6167,21,-286
2026-08-08T00:05:58.535059+00:00,1786147548,6715,351 Bridgeport/WhiteRock,15251698,6175,4,-688
2026-08-08T00:05:58.535059+00:00,1786147548,6715,351 Bridgeport/WhiteRock,15251698,5524,5,-645
2026-08-08T00:05:58.535059+00:00,1786147548,6715,351 Bridgeport/WhiteRock,15251698,5525,6,-659
2026-08-08T00:05:58.535059+00:00,1786147548,6715,351 Bridgeport/WhiteRock,15251698,10443,7,-653
2026-08-08T00:05:58.535059+00:00,1786147548,6715,351 Bridgeport/WhiteRock,15251698,5528,8,-633
2026-08-08T00:05:58.535059+00:00,1786147548,6715,351 Bridgeport/WhiteRock,15251698,5529,9,-643
2026-08-08T00:05:58.535059+00:00,1786147548,6715,351 Bridgeport/WhiteRock,15251698,5530,10,-641
2026-08-08T00:05:58.535059+00:00,1786147548,6715,351 Bridgeport/WhiteRock,15251698,5533,11,-624
2026-08-08T00:05:58.535059+00:00,1786147548,6715,351 Bridgeport/WhiteRock,15251698,5534,12,-627
2026-08-08T00:05:58.535059+00:00,1786147548,6715,351 Bridgeport/WhiteRock,15251698,5535,13,-611
2026-08-08T00:05:58.535059+00:00,1786147548,6715,351 Bridgeport/WhiteRock,15251698,5536,14,-610
2026-08-08T00:05:58.535059+00:00,1786147548,6715,351 Bridgeport/WhiteRock,15251698,5537,15,-584
2026-08-08T00:05:58.535059+00:00,1786147548,6715,351 Bridgeport/WhiteRock,15251698,5538,16,-580
2026-08-08T00:05:58.535059+00:00,1786147548,6715,351 Bridgeport/WhiteRock,15251698,5541,17,-530
2026-08-08T00:05:58.535059+00:00,1786147548,6715,351 Bridgeport/WhiteRock,15251698,5542,18,-508
2026-08-08T00:05:58.535059+00:00,1786147548,6715,351 Bridgeport/WhiteRock,15251698,6340,19,-460
2026-08-08T00:05:58.535059+00:00,1786147548,6715,351 Bridgeport/WhiteRock,15251698,6341,20,-439
2026-08-08T00:05:58.535059+00:00,1786147548,6715,351 Bridgeport/WhiteRock,15251698,6167,21,-428
2026-08-08T00:05:58.535059+00:00,1786147548,6715,351 Bridgeport/WhiteRock,15251699,4929,3,99
2026-08-08T00:05:58.535059+00:00,1786147548,6715,351 Bridgeport/WhiteRock,15251699,6175,4,-592
2026-08-08T00:05:58.535059+00:00,1786147548,6715,351 Bridgeport/WhiteRock,15251699,5524,5,-549
2026-08-08T00:05:58.535059+00:00,1786147548,6715,351 Bridgeport/WhiteRock,15251699,5525,6,-563
2026-08-08T00:05:58.535059+00:00,1786147548,6715,351 Bridgeport/WhiteRock,15251699,10443,7,-557
2026-08-08T00:05:58.535059+00:00,1786147548,6715,351 Bridgeport/WhiteRock,15251699,5528,8,-536
2026-08-08T00:05:58.535059+00:00,1786147548,6715,351 Bridgeport/WhiteRock,15251699,5529,9,-546
2026-08-08T00:05:58.535059+00:00,1786147548,6715,351 Bridgeport/WhiteRock,15251699,5530,10,-544
2026-08-08T00:05:58.535059+00:00,1786147548,6715,351 Bridgeport/WhiteRock,15251699,5533,11,-526
2026-08-08T00:05:58.535059+00:00,1786147548,6715,351 Bridgeport/WhiteRock,15251699,5534,12,-529
2026-08-08T00:05:58.535059+00:00,1786147548,6715,351 Bridgeport/WhiteRock,15251699,5535,13,-497
2026-08-08T00:05:58.535059+00:00,1786147548,6715,351 Bridgeport/WhiteRock,15251699,5536,14,-498
2026-08-08T00:05:58.535059+00:00,1786147548,6715,351 Bridgeport/WhiteRock,15251699,5537,15,-473
2026-08-08T00:05:58.535059+00:00,1786147548,6715,351 Bridgeport/WhiteRock,15251699,5538,16,-468
2026-08-08T00:05:58.535059+00:00,1786147548,6715,351 Bridgeport/WhiteRock,15251699,5541,17,-417
2026-08-08T00:05:58.535059+00:00,1786147548,6715,351 Bridgeport/WhiteRock,15251699,5542,18,-395
2026-08-08T00:05:58.535059+00:00,1786147548,6715,351 Bridgeport/WhiteRock,15251699,6340,19,-346
2026-08-08T00:05:58.535059+00:00,1786147548,6715,351 Bridgeport/WhiteRock,15251699,6341,20,-325
2026-08-08T00:05:58.535059+00:00,1786147548,6715,351 Bridgeport/WhiteRock,15251699,6167,21,-316
2026-08-08T00:05:58.535059+00:00,1786147548,6715,351 Bridgeport/WhiteRock,15251700,8283,2,26
2026-08-08T00:05:58.535059+00:00,1786147548,6715,351 Bridgeport/WhiteRock,15251700,4929,3,0
2026-08-08T00:05:58.535059+00:00,1786147548,6715,351 Bridgeport/WhiteRock,15251700,6175,4,-691
2026-08-08T00:05:58.535059+00:00,1786147548,6715,351 Bridgeport/WhiteRock,15251700,5524,5,-647
2026-08-08T00:05:58.535059+00:00,1786147548,6715,351 Bridgeport/WhiteRock,15251700,5525,6,-660
2026-08-08T00:05:58.535059+00:00,1786147548,6715,351 Bridgeport/WhiteRock,15251700,10443,7,-654
2026-08-08T00:05:58.535059+00:00,1786147548,6715,351 Bridgeport/WhiteRock,15251700,5528,8,-632
2026-08-08T00:05:58.535059+00:00,1786147548,6715,351 Bridgeport/WhiteRock,15251700,5529,9,-641
2026-08-08T00:05:58.535059+00:00,1786147548,6715,351 Bridgeport/WhiteRock,15251700,5530,10,-639
2026-08-08T00:05:58.535059+00:00,1786147548,6715,351 Bridgeport/WhiteRock,15251700,5533,11,-620
2026-08-08T00:05:58.535059+00:00,1786147548,6715,351 Bridgeport/WhiteRock,15251700,5534,12,-623
2026-08-08T00:05:58.535059+00:00,1786147548,6715,351 Bridgeport/WhiteRock,15251700,5535,13,-592
2026-08-08T00:05:58.535059+00:00,1786147548,6715,351 Bridgeport/WhiteRock,15251700,5536,14,-593
2026-08-08T00:05:58.535059+00:00,1786147548,6715,351 Bridgeport/WhiteRock,15251700,5537,15,-574
2026-08-08T00:05:58.535059+00:00,1786147548,6715,351 Bridgeport/WhiteRock,15251700,5538,16,-567
2026-08-08T00:05:58.535059+00:00,1786147548,6715,351 Bridgeport/WhiteRock,15251700,5541,17,-516
2026-08-08T00:05:58.535059+00:00,1786147548,6715,351 Bridgeport/WhiteRock,15251700,5542,18,-495
2026-08-08T00:05:58.535059+00:00,1786147548,6715,351 Bridgeport/WhiteRock,15251700,6340,19,-454
2026-08-08T00:05:58.535059+00:00,1786147548,6715,351 Bridgeport/WhiteRock,15251700,6341,20,-434
2026-08-08T00:05:58.535059+00:00,1786147548,6715,351 Bridgeport/WhiteRock,15251700,6167,21,-423
2026-08-08T00:05:58.535059+00:00,1786147548,11692,364 Langley Centre/Scottsdale,15252682,11121,6,-346
2026-08-08T00:05:58.535059+00:00,1786147548,11692,364 Langley Centre/Scottsdale,15252682,11142,7,-392
2026-08-08T00:05:58.535059+00:00,1786147548,11692,364 Langley Centre/Scottsdale,15252682,11139,8,-416
2026-08-08T00:05:58.535059+00:00,1786147548,11692,364 Langley Centre/Scottsdale,15252682,11156,9,-437
2026-08-08T00:05:58.535059+00:00,1786147548,11692,364 Langley Centre/Scottsdale,15252682,5583,10,-433
2026-08-08T00:05:58.535059+00:00,1786147548,11692,364 Langley Centre/Scottsdale,15252682,5584,11,-476
2026-08-08T00:05:58.535059+00:00,1786147548,11692,364 Langley Centre/Scottsdale,15252682,6464,12,-502
2026-08-08T00:05:58.535059+00:00,1786147548,11692,364 Langley Centre/Scottsdale,15252682,6465,13,-538
2026-08-08T00:05:58.535059+00:00,1786147548,11692,364 Langley Centre/Scottsdale,15252682,11074,14,-501
2026-08-08T00:05:58.535059+00:00,1786147548,11692,364 Langley Centre/Scottsdale,15252682,11153,15,-541
2026-08-08T00:05:58.535059+00:00,1786147548,11692,364 Langley Centre/Scottsdale,15252682,11150,16,-590
2026-08-08T00:05:58.535059+00:00,1786147548,11692,364 Langley Centre/Scottsdale,15252682,11148,17,-617
2026-08-08T00:05:58.535059+00:00,1786147548,11692,364 Langley Centre/Scottsdale,15252682,11124,18,-611
2026-08-08T00:05:58.535059+00:00,1786147548,11692,364 Langley Centre/Scottsdale,15252682,11140,19,-659
2026-08-08T00:05:58.535059+00:00,1786147548,11692,364 Langley Centre/Scottsdale,15252682,11145,20,-678
2026-08-08T00:05:58.535059+00:00,1786147548,11692,364 Langley Centre/Scottsdale,15252682,11076,21,0
2026-08-08T00:05:58.535059+00:00,1786147548,11692,364 Langley Centre/Scottsdale,15252682,12645,22,-236
2026-08-08T00:05:58.535059+00:00,1786147548,11692,364 Langley Centre/Scottsdale,15252682,9525,23,-236
2026-08-08T00:05:58.535059+00:00,1786147548,11692,364 Langley Centre/Scottsdale,15252682,10148,24,-214
2026-08-08T00:05:58.535059+00:00,1786147548,11692,364 Langley Centre/Scottsdale,15252682,10585,25,-239
2026-08-08T00:05:58.535059+00:00,1786147548,11692,364 Langley Centre/Scottsdale,15252682,10250,26,-249
2026-08-08T00:05:58.535059+00:00,1786147548,11692,364 Langley Centre/Scottsdale,15252682,10588,27,-260
2026-08-08T00:05:58.535059+00:00,1786147548,11692,364 Langley Centre/Scottsdale,15252682,10248,28,-203
2026-08-08T00:05:58.535059+00:00,1786147548,11692,364 Langley Centre/Scottsdale,15252682,10726,29,-200
2026-08-08T00:05:58.535059+00:00,1786147548,11692,364 Langley Centre/Scottsdale,15252682,10725,30,-214
2026-08-08T00:05:58.535059+00:00,1786147548,11692,364 Langley Centre/Scottsdale,15252682,10727,31,-235
2026-08-08T00:05:58.535059+00:00,1786147548,11692,364 Langley Centre/Scottsdale,15252682,10251,32,-245
2026-08-08T00:05:58.535059+00:00,1786147548,11692,364 Langley Centre/Scottsdale,15252682,10252,33,-271
2026-08-08T00:05:58.535059+00:00,1786147548,11692,364 Langley Centre/Scottsdale,15252682,10253,34,-283
2026-08-08T00:05:58.535059+00:00,1786147548,11692,364 Langley Centre/Scottsdale,15252682,10255,35,-304
2026-08-08T00:05:58.535059+00:00,1786147548,11692,364 Langley Centre/Scottsdale,15252682,5332,36,-243
2026-08-08T00:05:58.535059+00:00,1786147548,11692,364 Langley Centre/Scottsdale,15252682,12497,37,-274
2026-08-08T00:05:58.535059+00:00,1786147548,11692,364 Langley Centre/Scottsdale,15252682,5334,38,-286
2026-08-08T00:05:58.535059+00:00,1786147548,11692,364 Langley Centre/Scottsdale,15252682,6472,39,-277
2026-08-08T00:05:58.535059+00:00,1786147548,11692,364 Langley Centre/Scottsdale,15252682,6473,40,-280
2026-08-08T00:05:58.535059+00:00,1786147548,11692,364 Langley Centre/Scottsdale,15252682,6474,41,-290
2026-08-08T00:05:58.535059+00:00,1786147548,11692,364 Langley Centre/Scottsdale,15252682,9306,42,-239
2026-08-08T00:05:58.535059+00:00,1786147548,11692,364 Langley Centre/Scottsdale,15252682,11125,43,-250
2026-08-08T00:05:58.535059+00:00,1786147548,11692,364 Langley Centre/Scottsdale,15252682,9294,44,-238
2026-08-08T00:05:58.535059+00:00,1786147548,11692,364 Langley Centre/Scottsdale,15252682,9293,45,-248
2026-08-08T00:05:58.535059+00:00,1786147548,11692,364 Langley Centre/Scottsdale,15252682,11126,46,-241
2026-08-08T00:05:58.535059+00:00,1786147548,11692,364 Langley Centre/Scottsdale,15252682,7094,47,-287
2026-08-08T00:05:58.535059+00:00,1786147548,11692,364 Langley Centre/Scottsdale,15252683,11145,20,841
2026-08-08T00:05:58.535059+00:00,1786147548,11692,364 Langley Centre/Scottsdale,15252683,11076,21,0
2026-08-08T00:05:58.535059+00:00,1786147548,11692,364 Langley Centre/Scottsdale,15252683,12645,22,-270
2026-08-08T00:05:58.535059+00:00,1786147548,11692,364 Langley Centre/Scottsdale,15252683,9525,23,-270
2026-08-08T00:05:58.535059+00:00,1786147548,11692,364 Langley Centre/Scottsdale,15252683,10148,24,-254
2026-08-08T00:05:58.535059+00:00,1786147548,11692,364 Langley Centre/Scottsdale,15252683,10585,25,-284
2026-08-08T00:05:58.535059+00:00,1786147548,11692,364 Langley Centre/Scottsdale,15252683,10250,26,-303
2026-08-08T00:05:58.535059+00:00,1786147548,11692,364 Langley Centre/Scottsdale,15252683,10588,27,-318
2026-08-08T00:05:58.535059+00:00,1786147548,11692,364 Langley Centre/Scottsdale,15252683,10248,28,-269
2026-08-08T00:05:58.535059+00:00,1786147548,11692,364 Langley Centre/Scottsdale,15252683,10726,29,-267
2026-08-08T00:05:58.535059+00:00,1786147548,11692,364 Langley Centre/Scottsdale,15252683,10725,30,-287
2026-08-08T00:05:58.535059+00:00,1786147548,11692,364 Langley Centre/Scottsdale,15252683,10727,31,-312
2026-08-08T00:05:58.535059+00:00,1786147548,11692,364 Langley Centre/Scottsdale,15252683,10251,32,-333
2026-08-08T00:05:58.535059+00:00,1786147548,11692,364 Langley Centre/Scottsdale,15252683,10252,33,-364
2026-08-08T00:05:58.535059+00:00,1786147548,11692,364 Langley Centre/Scottsdale,15252683,10253,34,-386
2026-08-08T00:05:58.535059+00:00,1786147548,11692,364 Langley Centre/Scottsdale,15252683,10255,35,-414
2026-08-08T00:05:58.535059+00:00,1786147548,11692,364 Langley Centre/Scottsdale,15252683,5332,36,-356
2026-08-08T00:05:58.535059+00:00,1786147548,11692,364 Langley Centre/Scottsdale,15252683,12497,37,-391
2026-08-08T00:05:58.535059+00:00,1786147548,11692,364 Langley Centre/Scottsdale,15252683,5334,38,-405
2026-08-08T00:05:58.535059+00:00,1786147548,11692,364 Langley Centre/Scottsdale,15252683,6472,39,-397
2026-08-08T00:05:58.535059+00:00,1786147548,11692,364 Langley Centre/Scottsdale,15252683,6473,40,-403
2026-08-08T00:05:58.535059+00:00,1786147548,11692,364 Langley Centre/Scottsdale,15252683,6474,41,-417
2026-08-08T00:05:58.535059+00:00,1786147548,11692,364 Langley Centre/Scottsdale,15252683,9306,42,-366
2026-08-08T00:05:58.535059+00:00,1786147548,11692,364 Langley Centre/Scottsdale,15252683,11125,43,-383
2026-08-08T00:05:58.535059+00:00,1786147548,11692,364 Langley Centre/Scottsdale,15252683,9294,44,-391
2026-08-08T00:05:58.535059+00:00,1786147548,11692,364 Langley Centre/Scottsdale,15252683,9293,45,-406
2026-08-08T00:05:58.535059+00:00,1786147548,11692,364 Langley Centre/Scottsdale,15252683,11126,46,-398
2026-08-08T00:05:58.535059+00:00,1786147548,11692,364 Langley Centre/Scottsdale,15252683,7094,47,-430
2026-08-08T00:05:58.535059+00:00,1786147548,11692,364 Langley Centre/Scottsdale,15252684,11126,46,-51
2026-08-08T00:05:58.535059+00:00,1786147548,11692,364 Langley Centre/Scottsdale,15252684,7094,47,-83
2026-08-08T00:05:58.535059+00:00,1786147548,11692,364 Langley Centre/Scottsdale,15252697,10588,27,242
2026-08-08T00:05:58.535059+00:00,1786147548,11692,364 Langley Centre/Scottsdale,15252697,10248,28,291
2026-08-08T00:05:58.535059+00:00,1786147548,11692,364 Langley Centre/Scottsdale,15252697,10726,29,294
2026-08-08T00:05:58.535059+00:00,1786147548,11692,364 Langley Centre/Scottsdale,15252697,10725,30,277
2026-08-08T00:05:58.535059+00:00,1786147548,11692,364 Langley Centre/Scottsdale,15252697,10727,31,252
2026-08-08T00:05:58.535059+00:00,1786147548,11692,364 Langley Centre/Scottsdale,15252697,10251,32,231
2026-08-08T00:05:58.535059+00:00,1786147548,11692,364 Langley Centre/Scottsdale,15252697,10252,33,200
2026-08-08T00:05:58.535059+00:00,1786147548,11692,364 Langley Centre/Scottsdale,15252697,10253,34,178
2026-08-08T00:05:58.535059+00:00,1786147548,11692,364 Langley Centre/Scottsdale,15252697,10255,35,150
2026-08-08T00:05:58.535059+00:00,1786147548,11692,364 Langley Centre/Scottsdale,15252697,5332,36,208
2026-08-08T00:05:58.535059+00:00,1786147548,11692,364 Langley Centre/Scottsdale,15252697,12497,37,171
2026-08-08T00:05:58.535059+00:00,1786147548,11692,364 Langley Centre/Scottsdale,15252697,5334,38,157
2026-08-08T00:05:58.535059+00:00,1786147548,11692,364 Langley Centre/Scottsdale,15252697,6472,39,165
2026-08-08T00:05:58.535059+00:00,1786147548,11692,364 Langley Centre/Scottsdale,15252697,6473,40,160
2026-08-08T00:05:58.535059+00:00,1786147548,11692,364 Langley Centre/Scottsdale,15252697,6474,41,147
2026-08-08T00:05:58.535059+00:00,1786147548,11692,364 Langley Centre/Scottsdale,15252697,9306,42,201
2026-08-08T00:05:58.535059+00:00,1786147548,11692,364 Langley Centre/Scottsdale,15252697,11125,43,183
2026-08-08T00:05:58.535059+00:00,1786147548,11692,364 Langley Centre/Scottsdale,15252697,9294,44,175
2026-08-08T00:05:58.535059+00:00,1786147548,11692,364 Langley Centre/Scottsdale,15252697,9293,45,161
2026-08-08T00:05:58.535059+00:00,1786147548,11692,364 Langley Centre/Scottsdale,15252697,11126,46,168
2026-08-08T00:05:58.535059+00:00,1786147548,11692,364 Langley Centre/Scottsdale,15252697,7094,47,136
2026-08-08T00:05:58.535059+00:00,1786147548,11692,364 Langley Centre/Scottsdale,15252698,5244,1,0
2026-08-08T00:05:58.535059+00:00,1786147548,11692,364 Langley Centre/Scottsdale,15252698,4918,3,-935
2026-08-08T00:05:58.535059+00:00,1786147548,11692,364 Langley Centre/Scottsdale,15252698,4919,4,-950
2026-08-08T00:05:58.535059+00:00,1786147548,11692,364 Langley Centre/Scottsdale,15252698,4921,5,-1016
2026-08-08T00:05:58.535059+00:00,1786147548,11692,364 Langley Centre/Scottsdale,15252698,11121,6,-970
2026-08-08T00:05:58.535059+00:00,1786147548,11692,364 Langley Centre/Scottsdale,15252698,11142,7,-1014
2026-08-08T00:05:58.535059+00:00,1786147548,11692,364 Langley Centre/Scottsdale,15252698,11139,8,-1035
2026-08-08T00:05:58.535059+00:00,1786147548,11692,364 Langley Centre/Scottsdale,15252698,11156,9,-1057
2026-08-08T00:05:58.535059+00:00,1786147548,11692,364 Langley Centre/Scottsdale,15252698,5583,10,-1050
2026-08-08T00:05:58.535059+00:00,1786147548,11692,364 Langley Centre/Scottsdale,15252698,5584,11,-1090
2026-08-08T00:05:58.535059+00:00,1786147548,11692,364 Langley Centre/Scottsdale,15252698,6464,12,-1114
2026-08-08T00:05:58.535059+00:00,1786147548,11692,364 Langley Centre/Scottsdale,15252698,6465,13,-1148
2026-08-08T00:05:58.535059+00:00,1786147548,11692,364 Langley Centre/Scottsdale,15252698,11074,14,-1108
2026-08-08T00:05:58.535059+00:00,1786147548,11692,364 Langley Centre/Scottsdale,15252698,11153,15,-1146
2026-08-08T00:05:58.535059+00:00,1786147548,11692,364 Langley Centre/Scottsdale,15252698,11150,16,-1192
2026-08-08T00:05:58.535059+00:00,1786147548,11692,364 Langley Centre/Scottsdale,15252698,11148,17,-1216
2026-08-08T00:05:58.535059+00:00,1786147548,11692,364 Langley Centre/Scottsdale,15252698,11124,18,-1207
2026-08-08T00:05:58.535059+00:00,1786147548,11692,364 Langley Centre/Scottsdale,15252698,11140,19,-1252
2026-08-08T00:05:58.535059+00:00,1786147548,11692,364 Langley Centre/Scottsdale,15252698,11145,20,-1269
2026-08-08T00:05:58.535059+00:00,1786147548,11692,364 Langley Centre/Scottsdale,15252698,11076,21,0
2026-08-08T00:05:58.535059+00:00,1786147548,11692,364 Langley Centre/Scottsdale,15252698,12645,22,-212
2026-08-08T00:05:58.535059+00:00,1786147548,11692,364 Langley Centre/Scottsdale,15252698,9525,23,-212
2026-08-08T00:05:58.535059+00:00,1786147548,11692,364 Langley Centre/Scottsdale,15252698,10148,24,-187
2026-08-08T00:05:58.535059+00:00,1786147548,11692,364 Langley Centre/Scottsdale,15252698,10585,25,-209
2026-08-08T00:05:58.535059+00:00,1786147548,11692,364 Langley Centre/Scottsdale,15252698,10250,26,-215
2026-08-08T00:05:58.535059+00:00,1786147548,11692,364 Langley Centre/Scottsdale,15252698,10588,27,-223
2026-08-08T00:05:58.535059+00:00,1786147548,11692,364 Langley Centre/Scottsdale,15252698,10248,28,-162
2026-08-08T00:05:58.535059+00:00,1786147548,11692,364 Langley Centre/Scottsdale,15252698,10726,29,-163
2026-08-08T00:05:58.535059+00:00,1786147548,11692,364 Langley Centre/Scottsdale,15252698,10725,30,-178
2026-08-08T00:05:58.535059+00:00,1786147548,11692,364 Langley Centre/Scottsdale,15252698,10727,31,-194
2026-08-08T00:05:58.535059+00:00,1786147548,11692,364 Langley Centre/Scottsdale,15252698,10251,32,-203
2026-08-08T00:05:58.535059+00:00,1786147548,11692,364 Langley Centre/Scottsdale,15252698,10252,33,-228
2026-08-08T00:05:58.535059+00:00,1786147548,11692,364 Langley Centre/Scottsdale,15252698,10253,34,-239
2026-08-08T00:05:58.535059+00:00,1786147548,11692,364 Langley Centre/Scottsdale,15252698,10255,35,-258
2026-08-08T00:05:58.535059+00:00,1786147548,11692,364 Langley Centre/Scottsdale,15252698,5332,36,-229
2026-08-08T00:05:58.535059+00:00,1786147548,11692,364 Langley Centre/Scottsdale,15252698,12497,37,-258
2026-08-08T00:05:58.535059+00:00,1786147548,11692,364 Langley Centre/Scottsdale,15252698,5334,38,-263
2026-08-08T00:05:58.535059+00:00,1786147548,11692,364 Langley Centre/Scottsdale,15252698,6472,39,-254
2026-08-08T00:05:58.535059+00:00,1786147548,11692,364 Langley Centre/Scottsdale,15252698,6473,40,-254
2026-08-08T00:05:58.535059+00:00,1786147548,11692,364 Langley Centre/Scottsdale,15252698,6474,41,-257
2026-08-08T00:05:58.535059+00:00,1786147548,11692,364 Langley Centre/Scottsdale,15252698,9306,42,-205
2026-08-08T00:05:58.535059+00:00,1786147548,11692,364 Langley Centre/Scottsdale,15252698,11125,43,-200
2026-08-08T00:05:58.535059+00:00,1786147548,11692,364 Langley Centre/Scottsdale,15252698,9294,44,-192
2026-08-08T00:05:58.535059+00:00,1786147548,11692,364 Langley Centre/Scottsdale,15252698,9293,45,-201
2026-08-08T00:05:58.535059+00:00,1786147548,11692,364 Langley Centre/Scottsdale,15252698,11126,46,-194
2026-08-08T00:05:58.535059+00:00,1786147548,11692,364 Langley Centre/Scottsdale,15252698,7094,47,-227
2026-08-08T00:05:58.535059+00:00,1786147548,11692,364 Langley Centre/Scottsdale,15252700,11074,14,-192
2026-08-08T00:05:58.535059+00:00,1786147548,11692,364 Langley Centre/Scottsdale,15252700,11153,15,-232
2026-08-08T00:05:58.535059+00:00,1786147548,11692,364 Langley Centre/Scottsdale,15252700,11150,16,-281
2026-08-08T00:05:58.535059+00:00,1786147548,11692,364 Langley Centre/Scottsdale,15252700,11148,17,-308
2026-08-08T00:05:58.535059+00:00,1786147548,11692,364 Langley Centre/Scottsdale,15252700,11124,18,-302
2026-08-08T00:05:58.535059+00:00,1786147548,11692,364 Langley Centre/Scottsdale,15252700,11140,19,-349
2026-08-08T00:05:58.535059+00:00,1786147548,11692,364 Langley Centre/Scottsdale,15252700,11145,20,-367
2026-08-08T00:05:58.535059+00:00,1786147548,11692,364 Langley Centre/Scottsdale,15252700,11076,21,0
2026-08-08T00:05:58.535059+00:00,1786147548,11692,364 Langley Centre/Scottsdale,15252700,12645,22,-236
2026-08-08T00:05:58.535059+00:00,1786147548,11692,364 Langley Centre/Scottsdale,15252700,9525,23,-236
2026-08-08T00:05:58.535059+00:00,1786147548,11692,364 Langley Centre/Scottsdale,15252700,10148,24,-214
2026-08-08T00:05:58.535059+00:00,1786147548,11692,364 Langley Centre/Scottsdale,15252700,10585,25,-239
2026-08-08T00:05:58.535059+00:00,1786147548,11692,364 Langley Centre/Scottsdale,15252700,10250,26,-248
2026-08-08T00:05:58.535059+00:00,1786147548,11692,364 Langley Centre/Scottsdale,15252700,10588,27,-259
2026-08-08T00:05:58.535059+00:00,1786147548,11692,364 Langley Centre/Scottsdale,15252700,10248,28,-203
2026-08-08T00:05:58.535059+00:00,1786147548,11692,364 Langley Centre/Scottsdale,15252700,10726,29,-198
2026-08-08T00:05:58.535059+00:00,1786147548,11692,364 Langley Centre/Scottsdale,15252700,10725,30,-213
2026-08-08T00:05:58.535059+00:00,1786147548,11692,364 Langley Centre/Scottsdale,15252700,10727,31,-233
2026-08-08T00:05:58.535059+00:00,1786147548,11692,364 Langley Centre/Scottsdale,15252700,10251,32,-244
2026-08-08T00:05:58.535059+00:00,1786147548,11692,364 Langley Centre/Scottsdale,15252700,10252,33,-270
2026-08-08T00:05:58.535059+00:00,1786147548,11692,364 Langley Centre/Scottsdale,15252700,10253,34,-282
2026-08-08T00:05:58.535059+00:00,1786147548,11692,364 Langley Centre/Scottsdale,15252700,10255,35,-303
2026-08-08T00:05:58.535059+00:00,1786147548,11692,364 Langley Centre/Scottsdale,15252700,5332,36,-242
2026-08-08T00:05:58.535059+00:00,1786147548,11692,364 Langley Centre/Scottsdale,15252700,12497,37,-273
2026-08-08T00:05:58.535059+00:00,1786147548,11692,364 Langley Centre/Scottsdale,15252700,5334,38,-284
2026-08-08T00:05:58.535059+00:00,1786147548,11692,364 Langley Centre/Scottsdale,15252700,6472,39,-276
2026-08-08T00:05:58.535059+00:00,1786147548,11692,364 Langley Centre/Scottsdale,15252700,6473,40,-278
2026-08-08T00:05:58.535059+00:00,1786147548,11692,364 Langley Centre/Scottsdale,15252700,6474,41,-287
2026-08-08T00:05:58.535059+00:00,1786147548,11692,364 Langley Centre/Scottsdale,15252700,9306,42,-234
2026-08-08T00:05:58.535059+00:00,1786147548,11692,364 Langley Centre/Scottsdale,15252700,11125,43,-234
2026-08-08T00:05:58.535059+00:00,1786147548,11692,364 Langley Centre/Scottsdale,15252700,9294,44,-242
2026-08-08T00:05:58.535059+00:00,1786147548,11692,364 Langley Centre/Scottsdale,15252700,9293,45,-253
2026-08-08T00:05:58.535059+00:00,1786147548,11692,364 Langley Centre/Scottsdale,15252700,11126,46,-244
2026-08-08T00:05:58.535059+00:00,1786147548,11692,364 Langley Centre/Scottsdale,15252700,7094,47,-257
2026-08-08T00:05:58.535059+00:00,1786147548,11692,364 Langley Centre/Scottsdale,15252714,7166,1,0
2026-08-08T00:05:58.535059+00:00,1786147548,11692,364 Langley Centre/Scottsdale,15252714,6475,9,-783
2026-08-08T00:05:58.535059+00:00,1786147548,11692,364 Langley Centre/Scottsdale,15252714,6476,10,-819
2026-08-08T00:05:58.535059+00:00,1786147548,11692,364 Langley Centre/Scottsdale,15252714,5381,11,-840
2026-08-08T00:05:58.535059+00:00,1786147548,11692,364 Langley Centre/Scottsdale,15252714,12496,12,-850
2026-08-08T00:05:58.535059+00:00,1786147548,11692,364 Langley Centre/Scottsdale,15252714,5382,13,-882
2026-08-08T00:05:58.535059+00:00,1786147548,11692,364 Langley Centre/Scottsdale,15252714,12516,14,-705
2026-08-08T00:05:58.535059+00:00,1786147548,11692,364 Langley Centre/Scottsdale,15252714,10257,15,-756
2026-08-08T00:05:58.535059+00:00,1786147548,11692,364 Langley Centre/Scottsdale,15252714,10258,16,-775
2026-08-08T00:05:58.535059+00:00,1786147548,11692,364 Langley Centre/Scottsdale,15252714,10259,17,-831
2026-08-08T00:05:58.535059+00:00,1786147548,11692,364 Langley Centre/Scottsdale,15252714,10260,18,0
2026-08-08T00:05:58.535059+00:00,1786147548,11692,364 Langley Centre/Scottsdale,15252714,10729,19,-55
2026-08-08T00:05:58.535059+00:00,1786147548,11692,364 Langley Centre/Scottsdale,15252714,13067,20,-80
2026-08-08T00:05:58.535059+00:00,1786147548,11692,364 Langley Centre/Scottsdale,15252714,10633,21,-100
2026-08-08T00:05:58.535059+00:00,1786147548,11692,364 Langley Centre/Scottsdale,15252714,10149,22,-7
2026-08-08T00:05:58.535059+00:00,1786147548,11692,364 Langley Centre/Scottsdale,15252714,10587,23,-30
2026-08-08T00:05:58.535059+00:00,1786147548,11692,364 Langley Centre/Scottsdale,15252714,10261,24,-72
2026-08-08T00:05:58.535059+00:00,1786147548,11692,364 Langley Centre/Scottsdale,15252714,10586,25,-113
2026-08-08T00:05:58.535059+00:00,1786147548,11692,364 Langley Centre/Scottsdale,15252714,9547,26,-86
2026-08-08T00:05:58.535059+00:00,1786147548,11692,364 Langley Centre/Scottsdale,15252714,9526,27,-122
2026-08-08T00:05:58.535059+00:00,1786147548,11692,364 Langley Centre/Scottsdale,15252714,12646,28,-139
2026-08-08T00:05:58.535059+00:00,1786147548,11692,364 Langley Centre/Scottsdale,15252714,11075,29,-211
2026-08-08T00:05:58.535059+00:00,1786147548,11692,364 Langley Centre/Scottsdale,15252714,11174,30,-243
2026-08-08T00:05:58.535059+00:00,1786147548,11692,364 Langley Centre/Scottsdale,15252714,11175,31,-280
2026-08-08T00:05:58.535059+00:00,1786147548,11692,364 Langley Centre/Scottsdale,15252714,11123,32,-237
2026-08-08T00:05:58.535059+00:00,1786147548,11692,364 Langley Centre/Scottsdale,15252714,11176,33,-246
2026-08-08T00:05:58.535059+00:00,1786147548,11692,364 Langley Centre/Scottsdale,15252714,11177,34,-279
2026-08-08T00:05:58.535059+00:00,1786147548,11692,364 Langley Centre/Scottsdale,15252714,11178,35,-312
2026-08-08T00:05:58.535059+00:00,1786147548,11692,364 Langley Centre/Scottsdale,15252714,6459,36,-223
2026-08-08T00:05:58.535059+00:00,1786147548,11692,364 Langley Centre/Scottsdale,15252714,6460,37,-232
2026-08-08T00:05:58.535059+00:00,1786147548,11692,364 Langley Centre/Scottsdale,15252714,5621,38,-234
2026-08-08T00:05:58.535059+00:00,1786147548,11692,364 Langley Centre/Scottsdale,15252714,5622,39,-262
2026-08-08T00:05:58.535059+00:00,1786147548,11692,364 Langley Centre/Scottsdale,15252714,11122,40,-251
2026-08-08T00:05:58.535059+00:00,1786147548,11692,364 Langley Centre/Scottsdale,15252714,11155,41,-269
2026-08-08T00:05:58.535059+00:00,1786147548,11692,364 Langley Centre/Scottsdale,15252714,11143,42,-283
2026-08-08T00:05:58.535059+00:00,1786147548,11692,364 Langley Centre/Scottsdale,15252714,11141,43,-319
2026-08-08T00:05:58.535059+00:00,1786147548,11692,364 Langley Centre/Scottsdale,15252714,4936,44,-315
2026-08-08T00:05:58.535059+00:00,1786147548,11692,364 Langley Centre/Scottsdale,15252714,4937,45,-340
2026-08-08T00:05:58.535059+00:00,1786147548,11692,364 Langley Centre/Scottsdale,15252714,4938,46,-371
2026-08-08T00:05:58.535059+00:00,1786147548,11692,364 Langley Centre/Scottsdale,15252714,5229,47,-376
2026-08-08T00:05:58.535059+00:00,1786147548,11692,364 Langley Centre/Scottsdale,15252714,4917,48,-331
2026-08-08T00:05:58.535059+00:00,1786147548,11692,364 Langley Centre/Scottsdale,15252715,10633,21,-78
2026-08-08T00:05:58.535059+00:00,1786147548,11692,364 Langley Centre/Scottsdale,15252715,10149,22,16
2026-08-08T00:05:58.535059+00:00,1786147548,11692,364 Langley Centre/Scottsdale,15252715,10587,23,-7
2026-08-08T00:05:58.535059+00:00,1786147548,11692,364 Langley Centre/Scottsdale,15252715,10261,24,-48
2026-08-08T00:05:58.535059+00:00,1786147548,11692,364 Langley Centre/Scottsdale,15252715,10586,25,-90
2026-08-08T00:05:58.535059+00:00,1786147548,11692,364 Langley Centre/Scottsdale,15252715,9547,26,-64
2026-08-08T00:05:58.535059+00:00,1786147548,11692,364 Langley Centre/Scottsdale,15252715,9526,27,-99
2026-08-08T00:05:58.535059+00:00,1786147548,11692,364 Langley Centre/Scottsdale,15252715,12646,28,-117
2026-08-08T00:05:58.535059+00:00,1786147548,11692,364 Langley Centre/Scottsdale,15252715,11075,29,-189
2026-08-08T00:05:58.535059+00:00,1786147548,11692,364 Langley Centre/Scottsdale,15252715,11174,30,-222
2026-08-08T00:05:58.535059+00:00,1786147548,11692,364 Langley Centre/Scottsdale,15252715,11175,31,-258
2026-08-08T00:05:58.535059+00:00,1786147548,11692,364 Langley Centre/Scottsdale,15252715,11123,32,-215
2026-08-08T00:05:58.535059+00:00,1786147548,11692,364 Langley Centre/Scottsdale,15252715,11176,33,-220
2026-08-08T00:05:58.535059+00:00,1786147548,11692,364 Langley Centre/Scottsdale,15252715,11177,34,-253
2026-08-08T00:05:58.535059+00:00,1786147548,11692,364 Langley Centre/Scottsdale,15252715,11178,35,-287
2026-08-08T00:05:58.535059+00:00,1786147548,11692,364 Langley Centre/Scottsdale,15252715,6459,36,-196
2026-08-08T00:05:58.535059+00:00,1786147548,11692,364 Langley Centre/Scottsdale,15252715,6460,37,-209
2026-08-08T00:05:58.535059+00:00,1786147548,11692,364 Langley Centre/Scottsdale,15252715,5621,38,-210
2026-08-08T00:05:58.535059+00:00,1786147548,11692,364 Langley Centre/Scottsdale,15252715,5622,39,-237
2026-08-08T00:05:58.535059+00:00,1786147548,11692,364 Langley Centre/Scottsdale,15252715,11122,40,-207
2026-08-08T00:05:58.535059+00:00,1786147548,11692,364 Langley Centre/Scottsdale,15252715,11155,41,-226
2026-08-08T00:05:58.535059+00:00,1786147548,11692,364 Langley Centre/Scottsdale,15252715,11143,42,-239
2026-08-08T00:05:58.535059+00:00,1786147548,11692,364 Langley Centre/Scottsdale,15252715,11141,43,-276
2026-08-08T00:05:58.535059+00:00,1786147548,11692,364 Langley Centre/Scottsdale,15252715,4936,44,-268
2026-08-08T00:05:58.535059+00:00,1786147548,11692,364 Langley Centre/Scottsdale,15252715,4937,45,-292
2026-08-08T00:05:58.535059+00:00,1786147548,11692,364 Langley Centre/Scottsdale,15252715,4938,46,-320
2026-08-08T00:05:58.535059+00:00,1786147548,11692,364 Langley Centre/Scottsdale,15252715,5229,47,-322
2026-08-08T00:05:58.535059+00:00,1786147548,11692,364 Langley Centre/Scottsdale,15252715,4917,48,-261
2026-08-08T00:05:58.535059+00:00,1786147548,11692,364 Langley Centre/Scottsdale,15252736,5622,39,-132
2026-08-08T00:05:58.535059+00:00,1786147548,11692,364 Langley Centre/Scottsdale,15252736,11122,40,-105
2026-08-08T00:05:58.535059+00:00,1786147548,11692,364 Langley Centre/Scottsdale,15252736,11155,41,-126
2026-08-08T00:05:58.535059+00:00,1786147548,11692,364 Langley Centre/Scottsdale,15252736,11143,42,-144
2026-08-08T00:05:58.535059+00:00,1786147548,11692,364 Langley Centre/Scottsdale,15252736,11141,43,-182
2026-08-08T00:05:58.535059+00:00,1786147548,11692,364 Langley Centre/Scottsdale,15252736,4936,44,-176
2026-08-08T00:05:58.535059+00:00,1786147548,11692,364 Langley Centre/Scottsdale,15252736,4937,45,-203
2026-08-08T00:05:58.535059+00:00,1786147548,11692,364 Langley Centre/Scottsdale,15252736,4938,46,-236
2026-08-08T00:05:58.535059+00:00,1786147548,11692,364 Langley Centre/Scottsdale,15252736,5229,47,-240
2026-08-08T00:05:58.535059+00:00,1786147548,11692,364 Langley Centre/Scottsdale,15252736,4917,48,-183
2026-08-08T00:05:58.535059+00:00,1786147548,11692,364 Langley Centre/Scottsdale,15252751,11075,29,-165
2026-08-08T00:05:58.535059+00:00,1786147548,11692,364 Langley Centre/Scottsdale,15252751,11174,30,-205
2026-08-08T00:05:58.535059+00:00,1786147548,11692,364 Langley Centre/Scottsdale,15252751,11175,31,-243
2026-08-08T00:05:58.535059+00:00,1786147548,11692,364 Langley Centre/Scottsdale,15252751,11123,32,-204
2026-08-08T00:05:58.535059+00:00,1786147548,11692,364 Langley Centre/Scottsdale,15252751,11176,33,-212
2026-08-08T00:05:58.535059+00:00,1786147548,11692,364 Langley Centre/Scottsdale,15252751,11177,34,-249
2026-08-08T00:05:58.535059+00:00,1786147548,11692,364 Langley Centre/Scottsdale,15252751,11178,35,-286
2026-08-08T00:05:58.535059+00:00,1786147548,11692,364 Langley Centre/Scottsdale,15252751,6459,36,-198
2026-08-08T00:05:58.535059+00:00,1786147548,11692,364 Langley Centre/Scottsdale,15252751,6460,37,-213
2026-08-08T00:05:58.535059+00:00,1786147548,11692,364 Langley Centre/Scottsdale,15252751,5621,38,-218
2026-08-08T00:05:58.535059+00:00,1786147548,11692,364 Langley Centre/Scottsdale,15252751,5622,39,-249
2026-08-08T00:05:58.535059+00:00,1786147548,11692,364 Langley Centre/Scottsdale,15252751,11122,40,-222
2026-08-08T00:05:58.535059+00:00,1786147548,11692,364 Langley Centre/Scottsdale,15252751,11155,41,-244
2026-08-08T00:05:58.535059+00:00,1786147548,11692,364 Langley Centre/Scottsdale,15252751,11143,42,-262
2026-08-08T00:05:58.535059+00:00,1786147548,11692,364 Langley Centre/Scottsdale,15252751,11141,43,-301
2026-08-08T00:05:58.535059+00:00,1786147548,11692,364 Langley Centre/Scottsdale,15252751,4936,44,-295
2026-08-08T00:05:58.535059+00:00,1786147548,11692,364 Langley Centre/Scottsdale,15252751,4937,45,-322
2026-08-08T00:05:58.535059+00:00,1786147548,11692,364 Langley Centre/Scottsdale,15252751,4938,46,-353
2026-08-08T00:05:58.535059+00:00,1786147548,11692,364 Langley Centre/Scottsdale,15252751,5229,47,-358
2026-08-08T00:05:58.535059+00:00,1786147548,11692,364 Langley Centre/Scottsdale,15252751,4917,48,-301
2026-08-08T00:05:58.535059+00:00,1786147548,11692,364 Langley Centre/Scottsdale,15252752,6475,9,99
2026-08-08T00:05:58.535059+00:00,1786147548,11692,364 Langley Centre/Scottsdale,15252752,6476,10,60
2026-08-08T00:05:58.535059+00:00,1786147548,11692,364 Langley Centre/Scottsdale,15252752,5381,11,37
2026-08-08T00:05:58.535059+00:00,1786147548,11692,364 Langley Centre/Scottsdale,15252752,12496,12,26
2026-08-08T00:05:58.535059+00:00,1786147548,11692,364 Langley Centre/Scottsdale,15252752,5382,13,-10
2026-08-08T00:05:58.535059+00:00,1786147548,11692,364 Langley Centre/Scottsdale,15252752,12516,14,163
2026-08-08T00:05:58.535059+00:00,1786147548,11692,364 Langley Centre/Scottsdale,15252752,10257,15,109
2026-08-08T00:05:58.535059+00:00,1786147548,11692,364 Langley Centre/Scottsdale,15252752,10258,16,87
2026-08-08T00:05:58.535059+00:00,1786147548,11692,364 Langley Centre/Scottsdale,15252752,10259,17,27
2026-08-08T00:05:58.535059+00:00,1786147548,11692,364 Langley Centre/Scottsdale,15252752,10260,18,3
2026-08-08T00:05:58.535059+00:00,1786147548,11692,364 Langley Centre/Scottsdale,15252752,10729,19,-52
2026-08-08T00:05:58.535059+00:00,1786147548,11692,364 Langley Centre/Scottsdale,15252752,13067,20,-77
2026-08-08T00:05:58.535059+00:00,1786147548,11692,364 Langley Centre/Scottsdale,15252752,10633,21,-98
2026-08-08T00:05:58.535059+00:00,1786147548,11692,364 Langley Centre/Scottsdale,15252752,10149,22,-4
2026-08-08T00:05:58.535059+00:00,1786147548,11692,364 Langley Centre/Scottsdale,15252752,10587,23,-27
2026-08-08T00:05:58.535059+00:00,1786147548,11692,364 Langley Centre/Scottsdale,15252752,10261,24,-68
2026-08-08T00:05:58.535059+00:00,1786147548,11692,364 Langley Centre/Scottsdale,15252752,10586,25,-110
2026-08-08T00:05:58.535059+00:00,1786147548,11692,364 Langley Centre/Scottsdale,15252752,9547,26,-84
2026-08-08T00:05:58.535059+00:00,1786147548,11692,364 Langley Centre/Scottsdale,15252752,9526,27,-119
2026-08-08T00:05:58.535059+00:00,1786147548,11692,364 Langley Centre/Scottsdale,15252752,12646,28,-137
2026-08-08T00:05:58.535059+00:00,1786147548,11692,364 Langley Centre/Scottsdale,15252752,11075,29,-209
2026-08-08T00:05:58.535059+00:00,1786147548,11692,364 Langley Centre/Scottsdale,15252752,11174,30,-242
2026-08-08T00:05:58.535059+00:00,1786147548,11692,364 Langley Centre/Scottsdale,15252752,11175,31,-277
2026-08-08T00:05:58.535059+00:00,1786147548,11692,364 Langley Centre/Scottsdale,15252752,11123,32,-235
2026-08-08T00:05:58.535059+00:00,1786147548,11692,364 Langley Centre/Scottsdale,15252752,11176,33,-243
2026-08-08T00:05:58.535059+00:00,1786147548,11692,364 Langley Centre/Scottsdale,15252752,11177,34,-275
2026-08-08T00:05:58.535059+00:00,1786147548,11692,364 Langley Centre/Scottsdale,15252752,11178,35,-309
2026-08-08T00:05:58.535059+00:00,1786147548,11692,364 Langley Centre/Scottsdale,15252752,6459,36,-218
2026-08-08T00:05:58.535059+00:00,1786147548,11692,364 Langley Centre/Scottsdale,15252752,6460,37,-230
2026-08-08T00:05:58.535059+00:00,1786147548,11692,364 Langley Centre/Scottsdale,15252752,5621,38,-231
2026-08-08T00:05:58.535059+00:00,1786147548,11692,364 Langley Centre/Scottsdale,15252752,5622,39,-258
2026-08-08T00:05:58.535059+00:00,1786147548,11692,364 Langley Centre/Scottsdale,15252752,11122,40,-228
2026-08-08T00:05:58.535059+00:00,1786147548,11692,364 Langley Centre/Scottsdale,15252752,11155,41,-246
2026-08-08T00:05:58.535059+00:00,1786147548,11692,364 Langley Centre/Scottsdale,15252752,11143,42,-260
2026-08-08T00:05:58.535059+00:00,1786147548,11692,364 Langley Centre/Scottsdale,15252752,11141,43,-297
2026-08-08T00:05:58.535059+00:00,1786147548,11692,364 Langley Centre/Scottsdale,15252752,4936,44,-287
2026-08-08T00:05:58.535059+00:00,1786147548,11692,364 Langley Centre/Scottsdale,15252752,4937,45,-306
2026-08-08T00:05:58.535059+00:00,1786147548,11692,364 Langley Centre/Scottsdale,15252752,4938,46,-330
2026-08-08T00:05:58.535059+00:00,1786147548,11692,364 Langley Centre/Scottsdale,15252752,5229,47,-332
2026-08-08T00:05:58.535059+00:00,1786147548,11692,364 Langley Centre/Scottsdale,15252752,4917,48,-273
2026-08-08T00:05:58.535059+00:00,1786147548,18705,531 WhiteRock/WillowBrook,15259154,12173,46,59
2026-08-08T00:05:58.535059+00:00,1786147548,18705,531 WhiteRock/WillowBrook,15259154,9291,47,24
2026-08-08T00:05:58.535059+00:00,1786147548,18705,531 WhiteRock/WillowBrook,15259154,9292,48,19
2026-08-08T00:05:58.535059+00:00,1786147548,18705,531 WhiteRock/WillowBrook,15259154,11264,49,37
2026-08-08T00:05:58.535059+00:00,1786147548,18705,531 WhiteRock/WillowBrook,15259154,9303,50,43
2026-08-08T00:05:58.535059+00:00,1786147548,18705,531 WhiteRock/WillowBrook,15259154,9304,51,38
2026-08-08T00:05:58.535059+00:00,1786147548,18705,531 WhiteRock/WillowBrook,15259154,6475,52,85
2026-08-08T00:05:58.535059+00:00,1786147548,18705,531 WhiteRock/WillowBrook,15259154,6476,53,75
2026-08-08T00:05:58.535059+00:00,1786147548,18705,531 WhiteRock/WillowBrook,15259154,5335,54,78
2026-08-08T00:05:58.535059+00:00,1786147548,18705,531 WhiteRock/WillowBrook,15259154,7100,55,112
2026-08-08T00:05:58.535059+00:00,1786147548,18705,531 WhiteRock/WillowBrook,15259155,7085,39,-496
2026-08-08T00:05:58.535059+00:00,1786147548,18705,531 WhiteRock/WillowBrook,15259155,8939,40,-509
2026-08-08T00:05:58.535059+00:00,1786147548,18705,531 WhiteRock/WillowBrook,15259155,7086,41,-519
2026-08-08T00:05:58.535059+00:00,1786147548,18705,531 WhiteRock/WillowBrook,15259155,8940,42,-546
2026-08-08T00:05:58.535059+00:00,1786147548,18705,531 WhiteRock/WillowBrook,15259155,5341,43,-557
2026-08-08T00:05:58.535059+00:00,1786147548,18705,531 WhiteRock/WillowBrook,15259155,5342,44,-557
2026-08-08T00:05:58.535059+00:00,1786147548,18705,531 WhiteRock/WillowBrook,15259155,12293,45,-537
2026-08-08T00:05:58.535059+00:00,1786147548,18705,531 WhiteRock/WillowBrook,15259155,12173,46,-472
2026-08-08T00:05:58.535059+00:00,1786147548,18705,531 WhiteRock/WillowBrook,15259155,9291,47,-499
2026-08-08T00:05:58.535059+00:00,1786147548,18705,531 WhiteRock/WillowBrook,15259155,9292,48,-502
2026-08-08T00:05:58.535059+00:00,1786147548,18705,531 WhiteRock/WillowBrook,15259155,11264,49,-484
2026-08-08T00:05:58.535059+00:00,1786147548,18705,531 WhiteRock/WillowBrook,15259155,9303,50,-485
2026-08-08T00:05:58.535059+00:00,1786147548,18705,531 WhiteRock/WillowBrook,15259155,9304,51,-489
2026-08-08T00:05:58.535059+00:00,1786147548,18705,531 WhiteRock/WillowBrook,15259155,6475,52,-444
2026-08-08T00:05:58.535059+00:00,1786147548,18705,531 WhiteRock/WillowBrook,15259155,6476,53,-452
2026-08-08T00:05:58.535059+00:00,1786147548,18705,531 WhiteRock/WillowBrook,15259155,5335,54,-448
2026-08-08T00:05:58.535059+00:00,1786147548,18705,531 WhiteRock/WillowBrook,15259155,7100,55,-412
2026-08-08T00:05:58.535059+00:00,1786147548,18705,531 WhiteRock/WillowBrook,15259176,11743,14,241
2026-08-08T00:05:58.535059+00:00,1786147548,18705,531 WhiteRock/WillowBrook,15259176,12306,15,175
2026-08-08T00:05:58.535059+00:00,1786147548,18705,531 WhiteRock/WillowBrook,15259176,12218,16,122
2026-08-08T00:05:58.535059+00:00,1786147548,18705,531 WhiteRock/WillowBrook,15259176,11924,17,52
2026-08-08T00:05:58.535059+00:00,1786147548,18705,531 WhiteRock/WillowBrook,15259176,13131,18,13
2026-08-08T00:05:58.535059+00:00,1786147548,18705,531 WhiteRock/WillowBrook,15259176,11923,19,-15
2026-08-08T00:05:58.535059+00:00,1786147548,18705,531 WhiteRock/WillowBrook,15259176,12597,20,-86
2026-08-08T00:05:58.535059+00:00,1786147548,18705,531 WhiteRock/WillowBrook,15259176,11922,21,-101
2026-08-08T00:05:58.535059+00:00,1786147548,18705,531 WhiteRock/WillowBrook,15259176,11744,22,-89
2026-08-08T00:05:58.535059+00:00,1786147548,18705,531 WhiteRock/WillowBrook,15259176,11746,23,-117
2026-08-08T00:05:58.535059+00:00,1786147548,18705,531 WhiteRock/WillowBrook,15259176,11839,24,-129
2026-08-08T00:05:58.535059+00:00,1786147548,18705,531 WhiteRock/WillowBrook,15259176,12922,25,-145
2026-08-08T00:05:58.535059+00:00,1786147548,18705,531 WhiteRock/WillowBrook,15259176,12923,26,-177
2026-08-08T00:05:58.535059+00:00,1786147548,18705,531 WhiteRock/WillowBrook,15259176,12925,27,-170
2026-08-08T00:05:58.535059+00:00,1786147548,18705,531 WhiteRock/WillowBrook,15259176,12928,28,-197
2026-08-08T00:05:58.535059+00:00,1786147548,18705,531 WhiteRock/WillowBrook,15259176,12930,29,-216
2026-08-08T00:05:58.535059+00:00,1786147548,18705,531 WhiteRock/WillowBrook,15259176,13042,30,-231
2026-08-08T00:05:58.535059+00:00,1786147548,18705,531 WhiteRock/WillowBrook,15259176,8936,31,-220
2026-08-08T00:05:58.535059+00:00,1786147548,18705,531 WhiteRock/WillowBrook,15259176,9030,32,-232
2026-08-08T00:05:58.535059+00:00,1786147548,18705,531 WhiteRock/WillowBrook,15259176,8937,33,-253
2026-08-08T00:05:58.535059+00:00,1786147548,18705,531 WhiteRock/WillowBrook,15259176,8938,34,-255
2026-08-08T00:05:58.535059+00:00,1786147548,18705,531 WhiteRock/WillowBrook,15259176,7081,35,-257
2026-08-08T00:05:58.535059+00:00,1786147548,18705,531 WhiteRock/WillowBrook,15259176,7082,36,-264
2026-08-08T00:05:58.535059+00:00,1786147548,18705,531 WhiteRock/WillowBrook,15259176,7083,37,-293
2026-08-08T00:05:58.535059+00:00,1786147548,18705,531 WhiteRock/WillowBrook,15259176,7084,38,-312
2026-08-08T00:05:58.535059+00:00,1786147548,18705,531 WhiteRock/WillowBrook,15259176,7085,39,-348
2026-08-08T00:05:58.535059+00:00,1786147548,18705,531 WhiteRock/WillowBrook,15259176,8939,40,-361
2026-08-08T00:05:58.535059+00:00,1786147548,18705,531 WhiteRock/WillowBrook,15259176,7086,41,-371
2026-08-08T00:05:58.535059+00:00,1786147548,18705,531 WhiteRock/WillowBrook,15259176,8940,42,-398
2026-08-08T00:05:58.535059+00:00,1786147548,18705,531 WhiteRock/WillowBrook,15259176,5341,43,-410
2026-08-08T00:05:58.535059+00:00,1786147548,18705,531 WhiteRock/WillowBrook,15259176,5342,44,-410
2026-08-08T00:05:58.535059+00:00,1786147548,18705,531 WhiteRock/WillowBrook,15259176,12293,45,-391
2026-08-08T00:05:58.535059+00:00,1786147548,18705,531 WhiteRock/WillowBrook,15259176,12173,46,-325
2026-08-08T00:05:58.535059+00:00,1786147548,18705,531 WhiteRock/WillowBrook,15259176,9291,47,-350
2026-08-08T00:05:58.535059+00:00,1786147548,18705,531 WhiteRock/WillowBrook,15259176,9292,48,-355
2026-08-08T00:05:58.535059+00:00,1786147548,18705,531 WhiteRock/WillowBrook,15259176,11264,49,-328
2026-08-08T00:05:58.535059+00:00,1786147548,18705,531 WhiteRock/WillowBrook,15259176,9303,50,-327
2026-08-08T00:05:58.535059+00:00,1786147548,18705,531 WhiteRock/WillowBrook,15259176,9304,51,-332
2026-08-08T00:05:58.535059+00:00,1786147548,18705,531 WhiteRock/WillowBrook,15259176,6475,52,-286
2026-08-08T00:05:58.535059+00:00,1786147548,18705,531 WhiteRock/WillowBrook,15259176,6476,53,-294
2026-08-08T00:05:58.535059+00:00,1786147548,18705,531 WhiteRock/WillowBrook,15259176,5335,54,-288
2026-08-08T00:05:58.535059+00:00,1786147548,18705,531 WhiteRock/WillowBrook,15259176,7100,55,-247
2026-08-08T00:05:58.535059+00:00,1786147548,18705,531 WhiteRock/WillowBrook,15259207,5540,52,3572
2026-08-08T00:05:58.535059+00:00,1786147548,18705,531 WhiteRock/WillowBrook,15259208,13040,34,111
2026-08-08T00:05:58.535059+00:00,1786147548,18705,531 WhiteRock/WillowBrook,15259208,12598,35,85
2026-08-08T00:05:58.535059+00:00,1786147548,18705,531 WhiteRock/WillowBrook,15259208,11920,36,23
2026-08-08T00:05:58.535059+00:00,1786147548,18705,531 WhiteRock/WillowBrook,15259208,13130,37,-15
2026-08-08T00:05:58.535059+00:00,1786147548,18705,531 WhiteRock/WillowBrook,15259208,11925,38,-52
2026-08-08T00:05:58.535059+00:00,1786147548,18705,531 WhiteRock/WillowBrook,15259208,12219,39,-80
2026-08-08T00:05:58.535059+00:00,1786147548,18705,531 WhiteRock/WillowBrook,15259208,11741,40,-229
2026-08-08T00:05:58.535059+00:00,1786147548,18705,531 WhiteRock/WillowBrook,15259208,11740,41,-249
2026-08-08T00:05:58.535059+00:00,1786147548,18705,531 WhiteRock/WillowBrook,15259208,11739,42,-197
2026-08-08T00:05:58.535059+00:00,1786147548,18705,531 WhiteRock/WillowBrook,15259208,11737,43,-155
2026-08-08T00:05:58.535059+00:00,1786147548,18705,531 WhiteRock/WillowBrook,15259208,11757,44,-191
2026-08-08T00:05:58.535059+00:00,1786147548,18705,531 WhiteRock/WillowBrook,15259208,11735,45,-152
2026-08-08T00:05:58.535059+00:00,1786147548,18705,531 WhiteRock/WillowBrook,15259208,11756,46,-145
2026-08-08T00:05:58.535059+00:00,1786147548,18705,531 WhiteRock/WillowBrook,15259208,5535,47,-114
2026-08-08T00:05:58.535059+00:00,1786147548,18705,531 WhiteRock/WillowBrook,15259208,5536,48,-136
2026-08-08T00:05:58.535059+00:00,1786147548,18705,531 WhiteRock/WillowBrook,15259208,5537,49,-131
2026-08-08T00:05:58.535059+00:00,1786147548,18705,531 WhiteRock/WillowBrook,15259208,5538,50,-140
2026-08-08T00:05:58.535059+00:00,1786147548,18705,531 WhiteRock/WillowBrook,15259208,5539,51,-137
2026-08-08T00:05:58.535059+00:00,1786147548,18705,531 WhiteRock/WillowBrook,15259208,5540,52,-130
2026-08-08T00:05:58.535059+00:00,1786147548,18705,531 WhiteRock/WillowBrook,15259209,11775,14,551
2026-08-08T00:05:58.535059+00:00,1786147548,18705,531 WhiteRock/WillowBrook,15259209,7171,15,522
2026-08-08T00:05:58.535059+00:00,1786147548,18705,531 WhiteRock/WillowBrook,15259209,7172,16,482
2026-08-08T00:05:58.535059+00:00,1786147548,18705,531 WhiteRock/WillowBrook,15259209,7173,17,470
2026-08-08T00:05:58.535059+00:00,1786147548,18705,531 WhiteRock/WillowBrook,15259209,7174,18,430
2026-08-08T00:05:58.535059+00:00,1786147548,18705,531 WhiteRock/WillowBrook,15259209,7175,19,420
2026-08-08T00:05:58.535059+00:00,1786147548,18705,531 WhiteRock/WillowBrook,15259209,7176,20,391
2026-08-08T00:05:58.535059+00:00,1786147548,18705,531 WhiteRock/WillowBrook,15259209,7177,21,393
2026-08-08T00:05:58.535059+00:00,1786147548,18705,531 WhiteRock/WillowBrook,15259209,8948,22,361
2026-08-08T00:05:58.535059+00:00,1786147548,18705,531 WhiteRock/WillowBrook,15259209,9031,23,341
2026-08-08T00:05:58.535059+00:00,1786147548,18705,531 WhiteRock/WillowBrook,15259209,12931,24,336
2026-08-08T00:05:58.535059+00:00,1786147548,18705,531 WhiteRock/WillowBrook,15259209,13041,25,301
2026-08-08T00:05:58.535059+00:00,1786147548,18705,531 WhiteRock/WillowBrook,15259209,12929,26,281
2026-08-08T00:05:58.535059+00:00,1786147548,18705,531 WhiteRock/WillowBrook,15259209,12927,27,247
2026-08-08T00:05:58.535059+00:00,1786147548,18705,531 WhiteRock/WillowBrook,15259209,12926,28,240
2026-08-08T00:05:58.535059+00:00,1786147548,18705,531 WhiteRock/WillowBrook,15259209,12924,29,218
2026-08-08T00:05:58.535059+00:00,1786147548,18705,531 WhiteRock/WillowBrook,15259209,11751,30,225
2026-08-08T00:05:58.535059+00:00,1786147548,18705,531 WhiteRock/WillowBrook,15259209,11750,31,185
2026-08-08T00:05:58.535059+00:00,1786147548,18705,531 WhiteRock/WillowBrook,15259209,11747,32,157
2026-08-08T00:05:58.535059+00:00,1786147548,18705,531 WhiteRock/WillowBrook,15259209,11745,33,150
2026-08-08T00:05:58.535059+00:00,1786147548,18705,531 WhiteRock/WillowBrook,15259209,13040,34,142
2026-08-08T00:05:58.535059+00:00,1786147548,18705,531 WhiteRock/WillowBrook,15259209,12598,35,116
2026-08-08T00:05:58.535059+00:00,1786147548,18705,531 WhiteRock/WillowBrook,15259209,11920,36,54
2026-08-08T00:05:58.535059+00:00,1786147548,18705,531 WhiteRock/WillowBrook,15259209,13130,37,16
2026-08-08T00:05:58.535059+00:00,1786147548,18705,531 WhiteRock/WillowBrook,15259209,11925,38,-21
2026-08-08T00:05:58.535059+00:00,1786147548,18705,531 WhiteRock/WillowBrook,15259209,12219,39,-49
2026-08-08T00:05:58.535059+00:00,1786147548,18705,531 WhiteRock/WillowBrook,15259209,11741,40,-199
2026-08-08T00:05:58.535059+00:00,1786147548,18705,531 WhiteRock/WillowBrook,15259209,11740,41,-219
2026-08-08T00:05:58.535059+00:00,1786147548,18705,531 WhiteRock/WillowBrook,15259209,11739,42,-168
2026-08-08T00:05:58.535059+00:00,1786147548,18705,531 WhiteRock/WillowBrook,15259209,11737,43,-126
2026-08-08T00:05:58.535059+00:00,1786147548,18705,531 WhiteRock/WillowBrook,15259209,11757,44,-163
2026-08-08T00:05:58.535059+00:00,1786147548,18705,531 WhiteRock/WillowBrook,15259209,11735,45,-124
2026-08-08T00:05:58.535059+00:00,1786147548,18705,531 WhiteRock/WillowBrook,15259209,11756,46,-118
2026-08-08T00:05:58.535059+00:00,1786147548,18705,531 WhiteRock/WillowBrook,15259209,5535,47,-88
2026-08-08T00:05:58.535059+00:00,1786147548,18705,531 WhiteRock/WillowBrook,15259209,5536,48,-111
2026-08-08T00:05:58.535059+00:00,1786147548,18705,531 WhiteRock/WillowBrook,15259209,5537,49,-108
2026-08-08T00:05:58.535059+00:00,1786147548,18705,531 WhiteRock/WillowBrook,15259209,5538,50,-115
2026-08-08T00:05:58.535059+00:00,1786147548,18705,531 WhiteRock/WillowBrook,15259209,5539,51,-112
2026-08-08T00:05:58.535059+00:00,1786147548,18705,531 WhiteRock/WillowBrook,15259209,5540,52,-104
2026-08-08T00:05:58.535059+00:00,1786147548,18705,531 WhiteRock/WillowBrook,15259221,5539,51,-125
2026-08-08T00:05:58.535059+00:00,1786147548,18705,531 WhiteRock/WillowBrook,15259221,5540,52,-116
2026-08-08T00:05:58.535059+00:00,1786147548,18705,531 WhiteRock/WillowBrook,15259222,11754,1,0
2026-08-08T00:05:58.535059+00:00,1786147548,18705,531 WhiteRock/WillowBrook,15259222,11126,8,-512
2026-08-08T00:05:58.535059+00:00,1786147548,18705,531 WhiteRock/WillowBrook,15259222,7094,9,-543
2026-08-08T00:05:58.535059+00:00,1786147548,18705,531 WhiteRock/WillowBrook,15259222,7166,10,-555
2026-08-08T00:05:58.535059+00:00,1786147548,18705,531 WhiteRock/WillowBrook,15259222,7092,11,-519
2026-08-08T00:05:58.535059+00:00,1786147548,18705,531 WhiteRock/WillowBrook,15259222,10747,12,-500
2026-08-08T00:05:58.535059+00:00,1786147548,18705,531 WhiteRock/WillowBrook,15259222,5364,13,-490
2026-08-08T00:05:58.535059+00:00,1786147548,18705,531 WhiteRock/WillowBrook,15259222,11775,14,-468
2026-08-08T00:05:58.535059+00:00,1786147548,18705,531 WhiteRock/WillowBrook,15259222,7171,15,-499
2026-08-08T00:05:58.535059+00:00,1786147548,18705,531 WhiteRock/WillowBrook,15259222,7172,16,-539
2026-08-08T00:05:58.535059+00:00,1786147548,18705,531 WhiteRock/WillowBrook,15259222,7173,17,-551
2026-08-08T00:05:58.535059+00:00,1786147548,18705,531 WhiteRock/WillowBrook,15259222,7174,18,-592
2026-08-08T00:05:58.535059+00:00,1786147548,18705,531 WhiteRock/WillowBrook,15259222,7175,19,-602
2026-08-08T00:05:58.535059+00:00,1786147548,18705,531 WhiteRock/WillowBrook,15259222,7176,20,-631
2026-08-08T00:05:58.535059+00:00,1786147548,18705,531 WhiteRock/WillowBrook,15259222,7177,21,-629
2026-08-08T00:05:58.535059+00:00,1786147548,18705,531 WhiteRock/WillowBrook,15259222,8948,22,-661
2026-08-08T00:05:58.535059+00:00,1786147548,18705,531 WhiteRock/WillowBrook,15259222,9031,23,-682
2026-08-08T00:05:58.535059+00:00,1786147548,18705,531 WhiteRock/WillowBrook,15259222,12931,24,-687
2026-08-08T00:05:58.535059+00:00,1786147548,18705,531 WhiteRock/WillowBrook,15259222,13041,25,-722
2026-08-08T00:05:58.535059+00:00,1786147548,18705,531 WhiteRock/WillowBrook,15259222,12929,26,-746
2026-08-08T00:05:58.535059+00:00,1786147548,18705,531 WhiteRock/WillowBrook,15259222,12927,27,-781
2026-08-08T00:05:58.535059+00:00,1786147548,18705,531 WhiteRock/WillowBrook,15259222,12926,28,-790
2026-08-08T00:05:58.535059+00:00,1786147548,18705,531 WhiteRock/WillowBrook,15259222,12924,29,-811
2026-08-08T00:05:58.535059+00:00,1786147548,18705,531 WhiteRock/WillowBrook,15259222,11751,30,-804
2026-08-08T00:05:58.535059+00:00,1786147548,18705,531 WhiteRock/WillowBrook,15259222,11750,31,-848
2026-08-08T00:05:58.535059+00:00,1786147548,18705,531 WhiteRock/WillowBrook,15259222,11747,32,-876
2026-08-08T00:05:58.535059+00:00,1786147548,18705,531 WhiteRock/WillowBrook,15259222,11745,33,-885
2026-08-08T00:05:58.535059+00:00,1786147548,18705,531 WhiteRock/WillowBrook,15259222,13040,34,-893
2026-08-08T00:05:58.535059+00:00,1786147548,18705,531 WhiteRock/WillowBrook,15259222,12598,35,-919
2026-08-08T00:05:58.535059+00:00,1786147548,18705,531 WhiteRock/WillowBrook,15259222,11920,36,-981
2026-08-08T00:05:58.535059+00:00,1786147548,18705,531 WhiteRock/WillowBrook,15259222,13130,37,-1019
2026-08-08T00:05:58.535059+00:00,1786147548,18705,531 WhiteRock/WillowBrook,15259222,11925,38,-1056
2026-08-08T00:05:58.535059+00:00,1786147548,18705,531 WhiteRock/WillowBrook,15259222,12219,39,-1085
2026-08-08T00:05:58.535059+00:00,1786147548,18705,531 WhiteRock/WillowBrook,15259222,11741,40,-1235
2026-08-08T00:05:58.535059+00:00,1786147548,18705,531 WhiteRock/WillowBrook,15259222,11740,41,-1256
2026-08-08T00:05:58.535059+00:00,1786147548,18705,531 WhiteRock/WillowBrook,15259222,11739,42,-1206
2026-08-08T00:05:58.535059+00:00,1786147548,18705,531 WhiteRock/WillowBrook,15259222,11737,43,-1164
2026-08-08T00:05:58.535059+00:00,1786147548,18705,531 WhiteRock/WillowBrook,15259222,11757,44,-1201
2026-08-08T00:05:58.535059+00:00,1786147548,18705,531 WhiteRock/WillowBrook,15259222,11735,45,-1162
2026-08-08T00:05:58.535059+00:00,1786147548,18705,531 WhiteRock/WillowBrook,15259222,11756,46,-1156
2026-08-08T00:05:58.535059+00:00,1786147548,18705,531 WhiteRock/WillowBrook,15259222,5535,47,-1126
2026-08-08T00:05:58.535059+00:00,1786147548,18705,531 WhiteRock/WillowBrook,15259222,5536,48,-1151
2026-08-08T00:05:58.535059+00:00,1786147548,18705,531 WhiteRock/WillowBrook,15259222,5537,49,-1145
2026-08-08T00:05:58.535059+00:00,1786147548,18705,531 WhiteRock/WillowBrook,15259222,5538,50,-1152
2026-08-08T00:05:58.535059+00:00,1786147548,18705,531 WhiteRock/WillowBrook,15259222,5539,51,-1152
2026-08-08T00:05:58.535059+00:00,1786147548,18705,531 WhiteRock/WillowBrook,15259222,5540,52,-1145
