captured_at,feed_timestamp,route_id,route_label,trip_id,stop_id,stop_sequence,delay_seconds
2026-07-26T00:00:42.544485+00:00,1785024040,6705,321 Surrey Central/WhiteRock,15247328,12155,55,168
2026-07-26T00:00:42.544485+00:00,1785024040,6705,321 Surrey Central/WhiteRock,15247328,9089,56,180
2026-07-26T00:00:42.544485+00:00,1785024040,6705,321 Surrey Central/WhiteRock,15247328,7213,57,163
2026-07-26T00:00:42.544485+00:00,1785024040,6705,321 Surrey Central/WhiteRock,15247329,5470,44,276
2026-07-26T00:00:42.544485+00:00,1785024040,6705,321 Surrey Central/WhiteRock,15247329,5471,45,246
2026-07-26T00:00:42.544485+00:00,1785024040,6705,321 Surrey Central/WhiteRock,15247329,5472,46,226
2026-07-26T00:00:42.544485+00:00,1785024040,6705,321 Surrey Central/WhiteRock,15247329,5473,47,180
2026-07-26T00:00:42.544485+00:00,1785024040,6705,321 Surrey Central/WhiteRock,15247329,5474,48,183
2026-07-26T00:00:42.544485+00:00,1785024040,6705,321 Surrey Central/WhiteRock,15247329,5475,49,140
2026-07-26T00:00:42.544485+00:00,1785024040,6705,321 Surrey Central/WhiteRock,15247329,5476,50,123
2026-07-26T00:00:42.544485+00:00,1785024040,6705,321 Surrey Central/WhiteRock,15247329,5477,51,104
2026-07-26T00:00:42.544485+00:00,1785024040,6705,321 Surrey Central/WhiteRock,15247329,11725,52,80
2026-07-26T00:00:42.544485+00:00,1785024040,6705,321 Surrey Central/WhiteRock,15247329,5040,53,101
2026-07-26T00:00:42.544485+00:00,1785024040,6705,321 Surrey Central/WhiteRock,15247329,5041,54,110
2026-07-26T00:00:42.544485+00:00,1785024040,6705,321 Surrey Central/WhiteRock,15247329,12155,55,123
2026-07-26T00:00:42.544485+00:00,1785024040,6705,321 Surrey Central/WhiteRock,15247329,9089,56,135
2026-07-26T00:00:42.544485+00:00,1785024040,6705,321 Surrey Central/WhiteRock,15247329,7213,57,118
2026-07-26T00:00:42.544485+00:00,1785024040,6705,321 Surrey Central/WhiteRock,15247330,5700,38,228
2026-07-26T00:00:42.544485+00:00,1785024040,6705,321 Surrey Central/WhiteRock,15247330,5465,39,235
2026-07-26T00:00:42.544485+00:00,1785024040,6705,321 Surrey Central/WhiteRock,15247330,5466,40,200
2026-07-26T00:00:42.544485+00:00,1785024040,6705,321 Surrey Central/WhiteRock,15247330,5467,41,245
2026-07-26T00:00:42.544485+00:00,1785024040,6705,321 Surrey Central/WhiteRock,15247330,5468,42,220
2026-07-26T00:00:42.544485+00:00,1785024040,6705,321 Surrey Central/WhiteRock,15247330,5469,43,215
2026-07-26T00:00:42.544485+00:00,1785024040,6705,321 Surrey Central/WhiteRock,15247330,5470,44,195
2026-07-26T00:00:42.544485+00:00,1785024040,6705,321 Surrey Central/WhiteRock,15247330,5471,45,165
2026-07-26T00:00:42.544485+00:00,1785024040,6705,321 Surrey Central/WhiteRock,15247330,5472,46,145
2026-07-26T00:00:42.544485+00:00,1785024040,6705,321 Surrey Central/WhiteRock,15247330,5473,47,100
2026-07-26T00:00:42.544485+00:00,1785024040,6705,321 Surrey Central/WhiteRock,15247330,5474,48,103
2026-07-26T00:00:42.544485+00:00,1785024040,6705,321 Surrey Central/WhiteRock,15247330,5475,49,60
2026-07-26T00:00:42.544485+00:00,1785024040,6705,321 Surrey Central/WhiteRock,15247330,5476,50,43
2026-07-26T00:00:42.544485+00:00,1785024040,6705,321 Surrey Central/WhiteRock,15247330,5477,51,24
2026-07-26T00:00:42.544485+00:00,1785024040,6705,321 Surrey Central/WhiteRock,15247330,11725,52,0
2026-07-26T00:00:42.544485+00:00,1785024040,6705,321 Surrey Central/WhiteRock,15247330,5040,53,21
2026-07-26T00:00:42.544485+00:00,1785024040,6705,321 Surrey Central/WhiteRock,15247330,5041,54,30
2026-07-26T00:00:42.544485+00:00,1785024040,6705,321 Surrey Central/WhiteRock,15247330,12155,55,42
2026-07-26T00:00:42.544485+00:00,1785024040,6705,321 Surrey Central/WhiteRock,15247330,9089,56,54
2026-07-26T00:00:42.544485+00:00,1785024040,6705,321 Surrey Central/WhiteRock,15247330,7213,57,37
2026-07-26T00:00:42.544485+00:00,1785024040,6705,321 Surrey Central/WhiteRock,15247331,5458,32,-274
2026-07-26T00:00:42.544485+00:00,1785024040,6705,321 Surrey Central/WhiteRock,15247331,5459,33,-261
2026-07-26T00:00:42.544485+00:00,1785024040,6705,321 Surrey Central/WhiteRock,15247331,5460,34,-265
2026-07-26T00:00:42.544485+00:00,1785024040,6705,321 Surrey Central/WhiteRock,15247331,5461,35,-271
2026-07-26T00:00:42.544485+00:00,1785024040,6705,321 Surrey Central/WhiteRock,15247331,5462,36,-275
2026-07-26T00:00:42.544485+00:00,1785024040,6705,321 Surrey Central/WhiteRock,15247331,5463,37,-220
2026-07-26T00:00:42.544485+00:00,1785024040,6705,321 Surrey Central/WhiteRock,15247331,5700,38,0
2026-07-26T00:00:42.544485+00:00,1785024040,6705,321 Surrey Central/WhiteRock,15247331,5465,39,7
2026-07-26T00:00:42.544485+00:00,1785024040,6705,321 Surrey Central/WhiteRock,15247331,5466,40,-28
2026-07-26T00:00:42.544485+00:00,1785024040,6705,321 Surrey Central/WhiteRock,15247331,5467,41,17
2026-07-26T00:00:42.544485+00:00,1785024040,6705,321 Surrey Central/WhiteRock,15247331,5468,42,-8
2026-07-26T00:00:42.544485+00:00,1785024040,6705,321 Surrey Central/WhiteRock,15247331,5469,43,-39
2026-07-26T00:00:42.544485+00:00,1785024040,6705,321 Surrey Central/WhiteRock,15247331,5470,44,-60
2026-07-26T00:00:42.544485+00:00,1785024040,6705,321 Surrey Central/WhiteRock,15247331,5471,45,-90
2026-07-26T00:00:42.544485+00:00,1785024040,6705,321 Surrey Central/WhiteRock,15247331,5472,46,-110
2026-07-26T00:00:42.544485+00:00,1785024040,6705,321 Surrey Central/WhiteRock,15247331,5473,47,-155
2026-07-26T00:00:42.544485+00:00,1785024040,6705,321 Surrey Central/WhiteRock,15247331,5474,48,-152
2026-07-26T00:00:42.544485+00:00,1785024040,6705,321 Surrey Central/WhiteRock,15247331,5475,49,-194
2026-07-26T00:00:42.544485+00:00,1785024040,6705,321 Surrey Central/WhiteRock,15247331,5476,50,-211
2026-07-26T00:00:42.544485+00:00,1785024040,6705,321 Surrey Central/WhiteRock,15247331,5477,51,-230
2026-07-26T00:00:42.544485+00:00,1785024040,6705,321 Surrey Central/WhiteRock,15247331,11725,52,-254
2026-07-26T00:00:42.544485+00:00,1785024040,6705,321 Surrey Central/WhiteRock,15247331,5040,53,-232
2026-07-26T00:00:42.544485+00:00,1785024040,6705,321 Surrey Central/WhiteRock,15247331,5041,54,-223
2026-07-26T00:00:42.544485+00:00,1785024040,6705,321 Surrey Central/WhiteRock,15247331,12155,55,-210
2026-07-26T00:00:42.544485+00:00,1785024040,6705,321 Surrey Central/WhiteRock,15247331,9089,56,-198
2026-07-26T00:00:42.544485+00:00,1785024040,6705,321 Surrey Central/WhiteRock,15247331,7213,57,-215
2026-07-26T00:00:42.544485+00:00,1785024040,6705,321 Surrey Central/WhiteRock,15247332,10437,22,131
2026-07-26T00:00:42.544485+00:00,1785024040,6705,321 Surrey Central/WhiteRock,15247332,5449,23,87
2026-07-26T00:00:42.544485+00:00,1785024040,6705,321 Surrey Central/WhiteRock,15247332,11313,24,52
2026-07-26T00:00:42.544485+00:00,1785024040,6705,321 Surrey Central/WhiteRock,15247332,10808,25,-76
2026-07-26T00:00:42.544485+00:00,1785024040,6705,321 Surrey Central/WhiteRock,15247332,5452,26,-184
2026-07-26T00:00:42.544485+00:00,1785024040,6705,321 Surrey Central/WhiteRock,15247332,11913,27,-198
2026-07-26T00:00:42.544485+00:00,1785024040,6705,321 Surrey Central/WhiteRock,15247332,5454,28,-204
2026-07-26T00:00:42.544485+00:00,1785024040,6705,321 Surrey Central/WhiteRock,15247332,5455,29,-206
2026-07-26T00:00:42.544485+00:00,1785024040,6705,321 Surrey Central/WhiteRock,15247332,5456,30,-156
2026-07-26T00:00:42.544485+00:00,1785024040,6705,321 Surrey Central/WhiteRock,15247332,12651,31,-178
2026-07-26T00:00:42.544485+00:00,1785024040,6705,321 Surrey Central/WhiteRock,15247332,5458,32,-173
2026-07-26T00:00:42.544485+00:00,1785024040,6705,321 Surrey Central/WhiteRock,15247332,5459,33,-160
2026-07-26T00:00:42.544485+00:00,1785024040,6705,321 Surrey Central/WhiteRock,15247332,5460,34,-164
2026-07-26T00:00:42.544485+00:00,1785024040,6705,321 Surrey Central/WhiteRock,15247332,5461,35,-170
2026-07-26T00:00:42.544485+00:00,1785024040,6705,321 Surrey Central/WhiteRock,15247332,5462,36,-174
2026-07-26T00:00:42.544485+00:00,1785024040,6705,321 Surrey Central/WhiteRock,15247332,5463,37,-118
2026-07-26T00:00:42.544485+00:00,1785024040,6705,321 Surrey Central/WhiteRock,15247332,5700,38,1
2026-07-26T00:00:42.544485+00:00,1785024040,6705,321 Surrey Central/WhiteRock,15247332,5465,39,8
2026-07-26T00:00:42.544485+00:00,1785024040,6705,321 Surrey Central/WhiteRock,15247332,5466,40,-28
2026-07-26T00:00:42.544485+00:00,1785024040,6705,321 Surrey Central/WhiteRock,15247332,5467,41,17
2026-07-26T00:00:42.544485+00:00,1785024040,6705,321 Surrey Central/WhiteRock,15247332,5468,42,-9
2026-07-26T00:00:42.544485+00:00,1785024040,6705,321 Surrey Central/WhiteRock,15247332,5469,43,-44
2026-07-26T00:00:42.544485+00:00,1785024040,6705,321 Surrey Central/WhiteRock,15247332,5470,44,-65
2026-07-26T00:00:42.544485+00:00,1785024040,6705,321 Surrey Central/WhiteRock,15247332,5471,45,-95
2026-07-26T00:00:42.544485+00:00,1785024040,6705,321 Surrey Central/WhiteRock,15247332,5472,46,-116
2026-07-26T00:00:42.544485+00:00,1785024040,6705,321 Surrey Central/WhiteRock,15247332,5473,47,-161
2026-07-26T00:00:42.544485+00:00,1785024040,6705,321 Surrey Central/WhiteRock,15247332,5474,48,-159
2026-07-26T00:00:42.544485+00:00,1785024040,6705,321 Surrey Central/WhiteRock,15247332,5475,49,-202
2026-07-26T00:00:42.544485+00:00,1785024040,6705,321 Surrey Central/WhiteRock,15247332,5476,50,-219
2026-07-26T00:00:42.544485+00:00,1785024040,6705,321 Surrey Central/WhiteRock,15247332,5477,51,-238
2026-07-26T00:00:42.544485+00:00,1785024040,6705,321 Surrey Central/WhiteRock,15247332,11725,52,-262
2026-07-26T00:00:42.544485+00:00,1785024040,6705,321 Surrey Central/WhiteRock,15247332,5040,53,-243
2026-07-26T00:00:42.544485+00:00,1785024040,6705,321 Surrey Central/WhiteRock,15247332,5041,54,-234
2026-07-26T00:00:42.544485+00:00,1785024040,6705,321 Surrey Central/WhiteRock,15247332,12155,55,-222
2026-07-26T00:00:42.544485+00:00,1785024040,6705,321 Surrey Central/WhiteRock,15247332,9089,56,-210
2026-07-26T00:00:42.544485+00:00,1785024040,6705,321 Surrey Central/WhiteRock,15247332,7213,57,-227
2026-07-26T00:00:42.544485+00:00,1785024040,6705,321 Surrey Central/WhiteRock,15247333,5441,14,76
2026-07-26T00:00:42.544485+00:00,1785024040,6705,321 Surrey Central/WhiteRock,15247333,5442,15,55
2026-07-26T00:00:42.544485+00:00,1785024040,6705,321 Surrey Central/WhiteRock,15247333,5444,16,62
2026-07-26T00:00:42.544485+00:00,1785024040,6705,321 Surrey Central/WhiteRock,15247333,9083,17,42
2026-07-26T00:00:42.544485+00:00,1785024040,6705,321 Surrey Central/WhiteRock,15247333,5446,18,56
2026-07-26T00:00:42.544485+00:00,1785024040,6705,321 Surrey Central/WhiteRock,15247333,10445,19,51
2026-07-26T00:00:42.544485+00:00,1785024040,6705,321 Surrey Central/WhiteRock,15247333,5447,20,19
2026-07-26T00:00:42.544485+00:00,1785024040,6705,321 Surrey Central/WhiteRock,15247333,5448,21,24
2026-07-26T00:00:42.544485+00:00,1785024040,6705,321 Surrey Central/WhiteRock,15247333,10437,22,18
2026-07-26T00:00:42.544485+00:00,1785024040,6705,321 Surrey Central/WhiteRock,15247333,5449,23,-26
2026-07-26T00:00:42.544485+00:00,1785024040,6705,321 Surrey Central/WhiteRock,15247333,11313,24,-61
2026-07-26T00:00:42.544485+00:00,1785024040,6705,321 Surrey Central/WhiteRock,15247333,10808,25,-189
2026-07-26T00:00:42.544485+00:00,1785024040,6705,321 Surrey Central/WhiteRock,15247333,5452,26,-297
2026-07-26T00:00:42.544485+00:00,1785024040,6705,321 Surrey Central/WhiteRock,15247333,11913,27,-311
2026-07-26T00:00:42.544485+00:00,1785024040,6705,321 Surrey Central/WhiteRock,15247333,5454,28,-317
2026-07-26T00:00:42.544485+00:00,1785024040,6705,321 Surrey Central/WhiteRock,15247333,5455,29,-319
2026-07-26T00:00:42.544485+00:00,1785024040,6705,321 Surrey Central/WhiteRock,15247333,5456,30,-269
2026-07-26T00:00:42.544485+00:00,1785024040,6705,321 Surrey Central/WhiteRock,15247333,12651,31,-291
2026-07-26T00:00:42.544485+00:00,1785024040,6705,321 Surrey Central/WhiteRock,15247333,5458,32,-286
2026-07-26T00:00:42.544485+00:00,1785024040,6705,321 Surrey Central/WhiteRock,15247333,5459,33,-273
2026-07-26T00:00:42.544485+00:00,1785024040,6705,321 Surrey Central/WhiteRock,15247333,5460,34,-277
2026-07-26T00:00:42.544485+00:00,1785024040,6705,321 Surrey Central/WhiteRock,15247333,5461,35,-283
2026-07-26T00:00:42.544485+00:00,1785024040,6705,321 Surrey Central/WhiteRock,15247333,5462,36,-287
2026-07-26T00:00:42.544485+00:00,1785024040,6705,321 Surrey Central/WhiteRock,15247333,5463,37,-232
2026-07-26T00:00:42.544485+00:00,1785024040,6705,321 Surrey Central/WhiteRock,15247333,5700,38,0
2026-07-26T00:00:42.544485+00:00,1785024040,6705,321 Surrey Central/WhiteRock,15247333,5465,39,7
2026-07-26T00:00:42.544485+00:00,1785024040,6705,321 Surrey Central/WhiteRock,15247333,5466,40,-28
2026-07-26T00:00:42.544485+00:00,1785024040,6705,321 Surrey Central/WhiteRock,15247333,5467,41,17
2026-07-26T00:00:42.544485+00:00,1785024040,6705,321 Surrey Central/WhiteRock,15247333,5468,42,-9
2026-07-26T00:00:42.544485+00:00,1785024040,6705,321 Surrey Central/WhiteRock,15247333,5469,43,-40
2026-07-26T00:00:42.544485+00:00,1785024040,6705,321 Surrey Central/WhiteRock,15247333,5470,44,-61
2026-07-26T00:00:42.544485+00:00,1785024040,6705,321 Surrey Central/WhiteRock,15247333,5471,45,-91
2026-07-26T00:00:42.544485+00:00,1785024040,6705,321 Surrey Central/WhiteRock,15247333,5472,46,-111
2026-07-26T00:00:42.544485+00:00,1785024040,6705,321 Surrey Central/WhiteRock,15247333,5473,47,-156
2026-07-26T00:00:42.544485+00:00,1785024040,6705,321 Surrey Central/WhiteRock,15247333,5474,48,-154
2026-07-26T00:00:42.544485+00:00,1785024040,6705,321 Surrey Central/WhiteRock,15247333,5475,49,-196
2026-07-26T00:00:42.544485+00:00,1785024040,6705,321 Surrey Central/WhiteRock,15247333,5476,50,-213
2026-07-26T00:00:42.544485+00:00,1785024040,6705,321 Surrey Central/WhiteRock,15247333,5477,51,-232
2026-07-26T00:00:42.544485+00:00,1785024040,6705,321 Surrey Central/WhiteRock,15247333,11725,52,-256
2026-07-26T00:00:42.544485+00:00,1785024040,6705,321 Surrey Central/WhiteRock,15247333,5040,53,-239
2026-07-26T00:00:42.544485+00:00,1785024040,6705,321 Surrey Central/WhiteRock,15247333,5041,54,-230
2026-07-26T00:00:42.544485+00:00,1785024040,6705,321 Surrey Central/WhiteRock,15247333,12155,55,-217
2026-07-26T00:00:42.544485+00:00,1785024040,6705,321 Surrey Central/WhiteRock,15247333,9089,56,-205
2026-07-26T00:00:42.544485+00:00,1785024040,6705,321 Surrey Central/WhiteRock,15247333,7213,57,-222
2026-07-26T00:00:42.544485+00:00,1785024040,6705,321 Surrey Central/WhiteRock,15247334,6197,1,0
2026-07-26T00:00:42.544485+00:00,1785024040,6705,321 Surrey Central/WhiteRock,15247334,5444,16,-582
2026-07-26T00:00:42.544485+00:00,1785024040,6705,321 Surrey Central/WhiteRock,15247334,9083,17,-602
2026-07-26T00:00:42.544485+00:00,1785024040,6705,321 Surrey Central/WhiteRock,15247334,5446,18,-588
2026-07-26T00:00:42.544485+00:00,1785024040,6705,321 Surrey Central/WhiteRock,15247334,10445,19,-593
2026-07-26T00:00:42.544485+00:00,1785024040,6705,321 Surrey Central/WhiteRock,15247334,5447,20,-625
2026-07-26T00:00:42.544485+00:00,1785024040,6705,321 Surrey Central/WhiteRock,15247334,5448,21,-620
2026-07-26T00:00:42.544485+00:00,1785024040,6705,321 Surrey Central/WhiteRock,15247334,10437,22,-623
2026-07-26T00:00:42.544485+00:00,1785024040,6705,321 Surrey Central/WhiteRock,15247334,5449,23,-667
2026-07-26T00:00:42.544485+00:00,1785024040,6705,321 Surrey Central/WhiteRock,15247334,11313,24,-702
2026-07-26T00:00:42.544485+00:00,1785024040,6705,321 Surrey Central/WhiteRock,15247334,10808,25,-830
2026-07-26T00:00:42.544485+00:00,1785024040,6705,321 Surrey Central/WhiteRock,15247334,5452,26,-938
2026-07-26T00:00:42.544485+00:00,1785024040,6705,321 Surrey Central/WhiteRock,15247334,11913,27,-952
2026-07-26T00:00:42.544485+00:00,1785024040,6705,321 Surrey Central/WhiteRock,15247334,5454,28,-958
2026-07-26T00:00:42.544485+00:00,1785024040,6705,321 Surrey Central/WhiteRock,15247334,5455,29,-960
2026-07-26T00:00:42.544485+00:00,1785024040,6705,321 Surrey Central/WhiteRock,15247334,5456,30,-910
2026-07-26T00:00:42.544485+00:00,1785024040,6705,321 Surrey Central/WhiteRock,15247334,12651,31,-932
2026-07-26T00:00:42.544485+00:00,1785024040,6705,321 Surrey Central/WhiteRock,15247334,5458,32,-927
2026-07-26T00:00:42.544485+00:00,1785024040,6705,321 Surrey Central/WhiteRock,15247334,5459,33,-914
2026-07-26T00:00:42.544485+00:00,1785024040,6705,321 Surrey Central/WhiteRock,15247334,5460,34,-918
2026-07-26T00:00:42.544485+00:00,1785024040,6705,321 Surrey Central/WhiteRock,15247334,5461,35,-924
2026-07-26T00:00:42.544485+00:00,1785024040,6705,321 Surrey Central/WhiteRock,15247334,5462,36,-928
2026-07-26T00:00:42.544485+00:00,1785024040,6705,321 Surrey Central/WhiteRock,15247334,5463,37,-873
2026-07-26T00:00:42.544485+00:00,1785024040,6705,321 Surrey Central/WhiteRock,15247334,5700,38,0
2026-07-26T00:00:42.544485+00:00,1785024040,6705,321 Surrey Central/WhiteRock,15247334,5465,39,7
2026-07-26T00:00:42.544485+00:00,1785024040,6705,321 Surrey Central/WhiteRock,15247334,5466,40,-28
2026-07-26T00:00:42.544485+00:00,1785024040,6705,321 Surrey Central/WhiteRock,15247334,5467,41,16
2026-07-26T00:00:42.544485+00:00,1785024040,6705,321 Surrey Central/WhiteRock,15247334,5468,42,-10
2026-07-26T00:00:42.544485+00:00,1785024040,6705,321 Surrey Central/WhiteRock,15247334,5469,43,-44
2026-07-26T00:00:42.544485+00:00,1785024040,6705,321 Surrey Central/WhiteRock,15247334,5470,44,-64
2026-07-26T00:00:42.544485+00:00,1785024040,6705,321 Surrey Central/WhiteRock,15247334,5471,45,-94
2026-07-26T00:00:42.544485+00:00,1785024040,6705,321 Surrey Central/WhiteRock,15247334,5472,46,-114
2026-07-26T00:00:42.544485+00:00,1785024040,6705,321 Surrey Central/WhiteRock,15247334,5473,47,-159
2026-07-26T00:00:42.544485+00:00,1785024040,6705,321 Surrey Central/WhiteRock,15247334,5474,48,-155
2026-07-26T00:00:42.544485+00:00,1785024040,6705,321 Surrey Central/WhiteRock,15247334,5475,49,-198
2026-07-26T00:00:42.544485+00:00,1785024040,6705,321 Surrey Central/WhiteRock,15247334,5476,50,-215
2026-07-26T00:00:42.544485+00:00,1785024040,6705,321 Surrey Central/WhiteRock,15247334,5477,51,-234
2026-07-26T00:00:42.544485+00:00,1785024040,6705,321 Surrey Central/WhiteRock,15247334,11725,52,-259
2026-07-26T00:00:42.544485+00:00,1785024040,6705,321 Surrey Central/WhiteRock,15247334,5040,53,-239
2026-07-26T00:00:42.544485+00:00,1785024040,6705,321 Surrey Central/WhiteRock,15247334,5041,54,-230
2026-07-26T00:00:42.544485+00:00,1785024040,6705,321 Surrey Central/WhiteRock,15247334,12155,55,-218
2026-07-26T00:00:42.544485+00:00,1785024040,6705,321 Surrey Central/WhiteRock,15247334,9089,56,-206
2026-07-26T00:00:42.544485+00:00,1785024040,6705,321 Surrey Central/WhiteRock,15247334,7213,57,-223
2026-07-26T00:00:42.544485+00:00,1785024040,6705,321 Surrey Central/WhiteRock,15247374,10880,1,0
2026-07-26T00:00:42.544485+00:00,1785024040,6705,321 Surrey Central/WhiteRock,15247374,5046,2,-507
2026-07-26T00:00:42.544485+00:00,1785024040,6705,321 Surrey Central/WhiteRock,15247374,5047,3,-504
2026-07-26T00:00:42.544485+00:00,1785024040,6705,321 Surrey Central/WhiteRock,15247374,8566,4,-533
2026-07-26T00:00:42.544485+00:00,1785024040,6705,321 Surrey Central/WhiteRock,15247374,12916,5,-494
2026-07-26T00:00:42.544485+00:00,1785024040,6705,321 Surrey Central/WhiteRock,15247374,5049,6,-501
2026-07-26T00:00:42.544485+00:00,1785024040,6705,321 Surrey Central/WhiteRock,15247374,5039,7,-503
2026-07-26T00:00:42.544485+00:00,1785024040,6705,321 Surrey Central/WhiteRock,15247374,8351,8,-524
2026-07-26T00:00:42.544485+00:00,1785024040,6705,321 Surrey Central/WhiteRock,15247374,5496,9,-577
2026-07-26T00:00:42.544485+00:00,1785024040,6705,321 Surrey Central/WhiteRock,15247374,5497,10,-613
2026-07-26T00:00:42.544485+00:00,1785024040,6705,321 Surrey Central/WhiteRock,15247374,5498,11,-626
2026-07-26T00:00:42.544485+00:00,1785024040,6705,321 Surrey Central/WhiteRock,15247374,5499,12,-660
2026-07-26T00:00:42.544485+00:00,1785024040,6705,321 Surrey Central/WhiteRock,15247374,5500,13,-674
2026-07-26T00:00:42.544485+00:00,1785024040,6705,321 Surrey Central/WhiteRock,15247374,5501,14,-697
2026-07-26T00:00:42.544485+00:00,1785024040,6705,321 Surrey Central/WhiteRock,15247374,5502,15,-706
2026-07-26T00:00:42.544485+00:00,1785024040,6705,321 Surrey Central/WhiteRock,15247374,5503,16,-728
2026-07-26T00:00:42.544485+00:00,1785024040,6705,321 Surrey Central/WhiteRock,15247374,5504,17,-775
2026-07-26T00:00:42.544485+00:00,1785024040,6705,321 Surrey Central/WhiteRock,15247374,5505,18,-753
2026-07-26T00:00:42.544485+00:00,1785024040,6705,321 Surrey Central/WhiteRock,15247374,5507,19,-743
2026-07-26T00:00:42.544485+00:00,1785024040,6705,321 Surrey Central/WhiteRock,15247374,5633,20,0
2026-07-26T00:00:42.544485+00:00,1785024040,6705,321 Surrey Central/WhiteRock,15247374,5510,21,43
2026-07-26T00:00:42.544485+00:00,1785024040,6705,321 Surrey Central/WhiteRock,15247374,5511,22,37
2026-07-26T00:00:42.544485+00:00,1785024040,6705,321 Surrey Central/WhiteRock,15247374,5512,23,33
2026-07-26T00:00:42.544485+00:00,1785024040,6705,321 Surrey Central/WhiteRock,15247374,5513,24,21
2026-07-26T00:00:42.544485+00:00,1785024040,6705,321 Surrey Central/WhiteRock,15247374,5514,25,91
2026-07-26T00:00:42.544485+00:00,1785024040,6705,321 Surrey Central/WhiteRock,15247374,5515,26,85
2026-07-26T00:00:42.544485+00:00,1785024040,6705,321 Surrey Central/WhiteRock,15247374,5516,27,91
2026-07-26T00:00:42.544485+00:00,1785024040,6705,321 Surrey Central/WhiteRock,15247374,5517,28,106
2026-07-26T00:00:42.544485+00:00,1785024040,6705,321 Surrey Central/WhiteRock,15247374,5518,29,108
2026-07-26T00:00:42.544485+00:00,1785024040,6705,321 Surrey Central/WhiteRock,15247374,5519,30,89
2026-07-26T00:00:42.544485+00:00,1785024040,6705,321 Surrey Central/WhiteRock,15247374,5520,31,76
2026-07-26T00:00:42.544485+00:00,1785024040,6705,321 Surrey Central/WhiteRock,15247374,5521,32,-119
2026-07-26T00:00:42.544485+00:00,1785024040,6705,321 Surrey Central/WhiteRock,15247374,5522,33,-245
2026-07-26T00:00:42.544485+00:00,1785024040,6705,321 Surrey Central/WhiteRock,15247374,5523,34,-279
2026-07-26T00:00:42.544485+00:00,1785024040,6705,321 Surrey Central/WhiteRock,15247374,6466,35,-293
2026-07-26T00:00:42.544485+00:00,1785024040,6705,321 Surrey Central/WhiteRock,15247374,5524,36,-283
2026-07-26T00:00:42.544485+00:00,1785024040,6705,321 Surrey Central/WhiteRock,15247374,5525,37,-308
2026-07-26T00:00:42.544485+00:00,1785024040,6705,321 Surrey Central/WhiteRock,15247374,10443,38,-328
2026-07-26T00:00:42.544485+00:00,1785024040,6705,321 Surrey Central/WhiteRock,15247374,5528,39,-327
2026-07-26T00:00:42.544485+00:00,1785024040,6705,321 Surrey Central/WhiteRock,15247374,5529,40,-347
2026-07-26T00:00:42.544485+00:00,1785024040,6705,321 Surrey Central/WhiteRock,15247374,5530,41,-360
2026-07-26T00:00:42.544485+00:00,1785024040,6705,321 Surrey Central/WhiteRock,15247374,5533,42,-358
2026-07-26T00:00:42.544485+00:00,1785024040,6705,321 Surrey Central/WhiteRock,15247374,5534,43,-375
2026-07-26T00:00:42.544485+00:00,1785024040,6705,321 Surrey Central/WhiteRock,15247374,5535,44,-377
2026-07-26T00:00:42.544485+00:00,1785024040,6705,321 Surrey Central/WhiteRock,15247374,5536,45,-395
2026-07-26T00:00:42.544485+00:00,1785024040,6705,321 Surrey Central/WhiteRock,15247374,5537,46,-390
2026-07-26T00:00:42.544485+00:00,1785024040,6705,321 Surrey Central/WhiteRock,15247374,5538,47,-395
2026-07-26T00:00:42.544485+00:00,1785024040,6705,321 Surrey Central/WhiteRock,15247374,5541,48,-369
2026-07-26T00:00:42.544485+00:00,1785024040,6705,321 Surrey Central/WhiteRock,15247374,5542,49,-353
2026-07-26T00:00:42.544485+00:00,1785024040,6705,321 Surrey Central/WhiteRock,15247374,6195,50,-316
2026-07-26T00:00:42.544485+00:00,1785024040,6705,321 Surrey Central/WhiteRock,15247444,10443,38,-10
2026-07-26T00:00:42.544485+00:00,1785024040,6705,321 Surrey Central/WhiteRock,15247444,5528,39,-9
2026-07-26T00:00:42.544485+00:00,1785024040,6705,321 Surrey Central/WhiteRock,15247444,5529,40,-25
2026-07-26T00:00:42.544485+00:00,1785024040,6705,321 Surrey Central/WhiteRock,15247444,5530,41,-37
2026-07-26T00:00:42.544485+00:00,1785024040,6705,321 Surrey Central/WhiteRock,15247444,5533,42,-43
2026-07-26T00:00:42.544485+00:00,1785024040,6705,321 Surrey Central/WhiteRock,15247444,5534,43,-60
2026-07-26T00:00:42.544485+00:00,1785024040,6705,321 Surrey Central/WhiteRock,15247444,5535,44,-42
2026-07-26T00:00:42.544485+00:00,1785024040,6705,321 Surrey Central/WhiteRock,15247444,5536,45,-58
2026-07-26T00:00:42.544485+00:00,1785024040,6705,321 Surrey Central/WhiteRock,15247444,5537,46,-51
2026-07-26T00:00:42.544485+00:00,1785024040,6705,321 Surrey Central/WhiteRock,15247444,5538,47,-58
2026-07-26T00:00:42.544485+00:00,1785024040,6705,321 Surrey Central/WhiteRock,15247444,5541,48,-26
2026-07-26T00:00:42.544485+00:00,1785024040,6705,321 Surrey Central/WhiteRock,15247444,5542,49,-10
2026-07-26T00:00:42.544485+00:00,1785024040,6705,321 Surrey Central/WhiteRock,15247444,6195,50,31
2026-07-26T00:00:42.544485+00:00,1785024040,6705,321 Surrey Central/WhiteRock,15247445,5522,33,-159
2026-07-26T00:00:42.544485+00:00,1785024040,6705,321 Surrey Central/WhiteRock,15247445,5523,34,-193
2026-07-26T00:00:42.544485+00:00,1785024040,6705,321 Surrey Central/WhiteRock,15247445,6466,35,-211
2026-07-26T00:00:42.544485+00:00,1785024040,6705,321 Surrey Central/WhiteRock,15247445,5524,36,-199
2026-07-26T00:00:42.544485+00:00,1785024040,6705,321 Surrey Central/WhiteRock,15247445,5525,37,-226
2026-07-26T00:00:42.544485+00:00,1785024040,6705,321 Surrey Central/WhiteRock,15247445,10443,38,-254
2026-07-26T00:00:42.544485+00:00,1785024040,6705,321 Surrey Central/WhiteRock,15247445,5528,39,-249
2026-07-26T00:00:42.544485+00:00,1785024040,6705,321 Surrey Central/WhiteRock,15247445,5529,40,-265
2026-07-26T00:00:42.544485+00:00,1785024040,6705,321 Surrey Central/WhiteRock,15247445,5530,41,-278
2026-07-26T00:00:42.544485+00:00,1785024040,6705,321 Surrey Central/WhiteRock,15247445,5533,42,-283
2026-07-26T00:00:42.544485+00:00,1785024040,6705,321 Surrey Central/WhiteRock,15247445,5534,43,-301
2026-07-26T00:00:42.544485+00:00,1785024040,6705,321 Surrey Central/WhiteRock,15247445,5535,44,-283
2026-07-26T00:00:42.544485+00:00,1785024040,6705,321 Surrey Central/WhiteRock,15247445,5536,45,-301
2026-07-26T00:00:42.544485+00:00,1785024040,6705,321 Surrey Central/WhiteRock,15247445,5537,46,-307
2026-07-26T00:00:42.544485+00:00,1785024040,6705,321 Surrey Central/WhiteRock,15247445,5538,47,-314
2026-07-26T00:00:42.544485+00:00,1785024040,6705,321 Surrey Central/WhiteRock,15247445,5541,48,-284
2026-07-26T00:00:42.544485+00:00,1785024040,6705,321 Surrey Central/WhiteRock,15247445,5542,49,-268
2026-07-26T00:00:42.544485+00:00,1785024040,6705,321 Surrey Central/WhiteRock,15247445,6195,50,-232
2026-07-26T00:00:42.544485+00:00,1785024040,6705,321 Surrey Central/WhiteRock,15247446,5514,25,151
2026-07-26T00:00:42.544485+00:00,1785024040,6705,321 Surrey Central/WhiteRock,15247446,5515,26,145
2026-07-26T00:00:42.544485+00:00,1785024040,6705,321 Surrey Central/WhiteRock,15247446,5516,27,152
2026-07-26T00:00:42.544485+00:00,1785024040,6705,321 Surrey Central/WhiteRock,15247446,5517,28,162
2026-07-26T00:00:42.544485+00:00,1785024040,6705,321 Surrey Central/WhiteRock,15247446,5518,29,165
2026-07-26T00:00:42.544485+00:00,1785024040,6705,321 Surrey Central/WhiteRock,15247446,5519,30,146
2026-07-26T00:00:42.544485+00:00,1785024040,6705,321 Surrey Central/WhiteRock,15247446,5520,31,132
2026-07-26T00:00:42.544485+00:00,1785024040,6705,321 Surrey Central/WhiteRock,15247446,5521,32,-63
2026-07-26T00:00:42.544485+00:00,1785024040,6705,321 Surrey Central/WhiteRock,15247446,5522,33,-189
2026-07-26T00:00:42.544485+00:00,1785024040,6705,321 Surrey Central/WhiteRock,15247446,5523,34,-223
2026-07-26T00:00:42.544485+00:00,1785024040,6705,321 Surrey Central/WhiteRock,15247446,6466,35,-239
2026-07-26T00:00:42.544485+00:00,1785024040,6705,321 Surrey Central/WhiteRock,15247446,5524,36,-227
2026-07-26T00:00:42.544485+00:00,1785024040,6705,321 Surrey Central/WhiteRock,15247446,5525,37,-253
2026-07-26T00:00:42.544485+00:00,1785024040,6705,321 Surrey Central/WhiteRock,15247446,10443,38,-274
2026-07-26T00:00:42.544485+00:00,1785024040,6705,321 Surrey Central/WhiteRock,15247446,5528,39,-269
2026-07-26T00:00:42.544485+00:00,1785024040,6705,321 Surrey Central/WhiteRock,15247446,5529,40,-288
2026-07-26T00:00:42.544485+00:00,1785024040,6705,321 Surrey Central/WhiteRock,15247446,5530,41,-300
2026-07-26T00:00:42.544485+00:00,1785024040,6705,321 Surrey Central/WhiteRock,15247446,5533,42,-306
2026-07-26T00:00:42.544485+00:00,1785024040,6705,321 Surrey Central/WhiteRock,15247446,5534,43,-323
2026-07-26T00:00:42.544485+00:00,1785024040,6705,321 Surrey Central/WhiteRock,15247446,5535,44,-316
2026-07-26T00:00:42.544485+00:00,1785024040,6705,321 Surrey Central/WhiteRock,15247446,5536,45,-335
2026-07-26T00:00:42.544485+00:00,1785024040,6705,321 Surrey Central/WhiteRock,15247446,5537,46,-330
2026-07-26T00:00:42.544485+00:00,1785024040,6705,321 Surrey Central/WhiteRock,15247446,5538,47,-337
2026-07-26T00:00:42.544485+00:00,1785024040,6705,321 Surrey Central/WhiteRock,15247446,5541,48,-306
2026-07-26T00:00:42.544485+00:00,1785024040,6705,321 Surrey Central/WhiteRock,15247446,5542,49,-290
2026-07-26T00:00:42.544485+00:00,1785024040,6705,321 Surrey Central/WhiteRock,15247446,6195,50,-255
2026-07-26T00:00:42.544485+00:00,1785024040,6705,321 Surrey Central/WhiteRock,15247447,5507,19,-76
2026-07-26T00:00:42.544485+00:00,1785024040,6705,321 Surrey Central/WhiteRock,15247447,5633,20,0
2026-07-26T00:00:42.544485+00:00,1785024040,6705,321 Surrey Central/WhiteRock,15247447,5510,21,32
2026-07-26T00:00:42.544485+00:00,1785024040,6705,321 Surrey Central/WhiteRock,15247447,5511,22,26
2026-07-26T00:00:42.544485+00:00,1785024040,6705,321 Surrey Central/WhiteRock,15247447,5512,23,22
2026-07-26T00:00:42.544485+00:00,1785024040,6705,321 Surrey Central/WhiteRock,15247447,5513,24,10
2026-07-26T00:00:42.544485+00:00,1785024040,6705,321 Surrey Central/WhiteRock,15247447,5514,25,80
2026-07-26T00:00:42.544485+00:00,1785024040,6705,321 Surrey Central/WhiteRock,15247447,5515,26,74
2026-07-26T00:00:42.544485+00:00,1785024040,6705,321 Surrey Central/WhiteRock,15247447,5516,27,91
2026-07-26T00:00:42.544485+00:00,1785024040,6705,321 Surrey Central/WhiteRock,15247447,5517,28,103
2026-07-26T00:00:42.544485+00:00,1785024040,6705,321 Surrey Central/WhiteRock,15247447,5518,29,107
2026-07-26T00:00:42.544485+00:00,1785024040,6705,321 Surrey Central/WhiteRock,15247447,5519,30,88
2026-07-26T00:00:42.544485+00:00,1785024040,6705,321 Surrey Central/WhiteRock,15247447,5520,31,74
2026-07-26T00:00:42.544485+00:00,1785024040,6705,321 Surrey Central/WhiteRock,15247447,5521,32,-121
2026-07-26T00:00:42.544485+00:00,1785024040,6705,321 Surrey Central/WhiteRock,15247447,5522,33,-247
2026-07-26T00:00:42.544485+00:00,1785024040,6705,321 Surrey Central/WhiteRock,15247447,5523,34,-281
2026-07-26T00:00:42.544485+00:00,1785024040,6705,321 Surrey Central/WhiteRock,15247447,6466,35,-298
2026-07-26T00:00:42.544485+00:00,1785024040,6705,321 Surrey Central/WhiteRock,15247447,5524,36,-286
2026-07-26T00:00:42.544485+00:00,1785024040,6705,321 Surrey Central/WhiteRock,15247447,5525,37,-314
2026-07-26T00:00:42.544485+00:00,1785024040,6705,321 Surrey Central/WhiteRock,15247447,10443,38,-342
2026-07-26T00:00:42.544485+00:00,1785024040,6705,321 Surrey Central/WhiteRock,15247447,5528,39,-337
2026-07-26T00:00:42.544485+00:00,1785024040,6705,321 Surrey Central/WhiteRock,15247447,5529,40,-357
2026-07-26T00:00:42.544485+00:00,1785024040,6705,321 Surrey Central/WhiteRock,15247447,5530,41,-371
2026-07-26T00:00:42.544485+00:00,1785024040,6705,321 Surrey Central/WhiteRock,15247447,5533,42,-377
2026-07-26T00:00:42.544485+00:00,1785024040,6705,321 Surrey Central/WhiteRock,15247447,5534,43,-395
2026-07-26T00:00:42.544485+00:00,1785024040,6705,321 Surrey Central/WhiteRock,15247447,5535,44,-384
2026-07-26T00:00:42.544485+00:00,1785024040,6705,321 Surrey Central/WhiteRock,15247447,5536,45,-401
2026-07-26T00:00:42.544485+00:00,1785024040,6705,321 Surrey Central/WhiteRock,15247447,5537,46,-408
2026-07-26T00:00:42.544485+00:00,1785024040,6705,321 Surrey Central/WhiteRock,15247447,5538,47,-414
2026-07-26T00:00:42.544485+00:00,1785024040,6705,321 Surrey Central/WhiteRock,15247447,5541,48,-384
2026-07-26T00:00:42.544485+00:00,1785024040,6705,321 Surrey Central/WhiteRock,15247447,5542,49,-368
2026-07-26T00:00:42.544485+00:00,1785024040,6705,321 Surrey Central/WhiteRock,15247447,6195,50,-329
2026-07-26T00:00:42.544485+00:00,1785024040,6705,321 Surrey Central/WhiteRock,15247448,5497,10,-25
2026-07-26T00:00:42.544485+00:00,1785024040,6705,321 Surrey Central/WhiteRock,15247448,5498,11,-37
2026-07-26T00:00:42.544485+00:00,1785024040,6705,321 Surrey Central/WhiteRock,15247448,5499,12,-71
2026-07-26T00:00:42.544485+00:00,1785024040,6705,321 Surrey Central/WhiteRock,15247448,5500,13,-85
2026-07-26T00:00:42.544485+00:00,1785024040,6705,321 Surrey Central/WhiteRock,15247448,5501,14,-108
2026-07-26T00:00:42.544485+00:00,1785024040,6705,321 Surrey Central/WhiteRock,15247448,5502,15,-118
2026-07-26T00:00:42.544485+00:00,1785024040,6705,321 Surrey Central/WhiteRock,15247448,5503,16,-136
2026-07-26T00:00:42.544485+00:00,1785024040,6705,321 Surrey Central/WhiteRock,15247448,5504,17,-182
2026-07-26T00:00:42.544485+00:00,1785024040,6705,321 Surrey Central/WhiteRock,15247448,5505,18,-160
2026-07-26T00:00:42.544485+00:00,1785024040,6705,321 Surrey Central/WhiteRock,15247448,5507,19,-151
2026-07-26T00:00:42.544485+00:00,1785024040,6705,321 Surrey Central/WhiteRock,15247448,5633,20,0
2026-07-26T00:00:42.544485+00:00,1785024040,6705,321 Surrey Central/WhiteRock,15247448,5510,21,47
2026-07-26T00:00:42.544485+00:00,1785024040,6705,321 Surrey Central/WhiteRock,15247448,5511,22,41
2026-07-26T00:00:42.544485+00:00,1785024040,6705,321 Surrey Central/WhiteRock,15247448,5512,23,37
2026-07-26T00:00:42.544485+00:00,1785024040,6705,321 Surrey Central/WhiteRock,15247448,5513,24,23
2026-07-26T00:00:42.544485+00:00,1785024040,6705,321 Surrey Central/WhiteRock,15247448,5514,25,93
2026-07-26T00:00:42.544485+00:00,1785024040,6705,321 Surrey Central/WhiteRock,15247448,5515,26,87
2026-07-26T00:00:42.544485+00:00,1785024040,6705,321 Surrey Central/WhiteRock,15247448,5516,27,100
2026-07-26T00:00:42.544485+00:00,1785024040,6705,321 Surrey Central/WhiteRock,15247448,5517,28,112
2026-07-26T00:00:42.544485+00:00,1785024040,6705,321 Surrey Central/WhiteRock,15247448,5518,29,114
2026-07-26T00:00:42.544485+00:00,1785024040,6705,321 Surrey Central/WhiteRock,15247448,5519,30,95
2026-07-26T00:00:42.544485+00:00,1785024040,6705,321 Surrey Central/WhiteRock,15247448,5520,31,81
2026-07-26T00:00:42.544485+00:00,1785024040,6705,321 Surrey Central/WhiteRock,15247448,5521,32,-114
2026-07-26T00:00:42.544485+00:00,1785024040,6705,321 Surrey Central/WhiteRock,15247448,5522,33,-239
2026-07-26T00:00:42.544485+00:00,1785024040,6705,321 Surrey Central/WhiteRock,15247448,5523,34,-273
2026-07-26T00:00:42.544485+00:00,1785024040,6705,321 Surrey Central/WhiteRock,15247448,6466,35,-288
2026-07-26T00:00:42.544485+00:00,1785024040,6705,321 Surrey Central/WhiteRock,15247448,5524,36,-276
2026-07-26T00:00:42.544485+00:00,1785024040,6705,321 Surrey Central/WhiteRock,15247448,5525,37,-302
2026-07-26T00:00:42.544485+00:00,1785024040,6705,321 Surrey Central/WhiteRock,15247448,10443,38,-322
2026-07-26T00:00:42.544485+00:00,1785024040,6705,321 Surrey Central/WhiteRock,15247448,5528,39,-316
2026-07-26T00:00:42.544485+00:00,1785024040,6705,321 Surrey Central/WhiteRock,15247448,5529,40,-335
2026-07-26T00:00:42.544485+00:00,1785024040,6705,321 Surrey Central/WhiteRock,15247448,5530,41,-347
2026-07-26T00:00:42.544485+00:00,1785024040,6705,321 Surrey Central/WhiteRock,15247448,5533,42,-355
2026-07-26T00:00:42.544485+00:00,1785024040,6705,321 Surrey Central/WhiteRock,15247448,5534,43,-372
2026-07-26T00:00:42.544485+00:00,1785024040,6705,321 Surrey Central/WhiteRock,15247448,5535,44,-360
2026-07-26T00:00:42.544485+00:00,1785024040,6705,321 Surrey Central/WhiteRock,15247448,5536,45,-381
2026-07-26T00:00:42.544485+00:00,1785024040,6705,321 Surrey Central/WhiteRock,15247448,5537,46,-376
2026-07-26T00:00:42.544485+00:00,1785024040,6705,321 Surrey Central/WhiteRock,15247448,5538,47,-383
2026-07-26T00:00:42.544485+00:00,1785024040,6705,321 Surrey Central/WhiteRock,15247448,5541,48,-352
2026-07-26T00:00:42.544485+00:00,1785024040,6705,321 Surrey Central/WhiteRock,15247448,5542,49,-336
2026-07-26T00:00:42.544485+00:00,1785024040,6705,321 Surrey Central/WhiteRock,15247448,6195,50,-302
2026-07-26T00:00:42.544485+00:00,1785024040,6705,321 Surrey Central/WhiteRock,15247449,5046,2,54
2026-07-26T00:00:42.544485+00:00,1785024040,6705,321 Surrey Central/WhiteRock,15247449,5047,3,57
2026-07-26T00:00:42.544485+00:00,1785024040,6705,321 Surrey Central/WhiteRock,15247449,8566,4,27
2026-07-26T00:00:42.544485+00:00,1785024040,6705,321 Surrey Central/WhiteRock,15247449,12916,5,66
2026-07-26T00:00:42.544485+00:00,1785024040,6705,321 Surrey Central/WhiteRock,15247449,5049,6,59
2026-07-26T00:00:42.544485+00:00,1785024040,6705,321 Surrey Central/WhiteRock,15247449,5039,7,55
2026-07-26T00:00:42.544485+00:00,1785024040,6705,321 Surrey Central/WhiteRock,15247449,8351,8,34
2026-07-26T00:00:42.544485+00:00,1785024040,6705,321 Surrey Central/WhiteRock,15247449,5496,9,-17
2026-07-26T00:00:42.544485+00:00,1785024040,6705,321 Surrey Central/WhiteRock,15247449,5497,10,-53
2026-07-26T00:00:42.544485+00:00,1785024040,6705,321 Surrey Central/WhiteRock,15247449,5498,11,-66
2026-07-26T00:00:42.544485+00:00,1785024040,6705,321 Surrey Central/WhiteRock,15247449,5499,12,-100
2026-07-26T00:00:42.544485+00:00,1785024040,6705,321 Surrey Central/WhiteRock,15247449,5500,13,-107
2026-07-26T00:00:42.544485+00:00,1785024040,6705,321 Surrey Central/WhiteRock,15247449,5501,14,-130
2026-07-26T00:00:42.544485+00:00,1785024040,6705,321 Surrey Central/WhiteRock,15247449,5502,15,-139
2026-07-26T00:00:42.544485+00:00,1785024040,6705,321 Surrey Central/WhiteRock,15247449,5503,16,-161
2026-07-26T00:00:42.544485+00:00,1785024040,6705,321 Surrey Central/WhiteRock,15247449,5504,17,-208
2026-07-26T00:00:42.544485+00:00,1785024040,6705,321 Surrey Central/WhiteRock,15247449,5505,18,-186
2026-07-26T00:00:42.544485+00:00,1785024040,6705,321 Surrey Central/WhiteRock,15247449,5507,19,-173
2026-07-26T00:00:42.544485+00:00,1785024040,6705,321 Surrey Central/WhiteRock,15247449,5633,20,0
2026-07-26T00:00:42.544485+00:00,1785024040,6705,321 Surrey Central/WhiteRock,15247449,5510,21,32
2026-07-26T00:00:42.544485+00:00,1785024040,6705,321 Surrey Central/WhiteRock,15247449,5511,22,26
2026-07-26T00:00:42.544485+00:00,1785024040,6705,321 Surrey Central/WhiteRock,15247449,5512,23,22
2026-07-26T00:00:42.544485+00:00,1785024040,6705,321 Surrey Central/WhiteRock,15247449,5513,24,9
2026-07-26T00:00:42.544485+00:00,1785024040,6705,321 Surrey Central/WhiteRock,15247449,5514,25,79
2026-07-26T00:00:42.544485+00:00,1785024040,6705,321 Surrey Central/WhiteRock,15247449,5515,26,73
2026-07-26T00:00:42.544485+00:00,1785024040,6705,321 Surrey Central/WhiteRock,15247449,5516,27,96
2026-07-26T00:00:42.544485+00:00,1785024040,6705,321 Surrey Central/WhiteRock,15247449,5517,28,111
2026-07-26T00:00:42.544485+00:00,1785024040,6705,321 Surrey Central/WhiteRock,15247449,5518,29,115
2026-07-26T00:00:42.544485+00:00,1785024040,6705,321 Surrey Central/WhiteRock,15247449,5519,30,95
2026-07-26T00:00:42.544485+00:00,1785024040,6705,321 Surrey Central/WhiteRock,15247449,5520,31,81
2026-07-26T00:00:42.544485+00:00,1785024040,6705,321 Surrey Central/WhiteRock,15247449,5521,32,-114
2026-07-26T00:00:42.544485+00:00,1785024040,6705,321 Surrey Central/WhiteRock,15247449,5522,33,-239
2026-07-26T00:00:42.544485+00:00,1785024040,6705,321 Surrey Central/WhiteRock,15247449,5523,34,-273
2026-07-26T00:00:42.544485+00:00,1785024040,6705,321 Surrey Central/WhiteRock,15247449,6466,35,-289
2026-07-26T00:00:42.544485+00:00,1785024040,6705,321 Surrey Central/WhiteRock,15247449,5524,36,-279
2026-07-26T00:00:42.544485+00:00,1785024040,6705,321 Surrey Central/WhiteRock,15247449,5525,37,-306
2026-07-26T00:00:42.544485+00:00,1785024040,6705,321 Surrey Central/WhiteRock,15247449,10443,38,-330
2026-07-26T00:00:42.544485+00:00,1785024040,6705,321 Surrey Central/WhiteRock,15247449,5528,39,-327
2026-07-26T00:00:42.544485+00:00,1785024040,6705,321 Surrey Central/WhiteRock,15247449,5529,40,-346
2026-07-26T00:00:42.544485+00:00,1785024040,6705,321 Surrey Central/WhiteRock,15247449,5530,41,-360
2026-07-26T00:00:42.544485+00:00,1785024040,6705,321 Surrey Central/WhiteRock,15247449,5533,42,-368
2026-07-26T00:00:42.544485+00:00,1785024040,6705,321 Surrey Central/WhiteRock,15247449,5534,43,-386
2026-07-26T00:00:42.544485+00:00,1785024040,6705,321 Surrey Central/WhiteRock,15247449,5535,44,-381
2026-07-26T00:00:42.544485+00:00,1785024040,6705,321 Surrey Central/WhiteRock,15247449,5536,45,-403
2026-07-26T00:00:42.544485+00:00,1785024040,6705,321 Surrey Central/WhiteRock,15247449,5537,46,-410
2026-07-26T00:00:42.544485+00:00,1785024040,6705,321 Surrey Central/WhiteRock,15247449,5538,47,-417
2026-07-26T00:00:42.544485+00:00,1785024040,6705,321 Surrey Central/WhiteRock,15247449,5541,48,-392
2026-07-26T00:00:42.544485+00:00,1785024040,6705,321 Surrey Central/WhiteRock,15247449,5542,49,-374
2026-07-26T00:00:42.544485+00:00,1785024040,6705,321 Surrey Central/WhiteRock,15247449,6195,50,-336
2026-07-26T00:00:42.544485+00:00,1785024040,6715,351 Bridgeport/WhiteRock,15251740,4928,24,11
2026-07-26T00:00:42.544485+00:00,1785024040,6715,351 Bridgeport/WhiteRock,15251740,8282,25,10
2026-07-26T00:00:42.544485+00:00,1785024040,6715,351 Bridgeport/WhiteRock,15251763,5438,12,141
2026-07-26T00:00:42.544485+00:00,1785024040,6715,351 Bridgeport/WhiteRock,15251763,5439,13,153
2026-07-26T00:00:42.544485+00:00,1785024040,6715,351 Bridgeport/WhiteRock,15251763,5440,14,131
2026-07-26T00:00:42.544485+00:00,1785024040,6715,351 Bridgeport/WhiteRock,15251763,5441,15,156
2026-07-26T00:00:42.544485+00:00,1785024040,6715,351 Bridgeport/WhiteRock,15251763,5442,16,131
2026-07-26T00:00:42.544485+00:00,1785024040,6715,351 Bridgeport/WhiteRock,15251763,5444,17,137
2026-07-26T00:00:42.544485+00:00,1785024040,6715,351 Bridgeport/WhiteRock,15251763,9083,18,113
2026-07-26T00:00:42.544485+00:00,1785024040,6715,351 Bridgeport/WhiteRock,15251763,5446,19,117
2026-07-26T00:00:42.544485+00:00,1785024040,6715,351 Bridgeport/WhiteRock,15251763,10445,20,110
2026-07-26T00:00:42.544485+00:00,1785024040,6715,351 Bridgeport/WhiteRock,15251763,5447,21,70
2026-07-26T00:00:42.544485+00:00,1785024040,6715,351 Bridgeport/WhiteRock,15251763,5448,22,70
2026-07-26T00:00:42.544485+00:00,1785024040,6715,351 Bridgeport/WhiteRock,15251763,6194,23,80
2026-07-26T00:00:42.544485+00:00,1785024040,6715,351 Bridgeport/WhiteRock,15251763,4928,24,47
2026-07-26T00:00:42.544485+00:00,1785024040,6715,351 Bridgeport/WhiteRock,15251763,8282,25,34
2026-07-26T00:00:42.544485+00:00,1785024040,6715,351 Bridgeport/WhiteRock,15251765,8282,25,47
2026-07-26T00:00:42.544485+00:00,1785024040,6715,351 Bridgeport/WhiteRock,15251802,8283,2,147
2026-07-26T00:00:42.544485+00:00,1785024040,6715,351 Bridgeport/WhiteRock,15251802,4929,3,136
2026-07-26T00:00:42.544485+00:00,1785024040,6715,351 Bridgeport/WhiteRock,15251802,6175,4,-412
2026-07-26T00:00:42.544485+00:00,1785024040,6715,351 Bridgeport/WhiteRock,15251802,5524,5,-345
2026-07-26T00:00:42.544485+00:00,1785024040,6715,351 Bridgeport/WhiteRock,15251802,5525,6,-352
2026-07-26T00:00:42.544485+00:00,1785024040,6715,351 Bridgeport/WhiteRock,15251802,10443,7,-340
2026-07-26T00:00:42.544485+00:00,1785024040,6715,351 Bridgeport/WhiteRock,15251802,5528,8,-309
2026-07-26T00:00:42.544485+00:00,1785024040,6715,351 Bridgeport/WhiteRock,15251802,5529,9,-310
2026-07-26T00:00:42.544485+00:00,1785024040,6715,351 Bridgeport/WhiteRock,15251802,5530,10,-300
2026-07-26T00:00:42.544485+00:00,1785024040,6715,351 Bridgeport/WhiteRock,15251802,5533,11,-279
2026-07-26T00:00:42.544485+00:00,1785024040,6715,351 Bridgeport/WhiteRock,15251802,5534,12,-275
2026-07-26T00:00:42.544485+00:00,1785024040,6715,351 Bridgeport/WhiteRock,15251802,5535,13,-229
2026-07-26T00:00:42.544485+00:00,1785024040,6715,351 Bridgeport/WhiteRock,15251802,5536,14,-224
2026-07-26T00:00:42.544485+00:00,1785024040,6715,351 Bridgeport/WhiteRock,15251802,5537,15,-203
2026-07-26T00:00:42.544485+00:00,1785024040,6715,351 Bridgeport/WhiteRock,15251802,5538,16,-193
2026-07-26T00:00:42.544485+00:00,1785024040,6715,351 Bridgeport/WhiteRock,15251802,5541,17,-144
2026-07-26T00:00:42.544485+00:00,1785024040,6715,351 Bridgeport/WhiteRock,15251802,5542,18,-116
2026-07-26T00:00:42.544485+00:00,1785024040,6715,351 Bridgeport/WhiteRock,15251802,6340,19,-62
2026-07-26T00:00:42.544485+00:00,1785024040,6715,351 Bridgeport/WhiteRock,15251802,6341,20,-33
2026-07-26T00:00:42.544485+00:00,1785024040,6715,351 Bridgeport/WhiteRock,15251802,6167,21,-8
2026-07-26T00:00:42.544485+00:00,1785024040,6715,351 Bridgeport/WhiteRock,15251803,5534,12,-518
2026-07-26T00:00:42.544485+00:00,1785024040,6715,351 Bridgeport/WhiteRock,15251803,5535,13,-488
2026-07-26T00:00:42.544485+00:00,1785024040,6715,351 Bridgeport/WhiteRock,15251803,5536,14,-489
2026-07-26T00:00:42.544485+00:00,1785024040,6715,351 Bridgeport/WhiteRock,15251803,5537,15,-463
2026-07-26T00:00:42.544485+00:00,1785024040,6715,351 Bridgeport/WhiteRock,15251803,5538,16,-457
2026-07-26T00:00:42.544485+00:00,1785024040,6715,351 Bridgeport/WhiteRock,15251803,5541,17,-407
2026-07-26T00:00:42.544485+00:00,1785024040,6715,351 Bridgeport/WhiteRock,15251803,5542,18,-380
2026-07-26T00:00:42.544485+00:00,1785024040,6715,351 Bridgeport/WhiteRock,15251803,6340,19,-326
2026-07-26T00:00:42.544485+00:00,1785024040,6715,351 Bridgeport/WhiteRock,15251803,6341,20,-300
2026-07-26T00:00:42.544485+00:00,1785024040,6715,351 Bridgeport/WhiteRock,15251803,6167,21,-281
2026-07-26T00:00:42.544485+00:00,1785024040,6715,351 Bridgeport/WhiteRock,15251829,6175,4,-472
2026-07-26T00:00:42.544485+00:00,1785024040,6715,351 Bridgeport/WhiteRock,15251829,5524,5,-405
2026-07-26T00:00:42.544485+00:00,1785024040,6715,351 Bridgeport/WhiteRock,15251829,5525,6,-411
2026-07-26T00:00:42.544485+00:00,1785024040,6715,351 Bridgeport/WhiteRock,15251829,10443,7,-399
2026-07-26T00:00:42.544485+00:00,1785024040,6715,351 Bridgeport/WhiteRock,15251829,5528,8,-370
2026-07-26T00:00:42.544485+00:00,1785024040,6715,351 Bridgeport/WhiteRock,15251829,5529,9,-371
2026-07-26T00:00:42.544485+00:00,1785024040,6715,351 Bridgeport/WhiteRock,15251829,5530,10,-361
2026-07-26T00:00:42.544485+00:00,1785024040,6715,351 Bridgeport/WhiteRock,15251829,5533,11,-340
2026-07-26T00:00:42.544485+00:00,1785024040,6715,351 Bridgeport/WhiteRock,15251829,5534,12,-336
2026-07-26T00:00:42.544485+00:00,1785024040,6715,351 Bridgeport/WhiteRock,15251829,5535,13,-307
2026-07-26T00:00:42.544485+00:00,1785024040,6715,351 Bridgeport/WhiteRock,15251829,5536,14,-305
2026-07-26T00:00:42.544485+00:00,1785024040,6715,351 Bridgeport/WhiteRock,15251829,5537,15,-284
2026-07-26T00:00:42.544485+00:00,1785024040,6715,351 Bridgeport/WhiteRock,15251829,5538,16,-275
2026-07-26T00:00:42.544485+00:00,1785024040,6715,351 Bridgeport/WhiteRock,15251829,5541,17,-226
2026-07-26T00:00:42.544485+00:00,1785024040,6715,351 Bridgeport/WhiteRock,15251829,5542,18,-198
2026-07-26T00:00:42.544485+00:00,1785024040,6715,351 Bridgeport/WhiteRock,15251829,6340,19,-144
2026-07-26T00:00:42.544485+00:00,1785024040,6715,351 Bridgeport/WhiteRock,15251829,6341,20,-116
2026-07-26T00:00:42.544485+00:00,1785024040,6715,351 Bridgeport/WhiteRock,15251829,6167,21,-93
2026-07-26T00:00:42.544485+00:00,1785024040,11692,364 Langley Centre/Scottsdale,15252763,6472,39,85
2026-07-26T00:00:42.544485+00:00,1785024040,11692,364 Langley Centre/Scottsdale,15252763,6473,40,87
2026-07-26T00:00:42.544485+00:00,1785024040,11692,364 Langley Centre/Scottsdale,15252763,6474,41,94
2026-07-26T00:00:42.544485+00:00,1785024040,11692,364 Langley Centre/Scottsdale,15252763,9306,42,142
2026-07-26T00:00:42.544485+00:00,1785024040,11692,364 Langley Centre/Scottsdale,15252763,11125,43,135
2026-07-26T00:00:42.544485+00:00,1785024040,11692,364 Langley Centre/Scottsdale,15252763,9294,44,133
2026-07-26T00:00:42.544485+00:00,1785024040,11692,364 Langley Centre/Scottsdale,15252763,9293,45,126
2026-07-26T00:00:42.544485+00:00,1785024040,11692,364 Langley Centre/Scottsdale,15252763,11126,46,136
2026-07-26T00:00:42.544485+00:00,1785024040,11692,364 Langley Centre/Scottsdale,15252763,7094,47,99
2026-07-26T00:00:42.544485+00:00,1785024040,11692,364 Langley Centre/Scottsdale,15252796,11142,7,197
2026-07-26T00:00:42.544485+00:00,1785024040,11692,364 Langley Centre/Scottsdale,15252796,11139,8,182
2026-07-26T00:00:42.544485+00:00,1785024040,11692,364 Langley Centre/Scottsdale,15252796,11156,9,164
2026-07-26T00:00:42.544485+00:00,1785024040,11692,364 Langley Centre/Scottsdale,15252796,5583,10,172
2026-07-26T00:00:42.544485+00:00,1785024040,11692,364 Langley Centre/Scottsdale,15252796,5584,11,141
2026-07-26T00:00:42.544485+00:00,1785024040,11692,364 Langley Centre/Scottsdale,15252796,6464,12,128
2026-07-26T00:00:42.544485+00:00,1785024040,11692,364 Langley Centre/Scottsdale,15252796,6465,13,105
2026-07-26T00:00:42.544485+00:00,1785024040,11692,364 Langley Centre/Scottsdale,15252796,11074,14,143
2026-07-26T00:00:42.544485+00:00,1785024040,11692,364 Langley Centre/Scottsdale,15252796,11153,15,112
2026-07-26T00:00:42.544485+00:00,1785024040,11692,364 Langley Centre/Scottsdale,15252796,11150,16,72
2026-07-26T00:00:42.544485+00:00,1785024040,11692,364 Langley Centre/Scottsdale,15252796,11148,17,55
2026-07-26T00:00:42.544485+00:00,1785024040,11692,364 Langley Centre/Scottsdale,15252796,11124,18,64
2026-07-26T00:00:42.544485+00:00,1785024040,11692,364 Langley Centre/Scottsdale,15252796,11140,19,26
2026-07-26T00:00:42.544485+00:00,1785024040,11692,364 Langley Centre/Scottsdale,15252796,11145,20,14
2026-07-26T00:00:42.544485+00:00,1785024040,11692,364 Langley Centre/Scottsdale,15252796,11076,21,0
2026-07-26T00:00:42.544485+00:00,1785024040,11692,364 Langley Centre/Scottsdale,15252796,12645,22,-212
2026-07-26T00:00:42.544485+00:00,1785024040,11692,364 Langley Centre/Scottsdale,15252796,9525,23,-214
2026-07-26T00:00:42.544485+00:00,1785024040,11692,364 Langley Centre/Scottsdale,15252796,10148,24,-200
2026-07-26T00:00:42.544485+00:00,1785024040,11692,364 Langley Centre/Scottsdale,15252796,10585,25,-222
2026-07-26T00:00:42.544485+00:00,1785024040,11692,364 Langley Centre/Scottsdale,15252796,10250,26,-232
2026-07-26T00:00:42.544485+00:00,1785024040,11692,364 Langley Centre/Scottsdale,15252796,10588,27,-240
2026-07-26T00:00:42.544485+00:00,1785024040,11692,364 Langley Centre/Scottsdale,15252796,10248,28,-217
2026-07-26T00:00:42.544485+00:00,1785024040,11692,364 Langley Centre/Scottsdale,15252796,10726,29,-212
2026-07-26T00:00:42.544485+00:00,1785024040,11692,364 Langley Centre/Scottsdale,15252796,10725,30,-226
2026-07-26T00:00:42.544485+00:00,1785024040,11692,364 Langley Centre/Scottsdale,15252796,10727,31,-242
2026-07-26T00:00:42.544485+00:00,1785024040,11692,364 Langley Centre/Scottsdale,15252796,10251,32,-249
2026-07-26T00:00:42.544485+00:00,1785024040,11692,364 Langley Centre/Scottsdale,15252796,10252,33,-272
2026-07-26T00:00:42.544485+00:00,1785024040,11692,364 Langley Centre/Scottsdale,15252796,10253,34,-281
2026-07-26T00:00:42.544485+00:00,1785024040,11692,364 Langley Centre/Scottsdale,15252796,10255,35,-299
2026-07-26T00:00:42.544485+00:00,1785024040,11692,364 Langley Centre/Scottsdale,15252796,5332,36,-263
2026-07-26T00:00:42.544485+00:00,1785024040,11692,364 Langley Centre/Scottsdale,15252796,12497,37,-289
2026-07-26T00:00:42.544485+00:00,1785024040,11692,364 Langley Centre/Scottsdale,15252796,5334,38,-293
2026-07-26T00:00:42.544485+00:00,1785024040,11692,364 Langley Centre/Scottsdale,15252796,6472,39,-280
2026-07-26T00:00:42.544485+00:00,1785024040,11692,364 Langley Centre/Scottsdale,15252796,6473,40,-277
2026-07-26T00:00:42.544485+00:00,1785024040,11692,364 Langley Centre/Scottsdale,15252796,6474,41,-272
2026-07-26T00:00:42.544485+00:00,1785024040,11692,364 Langley Centre/Scottsdale,15252796,9306,42,-223
2026-07-26T00:00:42.544485+00:00,1785024040,11692,364 Langley Centre/Scottsdale,15252796,11125,43,-226
2026-07-26T00:00:42.544485+00:00,1785024040,11692,364 Langley Centre/Scottsdale,15252796,9294,44,-232
2026-07-26T00:00:42.544485+00:00,1785024040,11692,364 Langley Centre/Scottsdale,15252796,9293,45,-240
2026-07-26T00:00:42.544485+00:00,1785024040,11692,364 Langley Centre/Scottsdale,15252796,11126,46,-230
2026-07-26T00:00:42.544485+00:00,1785024040,11692,364 Langley Centre/Scottsdale,15252796,7094,47,-267
2026-07-26T00:00:42.544485+00:00,1785024040,11692,364 Langley Centre/Scottsdale,15252799,12645,22,-167
2026-07-26T00:00:42.544485+00:00,1785024040,11692,364 Langley Centre/Scottsdale,15252799,9525,23,-167
2026-07-26T00:00:42.544485+00:00,1785024040,11692,364 Langley Centre/Scottsdale,15252799,10148,24,-153
2026-07-26T00:00:42.544485+00:00,1785024040,11692,364 Langley Centre/Scottsdale,15252799,10585,25,-174
2026-07-26T00:00:42.544485+00:00,1785024040,11692,364 Langley Centre/Scottsdale,15252799,10250,26,-184
2026-07-26T00:00:42.544485+00:00,1785024040,11692,364 Langley Centre/Scottsdale,15252799,10588,27,-192
2026-07-26T00:00:42.544485+00:00,1785024040,11692,364 Langley Centre/Scottsdale,15252799,10248,28,-169
2026-07-26T00:00:42.544485+00:00,1785024040,11692,364 Langley Centre/Scottsdale,15252799,10726,29,-161
2026-07-26T00:00:42.544485+00:00,1785024040,11692,364 Langley Centre/Scottsdale,15252799,10725,30,-173
2026-07-26T00:00:42.544485+00:00,1785024040,11692,364 Langley Centre/Scottsdale,15252799,10727,31,-188
2026-07-26T00:00:42.544485+00:00,1785024040,11692,364 Langley Centre/Scottsdale,15252799,10251,32,-194
2026-07-26T00:00:42.544485+00:00,1785024040,11692,364 Langley Centre/Scottsdale,15252799,10252,33,-214
2026-07-26T00:00:42.544485+00:00,1785024040,11692,364 Langley Centre/Scottsdale,15252799,10253,34,-223
2026-07-26T00:00:42.544485+00:00,1785024040,11692,364 Langley Centre/Scottsdale,15252799,10255,35,-241
2026-07-26T00:00:42.544485+00:00,1785024040,11692,364 Langley Centre/Scottsdale,15252799,5332,36,-205
2026-07-26T00:00:42.544485+00:00,1785024040,11692,364 Langley Centre/Scottsdale,15252799,12497,37,-232
2026-07-26T00:00:42.544485+00:00,1785024040,11692,364 Langley Centre/Scottsdale,15252799,5334,38,-237
2026-07-26T00:00:42.544485+00:00,1785024040,11692,364 Langley Centre/Scottsdale,15252799,6472,39,-224
2026-07-26T00:00:42.544485+00:00,1785024040,11692,364 Langley Centre/Scottsdale,15252799,6473,40,-222
2026-07-26T00:00:42.544485+00:00,1785024040,11692,364 Langley Centre/Scottsdale,15252799,6474,41,-217
2026-07-26T00:00:42.544485+00:00,1785024040,11692,364 Langley Centre/Scottsdale,15252799,9306,42,-165
2026-07-26T00:00:42.544485+00:00,1785024040,11692,364 Langley Centre/Scottsdale,15252799,11125,43,-164
2026-07-26T00:00:42.544485+00:00,1785024040,11692,364 Langley Centre/Scottsdale,15252799,9294,44,-149
2026-07-26T00:00:42.544485+00:00,1785024040,11692,364 Langley Centre/Scottsdale,15252799,9293,45,-159
2026-07-26T00:00:42.544485+00:00,1785024040,11692,364 Langley Centre/Scottsdale,15252799,11126,46,-149
2026-07-26T00:00:42.544485+00:00,1785024040,11692,364 Langley Centre/Scottsdale,15252799,7094,47,-186
2026-07-26T00:00:42.544485+00:00,1785024040,11692,364 Langley Centre/Scottsdale,15252821,4917,48,308
2026-07-26T00:00:42.544485+00:00,1785024040,11692,364 Langley Centre/Scottsdale,15252822,10261,24,21
2026-07-26T00:00:42.544485+00:00,1785024040,11692,364 Langley Centre/Scottsdale,15252822,10586,25,-12
2026-07-26T00:00:42.544485+00:00,1785024040,11692,364 Langley Centre/Scottsdale,15252822,9547,26,14
2026-07-26T00:00:42.544485+00:00,1785024040,11692,364 Langley Centre/Scottsdale,15252822,9526,27,-14
2026-07-26T00:00:42.544485+00:00,1785024040,11692,364 Langley Centre/Scottsdale,15252822,12646,28,-27
2026-07-26T00:00:42.544485+00:00,1785024040,11692,364 Langley Centre/Scottsdale,15252822,11075,29,-163
2026-07-26T00:00:42.544485+00:00,1785024040,11692,364 Langley Centre/Scottsdale,15252822,11174,30,-184
2026-07-26T00:00:42.544485+00:00,1785024040,11692,364 Langley Centre/Scottsdale,15252822,11175,31,-210
2026-07-26T00:00:42.544485+00:00,1785024040,11692,364 Langley Centre/Scottsdale,15252822,11123,32,-207
2026-07-26T00:00:42.544485+00:00,1785024040,11692,364 Langley Centre/Scottsdale,15252822,11176,33,-198
2026-07-26T00:00:42.544485+00:00,1785024040,11692,364 Langley Centre/Scottsdale,15252822,11177,34,-223
2026-07-26T00:00:42.544485+00:00,1785024040,11692,364 Langley Centre/Scottsdale,15252822,11178,35,-248
2026-07-26T00:00:42.544485+00:00,1785024040,11692,364 Langley Centre/Scottsdale,15252822,6459,36,-153
2026-07-26T00:00:42.544485+00:00,1785024040,11692,364 Langley Centre/Scottsdale,15252822,6460,37,-155
2026-07-26T00:00:42.544485+00:00,1785024040,11692,364 Langley Centre/Scottsdale,15252822,5621,38,-148
2026-07-26T00:00:42.544485+00:00,1785024040,11692,364 Langley Centre/Scottsdale,15252822,5622,39,-166
2026-07-26T00:00:42.544485+00:00,1785024040,11692,364 Langley Centre/Scottsdale,15252822,11122,40,-125
2026-07-26T00:00:42.544485+00:00,1785024040,11692,364 Langley Centre/Scottsdale,15252822,11155,41,-136
2026-07-26T00:00:42.544485+00:00,1785024040,11692,364 Langley Centre/Scottsdale,15252822,11143,42,-136
2026-07-26T00:00:42.544485+00:00,1785024040,11692,364 Langley Centre/Scottsdale,15252822,11141,43,-162
2026-07-26T00:00:42.544485+00:00,1785024040,11692,364 Langley Centre/Scottsdale,15252822,4936,44,-137
2026-07-26T00:00:42.544485+00:00,1785024040,11692,364 Langley Centre/Scottsdale,15252822,4937,45,-150
2026-07-26T00:00:42.544485+00:00,1785024040,11692,364 Langley Centre/Scottsdale,15252822,4938,46,-166
2026-07-26T00:00:42.544485+00:00,1785024040,11692,364 Langley Centre/Scottsdale,15252822,5229,47,-153
2026-07-26T00:00:42.544485+00:00,1785024040,11692,364 Langley Centre/Scottsdale,15252822,4917,48,-77
2026-07-26T00:00:42.544485+00:00,1785024040,11692,364 Langley Centre/Scottsdale,15252824,9303,7,-60
2026-07-26T00:00:42.544485+00:00,1785024040,11692,364 Langley Centre/Scottsdale,15252824,9304,8,-75
2026-07-26T00:00:42.544485+00:00,1785024040,11692,364 Langley Centre/Scottsdale,15252824,6475,9,-35
2026-07-26T00:00:42.544485+00:00,1785024040,11692,364 Langley Centre/Scottsdale,15252824,6476,10,-59
2026-07-26T00:00:42.544485+00:00,1785024040,11692,364 Langley Centre/Scottsdale,15252824,5381,11,-69
2026-07-26T00:00:42.544485+00:00,1785024040,11692,364 Langley Centre/Scottsdale,15252824,12496,12,-68
2026-07-26T00:00:42.544485+00:00,1785024040,11692,364 Langley Centre/Scottsdale,15252824,5382,13,-85
2026-07-26T00:00:42.544485+00:00,1785024040,11692,364 Langley Centre/Scottsdale,15252824,12516,14,43
2026-07-26T00:00:42.544485+00:00,1785024040,11692,364 Langley Centre/Scottsdale,15252824,10257,15,4
2026-07-26T00:00:42.544485+00:00,1785024040,11692,364 Langley Centre/Scottsdale,15252824,10258,16,-11
2026-07-26T00:00:42.544485+00:00,1785024040,11692,364 Langley Centre/Scottsdale,15252824,10259,17,-53
2026-07-26T00:00:42.544485+00:00,1785024040,11692,364 Langley Centre/Scottsdale,15252824,10260,18,0
2026-07-26T00:00:42.544485+00:00,1785024040,11692,364 Langley Centre/Scottsdale,15252824,10729,19,-42
2026-07-26T00:00:42.544485+00:00,1785024040,11692,364 Langley Centre/Scottsdale,15252824,13067,20,-63
2026-07-26T00:00:42.544485+00:00,1785024040,11692,364 Langley Centre/Scottsdale,15252824,10633,21,-88
2026-07-26T00:00:42.544485+00:00,1785024040,11692,364 Langley Centre/Scottsdale,15252824,10149,22,-55
2026-07-26T00:00:42.544485+00:00,1785024040,11692,364 Langley Centre/Scottsdale,15252824,10587,23,-72
2026-07-26T00:00:42.544485+00:00,1785024040,11692,364 Langley Centre/Scottsdale,15252824,10261,24,-101
2026-07-26T00:00:42.544485+00:00,1785024040,11692,364 Langley Centre/Scottsdale,15252824,10586,25,-134
2026-07-26T00:00:42.544485+00:00,1785024040,11692,364 Langley Centre/Scottsdale,15252824,9547,26,-108
2026-07-26T00:00:42.544485+00:00,1785024040,11692,364 Langley Centre/Scottsdale,15252824,9526,27,-135
2026-07-26T00:00:42.544485+00:00,1785024040,11692,364 Langley Centre/Scottsdale,15252824,12646,28,-147
2026-07-26T00:00:42.544485+00:00,1785024040,11692,364 Langley Centre/Scottsdale,15252824,11075,29,-282
2026-07-26T00:00:42.544485+00:00,1785024040,11692,364 Langley Centre/Scottsdale,15252824,11174,30,-303
2026-07-26T00:00:42.544485+00:00,1785024040,11692,364 Langley Centre/Scottsdale,15252824,11175,31,-329
2026-07-26T00:00:42.544485+00:00,1785024040,11692,364 Langley Centre/Scottsdale,15252824,11123,32,-325
2026-07-26T00:00:42.544485+00:00,1785024040,11692,364 Langley Centre/Scottsdale,15252824,11176,33,-316
2026-07-26T00:00:42.544485+00:00,1785024040,11692,364 Langley Centre/Scottsdale,15252824,11177,34,-340
2026-07-26T00:00:42.544485+00:00,1785024040,11692,364 Langley Centre/Scottsdale,15252824,11178,35,-363
2026-07-26T00:00:42.544485+00:00,1785024040,11692,364 Langley Centre/Scottsdale,15252824,6459,36,-267
2026-07-26T00:00:42.544485+00:00,1785024040,11692,364 Langley Centre/Scottsdale,15252824,6460,37,-269
2026-07-26T00:00:42.544485+00:00,1785024040,11692,364 Langley Centre/Scottsdale,15252824,5621,38,-262
2026-07-26T00:00:42.544485+00:00,1785024040,11692,364 Langley Centre/Scottsdale,15252824,5622,39,-280
2026-07-26T00:00:42.544485+00:00,1785024040,11692,364 Langley Centre/Scottsdale,15252824,11122,40,-239
2026-07-26T00:00:42.544485+00:00,1785024040,11692,364 Langley Centre/Scottsdale,15252824,11155,41,-249
2026-07-26T00:00:42.544485+00:00,1785024040,11692,364 Langley Centre/Scottsdale,15252824,11143,42,-249
2026-07-26T00:00:42.544485+00:00,1785024040,11692,364 Langley Centre/Scottsdale,15252824,11141,43,-275
2026-07-26T00:00:42.544485+00:00,1785024040,11692,364 Langley Centre/Scottsdale,15252824,4936,44,-252
2026-07-26T00:00:42.544485+00:00,1785024040,11692,364 Langley Centre/Scottsdale,15252824,4937,45,-268
2026-07-26T00:00:42.544485+00:00,1785024040,11692,364 Langley Centre/Scottsdale,15252824,4938,46,-287
2026-07-26T00:00:42.544485+00:00,1785024040,11692,364 Langley Centre/Scottsdale,15252824,5229,47,-279
2026-07-26T00:00:42.544485+00:00,1785024040,11692,364 Langley Centre/Scottsdale,15252824,4917,48,-205
2026-07-26T00:00:42.544485+00:00,1785024040,11692,364 Langley Centre/Scottsdale,15252840,6459,36,4
2026-07-26T00:00:42.544485+00:00,1785024040,11692,364 Langley Centre/Scottsdale,15252840,6460,37,3
2026-07-26T00:00:42.544485+00:00,1785024040,11692,364 Langley Centre/Scottsdale,15252840,5621,38,10
2026-07-26T00:00:42.544485+00:00,1785024040,11692,364 Langley Centre/Scottsdale,15252840,5622,39,-7
2026-07-26T00:00:42.544485+00:00,1785024040,11692,364 Langley Centre/Scottsdale,15252840,11122,40,34
2026-07-26T00:00:42.544485+00:00,1785024040,11692,364 Langley Centre/Scottsdale,15252840,11155,41,24
2026-07-26T00:00:42.544485+00:00,1785024040,11692,364 Langley Centre/Scottsdale,15252840,11143,42,24
2026-07-26T00:00:42.544485+00:00,1785024040,11692,364 Langley Centre/Scottsdale,15252840,11141,43,-2
2026-07-26T00:00:42.544485+00:00,1785024040,11692,364 Langley Centre/Scottsdale,15252840,4936,44,21
2026-07-26T00:00:42.544485+00:00,1785024040,11692,364 Langley Centre/Scottsdale,15252840,4937,45,6
2026-07-26T00:00:42.544485+00:00,1785024040,11692,364 Langley Centre/Scottsdale,15252840,4938,46,-12
2026-07-26T00:00:42.544485+00:00,1785024040,11692,364 Langley Centre/Scottsdale,15252840,5229,47,-3
2026-07-26T00:00:42.544485+00:00,1785024040,11692,364 Langley Centre/Scottsdale,15252840,4917,48,71
2026-07-26T00:00:42.544485+00:00,1785024040,11692,364 Langley Centre/Scottsdale,15252841,7096,2,-762
2026-07-26T00:00:42.544485+00:00,1785024040,11692,364 Langley Centre/Scottsdale,15252841,7093,3,-759
2026-07-26T00:00:42.544485+00:00,1785024040,11692,364 Langley Centre/Scottsdale,15252841,9291,4,-870
2026-07-26T00:00:42.544485+00:00,1785024040,11692,364 Langley Centre/Scottsdale,15252841,9292,5,-884
2026-07-26T00:00:42.544485+00:00,1785024040,11692,364 Langley Centre/Scottsdale,15252841,11264,6,-881
2026-07-26T00:00:42.544485+00:00,1785024040,11692,364 Langley Centre/Scottsdale,15252841,9303,7,-882
2026-07-26T00:00:42.544485+00:00,1785024040,11692,364 Langley Centre/Scottsdale,15252841,9304,8,-893
2026-07-26T00:00:42.544485+00:00,1785024040,11692,364 Langley Centre/Scottsdale,15252841,6475,9,-853
2026-07-26T00:00:42.544485+00:00,1785024040,11692,364 Langley Centre/Scottsdale,15252841,6476,10,-874
2026-07-26T00:00:42.544485+00:00,1785024040,11692,364 Langley Centre/Scottsdale,15252841,5381,11,-883
2026-07-26T00:00:42.544485+00:00,1785024040,11692,364 Langley Centre/Scottsdale,15252841,12496,12,-882
2026-07-26T00:00:42.544485+00:00,1785024040,11692,364 Langley Centre/Scottsdale,15252841,5382,13,-899
2026-07-26T00:00:42.544485+00:00,1785024040,11692,364 Langley Centre/Scottsdale,15252841,12516,14,-770
2026-07-26T00:00:42.544485+00:00,1785024040,11692,364 Langley Centre/Scottsdale,15252841,10257,15,-809
2026-07-26T00:00:42.544485+00:00,1785024040,11692,364 Langley Centre/Scottsdale,15252841,10258,16,-823
2026-07-26T00:00:42.544485+00:00,1785024040,11692,364 Langley Centre/Scottsdale,15252841,10259,17,-866
2026-07-26T00:00:42.544485+00:00,1785024040,11692,364 Langley Centre/Scottsdale,15252841,10260,18,0
2026-07-26T00:00:42.544485+00:00,1785024040,11692,364 Langley Centre/Scottsdale,15252841,10729,19,-42
2026-07-26T00:00:42.544485+00:00,1785024040,11692,364 Langley Centre/Scottsdale,15252841,13067,20,-63
2026-07-26T00:00:42.544485+00:00,1785024040,11692,364 Langley Centre/Scottsdale,15252841,10633,21,-88
2026-07-26T00:00:42.544485+00:00,1785024040,11692,364 Langley Centre/Scottsdale,15252841,10149,22,-55
2026-07-26T00:00:42.544485+00:00,1785024040,11692,364 Langley Centre/Scottsdale,15252841,10587,23,-72
2026-07-26T00:00:42.544485+00:00,1785024040,11692,364 Langley Centre/Scottsdale,15252841,10261,24,-102
2026-07-26T00:00:42.544485+00:00,1785024040,11692,364 Langley Centre/Scottsdale,15252841,10586,25,-134
2026-07-26T00:00:42.544485+00:00,1785024040,11692,364 Langley Centre/Scottsdale,15252841,9547,26,-108
2026-07-26T00:00:42.544485+00:00,1785024040,11692,364 Langley Centre/Scottsdale,15252841,9526,27,-134
2026-07-26T00:00:42.544485+00:00,1785024040,11692,364 Langley Centre/Scottsdale,15252841,12646,28,-147
2026-07-26T00:00:42.544485+00:00,1785024040,11692,364 Langley Centre/Scottsdale,15252841,11075,29,-281
2026-07-26T00:00:42.544485+00:00,1785024040,11692,364 Langley Centre/Scottsdale,15252841,11174,30,-302
2026-07-26T00:00:42.544485+00:00,1785024040,11692,364 Langley Centre/Scottsdale,15252841,11175,31,-329
2026-07-26T00:00:42.544485+00:00,1785024040,11692,364 Langley Centre/Scottsdale,15252841,11123,32,-325
2026-07-26T00:00:42.544485+00:00,1785024040,11692,364 Langley Centre/Scottsdale,15252841,11176,33,-316
2026-07-26T00:00:42.544485+00:00,1785024040,11692,364 Langley Centre/Scottsdale,15252841,11177,34,-341
2026-07-26T00:00:42.544485+00:00,1785024040,11692,364 Langley Centre/Scottsdale,15252841,11178,35,-365
2026-07-26T00:00:42.544485+00:00,1785024040,11692,364 Langley Centre/Scottsdale,15252841,6459,36,-269
2026-07-26T00:00:42.544485+00:00,1785024040,11692,364 Langley Centre/Scottsdale,15252841,6460,37,-270
2026-07-26T00:00:42.544485+00:00,1785024040,11692,364 Langley Centre/Scottsdale,15252841,5621,38,-263
2026-07-26T00:00:42.544485+00:00,1785024040,11692,364 Langley Centre/Scottsdale,15252841,5622,39,-280
2026-07-26T00:00:42.544485+00:00,1785024040,11692,364 Langley Centre/Scottsdale,15252841,11122,40,-240
2026-07-26T00:00:42.544485+00:00,1785024040,11692,364 Langley Centre/Scottsdale,15252841,11155,41,-248
2026-07-26T00:00:42.544485+00:00,1785024040,11692,364 Langley Centre/Scottsdale,15252841,11143,42,-248
2026-07-26T00:00:42.544485+00:00,1785024040,11692,364 Langley Centre/Scottsdale,15252841,11141,43,-274
2026-07-26T00:00:42.544485+00:00,1785024040,11692,364 Langley Centre/Scottsdale,15252841,4936,44,-252
2026-07-26T00:00:42.544485+00:00,1785024040,11692,364 Langley Centre/Scottsdale,15252841,4937,45,-264
2026-07-26T00:00:42.544485+00:00,1785024040,11692,364 Langley Centre/Scottsdale,15252841,4938,46,-281
2026-07-26T00:00:42.544485+00:00,1785024040,11692,364 Langley Centre/Scottsdale,15252841,5229,47,-269
2026-07-26T00:00:42.544485+00:00,1785024040,11692,364 Langley Centre/Scottsdale,15252841,4917,48,-197
2026-07-26T00:00:42.544485+00:00,1785024040,18705,531 WhiteRock/WillowBrook,15259245,5341,42,-287
2026-07-26T00:00:42.544485+00:00,1785024040,18705,531 WhiteRock/WillowBrook,15259245,5342,43,-319
2026-07-26T00:00:42.544485+00:00,1785024040,18705,531 WhiteRock/WillowBrook,15259245,12293,44,-306
2026-07-26T00:00:42.544485+00:00,1785024040,18705,531 WhiteRock/WillowBrook,15259245,12173,45,-246
2026-07-26T00:00:42.544485+00:00,1785024040,18705,531 WhiteRock/WillowBrook,15259245,9291,46,-291
2026-07-26T00:00:42.544485+00:00,1785024040,18705,531 WhiteRock/WillowBrook,15259245,9292,47,-291
2026-07-26T00:00:42.544485+00:00,1785024040,18705,531 WhiteRock/WillowBrook,15259245,11264,48,-285
2026-07-26T00:00:42.544485+00:00,1785024040,18705,531 WhiteRock/WillowBrook,15259245,9303,49,-277
2026-07-26T00:00:42.544485+00:00,1785024040,18705,531 WhiteRock/WillowBrook,15259245,9304,50,-279
2026-07-26T00:00:42.544485+00:00,1785024040,18705,531 WhiteRock/WillowBrook,15259245,6475,51,-227
2026-07-26T00:00:42.544485+00:00,1785024040,18705,531 WhiteRock/WillowBrook,15259245,6476,52,-234
2026-07-26T00:00:42.544485+00:00,1785024040,18705,531 WhiteRock/WillowBrook,15259245,5335,53,-224
2026-07-26T00:00:42.544485+00:00,1785024040,18705,531 WhiteRock/WillowBrook,15259245,7100,54,-182
2026-07-26T00:00:42.544485+00:00,1785024040,18705,531 WhiteRock/WillowBrook,15259246,12379,12,99
2026-07-26T00:00:42.544485+00:00,1785024040,18705,531 WhiteRock/WillowBrook,15259246,11738,13,79
2026-07-26T00:00:42.544485+00:00,1785024040,18705,531 WhiteRock/WillowBrook,15259246,11743,14,53
2026-07-26T00:00:42.544485+00:00,1785024040,18705,531 WhiteRock/WillowBrook,15259246,12306,15,-3
2026-07-26T00:00:42.544485+00:00,1785024040,18705,531 WhiteRock/WillowBrook,15259246,12218,16,-46
2026-07-26T00:00:42.544485+00:00,1785024040,18705,531 WhiteRock/WillowBrook,15259246,11924,17,-105
2026-07-26T00:00:42.544485+00:00,1785024040,18705,531 WhiteRock/WillowBrook,15259246,13131,18,-138
2026-07-26T00:00:42.544485+00:00,1785024040,18705,531 WhiteRock/WillowBrook,15259246,11923,19,-162
2026-07-26T00:00:42.544485+00:00,1785024040,18705,531 WhiteRock/WillowBrook,15259246,12597,20,-227
2026-07-26T00:00:42.544485+00:00,1785024040,18705,531 WhiteRock/WillowBrook,15259246,11922,21,-244
2026-07-26T00:00:42.544485+00:00,1785024040,18705,531 WhiteRock/WillowBrook,15259246,11744,22,-239
2026-07-26T00:00:42.544485+00:00,1785024040,18705,531 WhiteRock/WillowBrook,15259246,11839,23,-265
2026-07-26T00:00:42.544485+00:00,1785024040,18705,531 WhiteRock/WillowBrook,15259246,12922,24,-296
2026-07-26T00:00:42.544485+00:00,1785024040,18705,531 WhiteRock/WillowBrook,15259246,12923,25,-325
2026-07-26T00:00:42.544485+00:00,1785024040,18705,531 WhiteRock/WillowBrook,15259246,12925,26,-334
2026-07-26T00:00:42.544485+00:00,1785024040,18705,531 WhiteRock/WillowBrook,15259246,12928,27,-362
2026-07-26T00:00:42.544485+00:00,1785024040,18705,531 WhiteRock/WillowBrook,15259246,12930,28,-383
2026-07-26T00:00:42.544485+00:00,1785024040,18705,531 WhiteRock/WillowBrook,15259246,13042,29,-406
2026-07-26T00:00:42.544485+00:00,1785024040,18705,531 WhiteRock/WillowBrook,15259246,8936,30,-402
2026-07-26T00:00:42.544485+00:00,1785024040,18705,531 WhiteRock/WillowBrook,15259246,9030,31,-413
2026-07-26T00:00:42.544485+00:00,1785024040,18705,531 WhiteRock/WillowBrook,15259246,8937,32,-430
2026-07-26T00:00:42.544485+00:00,1785024040,18705,531 WhiteRock/WillowBrook,15259246,8938,33,-430
2026-07-26T00:00:42.544485+00:00,1785024040,18705,531 WhiteRock/WillowBrook,15259246,7081,34,-434
2026-07-26T00:00:42.544485+00:00,1785024040,18705,531 WhiteRock/WillowBrook,15259246,7082,35,-440
2026-07-26T00:00:42.544485+00:00,1785024040,18705,531 WhiteRock/WillowBrook,15259246,7083,36,-463
2026-07-26T00:00:42.544485+00:00,1785024040,18705,531 WhiteRock/WillowBrook,15259246,7084,37,-479
2026-07-26T00:00:42.544485+00:00,1785024040,18705,531 WhiteRock/WillowBrook,15259246,7085,38,-508
2026-07-26T00:00:42.544485+00:00,1785024040,18705,531 WhiteRock/WillowBrook,15259246,8939,39,-517
2026-07-26T00:00:42.544485+00:00,1785024040,18705,531 WhiteRock/WillowBrook,15259246,7086,40,-527
2026-07-26T00:00:42.544485+00:00,1785024040,18705,531 WhiteRock/WillowBrook,15259246,8940,41,-550
2026-07-26T00:00:42.544485+00:00,1785024040,18705,531 WhiteRock/WillowBrook,15259246,5341,42,-555
2026-07-26T00:00:42.544485+00:00,1785024040,18705,531 WhiteRock/WillowBrook,15259246,5342,43,-550
2026-07-26T00:00:42.544485+00:00,1785024040,18705,531 WhiteRock/WillowBrook,15259246,12293,44,-534
2026-07-26T00:00:42.544485+00:00,1785024040,18705,531 WhiteRock/WillowBrook,15259246,12173,45,-468
2026-07-26T00:00:42.544485+00:00,1785024040,18705,531 WhiteRock/WillowBrook,15259246,9291,46,-501
2026-07-26T00:00:42.544485+00:00,1785024040,18705,531 WhiteRock/WillowBrook,15259246,9292,47,-504
2026-07-26T00:00:42.544485+00:00,1785024040,18705,531 WhiteRock/WillowBrook,15259246,11264,48,-490
2026-07-26T00:00:42.544485+00:00,1785024040,18705,531 WhiteRock/WillowBrook,15259246,9303,49,-491
2026-07-26T00:00:42.544485+00:00,1785024040,18705,531 WhiteRock/WillowBrook,15259246,9304,50,-494
2026-07-26T00:00:42.544485+00:00,1785024040,18705,531 WhiteRock/WillowBrook,15259246,6475,51,-444
2026-07-26T00:00:42.544485+00:00,1785024040,18705,531 WhiteRock/WillowBrook,15259246,6476,52,-453
2026-07-26T00:00:42.544485+00:00,1785024040,18705,531 WhiteRock/WillowBrook,15259246,5335,53,-442
2026-07-26T00:00:42.544485+00:00,1785024040,18705,531 WhiteRock/WillowBrook,15259246,7100,54,-400
2026-07-26T00:00:42.544485+00:00,1785024040,18705,531 WhiteRock/WillowBrook,15259247,13013,1,0
2026-07-26T00:00:42.544485+00:00,1785024040,18705,531 WhiteRock/WillowBrook,15259247,5437,2,0
2026-07-26T00:00:42.544485+00:00,1785024040,18705,531 WhiteRock/WillowBrook,15259247,5438,3,0
2026-07-26T00:00:42.544485+00:00,1785024040,18705,531 WhiteRock/WillowBrook,15259247,5439,4,0
2026-07-26T00:00:42.544485+00:00,1785024040,18705,531 WhiteRock/WillowBrook,15259247,5440,5,0
2026-07-26T00:00:42.544485+00:00,1785024040,18705,531 WhiteRock/WillowBrook,15259247,11755,6,0
2026-07-26T00:00:42.544485+00:00,1785024040,18705,531 WhiteRock/WillowBrook,15259247,11734,7,0
2026-07-26T00:00:42.544485+00:00,1785024040,18705,531 WhiteRock/WillowBrook,15259247,10856,8,0
2026-07-26T00:00:42.544485+00:00,1785024040,18705,531 WhiteRock/WillowBrook,15259247,11583,9,0
2026-07-26T00:00:42.544485+00:00,1785024040,18705,531 WhiteRock/WillowBrook,15259247,11574,10,0
2026-07-26T00:00:42.544485+00:00,1785024040,18705,531 WhiteRock/WillowBrook,15259247,11736,11,0
2026-07-26T00:00:42.544485+00:00,1785024040,18705,531 WhiteRock/WillowBrook,15259247,12379,12,0
2026-07-26T00:00:42.544485+00:00,1785024040,18705,531 WhiteRock/WillowBrook,15259247,11738,13,0
2026-07-26T00:00:42.544485+00:00,1785024040,18705,531 WhiteRock/WillowBrook,15259247,11743,14,0
2026-07-26T00:00:42.544485+00:00,1785024040,18705,531 WhiteRock/WillowBrook,15259247,12306,15,0
2026-07-26T00:00:42.544485+00:00,1785024040,18705,531 WhiteRock/WillowBrook,15259247,12218,16,0
2026-07-26T00:00:42.544485+00:00,1785024040,18705,531 WhiteRock/WillowBrook,15259247,11924,17,0
2026-07-26T00:00:42.544485+00:00,1785024040,18705,531 WhiteRock/WillowBrook,15259247,13131,18,0
2026-07-26T00:00:42.544485+00:00,1785024040,18705,531 WhiteRock/WillowBrook,15259247,11923,19,0
2026-07-26T00:00:42.544485+00:00,1785024040,18705,531 WhiteRock/WillowBrook,15259247,12597,20,0
2026-07-26T00:00:42.544485+00:00,1785024040,18705,531 WhiteRock/WillowBrook,15259247,11922,21,0
2026-07-26T00:00:42.544485+00:00,1785024040,18705,531 WhiteRock/WillowBrook,15259247,11744,22,0
2026-07-26T00:00:42.544485+00:00,1785024040,18705,531 WhiteRock/WillowBrook,15259247,11839,23,0
2026-07-26T00:00:42.544485+00:00,1785024040,18705,531 WhiteRock/WillowBrook,15259247,12922,24,0
2026-07-26T00:00:42.544485+00:00,1785024040,18705,531 WhiteRock/WillowBrook,15259247,12923,25,0
2026-07-26T00:00:42.544485+00:00,1785024040,18705,531 WhiteRock/WillowBrook,15259247,12925,26,0
2026-07-26T00:00:42.544485+00:00,1785024040,18705,531 WhiteRock/WillowBrook,15259247,12928,27,0
2026-07-26T00:00:42.544485+00:00,1785024040,18705,531 WhiteRock/WillowBrook,15259247,12930,28,0
2026-07-26T00:00:42.544485+00:00,1785024040,18705,531 WhiteRock/WillowBrook,15259247,13042,29,0
2026-07-26T00:00:42.544485+00:00,1785024040,18705,531 WhiteRock/WillowBrook,15259247,8936,30,0
2026-07-26T00:00:42.544485+00:00,1785024040,18705,531 WhiteRock/WillowBrook,15259247,9030,31,0
2026-07-26T00:00:42.544485+00:00,1785024040,18705,531 WhiteRock/WillowBrook,15259247,8937,32,0
2026-07-26T00:00:42.544485+00:00,1785024040,18705,531 WhiteRock/WillowBrook,15259247,8938,33,0
2026-07-26T00:00:42.544485+00:00,1785024040,18705,531 WhiteRock/WillowBrook,15259247,7081,34,0
2026-07-26T00:00:42.544485+00:00,1785024040,18705,531 WhiteRock/WillowBrook,15259247,7082,35,0
2026-07-26T00:00:42.544485+00:00,1785024040,18705,531 WhiteRock/WillowBrook,15259247,7083,36,0
2026-07-26T00:00:42.544485+00:00,1785024040,18705,531 WhiteRock/WillowBrook,15259247,7084,37,0
2026-07-26T00:00:42.544485+00:00,1785024040,18705,531 WhiteRock/WillowBrook,15259247,7085,38,0
2026-07-26T00:00:42.544485+00:00,1785024040,18705,531 WhiteRock/WillowBrook,15259247,8939,39,0
2026-07-26T00:00:42.544485+00:00,1785024040,18705,531 WhiteRock/WillowBrook,15259247,7086,40,0
2026-07-26T00:00:42.544485+00:00,1785024040,18705,531 WhiteRock/WillowBrook,15259247,8940,41,0
2026-07-26T00:00:42.544485+00:00,1785024040,18705,531 WhiteRock/WillowBrook,15259247,5341,42,0
2026-07-26T00:00:42.544485+00:00,1785024040,18705,531 WhiteRock/WillowBrook,15259247,5342,43,0
2026-07-26T00:00:42.544485+00:00,1785024040,18705,531 WhiteRock/WillowBrook,15259247,12293,44,0
2026-07-26T00:00:42.544485+00:00,1785024040,18705,531 WhiteRock/WillowBrook,15259247,12173,45,0
2026-07-26T00:00:42.544485+00:00,1785024040,18705,531 WhiteRock/WillowBrook,15259247,9291,46,0
2026-07-26T00:00:42.544485+00:00,1785024040,18705,531 WhiteRock/WillowBrook,15259247,9292,47,0
2026-07-26T00:00:42.544485+00:00,1785024040,18705,531 WhiteRock/WillowBrook,15259247,11264,48,0
2026-07-26T00:00:42.544485+00:00,1785024040,18705,531 WhiteRock/WillowBrook,15259247,9303,49,0
2026-07-26T00:00:42.544485+00:00,1785024040,18705,531 WhiteRock/WillowBrook,15259247,9304,50,0
2026-07-26T00:00:42.544485+00:00,1785024040,18705,531 WhiteRock/WillowBrook,15259247,6475,51,0
2026-07-26T00:00:42.544485+00:00,1785024040,18705,531 WhiteRock/WillowBrook,15259247,6476,52,0
2026-07-26T00:00:42.544485+00:00,1785024040,18705,531 WhiteRock/WillowBrook,15259247,5335,53,0
2026-07-26T00:00:42.544485+00:00,1785024040,18705,531 WhiteRock/WillowBrook,15259247,7100,54,0
2026-07-26T00:00:42.544485+00:00,1785024040,18705,531 WhiteRock/WillowBrook,15259282,11750,31,95
2026-07-26T00:00:42.544485+00:00,1785024040,18705,531 WhiteRock/WillowBrook,15259282,11747,32,76
2026-07-26T00:00:42.544485+00:00,1785024040,18705,531 WhiteRock/WillowBrook,15259282,11745,33,67
2026-07-26T00:00:42.544485+00:00,1785024040,18705,531 WhiteRock/WillowBrook,15259282,13040,34,63
2026-07-26T00:00:42.544485+00:00,1785024040,18705,531 WhiteRock/WillowBrook,15259282,12598,35,43
2026-07-26T00:00:42.544485+00:00,1785024040,18705,531 WhiteRock/WillowBrook,15259282,11920,36,-2
2026-07-26T00:00:42.544485+00:00,1785024040,18705,531 WhiteRock/WillowBrook,15259282,13130,37,-29
2026-07-26T00:00:42.544485+00:00,1785024040,18705,531 WhiteRock/WillowBrook,15259282,11925,38,-54
2026-07-26T00:00:42.544485+00:00,1785024040,18705,531 WhiteRock/WillowBrook,15259282,12219,39,-83
2026-07-26T00:00:42.544485+00:00,1785024040,18705,531 WhiteRock/WillowBrook,15259282,11741,40,-69
2026-07-26T00:00:42.544485+00:00,1785024040,18705,531 WhiteRock/WillowBrook,15259282,11740,41,-76
2026-07-26T00:00:42.544485+00:00,1785024040,18705,531 WhiteRock/WillowBrook,15259282,11739,42,-24
2026-07-26T00:00:42.544485+00:00,1785024040,18705,531 WhiteRock/WillowBrook,15259282,11737,43,23
2026-07-26T00:00:42.544485+00:00,1785024040,18705,531 WhiteRock/WillowBrook,15259282,11757,44,2
2026-07-26T00:00:42.544485+00:00,1785024040,18705,531 WhiteRock/WillowBrook,15259282,11735,45,39
2026-07-26T00:00:42.544485+00:00,1785024040,18705,531 WhiteRock/WillowBrook,15259282,11756,46,45
2026-07-26T00:00:42.544485+00:00,1785024040,18705,531 WhiteRock/WillowBrook,15259282,5535,47,80
2026-07-26T00:00:42.544485+00:00,1785024040,18705,531 WhiteRock/WillowBrook,15259282,5536,48,67
2026-07-26T00:00:42.544485+00:00,1785024040,18705,531 WhiteRock/WillowBrook,15259282,5537,49,69
2026-07-26T00:00:42.544485+00:00,1785024040,18705,531 WhiteRock/WillowBrook,15259282,5538,50,65
2026-07-26T00:00:42.544485+00:00,1785024040,18705,531 WhiteRock/WillowBrook,15259282,5539,51,84
2026-07-26T00:00:42.544485+00:00,1785024040,18705,531 WhiteRock/WillowBrook,15259282,5540,52,100
2026-07-26T00:00:42.544485+00:00,1785024040,18705,531 WhiteRock/WillowBrook,15259283,11754,1,0
2026-07-26T00:00:42.544485+00:00,1785024040,18705,531 WhiteRock/WillowBrook,15259283,9306,4,-138
2026-07-26T00:00:42.544485+00:00,1785024040,18705,531 WhiteRock/WillowBrook,15259283,11125,5,-125
2026-07-26T00:00:42.544485+00:00,1785024040,18705,531 WhiteRock/WillowBrook,15259283,9294,6,-118
2026-07-26T00:00:42.544485+00:00,1785024040,18705,531 WhiteRock/WillowBrook,15259283,9293,7,-122
2026-07-26T00:00:42.544485+00:00,1785024040,18705,531 WhiteRock/WillowBrook,15259283,11126,8,-112
2026-07-26T00:00:42.544485+00:00,1785024040,18705,531 WhiteRock/WillowBrook,15259283,7094,9,-139
2026-07-26T00:00:42.544485+00:00,1785024040,18705,531 WhiteRock/WillowBrook,15259283,7166,10,-153
2026-07-26T00:00:42.544485+00:00,1785024040,18705,531 WhiteRock/WillowBrook,15259283,7092,11,-108
2026-07-26T00:00:42.544485+00:00,1785024040,18705,531 WhiteRock/WillowBrook,15259283,10747,12,-85
2026-07-26T00:00:42.544485+00:00,1785024040,18705,531 WhiteRock/WillowBrook,15259283,5364,13,-67
2026-07-26T00:00:42.544485+00:00,1785024040,18705,531 WhiteRock/WillowBrook,15259283,11775,14,-36
2026-07-26T00:00:42.544485+00:00,1785024040,18705,531 WhiteRock/WillowBrook,15259283,7171,15,-53
2026-07-26T00:00:42.544485+00:00,1785024040,18705,531 WhiteRock/WillowBrook,15259283,7172,16,-80
2026-07-26T00:00:42.544485+00:00,1785024040,18705,531 WhiteRock/WillowBrook,15259283,7173,17,-86
2026-07-26T00:00:42.544485+00:00,1785024040,18705,531 WhiteRock/WillowBrook,15259283,7174,18,-111
2026-07-26T00:00:42.544485+00:00,1785024040,18705,531 WhiteRock/WillowBrook,15259283,7175,19,-120
2026-07-26T00:00:42.544485+00:00,1785024040,18705,531 WhiteRock/WillowBrook,15259283,7176,20,-136
2026-07-26T00:00:42.544485+00:00,1785024040,18705,531 WhiteRock/WillowBrook,15259283,7177,21,-126
2026-07-26T00:00:42.544485+00:00,1785024040,18705,531 WhiteRock/WillowBrook,15259283,8948,22,-139
2026-07-26T00:00:42.544485+00:00,1785024040,18705,531 WhiteRock/WillowBrook,15259283,9031,23,-152
2026-07-26T00:00:42.544485+00:00,1785024040,18705,531 WhiteRock/WillowBrook,15259283,12931,24,-152
2026-07-26T00:00:42.544485+00:00,1785024040,18705,531 WhiteRock/WillowBrook,15259283,13041,25,-160
2026-07-26T00:00:42.544485+00:00,1785024040,18705,531 WhiteRock/WillowBrook,15259283,12929,26,-167
2026-07-26T00:00:42.544485+00:00,1785024040,18705,531 WhiteRock/WillowBrook,15259283,12927,27,-192
2026-07-26T00:00:42.544485+00:00,1785024040,18705,531 WhiteRock/WillowBrook,15259283,12926,28,-188
2026-07-26T00:00:42.544485+00:00,1785024040,18705,531 WhiteRock/WillowBrook,15259283,12924,29,-213
2026-07-26T00:00:42.544485+00:00,1785024040,18705,531 WhiteRock/WillowBrook,15259283,11751,30,-214
2026-07-26T00:00:42.544485+00:00,1785024040,18705,531 WhiteRock/WillowBrook,15259283,11750,31,-244
2026-07-26T00:00:42.544485+00:00,1785024040,18705,531 WhiteRock/WillowBrook,15259283,11747,32,-266
2026-07-26T00:00:42.544485+00:00,1785024040,18705,531 WhiteRock/WillowBrook,15259283,11745,33,-275
2026-07-26T00:00:42.544485+00:00,1785024040,18705,531 WhiteRock/WillowBrook,15259283,13040,34,-279
2026-07-26T00:00:42.544485+00:00,1785024040,18705,531 WhiteRock/WillowBrook,15259283,12598,35,-296
2026-07-26T00:00:42.544485+00:00,1785024040,18705,531 WhiteRock/WillowBrook,15259283,11920,36,-343
2026-07-26T00:00:42.544485+00:00,1785024040,18705,531 WhiteRock/WillowBrook,15259283,13130,37,-370
2026-07-26T00:00:42.544485+00:00,1785024040,18705,531 WhiteRock/WillowBrook,15259283,11925,38,-395
2026-07-26T00:00:42.544485+00:00,1785024040,18705,531 WhiteRock/WillowBrook,15259283,12219,39,-425
2026-07-26T00:00:42.544485+00:00,1785024040,18705,531 WhiteRock/WillowBrook,15259283,11741,40,-415
2026-07-26T00:00:42.544485+00:00,1785024040,18705,531 WhiteRock/WillowBrook,15259283,11740,41,-422
2026-07-26T00:00:42.544485+00:00,1785024040,18705,531 WhiteRock/WillowBrook,15259283,11739,42,-370
2026-07-26T00:00:42.544485+00:00,1785024040,18705,531 WhiteRock/WillowBrook,15259283,11737,43,-330
2026-07-26T00:00:42.544485+00:00,1785024040,18705,531 WhiteRock/WillowBrook,15259283,11757,44,-353
2026-07-26T00:00:42.544485+00:00,1785024040,18705,531 WhiteRock/WillowBrook,15259283,11735,45,-316
2026-07-26T00:00:42.544485+00:00,1785024040,18705,531 WhiteRock/WillowBrook,15259283,11756,46,-311
2026-07-26T00:00:42.544485+00:00,1785024040,18705,531 WhiteRock/WillowBrook,15259283,5535,47,-277
2026-07-26T00:00:42.544485+00:00,1785024040,18705,531 WhiteRock/WillowBrook,15259283,5536,48,-293
2026-07-26T00:00:42.544485+00:00,1785024040,18705,531 WhiteRock/WillowBrook,15259283,5537,49,-285
2026-07-26T00:00:42.544485+00:00,1785024040,18705,531 WhiteRock/WillowBrook,15259283,5538,50,-289
2026-07-26T00:00:42.544485+00:00,1785024040,18705,531 WhiteRock/WillowBrook,15259283,5539,51,-280
2026-07-26T00:00:42.544485+00:00,1785024040,18705,531 WhiteRock/WillowBrook,15259283,5540,52,-265
2026-07-26T00:05:26.910433+00:00,1785024325,6705,321 Surrey Central/WhiteRock,15247329,5475,49,186
2026-07-26T00:05:26.910433+00:00,1785024325,6705,321 Surrey Central/WhiteRock,15247329,5476,50,169
2026-07-26T00:05:26.910433+00:00,1785024325,6705,321 Surrey Central/WhiteRock,15247329,5477,51,150
2026-07-26T00:05:26.910433+00:00,1785024325,6705,321 Surrey Central/WhiteRock,15247329,11725,52,126
2026-07-26T00:05:26.910433+00:00,1785024325,6705,321 Surrey Central/WhiteRock,15247329,5040,53,147
2026-07-26T00:05:26.910433+00:00,1785024325,6705,321 Surrey Central/WhiteRock,15247329,5041,54,156
2026-07-26T00:05:26.910433+00:00,1785024325,6705,321 Surrey Central/WhiteRock,15247329,12155,55,169
2026-07-26T00:05:26.910433+00:00,1785024325,6705,321 Surrey Central/WhiteRock,15247329,9089,56,181
2026-07-26T00:05:26.910433+00:00,1785024325,6705,321 Surrey Central/WhiteRock,15247329,7213,57,164
2026-07-26T00:05:26.910433+00:00,1785024325,6705,321 Surrey Central/WhiteRock,15247330,5466,40,226
2026-07-26T00:05:26.910433+00:00,1785024325,6705,321 Surrey Central/WhiteRock,15247330,5467,41,271
2026-07-26T00:05:26.910433+00:00,1785024325,6705,321 Surrey Central/WhiteRock,15247330,5468,42,246
2026-07-26T00:05:26.910433+00:00,1785024325,6705,321 Surrey Central/WhiteRock,15247330,5469,43,212
2026-07-26T00:05:26.910433+00:00,1785024325,6705,321 Surrey Central/WhiteRock,15247330,5470,44,192
2026-07-26T00:05:26.910433+00:00,1785024325,6705,321 Surrey Central/WhiteRock,15247330,5471,45,162
2026-07-26T00:05:26.910433+00:00,1785024325,6705,321 Surrey Central/WhiteRock,15247330,5472,46,142
2026-07-26T00:05:26.910433+00:00,1785024325,6705,321 Surrey Central/WhiteRock,15247330,5473,47,97
2026-07-26T00:05:26.910433+00:00,1785024325,6705,321 Surrey Central/WhiteRock,15247330,5474,48,100
2026-07-26T00:05:26.910433+00:00,1785024325,6705,321 Surrey Central/WhiteRock,15247330,5475,49,57
2026-07-26T00:05:26.910433+00:00,1785024325,6705,321 Surrey Central/WhiteRock,15247330,5476,50,40
2026-07-26T00:05:26.910433+00:00,1785024325,6705,321 Surrey Central/WhiteRock,15247330,5477,51,21
2026-07-26T00:05:26.910433+00:00,1785024325,6705,321 Surrey Central/WhiteRock,15247330,11725,52,-3
2026-07-26T00:05:26.910433+00:00,1785024325,6705,321 Surrey Central/WhiteRock,15247330,5040,53,18
2026-07-26T00:05:26.910433+00:00,1785024325,6705,321 Surrey Central/WhiteRock,15247330,5041,54,27
2026-07-26T00:05:26.910433+00:00,1785024325,6705,321 Surrey Central/WhiteRock,15247330,12155,55,39
2026-07-26T00:05:26.910433+00:00,1785024325,6705,321 Surrey Central/WhiteRock,15247330,9089,56,51
2026-07-26T00:05:26.910433+00:00,1785024325,6705,321 Surrey Central/WhiteRock,15247330,7213,57,34
2026-07-26T00:05:26.910433+00:00,1785024325,6705,321 Surrey Central/WhiteRock,15247331,5700,38,0
2026-07-26T00:05:26.910433+00:00,1785024325,6705,321 Surrey Central/WhiteRock,15247331,5465,39,7
2026-07-26T00:05:26.910433+00:00,1785024325,6705,321 Surrey Central/WhiteRock,15247331,5466,40,-28
2026-07-26T00:05:26.910433+00:00,1785024325,6705,321 Surrey Central/WhiteRock,15247331,5467,41,17
2026-07-26T00:05:26.910433+00:00,1785024325,6705,321 Surrey Central/WhiteRock,15247331,5468,42,-8
2026-07-26T00:05:26.910433+00:00,1785024325,6705,321 Surrey Central/WhiteRock,15247331,5469,43,-39
2026-07-26T00:05:26.910433+00:00,1785024325,6705,321 Surrey Central/WhiteRock,15247331,5470,44,-60
2026-07-26T00:05:26.910433+00:00,1785024325,6705,321 Surrey Central/WhiteRock,15247331,5471,45,-90
2026-07-26T00:05:26.910433+00:00,1785024325,6705,321 Surrey Central/WhiteRock,15247331,5472,46,-110
2026-07-26T00:05:26.910433+00:00,1785024325,6705,321 Surrey Central/WhiteRock,15247331,5473,47,-155
2026-07-26T00:05:26.910433+00:00,1785024325,6705,321 Surrey Central/WhiteRock,15247331,5474,48,-152
2026-07-26T00:05:26.910433+00:00,1785024325,6705,321 Surrey Central/WhiteRock,15247331,5475,49,-194
2026-07-26T00:05:26.910433+00:00,1785024325,6705,321 Surrey Central/WhiteRock,15247331,5476,50,-211
2026-07-26T00:05:26.910433+00:00,1785024325,6705,321 Surrey Central/WhiteRock,15247331,5477,51,-230
2026-07-26T00:05:26.910433+00:00,1785024325,6705,321 Surrey Central/WhiteRock,15247331,11725,52,-254
2026-07-26T00:05:26.910433+00:00,1785024325,6705,321 Surrey Central/WhiteRock,15247331,5040,53,-232
2026-07-26T00:05:26.910433+00:00,1785024325,6705,321 Surrey Central/WhiteRock,15247331,5041,54,-223
2026-07-26T00:05:26.910433+00:00,1785024325,6705,321 Surrey Central/WhiteRock,15247331,12155,55,-210
2026-07-26T00:05:26.910433+00:00,1785024325,6705,321 Surrey Central/WhiteRock,15247331,9089,56,-198
2026-07-26T00:05:26.910433+00:00,1785024325,6705,321 Surrey Central/WhiteRock,15247331,7213,57,-215
2026-07-26T00:05:26.910433+00:00,1785024325,6705,321 Surrey Central/WhiteRock,15247332,5452,26,-131
2026-07-26T00:05:26.910433+00:00,1785024325,6705,321 Surrey Central/WhiteRock,15247332,11913,27,-145
2026-07-26T00:05:26.910433+00:00,1785024325,6705,321 Surrey Central/WhiteRock,15247332,5454,28,-151
2026-07-26T00:05:26.910433+00:00,1785024325,6705,321 Surrey Central/WhiteRock,15247332,5455,29,-153
2026-07-26T00:05:26.910433+00:00,1785024325,6705,321 Surrey Central/WhiteRock,15247332,5456,30,-103
2026-07-26T00:05:26.910433+00:00,1785024325,6705,321 Surrey Central/WhiteRock,15247332,12651,31,-125
2026-07-26T00:05:26.910433+00:00,1785024325,6705,321 Surrey Central/WhiteRock,15247332,5458,32,-120
2026-07-26T00:05:26.910433+00:00,1785024325,6705,321 Surrey Central/WhiteRock,15247332,5459,33,-107
2026-07-26T00:05:26.910433+00:00,1785024325,6705,321 Surrey Central/WhiteRock,15247332,5460,34,-111
2026-07-26T00:05:26.910433+00:00,1785024325,6705,321 Surrey Central/WhiteRock,15247332,5461,35,-117
2026-07-26T00:05:26.910433+00:00,1785024325,6705,321 Surrey Central/WhiteRock,15247332,5462,36,-121
2026-07-26T00:05:26.910433+00:00,1785024325,6705,321 Surrey Central/WhiteRock,15247332,5463,37,-65
2026-07-26T00:05:26.910433+00:00,1785024325,6705,321 Surrey Central/WhiteRock,15247332,5700,38,54
2026-07-26T00:05:26.910433+00:00,1785024325,6705,321 Surrey Central/WhiteRock,15247332,5465,39,61
2026-07-26T00:05:26.910433+00:00,1785024325,6705,321 Surrey Central/WhiteRock,15247332,5466,40,25
2026-07-26T00:05:26.910433+00:00,1785024325,6705,321 Surrey Central/WhiteRock,15247332,5467,41,70
2026-07-26T00:05:26.910433+00:00,1785024325,6705,321 Surrey Central/WhiteRock,15247332,5468,42,44
2026-07-26T00:05:26.910433+00:00,1785024325,6705,321 Surrey Central/WhiteRock,15247332,5469,43,23
2026-07-26T00:05:26.910433+00:00,1785024325,6705,321 Surrey Central/WhiteRock,15247332,5470,44,2
2026-07-26T00:05:26.910433+00:00,1785024325,6705,321 Surrey Central/WhiteRock,15247332,5471,45,-28
2026-07-26T00:05:26.910433+00:00,1785024325,6705,321 Surrey Central/WhiteRock,15247332,5472,46,-49
2026-07-26T00:05:26.910433+00:00,1785024325,6705,321 Surrey Central/WhiteRock,15247332,5473,47,-94
2026-07-26T00:05:26.910433+00:00,1785024325,6705,321 Surrey Central/WhiteRock,15247332,5474,48,-92
2026-07-26T00:05:26.910433+00:00,1785024325,6705,321 Surrey Central/WhiteRock,15247332,5475,49,-134
2026-07-26T00:05:26.910433+00:00,1785024325,6705,321 Surrey Central/WhiteRock,15247332,5476,50,-151
2026-07-26T00:05:26.910433+00:00,1785024325,6705,321 Surrey Central/WhiteRock,15247332,5477,51,-170
2026-07-26T00:05:26.910433+00:00,1785024325,6705,321 Surrey Central/WhiteRock,15247332,11725,52,-194
2026-07-26T00:05:26.910433+00:00,1785024325,6705,321 Surrey Central/WhiteRock,15247332,5040,53,-175
2026-07-26T00:05:26.910433+00:00,1785024325,6705,321 Surrey Central/WhiteRock,15247332,5041,54,-166
2026-07-26T00:05:26.910433+00:00,1785024325,6705,321 Surrey Central/WhiteRock,15247332,12155,55,-154
2026-07-26T00:05:26.910433+00:00,1785024325,6705,321 Surrey Central/WhiteRock,15247332,9089,56,-142
2026-07-26T00:05:26.910433+00:00,1785024325,6705,321 Surrey Central/WhiteRock,15247332,7213,57,-159
2026-07-26T00:05:26.910433+00:00,1785024325,6705,321 Surrey Central/WhiteRock,15247333,5446,18,145
2026-07-26T00:05:26.910433+00:00,1785024325,6705,321 Surrey Central/WhiteRock,15247333,10445,19,140
2026-07-26T00:05:26.910433+00:00,1785024325,6705,321 Surrey Central/WhiteRock,15247333,5447,20,108
2026-07-26T00:05:26.910433+00:00,1785024325,6705,321 Surrey Central/WhiteRock,15247333,5448,21,115
2026-07-26T00:05:26.910433+00:00,1785024325,6705,321 Surrey Central/WhiteRock,15247333,10437,22,109
2026-07-26T00:05:26.910433+00:00,1785024325,6705,321 Surrey Central/WhiteRock,15247333,5449,23,65
2026-07-26T00:05:26.910433+00:00,1785024325,6705,321 Surrey Central/WhiteRock,15247333,11313,24,30
2026-07-26T00:05:26.910433+00:00,1785024325,6705,321 Surrey Central/WhiteRock,15247333,10808,25,-98
2026-07-26T00:05:26.910433+00:00,1785024325,6705,321 Surrey Central/WhiteRock,15247333,5452,26,-206
2026-07-26T00:05:26.910433+00:00,1785024325,6705,321 Surrey Central/WhiteRock,15247333,11913,27,-220
2026-07-26T00:05:26.910433+00:00,1785024325,6705,321 Surrey Central/WhiteRock,15247333,5454,28,-226
2026-07-26T00:05:26.910433+00:00,1785024325,6705,321 Surrey Central/WhiteRock,15247333,5455,29,-228
2026-07-26T00:05:26.910433+00:00,1785024325,6705,321 Surrey Central/WhiteRock,15247333,5456,30,-178
2026-07-26T00:05:26.910433+00:00,1785024325,6705,321 Surrey Central/WhiteRock,15247333,12651,31,-200
2026-07-26T00:05:26.910433+00:00,1785024325,6705,321 Surrey Central/WhiteRock,15247333,5458,32,-195
2026-07-26T00:05:26.910433+00:00,1785024325,6705,321 Surrey Central/WhiteRock,15247333,5459,33,-182
2026-07-26T00:05:26.910433+00:00,1785024325,6705,321 Surrey Central/WhiteRock,15247333,5460,34,-186
2026-07-26T00:05:26.910433+00:00,1785024325,6705,321 Surrey Central/WhiteRock,15247333,5461,35,-192
2026-07-26T00:05:26.910433+00:00,1785024325,6705,321 Surrey Central/WhiteRock,15247333,5462,36,-196
2026-07-26T00:05:26.910433+00:00,1785024325,6705,321 Surrey Central/WhiteRock,15247333,5463,37,-141
2026-07-26T00:05:26.910433+00:00,1785024325,6705,321 Surrey Central/WhiteRock,15247333,5700,38,0
2026-07-26T00:05:26.910433+00:00,1785024325,6705,321 Surrey Central/WhiteRock,15247333,5465,39,7
2026-07-26T00:05:26.910433+00:00,1785024325,6705,321 Surrey Central/WhiteRock,15247333,5466,40,-28
2026-07-26T00:05:26.910433+00:00,1785024325,6705,321 Surrey Central/WhiteRock,15247333,5467,41,17
2026-07-26T00:05:26.910433+00:00,1785024325,6705,321 Surrey Central/WhiteRock,15247333,5468,42,-9
2026-07-26T00:05:26.910433+00:00,1785024325,6705,321 Surrey Central/WhiteRock,15247333,5469,43,-40
2026-07-26T00:05:26.910433+00:00,1785024325,6705,321 Surrey Central/WhiteRock,15247333,5470,44,-61
2026-07-26T00:05:26.910433+00:00,1785024325,6705,321 Surrey Central/WhiteRock,15247333,5471,45,-91
2026-07-26T00:05:26.910433+00:00,1785024325,6705,321 Surrey Central/WhiteRock,15247333,5472,46,-111
2026-07-26T00:05:26.910433+00:00,1785024325,6705,321 Surrey Central/WhiteRock,15247333,5473,47,-156
2026-07-26T00:05:26.910433+00:00,1785024325,6705,321 Surrey Central/WhiteRock,15247333,5474,48,-154
2026-07-26T00:05:26.910433+00:00,1785024325,6705,321 Surrey Central/WhiteRock,15247333,5475,49,-196
2026-07-26T00:05:26.910433+00:00,1785024325,6705,321 Surrey Central/WhiteRock,15247333,5476,50,-213
2026-07-26T00:05:26.910433+00:00,1785024325,6705,321 Surrey Central/WhiteRock,15247333,5477,51,-232
2026-07-26T00:05:26.910433+00:00,1785024325,6705,321 Surrey Central/WhiteRock,15247333,11725,52,-256
2026-07-26T00:05:26.910433+00:00,1785024325,6705,321 Surrey Central/WhiteRock,15247333,5040,53,-239
2026-07-26T00:05:26.910433+00:00,1785024325,6705,321 Surrey Central/WhiteRock,15247333,5041,54,-230
2026-07-26T00:05:26.910433+00:00,1785024325,6705,321 Surrey Central/WhiteRock,15247333,12155,55,-217
2026-07-26T00:05:26.910433+00:00,1785024325,6705,321 Surrey Central/WhiteRock,15247333,9089,56,-205
2026-07-26T00:05:26.910433+00:00,1785024325,6705,321 Surrey Central/WhiteRock,15247333,7213,57,-222
2026-07-26T00:05:26.910433+00:00,1785024325,6705,321 Surrey Central/WhiteRock,15247334,6174,9,50
2026-07-26T00:05:26.910433+00:00,1785024325,6705,321 Surrey Central/WhiteRock,15247334,5437,10,73
2026-07-26T00:05:26.910433+00:00,1785024325,6705,321 Surrey Central/WhiteRock,15247334,5438,11,68
2026-07-26T00:05:26.910433+00:00,1785024325,6705,321 Surrey Central/WhiteRock,15247334,5439,12,81
2026-07-26T00:05:26.910433+00:00,1785024325,6705,321 Surrey Central/WhiteRock,15247334,5440,13,64
2026-07-26T00:05:26.910433+00:00,1785024325,6705,321 Surrey Central/WhiteRock,15247334,5441,14,67
2026-07-26T00:05:26.910433+00:00,1785024325,6705,321 Surrey Central/WhiteRock,15247334,5442,15,47
2026-07-26T00:05:26.910433+00:00,1785024325,6705,321 Surrey Central/WhiteRock,15247334,5444,16,57
2026-07-26T00:05:26.910433+00:00,1785024325,6705,321 Surrey Central/WhiteRock,15247334,9083,17,42
2026-07-26T00:05:26.910433+00:00,1785024325,6705,321 Surrey Central/WhiteRock,15247334,5446,18,56
2026-07-26T00:05:26.910433+00:00,1785024325,6705,321 Surrey Central/WhiteRock,15247334,10445,19,50
2026-07-26T00:05:26.910433+00:00,1785024325,6705,321 Surrey Central/WhiteRock,15247334,5447,20,18
2026-07-26T00:05:26.910433+00:00,1785024325,6705,321 Surrey Central/WhiteRock,15247334,5448,21,25
2026-07-26T00:05:26.910433+00:00,1785024325,6705,321 Surrey Central/WhiteRock,15247334,10437,22,27
2026-07-26T00:05:26.910433+00:00,1785024325,6705,321 Surrey Central/WhiteRock,15247334,5449,23,-17
2026-07-26T00:05:26.910433+00:00,1785024325,6705,321 Surrey Central/WhiteRock,15247334,11313,24,-52
2026-07-26T00:05:26.910433+00:00,1785024325,6705,321 Surrey Central/WhiteRock,15247334,10808,25,-180
2026-07-26T00:05:26.910433+00:00,1785024325,6705,321 Surrey Central/WhiteRock,15247334,5452,26,-288
2026-07-26T00:05:26.910433+00:00,1785024325,6705,321 Surrey Central/WhiteRock,15247334,11913,27,-302
2026-07-26T00:05:26.910433+00:00,1785024325,6705,321 Surrey Central/WhiteRock,15247334,5454,28,-308
2026-07-26T00:05:26.910433+00:00,1785024325,6705,321 Surrey Central/WhiteRock,15247334,5455,29,-310
2026-07-26T00:05:26.910433+00:00,1785024325,6705,321 Surrey Central/WhiteRock,15247334,5456,30,-259
2026-07-26T00:05:26.910433+00:00,1785024325,6705,321 Surrey Central/WhiteRock,15247334,12651,31,-281
2026-07-26T00:05:26.910433+00:00,1785024325,6705,321 Surrey Central/WhiteRock,15247334,5458,32,-275
2026-07-26T00:05:26.910433+00:00,1785024325,6705,321 Surrey Central/WhiteRock,15247334,5459,33,-262
2026-07-26T00:05:26.910433+00:00,1785024325,6705,321 Surrey Central/WhiteRock,15247334,5460,34,-266
2026-07-26T00:05:26.910433+00:00,1785024325,6705,321 Surrey Central/WhiteRock,15247334,5461,35,-272
2026-07-26T00:05:26.910433+00:00,1785024325,6705,321 Surrey Central/WhiteRock,15247334,5462,36,-276
2026-07-26T00:05:26.910433+00:00,1785024325,6705,321 Surrey Central/WhiteRock,15247334,5463,37,-221
2026-07-26T00:05:26.910433+00:00,1785024325,6705,321 Surrey Central/WhiteRock,15247334,5700,38,0
2026-07-26T00:05:26.910433+00:00,1785024325,6705,321 Surrey Central/WhiteRock,15247334,5465,39,7
2026-07-26T00:05:26.910433+00:00,1785024325,6705,321 Surrey Central/WhiteRock,15247334,5466,40,-28
2026-07-26T00:05:26.910433+00:00,1785024325,6705,321 Surrey Central/WhiteRock,15247334,5467,41,16
2026-07-26T00:05:26.910433+00:00,1785024325,6705,321 Surrey Central/WhiteRock,15247334,5468,42,-10
2026-07-26T00:05:26.910433+00:00,1785024325,6705,321 Surrey Central/WhiteRock,15247334,5469,43,-44
2026-07-26T00:05:26.910433+00:00,1785024325,6705,321 Surrey Central/WhiteRock,15247334,5470,44,-64
2026-07-26T00:05:26.910433+00:00,1785024325,6705,321 Surrey Central/WhiteRock,15247334,5471,45,-94
2026-07-26T00:05:26.910433+00:00,1785024325,6705,321 Surrey Central/WhiteRock,15247334,5472,46,-114
2026-07-26T00:05:26.910433+00:00,1785024325,6705,321 Surrey Central/WhiteRock,15247334,5473,47,-159
2026-07-26T00:05:26.910433+00:00,1785024325,6705,321 Surrey Central/WhiteRock,15247334,5474,48,-155
2026-07-26T00:05:26.910433+00:00,1785024325,6705,321 Surrey Central/WhiteRock,15247334,5475,49,-198
2026-07-26T00:05:26.910433+00:00,1785024325,6705,321 Surrey Central/WhiteRock,15247334,5476,50,-215
2026-07-26T00:05:26.910433+00:00,1785024325,6705,321 Surrey Central/WhiteRock,15247334,5477,51,-234
2026-07-26T00:05:26.910433+00:00,1785024325,6705,321 Surrey Central/WhiteRock,15247334,11725,52,-259
2026-07-26T00:05:26.910433+00:00,1785024325,6705,321 Surrey Central/WhiteRock,15247334,5040,53,-239
2026-07-26T00:05:26.910433+00:00,1785024325,6705,321 Surrey Central/WhiteRock,15247334,5041,54,-230
2026-07-26T00:05:26.910433+00:00,1785024325,6705,321 Surrey Central/WhiteRock,15247334,12155,55,-218
2026-07-26T00:05:26.910433+00:00,1785024325,6705,321 Surrey Central/WhiteRock,15247334,9089,56,-206
2026-07-26T00:05:26.910433+00:00,1785024325,6705,321 Surrey Central/WhiteRock,15247334,7213,57,-223
2026-07-26T00:05:26.910433+00:00,1785024325,6705,321 Surrey Central/WhiteRock,15247374,10880,1,0
2026-07-26T00:05:26.910433+00:00,1785024325,6705,321 Surrey Central/WhiteRock,15247374,12916,5,-494
2026-07-26T00:05:26.910433+00:00,1785024325,6705,321 Surrey Central/WhiteRock,15247374,5049,6,-501
2026-07-26T00:05:26.910433+00:00,1785024325,6705,321 Surrey Central/WhiteRock,15247374,5039,7,-503
2026-07-26T00:05:26.910433+00:00,1785024325,6705,321 Surrey Central/WhiteRock,15247374,8351,8,-524
2026-07-26T00:05:26.910433+00:00,1785024325,6705,321 Surrey Central/WhiteRock,15247374,5496,9,-577
2026-07-26T00:05:26.910433+00:00,1785024325,6705,321 Surrey Central/WhiteRock,15247374,5497,10,-613
2026-07-26T00:05:26.910433+00:00,1785024325,6705,321 Surrey Central/WhiteRock,15247374,5498,11,-626
2026-07-26T00:05:26.910433+00:00,1785024325,6705,321 Surrey Central/WhiteRock,15247374,5499,12,-660
2026-07-26T00:05:26.910433+00:00,1785024325,6705,321 Surrey Central/WhiteRock,15247374,5500,13,-674
2026-07-26T00:05:26.910433+00:00,1785024325,6705,321 Surrey Central/WhiteRock,15247374,5501,14,-697
2026-07-26T00:05:26.910433+00:00,1785024325,6705,321 Surrey Central/WhiteRock,15247374,5502,15,-706
2026-07-26T00:05:26.910433+00:00,1785024325,6705,321 Surrey Central/WhiteRock,15247374,5503,16,-728
2026-07-26T00:05:26.910433+00:00,1785024325,6705,321 Surrey Central/WhiteRock,15247374,5504,17,-775
2026-07-26T00:05:26.910433+00:00,1785024325,6705,321 Surrey Central/WhiteRock,15247374,5505,18,-753
2026-07-26T00:05:26.910433+00:00,1785024325,6705,321 Surrey Central/WhiteRock,15247374,5507,19,-743
2026-07-26T00:05:26.910433+00:00,1785024325,6705,321 Surrey Central/WhiteRock,15247374,5633,20,0
2026-07-26T00:05:26.910433+00:00,1785024325,6705,321 Surrey Central/WhiteRock,15247374,5510,21,43
2026-07-26T00:05:26.910433+00:00,1785024325,6705,321 Surrey Central/WhiteRock,15247374,5511,22,37
2026-07-26T00:05:26.910433+00:00,1785024325,6705,321 Surrey Central/WhiteRock,15247374,5512,23,33
2026-07-26T00:05:26.910433+00:00,1785024325,6705,321 Surrey Central/WhiteRock,15247374,5513,24,21
2026-07-26T00:05:26.910433+00:00,1785024325,6705,321 Surrey Central/WhiteRock,15247374,5514,25,91
2026-07-26T00:05:26.910433+00:00,1785024325,6705,321 Surrey Central/WhiteRock,15247374,5515,26,85
2026-07-26T00:05:26.910433+00:00,1785024325,6705,321 Surrey Central/WhiteRock,15247374,5516,27,91
2026-07-26T00:05:26.910433+00:00,1785024325,6705,321 Surrey Central/WhiteRock,15247374,5517,28,106
2026-07-26T00:05:26.910433+00:00,1785024325,6705,321 Surrey Central/WhiteRock,15247374,5518,29,108
2026-07-26T00:05:26.910433+00:00,1785024325,6705,321 Surrey Central/WhiteRock,15247374,5519,30,89
2026-07-26T00:05:26.910433+00:00,1785024325,6705,321 Surrey Central/WhiteRock,15247374,5520,31,76
2026-07-26T00:05:26.910433+00:00,1785024325,6705,321 Surrey Central/WhiteRock,15247374,5521,32,-119
2026-07-26T00:05:26.910433+00:00,1785024325,6705,321 Surrey Central/WhiteRock,15247374,5522,33,-245
2026-07-26T00:05:26.910433+00:00,1785024325,6705,321 Surrey Central/WhiteRock,15247374,5523,34,-279
2026-07-26T00:05:26.910433+00:00,1785024325,6705,321 Surrey Central/WhiteRock,15247374,6466,35,-293
2026-07-26T00:05:26.910433+00:00,1785024325,6705,321 Surrey Central/WhiteRock,15247374,5524,36,-283
2026-07-26T00:05:26.910433+00:00,1785024325,6705,321 Surrey Central/WhiteRock,15247374,5525,37,-308
2026-07-26T00:05:26.910433+00:00,1785024325,6705,321 Surrey Central/WhiteRock,15247374,10443,38,-328
2026-07-26T00:05:26.910433+00:00,1785024325,6705,321 Surrey Central/WhiteRock,15247374,5528,39,-327
2026-07-26T00:05:26.910433+00:00,1785024325,6705,321 Surrey Central/WhiteRock,15247374,5529,40,-347
2026-07-26T00:05:26.910433+00:00,1785024325,6705,321 Surrey Central/WhiteRock,15247374,5530,41,-360
2026-07-26T00:05:26.910433+00:00,1785024325,6705,321 Surrey Central/WhiteRock,15247374,5533,42,-358
2026-07-26T00:05:26.910433+00:00,1785024325,6705,321 Surrey Central/WhiteRock,15247374,5534,43,-375
2026-07-26T00:05:26.910433+00:00,1785024325,6705,321 Surrey Central/WhiteRock,15247374,5535,44,-377
2026-07-26T00:05:26.910433+00:00,1785024325,6705,321 Surrey Central/WhiteRock,15247374,5536,45,-395
2026-07-26T00:05:26.910433+00:00,1785024325,6705,321 Surrey Central/WhiteRock,15247374,5537,46,-390
2026-07-26T00:05:26.910433+00:00,1785024325,6705,321 Surrey Central/WhiteRock,15247374,5538,47,-395
2026-07-26T00:05:26.910433+00:00,1785024325,6705,321 Surrey Central/WhiteRock,15247374,5541,48,-369
2026-07-26T00:05:26.910433+00:00,1785024325,6705,321 Surrey Central/WhiteRock,15247374,5542,49,-353
2026-07-26T00:05:26.910433+00:00,1785024325,6705,321 Surrey Central/WhiteRock,15247374,6195,50,-316
2026-07-26T00:05:26.910433+00:00,1785024325,6705,321 Surrey Central/WhiteRock,15247444,5535,44,-70
2026-07-26T00:05:26.910433+00:00,1785024325,6705,321 Surrey Central/WhiteRock,15247444,5536,45,-86
2026-07-26T00:05:26.910433+00:00,1785024325,6705,321 Surrey Central/WhiteRock,15247444,5537,46,-79
2026-07-26T00:05:26.910433+00:00,1785024325,6705,321 Surrey Central/WhiteRock,15247444,5538,47,-86
2026-07-26T00:05:26.910433+00:00,1785024325,6705,321 Surrey Central/WhiteRock,15247444,5541,48,-54
2026-07-26T00:05:26.910433+00:00,1785024325,6705,321 Surrey Central/WhiteRock,15247444,5542,49,-38
2026-07-26T00:05:26.910433+00:00,1785024325,6705,321 Surrey Central/WhiteRock,15247444,6195,50,3
2026-07-26T00:05:26.910433+00:00,1785024325,6705,321 Surrey Central/WhiteRock,15247445,5524,36,-212
2026-07-26T00:05:26.910433+00:00,1785024325,6705,321 Surrey Central/WhiteRock,15247445,5525,37,-239
2026-07-26T00:05:26.910433+00:00,1785024325,6705,321 Surrey Central/WhiteRock,15247445,10443,38,-267
2026-07-26T00:05:26.910433+00:00,1785024325,6705,321 Surrey Central/WhiteRock,15247445,5528,39,-262
2026-07-26T00:05:26.910433+00:00,1785024325,6705,321 Surrey Central/WhiteRock,15247445,5529,40,-278
2026-07-26T00:05:26.910433+00:00,1785024325,6705,321 Surrey Central/WhiteRock,15247445,5530,41,-291
2026-07-26T00:05:26.910433+00:00,1785024325,6705,321 Surrey Central/WhiteRock,15247445,5533,42,-296
2026-07-26T00:05:26.910433+00:00,1785024325,6705,321 Surrey Central/WhiteRock,15247445,5534,43,-314
2026-07-26T00:05:26.910433+00:00,1785024325,6705,321 Surrey Central/WhiteRock,15247445,5535,44,-296
2026-07-26T00:05:26.910433+00:00,1785024325,6705,321 Surrey Central/WhiteRock,15247445,5536,45,-314
2026-07-26T00:05:26.910433+00:00,1785024325,6705,321 Surrey Central/WhiteRock,15247445,5537,46,-320
2026-07-26T00:05:26.910433+00:00,1785024325,6705,321 Surrey Central/WhiteRock,15247445,5538,47,-327
2026-07-26T00:05:26.910433+00:00,1785024325,6705,321 Surrey Central/WhiteRock,15247445,5541,48,-297
2026-07-26T00:05:26.910433+00:00,1785024325,6705,321 Surrey Central/WhiteRock,15247445,5542,49,-281
2026-07-26T00:05:26.910433+00:00,1785024325,6705,321 Surrey Central/WhiteRock,15247445,6195,50,-245
2026-07-26T00:05:26.910433+00:00,1785024325,6705,321 Surrey Central/WhiteRock,15247446,5519,30,68
2026-07-26T00:05:26.910433+00:00,1785024325,6705,321 Surrey Central/WhiteRock,15247446,5520,31,54
2026-07-26T00:05:26.910433+00:00,1785024325,6705,321 Surrey Central/WhiteRock,15247446,5521,32,-141
2026-07-26T00:05:26.910433+00:00,1785024325,6705,321 Surrey Central/WhiteRock,15247446,5522,33,-267
2026-07-26T00:05:26.910433+00:00,1785024325,6705,321 Surrey Central/WhiteRock,15247446,5523,34,-301
2026-07-26T00:05:26.910433+00:00,1785024325,6705,321 Surrey Central/WhiteRock,15247446,6466,35,-317
2026-07-26T00:05:26.910433+00:00,1785024325,6705,321 Surrey Central/WhiteRock,15247446,5524,36,-305
2026-07-26T00:05:26.910433+00:00,1785024325,6705,321 Surrey Central/WhiteRock,15247446,5525,37,-331
2026-07-26T00:05:26.910433+00:00,1785024325,6705,321 Surrey Central/WhiteRock,15247446,10443,38,-352
2026-07-26T00:05:26.910433+00:00,1785024325,6705,321 Surrey Central/WhiteRock,15247446,5528,39,-343
2026-07-26T00:05:26.910433+00:00,1785024325,6705,321 Surrey Central/WhiteRock,15247446,5529,40,-361
2026-07-26T00:05:26.910433+00:00,1785024325,6705,321 Surrey Central/WhiteRock,15247446,5530,41,-373
2026-07-26T00:05:26.910433+00:00,1785024325,6705,321 Surrey Central/WhiteRock,15247446,5533,42,-379
2026-07-26T00:05:26.910433+00:00,1785024325,6705,321 Surrey Central/WhiteRock,15247446,5534,43,-396
2026-07-26T00:05:26.910433+00:00,1785024325,6705,321 Surrey Central/WhiteRock,15247446,5535,44,-399
2026-07-26T00:05:26.910433+00:00,1785024325,6705,321 Surrey Central/WhiteRock,15247446,5536,45,-417
2026-07-26T00:05:26.910433+00:00,1785024325,6705,321 Surrey Central/WhiteRock,15247446,5537,46,-413
2026-07-26T00:05:26.910433+00:00,1785024325,6705,321 Surrey Central/WhiteRock,15247446,5538,47,-420
2026-07-26T00:05:26.910433+00:00,1785024325,6705,321 Surrey Central/WhiteRock,15247446,5541,48,-389
2026-07-26T00:05:26.910433+00:00,1785024325,6705,321 Surrey Central/WhiteRock,15247446,5542,49,-373
2026-07-26T00:05:26.910433+00:00,1785024325,6705,321 Surrey Central/WhiteRock,15247446,6195,50,-338
2026-07-26T00:05:26.910433+00:00,1785024325,6705,321 Surrey Central/WhiteRock,15247447,5507,19,72
2026-07-26T00:05:26.910433+00:00,1785024325,6705,321 Surrey Central/WhiteRock,15247447,5633,20,123
2026-07-26T00:05:26.910433+00:00,1785024325,6705,321 Surrey Central/WhiteRock,15247447,5510,21,155
2026-07-26T00:05:26.910433+00:00,1785024325,6705,321 Surrey Central/WhiteRock,15247447,5511,22,149
2026-07-26T00:05:26.910433+00:00,1785024325,6705,321 Surrey Central/WhiteRock,15247447,5512,23,145
2026-07-26T00:05:26.910433+00:00,1785024325,6705,321 Surrey Central/WhiteRock,15247447,5513,24,133
2026-07-26T00:05:26.910433+00:00,1785024325,6705,321 Surrey Central/WhiteRock,15247447,5514,25,203
2026-07-26T00:05:26.910433+00:00,1785024325,6705,321 Surrey Central/WhiteRock,15247447,5515,26,197
2026-07-26T00:05:26.910433+00:00,1785024325,6705,321 Surrey Central/WhiteRock,15247447,5516,27,209
2026-07-26T00:05:26.910433+00:00,1785024325,6705,321 Surrey Central/WhiteRock,15247447,5517,28,221
2026-07-26T00:05:26.910433+00:00,1785024325,6705,321 Surrey Central/WhiteRock,15247447,5518,29,225
2026-07-26T00:05:26.910433+00:00,1785024325,6705,321 Surrey Central/WhiteRock,15247447,5519,30,206
2026-07-26T00:05:26.910433+00:00,1785024325,6705,321 Surrey Central/WhiteRock,15247447,5520,31,192
2026-07-26T00:05:26.910433+00:00,1785024325,6705,321 Surrey Central/WhiteRock,15247447,5521,32,-3
2026-07-26T00:05:26.910433+00:00,1785024325,6705,321 Surrey Central/WhiteRock,15247447,5522,33,-129
2026-07-26T00:05:26.910433+00:00,1785024325,6705,321 Surrey Central/WhiteRock,15247447,5523,34,-163
2026-07-26T00:05:26.910433+00:00,1785024325,6705,321 Surrey Central/WhiteRock,15247447,6466,35,-179
2026-07-26T00:05:26.910433+00:00,1785024325,6705,321 Surrey Central/WhiteRock,15247447,5524,36,-167
2026-07-26T00:05:26.910433+00:00,1785024325,6705,321 Surrey Central/WhiteRock,15247447,5525,37,-195
2026-07-26T00:05:26.910433+00:00,1785024325,6705,321 Surrey Central/WhiteRock,15247447,10443,38,-223
2026-07-26T00:05:26.910433+00:00,1785024325,6705,321 Surrey Central/WhiteRock,15247447,5528,39,-218
2026-07-26T00:05:26.910433+00:00,1785024325,6705,321 Surrey Central/WhiteRock,15247447,5529,40,-238
2026-07-26T00:05:26.910433+00:00,1785024325,6705,321 Surrey Central/WhiteRock,15247447,5530,41,-252
2026-07-26T00:05:26.910433+00:00,1785024325,6705,321 Surrey Central/WhiteRock,15247447,5533,42,-258
2026-07-26T00:05:26.910433+00:00,1785024325,6705,321 Surrey Central/WhiteRock,15247447,5534,43,-276
2026-07-26T00:05:26.910433+00:00,1785024325,6705,321 Surrey Central/WhiteRock,15247447,5535,44,-260
2026-07-26T00:05:26.910433+00:00,1785024325,6705,321 Surrey Central/WhiteRock,15247447,5536,45,-276
2026-07-26T00:05:26.910433+00:00,1785024325,6705,321 Surrey Central/WhiteRock,15247447,5537,46,-283
2026-07-26T00:05:26.910433+00:00,1785024325,6705,321 Surrey Central/WhiteRock,15247447,5538,47,-289
2026-07-26T00:05:26.910433+00:00,1785024325,6705,321 Surrey Central/WhiteRock,15247447,5541,48,-259
2026-07-26T00:05:26.910433+00:00,1785024325,6705,321 Surrey Central/WhiteRock,15247447,5542,49,-243
2026-07-26T00:05:26.910433+00:00,1785024325,6705,321 Surrey Central/WhiteRock,15247447,6195,50,-205
2026-07-26T00:05:26.910433+00:00,1785024325,6705,321 Surrey Central/WhiteRock,15247448,5501,14,-67
2026-07-26T00:05:26.910433+00:00,1785024325,6705,321 Surrey Central/WhiteRock,15247448,5502,15,-77
2026-07-26T00:05:26.910433+00:00,1785024325,6705,321 Surrey Central/WhiteRock,15247448,5503,16,-102
2026-07-26T00:05:26.910433+00:00,1785024325,6705,321 Surrey Central/WhiteRock,15247448,5504,17,-148
2026-07-26T00:05:26.910433+00:00,1785024325,6705,321 Surrey Central/WhiteRock,15247448,5505,18,-126
2026-07-26T00:05:26.910433+00:00,1785024325,6705,321 Surrey Central/WhiteRock,15247448,5507,19,-115
2026-07-26T00:05:26.910433+00:00,1785024325,6705,321 Surrey Central/WhiteRock,15247448,5633,20,0
2026-07-26T00:05:26.910433+00:00,1785024325,6705,321 Surrey Central/WhiteRock,15247448,5510,21,47
2026-07-26T00:05:26.910433+00:00,1785024325,6705,321 Surrey Central/WhiteRock,15247448,5511,22,41
2026-07-26T00:05:26.910433+00:00,1785024325,6705,321 Surrey Central/WhiteRock,15247448,5512,23,37
2026-07-26T00:05:26.910433+00:00,1785024325,6705,321 Surrey Central/WhiteRock,15247448,5513,24,23
2026-07-26T00:05:26.910433+00:00,1785024325,6705,321 Surrey Central/WhiteRock,15247448,5514,25,93
2026-07-26T00:05:26.910433+00:00,1785024325,6705,321 Surrey Central/WhiteRock,15247448,5515,26,87
2026-07-26T00:05:26.910433+00:00,1785024325,6705,321 Surrey Central/WhiteRock,15247448,5516,27,100
2026-07-26T00:05:26.910433+00:00,1785024325,6705,321 Surrey Central/WhiteRock,15247448,5517,28,112
2026-07-26T00:05:26.910433+00:00,1785024325,6705,321 Surrey Central/WhiteRock,15247448,5518,29,114
2026-07-26T00:05:26.910433+00:00,1785024325,6705,321 Surrey Central/WhiteRock,15247448,5519,30,95
2026-07-26T00:05:26.910433+00:00,1785024325,6705,321 Surrey Central/WhiteRock,15247448,5520,31,81
2026-07-26T00:05:26.910433+00:00,1785024325,6705,321 Surrey Central/WhiteRock,15247448,5521,32,-114
2026-07-26T00:05:26.910433+00:00,1785024325,6705,321 Surrey Central/WhiteRock,15247448,5522,33,-239
2026-07-26T00:05:26.910433+00:00,1785024325,6705,321 Surrey Central/WhiteRock,15247448,5523,34,-273
2026-07-26T00:05:26.910433+00:00,1785024325,6705,321 Surrey Central/WhiteRock,15247448,6466,35,-288
2026-07-26T00:05:26.910433+00:00,1785024325,6705,321 Surrey Central/WhiteRock,15247448,5524,36,-276
2026-07-26T00:05:26.910433+00:00,1785024325,6705,321 Surrey Central/WhiteRock,15247448,5525,37,-302
2026-07-26T00:05:26.910433+00:00,1785024325,6705,321 Surrey Central/WhiteRock,15247448,10443,38,-322
2026-07-26T00:05:26.910433+00:00,1785024325,6705,321 Surrey Central/WhiteRock,15247448,5528,39,-316
2026-07-26T00:05:26.910433+00:00,1785024325,6705,321 Surrey Central/WhiteRock,15247448,5529,40,-335
2026-07-26T00:05:26.910433+00:00,1785024325,6705,321 Surrey Central/WhiteRock,15247448,5530,41,-347
2026-07-26T00:05:26.910433+00:00,1785024325,6705,321 Surrey Central/WhiteRock,15247448,5533,42,-355
2026-07-26T00:05:26.910433+00:00,1785024325,6705,321 Surrey Central/WhiteRock,15247448,5534,43,-372
2026-07-26T00:05:26.910433+00:00,1785024325,6705,321 Surrey Central/WhiteRock,15247448,5535,44,-360
2026-07-26T00:05:26.910433+00:00,1785024325,6705,321 Surrey Central/WhiteRock,15247448,5536,45,-381
2026-07-26T00:05:26.910433+00:00,1785024325,6705,321 Surrey Central/WhiteRock,15247448,5537,46,-376
2026-07-26T00:05:26.910433+00:00,1785024325,6705,321 Surrey Central/WhiteRock,15247448,5538,47,-383
2026-07-26T00:05:26.910433+00:00,1785024325,6705,321 Surrey Central/WhiteRock,15247448,5541,48,-352
2026-07-26T00:05:26.910433+00:00,1785024325,6705,321 Surrey Central/WhiteRock,15247448,5542,49,-336
2026-07-26T00:05:26.910433+00:00,1785024325,6705,321 Surrey Central/WhiteRock,15247448,6195,50,-302
2026-07-26T00:05:26.910433+00:00,1785024325,6705,321 Surrey Central/WhiteRock,15247449,5039,7,-32
2026-07-26T00:05:26.910433+00:00,1785024325,6705,321 Surrey Central/WhiteRock,15247449,8351,8,-53
2026-07-26T00:05:26.910433+00:00,1785024325,6705,321 Surrey Central/WhiteRock,15247449,5496,9,-104
2026-07-26T00:05:26.910433+00:00,1785024325,6705,321 Surrey Central/WhiteRock,15247449,5497,10,-140
2026-07-26T00:05:26.910433+00:00,1785024325,6705,321 Surrey Central/WhiteRock,15247449,5498,11,-153
2026-07-26T00:05:26.910433+00:00,1785024325,6705,321 Surrey Central/WhiteRock,15247449,5499,12,-187
2026-07-26T00:05:26.910433+00:00,1785024325,6705,321 Surrey Central/WhiteRock,15247449,5500,13,-194
2026-07-26T00:05:26.910433+00:00,1785024325,6705,321 Surrey Central/WhiteRock,15247449,5501,14,-217
2026-07-26T00:05:26.910433+00:00,1785024325,6705,321 Surrey Central/WhiteRock,15247449,5502,15,-226
2026-07-26T00:05:26.910433+00:00,1785024325,6705,321 Surrey Central/WhiteRock,15247449,5503,16,-247
2026-07-26T00:05:26.910433+00:00,1785024325,6705,321 Surrey Central/WhiteRock,15247449,5504,17,-294
2026-07-26T00:05:26.910433+00:00,1785024325,6705,321 Surrey Central/WhiteRock,15247449,5505,18,-272
2026-07-26T00:05:26.910433+00:00,1785024325,6705,321 Surrey Central/WhiteRock,15247449,5507,19,-259
2026-07-26T00:05:26.910433+00:00,1785024325,6705,321 Surrey Central/WhiteRock,15247449,5633,20,0
2026-07-26T00:05:26.910433+00:00,1785024325,6705,321 Surrey Central/WhiteRock,15247449,5510,21,32
2026-07-26T00:05:26.910433+00:00,1785024325,6705,321 Surrey Central/WhiteRock,15247449,5511,22,26
2026-07-26T00:05:26.910433+00:00,1785024325,6705,321 Surrey Central/WhiteRock,15247449,5512,23,22
2026-07-26T00:05:26.910433+00:00,1785024325,6705,321 Surrey Central/WhiteRock,15247449,5513,24,9
2026-07-26T00:05:26.910433+00:00,1785024325,6705,321 Surrey Central/WhiteRock,15247449,5514,25,79
2026-07-26T00:05:26.910433+00:00,1785024325,6705,321 Surrey Central/WhiteRock,15247449,5515,26,73
2026-07-26T00:05:26.910433+00:00,1785024325,6705,321 Surrey Central/WhiteRock,15247449,5516,27,96
2026-07-26T00:05:26.910433+00:00,1785024325,6705,321 Surrey Central/WhiteRock,15247449,5517,28,111
2026-07-26T00:05:26.910433+00:00,1785024325,6705,321 Surrey Central/WhiteRock,15247449,5518,29,115
2026-07-26T00:05:26.910433+00:00,1785024325,6705,321 Surrey Central/WhiteRock,15247449,5519,30,95
2026-07-26T00:05:26.910433+00:00,1785024325,6705,321 Surrey Central/WhiteRock,15247449,5520,31,81
2026-07-26T00:05:26.910433+00:00,1785024325,6705,321 Surrey Central/WhiteRock,15247449,5521,32,-114
2026-07-26T00:05:26.910433+00:00,1785024325,6705,321 Surrey Central/WhiteRock,15247449,5522,33,-239
2026-07-26T00:05:26.910433+00:00,1785024325,6705,321 Surrey Central/WhiteRock,15247449,5523,34,-273
2026-07-26T00:05:26.910433+00:00,1785024325,6705,321 Surrey Central/WhiteRock,15247449,6466,35,-289
2026-07-26T00:05:26.910433+00:00,1785024325,6705,321 Surrey Central/WhiteRock,15247449,5524,36,-279
2026-07-26T00:05:26.910433+00:00,1785024325,6705,321 Surrey Central/WhiteRock,15247449,5525,37,-306
2026-07-26T00:05:26.910433+00:00,1785024325,6705,321 Surrey Central/WhiteRock,15247449,10443,38,-330
2026-07-26T00:05:26.910433+00:00,1785024325,6705,321 Surrey Central/WhiteRock,15247449,5528,39,-327
2026-07-26T00:05:26.910433+00:00,1785024325,6705,321 Surrey Central/WhiteRock,15247449,5529,40,-346
2026-07-26T00:05:26.910433+00:00,1785024325,6705,321 Surrey Central/WhiteRock,15247449,5530,41,-360
2026-07-26T00:05:26.910433+00:00,1785024325,6705,321 Surrey Central/WhiteRock,15247449,5533,42,-368
2026-07-26T00:05:26.910433+00:00,1785024325,6705,321 Surrey Central/WhiteRock,15247449,5534,43,-386
2026-07-26T00:05:26.910433+00:00,1785024325,6705,321 Surrey Central/WhiteRock,15247449,5535,44,-381
2026-07-26T00:05:26.910433+00:00,1785024325,6705,321 Surrey Central/WhiteRock,15247449,5536,45,-403
2026-07-26T00:05:26.910433+00:00,1785024325,6705,321 Surrey Central/WhiteRock,15247449,5537,46,-410
2026-07-26T00:05:26.910433+00:00,1785024325,6705,321 Surrey Central/WhiteRock,15247449,5538,47,-417
2026-07-26T00:05:26.910433+00:00,1785024325,6705,321 Surrey Central/WhiteRock,15247449,5541,48,-392
2026-07-26T00:05:26.910433+00:00,1785024325,6705,321 Surrey Central/WhiteRock,15247449,5542,49,-374
2026-07-26T00:05:26.910433+00:00,1785024325,6705,321 Surrey Central/WhiteRock,15247449,6195,50,-336
2026-07-26T00:05:26.910433+00:00,1785024325,6715,351 Bridgeport/WhiteRock,15251740,8282,25,-64
2026-07-26T00:05:26.910433+00:00,1785024325,6715,351 Bridgeport/WhiteRock,15251763,5444,17,164
2026-07-26T00:05:26.910433+00:00,1785024325,6715,351 Bridgeport/WhiteRock,15251763,9083,18,140
2026-07-26T00:05:26.910433+00:00,1785024325,6715,351 Bridgeport/WhiteRock,15251763,5446,19,144
2026-07-26T00:05:26.910433+00:00,1785024325,6715,351 Bridgeport/WhiteRock,15251763,10445,20,137
2026-07-26T00:05:26.910433+00:00,1785024325,6715,351 Bridgeport/WhiteRock,15251763,5447,21,97
2026-07-26T00:05:26.910433+00:00,1785024325,6715,351 Bridgeport/WhiteRock,15251763,5448,22,97
2026-07-26T00:05:26.910433+00:00,1785024325,6715,351 Bridgeport/WhiteRock,15251763,6194,23,107
2026-07-26T00:05:26.910433+00:00,1785024325,6715,351 Bridgeport/WhiteRock,15251763,4928,24,77
2026-07-26T00:05:26.910433+00:00,1785024325,6715,351 Bridgeport/WhiteRock,15251763,8282,25,64
2026-07-26T00:05:26.910433+00:00,1785024325,6715,351 Bridgeport/WhiteRock,15251802,4929,3,122
2026-07-26T00:05:26.910433+00:00,1785024325,6715,351 Bridgeport/WhiteRock,15251802,6175,4,-426
2026-07-26T00:05:26.910433+00:00,1785024325,6715,351 Bridgeport/WhiteRock,15251802,5524,5,-359
2026-07-26T00:05:26.910433+00:00,1785024325,6715,351 Bridgeport/WhiteRock,15251802,5525,6,-366
2026-07-26T00:05:26.910433+00:00,1785024325,6715,351 Bridgeport/WhiteRock,15251802,10443,7,-354
2026-07-26T00:05:26.910433+00:00,1785024325,6715,351 Bridgeport/WhiteRock,15251802,5528,8,-323
2026-07-26T00:05:26.910433+00:00,1785024325,6715,351 Bridgeport/WhiteRock,15251802,5529,9,-324
2026-07-26T00:05:26.910433+00:00,1785024325,6715,351 Bridgeport/WhiteRock,15251802,5530,10,-314
2026-07-26T00:05:26.910433+00:00,1785024325,6715,351 Bridgeport/WhiteRock,15251802,5533,11,-293
2026-07-26T00:05:26.910433+00:00,1785024325,6715,351 Bridgeport/WhiteRock,15251802,5534,12,-289
2026-07-26T00:05:26.910433+00:00,1785024325,6715,351 Bridgeport/WhiteRock,15251802,5535,13,-243
2026-07-26T00:05:26.910433+00:00,1785024325,6715,351 Bridgeport/WhiteRock,15251802,5536,14,-238
2026-07-26T00:05:26.910433+00:00,1785024325,6715,351 Bridgeport/WhiteRock,15251802,5537,15,-217
2026-07-26T00:05:26.910433+00:00,1785024325,6715,351 Bridgeport/WhiteRock,15251802,5538,16,-207
2026-07-26T00:05:26.910433+00:00,1785024325,6715,351 Bridgeport/WhiteRock,15251802,5541,17,-158
2026-07-26T00:05:26.910433+00:00,1785024325,6715,351 Bridgeport/WhiteRock,15251802,5542,18,-130
2026-07-26T00:05:26.910433+00:00,1785024325,6715,351 Bridgeport/WhiteRock,15251802,6340,19,-76
2026-07-26T00:05:26.910433+00:00,1785024325,6715,351 Bridgeport/WhiteRock,15251802,6341,20,-47
2026-07-26T00:05:26.910433+00:00,1785024325,6715,351 Bridgeport/WhiteRock,15251802,6167,21,-22
2026-07-26T00:05:26.910433+00:00,1785024325,6715,351 Bridgeport/WhiteRock,15251803,5541,17,-397
2026-07-26T00:05:26.910433+00:00,1785024325,6715,351 Bridgeport/WhiteRock,15251803,5542,18,-370
2026-07-26T00:05:26.910433+00:00,1785024325,6715,351 Bridgeport/WhiteRock,15251803,6340,19,-316
2026-07-26T00:05:26.910433+00:00,1785024325,6715,351 Bridgeport/WhiteRock,15251803,6341,20,-290
2026-07-26T00:05:26.910433+00:00,1785024325,6715,351 Bridgeport/WhiteRock,15251803,6167,21,-271
2026-07-26T00:05:26.910433+00:00,1785024325,6715,351 Bridgeport/WhiteRock,15251828,11267,1,0
2026-07-26T00:05:26.910433+00:00,1785024325,6715,351 Bridgeport/WhiteRock,15251828,8283,2,-181
2026-07-26T00:05:26.910433+00:00,1785024325,6715,351 Bridgeport/WhiteRock,15251828,4929,3,0
2026-07-26T00:05:26.910433+00:00,1785024325,6715,351 Bridgeport/WhiteRock,15251828,6175,4,-548
2026-07-26T00:05:26.910433+00:00,1785024325,6715,351 Bridgeport/WhiteRock,15251828,5524,5,-483
2026-07-26T00:05:26.910433+00:00,1785024325,6715,351 Bridgeport/WhiteRock,15251828,5525,6,-489
2026-07-26T00:05:26.910433+00:00,1785024325,6715,351 Bridgeport/WhiteRock,15251828,10443,7,-472
2026-07-26T00:05:26.910433+00:00,1785024325,6715,351 Bridgeport/WhiteRock,15251828,5528,8,-443
2026-07-26T00:05:26.910433+00:00,1785024325,6715,351 Bridgeport/WhiteRock,15251828,5529,9,-444
2026-07-26T00:05:26.910433+00:00,1785024325,6715,351 Bridgeport/WhiteRock,15251828,5530,10,-434
2026-07-26T00:05:26.910433+00:00,1785024325,6715,351 Bridgeport/WhiteRock,15251828,5533,11,-412
2026-07-26T00:05:26.910433+00:00,1785024325,6715,351 Bridgeport/WhiteRock,15251828,5534,12,-406
2026-07-26T00:05:26.910433+00:00,1785024325,6715,351 Bridgeport/WhiteRock,15251828,5535,13,-382
2026-07-26T00:05:26.910433+00:00,1785024325,6715,351 Bridgeport/WhiteRock,15251828,5536,14,-379
2026-07-26T00:05:26.910433+00:00,1785024325,6715,351 Bridgeport/WhiteRock,15251828,5537,15,-361
2026-07-26T00:05:26.910433+00:00,1785024325,6715,351 Bridgeport/WhiteRock,15251828,5538,16,-354
2026-07-26T00:05:26.910433+00:00,1785024325,6715,351 Bridgeport/WhiteRock,15251828,5541,17,-304
2026-07-26T00:05:26.910433+00:00,1785024325,6715,351 Bridgeport/WhiteRock,15251828,5542,18,-273
2026-07-26T00:05:26.910433+00:00,1785024325,6715,351 Bridgeport/WhiteRock,15251828,6340,19,-218
2026-07-26T00:05:26.910433+00:00,1785024325,6715,351 Bridgeport/WhiteRock,15251828,6341,20,-190
2026-07-26T00:05:26.910433+00:00,1785024325,6715,351 Bridgeport/WhiteRock,15251828,6167,21,-170
2026-07-26T00:05:26.910433+00:00,1785024325,6715,351 Bridgeport/WhiteRock,15251829,6175,4,-567
2026-07-26T00:05:26.910433+00:00,1785024325,6715,351 Bridgeport/WhiteRock,15251829,5524,5,-500
2026-07-26T00:05:26.910433+00:00,1785024325,6715,351 Bridgeport/WhiteRock,15251829,5525,6,-506
2026-07-26T00:05:26.910433+00:00,1785024325,6715,351 Bridgeport/WhiteRock,15251829,10443,7,-494
2026-07-26T00:05:26.910433+00:00,1785024325,6715,351 Bridgeport/WhiteRock,15251829,5528,8,-465
2026-07-26T00:05:26.910433+00:00,1785024325,6715,351 Bridgeport/WhiteRock,15251829,5529,9,-466
2026-07-26T00:05:26.910433+00:00,1785024325,6715,351 Bridgeport/WhiteRock,15251829,5530,10,-456
2026-07-26T00:05:26.910433+00:00,1785024325,6715,351 Bridgeport/WhiteRock,15251829,5533,11,-435
2026-07-26T00:05:26.910433+00:00,1785024325,6715,351 Bridgeport/WhiteRock,15251829,5534,12,-431
2026-07-26T00:05:26.910433+00:00,1785024325,6715,351 Bridgeport/WhiteRock,15251829,5535,13,-400
2026-07-26T00:05:26.910433+00:00,1785024325,6715,351 Bridgeport/WhiteRock,15251829,5536,14,-398
2026-07-26T00:05:26.910433+00:00,1785024325,6715,351 Bridgeport/WhiteRock,15251829,5537,15,-377
2026-07-26T00:05:26.910433+00:00,1785024325,6715,351 Bridgeport/WhiteRock,15251829,5538,16,-368
2026-07-26T00:05:26.910433+00:00,1785024325,6715,351 Bridgeport/WhiteRock,15251829,5541,17,-318
2026-07-26T00:05:26.910433+00:00,1785024325,6715,351 Bridgeport/WhiteRock,15251829,5542,18,-290
2026-07-26T00:05:26.910433+00:00,1785024325,6715,351 Bridgeport/WhiteRock,15251829,6340,19,-238
2026-07-26T00:05:26.910433+00:00,1785024325,6715,351 Bridgeport/WhiteRock,15251829,6341,20,-210
2026-07-26T00:05:26.910433+00:00,1785024325,6715,351 Bridgeport/WhiteRock,15251829,6167,21,-187
2026-07-26T00:05:26.910433+00:00,1785024325,11692,364 Langley Centre/Scottsdale,15252763,9293,45,136
2026-07-26T00:05:26.910433+00:00,1785024325,11692,364 Langley Centre/Scottsdale,15252763,11126,46,144
2026-07-26T00:05:26.910433+00:00,1785024325,11692,364 Langley Centre/Scottsdale,15252763,7094,47,107
2026-07-26T00:05:26.910433+00:00,1785024325,11692,364 Langley Centre/Scottsdale,15252764,5244,1,0
2026-07-26T00:05:26.910433+00:00,1785024325,11692,364 Langley Centre/Scottsdale,15252764,4846,2,0
2026-07-26T00:05:26.910433+00:00,1785024325,11692,364 Langley Centre/Scottsdale,15252764,4918,3,0
2026-07-26T00:05:26.910433+00:00,1785024325,11692,364 Langley Centre/Scottsdale,15252764,4919,4,0
2026-07-26T00:05:26.910433+00:00,1785024325,11692,364 Langley Centre/Scottsdale,15252764,4921,5,0
2026-07-26T00:05:26.910433+00:00,1785024325,11692,364 Langley Centre/Scottsdale,15252764,11121,6,0
2026-07-26T00:05:26.910433+00:00,1785024325,11692,364 Langley Centre/Scottsdale,15252764,11142,7,0
2026-07-26T00:05:26.910433+00:00,1785024325,11692,364 Langley Centre/Scottsdale,15252764,11139,8,0
2026-07-26T00:05:26.910433+00:00,1785024325,11692,364 Langley Centre/Scottsdale,15252764,11156,9,0
2026-07-26T00:05:26.910433+00:00,1785024325,11692,364 Langley Centre/Scottsdale,15252764,5583,10,0
2026-07-26T00:05:26.910433+00:00,1785024325,11692,364 Langley Centre/Scottsdale,15252764,5584,11,0
2026-07-26T00:05:26.910433+00:00,1785024325,11692,364 Langley Centre/Scottsdale,15252764,6464,12,0
2026-07-26T00:05:26.910433+00:00,1785024325,11692,364 Langley Centre/Scottsdale,15252764,6465,13,0
2026-07-26T00:05:26.910433+00:00,1785024325,11692,364 Langley Centre/Scottsdale,15252764,11074,14,0
2026-07-26T00:05:26.910433+00:00,1785024325,11692,364 Langley Centre/Scottsdale,15252764,11153,15,0
2026-07-26T00:05:26.910433+00:00,1785024325,11692,364 Langley Centre/Scottsdale,15252764,11150,16,0
2026-07-26T00:05:26.910433+00:00,1785024325,11692,364 Langley Centre/Scottsdale,15252764,11148,17,0
2026-07-26T00:05:26.910433+00:00,1785024325,11692,364 Langley Centre/Scottsdale,15252764,11124,18,0
2026-07-26T00:05:26.910433+00:00,1785024325,11692,364 Langley Centre/Scottsdale,15252764,11140,19,0
2026-07-26T00:05:26.910433+00:00,1785024325,11692,364 Langley Centre/Scottsdale,15252764,11145,20,0
2026-07-26T00:05:26.910433+00:00,1785024325,11692,364 Langley Centre/Scottsdale,15252764,11076,21,0
2026-07-26T00:05:26.910433+00:00,1785024325,11692,364 Langley Centre/Scottsdale,15252764,12645,22,0
2026-07-26T00:05:26.910433+00:00,1785024325,11692,364 Langley Centre/Scottsdale,15252764,9525,23,0
2026-07-26T00:05:26.910433+00:00,1785024325,11692,364 Langley Centre/Scottsdale,15252764,10148,24,0
2026-07-26T00:05:26.910433+00:00,1785024325,11692,364 Langley Centre/Scottsdale,15252764,10585,25,0
2026-07-26T00:05:26.910433+00:00,1785024325,11692,364 Langley Centre/Scottsdale,15252764,10250,26,0
2026-07-26T00:05:26.910433+00:00,1785024325,11692,364 Langley Centre/Scottsdale,15252764,10588,27,0
2026-07-26T00:05:26.910433+00:00,1785024325,11692,364 Langley Centre/Scottsdale,15252764,10248,28,0
2026-07-26T00:05:26.910433+00:00,1785024325,11692,364 Langley Centre/Scottsdale,15252764,10726,29,0
2026-07-26T00:05:26.910433+00:00,1785024325,11692,364 Langley Centre/Scottsdale,15252764,10725,30,0
2026-07-26T00:05:26.910433+00:00,1785024325,11692,364 Langley Centre/Scottsdale,15252764,10727,31,0
2026-07-26T00:05:26.910433+00:00,1785024325,11692,364 Langley Centre/Scottsdale,15252764,10251,32,0
2026-07-26T00:05:26.910433+00:00,1785024325,11692,364 Langley Centre/Scottsdale,15252764,10252,33,0
2026-07-26T00:05:26.910433+00:00,1785024325,11692,364 Langley Centre/Scottsdale,15252764,10253,34,0
2026-07-26T00:05:26.910433+00:00,1785024325,11692,364 Langley Centre/Scottsdale,15252764,10255,35,0
2026-07-26T00:05:26.910433+00:00,1785024325,11692,364 Langley Centre/Scottsdale,15252764,5332,36,0
2026-07-26T00:05:26.910433+00:00,1785024325,11692,364 Langley Centre/Scottsdale,15252764,12497,37,0
2026-07-26T00:05:26.910433+00:00,1785024325,11692,364 Langley Centre/Scottsdale,15252764,5334,38,0
2026-07-26T00:05:26.910433+00:00,1785024325,11692,364 Langley Centre/Scottsdale,15252764,6472,39,0
2026-07-26T00:05:26.910433+00:00,1785024325,11692,364 Langley Centre/Scottsdale,15252764,6473,40,0
2026-07-26T00:05:26.910433+00:00,1785024325,11692,364 Langley Centre/Scottsdale,15252764,6474,41,0
2026-07-26T00:05:26.910433+00:00,1785024325,11692,364 Langley Centre/Scottsdale,15252764,9306,42,0
2026-07-26T00:05:26.910433+00:00,1785024325,11692,364 Langley Centre/Scottsdale,15252764,11125,43,0
2026-07-26T00:05:26.910433+00:00,1785024325,11692,364 Langley Centre/Scottsdale,15252764,9294,44,0
2026-07-26T00:05:26.910433+00:00,1785024325,11692,364 Langley Centre/Scottsdale,15252764,9293,45,0
2026-07-26T00:05:26.910433+00:00,1785024325,11692,364 Langley Centre/Scottsdale,15252764,11126,46,0
2026-07-26T00:05:26.910433+00:00,1785024325,11692,364 Langley Centre/Scottsdale,15252764,7094,47,0
2026-07-26T00:05:26.910433+00:00,1785024325,11692,364 Langley Centre/Scottsdale,15252796,6464,12,88
2026-07-26T00:05:26.910433+00:00,1785024325,11692,364 Langley Centre/Scottsdale,15252796,6465,13,65
2026-07-26T00:05:26.910433+00:00,1785024325,11692,364 Langley Centre/Scottsdale,15252796,11074,14,103
2026-07-26T00:05:26.910433+00:00,1785024325,11692,364 Langley Centre/Scottsdale,15252796,11153,15,72
2026-07-26T00:05:26.910433+00:00,1785024325,11692,364 Langley Centre/Scottsdale,15252796,11150,16,32
2026-07-26T00:05:26.910433+00:00,1785024325,11692,364 Langley Centre/Scottsdale,15252796,11148,17,15
2026-07-26T00:05:26.910433+00:00,1785024325,11692,364 Langley Centre/Scottsdale,15252796,11124,18,24
2026-07-26T00:05:26.910433+00:00,1785024325,11692,364 Langley Centre/Scottsdale,15252796,11140,19,-14
2026-07-26T00:05:26.910433+00:00,1785024325,11692,364 Langley Centre/Scottsdale,15252796,11145,20,-26
2026-07-26T00:05:26.910433+00:00,1785024325,11692,364 Langley Centre/Scottsdale,15252796,11076,21,0
2026-07-26T00:05:26.910433+00:00,1785024325,11692,364 Langley Centre/Scottsdale,15252796,12645,22,-212
2026-07-26T00:05:26.910433+00:00,1785024325,11692,364 Langley Centre/Scottsdale,15252796,9525,23,-214
2026-07-26T00:05:26.910433+00:00,1785024325,11692,364 Langley Centre/Scottsdale,15252796,10148,24,-200
2026-07-26T00:05:26.910433+00:00,1785024325,11692,364 Langley Centre/Scottsdale,15252796,10585,25,-222
2026-07-26T00:05:26.910433+00:00,1785024325,11692,364 Langley Centre/Scottsdale,15252796,10250,26,-232
2026-07-26T00:05:26.910433+00:00,1785024325,11692,364 Langley Centre/Scottsdale,15252796,10588,27,-240
2026-07-26T00:05:26.910433+00:00,1785024325,11692,364 Langley Centre/Scottsdale,15252796,10248,28,-217
2026-07-26T00:05:26.910433+00:00,1785024325,11692,364 Langley Centre/Scottsdale,15252796,10726,29,-212
2026-07-26T00:05:26.910433+00:00,1785024325,11692,364 Langley Centre/Scottsdale,15252796,10725,30,-226
2026-07-26T00:05:26.910433+00:00,1785024325,11692,364 Langley Centre/Scottsdale,15252796,10727,31,-242
2026-07-26T00:05:26.910433+00:00,1785024325,11692,364 Langley Centre/Scottsdale,15252796,10251,32,-249
2026-07-26T00:05:26.910433+00:00,1785024325,11692,364 Langley Centre/Scottsdale,15252796,10252,33,-272
2026-07-26T00:05:26.910433+00:00,1785024325,11692,364 Langley Centre/Scottsdale,15252796,10253,34,-281
2026-07-26T00:05:26.910433+00:00,1785024325,11692,364 Langley Centre/Scottsdale,15252796,10255,35,-299
2026-07-26T00:05:26.910433+00:00,1785024325,11692,364 Langley Centre/Scottsdale,15252796,5332,36,-263
2026-07-26T00:05:26.910433+00:00,1785024325,11692,364 Langley Centre/Scottsdale,15252796,12497,37,-289
2026-07-26T00:05:26.910433+00:00,1785024325,11692,364 Langley Centre/Scottsdale,15252796,5334,38,-293
2026-07-26T00:05:26.910433+00:00,1785024325,11692,364 Langley Centre/Scottsdale,15252796,6472,39,-280
2026-07-26T00:05:26.910433+00:00,1785024325,11692,364 Langley Centre/Scottsdale,15252796,6473,40,-277
2026-07-26T00:05:26.910433+00:00,1785024325,11692,364 Langley Centre/Scottsdale,15252796,6474,41,-272
2026-07-26T00:05:26.910433+00:00,1785024325,11692,364 Langley Centre/Scottsdale,15252796,9306,42,-223
2026-07-26T00:05:26.910433+00:00,1785024325,11692,364 Langley Centre/Scottsdale,15252796,11125,43,-226
2026-07-26T00:05:26.910433+00:00,1785024325,11692,364 Langley Centre/Scottsdale,15252796,9294,44,-232
2026-07-26T00:05:26.910433+00:00,1785024325,11692,364 Langley Centre/Scottsdale,15252796,9293,45,-240
2026-07-26T00:05:26.910433+00:00,1785024325,11692,364 Langley Centre/Scottsdale,15252796,11126,46,-230
2026-07-26T00:05:26.910433+00:00,1785024325,11692,364 Langley Centre/Scottsdale,15252796,7094,47,-267
2026-07-26T00:05:26.910433+00:00,1785024325,11692,364 Langley Centre/Scottsdale,15252799,10248,28,-165
2026-07-26T00:05:26.910433+00:00,1785024325,11692,364 Langley Centre/Scottsdale,15252799,10726,29,-157
2026-07-26T00:05:26.910433+00:00,1785024325,11692,364 Langley Centre/Scottsdale,15252799,10725,30,-169
2026-07-26T00:05:26.910433+00:00,1785024325,11692,364 Langley Centre/Scottsdale,15252799,10727,31,-184
2026-07-26T00:05:26.910433+00:00,1785024325,11692,364 Langley Centre/Scottsdale,15252799,10251,32,-190
2026-07-26T00:05:26.910433+00:00,1785024325,11692,364 Langley Centre/Scottsdale,15252799,10252,33,-210
2026-07-26T00:05:26.910433+00:00,1785024325,11692,364 Langley Centre/Scottsdale,15252799,10253,34,-219
2026-07-26T00:05:26.910433+00:00,1785024325,11692,364 Langley Centre/Scottsdale,15252799,10255,35,-237
2026-07-26T00:05:26.910433+00:00,1785024325,11692,364 Langley Centre/Scottsdale,15252799,5332,36,-201
2026-07-26T00:05:26.910433+00:00,1785024325,11692,364 Langley Centre/Scottsdale,15252799,12497,37,-228
2026-07-26T00:05:26.910433+00:00,1785024325,11692,364 Langley Centre/Scottsdale,15252799,5334,38,-233
2026-07-26T00:05:26.910433+00:00,1785024325,11692,364 Langley Centre/Scottsdale,15252799,6472,39,-220
2026-07-26T00:05:26.910433+00:00,1785024325,11692,364 Langley Centre/Scottsdale,15252799,6473,40,-218
2026-07-26T00:05:26.910433+00:00,1785024325,11692,364 Langley Centre/Scottsdale,15252799,6474,41,-213
2026-07-26T00:05:26.910433+00:00,1785024325,11692,364 Langley Centre/Scottsdale,15252799,9306,42,-161
2026-07-26T00:05:26.910433+00:00,1785024325,11692,364 Langley Centre/Scottsdale,15252799,11125,43,-160
2026-07-26T00:05:26.910433+00:00,1785024325,11692,364 Langley Centre/Scottsdale,15252799,9294,44,-145
2026-07-26T00:05:26.910433+00:00,1785024325,11692,364 Langley Centre/Scottsdale,15252799,9293,45,-155
2026-07-26T00:05:26.910433+00:00,1785024325,11692,364 Langley Centre/Scottsdale,15252799,11126,46,-145
2026-07-26T00:05:26.910433+00:00,1785024325,11692,364 Langley Centre/Scottsdale,15252799,7094,47,-182
2026-07-26T00:05:26.910433+00:00,1785024325,11692,364 Langley Centre/Scottsdale,15252822,11075,29,-173
2026-07-26T00:05:26.910433+00:00,1785024325,11692,364 Langley Centre/Scottsdale,15252822,11174,30,-194
2026-07-26T00:05:26.910433+00:00,1785024325,11692,364 Langley Centre/Scottsdale,15252822,11175,31,-220
2026-07-26T00:05:26.910433+00:00,1785024325,11692,364 Langley Centre/Scottsdale,15252822,11123,32,-217
2026-07-26T00:05:26.910433+00:00,1785024325,11692,364 Langley Centre/Scottsdale,15252822,11176,33,-208
2026-07-26T00:05:26.910433+00:00,1785024325,11692,364 Langley Centre/Scottsdale,15252822,11177,34,-233
2026-07-26T00:05:26.910433+00:00,1785024325,11692,364 Langley Centre/Scottsdale,15252822,11178,35,-258
2026-07-26T00:05:26.910433+00:00,1785024325,11692,364 Langley Centre/Scottsdale,15252822,6459,36,-163
2026-07-26T00:05:26.910433+00:00,1785024325,11692,364 Langley Centre/Scottsdale,15252822,6460,37,-165
2026-07-26T00:05:26.910433+00:00,1785024325,11692,364 Langley Centre/Scottsdale,15252822,5621,38,-158
2026-07-26T00:05:26.910433+00:00,1785024325,11692,364 Langley Centre/Scottsdale,15252822,5622,39,-176
2026-07-26T00:05:26.910433+00:00,1785024325,11692,364 Langley Centre/Scottsdale,15252822,11122,40,-135
2026-07-26T00:05:26.910433+00:00,1785024325,11692,364 Langley Centre/Scottsdale,15252822,11155,41,-146
2026-07-26T00:05:26.910433+00:00,1785024325,11692,364 Langley Centre/Scottsdale,15252822,11143,42,-146
2026-07-26T00:05:26.910433+00:00,1785024325,11692,364 Langley Centre/Scottsdale,15252822,11141,43,-172
2026-07-26T00:05:26.910433+00:00,1785024325,11692,364 Langley Centre/Scottsdale,15252822,4936,44,-147
2026-07-26T00:05:26.910433+00:00,1785024325,11692,364 Langley Centre/Scottsdale,15252822,4937,45,-160
2026-07-26T00:05:26.910433+00:00,1785024325,11692,364 Langley Centre/Scottsdale,15252822,4938,46,-176
2026-07-26T00:05:26.910433+00:00,1785024325,11692,364 Langley Centre/Scottsdale,15252822,5229,47,-163
2026-07-26T00:05:26.910433+00:00,1785024325,11692,364 Langley Centre/Scottsdale,15252822,4917,48,-87
2026-07-26T00:05:26.910433+00:00,1785024325,11692,364 Langley Centre/Scottsdale,15252824,12496,12,12
2026-07-26T00:05:26.910433+00:00,1785024325,11692,364 Langley Centre/Scottsdale,15252824,5382,13,-5
2026-07-26T00:05:26.910433+00:00,1785024325,11692,364 Langley Centre/Scottsdale,15252824,12516,14,123
2026-07-26T00:05:26.910433+00:00,1785024325,11692,364 Langley Centre/Scottsdale,15252824,10257,15,84
2026-07-26T00:05:26.910433+00:00,1785024325,11692,364 Langley Centre/Scottsdale,15252824,10258,16,70
2026-07-26T00:05:26.910433+00:00,1785024325,11692,364 Langley Centre/Scottsdale,15252824,10259,17,28
2026-07-26T00:05:26.910433+00:00,1785024325,11692,364 Langley Centre/Scottsdale,15252824,10260,18,10
2026-07-26T00:05:26.910433+00:00,1785024325,11692,364 Langley Centre/Scottsdale,15252824,10729,19,-32
2026-07-26T00:05:26.910433+00:00,1785024325,11692,364 Langley Centre/Scottsdale,15252824,13067,20,-53
2026-07-26T00:05:26.910433+00:00,1785024325,11692,364 Langley Centre/Scottsdale,15252824,10633,21,-78
2026-07-26T00:05:26.910433+00:00,1785024325,11692,364 Langley Centre/Scottsdale,15252824,10149,22,-45
2026-07-26T00:05:26.910433+00:00,1785024325,11692,364 Langley Centre/Scottsdale,15252824,10587,23,-62
2026-07-26T00:05:26.910433+00:00,1785024325,11692,364 Langley Centre/Scottsdale,15252824,10261,24,-91
2026-07-26T00:05:26.910433+00:00,1785024325,11692,364 Langley Centre/Scottsdale,15252824,10586,25,-124
2026-07-26T00:05:26.910433+00:00,1785024325,11692,364 Langley Centre/Scottsdale,15252824,9547,26,-98
2026-07-26T00:05:26.910433+00:00,1785024325,11692,364 Langley Centre/Scottsdale,15252824,9526,27,-125
2026-07-26T00:05:26.910433+00:00,1785024325,11692,364 Langley Centre/Scottsdale,15252824,12646,28,-137
2026-07-26T00:05:26.910433+00:00,1785024325,11692,364 Langley Centre/Scottsdale,15252824,11075,29,-272
2026-07-26T00:05:26.910433+00:00,1785024325,11692,364 Langley Centre/Scottsdale,15252824,11174,30,-293
2026-07-26T00:05:26.910433+00:00,1785024325,11692,364 Langley Centre/Scottsdale,15252824,11175,31,-319
2026-07-26T00:05:26.910433+00:00,1785024325,11692,364 Langley Centre/Scottsdale,15252824,11123,32,-315
2026-07-26T00:05:26.910433+00:00,1785024325,11692,364 Langley Centre/Scottsdale,15252824,11176,33,-306
2026-07-26T00:05:26.910433+00:00,1785024325,11692,364 Langley Centre/Scottsdale,15252824,11177,34,-330
2026-07-26T00:05:26.910433+00:00,1785024325,11692,364 Langley Centre/Scottsdale,15252824,11178,35,-353
2026-07-26T00:05:26.910433+00:00,1785024325,11692,364 Langley Centre/Scottsdale,15252824,6459,36,-257
2026-07-26T00:05:26.910433+00:00,1785024325,11692,364 Langley Centre/Scottsdale,15252824,6460,37,-259
2026-07-26T00:05:26.910433+00:00,1785024325,11692,364 Langley Centre/Scottsdale,15252824,5621,38,-252
2026-07-26T00:05:26.910433+00:00,1785024325,11692,364 Langley Centre/Scottsdale,15252824,5622,39,-270
2026-07-26T00:05:26.910433+00:00,1785024325,11692,364 Langley Centre/Scottsdale,15252824,11122,40,-229
2026-07-26T00:05:26.910433+00:00,1785024325,11692,364 Langley Centre/Scottsdale,15252824,11155,41,-239
2026-07-26T00:05:26.910433+00:00,1785024325,11692,364 Langley Centre/Scottsdale,15252824,11143,42,-239
2026-07-26T00:05:26.910433+00:00,1785024325,11692,364 Langley Centre/Scottsdale,15252824,11141,43,-265
2026-07-26T00:05:26.910433+00:00,1785024325,11692,364 Langley Centre/Scottsdale,15252824,4936,44,-242
2026-07-26T00:05:26.910433+00:00,1785024325,11692,364 Langley Centre/Scottsdale,15252824,4937,45,-258
2026-07-26T00:05:26.910433+00:00,1785024325,11692,364 Langley Centre/Scottsdale,15252824,4938,46,-277
2026-07-26T00:05:26.910433+00:00,1785024325,11692,364 Langley Centre/Scottsdale,15252824,5229,47,-269
2026-07-26T00:05:26.910433+00:00,1785024325,11692,364 Langley Centre/Scottsdale,15252824,4917,48,-195
2026-07-26T00:05:26.910433+00:00,1785024325,11692,364 Langley Centre/Scottsdale,15252840,6460,37,90
2026-07-26T00:05:26.910433+00:00,1785024325,11692,364 Langley Centre/Scottsdale,15252840,5621,38,97
2026-07-26T00:05:26.910433+00:00,1785024325,11692,364 Langley Centre/Scottsdale,15252840,5622,39,80
2026-07-26T00:05:26.910433+00:00,1785024325,11692,364 Langley Centre/Scottsdale,15252840,11122,40,121
2026-07-26T00:05:26.910433+00:00,1785024325,11692,364 Langley Centre/Scottsdale,15252840,11155,41,112
2026-07-26T00:05:26.910433+00:00,1785024325,11692,364 Langley Centre/Scottsdale,15252840,11143,42,112
2026-07-26T00:05:26.910433+00:00,1785024325,11692,364 Langley Centre/Scottsdale,15252840,11141,43,86
2026-07-26T00:05:26.910433+00:00,1785024325,11692,364 Langley Centre/Scottsdale,15252840,4936,44,109
2026-07-26T00:05:26.910433+00:00,1785024325,11692,364 Langley Centre/Scottsdale,15252840,4937,45,94
2026-07-26T00:05:26.910433+00:00,1785024325,11692,364 Langley Centre/Scottsdale,15252840,4938,46,76
2026-07-26T00:05:26.910433+00:00,1785024325,11692,364 Langley Centre/Scottsdale,15252840,5229,47,85
2026-07-26T00:05:26.910433+00:00,1785024325,11692,364 Langley Centre/Scottsdale,15252840,4917,48,159
2026-07-26T00:05:26.910433+00:00,1785024325,11692,364 Langley Centre/Scottsdale,15252841,9291,4,-689
2026-07-26T00:05:26.910433+00:00,1785024325,11692,364 Langley Centre/Scottsdale,15252841,9292,5,-701
2026-07-26T00:05:26.910433+00:00,1785024325,11692,364 Langley Centre/Scottsdale,15252841,11264,6,-692
2026-07-26T00:05:26.910433+00:00,1785024325,11692,364 Langley Centre/Scottsdale,15252841,9303,7,-702
2026-07-26T00:05:26.910433+00:00,1785024325,11692,364 Langley Centre/Scottsdale,15252841,9304,8,-712
2026-07-26T00:05:26.910433+00:00,1785024325,11692,364 Langley Centre/Scottsdale,15252841,6475,9,-672
2026-07-26T00:05:26.910433+00:00,1785024325,11692,364 Langley Centre/Scottsdale,15252841,6476,10,-697
2026-07-26T00:05:26.910433+00:00,1785024325,11692,364 Langley Centre/Scottsdale,15252841,5381,11,-707
2026-07-26T00:05:26.910433+00:00,1785024325,11692,364 Langley Centre/Scottsdale,15252841,12496,12,-706
2026-07-26T00:05:26.910433+00:00,1785024325,11692,364 Langley Centre/Scottsdale,15252841,5382,13,-723
2026-07-26T00:05:26.910433+00:00,1785024325,11692,364 Langley Centre/Scottsdale,15252841,12516,14,-594
2026-07-26T00:05:26.910433+00:00,1785024325,11692,364 Langley Centre/Scottsdale,15252841,10257,15,-633
2026-07-26T00:05:26.910433+00:00,1785024325,11692,364 Langley Centre/Scottsdale,15252841,10258,16,-647
2026-07-26T00:05:26.910433+00:00,1785024325,11692,364 Langley Centre/Scottsdale,15252841,10259,17,-690
2026-07-26T00:05:26.910433+00:00,1785024325,11692,364 Langley Centre/Scottsdale,15252841,10260,18,0
2026-07-26T00:05:26.910433+00:00,1785024325,11692,364 Langley Centre/Scottsdale,15252841,10729,19,-42
2026-07-26T00:05:26.910433+00:00,1785024325,11692,364 Langley Centre/Scottsdale,15252841,13067,20,-63
2026-07-26T00:05:26.910433+00:00,1785024325,11692,364 Langley Centre/Scottsdale,15252841,10633,21,-88
2026-07-26T00:05:26.910433+00:00,1785024325,11692,364 Langley Centre/Scottsdale,15252841,10149,22,-55
2026-07-26T00:05:26.910433+00:00,1785024325,11692,364 Langley Centre/Scottsdale,15252841,10587,23,-72
2026-07-26T00:05:26.910433+00:00,1785024325,11692,364 Langley Centre/Scottsdale,15252841,10261,24,-102
2026-07-26T00:05:26.910433+00:00,1785024325,11692,364 Langley Centre/Scottsdale,15252841,10586,25,-134
2026-07-26T00:05:26.910433+00:00,1785024325,11692,364 Langley Centre/Scottsdale,15252841,9547,26,-108
2026-07-26T00:05:26.910433+00:00,1785024325,11692,364 Langley Centre/Scottsdale,15252841,9526,27,-134
2026-07-26T00:05:26.910433+00:00,1785024325,11692,364 Langley Centre/Scottsdale,15252841,12646,28,-147
2026-07-26T00:05:26.910433+00:00,1785024325,11692,364 Langley Centre/Scottsdale,15252841,11075,29,-281
2026-07-26T00:05:26.910433+00:00,1785024325,11692,364 Langley Centre/Scottsdale,15252841,11174,30,-302
2026-07-26T00:05:26.910433+00:00,1785024325,11692,364 Langley Centre/Scottsdale,15252841,11175,31,-329
2026-07-26T00:05:26.910433+00:00,1785024325,11692,364 Langley Centre/Scottsdale,15252841,11123,32,-325
2026-07-26T00:05:26.910433+00:00,1785024325,11692,364 Langley Centre/Scottsdale,15252841,11176,33,-316
2026-07-26T00:05:26.910433+00:00,1785024325,11692,364 Langley Centre/Scottsdale,15252841,11177,34,-341
2026-07-26T00:05:26.910433+00:00,1785024325,11692,364 Langley Centre/Scottsdale,15252841,11178,35,-365
2026-07-26T00:05:26.910433+00:00,1785024325,11692,364 Langley Centre/Scottsdale,15252841,6459,36,-269
2026-07-26T00:05:26.910433+00:00,1785024325,11692,364 Langley Centre/Scottsdale,15252841,6460,37,-270
2026-07-26T00:05:26.910433+00:00,1785024325,11692,364 Langley Centre/Scottsdale,15252841,5621,38,-263
2026-07-26T00:05:26.910433+00:00,1785024325,11692,364 Langley Centre/Scottsdale,15252841,5622,39,-280
2026-07-26T00:05:26.910433+00:00,1785024325,11692,364 Langley Centre/Scottsdale,15252841,11122,40,-240
2026-07-26T00:05:26.910433+00:00,1785024325,11692,364 Langley Centre/Scottsdale,15252841,11155,41,-248
2026-07-26T00:05:26.910433+00:00,1785024325,11692,364 Langley Centre/Scottsdale,15252841,11143,42,-248
2026-07-26T00:05:26.910433+00:00,1785024325,11692,364 Langley Centre/Scottsdale,15252841,11141,43,-274
2026-07-26T00:05:26.910433+00:00,1785024325,11692,364 Langley Centre/Scottsdale,15252841,4936,44,-252
2026-07-26T00:05:26.910433+00:00,1785024325,11692,364 Langley Centre/Scottsdale,15252841,4937,45,-264
2026-07-26T00:05:26.910433+00:00,1785024325,11692,364 Langley Centre/Scottsdale,15252841,4938,46,-281
2026-07-26T00:05:26.910433+00:00,1785024325,11692,364 Langley Centre/Scottsdale,15252841,5229,47,-269
2026-07-26T00:05:26.910433+00:00,1785024325,11692,364 Langley Centre/Scottsdale,15252841,4917,48,-197
2026-07-26T00:05:26.910433+00:00,1785024325,18705,531 WhiteRock/WillowBrook,15259245,9291,46,-320
2026-07-26T00:05:26.910433+00:00,1785024325,18705,531 WhiteRock/WillowBrook,15259245,9292,47,-321
2026-07-26T00:05:26.910433+00:00,1785024325,18705,531 WhiteRock/WillowBrook,15259245,11264,48,-315
2026-07-26T00:05:26.910433+00:00,1785024325,18705,531 WhiteRock/WillowBrook,15259245,9303,49,-307
2026-07-26T00:05:26.910433+00:00,1785024325,18705,531 WhiteRock/WillowBrook,15259245,9304,50,-309
2026-07-26T00:05:26.910433+00:00,1785024325,18705,531 WhiteRock/WillowBrook,15259245,6475,51,-257
2026-07-26T00:05:26.910433+00:00,1785024325,18705,531 WhiteRock/WillowBrook,15259245,6476,52,-267
2026-07-26T00:05:26.910433+00:00,1785024325,18705,531 WhiteRock/WillowBrook,15259245,5335,53,-257
2026-07-26T00:05:26.910433+00:00,1785024325,18705,531 WhiteRock/WillowBrook,15259245,7100,54,-215
2026-07-26T00:05:26.910433+00:00,1785024325,18705,531 WhiteRock/WillowBrook,15259246,12306,15,66
2026-07-26T00:05:26.910433+00:00,1785024325,18705,531 WhiteRock/WillowBrook,15259246,12218,16,24
2026-07-26T00:05:26.910433+00:00,1785024325,18705,531 WhiteRock/WillowBrook,15259246,11924,17,-35
2026-07-26T00:05:26.910433+00:00,1785024325,18705,531 WhiteRock/WillowBrook,15259246,13131,18,-68
2026-07-26T00:05:26.910433+00:00,1785024325,18705,531 WhiteRock/WillowBrook,15259246,11923,19,-92
2026-07-26T00:05:26.910433+00:00,1785024325,18705,531 WhiteRock/WillowBrook,15259246,12597,20,-157
2026-07-26T00:05:26.910433+00:00,1785024325,18705,531 WhiteRock/WillowBrook,15259246,11922,21,-174
2026-07-26T00:05:26.910433+00:00,1785024325,18705,531 WhiteRock/WillowBrook,15259246,11744,22,-169
2026-07-26T00:05:26.910433+00:00,1785024325,18705,531 WhiteRock/WillowBrook,15259246,11839,23,-195
2026-07-26T00:05:26.910433+00:00,1785024325,18705,531 WhiteRock/WillowBrook,15259246,12922,24,-225
2026-07-26T00:05:26.910433+00:00,1785024325,18705,531 WhiteRock/WillowBrook,15259246,12923,25,-254
2026-07-26T00:05:26.910433+00:00,1785024325,18705,531 WhiteRock/WillowBrook,15259246,12925,26,-262
2026-07-26T00:05:26.910433+00:00,1785024325,18705,531 WhiteRock/WillowBrook,15259246,12928,27,-290
2026-07-26T00:05:26.910433+00:00,1785024325,18705,531 WhiteRock/WillowBrook,15259246,12930,28,-311
2026-07-26T00:05:26.910433+00:00,1785024325,18705,531 WhiteRock/WillowBrook,15259246,13042,29,-334
2026-07-26T00:05:26.910433+00:00,1785024325,18705,531 WhiteRock/WillowBrook,15259246,8936,30,-330
2026-07-26T00:05:26.910433+00:00,1785024325,18705,531 WhiteRock/WillowBrook,15259246,9030,31,-341
2026-07-26T00:05:26.910433+00:00,1785024325,18705,531 WhiteRock/WillowBrook,15259246,8937,32,-358
2026-07-26T00:05:26.910433+00:00,1785024325,18705,531 WhiteRock/WillowBrook,15259246,8938,33,-357
2026-07-26T00:05:26.910433+00:00,1785024325,18705,531 WhiteRock/WillowBrook,15259246,7081,34,-360
2026-07-26T00:05:26.910433+00:00,1785024325,18705,531 WhiteRock/WillowBrook,15259246,7082,35,-366
2026-07-26T00:05:26.910433+00:00,1785024325,18705,531 WhiteRock/WillowBrook,15259246,7083,36,-389
2026-07-26T00:05:26.910433+00:00,1785024325,18705,531 WhiteRock/WillowBrook,15259246,7084,37,-405
2026-07-26T00:05:26.910433+00:00,1785024325,18705,531 WhiteRock/WillowBrook,15259246,7085,38,-434
2026-07-26T00:05:26.910433+00:00,1785024325,18705,531 WhiteRock/WillowBrook,15259246,8939,39,-443
2026-07-26T00:05:26.910433+00:00,1785024325,18705,531 WhiteRock/WillowBrook,15259246,7086,40,-453
2026-07-26T00:05:26.910433+00:00,1785024325,18705,531 WhiteRock/WillowBrook,15259246,8940,41,-476
2026-07-26T00:05:26.910433+00:00,1785024325,18705,531 WhiteRock/WillowBrook,15259246,5341,42,-481
2026-07-26T00:05:26.910433+00:00,1785024325,18705,531 WhiteRock/WillowBrook,15259246,5342,43,-476
2026-07-26T00:05:26.910433+00:00,1785024325,18705,531 WhiteRock/WillowBrook,15259246,12293,44,-460
2026-07-26T00:05:26.910433+00:00,1785024325,18705,531 WhiteRock/WillowBrook,15259246,12173,45,-394
2026-07-26T00:05:26.910433+00:00,1785024325,18705,531 WhiteRock/WillowBrook,15259246,9291,46,-425
2026-07-26T00:05:26.910433+00:00,1785024325,18705,531 WhiteRock/WillowBrook,15259246,9292,47,-428
2026-07-26T00:05:26.910433+00:00,1785024325,18705,531 WhiteRock/WillowBrook,15259246,11264,48,-413
2026-07-26T00:05:26.910433+00:00,1785024325,18705,531 WhiteRock/WillowBrook,15259246,9303,49,-414
2026-07-26T00:05:26.910433+00:00,1785024325,18705,531 WhiteRock/WillowBrook,15259246,9304,50,-417
2026-07-26T00:05:26.910433+00:00,1785024325,18705,531 WhiteRock/WillowBrook,15259246,6475,51,-366
2026-07-26T00:05:26.910433+00:00,1785024325,18705,531 WhiteRock/WillowBrook,15259246,6476,52,-374
2026-07-26T00:05:26.910433+00:00,1785024325,18705,531 WhiteRock/WillowBrook,15259246,5335,53,-362
2026-07-26T00:05:26.910433+00:00,1785024325,18705,531 WhiteRock/WillowBrook,15259246,7100,54,-320
2026-07-26T00:05:26.910433+00:00,1785024325,18705,531 WhiteRock/WillowBrook,15259247,13013,1,0
2026-07-26T00:05:26.910433+00:00,1785024325,18705,531 WhiteRock/WillowBrook,15259247,5437,2,0
2026-07-26T00:05:26.910433+00:00,1785024325,18705,531 WhiteRock/WillowBrook,15259247,5438,3,0
2026-07-26T00:05:26.910433+00:00,1785024325,18705,531 WhiteRock/WillowBrook,15259247,5439,4,0
2026-07-26T00:05:26.910433+00:00,1785024325,18705,531 WhiteRock/WillowBrook,15259247,5440,5,0
2026-07-26T00:05:26.910433+00:00,1785024325,18705,531 WhiteRock/WillowBrook,15259247,11755,6,0
2026-07-26T00:05:26.910433+00:00,1785024325,18705,531 WhiteRock/WillowBrook,15259247,11734,7,0
2026-07-26T00:05:26.910433+00:00,1785024325,18705,531 WhiteRock/WillowBrook,15259247,10856,8,0
2026-07-26T00:05:26.910433+00:00,1785024325,18705,531 WhiteRock/WillowBrook,15259247,11583,9,0
2026-07-26T00:05:26.910433+00:00,1785024325,18705,531 WhiteRock/WillowBrook,15259247,11574,10,0
2026-07-26T00:05:26.910433+00:00,1785024325,18705,531 WhiteRock/WillowBrook,15259247,11736,11,0
2026-07-26T00:05:26.910433+00:00,1785024325,18705,531 WhiteRock/WillowBrook,15259247,12379,12,0
2026-07-26T00:05:26.910433+00:00,1785024325,18705,531 WhiteRock/WillowBrook,15259247,11738,13,0
2026-07-26T00:05:26.910433+00:00,1785024325,18705,531 WhiteRock/WillowBrook,15259247,11743,14,0
2026-07-26T00:05:26.910433+00:00,1785024325,18705,531 WhiteRock/WillowBrook,15259247,12306,15,0
2026-07-26T00:05:26.910433+00:00,1785024325,18705,531 WhiteRock/WillowBrook,15259247,12218,16,0
2026-07-26T00:05:26.910433+00:00,1785024325,18705,531 WhiteRock/WillowBrook,15259247,11924,17,0
2026-07-26T00:05:26.910433+00:00,1785024325,18705,531 WhiteRock/WillowBrook,15259247,13131,18,0
2026-07-26T00:05:26.910433+00:00,1785024325,18705,531 WhiteRock/WillowBrook,15259247,11923,19,0
2026-07-26T00:05:26.910433+00:00,1785024325,18705,531 WhiteRock/WillowBrook,15259247,12597,20,0
2026-07-26T00:05:26.910433+00:00,1785024325,18705,531 WhiteRock/WillowBrook,15259247,11922,21,0
2026-07-26T00:05:26.910433+00:00,1785024325,18705,531 WhiteRock/WillowBrook,15259247,11744,22,0
2026-07-26T00:05:26.910433+00:00,1785024325,18705,531 WhiteRock/WillowBrook,15259247,11839,23,0
2026-07-26T00:05:26.910433+00:00,1785024325,18705,531 WhiteRock/WillowBrook,15259247,12922,24,0
2026-07-26T00:05:26.910433+00:00,1785024325,18705,531 WhiteRock/WillowBrook,15259247,12923,25,0
2026-07-26T00:05:26.910433+00:00,1785024325,18705,531 WhiteRock/WillowBrook,15259247,12925,26,0
2026-07-26T00:05:26.910433+00:00,1785024325,18705,531 WhiteRock/WillowBrook,15259247,12928,27,0
2026-07-26T00:05:26.910433+00:00,1785024325,18705,531 WhiteRock/WillowBrook,15259247,12930,28,0
2026-07-26T00:05:26.910433+00:00,1785024325,18705,531 WhiteRock/WillowBrook,15259247,13042,29,0
2026-07-26T00:05:26.910433+00:00,1785024325,18705,531 WhiteRock/WillowBrook,15259247,8936,30,0
2026-07-26T00:05:26.910433+00:00,1785024325,18705,531 WhiteRock/WillowBrook,15259247,9030,31,0
2026-07-26T00:05:26.910433+00:00,1785024325,18705,531 WhiteRock/WillowBrook,15259247,8937,32,0
2026-07-26T00:05:26.910433+00:00,1785024325,18705,531 WhiteRock/WillowBrook,15259247,8938,33,0
2026-07-26T00:05:26.910433+00:00,1785024325,18705,531 WhiteRock/WillowBrook,15259247,7081,34,0
2026-07-26T00:05:26.910433+00:00,1785024325,18705,531 WhiteRock/WillowBrook,15259247,7082,35,0
2026-07-26T00:05:26.910433+00:00,1785024325,18705,531 WhiteRock/WillowBrook,15259247,7083,36,0
2026-07-26T00:05:26.910433+00:00,1785024325,18705,531 WhiteRock/WillowBrook,15259247,7084,37,0
2026-07-26T00:05:26.910433+00:00,1785024325,18705,531 WhiteRock/WillowBrook,15259247,7085,38,0
2026-07-26T00:05:26.910433+00:00,1785024325,18705,531 WhiteRock/WillowBrook,15259247,8939,39,0
2026-07-26T00:05:26.910433+00:00,1785024325,18705,531 WhiteRock/WillowBrook,15259247,7086,40,0
2026-07-26T00:05:26.910433+00:00,1785024325,18705,531 WhiteRock/WillowBrook,15259247,8940,41,0
2026-07-26T00:05:26.910433+00:00,1785024325,18705,531 WhiteRock/WillowBrook,15259247,5341,42,0
2026-07-26T00:05:26.910433+00:00,1785024325,18705,531 WhiteRock/WillowBrook,15259247,5342,43,0
2026-07-26T00:05:26.910433+00:00,1785024325,18705,531 WhiteRock/WillowBrook,15259247,12293,44,0
2026-07-26T00:05:26.910433+00:00,1785024325,18705,531 WhiteRock/WillowBrook,15259247,12173,45,0
2026-07-26T00:05:26.910433+00:00,1785024325,18705,531 WhiteRock/WillowBrook,15259247,9291,46,0
2026-07-26T00:05:26.910433+00:00,1785024325,18705,531 WhiteRock/WillowBrook,15259247,9292,47,0
2026-07-26T00:05:26.910433+00:00,1785024325,18705,531 WhiteRock/WillowBrook,15259247,11264,48,0
2026-07-26T00:05:26.910433+00:00,1785024325,18705,531 WhiteRock/WillowBrook,15259247,9303,49,0
2026-07-26T00:05:26.910433+00:00,1785024325,18705,531 WhiteRock/WillowBrook,15259247,9304,50,0
2026-07-26T00:05:26.910433+00:00,1785024325,18705,531 WhiteRock/WillowBrook,15259247,6475,51,0
2026-07-26T00:05:26.910433+00:00,1785024325,18705,531 WhiteRock/WillowBrook,15259247,6476,52,0
2026-07-26T00:05:26.910433+00:00,1785024325,18705,531 WhiteRock/WillowBrook,15259247,5335,53,0
2026-07-26T00:05:26.910433+00:00,1785024325,18705,531 WhiteRock/WillowBrook,15259247,7100,54,0
2026-07-26T00:05:26.910433+00:00,1785024325,18705,531 WhiteRock/WillowBrook,15259282,11920,36,16
2026-07-26T00:05:26.910433+00:00,1785024325,18705,531 WhiteRock/WillowBrook,15259282,13130,37,-11
2026-07-26T00:05:26.910433+00:00,1785024325,18705,531 WhiteRock/WillowBrook,15259282,11925,38,-36
2026-07-26T00:05:26.910433+00:00,1785024325,18705,531 WhiteRock/WillowBrook,15259282,12219,39,-65
2026-07-26T00:05:26.910433+00:00,1785024325,18705,531 WhiteRock/WillowBrook,15259282,11741,40,-51
2026-07-26T00:05:26.910433+00:00,1785024325,18705,531 WhiteRock/WillowBrook,15259282,11740,41,-58
2026-07-26T00:05:26.910433+00:00,1785024325,18705,531 WhiteRock/WillowBrook,15259282,11739,42,-6
2026-07-26T00:05:26.910433+00:00,1785024325,18705,531 WhiteRock/WillowBrook,15259282,11737,43,41
2026-07-26T00:05:26.910433+00:00,1785024325,18705,531 WhiteRock/WillowBrook,15259282,11757,44,20
2026-07-26T00:05:26.910433+00:00,1785024325,18705,531 WhiteRock/WillowBrook,15259282,11735,45,57
2026-07-26T00:05:26.910433+00:00,1785024325,18705,531 WhiteRock/WillowBrook,15259282,11756,46,63
2026-07-26T00:05:26.910433+00:00,1785024325,18705,531 WhiteRock/WillowBrook,15259282,5535,47,98
2026-07-26T00:05:26.910433+00:00,1785024325,18705,531 WhiteRock/WillowBrook,15259282,5536,48,85
2026-07-26T00:05:26.910433+00:00,1785024325,18705,531 WhiteRock/WillowBrook,15259282,5537,49,87
2026-07-26T00:05:26.910433+00:00,1785024325,18705,531 WhiteRock/WillowBrook,15259282,5538,50,83
2026-07-26T00:05:26.910433+00:00,1785024325,18705,531 WhiteRock/WillowBrook,15259282,5539,51,102
2026-07-26T00:05:26.910433+00:00,1785024325,18705,531 WhiteRock/WillowBrook,15259282,5540,52,118
2026-07-26T00:05:26.910433+00:00,1785024325,18705,531 WhiteRock/WillowBrook,15259283,9306,4,83
2026-07-26T00:05:26.910433+00:00,1785024325,18705,531 WhiteRock/WillowBrook,15259283,11125,5,105
2026-07-26T00:05:26.910433+00:00,1785024325,18705,531 WhiteRock/WillowBrook,15259283,9294,6,106
2026-07-26T00:05:26.910433+00:00,1785024325,18705,531 WhiteRock/WillowBrook,15259283,9293,7,101
2026-07-26T00:05:26.910433+00:00,1785024325,18705,531 WhiteRock/WillowBrook,15259283,11126,8,110
2026-07-26T00:05:26.910433+00:00,1785024325,18705,531 WhiteRock/WillowBrook,15259283,7094,9,83
2026-07-26T00:05:26.910433+00:00,1785024325,18705,531 WhiteRock/WillowBrook,15259283,7166,10,67
2026-07-26T00:05:26.910433+00:00,1785024325,18705,531 WhiteRock/WillowBrook,15259283,7092,11,112
2026-07-26T00:05:26.910433+00:00,1785024325,18705,531 WhiteRock/WillowBrook,15259283,10747,12,135
2026-07-26T00:05:26.910433+00:00,1785024325,18705,531 WhiteRock/WillowBrook,15259283,5364,13,156
2026-07-26T00:05:26.910433+00:00,1785024325,18705,531 WhiteRock/WillowBrook,15259283,11775,14,187
2026-07-26T00:05:26.910433+00:00,1785024325,18705,531 WhiteRock/WillowBrook,15259283,7171,15,170
2026-07-26T00:05:26.910433+00:00,1785024325,18705,531 WhiteRock/WillowBrook,15259283,7172,16,143
2026-07-26T00:05:26.910433+00:00,1785024325,18705,531 WhiteRock/WillowBrook,15259283,7173,17,137
2026-07-26T00:05:26.910433+00:00,1785024325,18705,531 WhiteRock/WillowBrook,15259283,7174,18,111
2026-07-26T00:05:26.910433+00:00,1785024325,18705,531 WhiteRock/WillowBrook,15259283,7175,19,102
2026-07-26T00:05:26.910433+00:00,1785024325,18705,531 WhiteRock/WillowBrook,15259283,7176,20,86
2026-07-26T00:05:26.910433+00:00,1785024325,18705,531 WhiteRock/WillowBrook,15259283,7177,21,95
2026-07-26T00:05:26.910433+00:00,1785024325,18705,531 WhiteRock/WillowBrook,15259283,8948,22,82
2026-07-26T00:05:26.910433+00:00,1785024325,18705,531 WhiteRock/WillowBrook,15259283,9031,23,69
2026-07-26T00:05:26.910433+00:00,1785024325,18705,531 WhiteRock/WillowBrook,15259283,12931,24,69
2026-07-26T00:05:26.910433+00:00,1785024325,18705,531 WhiteRock/WillowBrook,15259283,13041,25,61
2026-07-26T00:05:26.910433+00:00,1785024325,18705,531 WhiteRock/WillowBrook,15259283,12929,26,51
2026-07-26T00:05:26.910433+00:00,1785024325,18705,531 WhiteRock/WillowBrook,15259283,12927,27,26
2026-07-26T00:05:26.910433+00:00,1785024325,18705,531 WhiteRock/WillowBrook,15259283,12926,28,28
2026-07-26T00:05:26.910433+00:00,1785024325,18705,531 WhiteRock/WillowBrook,15259283,12924,29,3
2026-07-26T00:05:26.910433+00:00,1785024325,18705,531 WhiteRock/WillowBrook,15259283,11751,30,2
2026-07-26T00:05:26.910433+00:00,1785024325,18705,531 WhiteRock/WillowBrook,15259283,11750,31,-28
2026-07-26T00:05:26.910433+00:00,1785024325,18705,531 WhiteRock/WillowBrook,15259283,11747,32,-50
2026-07-26T00:05:26.910433+00:00,1785024325,18705,531 WhiteRock/WillowBrook,15259283,11745,33,-59
2026-07-26T00:05:26.910433+00:00,1785024325,18705,531 WhiteRock/WillowBrook,15259283,13040,34,-63
2026-07-26T00:05:26.910433+00:00,1785024325,18705,531 WhiteRock/WillowBrook,15259283,12598,35,-80
2026-07-26T00:05:26.910433+00:00,1785024325,18705,531 WhiteRock/WillowBrook,15259283,11920,36,-126
2026-07-26T00:05:26.910433+00:00,1785024325,18705,531 WhiteRock/WillowBrook,15259283,13130,37,-153
2026-07-26T00:05:26.910433+00:00,1785024325,18705,531 WhiteRock/WillowBrook,15259283,11925,38,-178
2026-07-26T00:05:26.910433+00:00,1785024325,18705,531 WhiteRock/WillowBrook,15259283,12219,39,-208
2026-07-26T00:05:26.910433+00:00,1785024325,18705,531 WhiteRock/WillowBrook,15259283,11741,40,-198
2026-07-26T00:05:26.910433+00:00,1785024325,18705,531 WhiteRock/WillowBrook,15259283,11740,41,-206
2026-07-26T00:05:26.910433+00:00,1785024325,18705,531 WhiteRock/WillowBrook,15259283,11739,42,-154
2026-07-26T00:05:26.910433+00:00,1785024325,18705,531 WhiteRock/WillowBrook,15259283,11737,43,-114
2026-07-26T00:05:26.910433+00:00,1785024325,18705,531 WhiteRock/WillowBrook,15259283,11757,44,-138
2026-07-26T00:05:26.910433+00:00,1785024325,18705,531 WhiteRock/WillowBrook,15259283,11735,45,-101
2026-07-26T00:05:26.910433+00:00,1785024325,18705,531 WhiteRock/WillowBrook,15259283,11756,46,-96
2026-07-26T00:05:26.910433+00:00,1785024325,18705,531 WhiteRock/WillowBrook,15259283,5535,47,-63
2026-07-26T00:05:26.910433+00:00,1785024325,18705,531 WhiteRock/WillowBrook,15259283,5536,48,-79
2026-07-26T00:05:26.910433+00:00,1785024325,18705,531 WhiteRock/WillowBrook,15259283,5537,49,-76
2026-07-26T00:05:26.910433+00:00,1785024325,18705,531 WhiteRock/WillowBrook,15259283,5538,50,-78
2026-07-26T00:05:26.910433+00:00,1785024325,18705,531 WhiteRock/WillowBrook,15259283,5539,51,-68
2026-07-26T00:05:26.910433+00:00,1785024325,18705,531 WhiteRock/WillowBrook,15259283,5540,52,-53
2026-07-26T00:10:32.772895+00:00,1785024625,6705,321 Surrey Central/WhiteRock,15247329,5040,53,255
2026-07-26T00:10:32.772895+00:00,1785024625,6705,321 Surrey Central/WhiteRock,15247329,5041,54,264
2026-07-26T00:10:32.772895+00:00,1785024625,6705,321 Surrey Central/WhiteRock,15247329,12155,55,277
2026-07-26T00:10:32.772895+00:00,1785024625,6705,321 Surrey Central/WhiteRock,15247329,9089,56,289
2026-07-26T00:10:32.772895+00:00,1785024625,6705,321 Surrey Central/WhiteRock,15247329,7213,57,272
2026-07-26T00:10:32.772895+00:00,1785024625,6705,321 Surrey Central/WhiteRock,15247330,5474,48,46
2026-07-26T00:10:32.772895+00:00,1785024625,6705,321 Surrey Central/WhiteRock,15247330,5475,49,3
2026-07-26T00:10:32.772895+00:00,1785024625,6705,321 Surrey Central/WhiteRock,15247330,5476,50,-14
2026-07-26T00:10:32.772895+00:00,1785024625,6705,321 Surrey Central/WhiteRock,15247330,5477,51,-33
2026-07-26T00:10:32.772895+00:00,1785024625,6705,321 Surrey Central/WhiteRock,15247330,11725,52,-57
2026-07-26T00:10:32.772895+00:00,1785024625,6705,321 Surrey Central/WhiteRock,15247330,5040,53,-36
2026-07-26T00:10:32.772895+00:00,1785024625,6705,321 Surrey Central/WhiteRock,15247330,5041,54,-27
2026-07-26T00:10:32.772895+00:00,1785024625,6705,321 Surrey Central/WhiteRock,15247330,12155,55,-15
2026-07-26T00:10:32.772895+00:00,1785024625,6705,321 Surrey Central/WhiteRock,15247330,9089,56,-3
2026-07-26T00:10:32.772895+00:00,1785024625,6705,321 Surrey Central/WhiteRock,15247330,7213,57,-20
2026-07-26T00:10:32.772895+00:00,1785024625,6705,321 Surrey Central/WhiteRock,15247331,5465,39,25
2026-07-26T00:10:32.772895+00:00,1785024625,6705,321 Surrey Central/WhiteRock,15247331,5466,40,-10
2026-07-26T00:10:32.772895+00:00,1785024625,6705,321 Surrey Central/WhiteRock,15247331,5467,41,35
2026-07-26T00:10:32.772895+00:00,1785024625,6705,321 Surrey Central/WhiteRock,15247331,5468,42,10
2026-07-26T00:10:32.772895+00:00,1785024625,6705,321 Surrey Central/WhiteRock,15247331,5469,43,-21
2026-07-26T00:10:32.772895+00:00,1785024625,6705,321 Surrey Central/WhiteRock,15247331,5470,44,-42
2026-07-26T00:10:32.772895+00:00,1785024625,6705,321 Surrey Central/WhiteRock,15247331,5471,45,-72
2026-07-26T00:10:32.772895+00:00,1785024625,6705,321 Surrey Central/WhiteRock,15247331,5472,46,-92
2026-07-26T00:10:32.772895+00:00,1785024625,6705,321 Surrey Central/WhiteRock,15247331,5473,47,-137
2026-07-26T00:10:32.772895+00:00,1785024625,6705,321 Surrey Central/WhiteRock,15247331,5474,48,-134
2026-07-26T00:10:32.772895+00:00,1785024625,6705,321 Surrey Central/WhiteRock,15247331,5475,49,-176
2026-07-26T00:10:32.772895+00:00,1785024625,6705,321 Surrey Central/WhiteRock,15247331,5476,50,-193
2026-07-26T00:10:32.772895+00:00,1785024625,6705,321 Surrey Central/WhiteRock,15247331,5477,51,-212
2026-07-26T00:10:32.772895+00:00,1785024625,6705,321 Surrey Central/WhiteRock,15247331,11725,52,-236
2026-07-26T00:10:32.772895+00:00,1785024625,6705,321 Surrey Central/WhiteRock,15247331,5040,53,-214
2026-07-26T00:10:32.772895+00:00,1785024625,6705,321 Surrey Central/WhiteRock,15247331,5041,54,-205
2026-07-26T00:10:32.772895+00:00,1785024625,6705,321 Surrey Central/WhiteRock,15247331,12155,55,-192
2026-07-26T00:10:32.772895+00:00,1785024625,6705,321 Surrey Central/WhiteRock,15247331,9089,56,-180
2026-07-26T00:10:32.772895+00:00,1785024625,6705,321 Surrey Central/WhiteRock,15247331,7213,57,-197
2026-07-26T00:10:32.772895+00:00,1785024625,6705,321 Surrey Central/WhiteRock,15247332,5456,30,-159
2026-07-26T00:10:32.772895+00:00,1785024625,6705,321 Surrey Central/WhiteRock,15247332,12651,31,-181
2026-07-26T00:10:32.772895+00:00,1785024625,6705,321 Surrey Central/WhiteRock,15247332,5458,32,-176
2026-07-26T00:10:32.772895+00:00,1785024625,6705,321 Surrey Central/WhiteRock,15247332,5459,33,-163
2026-07-26T00:10:32.772895+00:00,1785024625,6705,321 Surrey Central/WhiteRock,15247332,5460,34,-167
2026-07-26T00:10:32.772895+00:00,1785024625,6705,321 Surrey Central/WhiteRock,15247332,5461,35,-173
2026-07-26T00:10:32.772895+00:00,1785024625,6705,321 Surrey Central/WhiteRock,15247332,5462,36,-177
2026-07-26T00:10:32.772895+00:00,1785024625,6705,321 Surrey Central/WhiteRock,15247332,5463,37,-121
2026-07-26T00:10:32.772895+00:00,1785024625,6705,321 Surrey Central/WhiteRock,15247332,5700,38,0
2026-07-26T00:10:32.772895+00:00,1785024625,6705,321 Surrey Central/WhiteRock,15247332,5465,39,7
2026-07-26T00:10:32.772895+00:00,1785024625,6705,321 Surrey Central/WhiteRock,15247332,5466,40,-29
2026-07-26T00:10:32.772895+00:00,1785024625,6705,321 Surrey Central/WhiteRock,15247332,5467,41,16
2026-07-26T00:10:32.772895+00:00,1785024625,6705,321 Surrey Central/WhiteRock,15247332,5468,42,-10
2026-07-26T00:10:32.772895+00:00,1785024625,6705,321 Surrey Central/WhiteRock,15247332,5469,43,-45
2026-07-26T00:10:32.772895+00:00,1785024625,6705,321 Surrey Central/WhiteRock,15247332,5470,44,-66
2026-07-26T00:10:32.772895+00:00,1785024625,6705,321 Surrey Central/WhiteRock,15247332,5471,45,-96
2026-07-26T00:10:32.772895+00:00,1785024625,6705,321 Surrey Central/WhiteRock,15247332,5472,46,-117
2026-07-26T00:10:32.772895+00:00,1785024625,6705,321 Surrey Central/WhiteRock,15247332,5473,47,-162
2026-07-26T00:10:32.772895+00:00,1785024625,6705,321 Surrey Central/WhiteRock,15247332,5474,48,-160
2026-07-26T00:10:32.772895+00:00,1785024625,6705,321 Surrey Central/WhiteRock,15247332,5475,49,-203
2026-07-26T00:10:32.772895+00:00,1785024625,6705,321 Surrey Central/WhiteRock,15247332,5476,50,-220
2026-07-26T00:10:32.772895+00:00,1785024625,6705,321 Surrey Central/WhiteRock,15247332,5477,51,-239
2026-07-26T00:10:32.772895+00:00,1785024625,6705,321 Surrey Central/WhiteRock,15247332,11725,52,-263
2026-07-26T00:10:32.772895+00:00,1785024625,6705,321 Surrey Central/WhiteRock,15247332,5040,53,-244
2026-07-26T00:10:32.772895+00:00,1785024625,6705,321 Surrey Central/WhiteRock,15247332,5041,54,-235
2026-07-26T00:10:32.772895+00:00,1785024625,6705,321 Surrey Central/WhiteRock,15247332,12155,55,-223
2026-07-26T00:10:32.772895+00:00,1785024625,6705,321 Surrey Central/WhiteRock,15247332,9089,56,-211
2026-07-26T00:10:32.772895+00:00,1785024625,6705,321 Surrey Central/WhiteRock,15247332,7213,57,-228
2026-07-26T00:10:32.772895+00:00,1785024625,6705,321 Surrey Central/WhiteRock,15247333,11313,24,-45
2026-07-26T00:10:32.772895+00:00,1785024625,6705,321 Surrey Central/WhiteRock,15247333,10808,25,-173
2026-07-26T00:10:32.772895+00:00,1785024625,6705,321 Surrey Central/WhiteRock,15247333,5452,26,-281
2026-07-26T00:10:32.772895+00:00,1785024625,6705,321 Surrey Central/WhiteRock,15247333,11913,27,-295
2026-07-26T00:10:32.772895+00:00,1785024625,6705,321 Surrey Central/WhiteRock,15247333,5454,28,-301
2026-07-26T00:10:32.772895+00:00,1785024625,6705,321 Surrey Central/WhiteRock,15247333,5455,29,-303
2026-07-26T00:10:32.772895+00:00,1785024625,6705,321 Surrey Central/WhiteRock,15247333,5456,30,-253
2026-07-26T00:10:32.772895+00:00,1785024625,6705,321 Surrey Central/WhiteRock,15247333,12651,31,-275
2026-07-26T00:10:32.772895+00:00,1785024625,6705,321 Surrey Central/WhiteRock,15247333,5458,32,-270
2026-07-26T00:10:32.772895+00:00,1785024625,6705,321 Surrey Central/WhiteRock,15247333,5459,33,-257
2026-07-26T00:10:32.772895+00:00,1785024625,6705,321 Surrey Central/WhiteRock,15247333,5460,34,-261
2026-07-26T00:10:32.772895+00:00,1785024625,6705,321 Surrey Central/WhiteRock,15247333,5461,35,-267
2026-07-26T00:10:32.772895+00:00,1785024625,6705,321 Surrey Central/WhiteRock,15247333,5462,36,-271
2026-07-26T00:10:32.772895+00:00,1785024625,6705,321 Surrey Central/WhiteRock,15247333,5463,37,-216
2026-07-26T00:10:32.772895+00:00,1785024625,6705,321 Surrey Central/WhiteRock,15247333,5700,38,0
2026-07-26T00:10:32.772895+00:00,1785024625,6705,321 Surrey Central/WhiteRock,15247333,5465,39,7
2026-07-26T00:10:32.772895+00:00,1785024625,6705,321 Surrey Central/WhiteRock,15247333,5466,40,-28
2026-07-26T00:10:32.772895+00:00,1785024625,6705,321 Surrey Central/WhiteRock,15247333,5467,41,17
2026-07-26T00:10:32.772895+00:00,1785024625,6705,321 Surrey Central/WhiteRock,15247333,5468,42,-9
2026-07-26T00:10:32.772895+00:00,1785024625,6705,321 Surrey Central/WhiteRock,15247333,5469,43,-40
2026-07-26T00:10:32.772895+00:00,1785024625,6705,321 Surrey Central/WhiteRock,15247333,5470,44,-61
2026-07-26T00:10:32.772895+00:00,1785024625,6705,321 Surrey Central/WhiteRock,15247333,5471,45,-91
2026-07-26T00:10:32.772895+00:00,1785024625,6705,321 Surrey Central/WhiteRock,15247333,5472,46,-111
2026-07-26T00:10:32.772895+00:00,1785024625,6705,321 Surrey Central/WhiteRock,15247333,5473,47,-156
2026-07-26T00:10:32.772895+00:00,1785024625,6705,321 Surrey Central/WhiteRock,15247333,5474,48,-154
2026-07-26T00:10:32.772895+00:00,1785024625,6705,321 Surrey Central/WhiteRock,15247333,5475,49,-196
2026-07-26T00:10:32.772895+00:00,1785024625,6705,321 Surrey Central/WhiteRock,15247333,5476,50,-213
2026-07-26T00:10:32.772895+00:00,1785024625,6705,321 Surrey Central/WhiteRock,15247333,5477,51,-232
2026-07-26T00:10:32.772895+00:00,1785024625,6705,321 Surrey Central/WhiteRock,15247333,11725,52,-256
2026-07-26T00:10:32.772895+00:00,1785024625,6705,321 Surrey Central/WhiteRock,15247333,5040,53,-239
2026-07-26T00:10:32.772895+00:00,1785024625,6705,321 Surrey Central/WhiteRock,15247333,5041,54,-230
2026-07-26T00:10:32.772895+00:00,1785024625,6705,321 Surrey Central/WhiteRock,15247333,12155,55,-217
2026-07-26T00:10:32.772895+00:00,1785024625,6705,321 Surrey Central/WhiteRock,15247333,9089,56,-205
2026-07-26T00:10:32.772895+00:00,1785024625,6705,321 Surrey Central/WhiteRock,15247333,7213,57,-222
2026-07-26T00:10:32.772895+00:00,1785024625,6705,321 Surrey Central/WhiteRock,15247334,5440,13,132
2026-07-26T00:10:32.772895+00:00,1785024625,6705,321 Surrey Central/WhiteRock,15247334,5441,14,147
2026-07-26T00:10:32.772895+00:00,1785024625,6705,321 Surrey Central/WhiteRock,15247334,5442,15,127
2026-07-26T00:10:32.772895+00:00,1785024625,6705,321 Surrey Central/WhiteRock,15247334,5444,16,137
2026-07-26T00:10:32.772895+00:00,1785024625,6705,321 Surrey Central/WhiteRock,15247334,9083,17,122
2026-07-26T00:10:32.772895+00:00,1785024625,6705,321 Surrey Central/WhiteRock,15247334,5446,18,137
2026-07-26T00:10:32.772895+00:00,1785024625,6705,321 Surrey Central/WhiteRock,15247334,10445,19,131
2026-07-26T00:10:32.772895+00:00,1785024625,6705,321 Surrey Central/WhiteRock,15247334,5447,20,99
2026-07-26T00:10:32.772895+00:00,1785024625,6705,321 Surrey Central/WhiteRock,15247334,5448,21,105
2026-07-26T00:10:32.772895+00:00,1785024625,6705,321 Surrey Central/WhiteRock,15247334,10437,22,107
2026-07-26T00:10:32.772895+00:00,1785024625,6705,321 Surrey Central/WhiteRock,15247334,5449,23,63
2026-07-26T00:10:32.772895+00:00,1785024625,6705,321 Surrey Central/WhiteRock,15247334,11313,24,28
2026-07-26T00:10:32.772895+00:00,1785024625,6705,321 Surrey Central/WhiteRock,15247334,10808,25,-100
2026-07-26T00:10:32.772895+00:00,1785024625,6705,321 Surrey Central/WhiteRock,15247334,5452,26,-208
2026-07-26T00:10:32.772895+00:00,1785024625,6705,321 Surrey Central/WhiteRock,15247334,11913,27,-222
2026-07-26T00:10:32.772895+00:00,1785024625,6705,321 Surrey Central/WhiteRock,15247334,5454,28,-228
2026-07-26T00:10:32.772895+00:00,1785024625,6705,321 Surrey Central/WhiteRock,15247334,5455,29,-230
2026-07-26T00:10:32.772895+00:00,1785024625,6705,321 Surrey Central/WhiteRock,15247334,5456,30,-180
2026-07-26T00:10:32.772895+00:00,1785024625,6705,321 Surrey Central/WhiteRock,15247334,12651,31,-202
2026-07-26T00:10:32.772895+00:00,1785024625,6705,321 Surrey Central/WhiteRock,15247334,5458,32,-196
2026-07-26T00:10:32.772895+00:00,1785024625,6705,321 Surrey Central/WhiteRock,15247334,5459,33,-183
2026-07-26T00:10:32.772895+00:00,1785024625,6705,321 Surrey Central/WhiteRock,15247334,5460,34,-187
2026-07-26T00:10:32.772895+00:00,1785024625,6705,321 Surrey Central/WhiteRock,15247334,5461,35,-193
2026-07-26T00:10:32.772895+00:00,1785024625,6705,321 Surrey Central/WhiteRock,15247334,5462,36,-197
2026-07-26T00:10:32.772895+00:00,1785024625,6705,321 Surrey Central/WhiteRock,15247334,5463,37,-142
2026-07-26T00:10:32.772895+00:00,1785024625,6705,321 Surrey Central/WhiteRock,15247334,5700,38,0
2026-07-26T00:10:32.772895+00:00,1785024625,6705,321 Surrey Central/WhiteRock,15247334,5465,39,7
2026-07-26T00:10:32.772895+00:00,1785024625,6705,321 Surrey Central/WhiteRock,15247334,5466,40,-28
2026-07-26T00:10:32.772895+00:00,1785024625,6705,321 Surrey Central/WhiteRock,15247334,5467,41,16
2026-07-26T00:10:32.772895+00:00,1785024625,6705,321 Surrey Central/WhiteRock,15247334,5468,42,-10
2026-07-26T00:10:32.772895+00:00,1785024625,6705,321 Surrey Central/WhiteRock,15247334,5469,43,-44
2026-07-26T00:10:32.772895+00:00,1785024625,6705,321 Surrey Central/WhiteRock,15247334,5470,44,-64
2026-07-26T00:10:32.772895+00:00,1785024625,6705,321 Surrey Central/WhiteRock,15247334,5471,45,-94
2026-07-26T00:10:32.772895+00:00,1785024625,6705,321 Surrey Central/WhiteRock,15247334,5472,46,-114
2026-07-26T00:10:32.772895+00:00,1785024625,6705,321 Surrey Central/WhiteRock,15247334,5473,47,-159
2026-07-26T00:10:32.772895+00:00,1785024625,6705,321 Surrey Central/WhiteRock,15247334,5474,48,-155
2026-07-26T00:10:32.772895+00:00,1785024625,6705,321 Surrey Central/WhiteRock,15247334,5475,49,-198
2026-07-26T00:10:32.772895+00:00,1785024625,6705,321 Surrey Central/WhiteRock,15247334,5476,50,-215
2026-07-26T00:10:32.772895+00:00,1785024625,6705,321 Surrey Central/WhiteRock,15247334,5477,51,-234
2026-07-26T00:10:32.772895+00:00,1785024625,6705,321 Surrey Central/WhiteRock,15247334,11725,52,-259
2026-07-26T00:10:32.772895+00:00,1785024625,6705,321 Surrey Central/WhiteRock,15247334,5040,53,-239
2026-07-26T00:10:32.772895+00:00,1785024625,6705,321 Surrey Central/WhiteRock,15247334,5041,54,-230
2026-07-26T00:10:32.772895+00:00,1785024625,6705,321 Surrey Central/WhiteRock,15247334,12155,55,-218
2026-07-26T00:10:32.772895+00:00,1785024625,6705,321 Surrey Central/WhiteRock,15247334,9089,56,-206
2026-07-26T00:10:32.772895+00:00,1785024625,6705,321 Surrey Central/WhiteRock,15247334,7213,57,-223
2026-07-26T00:10:32.772895+00:00,1785024625,6705,321 Surrey Central/WhiteRock,15247335,6197,1,0
2026-07-26T00:10:32.772895+00:00,1785024625,6705,321 Surrey Central/WhiteRock,15247335,6198,2,0
2026-07-26T00:10:32.772895+00:00,1785024625,6705,321 Surrey Central/WhiteRock,15247335,6199,3,0
2026-07-26T00:10:32.772895+00:00,1785024625,6705,321 Surrey Central/WhiteRock,15247335,6200,4,0
2026-07-26T00:10:32.772895+00:00,1785024625,6705,321 Surrey Central/WhiteRock,15247335,6201,5,0
2026-07-26T00:10:32.772895+00:00,1785024625,6705,321 Surrey Central/WhiteRock,15247335,6354,6,0
2026-07-26T00:10:32.772895+00:00,1785024625,6705,321 Surrey Central/WhiteRock,15247335,6355,7,0
2026-07-26T00:10:32.772895+00:00,1785024625,6705,321 Surrey Central/WhiteRock,15247335,6356,8,0
2026-07-26T00:10:32.772895+00:00,1785024625,6705,321 Surrey Central/WhiteRock,15247335,6174,9,0
2026-07-26T00:10:32.772895+00:00,1785024625,6705,321 Surrey Central/WhiteRock,15247335,5437,10,0
2026-07-26T00:10:32.772895+00:00,1785024625,6705,321 Surrey Central/WhiteRock,15247335,5438,11,0
2026-07-26T00:10:32.772895+00:00,1785024625,6705,321 Surrey Central/WhiteRock,15247335,5439,12,0
2026-07-26T00:10:32.772895+00:00,1785024625,6705,321 Surrey Central/WhiteRock,15247335,5440,13,0
2026-07-26T00:10:32.772895+00:00,1785024625,6705,321 Surrey Central/WhiteRock,15247335,5441,14,0
2026-07-26T00:10:32.772895+00:00,1785024625,6705,321 Surrey Central/WhiteRock,15247335,5442,15,0
2026-07-26T00:10:32.772895+00:00,1785024625,6705,321 Surrey Central/WhiteRock,15247335,5444,16,0
2026-07-26T00:10:32.772895+00:00,1785024625,6705,321 Surrey Central/WhiteRock,15247335,9083,17,0
2026-07-26T00:10:32.772895+00:00,1785024625,6705,321 Surrey Central/WhiteRock,15247335,5446,18,0
2026-07-26T00:10:32.772895+00:00,1785024625,6705,321 Surrey Central/WhiteRock,15247335,10445,19,0
2026-07-26T00:10:32.772895+00:00,1785024625,6705,321 Surrey Central/WhiteRock,15247335,5447,20,0
2026-07-26T00:10:32.772895+00:00,1785024625,6705,321 Surrey Central/WhiteRock,15247335,5448,21,0
2026-07-26T00:10:32.772895+00:00,1785024625,6705,321 Surrey Central/WhiteRock,15247335,10437,22,0
2026-07-26T00:10:32.772895+00:00,1785024625,6705,321 Surrey Central/WhiteRock,15247335,5449,23,0
2026-07-26T00:10:32.772895+00:00,1785024625,6705,321 Surrey Central/WhiteRock,15247335,11313,24,0
2026-07-26T00:10:32.772895+00:00,1785024625,6705,321 Surrey Central/WhiteRock,15247335,10808,25,0
2026-07-26T00:10:32.772895+00:00,1785024625,6705,321 Surrey Central/WhiteRock,15247335,5452,26,0
2026-07-26T00:10:32.772895+00:00,1785024625,6705,321 Surrey Central/WhiteRock,15247335,11913,27,0
2026-07-26T00:10:32.772895+00:00,1785024625,6705,321 Surrey Central/WhiteRock,15247335,5454,28,0
2026-07-26T00:10:32.772895+00:00,1785024625,6705,321 Surrey Central/WhiteRock,15247335,5455,29,0
2026-07-26T00:10:32.772895+00:00,1785024625,6705,321 Surrey Central/WhiteRock,15247335,5456,30,0
2026-07-26T00:10:32.772895+00:00,1785024625,6705,321 Surrey Central/WhiteRock,15247335,12651,31,0
2026-07-26T00:10:32.772895+00:00,1785024625,6705,321 Surrey Central/WhiteRock,15247335,5458,32,0
2026-07-26T00:10:32.772895+00:00,1785024625,6705,321 Surrey Central/WhiteRock,15247335,5459,33,0
2026-07-26T00:10:32.772895+00:00,1785024625,6705,321 Surrey Central/WhiteRock,15247335,5460,34,0
2026-07-26T00:10:32.772895+00:00,1785024625,6705,321 Surrey Central/WhiteRock,15247335,5461,35,0
2026-07-26T00:10:32.772895+00:00,1785024625,6705,321 Surrey Central/WhiteRock,15247335,5462,36,0
2026-07-26T00:10:32.772895+00:00,1785024625,6705,321 Surrey Central/WhiteRock,15247335,5463,37,0
2026-07-26T00:10:32.772895+00:00,1785024625,6705,321 Surrey Central/WhiteRock,15247335,5700,38,0
2026-07-26T00:10:32.772895+00:00,1785024625,6705,321 Surrey Central/WhiteRock,15247335,5465,39,0
2026-07-26T00:10:32.772895+00:00,1785024625,6705,321 Surrey Central/WhiteRock,15247335,5466,40,0
2026-07-26T00:10:32.772895+00:00,1785024625,6705,321 Surrey Central/WhiteRock,15247335,5467,41,0
2026-07-26T00:10:32.772895+00:00,1785024625,6705,321 Surrey Central/WhiteRock,15247335,5468,42,0
2026-07-26T00:10:32.772895+00:00,1785024625,6705,321 Surrey Central/WhiteRock,15247335,5469,43,0
2026-07-26T00:10:32.772895+00:00,1785024625,6705,321 Surrey Central/WhiteRock,15247335,5470,44,0
2026-07-26T00:10:32.772895+00:00,1785024625,6705,321 Surrey Central/WhiteRock,15247335,5471,45,0
2026-07-26T00:10:32.772895+00:00,1785024625,6705,321 Surrey Central/WhiteRock,15247335,5472,46,0
2026-07-26T00:10:32.772895+00:00,1785024625,6705,321 Surrey Central/WhiteRock,15247335,5473,47,0
2026-07-26T00:10:32.772895+00:00,1785024625,6705,321 Surrey Central/WhiteRock,15247335,5474,48,0
2026-07-26T00:10:32.772895+00:00,1785024625,6705,321 Surrey Central/WhiteRock,15247335,5475,49,0
2026-07-26T00:10:32.772895+00:00,1785024625,6705,321 Surrey Central/WhiteRock,15247335,5476,50,0
2026-07-26T00:10:32.772895+00:00,1785024625,6705,321 Surrey Central/WhiteRock,15247335,5477,51,0
2026-07-26T00:10:32.772895+00:00,1785024625,6705,321 Surrey Central/WhiteRock,15247335,11725,52,0
2026-07-26T00:10:32.772895+00:00,1785024625,6705,321 Surrey Central/WhiteRock,15247335,5040,53,0
2026-07-26T00:10:32.772895+00:00,1785024625,6705,321 Surrey Central/WhiteRock,15247335,5041,54,0
2026-07-26T00:10:32.772895+00:00,1785024625,6705,321 Surrey Central/WhiteRock,15247335,12155,55,0
2026-07-26T00:10:32.772895+00:00,1785024625,6705,321 Surrey Central/WhiteRock,15247335,9089,56,0
2026-07-26T00:10:32.772895+00:00,1785024625,6705,321 Surrey Central/WhiteRock,15247335,7213,57,0
2026-07-26T00:10:32.772895+00:00,1785024625,6705,321 Surrey Central/WhiteRock,15247364,10880,1,0
2026-07-26T00:10:32.772895+00:00,1785024625,6705,321 Surrey Central/WhiteRock,15247364,5046,2,0
2026-07-26T00:10:32.772895+00:00,1785024625,6705,321 Surrey Central/WhiteRock,15247364,5047,3,0
2026-07-26T00:10:32.772895+00:00,1785024625,6705,321 Surrey Central/WhiteRock,15247364,8566,4,0
2026-07-26T00:10:32.772895+00:00,1785024625,6705,321 Surrey Central/WhiteRock,15247364,12916,5,0
2026-07-26T00:10:32.772895+00:00,1785024625,6705,321 Surrey Central/WhiteRock,15247364,5049,6,0
2026-07-26T00:10:32.772895+00:00,1785024625,6705,321 Surrey Central/WhiteRock,15247364,5039,7,0
2026-07-26T00:10:32.772895+00:00,1785024625,6705,321 Surrey Central/WhiteRock,15247364,8351,8,0
2026-07-26T00:10:32.772895+00:00,1785024625,6705,321 Surrey Central/WhiteRock,15247364,5496,9,0
2026-07-26T00:10:32.772895+00:00,1785024625,6705,321 Surrey Central/WhiteRock,15247364,5497,10,0
2026-07-26T00:10:32.772895+00:00,1785024625,6705,321 Surrey Central/WhiteRock,15247364,5498,11,0
2026-07-26T00:10:32.772895+00:00,1785024625,6705,321 Surrey Central/WhiteRock,15247364,5499,12,0
2026-07-26T00:10:32.772895+00:00,1785024625,6705,321 Surrey Central/WhiteRock,15247364,5500,13,0
2026-07-26T00:10:32.772895+00:00,1785024625,6705,321 Surrey Central/WhiteRock,15247364,5501,14,0
2026-07-26T00:10:32.772895+00:00,1785024625,6705,321 Surrey Central/WhiteRock,15247364,5502,15,0
2026-07-26T00:10:32.772895+00:00,1785024625,6705,321 Surrey Central/WhiteRock,15247364,5503,16,0
2026-07-26T00:10:32.772895+00:00,1785024625,6705,321 Surrey Central/WhiteRock,15247364,5504,17,0
2026-07-26T00:10:32.772895+00:00,1785024625,6705,321 Surrey Central/WhiteRock,15247364,5505,18,0
2026-07-26T00:10:32.772895+00:00,1785024625,6705,321 Surrey Central/WhiteRock,15247364,5507,19,0
2026-07-26T00:10:32.772895+00:00,1785024625,6705,321 Surrey Central/WhiteRock,15247364,5633,20,0
2026-07-26T00:10:32.772895+00:00,1785024625,6705,321 Surrey Central/WhiteRock,15247364,5510,21,0
2026-07-26T00:10:32.772895+00:00,1785024625,6705,321 Surrey Central/WhiteRock,15247364,5511,22,0
2026-07-26T00:10:32.772895+00:00,1785024625,6705,321 Surrey Central/WhiteRock,15247364,5512,23,0
2026-07-26T00:10:32.772895+00:00,1785024625,6705,321 Surrey Central/WhiteRock,15247364,5513,24,0
2026-07-26T00:10:32.772895+00:00,1785024625,6705,321 Surrey Central/WhiteRock,15247364,5514,25,0
2026-07-26T00:10:32.772895+00:00,1785024625,6705,321 Surrey Central/WhiteRock,15247364,5515,26,0
2026-07-26T00:10:32.772895+00:00,1785024625,6705,321 Surrey Central/WhiteRock,15247364,5516,27,0
2026-07-26T00:10:32.772895+00:00,1785024625,6705,321 Surrey Central/WhiteRock,15247364,5517,28,0
2026-07-26T00:10:32.772895+00:00,1785024625,6705,321 Surrey Central/WhiteRock,15247364,5518,29,0
2026-07-26T00:10:32.772895+00:00,1785024625,6705,321 Surrey Central/WhiteRock,15247364,5519,30,0
2026-07-26T00:10:32.772895+00:00,1785024625,6705,321 Surrey Central/WhiteRock,15247364,5520,31,0
2026-07-26T00:10:32.772895+00:00,1785024625,6705,321 Surrey Central/WhiteRock,15247364,5521,32,0
2026-07-26T00:10:32.772895+00:00,1785024625,6705,321 Surrey Central/WhiteRock,15247364,5522,33,0
2026-07-26T00:10:32.772895+00:00,1785024625,6705,321 Surrey Central/WhiteRock,15247364,5523,34,0
2026-07-26T00:10:32.772895+00:00,1785024625,6705,321 Surrey Central/WhiteRock,15247364,6466,35,0
2026-07-26T00:10:32.772895+00:00,1785024625,6705,321 Surrey Central/WhiteRock,15247364,5524,36,0
2026-07-26T00:10:32.772895+00:00,1785024625,6705,321 Surrey Central/WhiteRock,15247364,5525,37,0
2026-07-26T00:10:32.772895+00:00,1785024625,6705,321 Surrey Central/WhiteRock,15247364,10443,38,0
2026-07-26T00:10:32.772895+00:00,1785024625,6705,321 Surrey Central/WhiteRock,15247364,5528,39,0
2026-07-26T00:10:32.772895+00:00,1785024625,6705,321 Surrey Central/WhiteRock,15247364,5529,40,0
2026-07-26T00:10:32.772895+00:00,1785024625,6705,321 Surrey Central/WhiteRock,15247364,5530,41,0
2026-07-26T00:10:32.772895+00:00,1785024625,6705,321 Surrey Central/WhiteRock,15247364,5533,42,0
2026-07-26T00:10:32.772895+00:00,1785024625,6705,321 Surrey Central/WhiteRock,15247364,5534,43,0
2026-07-26T00:10:32.772895+00:00,1785024625,6705,321 Surrey Central/WhiteRock,15247364,5535,44,0
2026-07-26T00:10:32.772895+00:00,1785024625,6705,321 Surrey Central/WhiteRock,15247364,5536,45,0
2026-07-26T00:10:32.772895+00:00,1785024625,6705,321 Surrey Central/WhiteRock,15247364,5537,46,0
2026-07-26T00:10:32.772895+00:00,1785024625,6705,321 Surrey Central/WhiteRock,15247364,5538,47,0
2026-07-26T00:10:32.772895+00:00,1785024625,6705,321 Surrey Central/WhiteRock,15247364,5541,48,0
2026-07-26T00:10:32.772895+00:00,1785024625,6705,321 Surrey Central/WhiteRock,15247364,5542,49,0
2026-07-26T00:10:32.772895+00:00,1785024625,6705,321 Surrey Central/WhiteRock,15247364,6195,50,0
2026-07-26T00:10:32.772895+00:00,1785024625,6705,321 Surrey Central/WhiteRock,15247374,5046,2,69
2026-07-26T00:10:32.772895+00:00,1785024625,6705,321 Surrey Central/WhiteRock,15247374,5047,3,72
2026-07-26T00:10:32.772895+00:00,1785024625,6705,321 Surrey Central/WhiteRock,15247374,8566,4,42
2026-07-26T00:10:32.772895+00:00,1785024625,6705,321 Surrey Central/WhiteRock,15247374,12916,5,81
2026-07-26T00:10:32.772895+00:00,1785024625,6705,321 Surrey Central/WhiteRock,15247374,5049,6,74
2026-07-26T00:10:32.772895+00:00,1785024625,6705,321 Surrey Central/WhiteRock,15247374,5039,7,71
2026-07-26T00:10:32.772895+00:00,1785024625,6705,321 Surrey Central/WhiteRock,15247374,8351,8,50
2026-07-26T00:10:32.772895+00:00,1785024625,6705,321 Surrey Central/WhiteRock,15247374,5496,9,-3
2026-07-26T00:10:32.772895+00:00,1785024625,6705,321 Surrey Central/WhiteRock,15247374,5497,10,-39
2026-07-26T00:10:32.772895+00:00,1785024625,6705,321 Surrey Central/WhiteRock,15247374,5498,11,-52
2026-07-26T00:10:32.772895+00:00,1785024625,6705,321 Surrey Central/WhiteRock,15247374,5499,12,-86
2026-07-26T00:10:32.772895+00:00,1785024625,6705,321 Surrey Central/WhiteRock,15247374,5500,13,-100
2026-07-26T00:10:32.772895+00:00,1785024625,6705,321 Surrey Central/WhiteRock,15247374,5501,14,-123
2026-07-26T00:10:32.772895+00:00,1785024625,6705,321 Surrey Central/WhiteRock,15247374,5502,15,-133
2026-07-26T00:10:32.772895+00:00,1785024625,6705,321 Surrey Central/WhiteRock,15247374,5503,16,-145
2026-07-26T00:10:32.772895+00:00,1785024625,6705,321 Surrey Central/WhiteRock,15247374,5504,17,-192
2026-07-26T00:10:32.772895+00:00,1785024625,6705,321 Surrey Central/WhiteRock,15247374,5505,18,-171
2026-07-26T00:10:32.772895+00:00,1785024625,6705,321 Surrey Central/WhiteRock,15247374,5507,19,-161
2026-07-26T00:10:32.772895+00:00,1785024625,6705,321 Surrey Central/WhiteRock,15247374,5633,20,0
2026-07-26T00:10:32.772895+00:00,1785024625,6705,321 Surrey Central/WhiteRock,15247374,5510,21,43
2026-07-26T00:10:32.772895+00:00,1785024625,6705,321 Surrey Central/WhiteRock,15247374,5511,22,37
2026-07-26T00:10:32.772895+00:00,1785024625,6705,321 Surrey Central/WhiteRock,15247374,5512,23,33
2026-07-26T00:10:32.772895+00:00,1785024625,6705,321 Surrey Central/WhiteRock,15247374,5513,24,21
2026-07-26T00:10:32.772895+00:00,1785024625,6705,321 Surrey Central/WhiteRock,15247374,5514,25,91
2026-07-26T00:10:32.772895+00:00,1785024625,6705,321 Surrey Central/WhiteRock,15247374,5515,26,85
2026-07-26T00:10:32.772895+00:00,1785024625,6705,321 Surrey Central/WhiteRock,15247374,5516,27,91
2026-07-26T00:10:32.772895+00:00,1785024625,6705,321 Surrey Central/WhiteRock,15247374,5517,28,106
2026-07-26T00:10:32.772895+00:00,1785024625,6705,321 Surrey Central/WhiteRock,15247374,5518,29,108
2026-07-26T00:10:32.772895+00:00,1785024625,6705,321 Surrey Central/WhiteRock,15247374,5519,30,89
2026-07-26T00:10:32.772895+00:00,1785024625,6705,321 Surrey Central/WhiteRock,15247374,5520,31,76
2026-07-26T00:10:32.772895+00:00,1785024625,6705,321 Surrey Central/WhiteRock,15247374,5521,32,-119
2026-07-26T00:10:32.772895+00:00,1785024625,6705,321 Surrey Central/WhiteRock,15247374,5522,33,-245
2026-07-26T00:10:32.772895+00:00,1785024625,6705,321 Surrey Central/WhiteRock,15247374,5523,34,-279
2026-07-26T00:10:32.772895+00:00,1785024625,6705,321 Surrey Central/WhiteRock,15247374,6466,35,-293
2026-07-26T00:10:32.772895+00:00,1785024625,6705,321 Surrey Central/WhiteRock,15247374,5524,36,-283
2026-07-26T00:10:32.772895+00:00,1785024625,6705,321 Surrey Central/WhiteRock,15247374,5525,37,-308
2026-07-26T00:10:32.772895+00:00,1785024625,6705,321 Surrey Central/WhiteRock,15247374,10443,38,-328
2026-07-26T00:10:32.772895+00:00,1785024625,6705,321 Surrey Central/WhiteRock,15247374,5528,39,-327
2026-07-26T00:10:32.772895+00:00,1785024625,6705,321 Surrey Central/WhiteRock,15247374,5529,40,-347
2026-07-26T00:10:32.772895+00:00,1785024625,6705,321 Surrey Central/WhiteRock,15247374,5530,41,-360
2026-07-26T00:10:32.772895+00:00,1785024625,6705,321 Surrey Central/WhiteRock,15247374,5533,42,-358
2026-07-26T00:10:32.772895+00:00,1785024625,6705,321 Surrey Central/WhiteRock,15247374,5534,43,-375
2026-07-26T00:10:32.772895+00:00,1785024625,6705,321 Surrey Central/WhiteRock,15247374,5535,44,-377
2026-07-26T00:10:32.772895+00:00,1785024625,6705,321 Surrey Central/WhiteRock,15247374,5536,45,-395
2026-07-26T00:10:32.772895+00:00,1785024625,6705,321 Surrey Central/WhiteRock,15247374,5537,46,-390
2026-07-26T00:10:32.772895+00:00,1785024625,6705,321 Surrey Central/WhiteRock,15247374,5538,47,-395
2026-07-26T00:10:32.772895+00:00,1785024625,6705,321 Surrey Central/WhiteRock,15247374,5541,48,-369
2026-07-26T00:10:32.772895+00:00,1785024625,6705,321 Surrey Central/WhiteRock,15247374,5542,49,-353
2026-07-26T00:10:32.772895+00:00,1785024625,6705,321 Surrey Central/WhiteRock,15247374,6195,50,-316
2026-07-26T00:10:32.772895+00:00,1785024625,6705,321 Surrey Central/WhiteRock,15247445,5535,44,-335
2026-07-26T00:10:32.772895+00:00,1785024625,6705,321 Surrey Central/WhiteRock,15247445,5536,45,-353
2026-07-26T00:10:32.772895+00:00,1785024625,6705,321 Surrey Central/WhiteRock,15247445,5537,46,-359
2026-07-26T00:10:32.772895+00:00,1785024625,6705,321 Surrey Central/WhiteRock,15247445,5538,47,-366
2026-07-26T00:10:32.772895+00:00,1785024625,6705,321 Surrey Central/WhiteRock,15247445,5541,48,-336
2026-07-26T00:10:32.772895+00:00,1785024625,6705,321 Surrey Central/WhiteRock,15247445,5542,49,-320
2026-07-26T00:10:32.772895+00:00,1785024625,6705,321 Surrey Central/WhiteRock,15247445,6195,50,-285
2026-07-26T00:10:32.772895+00:00,1785024625,6705,321 Surrey Central/WhiteRock,15247446,6466,35,-335
2026-07-26T00:10:32.772895+00:00,1785024625,6705,321 Surrey Central/WhiteRock,15247446,5524,36,-323
2026-07-26T00:10:32.772895+00:00,1785024625,6705,321 Surrey Central/WhiteRock,15247446,5525,37,-349
2026-07-26T00:10:32.772895+00:00,1785024625,6705,321 Surrey Central/WhiteRock,15247446,10443,38,-370
2026-07-26T00:10:32.772895+00:00,1785024625,6705,321 Surrey Central/WhiteRock,15247446,5528,39,-361
2026-07-26T00:10:32.772895+00:00,1785024625,6705,321 Surrey Central/WhiteRock,15247446,5529,40,-379
2026-07-26T00:10:32.772895+00:00,1785024625,6705,321 Surrey Central/WhiteRock,15247446,5530,41,-391
2026-07-26T00:10:32.772895+00:00,1785024625,6705,321 Surrey Central/WhiteRock,15247446,5533,42,-397
2026-07-26T00:10:32.772895+00:00,1785024625,6705,321 Surrey Central/WhiteRock,15247446,5534,43,-414
2026-07-26T00:10:32.772895+00:00,1785024625,6705,321 Surrey Central/WhiteRock,15247446,5535,44,-389
2026-07-26T00:10:32.772895+00:00,1785024625,6705,321 Surrey Central/WhiteRock,15247446,5536,45,-407
2026-07-26T00:10:32.772895+00:00,1785024625,6705,321 Surrey Central/WhiteRock,15247446,5537,46,-403
2026-07-26T00:10:32.772895+00:00,1785024625,6705,321 Surrey Central/WhiteRock,15247446,5538,47,-410
2026-07-26T00:10:32.772895+00:00,1785024625,6705,321 Surrey Central/WhiteRock,15247446,5541,48,-379
2026-07-26T00:10:32.772895+00:00,1785024625,6705,321 Surrey Central/WhiteRock,15247446,5542,49,-363
2026-07-26T00:10:32.772895+00:00,1785024625,6705,321 Surrey Central/WhiteRock,15247446,6195,50,-328
2026-07-26T00:10:32.772895+00:00,1785024625,6705,321 Surrey Central/WhiteRock,15247447,5513,24,124
2026-07-26T00:10:32.772895+00:00,1785024625,6705,321 Surrey Central/WhiteRock,15247447,5514,25,194
2026-07-26T00:10:32.772895+00:00,1785024625,6705,321 Surrey Central/WhiteRock,15247447,5515,26,188
2026-07-26T00:10:32.772895+00:00,1785024625,6705,321 Surrey Central/WhiteRock,15247447,5516,27,200
2026-07-26T00:10:32.772895+00:00,1785024625,6705,321 Surrey Central/WhiteRock,15247447,5517,28,212
2026-07-26T00:10:32.772895+00:00,1785024625,6705,321 Surrey Central/WhiteRock,15247447,5518,29,216
2026-07-26T00:10:32.772895+00:00,1785024625,6705,321 Surrey Central/WhiteRock,15247447,5519,30,197
2026-07-26T00:10:32.772895+00:00,1785024625,6705,321 Surrey Central/WhiteRock,15247447,5520,31,183
2026-07-26T00:10:32.772895+00:00,1785024625,6705,321 Surrey Central/WhiteRock,15247447,5521,32,-12
2026-07-26T00:10:32.772895+00:00,1785024625,6705,321 Surrey Central/WhiteRock,15247447,5522,33,-138
2026-07-26T00:10:32.772895+00:00,1785024625,6705,321 Surrey Central/WhiteRock,15247447,5523,34,-172
2026-07-26T00:10:32.772895+00:00,1785024625,6705,321 Surrey Central/WhiteRock,15247447,6466,35,-188
2026-07-26T00:10:32.772895+00:00,1785024625,6705,321 Surrey Central/WhiteRock,15247447,5524,36,-176
2026-07-26T00:10:32.772895+00:00,1785024625,6705,321 Surrey Central/WhiteRock,15247447,5525,37,-204
2026-07-26T00:10:32.772895+00:00,1785024625,6705,321 Surrey Central/WhiteRock,15247447,10443,38,-232
2026-07-26T00:10:32.772895+00:00,1785024625,6705,321 Surrey Central/WhiteRock,15247447,5528,39,-227
2026-07-26T00:10:32.772895+00:00,1785024625,6705,321 Surrey Central/WhiteRock,15247447,5529,40,-247
2026-07-26T00:10:32.772895+00:00,1785024625,6705,321 Surrey Central/WhiteRock,15247447,5530,41,-261
2026-07-26T00:10:32.772895+00:00,1785024625,6705,321 Surrey Central/WhiteRock,15247447,5533,42,-267
2026-07-26T00:10:32.772895+00:00,1785024625,6705,321 Surrey Central/WhiteRock,15247447,5534,43,-285
2026-07-26T00:10:32.772895+00:00,1785024625,6705,321 Surrey Central/WhiteRock,15247447,5535,44,-278
2026-07-26T00:10:32.772895+00:00,1785024625,6705,321 Surrey Central/WhiteRock,15247447,5536,45,-294
2026-07-26T00:10:32.772895+00:00,1785024625,6705,321 Surrey Central/WhiteRock,15247447,5537,46,-301
2026-07-26T00:10:32.772895+00:00,1785024625,6705,321 Surrey Central/WhiteRock,15247447,5538,47,-307
2026-07-26T00:10:32.772895+00:00,1785024625,6705,321 Surrey Central/WhiteRock,15247447,5541,48,-277
2026-07-26T00:10:32.772895+00:00,1785024625,6705,321 Surrey Central/WhiteRock,15247447,5542,49,-261
2026-07-26T00:10:32.772895+00:00,1785024625,6705,321 Surrey Central/WhiteRock,15247447,6195,50,-223
2026-07-26T00:10:32.772895+00:00,1785024625,6705,321 Surrey Central/WhiteRock,15247448,5505,18,-8
2026-07-26T00:10:32.772895+00:00,1785024625,6705,321 Surrey Central/WhiteRock,15247448,5507,19,3
2026-07-26T00:10:32.772895+00:00,1785024625,6705,321 Surrey Central/WhiteRock,15247448,5633,20,54
2026-07-26T00:10:32.772895+00:00,1785024625,6705,321 Surrey Central/WhiteRock,15247448,5510,21,101
2026-07-26T00:10:32.772895+00:00,1785024625,6705,321 Surrey Central/WhiteRock,15247448,5511,22,95
2026-07-26T00:10:32.772895+00:00,1785024625,6705,321 Surrey Central/WhiteRock,15247448,5512,23,91
2026-07-26T00:10:32.772895+00:00,1785024625,6705,321 Surrey Central/WhiteRock,15247448,5513,24,77
2026-07-26T00:10:32.772895+00:00,1785024625,6705,321 Surrey Central/WhiteRock,15247448,5514,25,147
2026-07-26T00:10:32.772895+00:00,1785024625,6705,321 Surrey Central/WhiteRock,15247448,5515,26,141
2026-07-26T00:10:32.772895+00:00,1785024625,6705,321 Surrey Central/WhiteRock,15247448,5516,27,137
2026-07-26T00:10:32.772895+00:00,1785024625,6705,321 Surrey Central/WhiteRock,15247448,5517,28,149
2026-07-26T00:10:32.772895+00:00,1785024625,6705,321 Surrey Central/WhiteRock,15247448,5518,29,151
2026-07-26T00:10:32.772895+00:00,1785024625,6705,321 Surrey Central/WhiteRock,15247448,5519,30,132
2026-07-26T00:10:32.772895+00:00,1785024625,6705,321 Surrey Central/WhiteRock,15247448,5520,31,118
2026-07-26T00:10:32.772895+00:00,1785024625,6705,321 Surrey Central/WhiteRock,15247448,5521,32,-77
2026-07-26T00:10:32.772895+00:00,1785024625,6705,321 Surrey Central/WhiteRock,15247448,5522,33,-202
2026-07-26T00:10:32.772895+00:00,1785024625,6705,321 Surrey Central/WhiteRock,15247448,5523,34,-236
2026-07-26T00:10:32.772895+00:00,1785024625,6705,321 Surrey Central/WhiteRock,15247448,6466,35,-251
2026-07-26T00:10:32.772895+00:00,1785024625,6705,321 Surrey Central/WhiteRock,15247448,5524,36,-239
2026-07-26T00:10:32.772895+00:00,1785024625,6705,321 Surrey Central/WhiteRock,15247448,5525,37,-265
2026-07-26T00:10:32.772895+00:00,1785024625,6705,321 Surrey Central/WhiteRock,15247448,10443,38,-285
2026-07-26T00:10:32.772895+00:00,1785024625,6705,321 Surrey Central/WhiteRock,15247448,5528,39,-279
2026-07-26T00:10:32.772895+00:00,1785024625,6705,321 Surrey Central/WhiteRock,15247448,5529,40,-298
2026-07-26T00:10:32.772895+00:00,1785024625,6705,321 Surrey Central/WhiteRock,15247448,5530,41,-310
2026-07-26T00:10:32.772895+00:00,1785024625,6705,321 Surrey Central/WhiteRock,15247448,5533,42,-318
2026-07-26T00:10:32.772895+00:00,1785024625,6705,321 Surrey Central/WhiteRock,15247448,5534,43,-335
2026-07-26T00:10:32.772895+00:00,1785024625,6705,321 Surrey Central/WhiteRock,15247448,5535,44,-336
2026-07-26T00:10:32.772895+00:00,1785024625,6705,321 Surrey Central/WhiteRock,15247448,5536,45,-357
2026-07-26T00:10:32.772895+00:00,1785024625,6705,321 Surrey Central/WhiteRock,15247448,5537,46,-352
2026-07-26T00:10:32.772895+00:00,1785024625,6705,321 Surrey Central/WhiteRock,15247448,5538,47,-359
2026-07-26T00:10:32.772895+00:00,1785024625,6705,321 Surrey Central/WhiteRock,15247448,5541,48,-328
2026-07-26T00:10:32.772895+00:00,1785024625,6705,321 Surrey Central/WhiteRock,15247448,5542,49,-312
2026-07-26T00:10:32.772895+00:00,1785024625,6705,321 Surrey Central/WhiteRock,15247448,6195,50,-278
2026-07-26T00:10:32.772895+00:00,1785024625,6705,321 Surrey Central/WhiteRock,15247449,5498,11,-142
2026-07-26T00:10:32.772895+00:00,1785024625,6705,321 Surrey Central/WhiteRock,15247449,5499,12,-176
2026-07-26T00:10:32.772895+00:00,1785024625,6705,321 Surrey Central/WhiteRock,15247449,5500,13,-183
2026-07-26T00:10:32.772895+00:00,1785024625,6705,321 Surrey Central/WhiteRock,15247449,5501,14,-206
2026-07-26T00:10:32.772895+00:00,1785024625,6705,321 Surrey Central/WhiteRock,15247449,5502,15,-215
2026-07-26T00:10:32.772895+00:00,1785024625,6705,321 Surrey Central/WhiteRock,15247449,5503,16,-236
2026-07-26T00:10:32.772895+00:00,1785024625,6705,321 Surrey Central/WhiteRock,15247449,5504,17,-283
2026-07-26T00:10:32.772895+00:00,1785024625,6705,321 Surrey Central/WhiteRock,15247449,5505,18,-261
2026-07-26T00:10:32.772895+00:00,1785024625,6705,321 Surrey Central/WhiteRock,15247449,5507,19,-248
2026-07-26T00:10:32.772895+00:00,1785024625,6705,321 Surrey Central/WhiteRock,15247449,5633,20,0
2026-07-26T00:10:32.772895+00:00,1785024625,6705,321 Surrey Central/WhiteRock,15247449,5510,21,32
2026-07-26T00:10:32.772895+00:00,1785024625,6705,321 Surrey Central/WhiteRock,15247449,5511,22,26
2026-07-26T00:10:32.772895+00:00,1785024625,6705,321 Surrey Central/WhiteRock,15247449,5512,23,22
2026-07-26T00:10:32.772895+00:00,1785024625,6705,321 Surrey Central/WhiteRock,15247449,5513,24,9
2026-07-26T00:10:32.772895+00:00,1785024625,6705,321 Surrey Central/WhiteRock,15247449,5514,25,79
2026-07-26T00:10:32.772895+00:00,1785024625,6705,321 Surrey Central/WhiteRock,15247449,5515,26,73
2026-07-26T00:10:32.772895+00:00,1785024625,6705,321 Surrey Central/WhiteRock,15247449,5516,27,96
2026-07-26T00:10:32.772895+00:00,1785024625,6705,321 Surrey Central/WhiteRock,15247449,5517,28,111
2026-07-26T00:10:32.772895+00:00,1785024625,6705,321 Surrey Central/WhiteRock,15247449,5518,29,115
2026-07-26T00:10:32.772895+00:00,1785024625,6705,321 Surrey Central/WhiteRock,15247449,5519,30,95
2026-07-26T00:10:32.772895+00:00,1785024625,6705,321 Surrey Central/WhiteRock,15247449,5520,31,81
2026-07-26T00:10:32.772895+00:00,1785024625,6705,321 Surrey Central/WhiteRock,15247449,5521,32,-114
2026-07-26T00:10:32.772895+00:00,1785024625,6705,321 Surrey Central/WhiteRock,15247449,5522,33,-239
2026-07-26T00:10:32.772895+00:00,1785024625,6705,321 Surrey Central/WhiteRock,15247449,5523,34,-273
2026-07-26T00:10:32.772895+00:00,1785024625,6705,321 Surrey Central/WhiteRock,15247449,6466,35,-289
2026-07-26T00:10:32.772895+00:00,1785024625,6705,321 Surrey Central/WhiteRock,15247449,5524,36,-279
2026-07-26T00:10:32.772895+00:00,1785024625,6705,321 Surrey Central/WhiteRock,15247449,5525,37,-306
2026-07-26T00:10:32.772895+00:00,1785024625,6705,321 Surrey Central/WhiteRock,15247449,10443,38,-330
2026-07-26T00:10:32.772895+00:00,1785024625,6705,321 Surrey Central/WhiteRock,15247449,5528,39,-327
2026-07-26T00:10:32.772895+00:00,1785024625,6705,321 Surrey Central/WhiteRock,15247449,5529,40,-346
2026-07-26T00:10:32.772895+00:00,1785024625,6705,321 Surrey Central/WhiteRock,15247449,5530,41,-360
2026-07-26T00:10:32.772895+00:00,1785024625,6705,321 Surrey Central/WhiteRock,15247449,5533,42,-368
2026-07-26T00:10:32.772895+00:00,1785024625,6705,321 Surrey Central/WhiteRock,15247449,5534,43,-386
2026-07-26T00:10:32.772895+00:00,1785024625,6705,321 Surrey Central/WhiteRock,15247449,5535,44,-381
2026-07-26T00:10:32.772895+00:00,1785024625,6705,321 Surrey Central/WhiteRock,15247449,5536,45,-403
2026-07-26T00:10:32.772895+00:00,1785024625,6705,321 Surrey Central/WhiteRock,15247449,5537,46,-410
2026-07-26T00:10:32.772895+00:00,1785024625,6705,321 Surrey Central/WhiteRock,15247449,5538,47,-417
2026-07-26T00:10:32.772895+00:00,1785024625,6705,321 Surrey Central/WhiteRock,15247449,5541,48,-392
2026-07-26T00:10:32.772895+00:00,1785024625,6705,321 Surrey Central/WhiteRock,15247449,5542,49,-374
2026-07-26T00:10:32.772895+00:00,1785024625,6705,321 Surrey Central/WhiteRock,15247449,6195,50,-336
2026-07-26T00:10:32.772895+00:00,1785024625,6715,351 Bridgeport/WhiteRock,15251739,6172,8,-58
2026-07-26T00:10:32.772895+00:00,1785024625,6715,351 Bridgeport/WhiteRock,15251739,6173,9,-56
2026-07-26T00:10:32.772895+00:00,1785024625,6715,351 Bridgeport/WhiteRock,15251739,6139,10,0
2026-07-26T00:10:32.772895+00:00,1785024625,6715,351 Bridgeport/WhiteRock,15251739,5437,11,26
2026-07-26T00:10:32.772895+00:00,1785024625,6715,351 Bridgeport/WhiteRock,15251739,5438,12,21
2026-07-26T00:10:32.772895+00:00,1785024625,6715,351 Bridgeport/WhiteRock,15251739,5439,13,28
2026-07-26T00:10:32.772895+00:00,1785024625,6715,351 Bridgeport/WhiteRock,15251739,5440,14,7
2026-07-26T00:10:32.772895+00:00,1785024625,6715,351 Bridgeport/WhiteRock,15251739,5441,15,43
2026-07-26T00:10:32.772895+00:00,1785024625,6715,351 Bridgeport/WhiteRock,15251739,5442,16,18
2026-07-26T00:10:32.772895+00:00,1785024625,6715,351 Bridgeport/WhiteRock,15251739,5444,17,24
2026-07-26T00:10:32.772895+00:00,1785024625,6715,351 Bridgeport/WhiteRock,15251739,9083,18,1
2026-07-26T00:10:32.772895+00:00,1785024625,6715,351 Bridgeport/WhiteRock,15251739,5446,19,4
2026-07-26T00:10:32.772895+00:00,1785024625,6715,351 Bridgeport/WhiteRock,15251739,10445,20,-3
2026-07-26T00:10:32.772895+00:00,1785024625,6715,351 Bridgeport/WhiteRock,15251739,5447,21,-44
2026-07-26T00:10:32.772895+00:00,1785024625,6715,351 Bridgeport/WhiteRock,15251739,5448,22,-44
2026-07-26T00:10:32.772895+00:00,1785024625,6715,351 Bridgeport/WhiteRock,15251739,6194,23,0
2026-07-26T00:10:32.772895+00:00,1785024625,6715,351 Bridgeport/WhiteRock,15251739,4928,24,-31
2026-07-26T00:10:32.772895+00:00,1785024625,6715,351 Bridgeport/WhiteRock,15251739,8282,25,-35
2026-07-26T00:10:32.772895+00:00,1785024625,6715,351 Bridgeport/WhiteRock,15251740,8282,25,-27
2026-07-26T00:10:32.772895+00:00,1785024625,6715,351 Bridgeport/WhiteRock,15251763,6194,23,17
2026-07-26T00:10:32.772895+00:00,1785024625,6715,351 Bridgeport/WhiteRock,15251763,4928,24,-16
2026-07-26T00:10:32.772895+00:00,1785024625,6715,351 Bridgeport/WhiteRock,15251763,8282,25,-29
2026-07-26T00:10:32.772895+00:00,1785024625,6715,351 Bridgeport/WhiteRock,15251802,4929,3,122
2026-07-26T00:10:32.772895+00:00,1785024625,6715,351 Bridgeport/WhiteRock,15251802,6175,4,-426
2026-07-26T00:10:32.772895+00:00,1785024625,6715,351 Bridgeport/WhiteRock,15251802,5524,5,-359
2026-07-26T00:10:32.772895+00:00,1785024625,6715,351 Bridgeport/WhiteRock,15251802,5525,6,-366
2026-07-26T00:10:32.772895+00:00,1785024625,6715,351 Bridgeport/WhiteRock,15251802,10443,7,-354
2026-07-26T00:10:32.772895+00:00,1785024625,6715,351 Bridgeport/WhiteRock,15251802,5528,8,-323
2026-07-26T00:10:32.772895+00:00,1785024625,6715,351 Bridgeport/WhiteRock,15251802,5529,9,-324
2026-07-26T00:10:32.772895+00:00,1785024625,6715,351 Bridgeport/WhiteRock,15251802,5530,10,-314
2026-07-26T00:10:32.772895+00:00,1785024625,6715,351 Bridgeport/WhiteRock,15251802,5533,11,-293
2026-07-26T00:10:32.772895+00:00,1785024625,6715,351 Bridgeport/WhiteRock,15251802,5534,12,-289
2026-07-26T00:10:32.772895+00:00,1785024625,6715,351 Bridgeport/WhiteRock,15251802,5535,13,-243
2026-07-26T00:10:32.772895+00:00,1785024625,6715,351 Bridgeport/WhiteRock,15251802,5536,14,-238
2026-07-26T00:10:32.772895+00:00,1785024625,6715,351 Bridgeport/WhiteRock,15251802,5537,15,-217
2026-07-26T00:10:32.772895+00:00,1785024625,6715,351 Bridgeport/WhiteRock,15251802,5538,16,-207
2026-07-26T00:10:32.772895+00:00,1785024625,6715,351 Bridgeport/WhiteRock,15251802,5541,17,-158
2026-07-26T00:10:32.772895+00:00,1785024625,6715,351 Bridgeport/WhiteRock,15251802,5542,18,-130
2026-07-26T00:10:32.772895+00:00,1785024625,6715,351 Bridgeport/WhiteRock,15251802,6340,19,-76
2026-07-26T00:10:32.772895+00:00,1785024625,6715,351 Bridgeport/WhiteRock,15251802,6341,20,-47
2026-07-26T00:10:32.772895+00:00,1785024625,6715,351 Bridgeport/WhiteRock,15251802,6167,21,-22
2026-07-26T00:10:32.772895+00:00,1785024625,6715,351 Bridgeport/WhiteRock,15251828,4929,3,0
2026-07-26T00:10:32.772895+00:00,1785024625,6715,351 Bridgeport/WhiteRock,15251828,6175,4,-548
2026-07-26T00:10:32.772895+00:00,1785024625,6715,351 Bridgeport/WhiteRock,15251828,5524,5,-483
2026-07-26T00:10:32.772895+00:00,1785024625,6715,351 Bridgeport/WhiteRock,15251828,5525,6,-489
2026-07-26T00:10:32.772895+00:00,1785024625,6715,351 Bridgeport/WhiteRock,15251828,10443,7,-472
2026-07-26T00:10:32.772895+00:00,1785024625,6715,351 Bridgeport/WhiteRock,15251828,5528,8,-443
2026-07-26T00:10:32.772895+00:00,1785024625,6715,351 Bridgeport/WhiteRock,15251828,5529,9,-444
2026-07-26T00:10:32.772895+00:00,1785024625,6715,351 Bridgeport/WhiteRock,15251828,5530,10,-434
2026-07-26T00:10:32.772895+00:00,1785024625,6715,351 Bridgeport/WhiteRock,15251828,5533,11,-412
2026-07-26T00:10:32.772895+00:00,1785024625,6715,351 Bridgeport/WhiteRock,15251828,5534,12,-406
2026-07-26T00:10:32.772895+00:00,1785024625,6715,351 Bridgeport/WhiteRock,15251828,5535,13,-382
2026-07-26T00:10:32.772895+00:00,1785024625,6715,351 Bridgeport/WhiteRock,15251828,5536,14,-379
2026-07-26T00:10:32.772895+00:00,1785024625,6715,351 Bridgeport/WhiteRock,15251828,5537,15,-361
2026-07-26T00:10:32.772895+00:00,1785024625,6715,351 Bridgeport/WhiteRock,15251828,5538,16,-354
2026-07-26T00:10:32.772895+00:00,1785024625,6715,351 Bridgeport/WhiteRock,15251828,5541,17,-304
2026-07-26T00:10:32.772895+00:00,1785024625,6715,351 Bridgeport/WhiteRock,15251828,5542,18,-273
2026-07-26T00:10:32.772895+00:00,1785024625,6715,351 Bridgeport/WhiteRock,15251828,6340,19,-218
2026-07-26T00:10:32.772895+00:00,1785024625,6715,351 Bridgeport/WhiteRock,15251828,6341,20,-190
2026-07-26T00:10:32.772895+00:00,1785024625,6715,351 Bridgeport/WhiteRock,15251828,6167,21,-170
2026-07-26T00:10:32.772895+00:00,1785024625,6715,351 Bridgeport/WhiteRock,15251829,5525,6,-388
2026-07-26T00:10:32.772895+00:00,1785024625,6715,351 Bridgeport/WhiteRock,15251829,10443,7,-439
2026-07-26T00:10:32.772895+00:00,1785024625,6715,351 Bridgeport/WhiteRock,15251829,5528,8,-410
2026-07-26T00:10:32.772895+00:00,1785024625,6715,351 Bridgeport/WhiteRock,15251829,5529,9,-411
2026-07-26T00:10:32.772895+00:00,1785024625,6715,351 Bridgeport/WhiteRock,15251829,5530,10,-401
2026-07-26T00:10:32.772895+00:00,1785024625,6715,351 Bridgeport/WhiteRock,15251829,5533,11,-380
2026-07-26T00:10:32.772895+00:00,1785024625,6715,351 Bridgeport/WhiteRock,15251829,5534,12,-376
2026-07-26T00:10:32.772895+00:00,1785024625,6715,351 Bridgeport/WhiteRock,15251829,5535,13,-337
2026-07-26T00:10:32.772895+00:00,1785024625,6715,351 Bridgeport/WhiteRock,15251829,5536,14,-335
2026-07-26T00:10:32.772895+00:00,1785024625,6715,351 Bridgeport/WhiteRock,15251829,5537,15,-314
2026-07-26T00:10:32.772895+00:00,1785024625,6715,351 Bridgeport/WhiteRock,15251829,5538,16,-305
2026-07-26T00:10:32.772895+00:00,1785024625,6715,351 Bridgeport/WhiteRock,15251829,5541,17,-256
2026-07-26T00:10:32.772895+00:00,1785024625,6715,351 Bridgeport/WhiteRock,15251829,5542,18,-228
2026-07-26T00:10:32.772895+00:00,1785024625,6715,351 Bridgeport/WhiteRock,15251829,6340,19,-177
2026-07-26T00:10:32.772895+00:00,1785024625,6715,351 Bridgeport/WhiteRock,15251829,6341,20,-149
2026-07-26T00:10:32.772895+00:00,1785024625,6715,351 Bridgeport/WhiteRock,15251829,6167,21,-126
2026-07-26T00:10:32.772895+00:00,1785024625,11692,364 Langley Centre/Scottsdale,15252763,7094,47,227
2026-07-26T00:10:32.772895+00:00,1785024625,11692,364 Langley Centre/Scottsdale,15252764,4846,2,109
2026-07-26T00:10:32.772895+00:00,1785024625,11692,364 Langley Centre/Scottsdale,15252764,4918,3,132
2026-07-26T00:10:32.772895+00:00,1785024625,11692,364 Langley Centre/Scottsdale,15252764,4919,4,140
2026-07-26T00:10:32.772895+00:00,1785024625,11692,364 Langley Centre/Scottsdale,15252764,4921,5,78
2026-07-26T00:10:32.772895+00:00,1785024625,11692,364 Langley Centre/Scottsdale,15252764,11121,6,128
2026-07-26T00:10:32.772895+00:00,1785024625,11692,364 Langley Centre/Scottsdale,15252764,11142,7,91
2026-07-26T00:10:32.772895+00:00,1785024625,11692,364 Langley Centre/Scottsdale,15252764,11139,8,75
2026-07-26T00:10:32.772895+00:00,1785024625,11692,364 Langley Centre/Scottsdale,15252764,11156,9,62
2026-07-26T00:10:32.772895+00:00,1785024625,11692,364 Langley Centre/Scottsdale,15252764,5583,10,70
2026-07-26T00:10:32.772895+00:00,1785024625,11692,364 Langley Centre/Scottsdale,15252764,5584,11,38
2026-07-26T00:10:32.772895+00:00,1785024625,11692,364 Langley Centre/Scottsdale,15252764,6464,12,25
2026-07-26T00:10:32.772895+00:00,1785024625,11692,364 Langley Centre/Scottsdale,15252764,6465,13,1
2026-07-26T00:10:32.772895+00:00,1785024625,11692,364 Langley Centre/Scottsdale,15252764,11074,14,39
2026-07-26T00:10:32.772895+00:00,1785024625,11692,364 Langley Centre/Scottsdale,15252764,11153,15,8
2026-07-26T00:10:32.772895+00:00,1785024625,11692,364 Langley Centre/Scottsdale,15252764,11150,16,-33
2026-07-26T00:10:32.772895+00:00,1785024625,11692,364 Langley Centre/Scottsdale,15252764,11148,17,-51
2026-07-26T00:10:32.772895+00:00,1785024625,11692,364 Langley Centre/Scottsdale,15252764,11124,18,-42
2026-07-26T00:10:32.772895+00:00,1785024625,11692,364 Langley Centre/Scottsdale,15252764,11140,19,-82
2026-07-26T00:10:32.772895+00:00,1785024625,11692,364 Langley Centre/Scottsdale,15252764,11145,20,-95
2026-07-26T00:10:32.772895+00:00,1785024625,11692,364 Langley Centre/Scottsdale,15252764,11076,21,0
2026-07-26T00:10:32.772895+00:00,1785024625,11692,364 Langley Centre/Scottsdale,15252764,12645,22,-202
2026-07-26T00:10:32.772895+00:00,1785024625,11692,364 Langley Centre/Scottsdale,15252764,9525,23,-201
2026-07-26T00:10:32.772895+00:00,1785024625,11692,364 Langley Centre/Scottsdale,15252764,10148,24,-185
2026-07-26T00:10:32.772895+00:00,1785024625,11692,364 Langley Centre/Scottsdale,15252764,10585,25,-205
2026-07-26T00:10:32.772895+00:00,1785024625,11692,364 Langley Centre/Scottsdale,15252764,10250,26,-214
2026-07-26T00:10:32.772895+00:00,1785024625,11692,364 Langley Centre/Scottsdale,15252764,10588,27,-221
2026-07-26T00:10:32.772895+00:00,1785024625,11692,364 Langley Centre/Scottsdale,15252764,10248,28,-195
2026-07-26T00:10:32.772895+00:00,1785024625,11692,364 Langley Centre/Scottsdale,15252764,10726,29,-191
2026-07-26T00:10:32.772895+00:00,1785024625,11692,364 Langley Centre/Scottsdale,15252764,10725,30,-202
2026-07-26T00:10:32.772895+00:00,1785024625,11692,364 Langley Centre/Scottsdale,15252764,10727,31,-215
2026-07-26T00:10:32.772895+00:00,1785024625,11692,364 Langley Centre/Scottsdale,15252764,10251,32,-220
2026-07-26T00:10:32.772895+00:00,1785024625,11692,364 Langley Centre/Scottsdale,15252764,10252,33,-241
2026-07-26T00:10:32.772895+00:00,1785024625,11692,364 Langley Centre/Scottsdale,15252764,10253,34,-249
2026-07-26T00:10:32.772895+00:00,1785024625,11692,364 Langley Centre/Scottsdale,15252764,10255,35,-265
2026-07-26T00:10:32.772895+00:00,1785024625,11692,364 Langley Centre/Scottsdale,15252764,5332,36,-227
2026-07-26T00:10:32.772895+00:00,1785024625,11692,364 Langley Centre/Scottsdale,15252764,12497,37,-250
2026-07-26T00:10:32.772895+00:00,1785024625,11692,364 Langley Centre/Scottsdale,15252764,5334,38,-252
2026-07-26T00:10:32.772895+00:00,1785024625,11692,364 Langley Centre/Scottsdale,15252764,6472,39,-239
2026-07-26T00:10:32.772895+00:00,1785024625,11692,364 Langley Centre/Scottsdale,15252764,6473,40,-244
2026-07-26T00:10:32.772895+00:00,1785024625,11692,364 Langley Centre/Scottsdale,15252764,6474,41,-248
2026-07-26T00:10:32.772895+00:00,1785024625,11692,364 Langley Centre/Scottsdale,15252764,9306,42,-207
2026-07-26T00:10:32.772895+00:00,1785024625,11692,364 Langley Centre/Scottsdale,15252764,11125,43,-209
2026-07-26T00:10:32.772895+00:00,1785024625,11692,364 Langley Centre/Scottsdale,15252764,9294,44,-199
2026-07-26T00:10:32.772895+00:00,1785024625,11692,364 Langley Centre/Scottsdale,15252764,9293,45,-208
2026-07-26T00:10:32.772895+00:00,1785024625,11692,364 Langley Centre/Scottsdale,15252764,11126,46,-201
2026-07-26T00:10:32.772895+00:00,1785024625,11692,364 Langley Centre/Scottsdale,15252764,7094,47,-231
2026-07-26T00:10:32.772895+00:00,1785024625,11692,364 Langley Centre/Scottsdale,15252796,11148,17,25
2026-07-26T00:10:32.772895+00:00,1785024625,11692,364 Langley Centre/Scottsdale,15252796,11124,18,34
2026-07-26T00:10:32.772895+00:00,1785024625,11692,364 Langley Centre/Scottsdale,15252796,11140,19,-4
2026-07-26T00:10:32.772895+00:00,1785024625,11692,364 Langley Centre/Scottsdale,15252796,11145,20,-16
2026-07-26T00:10:32.772895+00:00,1785024625,11692,364 Langley Centre/Scottsdale,15252796,11076,21,0
2026-07-26T00:10:32.772895+00:00,1785024625,11692,364 Langley Centre/Scottsdale,15252796,12645,22,-212
2026-07-26T00:10:32.772895+00:00,1785024625,11692,364 Langley Centre/Scottsdale,15252796,9525,23,-214
2026-07-26T00:10:32.772895+00:00,1785024625,11692,364 Langley Centre/Scottsdale,15252796,10148,24,-200
2026-07-26T00:10:32.772895+00:00,1785024625,11692,364 Langley Centre/Scottsdale,15252796,10585,25,-222
2026-07-26T00:10:32.772895+00:00,1785024625,11692,364 Langley Centre/Scottsdale,15252796,10250,26,-232
2026-07-26T00:10:32.772895+00:00,1785024625,11692,364 Langley Centre/Scottsdale,15252796,10588,27,-240
2026-07-26T00:10:32.772895+00:00,1785024625,11692,364 Langley Centre/Scottsdale,15252796,10248,28,-217
2026-07-26T00:10:32.772895+00:00,1785024625,11692,364 Langley Centre/Scottsdale,15252796,10726,29,-212
2026-07-26T00:10:32.772895+00:00,1785024625,11692,364 Langley Centre/Scottsdale,15252796,10725,30,-226
2026-07-26T00:10:32.772895+00:00,1785024625,11692,364 Langley Centre/Scottsdale,15252796,10727,31,-242
2026-07-26T00:10:32.772895+00:00,1785024625,11692,364 Langley Centre/Scottsdale,15252796,10251,32,-249
2026-07-26T00:10:32.772895+00:00,1785024625,11692,364 Langley Centre/Scottsdale,15252796,10252,33,-272
2026-07-26T00:10:32.772895+00:00,1785024625,11692,364 Langley Centre/Scottsdale,15252796,10253,34,-281
2026-07-26T00:10:32.772895+00:00,1785024625,11692,364 Langley Centre/Scottsdale,15252796,10255,35,-299
2026-07-26T00:10:32.772895+00:00,1785024625,11692,364 Langley Centre/Scottsdale,15252796,5332,36,-263
2026-07-26T00:10:32.772895+00:00,1785024625,11692,364 Langley Centre/Scottsdale,15252796,12497,37,-289
2026-07-26T00:10:32.772895+00:00,1785024625,11692,364 Langley Centre/Scottsdale,15252796,5334,38,-293
2026-07-26T00:10:32.772895+00:00,1785024625,11692,364 Langley Centre/Scottsdale,15252796,6472,39,-280
2026-07-26T00:10:32.772895+00:00,1785024625,11692,364 Langley Centre/Scottsdale,15252796,6473,40,-277
2026-07-26T00:10:32.772895+00:00,1785024625,11692,364 Langley Centre/Scottsdale,15252796,6474,41,-272
2026-07-26T00:10:32.772895+00:00,1785024625,11692,364 Langley Centre/Scottsdale,15252796,9306,42,-223
2026-07-26T00:10:32.772895+00:00,1785024625,11692,364 Langley Centre/Scottsdale,15252796,11125,43,-226
2026-07-26T00:10:32.772895+00:00,1785024625,11692,364 Langley Centre/Scottsdale,15252796,9294,44,-232
2026-07-26T00:10:32.772895+00:00,1785024625,11692,364 Langley Centre/Scottsdale,15252796,9293,45,-240
2026-07-26T00:10:32.772895+00:00,1785024625,11692,364 Langley Centre/Scottsdale,15252796,11126,46,-230
2026-07-26T00:10:32.772895+00:00,1785024625,11692,364 Langley Centre/Scottsdale,15252796,7094,47,-267
2026-07-26T00:10:32.772895+00:00,1785024625,11692,364 Langley Centre/Scottsdale,15252799,10725,30,-31
2026-07-26T00:10:32.772895+00:00,1785024625,11692,364 Langley Centre/Scottsdale,15252799,10727,31,-46
2026-07-26T00:10:32.772895+00:00,1785024625,11692,364 Langley Centre/Scottsdale,15252799,10251,32,-53
2026-07-26T00:10:32.772895+00:00,1785024625,11692,364 Langley Centre/Scottsdale,15252799,10252,33,-73
2026-07-26T00:10:32.772895+00:00,1785024625,11692,364 Langley Centre/Scottsdale,15252799,10253,34,-82
2026-07-26T00:10:32.772895+00:00,1785024625,11692,364 Langley Centre/Scottsdale,15252799,10255,35,-100
2026-07-26T00:10:32.772895+00:00,1785024625,11692,364 Langley Centre/Scottsdale,15252799,5332,36,-64
2026-07-26T00:10:32.772895+00:00,1785024625,11692,364 Langley Centre/Scottsdale,15252799,12497,37,-89
2026-07-26T00:10:32.772895+00:00,1785024625,11692,364 Langley Centre/Scottsdale,15252799,5334,38,-94
2026-07-26T00:10:32.772895+00:00,1785024625,11692,364 Langley Centre/Scottsdale,15252799,6472,39,-81
2026-07-26T00:10:32.772895+00:00,1785024625,11692,364 Langley Centre/Scottsdale,15252799,6473,40,-80
2026-07-26T00:10:32.772895+00:00,1785024625,11692,364 Langley Centre/Scottsdale,15252799,6474,41,-76
2026-07-26T00:10:32.772895+00:00,1785024625,11692,364 Langley Centre/Scottsdale,15252799,9306,42,-25
2026-07-26T00:10:32.772895+00:00,1785024625,11692,364 Langley Centre/Scottsdale,15252799,11125,43,-21
2026-07-26T00:10:32.772895+00:00,1785024625,11692,364 Langley Centre/Scottsdale,15252799,9294,44,-17
2026-07-26T00:10:32.772895+00:00,1785024625,11692,364 Langley Centre/Scottsdale,15252799,9293,45,-27
2026-07-26T00:10:32.772895+00:00,1785024625,11692,364 Langley Centre/Scottsdale,15252799,11126,46,-18
2026-07-26T00:10:32.772895+00:00,1785024625,11692,364 Langley Centre/Scottsdale,15252799,7094,47,-55
2026-07-26T00:10:32.772895+00:00,1785024625,11692,364 Langley Centre/Scottsdale,15252822,11175,31,-273
2026-07-26T00:10:32.772895+00:00,1785024625,11692,364 Langley Centre/Scottsdale,15252822,11123,32,-270
2026-07-26T00:10:32.772895+00:00,1785024625,11692,364 Langley Centre/Scottsdale,15252822,11176,33,-261
2026-07-26T00:10:32.772895+00:00,1785024625,11692,364 Langley Centre/Scottsdale,15252822,11177,34,-287
2026-07-26T00:10:32.772895+00:00,1785024625,11692,364 Langley Centre/Scottsdale,15252822,11178,35,-312
2026-07-26T00:10:32.772895+00:00,1785024625,11692,364 Langley Centre/Scottsdale,15252822,6459,36,-217
2026-07-26T00:10:32.772895+00:00,1785024625,11692,364 Langley Centre/Scottsdale,15252822,6460,37,-219
2026-07-26T00:10:32.772895+00:00,1785024625,11692,364 Langley Centre/Scottsdale,15252822,5621,38,-212
2026-07-26T00:10:32.772895+00:00,1785024625,11692,364 Langley Centre/Scottsdale,15252822,5622,39,-230
2026-07-26T00:10:32.772895+00:00,1785024625,11692,364 Langley Centre/Scottsdale,15252822,11122,40,-189
2026-07-26T00:10:32.772895+00:00,1785024625,11692,364 Langley Centre/Scottsdale,15252822,11155,41,-200
2026-07-26T00:10:32.772895+00:00,1785024625,11692,364 Langley Centre/Scottsdale,15252822,11143,42,-200
2026-07-26T00:10:32.772895+00:00,1785024625,11692,364 Langley Centre/Scottsdale,15252822,11141,43,-226
2026-07-26T00:10:32.772895+00:00,1785024625,11692,364 Langley Centre/Scottsdale,15252822,4936,44,-201
2026-07-26T00:10:32.772895+00:00,1785024625,11692,364 Langley Centre/Scottsdale,15252822,4937,45,-214
2026-07-26T00:10:32.772895+00:00,1785024625,11692,364 Langley Centre/Scottsdale,15252822,4938,46,-230
2026-07-26T00:10:32.772895+00:00,1785024625,11692,364 Langley Centre/Scottsdale,15252822,5229,47,-217
2026-07-26T00:10:32.772895+00:00,1785024625,11692,364 Langley Centre/Scottsdale,15252822,4917,48,-141
2026-07-26T00:10:32.772895+00:00,1785024625,11692,364 Langley Centre/Scottsdale,15252824,10258,16,-16
2026-07-26T00:10:32.772895+00:00,1785024625,11692,364 Langley Centre/Scottsdale,15252824,10259,17,-58
2026-07-26T00:10:32.772895+00:00,1785024625,11692,364 Langley Centre/Scottsdale,15252824,10260,18,0
2026-07-26T00:10:32.772895+00:00,1785024625,11692,364 Langley Centre/Scottsdale,15252824,10729,19,-42
2026-07-26T00:10:32.772895+00:00,1785024625,11692,364 Langley Centre/Scottsdale,15252824,13067,20,-63
2026-07-26T00:10:32.772895+00:00,1785024625,11692,364 Langley Centre/Scottsdale,15252824,10633,21,-88
2026-07-26T00:10:32.772895+00:00,1785024625,11692,364 Langley Centre/Scottsdale,15252824,10149,22,-55
2026-07-26T00:10:32.772895+00:00,1785024625,11692,364 Langley Centre/Scottsdale,15252824,10587,23,-72
2026-07-26T00:10:32.772895+00:00,1785024625,11692,364 Langley Centre/Scottsdale,15252824,10261,24,-101
2026-07-26T00:10:32.772895+00:00,1785024625,11692,364 Langley Centre/Scottsdale,15252824,10586,25,-134
2026-07-26T00:10:32.772895+00:00,1785024625,11692,364 Langley Centre/Scottsdale,15252824,9547,26,-108
2026-07-26T00:10:32.772895+00:00,1785024625,11692,364 Langley Centre/Scottsdale,15252824,9526,27,-135
2026-07-26T00:10:32.772895+00:00,1785024625,11692,364 Langley Centre/Scottsdale,15252824,12646,28,-147
2026-07-26T00:10:32.772895+00:00,1785024625,11692,364 Langley Centre/Scottsdale,15252824,11075,29,-282
2026-07-26T00:10:32.772895+00:00,1785024625,11692,364 Langley Centre/Scottsdale,15252824,11174,30,-303
2026-07-26T00:10:32.772895+00:00,1785024625,11692,364 Langley Centre/Scottsdale,15252824,11175,31,-329
2026-07-26T00:10:32.772895+00:00,1785024625,11692,364 Langley Centre/Scottsdale,15252824,11123,32,-325
2026-07-26T00:10:32.772895+00:00,1785024625,11692,364 Langley Centre/Scottsdale,15252824,11176,33,-316
2026-07-26T00:10:32.772895+00:00,1785024625,11692,364 Langley Centre/Scottsdale,15252824,11177,34,-340
2026-07-26T00:10:32.772895+00:00,1785024625,11692,364 Langley Centre/Scottsdale,15252824,11178,35,-363
2026-07-26T00:10:32.772895+00:00,1785024625,11692,364 Langley Centre/Scottsdale,15252824,6459,36,-267
2026-07-26T00:10:32.772895+00:00,1785024625,11692,364 Langley Centre/Scottsdale,15252824,6460,37,-269
2026-07-26T00:10:32.772895+00:00,1785024625,11692,364 Langley Centre/Scottsdale,15252824,5621,38,-262
2026-07-26T00:10:32.772895+00:00,1785024625,11692,364 Langley Centre/Scottsdale,15252824,5622,39,-280
2026-07-26T00:10:32.772895+00:00,1785024625,11692,364 Langley Centre/Scottsdale,15252824,11122,40,-239
2026-07-26T00:10:32.772895+00:00,1785024625,11692,364 Langley Centre/Scottsdale,15252824,11155,41,-249
2026-07-26T00:10:32.772895+00:00,1785024625,11692,364 Langley Centre/Scottsdale,15252824,11143,42,-249
2026-07-26T00:10:32.772895+00:00,1785024625,11692,364 Langley Centre/Scottsdale,15252824,11141,43,-275
2026-07-26T00:10:32.772895+00:00,1785024625,11692,364 Langley Centre/Scottsdale,15252824,4936,44,-252
2026-07-26T00:10:32.772895+00:00,1785024625,11692,364 Langley Centre/Scottsdale,15252824,4937,45,-268
2026-07-26T00:10:32.772895+00:00,1785024625,11692,364 Langley Centre/Scottsdale,15252824,4938,46,-287
2026-07-26T00:10:32.772895+00:00,1785024625,11692,364 Langley Centre/Scottsdale,15252824,5229,47,-279
2026-07-26T00:10:32.772895+00:00,1785024625,11692,364 Langley Centre/Scottsdale,15252824,4917,48,-205
2026-07-26T00:10:32.772895+00:00,1785024625,11692,364 Langley Centre/Scottsdale,15252840,11122,40,191
2026-07-26T00:10:32.772895+00:00,1785024625,11692,364 Langley Centre/Scottsdale,15252840,11155,41,182
2026-07-26T00:10:32.772895+00:00,1785024625,11692,364 Langley Centre/Scottsdale,15252840,11143,42,182
2026-07-26T00:10:32.772895+00:00,1785024625,11692,364 Langley Centre/Scottsdale,15252840,11141,43,156
2026-07-26T00:10:32.772895+00:00,1785024625,11692,364 Langley Centre/Scottsdale,15252840,4936,44,179
2026-07-26T00:10:32.772895+00:00,1785024625,11692,364 Langley Centre/Scottsdale,15252840,4937,45,164
2026-07-26T00:10:32.772895+00:00,1785024625,11692,364 Langley Centre/Scottsdale,15252840,4938,46,146
2026-07-26T00:10:32.772895+00:00,1785024625,11692,364 Langley Centre/Scottsdale,15252840,5229,47,155
2026-07-26T00:10:32.772895+00:00,1785024625,11692,364 Langley Centre/Scottsdale,15252840,4917,48,229
2026-07-26T00:10:32.772895+00:00,1785024625,11692,364 Langley Centre/Scottsdale,15252841,7093,3,-225
2026-07-26T00:10:32.772895+00:00,1785024625,11692,364 Langley Centre/Scottsdale,15252841,9291,4,-336
2026-07-26T00:10:32.772895+00:00,1785024625,11692,364 Langley Centre/Scottsdale,15252841,9292,5,-349
2026-07-26T00:10:32.772895+00:00,1785024625,11692,364 Langley Centre/Scottsdale,15252841,11264,6,-348
2026-07-26T00:10:32.772895+00:00,1785024625,11692,364 Langley Centre/Scottsdale,15252841,9303,7,-353
2026-07-26T00:10:32.772895+00:00,1785024625,11692,364 Langley Centre/Scottsdale,15252841,9304,8,-361
2026-07-26T00:10:32.772895+00:00,1785024625,11692,364 Langley Centre/Scottsdale,15252841,6475,9,-317
2026-07-26T00:10:32.772895+00:00,1785024625,11692,364 Langley Centre/Scottsdale,15252841,6476,10,-331
2026-07-26T00:10:32.772895+00:00,1785024625,11692,364 Langley Centre/Scottsdale,15252841,5381,11,-341
2026-07-26T00:10:32.772895+00:00,1785024625,11692,364 Langley Centre/Scottsdale,15252841,12496,12,-340
2026-07-26T00:10:32.772895+00:00,1785024625,11692,364 Langley Centre/Scottsdale,15252841,5382,13,-357
2026-07-26T00:10:32.772895+00:00,1785024625,11692,364 Langley Centre/Scottsdale,15252841,12516,14,-228
2026-07-26T00:10:32.772895+00:00,1785024625,11692,364 Langley Centre/Scottsdale,15252841,10257,15,-267
2026-07-26T00:10:32.772895+00:00,1785024625,11692,364 Langley Centre/Scottsdale,15252841,10258,16,-280
2026-07-26T00:10:32.772895+00:00,1785024625,11692,364 Langley Centre/Scottsdale,15252841,10259,17,-322
2026-07-26T00:10:32.772895+00:00,1785024625,11692,364 Langley Centre/Scottsdale,15252841,10260,18,0
2026-07-26T00:10:32.772895+00:00,1785024625,11692,364 Langley Centre/Scottsdale,15252841,10729,19,-42
2026-07-26T00:10:32.772895+00:00,1785024625,11692,364 Langley Centre/Scottsdale,15252841,13067,20,-63
2026-07-26T00:10:32.772895+00:00,1785024625,11692,364 Langley Centre/Scottsdale,15252841,10633,21,-88
2026-07-26T00:10:32.772895+00:00,1785024625,11692,364 Langley Centre/Scottsdale,15252841,10149,22,-55
2026-07-26T00:10:32.772895+00:00,1785024625,11692,364 Langley Centre/Scottsdale,15252841,10587,23,-72
2026-07-26T00:10:32.772895+00:00,1785024625,11692,364 Langley Centre/Scottsdale,15252841,10261,24,-102
2026-07-26T00:10:32.772895+00:00,1785024625,11692,364 Langley Centre/Scottsdale,15252841,10586,25,-134
2026-07-26T00:10:32.772895+00:00,1785024625,11692,364 Langley Centre/Scottsdale,15252841,9547,26,-108
2026-07-26T00:10:32.772895+00:00,1785024625,11692,364 Langley Centre/Scottsdale,15252841,9526,27,-134
2026-07-26T00:10:32.772895+00:00,1785024625,11692,364 Langley Centre/Scottsdale,15252841,12646,28,-147
2026-07-26T00:10:32.772895+00:00,1785024625,11692,364 Langley Centre/Scottsdale,15252841,11075,29,-281
2026-07-26T00:10:32.772895+00:00,1785024625,11692,364 Langley Centre/Scottsdale,15252841,11174,30,-302
2026-07-26T00:10:32.772895+00:00,1785024625,11692,364 Langley Centre/Scottsdale,15252841,11175,31,-329
2026-07-26T00:10:32.772895+00:00,1785024625,11692,364 Langley Centre/Scottsdale,15252841,11123,32,-325
2026-07-26T00:10:32.772895+00:00,1785024625,11692,364 Langley Centre/Scottsdale,15252841,11176,33,-316
2026-07-26T00:10:32.772895+00:00,1785024625,11692,364 Langley Centre/Scottsdale,15252841,11177,34,-341
2026-07-26T00:10:32.772895+00:00,1785024625,11692,364 Langley Centre/Scottsdale,15252841,11178,35,-365
2026-07-26T00:10:32.772895+00:00,1785024625,11692,364 Langley Centre/Scottsdale,15252841,6459,36,-269
2026-07-26T00:10:32.772895+00:00,1785024625,11692,364 Langley Centre/Scottsdale,15252841,6460,37,-270
2026-07-26T00:10:32.772895+00:00,1785024625,11692,364 Langley Centre/Scottsdale,15252841,5621,38,-263
2026-07-26T00:10:32.772895+00:00,1785024625,11692,364 Langley Centre/Scottsdale,15252841,5622,39,-280
2026-07-26T00:10:32.772895+00:00,1785024625,11692,364 Langley Centre/Scottsdale,15252841,11122,40,-240
2026-07-26T00:10:32.772895+00:00,1785024625,11692,364 Langley Centre/Scottsdale,15252841,11155,41,-248
2026-07-26T00:10:32.772895+00:00,1785024625,11692,364 Langley Centre/Scottsdale,15252841,11143,42,-248
2026-07-26T00:10:32.772895+00:00,1785024625,11692,364 Langley Centre/Scottsdale,15252841,11141,43,-274
2026-07-26T00:10:32.772895+00:00,1785024625,11692,364 Langley Centre/Scottsdale,15252841,4936,44,-252
2026-07-26T00:10:32.772895+00:00,1785024625,11692,364 Langley Centre/Scottsdale,15252841,4937,45,-264
2026-07-26T00:10:32.772895+00:00,1785024625,11692,364 Langley Centre/Scottsdale,15252841,4938,46,-281
2026-07-26T00:10:32.772895+00:00,1785024625,11692,364 Langley Centre/Scottsdale,15252841,5229,47,-269
2026-07-26T00:10:32.772895+00:00,1785024625,11692,364 Langley Centre/Scottsdale,15252841,4917,48,-197
2026-07-26T00:10:32.772895+00:00,1785024625,18705,531 WhiteRock/WillowBrook,15259245,9303,49,-293
2026-07-26T00:10:32.772895+00:00,1785024625,18705,531 WhiteRock/WillowBrook,15259245,9304,50,-295
2026-07-26T00:10:32.772895+00:00,1785024625,18705,531 WhiteRock/WillowBrook,15259245,6475,51,-243
2026-07-26T00:10:32.772895+00:00,1785024625,18705,531 WhiteRock/WillowBrook,15259245,6476,52,-250
2026-07-26T00:10:32.772895+00:00,1785024625,18705,531 WhiteRock/WillowBrook,15259245,5335,53,-240
2026-07-26T00:10:32.772895+00:00,1785024625,18705,531 WhiteRock/WillowBrook,15259245,7100,54,-198
2026-07-26T00:10:32.772895+00:00,1785024625,18705,531 WhiteRock/WillowBrook,15259246,11922,21,-155
2026-07-26T00:10:32.772895+00:00,1785024625,18705,531 WhiteRock/WillowBrook,15259246,11744,22,-150
2026-07-26T00:10:32.772895+00:00,1785024625,18705,531 WhiteRock/WillowBrook,15259246,11839,23,-176
2026-07-26T00:10:32.772895+00:00,1785024625,18705,531 WhiteRock/WillowBrook,15259246,12922,24,-206
2026-07-26T00:10:32.772895+00:00,1785024625,18705,531 WhiteRock/WillowBrook,15259246,12923,25,-235
2026-07-26T00:10:32.772895+00:00,1785024625,18705,531 WhiteRock/WillowBrook,15259246,12925,26,-243
2026-07-26T00:10:32.772895+00:00,1785024625,18705,531 WhiteRock/WillowBrook,15259246,12928,27,-271
2026-07-26T00:10:32.772895+00:00,1785024625,18705,531 WhiteRock/WillowBrook,15259246,12930,28,-292
2026-07-26T00:10:32.772895+00:00,1785024625,18705,531 WhiteRock/WillowBrook,15259246,13042,29,-315
2026-07-26T00:10:32.772895+00:00,1785024625,18705,531 WhiteRock/WillowBrook,15259246,8936,30,-311
2026-07-26T00:10:32.772895+00:00,1785024625,18705,531 WhiteRock/WillowBrook,15259246,9030,31,-322
2026-07-26T00:10:32.772895+00:00,1785024625,18705,531 WhiteRock/WillowBrook,15259246,8937,32,-339
2026-07-26T00:10:32.772895+00:00,1785024625,18705,531 WhiteRock/WillowBrook,15259246,8938,33,-336
2026-07-26T00:10:32.772895+00:00,1785024625,18705,531 WhiteRock/WillowBrook,15259246,7081,34,-339
2026-07-26T00:10:32.772895+00:00,1785024625,18705,531 WhiteRock/WillowBrook,15259246,7082,35,-345
2026-07-26T00:10:32.772895+00:00,1785024625,18705,531 WhiteRock/WillowBrook,15259246,7083,36,-368
2026-07-26T00:10:32.772895+00:00,1785024625,18705,531 WhiteRock/WillowBrook,15259246,7084,37,-384
2026-07-26T00:10:32.772895+00:00,1785024625,18705,531 WhiteRock/WillowBrook,15259246,7085,38,-413
2026-07-26T00:10:32.772895+00:00,1785024625,18705,531 WhiteRock/WillowBrook,15259246,8939,39,-422
2026-07-26T00:10:32.772895+00:00,1785024625,18705,531 WhiteRock/WillowBrook,15259246,7086,40,-432
2026-07-26T00:10:32.772895+00:00,1785024625,18705,531 WhiteRock/WillowBrook,15259246,8940,41,-455
2026-07-26T00:10:32.772895+00:00,1785024625,18705,531 WhiteRock/WillowBrook,15259246,5341,42,-460
2026-07-26T00:10:32.772895+00:00,1785024625,18705,531 WhiteRock/WillowBrook,15259246,5342,43,-455
2026-07-26T00:10:32.772895+00:00,1785024625,18705,531 WhiteRock/WillowBrook,15259246,12293,44,-439
2026-07-26T00:10:32.772895+00:00,1785024625,18705,531 WhiteRock/WillowBrook,15259246,12173,45,-373
2026-07-26T00:10:32.772895+00:00,1785024625,18705,531 WhiteRock/WillowBrook,15259246,9291,46,-404
2026-07-26T00:10:32.772895+00:00,1785024625,18705,531 WhiteRock/WillowBrook,15259246,9292,47,-407
2026-07-26T00:10:32.772895+00:00,1785024625,18705,531 WhiteRock/WillowBrook,15259246,11264,48,-392
2026-07-26T00:10:32.772895+00:00,1785024625,18705,531 WhiteRock/WillowBrook,15259246,9303,49,-390
2026-07-26T00:10:32.772895+00:00,1785024625,18705,531 WhiteRock/WillowBrook,15259246,9304,50,-393
2026-07-26T00:10:32.772895+00:00,1785024625,18705,531 WhiteRock/WillowBrook,15259246,6475,51,-342
2026-07-26T00:10:32.772895+00:00,1785024625,18705,531 WhiteRock/WillowBrook,15259246,6476,52,-350
2026-07-26T00:10:32.772895+00:00,1785024625,18705,531 WhiteRock/WillowBrook,15259246,5335,53,-338
2026-07-26T00:10:32.772895+00:00,1785024625,18705,531 WhiteRock/WillowBrook,15259246,7100,54,-296
2026-07-26T00:10:32.772895+00:00,1785024625,18705,531 WhiteRock/WillowBrook,15259247,13013,1,0
2026-07-26T00:10:32.772895+00:00,1785024625,18705,531 WhiteRock/WillowBrook,15259247,5437,2,0
2026-07-26T00:10:32.772895+00:00,1785024625,18705,531 WhiteRock/WillowBrook,15259247,5438,3,0
2026-07-26T00:10:32.772895+00:00,1785024625,18705,531 WhiteRock/WillowBrook,15259247,5439,4,0
2026-07-26T00:10:32.772895+00:00,1785024625,18705,531 WhiteRock/WillowBrook,15259247,5440,5,0
2026-07-26T00:10:32.772895+00:00,1785024625,18705,531 WhiteRock/WillowBrook,15259247,11755,6,0
2026-07-26T00:10:32.772895+00:00,1785024625,18705,531 WhiteRock/WillowBrook,15259247,11734,7,0
2026-07-26T00:10:32.772895+00:00,1785024625,18705,531 WhiteRock/WillowBrook,15259247,10856,8,0
2026-07-26T00:10:32.772895+00:00,1785024625,18705,531 WhiteRock/WillowBrook,15259247,11583,9,0
2026-07-26T00:10:32.772895+00:00,1785024625,18705,531 WhiteRock/WillowBrook,15259247,11574,10,0
2026-07-26T00:10:32.772895+00:00,1785024625,18705,531 WhiteRock/WillowBrook,15259247,11736,11,0
2026-07-26T00:10:32.772895+00:00,1785024625,18705,531 WhiteRock/WillowBrook,15259247,12379,12,0
2026-07-26T00:10:32.772895+00:00,1785024625,18705,531 WhiteRock/WillowBrook,15259247,11738,13,0
2026-07-26T00:10:32.772895+00:00,1785024625,18705,531 WhiteRock/WillowBrook,15259247,11743,14,0
2026-07-26T00:10:32.772895+00:00,1785024625,18705,531 WhiteRock/WillowBrook,15259247,12306,15,0
2026-07-26T00:10:32.772895+00:00,1785024625,18705,531 WhiteRock/WillowBrook,15259247,12218,16,0
2026-07-26T00:10:32.772895+00:00,1785024625,18705,531 WhiteRock/WillowBrook,15259247,11924,17,0
2026-07-26T00:10:32.772895+00:00,1785024625,18705,531 WhiteRock/WillowBrook,15259247,13131,18,0
2026-07-26T00:10:32.772895+00:00,1785024625,18705,531 WhiteRock/WillowBrook,15259247,11923,19,0
2026-07-26T00:10:32.772895+00:00,1785024625,18705,531 WhiteRock/WillowBrook,15259247,12597,20,0
2026-07-26T00:10:32.772895+00:00,1785024625,18705,531 WhiteRock/WillowBrook,15259247,11922,21,0
2026-07-26T00:10:32.772895+00:00,1785024625,18705,531 WhiteRock/WillowBrook,15259247,11744,22,0
2026-07-26T00:10:32.772895+00:00,1785024625,18705,531 WhiteRock/WillowBrook,15259247,11839,23,0
2026-07-26T00:10:32.772895+00:00,1785024625,18705,531 WhiteRock/WillowBrook,15259247,12922,24,0
2026-07-26T00:10:32.772895+00:00,1785024625,18705,531 WhiteRock/WillowBrook,15259247,12923,25,0
2026-07-26T00:10:32.772895+00:00,1785024625,18705,531 WhiteRock/WillowBrook,15259247,12925,26,0
2026-07-26T00:10:32.772895+00:00,1785024625,18705,531 WhiteRock/WillowBrook,15259247,12928,27,0
2026-07-26T00:10:32.772895+00:00,1785024625,18705,531 WhiteRock/WillowBrook,15259247,12930,28,0
2026-07-26T00:10:32.772895+00:00,1785024625,18705,531 WhiteRock/WillowBrook,15259247,13042,29,0
2026-07-26T00:10:32.772895+00:00,1785024625,18705,531 WhiteRock/WillowBrook,15259247,8936,30,0
2026-07-26T00:10:32.772895+00:00,1785024625,18705,531 WhiteRock/WillowBrook,15259247,9030,31,0
2026-07-26T00:10:32.772895+00:00,1785024625,18705,531 WhiteRock/WillowBrook,15259247,8937,32,0
2026-07-26T00:10:32.772895+00:00,1785024625,18705,531 WhiteRock/WillowBrook,15259247,8938,33,0
2026-07-26T00:10:32.772895+00:00,1785024625,18705,531 WhiteRock/WillowBrook,15259247,7081,34,0
2026-07-26T00:10:32.772895+00:00,1785024625,18705,531 WhiteRock/WillowBrook,15259247,7082,35,0
2026-07-26T00:10:32.772895+00:00,1785024625,18705,531 WhiteRock/WillowBrook,15259247,7083,36,0
2026-07-26T00:10:32.772895+00:00,1785024625,18705,531 WhiteRock/WillowBrook,15259247,7084,37,0
2026-07-26T00:10:32.772895+00:00,1785024625,18705,531 WhiteRock/WillowBrook,15259247,7085,38,0
2026-07-26T00:10:32.772895+00:00,1785024625,18705,531 WhiteRock/WillowBrook,15259247,8939,39,0
2026-07-26T00:10:32.772895+00:00,1785024625,18705,531 WhiteRock/WillowBrook,15259247,7086,40,0
2026-07-26T00:10:32.772895+00:00,1785024625,18705,531 WhiteRock/WillowBrook,15259247,8940,41,0
2026-07-26T00:10:32.772895+00:00,1785024625,18705,531 WhiteRock/WillowBrook,15259247,5341,42,0
2026-07-26T00:10:32.772895+00:00,1785024625,18705,531 WhiteRock/WillowBrook,15259247,5342,43,0
2026-07-26T00:10:32.772895+00:00,1785024625,18705,531 WhiteRock/WillowBrook,15259247,12293,44,0
2026-07-26T00:10:32.772895+00:00,1785024625,18705,531 WhiteRock/WillowBrook,15259247,12173,45,0
2026-07-26T00:10:32.772895+00:00,1785024625,18705,531 WhiteRock/WillowBrook,15259247,9291,46,0
2026-07-26T00:10:32.772895+00:00,1785024625,18705,531 WhiteRock/WillowBrook,15259247,9292,47,0
2026-07-26T00:10:32.772895+00:00,1785024625,18705,531 WhiteRock/WillowBrook,15259247,11264,48,0
2026-07-26T00:10:32.772895+00:00,1785024625,18705,531 WhiteRock/WillowBrook,15259247,9303,49,0
2026-07-26T00:10:32.772895+00:00,1785024625,18705,531 WhiteRock/WillowBrook,15259247,9304,50,0
2026-07-26T00:10:32.772895+00:00,1785024625,18705,531 WhiteRock/WillowBrook,15259247,6475,51,0
2026-07-26T00:10:32.772895+00:00,1785024625,18705,531 WhiteRock/WillowBrook,15259247,6476,52,0
2026-07-26T00:10:32.772895+00:00,1785024625,18705,531 WhiteRock/WillowBrook,15259247,5335,53,0
2026-07-26T00:10:32.772895+00:00,1785024625,18705,531 WhiteRock/WillowBrook,15259247,7100,54,0
2026-07-26T00:10:32.772895+00:00,1785024625,18705,531 WhiteRock/WillowBrook,15259282,11741,40,22
2026-07-26T00:10:32.772895+00:00,1785024625,18705,531 WhiteRock/WillowBrook,15259282,11740,41,15
2026-07-26T00:10:32.772895+00:00,1785024625,18705,531 WhiteRock/WillowBrook,15259282,11739,42,67
2026-07-26T00:10:32.772895+00:00,1785024625,18705,531 WhiteRock/WillowBrook,15259282,11737,43,114
2026-07-26T00:10:32.772895+00:00,1785024625,18705,531 WhiteRock/WillowBrook,15259282,11757,44,94
2026-07-26T00:10:32.772895+00:00,1785024625,18705,531 WhiteRock/WillowBrook,15259282,11735,45,131
2026-07-26T00:10:32.772895+00:00,1785024625,18705,531 WhiteRock/WillowBrook,15259282,11756,46,137
2026-07-26T00:10:32.772895+00:00,1785024625,18705,531 WhiteRock/WillowBrook,15259282,5535,47,172
2026-07-26T00:10:32.772895+00:00,1785024625,18705,531 WhiteRock/WillowBrook,15259282,5536,48,159
2026-07-26T00:10:32.772895+00:00,1785024625,18705,531 WhiteRock/WillowBrook,15259282,5537,49,161
2026-07-26T00:10:32.772895+00:00,1785024625,18705,531 WhiteRock/WillowBrook,15259282,5538,50,157
2026-07-26T00:10:32.772895+00:00,1785024625,18705,531 WhiteRock/WillowBrook,15259282,5539,51,176
2026-07-26T00:10:32.772895+00:00,1785024625,18705,531 WhiteRock/WillowBrook,15259282,5540,52,192
2026-07-26T00:10:32.772895+00:00,1785024625,18705,531 WhiteRock/WillowBrook,15259283,7094,9,107
2026-07-26T00:10:32.772895+00:00,1785024625,18705,531 WhiteRock/WillowBrook,15259283,7166,10,91
2026-07-26T00:10:32.772895+00:00,1785024625,18705,531 WhiteRock/WillowBrook,15259283,7092,11,136
2026-07-26T00:10:32.772895+00:00,1785024625,18705,531 WhiteRock/WillowBrook,15259283,10747,12,159
2026-07-26T00:10:32.772895+00:00,1785024625,18705,531 WhiteRock/WillowBrook,15259283,5364,13,180
2026-07-26T00:10:32.772895+00:00,1785024625,18705,531 WhiteRock/WillowBrook,15259283,11775,14,211
2026-07-26T00:10:32.772895+00:00,1785024625,18705,531 WhiteRock/WillowBrook,15259283,7171,15,193
2026-07-26T00:10:32.772895+00:00,1785024625,18705,531 WhiteRock/WillowBrook,15259283,7172,16,166
2026-07-26T00:10:32.772895+00:00,1785024625,18705,531 WhiteRock/WillowBrook,15259283,7173,17,160
2026-07-26T00:10:32.772895+00:00,1785024625,18705,531 WhiteRock/WillowBrook,15259283,7174,18,134
2026-07-26T00:10:32.772895+00:00,1785024625,18705,531 WhiteRock/WillowBrook,15259283,7175,19,125
2026-07-26T00:10:32.772895+00:00,1785024625,18705,531 WhiteRock/WillowBrook,15259283,7176,20,109
2026-07-26T00:10:32.772895+00:00,1785024625,18705,531 WhiteRock/WillowBrook,15259283,7177,21,118
2026-07-26T00:10:32.772895+00:00,1785024625,18705,531 WhiteRock/WillowBrook,15259283,8948,22,105
2026-07-26T00:10:32.772895+00:00,1785024625,18705,531 WhiteRock/WillowBrook,15259283,9031,23,92
2026-07-26T00:10:32.772895+00:00,1785024625,18705,531 WhiteRock/WillowBrook,15259283,12931,24,92
2026-07-26T00:10:32.772895+00:00,1785024625,18705,531 WhiteRock/WillowBrook,15259283,13041,25,84
2026-07-26T00:10:32.772895+00:00,1785024625,18705,531 WhiteRock/WillowBrook,15259283,12929,26,74
2026-07-26T00:10:32.772895+00:00,1785024625,18705,531 WhiteRock/WillowBrook,15259283,12927,27,49
2026-07-26T00:10:32.772895+00:00,1785024625,18705,531 WhiteRock/WillowBrook,15259283,12926,28,51
2026-07-26T00:10:32.772895+00:00,1785024625,18705,531 WhiteRock/WillowBrook,15259283,12924,29,26
2026-07-26T00:10:32.772895+00:00,1785024625,18705,531 WhiteRock/WillowBrook,15259283,11751,30,25
2026-07-26T00:10:32.772895+00:00,1785024625,18705,531 WhiteRock/WillowBrook,15259283,11750,31,-5
2026-07-26T00:10:32.772895+00:00,1785024625,18705,531 WhiteRock/WillowBrook,15259283,11747,32,-27
2026-07-26T00:10:32.772895+00:00,1785024625,18705,531 WhiteRock/WillowBrook,15259283,11745,33,-36
2026-07-26T00:10:32.772895+00:00,1785024625,18705,531 WhiteRock/WillowBrook,15259283,13040,34,-40
2026-07-26T00:10:32.772895+00:00,1785024625,18705,531 WhiteRock/WillowBrook,15259283,12598,35,-57
2026-07-26T00:10:32.772895+00:00,1785024625,18705,531 WhiteRock/WillowBrook,15259283,11920,36,-103
2026-07-26T00:10:32.772895+00:00,1785024625,18705,531 WhiteRock/WillowBrook,15259283,13130,37,-130
2026-07-26T00:10:32.772895+00:00,1785024625,18705,531 WhiteRock/WillowBrook,15259283,11925,38,-155
2026-07-26T00:10:32.772895+00:00,1785024625,18705,531 WhiteRock/WillowBrook,15259283,12219,39,-185
2026-07-26T00:10:32.772895+00:00,1785024625,18705,531 WhiteRock/WillowBrook,15259283,11741,40,-175
2026-07-26T00:10:32.772895+00:00,1785024625,18705,531 WhiteRock/WillowBrook,15259283,11740,41,-183
2026-07-26T00:10:32.772895+00:00,1785024625,18705,531 WhiteRock/WillowBrook,15259283,11739,42,-131
2026-07-26T00:10:32.772895+00:00,1785024625,18705,531 WhiteRock/WillowBrook,15259283,11737,43,-91
2026-07-26T00:10:32.772895+00:00,1785024625,18705,531 WhiteRock/WillowBrook,15259283,11757,44,-115
2026-07-26T00:10:32.772895+00:00,1785024625,18705,531 WhiteRock/WillowBrook,15259283,11735,45,-78
2026-07-26T00:10:32.772895+00:00,1785024625,18705,531 WhiteRock/WillowBrook,15259283,11756,46,-73
2026-07-26T00:10:32.772895+00:00,1785024625,18705,531 WhiteRock/WillowBrook,15259283,5535,47,-40
2026-07-26T00:10:32.772895+00:00,1785024625,18705,531 WhiteRock/WillowBrook,15259283,5536,48,-56
2026-07-26T00:10:32.772895+00:00,1785024625,18705,531 WhiteRock/WillowBrook,15259283,5537,49,-51
2026-07-26T00:10:32.772895+00:00,1785024625,18705,531 WhiteRock/WillowBrook,15259283,5538,50,-53
2026-07-26T00:10:32.772895+00:00,1785024625,18705,531 WhiteRock/WillowBrook,15259283,5539,51,-43
2026-07-26T00:10:32.772895+00:00,1785024625,18705,531 WhiteRock/WillowBrook,15259283,5540,52,-28
2026-07-26T00:15:32.771752+00:00,1785024925,6705,321 Surrey Central/WhiteRock,15247330,11725,52,16
2026-07-26T00:15:32.771752+00:00,1785024925,6705,321 Surrey Central/WhiteRock,15247330,5040,53,37
2026-07-26T00:15:32.771752+00:00,1785024925,6705,321 Surrey Central/WhiteRock,15247330,5041,54,46
2026-07-26T00:15:32.771752+00:00,1785024925,6705,321 Surrey Central/WhiteRock,15247330,12155,55,58
2026-07-26T00:15:32.771752+00:00,1785024925,6705,321 Surrey Central/WhiteRock,15247330,9089,56,70
2026-07-26T00:15:32.771752+00:00,1785024925,6705,321 Surrey Central/WhiteRock,15247330,7213,57,53
2026-07-26T00:15:32.771752+00:00,1785024925,6705,321 Surrey Central/WhiteRock,15247331,5469,43,53
2026-07-26T00:15:32.771752+00:00,1785024925,6705,321 Surrey Central/WhiteRock,15247331,5470,44,32
2026-07-26T00:15:32.771752+00:00,1785024925,6705,321 Surrey Central/WhiteRock,15247331,5471,45,2
2026-07-26T00:15:32.771752+00:00,1785024925,6705,321 Surrey Central/WhiteRock,15247331,5472,46,-18
2026-07-26T00:15:32.771752+00:00,1785024925,6705,321 Surrey Central/WhiteRock,15247331,5473,47,-63
2026-07-26T00:15:32.771752+00:00,1785024925,6705,321 Surrey Central/WhiteRock,15247331,5474,48,-60
2026-07-26T00:15:32.771752+00:00,1785024925,6705,321 Surrey Central/WhiteRock,15247331,5475,49,-102
2026-07-26T00:15:32.771752+00:00,1785024925,6705,321 Surrey Central/WhiteRock,15247331,5476,50,-119
2026-07-26T00:15:32.771752+00:00,1785024925,6705,321 Surrey Central/WhiteRock,15247331,5477,51,-138
2026-07-26T00:15:32.771752+00:00,1785024925,6705,321 Surrey Central/WhiteRock,15247331,11725,52,-162
2026-07-26T00:15:32.771752+00:00,1785024925,6705,321 Surrey Central/WhiteRock,15247331,5040,53,-140
2026-07-26T00:15:32.771752+00:00,1785024925,6705,321 Surrey Central/WhiteRock,15247331,5041,54,-131
2026-07-26T00:15:32.771752+00:00,1785024925,6705,321 Surrey Central/WhiteRock,15247331,12155,55,-118
2026-07-26T00:15:32.771752+00:00,1785024925,6705,321 Surrey Central/WhiteRock,15247331,9089,56,-106
2026-07-26T00:15:32.771752+00:00,1785024925,6705,321 Surrey Central/WhiteRock,15247331,7213,57,-123
2026-07-26T00:15:32.771752+00:00,1785024925,6705,321 Surrey Central/WhiteRock,15247332,5463,37,-125
2026-07-26T00:15:32.771752+00:00,1785024925,6705,321 Surrey Central/WhiteRock,15247332,5700,38,0
2026-07-26T00:15:32.771752+00:00,1785024925,6705,321 Surrey Central/WhiteRock,15247332,5465,39,7
2026-07-26T00:15:32.771752+00:00,1785024925,6705,321 Surrey Central/WhiteRock,15247332,5466,40,-29
2026-07-26T00:15:32.771752+00:00,1785024925,6705,321 Surrey Central/WhiteRock,15247332,5467,41,16
2026-07-26T00:15:32.771752+00:00,1785024925,6705,321 Surrey Central/WhiteRock,15247332,5468,42,-10
2026-07-26T00:15:32.771752+00:00,1785024925,6705,321 Surrey Central/WhiteRock,15247332,5469,43,-45
2026-07-26T00:15:32.771752+00:00,1785024925,6705,321 Surrey Central/WhiteRock,15247332,5470,44,-66
2026-07-26T00:15:32.771752+00:00,1785024925,6705,321 Surrey Central/WhiteRock,15247332,5471,45,-96
2026-07-26T00:15:32.771752+00:00,1785024925,6705,321 Surrey Central/WhiteRock,15247332,5472,46,-117
2026-07-26T00:15:32.771752+00:00,1785024925,6705,321 Surrey Central/WhiteRock,15247332,5473,47,-162
2026-07-26T00:15:32.771752+00:00,1785024925,6705,321 Surrey Central/WhiteRock,15247332,5474,48,-160
2026-07-26T00:15:32.771752+00:00,1785024925,6705,321 Surrey Central/WhiteRock,15247332,5475,49,-203
2026-07-26T00:15:32.771752+00:00,1785024925,6705,321 Surrey Central/WhiteRock,15247332,5476,50,-220
2026-07-26T00:15:32.771752+00:00,1785024925,6705,321 Surrey Central/WhiteRock,15247332,5477,51,-239
2026-07-26T00:15:32.771752+00:00,1785024925,6705,321 Surrey Central/WhiteRock,15247332,11725,52,-263
2026-07-26T00:15:32.771752+00:00,1785024925,6705,321 Surrey Central/WhiteRock,15247332,5040,53,-244
2026-07-26T00:15:32.771752+00:00,1785024925,6705,321 Surrey Central/WhiteRock,15247332,5041,54,-235
2026-07-26T00:15:32.771752+00:00,1785024925,6705,321 Surrey Central/WhiteRock,15247332,12155,55,-223
2026-07-26T00:15:32.771752+00:00,1785024925,6705,321 Surrey Central/WhiteRock,15247332,9089,56,-211
2026-07-26T00:15:32.771752+00:00,1785024925,6705,321 Surrey Central/WhiteRock,15247332,7213,57,-228
2026-07-26T00:15:32.771752+00:00,1785024925,6705,321 Surrey Central/WhiteRock,15247333,5452,26,-194
2026-07-26T00:15:32.771752+00:00,1785024925,6705,321 Surrey Central/WhiteRock,15247333,11913,27,-208
2026-07-26T00:15:32.771752+00:00,1785024925,6705,321 Surrey Central/WhiteRock,15247333,5454,28,-214
2026-07-26T00:15:32.771752+00:00,1785024925,6705,321 Surrey Central/WhiteRock,15247333,5455,29,-216
2026-07-26T00:15:32.771752+00:00,1785024925,6705,321 Surrey Central/WhiteRock,15247333,5456,30,-166
2026-07-26T00:15:32.771752+00:00,1785024925,6705,321 Surrey Central/WhiteRock,15247333,12651,31,-188
2026-07-26T00:15:32.771752+00:00,1785024925,6705,321 Surrey Central/WhiteRock,15247333,5458,32,-183
2026-07-26T00:15:32.771752+00:00,1785024925,6705,321 Surrey Central/WhiteRock,15247333,5459,33,-170
2026-07-26T00:15:32.771752+00:00,1785024925,6705,321 Surrey Central/WhiteRock,15247333,5460,34,-174
2026-07-26T00:15:32.771752+00:00,1785024925,6705,321 Surrey Central/WhiteRock,15247333,5461,35,-180
2026-07-26T00:15:32.771752+00:00,1785024925,6705,321 Surrey Central/WhiteRock,15247333,5462,36,-184
2026-07-26T00:15:32.771752+00:00,1785024925,6705,321 Surrey Central/WhiteRock,15247333,5463,37,-129
2026-07-26T00:15:32.771752+00:00,1785024925,6705,321 Surrey Central/WhiteRock,15247333,5700,38,0
2026-07-26T00:15:32.771752+00:00,1785024925,6705,321 Surrey Central/WhiteRock,15247333,5465,39,7
2026-07-26T00:15:32.771752+00:00,1785024925,6705,321 Surrey Central/WhiteRock,15247333,5466,40,-28
2026-07-26T00:15:32.771752+00:00,1785024925,6705,321 Surrey Central/WhiteRock,15247333,5467,41,17
2026-07-26T00:15:32.771752+00:00,1785024925,6705,321 Surrey Central/WhiteRock,15247333,5468,42,-9
2026-07-26T00:15:32.771752+00:00,1785024925,6705,321 Surrey Central/WhiteRock,15247333,5469,43,-40
2026-07-26T00:15:32.771752+00:00,1785024925,6705,321 Surrey Central/WhiteRock,15247333,5470,44,-61
2026-07-26T00:15:32.771752+00:00,1785024925,6705,321 Surrey Central/WhiteRock,15247333,5471,45,-91
2026-07-26T00:15:32.771752+00:00,1785024925,6705,321 Surrey Central/WhiteRock,15247333,5472,46,-111
2026-07-26T00:15:32.771752+00:00,1785024925,6705,321 Surrey Central/WhiteRock,15247333,5473,47,-156
2026-07-26T00:15:32.771752+00:00,1785024925,6705,321 Surrey Central/WhiteRock,15247333,5474,48,-154
2026-07-26T00:15:32.771752+00:00,1785024925,6705,321 Surrey Central/WhiteRock,15247333,5475,49,-196
2026-07-26T00:15:32.771752+00:00,1785024925,6705,321 Surrey Central/WhiteRock,15247333,5476,50,-213
2026-07-26T00:15:32.771752+00:00,1785024925,6705,321 Surrey Central/WhiteRock,15247333,5477,51,-232
2026-07-26T00:15:32.771752+00:00,1785024925,6705,321 Surrey Central/WhiteRock,15247333,11725,52,-256
2026-07-26T00:15:32.771752+00:00,1785024925,6705,321 Surrey Central/WhiteRock,15247333,5040,53,-239
2026-07-26T00:15:32.771752+00:00,1785024925,6705,321 Surrey Central/WhiteRock,15247333,5041,54,-230
2026-07-26T00:15:32.771752+00:00,1785024925,6705,321 Surrey Central/WhiteRock,15247333,12155,55,-217
2026-07-26T00:15:32.771752+00:00,1785024925,6705,321 Surrey Central/WhiteRock,15247333,9089,56,-205
2026-07-26T00:15:32.771752+00:00,1785024925,6705,321 Surrey Central/WhiteRock,15247333,7213,57,-222
2026-07-26T00:15:32.771752+00:00,1785024925,6705,321 Surrey Central/WhiteRock,15247334,10445,19,82
2026-07-26T00:15:32.771752+00:00,1785024925,6705,321 Surrey Central/WhiteRock,15247334,5447,20,50
2026-07-26T00:15:32.771752+00:00,1785024925,6705,321 Surrey Central/WhiteRock,15247334,5448,21,56
2026-07-26T00:15:32.771752+00:00,1785024925,6705,321 Surrey Central/WhiteRock,15247334,10437,22,58
2026-07-26T00:15:32.771752+00:00,1785024925,6705,321 Surrey Central/WhiteRock,15247334,5449,23,14
2026-07-26T00:15:32.771752+00:00,1785024925,6705,321 Surrey Central/WhiteRock,15247334,11313,24,-21
2026-07-26T00:15:32.771752+00:00,1785024925,6705,321 Surrey Central/WhiteRock,15247334,10808,25,-149
2026-07-26T00:15:32.771752+00:00,1785024925,6705,321 Surrey Central/WhiteRock,15247334,5452,26,-257
2026-07-26T00:15:32.771752+00:00,1785024925,6705,321 Surrey Central/WhiteRock,15247334,11913,27,-271
2026-07-26T00:15:32.771752+00:00,1785024925,6705,321 Surrey Central/WhiteRock,15247334,5454,28,-277
2026-07-26T00:15:32.771752+00:00,1785024925,6705,321 Surrey Central/WhiteRock,15247334,5455,29,-279
2026-07-26T00:15:32.771752+00:00,1785024925,6705,321 Surrey Central/WhiteRock,15247334,5456,30,-228
2026-07-26T00:15:32.771752+00:00,1785024925,6705,321 Surrey Central/WhiteRock,15247334,12651,31,-250
2026-07-26T00:15:32.771752+00:00,1785024925,6705,321 Surrey Central/WhiteRock,15247334,5458,32,-244
2026-07-26T00:15:32.771752+00:00,1785024925,6705,321 Surrey Central/WhiteRock,15247334,5459,33,-231
2026-07-26T00:15:32.771752+00:00,1785024925,6705,321 Surrey Central/WhiteRock,15247334,5460,34,-235
2026-07-26T00:15:32.771752+00:00,1785024925,6705,321 Surrey Central/WhiteRock,15247334,5461,35,-241
2026-07-26T00:15:32.771752+00:00,1785024925,6705,321 Surrey Central/WhiteRock,15247334,5462,36,-245
2026-07-26T00:15:32.771752+00:00,1785024925,6705,321 Surrey Central/WhiteRock,15247334,5463,37,-190
2026-07-26T00:15:32.771752+00:00,1785024925,6705,321 Surrey Central/WhiteRock,15247334,5700,38,0
2026-07-26T00:15:32.771752+00:00,1785024925,6705,321 Surrey Central/WhiteRock,15247334,5465,39,7
2026-07-26T00:15:32.771752+00:00,1785024925,6705,321 Surrey Central/WhiteRock,15247334,5466,40,-28
2026-07-26T00:15:32.771752+00:00,1785024925,6705,321 Surrey Central/WhiteRock,15247334,5467,41,16
2026-07-26T00:15:32.771752+00:00,1785024925,6705,321 Surrey Central/WhiteRock,15247334,5468,42,-10
2026-07-26T00:15:32.771752+00:00,1785024925,6705,321 Surrey Central/WhiteRock,15247334,5469,43,-44
2026-07-26T00:15:32.771752+00:00,1785024925,6705,321 Surrey Central/WhiteRock,15247334,5470,44,-64
2026-07-26T00:15:32.771752+00:00,1785024925,6705,321 Surrey Central/WhiteRock,15247334,5471,45,-94
2026-07-26T00:15:32.771752+00:00,1785024925,6705,321 Surrey Central/WhiteRock,15247334,5472,46,-114
2026-07-26T00:15:32.771752+00:00,1785024925,6705,321 Surrey Central/WhiteRock,15247334,5473,47,-159
2026-07-26T00:15:32.771752+00:00,1785024925,6705,321 Surrey Central/WhiteRock,15247334,5474,48,-155
2026-07-26T00:15:32.771752+00:00,1785024925,6705,321 Surrey Central/WhiteRock,15247334,5475,49,-198
2026-07-26T00:15:32.771752+00:00,1785024925,6705,321 Surrey Central/WhiteRock,15247334,5476,50,-215
2026-07-26T00:15:32.771752+00:00,1785024925,6705,321 Surrey Central/WhiteRock,15247334,5477,51,-234
2026-07-26T00:15:32.771752+00:00,1785024925,6705,321 Surrey Central/WhiteRock,15247334,11725,52,-259
2026-07-26T00:15:32.771752+00:00,1785024925,6705,321 Surrey Central/WhiteRock,15247334,5040,53,-239
2026-07-26T00:15:32.771752+00:00,1785024925,6705,321 Surrey Central/WhiteRock,15247334,5041,54,-230
2026-07-26T00:15:32.771752+00:00,1785024925,6705,321 Surrey Central/WhiteRock,15247334,12155,55,-218
2026-07-26T00:15:32.771752+00:00,1785024925,6705,321 Surrey Central/WhiteRock,15247334,9089,56,-206
2026-07-26T00:15:32.771752+00:00,1785024925,6705,321 Surrey Central/WhiteRock,15247334,7213,57,-223
2026-07-26T00:15:32.771752+00:00,1785024925,6705,321 Surrey Central/WhiteRock,15247335,6174,9,-6
2026-07-26T00:15:32.771752+00:00,1785024925,6705,321 Surrey Central/WhiteRock,15247335,5437,10,13
2026-07-26T00:15:32.771752+00:00,1785024925,6705,321 Surrey Central/WhiteRock,15247335,5438,11,10
2026-07-26T00:15:32.771752+00:00,1785024925,6705,321 Surrey Central/WhiteRock,15247335,5439,12,20
2026-07-26T00:15:32.771752+00:00,1785024925,6705,321 Surrey Central/WhiteRock,15247335,5440,13,3
2026-07-26T00:15:32.771752+00:00,1785024925,6705,321 Surrey Central/WhiteRock,15247335,5441,14,29
2026-07-26T00:15:32.771752+00:00,1785024925,6705,321 Surrey Central/WhiteRock,15247335,5442,15,9
2026-07-26T00:15:32.771752+00:00,1785024925,6705,321 Surrey Central/WhiteRock,15247335,5444,16,19
2026-07-26T00:15:32.771752+00:00,1785024925,6705,321 Surrey Central/WhiteRock,15247335,9083,17,4
2026-07-26T00:15:32.771752+00:00,1785024925,6705,321 Surrey Central/WhiteRock,15247335,5446,18,17
2026-07-26T00:15:32.771752+00:00,1785024925,6705,321 Surrey Central/WhiteRock,15247335,10445,19,11
2026-07-26T00:15:32.771752+00:00,1785024925,6705,321 Surrey Central/WhiteRock,15247335,5447,20,-21
2026-07-26T00:15:32.771752+00:00,1785024925,6705,321 Surrey Central/WhiteRock,15247335,5448,21,-15
2026-07-26T00:15:32.771752+00:00,1785024925,6705,321 Surrey Central/WhiteRock,15247335,10437,22,-14
2026-07-26T00:15:32.771752+00:00,1785024925,6705,321 Surrey Central/WhiteRock,15247335,5449,23,-58
2026-07-26T00:15:32.771752+00:00,1785024925,6705,321 Surrey Central/WhiteRock,15247335,11313,24,-93
2026-07-26T00:15:32.771752+00:00,1785024925,6705,321 Surrey Central/WhiteRock,15247335,10808,25,-221
2026-07-26T00:15:32.771752+00:00,1785024925,6705,321 Surrey Central/WhiteRock,15247335,5452,26,-329
2026-07-26T00:15:32.771752+00:00,1785024925,6705,321 Surrey Central/WhiteRock,15247335,11913,27,-343
2026-07-26T00:15:32.771752+00:00,1785024925,6705,321 Surrey Central/WhiteRock,15247335,5454,28,-347
2026-07-26T00:15:32.771752+00:00,1785024925,6705,321 Surrey Central/WhiteRock,15247335,5455,29,-349
2026-07-26T00:15:32.771752+00:00,1785024925,6705,321 Surrey Central/WhiteRock,15247335,5456,30,-299
2026-07-26T00:15:32.771752+00:00,1785024925,6705,321 Surrey Central/WhiteRock,15247335,12651,31,-321
2026-07-26T00:15:32.771752+00:00,1785024925,6705,321 Surrey Central/WhiteRock,15247335,5458,32,-314
2026-07-26T00:15:32.771752+00:00,1785024925,6705,321 Surrey Central/WhiteRock,15247335,5459,33,-302
2026-07-26T00:15:32.771752+00:00,1785024925,6705,321 Surrey Central/WhiteRock,15247335,5460,34,-306
2026-07-26T00:15:32.771752+00:00,1785024925,6705,321 Surrey Central/WhiteRock,15247335,5461,35,-311
2026-07-26T00:15:32.771752+00:00,1785024925,6705,321 Surrey Central/WhiteRock,15247335,5462,36,-315
2026-07-26T00:15:32.771752+00:00,1785024925,6705,321 Surrey Central/WhiteRock,15247335,5463,37,-258
2026-07-26T00:15:32.771752+00:00,1785024925,6705,321 Surrey Central/WhiteRock,15247335,5700,38,0
2026-07-26T00:15:32.771752+00:00,1785024925,6705,321 Surrey Central/WhiteRock,15247335,5465,39,7
2026-07-26T00:15:32.771752+00:00,1785024925,6705,321 Surrey Central/WhiteRock,15247335,5466,40,-29
2026-07-26T00:15:32.771752+00:00,1785024925,6705,321 Surrey Central/WhiteRock,15247335,5467,41,16
2026-07-26T00:15:32.771752+00:00,1785024925,6705,321 Surrey Central/WhiteRock,15247335,5468,42,-9
2026-07-26T00:15:32.771752+00:00,1785024925,6705,321 Surrey Central/WhiteRock,15247335,5469,43,-44
2026-07-26T00:15:32.771752+00:00,1785024925,6705,321 Surrey Central/WhiteRock,15247335,5470,44,-64
2026-07-26T00:15:32.771752+00:00,1785024925,6705,321 Surrey Central/WhiteRock,15247335,5471,45,-94
2026-07-26T00:15:32.771752+00:00,1785024925,6705,321 Surrey Central/WhiteRock,15247335,5472,46,-114
2026-07-26T00:15:32.771752+00:00,1785024925,6705,321 Surrey Central/WhiteRock,15247335,5473,47,-159
2026-07-26T00:15:32.771752+00:00,1785024925,6705,321 Surrey Central/WhiteRock,15247335,5474,48,-156
2026-07-26T00:15:32.771752+00:00,1785024925,6705,321 Surrey Central/WhiteRock,15247335,5475,49,-198
2026-07-26T00:15:32.771752+00:00,1785024925,6705,321 Surrey Central/WhiteRock,15247335,5476,50,-215
2026-07-26T00:15:32.771752+00:00,1785024925,6705,321 Surrey Central/WhiteRock,15247335,5477,51,-235
2026-07-26T00:15:32.771752+00:00,1785024925,6705,321 Surrey Central/WhiteRock,15247335,11725,52,-259
2026-07-26T00:15:32.771752+00:00,1785024925,6705,321 Surrey Central/WhiteRock,15247335,5040,53,-239
2026-07-26T00:15:32.771752+00:00,1785024925,6705,321 Surrey Central/WhiteRock,15247335,5041,54,-223
2026-07-26T00:15:32.771752+00:00,1785024925,6705,321 Surrey Central/WhiteRock,15247335,12155,55,-212
2026-07-26T00:15:32.771752+00:00,1785024925,6705,321 Surrey Central/WhiteRock,15247335,9089,56,-183
2026-07-26T00:15:32.771752+00:00,1785024925,6705,321 Surrey Central/WhiteRock,15247335,7213,57,-202
2026-07-26T00:15:32.771752+00:00,1785024925,6705,321 Surrey Central/WhiteRock,15247336,6197,1,0
2026-07-26T00:15:32.771752+00:00,1785024925,6705,321 Surrey Central/WhiteRock,15247336,6200,4,-448
2026-07-26T00:15:32.771752+00:00,1785024925,6705,321 Surrey Central/WhiteRock,15247336,6201,5,-454
2026-07-26T00:15:32.771752+00:00,1785024925,6705,321 Surrey Central/WhiteRock,15247336,6354,6,-438
2026-07-26T00:15:32.771752+00:00,1785024925,6705,321 Surrey Central/WhiteRock,15247336,6355,7,-449
2026-07-26T00:15:32.771752+00:00,1785024925,6705,321 Surrey Central/WhiteRock,15247336,6356,8,-362
2026-07-26T00:15:32.771752+00:00,1785024925,6705,321 Surrey Central/WhiteRock,15247336,6174,9,-309
2026-07-26T00:15:32.771752+00:00,1785024925,6705,321 Surrey Central/WhiteRock,15247336,5437,10,-295
2026-07-26T00:15:32.771752+00:00,1785024925,6705,321 Surrey Central/WhiteRock,15247336,5438,11,-298
2026-07-26T00:15:32.771752+00:00,1785024925,6705,321 Surrey Central/WhiteRock,15247336,5439,12,-286
2026-07-26T00:15:32.771752+00:00,1785024925,6705,321 Surrey Central/WhiteRock,15247336,5440,13,-302
2026-07-26T00:15:32.771752+00:00,1785024925,6705,321 Surrey Central/WhiteRock,15247336,5441,14,-301
2026-07-26T00:15:32.771752+00:00,1785024925,6705,321 Surrey Central/WhiteRock,15247336,5442,15,-322
2026-07-26T00:15:32.771752+00:00,1785024925,6705,321 Surrey Central/WhiteRock,15247336,5444,16,-313
2026-07-26T00:15:32.771752+00:00,1785024925,6705,321 Surrey Central/WhiteRock,15247336,9083,17,-334
2026-07-26T00:15:32.771752+00:00,1785024925,6705,321 Surrey Central/WhiteRock,15247336,5446,18,-324
2026-07-26T00:15:32.771752+00:00,1785024925,6705,321 Surrey Central/WhiteRock,15247336,10445,19,-325
2026-07-26T00:15:32.771752+00:00,1785024925,6705,321 Surrey Central/WhiteRock,15247336,5447,20,-357
2026-07-26T00:15:32.771752+00:00,1785024925,6705,321 Surrey Central/WhiteRock,15247336,5448,21,-356
2026-07-26T00:15:32.771752+00:00,1785024925,6705,321 Surrey Central/WhiteRock,15247336,10437,22,-362
2026-07-26T00:15:32.771752+00:00,1785024925,6705,321 Surrey Central/WhiteRock,15247336,5449,23,-406
2026-07-26T00:15:32.771752+00:00,1785024925,6705,321 Surrey Central/WhiteRock,15247336,11313,24,-440
2026-07-26T00:15:32.771752+00:00,1785024925,6705,321 Surrey Central/WhiteRock,15247336,10808,25,-568
2026-07-26T00:15:32.771752+00:00,1785024925,6705,321 Surrey Central/WhiteRock,15247336,5452,26,-676
2026-07-26T00:15:32.771752+00:00,1785024925,6705,321 Surrey Central/WhiteRock,15247336,11913,27,-690
2026-07-26T00:15:32.771752+00:00,1785024925,6705,321 Surrey Central/WhiteRock,15247336,5454,28,-695
2026-07-26T00:15:32.771752+00:00,1785024925,6705,321 Surrey Central/WhiteRock,15247336,5455,29,-697
2026-07-26T00:15:32.771752+00:00,1785024925,6705,321 Surrey Central/WhiteRock,15247336,5456,30,-647
2026-07-26T00:15:32.771752+00:00,1785024925,6705,321 Surrey Central/WhiteRock,15247336,12651,31,-669
2026-07-26T00:15:32.771752+00:00,1785024925,6705,321 Surrey Central/WhiteRock,15247336,5458,32,-662
2026-07-26T00:15:32.771752+00:00,1785024925,6705,321 Surrey Central/WhiteRock,15247336,5459,33,-650
2026-07-26T00:15:32.771752+00:00,1785024925,6705,321 Surrey Central/WhiteRock,15247336,5460,34,-654
2026-07-26T00:15:32.771752+00:00,1785024925,6705,321 Surrey Central/WhiteRock,15247336,5461,35,-659
2026-07-26T00:15:32.771752+00:00,1785024925,6705,321 Surrey Central/WhiteRock,15247336,5462,36,-663
2026-07-26T00:15:32.771752+00:00,1785024925,6705,321 Surrey Central/WhiteRock,15247336,5463,37,-604
2026-07-26T00:15:32.771752+00:00,1785024925,6705,321 Surrey Central/WhiteRock,15247336,5700,38,0
2026-07-26T00:15:32.771752+00:00,1785024925,6705,321 Surrey Central/WhiteRock,15247336,5465,39,7
2026-07-26T00:15:32.771752+00:00,1785024925,6705,321 Surrey Central/WhiteRock,15247336,5466,40,-29
2026-07-26T00:15:32.771752+00:00,1785024925,6705,321 Surrey Central/WhiteRock,15247336,5467,41,8
2026-07-26T00:15:32.771752+00:00,1785024925,6705,321 Surrey Central/WhiteRock,15247336,5468,42,-17
2026-07-26T00:15:32.771752+00:00,1785024925,6705,321 Surrey Central/WhiteRock,15247336,5469,43,-54
2026-07-26T00:15:32.771752+00:00,1785024925,6705,321 Surrey Central/WhiteRock,15247336,5470,44,-75
2026-07-26T00:15:32.771752+00:00,1785024925,6705,321 Surrey Central/WhiteRock,15247336,5471,45,-107
2026-07-26T00:15:32.771752+00:00,1785024925,6705,321 Surrey Central/WhiteRock,15247336,5472,46,-130
2026-07-26T00:15:32.771752+00:00,1785024925,6705,321 Surrey Central/WhiteRock,15247336,5473,47,-176
2026-07-26T00:15:32.771752+00:00,1785024925,6705,321 Surrey Central/WhiteRock,15247336,5474,48,-178
2026-07-26T00:15:32.771752+00:00,1785024925,6705,321 Surrey Central/WhiteRock,15247336,5475,49,-221
2026-07-26T00:15:32.771752+00:00,1785024925,6705,321 Surrey Central/WhiteRock,15247336,5476,50,-242
2026-07-26T00:15:32.771752+00:00,1785024925,6705,321 Surrey Central/WhiteRock,15247336,5477,51,-262
2026-07-26T00:15:32.771752+00:00,1785024925,6705,321 Surrey Central/WhiteRock,15247336,11725,52,-288
2026-07-26T00:15:32.771752+00:00,1785024925,6705,321 Surrey Central/WhiteRock,15247336,5040,53,-269
2026-07-26T00:15:32.771752+00:00,1785024925,6705,321 Surrey Central/WhiteRock,15247336,5041,54,-254
2026-07-26T00:15:32.771752+00:00,1785024925,6705,321 Surrey Central/WhiteRock,15247336,12155,55,-243
2026-07-26T00:15:32.771752+00:00,1785024925,6705,321 Surrey Central/WhiteRock,15247336,9089,56,-214
2026-07-26T00:15:32.771752+00:00,1785024925,6705,321 Surrey Central/WhiteRock,15247336,7213,57,-233
2026-07-26T00:15:32.771752+00:00,1785024925,6705,321 Surrey Central/WhiteRock,15247364,10880,1,0
2026-07-26T00:15:32.771752+00:00,1785024925,6705,321 Surrey Central/WhiteRock,15247364,5046,2,0
2026-07-26T00:15:32.771752+00:00,1785024925,6705,321 Surrey Central/WhiteRock,15247364,5047,3,0
2026-07-26T00:15:32.771752+00:00,1785024925,6705,321 Surrey Central/WhiteRock,15247364,8566,4,0
2026-07-26T00:15:32.771752+00:00,1785024925,6705,321 Surrey Central/WhiteRock,15247364,12916,5,0
2026-07-26T00:15:32.771752+00:00,1785024925,6705,321 Surrey Central/WhiteRock,15247364,5049,6,0
2026-07-26T00:15:32.771752+00:00,1785024925,6705,321 Surrey Central/WhiteRock,15247364,5039,7,0
2026-07-26T00:15:32.771752+00:00,1785024925,6705,321 Surrey Central/WhiteRock,15247364,8351,8,0
2026-07-26T00:15:32.771752+00:00,1785024925,6705,321 Surrey Central/WhiteRock,15247364,5496,9,0
2026-07-26T00:15:32.771752+00:00,1785024925,6705,321 Surrey Central/WhiteRock,15247364,5497,10,0
2026-07-26T00:15:32.771752+00:00,1785024925,6705,321 Surrey Central/WhiteRock,15247364,5498,11,0
2026-07-26T00:15:32.771752+00:00,1785024925,6705,321 Surrey Central/WhiteRock,15247364,5499,12,0
2026-07-26T00:15:32.771752+00:00,1785024925,6705,321 Surrey Central/WhiteRock,15247364,5500,13,0
2026-07-26T00:15:32.771752+00:00,1785024925,6705,321 Surrey Central/WhiteRock,15247364,5501,14,0
2026-07-26T00:15:32.771752+00:00,1785024925,6705,321 Surrey Central/WhiteRock,15247364,5502,15,0
2026-07-26T00:15:32.771752+00:00,1785024925,6705,321 Surrey Central/WhiteRock,15247364,5503,16,0
2026-07-26T00:15:32.771752+00:00,1785024925,6705,321 Surrey Central/WhiteRock,15247364,5504,17,0
2026-07-26T00:15:32.771752+00:00,1785024925,6705,321 Surrey Central/WhiteRock,15247364,5505,18,0
2026-07-26T00:15:32.771752+00:00,1785024925,6705,321 Surrey Central/WhiteRock,15247364,5507,19,0
2026-07-26T00:15:32.771752+00:00,1785024925,6705,321 Surrey Central/WhiteRock,15247364,5633,20,0
2026-07-26T00:15:32.771752+00:00,1785024925,6705,321 Surrey Central/WhiteRock,15247364,5510,21,0
2026-07-26T00:15:32.771752+00:00,1785024925,6705,321 Surrey Central/WhiteRock,15247364,5511,22,0
2026-07-26T00:15:32.771752+00:00,1785024925,6705,321 Surrey Central/WhiteRock,15247364,5512,23,0
2026-07-26T00:15:32.771752+00:00,1785024925,6705,321 Surrey Central/WhiteRock,15247364,5513,24,0
2026-07-26T00:15:32.771752+00:00,1785024925,6705,321 Surrey Central/WhiteRock,15247364,5514,25,0
2026-07-26T00:15:32.771752+00:00,1785024925,6705,321 Surrey Central/WhiteRock,15247364,5515,26,0
2026-07-26T00:15:32.771752+00:00,1785024925,6705,321 Surrey Central/WhiteRock,15247364,5516,27,0
2026-07-26T00:15:32.771752+00:00,1785024925,6705,321 Surrey Central/WhiteRock,15247364,5517,28,0
2026-07-26T00:15:32.771752+00:00,1785024925,6705,321 Surrey Central/WhiteRock,15247364,5518,29,0
2026-07-26T00:15:32.771752+00:00,1785024925,6705,321 Surrey Central/WhiteRock,15247364,5519,30,0
2026-07-26T00:15:32.771752+00:00,1785024925,6705,321 Surrey Central/WhiteRock,15247364,5520,31,0
2026-07-26T00:15:32.771752+00:00,1785024925,6705,321 Surrey Central/WhiteRock,15247364,5521,32,0
2026-07-26T00:15:32.771752+00:00,1785024925,6705,321 Surrey Central/WhiteRock,15247364,5522,33,0
2026-07-26T00:15:32.771752+00:00,1785024925,6705,321 Surrey Central/WhiteRock,15247364,5523,34,0
2026-07-26T00:15:32.771752+00:00,1785024925,6705,321 Surrey Central/WhiteRock,15247364,6466,35,0
2026-07-26T00:15:32.771752+00:00,1785024925,6705,321 Surrey Central/WhiteRock,15247364,5524,36,0
2026-07-26T00:15:32.771752+00:00,1785024925,6705,321 Surrey Central/WhiteRock,15247364,5525,37,0
2026-07-26T00:15:32.771752+00:00,1785024925,6705,321 Surrey Central/WhiteRock,15247364,10443,38,0
2026-07-26T00:15:32.771752+00:00,1785024925,6705,321 Surrey Central/WhiteRock,15247364,5528,39,0
2026-07-26T00:15:32.771752+00:00,1785024925,6705,321 Surrey Central/WhiteRock,15247364,5529,40,0
2026-07-26T00:15:32.771752+00:00,1785024925,6705,321 Surrey Central/WhiteRock,15247364,5530,41,0
2026-07-26T00:15:32.771752+00:00,1785024925,6705,321 Surrey Central/WhiteRock,15247364,5533,42,0
2026-07-26T00:15:32.771752+00:00,1785024925,6705,321 Surrey Central/WhiteRock,15247364,5534,43,0
2026-07-26T00:15:32.771752+00:00,1785024925,6705,321 Surrey Central/WhiteRock,15247364,5535,44,0
2026-07-26T00:15:32.771752+00:00,1785024925,6705,321 Surrey Central/WhiteRock,15247364,5536,45,0
2026-07-26T00:15:32.771752+00:00,1785024925,6705,321 Surrey Central/WhiteRock,15247364,5537,46,0
2026-07-26T00:15:32.771752+00:00,1785024925,6705,321 Surrey Central/WhiteRock,15247364,5538,47,0
2026-07-26T00:15:32.771752+00:00,1785024925,6705,321 Surrey Central/WhiteRock,15247364,5541,48,0
2026-07-26T00:15:32.771752+00:00,1785024925,6705,321 Surrey Central/WhiteRock,15247364,5542,49,0
2026-07-26T00:15:32.771752+00:00,1785024925,6705,321 Surrey Central/WhiteRock,15247364,6195,50,0
2026-07-26T00:15:32.771752+00:00,1785024925,6705,321 Surrey Central/WhiteRock,15247374,8566,4,158
2026-07-26T00:15:32.771752+00:00,1785024925,6705,321 Surrey Central/WhiteRock,15247374,12916,5,197
2026-07-26T00:15:32.771752+00:00,1785024925,6705,321 Surrey Central/WhiteRock,15247374,5049,6,190
2026-07-26T00:15:32.771752+00:00,1785024925,6705,321 Surrey Central/WhiteRock,15247374,5039,7,186
2026-07-26T00:15:32.771752+00:00,1785024925,6705,321 Surrey Central/WhiteRock,15247374,8351,8,165
2026-07-26T00:15:32.771752+00:00,1785024925,6705,321 Surrey Central/WhiteRock,15247374,5496,9,112
2026-07-26T00:15:32.771752+00:00,1785024925,6705,321 Surrey Central/WhiteRock,15247374,5497,10,76
2026-07-26T00:15:32.771752+00:00,1785024925,6705,321 Surrey Central/WhiteRock,15247374,5498,11,63
2026-07-26T00:15:32.771752+00:00,1785024925,6705,321 Surrey Central/WhiteRock,15247374,5499,12,29
2026-07-26T00:15:32.771752+00:00,1785024925,6705,321 Surrey Central/WhiteRock,15247374,5500,13,15
2026-07-26T00:15:32.771752+00:00,1785024925,6705,321 Surrey Central/WhiteRock,15247374,5501,14,-8
2026-07-26T00:15:32.771752+00:00,1785024925,6705,321 Surrey Central/WhiteRock,15247374,5502,15,-18
2026-07-26T00:15:32.771752+00:00,1785024925,6705,321 Surrey Central/WhiteRock,15247374,5503,16,-27
2026-07-26T00:15:32.771752+00:00,1785024925,6705,321 Surrey Central/WhiteRock,15247374,5504,17,-74
2026-07-26T00:15:32.771752+00:00,1785024925,6705,321 Surrey Central/WhiteRock,15247374,5505,18,-53
2026-07-26T00:15:32.771752+00:00,1785024925,6705,321 Surrey Central/WhiteRock,15247374,5507,19,-43
2026-07-26T00:15:32.771752+00:00,1785024925,6705,321 Surrey Central/WhiteRock,15247374,5633,20,8
2026-07-26T00:15:32.771752+00:00,1785024925,6705,321 Surrey Central/WhiteRock,15247374,5510,21,51
2026-07-26T00:15:32.771752+00:00,1785024925,6705,321 Surrey Central/WhiteRock,15247374,5511,22,45
2026-07-26T00:15:32.771752+00:00,1785024925,6705,321 Surrey Central/WhiteRock,15247374,5512,23,41
2026-07-26T00:15:32.771752+00:00,1785024925,6705,321 Surrey Central/WhiteRock,15247374,5513,24,29
2026-07-26T00:15:32.771752+00:00,1785024925,6705,321 Surrey Central/WhiteRock,15247374,5514,25,99
2026-07-26T00:15:32.771752+00:00,1785024925,6705,321 Surrey Central/WhiteRock,15247374,5515,26,93
2026-07-26T00:15:32.771752+00:00,1785024925,6705,321 Surrey Central/WhiteRock,15247374,5516,27,96
2026-07-26T00:15:32.771752+00:00,1785024925,6705,321 Surrey Central/WhiteRock,15247374,5517,28,111
2026-07-26T00:15:32.771752+00:00,1785024925,6705,321 Surrey Central/WhiteRock,15247374,5518,29,113
2026-07-26T00:15:32.771752+00:00,1785024925,6705,321 Surrey Central/WhiteRock,15247374,5519,30,94
2026-07-26T00:15:32.771752+00:00,1785024925,6705,321 Surrey Central/WhiteRock,15247374,5520,31,81
2026-07-26T00:15:32.771752+00:00,1785024925,6705,321 Surrey Central/WhiteRock,15247374,5521,32,-114
2026-07-26T00:15:32.771752+00:00,1785024925,6705,321 Surrey Central/WhiteRock,15247374,5522,33,-240
2026-07-26T00:15:32.771752+00:00,1785024925,6705,321 Surrey Central/WhiteRock,15247374,5523,34,-274
2026-07-26T00:15:32.771752+00:00,1785024925,6705,321 Surrey Central/WhiteRock,15247374,6466,35,-288
2026-07-26T00:15:32.771752+00:00,1785024925,6705,321 Surrey Central/WhiteRock,15247374,5524,36,-278
2026-07-26T00:15:32.771752+00:00,1785024925,6705,321 Surrey Central/WhiteRock,15247374,5525,37,-303
2026-07-26T00:15:32.771752+00:00,1785024925,6705,321 Surrey Central/WhiteRock,15247374,10443,38,-323
2026-07-26T00:15:32.771752+00:00,1785024925,6705,321 Surrey Central/WhiteRock,15247374,5528,39,-322
2026-07-26T00:15:32.771752+00:00,1785024925,6705,321 Surrey Central/WhiteRock,15247374,5529,40,-342
2026-07-26T00:15:32.771752+00:00,1785024925,6705,321 Surrey Central/WhiteRock,15247374,5530,41,-355
2026-07-26T00:15:32.771752+00:00,1785024925,6705,321 Surrey Central/WhiteRock,15247374,5533,42,-353
2026-07-26T00:15:32.771752+00:00,1785024925,6705,321 Surrey Central/WhiteRock,15247374,5534,43,-370
2026-07-26T00:15:32.771752+00:00,1785024925,6705,321 Surrey Central/WhiteRock,15247374,5535,44,-372
2026-07-26T00:15:32.771752+00:00,1785024925,6705,321 Surrey Central/WhiteRock,15247374,5536,45,-390
2026-07-26T00:15:32.771752+00:00,1785024925,6705,321 Surrey Central/WhiteRock,15247374,5537,46,-385
2026-07-26T00:15:32.771752+00:00,1785024925,6705,321 Surrey Central/WhiteRock,15247374,5538,47,-390
2026-07-26T00:15:32.771752+00:00,1785024925,6705,321 Surrey Central/WhiteRock,15247374,5541,48,-364
2026-07-26T00:15:32.771752+00:00,1785024925,6705,321 Surrey Central/WhiteRock,15247374,5542,49,-348
2026-07-26T00:15:32.771752+00:00,1785024925,6705,321 Surrey Central/WhiteRock,15247374,6195,50,-311
2026-07-26T00:15:32.771752+00:00,1785024925,6705,321 Surrey Central/WhiteRock,15247445,6195,50,-276
2026-07-26T00:15:32.771752+00:00,1785024925,6705,321 Surrey Central/WhiteRock,15247446,5528,39,-363
2026-07-26T00:15:32.771752+00:00,1785024925,6705,321 Surrey Central/WhiteRock,15247446,5529,40,-381
2026-07-26T00:15:32.771752+00:00,1785024925,6705,321 Surrey Central/WhiteRock,15247446,5530,41,-393
2026-07-26T00:15:32.771752+00:00,1785024925,6705,321 Surrey Central/WhiteRock,15247446,5533,42,-399
2026-07-26T00:15:32.771752+00:00,1785024925,6705,321 Surrey Central/WhiteRock,15247446,5534,43,-416
2026-07-26T00:15:32.771752+00:00,1785024925,6705,321 Surrey Central/WhiteRock,15247446,5535,44,-391
2026-07-26T00:15:32.771752+00:00,1785024925,6705,321 Surrey Central/WhiteRock,15247446,5536,45,-409
2026-07-26T00:15:32.771752+00:00,1785024925,6705,321 Surrey Central/WhiteRock,15247446,5537,46,-405
2026-07-26T00:15:32.771752+00:00,1785024925,6705,321 Surrey Central/WhiteRock,15247446,5538,47,-412
2026-07-26T00:15:32.771752+00:00,1785024925,6705,321 Surrey Central/WhiteRock,15247446,5541,48,-381
2026-07-26T00:15:32.771752+00:00,1785024925,6705,321 Surrey Central/WhiteRock,15247446,5542,49,-365
2026-07-26T00:15:32.771752+00:00,1785024925,6705,321 Surrey Central/WhiteRock,15247446,6195,50,-330
2026-07-26T00:15:32.771752+00:00,1785024925,6705,321 Surrey Central/WhiteRock,15247447,5517,28,216
2026-07-26T00:15:32.771752+00:00,1785024925,6705,321 Surrey Central/WhiteRock,15247447,5518,29,220
2026-07-26T00:15:32.771752+00:00,1785024925,6705,321 Surrey Central/WhiteRock,15247447,5519,30,201
2026-07-26T00:15:32.771752+00:00,1785024925,6705,321 Surrey Central/WhiteRock,15247447,5520,31,187
2026-07-26T00:15:32.771752+00:00,1785024925,6705,321 Surrey Central/WhiteRock,15247447,5521,32,-8
2026-07-26T00:15:32.771752+00:00,1785024925,6705,321 Surrey Central/WhiteRock,15247447,5522,33,-134
2026-07-26T00:15:32.771752+00:00,1785024925,6705,321 Surrey Central/WhiteRock,15247447,5523,34,-168
2026-07-26T00:15:32.771752+00:00,1785024925,6705,321 Surrey Central/WhiteRock,15247447,6466,35,-184
2026-07-26T00:15:32.771752+00:00,1785024925,6705,321 Surrey Central/WhiteRock,15247447,5524,36,-172
2026-07-26T00:15:32.771752+00:00,1785024925,6705,321 Surrey Central/WhiteRock,15247447,5525,37,-200
2026-07-26T00:15:32.771752+00:00,1785024925,6705,321 Surrey Central/WhiteRock,15247447,10443,38,-228
2026-07-26T00:15:32.771752+00:00,1785024925,6705,321 Surrey Central/WhiteRock,15247447,5528,39,-223
2026-07-26T00:15:32.771752+00:00,1785024925,6705,321 Surrey Central/WhiteRock,15247447,5529,40,-243
2026-07-26T00:15:32.771752+00:00,1785024925,6705,321 Surrey Central/WhiteRock,15247447,5530,41,-257
2026-07-26T00:15:32.771752+00:00,1785024925,6705,321 Surrey Central/WhiteRock,15247447,5533,42,-263
2026-07-26T00:15:32.771752+00:00,1785024925,6705,321 Surrey Central/WhiteRock,15247447,5534,43,-281
2026-07-26T00:15:32.771752+00:00,1785024925,6705,321 Surrey Central/WhiteRock,15247447,5535,44,-267
2026-07-26T00:15:32.771752+00:00,1785024925,6705,321 Surrey Central/WhiteRock,15247447,5536,45,-283
2026-07-26T00:15:32.771752+00:00,1785024925,6705,321 Surrey Central/WhiteRock,15247447,5537,46,-290
2026-07-26T00:15:32.771752+00:00,1785024925,6705,321 Surrey Central/WhiteRock,15247447,5538,47,-296
2026-07-26T00:15:32.771752+00:00,1785024925,6705,321 Surrey Central/WhiteRock,15247447,5541,48,-266
2026-07-26T00:15:32.771752+00:00,1785024925,6705,321 Surrey Central/WhiteRock,15247447,5542,49,-250
2026-07-26T00:15:32.771752+00:00,1785024925,6705,321 Surrey Central/WhiteRock,15247447,6195,50,-212
2026-07-26T00:15:32.771752+00:00,1785024925,6705,321 Surrey Central/WhiteRock,15247448,5507,19,31
2026-07-26T00:15:32.771752+00:00,1785024925,6705,321 Surrey Central/WhiteRock,15247448,5633,20,82
2026-07-26T00:15:32.771752+00:00,1785024925,6705,321 Surrey Central/WhiteRock,15247448,5510,21,129
2026-07-26T00:15:32.771752+00:00,1785024925,6705,321 Surrey Central/WhiteRock,15247448,5511,22,123
2026-07-26T00:15:32.771752+00:00,1785024925,6705,321 Surrey Central/WhiteRock,15247448,5512,23,119
2026-07-26T00:15:32.771752+00:00,1785024925,6705,321 Surrey Central/WhiteRock,15247448,5513,24,105
2026-07-26T00:15:32.771752+00:00,1785024925,6705,321 Surrey Central/WhiteRock,15247448,5514,25,175
2026-07-26T00:15:32.771752+00:00,1785024925,6705,321 Surrey Central/WhiteRock,15247448,5515,26,169
2026-07-26T00:15:32.771752+00:00,1785024925,6705,321 Surrey Central/WhiteRock,15247448,5516,27,192
2026-07-26T00:15:32.771752+00:00,1785024925,6705,321 Surrey Central/WhiteRock,15247448,5517,28,204
2026-07-26T00:15:32.771752+00:00,1785024925,6705,321 Surrey Central/WhiteRock,15247448,5518,29,206
2026-07-26T00:15:32.771752+00:00,1785024925,6705,321 Surrey Central/WhiteRock,15247448,5519,30,187
2026-07-26T00:15:32.771752+00:00,1785024925,6705,321 Surrey Central/WhiteRock,15247448,5520,31,173
2026-07-26T00:15:32.771752+00:00,1785024925,6705,321 Surrey Central/WhiteRock,15247448,5521,32,-22
2026-07-26T00:15:32.771752+00:00,1785024925,6705,321 Surrey Central/WhiteRock,15247448,5522,33,-148
2026-07-26T00:15:32.771752+00:00,1785024925,6705,321 Surrey Central/WhiteRock,15247448,5523,34,-182
2026-07-26T00:15:32.771752+00:00,1785024925,6705,321 Surrey Central/WhiteRock,15247448,6466,35,-197
2026-07-26T00:15:32.771752+00:00,1785024925,6705,321 Surrey Central/WhiteRock,15247448,5524,36,-186
2026-07-26T00:15:32.771752+00:00,1785024925,6705,321 Surrey Central/WhiteRock,15247448,5525,37,-212
2026-07-26T00:15:32.771752+00:00,1785024925,6705,321 Surrey Central/WhiteRock,15247448,10443,38,-232
2026-07-26T00:15:32.771752+00:00,1785024925,6705,321 Surrey Central/WhiteRock,15247448,5528,39,-226
2026-07-26T00:15:32.771752+00:00,1785024925,6705,321 Surrey Central/WhiteRock,15247448,5529,40,-245
2026-07-26T00:15:32.771752+00:00,1785024925,6705,321 Surrey Central/WhiteRock,15247448,5530,41,-257
2026-07-26T00:15:32.771752+00:00,1785024925,6705,321 Surrey Central/WhiteRock,15247448,5533,42,-258
2026-07-26T00:15:32.771752+00:00,1785024925,6705,321 Surrey Central/WhiteRock,15247448,5534,43,-275
2026-07-26T00:15:32.771752+00:00,1785024925,6705,321 Surrey Central/WhiteRock,15247448,5535,44,-270
2026-07-26T00:15:32.771752+00:00,1785024925,6705,321 Surrey Central/WhiteRock,15247448,5536,45,-291
2026-07-26T00:15:32.771752+00:00,1785024925,6705,321 Surrey Central/WhiteRock,15247448,5537,46,-288
2026-07-26T00:15:32.771752+00:00,1785024925,6705,321 Surrey Central/WhiteRock,15247448,5538,47,-292
2026-07-26T00:15:32.771752+00:00,1785024925,6705,321 Surrey Central/WhiteRock,15247448,5541,48,-265
2026-07-26T00:15:32.771752+00:00,1785024925,6705,321 Surrey Central/WhiteRock,15247448,5542,49,-247
2026-07-26T00:15:32.771752+00:00,1785024925,6705,321 Surrey Central/WhiteRock,15247448,6195,50,-212
2026-07-26T00:15:32.771752+00:00,1785024925,6705,321 Surrey Central/WhiteRock,15247449,5504,17,-319
2026-07-26T00:15:32.771752+00:00,1785024925,6705,321 Surrey Central/WhiteRock,15247449,5505,18,-297
2026-07-26T00:15:32.771752+00:00,1785024925,6705,321 Surrey Central/WhiteRock,15247449,5507,19,-284
2026-07-26T00:15:32.771752+00:00,1785024925,6705,321 Surrey Central/WhiteRock,15247449,5633,20,0
2026-07-26T00:15:32.771752+00:00,1785024925,6705,321 Surrey Central/WhiteRock,15247449,5510,21,32
2026-07-26T00:15:32.771752+00:00,1785024925,6705,321 Surrey Central/WhiteRock,15247449,5511,22,26
2026-07-26T00:15:32.771752+00:00,1785024925,6705,321 Surrey Central/WhiteRock,15247449,5512,23,22
2026-07-26T00:15:32.771752+00:00,1785024925,6705,321 Surrey Central/WhiteRock,15247449,5513,24,9
2026-07-26T00:15:32.771752+00:00,1785024925,6705,321 Surrey Central/WhiteRock,15247449,5514,25,79
2026-07-26T00:15:32.771752+00:00,1785024925,6705,321 Surrey Central/WhiteRock,15247449,5515,26,73
2026-07-26T00:15:32.771752+00:00,1785024925,6705,321 Surrey Central/WhiteRock,15247449,5516,27,96
2026-07-26T00:15:32.771752+00:00,1785024925,6705,321 Surrey Central/WhiteRock,15247449,5517,28,111
2026-07-26T00:15:32.771752+00:00,1785024925,6705,321 Surrey Central/WhiteRock,15247449,5518,29,115
2026-07-26T00:15:32.771752+00:00,1785024925,6705,321 Surrey Central/WhiteRock,15247449,5519,30,95
2026-07-26T00:15:32.771752+00:00,1785024925,6705,321 Surrey Central/WhiteRock,15247449,5520,31,81
2026-07-26T00:15:32.771752+00:00,1785024925,6705,321 Surrey Central/WhiteRock,15247449,5521,32,-114
2026-07-26T00:15:32.771752+00:00,1785024925,6705,321 Surrey Central/WhiteRock,15247449,5522,33,-239
2026-07-26T00:15:32.771752+00:00,1785024925,6705,321 Surrey Central/WhiteRock,15247449,5523,34,-273
2026-07-26T00:15:32.771752+00:00,1785024925,6705,321 Surrey Central/WhiteRock,15247449,6466,35,-289
2026-07-26T00:15:32.771752+00:00,1785024925,6705,321 Surrey Central/WhiteRock,15247449,5524,36,-279
2026-07-26T00:15:32.771752+00:00,1785024925,6705,321 Surrey Central/WhiteRock,15247449,5525,37,-306
2026-07-26T00:15:32.771752+00:00,1785024925,6705,321 Surrey Central/WhiteRock,15247449,10443,38,-330
2026-07-26T00:15:32.771752+00:00,1785024925,6705,321 Surrey Central/WhiteRock,15247449,5528,39,-327
2026-07-26T00:15:32.771752+00:00,1785024925,6705,321 Surrey Central/WhiteRock,15247449,5529,40,-346
2026-07-26T00:15:32.771752+00:00,1785024925,6705,321 Surrey Central/WhiteRock,15247449,5530,41,-360
2026-07-26T00:15:32.771752+00:00,1785024925,6705,321 Surrey Central/WhiteRock,15247449,5533,42,-368
2026-07-26T00:15:32.771752+00:00,1785024925,6705,321 Surrey Central/WhiteRock,15247449,5534,43,-386
2026-07-26T00:15:32.771752+00:00,1785024925,6705,321 Surrey Central/WhiteRock,15247449,5535,44,-381
2026-07-26T00:15:32.771752+00:00,1785024925,6705,321 Surrey Central/WhiteRock,15247449,5536,45,-403
2026-07-26T00:15:32.771752+00:00,1785024925,6705,321 Surrey Central/WhiteRock,15247449,5537,46,-410
2026-07-26T00:15:32.771752+00:00,1785024925,6705,321 Surrey Central/WhiteRock,15247449,5538,47,-417
2026-07-26T00:15:32.771752+00:00,1785024925,6705,321 Surrey Central/WhiteRock,15247449,5541,48,-392
2026-07-26T00:15:32.771752+00:00,1785024925,6705,321 Surrey Central/WhiteRock,15247449,5542,49,-374
2026-07-26T00:15:32.771752+00:00,1785024925,6705,321 Surrey Central/WhiteRock,15247449,6195,50,-336
2026-07-26T00:15:32.771752+00:00,1785024925,6715,351 Bridgeport/WhiteRock,15251739,5439,13,37
2026-07-26T00:15:32.771752+00:00,1785024925,6715,351 Bridgeport/WhiteRock,15251739,5440,14,16
2026-07-26T00:15:32.771752+00:00,1785024925,6715,351 Bridgeport/WhiteRock,15251739,5441,15,52
2026-07-26T00:15:32.771752+00:00,1785024925,6715,351 Bridgeport/WhiteRock,15251739,5442,16,27
2026-07-26T00:15:32.771752+00:00,1785024925,6715,351 Bridgeport/WhiteRock,15251739,5444,17,33
2026-07-26T00:15:32.771752+00:00,1785024925,6715,351 Bridgeport/WhiteRock,15251739,9083,18,10
2026-07-26T00:15:32.771752+00:00,1785024925,6715,351 Bridgeport/WhiteRock,15251739,5446,19,13
2026-07-26T00:15:32.771752+00:00,1785024925,6715,351 Bridgeport/WhiteRock,15251739,10445,20,6
2026-07-26T00:15:32.771752+00:00,1785024925,6715,351 Bridgeport/WhiteRock,15251739,5447,21,-35
2026-07-26T00:15:32.771752+00:00,1785024925,6715,351 Bridgeport/WhiteRock,15251739,5448,22,-35
2026-07-26T00:15:32.771752+00:00,1785024925,6715,351 Bridgeport/WhiteRock,15251739,6194,23,0
2026-07-26T00:15:32.771752+00:00,1785024925,6715,351 Bridgeport/WhiteRock,15251739,4928,24,-31
2026-07-26T00:15:32.771752+00:00,1785024925,6715,351 Bridgeport/WhiteRock,15251739,8282,25,-35
2026-07-26T00:15:32.771752+00:00,1785024925,6715,351 Bridgeport/WhiteRock,15251740,8282,25,30
2026-07-26T00:15:32.771752+00:00,1785024925,6715,351 Bridgeport/WhiteRock,15251763,4928,24,-10
2026-07-26T00:15:32.771752+00:00,1785024925,6715,351 Bridgeport/WhiteRock,15251763,8282,25,-23
2026-07-26T00:15:32.771752+00:00,1785024925,6715,351 Bridgeport/WhiteRock,15251801,11267,1,0
2026-07-26T00:15:32.771752+00:00,1785024925,6715,351 Bridgeport/WhiteRock,15251801,8283,2,0
2026-07-26T00:15:32.771752+00:00,1785024925,6715,351 Bridgeport/WhiteRock,15251801,4929,3,0
2026-07-26T00:15:32.771752+00:00,1785024925,6715,351 Bridgeport/WhiteRock,15251801,6175,4,0
2026-07-26T00:15:32.771752+00:00,1785024925,6715,351 Bridgeport/WhiteRock,15251801,5524,5,0
2026-07-26T00:15:32.771752+00:00,1785024925,6715,351 Bridgeport/WhiteRock,15251801,5525,6,0
2026-07-26T00:15:32.771752+00:00,1785024925,6715,351 Bridgeport/WhiteRock,15251801,10443,7,0
2026-07-26T00:15:32.771752+00:00,1785024925,6715,351 Bridgeport/WhiteRock,15251801,5528,8,0
2026-07-26T00:15:32.771752+00:00,1785024925,6715,351 Bridgeport/WhiteRock,15251801,5529,9,0
2026-07-26T00:15:32.771752+00:00,1785024925,6715,351 Bridgeport/WhiteRock,15251801,5530,10,0
2026-07-26T00:15:32.771752+00:00,1785024925,6715,351 Bridgeport/WhiteRock,15251801,5533,11,0
2026-07-26T00:15:32.771752+00:00,1785024925,6715,351 Bridgeport/WhiteRock,15251801,5534,12,0
2026-07-26T00:15:32.771752+00:00,1785024925,6715,351 Bridgeport/WhiteRock,15251801,5535,13,0
2026-07-26T00:15:32.771752+00:00,1785024925,6715,351 Bridgeport/WhiteRock,15251801,5536,14,0
2026-07-26T00:15:32.771752+00:00,1785024925,6715,351 Bridgeport/WhiteRock,15251801,5537,15,0
2026-07-26T00:15:32.771752+00:00,1785024925,6715,351 Bridgeport/WhiteRock,15251801,5538,16,0
2026-07-26T00:15:32.771752+00:00,1785024925,6715,351 Bridgeport/WhiteRock,15251801,5541,17,0
2026-07-26T00:15:32.771752+00:00,1785024925,6715,351 Bridgeport/WhiteRock,15251801,5542,18,0
2026-07-26T00:15:32.771752+00:00,1785024925,6715,351 Bridgeport/WhiteRock,15251801,6340,19,0
2026-07-26T00:15:32.771752+00:00,1785024925,6715,351 Bridgeport/WhiteRock,15251801,6341,20,0
2026-07-26T00:15:32.771752+00:00,1785024925,6715,351 Bridgeport/WhiteRock,15251801,6167,21,0
2026-07-26T00:15:32.771752+00:00,1785024925,6715,351 Bridgeport/WhiteRock,15251802,6175,4,-442
2026-07-26T00:15:32.771752+00:00,1785024925,6715,351 Bridgeport/WhiteRock,15251802,5524,5,-375
2026-07-26T00:15:32.771752+00:00,1785024925,6715,351 Bridgeport/WhiteRock,15251802,5525,6,-382
2026-07-26T00:15:32.771752+00:00,1785024925,6715,351 Bridgeport/WhiteRock,15251802,10443,7,-370
2026-07-26T00:15:32.771752+00:00,1785024925,6715,351 Bridgeport/WhiteRock,15251802,5528,8,-339
2026-07-26T00:15:32.771752+00:00,1785024925,6715,351 Bridgeport/WhiteRock,15251802,5529,9,-340
2026-07-26T00:15:32.771752+00:00,1785024925,6715,351 Bridgeport/WhiteRock,15251802,5530,10,-330
2026-07-26T00:15:32.771752+00:00,1785024925,6715,351 Bridgeport/WhiteRock,15251802,5533,11,-309
2026-07-26T00:15:32.771752+00:00,1785024925,6715,351 Bridgeport/WhiteRock,15251802,5534,12,-305
2026-07-26T00:15:32.771752+00:00,1785024925,6715,351 Bridgeport/WhiteRock,15251802,5535,13,-269
2026-07-26T00:15:32.771752+00:00,1785024925,6715,351 Bridgeport/WhiteRock,15251802,5536,14,-264
2026-07-26T00:15:32.771752+00:00,1785024925,6715,351 Bridgeport/WhiteRock,15251802,5537,15,-243
2026-07-26T00:15:32.771752+00:00,1785024925,6715,351 Bridgeport/WhiteRock,15251802,5538,16,-233
2026-07-26T00:15:32.771752+00:00,1785024925,6715,351 Bridgeport/WhiteRock,15251802,5541,17,-184
2026-07-26T00:15:32.771752+00:00,1785024925,6715,351 Bridgeport/WhiteRock,15251802,5542,18,-156
2026-07-26T00:15:32.771752+00:00,1785024925,6715,351 Bridgeport/WhiteRock,15251802,6340,19,-102
2026-07-26T00:15:32.771752+00:00,1785024925,6715,351 Bridgeport/WhiteRock,15251802,6341,20,-73
2026-07-26T00:15:32.771752+00:00,1785024925,6715,351 Bridgeport/WhiteRock,15251802,6167,21,-48
2026-07-26T00:15:32.771752+00:00,1785024925,6715,351 Bridgeport/WhiteRock,15251828,8283,2,377
2026-07-26T00:15:32.771752+00:00,1785024925,6715,351 Bridgeport/WhiteRock,15251828,4929,3,363
2026-07-26T00:15:32.771752+00:00,1785024925,6715,351 Bridgeport/WhiteRock,15251828,6175,4,-184
2026-07-26T00:15:32.771752+00:00,1785024925,6715,351 Bridgeport/WhiteRock,15251828,5524,5,-119
2026-07-26T00:15:32.771752+00:00,1785024925,6715,351 Bridgeport/WhiteRock,15251828,5525,6,-125
2026-07-26T00:15:32.771752+00:00,1785024925,6715,351 Bridgeport/WhiteRock,15251828,10443,7,-108
2026-07-26T00:15:32.771752+00:00,1785024925,6715,351 Bridgeport/WhiteRock,15251828,5528,8,-78
2026-07-26T00:15:32.771752+00:00,1785024925,6715,351 Bridgeport/WhiteRock,15251828,5529,9,-79
2026-07-26T00:15:32.771752+00:00,1785024925,6715,351 Bridgeport/WhiteRock,15251828,5530,10,-69
2026-07-26T00:15:32.771752+00:00,1785024925,6715,351 Bridgeport/WhiteRock,15251828,5533,11,-46
2026-07-26T00:15:32.771752+00:00,1785024925,6715,351 Bridgeport/WhiteRock,15251828,5534,12,-40
2026-07-26T00:15:32.771752+00:00,1785024925,6715,351 Bridgeport/WhiteRock,15251828,5535,13,-18
2026-07-26T00:15:32.771752+00:00,1785024925,6715,351 Bridgeport/WhiteRock,15251828,5536,14,-15
2026-07-26T00:15:32.771752+00:00,1785024925,6715,351 Bridgeport/WhiteRock,15251828,5537,15,5
2026-07-26T00:15:32.771752+00:00,1785024925,6715,351 Bridgeport/WhiteRock,15251828,5538,16,12
2026-07-26T00:15:32.771752+00:00,1785024925,6715,351 Bridgeport/WhiteRock,15251828,5541,17,62
2026-07-26T00:15:32.771752+00:00,1785024925,6715,351 Bridgeport/WhiteRock,15251828,5542,18,93
2026-07-26T00:15:32.771752+00:00,1785024925,6715,351 Bridgeport/WhiteRock,15251828,6340,19,148
2026-07-26T00:15:32.771752+00:00,1785024925,6715,351 Bridgeport/WhiteRock,15251828,6341,20,175
2026-07-26T00:15:32.771752+00:00,1785024925,6715,351 Bridgeport/WhiteRock,15251828,6167,21,198
2026-07-26T00:15:32.771752+00:00,1785024925,6715,351 Bridgeport/WhiteRock,15251829,5534,12,-315
2026-07-26T00:15:32.771752+00:00,1785024925,6715,351 Bridgeport/WhiteRock,15251829,5535,13,-286
2026-07-26T00:15:32.771752+00:00,1785024925,6715,351 Bridgeport/WhiteRock,15251829,5536,14,-284
2026-07-26T00:15:32.771752+00:00,1785024925,6715,351 Bridgeport/WhiteRock,15251829,5537,15,-263
2026-07-26T00:15:32.771752+00:00,1785024925,6715,351 Bridgeport/WhiteRock,15251829,5538,16,-254
2026-07-26T00:15:32.771752+00:00,1785024925,6715,351 Bridgeport/WhiteRock,15251829,5541,17,-205
2026-07-26T00:15:32.771752+00:00,1785024925,6715,351 Bridgeport/WhiteRock,15251829,5542,18,-177
2026-07-26T00:15:32.771752+00:00,1785024925,6715,351 Bridgeport/WhiteRock,15251829,6340,19,-123
2026-07-26T00:15:32.771752+00:00,1785024925,6715,351 Bridgeport/WhiteRock,15251829,6341,20,-95
2026-07-26T00:15:32.771752+00:00,1785024925,6715,351 Bridgeport/WhiteRock,15251829,6167,21,-72
2026-07-26T00:15:32.771752+00:00,1785024925,11692,364 Langley Centre/Scottsdale,15252764,4918,3,296
2026-07-26T00:15:32.771752+00:00,1785024925,11692,364 Langley Centre/Scottsdale,15252764,4919,4,304
2026-07-26T00:15:32.771752+00:00,1785024925,11692,364 Langley Centre/Scottsdale,15252764,4921,5,243
2026-07-26T00:15:32.771752+00:00,1785024925,11692,364 Langley Centre/Scottsdale,15252764,11121,6,293
2026-07-26T00:15:32.771752+00:00,1785024925,11692,364 Langley Centre/Scottsdale,15252764,11142,7,256
2026-07-26T00:15:32.771752+00:00,1785024925,11692,364 Langley Centre/Scottsdale,15252764,11139,8,240
2026-07-26T00:15:32.771752+00:00,1785024925,11692,364 Langley Centre/Scottsdale,15252764,11156,9,227
2026-07-26T00:15:32.771752+00:00,1785024925,11692,364 Langley Centre/Scottsdale,15252764,5583,10,235
2026-07-26T00:15:32.771752+00:00,1785024925,11692,364 Langley Centre/Scottsdale,15252764,5584,11,203
2026-07-26T00:15:32.771752+00:00,1785024925,11692,364 Langley Centre/Scottsdale,15252764,6464,12,190
2026-07-26T00:15:32.771752+00:00,1785024925,11692,364 Langley Centre/Scottsdale,15252764,6465,13,167
2026-07-26T00:15:32.771752+00:00,1785024925,11692,364 Langley Centre/Scottsdale,15252764,11074,14,205
2026-07-26T00:15:32.771752+00:00,1785024925,11692,364 Langley Centre/Scottsdale,15252764,11153,15,174
2026-07-26T00:15:32.771752+00:00,1785024925,11692,364 Langley Centre/Scottsdale,15252764,11150,16,133
2026-07-26T00:15:32.771752+00:00,1785024925,11692,364 Langley Centre/Scottsdale,15252764,11148,17,117
2026-07-26T00:15:32.771752+00:00,1785024925,11692,364 Langley Centre/Scottsdale,15252764,11124,18,126
2026-07-26T00:15:32.771752+00:00,1785024925,11692,364 Langley Centre/Scottsdale,15252764,11140,19,86
2026-07-26T00:15:32.771752+00:00,1785024925,11692,364 Langley Centre/Scottsdale,15252764,11145,20,73
2026-07-26T00:15:32.771752+00:00,1785024925,11692,364 Langley Centre/Scottsdale,15252764,11076,21,0
2026-07-26T00:15:32.771752+00:00,1785024925,11692,364 Langley Centre/Scottsdale,15252764,12645,22,-202
2026-07-26T00:15:32.771752+00:00,1785024925,11692,364 Langley Centre/Scottsdale,15252764,9525,23,-201
2026-07-26T00:15:32.771752+00:00,1785024925,11692,364 Langley Centre/Scottsdale,15252764,10148,24,-185
2026-07-26T00:15:32.771752+00:00,1785024925,11692,364 Langley Centre/Scottsdale,15252764,10585,25,-205
2026-07-26T00:15:32.771752+00:00,1785024925,11692,364 Langley Centre/Scottsdale,15252764,10250,26,-214
2026-07-26T00:15:32.771752+00:00,1785024925,11692,364 Langley Centre/Scottsdale,15252764,10588,27,-221
2026-07-26T00:15:32.771752+00:00,1785024925,11692,364 Langley Centre/Scottsdale,15252764,10248,28,-195
2026-07-26T00:15:32.771752+00:00,1785024925,11692,364 Langley Centre/Scottsdale,15252764,10726,29,-191
2026-07-26T00:15:32.771752+00:00,1785024925,11692,364 Langley Centre/Scottsdale,15252764,10725,30,-202
2026-07-26T00:15:32.771752+00:00,1785024925,11692,364 Langley Centre/Scottsdale,15252764,10727,31,-215
2026-07-26T00:15:32.771752+00:00,1785024925,11692,364 Langley Centre/Scottsdale,15252764,10251,32,-220
2026-07-26T00:15:32.771752+00:00,1785024925,11692,364 Langley Centre/Scottsdale,15252764,10252,33,-241
2026-07-26T00:15:32.771752+00:00,1785024925,11692,364 Langley Centre/Scottsdale,15252764,10253,34,-249
2026-07-26T00:15:32.771752+00:00,1785024925,11692,364 Langley Centre/Scottsdale,15252764,10255,35,-265
2026-07-26T00:15:32.771752+00:00,1785024925,11692,364 Langley Centre/Scottsdale,15252764,5332,36,-227
2026-07-26T00:15:32.771752+00:00,1785024925,11692,364 Langley Centre/Scottsdale,15252764,12497,37,-250
2026-07-26T00:15:32.771752+00:00,1785024925,11692,364 Langley Centre/Scottsdale,15252764,5334,38,-252
2026-07-26T00:15:32.771752+00:00,1785024925,11692,364 Langley Centre/Scottsdale,15252764,6472,39,-239
2026-07-26T00:15:32.771752+00:00,1785024925,11692,364 Langley Centre/Scottsdale,15252764,6473,40,-244
2026-07-26T00:15:32.771752+00:00,1785024925,11692,364 Langley Centre/Scottsdale,15252764,6474,41,-248
2026-07-26T00:15:32.771752+00:00,1785024925,11692,364 Langley Centre/Scottsdale,15252764,9306,42,-207
2026-07-26T00:15:32.771752+00:00,1785024925,11692,364 Langley Centre/Scottsdale,15252764,11125,43,-209
2026-07-26T00:15:32.771752+00:00,1785024925,11692,364 Langley Centre/Scottsdale,15252764,9294,44,-199
2026-07-26T00:15:32.771752+00:00,1785024925,11692,364 Langley Centre/Scottsdale,15252764,9293,45,-208
2026-07-26T00:15:32.771752+00:00,1785024925,11692,364 Langley Centre/Scottsdale,15252764,11126,46,-201
2026-07-26T00:15:32.771752+00:00,1785024925,11692,364 Langley Centre/Scottsdale,15252764,7094,47,-231
2026-07-26T00:15:32.771752+00:00,1785024925,11692,364 Langley Centre/Scottsdale,15252796,11145,20,38
2026-07-26T00:15:32.771752+00:00,1785024925,11692,364 Langley Centre/Scottsdale,15252796,11076,21,0
2026-07-26T00:15:32.771752+00:00,1785024925,11692,364 Langley Centre/Scottsdale,15252796,12645,22,-212
2026-07-26T00:15:32.771752+00:00,1785024925,11692,364 Langley Centre/Scottsdale,15252796,9525,23,-214
2026-07-26T00:15:32.771752+00:00,1785024925,11692,364 Langley Centre/Scottsdale,15252796,10148,24,-200
2026-07-26T00:15:32.771752+00:00,1785024925,11692,364 Langley Centre/Scottsdale,15252796,10585,25,-222
2026-07-26T00:15:32.771752+00:00,1785024925,11692,364 Langley Centre/Scottsdale,15252796,10250,26,-232
2026-07-26T00:15:32.771752+00:00,1785024925,11692,364 Langley Centre/Scottsdale,15252796,10588,27,-240
2026-07-26T00:15:32.771752+00:00,1785024925,11692,364 Langley Centre/Scottsdale,15252796,10248,28,-217
2026-07-26T00:15:32.771752+00:00,1785024925,11692,364 Langley Centre/Scottsdale,15252796,10726,29,-212
2026-07-26T00:15:32.771752+00:00,1785024925,11692,364 Langley Centre/Scottsdale,15252796,10725,30,-226
2026-07-26T00:15:32.771752+00:00,1785024925,11692,364 Langley Centre/Scottsdale,15252796,10727,31,-242
2026-07-26T00:15:32.771752+00:00,1785024925,11692,364 Langley Centre/Scottsdale,15252796,10251,32,-249
2026-07-26T00:15:32.771752+00:00,1785024925,11692,364 Langley Centre/Scottsdale,15252796,10252,33,-272
2026-07-26T00:15:32.771752+00:00,1785024925,11692,364 Langley Centre/Scottsdale,15252796,10253,34,-281
2026-07-26T00:15:32.771752+00:00,1785024925,11692,364 Langley Centre/Scottsdale,15252796,10255,35,-299
2026-07-26T00:15:32.771752+00:00,1785024925,11692,364 Langley Centre/Scottsdale,15252796,5332,36,-263
2026-07-26T00:15:32.771752+00:00,1785024925,11692,364 Langley Centre/Scottsdale,15252796,12497,37,-289
2026-07-26T00:15:32.771752+00:00,1785024925,11692,364 Langley Centre/Scottsdale,15252796,5334,38,-293
2026-07-26T00:15:32.771752+00:00,1785024925,11692,364 Langley Centre/Scottsdale,15252796,6472,39,-280
2026-07-26T00:15:32.771752+00:00,1785024925,11692,364 Langley Centre/Scottsdale,15252796,6473,40,-277
2026-07-26T00:15:32.771752+00:00,1785024925,11692,364 Langley Centre/Scottsdale,15252796,6474,41,-272
2026-07-26T00:15:32.771752+00:00,1785024925,11692,364 Langley Centre/Scottsdale,15252796,9306,42,-223
2026-07-26T00:15:32.771752+00:00,1785024925,11692,364 Langley Centre/Scottsdale,15252796,11125,43,-226
2026-07-26T00:15:32.771752+00:00,1785024925,11692,364 Langley Centre/Scottsdale,15252796,9294,44,-232
2026-07-26T00:15:32.771752+00:00,1785024925,11692,364 Langley Centre/Scottsdale,15252796,9293,45,-240
2026-07-26T00:15:32.771752+00:00,1785024925,11692,364 Langley Centre/Scottsdale,15252796,11126,46,-230
2026-07-26T00:15:32.771752+00:00,1785024925,11692,364 Langley Centre/Scottsdale,15252796,7094,47,-267
2026-07-26T00:15:32.771752+00:00,1785024925,11692,364 Langley Centre/Scottsdale,15252799,10253,34,16
2026-07-26T00:15:32.771752+00:00,1785024925,11692,364 Langley Centre/Scottsdale,15252799,10255,35,-2
2026-07-26T00:15:32.771752+00:00,1785024925,11692,364 Langley Centre/Scottsdale,15252799,5332,36,34
2026-07-26T00:15:32.771752+00:00,1785024925,11692,364 Langley Centre/Scottsdale,15252799,12497,37,9
2026-07-26T00:15:32.771752+00:00,1785024925,11692,364 Langley Centre/Scottsdale,15252799,5334,38,4
2026-07-26T00:15:32.771752+00:00,1785024925,11692,364 Langley Centre/Scottsdale,15252799,6472,39,17
2026-07-26T00:15:32.771752+00:00,1785024925,11692,364 Langley Centre/Scottsdale,15252799,6473,40,13
2026-07-26T00:15:32.771752+00:00,1785024925,11692,364 Langley Centre/Scottsdale,15252799,6474,41,14
2026-07-26T00:15:32.771752+00:00,1785024925,11692,364 Langley Centre/Scottsdale,15252799,9306,42,60
2026-07-26T00:15:32.771752+00:00,1785024925,11692,364 Langley Centre/Scottsdale,15252799,11125,43,66
2026-07-26T00:15:32.771752+00:00,1785024925,11692,364 Langley Centre/Scottsdale,15252799,9294,44,61
2026-07-26T00:15:32.771752+00:00,1785024925,11692,364 Langley Centre/Scottsdale,15252799,9293,45,51
2026-07-26T00:15:32.771752+00:00,1785024925,11692,364 Langley Centre/Scottsdale,15252799,11126,46,60
2026-07-26T00:15:32.771752+00:00,1785024925,11692,364 Langley Centre/Scottsdale,15252799,7094,47,23
2026-07-26T00:15:32.771752+00:00,1785024925,11692,364 Langley Centre/Scottsdale,15252822,6459,36,-205
2026-07-26T00:15:32.771752+00:00,1785024925,11692,364 Langley Centre/Scottsdale,15252822,6460,37,-207
2026-07-26T00:15:32.771752+00:00,1785024925,11692,364 Langley Centre/Scottsdale,15252822,5621,38,-200
2026-07-26T00:15:32.771752+00:00,1785024925,11692,364 Langley Centre/Scottsdale,15252822,5622,39,-218
2026-07-26T00:15:32.771752+00:00,1785024925,11692,364 Langley Centre/Scottsdale,15252822,11122,40,-177
2026-07-26T00:15:32.771752+00:00,1785024925,11692,364 Langley Centre/Scottsdale,15252822,11155,41,-188
2026-07-26T00:15:32.771752+00:00,1785024925,11692,364 Langley Centre/Scottsdale,15252822,11143,42,-188
2026-07-26T00:15:32.771752+00:00,1785024925,11692,364 Langley Centre/Scottsdale,15252822,11141,43,-214
2026-07-26T00:15:32.771752+00:00,1785024925,11692,364 Langley Centre/Scottsdale,15252822,4936,44,-189
2026-07-26T00:15:32.771752+00:00,1785024925,11692,364 Langley Centre/Scottsdale,15252822,4937,45,-202
2026-07-26T00:15:32.771752+00:00,1785024925,11692,364 Langley Centre/Scottsdale,15252822,4938,46,-218
2026-07-26T00:15:32.771752+00:00,1785024925,11692,364 Langley Centre/Scottsdale,15252822,5229,47,-205
2026-07-26T00:15:32.771752+00:00,1785024925,11692,364 Langley Centre/Scottsdale,15252822,4917,48,-129
2026-07-26T00:15:32.771752+00:00,1785024925,11692,364 Langley Centre/Scottsdale,15252824,10633,21,-123
2026-07-26T00:15:32.771752+00:00,1785024925,11692,364 Langley Centre/Scottsdale,15252824,10149,22,-90
2026-07-26T00:15:32.771752+00:00,1785024925,11692,364 Langley Centre/Scottsdale,15252824,10587,23,-107
2026-07-26T00:15:32.771752+00:00,1785024925,11692,364 Langley Centre/Scottsdale,15252824,10261,24,-136
2026-07-26T00:15:32.771752+00:00,1785024925,11692,364 Langley Centre/Scottsdale,15252824,10586,25,-169
2026-07-26T00:15:32.771752+00:00,1785024925,11692,364 Langley Centre/Scottsdale,15252824,9547,26,-143
2026-07-26T00:15:32.771752+00:00,1785024925,11692,364 Langley Centre/Scottsdale,15252824,9526,27,-170
2026-07-26T00:15:32.771752+00:00,1785024925,11692,364 Langley Centre/Scottsdale,15252824,12646,28,-182
2026-07-26T00:15:32.771752+00:00,1785024925,11692,364 Langley Centre/Scottsdale,15252824,11075,29,-317
2026-07-26T00:15:32.771752+00:00,1785024925,11692,364 Langley Centre/Scottsdale,15252824,11174,30,-338
2026-07-26T00:15:32.771752+00:00,1785024925,11692,364 Langley Centre/Scottsdale,15252824,11175,31,-364
2026-07-26T00:15:32.771752+00:00,1785024925,11692,364 Langley Centre/Scottsdale,15252824,11123,32,-360
2026-07-26T00:15:32.771752+00:00,1785024925,11692,364 Langley Centre/Scottsdale,15252824,11176,33,-351
2026-07-26T00:15:32.771752+00:00,1785024925,11692,364 Langley Centre/Scottsdale,15252824,11177,34,-375
2026-07-26T00:15:32.771752+00:00,1785024925,11692,364 Langley Centre/Scottsdale,15252824,11178,35,-398
2026-07-26T00:15:32.771752+00:00,1785024925,11692,364 Langley Centre/Scottsdale,15252824,6459,36,-302
2026-07-26T00:15:32.771752+00:00,1785024925,11692,364 Langley Centre/Scottsdale,15252824,6460,37,-304
2026-07-26T00:15:32.771752+00:00,1785024925,11692,364 Langley Centre/Scottsdale,15252824,5621,38,-297
2026-07-26T00:15:32.771752+00:00,1785024925,11692,364 Langley Centre/Scottsdale,15252824,5622,39,-315
2026-07-26T00:15:32.771752+00:00,1785024925,11692,364 Langley Centre/Scottsdale,15252824,11122,40,-274
2026-07-26T00:15:32.771752+00:00,1785024925,11692,364 Langley Centre/Scottsdale,15252824,11155,41,-284
2026-07-26T00:15:32.771752+00:00,1785024925,11692,364 Langley Centre/Scottsdale,15252824,11143,42,-284
2026-07-26T00:15:32.771752+00:00,1785024925,11692,364 Langley Centre/Scottsdale,15252824,11141,43,-310
2026-07-26T00:15:32.771752+00:00,1785024925,11692,364 Langley Centre/Scottsdale,15252824,4936,44,-287
2026-07-26T00:15:32.771752+00:00,1785024925,11692,364 Langley Centre/Scottsdale,15252824,4937,45,-303
2026-07-26T00:15:32.771752+00:00,1785024925,11692,364 Langley Centre/Scottsdale,15252824,4938,46,-322
2026-07-26T00:15:32.771752+00:00,1785024925,11692,364 Langley Centre/Scottsdale,15252824,5229,47,-314
2026-07-26T00:15:32.771752+00:00,1785024925,11692,364 Langley Centre/Scottsdale,15252824,4917,48,-240
2026-07-26T00:15:32.771752+00:00,1785024925,11692,364 Langley Centre/Scottsdale,15252825,7093,3,-1094
2026-07-26T00:15:32.771752+00:00,1785024925,11692,364 Langley Centre/Scottsdale,15252825,9291,4,-1191
2026-07-26T00:15:32.771752+00:00,1785024925,11692,364 Langley Centre/Scottsdale,15252825,9292,5,-1202
2026-07-26T00:15:32.771752+00:00,1785024925,11692,364 Langley Centre/Scottsdale,15252825,11264,6,-1204
2026-07-26T00:15:32.771752+00:00,1785024925,11692,364 Langley Centre/Scottsdale,15252825,9303,7,-1207
2026-07-26T00:15:32.771752+00:00,1785024925,11692,364 Langley Centre/Scottsdale,15252825,9304,8,-1213
2026-07-26T00:15:32.771752+00:00,1785024925,11692,364 Langley Centre/Scottsdale,15252825,6475,9,-1166
2026-07-26T00:15:32.771752+00:00,1785024925,11692,364 Langley Centre/Scottsdale,15252825,6476,10,-1179
2026-07-26T00:15:32.771752+00:00,1785024925,11692,364 Langley Centre/Scottsdale,15252825,5381,11,-1186
2026-07-26T00:15:32.771752+00:00,1785024925,11692,364 Langley Centre/Scottsdale,15252825,12496,12,-1184
2026-07-26T00:15:32.771752+00:00,1785024925,11692,364 Langley Centre/Scottsdale,15252825,5382,13,-1200
2026-07-26T00:15:32.771752+00:00,1785024925,11692,364 Langley Centre/Scottsdale,15252825,12516,14,-1066
2026-07-26T00:15:32.771752+00:00,1785024925,11692,364 Langley Centre/Scottsdale,15252825,10257,15,-1103
2026-07-26T00:15:32.771752+00:00,1785024925,11692,364 Langley Centre/Scottsdale,15252825,10258,16,-1118
2026-07-26T00:15:32.771752+00:00,1785024925,11692,364 Langley Centre/Scottsdale,15252825,10259,17,-1156
2026-07-26T00:15:32.771752+00:00,1785024925,11692,364 Langley Centre/Scottsdale,15252825,10260,18,0
2026-07-26T00:15:32.771752+00:00,1785024925,11692,364 Langley Centre/Scottsdale,15252825,10729,19,-41
2026-07-26T00:15:32.771752+00:00,1785024925,11692,364 Langley Centre/Scottsdale,15252825,13067,20,-62
2026-07-26T00:15:32.771752+00:00,1785024925,11692,364 Langley Centre/Scottsdale,15252825,10633,21,-91
2026-07-26T00:15:32.771752+00:00,1785024925,11692,364 Langley Centre/Scottsdale,15252825,10149,22,-62
2026-07-26T00:15:32.771752+00:00,1785024925,11692,364 Langley Centre/Scottsdale,15252825,10587,23,-80
2026-07-26T00:15:32.771752+00:00,1785024925,11692,364 Langley Centre/Scottsdale,15252825,10261,24,-111
2026-07-26T00:15:32.771752+00:00,1785024925,11692,364 Langley Centre/Scottsdale,15252825,10586,25,-143
2026-07-26T00:15:32.771752+00:00,1785024925,11692,364 Langley Centre/Scottsdale,15252825,9547,26,-118
2026-07-26T00:15:32.771752+00:00,1785024925,11692,364 Langley Centre/Scottsdale,15252825,9526,27,-141
2026-07-26T00:15:32.771752+00:00,1785024925,11692,364 Langley Centre/Scottsdale,15252825,12646,28,-154
2026-07-26T00:15:32.771752+00:00,1785024925,11692,364 Langley Centre/Scottsdale,15252825,11075,29,-285
2026-07-26T00:15:32.771752+00:00,1785024925,11692,364 Langley Centre/Scottsdale,15252825,11174,30,-307
2026-07-26T00:15:32.771752+00:00,1785024925,11692,364 Langley Centre/Scottsdale,15252825,11175,31,-335
2026-07-26T00:15:32.771752+00:00,1785024925,11692,364 Langley Centre/Scottsdale,15252825,11123,32,-334
2026-07-26T00:15:32.771752+00:00,1785024925,11692,364 Langley Centre/Scottsdale,15252825,11176,33,-325
2026-07-26T00:15:32.771752+00:00,1785024925,11692,364 Langley Centre/Scottsdale,15252825,11177,34,-351
2026-07-26T00:15:32.771752+00:00,1785024925,11692,364 Langley Centre/Scottsdale,15252825,11178,35,-378
2026-07-26T00:15:32.771752+00:00,1785024925,11692,364 Langley Centre/Scottsdale,15252825,6459,36,-308
2026-07-26T00:15:32.771752+00:00,1785024925,11692,364 Langley Centre/Scottsdale,15252825,6460,37,-309
2026-07-26T00:15:32.771752+00:00,1785024925,11692,364 Langley Centre/Scottsdale,15252825,5621,38,-302
2026-07-26T00:15:32.771752+00:00,1785024925,11692,364 Langley Centre/Scottsdale,15252825,5622,39,-320
2026-07-26T00:15:32.771752+00:00,1785024925,11692,364 Langley Centre/Scottsdale,15252825,11122,40,-301
2026-07-26T00:15:32.771752+00:00,1785024925,11692,364 Langley Centre/Scottsdale,15252825,11155,41,-308
2026-07-26T00:15:32.771752+00:00,1785024925,11692,364 Langley Centre/Scottsdale,15252825,11143,42,-309
2026-07-26T00:15:32.771752+00:00,1785024925,11692,364 Langley Centre/Scottsdale,15252825,11141,43,-336
2026-07-26T00:15:32.771752+00:00,1785024925,11692,364 Langley Centre/Scottsdale,15252825,4936,44,-315
2026-07-26T00:15:32.771752+00:00,1785024925,11692,364 Langley Centre/Scottsdale,15252825,4937,45,-325
2026-07-26T00:15:32.771752+00:00,1785024925,11692,364 Langley Centre/Scottsdale,15252825,4938,46,-344
2026-07-26T00:15:32.771752+00:00,1785024925,11692,364 Langley Centre/Scottsdale,15252825,5229,47,-332
2026-07-26T00:15:32.771752+00:00,1785024925,11692,364 Langley Centre/Scottsdale,15252825,4917,48,-261
2026-07-26T00:15:32.771752+00:00,1785024925,11692,364 Langley Centre/Scottsdale,15252840,4938,46,107
2026-07-26T00:15:32.771752+00:00,1785024925,11692,364 Langley Centre/Scottsdale,15252840,5229,47,116
2026-07-26T00:15:32.771752+00:00,1785024925,11692,364 Langley Centre/Scottsdale,15252840,4917,48,190
2026-07-26T00:15:32.771752+00:00,1785024925,11692,364 Langley Centre/Scottsdale,15252841,9291,4,-97
2026-07-26T00:15:32.771752+00:00,1785024925,11692,364 Langley Centre/Scottsdale,15252841,9292,5,-110
2026-07-26T00:15:32.771752+00:00,1785024925,11692,364 Langley Centre/Scottsdale,15252841,11264,6,-109
2026-07-26T00:15:32.771752+00:00,1785024925,11692,364 Langley Centre/Scottsdale,15252841,9303,7,-114
2026-07-26T00:15:32.771752+00:00,1785024925,11692,364 Langley Centre/Scottsdale,15252841,9304,8,-122
2026-07-26T00:15:32.771752+00:00,1785024925,11692,364 Langley Centre/Scottsdale,15252841,6475,9,-77
2026-07-26T00:15:32.771752+00:00,1785024925,11692,364 Langley Centre/Scottsdale,15252841,6476,10,-93
2026-07-26T00:15:32.771752+00:00,1785024925,11692,364 Langley Centre/Scottsdale,15252841,5381,11,-103
2026-07-26T00:15:32.771752+00:00,1785024925,11692,364 Langley Centre/Scottsdale,15252841,12496,12,-102
2026-07-26T00:15:32.771752+00:00,1785024925,11692,364 Langley Centre/Scottsdale,15252841,5382,13,-119
2026-07-26T00:15:32.771752+00:00,1785024925,11692,364 Langley Centre/Scottsdale,15252841,12516,14,10
2026-07-26T00:15:32.771752+00:00,1785024925,11692,364 Langley Centre/Scottsdale,15252841,10257,15,-29
2026-07-26T00:15:32.771752+00:00,1785024925,11692,364 Langley Centre/Scottsdale,15252841,10258,16,-44
2026-07-26T00:15:32.771752+00:00,1785024925,11692,364 Langley Centre/Scottsdale,15252841,10259,17,-86
2026-07-26T00:15:32.771752+00:00,1785024925,11692,364 Langley Centre/Scottsdale,15252841,10260,18,0
2026-07-26T00:15:32.771752+00:00,1785024925,11692,364 Langley Centre/Scottsdale,15252841,10729,19,-42
2026-07-26T00:15:32.771752+00:00,1785024925,11692,364 Langley Centre/Scottsdale,15252841,13067,20,-63
2026-07-26T00:15:32.771752+00:00,1785024925,11692,364 Langley Centre/Scottsdale,15252841,10633,21,-88
2026-07-26T00:15:32.771752+00:00,1785024925,11692,364 Langley Centre/Scottsdale,15252841,10149,22,-55
2026-07-26T00:15:32.771752+00:00,1785024925,11692,364 Langley Centre/Scottsdale,15252841,10587,23,-72
2026-07-26T00:15:32.771752+00:00,1785024925,11692,364 Langley Centre/Scottsdale,15252841,10261,24,-102
2026-07-26T00:15:32.771752+00:00,1785024925,11692,364 Langley Centre/Scottsdale,15252841,10586,25,-134
2026-07-26T00:15:32.771752+00:00,1785024925,11692,364 Langley Centre/Scottsdale,15252841,9547,26,-108
2026-07-26T00:15:32.771752+00:00,1785024925,11692,364 Langley Centre/Scottsdale,15252841,9526,27,-134
2026-07-26T00:15:32.771752+00:00,1785024925,11692,364 Langley Centre/Scottsdale,15252841,12646,28,-147
2026-07-26T00:15:32.771752+00:00,1785024925,11692,364 Langley Centre/Scottsdale,15252841,11075,29,-281
2026-07-26T00:15:32.771752+00:00,1785024925,11692,364 Langley Centre/Scottsdale,15252841,11174,30,-302
2026-07-26T00:15:32.771752+00:00,1785024925,11692,364 Langley Centre/Scottsdale,15252841,11175,31,-329
2026-07-26T00:15:32.771752+00:00,1785024925,11692,364 Langley Centre/Scottsdale,15252841,11123,32,-325
2026-07-26T00:15:32.771752+00:00,1785024925,11692,364 Langley Centre/Scottsdale,15252841,11176,33,-316
2026-07-26T00:15:32.771752+00:00,1785024925,11692,364 Langley Centre/Scottsdale,15252841,11177,34,-341
2026-07-26T00:15:32.771752+00:00,1785024925,11692,364 Langley Centre/Scottsdale,15252841,11178,35,-365
2026-07-26T00:15:32.771752+00:00,1785024925,11692,364 Langley Centre/Scottsdale,15252841,6459,36,-269
2026-07-26T00:15:32.771752+00:00,1785024925,11692,364 Langley Centre/Scottsdale,15252841,6460,37,-270
2026-07-26T00:15:32.771752+00:00,1785024925,11692,364 Langley Centre/Scottsdale,15252841,5621,38,-263
2026-07-26T00:15:32.771752+00:00,1785024925,11692,364 Langley Centre/Scottsdale,15252841,5622,39,-280
2026-07-26T00:15:32.771752+00:00,1785024925,11692,364 Langley Centre/Scottsdale,15252841,11122,40,-240
2026-07-26T00:15:32.771752+00:00,1785024925,11692,364 Langley Centre/Scottsdale,15252841,11155,41,-248
2026-07-26T00:15:32.771752+00:00,1785024925,11692,364 Langley Centre/Scottsdale,15252841,11143,42,-248
2026-07-26T00:15:32.771752+00:00,1785024925,11692,364 Langley Centre/Scottsdale,15252841,11141,43,-274
2026-07-26T00:15:32.771752+00:00,1785024925,11692,364 Langley Centre/Scottsdale,15252841,4936,44,-252
2026-07-26T00:15:32.771752+00:00,1785024925,11692,364 Langley Centre/Scottsdale,15252841,4937,45,-264
2026-07-26T00:15:32.771752+00:00,1785024925,11692,364 Langley Centre/Scottsdale,15252841,4938,46,-281
2026-07-26T00:15:32.771752+00:00,1785024925,11692,364 Langley Centre/Scottsdale,15252841,5229,47,-269
2026-07-26T00:15:32.771752+00:00,1785024925,11692,364 Langley Centre/Scottsdale,15252841,4917,48,-197
2026-07-26T00:15:32.771752+00:00,1785024925,18705,531 WhiteRock/WillowBrook,15259245,7100,54,-151
2026-07-26T00:15:32.771752+00:00,1785024925,18705,531 WhiteRock/WillowBrook,15259246,12923,25,-230
2026-07-26T00:15:32.771752+00:00,1785024925,18705,531 WhiteRock/WillowBrook,15259246,12925,26,-238
2026-07-26T00:15:32.771752+00:00,1785024925,18705,531 WhiteRock/WillowBrook,15259246,12928,27,-266
2026-07-26T00:15:32.771752+00:00,1785024925,18705,531 WhiteRock/WillowBrook,15259246,12930,28,-287
2026-07-26T00:15:32.771752+00:00,1785024925,18705,531 WhiteRock/WillowBrook,15259246,13042,29,-310
2026-07-26T00:15:32.771752+00:00,1785024925,18705,531 WhiteRock/WillowBrook,15259246,8936,30,-306
2026-07-26T00:15:32.771752+00:00,1785024925,18705,531 WhiteRock/WillowBrook,15259246,9030,31,-317
2026-07-26T00:15:32.771752+00:00,1785024925,18705,531 WhiteRock/WillowBrook,15259246,8937,32,-334
2026-07-26T00:15:32.771752+00:00,1785024925,18705,531 WhiteRock/WillowBrook,15259246,8938,33,-331
2026-07-26T00:15:32.771752+00:00,1785024925,18705,531 WhiteRock/WillowBrook,15259246,7081,34,-334
2026-07-26T00:15:32.771752+00:00,1785024925,18705,531 WhiteRock/WillowBrook,15259246,7082,35,-340
2026-07-26T00:15:32.771752+00:00,1785024925,18705,531 WhiteRock/WillowBrook,15259246,7083,36,-363
2026-07-26T00:15:32.771752+00:00,1785024925,18705,531 WhiteRock/WillowBrook,15259246,7084,37,-379
2026-07-26T00:15:32.771752+00:00,1785024925,18705,531 WhiteRock/WillowBrook,15259246,7085,38,-408
2026-07-26T00:15:32.771752+00:00,1785024925,18705,531 WhiteRock/WillowBrook,15259246,8939,39,-417
2026-07-26T00:15:32.771752+00:00,1785024925,18705,531 WhiteRock/WillowBrook,15259246,7086,40,-427
2026-07-26T00:15:32.771752+00:00,1785024925,18705,531 WhiteRock/WillowBrook,15259246,8940,41,-450
2026-07-26T00:15:32.771752+00:00,1785024925,18705,531 WhiteRock/WillowBrook,15259246,5341,42,-455
2026-07-26T00:15:32.771752+00:00,1785024925,18705,531 WhiteRock/WillowBrook,15259246,5342,43,-450
2026-07-26T00:15:32.771752+00:00,1785024925,18705,531 WhiteRock/WillowBrook,15259246,12293,44,-434
2026-07-26T00:15:32.771752+00:00,1785024925,18705,531 WhiteRock/WillowBrook,15259246,12173,45,-368
2026-07-26T00:15:32.771752+00:00,1785024925,18705,531 WhiteRock/WillowBrook,15259246,9291,46,-399
2026-07-26T00:15:32.771752+00:00,1785024925,18705,531 WhiteRock/WillowBrook,15259246,9292,47,-402
2026-07-26T00:15:32.771752+00:00,1785024925,18705,531 WhiteRock/WillowBrook,15259246,11264,48,-387
2026-07-26T00:15:32.771752+00:00,1785024925,18705,531 WhiteRock/WillowBrook,15259246,9303,49,-385
2026-07-26T00:15:32.771752+00:00,1785024925,18705,531 WhiteRock/WillowBrook,15259246,9304,50,-388
2026-07-26T00:15:32.771752+00:00,1785024925,18705,531 WhiteRock/WillowBrook,15259246,6475,51,-336
2026-07-26T00:15:32.771752+00:00,1785024925,18705,531 WhiteRock/WillowBrook,15259246,6476,52,-344
2026-07-26T00:15:32.771752+00:00,1785024925,18705,531 WhiteRock/WillowBrook,15259246,5335,53,-332
2026-07-26T00:15:32.771752+00:00,1785024925,18705,531 WhiteRock/WillowBrook,15259246,7100,54,-290
2026-07-26T00:15:32.771752+00:00,1785024925,18705,531 WhiteRock/WillowBrook,15259247,13013,1,0
2026-07-26T00:15:32.771752+00:00,1785024925,18705,531 WhiteRock/WillowBrook,15259247,5437,2,0
2026-07-26T00:15:32.771752+00:00,1785024925,18705,531 WhiteRock/WillowBrook,15259247,5438,3,0
2026-07-26T00:15:32.771752+00:00,1785024925,18705,531 WhiteRock/WillowBrook,15259247,5439,4,0
2026-07-26T00:15:32.771752+00:00,1785024925,18705,531 WhiteRock/WillowBrook,15259247,5440,5,0
2026-07-26T00:15:32.771752+00:00,1785024925,18705,531 WhiteRock/WillowBrook,15259247,11755,6,0
2026-07-26T00:15:32.771752+00:00,1785024925,18705,531 WhiteRock/WillowBrook,15259247,11734,7,0
2026-07-26T00:15:32.771752+00:00,1785024925,18705,531 WhiteRock/WillowBrook,15259247,10856,8,0
2026-07-26T00:15:32.771752+00:00,1785024925,18705,531 WhiteRock/WillowBrook,15259247,11583,9,0
2026-07-26T00:15:32.771752+00:00,1785024925,18705,531 WhiteRock/WillowBrook,15259247,11574,10,0
2026-07-26T00:15:32.771752+00:00,1785024925,18705,531 WhiteRock/WillowBrook,15259247,11736,11,0
2026-07-26T00:15:32.771752+00:00,1785024925,18705,531 WhiteRock/WillowBrook,15259247,12379,12,0
2026-07-26T00:15:32.771752+00:00,1785024925,18705,531 WhiteRock/WillowBrook,15259247,11738,13,0
2026-07-26T00:15:32.771752+00:00,1785024925,18705,531 WhiteRock/WillowBrook,15259247,11743,14,0
2026-07-26T00:15:32.771752+00:00,1785024925,18705,531 WhiteRock/WillowBrook,15259247,12306,15,0
2026-07-26T00:15:32.771752+00:00,1785024925,18705,531 WhiteRock/WillowBrook,15259247,12218,16,0
2026-07-26T00:15:32.771752+00:00,1785024925,18705,531 WhiteRock/WillowBrook,15259247,11924,17,0
2026-07-26T00:15:32.771752+00:00,1785024925,18705,531 WhiteRock/WillowBrook,15259247,13131,18,0
2026-07-26T00:15:32.771752+00:00,1785024925,18705,531 WhiteRock/WillowBrook,15259247,11923,19,0
2026-07-26T00:15:32.771752+00:00,1785024925,18705,531 WhiteRock/WillowBrook,15259247,12597,20,0
2026-07-26T00:15:32.771752+00:00,1785024925,18705,531 WhiteRock/WillowBrook,15259247,11922,21,0
2026-07-26T00:15:32.771752+00:00,1785024925,18705,531 WhiteRock/WillowBrook,15259247,11744,22,0
2026-07-26T00:15:32.771752+00:00,1785024925,18705,531 WhiteRock/WillowBrook,15259247,11839,23,0
2026-07-26T00:15:32.771752+00:00,1785024925,18705,531 WhiteRock/WillowBrook,15259247,12922,24,0
2026-07-26T00:15:32.771752+00:00,1785024925,18705,531 WhiteRock/WillowBrook,15259247,12923,25,0
2026-07-26T00:15:32.771752+00:00,1785024925,18705,531 WhiteRock/WillowBrook,15259247,12925,26,0
2026-07-26T00:15:32.771752+00:00,1785024925,18705,531 WhiteRock/WillowBrook,15259247,12928,27,0
2026-07-26T00:15:32.771752+00:00,1785024925,18705,531 WhiteRock/WillowBrook,15259247,12930,28,0
2026-07-26T00:15:32.771752+00:00,1785024925,18705,531 WhiteRock/WillowBrook,15259247,13042,29,0
2026-07-26T00:15:32.771752+00:00,1785024925,18705,531 WhiteRock/WillowBrook,15259247,8936,30,0
2026-07-26T00:15:32.771752+00:00,1785024925,18705,531 WhiteRock/WillowBrook,15259247,9030,31,0
2026-07-26T00:15:32.771752+00:00,1785024925,18705,531 WhiteRock/WillowBrook,15259247,8937,32,0
2026-07-26T00:15:32.771752+00:00,1785024925,18705,531 WhiteRock/WillowBrook,15259247,8938,33,0
2026-07-26T00:15:32.771752+00:00,1785024925,18705,531 WhiteRock/WillowBrook,15259247,7081,34,0
2026-07-26T00:15:32.771752+00:00,1785024925,18705,531 WhiteRock/WillowBrook,15259247,7082,35,0
2026-07-26T00:15:32.771752+00:00,1785024925,18705,531 WhiteRock/WillowBrook,15259247,7083,36,0
2026-07-26T00:15:32.771752+00:00,1785024925,18705,531 WhiteRock/WillowBrook,15259247,7084,37,0
2026-07-26T00:15:32.771752+00:00,1785024925,18705,531 WhiteRock/WillowBrook,15259247,7085,38,0
2026-07-26T00:15:32.771752+00:00,1785024925,18705,531 WhiteRock/WillowBrook,15259247,8939,39,0
2026-07-26T00:15:32.771752+00:00,1785024925,18705,531 WhiteRock/WillowBrook,15259247,7086,40,0
2026-07-26T00:15:32.771752+00:00,1785024925,18705,531 WhiteRock/WillowBrook,15259247,8940,41,0
2026-07-26T00:15:32.771752+00:00,1785024925,18705,531 WhiteRock/WillowBrook,15259247,5341,42,0
2026-07-26T00:15:32.771752+00:00,1785024925,18705,531 WhiteRock/WillowBrook,15259247,5342,43,0
2026-07-26T00:15:32.771752+00:00,1785024925,18705,531 WhiteRock/WillowBrook,15259247,12293,44,0
2026-07-26T00:15:32.771752+00:00,1785024925,18705,531 WhiteRock/WillowBrook,15259247,12173,45,0
2026-07-26T00:15:32.771752+00:00,1785024925,18705,531 WhiteRock/WillowBrook,15259247,9291,46,0
2026-07-26T00:15:32.771752+00:00,1785024925,18705,531 WhiteRock/WillowBrook,15259247,9292,47,0
2026-07-26T00:15:32.771752+00:00,1785024925,18705,531 WhiteRock/WillowBrook,15259247,11264,48,0
2026-07-26T00:15:32.771752+00:00,1785024925,18705,531 WhiteRock/WillowBrook,15259247,9303,49,0
2026-07-26T00:15:32.771752+00:00,1785024925,18705,531 WhiteRock/WillowBrook,15259247,9304,50,0
2026-07-26T00:15:32.771752+00:00,1785024925,18705,531 WhiteRock/WillowBrook,15259247,6475,51,0
2026-07-26T00:15:32.771752+00:00,1785024925,18705,531 WhiteRock/WillowBrook,15259247,6476,52,0
2026-07-26T00:15:32.771752+00:00,1785024925,18705,531 WhiteRock/WillowBrook,15259247,5335,53,0
2026-07-26T00:15:32.771752+00:00,1785024925,18705,531 WhiteRock/WillowBrook,15259247,7100,54,0
2026-07-26T00:15:32.771752+00:00,1785024925,18705,531 WhiteRock/WillowBrook,15259282,11739,42,-23
2026-07-26T00:15:32.771752+00:00,1785024925,18705,531 WhiteRock/WillowBrook,15259282,11737,43,24
2026-07-26T00:15:32.771752+00:00,1785024925,18705,531 WhiteRock/WillowBrook,15259282,11757,44,3
2026-07-26T00:15:32.771752+00:00,1785024925,18705,531 WhiteRock/WillowBrook,15259282,11735,45,40
2026-07-26T00:15:32.771752+00:00,1785024925,18705,531 WhiteRock/WillowBrook,15259282,11756,46,46
2026-07-26T00:15:32.771752+00:00,1785024925,18705,531 WhiteRock/WillowBrook,15259282,5535,47,81
2026-07-26T00:15:32.771752+00:00,1785024925,18705,531 WhiteRock/WillowBrook,15259282,5536,48,68
2026-07-26T00:15:32.771752+00:00,1785024925,18705,531 WhiteRock/WillowBrook,15259282,5537,49,70
2026-07-26T00:15:32.771752+00:00,1785024925,18705,531 WhiteRock/WillowBrook,15259282,5538,50,66
2026-07-26T00:15:32.771752+00:00,1785024925,18705,531 WhiteRock/WillowBrook,15259282,5539,51,85
2026-07-26T00:15:32.771752+00:00,1785024925,18705,531 WhiteRock/WillowBrook,15259282,5540,52,101
2026-07-26T00:15:32.771752+00:00,1785024925,18705,531 WhiteRock/WillowBrook,15259283,10747,12,181
2026-07-26T00:15:32.771752+00:00,1785024925,18705,531 WhiteRock/WillowBrook,15259283,5364,13,185
2026-07-26T00:15:32.771752+00:00,1785024925,18705,531 WhiteRock/WillowBrook,15259283,11775,14,216
2026-07-26T00:15:32.771752+00:00,1785024925,18705,531 WhiteRock/WillowBrook,15259283,7171,15,198
2026-07-26T00:15:32.771752+00:00,1785024925,18705,531 WhiteRock/WillowBrook,15259283,7172,16,171
2026-07-26T00:15:32.771752+00:00,1785024925,18705,531 WhiteRock/WillowBrook,15259283,7173,17,165
2026-07-26T00:15:32.771752+00:00,1785024925,18705,531 WhiteRock/WillowBrook,15259283,7174,18,139
2026-07-26T00:15:32.771752+00:00,1785024925,18705,531 WhiteRock/WillowBrook,15259283,7175,19,130
2026-07-26T00:15:32.771752+00:00,1785024925,18705,531 WhiteRock/WillowBrook,15259283,7176,20,114
2026-07-26T00:15:32.771752+00:00,1785024925,18705,531 WhiteRock/WillowBrook,15259283,7177,21,123
2026-07-26T00:15:32.771752+00:00,1785024925,18705,531 WhiteRock/WillowBrook,15259283,8948,22,110
2026-07-26T00:15:32.771752+00:00,1785024925,18705,531 WhiteRock/WillowBrook,15259283,9031,23,97
2026-07-26T00:15:32.771752+00:00,1785024925,18705,531 WhiteRock/WillowBrook,15259283,12931,24,97
2026-07-26T00:15:32.771752+00:00,1785024925,18705,531 WhiteRock/WillowBrook,15259283,13041,25,89
2026-07-26T00:15:32.771752+00:00,1785024925,18705,531 WhiteRock/WillowBrook,15259283,12929,26,79
2026-07-26T00:15:32.771752+00:00,1785024925,18705,531 WhiteRock/WillowBrook,15259283,12927,27,54
2026-07-26T00:15:32.771752+00:00,1785024925,18705,531 WhiteRock/WillowBrook,15259283,12926,28,56
2026-07-26T00:15:32.771752+00:00,1785024925,18705,531 WhiteRock/WillowBrook,15259283,12924,29,31
2026-07-26T00:15:32.771752+00:00,1785024925,18705,531 WhiteRock/WillowBrook,15259283,11751,30,30
2026-07-26T00:15:32.771752+00:00,1785024925,18705,531 WhiteRock/WillowBrook,15259283,11750,31,0
2026-07-26T00:15:32.771752+00:00,1785024925,18705,531 WhiteRock/WillowBrook,15259283,11747,32,-22
2026-07-26T00:15:32.771752+00:00,1785024925,18705,531 WhiteRock/WillowBrook,15259283,11745,33,-31
2026-07-26T00:15:32.771752+00:00,1785024925,18705,531 WhiteRock/WillowBrook,15259283,13040,34,-35
2026-07-26T00:15:32.771752+00:00,1785024925,18705,531 WhiteRock/WillowBrook,15259283,12598,35,-52
2026-07-26T00:15:32.771752+00:00,1785024925,18705,531 WhiteRock/WillowBrook,15259283,11920,36,-98
2026-07-26T00:15:32.771752+00:00,1785024925,18705,531 WhiteRock/WillowBrook,15259283,13130,37,-125
2026-07-26T00:15:32.771752+00:00,1785024925,18705,531 WhiteRock/WillowBrook,15259283,11925,38,-150
2026-07-26T00:15:32.771752+00:00,1785024925,18705,531 WhiteRock/WillowBrook,15259283,12219,39,-180
2026-07-26T00:15:32.771752+00:00,1785024925,18705,531 WhiteRock/WillowBrook,15259283,11741,40,-170
2026-07-26T00:15:32.771752+00:00,1785024925,18705,531 WhiteRock/WillowBrook,15259283,11740,41,-178
2026-07-26T00:15:32.771752+00:00,1785024925,18705,531 WhiteRock/WillowBrook,15259283,11739,42,-126
2026-07-26T00:15:32.771752+00:00,1785024925,18705,531 WhiteRock/WillowBrook,15259283,11737,43,-86
2026-07-26T00:15:32.771752+00:00,1785024925,18705,531 WhiteRock/WillowBrook,15259283,11757,44,-110
2026-07-26T00:15:32.771752+00:00,1785024925,18705,531 WhiteRock/WillowBrook,15259283,11735,45,-73
2026-07-26T00:15:32.771752+00:00,1785024925,18705,531 WhiteRock/WillowBrook,15259283,11756,46,-68
2026-07-26T00:15:32.771752+00:00,1785024925,18705,531 WhiteRock/WillowBrook,15259283,5535,47,-35
2026-07-26T00:15:32.771752+00:00,1785024925,18705,531 WhiteRock/WillowBrook,15259283,5536,48,-51
2026-07-26T00:15:32.771752+00:00,1785024925,18705,531 WhiteRock/WillowBrook,15259283,5537,49,-46
2026-07-26T00:15:32.771752+00:00,1785024925,18705,531 WhiteRock/WillowBrook,15259283,5538,50,-48
2026-07-26T00:15:32.771752+00:00,1785024925,18705,531 WhiteRock/WillowBrook,15259283,5539,51,-38
2026-07-26T00:15:32.771752+00:00,1785024925,18705,531 WhiteRock/WillowBrook,15259283,5540,52,-23
2026-07-26T00:20:27.641472+00:00,1785025225,6705,321 Surrey Central/WhiteRock,15247330,7213,57,28
2026-07-26T00:20:27.641472+00:00,1785025225,6705,321 Surrey Central/WhiteRock,15247331,5474,48,14
2026-07-26T00:20:27.641472+00:00,1785025225,6705,321 Surrey Central/WhiteRock,15247331,5475,49,-28
2026-07-26T00:20:27.641472+00:00,1785025225,6705,321 Surrey Central/WhiteRock,15247331,5476,50,-45
2026-07-26T00:20:27.641472+00:00,1785025225,6705,321 Surrey Central/WhiteRock,15247331,5477,51,-64
2026-07-26T00:20:27.641472+00:00,1785025225,6705,321 Surrey Central/WhiteRock,15247331,11725,52,-88
2026-07-26T00:20:27.641472+00:00,1785025225,6705,321 Surrey Central/WhiteRock,15247331,5040,53,-66
2026-07-26T00:20:27.641472+00:00,1785025225,6705,321 Surrey Central/WhiteRock,15247331,5041,54,-57
2026-07-26T00:20:27.641472+00:00,1785025225,6705,321 Surrey Central/WhiteRock,15247331,12155,55,-44
2026-07-26T00:20:27.641472+00:00,1785025225,6705,321 Surrey Central/WhiteRock,15247331,9089,56,-32
2026-07-26T00:20:27.641472+00:00,1785025225,6705,321 Surrey Central/WhiteRock,15247331,7213,57,-49
2026-07-26T00:20:27.641472+00:00,1785025225,6705,321 Surrey Central/WhiteRock,15247332,5700,38,121
2026-07-26T00:20:27.641472+00:00,1785025225,6705,321 Surrey Central/WhiteRock,15247332,5465,39,128
2026-07-26T00:20:27.641472+00:00,1785025225,6705,321 Surrey Central/WhiteRock,15247332,5466,40,92
2026-07-26T00:20:27.641472+00:00,1785025225,6705,321 Surrey Central/WhiteRock,15247332,5467,41,137
2026-07-26T00:20:27.641472+00:00,1785025225,6705,321 Surrey Central/WhiteRock,15247332,5468,42,111
2026-07-26T00:20:27.641472+00:00,1785025225,6705,321 Surrey Central/WhiteRock,15247332,5469,43,77
2026-07-26T00:20:27.641472+00:00,1785025225,6705,321 Surrey Central/WhiteRock,15247332,5470,44,56
2026-07-26T00:20:27.641472+00:00,1785025225,6705,321 Surrey Central/WhiteRock,15247332,5471,45,26
2026-07-26T00:20:27.641472+00:00,1785025225,6705,321 Surrey Central/WhiteRock,15247332,5472,46,6
2026-07-26T00:20:27.641472+00:00,1785025225,6705,321 Surrey Central/WhiteRock,15247332,5473,47,-39
2026-07-26T00:20:27.641472+00:00,1785025225,6705,321 Surrey Central/WhiteRock,15247332,5474,48,-37
2026-07-26T00:20:27.641472+00:00,1785025225,6705,321 Surrey Central/WhiteRock,15247332,5475,49,-79
2026-07-26T00:20:27.641472+00:00,1785025225,6705,321 Surrey Central/WhiteRock,15247332,5476,50,-96
2026-07-26T00:20:27.641472+00:00,1785025225,6705,321 Surrey Central/WhiteRock,15247332,5477,51,-115
2026-07-26T00:20:27.641472+00:00,1785025225,6705,321 Surrey Central/WhiteRock,15247332,11725,52,-139
2026-07-26T00:20:27.641472+00:00,1785025225,6705,321 Surrey Central/WhiteRock,15247332,5040,53,-120
2026-07-26T00:20:27.641472+00:00,1785025225,6705,321 Surrey Central/WhiteRock,15247332,5041,54,-111
2026-07-26T00:20:27.641472+00:00,1785025225,6705,321 Surrey Central/WhiteRock,15247332,12155,55,-98
2026-07-26T00:20:27.641472+00:00,1785025225,6705,321 Surrey Central/WhiteRock,15247332,9089,56,-86
2026-07-26T00:20:27.641472+00:00,1785025225,6705,321 Surrey Central/WhiteRock,15247332,7213,57,-103
2026-07-26T00:20:27.641472+00:00,1785025225,6705,321 Surrey Central/WhiteRock,15247333,5456,30,-141
2026-07-26T00:20:27.641472+00:00,1785025225,6705,321 Surrey Central/WhiteRock,15247333,12651,31,-163
2026-07-26T00:20:27.641472+00:00,1785025225,6705,321 Surrey Central/WhiteRock,15247333,5458,32,-158
2026-07-26T00:20:27.641472+00:00,1785025225,6705,321 Surrey Central/WhiteRock,15247333,5459,33,-145
2026-07-26T00:20:27.641472+00:00,1785025225,6705,321 Surrey Central/WhiteRock,15247333,5460,34,-149
2026-07-26T00:20:27.641472+00:00,1785025225,6705,321 Surrey Central/WhiteRock,15247333,5461,35,-155
2026-07-26T00:20:27.641472+00:00,1785025225,6705,321 Surrey Central/WhiteRock,15247333,5462,36,-159
2026-07-26T00:20:27.641472+00:00,1785025225,6705,321 Surrey Central/WhiteRock,15247333,5463,37,-104
2026-07-26T00:20:27.641472+00:00,1785025225,6705,321 Surrey Central/WhiteRock,15247333,5700,38,15
2026-07-26T00:20:27.641472+00:00,1785025225,6705,321 Surrey Central/WhiteRock,15247333,5465,39,22
2026-07-26T00:20:27.641472+00:00,1785025225,6705,321 Surrey Central/WhiteRock,15247333,5466,40,-13
2026-07-26T00:20:27.641472+00:00,1785025225,6705,321 Surrey Central/WhiteRock,15247333,5467,41,32
2026-07-26T00:20:27.641472+00:00,1785025225,6705,321 Surrey Central/WhiteRock,15247333,5468,42,6
2026-07-26T00:20:27.641472+00:00,1785025225,6705,321 Surrey Central/WhiteRock,15247333,5469,43,-25
2026-07-26T00:20:27.641472+00:00,1785025225,6705,321 Surrey Central/WhiteRock,15247333,5470,44,-46
2026-07-26T00:20:27.641472+00:00,1785025225,6705,321 Surrey Central/WhiteRock,15247333,5471,45,-76
2026-07-26T00:20:27.641472+00:00,1785025225,6705,321 Surrey Central/WhiteRock,15247333,5472,46,-96
2026-07-26T00:20:27.641472+00:00,1785025225,6705,321 Surrey Central/WhiteRock,15247333,5473,47,-141
2026-07-26T00:20:27.641472+00:00,1785025225,6705,321 Surrey Central/WhiteRock,15247333,5474,48,-139
2026-07-26T00:20:27.641472+00:00,1785025225,6705,321 Surrey Central/WhiteRock,15247333,5475,49,-181
2026-07-26T00:20:27.641472+00:00,1785025225,6705,321 Surrey Central/WhiteRock,15247333,5476,50,-198
2026-07-26T00:20:27.641472+00:00,1785025225,6705,321 Surrey Central/WhiteRock,15247333,5477,51,-217
2026-07-26T00:20:27.641472+00:00,1785025225,6705,321 Surrey Central/WhiteRock,15247333,11725,52,-241
2026-07-26T00:20:27.641472+00:00,1785025225,6705,321 Surrey Central/WhiteRock,15247333,5040,53,-224
2026-07-26T00:20:27.641472+00:00,1785025225,6705,321 Surrey Central/WhiteRock,15247333,5041,54,-215
2026-07-26T00:20:27.641472+00:00,1785025225,6705,321 Surrey Central/WhiteRock,15247333,12155,55,-202
2026-07-26T00:20:27.641472+00:00,1785025225,6705,321 Surrey Central/WhiteRock,15247333,9089,56,-190
2026-07-26T00:20:27.641472+00:00,1785025225,6705,321 Surrey Central/WhiteRock,15247333,7213,57,-207
2026-07-26T00:20:27.641472+00:00,1785025225,6705,321 Surrey Central/WhiteRock,15247334,10808,25,-209
2026-07-26T00:20:27.641472+00:00,1785025225,6705,321 Surrey Central/WhiteRock,15247334,5452,26,-317
2026-07-26T00:20:27.641472+00:00,1785025225,6705,321 Surrey Central/WhiteRock,15247334,11913,27,-331
2026-07-26T00:20:27.641472+00:00,1785025225,6705,321 Surrey Central/WhiteRock,15247334,5454,28,-337
2026-07-26T00:20:27.641472+00:00,1785025225,6705,321 Surrey Central/WhiteRock,15247334,5455,29,-339
2026-07-26T00:20:27.641472+00:00,1785025225,6705,321 Surrey Central/WhiteRock,15247334,5456,30,-288
2026-07-26T00:20:27.641472+00:00,1785025225,6705,321 Surrey Central/WhiteRock,15247334,12651,31,-310
2026-07-26T00:20:27.641472+00:00,1785025225,6705,321 Surrey Central/WhiteRock,15247334,5458,32,-304
2026-07-26T00:20:27.641472+00:00,1785025225,6705,321 Surrey Central/WhiteRock,15247334,5459,33,-291
2026-07-26T00:20:27.641472+00:00,1785025225,6705,321 Surrey Central/WhiteRock,15247334,5460,34,-295
2026-07-26T00:20:27.641472+00:00,1785025225,6705,321 Surrey Central/WhiteRock,15247334,5461,35,-301
2026-07-26T00:20:27.641472+00:00,1785025225,6705,321 Surrey Central/WhiteRock,15247334,5462,36,-305
2026-07-26T00:20:27.641472+00:00,1785025225,6705,321 Surrey Central/WhiteRock,15247334,5463,37,-250
2026-07-26T00:20:27.641472+00:00,1785025225,6705,321 Surrey Central/WhiteRock,15247334,5700,38,0
2026-07-26T00:20:27.641472+00:00,1785025225,6705,321 Surrey Central/WhiteRock,15247334,5465,39,7
2026-07-26T00:20:27.641472+00:00,1785025225,6705,321 Surrey Central/WhiteRock,15247334,5466,40,-28
2026-07-26T00:20:27.641472+00:00,1785025225,6705,321 Surrey Central/WhiteRock,15247334,5467,41,16
2026-07-26T00:20:27.641472+00:00,1785025225,6705,321 Surrey Central/WhiteRock,15247334,5468,42,-10
2026-07-26T00:20:27.641472+00:00,1785025225,6705,321 Surrey Central/WhiteRock,15247334,5469,43,-44
2026-07-26T00:20:27.641472+00:00,1785025225,6705,321 Surrey Central/WhiteRock,15247334,5470,44,-64
2026-07-26T00:20:27.641472+00:00,1785025225,6705,321 Surrey Central/WhiteRock,15247334,5471,45,-94
2026-07-26T00:20:27.641472+00:00,1785025225,6705,321 Surrey Central/WhiteRock,15247334,5472,46,-114
2026-07-26T00:20:27.641472+00:00,1785025225,6705,321 Surrey Central/WhiteRock,15247334,5473,47,-159
2026-07-26T00:20:27.641472+00:00,1785025225,6705,321 Surrey Central/WhiteRock,15247334,5474,48,-155
2026-07-26T00:20:27.641472+00:00,1785025225,6705,321 Surrey Central/WhiteRock,15247334,5475,49,-198
2026-07-26T00:20:27.641472+00:00,1785025225,6705,321 Surrey Central/WhiteRock,15247334,5476,50,-215
2026-07-26T00:20:27.641472+00:00,1785025225,6705,321 Surrey Central/WhiteRock,15247334,5477,51,-234
2026-07-26T00:20:27.641472+00:00,1785025225,6705,321 Surrey Central/WhiteRock,15247334,11725,52,-259
2026-07-26T00:20:27.641472+00:00,1785025225,6705,321 Surrey Central/WhiteRock,15247334,5040,53,-239
2026-07-26T00:20:27.641472+00:00,1785025225,6705,321 Surrey Central/WhiteRock,15247334,5041,54,-230
2026-07-26T00:20:27.641472+00:00,1785025225,6705,321 Surrey Central/WhiteRock,15247334,12155,55,-218
2026-07-26T00:20:27.641472+00:00,1785025225,6705,321 Surrey Central/WhiteRock,15247334,9089,56,-206
2026-07-26T00:20:27.641472+00:00,1785025225,6705,321 Surrey Central/WhiteRock,15247334,7213,57,-223
2026-07-26T00:20:27.641472+00:00,1785025225,6705,321 Surrey Central/WhiteRock,15247335,5441,14,71
2026-07-26T00:20:27.641472+00:00,1785025225,6705,321 Surrey Central/WhiteRock,15247335,5442,15,51
2026-07-26T00:20:27.641472+00:00,1785025225,6705,321 Surrey Central/WhiteRock,15247335,5444,16,61
2026-07-26T00:20:27.641472+00:00,1785025225,6705,321 Surrey Central/WhiteRock,15247335,9083,17,46
2026-07-26T00:20:27.641472+00:00,1785025225,6705,321 Surrey Central/WhiteRock,15247335,5446,18,59
2026-07-26T00:20:27.641472+00:00,1785025225,6705,321 Surrey Central/WhiteRock,15247335,10445,19,53
2026-07-26T00:20:27.641472+00:00,1785025225,6705,321 Surrey Central/WhiteRock,15247335,5447,20,21
2026-07-26T00:20:27.641472+00:00,1785025225,6705,321 Surrey Central/WhiteRock,15247335,5448,21,27
2026-07-26T00:20:27.641472+00:00,1785025225,6705,321 Surrey Central/WhiteRock,15247335,10437,22,27
2026-07-26T00:20:27.641472+00:00,1785025225,6705,321 Surrey Central/WhiteRock,15247335,5449,23,-17
2026-07-26T00:20:27.641472+00:00,1785025225,6705,321 Surrey Central/WhiteRock,15247335,11313,24,-51
2026-07-26T00:20:27.641472+00:00,1785025225,6705,321 Surrey Central/WhiteRock,15247335,10808,25,-179
2026-07-26T00:20:27.641472+00:00,1785025225,6705,321 Surrey Central/WhiteRock,15247335,5452,26,-287
2026-07-26T00:20:27.641472+00:00,1785025225,6705,321 Surrey Central/WhiteRock,15247335,11913,27,-301
2026-07-26T00:20:27.641472+00:00,1785025225,6705,321 Surrey Central/WhiteRock,15247335,5454,28,-305
2026-07-26T00:20:27.641472+00:00,1785025225,6705,321 Surrey Central/WhiteRock,15247335,5455,29,-307
2026-07-26T00:20:27.641472+00:00,1785025225,6705,321 Surrey Central/WhiteRock,15247335,5456,30,-257
2026-07-26T00:20:27.641472+00:00,1785025225,6705,321 Surrey Central/WhiteRock,15247335,12651,31,-279
2026-07-26T00:20:27.641472+00:00,1785025225,6705,321 Surrey Central/WhiteRock,15247335,5458,32,-272
2026-07-26T00:20:27.641472+00:00,1785025225,6705,321 Surrey Central/WhiteRock,15247335,5459,33,-260
2026-07-26T00:20:27.641472+00:00,1785025225,6705,321 Surrey Central/WhiteRock,15247335,5460,34,-264
2026-07-26T00:20:27.641472+00:00,1785025225,6705,321 Surrey Central/WhiteRock,15247335,5461,35,-269
2026-07-26T00:20:27.641472+00:00,1785025225,6705,321 Surrey Central/WhiteRock,15247335,5462,36,-273
2026-07-26T00:20:27.641472+00:00,1785025225,6705,321 Surrey Central/WhiteRock,15247335,5463,37,-216
2026-07-26T00:20:27.641472+00:00,1785025225,6705,321 Surrey Central/WhiteRock,15247335,5700,38,0
2026-07-26T00:20:27.641472+00:00,1785025225,6705,321 Surrey Central/WhiteRock,15247335,5465,39,7
2026-07-26T00:20:27.641472+00:00,1785025225,6705,321 Surrey Central/WhiteRock,15247335,5466,40,-29
2026-07-26T00:20:27.641472+00:00,1785025225,6705,321 Surrey Central/WhiteRock,15247335,5467,41,16
2026-07-26T00:20:27.641472+00:00,1785025225,6705,321 Surrey Central/WhiteRock,15247335,5468,42,-9
2026-07-26T00:20:27.641472+00:00,1785025225,6705,321 Surrey Central/WhiteRock,15247335,5469,43,-44
2026-07-26T00:20:27.641472+00:00,1785025225,6705,321 Surrey Central/WhiteRock,15247335,5470,44,-64
2026-07-26T00:20:27.641472+00:00,1785025225,6705,321 Surrey Central/WhiteRock,15247335,5471,45,-94
2026-07-26T00:20:27.641472+00:00,1785025225,6705,321 Surrey Central/WhiteRock,15247335,5472,46,-114
2026-07-26T00:20:27.641472+00:00,1785025225,6705,321 Surrey Central/WhiteRock,15247335,5473,47,-159
2026-07-26T00:20:27.641472+00:00,1785025225,6705,321 Surrey Central/WhiteRock,15247335,5474,48,-156
2026-07-26T00:20:27.641472+00:00,1785025225,6705,321 Surrey Central/WhiteRock,15247335,5475,49,-198
2026-07-26T00:20:27.641472+00:00,1785025225,6705,321 Surrey Central/WhiteRock,15247335,5476,50,-215
2026-07-26T00:20:27.641472+00:00,1785025225,6705,321 Surrey Central/WhiteRock,15247335,5477,51,-235
2026-07-26T00:20:27.641472+00:00,1785025225,6705,321 Surrey Central/WhiteRock,15247335,11725,52,-259
2026-07-26T00:20:27.641472+00:00,1785025225,6705,321 Surrey Central/WhiteRock,15247335,5040,53,-239
2026-07-26T00:20:27.641472+00:00,1785025225,6705,321 Surrey Central/WhiteRock,15247335,5041,54,-223
2026-07-26T00:20:27.641472+00:00,1785025225,6705,321 Surrey Central/WhiteRock,15247335,12155,55,-212
2026-07-26T00:20:27.641472+00:00,1785025225,6705,321 Surrey Central/WhiteRock,15247335,9089,56,-183
2026-07-26T00:20:27.641472+00:00,1785025225,6705,321 Surrey Central/WhiteRock,15247335,7213,57,-202
2026-07-26T00:20:27.641472+00:00,1785025225,6705,321 Surrey Central/WhiteRock,15247336,6197,1,0
2026-07-26T00:20:27.641472+00:00,1785025225,6705,321 Surrey Central/WhiteRock,15247336,6200,4,-149
2026-07-26T00:20:27.641472+00:00,1785025225,6705,321 Surrey Central/WhiteRock,15247336,6201,5,-155
2026-07-26T00:20:27.641472+00:00,1785025225,6705,321 Surrey Central/WhiteRock,15247336,6354,6,-139
2026-07-26T00:20:27.641472+00:00,1785025225,6705,321 Surrey Central/WhiteRock,15247336,6355,7,-150
2026-07-26T00:20:27.641472+00:00,1785025225,6705,321 Surrey Central/WhiteRock,15247336,6356,8,-63
2026-07-26T00:20:27.641472+00:00,1785025225,6705,321 Surrey Central/WhiteRock,15247336,6174,9,-6
2026-07-26T00:20:27.641472+00:00,1785025225,6705,321 Surrey Central/WhiteRock,15247336,5437,10,7
2026-07-26T00:20:27.641472+00:00,1785025225,6705,321 Surrey Central/WhiteRock,15247336,5438,11,4
2026-07-26T00:20:27.641472+00:00,1785025225,6705,321 Surrey Central/WhiteRock,15247336,5439,12,14
2026-07-26T00:20:27.641472+00:00,1785025225,6705,321 Surrey Central/WhiteRock,15247336,5440,13,-3
2026-07-26T00:20:27.641472+00:00,1785025225,6705,321 Surrey Central/WhiteRock,15247336,5441,14,-3
2026-07-26T00:20:27.641472+00:00,1785025225,6705,321 Surrey Central/WhiteRock,15247336,5442,15,-24
2026-07-26T00:20:27.641472+00:00,1785025225,6705,321 Surrey Central/WhiteRock,15247336,5444,16,-15
2026-07-26T00:20:27.641472+00:00,1785025225,6705,321 Surrey Central/WhiteRock,15247336,9083,17,-36
2026-07-26T00:20:27.641472+00:00,1785025225,6705,321 Surrey Central/WhiteRock,15247336,5446,18,-22
2026-07-26T00:20:27.641472+00:00,1785025225,6705,321 Surrey Central/WhiteRock,15247336,10445,19,-23
2026-07-26T00:20:27.641472+00:00,1785025225,6705,321 Surrey Central/WhiteRock,15247336,5447,20,-55
2026-07-26T00:20:27.641472+00:00,1785025225,6705,321 Surrey Central/WhiteRock,15247336,5448,21,-54
2026-07-26T00:20:27.641472+00:00,1785025225,6705,321 Surrey Central/WhiteRock,15247336,10437,22,-60
2026-07-26T00:20:27.641472+00:00,1785025225,6705,321 Surrey Central/WhiteRock,15247336,5449,23,-105
2026-07-26T00:20:27.641472+00:00,1785025225,6705,321 Surrey Central/WhiteRock,15247336,11313,24,-139
2026-07-26T00:20:27.641472+00:00,1785025225,6705,321 Surrey Central/WhiteRock,15247336,10808,25,-267
2026-07-26T00:20:27.641472+00:00,1785025225,6705,321 Surrey Central/WhiteRock,15247336,5452,26,-375
2026-07-26T00:20:27.641472+00:00,1785025225,6705,321 Surrey Central/WhiteRock,15247336,11913,27,-389
2026-07-26T00:20:27.641472+00:00,1785025225,6705,321 Surrey Central/WhiteRock,15247336,5454,28,-394
2026-07-26T00:20:27.641472+00:00,1785025225,6705,321 Surrey Central/WhiteRock,15247336,5455,29,-396
2026-07-26T00:20:27.641472+00:00,1785025225,6705,321 Surrey Central/WhiteRock,15247336,5456,30,-346
2026-07-26T00:20:27.641472+00:00,1785025225,6705,321 Surrey Central/WhiteRock,15247336,12651,31,-368
2026-07-26T00:20:27.641472+00:00,1785025225,6705,321 Surrey Central/WhiteRock,15247336,5458,32,-362
2026-07-26T00:20:27.641472+00:00,1785025225,6705,321 Surrey Central/WhiteRock,15247336,5459,33,-350
2026-07-26T00:20:27.641472+00:00,1785025225,6705,321 Surrey Central/WhiteRock,15247336,5460,34,-354
2026-07-26T00:20:27.641472+00:00,1785025225,6705,321 Surrey Central/WhiteRock,15247336,5461,35,-360
2026-07-26T00:20:27.641472+00:00,1785025225,6705,321 Surrey Central/WhiteRock,15247336,5462,36,-363
2026-07-26T00:20:27.641472+00:00,1785025225,6705,321 Surrey Central/WhiteRock,15247336,5463,37,-304
2026-07-26T00:20:27.641472+00:00,1785025225,6705,321 Surrey Central/WhiteRock,15247336,5700,38,0
2026-07-26T00:20:27.641472+00:00,1785025225,6705,321 Surrey Central/WhiteRock,15247336,5465,39,7
2026-07-26T00:20:27.641472+00:00,1785025225,6705,321 Surrey Central/WhiteRock,15247336,5466,40,-29
2026-07-26T00:20:27.641472+00:00,1785025225,6705,321 Surrey Central/WhiteRock,15247336,5467,41,8
2026-07-26T00:20:27.641472+00:00,1785025225,6705,321 Surrey Central/WhiteRock,15247336,5468,42,-17
2026-07-26T00:20:27.641472+00:00,1785025225,6705,321 Surrey Central/WhiteRock,15247336,5469,43,-54
2026-07-26T00:20:27.641472+00:00,1785025225,6705,321 Surrey Central/WhiteRock,15247336,5470,44,-75
2026-07-26T00:20:27.641472+00:00,1785025225,6705,321 Surrey Central/WhiteRock,15247336,5471,45,-107
2026-07-26T00:20:27.641472+00:00,1785025225,6705,321 Surrey Central/WhiteRock,15247336,5472,46,-130
2026-07-26T00:20:27.641472+00:00,1785025225,6705,321 Surrey Central/WhiteRock,15247336,5473,47,-176
2026-07-26T00:20:27.641472+00:00,1785025225,6705,321 Surrey Central/WhiteRock,15247336,5474,48,-178
2026-07-26T00:20:27.641472+00:00,1785025225,6705,321 Surrey Central/WhiteRock,15247336,5475,49,-221
2026-07-26T00:20:27.641472+00:00,1785025225,6705,321 Surrey Central/WhiteRock,15247336,5476,50,-242
2026-07-26T00:20:27.641472+00:00,1785025225,6705,321 Surrey Central/WhiteRock,15247336,5477,51,-262
2026-07-26T00:20:27.641472+00:00,1785025225,6705,321 Surrey Central/WhiteRock,15247336,11725,52,-288
2026-07-26T00:20:27.641472+00:00,1785025225,6705,321 Surrey Central/WhiteRock,15247336,5040,53,-269
2026-07-26T00:20:27.641472+00:00,1785025225,6705,321 Surrey Central/WhiteRock,15247336,5041,54,-254
2026-07-26T00:20:27.641472+00:00,1785025225,6705,321 Surrey Central/WhiteRock,15247336,12155,55,-243
2026-07-26T00:20:27.641472+00:00,1785025225,6705,321 Surrey Central/WhiteRock,15247336,9089,56,-214
2026-07-26T00:20:27.641472+00:00,1785025225,6705,321 Surrey Central/WhiteRock,15247336,7213,57,-233
2026-07-26T00:20:27.641472+00:00,1785025225,6705,321 Surrey Central/WhiteRock,15247337,6197,1,0
2026-07-26T00:20:27.641472+00:00,1785025225,6705,321 Surrey Central/WhiteRock,15247337,6198,2,0
2026-07-26T00:20:27.641472+00:00,1785025225,6705,321 Surrey Central/WhiteRock,15247337,6199,3,0
2026-07-26T00:20:27.641472+00:00,1785025225,6705,321 Surrey Central/WhiteRock,15247337,6200,4,0
2026-07-26T00:20:27.641472+00:00,1785025225,6705,321 Surrey Central/WhiteRock,15247337,6201,5,0
2026-07-26T00:20:27.641472+00:00,1785025225,6705,321 Surrey Central/WhiteRock,15247337,6354,6,0
2026-07-26T00:20:27.641472+00:00,1785025225,6705,321 Surrey Central/WhiteRock,15247337,6355,7,0
2026-07-26T00:20:27.641472+00:00,1785025225,6705,321 Surrey Central/WhiteRock,15247337,6356,8,0
2026-07-26T00:20:27.641472+00:00,1785025225,6705,321 Surrey Central/WhiteRock,15247337,6174,9,0
2026-07-26T00:20:27.641472+00:00,1785025225,6705,321 Surrey Central/WhiteRock,15247337,5437,10,0
2026-07-26T00:20:27.641472+00:00,1785025225,6705,321 Surrey Central/WhiteRock,15247337,5438,11,0
2026-07-26T00:20:27.641472+00:00,1785025225,6705,321 Surrey Central/WhiteRock,15247337,5439,12,0
2026-07-26T00:20:27.641472+00:00,1785025225,6705,321 Surrey Central/WhiteRock,15247337,5440,13,0
2026-07-26T00:20:27.641472+00:00,1785025225,6705,321 Surrey Central/WhiteRock,15247337,5441,14,0
2026-07-26T00:20:27.641472+00:00,1785025225,6705,321 Surrey Central/WhiteRock,15247337,5442,15,0
2026-07-26T00:20:27.641472+00:00,1785025225,6705,321 Surrey Central/WhiteRock,15247337,5444,16,0
2026-07-26T00:20:27.641472+00:00,1785025225,6705,321 Surrey Central/WhiteRock,15247337,9083,17,0
2026-07-26T00:20:27.641472+00:00,1785025225,6705,321 Surrey Central/WhiteRock,15247337,5446,18,0
2026-07-26T00:20:27.641472+00:00,1785025225,6705,321 Surrey Central/WhiteRock,15247337,10445,19,0
2026-07-26T00:20:27.641472+00:00,1785025225,6705,321 Surrey Central/WhiteRock,15247337,5447,20,0
2026-07-26T00:20:27.641472+00:00,1785025225,6705,321 Surrey Central/WhiteRock,15247337,5448,21,0
2026-07-26T00:20:27.641472+00:00,1785025225,6705,321 Surrey Central/WhiteRock,15247337,10437,22,0
2026-07-26T00:20:27.641472+00:00,1785025225,6705,321 Surrey Central/WhiteRock,15247337,5449,23,0
2026-07-26T00:20:27.641472+00:00,1785025225,6705,321 Surrey Central/WhiteRock,15247337,11313,24,0
2026-07-26T00:20:27.641472+00:00,1785025225,6705,321 Surrey Central/WhiteRock,15247337,10808,25,0
2026-07-26T00:20:27.641472+00:00,1785025225,6705,321 Surrey Central/WhiteRock,15247337,5452,26,0
2026-07-26T00:20:27.641472+00:00,1785025225,6705,321 Surrey Central/WhiteRock,15247337,11913,27,0
2026-07-26T00:20:27.641472+00:00,1785025225,6705,321 Surrey Central/WhiteRock,15247337,5454,28,0
2026-07-26T00:20:27.641472+00:00,1785025225,6705,321 Surrey Central/WhiteRock,15247337,5455,29,0
2026-07-26T00:20:27.641472+00:00,1785025225,6705,321 Surrey Central/WhiteRock,15247337,5456,30,0
2026-07-26T00:20:27.641472+00:00,1785025225,6705,321 Surrey Central/WhiteRock,15247337,12651,31,0
2026-07-26T00:20:27.641472+00:00,1785025225,6705,321 Surrey Central/WhiteRock,15247337,5458,32,0
2026-07-26T00:20:27.641472+00:00,1785025225,6705,321 Surrey Central/WhiteRock,15247337,5459,33,0
2026-07-26T00:20:27.641472+00:00,1785025225,6705,321 Surrey Central/WhiteRock,15247337,5460,34,0
2026-07-26T00:20:27.641472+00:00,1785025225,6705,321 Surrey Central/WhiteRock,15247337,5461,35,0
2026-07-26T00:20:27.641472+00:00,1785025225,6705,321 Surrey Central/WhiteRock,15247337,5462,36,0
2026-07-26T00:20:27.641472+00:00,1785025225,6705,321 Surrey Central/WhiteRock,15247337,5463,37,0
2026-07-26T00:20:27.641472+00:00,1785025225,6705,321 Surrey Central/WhiteRock,15247337,5700,38,0
2026-07-26T00:20:27.641472+00:00,1785025225,6705,321 Surrey Central/WhiteRock,15247337,5465,39,0
2026-07-26T00:20:27.641472+00:00,1785025225,6705,321 Surrey Central/WhiteRock,15247337,5466,40,0
2026-07-26T00:20:27.641472+00:00,1785025225,6705,321 Surrey Central/WhiteRock,15247337,5467,41,0
2026-07-26T00:20:27.641472+00:00,1785025225,6705,321 Surrey Central/WhiteRock,15247337,5468,42,0
2026-07-26T00:20:27.641472+00:00,1785025225,6705,321 Surrey Central/WhiteRock,15247337,5469,43,0
2026-07-26T00:20:27.641472+00:00,1785025225,6705,321 Surrey Central/WhiteRock,15247337,5470,44,0
2026-07-26T00:20:27.641472+00:00,1785025225,6705,321 Surrey Central/WhiteRock,15247337,5471,45,0
2026-07-26T00:20:27.641472+00:00,1785025225,6705,321 Surrey Central/WhiteRock,15247337,5472,46,0
2026-07-26T00:20:27.641472+00:00,1785025225,6705,321 Surrey Central/WhiteRock,15247337,5473,47,0
2026-07-26T00:20:27.641472+00:00,1785025225,6705,321 Surrey Central/WhiteRock,15247337,5474,48,0
2026-07-26T00:20:27.641472+00:00,1785025225,6705,321 Surrey Central/WhiteRock,15247337,5475,49,0
2026-07-26T00:20:27.641472+00:00,1785025225,6705,321 Surrey Central/WhiteRock,15247337,5476,50,0
2026-07-26T00:20:27.641472+00:00,1785025225,6705,321 Surrey Central/WhiteRock,15247337,5477,51,0
2026-07-26T00:20:27.641472+00:00,1785025225,6705,321 Surrey Central/WhiteRock,15247337,11725,52,0
2026-07-26T00:20:27.641472+00:00,1785025225,6705,321 Surrey Central/WhiteRock,15247337,5040,53,0
2026-07-26T00:20:27.641472+00:00,1785025225,6705,321 Surrey Central/WhiteRock,15247337,5041,54,0
2026-07-26T00:20:27.641472+00:00,1785025225,6705,321 Surrey Central/WhiteRock,15247337,12155,55,0
2026-07-26T00:20:27.641472+00:00,1785025225,6705,321 Surrey Central/WhiteRock,15247337,9089,56,0
2026-07-26T00:20:27.641472+00:00,1785025225,6705,321 Surrey Central/WhiteRock,15247337,7213,57,0
2026-07-26T00:20:27.641472+00:00,1785025225,6705,321 Surrey Central/WhiteRock,15247364,5046,2,80
2026-07-26T00:20:27.641472+00:00,1785025225,6705,321 Surrey Central/WhiteRock,15247364,5047,3,82
2026-07-26T00:20:27.641472+00:00,1785025225,6705,321 Surrey Central/WhiteRock,15247364,8566,4,52
2026-07-26T00:20:27.641472+00:00,1785025225,6705,321 Surrey Central/WhiteRock,15247364,12916,5,91
2026-07-26T00:20:27.641472+00:00,1785025225,6705,321 Surrey Central/WhiteRock,15247364,5049,6,84
2026-07-26T00:20:27.641472+00:00,1785025225,6705,321 Surrey Central/WhiteRock,15247364,5039,7,79
2026-07-26T00:20:27.641472+00:00,1785025225,6705,321 Surrey Central/WhiteRock,15247364,8351,8,58
2026-07-26T00:20:27.641472+00:00,1785025225,6705,321 Surrey Central/WhiteRock,15247364,5496,9,7
2026-07-26T00:20:27.641472+00:00,1785025225,6705,321 Surrey Central/WhiteRock,15247364,5497,10,-29
2026-07-26T00:20:27.641472+00:00,1785025225,6705,321 Surrey Central/WhiteRock,15247364,5498,11,-41
2026-07-26T00:20:27.641472+00:00,1785025225,6705,321 Surrey Central/WhiteRock,15247364,5499,12,-75
2026-07-26T00:20:27.641472+00:00,1785025225,6705,321 Surrey Central/WhiteRock,15247364,5500,13,-82
2026-07-26T00:20:27.641472+00:00,1785025225,6705,321 Surrey Central/WhiteRock,15247364,5501,14,-105
2026-07-26T00:20:27.641472+00:00,1785025225,6705,321 Surrey Central/WhiteRock,15247364,5502,15,-115
2026-07-26T00:20:27.641472+00:00,1785025225,6705,321 Surrey Central/WhiteRock,15247364,5503,16,-134
2026-07-26T00:20:27.641472+00:00,1785025225,6705,321 Surrey Central/WhiteRock,15247364,5504,17,-180
2026-07-26T00:20:27.641472+00:00,1785025225,6705,321 Surrey Central/WhiteRock,15247364,5505,18,-159
2026-07-26T00:20:27.641472+00:00,1785025225,6705,321 Surrey Central/WhiteRock,15247364,5507,19,-146
2026-07-26T00:20:27.641472+00:00,1785025225,6705,321 Surrey Central/WhiteRock,15247364,5633,20,0
2026-07-26T00:20:27.641472+00:00,1785025225,6705,321 Surrey Central/WhiteRock,15247364,5510,21,32
2026-07-26T00:20:27.641472+00:00,1785025225,6705,321 Surrey Central/WhiteRock,15247364,5511,22,26
2026-07-26T00:20:27.641472+00:00,1785025225,6705,321 Surrey Central/WhiteRock,15247364,5512,23,22
2026-07-26T00:20:27.641472+00:00,1785025225,6705,321 Surrey Central/WhiteRock,15247364,5513,24,9
2026-07-26T00:20:27.641472+00:00,1785025225,6705,321 Surrey Central/WhiteRock,15247364,5514,25,79
2026-07-26T00:20:27.641472+00:00,1785025225,6705,321 Surrey Central/WhiteRock,15247364,5515,26,73
2026-07-26T00:20:27.641472+00:00,1785025225,6705,321 Surrey Central/WhiteRock,15247364,5516,27,86
2026-07-26T00:20:27.641472+00:00,1785025225,6705,321 Surrey Central/WhiteRock,15247364,5517,28,101
2026-07-26T00:20:27.641472+00:00,1785025225,6705,321 Surrey Central/WhiteRock,15247364,5518,29,106
2026-07-26T00:20:27.641472+00:00,1785025225,6705,321 Surrey Central/WhiteRock,15247364,5519,30,87
2026-07-26T00:20:27.641472+00:00,1785025225,6705,321 Surrey Central/WhiteRock,15247364,5520,31,74
2026-07-26T00:20:27.641472+00:00,1785025225,6705,321 Surrey Central/WhiteRock,15247364,5521,32,-121
2026-07-26T00:20:27.641472+00:00,1785025225,6705,321 Surrey Central/WhiteRock,15247364,5522,33,-247
2026-07-26T00:20:27.641472+00:00,1785025225,6705,321 Surrey Central/WhiteRock,15247364,5523,34,-281
2026-07-26T00:20:27.641472+00:00,1785025225,6705,321 Surrey Central/WhiteRock,15247364,6466,35,-297
2026-07-26T00:20:27.641472+00:00,1785025225,6705,321 Surrey Central/WhiteRock,15247364,5524,36,-296
2026-07-26T00:20:27.641472+00:00,1785025225,6705,321 Surrey Central/WhiteRock,15247364,5525,37,-323
2026-07-26T00:20:27.641472+00:00,1785025225,6705,321 Surrey Central/WhiteRock,15247364,10443,38,-347
2026-07-26T00:20:27.641472+00:00,1785025225,6705,321 Surrey Central/WhiteRock,15247364,5528,39,-342
2026-07-26T00:20:27.641472+00:00,1785025225,6705,321 Surrey Central/WhiteRock,15247364,5529,40,-360
2026-07-26T00:20:27.641472+00:00,1785025225,6705,321 Surrey Central/WhiteRock,15247364,5530,41,-375
2026-07-26T00:20:27.641472+00:00,1785025225,6705,321 Surrey Central/WhiteRock,15247364,5533,42,-382
2026-07-26T00:20:27.641472+00:00,1785025225,6705,321 Surrey Central/WhiteRock,15247364,5534,43,-401
2026-07-26T00:20:27.641472+00:00,1785025225,6705,321 Surrey Central/WhiteRock,15247364,5535,44,-406
2026-07-26T00:20:27.641472+00:00,1785025225,6705,321 Surrey Central/WhiteRock,15247364,5536,45,-426
2026-07-26T00:20:27.641472+00:00,1785025225,6705,321 Surrey Central/WhiteRock,15247364,5537,46,-434
2026-07-26T00:20:27.641472+00:00,1785025225,6705,321 Surrey Central/WhiteRock,15247364,5538,47,-442
2026-07-26T00:20:27.641472+00:00,1785025225,6705,321 Surrey Central/WhiteRock,15247364,5541,48,-419
2026-07-26T00:20:27.641472+00:00,1785025225,6705,321 Surrey Central/WhiteRock,15247364,5542,49,-403
2026-07-26T00:20:27.641472+00:00,1785025225,6705,321 Surrey Central/WhiteRock,15247364,6195,50,-368
2026-07-26T00:20:27.641472+00:00,1785025225,6705,321 Surrey Central/WhiteRock,15247374,12916,5,396
2026-07-26T00:20:27.641472+00:00,1785025225,6705,321 Surrey Central/WhiteRock,15247374,5049,6,389
2026-07-26T00:20:27.641472+00:00,1785025225,6705,321 Surrey Central/WhiteRock,15247374,5039,7,385
2026-07-26T00:20:27.641472+00:00,1785025225,6705,321 Surrey Central/WhiteRock,15247374,8351,8,364
2026-07-26T00:20:27.641472+00:00,1785025225,6705,321 Surrey Central/WhiteRock,15247374,5496,9,311
2026-07-26T00:20:27.641472+00:00,1785025225,6705,321 Surrey Central/WhiteRock,15247374,5497,10,274
2026-07-26T00:20:27.641472+00:00,1785025225,6705,321 Surrey Central/WhiteRock,15247374,5498,11,262
2026-07-26T00:20:27.641472+00:00,1785025225,6705,321 Surrey Central/WhiteRock,15247374,5499,12,228
2026-07-26T00:20:27.641472+00:00,1785025225,6705,321 Surrey Central/WhiteRock,15247374,5500,13,214
2026-07-26T00:20:27.641472+00:00,1785025225,6705,321 Surrey Central/WhiteRock,15247374,5501,14,191
2026-07-26T00:20:27.641472+00:00,1785025225,6705,321 Surrey Central/WhiteRock,15247374,5502,15,181
2026-07-26T00:20:27.641472+00:00,1785025225,6705,321 Surrey Central/WhiteRock,15247374,5503,16,162
2026-07-26T00:20:27.641472+00:00,1785025225,6705,321 Surrey Central/WhiteRock,15247374,5504,17,115
2026-07-26T00:20:27.641472+00:00,1785025225,6705,321 Surrey Central/WhiteRock,15247374,5505,18,136
2026-07-26T00:20:27.641472+00:00,1785025225,6705,321 Surrey Central/WhiteRock,15247374,5507,19,146
2026-07-26T00:20:27.641472+00:00,1785025225,6705,321 Surrey Central/WhiteRock,15247374,5633,20,197
2026-07-26T00:20:27.641472+00:00,1785025225,6705,321 Surrey Central/WhiteRock,15247374,5510,21,238
2026-07-26T00:20:27.641472+00:00,1785025225,6705,321 Surrey Central/WhiteRock,15247374,5511,22,232
2026-07-26T00:20:27.641472+00:00,1785025225,6705,321 Surrey Central/WhiteRock,15247374,5512,23,228
2026-07-26T00:20:27.641472+00:00,1785025225,6705,321 Surrey Central/WhiteRock,15247374,5513,24,215
2026-07-26T00:20:27.641472+00:00,1785025225,6705,321 Surrey Central/WhiteRock,15247374,5514,25,285
2026-07-26T00:20:27.641472+00:00,1785025225,6705,321 Surrey Central/WhiteRock,15247374,5515,26,279
2026-07-26T00:20:27.641472+00:00,1785025225,6705,321 Surrey Central/WhiteRock,15247374,5516,27,293
2026-07-26T00:20:27.641472+00:00,1785025225,6705,321 Surrey Central/WhiteRock,15247374,5517,28,308
2026-07-26T00:20:27.641472+00:00,1785025225,6705,321 Surrey Central/WhiteRock,15247374,5518,29,311
2026-07-26T00:20:27.641472+00:00,1785025225,6705,321 Surrey Central/WhiteRock,15247374,5519,30,292
2026-07-26T00:20:27.641472+00:00,1785025225,6705,321 Surrey Central/WhiteRock,15247374,5520,31,279
2026-07-26T00:20:27.641472+00:00,1785025225,6705,321 Surrey Central/WhiteRock,15247374,5521,32,84
2026-07-26T00:20:27.641472+00:00,1785025225,6705,321 Surrey Central/WhiteRock,15247374,5522,33,-42
2026-07-26T00:20:27.641472+00:00,1785025225,6705,321 Surrey Central/WhiteRock,15247374,5523,34,-76
2026-07-26T00:20:27.641472+00:00,1785025225,6705,321 Surrey Central/WhiteRock,15247374,6466,35,-91
2026-07-26T00:20:27.641472+00:00,1785025225,6705,321 Surrey Central/WhiteRock,15247374,5524,36,-80
2026-07-26T00:20:27.641472+00:00,1785025225,6705,321 Surrey Central/WhiteRock,15247374,5525,37,-105
2026-07-26T00:20:27.641472+00:00,1785025225,6705,321 Surrey Central/WhiteRock,15247374,10443,38,-124
2026-07-26T00:20:27.641472+00:00,1785025225,6705,321 Surrey Central/WhiteRock,15247374,5528,39,-121
2026-07-26T00:20:27.641472+00:00,1785025225,6705,321 Surrey Central/WhiteRock,15247374,5529,40,-141
2026-07-26T00:20:27.641472+00:00,1785025225,6705,321 Surrey Central/WhiteRock,15247374,5530,41,-156
2026-07-26T00:20:27.641472+00:00,1785025225,6705,321 Surrey Central/WhiteRock,15247374,5533,42,-155
2026-07-26T00:20:27.641472+00:00,1785025225,6705,321 Surrey Central/WhiteRock,15247374,5534,43,-171
2026-07-26T00:20:27.641472+00:00,1785025225,6705,321 Surrey Central/WhiteRock,15247374,5535,44,-176
2026-07-26T00:20:27.641472+00:00,1785025225,6705,321 Surrey Central/WhiteRock,15247374,5536,45,-195
2026-07-26T00:20:27.641472+00:00,1785025225,6705,321 Surrey Central/WhiteRock,15247374,5537,46,-190
2026-07-26T00:20:27.641472+00:00,1785025225,6705,321 Surrey Central/WhiteRock,15247374,5538,47,-195
2026-07-26T00:20:27.641472+00:00,1785025225,6705,321 Surrey Central/WhiteRock,15247374,5541,48,-169
2026-07-26T00:20:27.641472+00:00,1785025225,6705,321 Surrey Central/WhiteRock,15247374,5542,49,-153
2026-07-26T00:20:27.641472+00:00,1785025225,6705,321 Surrey Central/WhiteRock,15247374,6195,50,-118
2026-07-26T00:20:27.641472+00:00,1785025225,6705,321 Surrey Central/WhiteRock,15247446,5536,45,-412
2026-07-26T00:20:27.641472+00:00,1785025225,6705,321 Surrey Central/WhiteRock,15247446,5537,46,-408
2026-07-26T00:20:27.641472+00:00,1785025225,6705,321 Surrey Central/WhiteRock,15247446,5538,47,-415
2026-07-26T00:20:27.641472+00:00,1785025225,6705,321 Surrey Central/WhiteRock,15247446,5541,48,-384
2026-07-26T00:20:27.641472+00:00,1785025225,6705,321 Surrey Central/WhiteRock,15247446,5542,49,-368
2026-07-26T00:20:27.641472+00:00,1785025225,6705,321 Surrey Central/WhiteRock,15247446,6195,50,-333
2026-07-26T00:20:27.641472+00:00,1785025225,6705,321 Surrey Central/WhiteRock,15247447,5522,33,-230
2026-07-26T00:20:27.641472+00:00,1785025225,6705,321 Surrey Central/WhiteRock,15247447,5523,34,-264
2026-07-26T00:20:27.641472+00:00,1785025225,6705,321 Surrey Central/WhiteRock,15247447,6466,35,-281
2026-07-26T00:20:27.641472+00:00,1785025225,6705,321 Surrey Central/WhiteRock,15247447,5524,36,-269
2026-07-26T00:20:27.641472+00:00,1785025225,6705,321 Surrey Central/WhiteRock,15247447,5525,37,-297
2026-07-26T00:20:27.641472+00:00,1785025225,6705,321 Surrey Central/WhiteRock,15247447,10443,38,-325
2026-07-26T00:20:27.641472+00:00,1785025225,6705,321 Surrey Central/WhiteRock,15247447,5528,39,-320
2026-07-26T00:20:27.641472+00:00,1785025225,6705,321 Surrey Central/WhiteRock,15247447,5529,40,-340
2026-07-26T00:20:27.641472+00:00,1785025225,6705,321 Surrey Central/WhiteRock,15247447,5530,41,-354
2026-07-26T00:20:27.641472+00:00,1785025225,6705,321 Surrey Central/WhiteRock,15247447,5533,42,-360
2026-07-26T00:20:27.641472+00:00,1785025225,6705,321 Surrey Central/WhiteRock,15247447,5534,43,-378
2026-07-26T00:20:27.641472+00:00,1785025225,6705,321 Surrey Central/WhiteRock,15247447,5535,44,-367
2026-07-26T00:20:27.641472+00:00,1785025225,6705,321 Surrey Central/WhiteRock,15247447,5536,45,-383
2026-07-26T00:20:27.641472+00:00,1785025225,6705,321 Surrey Central/WhiteRock,15247447,5537,46,-390
2026-07-26T00:20:27.641472+00:00,1785025225,6705,321 Surrey Central/WhiteRock,15247447,5538,47,-396
2026-07-26T00:20:27.641472+00:00,1785025225,6705,321 Surrey Central/WhiteRock,15247447,5541,48,-366
2026-07-26T00:20:27.641472+00:00,1785025225,6705,321 Surrey Central/WhiteRock,15247447,5542,49,-350
2026-07-26T00:20:27.641472+00:00,1785025225,6705,321 Surrey Central/WhiteRock,15247447,6195,50,-312
2026-07-26T00:20:27.641472+00:00,1785025225,6705,321 Surrey Central/WhiteRock,15247448,5514,25,151
2026-07-26T00:20:27.641472+00:00,1785025225,6705,321 Surrey Central/WhiteRock,15247448,5515,26,145
2026-07-26T00:20:27.641472+00:00,1785025225,6705,321 Surrey Central/WhiteRock,15247448,5516,27,141
2026-07-26T00:20:27.641472+00:00,1785025225,6705,321 Surrey Central/WhiteRock,15247448,5517,28,153
2026-07-26T00:20:27.641472+00:00,1785025225,6705,321 Surrey Central/WhiteRock,15247448,5518,29,155
2026-07-26T00:20:27.641472+00:00,1785025225,6705,321 Surrey Central/WhiteRock,15247448,5519,30,136
2026-07-26T00:20:27.641472+00:00,1785025225,6705,321 Surrey Central/WhiteRock,15247448,5520,31,122
2026-07-26T00:20:27.641472+00:00,1785025225,6705,321 Surrey Central/WhiteRock,15247448,5521,32,-73
2026-07-26T00:20:27.641472+00:00,1785025225,6705,321 Surrey Central/WhiteRock,15247448,5522,33,-198
2026-07-26T00:20:27.641472+00:00,1785025225,6705,321 Surrey Central/WhiteRock,15247448,5523,34,-232
2026-07-26T00:20:27.641472+00:00,1785025225,6705,321 Surrey Central/WhiteRock,15247448,6466,35,-247
2026-07-26T00:20:27.641472+00:00,1785025225,6705,321 Surrey Central/WhiteRock,15247448,5524,36,-235
2026-07-26T00:20:27.641472+00:00,1785025225,6705,321 Surrey Central/WhiteRock,15247448,5525,37,-261
2026-07-26T00:20:27.641472+00:00,1785025225,6705,321 Surrey Central/WhiteRock,15247448,10443,38,-282
2026-07-26T00:20:27.641472+00:00,1785025225,6705,321 Surrey Central/WhiteRock,15247448,5528,39,-276
2026-07-26T00:20:27.641472+00:00,1785025225,6705,321 Surrey Central/WhiteRock,15247448,5529,40,-295
2026-07-26T00:20:27.641472+00:00,1785025225,6705,321 Surrey Central/WhiteRock,15247448,5530,41,-307
2026-07-26T00:20:27.641472+00:00,1785025225,6705,321 Surrey Central/WhiteRock,15247448,5533,42,-315
2026-07-26T00:20:27.641472+00:00,1785025225,6705,321 Surrey Central/WhiteRock,15247448,5534,43,-332
2026-07-26T00:20:27.641472+00:00,1785025225,6705,321 Surrey Central/WhiteRock,15247448,5535,44,-333
2026-07-26T00:20:27.641472+00:00,1785025225,6705,321 Surrey Central/WhiteRock,15247448,5536,45,-354
2026-07-26T00:20:27.641472+00:00,1785025225,6705,321 Surrey Central/WhiteRock,15247448,5537,46,-349
2026-07-26T00:20:27.641472+00:00,1785025225,6705,321 Surrey Central/WhiteRock,15247448,5538,47,-356
2026-07-26T00:20:27.641472+00:00,1785025225,6705,321 Surrey Central/WhiteRock,15247448,5541,48,-325
2026-07-26T00:20:27.641472+00:00,1785025225,6705,321 Surrey Central/WhiteRock,15247448,5542,49,-309
2026-07-26T00:20:27.641472+00:00,1785025225,6705,321 Surrey Central/WhiteRock,15247448,6195,50,-275
2026-07-26T00:20:27.641472+00:00,1785025225,6705,321 Surrey Central/WhiteRock,15247449,5633,20,0
2026-07-26T00:20:27.641472+00:00,1785025225,6705,321 Surrey Central/WhiteRock,15247449,5510,21,32
2026-07-26T00:20:27.641472+00:00,1785025225,6705,321 Surrey Central/WhiteRock,15247449,5511,22,26
2026-07-26T00:20:27.641472+00:00,1785025225,6705,321 Surrey Central/WhiteRock,15247449,5512,23,22
2026-07-26T00:20:27.641472+00:00,1785025225,6705,321 Surrey Central/WhiteRock,15247449,5513,24,9
2026-07-26T00:20:27.641472+00:00,1785025225,6705,321 Surrey Central/WhiteRock,15247449,5514,25,79
2026-07-26T00:20:27.641472+00:00,1785025225,6705,321 Surrey Central/WhiteRock,15247449,5515,26,73
2026-07-26T00:20:27.641472+00:00,1785025225,6705,321 Surrey Central/WhiteRock,15247449,5516,27,96
2026-07-26T00:20:27.641472+00:00,1785025225,6705,321 Surrey Central/WhiteRock,15247449,5517,28,111
2026-07-26T00:20:27.641472+00:00,1785025225,6705,321 Surrey Central/WhiteRock,15247449,5518,29,115
2026-07-26T00:20:27.641472+00:00,1785025225,6705,321 Surrey Central/WhiteRock,15247449,5519,30,95
2026-07-26T00:20:27.641472+00:00,1785025225,6705,321 Surrey Central/WhiteRock,15247449,5520,31,81
2026-07-26T00:20:27.641472+00:00,1785025225,6705,321 Surrey Central/WhiteRock,15247449,5521,32,-114
2026-07-26T00:20:27.641472+00:00,1785025225,6705,321 Surrey Central/WhiteRock,15247449,5522,33,-239
2026-07-26T00:20:27.641472+00:00,1785025225,6705,321 Surrey Central/WhiteRock,15247449,5523,34,-273
2026-07-26T00:20:27.641472+00:00,1785025225,6705,321 Surrey Central/WhiteRock,15247449,6466,35,-289
2026-07-26T00:20:27.641472+00:00,1785025225,6705,321 Surrey Central/WhiteRock,15247449,5524,36,-279
2026-07-26T00:20:27.641472+00:00,1785025225,6705,321 Surrey Central/WhiteRock,15247449,5525,37,-306
2026-07-26T00:20:27.641472+00:00,1785025225,6705,321 Surrey Central/WhiteRock,15247449,10443,38,-330
2026-07-26T00:20:27.641472+00:00,1785025225,6705,321 Surrey Central/WhiteRock,15247449,5528,39,-327
2026-07-26T00:20:27.641472+00:00,1785025225,6705,321 Surrey Central/WhiteRock,15247449,5529,40,-346
2026-07-26T00:20:27.641472+00:00,1785025225,6705,321 Surrey Central/WhiteRock,15247449,5530,41,-360
2026-07-26T00:20:27.641472+00:00,1785025225,6705,321 Surrey Central/WhiteRock,15247449,5533,42,-368
2026-07-26T00:20:27.641472+00:00,1785025225,6705,321 Surrey Central/WhiteRock,15247449,5534,43,-386
2026-07-26T00:20:27.641472+00:00,1785025225,6705,321 Surrey Central/WhiteRock,15247449,5535,44,-381
2026-07-26T00:20:27.641472+00:00,1785025225,6705,321 Surrey Central/WhiteRock,15247449,5536,45,-403
2026-07-26T00:20:27.641472+00:00,1785025225,6705,321 Surrey Central/WhiteRock,15247449,5537,46,-410
2026-07-26T00:20:27.641472+00:00,1785025225,6705,321 Surrey Central/WhiteRock,15247449,5538,47,-417
2026-07-26T00:20:27.641472+00:00,1785025225,6705,321 Surrey Central/WhiteRock,15247449,5541,48,-392
2026-07-26T00:20:27.641472+00:00,1785025225,6705,321 Surrey Central/WhiteRock,15247449,5542,49,-374
2026-07-26T00:20:27.641472+00:00,1785025225,6705,321 Surrey Central/WhiteRock,15247449,6195,50,-336
2026-07-26T00:20:27.641472+00:00,1785025225,6705,321 Surrey Central/WhiteRock,15247450,10880,1,0
2026-07-26T00:20:27.641472+00:00,1785025225,6705,321 Surrey Central/WhiteRock,15247450,5046,2,0
2026-07-26T00:20:27.641472+00:00,1785025225,6705,321 Surrey Central/WhiteRock,15247450,5047,3,0
2026-07-26T00:20:27.641472+00:00,1785025225,6705,321 Surrey Central/WhiteRock,15247450,8566,4,0
2026-07-26T00:20:27.641472+00:00,1785025225,6705,321 Surrey Central/WhiteRock,15247450,12916,5,0
2026-07-26T00:20:27.641472+00:00,1785025225,6705,321 Surrey Central/WhiteRock,15247450,5049,6,0
2026-07-26T00:20:27.641472+00:00,1785025225,6705,321 Surrey Central/WhiteRock,15247450,5039,7,0
2026-07-26T00:20:27.641472+00:00,1785025225,6705,321 Surrey Central/WhiteRock,15247450,8351,8,0
2026-07-26T00:20:27.641472+00:00,1785025225,6705,321 Surrey Central/WhiteRock,15247450,5496,9,0
2026-07-26T00:20:27.641472+00:00,1785025225,6705,321 Surrey Central/WhiteRock,15247450,5497,10,0
2026-07-26T00:20:27.641472+00:00,1785025225,6705,321 Surrey Central/WhiteRock,15247450,5498,11,0
2026-07-26T00:20:27.641472+00:00,1785025225,6705,321 Surrey Central/WhiteRock,15247450,5499,12,0
2026-07-26T00:20:27.641472+00:00,1785025225,6705,321 Surrey Central/WhiteRock,15247450,5500,13,0
2026-07-26T00:20:27.641472+00:00,1785025225,6705,321 Surrey Central/WhiteRock,15247450,5501,14,0
2026-07-26T00:20:27.641472+00:00,1785025225,6705,321 Surrey Central/WhiteRock,15247450,5502,15,0
2026-07-26T00:20:27.641472+00:00,1785025225,6705,321 Surrey Central/WhiteRock,15247450,5503,16,0
2026-07-26T00:20:27.641472+00:00,1785025225,6705,321 Surrey Central/WhiteRock,15247450,5504,17,0
2026-07-26T00:20:27.641472+00:00,1785025225,6705,321 Surrey Central/WhiteRock,15247450,5505,18,0
2026-07-26T00:20:27.641472+00:00,1785025225,6705,321 Surrey Central/WhiteRock,15247450,5507,19,0
2026-07-26T00:20:27.641472+00:00,1785025225,6705,321 Surrey Central/WhiteRock,15247450,5633,20,0
2026-07-26T00:20:27.641472+00:00,1785025225,6705,321 Surrey Central/WhiteRock,15247450,5510,21,0
2026-07-26T00:20:27.641472+00:00,1785025225,6705,321 Surrey Central/WhiteRock,15247450,5511,22,0
2026-07-26T00:20:27.641472+00:00,1785025225,6705,321 Surrey Central/WhiteRock,15247450,5512,23,0
2026-07-26T00:20:27.641472+00:00,1785025225,6705,321 Surrey Central/WhiteRock,15247450,5513,24,0
2026-07-26T00:20:27.641472+00:00,1785025225,6705,321 Surrey Central/WhiteRock,15247450,5514,25,0
2026-07-26T00:20:27.641472+00:00,1785025225,6705,321 Surrey Central/WhiteRock,15247450,5515,26,0
2026-07-26T00:20:27.641472+00:00,1785025225,6705,321 Surrey Central/WhiteRock,15247450,5516,27,0
2026-07-26T00:20:27.641472+00:00,1785025225,6705,321 Surrey Central/WhiteRock,15247450,5517,28,0
2026-07-26T00:20:27.641472+00:00,1785025225,6705,321 Surrey Central/WhiteRock,15247450,5518,29,0
2026-07-26T00:20:27.641472+00:00,1785025225,6705,321 Surrey Central/WhiteRock,15247450,5519,30,0
2026-07-26T00:20:27.641472+00:00,1785025225,6705,321 Surrey Central/WhiteRock,15247450,5520,31,0
2026-07-26T00:20:27.641472+00:00,1785025225,6705,321 Surrey Central/WhiteRock,15247450,5521,32,0
2026-07-26T00:20:27.641472+00:00,1785025225,6705,321 Surrey Central/WhiteRock,15247450,5522,33,0
2026-07-26T00:20:27.641472+00:00,1785025225,6705,321 Surrey Central/WhiteRock,15247450,5523,34,0
2026-07-26T00:20:27.641472+00:00,1785025225,6705,321 Surrey Central/WhiteRock,15247450,6466,35,0
2026-07-26T00:20:27.641472+00:00,1785025225,6705,321 Surrey Central/WhiteRock,15247450,5524,36,0
2026-07-26T00:20:27.641472+00:00,1785025225,6705,321 Surrey Central/WhiteRock,15247450,5525,37,0
2026-07-26T00:20:27.641472+00:00,1785025225,6705,321 Surrey Central/WhiteRock,15247450,10443,38,0
2026-07-26T00:20:27.641472+00:00,1785025225,6705,321 Surrey Central/WhiteRock,15247450,5528,39,0
2026-07-26T00:20:27.641472+00:00,1785025225,6705,321 Surrey Central/WhiteRock,15247450,5529,40,0
2026-07-26T00:20:27.641472+00:00,1785025225,6705,321 Surrey Central/WhiteRock,15247450,5530,41,0
2026-07-26T00:20:27.641472+00:00,1785025225,6705,321 Surrey Central/WhiteRock,15247450,5533,42,0
2026-07-26T00:20:27.641472+00:00,1785025225,6705,321 Surrey Central/WhiteRock,15247450,5534,43,0
2026-07-26T00:20:27.641472+00:00,1785025225,6705,321 Surrey Central/WhiteRock,15247450,5535,44,0
2026-07-26T00:20:27.641472+00:00,1785025225,6705,321 Surrey Central/WhiteRock,15247450,5536,45,0
2026-07-26T00:20:27.641472+00:00,1785025225,6705,321 Surrey Central/WhiteRock,15247450,5537,46,0
2026-07-26T00:20:27.641472+00:00,1785025225,6705,321 Surrey Central/WhiteRock,15247450,5538,47,0
2026-07-26T00:20:27.641472+00:00,1785025225,6705,321 Surrey Central/WhiteRock,15247450,5541,48,0
2026-07-26T00:20:27.641472+00:00,1785025225,6705,321 Surrey Central/WhiteRock,15247450,5542,49,0
2026-07-26T00:20:27.641472+00:00,1785025225,6705,321 Surrey Central/WhiteRock,15247450,6195,50,0
2026-07-26T00:20:27.641472+00:00,1785025225,6715,351 Bridgeport/WhiteRock,15251739,5444,17,114
2026-07-26T00:20:27.641472+00:00,1785025225,6715,351 Bridgeport/WhiteRock,15251739,9083,18,90
2026-07-26T00:20:27.641472+00:00,1785025225,6715,351 Bridgeport/WhiteRock,15251739,5446,19,93
2026-07-26T00:20:27.641472+00:00,1785025225,6715,351 Bridgeport/WhiteRock,15251739,10445,20,86
2026-07-26T00:20:27.641472+00:00,1785025225,6715,351 Bridgeport/WhiteRock,15251739,5447,21,45
2026-07-26T00:20:27.641472+00:00,1785025225,6715,351 Bridgeport/WhiteRock,15251739,5448,22,45
2026-07-26T00:20:27.641472+00:00,1785025225,6715,351 Bridgeport/WhiteRock,15251739,6194,23,55
2026-07-26T00:20:27.641472+00:00,1785025225,6715,351 Bridgeport/WhiteRock,15251739,4928,24,24
2026-07-26T00:20:27.641472+00:00,1785025225,6715,351 Bridgeport/WhiteRock,15251739,8282,25,20
2026-07-26T00:20:27.641472+00:00,1785025225,6715,351 Bridgeport/WhiteRock,15251763,8282,25,-74
2026-07-26T00:20:27.641472+00:00,1785025225,6715,351 Bridgeport/WhiteRock,15251801,11267,1,0
2026-07-26T00:20:27.641472+00:00,1785025225,6715,351 Bridgeport/WhiteRock,15251801,8283,2,0
2026-07-26T00:20:27.641472+00:00,1785025225,6715,351 Bridgeport/WhiteRock,15251801,4929,3,0
2026-07-26T00:20:27.641472+00:00,1785025225,6715,351 Bridgeport/WhiteRock,15251801,6175,4,0
2026-07-26T00:20:27.641472+00:00,1785025225,6715,351 Bridgeport/WhiteRock,15251801,5524,5,0
2026-07-26T00:20:27.641472+00:00,1785025225,6715,351 Bridgeport/WhiteRock,15251801,5525,6,0
2026-07-26T00:20:27.641472+00:00,1785025225,6715,351 Bridgeport/WhiteRock,15251801,10443,7,0
2026-07-26T00:20:27.641472+00:00,1785025225,6715,351 Bridgeport/WhiteRock,15251801,5528,8,0
2026-07-26T00:20:27.641472+00:00,1785025225,6715,351 Bridgeport/WhiteRock,15251801,5529,9,0
2026-07-26T00:20:27.641472+00:00,1785025225,6715,351 Bridgeport/WhiteRock,15251801,5530,10,0
2026-07-26T00:20:27.641472+00:00,1785025225,6715,351 Bridgeport/WhiteRock,15251801,5533,11,0
2026-07-26T00:20:27.641472+00:00,1785025225,6715,351 Bridgeport/WhiteRock,15251801,5534,12,0
2026-07-26T00:20:27.641472+00:00,1785025225,6715,351 Bridgeport/WhiteRock,15251801,5535,13,0
2026-07-26T00:20:27.641472+00:00,1785025225,6715,351 Bridgeport/WhiteRock,15251801,5536,14,0
2026-07-26T00:20:27.641472+00:00,1785025225,6715,351 Bridgeport/WhiteRock,15251801,5537,15,0
2026-07-26T00:20:27.641472+00:00,1785025225,6715,351 Bridgeport/WhiteRock,15251801,5538,16,0
2026-07-26T00:20:27.641472+00:00,1785025225,6715,351 Bridgeport/WhiteRock,15251801,5541,17,0
2026-07-26T00:20:27.641472+00:00,1785025225,6715,351 Bridgeport/WhiteRock,15251801,5542,18,0
2026-07-26T00:20:27.641472+00:00,1785025225,6715,351 Bridgeport/WhiteRock,15251801,6340,19,0
2026-07-26T00:20:27.641472+00:00,1785025225,6715,351 Bridgeport/WhiteRock,15251801,6341,20,0
2026-07-26T00:20:27.641472+00:00,1785025225,6715,351 Bridgeport/WhiteRock,15251801,6167,21,0
2026-07-26T00:20:27.641472+00:00,1785025225,6715,351 Bridgeport/WhiteRock,15251802,6175,4,-525
2026-07-26T00:20:27.641472+00:00,1785025225,6715,351 Bridgeport/WhiteRock,15251802,5524,5,-458
2026-07-26T00:20:27.641472+00:00,1785025225,6715,351 Bridgeport/WhiteRock,15251802,5525,6,-465
2026-07-26T00:20:27.641472+00:00,1785025225,6715,351 Bridgeport/WhiteRock,15251802,10443,7,-453
2026-07-26T00:20:27.641472+00:00,1785025225,6715,351 Bridgeport/WhiteRock,15251802,5528,8,-422
2026-07-26T00:20:27.641472+00:00,1785025225,6715,351 Bridgeport/WhiteRock,15251802,5529,9,-423
2026-07-26T00:20:27.641472+00:00,1785025225,6715,351 Bridgeport/WhiteRock,15251802,5530,10,-413
2026-07-26T00:20:27.641472+00:00,1785025225,6715,351 Bridgeport/WhiteRock,15251802,5533,11,-391
2026-07-26T00:20:27.641472+00:00,1785025225,6715,351 Bridgeport/WhiteRock,15251802,5534,12,-387
2026-07-26T00:20:27.641472+00:00,1785025225,6715,351 Bridgeport/WhiteRock,15251802,5535,13,-347
2026-07-26T00:20:27.641472+00:00,1785025225,6715,351 Bridgeport/WhiteRock,15251802,5536,14,-342
2026-07-26T00:20:27.641472+00:00,1785025225,6715,351 Bridgeport/WhiteRock,15251802,5537,15,-321
2026-07-26T00:20:27.641472+00:00,1785025225,6715,351 Bridgeport/WhiteRock,15251802,5538,16,-311
2026-07-26T00:20:27.641472+00:00,1785025225,6715,351 Bridgeport/WhiteRock,15251802,5541,17,-262
2026-07-26T00:20:27.641472+00:00,1785025225,6715,351 Bridgeport/WhiteRock,15251802,5542,18,-234
2026-07-26T00:20:27.641472+00:00,1785025225,6715,351 Bridgeport/WhiteRock,15251802,6340,19,-180
2026-07-26T00:20:27.641472+00:00,1785025225,6715,351 Bridgeport/WhiteRock,15251802,6341,20,-151
2026-07-26T00:20:27.641472+00:00,1785025225,6715,351 Bridgeport/WhiteRock,15251802,6167,21,-130
2026-07-26T00:20:27.641472+00:00,1785025225,6715,351 Bridgeport/WhiteRock,15251828,8283,2,366
2026-07-26T00:20:27.641472+00:00,1785025225,6715,351 Bridgeport/WhiteRock,15251828,4929,3,352
2026-07-26T00:20:27.641472+00:00,1785025225,6715,351 Bridgeport/WhiteRock,15251828,6175,4,-195
2026-07-26T00:20:27.641472+00:00,1785025225,6715,351 Bridgeport/WhiteRock,15251828,5524,5,-130
2026-07-26T00:20:27.641472+00:00,1785025225,6715,351 Bridgeport/WhiteRock,15251828,5525,6,-136
2026-07-26T00:20:27.641472+00:00,1785025225,6715,351 Bridgeport/WhiteRock,15251828,10443,7,-119
2026-07-26T00:20:27.641472+00:00,1785025225,6715,351 Bridgeport/WhiteRock,15251828,5528,8,-89
2026-07-26T00:20:27.641472+00:00,1785025225,6715,351 Bridgeport/WhiteRock,15251828,5529,9,-90
2026-07-26T00:20:27.641472+00:00,1785025225,6715,351 Bridgeport/WhiteRock,15251828,5530,10,-80
2026-07-26T00:20:27.641472+00:00,1785025225,6715,351 Bridgeport/WhiteRock,15251828,5533,11,-57
2026-07-26T00:20:27.641472+00:00,1785025225,6715,351 Bridgeport/WhiteRock,15251828,5534,12,-51
2026-07-26T00:20:27.641472+00:00,1785025225,6715,351 Bridgeport/WhiteRock,15251828,5535,13,-29
2026-07-26T00:20:27.641472+00:00,1785025225,6715,351 Bridgeport/WhiteRock,15251828,5536,14,-26
2026-07-26T00:20:27.641472+00:00,1785025225,6715,351 Bridgeport/WhiteRock,15251828,5537,15,-7
2026-07-26T00:20:27.641472+00:00,1785025225,6715,351 Bridgeport/WhiteRock,15251828,5538,16,0
2026-07-26T00:20:27.641472+00:00,1785025225,6715,351 Bridgeport/WhiteRock,15251828,5541,17,50
2026-07-26T00:20:27.641472+00:00,1785025225,6715,351 Bridgeport/WhiteRock,15251828,5542,18,81
2026-07-26T00:20:27.641472+00:00,1785025225,6715,351 Bridgeport/WhiteRock,15251828,6340,19,136
2026-07-26T00:20:27.641472+00:00,1785025225,6715,351 Bridgeport/WhiteRock,15251828,6341,20,163
2026-07-26T00:20:27.641472+00:00,1785025225,6715,351 Bridgeport/WhiteRock,15251828,6167,21,186
2026-07-26T00:20:27.641472+00:00,1785025225,6715,351 Bridgeport/WhiteRock,15251829,5541,17,-186
2026-07-26T00:20:27.641472+00:00,1785025225,6715,351 Bridgeport/WhiteRock,15251829,5542,18,-172
2026-07-26T00:20:27.641472+00:00,1785025225,6715,351 Bridgeport/WhiteRock,15251829,6340,19,-118
2026-07-26T00:20:27.641472+00:00,1785025225,6715,351 Bridgeport/WhiteRock,15251829,6341,20,-90
2026-07-26T00:20:27.641472+00:00,1785025225,6715,351 Bridgeport/WhiteRock,15251829,6167,21,-67
2026-07-26T00:20:27.641472+00:00,1785025225,11692,364 Langley Centre/Scottsdale,15252764,11121,6,389
2026-07-26T00:20:27.641472+00:00,1785025225,11692,364 Langley Centre/Scottsdale,15252764,11142,7,352
2026-07-26T00:20:27.641472+00:00,1785025225,11692,364 Langley Centre/Scottsdale,15252764,11139,8,336
2026-07-26T00:20:27.641472+00:00,1785025225,11692,364 Langley Centre/Scottsdale,15252764,11156,9,323
2026-07-26T00:20:27.641472+00:00,1785025225,11692,364 Langley Centre/Scottsdale,15252764,5583,10,331
2026-07-26T00:20:27.641472+00:00,1785025225,11692,364 Langley Centre/Scottsdale,15252764,5584,11,299
2026-07-26T00:20:27.641472+00:00,1785025225,11692,364 Langley Centre/Scottsdale,15252764,6464,12,286
2026-07-26T00:20:27.641472+00:00,1785025225,11692,364 Langley Centre/Scottsdale,15252764,6465,13,263
2026-07-26T00:20:27.641472+00:00,1785025225,11692,364 Langley Centre/Scottsdale,15252764,11074,14,301
2026-07-26T00:20:27.641472+00:00,1785025225,11692,364 Langley Centre/Scottsdale,15252764,11153,15,270
2026-07-26T00:20:27.641472+00:00,1785025225,11692,364 Langley Centre/Scottsdale,15252764,11150,16,229
2026-07-26T00:20:27.641472+00:00,1785025225,11692,364 Langley Centre/Scottsdale,15252764,11148,17,213
2026-07-26T00:20:27.641472+00:00,1785025225,11692,364 Langley Centre/Scottsdale,15252764,11124,18,222
2026-07-26T00:20:27.641472+00:00,1785025225,11692,364 Langley Centre/Scottsdale,15252764,11140,19,182
2026-07-26T00:20:27.641472+00:00,1785025225,11692,364 Langley Centre/Scottsdale,15252764,11145,20,169
2026-07-26T00:20:27.641472+00:00,1785025225,11692,364 Langley Centre/Scottsdale,15252764,11076,21,84
2026-07-26T00:20:27.641472+00:00,1785025225,11692,364 Langley Centre/Scottsdale,15252764,12645,22,-118
2026-07-26T00:20:27.641472+00:00,1785025225,11692,364 Langley Centre/Scottsdale,15252764,9525,23,-117
2026-07-26T00:20:27.641472+00:00,1785025225,11692,364 Langley Centre/Scottsdale,15252764,10148,24,-101
2026-07-26T00:20:27.641472+00:00,1785025225,11692,364 Langley Centre/Scottsdale,15252764,10585,25,-121
2026-07-26T00:20:27.641472+00:00,1785025225,11692,364 Langley Centre/Scottsdale,15252764,10250,26,-130
2026-07-26T00:20:27.641472+00:00,1785025225,11692,364 Langley Centre/Scottsdale,15252764,10588,27,-137
2026-07-26T00:20:27.641472+00:00,1785025225,11692,364 Langley Centre/Scottsdale,15252764,10248,28,-111
2026-07-26T00:20:27.641472+00:00,1785025225,11692,364 Langley Centre/Scottsdale,15252764,10726,29,-107
2026-07-26T00:20:27.641472+00:00,1785025225,11692,364 Langley Centre/Scottsdale,15252764,10725,30,-118
2026-07-26T00:20:27.641472+00:00,1785025225,11692,364 Langley Centre/Scottsdale,15252764,10727,31,-131
2026-07-26T00:20:27.641472+00:00,1785025225,11692,364 Langley Centre/Scottsdale,15252764,10251,32,-136
2026-07-26T00:20:27.641472+00:00,1785025225,11692,364 Langley Centre/Scottsdale,15252764,10252,33,-157
2026-07-26T00:20:27.641472+00:00,1785025225,11692,364 Langley Centre/Scottsdale,15252764,10253,34,-165
2026-07-26T00:20:27.641472+00:00,1785025225,11692,364 Langley Centre/Scottsdale,15252764,10255,35,-181
2026-07-26T00:20:27.641472+00:00,1785025225,11692,364 Langley Centre/Scottsdale,15252764,5332,36,-143
2026-07-26T00:20:27.641472+00:00,1785025225,11692,364 Langley Centre/Scottsdale,15252764,12497,37,-166
2026-07-26T00:20:27.641472+00:00,1785025225,11692,364 Langley Centre/Scottsdale,15252764,5334,38,-168
2026-07-26T00:20:27.641472+00:00,1785025225,11692,364 Langley Centre/Scottsdale,15252764,6472,39,-155
2026-07-26T00:20:27.641472+00:00,1785025225,11692,364 Langley Centre/Scottsdale,15252764,6473,40,-160
2026-07-26T00:20:27.641472+00:00,1785025225,11692,364 Langley Centre/Scottsdale,15252764,6474,41,-165
2026-07-26T00:20:27.641472+00:00,1785025225,11692,364 Langley Centre/Scottsdale,15252764,9306,42,-124
2026-07-26T00:20:27.641472+00:00,1785025225,11692,364 Langley Centre/Scottsdale,15252764,11125,43,-125
2026-07-26T00:20:27.641472+00:00,1785025225,11692,364 Langley Centre/Scottsdale,15252764,9294,44,-119
2026-07-26T00:20:27.641472+00:00,1785025225,11692,364 Langley Centre/Scottsdale,15252764,9293,45,-127
2026-07-26T00:20:27.641472+00:00,1785025225,11692,364 Langley Centre/Scottsdale,15252764,11126,46,-119
2026-07-26T00:20:27.641472+00:00,1785025225,11692,364 Langley Centre/Scottsdale,15252764,7094,47,-160
2026-07-26T00:20:27.641472+00:00,1785025225,11692,364 Langley Centre/Scottsdale,15252796,12645,22,-199
2026-07-26T00:20:27.641472+00:00,1785025225,11692,364 Langley Centre/Scottsdale,15252796,9525,23,-201
2026-07-26T00:20:27.641472+00:00,1785025225,11692,364 Langley Centre/Scottsdale,15252796,10148,24,-187
2026-07-26T00:20:27.641472+00:00,1785025225,11692,364 Langley Centre/Scottsdale,15252796,10585,25,-209
2026-07-26T00:20:27.641472+00:00,1785025225,11692,364 Langley Centre/Scottsdale,15252796,10250,26,-219
2026-07-26T00:20:27.641472+00:00,1785025225,11692,364 Langley Centre/Scottsdale,15252796,10588,27,-227
2026-07-26T00:20:27.641472+00:00,1785025225,11692,364 Langley Centre/Scottsdale,15252796,10248,28,-204
2026-07-26T00:20:27.641472+00:00,1785025225,11692,364 Langley Centre/Scottsdale,15252796,10726,29,-199
2026-07-26T00:20:27.641472+00:00,1785025225,11692,364 Langley Centre/Scottsdale,15252796,10725,30,-213
2026-07-26T00:20:27.641472+00:00,1785025225,11692,364 Langley Centre/Scottsdale,15252796,10727,31,-229
2026-07-26T00:20:27.641472+00:00,1785025225,11692,364 Langley Centre/Scottsdale,15252796,10251,32,-236
2026-07-26T00:20:27.641472+00:00,1785025225,11692,364 Langley Centre/Scottsdale,15252796,10252,33,-259
2026-07-26T00:20:27.641472+00:00,1785025225,11692,364 Langley Centre/Scottsdale,15252796,10253,34,-268
2026-07-26T00:20:27.641472+00:00,1785025225,11692,364 Langley Centre/Scottsdale,15252796,10255,35,-286
2026-07-26T00:20:27.641472+00:00,1785025225,11692,364 Langley Centre/Scottsdale,15252796,5332,36,-250
2026-07-26T00:20:27.641472+00:00,1785025225,11692,364 Langley Centre/Scottsdale,15252796,12497,37,-276
2026-07-26T00:20:27.641472+00:00,1785025225,11692,364 Langley Centre/Scottsdale,15252796,5334,38,-280
2026-07-26T00:20:27.641472+00:00,1785025225,11692,364 Langley Centre/Scottsdale,15252796,6472,39,-267
2026-07-26T00:20:27.641472+00:00,1785025225,11692,364 Langley Centre/Scottsdale,15252796,6473,40,-264
2026-07-26T00:20:27.641472+00:00,1785025225,11692,364 Langley Centre/Scottsdale,15252796,6474,41,-260
2026-07-26T00:20:27.641472+00:00,1785025225,11692,364 Langley Centre/Scottsdale,15252796,9306,42,-211
2026-07-26T00:20:27.641472+00:00,1785025225,11692,364 Langley Centre/Scottsdale,15252796,11125,43,-214
2026-07-26T00:20:27.641472+00:00,1785025225,11692,364 Langley Centre/Scottsdale,15252796,9294,44,-220
2026-07-26T00:20:27.641472+00:00,1785025225,11692,364 Langley Centre/Scottsdale,15252796,9293,45,-228
2026-07-26T00:20:27.641472+00:00,1785025225,11692,364 Langley Centre/Scottsdale,15252796,11126,46,-218
2026-07-26T00:20:27.641472+00:00,1785025225,11692,364 Langley Centre/Scottsdale,15252796,7094,47,-255
2026-07-26T00:20:27.641472+00:00,1785025225,11692,364 Langley Centre/Scottsdale,15252799,6472,39,54
2026-07-26T00:20:27.641472+00:00,1785025225,11692,364 Langley Centre/Scottsdale,15252799,6473,40,50
2026-07-26T00:20:27.641472+00:00,1785025225,11692,364 Langley Centre/Scottsdale,15252799,6474,41,51
2026-07-26T00:20:27.641472+00:00,1785025225,11692,364 Langley Centre/Scottsdale,15252799,9306,42,97
2026-07-26T00:20:27.641472+00:00,1785025225,11692,364 Langley Centre/Scottsdale,15252799,11125,43,103
2026-07-26T00:20:27.641472+00:00,1785025225,11692,364 Langley Centre/Scottsdale,15252799,9294,44,98
2026-07-26T00:20:27.641472+00:00,1785025225,11692,364 Langley Centre/Scottsdale,15252799,9293,45,88
2026-07-26T00:20:27.641472+00:00,1785025225,11692,364 Langley Centre/Scottsdale,15252799,11126,46,97
2026-07-26T00:20:27.641472+00:00,1785025225,11692,364 Langley Centre/Scottsdale,15252799,7094,47,60
2026-07-26T00:20:27.641472+00:00,1785025225,11692,364 Langley Centre/Scottsdale,15252822,6459,36,-18
2026-07-26T00:20:27.641472+00:00,1785025225,11692,364 Langley Centre/Scottsdale,15252822,6460,37,-20
2026-07-26T00:20:27.641472+00:00,1785025225,11692,364 Langley Centre/Scottsdale,15252822,5621,38,-13
2026-07-26T00:20:27.641472+00:00,1785025225,11692,364 Langley Centre/Scottsdale,15252822,5622,39,-31
2026-07-26T00:20:27.641472+00:00,1785025225,11692,364 Langley Centre/Scottsdale,15252822,11122,40,10
2026-07-26T00:20:27.641472+00:00,1785025225,11692,364 Langley Centre/Scottsdale,15252822,11155,41,0
2026-07-26T00:20:27.641472+00:00,1785025225,11692,364 Langley Centre/Scottsdale,15252822,11143,42,0
2026-07-26T00:20:27.641472+00:00,1785025225,11692,364 Langley Centre/Scottsdale,15252822,11141,43,-26
2026-07-26T00:20:27.641472+00:00,1785025225,11692,364 Langley Centre/Scottsdale,15252822,4936,44,-1
2026-07-26T00:20:27.641472+00:00,1785025225,11692,364 Langley Centre/Scottsdale,15252822,4937,45,-16
2026-07-26T00:20:27.641472+00:00,1785025225,11692,364 Langley Centre/Scottsdale,15252822,4938,46,-32
2026-07-26T00:20:27.641472+00:00,1785025225,11692,364 Langley Centre/Scottsdale,15252822,5229,47,-19
2026-07-26T00:20:27.641472+00:00,1785025225,11692,364 Langley Centre/Scottsdale,15252822,4917,48,57
2026-07-26T00:20:27.641472+00:00,1785025225,11692,364 Langley Centre/Scottsdale,15252824,10261,24,-20
2026-07-26T00:20:27.641472+00:00,1785025225,11692,364 Langley Centre/Scottsdale,15252824,10586,25,-53
2026-07-26T00:20:27.641472+00:00,1785025225,11692,364 Langley Centre/Scottsdale,15252824,9547,26,-27
2026-07-26T00:20:27.641472+00:00,1785025225,11692,364 Langley Centre/Scottsdale,15252824,9526,27,-54
2026-07-26T00:20:27.641472+00:00,1785025225,11692,364 Langley Centre/Scottsdale,15252824,12646,28,-66
2026-07-26T00:20:27.641472+00:00,1785025225,11692,364 Langley Centre/Scottsdale,15252824,11075,29,-201
2026-07-26T00:20:27.641472+00:00,1785025225,11692,364 Langley Centre/Scottsdale,15252824,11174,30,-222
2026-07-26T00:20:27.641472+00:00,1785025225,11692,364 Langley Centre/Scottsdale,15252824,11175,31,-248
2026-07-26T00:20:27.641472+00:00,1785025225,11692,364 Langley Centre/Scottsdale,15252824,11123,32,-244
2026-07-26T00:20:27.641472+00:00,1785025225,11692,364 Langley Centre/Scottsdale,15252824,11176,33,-235
2026-07-26T00:20:27.641472+00:00,1785025225,11692,364 Langley Centre/Scottsdale,15252824,11177,34,-259
2026-07-26T00:20:27.641472+00:00,1785025225,11692,364 Langley Centre/Scottsdale,15252824,11178,35,-282
2026-07-26T00:20:27.641472+00:00,1785025225,11692,364 Langley Centre/Scottsdale,15252824,6459,36,-186
2026-07-26T00:20:27.641472+00:00,1785025225,11692,364 Langley Centre/Scottsdale,15252824,6460,37,-188
2026-07-26T00:20:27.641472+00:00,1785025225,11692,364 Langley Centre/Scottsdale,15252824,5621,38,-181
2026-07-26T00:20:27.641472+00:00,1785025225,11692,364 Langley Centre/Scottsdale,15252824,5622,39,-199
2026-07-26T00:20:27.641472+00:00,1785025225,11692,364 Langley Centre/Scottsdale,15252824,11122,40,-158
2026-07-26T00:20:27.641472+00:00,1785025225,11692,364 Langley Centre/Scottsdale,15252824,11155,41,-168
2026-07-26T00:20:27.641472+00:00,1785025225,11692,364 Langley Centre/Scottsdale,15252824,11143,42,-168
2026-07-26T00:20:27.641472+00:00,1785025225,11692,364 Langley Centre/Scottsdale,15252824,11141,43,-194
2026-07-26T00:20:27.641472+00:00,1785025225,11692,364 Langley Centre/Scottsdale,15252824,4936,44,-171
2026-07-26T00:20:27.641472+00:00,1785025225,11692,364 Langley Centre/Scottsdale,15252824,4937,45,-187
2026-07-26T00:20:27.641472+00:00,1785025225,11692,364 Langley Centre/Scottsdale,15252824,4938,46,-206
2026-07-26T00:20:27.641472+00:00,1785025225,11692,364 Langley Centre/Scottsdale,15252824,5229,47,-198
2026-07-26T00:20:27.641472+00:00,1785025225,11692,364 Langley Centre/Scottsdale,15252824,4917,48,-124
2026-07-26T00:20:27.641472+00:00,1785025225,11692,364 Langley Centre/Scottsdale,15252825,7093,3,-818
2026-07-26T00:20:27.641472+00:00,1785025225,11692,364 Langley Centre/Scottsdale,15252825,9291,4,-915
2026-07-26T00:20:27.641472+00:00,1785025225,11692,364 Langley Centre/Scottsdale,15252825,9292,5,-928
2026-07-26T00:20:27.641472+00:00,1785025225,11692,364 Langley Centre/Scottsdale,15252825,11264,6,-931
2026-07-26T00:20:27.641472+00:00,1785025225,11692,364 Langley Centre/Scottsdale,15252825,9303,7,-939
2026-07-26T00:20:27.641472+00:00,1785025225,11692,364 Langley Centre/Scottsdale,15252825,9304,8,-949
2026-07-26T00:20:27.641472+00:00,1785025225,11692,364 Langley Centre/Scottsdale,15252825,6475,9,-906
2026-07-26T00:20:27.641472+00:00,1785025225,11692,364 Langley Centre/Scottsdale,15252825,6476,10,-928
2026-07-26T00:20:27.641472+00:00,1785025225,11692,364 Langley Centre/Scottsdale,15252825,5381,11,-935
2026-07-26T00:20:27.641472+00:00,1785025225,11692,364 Langley Centre/Scottsdale,15252825,12496,12,-933
2026-07-26T00:20:27.641472+00:00,1785025225,11692,364 Langley Centre/Scottsdale,15252825,5382,13,-950
2026-07-26T00:20:27.641472+00:00,1785025225,11692,364 Langley Centre/Scottsdale,15252825,12516,14,-816
2026-07-26T00:20:27.641472+00:00,1785025225,11692,364 Langley Centre/Scottsdale,15252825,10257,15,-853
2026-07-26T00:20:27.641472+00:00,1785025225,11692,364 Langley Centre/Scottsdale,15252825,10258,16,-868
2026-07-26T00:20:27.641472+00:00,1785025225,11692,364 Langley Centre/Scottsdale,15252825,10259,17,-906
2026-07-26T00:20:27.641472+00:00,1785025225,11692,364 Langley Centre/Scottsdale,15252825,10260,18,0
2026-07-26T00:20:27.641472+00:00,1785025225,11692,364 Langley Centre/Scottsdale,15252825,10729,19,-41
2026-07-26T00:20:27.641472+00:00,1785025225,11692,364 Langley Centre/Scottsdale,15252825,13067,20,-62
2026-07-26T00:20:27.641472+00:00,1785025225,11692,364 Langley Centre/Scottsdale,15252825,10633,21,-91
2026-07-26T00:20:27.641472+00:00,1785025225,11692,364 Langley Centre/Scottsdale,15252825,10149,22,-62
2026-07-26T00:20:27.641472+00:00,1785025225,11692,364 Langley Centre/Scottsdale,15252825,10587,23,-80
2026-07-26T00:20:27.641472+00:00,1785025225,11692,364 Langley Centre/Scottsdale,15252825,10261,24,-111
2026-07-26T00:20:27.641472+00:00,1785025225,11692,364 Langley Centre/Scottsdale,15252825,10586,25,-143
2026-07-26T00:20:27.641472+00:00,1785025225,11692,364 Langley Centre/Scottsdale,15252825,9547,26,-118
2026-07-26T00:20:27.641472+00:00,1785025225,11692,364 Langley Centre/Scottsdale,15252825,9526,27,-141
2026-07-26T00:20:27.641472+00:00,1785025225,11692,364 Langley Centre/Scottsdale,15252825,12646,28,-154
2026-07-26T00:20:27.641472+00:00,1785025225,11692,364 Langley Centre/Scottsdale,15252825,11075,29,-285
2026-07-26T00:20:27.641472+00:00,1785025225,11692,364 Langley Centre/Scottsdale,15252825,11174,30,-307
2026-07-26T00:20:27.641472+00:00,1785025225,11692,364 Langley Centre/Scottsdale,15252825,11175,31,-335
2026-07-26T00:20:27.641472+00:00,1785025225,11692,364 Langley Centre/Scottsdale,15252825,11123,32,-334
2026-07-26T00:20:27.641472+00:00,1785025225,11692,364 Langley Centre/Scottsdale,15252825,11176,33,-325
2026-07-26T00:20:27.641472+00:00,1785025225,11692,364 Langley Centre/Scottsdale,15252825,11177,34,-351
2026-07-26T00:20:27.641472+00:00,1785025225,11692,364 Langley Centre/Scottsdale,15252825,11178,35,-378
2026-07-26T00:20:27.641472+00:00,1785025225,11692,364 Langley Centre/Scottsdale,15252825,6459,36,-308
2026-07-26T00:20:27.641472+00:00,1785025225,11692,364 Langley Centre/Scottsdale,15252825,6460,37,-309
2026-07-26T00:20:27.641472+00:00,1785025225,11692,364 Langley Centre/Scottsdale,15252825,5621,38,-302
2026-07-26T00:20:27.641472+00:00,1785025225,11692,364 Langley Centre/Scottsdale,15252825,5622,39,-320
2026-07-26T00:20:27.641472+00:00,1785025225,11692,364 Langley Centre/Scottsdale,15252825,11122,40,-301
2026-07-26T00:20:27.641472+00:00,1785025225,11692,364 Langley Centre/Scottsdale,15252825,11155,41,-308
2026-07-26T00:20:27.641472+00:00,1785025225,11692,364 Langley Centre/Scottsdale,15252825,11143,42,-309
2026-07-26T00:20:27.641472+00:00,1785025225,11692,364 Langley Centre/Scottsdale,15252825,11141,43,-336
2026-07-26T00:20:27.641472+00:00,1785025225,11692,364 Langley Centre/Scottsdale,15252825,4936,44,-315
2026-07-26T00:20:27.641472+00:00,1785025225,11692,364 Langley Centre/Scottsdale,15252825,4937,45,-325
2026-07-26T00:20:27.641472+00:00,1785025225,11692,364 Langley Centre/Scottsdale,15252825,4938,46,-344
2026-07-26T00:20:27.641472+00:00,1785025225,11692,364 Langley Centre/Scottsdale,15252825,5229,47,-332
2026-07-26T00:20:27.641472+00:00,1785025225,11692,364 Langley Centre/Scottsdale,15252825,4917,48,-261
2026-07-26T00:20:27.641472+00:00,1785025225,11692,364 Langley Centre/Scottsdale,15252841,9304,8,-107
2026-07-26T00:20:27.641472+00:00,1785025225,11692,364 Langley Centre/Scottsdale,15252841,6475,9,-62
2026-07-26T00:20:27.641472+00:00,1785025225,11692,364 Langley Centre/Scottsdale,15252841,6476,10,-78
2026-07-26T00:20:27.641472+00:00,1785025225,11692,364 Langley Centre/Scottsdale,15252841,5381,11,-88
2026-07-26T00:20:27.641472+00:00,1785025225,11692,364 Langley Centre/Scottsdale,15252841,12496,12,-87
2026-07-26T00:20:27.641472+00:00,1785025225,11692,364 Langley Centre/Scottsdale,15252841,5382,13,-104
2026-07-26T00:20:27.641472+00:00,1785025225,11692,364 Langley Centre/Scottsdale,15252841,12516,14,25
2026-07-26T00:20:27.641472+00:00,1785025225,11692,364 Langley Centre/Scottsdale,15252841,10257,15,-14
2026-07-26T00:20:27.641472+00:00,1785025225,11692,364 Langley Centre/Scottsdale,15252841,10258,16,-29
2026-07-26T00:20:27.641472+00:00,1785025225,11692,364 Langley Centre/Scottsdale,15252841,10259,17,-71
2026-07-26T00:20:27.641472+00:00,1785025225,11692,364 Langley Centre/Scottsdale,15252841,10260,18,0
2026-07-26T00:20:27.641472+00:00,1785025225,11692,364 Langley Centre/Scottsdale,15252841,10729,19,-42
2026-07-26T00:20:27.641472+00:00,1785025225,11692,364 Langley Centre/Scottsdale,15252841,13067,20,-63
2026-07-26T00:20:27.641472+00:00,1785025225,11692,364 Langley Centre/Scottsdale,15252841,10633,21,-88
2026-07-26T00:20:27.641472+00:00,1785025225,11692,364 Langley Centre/Scottsdale,15252841,10149,22,-55
2026-07-26T00:20:27.641472+00:00,1785025225,11692,364 Langley Centre/Scottsdale,15252841,10587,23,-72
2026-07-26T00:20:27.641472+00:00,1785025225,11692,364 Langley Centre/Scottsdale,15252841,10261,24,-102
2026-07-26T00:20:27.641472+00:00,1785025225,11692,364 Langley Centre/Scottsdale,15252841,10586,25,-134
2026-07-26T00:20:27.641472+00:00,1785025225,11692,364 Langley Centre/Scottsdale,15252841,9547,26,-108
2026-07-26T00:20:27.641472+00:00,1785025225,11692,364 Langley Centre/Scottsdale,15252841,9526,27,-134
2026-07-26T00:20:27.641472+00:00,1785025225,11692,364 Langley Centre/Scottsdale,15252841,12646,28,-147
2026-07-26T00:20:27.641472+00:00,1785025225,11692,364 Langley Centre/Scottsdale,15252841,11075,29,-281
2026-07-26T00:20:27.641472+00:00,1785025225,11692,364 Langley Centre/Scottsdale,15252841,11174,30,-302
2026-07-26T00:20:27.641472+00:00,1785025225,11692,364 Langley Centre/Scottsdale,15252841,11175,31,-329
2026-07-26T00:20:27.641472+00:00,1785025225,11692,364 Langley Centre/Scottsdale,15252841,11123,32,-325
2026-07-26T00:20:27.641472+00:00,1785025225,11692,364 Langley Centre/Scottsdale,15252841,11176,33,-316
2026-07-26T00:20:27.641472+00:00,1785025225,11692,364 Langley Centre/Scottsdale,15252841,11177,34,-341
2026-07-26T00:20:27.641472+00:00,1785025225,11692,364 Langley Centre/Scottsdale,15252841,11178,35,-365
2026-07-26T00:20:27.641472+00:00,1785025225,11692,364 Langley Centre/Scottsdale,15252841,6459,36,-269
2026-07-26T00:20:27.641472+00:00,1785025225,11692,364 Langley Centre/Scottsdale,15252841,6460,37,-270
2026-07-26T00:20:27.641472+00:00,1785025225,11692,364 Langley Centre/Scottsdale,15252841,5621,38,-263
2026-07-26T00:20:27.641472+00:00,1785025225,11692,364 Langley Centre/Scottsdale,15252841,5622,39,-280
2026-07-26T00:20:27.641472+00:00,1785025225,11692,364 Langley Centre/Scottsdale,15252841,11122,40,-240
2026-07-26T00:20:27.641472+00:00,1785025225,11692,364 Langley Centre/Scottsdale,15252841,11155,41,-248
2026-07-26T00:20:27.641472+00:00,1785025225,11692,364 Langley Centre/Scottsdale,15252841,11143,42,-248
2026-07-26T00:20:27.641472+00:00,1785025225,11692,364 Langley Centre/Scottsdale,15252841,11141,43,-274
2026-07-26T00:20:27.641472+00:00,1785025225,11692,364 Langley Centre/Scottsdale,15252841,4936,44,-252
2026-07-26T00:20:27.641472+00:00,1785025225,11692,364 Langley Centre/Scottsdale,15252841,4937,45,-264
2026-07-26T00:20:27.641472+00:00,1785025225,11692,364 Langley Centre/Scottsdale,15252841,4938,46,-281
2026-07-26T00:20:27.641472+00:00,1785025225,11692,364 Langley Centre/Scottsdale,15252841,5229,47,-269
2026-07-26T00:20:27.641472+00:00,1785025225,11692,364 Langley Centre/Scottsdale,15252841,4917,48,-197
2026-07-26T00:20:27.641472+00:00,1785025225,18705,531 WhiteRock/WillowBrook,15259246,7083,36,-436
2026-07-26T00:20:27.641472+00:00,1785025225,18705,531 WhiteRock/WillowBrook,15259246,7084,37,-452
2026-07-26T00:20:27.641472+00:00,1785025225,18705,531 WhiteRock/WillowBrook,15259246,7085,38,-481
2026-07-26T00:20:27.641472+00:00,1785025225,18705,531 WhiteRock/WillowBrook,15259246,8939,39,-490
2026-07-26T00:20:27.641472+00:00,1785025225,18705,531 WhiteRock/WillowBrook,15259246,7086,40,-500
2026-07-26T00:20:27.641472+00:00,1785025225,18705,531 WhiteRock/WillowBrook,15259246,8940,41,-523
2026-07-26T00:20:27.641472+00:00,1785025225,18705,531 WhiteRock/WillowBrook,15259246,5341,42,-528
2026-07-26T00:20:27.641472+00:00,1785025225,18705,531 WhiteRock/WillowBrook,15259246,5342,43,-523
2026-07-26T00:20:27.641472+00:00,1785025225,18705,531 WhiteRock/WillowBrook,15259246,12293,44,-507
2026-07-26T00:20:27.641472+00:00,1785025225,18705,531 WhiteRock/WillowBrook,15259246,12173,45,-441
2026-07-26T00:20:27.641472+00:00,1785025225,18705,531 WhiteRock/WillowBrook,15259246,9291,46,-472
2026-07-26T00:20:27.641472+00:00,1785025225,18705,531 WhiteRock/WillowBrook,15259246,9292,47,-475
2026-07-26T00:20:27.641472+00:00,1785025225,18705,531 WhiteRock/WillowBrook,15259246,11264,48,-461
2026-07-26T00:20:27.641472+00:00,1785025225,18705,531 WhiteRock/WillowBrook,15259246,9303,49,-462
2026-07-26T00:20:27.641472+00:00,1785025225,18705,531 WhiteRock/WillowBrook,15259246,9304,50,-465
2026-07-26T00:20:27.641472+00:00,1785025225,18705,531 WhiteRock/WillowBrook,15259246,6475,51,-415
2026-07-26T00:20:27.641472+00:00,1785025225,18705,531 WhiteRock/WillowBrook,15259246,6476,52,-424
2026-07-26T00:20:27.641472+00:00,1785025225,18705,531 WhiteRock/WillowBrook,15259246,5335,53,-413
2026-07-26T00:20:27.641472+00:00,1785025225,18705,531 WhiteRock/WillowBrook,15259246,7100,54,-371
2026-07-26T00:20:27.641472+00:00,1785025225,18705,531 WhiteRock/WillowBrook,15259247,13013,1,0
2026-07-26T00:20:27.641472+00:00,1785025225,18705,531 WhiteRock/WillowBrook,15259247,5437,2,0
2026-07-26T00:20:27.641472+00:00,1785025225,18705,531 WhiteRock/WillowBrook,15259247,5438,3,0
2026-07-26T00:20:27.641472+00:00,1785025225,18705,531 WhiteRock/WillowBrook,15259247,5439,4,0
2026-07-26T00:20:27.641472+00:00,1785025225,18705,531 WhiteRock/WillowBrook,15259247,5440,5,0
2026-07-26T00:20:27.641472+00:00,1785025225,18705,531 WhiteRock/WillowBrook,15259247,11755,6,0
2026-07-26T00:20:27.641472+00:00,1785025225,18705,531 WhiteRock/WillowBrook,15259247,11734,7,0
2026-07-26T00:20:27.641472+00:00,1785025225,18705,531 WhiteRock/WillowBrook,15259247,10856,8,0
2026-07-26T00:20:27.641472+00:00,1785025225,18705,531 WhiteRock/WillowBrook,15259247,11583,9,0
2026-07-26T00:20:27.641472+00:00,1785025225,18705,531 WhiteRock/WillowBrook,15259247,11574,10,0
2026-07-26T00:20:27.641472+00:00,1785025225,18705,531 WhiteRock/WillowBrook,15259247,11736,11,0
2026-07-26T00:20:27.641472+00:00,1785025225,18705,531 WhiteRock/WillowBrook,15259247,12379,12,0
2026-07-26T00:20:27.641472+00:00,1785025225,18705,531 WhiteRock/WillowBrook,15259247,11738,13,0
2026-07-26T00:20:27.641472+00:00,1785025225,18705,531 WhiteRock/WillowBrook,15259247,11743,14,0
2026-07-26T00:20:27.641472+00:00,1785025225,18705,531 WhiteRock/WillowBrook,15259247,12306,15,0
2026-07-26T00:20:27.641472+00:00,1785025225,18705,531 WhiteRock/WillowBrook,15259247,12218,16,0
2026-07-26T00:20:27.641472+00:00,1785025225,18705,531 WhiteRock/WillowBrook,15259247,11924,17,0
2026-07-26T00:20:27.641472+00:00,1785025225,18705,531 WhiteRock/WillowBrook,15259247,13131,18,0
2026-07-26T00:20:27.641472+00:00,1785025225,18705,531 WhiteRock/WillowBrook,15259247,11923,19,0
2026-07-26T00:20:27.641472+00:00,1785025225,18705,531 WhiteRock/WillowBrook,15259247,12597,20,0
2026-07-26T00:20:27.641472+00:00,1785025225,18705,531 WhiteRock/WillowBrook,15259247,11922,21,0
2026-07-26T00:20:27.641472+00:00,1785025225,18705,531 WhiteRock/WillowBrook,15259247,11744,22,0
2026-07-26T00:20:27.641472+00:00,1785025225,18705,531 WhiteRock/WillowBrook,15259247,11839,23,0
2026-07-26T00:20:27.641472+00:00,1785025225,18705,531 WhiteRock/WillowBrook,15259247,12922,24,0
2026-07-26T00:20:27.641472+00:00,1785025225,18705,531 WhiteRock/WillowBrook,15259247,12923,25,0
2026-07-26T00:20:27.641472+00:00,1785025225,18705,531 WhiteRock/WillowBrook,15259247,12925,26,0
2026-07-26T00:20:27.641472+00:00,1785025225,18705,531 WhiteRock/WillowBrook,15259247,12928,27,0
2026-07-26T00:20:27.641472+00:00,1785025225,18705,531 WhiteRock/WillowBrook,15259247,12930,28,0
2026-07-26T00:20:27.641472+00:00,1785025225,18705,531 WhiteRock/WillowBrook,15259247,13042,29,0
2026-07-26T00:20:27.641472+00:00,1785025225,18705,531 WhiteRock/WillowBrook,15259247,8936,30,0
2026-07-26T00:20:27.641472+00:00,1785025225,18705,531 WhiteRock/WillowBrook,15259247,9030,31,0
2026-07-26T00:20:27.641472+00:00,1785025225,18705,531 WhiteRock/WillowBrook,15259247,8937,32,0
2026-07-26T00:20:27.641472+00:00,1785025225,18705,531 WhiteRock/WillowBrook,15259247,8938,33,0
2026-07-26T00:20:27.641472+00:00,1785025225,18705,531 WhiteRock/WillowBrook,15259247,7081,34,0
2026-07-26T00:20:27.641472+00:00,1785025225,18705,531 WhiteRock/WillowBrook,15259247,7082,35,0
2026-07-26T00:20:27.641472+00:00,1785025225,18705,531 WhiteRock/WillowBrook,15259247,7083,36,0
2026-07-26T00:20:27.641472+00:00,1785025225,18705,531 WhiteRock/WillowBrook,15259247,7084,37,0
2026-07-26T00:20:27.641472+00:00,1785025225,18705,531 WhiteRock/WillowBrook,15259247,7085,38,0
2026-07-26T00:20:27.641472+00:00,1785025225,18705,531 WhiteRock/WillowBrook,15259247,8939,39,0
2026-07-26T00:20:27.641472+00:00,1785025225,18705,531 WhiteRock/WillowBrook,15259247,7086,40,0
2026-07-26T00:20:27.641472+00:00,1785025225,18705,531 WhiteRock/WillowBrook,15259247,8940,41,0
2026-07-26T00:20:27.641472+00:00,1785025225,18705,531 WhiteRock/WillowBrook,15259247,5341,42,0
2026-07-26T00:20:27.641472+00:00,1785025225,18705,531 WhiteRock/WillowBrook,15259247,5342,43,0
2026-07-26T00:20:27.641472+00:00,1785025225,18705,531 WhiteRock/WillowBrook,15259247,12293,44,0
2026-07-26T00:20:27.641472+00:00,1785025225,18705,531 WhiteRock/WillowBrook,15259247,12173,45,0
2026-07-26T00:20:27.641472+00:00,1785025225,18705,531 WhiteRock/WillowBrook,15259247,9291,46,0
2026-07-26T00:20:27.641472+00:00,1785025225,18705,531 WhiteRock/WillowBrook,15259247,9292,47,0
2026-07-26T00:20:27.641472+00:00,1785025225,18705,531 WhiteRock/WillowBrook,15259247,11264,48,0
2026-07-26T00:20:27.641472+00:00,1785025225,18705,531 WhiteRock/WillowBrook,15259247,9303,49,0
2026-07-26T00:20:27.641472+00:00,1785025225,18705,531 WhiteRock/WillowBrook,15259247,9304,50,0
2026-07-26T00:20:27.641472+00:00,1785025225,18705,531 WhiteRock/WillowBrook,15259247,6475,51,0
2026-07-26T00:20:27.641472+00:00,1785025225,18705,531 WhiteRock/WillowBrook,15259247,6476,52,0
2026-07-26T00:20:27.641472+00:00,1785025225,18705,531 WhiteRock/WillowBrook,15259247,5335,53,0
2026-07-26T00:20:27.641472+00:00,1785025225,18705,531 WhiteRock/WillowBrook,15259247,7100,54,0
2026-07-26T00:20:27.641472+00:00,1785025225,18705,531 WhiteRock/WillowBrook,15259282,11756,46,59
2026-07-26T00:20:27.641472+00:00,1785025225,18705,531 WhiteRock/WillowBrook,15259282,5535,47,94
2026-07-26T00:20:27.641472+00:00,1785025225,18705,531 WhiteRock/WillowBrook,15259282,5536,48,81
2026-07-26T00:20:27.641472+00:00,1785025225,18705,531 WhiteRock/WillowBrook,15259282,5537,49,83
2026-07-26T00:20:27.641472+00:00,1785025225,18705,531 WhiteRock/WillowBrook,15259282,5538,50,79
2026-07-26T00:20:27.641472+00:00,1785025225,18705,531 WhiteRock/WillowBrook,15259282,5539,51,98
2026-07-26T00:20:27.641472+00:00,1785025225,18705,531 WhiteRock/WillowBrook,15259282,5540,52,114
2026-07-26T00:20:27.641472+00:00,1785025225,18705,531 WhiteRock/WillowBrook,15259283,7175,19,86
2026-07-26T00:20:27.641472+00:00,1785025225,18705,531 WhiteRock/WillowBrook,15259283,7176,20,70
2026-07-26T00:20:27.641472+00:00,1785025225,18705,531 WhiteRock/WillowBrook,15259283,7177,21,79
2026-07-26T00:20:27.641472+00:00,1785025225,18705,531 WhiteRock/WillowBrook,15259283,8948,22,66
2026-07-26T00:20:27.641472+00:00,1785025225,18705,531 WhiteRock/WillowBrook,15259283,9031,23,53
2026-07-26T00:20:27.641472+00:00,1785025225,18705,531 WhiteRock/WillowBrook,15259283,12931,24,53
2026-07-26T00:20:27.641472+00:00,1785025225,18705,531 WhiteRock/WillowBrook,15259283,13041,25,45
2026-07-26T00:20:27.641472+00:00,1785025225,18705,531 WhiteRock/WillowBrook,15259283,12929,26,35
2026-07-26T00:20:27.641472+00:00,1785025225,18705,531 WhiteRock/WillowBrook,15259283,12927,27,10
2026-07-26T00:20:27.641472+00:00,1785025225,18705,531 WhiteRock/WillowBrook,15259283,12926,28,12
2026-07-26T00:20:27.641472+00:00,1785025225,18705,531 WhiteRock/WillowBrook,15259283,12924,29,-13
2026-07-26T00:20:27.641472+00:00,1785025225,18705,531 WhiteRock/WillowBrook,15259283,11751,30,-14
2026-07-26T00:20:27.641472+00:00,1785025225,18705,531 WhiteRock/WillowBrook,15259283,11750,31,-44
2026-07-26T00:20:27.641472+00:00,1785025225,18705,531 WhiteRock/WillowBrook,15259283,11747,32,-66
2026-07-26T00:20:27.641472+00:00,1785025225,18705,531 WhiteRock/WillowBrook,15259283,11745,33,-75
2026-07-26T00:20:27.641472+00:00,1785025225,18705,531 WhiteRock/WillowBrook,15259283,13040,34,-79
2026-07-26T00:20:27.641472+00:00,1785025225,18705,531 WhiteRock/WillowBrook,15259283,12598,35,-96
2026-07-26T00:20:27.641472+00:00,1785025225,18705,531 WhiteRock/WillowBrook,15259283,11920,36,-142
2026-07-26T00:20:27.641472+00:00,1785025225,18705,531 WhiteRock/WillowBrook,15259283,13130,37,-169
2026-07-26T00:20:27.641472+00:00,1785025225,18705,531 WhiteRock/WillowBrook,15259283,11925,38,-194
2026-07-26T00:20:27.641472+00:00,1785025225,18705,531 WhiteRock/WillowBrook,15259283,12219,39,-224
2026-07-26T00:20:27.641472+00:00,1785025225,18705,531 WhiteRock/WillowBrook,15259283,11741,40,-214
2026-07-26T00:20:27.641472+00:00,1785025225,18705,531 WhiteRock/WillowBrook,15259283,11740,41,-222
2026-07-26T00:20:27.641472+00:00,1785025225,18705,531 WhiteRock/WillowBrook,15259283,11739,42,-170
2026-07-26T00:20:27.641472+00:00,1785025225,18705,531 WhiteRock/WillowBrook,15259283,11737,43,-130
2026-07-26T00:20:27.641472+00:00,1785025225,18705,531 WhiteRock/WillowBrook,15259283,11757,44,-154
2026-07-26T00:20:27.641472+00:00,1785025225,18705,531 WhiteRock/WillowBrook,15259283,11735,45,-117
2026-07-26T00:20:27.641472+00:00,1785025225,18705,531 WhiteRock/WillowBrook,15259283,11756,46,-112
2026-07-26T00:20:27.641472+00:00,1785025225,18705,531 WhiteRock/WillowBrook,15259283,5535,47,-79
2026-07-26T00:20:27.641472+00:00,1785025225,18705,531 WhiteRock/WillowBrook,15259283,5536,48,-95
2026-07-26T00:20:27.641472+00:00,1785025225,18705,531 WhiteRock/WillowBrook,15259283,5537,49,-92
2026-07-26T00:20:27.641472+00:00,1785025225,18705,531 WhiteRock/WillowBrook,15259283,5538,50,-94
2026-07-26T00:20:27.641472+00:00,1785025225,18705,531 WhiteRock/WillowBrook,15259283,5539,51,-84
2026-07-26T00:20:27.641472+00:00,1785025225,18705,531 WhiteRock/WillowBrook,15259283,5540,52,-69
2026-07-26T00:20:27.641472+00:00,1785025225,18705,531 WhiteRock/WillowBrook,15259292,11754,1,0
2026-07-26T00:20:27.641472+00:00,1785025225,18705,531 WhiteRock/WillowBrook,15259292,9306,4,-763
2026-07-26T00:20:27.641472+00:00,1785025225,18705,531 WhiteRock/WillowBrook,15259292,11125,5,-748
2026-07-26T00:20:27.641472+00:00,1785025225,18705,531 WhiteRock/WillowBrook,15259292,9294,6,-748
2026-07-26T00:20:27.641472+00:00,1785025225,18705,531 WhiteRock/WillowBrook,15259292,9293,7,-755
2026-07-26T00:20:27.641472+00:00,1785025225,18705,531 WhiteRock/WillowBrook,15259292,11126,8,-746
2026-07-26T00:20:27.641472+00:00,1785025225,18705,531 WhiteRock/WillowBrook,15259292,7094,9,-765
2026-07-26T00:20:27.641472+00:00,1785025225,18705,531 WhiteRock/WillowBrook,15259292,7166,10,-769
2026-07-26T00:20:27.641472+00:00,1785025225,18705,531 WhiteRock/WillowBrook,15259292,7092,11,-720
2026-07-26T00:20:27.641472+00:00,1785025225,18705,531 WhiteRock/WillowBrook,15259292,10747,12,-697
2026-07-26T00:20:27.641472+00:00,1785025225,18705,531 WhiteRock/WillowBrook,15259292,5364,13,-675
2026-07-26T00:20:27.641472+00:00,1785025225,18705,531 WhiteRock/WillowBrook,15259292,11775,14,-645
2026-07-26T00:20:27.641472+00:00,1785025225,18705,531 WhiteRock/WillowBrook,15259292,7171,15,-661
2026-07-26T00:20:27.641472+00:00,1785025225,18705,531 WhiteRock/WillowBrook,15259292,7172,16,-687
2026-07-26T00:20:27.641472+00:00,1785025225,18705,531 WhiteRock/WillowBrook,15259292,7173,17,-692
2026-07-26T00:20:27.641472+00:00,1785025225,18705,531 WhiteRock/WillowBrook,15259292,7174,18,-715
2026-07-26T00:20:27.641472+00:00,1785025225,18705,531 WhiteRock/WillowBrook,15259292,7175,19,-722
2026-07-26T00:20:27.641472+00:00,1785025225,18705,531 WhiteRock/WillowBrook,15259292,7176,20,-736
2026-07-26T00:20:27.641472+00:00,1785025225,18705,531 WhiteRock/WillowBrook,15259292,7177,21,-726
2026-07-26T00:20:27.641472+00:00,1785025225,18705,531 WhiteRock/WillowBrook,15259292,8948,22,-737
2026-07-26T00:20:27.641472+00:00,1785025225,18705,531 WhiteRock/WillowBrook,15259292,9031,23,-749
2026-07-26T00:20:27.641472+00:00,1785025225,18705,531 WhiteRock/WillowBrook,15259292,12931,24,-747
2026-07-26T00:20:27.641472+00:00,1785025225,18705,531 WhiteRock/WillowBrook,15259292,13041,25,-753
2026-07-26T00:20:27.641472+00:00,1785025225,18705,531 WhiteRock/WillowBrook,15259292,12929,26,-763
2026-07-26T00:20:27.641472+00:00,1785025225,18705,531 WhiteRock/WillowBrook,15259292,12927,27,-786
2026-07-26T00:20:27.641472+00:00,1785025225,18705,531 WhiteRock/WillowBrook,15259292,12926,28,-781
2026-07-26T00:20:27.641472+00:00,1785025225,18705,531 WhiteRock/WillowBrook,15259292,12924,29,-804
2026-07-26T00:20:27.641472+00:00,1785025225,18705,531 WhiteRock/WillowBrook,15259292,11751,30,-803
2026-07-26T00:20:27.641472+00:00,1785025225,18705,531 WhiteRock/WillowBrook,15259292,11750,31,-830
2026-07-26T00:20:27.641472+00:00,1785025225,18705,531 WhiteRock/WillowBrook,15259292,11747,32,-853
2026-07-26T00:20:27.641472+00:00,1785025225,18705,531 WhiteRock/WillowBrook,15259292,11745,33,-867
2026-07-26T00:20:27.641472+00:00,1785025225,18705,531 WhiteRock/WillowBrook,15259292,13040,34,-869
2026-07-26T00:20:27.641472+00:00,1785025225,18705,531 WhiteRock/WillowBrook,15259292,12598,35,-884
2026-07-26T00:20:27.641472+00:00,1785025225,18705,531 WhiteRock/WillowBrook,15259292,11920,36,-926
2026-07-26T00:20:27.641472+00:00,1785025225,18705,531 WhiteRock/WillowBrook,15259292,13130,37,-951
2026-07-26T00:20:27.641472+00:00,1785025225,18705,531 WhiteRock/WillowBrook,15259292,11925,38,-974
2026-07-26T00:20:27.641472+00:00,1785025225,18705,531 WhiteRock/WillowBrook,15259292,12219,39,-1000
2026-07-26T00:20:27.641472+00:00,1785025225,18705,531 WhiteRock/WillowBrook,15259292,11741,40,-990
2026-07-26T00:20:27.641472+00:00,1785025225,18705,531 WhiteRock/WillowBrook,15259292,11740,41,-995
2026-07-26T00:20:27.641472+00:00,1785025225,18705,531 WhiteRock/WillowBrook,15259292,11739,42,-941
2026-07-26T00:20:27.641472+00:00,1785025225,18705,531 WhiteRock/WillowBrook,15259292,11737,43,-901
2026-07-26T00:20:27.641472+00:00,1785025225,18705,531 WhiteRock/WillowBrook,15259292,11757,44,-922
2026-07-26T00:20:27.641472+00:00,1785025225,18705,531 WhiteRock/WillowBrook,15259292,11735,45,-891
2026-07-26T00:20:27.641472+00:00,1785025225,18705,531 WhiteRock/WillowBrook,15259292,11756,46,-884
2026-07-26T00:20:27.641472+00:00,1785025225,18705,531 WhiteRock/WillowBrook,15259292,5535,47,-831
2026-07-26T00:20:27.641472+00:00,1785025225,18705,531 WhiteRock/WillowBrook,15259292,5536,48,-844
2026-07-26T00:20:27.641472+00:00,1785025225,18705,531 WhiteRock/WillowBrook,15259292,5537,49,-839
2026-07-26T00:20:27.641472+00:00,1785025225,18705,531 WhiteRock/WillowBrook,15259292,5538,50,-840
2026-07-26T00:20:27.641472+00:00,1785025225,18705,531 WhiteRock/WillowBrook,15259292,5539,51,-830
2026-07-26T00:20:27.641472+00:00,1785025225,18705,531 WhiteRock/WillowBrook,15259292,5540,52,-816
2026-07-26T00:25:25.012368+00:00,1785025510,6705,321 Surrey Central/WhiteRock,15247331,5040,53,-32
2026-07-26T00:25:25.012368+00:00,1785025510,6705,321 Surrey Central/WhiteRock,15247331,5041,54,-23
2026-07-26T00:25:25.012368+00:00,1785025510,6705,321 Surrey Central/WhiteRock,15247331,12155,55,-11
2026-07-26T00:25:25.012368+00:00,1785025510,6705,321 Surrey Central/WhiteRock,15247331,9089,56,1
2026-07-26T00:25:25.012368+00:00,1785025510,6705,321 Surrey Central/WhiteRock,15247331,7213,57,-16
2026-07-26T00:25:25.012368+00:00,1785025510,6705,321 Surrey Central/WhiteRock,15247332,5469,43,48
2026-07-26T00:25:25.012368+00:00,1785025510,6705,321 Surrey Central/WhiteRock,15247332,5470,44,27
2026-07-26T00:25:25.012368+00:00,1785025510,6705,321 Surrey Central/WhiteRock,15247332,5471,45,-3
2026-07-26T00:25:25.012368+00:00,1785025510,6705,321 Surrey Central/WhiteRock,15247332,5472,46,-24
2026-07-26T00:25:25.012368+00:00,1785025510,6705,321 Surrey Central/WhiteRock,15247332,5473,47,-69
2026-07-26T00:25:25.012368+00:00,1785025510,6705,321 Surrey Central/WhiteRock,15247332,5474,48,-67
2026-07-26T00:25:25.012368+00:00,1785025510,6705,321 Surrey Central/WhiteRock,15247332,5475,49,-109
2026-07-26T00:25:25.012368+00:00,1785025510,6705,321 Surrey Central/WhiteRock,15247332,5476,50,-126
2026-07-26T00:25:25.012368+00:00,1785025510,6705,321 Surrey Central/WhiteRock,15247332,5477,51,-145
2026-07-26T00:25:25.012368+00:00,1785025510,6705,321 Surrey Central/WhiteRock,15247332,11725,52,-169
2026-07-26T00:25:25.012368+00:00,1785025510,6705,321 Surrey Central/WhiteRock,15247332,5040,53,-150
2026-07-26T00:25:25.012368+00:00,1785025510,6705,321 Surrey Central/WhiteRock,15247332,5041,54,-141
2026-07-26T00:25:25.012368+00:00,1785025510,6705,321 Surrey Central/WhiteRock,15247332,12155,55,-128
2026-07-26T00:25:25.012368+00:00,1785025510,6705,321 Surrey Central/WhiteRock,15247332,9089,56,-116
2026-07-26T00:25:25.012368+00:00,1785025510,6705,321 Surrey Central/WhiteRock,15247332,7213,57,-133
2026-07-26T00:25:25.012368+00:00,1785025510,6705,321 Surrey Central/WhiteRock,15247333,5461,35,-85
2026-07-26T00:25:25.012368+00:00,1785025510,6705,321 Surrey Central/WhiteRock,15247333,5462,36,-89
2026-07-26T00:25:25.012368+00:00,1785025510,6705,321 Surrey Central/WhiteRock,15247333,5463,37,-34
2026-07-26T00:25:25.012368+00:00,1785025510,6705,321 Surrey Central/WhiteRock,15247333,5700,38,85
2026-07-26T00:25:25.012368+00:00,1785025510,6705,321 Surrey Central/WhiteRock,15247333,5465,39,92
2026-07-26T00:25:25.012368+00:00,1785025510,6705,321 Surrey Central/WhiteRock,15247333,5466,40,57
2026-07-26T00:25:25.012368+00:00,1785025510,6705,321 Surrey Central/WhiteRock,15247333,5467,41,102
2026-07-26T00:25:25.012368+00:00,1785025510,6705,321 Surrey Central/WhiteRock,15247333,5468,42,76
2026-07-26T00:25:25.012368+00:00,1785025510,6705,321 Surrey Central/WhiteRock,15247333,5469,43,48
2026-07-26T00:25:25.012368+00:00,1785025510,6705,321 Surrey Central/WhiteRock,15247333,5470,44,27
2026-07-26T00:25:25.012368+00:00,1785025510,6705,321 Surrey Central/WhiteRock,15247333,5471,45,-3
2026-07-26T00:25:25.012368+00:00,1785025510,6705,321 Surrey Central/WhiteRock,15247333,5472,46,-23
2026-07-26T00:25:25.012368+00:00,1785025510,6705,321 Surrey Central/WhiteRock,15247333,5473,47,-68
2026-07-26T00:25:25.012368+00:00,1785025510,6705,321 Surrey Central/WhiteRock,15247333,5474,48,-65
2026-07-26T00:25:25.012368+00:00,1785025510,6705,321 Surrey Central/WhiteRock,15247333,5475,49,-107
2026-07-26T00:25:25.012368+00:00,1785025510,6705,321 Surrey Central/WhiteRock,15247333,5476,50,-124
2026-07-26T00:25:25.012368+00:00,1785025510,6705,321 Surrey Central/WhiteRock,15247333,5477,51,-143
2026-07-26T00:25:25.012368+00:00,1785025510,6705,321 Surrey Central/WhiteRock,15247333,11725,52,-167
2026-07-26T00:25:25.012368+00:00,1785025510,6705,321 Surrey Central/WhiteRock,15247333,5040,53,-150
2026-07-26T00:25:25.012368+00:00,1785025510,6705,321 Surrey Central/WhiteRock,15247333,5041,54,-141
2026-07-26T00:25:25.012368+00:00,1785025510,6705,321 Surrey Central/WhiteRock,15247333,12155,55,-128
2026-07-26T00:25:25.012368+00:00,1785025510,6705,321 Surrey Central/WhiteRock,15247333,9089,56,-116
2026-07-26T00:25:25.012368+00:00,1785025510,6705,321 Surrey Central/WhiteRock,15247333,7213,57,-133
2026-07-26T00:25:25.012368+00:00,1785025510,6705,321 Surrey Central/WhiteRock,15247334,5454,28,-330
2026-07-26T00:25:25.012368+00:00,1785025510,6705,321 Surrey Central/WhiteRock,15247334,5455,29,-332
2026-07-26T00:25:25.012368+00:00,1785025510,6705,321 Surrey Central/WhiteRock,15247334,5456,30,-281
2026-07-26T00:25:25.012368+00:00,1785025510,6705,321 Surrey Central/WhiteRock,15247334,12651,31,-303
2026-07-26T00:25:25.012368+00:00,1785025510,6705,321 Surrey Central/WhiteRock,15247334,5458,32,-297
2026-07-26T00:25:25.012368+00:00,1785025510,6705,321 Surrey Central/WhiteRock,15247334,5459,33,-284
2026-07-26T00:25:25.012368+00:00,1785025510,6705,321 Surrey Central/WhiteRock,15247334,5460,34,-288
2026-07-26T00:25:25.012368+00:00,1785025510,6705,321 Surrey Central/WhiteRock,15247334,5461,35,-294
2026-07-26T00:25:25.012368+00:00,1785025510,6705,321 Surrey Central/WhiteRock,15247334,5462,36,-298
2026-07-26T00:25:25.012368+00:00,1785025510,6705,321 Surrey Central/WhiteRock,15247334,5463,37,-243
2026-07-26T00:25:25.012368+00:00,1785025510,6705,321 Surrey Central/WhiteRock,15247334,5700,38,0
2026-07-26T00:25:25.012368+00:00,1785025510,6705,321 Surrey Central/WhiteRock,15247334,5465,39,7
2026-07-26T00:25:25.012368+00:00,1785025510,6705,321 Surrey Central/WhiteRock,15247334,5466,40,-28
2026-07-26T00:25:25.012368+00:00,1785025510,6705,321 Surrey Central/WhiteRock,15247334,5467,41,16
2026-07-26T00:25:25.012368+00:00,1785025510,6705,321 Surrey Central/WhiteRock,15247334,5468,42,-10
2026-07-26T00:25:25.012368+00:00,1785025510,6705,321 Surrey Central/WhiteRock,15247334,5469,43,-44
2026-07-26T00:25:25.012368+00:00,1785025510,6705,321 Surrey Central/WhiteRock,15247334,5470,44,-64
2026-07-26T00:25:25.012368+00:00,1785025510,6705,321 Surrey Central/WhiteRock,15247334,5471,45,-94
2026-07-26T00:25:25.012368+00:00,1785025510,6705,321 Surrey Central/WhiteRock,15247334,5472,46,-114
2026-07-26T00:25:25.012368+00:00,1785025510,6705,321 Surrey Central/WhiteRock,15247334,5473,47,-159
2026-07-26T00:25:25.012368+00:00,1785025510,6705,321 Surrey Central/WhiteRock,15247334,5474,48,-155
2026-07-26T00:25:25.012368+00:00,1785025510,6705,321 Surrey Central/WhiteRock,15247334,5475,49,-198
2026-07-26T00:25:25.012368+00:00,1785025510,6705,321 Surrey Central/WhiteRock,15247334,5476,50,-215
2026-07-26T00:25:25.012368+00:00,1785025510,6705,321 Surrey Central/WhiteRock,15247334,5477,51,-234
2026-07-26T00:25:25.012368+00:00,1785025510,6705,321 Surrey Central/WhiteRock,15247334,11725,52,-259
2026-07-26T00:25:25.012368+00:00,1785025510,6705,321 Surrey Central/WhiteRock,15247334,5040,53,-239
2026-07-26T00:25:25.012368+00:00,1785025510,6705,321 Surrey Central/WhiteRock,15247334,5041,54,-230
2026-07-26T00:25:25.012368+00:00,1785025510,6705,321 Surrey Central/WhiteRock,15247334,12155,55,-218
2026-07-26T00:25:25.012368+00:00,1785025510,6705,321 Surrey Central/WhiteRock,15247334,9089,56,-206
2026-07-26T00:25:25.012368+00:00,1785025510,6705,321 Surrey Central/WhiteRock,15247334,7213,57,-223
2026-07-26T00:25:25.012368+00:00,1785025510,6705,321 Surrey Central/WhiteRock,15247335,5448,21,-45
2026-07-26T00:25:25.012368+00:00,1785025510,6705,321 Surrey Central/WhiteRock,15247335,10437,22,-44
2026-07-26T00:25:25.012368+00:00,1785025510,6705,321 Surrey Central/WhiteRock,15247335,5449,23,-88
2026-07-26T00:25:25.012368+00:00,1785025510,6705,321 Surrey Central/WhiteRock,15247335,11313,24,-123
2026-07-26T00:25:25.012368+00:00,1785025510,6705,321 Surrey Central/WhiteRock,15247335,10808,25,-251
2026-07-26T00:25:25.012368+00:00,1785025510,6705,321 Surrey Central/WhiteRock,15247335,5452,26,-359
2026-07-26T00:25:25.012368+00:00,1785025510,6705,321 Surrey Central/WhiteRock,15247335,11913,27,-373
2026-07-26T00:25:25.012368+00:00,1785025510,6705,321 Surrey Central/WhiteRock,15247335,5454,28,-377
2026-07-26T00:25:25.012368+00:00,1785025510,6705,321 Surrey Central/WhiteRock,15247335,5455,29,-379
2026-07-26T00:25:25.012368+00:00,1785025510,6705,321 Surrey Central/WhiteRock,15247335,5456,30,-329
2026-07-26T00:25:25.012368+00:00,1785025510,6705,321 Surrey Central/WhiteRock,15247335,12651,31,-351
2026-07-26T00:25:25.012368+00:00,1785025510,6705,321 Surrey Central/WhiteRock,15247335,5458,32,-344
2026-07-26T00:25:25.012368+00:00,1785025510,6705,321 Surrey Central/WhiteRock,15247335,5459,33,-332
2026-07-26T00:25:25.012368+00:00,1785025510,6705,321 Surrey Central/WhiteRock,15247335,5460,34,-336
2026-07-26T00:25:25.012368+00:00,1785025510,6705,321 Surrey Central/WhiteRock,15247335,5461,35,-341
2026-07-26T00:25:25.012368+00:00,1785025510,6705,321 Surrey Central/WhiteRock,15247335,5462,36,-345
2026-07-26T00:25:25.012368+00:00,1785025510,6705,321 Surrey Central/WhiteRock,15247335,5463,37,-288
2026-07-26T00:25:25.012368+00:00,1785025510,6705,321 Surrey Central/WhiteRock,15247335,5700,38,0
2026-07-26T00:25:25.012368+00:00,1785025510,6705,321 Surrey Central/WhiteRock,15247335,5465,39,7
2026-07-26T00:25:25.012368+00:00,1785025510,6705,321 Surrey Central/WhiteRock,15247335,5466,40,-29
2026-07-26T00:25:25.012368+00:00,1785025510,6705,321 Surrey Central/WhiteRock,15247335,5467,41,16
2026-07-26T00:25:25.012368+00:00,1785025510,6705,321 Surrey Central/WhiteRock,15247335,5468,42,-9
2026-07-26T00:25:25.012368+00:00,1785025510,6705,321 Surrey Central/WhiteRock,15247335,5469,43,-44
2026-07-26T00:25:25.012368+00:00,1785025510,6705,321 Surrey Central/WhiteRock,15247335,5470,44,-64
2026-07-26T00:25:25.012368+00:00,1785025510,6705,321 Surrey Central/WhiteRock,15247335,5471,45,-94
2026-07-26T00:25:25.012368+00:00,1785025510,6705,321 Surrey Central/WhiteRock,15247335,5472,46,-114
2026-07-26T00:25:25.012368+00:00,1785025510,6705,321 Surrey Central/WhiteRock,15247335,5473,47,-159
2026-07-26T00:25:25.012368+00:00,1785025510,6705,321 Surrey Central/WhiteRock,15247335,5474,48,-156
2026-07-26T00:25:25.012368+00:00,1785025510,6705,321 Surrey Central/WhiteRock,15247335,5475,49,-198
2026-07-26T00:25:25.012368+00:00,1785025510,6705,321 Surrey Central/WhiteRock,15247335,5476,50,-215
2026-07-26T00:25:25.012368+00:00,1785025510,6705,321 Surrey Central/WhiteRock,15247335,5477,51,-235
2026-07-26T00:25:25.012368+00:00,1785025510,6705,321 Surrey Central/WhiteRock,15247335,11725,52,-259
2026-07-26T00:25:25.012368+00:00,1785025510,6705,321 Surrey Central/WhiteRock,15247335,5040,53,-239
2026-07-26T00:25:25.012368+00:00,1785025510,6705,321 Surrey Central/WhiteRock,15247335,5041,54,-223
2026-07-26T00:25:25.012368+00:00,1785025510,6705,321 Surrey Central/WhiteRock,15247335,12155,55,-212
2026-07-26T00:25:25.012368+00:00,1785025510,6705,321 Surrey Central/WhiteRock,15247335,9089,56,-183
2026-07-26T00:25:25.012368+00:00,1785025510,6705,321 Surrey Central/WhiteRock,15247335,7213,57,-202
2026-07-26T00:25:25.012368+00:00,1785025510,6705,321 Surrey Central/WhiteRock,15247336,6356,8,63
2026-07-26T00:25:25.012368+00:00,1785025510,6705,321 Surrey Central/WhiteRock,15247336,6174,9,120
2026-07-26T00:25:25.012368+00:00,1785025510,6705,321 Surrey Central/WhiteRock,15247336,5437,10,133
2026-07-26T00:25:25.012368+00:00,1785025510,6705,321 Surrey Central/WhiteRock,15247336,5438,11,130
2026-07-26T00:25:25.012368+00:00,1785025510,6705,321 Surrey Central/WhiteRock,15247336,5439,12,139
2026-07-26T00:25:25.012368+00:00,1785025510,6705,321 Surrey Central/WhiteRock,15247336,5440,13,122
2026-07-26T00:25:25.012368+00:00,1785025510,6705,321 Surrey Central/WhiteRock,15247336,5441,14,121
2026-07-26T00:25:25.012368+00:00,1785025510,6705,321 Surrey Central/WhiteRock,15247336,5442,15,100
2026-07-26T00:25:25.012368+00:00,1785025510,6705,321 Surrey Central/WhiteRock,15247336,5444,16,109
2026-07-26T00:25:25.012368+00:00,1785025510,6705,321 Surrey Central/WhiteRock,15247336,9083,17,88
2026-07-26T00:25:25.012368+00:00,1785025510,6705,321 Surrey Central/WhiteRock,15247336,5446,18,102
2026-07-26T00:25:25.012368+00:00,1785025510,6705,321 Surrey Central/WhiteRock,15247336,10445,19,101
2026-07-26T00:25:25.012368+00:00,1785025510,6705,321 Surrey Central/WhiteRock,15247336,5447,20,69
2026-07-26T00:25:25.012368+00:00,1785025510,6705,321 Surrey Central/WhiteRock,15247336,5448,21,70
2026-07-26T00:25:25.012368+00:00,1785025510,6705,321 Surrey Central/WhiteRock,15247336,10437,22,64
2026-07-26T00:25:25.012368+00:00,1785025510,6705,321 Surrey Central/WhiteRock,15247336,5449,23,19
2026-07-26T00:25:25.012368+00:00,1785025510,6705,321 Surrey Central/WhiteRock,15247336,11313,24,-15
2026-07-26T00:25:25.012368+00:00,1785025510,6705,321 Surrey Central/WhiteRock,15247336,10808,25,-143
2026-07-26T00:25:25.012368+00:00,1785025510,6705,321 Surrey Central/WhiteRock,15247336,5452,26,-251
2026-07-26T00:25:25.012368+00:00,1785025510,6705,321 Surrey Central/WhiteRock,15247336,11913,27,-265
2026-07-26T00:25:25.012368+00:00,1785025510,6705,321 Surrey Central/WhiteRock,15247336,5454,28,-270
2026-07-26T00:25:25.012368+00:00,1785025510,6705,321 Surrey Central/WhiteRock,15247336,5455,29,-272
2026-07-26T00:25:25.012368+00:00,1785025510,6705,321 Surrey Central/WhiteRock,15247336,5456,30,-222
2026-07-26T00:25:25.012368+00:00,1785025510,6705,321 Surrey Central/WhiteRock,15247336,12651,31,-244
2026-07-26T00:25:25.012368+00:00,1785025510,6705,321 Surrey Central/WhiteRock,15247336,5458,32,-239
2026-07-26T00:25:25.012368+00:00,1785025510,6705,321 Surrey Central/WhiteRock,15247336,5459,33,-227
2026-07-26T00:25:25.012368+00:00,1785025510,6705,321 Surrey Central/WhiteRock,15247336,5460,34,-232
2026-07-26T00:25:25.012368+00:00,1785025510,6705,321 Surrey Central/WhiteRock,15247336,5461,35,-238
2026-07-26T00:25:25.012368+00:00,1785025510,6705,321 Surrey Central/WhiteRock,15247336,5462,36,-241
2026-07-26T00:25:25.012368+00:00,1785025510,6705,321 Surrey Central/WhiteRock,15247336,5463,37,-181
2026-07-26T00:25:25.012368+00:00,1785025510,6705,321 Surrey Central/WhiteRock,15247336,5700,38,0
2026-07-26T00:25:25.012368+00:00,1785025510,6705,321 Surrey Central/WhiteRock,15247336,5465,39,7
2026-07-26T00:25:25.012368+00:00,1785025510,6705,321 Surrey Central/WhiteRock,15247336,5466,40,-29
2026-07-26T00:25:25.012368+00:00,1785025510,6705,321 Surrey Central/WhiteRock,15247336,5467,41,8
2026-07-26T00:25:25.012368+00:00,1785025510,6705,321 Surrey Central/WhiteRock,15247336,5468,42,-17
2026-07-26T00:25:25.012368+00:00,1785025510,6705,321 Surrey Central/WhiteRock,15247336,5469,43,-54
2026-07-26T00:25:25.012368+00:00,1785025510,6705,321 Surrey Central/WhiteRock,15247336,5470,44,-75
2026-07-26T00:25:25.012368+00:00,1785025510,6705,321 Surrey Central/WhiteRock,15247336,5471,45,-107
2026-07-26T00:25:25.012368+00:00,1785025510,6705,321 Surrey Central/WhiteRock,15247336,5472,46,-130
2026-07-26T00:25:25.012368+00:00,1785025510,6705,321 Surrey Central/WhiteRock,15247336,5473,47,-176
2026-07-26T00:25:25.012368+00:00,1785025510,6705,321 Surrey Central/WhiteRock,15247336,5474,48,-178
2026-07-26T00:25:25.012368+00:00,1785025510,6705,321 Surrey Central/WhiteRock,15247336,5475,49,-221
2026-07-26T00:25:25.012368+00:00,1785025510,6705,321 Surrey Central/WhiteRock,15247336,5476,50,-242
2026-07-26T00:25:25.012368+00:00,1785025510,6705,321 Surrey Central/WhiteRock,15247336,5477,51,-262
2026-07-26T00:25:25.012368+00:00,1785025510,6705,321 Surrey Central/WhiteRock,15247336,11725,52,-288
2026-07-26T00:25:25.012368+00:00,1785025510,6705,321 Surrey Central/WhiteRock,15247336,5040,53,-269
2026-07-26T00:25:25.012368+00:00,1785025510,6705,321 Surrey Central/WhiteRock,15247336,5041,54,-254
2026-07-26T00:25:25.012368+00:00,1785025510,6705,321 Surrey Central/WhiteRock,15247336,12155,55,-243
2026-07-26T00:25:25.012368+00:00,1785025510,6705,321 Surrey Central/WhiteRock,15247336,9089,56,-214
2026-07-26T00:25:25.012368+00:00,1785025510,6705,321 Surrey Central/WhiteRock,15247336,7213,57,-233
2026-07-26T00:25:25.012368+00:00,1785025510,6705,321 Surrey Central/WhiteRock,15247337,6197,1,0
2026-07-26T00:25:25.012368+00:00,1785025510,6705,321 Surrey Central/WhiteRock,15247337,6174,9,-557
2026-07-26T00:25:25.012368+00:00,1785025510,6705,321 Surrey Central/WhiteRock,15247337,5437,10,-539
2026-07-26T00:25:25.012368+00:00,1785025510,6705,321 Surrey Central/WhiteRock,15247337,5438,11,-542
2026-07-26T00:25:25.012368+00:00,1785025510,6705,321 Surrey Central/WhiteRock,15247337,5439,12,-535
2026-07-26T00:25:25.012368+00:00,1785025510,6705,321 Surrey Central/WhiteRock,15247337,5440,13,-552
2026-07-26T00:25:25.012368+00:00,1785025510,6705,321 Surrey Central/WhiteRock,15247337,5441,14,-549
2026-07-26T00:25:25.012368+00:00,1785025510,6705,321 Surrey Central/WhiteRock,15247337,5442,15,-570
2026-07-26T00:25:25.012368+00:00,1785025510,6705,321 Surrey Central/WhiteRock,15247337,5444,16,-561
2026-07-26T00:25:25.012368+00:00,1785025510,6705,321 Surrey Central/WhiteRock,15247337,9083,17,-577
2026-07-26T00:25:25.012368+00:00,1785025510,6705,321 Surrey Central/WhiteRock,15247337,5446,18,-560
2026-07-26T00:25:25.012368+00:00,1785025510,6705,321 Surrey Central/WhiteRock,15247337,10445,19,-567
2026-07-26T00:25:25.012368+00:00,1785025510,6705,321 Surrey Central/WhiteRock,15247337,5447,20,-599
2026-07-26T00:25:25.012368+00:00,1785025510,6705,321 Surrey Central/WhiteRock,15247337,5448,21,-593
2026-07-26T00:25:25.012368+00:00,1785025510,6705,321 Surrey Central/WhiteRock,15247337,10437,22,-592
2026-07-26T00:25:25.012368+00:00,1785025510,6705,321 Surrey Central/WhiteRock,15247337,5449,23,-637
2026-07-26T00:25:25.012368+00:00,1785025510,6705,321 Surrey Central/WhiteRock,15247337,11313,24,-671
2026-07-26T00:25:25.012368+00:00,1785025510,6705,321 Surrey Central/WhiteRock,15247337,10808,25,-799
2026-07-26T00:25:25.012368+00:00,1785025510,6705,321 Surrey Central/WhiteRock,15247337,5452,26,-907
2026-07-26T00:25:25.012368+00:00,1785025510,6705,321 Surrey Central/WhiteRock,15247337,11913,27,-921
2026-07-26T00:25:25.012368+00:00,1785025510,6705,321 Surrey Central/WhiteRock,15247337,5454,28,-926
2026-07-26T00:25:25.012368+00:00,1785025510,6705,321 Surrey Central/WhiteRock,15247337,5455,29,-928
2026-07-26T00:25:25.012368+00:00,1785025510,6705,321 Surrey Central/WhiteRock,15247337,5456,30,-878
2026-07-26T00:25:25.012368+00:00,1785025510,6705,321 Surrey Central/WhiteRock,15247337,12651,31,-900
2026-07-26T00:25:25.012368+00:00,1785025510,6705,321 Surrey Central/WhiteRock,15247337,5458,32,-894
2026-07-26T00:25:25.012368+00:00,1785025510,6705,321 Surrey Central/WhiteRock,15247337,5459,33,-882
2026-07-26T00:25:25.012368+00:00,1785025510,6705,321 Surrey Central/WhiteRock,15247337,5460,34,-886
2026-07-26T00:25:25.012368+00:00,1785025510,6705,321 Surrey Central/WhiteRock,15247337,5461,35,-892
2026-07-26T00:25:25.012368+00:00,1785025510,6705,321 Surrey Central/WhiteRock,15247337,5462,36,-895
2026-07-26T00:25:25.012368+00:00,1785025510,6705,321 Surrey Central/WhiteRock,15247337,5463,37,-839
2026-07-26T00:25:25.012368+00:00,1785025510,6705,321 Surrey Central/WhiteRock,15247337,5700,38,0
2026-07-26T00:25:25.012368+00:00,1785025510,6705,321 Surrey Central/WhiteRock,15247337,5465,39,3
2026-07-26T00:25:25.012368+00:00,1785025510,6705,321 Surrey Central/WhiteRock,15247337,5466,40,-29
2026-07-26T00:25:25.012368+00:00,1785025510,6705,321 Surrey Central/WhiteRock,15247337,5467,41,10
2026-07-26T00:25:25.012368+00:00,1785025510,6705,321 Surrey Central/WhiteRock,15247337,5468,42,-14
2026-07-26T00:25:25.012368+00:00,1785025510,6705,321 Surrey Central/WhiteRock,15247337,5469,43,-35
2026-07-26T00:25:25.012368+00:00,1785025510,6705,321 Surrey Central/WhiteRock,15247337,5470,44,-53
2026-07-26T00:25:25.012368+00:00,1785025510,6705,321 Surrey Central/WhiteRock,15247337,5471,45,-83
2026-07-26T00:25:25.012368+00:00,1785025510,6705,321 Surrey Central/WhiteRock,15247337,5472,46,-101
2026-07-26T00:25:25.012368+00:00,1785025510,6705,321 Surrey Central/WhiteRock,15247337,5473,47,-144
2026-07-26T00:25:25.012368+00:00,1785025510,6705,321 Surrey Central/WhiteRock,15247337,5474,48,-143
2026-07-26T00:25:25.012368+00:00,1785025510,6705,321 Surrey Central/WhiteRock,15247337,5475,49,-183
2026-07-26T00:25:25.012368+00:00,1785025510,6705,321 Surrey Central/WhiteRock,15247337,5476,50,-197
2026-07-26T00:25:25.012368+00:00,1785025510,6705,321 Surrey Central/WhiteRock,15247337,5477,51,-216
2026-07-26T00:25:25.012368+00:00,1785025510,6705,321 Surrey Central/WhiteRock,15247337,11725,52,-240
2026-07-26T00:25:25.012368+00:00,1785025510,6705,321 Surrey Central/WhiteRock,15247337,5040,53,-220
2026-07-26T00:25:25.012368+00:00,1785025510,6705,321 Surrey Central/WhiteRock,15247337,5041,54,-202
2026-07-26T00:25:25.012368+00:00,1785025510,6705,321 Surrey Central/WhiteRock,15247337,12155,55,-190
2026-07-26T00:25:25.012368+00:00,1785025510,6705,321 Surrey Central/WhiteRock,15247337,9089,56,-159
2026-07-26T00:25:25.012368+00:00,1785025510,6705,321 Surrey Central/WhiteRock,15247337,7213,57,-175
2026-07-26T00:25:25.012368+00:00,1785025510,6705,321 Surrey Central/WhiteRock,15247364,12916,5,63
2026-07-26T00:25:25.012368+00:00,1785025510,6705,321 Surrey Central/WhiteRock,15247364,5049,6,56
2026-07-26T00:25:25.012368+00:00,1785025510,6705,321 Surrey Central/WhiteRock,15247364,5039,7,51
2026-07-26T00:25:25.012368+00:00,1785025510,6705,321 Surrey Central/WhiteRock,15247364,8351,8,30
2026-07-26T00:25:25.012368+00:00,1785025510,6705,321 Surrey Central/WhiteRock,15247364,5496,9,-21
2026-07-26T00:25:25.012368+00:00,1785025510,6705,321 Surrey Central/WhiteRock,15247364,5497,10,-57
2026-07-26T00:25:25.012368+00:00,1785025510,6705,321 Surrey Central/WhiteRock,15247364,5498,11,-69
2026-07-26T00:25:25.012368+00:00,1785025510,6705,321 Surrey Central/WhiteRock,15247364,5499,12,-103
2026-07-26T00:25:25.012368+00:00,1785025510,6705,321 Surrey Central/WhiteRock,15247364,5500,13,-110
2026-07-26T00:25:25.012368+00:00,1785025510,6705,321 Surrey Central/WhiteRock,15247364,5501,14,-133
2026-07-26T00:25:25.012368+00:00,1785025510,6705,321 Surrey Central/WhiteRock,15247364,5502,15,-143
2026-07-26T00:25:25.012368+00:00,1785025510,6705,321 Surrey Central/WhiteRock,15247364,5503,16,-162
2026-07-26T00:25:25.012368+00:00,1785025510,6705,321 Surrey Central/WhiteRock,15247364,5504,17,-208
2026-07-26T00:25:25.012368+00:00,1785025510,6705,321 Surrey Central/WhiteRock,15247364,5505,18,-187
2026-07-26T00:25:25.012368+00:00,1785025510,6705,321 Surrey Central/WhiteRock,15247364,5507,19,-174
2026-07-26T00:25:25.012368+00:00,1785025510,6705,321 Surrey Central/WhiteRock,15247364,5633,20,0
2026-07-26T00:25:25.012368+00:00,1785025510,6705,321 Surrey Central/WhiteRock,15247364,5510,21,32
2026-07-26T00:25:25.012368+00:00,1785025510,6705,321 Surrey Central/WhiteRock,15247364,5511,22,26
2026-07-26T00:25:25.012368+00:00,1785025510,6705,321 Surrey Central/WhiteRock,15247364,5512,23,22
2026-07-26T00:25:25.012368+00:00,1785025510,6705,321 Surrey Central/WhiteRock,15247364,5513,24,9
2026-07-26T00:25:25.012368+00:00,1785025510,6705,321 Surrey Central/WhiteRock,15247364,5514,25,79
2026-07-26T00:25:25.012368+00:00,1785025510,6705,321 Surrey Central/WhiteRock,15247364,5515,26,73
2026-07-26T00:25:25.012368+00:00,1785025510,6705,321 Surrey Central/WhiteRock,15247364,5516,27,86
2026-07-26T00:25:25.012368+00:00,1785025510,6705,321 Surrey Central/WhiteRock,15247364,5517,28,101
2026-07-26T00:25:25.012368+00:00,1785025510,6705,321 Surrey Central/WhiteRock,15247364,5518,29,106
2026-07-26T00:25:25.012368+00:00,1785025510,6705,321 Surrey Central/WhiteRock,15247364,5519,30,87
2026-07-26T00:25:25.012368+00:00,1785025510,6705,321 Surrey Central/WhiteRock,15247364,5520,31,74
2026-07-26T00:25:25.012368+00:00,1785025510,6705,321 Surrey Central/WhiteRock,15247364,5521,32,-121
2026-07-26T00:25:25.012368+00:00,1785025510,6705,321 Surrey Central/WhiteRock,15247364,5522,33,-247
2026-07-26T00:25:25.012368+00:00,1785025510,6705,321 Surrey Central/WhiteRock,15247364,5523,34,-281
2026-07-26T00:25:25.012368+00:00,1785025510,6705,321 Surrey Central/WhiteRock,15247364,6466,35,-297
2026-07-26T00:25:25.012368+00:00,1785025510,6705,321 Surrey Central/WhiteRock,15247364,5524,36,-296
2026-07-26T00:25:25.012368+00:00,1785025510,6705,321 Surrey Central/WhiteRock,15247364,5525,37,-323
2026-07-26T00:25:25.012368+00:00,1785025510,6705,321 Surrey Central/WhiteRock,15247364,10443,38,-347
2026-07-26T00:25:25.012368+00:00,1785025510,6705,321 Surrey Central/WhiteRock,15247364,5528,39,-342
2026-07-26T00:25:25.012368+00:00,1785025510,6705,321 Surrey Central/WhiteRock,15247364,5529,40,-360
2026-07-26T00:25:25.012368+00:00,1785025510,6705,321 Surrey Central/WhiteRock,15247364,5530,41,-375
2026-07-26T00:25:25.012368+00:00,1785025510,6705,321 Surrey Central/WhiteRock,15247364,5533,42,-382
2026-07-26T00:25:25.012368+00:00,1785025510,6705,321 Surrey Central/WhiteRock,15247364,5534,43,-401
2026-07-26T00:25:25.012368+00:00,1785025510,6705,321 Surrey Central/WhiteRock,15247364,5535,44,-406
2026-07-26T00:25:25.012368+00:00,1785025510,6705,321 Surrey Central/WhiteRock,15247364,5536,45,-426
2026-07-26T00:25:25.012368+00:00,1785025510,6705,321 Surrey Central/WhiteRock,15247364,5537,46,-434
2026-07-26T00:25:25.012368+00:00,1785025510,6705,321 Surrey Central/WhiteRock,15247364,5538,47,-442
2026-07-26T00:25:25.012368+00:00,1785025510,6705,321 Surrey Central/WhiteRock,15247364,5541,48,-419
2026-07-26T00:25:25.012368+00:00,1785025510,6705,321 Surrey Central/WhiteRock,15247364,5542,49,-403
2026-07-26T00:25:25.012368+00:00,1785025510,6705,321 Surrey Central/WhiteRock,15247364,6195,50,-368
2026-07-26T00:25:25.012368+00:00,1785025510,6705,321 Surrey Central/WhiteRock,15247374,8351,8,429
2026-07-26T00:25:25.012368+00:00,1785025510,6705,321 Surrey Central/WhiteRock,15247374,5496,9,376
2026-07-26T00:25:25.012368+00:00,1785025510,6705,321 Surrey Central/WhiteRock,15247374,5497,10,339
2026-07-26T00:25:25.012368+00:00,1785025510,6705,321 Surrey Central/WhiteRock,15247374,5498,11,327
2026-07-26T00:25:25.012368+00:00,1785025510,6705,321 Surrey Central/WhiteRock,15247374,5499,12,293
2026-07-26T00:25:25.012368+00:00,1785025510,6705,321 Surrey Central/WhiteRock,15247374,5500,13,279
2026-07-26T00:25:25.012368+00:00,1785025510,6705,321 Surrey Central/WhiteRock,15247374,5501,14,256
2026-07-26T00:25:25.012368+00:00,1785025510,6705,321 Surrey Central/WhiteRock,15247374,5502,15,246
2026-07-26T00:25:25.012368+00:00,1785025510,6705,321 Surrey Central/WhiteRock,15247374,5503,16,227
2026-07-26T00:25:25.012368+00:00,1785025510,6705,321 Surrey Central/WhiteRock,15247374,5504,17,180
2026-07-26T00:25:25.012368+00:00,1785025510,6705,321 Surrey Central/WhiteRock,15247374,5505,18,201
2026-07-26T00:25:25.012368+00:00,1785025510,6705,321 Surrey Central/WhiteRock,15247374,5507,19,211
2026-07-26T00:25:25.012368+00:00,1785025510,6705,321 Surrey Central/WhiteRock,15247374,5633,20,263
2026-07-26T00:25:25.012368+00:00,1785025510,6705,321 Surrey Central/WhiteRock,15247374,5510,21,305
2026-07-26T00:25:25.012368+00:00,1785025510,6705,321 Surrey Central/WhiteRock,15247374,5511,22,299
2026-07-26T00:25:25.012368+00:00,1785025510,6705,321 Surrey Central/WhiteRock,15247374,5512,23,295
2026-07-26T00:25:25.012368+00:00,1785025510,6705,321 Surrey Central/WhiteRock,15247374,5513,24,280
2026-07-26T00:25:25.012368+00:00,1785025510,6705,321 Surrey Central/WhiteRock,15247374,5514,25,350
2026-07-26T00:25:25.012368+00:00,1785025510,6705,321 Surrey Central/WhiteRock,15247374,5515,26,344
2026-07-26T00:25:25.012368+00:00,1785025510,6705,321 Surrey Central/WhiteRock,15247374,5516,27,346
2026-07-26T00:25:25.012368+00:00,1785025510,6705,321 Surrey Central/WhiteRock,15247374,5517,28,361
2026-07-26T00:25:25.012368+00:00,1785025510,6705,321 Surrey Central/WhiteRock,15247374,5518,29,364
2026-07-26T00:25:25.012368+00:00,1785025510,6705,321 Surrey Central/WhiteRock,15247374,5519,30,345
2026-07-26T00:25:25.012368+00:00,1785025510,6705,321 Surrey Central/WhiteRock,15247374,5520,31,332
2026-07-26T00:25:25.012368+00:00,1785025510,6705,321 Surrey Central/WhiteRock,15247374,5521,32,137
2026-07-26T00:25:25.012368+00:00,1785025510,6705,321 Surrey Central/WhiteRock,15247374,5522,33,11
2026-07-26T00:25:25.012368+00:00,1785025510,6705,321 Surrey Central/WhiteRock,15247374,5523,34,-23
2026-07-26T00:25:25.012368+00:00,1785025510,6705,321 Surrey Central/WhiteRock,15247374,6466,35,-38
2026-07-26T00:25:25.012368+00:00,1785025510,6705,321 Surrey Central/WhiteRock,15247374,5524,36,-27
2026-07-26T00:25:25.012368+00:00,1785025510,6705,321 Surrey Central/WhiteRock,15247374,5525,37,-52
2026-07-26T00:25:25.012368+00:00,1785025510,6705,321 Surrey Central/WhiteRock,15247374,10443,38,-72
2026-07-26T00:25:25.012368+00:00,1785025510,6705,321 Surrey Central/WhiteRock,15247374,5528,39,-71
2026-07-26T00:25:25.012368+00:00,1785025510,6705,321 Surrey Central/WhiteRock,15247374,5529,40,-91
2026-07-26T00:25:25.012368+00:00,1785025510,6705,321 Surrey Central/WhiteRock,15247374,5530,41,-106
2026-07-26T00:25:25.012368+00:00,1785025510,6705,321 Surrey Central/WhiteRock,15247374,5533,42,-105
2026-07-26T00:25:25.012368+00:00,1785025510,6705,321 Surrey Central/WhiteRock,15247374,5534,43,-121
2026-07-26T00:25:25.012368+00:00,1785025510,6705,321 Surrey Central/WhiteRock,15247374,5535,44,-116
2026-07-26T00:25:25.012368+00:00,1785025510,6705,321 Surrey Central/WhiteRock,15247374,5536,45,-137
2026-07-26T00:25:25.012368+00:00,1785025510,6705,321 Surrey Central/WhiteRock,15247374,5537,46,-133
2026-07-26T00:25:25.012368+00:00,1785025510,6705,321 Surrey Central/WhiteRock,15247374,5538,47,-138
2026-07-26T00:25:25.012368+00:00,1785025510,6705,321 Surrey Central/WhiteRock,15247374,5541,48,-112
2026-07-26T00:25:25.012368+00:00,1785025510,6705,321 Surrey Central/WhiteRock,15247374,5542,49,-96
2026-07-26T00:25:25.012368+00:00,1785025510,6705,321 Surrey Central/WhiteRock,15247374,6195,50,-61
2026-07-26T00:25:25.012368+00:00,1785025510,6705,321 Surrey Central/WhiteRock,15247408,10880,1,0
2026-07-26T00:25:25.012368+00:00,1785025510,6705,321 Surrey Central/WhiteRock,15247408,5046,2,0
2026-07-26T00:25:25.012368+00:00,1785025510,6705,321 Surrey Central/WhiteRock,15247408,5047,3,0
2026-07-26T00:25:25.012368+00:00,1785025510,6705,321 Surrey Central/WhiteRock,15247408,8566,4,0
2026-07-26T00:25:25.012368+00:00,1785025510,6705,321 Surrey Central/WhiteRock,15247408,12916,5,0
2026-07-26T00:25:25.012368+00:00,1785025510,6705,321 Surrey Central/WhiteRock,15247408,5049,6,0
2026-07-26T00:25:25.012368+00:00,1785025510,6705,321 Surrey Central/WhiteRock,15247408,5039,7,0
2026-07-26T00:25:25.012368+00:00,1785025510,6705,321 Surrey Central/WhiteRock,15247408,8351,8,0
2026-07-26T00:25:25.012368+00:00,1785025510,6705,321 Surrey Central/WhiteRock,15247408,5496,9,0
2026-07-26T00:25:25.012368+00:00,1785025510,6705,321 Surrey Central/WhiteRock,15247408,5497,10,0
2026-07-26T00:25:25.012368+00:00,1785025510,6705,321 Surrey Central/WhiteRock,15247408,5498,11,0
2026-07-26T00:25:25.012368+00:00,1785025510,6705,321 Surrey Central/WhiteRock,15247408,5499,12,0
2026-07-26T00:25:25.012368+00:00,1785025510,6705,321 Surrey Central/WhiteRock,15247408,5500,13,0
2026-07-26T00:25:25.012368+00:00,1785025510,6705,321 Surrey Central/WhiteRock,15247408,5501,14,0
2026-07-26T00:25:25.012368+00:00,1785025510,6705,321 Surrey Central/WhiteRock,15247408,5502,15,0
2026-07-26T00:25:25.012368+00:00,1785025510,6705,321 Surrey Central/WhiteRock,15247408,5503,16,0
2026-07-26T00:25:25.012368+00:00,1785025510,6705,321 Surrey Central/WhiteRock,15247408,5504,17,0
2026-07-26T00:25:25.012368+00:00,1785025510,6705,321 Surrey Central/WhiteRock,15247408,5505,18,0
2026-07-26T00:25:25.012368+00:00,1785025510,6705,321 Surrey Central/WhiteRock,15247408,5507,19,0
2026-07-26T00:25:25.012368+00:00,1785025510,6705,321 Surrey Central/WhiteRock,15247408,5633,20,0
2026-07-26T00:25:25.012368+00:00,1785025510,6705,321 Surrey Central/WhiteRock,15247408,5510,21,0
2026-07-26T00:25:25.012368+00:00,1785025510,6705,321 Surrey Central/WhiteRock,15247408,5511,22,0
2026-07-26T00:25:25.012368+00:00,1785025510,6705,321 Surrey Central/WhiteRock,15247408,5512,23,0
2026-07-26T00:25:25.012368+00:00,1785025510,6705,321 Surrey Central/WhiteRock,15247408,5513,24,0
2026-07-26T00:25:25.012368+00:00,1785025510,6705,321 Surrey Central/WhiteRock,15247408,5514,25,0
2026-07-26T00:25:25.012368+00:00,1785025510,6705,321 Surrey Central/WhiteRock,15247408,5515,26,0
2026-07-26T00:25:25.012368+00:00,1785025510,6705,321 Surrey Central/WhiteRock,15247408,5516,27,0
2026-07-26T00:25:25.012368+00:00,1785025510,6705,321 Surrey Central/WhiteRock,15247408,5517,28,0
2026-07-26T00:25:25.012368+00:00,1785025510,6705,321 Surrey Central/WhiteRock,15247408,5518,29,0
2026-07-26T00:25:25.012368+00:00,1785025510,6705,321 Surrey Central/WhiteRock,15247408,5519,30,0
2026-07-26T00:25:25.012368+00:00,1785025510,6705,321 Surrey Central/WhiteRock,15247408,5520,31,0
2026-07-26T00:25:25.012368+00:00,1785025510,6705,321 Surrey Central/WhiteRock,15247408,5521,32,0
2026-07-26T00:25:25.012368+00:00,1785025510,6705,321 Surrey Central/WhiteRock,15247408,5522,33,0
2026-07-26T00:25:25.012368+00:00,1785025510,6705,321 Surrey Central/WhiteRock,15247408,5523,34,0
2026-07-26T00:25:25.012368+00:00,1785025510,6705,321 Surrey Central/WhiteRock,15247408,6466,35,0
2026-07-26T00:25:25.012368+00:00,1785025510,6705,321 Surrey Central/WhiteRock,15247408,5524,36,0
2026-07-26T00:25:25.012368+00:00,1785025510,6705,321 Surrey Central/WhiteRock,15247408,5525,37,0
2026-07-26T00:25:25.012368+00:00,1785025510,6705,321 Surrey Central/WhiteRock,15247408,10443,38,0
2026-07-26T00:25:25.012368+00:00,1785025510,6705,321 Surrey Central/WhiteRock,15247408,5528,39,0
2026-07-26T00:25:25.012368+00:00,1785025510,6705,321 Surrey Central/WhiteRock,15247408,5529,40,0
2026-07-26T00:25:25.012368+00:00,1785025510,6705,321 Surrey Central/WhiteRock,15247408,5530,41,0
2026-07-26T00:25:25.012368+00:00,1785025510,6705,321 Surrey Central/WhiteRock,15247408,5533,42,0
2026-07-26T00:25:25.012368+00:00,1785025510,6705,321 Surrey Central/WhiteRock,15247408,5534,43,0
2026-07-26T00:25:25.012368+00:00,1785025510,6705,321 Surrey Central/WhiteRock,15247408,5535,44,0
2026-07-26T00:25:25.012368+00:00,1785025510,6705,321 Surrey Central/WhiteRock,15247408,5536,45,0
2026-07-26T00:25:25.012368+00:00,1785025510,6705,321 Surrey Central/WhiteRock,15247408,5537,46,0
2026-07-26T00:25:25.012368+00:00,1785025510,6705,321 Surrey Central/WhiteRock,15247408,5538,47,0
2026-07-26T00:25:25.012368+00:00,1785025510,6705,321 Surrey Central/WhiteRock,15247408,5541,48,0
2026-07-26T00:25:25.012368+00:00,1785025510,6705,321 Surrey Central/WhiteRock,15247408,5542,49,0
2026-07-26T00:25:25.012368+00:00,1785025510,6705,321 Surrey Central/WhiteRock,15247408,6195,50,0
2026-07-26T00:25:25.012368+00:00,1785025510,6705,321 Surrey Central/WhiteRock,15247447,5524,36,-116
2026-07-26T00:25:25.012368+00:00,1785025510,6705,321 Surrey Central/WhiteRock,15247447,5525,37,-144
2026-07-26T00:25:25.012368+00:00,1785025510,6705,321 Surrey Central/WhiteRock,15247447,10443,38,-172
2026-07-26T00:25:25.012368+00:00,1785025510,6705,321 Surrey Central/WhiteRock,15247447,5528,39,-167
2026-07-26T00:25:25.012368+00:00,1785025510,6705,321 Surrey Central/WhiteRock,15247447,5529,40,-186
2026-07-26T00:25:25.012368+00:00,1785025510,6705,321 Surrey Central/WhiteRock,15247447,5530,41,-200
2026-07-26T00:25:25.012368+00:00,1785025510,6705,321 Surrey Central/WhiteRock,15247447,5533,42,-207
2026-07-26T00:25:25.012368+00:00,1785025510,6705,321 Surrey Central/WhiteRock,15247447,5534,43,-225
2026-07-26T00:25:25.012368+00:00,1785025510,6705,321 Surrey Central/WhiteRock,15247447,5535,44,-209
2026-07-26T00:25:25.012368+00:00,1785025510,6705,321 Surrey Central/WhiteRock,15247447,5536,45,-227
2026-07-26T00:25:25.012368+00:00,1785025510,6705,321 Surrey Central/WhiteRock,15247447,5537,46,-234
2026-07-26T00:25:25.012368+00:00,1785025510,6705,321 Surrey Central/WhiteRock,15247447,5538,47,-240
2026-07-26T00:25:25.012368+00:00,1785025510,6705,321 Surrey Central/WhiteRock,15247447,5541,48,-210
2026-07-26T00:25:25.012368+00:00,1785025510,6705,321 Surrey Central/WhiteRock,15247447,5542,49,-194
2026-07-26T00:25:25.012368+00:00,1785025510,6705,321 Surrey Central/WhiteRock,15247447,6195,50,-156
2026-07-26T00:25:25.012368+00:00,1785025510,6705,321 Surrey Central/WhiteRock,15247448,5518,29,103
2026-07-26T00:25:25.012368+00:00,1785025510,6705,321 Surrey Central/WhiteRock,15247448,5519,30,84
2026-07-26T00:25:25.012368+00:00,1785025510,6705,321 Surrey Central/WhiteRock,15247448,5520,31,70
2026-07-26T00:25:25.012368+00:00,1785025510,6705,321 Surrey Central/WhiteRock,15247448,5521,32,-125
2026-07-26T00:25:25.012368+00:00,1785025510,6705,321 Surrey Central/WhiteRock,15247448,5522,33,-250
2026-07-26T00:25:25.012368+00:00,1785025510,6705,321 Surrey Central/WhiteRock,15247448,5523,34,-284
2026-07-26T00:25:25.012368+00:00,1785025510,6705,321 Surrey Central/WhiteRock,15247448,6466,35,-299
2026-07-26T00:25:25.012368+00:00,1785025510,6705,321 Surrey Central/WhiteRock,15247448,5524,36,-287
2026-07-26T00:25:25.012368+00:00,1785025510,6705,321 Surrey Central/WhiteRock,15247448,5525,37,-313
2026-07-26T00:25:25.012368+00:00,1785025510,6705,321 Surrey Central/WhiteRock,15247448,10443,38,-333
2026-07-26T00:25:25.012368+00:00,1785025510,6705,321 Surrey Central/WhiteRock,15247448,5528,39,-327
2026-07-26T00:25:25.012368+00:00,1785025510,6705,321 Surrey Central/WhiteRock,15247448,5529,40,-346
2026-07-26T00:25:25.012368+00:00,1785025510,6705,321 Surrey Central/WhiteRock,15247448,5530,41,-358
2026-07-26T00:25:25.012368+00:00,1785025510,6705,321 Surrey Central/WhiteRock,15247448,5533,42,-366
2026-07-26T00:25:25.012368+00:00,1785025510,6705,321 Surrey Central/WhiteRock,15247448,5534,43,-383
2026-07-26T00:25:25.012368+00:00,1785025510,6705,321 Surrey Central/WhiteRock,15247448,5535,44,-371
2026-07-26T00:25:25.012368+00:00,1785025510,6705,321 Surrey Central/WhiteRock,15247448,5536,45,-392
2026-07-26T00:25:25.012368+00:00,1785025510,6705,321 Surrey Central/WhiteRock,15247448,5537,46,-387
2026-07-26T00:25:25.012368+00:00,1785025510,6705,321 Surrey Central/WhiteRock,15247448,5538,47,-394
2026-07-26T00:25:25.012368+00:00,1785025510,6705,321 Surrey Central/WhiteRock,15247448,5541,48,-363
2026-07-26T00:25:25.012368+00:00,1785025510,6705,321 Surrey Central/WhiteRock,15247448,5542,49,-347
2026-07-26T00:25:25.012368+00:00,1785025510,6705,321 Surrey Central/WhiteRock,15247448,6195,50,-313
2026-07-26T00:25:25.012368+00:00,1785025510,6705,321 Surrey Central/WhiteRock,15247449,5633,20,0
2026-07-26T00:25:25.012368+00:00,1785025510,6705,321 Surrey Central/WhiteRock,15247449,5510,21,32
2026-07-26T00:25:25.012368+00:00,1785025510,6705,321 Surrey Central/WhiteRock,15247449,5511,22,26
2026-07-26T00:25:25.012368+00:00,1785025510,6705,321 Surrey Central/WhiteRock,15247449,5512,23,22
2026-07-26T00:25:25.012368+00:00,1785025510,6705,321 Surrey Central/WhiteRock,15247449,5513,24,9
2026-07-26T00:25:25.012368+00:00,1785025510,6705,321 Surrey Central/WhiteRock,15247449,5514,25,79
2026-07-26T00:25:25.012368+00:00,1785025510,6705,321 Surrey Central/WhiteRock,15247449,5515,26,73
2026-07-26T00:25:25.012368+00:00,1785025510,6705,321 Surrey Central/WhiteRock,15247449,5516,27,96
2026-07-26T00:25:25.012368+00:00,1785025510,6705,321 Surrey Central/WhiteRock,15247449,5517,28,111
2026-07-26T00:25:25.012368+00:00,1785025510,6705,321 Surrey Central/WhiteRock,15247449,5518,29,115
2026-07-26T00:25:25.012368+00:00,1785025510,6705,321 Surrey Central/WhiteRock,15247449,5519,30,95
2026-07-26T00:25:25.012368+00:00,1785025510,6705,321 Surrey Central/WhiteRock,15247449,5520,31,81
2026-07-26T00:25:25.012368+00:00,1785025510,6705,321 Surrey Central/WhiteRock,15247449,5521,32,-114
2026-07-26T00:25:25.012368+00:00,1785025510,6705,321 Surrey Central/WhiteRock,15247449,5522,33,-239
2026-07-26T00:25:25.012368+00:00,1785025510,6705,321 Surrey Central/WhiteRock,15247449,5523,34,-273
2026-07-26T00:25:25.012368+00:00,1785025510,6705,321 Surrey Central/WhiteRock,15247449,6466,35,-289
2026-07-26T00:25:25.012368+00:00,1785025510,6705,321 Surrey Central/WhiteRock,15247449,5524,36,-279
2026-07-26T00:25:25.012368+00:00,1785025510,6705,321 Surrey Central/WhiteRock,15247449,5525,37,-306
2026-07-26T00:25:25.012368+00:00,1785025510,6705,321 Surrey Central/WhiteRock,15247449,10443,38,-330
2026-07-26T00:25:25.012368+00:00,1785025510,6705,321 Surrey Central/WhiteRock,15247449,5528,39,-327
2026-07-26T00:25:25.012368+00:00,1785025510,6705,321 Surrey Central/WhiteRock,15247449,5529,40,-346
2026-07-26T00:25:25.012368+00:00,1785025510,6705,321 Surrey Central/WhiteRock,15247449,5530,41,-360
2026-07-26T00:25:25.012368+00:00,1785025510,6705,321 Surrey Central/WhiteRock,15247449,5533,42,-368
2026-07-26T00:25:25.012368+00:00,1785025510,6705,321 Surrey Central/WhiteRock,15247449,5534,43,-386
2026-07-26T00:25:25.012368+00:00,1785025510,6705,321 Surrey Central/WhiteRock,15247449,5535,44,-381
2026-07-26T00:25:25.012368+00:00,1785025510,6705,321 Surrey Central/WhiteRock,15247449,5536,45,-403
2026-07-26T00:25:25.012368+00:00,1785025510,6705,321 Surrey Central/WhiteRock,15247449,5537,46,-410
2026-07-26T00:25:25.012368+00:00,1785025510,6705,321 Surrey Central/WhiteRock,15247449,5538,47,-417
2026-07-26T00:25:25.012368+00:00,1785025510,6705,321 Surrey Central/WhiteRock,15247449,5541,48,-392
2026-07-26T00:25:25.012368+00:00,1785025510,6705,321 Surrey Central/WhiteRock,15247449,5542,49,-374
2026-07-26T00:25:25.012368+00:00,1785025510,6705,321 Surrey Central/WhiteRock,15247449,6195,50,-336
2026-07-26T00:25:25.012368+00:00,1785025510,6705,321 Surrey Central/WhiteRock,15247450,10880,1,0
2026-07-26T00:25:25.012368+00:00,1785025510,6705,321 Surrey Central/WhiteRock,15247450,12916,5,-446
2026-07-26T00:25:25.012368+00:00,1785025510,6705,321 Surrey Central/WhiteRock,15247450,5049,6,-453
2026-07-26T00:25:25.012368+00:00,1785025510,6705,321 Surrey Central/WhiteRock,15247450,5039,7,-458
2026-07-26T00:25:25.012368+00:00,1785025510,6705,321 Surrey Central/WhiteRock,15247450,8351,8,-479
2026-07-26T00:25:25.012368+00:00,1785025510,6705,321 Surrey Central/WhiteRock,15247450,5496,9,-530
2026-07-26T00:25:25.012368+00:00,1785025510,6705,321 Surrey Central/WhiteRock,15247450,5497,10,-566
2026-07-26T00:25:25.012368+00:00,1785025510,6705,321 Surrey Central/WhiteRock,15247450,5498,11,-578
2026-07-26T00:25:25.012368+00:00,1785025510,6705,321 Surrey Central/WhiteRock,15247450,5499,12,-612
2026-07-26T00:25:25.012368+00:00,1785025510,6705,321 Surrey Central/WhiteRock,15247450,5500,13,-619
2026-07-26T00:25:25.012368+00:00,1785025510,6705,321 Surrey Central/WhiteRock,15247450,5501,14,-642
2026-07-26T00:25:25.012368+00:00,1785025510,6705,321 Surrey Central/WhiteRock,15247450,5502,15,-652
2026-07-26T00:25:25.012368+00:00,1785025510,6705,321 Surrey Central/WhiteRock,15247450,5503,16,-676
2026-07-26T00:25:25.012368+00:00,1785025510,6705,321 Surrey Central/WhiteRock,15247450,5504,17,-722
2026-07-26T00:25:25.012368+00:00,1785025510,6705,321 Surrey Central/WhiteRock,15247450,5505,18,-701
2026-07-26T00:25:25.012368+00:00,1785025510,6705,321 Surrey Central/WhiteRock,15247450,5507,19,-688
2026-07-26T00:25:25.012368+00:00,1785025510,6705,321 Surrey Central/WhiteRock,15247450,5633,20,0
2026-07-26T00:25:25.012368+00:00,1785025510,6705,321 Surrey Central/WhiteRock,15247450,5510,21,31
2026-07-26T00:25:25.012368+00:00,1785025510,6705,321 Surrey Central/WhiteRock,15247450,5511,22,25
2026-07-26T00:25:25.012368+00:00,1785025510,6705,321 Surrey Central/WhiteRock,15247450,5512,23,21
2026-07-26T00:25:25.012368+00:00,1785025510,6705,321 Surrey Central/WhiteRock,15247450,5513,24,9
2026-07-26T00:25:25.012368+00:00,1785025510,6705,321 Surrey Central/WhiteRock,15247450,5514,25,79
2026-07-26T00:25:25.012368+00:00,1785025510,6705,321 Surrey Central/WhiteRock,15247450,5515,26,73
2026-07-26T00:25:25.012368+00:00,1785025510,6705,321 Surrey Central/WhiteRock,15247450,5516,27,89
2026-07-26T00:25:25.012368+00:00,1785025510,6705,321 Surrey Central/WhiteRock,15247450,5517,28,104
2026-07-26T00:25:25.012368+00:00,1785025510,6705,321 Surrey Central/WhiteRock,15247450,5518,29,108
2026-07-26T00:25:25.012368+00:00,1785025510,6705,321 Surrey Central/WhiteRock,15247450,5519,30,89
2026-07-26T00:25:25.012368+00:00,1785025510,6705,321 Surrey Central/WhiteRock,15247450,5520,31,84
2026-07-26T00:25:25.012368+00:00,1785025510,6705,321 Surrey Central/WhiteRock,15247450,5521,32,-112
2026-07-26T00:25:25.012368+00:00,1785025510,6705,321 Surrey Central/WhiteRock,15247450,5522,33,-238
2026-07-26T00:25:25.012368+00:00,1785025510,6705,321 Surrey Central/WhiteRock,15247450,5523,34,-272
2026-07-26T00:25:25.012368+00:00,1785025510,6705,321 Surrey Central/WhiteRock,15247450,6466,35,-288
2026-07-26T00:25:25.012368+00:00,1785025510,6705,321 Surrey Central/WhiteRock,15247450,5524,36,-287
2026-07-26T00:25:25.012368+00:00,1785025510,6705,321 Surrey Central/WhiteRock,15247450,5525,37,-315
2026-07-26T00:25:25.012368+00:00,1785025510,6705,321 Surrey Central/WhiteRock,15247450,10443,38,-339
2026-07-26T00:25:25.012368+00:00,1785025510,6705,321 Surrey Central/WhiteRock,15247450,5528,39,-334
2026-07-26T00:25:25.012368+00:00,1785025510,6705,321 Surrey Central/WhiteRock,15247450,5529,40,-355
2026-07-26T00:25:25.012368+00:00,1785025510,6705,321 Surrey Central/WhiteRock,15247450,5530,41,-370
2026-07-26T00:25:25.012368+00:00,1785025510,6705,321 Surrey Central/WhiteRock,15247450,5533,42,-376
2026-07-26T00:25:25.012368+00:00,1785025510,6705,321 Surrey Central/WhiteRock,15247450,5534,43,-395
2026-07-26T00:25:25.012368+00:00,1785025510,6705,321 Surrey Central/WhiteRock,15247450,5535,44,-401
2026-07-26T00:25:25.012368+00:00,1785025510,6705,321 Surrey Central/WhiteRock,15247450,5536,45,-421
2026-07-26T00:25:25.012368+00:00,1785025510,6705,321 Surrey Central/WhiteRock,15247450,5537,46,-431
2026-07-26T00:25:25.012368+00:00,1785025510,6705,321 Surrey Central/WhiteRock,15247450,5538,47,-439
2026-07-26T00:25:25.012368+00:00,1785025510,6705,321 Surrey Central/WhiteRock,15247450,5541,48,-418
2026-07-26T00:25:25.012368+00:00,1785025510,6705,321 Surrey Central/WhiteRock,15247450,5542,49,-403
2026-07-26T00:25:25.012368+00:00,1785025510,6705,321 Surrey Central/WhiteRock,15247450,6195,50,-368
2026-07-26T00:25:25.012368+00:00,1785025510,6715,351 Bridgeport/WhiteRock,15251739,5448,22,77
2026-07-26T00:25:25.012368+00:00,1785025510,6715,351 Bridgeport/WhiteRock,15251739,6194,23,87
2026-07-26T00:25:25.012368+00:00,1785025510,6715,351 Bridgeport/WhiteRock,15251739,4928,24,56
2026-07-26T00:25:25.012368+00:00,1785025510,6715,351 Bridgeport/WhiteRock,15251739,8282,25,52
2026-07-26T00:25:25.012368+00:00,1785025510,6715,351 Bridgeport/WhiteRock,15251762,6172,8,-69
2026-07-26T00:25:25.012368+00:00,1785025510,6715,351 Bridgeport/WhiteRock,15251762,6173,9,-90
2026-07-26T00:25:25.012368+00:00,1785025510,6715,351 Bridgeport/WhiteRock,15251762,6139,10,0
2026-07-26T00:25:25.012368+00:00,1785025510,6715,351 Bridgeport/WhiteRock,15251762,5437,11,25
2026-07-26T00:25:25.012368+00:00,1785025510,6715,351 Bridgeport/WhiteRock,15251762,5438,12,20
2026-07-26T00:25:25.012368+00:00,1785025510,6715,351 Bridgeport/WhiteRock,15251762,5439,13,21
2026-07-26T00:25:25.012368+00:00,1785025510,6715,351 Bridgeport/WhiteRock,15251762,5440,14,0
2026-07-26T00:25:25.012368+00:00,1785025510,6715,351 Bridgeport/WhiteRock,15251762,5441,15,3
2026-07-26T00:25:25.012368+00:00,1785025510,6715,351 Bridgeport/WhiteRock,15251762,5442,16,-24
2026-07-26T00:25:25.012368+00:00,1785025510,6715,351 Bridgeport/WhiteRock,15251762,5444,17,-16
2026-07-26T00:25:25.012368+00:00,1785025510,6715,351 Bridgeport/WhiteRock,15251762,9083,18,-41
2026-07-26T00:25:25.012368+00:00,1785025510,6715,351 Bridgeport/WhiteRock,15251762,5446,19,-34
2026-07-26T00:25:25.012368+00:00,1785025510,6715,351 Bridgeport/WhiteRock,15251762,10445,20,-43
2026-07-26T00:25:25.012368+00:00,1785025510,6715,351 Bridgeport/WhiteRock,15251762,5447,21,-84
2026-07-26T00:25:25.012368+00:00,1785025510,6715,351 Bridgeport/WhiteRock,15251762,5448,22,-85
2026-07-26T00:25:25.012368+00:00,1785025510,6715,351 Bridgeport/WhiteRock,15251762,6194,23,0
2026-07-26T00:25:25.012368+00:00,1785025510,6715,351 Bridgeport/WhiteRock,15251762,4928,24,-31
2026-07-26T00:25:25.012368+00:00,1785025510,6715,351 Bridgeport/WhiteRock,15251762,8282,25,-31
2026-07-26T00:25:25.012368+00:00,1785025510,6715,351 Bridgeport/WhiteRock,15251763,8282,25,-74
2026-07-26T00:25:25.012368+00:00,1785025510,6715,351 Bridgeport/WhiteRock,15251801,8283,2,170
2026-07-26T00:25:25.012368+00:00,1785025510,6715,351 Bridgeport/WhiteRock,15251801,4929,3,158
2026-07-26T00:25:25.012368+00:00,1785025510,6715,351 Bridgeport/WhiteRock,15251801,6175,4,-390
2026-07-26T00:25:25.012368+00:00,1785025510,6715,351 Bridgeport/WhiteRock,15251801,5524,5,-325
2026-07-26T00:25:25.012368+00:00,1785025510,6715,351 Bridgeport/WhiteRock,15251801,5525,6,-331
2026-07-26T00:25:25.012368+00:00,1785025510,6715,351 Bridgeport/WhiteRock,15251801,10443,7,-315
2026-07-26T00:25:25.012368+00:00,1785025510,6715,351 Bridgeport/WhiteRock,15251801,5528,8,-281
2026-07-26T00:25:25.012368+00:00,1785025510,6715,351 Bridgeport/WhiteRock,15251801,5529,9,-282
2026-07-26T00:25:25.012368+00:00,1785025510,6715,351 Bridgeport/WhiteRock,15251801,5530,10,-273
2026-07-26T00:25:25.012368+00:00,1785025510,6715,351 Bridgeport/WhiteRock,15251801,5533,11,-250
2026-07-26T00:25:25.012368+00:00,1785025510,6715,351 Bridgeport/WhiteRock,15251801,5534,12,-244
2026-07-26T00:25:25.012368+00:00,1785025510,6715,351 Bridgeport/WhiteRock,15251801,5535,13,-215
2026-07-26T00:25:25.012368+00:00,1785025510,6715,351 Bridgeport/WhiteRock,15251801,5536,14,-210
2026-07-26T00:25:25.012368+00:00,1785025510,6715,351 Bridgeport/WhiteRock,15251801,5537,15,-188
2026-07-26T00:25:25.012368+00:00,1785025510,6715,351 Bridgeport/WhiteRock,15251801,5538,16,-179
2026-07-26T00:25:25.012368+00:00,1785025510,6715,351 Bridgeport/WhiteRock,15251801,5541,17,-132
2026-07-26T00:25:25.012368+00:00,1785025510,6715,351 Bridgeport/WhiteRock,15251801,5542,18,-102
2026-07-26T00:25:25.012368+00:00,1785025510,6715,351 Bridgeport/WhiteRock,15251801,6340,19,-45
2026-07-26T00:25:25.012368+00:00,1785025510,6715,351 Bridgeport/WhiteRock,15251801,6341,20,-19
2026-07-26T00:25:25.012368+00:00,1785025510,6715,351 Bridgeport/WhiteRock,15251801,6167,21,7
2026-07-26T00:25:25.012368+00:00,1785025510,6715,351 Bridgeport/WhiteRock,15251802,5524,5,-341
2026-07-26T00:25:25.012368+00:00,1785025510,6715,351 Bridgeport/WhiteRock,15251802,5525,6,-348
2026-07-26T00:25:25.012368+00:00,1785025510,6715,351 Bridgeport/WhiteRock,15251802,10443,7,-336
2026-07-26T00:25:25.012368+00:00,1785025510,6715,351 Bridgeport/WhiteRock,15251802,5528,8,-305
2026-07-26T00:25:25.012368+00:00,1785025510,6715,351 Bridgeport/WhiteRock,15251802,5529,9,-306
2026-07-26T00:25:25.012368+00:00,1785025510,6715,351 Bridgeport/WhiteRock,15251802,5530,10,-296
2026-07-26T00:25:25.012368+00:00,1785025510,6715,351 Bridgeport/WhiteRock,15251802,5533,11,-275
2026-07-26T00:25:25.012368+00:00,1785025510,6715,351 Bridgeport/WhiteRock,15251802,5534,12,-271
2026-07-26T00:25:25.012368+00:00,1785025510,6715,351 Bridgeport/WhiteRock,15251802,5535,13,-225
2026-07-26T00:25:25.012368+00:00,1785025510,6715,351 Bridgeport/WhiteRock,15251802,5536,14,-220
2026-07-26T00:25:25.012368+00:00,1785025510,6715,351 Bridgeport/WhiteRock,15251802,5537,15,-199
2026-07-26T00:25:25.012368+00:00,1785025510,6715,351 Bridgeport/WhiteRock,15251802,5538,16,-189
2026-07-26T00:25:25.012368+00:00,1785025510,6715,351 Bridgeport/WhiteRock,15251802,5541,17,-140
2026-07-26T00:25:25.012368+00:00,1785025510,6715,351 Bridgeport/WhiteRock,15251802,5542,18,-112
2026-07-26T00:25:25.012368+00:00,1785025510,6715,351 Bridgeport/WhiteRock,15251802,6340,19,-58
2026-07-26T00:25:25.012368+00:00,1785025510,6715,351 Bridgeport/WhiteRock,15251802,6341,20,-29
2026-07-26T00:25:25.012368+00:00,1785025510,6715,351 Bridgeport/WhiteRock,15251802,6167,21,-4
2026-07-26T00:25:25.012368+00:00,1785025510,6715,351 Bridgeport/WhiteRock,15251828,4929,3,313
2026-07-26T00:25:25.012368+00:00,1785025510,6715,351 Bridgeport/WhiteRock,15251828,6175,4,-234
2026-07-26T00:25:25.012368+00:00,1785025510,6715,351 Bridgeport/WhiteRock,15251828,5524,5,-169
2026-07-26T00:25:25.012368+00:00,1785025510,6715,351 Bridgeport/WhiteRock,15251828,5525,6,-175
2026-07-26T00:25:25.012368+00:00,1785025510,6715,351 Bridgeport/WhiteRock,15251828,10443,7,-158
2026-07-26T00:25:25.012368+00:00,1785025510,6715,351 Bridgeport/WhiteRock,15251828,5528,8,-127
2026-07-26T00:25:25.012368+00:00,1785025510,6715,351 Bridgeport/WhiteRock,15251828,5529,9,-128
2026-07-26T00:25:25.012368+00:00,1785025510,6715,351 Bridgeport/WhiteRock,15251828,5530,10,-118
2026-07-26T00:25:25.012368+00:00,1785025510,6715,351 Bridgeport/WhiteRock,15251828,5533,11,-96
2026-07-26T00:25:25.012368+00:00,1785025510,6715,351 Bridgeport/WhiteRock,15251828,5534,12,-90
2026-07-26T00:25:25.012368+00:00,1785025510,6715,351 Bridgeport/WhiteRock,15251828,5535,13,-62
2026-07-26T00:25:25.012368+00:00,1785025510,6715,351 Bridgeport/WhiteRock,15251828,5536,14,-59
2026-07-26T00:25:25.012368+00:00,1785025510,6715,351 Bridgeport/WhiteRock,15251828,5537,15,-40
2026-07-26T00:25:25.012368+00:00,1785025510,6715,351 Bridgeport/WhiteRock,15251828,5538,16,-33
2026-07-26T00:25:25.012368+00:00,1785025510,6715,351 Bridgeport/WhiteRock,15251828,5541,17,17
2026-07-26T00:25:25.012368+00:00,1785025510,6715,351 Bridgeport/WhiteRock,15251828,5542,18,48
2026-07-26T00:25:25.012368+00:00,1785025510,6715,351 Bridgeport/WhiteRock,15251828,6340,19,103
2026-07-26T00:25:25.012368+00:00,1785025510,6715,351 Bridgeport/WhiteRock,15251828,6341,20,130
2026-07-26T00:25:25.012368+00:00,1785025510,6715,351 Bridgeport/WhiteRock,15251828,6167,21,153
2026-07-26T00:25:25.012368+00:00,1785025510,6715,351 Bridgeport/WhiteRock,15251829,6167,21,12
2026-07-26T00:25:25.012368+00:00,1785025510,11692,364 Langley Centre/Scottsdale,15252764,11139,8,389
2026-07-26T00:25:25.012368+00:00,1785025510,11692,364 Langley Centre/Scottsdale,15252764,11156,9,376
2026-07-26T00:25:25.012368+00:00,1785025510,11692,364 Langley Centre/Scottsdale,15252764,5583,10,384
2026-07-26T00:25:25.012368+00:00,1785025510,11692,364 Langley Centre/Scottsdale,15252764,5584,11,352
2026-07-26T00:25:25.012368+00:00,1785025510,11692,364 Langley Centre/Scottsdale,15252764,6464,12,339
2026-07-26T00:25:25.012368+00:00,1785025510,11692,364 Langley Centre/Scottsdale,15252764,6465,13,316
2026-07-26T00:25:25.012368+00:00,1785025510,11692,364 Langley Centre/Scottsdale,15252764,11074,14,354
2026-07-26T00:25:25.012368+00:00,1785025510,11692,364 Langley Centre/Scottsdale,15252764,11153,15,323
2026-07-26T00:25:25.012368+00:00,1785025510,11692,364 Langley Centre/Scottsdale,15252764,11150,16,282
2026-07-26T00:25:25.012368+00:00,1785025510,11692,364 Langley Centre/Scottsdale,15252764,11148,17,266
2026-07-26T00:25:25.012368+00:00,1785025510,11692,364 Langley Centre/Scottsdale,15252764,11124,18,275
2026-07-26T00:25:25.012368+00:00,1785025510,11692,364 Langley Centre/Scottsdale,15252764,11140,19,235
2026-07-26T00:25:25.012368+00:00,1785025510,11692,364 Langley Centre/Scottsdale,15252764,11145,20,222
2026-07-26T00:25:25.012368+00:00,1785025510,11692,364 Langley Centre/Scottsdale,15252764,11076,21,137
2026-07-26T00:25:25.012368+00:00,1785025510,11692,364 Langley Centre/Scottsdale,15252764,12645,22,-65
2026-07-26T00:25:25.012368+00:00,1785025510,11692,364 Langley Centre/Scottsdale,15252764,9525,23,-64
2026-07-26T00:25:25.012368+00:00,1785025510,11692,364 Langley Centre/Scottsdale,15252764,10148,24,-48
2026-07-26T00:25:25.012368+00:00,1785025510,11692,364 Langley Centre/Scottsdale,15252764,10585,25,-68
2026-07-26T00:25:25.012368+00:00,1785025510,11692,364 Langley Centre/Scottsdale,15252764,10250,26,-77
2026-07-26T00:25:25.012368+00:00,1785025510,11692,364 Langley Centre/Scottsdale,15252764,10588,27,-84
2026-07-26T00:25:25.012368+00:00,1785025510,11692,364 Langley Centre/Scottsdale,15252764,10248,28,-58
2026-07-26T00:25:25.012368+00:00,1785025510,11692,364 Langley Centre/Scottsdale,15252764,10726,29,-54
2026-07-26T00:25:25.012368+00:00,1785025510,11692,364 Langley Centre/Scottsdale,15252764,10725,30,-65
2026-07-26T00:25:25.012368+00:00,1785025510,11692,364 Langley Centre/Scottsdale,15252764,10727,31,-78
2026-07-26T00:25:25.012368+00:00,1785025510,11692,364 Langley Centre/Scottsdale,15252764,10251,32,-83
2026-07-26T00:25:25.012368+00:00,1785025510,11692,364 Langley Centre/Scottsdale,15252764,10252,33,-104
2026-07-26T00:25:25.012368+00:00,1785025510,11692,364 Langley Centre/Scottsdale,15252764,10253,34,-112
2026-07-26T00:25:25.012368+00:00,1785025510,11692,364 Langley Centre/Scottsdale,15252764,10255,35,-128
2026-07-26T00:25:25.012368+00:00,1785025510,11692,364 Langley Centre/Scottsdale,15252764,5332,36,-90
2026-07-26T00:25:25.012368+00:00,1785025510,11692,364 Langley Centre/Scottsdale,15252764,12497,37,-113
2026-07-26T00:25:25.012368+00:00,1785025510,11692,364 Langley Centre/Scottsdale,15252764,5334,38,-115
2026-07-26T00:25:25.012368+00:00,1785025510,11692,364 Langley Centre/Scottsdale,15252764,6472,39,-102
2026-07-26T00:25:25.012368+00:00,1785025510,11692,364 Langley Centre/Scottsdale,15252764,6473,40,-107
2026-07-26T00:25:25.012368+00:00,1785025510,11692,364 Langley Centre/Scottsdale,15252764,6474,41,-113
2026-07-26T00:25:25.012368+00:00,1785025510,11692,364 Langley Centre/Scottsdale,15252764,9306,42,-72
2026-07-26T00:25:25.012368+00:00,1785025510,11692,364 Langley Centre/Scottsdale,15252764,11125,43,-71
2026-07-26T00:25:25.012368+00:00,1785025510,11692,364 Langley Centre/Scottsdale,15252764,9294,44,-62
2026-07-26T00:25:25.012368+00:00,1785025510,11692,364 Langley Centre/Scottsdale,15252764,9293,45,-70
2026-07-26T00:25:25.012368+00:00,1785025510,11692,364 Langley Centre/Scottsdale,15252764,11126,46,-63
2026-07-26T00:25:25.012368+00:00,1785025510,11692,364 Langley Centre/Scottsdale,15252764,7094,47,-104
2026-07-26T00:25:25.012368+00:00,1785025510,11692,364 Langley Centre/Scottsdale,15252765,5244,1,0
2026-07-26T00:25:25.012368+00:00,1785025510,11692,364 Langley Centre/Scottsdale,15252765,4846,2,0
2026-07-26T00:25:25.012368+00:00,1785025510,11692,364 Langley Centre/Scottsdale,15252765,4918,3,0
2026-07-26T00:25:25.012368+00:00,1785025510,11692,364 Langley Centre/Scottsdale,15252765,4919,4,0
2026-07-26T00:25:25.012368+00:00,1785025510,11692,364 Langley Centre/Scottsdale,15252765,4921,5,0
2026-07-26T00:25:25.012368+00:00,1785025510,11692,364 Langley Centre/Scottsdale,15252765,11121,6,0
2026-07-26T00:25:25.012368+00:00,1785025510,11692,364 Langley Centre/Scottsdale,15252765,11142,7,0
2026-07-26T00:25:25.012368+00:00,1785025510,11692,364 Langley Centre/Scottsdale,15252765,11139,8,0
2026-07-26T00:25:25.012368+00:00,1785025510,11692,364 Langley Centre/Scottsdale,15252765,11156,9,0
2026-07-26T00:25:25.012368+00:00,1785025510,11692,364 Langley Centre/Scottsdale,15252765,5583,10,0
2026-07-26T00:25:25.012368+00:00,1785025510,11692,364 Langley Centre/Scottsdale,15252765,5584,11,0
2026-07-26T00:25:25.012368+00:00,1785025510,11692,364 Langley Centre/Scottsdale,15252765,6464,12,0
2026-07-26T00:25:25.012368+00:00,1785025510,11692,364 Langley Centre/Scottsdale,15252765,6465,13,0
2026-07-26T00:25:25.012368+00:00,1785025510,11692,364 Langley Centre/Scottsdale,15252765,11074,14,0
2026-07-26T00:25:25.012368+00:00,1785025510,11692,364 Langley Centre/Scottsdale,15252765,11153,15,0
2026-07-26T00:25:25.012368+00:00,1785025510,11692,364 Langley Centre/Scottsdale,15252765,11150,16,0
2026-07-26T00:25:25.012368+00:00,1785025510,11692,364 Langley Centre/Scottsdale,15252765,11148,17,0
2026-07-26T00:25:25.012368+00:00,1785025510,11692,364 Langley Centre/Scottsdale,15252765,11124,18,0
2026-07-26T00:25:25.012368+00:00,1785025510,11692,364 Langley Centre/Scottsdale,15252765,11140,19,0
2026-07-26T00:25:25.012368+00:00,1785025510,11692,364 Langley Centre/Scottsdale,15252765,11145,20,0
2026-07-26T00:25:25.012368+00:00,1785025510,11692,364 Langley Centre/Scottsdale,15252765,11076,21,0
2026-07-26T00:25:25.012368+00:00,1785025510,11692,364 Langley Centre/Scottsdale,15252765,12645,22,0
2026-07-26T00:25:25.012368+00:00,1785025510,11692,364 Langley Centre/Scottsdale,15252765,9525,23,0
2026-07-26T00:25:25.012368+00:00,1785025510,11692,364 Langley Centre/Scottsdale,15252765,10148,24,0
2026-07-26T00:25:25.012368+00:00,1785025510,11692,364 Langley Centre/Scottsdale,15252765,10585,25,0
2026-07-26T00:25:25.012368+00:00,1785025510,11692,364 Langley Centre/Scottsdale,15252765,10250,26,0
2026-07-26T00:25:25.012368+00:00,1785025510,11692,364 Langley Centre/Scottsdale,15252765,10588,27,0
2026-07-26T00:25:25.012368+00:00,1785025510,11692,364 Langley Centre/Scottsdale,15252765,10248,28,0
2026-07-26T00:25:25.012368+00:00,1785025510,11692,364 Langley Centre/Scottsdale,15252765,10726,29,0
2026-07-26T00:25:25.012368+00:00,1785025510,11692,364 Langley Centre/Scottsdale,15252765,10725,30,0
2026-07-26T00:25:25.012368+00:00,1785025510,11692,364 Langley Centre/Scottsdale,15252765,10727,31,0
2026-07-26T00:25:25.012368+00:00,1785025510,11692,364 Langley Centre/Scottsdale,15252765,10251,32,0
2026-07-26T00:25:25.012368+00:00,1785025510,11692,364 Langley Centre/Scottsdale,15252765,10252,33,0
2026-07-26T00:25:25.012368+00:00,1785025510,11692,364 Langley Centre/Scottsdale,15252765,10253,34,0
2026-07-26T00:25:25.012368+00:00,1785025510,11692,364 Langley Centre/Scottsdale,15252765,10255,35,0
2026-07-26T00:25:25.012368+00:00,1785025510,11692,364 Langley Centre/Scottsdale,15252765,5332,36,0
2026-07-26T00:25:25.012368+00:00,1785025510,11692,364 Langley Centre/Scottsdale,15252765,12497,37,0
2026-07-26T00:25:25.012368+00:00,1785025510,11692,364 Langley Centre/Scottsdale,15252765,5334,38,0
2026-07-26T00:25:25.012368+00:00,1785025510,11692,364 Langley Centre/Scottsdale,15252765,6472,39,0
2026-07-26T00:25:25.012368+00:00,1785025510,11692,364 Langley Centre/Scottsdale,15252765,6473,40,0
2026-07-26T00:25:25.012368+00:00,1785025510,11692,364 Langley Centre/Scottsdale,15252765,6474,41,0
2026-07-26T00:25:25.012368+00:00,1785025510,11692,364 Langley Centre/Scottsdale,15252765,9306,42,0
2026-07-26T00:25:25.012368+00:00,1785025510,11692,364 Langley Centre/Scottsdale,15252765,11125,43,0
2026-07-26T00:25:25.012368+00:00,1785025510,11692,364 Langley Centre/Scottsdale,15252765,9294,44,0
2026-07-26T00:25:25.012368+00:00,1785025510,11692,364 Langley Centre/Scottsdale,15252765,9293,45,0
2026-07-26T00:25:25.012368+00:00,1785025510,11692,364 Langley Centre/Scottsdale,15252765,11126,46,0
2026-07-26T00:25:25.012368+00:00,1785025510,11692,364 Langley Centre/Scottsdale,15252765,7094,47,0
2026-07-26T00:25:25.012368+00:00,1785025510,11692,364 Langley Centre/Scottsdale,15252796,10248,28,-223
2026-07-26T00:25:25.012368+00:00,1785025510,11692,364 Langley Centre/Scottsdale,15252796,10726,29,-218
2026-07-26T00:25:25.012368+00:00,1785025510,11692,364 Langley Centre/Scottsdale,15252796,10725,30,-232
2026-07-26T00:25:25.012368+00:00,1785025510,11692,364 Langley Centre/Scottsdale,15252796,10727,31,-248
2026-07-26T00:25:25.012368+00:00,1785025510,11692,364 Langley Centre/Scottsdale,15252796,10251,32,-255
2026-07-26T00:25:25.012368+00:00,1785025510,11692,364 Langley Centre/Scottsdale,15252796,10252,33,-278
2026-07-26T00:25:25.012368+00:00,1785025510,11692,364 Langley Centre/Scottsdale,15252796,10253,34,-287
2026-07-26T00:25:25.012368+00:00,1785025510,11692,364 Langley Centre/Scottsdale,15252796,10255,35,-305
2026-07-26T00:25:25.012368+00:00,1785025510,11692,364 Langley Centre/Scottsdale,15252796,5332,36,-269
2026-07-26T00:25:25.012368+00:00,1785025510,11692,364 Langley Centre/Scottsdale,15252796,12497,37,-295
2026-07-26T00:25:25.012368+00:00,1785025510,11692,364 Langley Centre/Scottsdale,15252796,5334,38,-299
2026-07-26T00:25:25.012368+00:00,1785025510,11692,364 Langley Centre/Scottsdale,15252796,6472,39,-286
2026-07-26T00:25:25.012368+00:00,1785025510,11692,364 Langley Centre/Scottsdale,15252796,6473,40,-283
2026-07-26T00:25:25.012368+00:00,1785025510,11692,364 Langley Centre/Scottsdale,15252796,6474,41,-278
2026-07-26T00:25:25.012368+00:00,1785025510,11692,364 Langley Centre/Scottsdale,15252796,9306,42,-229
2026-07-26T00:25:25.012368+00:00,1785025510,11692,364 Langley Centre/Scottsdale,15252796,11125,43,-232
2026-07-26T00:25:25.012368+00:00,1785025510,11692,364 Langley Centre/Scottsdale,15252796,9294,44,-238
2026-07-26T00:25:25.012368+00:00,1785025510,11692,364 Langley Centre/Scottsdale,15252796,9293,45,-246
2026-07-26T00:25:25.012368+00:00,1785025510,11692,364 Langley Centre/Scottsdale,15252796,11126,46,-236
2026-07-26T00:25:25.012368+00:00,1785025510,11692,364 Langley Centre/Scottsdale,15252796,7094,47,-273
2026-07-26T00:25:25.012368+00:00,1785025510,11692,364 Langley Centre/Scottsdale,15252799,9294,44,142
2026-07-26T00:25:25.012368+00:00,1785025510,11692,364 Langley Centre/Scottsdale,15252799,9293,45,132
2026-07-26T00:25:25.012368+00:00,1785025510,11692,364 Langley Centre/Scottsdale,15252799,11126,46,141
2026-07-26T00:25:25.012368+00:00,1785025510,11692,364 Langley Centre/Scottsdale,15252799,7094,47,104
2026-07-26T00:25:25.012368+00:00,1785025510,11692,364 Langley Centre/Scottsdale,15252822,11122,40,-11
2026-07-26T00:25:25.012368+00:00,1785025510,11692,364 Langley Centre/Scottsdale,15252822,11155,41,-21
2026-07-26T00:25:25.012368+00:00,1785025510,11692,364 Langley Centre/Scottsdale,15252822,11143,42,-21
2026-07-26T00:25:25.012368+00:00,1785025510,11692,364 Langley Centre/Scottsdale,15252822,11141,43,-47
2026-07-26T00:25:25.012368+00:00,1785025510,11692,364 Langley Centre/Scottsdale,15252822,4936,44,-22
2026-07-26T00:25:25.012368+00:00,1785025510,11692,364 Langley Centre/Scottsdale,15252822,4937,45,-37
2026-07-26T00:25:25.012368+00:00,1785025510,11692,364 Langley Centre/Scottsdale,15252822,4938,46,-53
2026-07-26T00:25:25.012368+00:00,1785025510,11692,364 Langley Centre/Scottsdale,15252822,5229,47,-40
2026-07-26T00:25:25.012368+00:00,1785025510,11692,364 Langley Centre/Scottsdale,15252822,4917,48,36
2026-07-26T00:25:25.012368+00:00,1785025510,11692,364 Langley Centre/Scottsdale,15252824,11075,29,-356
2026-07-26T00:25:25.012368+00:00,1785025510,11692,364 Langley Centre/Scottsdale,15252824,11174,30,-377
2026-07-26T00:25:25.012368+00:00,1785025510,11692,364 Langley Centre/Scottsdale,15252824,11175,31,-403
2026-07-26T00:25:25.012368+00:00,1785025510,11692,364 Langley Centre/Scottsdale,15252824,11123,32,-399
2026-07-26T00:25:25.012368+00:00,1785025510,11692,364 Langley Centre/Scottsdale,15252824,11176,33,-390
2026-07-26T00:25:25.012368+00:00,1785025510,11692,364 Langley Centre/Scottsdale,15252824,11177,34,-414
2026-07-26T00:25:25.012368+00:00,1785025510,11692,364 Langley Centre/Scottsdale,15252824,11178,35,-437
2026-07-26T00:25:25.012368+00:00,1785025510,11692,364 Langley Centre/Scottsdale,15252824,6459,36,-341
2026-07-26T00:25:25.012368+00:00,1785025510,11692,364 Langley Centre/Scottsdale,15252824,6460,37,-343
2026-07-26T00:25:25.012368+00:00,1785025510,11692,364 Langley Centre/Scottsdale,15252824,5621,38,-336
2026-07-26T00:25:25.012368+00:00,1785025510,11692,364 Langley Centre/Scottsdale,15252824,5622,39,-354
2026-07-26T00:25:25.012368+00:00,1785025510,11692,364 Langley Centre/Scottsdale,15252824,11122,40,-313
2026-07-26T00:25:25.012368+00:00,1785025510,11692,364 Langley Centre/Scottsdale,15252824,11155,41,-323
2026-07-26T00:25:25.012368+00:00,1785025510,11692,364 Langley Centre/Scottsdale,15252824,11143,42,-323
2026-07-26T00:25:25.012368+00:00,1785025510,11692,364 Langley Centre/Scottsdale,15252824,11141,43,-349
2026-07-26T00:25:25.012368+00:00,1785025510,11692,364 Langley Centre/Scottsdale,15252824,4936,44,-326
2026-07-26T00:25:25.012368+00:00,1785025510,11692,364 Langley Centre/Scottsdale,15252824,4937,45,-342
2026-07-26T00:25:25.012368+00:00,1785025510,11692,364 Langley Centre/Scottsdale,15252824,4938,46,-361
2026-07-26T00:25:25.012368+00:00,1785025510,11692,364 Langley Centre/Scottsdale,15252824,5229,47,-353
2026-07-26T00:25:25.012368+00:00,1785025510,11692,364 Langley Centre/Scottsdale,15252824,4917,48,-279
2026-07-26T00:25:25.012368+00:00,1785025510,11692,364 Langley Centre/Scottsdale,15252825,7093,3,-522
2026-07-26T00:25:25.012368+00:00,1785025510,11692,364 Langley Centre/Scottsdale,15252825,9291,4,-620
2026-07-26T00:25:25.012368+00:00,1785025510,11692,364 Langley Centre/Scottsdale,15252825,9292,5,-633
2026-07-26T00:25:25.012368+00:00,1785025510,11692,364 Langley Centre/Scottsdale,15252825,11264,6,-636
2026-07-26T00:25:25.012368+00:00,1785025510,11692,364 Langley Centre/Scottsdale,15252825,9303,7,-640
2026-07-26T00:25:25.012368+00:00,1785025510,11692,364 Langley Centre/Scottsdale,15252825,9304,8,-650
2026-07-26T00:25:25.012368+00:00,1785025510,11692,364 Langley Centre/Scottsdale,15252825,6475,9,-610
2026-07-26T00:25:25.012368+00:00,1785025510,11692,364 Langley Centre/Scottsdale,15252825,6476,10,-633
2026-07-26T00:25:25.012368+00:00,1785025510,11692,364 Langley Centre/Scottsdale,15252825,5381,11,-641
2026-07-26T00:25:25.012368+00:00,1785025510,11692,364 Langley Centre/Scottsdale,15252825,12496,12,-639
2026-07-26T00:25:25.012368+00:00,1785025510,11692,364 Langley Centre/Scottsdale,15252825,5382,13,-656
2026-07-26T00:25:25.012368+00:00,1785025510,11692,364 Langley Centre/Scottsdale,15252825,12516,14,-522
2026-07-26T00:25:25.012368+00:00,1785025510,11692,364 Langley Centre/Scottsdale,15252825,10257,15,-559
2026-07-26T00:25:25.012368+00:00,1785025510,11692,364 Langley Centre/Scottsdale,15252825,10258,16,-573
2026-07-26T00:25:25.012368+00:00,1785025510,11692,364 Langley Centre/Scottsdale,15252825,10259,17,-611
2026-07-26T00:25:25.012368+00:00,1785025510,11692,364 Langley Centre/Scottsdale,15252825,10260,18,0
2026-07-26T00:25:25.012368+00:00,1785025510,11692,364 Langley Centre/Scottsdale,15252825,10729,19,-41
2026-07-26T00:25:25.012368+00:00,1785025510,11692,364 Langley Centre/Scottsdale,15252825,13067,20,-62
2026-07-26T00:25:25.012368+00:00,1785025510,11692,364 Langley Centre/Scottsdale,15252825,10633,21,-91
2026-07-26T00:25:25.012368+00:00,1785025510,11692,364 Langley Centre/Scottsdale,15252825,10149,22,-62
2026-07-26T00:25:25.012368+00:00,1785025510,11692,364 Langley Centre/Scottsdale,15252825,10587,23,-80
2026-07-26T00:25:25.012368+00:00,1785025510,11692,364 Langley Centre/Scottsdale,15252825,10261,24,-111
2026-07-26T00:25:25.012368+00:00,1785025510,11692,364 Langley Centre/Scottsdale,15252825,10586,25,-143
2026-07-26T00:25:25.012368+00:00,1785025510,11692,364 Langley Centre/Scottsdale,15252825,9547,26,-118
2026-07-26T00:25:25.012368+00:00,1785025510,11692,364 Langley Centre/Scottsdale,15252825,9526,27,-141
2026-07-26T00:25:25.012368+00:00,1785025510,11692,364 Langley Centre/Scottsdale,15252825,12646,28,-154
2026-07-26T00:25:25.012368+00:00,1785025510,11692,364 Langley Centre/Scottsdale,15252825,11075,29,-285
2026-07-26T00:25:25.012368+00:00,1785025510,11692,364 Langley Centre/Scottsdale,15252825,11174,30,-307
2026-07-26T00:25:25.012368+00:00,1785025510,11692,364 Langley Centre/Scottsdale,15252825,11175,31,-335
2026-07-26T00:25:25.012368+00:00,1785025510,11692,364 Langley Centre/Scottsdale,15252825,11123,32,-334
2026-07-26T00:25:25.012368+00:00,1785025510,11692,364 Langley Centre/Scottsdale,15252825,11176,33,-325
2026-07-26T00:25:25.012368+00:00,1785025510,11692,364 Langley Centre/Scottsdale,15252825,11177,34,-351
2026-07-26T00:25:25.012368+00:00,1785025510,11692,364 Langley Centre/Scottsdale,15252825,11178,35,-378
2026-07-26T00:25:25.012368+00:00,1785025510,11692,364 Langley Centre/Scottsdale,15252825,6459,36,-308
2026-07-26T00:25:25.012368+00:00,1785025510,11692,364 Langley Centre/Scottsdale,15252825,6460,37,-309
2026-07-26T00:25:25.012368+00:00,1785025510,11692,364 Langley Centre/Scottsdale,15252825,5621,38,-302
2026-07-26T00:25:25.012368+00:00,1785025510,11692,364 Langley Centre/Scottsdale,15252825,5622,39,-320
2026-07-26T00:25:25.012368+00:00,1785025510,11692,364 Langley Centre/Scottsdale,15252825,11122,40,-301
2026-07-26T00:25:25.012368+00:00,1785025510,11692,364 Langley Centre/Scottsdale,15252825,11155,41,-308
2026-07-26T00:25:25.012368+00:00,1785025510,11692,364 Langley Centre/Scottsdale,15252825,11143,42,-309
2026-07-26T00:25:25.012368+00:00,1785025510,11692,364 Langley Centre/Scottsdale,15252825,11141,43,-336
2026-07-26T00:25:25.012368+00:00,1785025510,11692,364 Langley Centre/Scottsdale,15252825,4936,44,-315
2026-07-26T00:25:25.012368+00:00,1785025510,11692,364 Langley Centre/Scottsdale,15252825,4937,45,-325
2026-07-26T00:25:25.012368+00:00,1785025510,11692,364 Langley Centre/Scottsdale,15252825,4938,46,-344
2026-07-26T00:25:25.012368+00:00,1785025510,11692,364 Langley Centre/Scottsdale,15252825,5229,47,-332
2026-07-26T00:25:25.012368+00:00,1785025510,11692,364 Langley Centre/Scottsdale,15252825,4917,48,-261
2026-07-26T00:25:25.012368+00:00,1785025510,11692,364 Langley Centre/Scottsdale,15252841,5382,13,-90
2026-07-26T00:25:25.012368+00:00,1785025510,11692,364 Langley Centre/Scottsdale,15252841,12516,14,39
2026-07-26T00:25:25.012368+00:00,1785025510,11692,364 Langley Centre/Scottsdale,15252841,10257,15,0
2026-07-26T00:25:25.012368+00:00,1785025510,11692,364 Langley Centre/Scottsdale,15252841,10258,16,-15
2026-07-26T00:25:25.012368+00:00,1785025510,11692,364 Langley Centre/Scottsdale,15252841,10259,17,-57
2026-07-26T00:25:25.012368+00:00,1785025510,11692,364 Langley Centre/Scottsdale,15252841,10260,18,0
2026-07-26T00:25:25.012368+00:00,1785025510,11692,364 Langley Centre/Scottsdale,15252841,10729,19,-42
2026-07-26T00:25:25.012368+00:00,1785025510,11692,364 Langley Centre/Scottsdale,15252841,13067,20,-63
2026-07-26T00:25:25.012368+00:00,1785025510,11692,364 Langley Centre/Scottsdale,15252841,10633,21,-88
2026-07-26T00:25:25.012368+00:00,1785025510,11692,364 Langley Centre/Scottsdale,15252841,10149,22,-55
2026-07-26T00:25:25.012368+00:00,1785025510,11692,364 Langley Centre/Scottsdale,15252841,10587,23,-72
2026-07-26T00:25:25.012368+00:00,1785025510,11692,364 Langley Centre/Scottsdale,15252841,10261,24,-102
2026-07-26T00:25:25.012368+00:00,1785025510,11692,364 Langley Centre/Scottsdale,15252841,10586,25,-134
2026-07-26T00:25:25.012368+00:00,1785025510,11692,364 Langley Centre/Scottsdale,15252841,9547,26,-108
2026-07-26T00:25:25.012368+00:00,1785025510,11692,364 Langley Centre/Scottsdale,15252841,9526,27,-134
2026-07-26T00:25:25.012368+00:00,1785025510,11692,364 Langley Centre/Scottsdale,15252841,12646,28,-147
2026-07-26T00:25:25.012368+00:00,1785025510,11692,364 Langley Centre/Scottsdale,15252841,11075,29,-281
2026-07-26T00:25:25.012368+00:00,1785025510,11692,364 Langley Centre/Scottsdale,15252841,11174,30,-302
2026-07-26T00:25:25.012368+00:00,1785025510,11692,364 Langley Centre/Scottsdale,15252841,11175,31,-329
2026-07-26T00:25:25.012368+00:00,1785025510,11692,364 Langley Centre/Scottsdale,15252841,11123,32,-325
2026-07-26T00:25:25.012368+00:00,1785025510,11692,364 Langley Centre/Scottsdale,15252841,11176,33,-316
2026-07-26T00:25:25.012368+00:00,1785025510,11692,364 Langley Centre/Scottsdale,15252841,11177,34,-341
2026-07-26T00:25:25.012368+00:00,1785025510,11692,364 Langley Centre/Scottsdale,15252841,11178,35,-365
2026-07-26T00:25:25.012368+00:00,1785025510,11692,364 Langley Centre/Scottsdale,15252841,6459,36,-269
2026-07-26T00:25:25.012368+00:00,1785025510,11692,364 Langley Centre/Scottsdale,15252841,6460,37,-270
2026-07-26T00:25:25.012368+00:00,1785025510,11692,364 Langley Centre/Scottsdale,15252841,5621,38,-263
2026-07-26T00:25:25.012368+00:00,1785025510,11692,364 Langley Centre/Scottsdale,15252841,5622,39,-280
2026-07-26T00:25:25.012368+00:00,1785025510,11692,364 Langley Centre/Scottsdale,15252841,11122,40,-240
2026-07-26T00:25:25.012368+00:00,1785025510,11692,364 Langley Centre/Scottsdale,15252841,11155,41,-248
2026-07-26T00:25:25.012368+00:00,1785025510,11692,364 Langley Centre/Scottsdale,15252841,11143,42,-248
2026-07-26T00:25:25.012368+00:00,1785025510,11692,364 Langley Centre/Scottsdale,15252841,11141,43,-274
2026-07-26T00:25:25.012368+00:00,1785025510,11692,364 Langley Centre/Scottsdale,15252841,4936,44,-252
2026-07-26T00:25:25.012368+00:00,1785025510,11692,364 Langley Centre/Scottsdale,15252841,4937,45,-264
2026-07-26T00:25:25.012368+00:00,1785025510,11692,364 Langley Centre/Scottsdale,15252841,4938,46,-281
2026-07-26T00:25:25.012368+00:00,1785025510,11692,364 Langley Centre/Scottsdale,15252841,5229,47,-269
2026-07-26T00:25:25.012368+00:00,1785025510,11692,364 Langley Centre/Scottsdale,15252841,4917,48,-197
2026-07-26T00:25:25.012368+00:00,1785025510,18705,531 WhiteRock/WillowBrook,15259246,5341,42,-429
2026-07-26T00:25:25.012368+00:00,1785025510,18705,531 WhiteRock/WillowBrook,15259246,5342,43,-424
2026-07-26T00:25:25.012368+00:00,1785025510,18705,531 WhiteRock/WillowBrook,15259246,12293,44,-408
2026-07-26T00:25:25.012368+00:00,1785025510,18705,531 WhiteRock/WillowBrook,15259246,12173,45,-342
2026-07-26T00:25:25.012368+00:00,1785025510,18705,531 WhiteRock/WillowBrook,15259246,9291,46,-373
2026-07-26T00:25:25.012368+00:00,1785025510,18705,531 WhiteRock/WillowBrook,15259246,9292,47,-376
2026-07-26T00:25:25.012368+00:00,1785025510,18705,531 WhiteRock/WillowBrook,15259246,11264,48,-360
2026-07-26T00:25:25.012368+00:00,1785025510,18705,531 WhiteRock/WillowBrook,15259246,9303,49,-358
2026-07-26T00:25:25.012368+00:00,1785025510,18705,531 WhiteRock/WillowBrook,15259246,9304,50,-361
2026-07-26T00:25:25.012368+00:00,1785025510,18705,531 WhiteRock/WillowBrook,15259246,6475,51,-309
2026-07-26T00:25:25.012368+00:00,1785025510,18705,531 WhiteRock/WillowBrook,15259246,6476,52,-313
2026-07-26T00:25:25.012368+00:00,1785025510,18705,531 WhiteRock/WillowBrook,15259246,5335,53,-301
2026-07-26T00:25:25.012368+00:00,1785025510,18705,531 WhiteRock/WillowBrook,15259246,7100,54,-259
2026-07-26T00:25:25.012368+00:00,1785025510,18705,531 WhiteRock/WillowBrook,15259247,5440,5,104
2026-07-26T00:25:25.012368+00:00,1785025510,18705,531 WhiteRock/WillowBrook,15259247,11755,6,129
2026-07-26T00:25:25.012368+00:00,1785025510,18705,531 WhiteRock/WillowBrook,15259247,11734,7,129
2026-07-26T00:25:25.012368+00:00,1785025510,18705,531 WhiteRock/WillowBrook,15259247,10856,8,162
2026-07-26T00:25:25.012368+00:00,1785025510,18705,531 WhiteRock/WillowBrook,15259247,11583,9,151
2026-07-26T00:25:25.012368+00:00,1785025510,18705,531 WhiteRock/WillowBrook,15259247,11574,10,156
2026-07-26T00:25:25.012368+00:00,1785025510,18705,531 WhiteRock/WillowBrook,15259247,11736,11,188
2026-07-26T00:25:25.012368+00:00,1785025510,18705,531 WhiteRock/WillowBrook,15259247,12379,12,190
2026-07-26T00:25:25.012368+00:00,1785025510,18705,531 WhiteRock/WillowBrook,15259247,11738,13,174
2026-07-26T00:25:25.012368+00:00,1785025510,18705,531 WhiteRock/WillowBrook,15259247,11743,14,150
2026-07-26T00:25:25.012368+00:00,1785025510,18705,531 WhiteRock/WillowBrook,15259247,12306,15,99
2026-07-26T00:25:25.012368+00:00,1785025510,18705,531 WhiteRock/WillowBrook,15259247,12218,16,60
2026-07-26T00:25:25.012368+00:00,1785025510,18705,531 WhiteRock/WillowBrook,15259247,11924,17,5
2026-07-26T00:25:25.012368+00:00,1785025510,18705,531 WhiteRock/WillowBrook,15259247,13131,18,-25
2026-07-26T00:25:25.012368+00:00,1785025510,18705,531 WhiteRock/WillowBrook,15259247,11923,19,-46
2026-07-26T00:25:25.012368+00:00,1785025510,18705,531 WhiteRock/WillowBrook,15259247,12597,20,-105
2026-07-26T00:25:25.012368+00:00,1785025510,18705,531 WhiteRock/WillowBrook,15259247,11922,21,-119
2026-07-26T00:25:25.012368+00:00,1785025510,18705,531 WhiteRock/WillowBrook,15259247,11744,22,-112
2026-07-26T00:25:25.012368+00:00,1785025510,18705,531 WhiteRock/WillowBrook,15259247,11839,23,-133
2026-07-26T00:25:25.012368+00:00,1785025510,18705,531 WhiteRock/WillowBrook,15259247,12922,24,-159
2026-07-26T00:25:25.012368+00:00,1785025510,18705,531 WhiteRock/WillowBrook,15259247,12923,25,-190
2026-07-26T00:25:25.012368+00:00,1785025510,18705,531 WhiteRock/WillowBrook,15259247,12925,26,-198
2026-07-26T00:25:25.012368+00:00,1785025510,18705,531 WhiteRock/WillowBrook,15259247,12928,27,-224
2026-07-26T00:25:25.012368+00:00,1785025510,18705,531 WhiteRock/WillowBrook,15259247,12930,28,-241
2026-07-26T00:25:25.012368+00:00,1785025510,18705,531 WhiteRock/WillowBrook,15259247,13042,29,-261
2026-07-26T00:25:25.012368+00:00,1785025510,18705,531 WhiteRock/WillowBrook,15259247,8936,30,-252
2026-07-26T00:25:25.012368+00:00,1785025510,18705,531 WhiteRock/WillowBrook,15259247,9030,31,-260
2026-07-26T00:25:25.012368+00:00,1785025510,18705,531 WhiteRock/WillowBrook,15259247,8937,32,-275
2026-07-26T00:25:25.012368+00:00,1785025510,18705,531 WhiteRock/WillowBrook,15259247,8938,33,-272
2026-07-26T00:25:25.012368+00:00,1785025510,18705,531 WhiteRock/WillowBrook,15259247,7081,34,-274
2026-07-26T00:25:25.012368+00:00,1785025510,18705,531 WhiteRock/WillowBrook,15259247,7082,35,-278
2026-07-26T00:25:25.012368+00:00,1785025510,18705,531 WhiteRock/WillowBrook,15259247,7083,36,-298
2026-07-26T00:25:25.012368+00:00,1785025510,18705,531 WhiteRock/WillowBrook,15259247,7084,37,-312
2026-07-26T00:25:25.012368+00:00,1785025510,18705,531 WhiteRock/WillowBrook,15259247,7085,38,-337
2026-07-26T00:25:25.012368+00:00,1785025510,18705,531 WhiteRock/WillowBrook,15259247,8939,39,-345
2026-07-26T00:25:25.012368+00:00,1785025510,18705,531 WhiteRock/WillowBrook,15259247,7086,40,-352
2026-07-26T00:25:25.012368+00:00,1785025510,18705,531 WhiteRock/WillowBrook,15259247,8940,41,-370
2026-07-26T00:25:25.012368+00:00,1785025510,18705,531 WhiteRock/WillowBrook,15259247,5341,42,-373
2026-07-26T00:25:25.012368+00:00,1785025510,18705,531 WhiteRock/WillowBrook,15259247,5342,43,-365
2026-07-26T00:25:25.012368+00:00,1785025510,18705,531 WhiteRock/WillowBrook,15259247,12293,44,-348
2026-07-26T00:25:25.012368+00:00,1785025510,18705,531 WhiteRock/WillowBrook,15259247,12173,45,-275
2026-07-26T00:25:25.012368+00:00,1785025510,18705,531 WhiteRock/WillowBrook,15259247,9291,46,-299
2026-07-26T00:25:25.012368+00:00,1785025510,18705,531 WhiteRock/WillowBrook,15259247,9292,47,-301
2026-07-26T00:25:25.012368+00:00,1785025510,18705,531 WhiteRock/WillowBrook,15259247,11264,48,-287
2026-07-26T00:25:25.012368+00:00,1785025510,18705,531 WhiteRock/WillowBrook,15259247,9303,49,-273
2026-07-26T00:25:25.012368+00:00,1785025510,18705,531 WhiteRock/WillowBrook,15259247,9304,50,-274
2026-07-26T00:25:25.012368+00:00,1785025510,18705,531 WhiteRock/WillowBrook,15259247,6475,51,-223
2026-07-26T00:25:25.012368+00:00,1785025510,18705,531 WhiteRock/WillowBrook,15259247,6476,52,-230
2026-07-26T00:25:25.012368+00:00,1785025510,18705,531 WhiteRock/WillowBrook,15259247,5335,53,-220
2026-07-26T00:25:25.012368+00:00,1785025510,18705,531 WhiteRock/WillowBrook,15259247,7100,54,-185
2026-07-26T00:25:25.012368+00:00,1785025510,18705,531 WhiteRock/WillowBrook,15259282,5540,52,102
2026-07-26T00:25:25.012368+00:00,1785025510,18705,531 WhiteRock/WillowBrook,15259283,12927,27,-7
2026-07-26T00:25:25.012368+00:00,1785025510,18705,531 WhiteRock/WillowBrook,15259283,12926,28,-5
2026-07-26T00:25:25.012368+00:00,1785025510,18705,531 WhiteRock/WillowBrook,15259283,12924,29,-30
2026-07-26T00:25:25.012368+00:00,1785025510,18705,531 WhiteRock/WillowBrook,15259283,11751,30,-31
2026-07-26T00:25:25.012368+00:00,1785025510,18705,531 WhiteRock/WillowBrook,15259283,11750,31,-61
2026-07-26T00:25:25.012368+00:00,1785025510,18705,531 WhiteRock/WillowBrook,15259283,11747,32,-83
2026-07-26T00:25:25.012368+00:00,1785025510,18705,531 WhiteRock/WillowBrook,15259283,11745,33,-92
2026-07-26T00:25:25.012368+00:00,1785025510,18705,531 WhiteRock/WillowBrook,15259283,13040,34,-96
2026-07-26T00:25:25.012368+00:00,1785025510,18705,531 WhiteRock/WillowBrook,15259283,12598,35,-113
2026-07-26T00:25:25.012368+00:00,1785025510,18705,531 WhiteRock/WillowBrook,15259283,11920,36,-159
2026-07-26T00:25:25.012368+00:00,1785025510,18705,531 WhiteRock/WillowBrook,15259283,13130,37,-186
2026-07-26T00:25:25.012368+00:00,1785025510,18705,531 WhiteRock/WillowBrook,15259283,11925,38,-211
2026-07-26T00:25:25.012368+00:00,1785025510,18705,531 WhiteRock/WillowBrook,15259283,12219,39,-241
2026-07-26T00:25:25.012368+00:00,1785025510,18705,531 WhiteRock/WillowBrook,15259283,11741,40,-230
2026-07-26T00:25:25.012368+00:00,1785025510,18705,531 WhiteRock/WillowBrook,15259283,11740,41,-238
2026-07-26T00:25:25.012368+00:00,1785025510,18705,531 WhiteRock/WillowBrook,15259283,11739,42,-186
2026-07-26T00:25:25.012368+00:00,1785025510,18705,531 WhiteRock/WillowBrook,15259283,11737,43,-146
2026-07-26T00:25:25.012368+00:00,1785025510,18705,531 WhiteRock/WillowBrook,15259283,11757,44,-170
2026-07-26T00:25:25.012368+00:00,1785025510,18705,531 WhiteRock/WillowBrook,15259283,11735,45,-133
2026-07-26T00:25:25.012368+00:00,1785025510,18705,531 WhiteRock/WillowBrook,15259283,11756,46,-128
2026-07-26T00:25:25.012368+00:00,1785025510,18705,531 WhiteRock/WillowBrook,15259283,5535,47,-95
2026-07-26T00:25:25.012368+00:00,1785025510,18705,531 WhiteRock/WillowBrook,15259283,5536,48,-111
2026-07-26T00:25:25.012368+00:00,1785025510,18705,531 WhiteRock/WillowBrook,15259283,5537,49,-108
2026-07-26T00:25:25.012368+00:00,1785025510,18705,531 WhiteRock/WillowBrook,15259283,5538,50,-110
2026-07-26T00:25:25.012368+00:00,1785025510,18705,531 WhiteRock/WillowBrook,15259283,5539,51,-100
2026-07-26T00:25:25.012368+00:00,1785025510,18705,531 WhiteRock/WillowBrook,15259283,5540,52,-85
2026-07-26T00:25:25.012368+00:00,1785025510,18705,531 WhiteRock/WillowBrook,15259292,11754,1,0
2026-07-26T00:25:25.012368+00:00,1785025510,18705,531 WhiteRock/WillowBrook,15259292,9306,4,-467
2026-07-26T00:25:25.012368+00:00,1785025510,18705,531 WhiteRock/WillowBrook,15259292,11125,5,-442
2026-07-26T00:25:25.012368+00:00,1785025510,18705,531 WhiteRock/WillowBrook,15259292,9294,6,-444
2026-07-26T00:25:25.012368+00:00,1785025510,18705,531 WhiteRock/WillowBrook,15259292,9293,7,-451
2026-07-26T00:25:25.012368+00:00,1785025510,18705,531 WhiteRock/WillowBrook,15259292,11126,8,-440
2026-07-26T00:25:25.012368+00:00,1785025510,18705,531 WhiteRock/WillowBrook,15259292,7094,9,-459
2026-07-26T00:25:25.012368+00:00,1785025510,18705,531 WhiteRock/WillowBrook,15259292,7166,10,-464
2026-07-26T00:25:25.012368+00:00,1785025510,18705,531 WhiteRock/WillowBrook,15259292,7092,11,-416
2026-07-26T00:25:25.012368+00:00,1785025510,18705,531 WhiteRock/WillowBrook,15259292,10747,12,-393
2026-07-26T00:25:25.012368+00:00,1785025510,18705,531 WhiteRock/WillowBrook,15259292,5364,13,-366
2026-07-26T00:25:25.012368+00:00,1785025510,18705,531 WhiteRock/WillowBrook,15259292,11775,14,-337
2026-07-26T00:25:25.012368+00:00,1785025510,18705,531 WhiteRock/WillowBrook,15259292,7171,15,-353
2026-07-26T00:25:25.012368+00:00,1785025510,18705,531 WhiteRock/WillowBrook,15259292,7172,16,-379
2026-07-26T00:25:25.012368+00:00,1785025510,18705,531 WhiteRock/WillowBrook,15259292,7173,17,-382
2026-07-26T00:25:25.012368+00:00,1785025510,18705,531 WhiteRock/WillowBrook,15259292,7174,18,-405
2026-07-26T00:25:25.012368+00:00,1785025510,18705,531 WhiteRock/WillowBrook,15259292,7175,19,-412
2026-07-26T00:25:25.012368+00:00,1785025510,18705,531 WhiteRock/WillowBrook,15259292,7176,20,-426
2026-07-26T00:25:25.012368+00:00,1785025510,18705,531 WhiteRock/WillowBrook,15259292,7177,21,-416
2026-07-26T00:25:25.012368+00:00,1785025510,18705,531 WhiteRock/WillowBrook,15259292,8948,22,-426
2026-07-26T00:25:25.012368+00:00,1785025510,18705,531 WhiteRock/WillowBrook,15259292,9031,23,-438
2026-07-26T00:25:25.012368+00:00,1785025510,18705,531 WhiteRock/WillowBrook,15259292,12931,24,-436
2026-07-26T00:25:25.012368+00:00,1785025510,18705,531 WhiteRock/WillowBrook,15259292,13041,25,-442
2026-07-26T00:25:25.012368+00:00,1785025510,18705,531 WhiteRock/WillowBrook,15259292,12929,26,-452
2026-07-26T00:25:25.012368+00:00,1785025510,18705,531 WhiteRock/WillowBrook,15259292,12927,27,-475
2026-07-26T00:25:25.012368+00:00,1785025510,18705,531 WhiteRock/WillowBrook,15259292,12926,28,-470
2026-07-26T00:25:25.012368+00:00,1785025510,18705,531 WhiteRock/WillowBrook,15259292,12924,29,-493
2026-07-26T00:25:25.012368+00:00,1785025510,18705,531 WhiteRock/WillowBrook,15259292,11751,30,-493
2026-07-26T00:25:25.012368+00:00,1785025510,18705,531 WhiteRock/WillowBrook,15259292,11750,31,-521
2026-07-26T00:25:25.012368+00:00,1785025510,18705,531 WhiteRock/WillowBrook,15259292,11747,32,-544
2026-07-26T00:25:25.012368+00:00,1785025510,18705,531 WhiteRock/WillowBrook,15259292,11745,33,-559
2026-07-26T00:25:25.012368+00:00,1785025510,18705,531 WhiteRock/WillowBrook,15259292,13040,34,-561
2026-07-26T00:25:25.012368+00:00,1785025510,18705,531 WhiteRock/WillowBrook,15259292,12598,35,-576
2026-07-26T00:25:25.012368+00:00,1785025510,18705,531 WhiteRock/WillowBrook,15259292,11920,36,-619
2026-07-26T00:25:25.012368+00:00,1785025510,18705,531 WhiteRock/WillowBrook,15259292,13130,37,-644
2026-07-26T00:25:25.012368+00:00,1785025510,18705,531 WhiteRock/WillowBrook,15259292,11925,38,-667
2026-07-26T00:25:25.012368+00:00,1785025510,18705,531 WhiteRock/WillowBrook,15259292,12219,39,-693
2026-07-26T00:25:25.012368+00:00,1785025510,18705,531 WhiteRock/WillowBrook,15259292,11741,40,-684
2026-07-26T00:25:25.012368+00:00,1785025510,18705,531 WhiteRock/WillowBrook,15259292,11740,41,-692
2026-07-26T00:25:25.012368+00:00,1785025510,18705,531 WhiteRock/WillowBrook,15259292,11739,42,-639
2026-07-26T00:25:25.012368+00:00,1785025510,18705,531 WhiteRock/WillowBrook,15259292,11737,43,-602
2026-07-26T00:25:25.012368+00:00,1785025510,18705,531 WhiteRock/WillowBrook,15259292,11757,44,-622
2026-07-26T00:25:25.012368+00:00,1785025510,18705,531 WhiteRock/WillowBrook,15259292,11735,45,-590
2026-07-26T00:25:25.012368+00:00,1785025510,18705,531 WhiteRock/WillowBrook,15259292,11756,46,-584
2026-07-26T00:25:25.012368+00:00,1785025510,18705,531 WhiteRock/WillowBrook,15259292,5535,47,-532
2026-07-26T00:25:25.012368+00:00,1785025510,18705,531 WhiteRock/WillowBrook,15259292,5536,48,-544
2026-07-26T00:25:25.012368+00:00,1785025510,18705,531 WhiteRock/WillowBrook,15259292,5537,49,-540
2026-07-26T00:25:25.012368+00:00,1785025510,18705,531 WhiteRock/WillowBrook,15259292,5538,50,-542
2026-07-26T00:25:25.012368+00:00,1785025510,18705,531 WhiteRock/WillowBrook,15259292,5539,51,-532
2026-07-26T00:25:25.012368+00:00,1785025510,18705,531 WhiteRock/WillowBrook,15259292,5540,52,-518
2026-07-26T00:30:32.150865+00:00,1785025825,6705,321 Surrey Central/WhiteRock,15247331,7213,57,73
2026-07-26T00:30:32.150865+00:00,1785025825,6705,321 Surrey Central/WhiteRock,15247332,5475,49,-82
2026-07-26T00:30:32.150865+00:00,1785025825,6705,321 Surrey Central/WhiteRock,15247332,5476,50,-99
2026-07-26T00:30:32.150865+00:00,1785025825,6705,321 Surrey Central/WhiteRock,15247332,5477,51,-118
2026-07-26T00:30:32.150865+00:00,1785025825,6705,321 Surrey Central/WhiteRock,15247332,11725,52,-142
2026-07-26T00:30:32.150865+00:00,1785025825,6705,321 Surrey Central/WhiteRock,15247332,5040,53,-123
2026-07-26T00:30:32.150865+00:00,1785025825,6705,321 Surrey Central/WhiteRock,15247332,5041,54,-114
2026-07-26T00:30:32.150865+00:00,1785025825,6705,321 Surrey Central/WhiteRock,15247332,12155,55,-101
2026-07-26T00:30:32.150865+00:00,1785025825,6705,321 Surrey Central/WhiteRock,15247332,9089,56,-89
2026-07-26T00:30:32.150865+00:00,1785025825,6705,321 Surrey Central/WhiteRock,15247332,7213,57,-106
2026-07-26T00:30:32.150865+00:00,1785025825,6705,321 Surrey Central/WhiteRock,15247333,5465,39,58
2026-07-26T00:30:32.150865+00:00,1785025825,6705,321 Surrey Central/WhiteRock,15247333,5466,40,23
2026-07-26T00:30:32.150865+00:00,1785025825,6705,321 Surrey Central/WhiteRock,15247333,5467,41,68
2026-07-26T00:30:32.150865+00:00,1785025825,6705,321 Surrey Central/WhiteRock,15247333,5468,42,42
2026-07-26T00:30:32.150865+00:00,1785025825,6705,321 Surrey Central/WhiteRock,15247333,5469,43,11
2026-07-26T00:30:32.150865+00:00,1785025825,6705,321 Surrey Central/WhiteRock,15247333,5470,44,-10
2026-07-26T00:30:32.150865+00:00,1785025825,6705,321 Surrey Central/WhiteRock,15247333,5471,45,-40
2026-07-26T00:30:32.150865+00:00,1785025825,6705,321 Surrey Central/WhiteRock,15247333,5472,46,-60
2026-07-26T00:30:32.150865+00:00,1785025825,6705,321 Surrey Central/WhiteRock,15247333,5473,47,-105
2026-07-26T00:30:32.150865+00:00,1785025825,6705,321 Surrey Central/WhiteRock,15247333,5474,48,-103
2026-07-26T00:30:32.150865+00:00,1785025825,6705,321 Surrey Central/WhiteRock,15247333,5475,49,-145
2026-07-26T00:30:32.150865+00:00,1785025825,6705,321 Surrey Central/WhiteRock,15247333,5476,50,-162
2026-07-26T00:30:32.150865+00:00,1785025825,6705,321 Surrey Central/WhiteRock,15247333,5477,51,-181
2026-07-26T00:30:32.150865+00:00,1785025825,6705,321 Surrey Central/WhiteRock,15247333,11725,52,-205
2026-07-26T00:30:32.150865+00:00,1785025825,6705,321 Surrey Central/WhiteRock,15247333,5040,53,-188
2026-07-26T00:30:32.150865+00:00,1785025825,6705,321 Surrey Central/WhiteRock,15247333,5041,54,-179
2026-07-26T00:30:32.150865+00:00,1785025825,6705,321 Surrey Central/WhiteRock,15247333,12155,55,-166
2026-07-26T00:30:32.150865+00:00,1785025825,6705,321 Surrey Central/WhiteRock,15247333,9089,56,-154
2026-07-26T00:30:32.150865+00:00,1785025825,6705,321 Surrey Central/WhiteRock,15247333,7213,57,-171
2026-07-26T00:30:32.150865+00:00,1785025825,6705,321 Surrey Central/WhiteRock,15247334,5456,30,-175
2026-07-26T00:30:32.150865+00:00,1785025825,6705,321 Surrey Central/WhiteRock,15247334,12651,31,-197
2026-07-26T00:30:32.150865+00:00,1785025825,6705,321 Surrey Central/WhiteRock,15247334,5458,32,-191
2026-07-26T00:30:32.150865+00:00,1785025825,6705,321 Surrey Central/WhiteRock,15247334,5459,33,-178
2026-07-26T00:30:32.150865+00:00,1785025825,6705,321 Surrey Central/WhiteRock,15247334,5460,34,-182
2026-07-26T00:30:32.150865+00:00,1785025825,6705,321 Surrey Central/WhiteRock,15247334,5461,35,-188
2026-07-26T00:30:32.150865+00:00,1785025825,6705,321 Surrey Central/WhiteRock,15247334,5462,36,-192
2026-07-26T00:30:32.150865+00:00,1785025825,6705,321 Surrey Central/WhiteRock,15247334,5463,37,-137
2026-07-26T00:30:32.150865+00:00,1785025825,6705,321 Surrey Central/WhiteRock,15247334,5700,38,0
2026-07-26T00:30:32.150865+00:00,1785025825,6705,321 Surrey Central/WhiteRock,15247334,5465,39,7
2026-07-26T00:30:32.150865+00:00,1785025825,6705,321 Surrey Central/WhiteRock,15247334,5466,40,-28
2026-07-26T00:30:32.150865+00:00,1785025825,6705,321 Surrey Central/WhiteRock,15247334,5467,41,16
2026-07-26T00:30:32.150865+00:00,1785025825,6705,321 Surrey Central/WhiteRock,15247334,5468,42,-10
2026-07-26T00:30:32.150865+00:00,1785025825,6705,321 Surrey Central/WhiteRock,15247334,5469,43,-44
2026-07-26T00:30:32.150865+00:00,1785025825,6705,321 Surrey Central/WhiteRock,15247334,5470,44,-64
2026-07-26T00:30:32.150865+00:00,1785025825,6705,321 Surrey Central/WhiteRock,15247334,5471,45,-94
2026-07-26T00:30:32.150865+00:00,1785025825,6705,321 Surrey Central/WhiteRock,15247334,5472,46,-114
2026-07-26T00:30:32.150865+00:00,1785025825,6705,321 Surrey Central/WhiteRock,15247334,5473,47,-159
2026-07-26T00:30:32.150865+00:00,1785025825,6705,321 Surrey Central/WhiteRock,15247334,5474,48,-155
2026-07-26T00:30:32.150865+00:00,1785025825,6705,321 Surrey Central/WhiteRock,15247334,5475,49,-198
2026-07-26T00:30:32.150865+00:00,1785025825,6705,321 Surrey Central/WhiteRock,15247334,5476,50,-215
2026-07-26T00:30:32.150865+00:00,1785025825,6705,321 Surrey Central/WhiteRock,15247334,5477,51,-234
2026-07-26T00:30:32.150865+00:00,1785025825,6705,321 Surrey Central/WhiteRock,15247334,11725,52,-259
2026-07-26T00:30:32.150865+00:00,1785025825,6705,321 Surrey Central/WhiteRock,15247334,5040,53,-239
2026-07-26T00:30:32.150865+00:00,1785025825,6705,321 Surrey Central/WhiteRock,15247334,5041,54,-230
2026-07-26T00:30:32.150865+00:00,1785025825,6705,321 Surrey Central/WhiteRock,15247334,12155,55,-218
2026-07-26T00:30:32.150865+00:00,1785025825,6705,321 Surrey Central/WhiteRock,15247334,9089,56,-206
2026-07-26T00:30:32.150865+00:00,1785025825,6705,321 Surrey Central/WhiteRock,15247334,7213,57,-223
2026-07-26T00:30:32.150865+00:00,1785025825,6705,321 Surrey Central/WhiteRock,15247335,5452,26,-372
2026-07-26T00:30:32.150865+00:00,1785025825,6705,321 Surrey Central/WhiteRock,15247335,11913,27,-386
2026-07-26T00:30:32.150865+00:00,1785025825,6705,321 Surrey Central/WhiteRock,15247335,5454,28,-390
2026-07-26T00:30:32.150865+00:00,1785025825,6705,321 Surrey Central/WhiteRock,15247335,5455,29,-392
2026-07-26T00:30:32.150865+00:00,1785025825,6705,321 Surrey Central/WhiteRock,15247335,5456,30,-342
2026-07-26T00:30:32.150865+00:00,1785025825,6705,321 Surrey Central/WhiteRock,15247335,12651,31,-364
2026-07-26T00:30:32.150865+00:00,1785025825,6705,321 Surrey Central/WhiteRock,15247335,5458,32,-357
2026-07-26T00:30:32.150865+00:00,1785025825,6705,321 Surrey Central/WhiteRock,15247335,5459,33,-345
2026-07-26T00:30:32.150865+00:00,1785025825,6705,321 Surrey Central/WhiteRock,15247335,5460,34,-349
2026-07-26T00:30:32.150865+00:00,1785025825,6705,321 Surrey Central/WhiteRock,15247335,5461,35,-354
2026-07-26T00:30:32.150865+00:00,1785025825,6705,321 Surrey Central/WhiteRock,15247335,5462,36,-358
2026-07-26T00:30:32.150865+00:00,1785025825,6705,321 Surrey Central/WhiteRock,15247335,5463,37,-301
2026-07-26T00:30:32.150865+00:00,1785025825,6705,321 Surrey Central/WhiteRock,15247335,5700,38,0
2026-07-26T00:30:32.150865+00:00,1785025825,6705,321 Surrey Central/WhiteRock,15247335,5465,39,7
2026-07-26T00:30:32.150865+00:00,1785025825,6705,321 Surrey Central/WhiteRock,15247335,5466,40,-29
2026-07-26T00:30:32.150865+00:00,1785025825,6705,321 Surrey Central/WhiteRock,15247335,5467,41,16
2026-07-26T00:30:32.150865+00:00,1785025825,6705,321 Surrey Central/WhiteRock,15247335,5468,42,-9
2026-07-26T00:30:32.150865+00:00,1785025825,6705,321 Surrey Central/WhiteRock,15247335,5469,43,-44
2026-07-26T00:30:32.150865+00:00,1785025825,6705,321 Surrey Central/WhiteRock,15247335,5470,44,-64
2026-07-26T00:30:32.150865+00:00,1785025825,6705,321 Surrey Central/WhiteRock,15247335,5471,45,-94
2026-07-26T00:30:32.150865+00:00,1785025825,6705,321 Surrey Central/WhiteRock,15247335,5472,46,-114
2026-07-26T00:30:32.150865+00:00,1785025825,6705,321 Surrey Central/WhiteRock,15247335,5473,47,-159
2026-07-26T00:30:32.150865+00:00,1785025825,6705,321 Surrey Central/WhiteRock,15247335,5474,48,-156
2026-07-26T00:30:32.150865+00:00,1785025825,6705,321 Surrey Central/WhiteRock,15247335,5475,49,-198
2026-07-26T00:30:32.150865+00:00,1785025825,6705,321 Surrey Central/WhiteRock,15247335,5476,50,-215
2026-07-26T00:30:32.150865+00:00,1785025825,6705,321 Surrey Central/WhiteRock,15247335,5477,51,-235
2026-07-26T00:30:32.150865+00:00,1785025825,6705,321 Surrey Central/WhiteRock,15247335,11725,52,-259
2026-07-26T00:30:32.150865+00:00,1785025825,6705,321 Surrey Central/WhiteRock,15247335,5040,53,-239
2026-07-26T00:30:32.150865+00:00,1785025825,6705,321 Surrey Central/WhiteRock,15247335,5041,54,-223
2026-07-26T00:30:32.150865+00:00,1785025825,6705,321 Surrey Central/WhiteRock,15247335,12155,55,-212
2026-07-26T00:30:32.150865+00:00,1785025825,6705,321 Surrey Central/WhiteRock,15247335,9089,56,-183
2026-07-26T00:30:32.150865+00:00,1785025825,6705,321 Surrey Central/WhiteRock,15247335,7213,57,-202
2026-07-26T00:30:32.150865+00:00,1785025825,6705,321 Surrey Central/WhiteRock,15247336,5441,14,57
2026-07-26T00:30:32.150865+00:00,1785025825,6705,321 Surrey Central/WhiteRock,15247336,5442,15,36
2026-07-26T00:30:32.150865+00:00,1785025825,6705,321 Surrey Central/WhiteRock,15247336,5444,16,45
2026-07-26T00:30:32.150865+00:00,1785025825,6705,321 Surrey Central/WhiteRock,15247336,9083,17,24
2026-07-26T00:30:32.150865+00:00,1785025825,6705,321 Surrey Central/WhiteRock,15247336,5446,18,38
2026-07-26T00:30:32.150865+00:00,1785025825,6705,321 Surrey Central/WhiteRock,15247336,10445,19,37
2026-07-26T00:30:32.150865+00:00,1785025825,6705,321 Surrey Central/WhiteRock,15247336,5447,20,5
2026-07-26T00:30:32.150865+00:00,1785025825,6705,321 Surrey Central/WhiteRock,15247336,5448,21,6
2026-07-26T00:30:32.150865+00:00,1785025825,6705,321 Surrey Central/WhiteRock,15247336,10437,22,0
2026-07-26T00:30:32.150865+00:00,1785025825,6705,321 Surrey Central/WhiteRock,15247336,5449,23,-45
2026-07-26T00:30:32.150865+00:00,1785025825,6705,321 Surrey Central/WhiteRock,15247336,11313,24,-79
2026-07-26T00:30:32.150865+00:00,1785025825,6705,321 Surrey Central/WhiteRock,15247336,10808,25,-207
2026-07-26T00:30:32.150865+00:00,1785025825,6705,321 Surrey Central/WhiteRock,15247336,5452,26,-315
2026-07-26T00:30:32.150865+00:00,1785025825,6705,321 Surrey Central/WhiteRock,15247336,11913,27,-329
2026-07-26T00:30:32.150865+00:00,1785025825,6705,321 Surrey Central/WhiteRock,15247336,5454,28,-334
2026-07-26T00:30:32.150865+00:00,1785025825,6705,321 Surrey Central/WhiteRock,15247336,5455,29,-336
2026-07-26T00:30:32.150865+00:00,1785025825,6705,321 Surrey Central/WhiteRock,15247336,5456,30,-286
2026-07-26T00:30:32.150865+00:00,1785025825,6705,321 Surrey Central/WhiteRock,15247336,12651,31,-308
2026-07-26T00:30:32.150865+00:00,1785025825,6705,321 Surrey Central/WhiteRock,15247336,5458,32,-302
2026-07-26T00:30:32.150865+00:00,1785025825,6705,321 Surrey Central/WhiteRock,15247336,5459,33,-290
2026-07-26T00:30:32.150865+00:00,1785025825,6705,321 Surrey Central/WhiteRock,15247336,5460,34,-294
2026-07-26T00:30:32.150865+00:00,1785025825,6705,321 Surrey Central/WhiteRock,15247336,5461,35,-300
2026-07-26T00:30:32.150865+00:00,1785025825,6705,321 Surrey Central/WhiteRock,15247336,5462,36,-303
2026-07-26T00:30:32.150865+00:00,1785025825,6705,321 Surrey Central/WhiteRock,15247336,5463,37,-244
2026-07-26T00:30:32.150865+00:00,1785025825,6705,321 Surrey Central/WhiteRock,15247336,5700,38,0
2026-07-26T00:30:32.150865+00:00,1785025825,6705,321 Surrey Central/WhiteRock,15247336,5465,39,7
2026-07-26T00:30:32.150865+00:00,1785025825,6705,321 Surrey Central/WhiteRock,15247336,5466,40,-29
2026-07-26T00:30:32.150865+00:00,1785025825,6705,321 Surrey Central/WhiteRock,15247336,5467,41,8
2026-07-26T00:30:32.150865+00:00,1785025825,6705,321 Surrey Central/WhiteRock,15247336,5468,42,-17
2026-07-26T00:30:32.150865+00:00,1785025825,6705,321 Surrey Central/WhiteRock,15247336,5469,43,-54
2026-07-26T00:30:32.150865+00:00,1785025825,6705,321 Surrey Central/WhiteRock,15247336,5470,44,-75
2026-07-26T00:30:32.150865+00:00,1785025825,6705,321 Surrey Central/WhiteRock,15247336,5471,45,-107
2026-07-26T00:30:32.150865+00:00,1785025825,6705,321 Surrey Central/WhiteRock,15247336,5472,46,-130
2026-07-26T00:30:32.150865+00:00,1785025825,6705,321 Surrey Central/WhiteRock,15247336,5473,47,-176
2026-07-26T00:30:32.150865+00:00,1785025825,6705,321 Surrey Central/WhiteRock,15247336,5474,48,-178
2026-07-26T00:30:32.150865+00:00,1785025825,6705,321 Surrey Central/WhiteRock,15247336,5475,49,-221
2026-07-26T00:30:32.150865+00:00,1785025825,6705,321 Surrey Central/WhiteRock,15247336,5476,50,-242
2026-07-26T00:30:32.150865+00:00,1785025825,6705,321 Surrey Central/WhiteRock,15247336,5477,51,-262
2026-07-26T00:30:32.150865+00:00,1785025825,6705,321 Surrey Central/WhiteRock,15247336,11725,52,-288
2026-07-26T00:30:32.150865+00:00,1785025825,6705,321 Surrey Central/WhiteRock,15247336,5040,53,-269
2026-07-26T00:30:32.150865+00:00,1785025825,6705,321 Surrey Central/WhiteRock,15247336,5041,54,-254
2026-07-26T00:30:32.150865+00:00,1785025825,6705,321 Surrey Central/WhiteRock,15247336,12155,55,-243
2026-07-26T00:30:32.150865+00:00,1785025825,6705,321 Surrey Central/WhiteRock,15247336,9089,56,-214
2026-07-26T00:30:32.150865+00:00,1785025825,6705,321 Surrey Central/WhiteRock,15247336,7213,57,-233
2026-07-26T00:30:32.150865+00:00,1785025825,6705,321 Surrey Central/WhiteRock,15247337,6197,1,0
2026-07-26T00:30:32.150865+00:00,1785025825,6705,321 Surrey Central/WhiteRock,15247337,6174,9,-258
2026-07-26T00:30:32.150865+00:00,1785025825,6705,321 Surrey Central/WhiteRock,15247337,5437,10,-241
2026-07-26T00:30:32.150865+00:00,1785025825,6705,321 Surrey Central/WhiteRock,15247337,5438,11,-244
2026-07-26T00:30:32.150865+00:00,1785025825,6705,321 Surrey Central/WhiteRock,15247337,5439,12,-235
2026-07-26T00:30:32.150865+00:00,1785025825,6705,321 Surrey Central/WhiteRock,15247337,5440,13,-253
2026-07-26T00:30:32.150865+00:00,1785025825,6705,321 Surrey Central/WhiteRock,15247337,5441,14,-252
2026-07-26T00:30:32.150865+00:00,1785025825,6705,321 Surrey Central/WhiteRock,15247337,5442,15,-273
2026-07-26T00:30:32.150865+00:00,1785025825,6705,321 Surrey Central/WhiteRock,15247337,5444,16,-264
2026-07-26T00:30:32.150865+00:00,1785025825,6705,321 Surrey Central/WhiteRock,15247337,9083,17,-280
2026-07-26T00:30:32.150865+00:00,1785025825,6705,321 Surrey Central/WhiteRock,15247337,5446,18,-262
2026-07-26T00:30:32.150865+00:00,1785025825,6705,321 Surrey Central/WhiteRock,15247337,10445,19,-269
2026-07-26T00:30:32.150865+00:00,1785025825,6705,321 Surrey Central/WhiteRock,15247337,5447,20,-301
2026-07-26T00:30:32.150865+00:00,1785025825,6705,321 Surrey Central/WhiteRock,15247337,5448,21,-295
2026-07-26T00:30:32.150865+00:00,1785025825,6705,321 Surrey Central/WhiteRock,15247337,10437,22,-294
2026-07-26T00:30:32.150865+00:00,1785025825,6705,321 Surrey Central/WhiteRock,15247337,5449,23,-339
2026-07-26T00:30:32.150865+00:00,1785025825,6705,321 Surrey Central/WhiteRock,15247337,11313,24,-373
2026-07-26T00:30:32.150865+00:00,1785025825,6705,321 Surrey Central/WhiteRock,15247337,10808,25,-501
2026-07-26T00:30:32.150865+00:00,1785025825,6705,321 Surrey Central/WhiteRock,15247337,5452,26,-609
2026-07-26T00:30:32.150865+00:00,1785025825,6705,321 Surrey Central/WhiteRock,15247337,11913,27,-623
2026-07-26T00:30:32.150865+00:00,1785025825,6705,321 Surrey Central/WhiteRock,15247337,5454,28,-628
2026-07-26T00:30:32.150865+00:00,1785025825,6705,321 Surrey Central/WhiteRock,15247337,5455,29,-630
2026-07-26T00:30:32.150865+00:00,1785025825,6705,321 Surrey Central/WhiteRock,15247337,5456,30,-581
2026-07-26T00:30:32.150865+00:00,1785025825,6705,321 Surrey Central/WhiteRock,15247337,12651,31,-603
2026-07-26T00:30:32.150865+00:00,1785025825,6705,321 Surrey Central/WhiteRock,15247337,5458,32,-598
2026-07-26T00:30:32.150865+00:00,1785025825,6705,321 Surrey Central/WhiteRock,15247337,5459,33,-586
2026-07-26T00:30:32.150865+00:00,1785025825,6705,321 Surrey Central/WhiteRock,15247337,5460,34,-591
2026-07-26T00:30:32.150865+00:00,1785025825,6705,321 Surrey Central/WhiteRock,15247337,5461,35,-597
2026-07-26T00:30:32.150865+00:00,1785025825,6705,321 Surrey Central/WhiteRock,15247337,5462,36,-600
2026-07-26T00:30:32.150865+00:00,1785025825,6705,321 Surrey Central/WhiteRock,15247337,5463,37,-545
2026-07-26T00:30:32.150865+00:00,1785025825,6705,321 Surrey Central/WhiteRock,15247337,5700,38,0
2026-07-26T00:30:32.150865+00:00,1785025825,6705,321 Surrey Central/WhiteRock,15247337,5465,39,3
2026-07-26T00:30:32.150865+00:00,1785025825,6705,321 Surrey Central/WhiteRock,15247337,5466,40,-29
2026-07-26T00:30:32.150865+00:00,1785025825,6705,321 Surrey Central/WhiteRock,15247337,5467,41,10
2026-07-26T00:30:32.150865+00:00,1785025825,6705,321 Surrey Central/WhiteRock,15247337,5468,42,-14
2026-07-26T00:30:32.150865+00:00,1785025825,6705,321 Surrey Central/WhiteRock,15247337,5469,43,-35
2026-07-26T00:30:32.150865+00:00,1785025825,6705,321 Surrey Central/WhiteRock,15247337,5470,44,-53
2026-07-26T00:30:32.150865+00:00,1785025825,6705,321 Surrey Central/WhiteRock,15247337,5471,45,-83
2026-07-26T00:30:32.150865+00:00,1785025825,6705,321 Surrey Central/WhiteRock,15247337,5472,46,-101
2026-07-26T00:30:32.150865+00:00,1785025825,6705,321 Surrey Central/WhiteRock,15247337,5473,47,-144
2026-07-26T00:30:32.150865+00:00,1785025825,6705,321 Surrey Central/WhiteRock,15247337,5474,48,-143
2026-07-26T00:30:32.150865+00:00,1785025825,6705,321 Surrey Central/WhiteRock,15247337,5475,49,-183
2026-07-26T00:30:32.150865+00:00,1785025825,6705,321 Surrey Central/WhiteRock,15247337,5476,50,-197
2026-07-26T00:30:32.150865+00:00,1785025825,6705,321 Surrey Central/WhiteRock,15247337,5477,51,-216
2026-07-26T00:30:32.150865+00:00,1785025825,6705,321 Surrey Central/WhiteRock,15247337,11725,52,-240
2026-07-26T00:30:32.150865+00:00,1785025825,6705,321 Surrey Central/WhiteRock,15247337,5040,53,-220
2026-07-26T00:30:32.150865+00:00,1785025825,6705,321 Surrey Central/WhiteRock,15247337,5041,54,-202
2026-07-26T00:30:32.150865+00:00,1785025825,6705,321 Surrey Central/WhiteRock,15247337,12155,55,-190
2026-07-26T00:30:32.150865+00:00,1785025825,6705,321 Surrey Central/WhiteRock,15247337,9089,56,-159
2026-07-26T00:30:32.150865+00:00,1785025825,6705,321 Surrey Central/WhiteRock,15247337,7213,57,-175
2026-07-26T00:30:32.150865+00:00,1785025825,6705,321 Surrey Central/WhiteRock,15247338,6197,1,0
2026-07-26T00:30:32.150865+00:00,1785025825,6705,321 Surrey Central/WhiteRock,15247338,6200,4,-739
2026-07-26T00:30:32.150865+00:00,1785025825,6705,321 Surrey Central/WhiteRock,15247338,6201,5,-745
2026-07-26T00:30:32.150865+00:00,1785025825,6705,321 Surrey Central/WhiteRock,15247338,6354,6,-730
2026-07-26T00:30:32.150865+00:00,1785025825,6705,321 Surrey Central/WhiteRock,15247338,6355,7,-741
2026-07-26T00:30:32.150865+00:00,1785025825,6705,321 Surrey Central/WhiteRock,15247338,6356,8,-659
2026-07-26T00:30:32.150865+00:00,1785025825,6705,321 Surrey Central/WhiteRock,15247338,6174,9,-604
2026-07-26T00:30:32.150865+00:00,1785025825,6705,321 Surrey Central/WhiteRock,15247338,5437,10,-592
2026-07-26T00:30:32.150865+00:00,1785025825,6705,321 Surrey Central/WhiteRock,15247338,5438,11,-595
2026-07-26T00:30:32.150865+00:00,1785025825,6705,321 Surrey Central/WhiteRock,15247338,5439,12,-583
2026-07-26T00:30:32.150865+00:00,1785025825,6705,321 Surrey Central/WhiteRock,15247338,5440,13,-601
2026-07-26T00:30:32.150865+00:00,1785025825,6705,321 Surrey Central/WhiteRock,15247338,5441,14,-600
2026-07-26T00:30:32.150865+00:00,1785025825,6705,321 Surrey Central/WhiteRock,15247338,5442,15,-621
2026-07-26T00:30:32.150865+00:00,1785025825,6705,321 Surrey Central/WhiteRock,15247338,5444,16,-611
2026-07-26T00:30:32.150865+00:00,1785025825,6705,321 Surrey Central/WhiteRock,15247338,9083,17,-632
2026-07-26T00:30:32.150865+00:00,1785025825,6705,321 Surrey Central/WhiteRock,15247338,5446,18,-621
2026-07-26T00:30:32.150865+00:00,1785025825,6705,321 Surrey Central/WhiteRock,15247338,10445,19,-627
2026-07-26T00:30:32.150865+00:00,1785025825,6705,321 Surrey Central/WhiteRock,15247338,5447,20,-659
2026-07-26T00:30:32.150865+00:00,1785025825,6705,321 Surrey Central/WhiteRock,15247338,5448,21,-655
2026-07-26T00:30:32.150865+00:00,1785025825,6705,321 Surrey Central/WhiteRock,15247338,10437,22,-660
2026-07-26T00:30:32.150865+00:00,1785025825,6705,321 Surrey Central/WhiteRock,15247338,5449,23,-705
2026-07-26T00:30:32.150865+00:00,1785025825,6705,321 Surrey Central/WhiteRock,15247338,11313,24,-739
2026-07-26T00:30:32.150865+00:00,1785025825,6705,321 Surrey Central/WhiteRock,15247338,10808,25,-867
2026-07-26T00:30:32.150865+00:00,1785025825,6705,321 Surrey Central/WhiteRock,15247338,5452,26,-975
2026-07-26T00:30:32.150865+00:00,1785025825,6705,321 Surrey Central/WhiteRock,15247338,11913,27,-989
2026-07-26T00:30:32.150865+00:00,1785025825,6705,321 Surrey Central/WhiteRock,15247338,5454,28,-994
2026-07-26T00:30:32.150865+00:00,1785025825,6705,321 Surrey Central/WhiteRock,15247338,5455,29,-996
2026-07-26T00:30:32.150865+00:00,1785025825,6705,321 Surrey Central/WhiteRock,15247338,5456,30,-947
2026-07-26T00:30:32.150865+00:00,1785025825,6705,321 Surrey Central/WhiteRock,15247338,12651,31,-969
2026-07-26T00:30:32.150865+00:00,1785025825,6705,321 Surrey Central/WhiteRock,15247338,5458,32,-964
2026-07-26T00:30:32.150865+00:00,1785025825,6705,321 Surrey Central/WhiteRock,15247338,5459,33,-952
2026-07-26T00:30:32.150865+00:00,1785025825,6705,321 Surrey Central/WhiteRock,15247338,5460,34,-956
2026-07-26T00:30:32.150865+00:00,1785025825,6705,321 Surrey Central/WhiteRock,15247338,5461,35,-962
2026-07-26T00:30:32.150865+00:00,1785025825,6705,321 Surrey Central/WhiteRock,15247338,5462,36,-967
2026-07-26T00:30:32.150865+00:00,1785025825,6705,321 Surrey Central/WhiteRock,15247338,5463,37,-907
2026-07-26T00:30:32.150865+00:00,1785025825,6705,321 Surrey Central/WhiteRock,15247338,5700,38,0
2026-07-26T00:30:32.150865+00:00,1785025825,6705,321 Surrey Central/WhiteRock,15247338,5465,39,3
2026-07-26T00:30:32.150865+00:00,1785025825,6705,321 Surrey Central/WhiteRock,15247338,5466,40,-30
2026-07-26T00:30:32.150865+00:00,1785025825,6705,321 Surrey Central/WhiteRock,15247338,5467,41,9
2026-07-26T00:30:32.150865+00:00,1785025825,6705,321 Surrey Central/WhiteRock,15247338,5468,42,-15
2026-07-26T00:30:32.150865+00:00,1785025825,6705,321 Surrey Central/WhiteRock,15247338,5469,43,-47
2026-07-26T00:30:32.150865+00:00,1785025825,6705,321 Surrey Central/WhiteRock,15247338,5470,44,-65
2026-07-26T00:30:32.150865+00:00,1785025825,6705,321 Surrey Central/WhiteRock,15247338,5471,45,-95
2026-07-26T00:30:32.150865+00:00,1785025825,6705,321 Surrey Central/WhiteRock,15247338,5472,46,-116
2026-07-26T00:30:32.150865+00:00,1785025825,6705,321 Surrey Central/WhiteRock,15247338,5473,47,-159
2026-07-26T00:30:32.150865+00:00,1785025825,6705,321 Surrey Central/WhiteRock,15247338,5474,48,-159
2026-07-26T00:30:32.150865+00:00,1785025825,6705,321 Surrey Central/WhiteRock,15247338,5475,49,-199
2026-07-26T00:30:32.150865+00:00,1785025825,6705,321 Surrey Central/WhiteRock,15247338,5476,50,-217
2026-07-26T00:30:32.150865+00:00,1785025825,6705,321 Surrey Central/WhiteRock,15247338,5477,51,-236
2026-07-26T00:30:32.150865+00:00,1785025825,6705,321 Surrey Central/WhiteRock,15247338,11725,52,-260
2026-07-26T00:30:32.150865+00:00,1785025825,6705,321 Surrey Central/WhiteRock,15247338,5040,53,-241
2026-07-26T00:30:32.150865+00:00,1785025825,6705,321 Surrey Central/WhiteRock,15247338,5041,54,-223
2026-07-26T00:30:32.150865+00:00,1785025825,6705,321 Surrey Central/WhiteRock,15247338,12155,55,-211
2026-07-26T00:30:32.150865+00:00,1785025825,6705,321 Surrey Central/WhiteRock,15247338,9089,56,-180
2026-07-26T00:30:32.150865+00:00,1785025825,6705,321 Surrey Central/WhiteRock,15247338,7213,57,-196
2026-07-26T00:30:32.150865+00:00,1785025825,6705,321 Surrey Central/WhiteRock,15247364,5496,9,59
2026-07-26T00:30:32.150865+00:00,1785025825,6705,321 Surrey Central/WhiteRock,15247364,5497,10,23
2026-07-26T00:30:32.150865+00:00,1785025825,6705,321 Surrey Central/WhiteRock,15247364,5498,11,11
2026-07-26T00:30:32.150865+00:00,1785025825,6705,321 Surrey Central/WhiteRock,15247364,5499,12,-23
2026-07-26T00:30:32.150865+00:00,1785025825,6705,321 Surrey Central/WhiteRock,15247364,5500,13,-30
2026-07-26T00:30:32.150865+00:00,1785025825,6705,321 Surrey Central/WhiteRock,15247364,5501,14,-53
2026-07-26T00:30:32.150865+00:00,1785025825,6705,321 Surrey Central/WhiteRock,15247364,5502,15,-63
2026-07-26T00:30:32.150865+00:00,1785025825,6705,321 Surrey Central/WhiteRock,15247364,5503,16,-87
2026-07-26T00:30:32.150865+00:00,1785025825,6705,321 Surrey Central/WhiteRock,15247364,5504,17,-133
2026-07-26T00:30:32.150865+00:00,1785025825,6705,321 Surrey Central/WhiteRock,15247364,5505,18,-112
2026-07-26T00:30:32.150865+00:00,1785025825,6705,321 Surrey Central/WhiteRock,15247364,5507,19,-99
2026-07-26T00:30:32.150865+00:00,1785025825,6705,321 Surrey Central/WhiteRock,15247364,5633,20,0
2026-07-26T00:30:32.150865+00:00,1785025825,6705,321 Surrey Central/WhiteRock,15247364,5510,21,32
2026-07-26T00:30:32.150865+00:00,1785025825,6705,321 Surrey Central/WhiteRock,15247364,5511,22,26
2026-07-26T00:30:32.150865+00:00,1785025825,6705,321 Surrey Central/WhiteRock,15247364,5512,23,22
2026-07-26T00:30:32.150865+00:00,1785025825,6705,321 Surrey Central/WhiteRock,15247364,5513,24,9
2026-07-26T00:30:32.150865+00:00,1785025825,6705,321 Surrey Central/WhiteRock,15247364,5514,25,79
2026-07-26T00:30:32.150865+00:00,1785025825,6705,321 Surrey Central/WhiteRock,15247364,5515,26,73
2026-07-26T00:30:32.150865+00:00,1785025825,6705,321 Surrey Central/WhiteRock,15247364,5516,27,86
2026-07-26T00:30:32.150865+00:00,1785025825,6705,321 Surrey Central/WhiteRock,15247364,5517,28,101
2026-07-26T00:30:32.150865+00:00,1785025825,6705,321 Surrey Central/WhiteRock,15247364,5518,29,106
2026-07-26T00:30:32.150865+00:00,1785025825,6705,321 Surrey Central/WhiteRock,15247364,5519,30,87
2026-07-26T00:30:32.150865+00:00,1785025825,6705,321 Surrey Central/WhiteRock,15247364,5520,31,74
2026-07-26T00:30:32.150865+00:00,1785025825,6705,321 Surrey Central/WhiteRock,15247364,5521,32,-121
2026-07-26T00:30:32.150865+00:00,1785025825,6705,321 Surrey Central/WhiteRock,15247364,5522,33,-247
2026-07-26T00:30:32.150865+00:00,1785025825,6705,321 Surrey Central/WhiteRock,15247364,5523,34,-281
2026-07-26T00:30:32.150865+00:00,1785025825,6705,321 Surrey Central/WhiteRock,15247364,6466,35,-297
2026-07-26T00:30:32.150865+00:00,1785025825,6705,321 Surrey Central/WhiteRock,15247364,5524,36,-296
2026-07-26T00:30:32.150865+00:00,1785025825,6705,321 Surrey Central/WhiteRock,15247364,5525,37,-323
2026-07-26T00:30:32.150865+00:00,1785025825,6705,321 Surrey Central/WhiteRock,15247364,10443,38,-347
2026-07-26T00:30:32.150865+00:00,1785025825,6705,321 Surrey Central/WhiteRock,15247364,5528,39,-342
2026-07-26T00:30:32.150865+00:00,1785025825,6705,321 Surrey Central/WhiteRock,15247364,5529,40,-360
2026-07-26T00:30:32.150865+00:00,1785025825,6705,321 Surrey Central/WhiteRock,15247364,5530,41,-375
2026-07-26T00:30:32.150865+00:00,1785025825,6705,321 Surrey Central/WhiteRock,15247364,5533,42,-382
2026-07-26T00:30:32.150865+00:00,1785025825,6705,321 Surrey Central/WhiteRock,15247364,5534,43,-401
2026-07-26T00:30:32.150865+00:00,1785025825,6705,321 Surrey Central/WhiteRock,15247364,5535,44,-406
2026-07-26T00:30:32.150865+00:00,1785025825,6705,321 Surrey Central/WhiteRock,15247364,5536,45,-426
2026-07-26T00:30:32.150865+00:00,1785025825,6705,321 Surrey Central/WhiteRock,15247364,5537,46,-434
2026-07-26T00:30:32.150865+00:00,1785025825,6705,321 Surrey Central/WhiteRock,15247364,5538,47,-442
2026-07-26T00:30:32.150865+00:00,1785025825,6705,321 Surrey Central/WhiteRock,15247364,5541,48,-419
2026-07-26T00:30:32.150865+00:00,1785025825,6705,321 Surrey Central/WhiteRock,15247364,5542,49,-403
2026-07-26T00:30:32.150865+00:00,1785025825,6705,321 Surrey Central/WhiteRock,15247364,6195,50,-368
2026-07-26T00:30:32.150865+00:00,1785025825,6705,321 Surrey Central/WhiteRock,15247374,5499,12,401
2026-07-26T00:30:32.150865+00:00,1785025825,6705,321 Surrey Central/WhiteRock,15247374,5500,13,387
2026-07-26T00:30:32.150865+00:00,1785025825,6705,321 Surrey Central/WhiteRock,15247374,5501,14,364
2026-07-26T00:30:32.150865+00:00,1785025825,6705,321 Surrey Central/WhiteRock,15247374,5502,15,354
2026-07-26T00:30:32.150865+00:00,1785025825,6705,321 Surrey Central/WhiteRock,15247374,5503,16,339
2026-07-26T00:30:32.150865+00:00,1785025825,6705,321 Surrey Central/WhiteRock,15247374,5504,17,292
2026-07-26T00:30:32.150865+00:00,1785025825,6705,321 Surrey Central/WhiteRock,15247374,5505,18,313
2026-07-26T00:30:32.150865+00:00,1785025825,6705,321 Surrey Central/WhiteRock,15247374,5507,19,323
2026-07-26T00:30:32.150865+00:00,1785025825,6705,321 Surrey Central/WhiteRock,15247374,5633,20,377
2026-07-26T00:30:32.150865+00:00,1785025825,6705,321 Surrey Central/WhiteRock,15247374,5510,21,421
2026-07-26T00:30:32.150865+00:00,1785025825,6705,321 Surrey Central/WhiteRock,15247374,5511,22,415
2026-07-26T00:30:32.150865+00:00,1785025825,6705,321 Surrey Central/WhiteRock,15247374,5512,23,411
2026-07-26T00:30:32.150865+00:00,1785025825,6705,321 Surrey Central/WhiteRock,15247374,5513,24,397
2026-07-26T00:30:32.150865+00:00,1785025825,6705,321 Surrey Central/WhiteRock,15247374,5514,25,467
2026-07-26T00:30:32.150865+00:00,1785025825,6705,321 Surrey Central/WhiteRock,15247374,5515,26,461
2026-07-26T00:30:32.150865+00:00,1785025825,6705,321 Surrey Central/WhiteRock,15247374,5516,27,464
2026-07-26T00:30:32.150865+00:00,1785025825,6705,321 Surrey Central/WhiteRock,15247374,5517,28,479
2026-07-26T00:30:32.150865+00:00,1785025825,6705,321 Surrey Central/WhiteRock,15247374,5518,29,482
2026-07-26T00:30:32.150865+00:00,1785025825,6705,321 Surrey Central/WhiteRock,15247374,5519,30,463
2026-07-26T00:30:32.150865+00:00,1785025825,6705,321 Surrey Central/WhiteRock,15247374,5520,31,450
2026-07-26T00:30:32.150865+00:00,1785025825,6705,321 Surrey Central/WhiteRock,15247374,5521,32,255
2026-07-26T00:30:32.150865+00:00,1785025825,6705,321 Surrey Central/WhiteRock,15247374,5522,33,129
2026-07-26T00:30:32.150865+00:00,1785025825,6705,321 Surrey Central/WhiteRock,15247374,5523,34,95
2026-07-26T00:30:32.150865+00:00,1785025825,6705,321 Surrey Central/WhiteRock,15247374,6466,35,80
2026-07-26T00:30:32.150865+00:00,1785025825,6705,321 Surrey Central/WhiteRock,15247374,5524,36,91
2026-07-26T00:30:32.150865+00:00,1785025825,6705,321 Surrey Central/WhiteRock,15247374,5525,37,66
2026-07-26T00:30:32.150865+00:00,1785025825,6705,321 Surrey Central/WhiteRock,15247374,10443,38,47
2026-07-26T00:30:32.150865+00:00,1785025825,6705,321 Surrey Central/WhiteRock,15247374,5528,39,48
2026-07-26T00:30:32.150865+00:00,1785025825,6705,321 Surrey Central/WhiteRock,15247374,5529,40,29
2026-07-26T00:30:32.150865+00:00,1785025825,6705,321 Surrey Central/WhiteRock,15247374,5530,41,14
2026-07-26T00:30:32.150865+00:00,1785025825,6705,321 Surrey Central/WhiteRock,15247374,5533,42,15
2026-07-26T00:30:32.150865+00:00,1785025825,6705,321 Surrey Central/WhiteRock,15247374,5534,43,-1
2026-07-26T00:30:32.150865+00:00,1785025825,6705,321 Surrey Central/WhiteRock,15247374,5535,44,-5
2026-07-26T00:30:32.150865+00:00,1785025825,6705,321 Surrey Central/WhiteRock,15247374,5536,45,-26
2026-07-26T00:30:32.150865+00:00,1785025825,6705,321 Surrey Central/WhiteRock,15247374,5537,46,-22
2026-07-26T00:30:32.150865+00:00,1785025825,6705,321 Surrey Central/WhiteRock,15247374,5538,47,-27
2026-07-26T00:30:32.150865+00:00,1785025825,6705,321 Surrey Central/WhiteRock,15247374,5541,48,-3
2026-07-26T00:30:32.150865+00:00,1785025825,6705,321 Surrey Central/WhiteRock,15247374,5542,49,13
2026-07-26T00:30:32.150865+00:00,1785025825,6705,321 Surrey Central/WhiteRock,15247374,6195,50,48
2026-07-26T00:30:32.150865+00:00,1785025825,6705,321 Surrey Central/WhiteRock,15247408,10880,1,0
2026-07-26T00:30:32.150865+00:00,1785025825,6705,321 Surrey Central/WhiteRock,15247408,8566,4,-727
2026-07-26T00:30:32.150865+00:00,1785025825,6705,321 Surrey Central/WhiteRock,15247408,12916,5,-688
2026-07-26T00:30:32.150865+00:00,1785025825,6705,321 Surrey Central/WhiteRock,15247408,5049,6,-695
2026-07-26T00:30:32.150865+00:00,1785025825,6705,321 Surrey Central/WhiteRock,15247408,5039,7,-700
2026-07-26T00:30:32.150865+00:00,1785025825,6705,321 Surrey Central/WhiteRock,15247408,8351,8,-722
2026-07-26T00:30:32.150865+00:00,1785025825,6705,321 Surrey Central/WhiteRock,15247408,5496,9,-773
2026-07-26T00:30:32.150865+00:00,1785025825,6705,321 Surrey Central/WhiteRock,15247408,5497,10,-809
2026-07-26T00:30:32.150865+00:00,1785025825,6705,321 Surrey Central/WhiteRock,15247408,5498,11,-822
2026-07-26T00:30:32.150865+00:00,1785025825,6705,321 Surrey Central/WhiteRock,15247408,5499,12,-856
2026-07-26T00:30:32.150865+00:00,1785025825,6705,321 Surrey Central/WhiteRock,15247408,5500,13,-863
2026-07-26T00:30:32.150865+00:00,1785025825,6705,321 Surrey Central/WhiteRock,15247408,5501,14,-886
2026-07-26T00:30:32.150865+00:00,1785025825,6705,321 Surrey Central/WhiteRock,15247408,5502,15,-896
2026-07-26T00:30:32.150865+00:00,1785025825,6705,321 Surrey Central/WhiteRock,15247408,5503,16,-916
2026-07-26T00:30:32.150865+00:00,1785025825,6705,321 Surrey Central/WhiteRock,15247408,5504,17,-963
2026-07-26T00:30:32.150865+00:00,1785025825,6705,321 Surrey Central/WhiteRock,15247408,5505,18,-942
2026-07-26T00:30:32.150865+00:00,1785025825,6705,321 Surrey Central/WhiteRock,15247408,5507,19,-929
2026-07-26T00:30:32.150865+00:00,1785025825,6705,321 Surrey Central/WhiteRock,15247408,5633,20,0
2026-07-26T00:30:32.150865+00:00,1785025825,6705,321 Surrey Central/WhiteRock,15247408,5510,21,33
2026-07-26T00:30:32.150865+00:00,1785025825,6705,321 Surrey Central/WhiteRock,15247408,5511,22,28
2026-07-26T00:30:32.150865+00:00,1785025825,6705,321 Surrey Central/WhiteRock,15247408,5512,23,25
2026-07-26T00:30:32.150865+00:00,1785025825,6705,321 Surrey Central/WhiteRock,15247408,5513,24,18
2026-07-26T00:30:32.150865+00:00,1785025825,6705,321 Surrey Central/WhiteRock,15247408,5514,25,85
2026-07-26T00:30:32.150865+00:00,1785025825,6705,321 Surrey Central/WhiteRock,15247408,5515,26,81
2026-07-26T00:30:32.150865+00:00,1785025825,6705,321 Surrey Central/WhiteRock,15247408,5516,27,88
2026-07-26T00:30:32.150865+00:00,1785025825,6705,321 Surrey Central/WhiteRock,15247408,5517,28,105
2026-07-26T00:30:32.150865+00:00,1785025825,6705,321 Surrey Central/WhiteRock,15247408,5518,29,112
2026-07-26T00:30:32.150865+00:00,1785025825,6705,321 Surrey Central/WhiteRock,15247408,5519,30,95
2026-07-26T00:30:32.150865+00:00,1785025825,6705,321 Surrey Central/WhiteRock,15247408,5520,31,91
2026-07-26T00:30:32.150865+00:00,1785025825,6705,321 Surrey Central/WhiteRock,15247408,5521,32,-96
2026-07-26T00:30:32.150865+00:00,1785025825,6705,321 Surrey Central/WhiteRock,15247408,5522,33,-216
2026-07-26T00:30:32.150865+00:00,1785025825,6705,321 Surrey Central/WhiteRock,15247408,5523,34,-249
2026-07-26T00:30:32.150865+00:00,1785025825,6705,321 Surrey Central/WhiteRock,15247408,6466,35,-262
2026-07-26T00:30:32.150865+00:00,1785025825,6705,321 Surrey Central/WhiteRock,15247408,5524,36,-257
2026-07-26T00:30:32.150865+00:00,1785025825,6705,321 Surrey Central/WhiteRock,15247408,5525,37,-283
2026-07-26T00:30:32.150865+00:00,1785025825,6705,321 Surrey Central/WhiteRock,15247408,10443,38,-306
2026-07-26T00:30:32.150865+00:00,1785025825,6705,321 Surrey Central/WhiteRock,15247408,5528,39,-299
2026-07-26T00:30:32.150865+00:00,1785025825,6705,321 Surrey Central/WhiteRock,15247408,5529,40,-320
2026-07-26T00:30:32.150865+00:00,1785025825,6705,321 Surrey Central/WhiteRock,15247408,5530,41,-334
2026-07-26T00:30:32.150865+00:00,1785025825,6705,321 Surrey Central/WhiteRock,15247408,5533,42,-340
2026-07-26T00:30:32.150865+00:00,1785025825,6705,321 Surrey Central/WhiteRock,15247408,5534,43,-358
2026-07-26T00:30:32.150865+00:00,1785025825,6705,321 Surrey Central/WhiteRock,15247408,5535,44,-343
2026-07-26T00:30:32.150865+00:00,1785025825,6705,321 Surrey Central/WhiteRock,15247408,5536,45,-360
2026-07-26T00:30:32.150865+00:00,1785025825,6705,321 Surrey Central/WhiteRock,15247408,5537,46,-367
2026-07-26T00:30:32.150865+00:00,1785025825,6705,321 Surrey Central/WhiteRock,15247408,5538,47,-373
2026-07-26T00:30:32.150865+00:00,1785025825,6705,321 Surrey Central/WhiteRock,15247408,5541,48,-351
2026-07-26T00:30:32.150865+00:00,1785025825,6705,321 Surrey Central/WhiteRock,15247408,5542,49,-333
2026-07-26T00:30:32.150865+00:00,1785025825,6705,321 Surrey Central/WhiteRock,15247408,6195,50,-296
2026-07-26T00:30:32.150865+00:00,1785025825,6705,321 Surrey Central/WhiteRock,15247447,5530,41,-210
2026-07-26T00:30:32.150865+00:00,1785025825,6705,321 Surrey Central/WhiteRock,15247447,5533,42,-217
2026-07-26T00:30:32.150865+00:00,1785025825,6705,321 Surrey Central/WhiteRock,15247447,5534,43,-235
2026-07-26T00:30:32.150865+00:00,1785025825,6705,321 Surrey Central/WhiteRock,15247447,5535,44,-219
2026-07-26T00:30:32.150865+00:00,1785025825,6705,321 Surrey Central/WhiteRock,15247447,5536,45,-237
2026-07-26T00:30:32.150865+00:00,1785025825,6705,321 Surrey Central/WhiteRock,15247447,5537,46,-244
2026-07-26T00:30:32.150865+00:00,1785025825,6705,321 Surrey Central/WhiteRock,15247447,5538,47,-250
2026-07-26T00:30:32.150865+00:00,1785025825,6705,321 Surrey Central/WhiteRock,15247447,5541,48,-220
2026-07-26T00:30:32.150865+00:00,1785025825,6705,321 Surrey Central/WhiteRock,15247447,5542,49,-204
2026-07-26T00:30:32.150865+00:00,1785025825,6705,321 Surrey Central/WhiteRock,15247447,6195,50,-166
2026-07-26T00:30:32.150865+00:00,1785025825,6705,321 Surrey Central/WhiteRock,15247448,5522,33,-206
2026-07-26T00:30:32.150865+00:00,1785025825,6705,321 Surrey Central/WhiteRock,15247448,5523,34,-240
2026-07-26T00:30:32.150865+00:00,1785025825,6705,321 Surrey Central/WhiteRock,15247448,6466,35,-255
2026-07-26T00:30:32.150865+00:00,1785025825,6705,321 Surrey Central/WhiteRock,15247448,5524,36,-243
2026-07-26T00:30:32.150865+00:00,1785025825,6705,321 Surrey Central/WhiteRock,15247448,5525,37,-269
2026-07-26T00:30:32.150865+00:00,1785025825,6705,321 Surrey Central/WhiteRock,15247448,10443,38,-289
2026-07-26T00:30:32.150865+00:00,1785025825,6705,321 Surrey Central/WhiteRock,15247448,5528,39,-283
2026-07-26T00:30:32.150865+00:00,1785025825,6705,321 Surrey Central/WhiteRock,15247448,5529,40,-302
2026-07-26T00:30:32.150865+00:00,1785025825,6705,321 Surrey Central/WhiteRock,15247448,5530,41,-314
2026-07-26T00:30:32.150865+00:00,1785025825,6705,321 Surrey Central/WhiteRock,15247448,5533,42,-322
2026-07-26T00:30:32.150865+00:00,1785025825,6705,321 Surrey Central/WhiteRock,15247448,5534,43,-339
2026-07-26T00:30:32.150865+00:00,1785025825,6705,321 Surrey Central/WhiteRock,15247448,5535,44,-340
2026-07-26T00:30:32.150865+00:00,1785025825,6705,321 Surrey Central/WhiteRock,15247448,5536,45,-361
2026-07-26T00:30:32.150865+00:00,1785025825,6705,321 Surrey Central/WhiteRock,15247448,5537,46,-356
2026-07-26T00:30:32.150865+00:00,1785025825,6705,321 Surrey Central/WhiteRock,15247448,5538,47,-363
2026-07-26T00:30:32.150865+00:00,1785025825,6705,321 Surrey Central/WhiteRock,15247448,5541,48,-332
2026-07-26T00:30:32.150865+00:00,1785025825,6705,321 Surrey Central/WhiteRock,15247448,5542,49,-316
2026-07-26T00:30:32.150865+00:00,1785025825,6705,321 Surrey Central/WhiteRock,15247448,6195,50,-282
2026-07-26T00:30:32.150865+00:00,1785025825,6705,321 Surrey Central/WhiteRock,15247449,5514,25,65
2026-07-26T00:30:32.150865+00:00,1785025825,6705,321 Surrey Central/WhiteRock,15247449,5515,26,59
2026-07-26T00:30:32.150865+00:00,1785025825,6705,321 Surrey Central/WhiteRock,15247449,5516,27,82
2026-07-26T00:30:32.150865+00:00,1785025825,6705,321 Surrey Central/WhiteRock,15247449,5517,28,97
2026-07-26T00:30:32.150865+00:00,1785025825,6705,321 Surrey Central/WhiteRock,15247449,5518,29,101
2026-07-26T00:30:32.150865+00:00,1785025825,6705,321 Surrey Central/WhiteRock,15247449,5519,30,81
2026-07-26T00:30:32.150865+00:00,1785025825,6705,321 Surrey Central/WhiteRock,15247449,5520,31,67
2026-07-26T00:30:32.150865+00:00,1785025825,6705,321 Surrey Central/WhiteRock,15247449,5521,32,-128
2026-07-26T00:30:32.150865+00:00,1785025825,6705,321 Surrey Central/WhiteRock,15247449,5522,33,-253
2026-07-26T00:30:32.150865+00:00,1785025825,6705,321 Surrey Central/WhiteRock,15247449,5523,34,-287
2026-07-26T00:30:32.150865+00:00,1785025825,6705,321 Surrey Central/WhiteRock,15247449,6466,35,-303
2026-07-26T00:30:32.150865+00:00,1785025825,6705,321 Surrey Central/WhiteRock,15247449,5524,36,-293
2026-07-26T00:30:32.150865+00:00,1785025825,6705,321 Surrey Central/WhiteRock,15247449,5525,37,-320
2026-07-26T00:30:32.150865+00:00,1785025825,6705,321 Surrey Central/WhiteRock,15247449,10443,38,-344
2026-07-26T00:30:32.150865+00:00,1785025825,6705,321 Surrey Central/WhiteRock,15247449,5528,39,-340
2026-07-26T00:30:32.150865+00:00,1785025825,6705,321 Surrey Central/WhiteRock,15247449,5529,40,-358
2026-07-26T00:30:32.150865+00:00,1785025825,6705,321 Surrey Central/WhiteRock,15247449,5530,41,-372
2026-07-26T00:30:32.150865+00:00,1785025825,6705,321 Surrey Central/WhiteRock,15247449,5533,42,-380
2026-07-26T00:30:32.150865+00:00,1785025825,6705,321 Surrey Central/WhiteRock,15247449,5534,43,-398
2026-07-26T00:30:32.150865+00:00,1785025825,6705,321 Surrey Central/WhiteRock,15247449,5535,44,-393
2026-07-26T00:30:32.150865+00:00,1785025825,6705,321 Surrey Central/WhiteRock,15247449,5536,45,-415
2026-07-26T00:30:32.150865+00:00,1785025825,6705,321 Surrey Central/WhiteRock,15247449,5537,46,-422
2026-07-26T00:30:32.150865+00:00,1785025825,6705,321 Surrey Central/WhiteRock,15247449,5538,47,-429
2026-07-26T00:30:32.150865+00:00,1785025825,6705,321 Surrey Central/WhiteRock,15247449,5541,48,-404
2026-07-26T00:30:32.150865+00:00,1785025825,6705,321 Surrey Central/WhiteRock,15247449,5542,49,-386
2026-07-26T00:30:32.150865+00:00,1785025825,6705,321 Surrey Central/WhiteRock,15247449,6195,50,-348
2026-07-26T00:30:32.150865+00:00,1785025825,6705,321 Surrey Central/WhiteRock,15247450,5046,2,53
2026-07-26T00:30:32.150865+00:00,1785025825,6705,321 Surrey Central/WhiteRock,15247450,5047,3,54
2026-07-26T00:30:32.150865+00:00,1785025825,6705,321 Surrey Central/WhiteRock,15247450,8566,4,24
2026-07-26T00:30:32.150865+00:00,1785025825,6705,321 Surrey Central/WhiteRock,15247450,12916,5,63
2026-07-26T00:30:32.150865+00:00,1785025825,6705,321 Surrey Central/WhiteRock,15247450,5049,6,56
2026-07-26T00:30:32.150865+00:00,1785025825,6705,321 Surrey Central/WhiteRock,15247450,5039,7,51
2026-07-26T00:30:32.150865+00:00,1785025825,6705,321 Surrey Central/WhiteRock,15247450,8351,8,29
2026-07-26T00:30:32.150865+00:00,1785025825,6705,321 Surrey Central/WhiteRock,15247450,5496,9,-22
2026-07-26T00:30:32.150865+00:00,1785025825,6705,321 Surrey Central/WhiteRock,15247450,5497,10,-58
2026-07-26T00:30:32.150865+00:00,1785025825,6705,321 Surrey Central/WhiteRock,15247450,5498,11,-71
2026-07-26T00:30:32.150865+00:00,1785025825,6705,321 Surrey Central/WhiteRock,15247450,5499,12,-105
2026-07-26T00:30:32.150865+00:00,1785025825,6705,321 Surrey Central/WhiteRock,15247450,5500,13,-112
2026-07-26T00:30:32.150865+00:00,1785025825,6705,321 Surrey Central/WhiteRock,15247450,5501,14,-135
2026-07-26T00:30:32.150865+00:00,1785025825,6705,321 Surrey Central/WhiteRock,15247450,5502,15,-145
2026-07-26T00:30:32.150865+00:00,1785025825,6705,321 Surrey Central/WhiteRock,15247450,5503,16,-157
2026-07-26T00:30:32.150865+00:00,1785025825,6705,321 Surrey Central/WhiteRock,15247450,5504,17,-204
2026-07-26T00:30:32.150865+00:00,1785025825,6705,321 Surrey Central/WhiteRock,15247450,5505,18,-183
2026-07-26T00:30:32.150865+00:00,1785025825,6705,321 Surrey Central/WhiteRock,15247450,5507,19,-170
2026-07-26T00:30:32.150865+00:00,1785025825,6705,321 Surrey Central/WhiteRock,15247450,5633,20,0
2026-07-26T00:30:32.150865+00:00,1785025825,6705,321 Surrey Central/WhiteRock,15247450,5510,21,31
2026-07-26T00:30:32.150865+00:00,1785025825,6705,321 Surrey Central/WhiteRock,15247450,5511,22,25
2026-07-26T00:30:32.150865+00:00,1785025825,6705,321 Surrey Central/WhiteRock,15247450,5512,23,21
2026-07-26T00:30:32.150865+00:00,1785025825,6705,321 Surrey Central/WhiteRock,15247450,5513,24,9
2026-07-26T00:30:32.150865+00:00,1785025825,6705,321 Surrey Central/WhiteRock,15247450,5514,25,79
2026-07-26T00:30:32.150865+00:00,1785025825,6705,321 Surrey Central/WhiteRock,15247450,5515,26,73
2026-07-26T00:30:32.150865+00:00,1785025825,6705,321 Surrey Central/WhiteRock,15247450,5516,27,89
2026-07-26T00:30:32.150865+00:00,1785025825,6705,321 Surrey Central/WhiteRock,15247450,5517,28,104
2026-07-26T00:30:32.150865+00:00,1785025825,6705,321 Surrey Central/WhiteRock,15247450,5518,29,108
2026-07-26T00:30:32.150865+00:00,1785025825,6705,321 Surrey Central/WhiteRock,15247450,5519,30,89
2026-07-26T00:30:32.150865+00:00,1785025825,6705,321 Surrey Central/WhiteRock,15247450,5520,31,84
2026-07-26T00:30:32.150865+00:00,1785025825,6705,321 Surrey Central/WhiteRock,15247450,5521,32,-112
2026-07-26T00:30:32.150865+00:00,1785025825,6705,321 Surrey Central/WhiteRock,15247450,5522,33,-238
2026-07-26T00:30:32.150865+00:00,1785025825,6705,321 Surrey Central/WhiteRock,15247450,5523,34,-272
2026-07-26T00:30:32.150865+00:00,1785025825,6705,321 Surrey Central/WhiteRock,15247450,6466,35,-288
2026-07-26T00:30:32.150865+00:00,1785025825,6705,321 Surrey Central/WhiteRock,15247450,5524,36,-287
2026-07-26T00:30:32.150865+00:00,1785025825,6705,321 Surrey Central/WhiteRock,15247450,5525,37,-315
2026-07-26T00:30:32.150865+00:00,1785025825,6705,321 Surrey Central/WhiteRock,15247450,10443,38,-339
2026-07-26T00:30:32.150865+00:00,1785025825,6705,321 Surrey Central/WhiteRock,15247450,5528,39,-334
2026-07-26T00:30:32.150865+00:00,1785025825,6705,321 Surrey Central/WhiteRock,15247450,5529,40,-355
2026-07-26T00:30:32.150865+00:00,1785025825,6705,321 Surrey Central/WhiteRock,15247450,5530,41,-370
2026-07-26T00:30:32.150865+00:00,1785025825,6705,321 Surrey Central/WhiteRock,15247450,5533,42,-376
2026-07-26T00:30:32.150865+00:00,1785025825,6705,321 Surrey Central/WhiteRock,15247450,5534,43,-395
2026-07-26T00:30:32.150865+00:00,1785025825,6705,321 Surrey Central/WhiteRock,15247450,5535,44,-401
2026-07-26T00:30:32.150865+00:00,1785025825,6705,321 Surrey Central/WhiteRock,15247450,5536,45,-421
2026-07-26T00:30:32.150865+00:00,1785025825,6705,321 Surrey Central/WhiteRock,15247450,5537,46,-431
2026-07-26T00:30:32.150865+00:00,1785025825,6705,321 Surrey Central/WhiteRock,15247450,5538,47,-439
2026-07-26T00:30:32.150865+00:00,1785025825,6705,321 Surrey Central/WhiteRock,15247450,5541,48,-418
2026-07-26T00:30:32.150865+00:00,1785025825,6705,321 Surrey Central/WhiteRock,15247450,5542,49,-403
2026-07-26T00:30:32.150865+00:00,1785025825,6705,321 Surrey Central/WhiteRock,15247450,6195,50,-368
2026-07-26T00:30:32.150865+00:00,1785025825,6715,351 Bridgeport/WhiteRock,15251739,4928,24,40
2026-07-26T00:30:32.150865+00:00,1785025825,6715,351 Bridgeport/WhiteRock,15251739,8282,25,36
2026-07-26T00:30:32.150865+00:00,1785025825,6715,351 Bridgeport/WhiteRock,15251762,5440,14,-5
2026-07-26T00:30:32.150865+00:00,1785025825,6715,351 Bridgeport/WhiteRock,15251762,5441,15,-2
2026-07-26T00:30:32.150865+00:00,1785025825,6715,351 Bridgeport/WhiteRock,15251762,5442,16,-29
2026-07-26T00:30:32.150865+00:00,1785025825,6715,351 Bridgeport/WhiteRock,15251762,5444,17,-21
2026-07-26T00:30:32.150865+00:00,1785025825,6715,351 Bridgeport/WhiteRock,15251762,9083,18,-46
2026-07-26T00:30:32.150865+00:00,1785025825,6715,351 Bridgeport/WhiteRock,15251762,5446,19,-39
2026-07-26T00:30:32.150865+00:00,1785025825,6715,351 Bridgeport/WhiteRock,15251762,10445,20,-48
2026-07-26T00:30:32.150865+00:00,1785025825,6715,351 Bridgeport/WhiteRock,15251762,5447,21,-89
2026-07-26T00:30:32.150865+00:00,1785025825,6715,351 Bridgeport/WhiteRock,15251762,5448,22,-90
2026-07-26T00:30:32.150865+00:00,1785025825,6715,351 Bridgeport/WhiteRock,15251762,6194,23,0
2026-07-26T00:30:32.150865+00:00,1785025825,6715,351 Bridgeport/WhiteRock,15251762,4928,24,-31
2026-07-26T00:30:32.150865+00:00,1785025825,6715,351 Bridgeport/WhiteRock,15251762,8282,25,-31
2026-07-26T00:30:32.150865+00:00,1785025825,6715,351 Bridgeport/WhiteRock,15251801,8283,2,388
2026-07-26T00:30:32.150865+00:00,1785025825,6715,351 Bridgeport/WhiteRock,15251801,4929,3,376
2026-07-26T00:30:32.150865+00:00,1785025825,6715,351 Bridgeport/WhiteRock,15251801,6175,4,-172
2026-07-26T00:30:32.150865+00:00,1785025825,6715,351 Bridgeport/WhiteRock,15251801,5524,5,-105
2026-07-26T00:30:32.150865+00:00,1785025825,6715,351 Bridgeport/WhiteRock,15251801,5525,6,-111
2026-07-26T00:30:32.150865+00:00,1785025825,6715,351 Bridgeport/WhiteRock,15251801,10443,7,-95
2026-07-26T00:30:32.150865+00:00,1785025825,6715,351 Bridgeport/WhiteRock,15251801,5528,8,-64
2026-07-26T00:30:32.150865+00:00,1785025825,6715,351 Bridgeport/WhiteRock,15251801,5529,9,-64
2026-07-26T00:30:32.150865+00:00,1785025825,6715,351 Bridgeport/WhiteRock,15251801,5530,10,-55
2026-07-26T00:30:32.150865+00:00,1785025825,6715,351 Bridgeport/WhiteRock,15251801,5533,11,-33
2026-07-26T00:30:32.150865+00:00,1785025825,6715,351 Bridgeport/WhiteRock,15251801,5534,12,-28
2026-07-26T00:30:32.150865+00:00,1785025825,6715,351 Bridgeport/WhiteRock,15251801,5535,13,-3
2026-07-26T00:30:32.150865+00:00,1785025825,6715,351 Bridgeport/WhiteRock,15251801,5536,14,2
2026-07-26T00:30:32.150865+00:00,1785025825,6715,351 Bridgeport/WhiteRock,15251801,5537,15,16
2026-07-26T00:30:32.150865+00:00,1785025825,6715,351 Bridgeport/WhiteRock,15251801,5538,16,25
2026-07-26T00:30:32.150865+00:00,1785025825,6715,351 Bridgeport/WhiteRock,15251801,5541,17,69
2026-07-26T00:30:32.150865+00:00,1785025825,6715,351 Bridgeport/WhiteRock,15251801,5542,18,99
2026-07-26T00:30:32.150865+00:00,1785025825,6715,351 Bridgeport/WhiteRock,15251801,6340,19,156
2026-07-26T00:30:32.150865+00:00,1785025825,6715,351 Bridgeport/WhiteRock,15251801,6341,20,182
2026-07-26T00:30:32.150865+00:00,1785025825,6715,351 Bridgeport/WhiteRock,15251801,6167,21,204
2026-07-26T00:30:32.150865+00:00,1785025825,6715,351 Bridgeport/WhiteRock,15251802,5530,10,-239
2026-07-26T00:30:32.150865+00:00,1785025825,6715,351 Bridgeport/WhiteRock,15251802,5533,11,-218
2026-07-26T00:30:32.150865+00:00,1785025825,6715,351 Bridgeport/WhiteRock,15251802,5534,12,-214
2026-07-26T00:30:32.150865+00:00,1785025825,6715,351 Bridgeport/WhiteRock,15251802,5535,13,-183
2026-07-26T00:30:32.150865+00:00,1785025825,6715,351 Bridgeport/WhiteRock,15251802,5536,14,-180
2026-07-26T00:30:32.150865+00:00,1785025825,6715,351 Bridgeport/WhiteRock,15251802,5537,15,-158
2026-07-26T00:30:32.150865+00:00,1785025825,6715,351 Bridgeport/WhiteRock,15251802,5538,16,-148
2026-07-26T00:30:32.150865+00:00,1785025825,6715,351 Bridgeport/WhiteRock,15251802,5541,17,-99
2026-07-26T00:30:32.150865+00:00,1785025825,6715,351 Bridgeport/WhiteRock,15251802,5542,18,-71
2026-07-26T00:30:32.150865+00:00,1785025825,6715,351 Bridgeport/WhiteRock,15251802,6340,19,-17
2026-07-26T00:30:32.150865+00:00,1785025825,6715,351 Bridgeport/WhiteRock,15251802,6341,20,12
2026-07-26T00:30:32.150865+00:00,1785025825,6715,351 Bridgeport/WhiteRock,15251802,6167,21,37
2026-07-26T00:30:32.150865+00:00,1785025825,6715,351 Bridgeport/WhiteRock,15251827,11267,1,0
2026-07-26T00:30:32.150865+00:00,1785025825,6715,351 Bridgeport/WhiteRock,15251827,8283,2,-577
2026-07-26T00:30:32.150865+00:00,1785025825,6715,351 Bridgeport/WhiteRock,15251827,4929,3,0
2026-07-26T00:30:32.150865+00:00,1785025825,6715,351 Bridgeport/WhiteRock,15251827,6175,4,-548
2026-07-26T00:30:32.150865+00:00,1785025825,6715,351 Bridgeport/WhiteRock,15251827,5524,5,-496
2026-07-26T00:30:32.150865+00:00,1785025825,6715,351 Bridgeport/WhiteRock,15251827,5525,6,-502
2026-07-26T00:30:32.150865+00:00,1785025825,6715,351 Bridgeport/WhiteRock,15251827,10443,7,-486
2026-07-26T00:30:32.150865+00:00,1785025825,6715,351 Bridgeport/WhiteRock,15251827,5528,8,-455
2026-07-26T00:30:32.150865+00:00,1785025825,6715,351 Bridgeport/WhiteRock,15251827,5529,9,-455
2026-07-26T00:30:32.150865+00:00,1785025825,6715,351 Bridgeport/WhiteRock,15251827,5530,10,-446
2026-07-26T00:30:32.150865+00:00,1785025825,6715,351 Bridgeport/WhiteRock,15251827,5533,11,-424
2026-07-26T00:30:32.150865+00:00,1785025825,6715,351 Bridgeport/WhiteRock,15251827,5534,12,-419
2026-07-26T00:30:32.150865+00:00,1785025825,6715,351 Bridgeport/WhiteRock,15251827,5535,13,-392
2026-07-26T00:30:32.150865+00:00,1785025825,6715,351 Bridgeport/WhiteRock,15251827,5536,14,-387
2026-07-26T00:30:32.150865+00:00,1785025825,6715,351 Bridgeport/WhiteRock,15251827,5537,15,-372
2026-07-26T00:30:32.150865+00:00,1785025825,6715,351 Bridgeport/WhiteRock,15251827,5538,16,-364
2026-07-26T00:30:32.150865+00:00,1785025825,6715,351 Bridgeport/WhiteRock,15251827,5541,17,-319
2026-07-26T00:30:32.150865+00:00,1785025825,6715,351 Bridgeport/WhiteRock,15251827,5542,18,-290
2026-07-26T00:30:32.150865+00:00,1785025825,6715,351 Bridgeport/WhiteRock,15251827,6340,19,-238
2026-07-26T00:30:32.150865+00:00,1785025825,6715,351 Bridgeport/WhiteRock,15251827,6341,20,-213
2026-07-26T00:30:32.150865+00:00,1785025825,6715,351 Bridgeport/WhiteRock,15251827,6167,21,-188
2026-07-26T00:30:32.150865+00:00,1785025825,6715,351 Bridgeport/WhiteRock,15251828,4929,3,246
2026-07-26T00:30:32.150865+00:00,1785025825,6715,351 Bridgeport/WhiteRock,15251828,6175,4,-301
2026-07-26T00:30:32.150865+00:00,1785025825,6715,351 Bridgeport/WhiteRock,15251828,5524,5,-236
2026-07-26T00:30:32.150865+00:00,1785025825,6715,351 Bridgeport/WhiteRock,15251828,5525,6,-242
2026-07-26T00:30:32.150865+00:00,1785025825,6715,351 Bridgeport/WhiteRock,15251828,10443,7,-225
2026-07-26T00:30:32.150865+00:00,1785025825,6715,351 Bridgeport/WhiteRock,15251828,5528,8,-198
2026-07-26T00:30:32.150865+00:00,1785025825,6715,351 Bridgeport/WhiteRock,15251828,5529,9,-199
2026-07-26T00:30:32.150865+00:00,1785025825,6715,351 Bridgeport/WhiteRock,15251828,5530,10,-189
2026-07-26T00:30:32.150865+00:00,1785025825,6715,351 Bridgeport/WhiteRock,15251828,5533,11,-167
2026-07-26T00:30:32.150865+00:00,1785025825,6715,351 Bridgeport/WhiteRock,15251828,5534,12,-161
2026-07-26T00:30:32.150865+00:00,1785025825,6715,351 Bridgeport/WhiteRock,15251828,5535,13,-136
2026-07-26T00:30:32.150865+00:00,1785025825,6715,351 Bridgeport/WhiteRock,15251828,5536,14,-134
2026-07-26T00:30:32.150865+00:00,1785025825,6715,351 Bridgeport/WhiteRock,15251828,5537,15,-115
2026-07-26T00:30:32.150865+00:00,1785025825,6715,351 Bridgeport/WhiteRock,15251828,5538,16,-108
2026-07-26T00:30:32.150865+00:00,1785025825,6715,351 Bridgeport/WhiteRock,15251828,5541,17,-58
2026-07-26T00:30:32.150865+00:00,1785025825,6715,351 Bridgeport/WhiteRock,15251828,5542,18,-27
2026-07-26T00:30:32.150865+00:00,1785025825,6715,351 Bridgeport/WhiteRock,15251828,6340,19,28
2026-07-26T00:30:32.150865+00:00,1785025825,6715,351 Bridgeport/WhiteRock,15251828,6341,20,55
2026-07-26T00:30:32.150865+00:00,1785025825,6715,351 Bridgeport/WhiteRock,15251828,6167,21,78
2026-07-26T00:30:32.150865+00:00,1785025825,11692,364 Langley Centre/Scottsdale,15252764,6464,12,381
2026-07-26T00:30:32.150865+00:00,1785025825,11692,364 Langley Centre/Scottsdale,15252764,6465,13,358
2026-07-26T00:30:32.150865+00:00,1785025825,11692,364 Langley Centre/Scottsdale,15252764,11074,14,396
2026-07-26T00:30:32.150865+00:00,1785025825,11692,364 Langley Centre/Scottsdale,15252764,11153,15,365
2026-07-26T00:30:32.150865+00:00,1785025825,11692,364 Langley Centre/Scottsdale,15252764,11150,16,324
2026-07-26T00:30:32.150865+00:00,1785025825,11692,364 Langley Centre/Scottsdale,15252764,11148,17,308
2026-07-26T00:30:32.150865+00:00,1785025825,11692,364 Langley Centre/Scottsdale,15252764,11124,18,317
2026-07-26T00:30:32.150865+00:00,1785025825,11692,364 Langley Centre/Scottsdale,15252764,11140,19,277
2026-07-26T00:30:32.150865+00:00,1785025825,11692,364 Langley Centre/Scottsdale,15252764,11145,20,264
2026-07-26T00:30:32.150865+00:00,1785025825,11692,364 Langley Centre/Scottsdale,15252764,11076,21,181
2026-07-26T00:30:32.150865+00:00,1785025825,11692,364 Langley Centre/Scottsdale,15252764,12645,22,-21
2026-07-26T00:30:32.150865+00:00,1785025825,11692,364 Langley Centre/Scottsdale,15252764,9525,23,-20
2026-07-26T00:30:32.150865+00:00,1785025825,11692,364 Langley Centre/Scottsdale,15252764,10148,24,-4
2026-07-26T00:30:32.150865+00:00,1785025825,11692,364 Langley Centre/Scottsdale,15252764,10585,25,-24
2026-07-26T00:30:32.150865+00:00,1785025825,11692,364 Langley Centre/Scottsdale,15252764,10250,26,-33
2026-07-26T00:30:32.150865+00:00,1785025825,11692,364 Langley Centre/Scottsdale,15252764,10588,27,-40
2026-07-26T00:30:32.150865+00:00,1785025825,11692,364 Langley Centre/Scottsdale,15252764,10248,28,-14
2026-07-26T00:30:32.150865+00:00,1785025825,11692,364 Langley Centre/Scottsdale,15252764,10726,29,-10
2026-07-26T00:30:32.150865+00:00,1785025825,11692,364 Langley Centre/Scottsdale,15252764,10725,30,-21
2026-07-26T00:30:32.150865+00:00,1785025825,11692,364 Langley Centre/Scottsdale,15252764,10727,31,-34
2026-07-26T00:30:32.150865+00:00,1785025825,11692,364 Langley Centre/Scottsdale,15252764,10251,32,-39
2026-07-26T00:30:32.150865+00:00,1785025825,11692,364 Langley Centre/Scottsdale,15252764,10252,33,-60
2026-07-26T00:30:32.150865+00:00,1785025825,11692,364 Langley Centre/Scottsdale,15252764,10253,34,-68
2026-07-26T00:30:32.150865+00:00,1785025825,11692,364 Langley Centre/Scottsdale,15252764,10255,35,-84
2026-07-26T00:30:32.150865+00:00,1785025825,11692,364 Langley Centre/Scottsdale,15252764,5332,36,-46
2026-07-26T00:30:32.150865+00:00,1785025825,11692,364 Langley Centre/Scottsdale,15252764,12497,37,-69
2026-07-26T00:30:32.150865+00:00,1785025825,11692,364 Langley Centre/Scottsdale,15252764,5334,38,-71
2026-07-26T00:30:32.150865+00:00,1785025825,11692,364 Langley Centre/Scottsdale,15252764,6472,39,-58
2026-07-26T00:30:32.150865+00:00,1785025825,11692,364 Langley Centre/Scottsdale,15252764,6473,40,-63
2026-07-26T00:30:32.150865+00:00,1785025825,11692,364 Langley Centre/Scottsdale,15252764,6474,41,-69
2026-07-26T00:30:32.150865+00:00,1785025825,11692,364 Langley Centre/Scottsdale,15252764,9306,42,-18
2026-07-26T00:30:32.150865+00:00,1785025825,11692,364 Langley Centre/Scottsdale,15252764,11125,43,4
2026-07-26T00:30:32.150865+00:00,1785025825,11692,364 Langley Centre/Scottsdale,15252764,9294,44,3
2026-07-26T00:30:32.150865+00:00,1785025825,11692,364 Langley Centre/Scottsdale,15252764,9293,45,-5
2026-07-26T00:30:32.150865+00:00,1785025825,11692,364 Langley Centre/Scottsdale,15252764,11126,46,2
2026-07-26T00:30:32.150865+00:00,1785025825,11692,364 Langley Centre/Scottsdale,15252764,7094,47,-39
2026-07-26T00:30:32.150865+00:00,1785025825,11692,364 Langley Centre/Scottsdale,15252765,4846,2,95
2026-07-26T00:30:32.150865+00:00,1785025825,11692,364 Langley Centre/Scottsdale,15252765,4918,3,108
2026-07-26T00:30:32.150865+00:00,1785025825,11692,364 Langley Centre/Scottsdale,15252765,4919,4,106
2026-07-26T00:30:32.150865+00:00,1785025825,11692,364 Langley Centre/Scottsdale,15252765,4921,5,47
2026-07-26T00:30:32.150865+00:00,1785025825,11692,364 Langley Centre/Scottsdale,15252765,11121,6,96
2026-07-26T00:30:32.150865+00:00,1785025825,11692,364 Langley Centre/Scottsdale,15252765,11142,7,60
2026-07-26T00:30:32.150865+00:00,1785025825,11692,364 Langley Centre/Scottsdale,15252765,11139,8,43
2026-07-26T00:30:32.150865+00:00,1785025825,11692,364 Langley Centre/Scottsdale,15252765,11156,9,30
2026-07-26T00:30:32.150865+00:00,1785025825,11692,364 Langley Centre/Scottsdale,15252765,5583,10,38
2026-07-26T00:30:32.150865+00:00,1785025825,11692,364 Langley Centre/Scottsdale,15252765,5584,11,6
2026-07-26T00:30:32.150865+00:00,1785025825,11692,364 Langley Centre/Scottsdale,15252765,6464,12,-7
2026-07-26T00:30:32.150865+00:00,1785025825,11692,364 Langley Centre/Scottsdale,15252765,6465,13,-29
2026-07-26T00:30:32.150865+00:00,1785025825,11692,364 Langley Centre/Scottsdale,15252765,11074,14,9
2026-07-26T00:30:32.150865+00:00,1785025825,11692,364 Langley Centre/Scottsdale,15252765,11153,15,-22
2026-07-26T00:30:32.150865+00:00,1785025825,11692,364 Langley Centre/Scottsdale,15252765,11150,16,-63
2026-07-26T00:30:32.150865+00:00,1785025825,11692,364 Langley Centre/Scottsdale,15252765,11148,17,-82
2026-07-26T00:30:32.150865+00:00,1785025825,11692,364 Langley Centre/Scottsdale,15252765,11124,18,-73
2026-07-26T00:30:32.150865+00:00,1785025825,11692,364 Langley Centre/Scottsdale,15252765,11140,19,-113
2026-07-26T00:30:32.150865+00:00,1785025825,11692,364 Langley Centre/Scottsdale,15252765,11145,20,-125
2026-07-26T00:30:32.150865+00:00,1785025825,11692,364 Langley Centre/Scottsdale,15252765,11076,21,0
2026-07-26T00:30:32.150865+00:00,1785025825,11692,364 Langley Centre/Scottsdale,15252765,12645,22,-202
2026-07-26T00:30:32.150865+00:00,1785025825,11692,364 Langley Centre/Scottsdale,15252765,9525,23,-201
2026-07-26T00:30:32.150865+00:00,1785025825,11692,364 Langley Centre/Scottsdale,15252765,10148,24,-191
2026-07-26T00:30:32.150865+00:00,1785025825,11692,364 Langley Centre/Scottsdale,15252765,10585,25,-211
2026-07-26T00:30:32.150865+00:00,1785025825,11692,364 Langley Centre/Scottsdale,15252765,10250,26,-220
2026-07-26T00:30:32.150865+00:00,1785025825,11692,364 Langley Centre/Scottsdale,15252765,10588,27,-228
2026-07-26T00:30:32.150865+00:00,1785025825,11692,364 Langley Centre/Scottsdale,15252765,10248,28,-212
2026-07-26T00:30:32.150865+00:00,1785025825,11692,364 Langley Centre/Scottsdale,15252765,10726,29,-211
2026-07-26T00:30:32.150865+00:00,1785025825,11692,364 Langley Centre/Scottsdale,15252765,10725,30,-224
2026-07-26T00:30:32.150865+00:00,1785025825,11692,364 Langley Centre/Scottsdale,15252765,10727,31,-240
2026-07-26T00:30:32.150865+00:00,1785025825,11692,364 Langley Centre/Scottsdale,15252765,10251,32,-247
2026-07-26T00:30:32.150865+00:00,1785025825,11692,364 Langley Centre/Scottsdale,15252765,10252,33,-270
2026-07-26T00:30:32.150865+00:00,1785025825,11692,364 Langley Centre/Scottsdale,15252765,10253,34,-278
2026-07-26T00:30:32.150865+00:00,1785025825,11692,364 Langley Centre/Scottsdale,15252765,10255,35,-295
2026-07-26T00:30:32.150865+00:00,1785025825,11692,364 Langley Centre/Scottsdale,15252765,5332,36,-263
2026-07-26T00:30:32.150865+00:00,1785025825,11692,364 Langley Centre/Scottsdale,15252765,12497,37,-286
2026-07-26T00:30:32.150865+00:00,1785025825,11692,364 Langley Centre/Scottsdale,15252765,5334,38,-287
2026-07-26T00:30:32.150865+00:00,1785025825,11692,364 Langley Centre/Scottsdale,15252765,6472,39,-274
2026-07-26T00:30:32.150865+00:00,1785025825,11692,364 Langley Centre/Scottsdale,15252765,6473,40,-269
2026-07-26T00:30:32.150865+00:00,1785025825,11692,364 Langley Centre/Scottsdale,15252765,6474,41,-270
2026-07-26T00:30:32.150865+00:00,1785025825,11692,364 Langley Centre/Scottsdale,15252765,9306,42,-227
2026-07-26T00:30:32.150865+00:00,1785025825,11692,364 Langley Centre/Scottsdale,15252765,11125,43,-205
2026-07-26T00:30:32.150865+00:00,1785025825,11692,364 Langley Centre/Scottsdale,15252765,9294,44,-207
2026-07-26T00:30:32.150865+00:00,1785025825,11692,364 Langley Centre/Scottsdale,15252765,9293,45,-217
2026-07-26T00:30:32.150865+00:00,1785025825,11692,364 Langley Centre/Scottsdale,15252765,11126,46,-209
2026-07-26T00:30:32.150865+00:00,1785025825,11692,364 Langley Centre/Scottsdale,15252765,7094,47,-250
2026-07-26T00:30:32.150865+00:00,1785025825,11692,364 Langley Centre/Scottsdale,15252796,10251,32,-172
2026-07-26T00:30:32.150865+00:00,1785025825,11692,364 Langley Centre/Scottsdale,15252796,10252,33,-195
2026-07-26T00:30:32.150865+00:00,1785025825,11692,364 Langley Centre/Scottsdale,15252796,10253,34,-204
2026-07-26T00:30:32.150865+00:00,1785025825,11692,364 Langley Centre/Scottsdale,15252796,10255,35,-222
2026-07-26T00:30:32.150865+00:00,1785025825,11692,364 Langley Centre/Scottsdale,15252796,5332,36,-187
2026-07-26T00:30:32.150865+00:00,1785025825,11692,364 Langley Centre/Scottsdale,15252796,12497,37,-213
2026-07-26T00:30:32.150865+00:00,1785025825,11692,364 Langley Centre/Scottsdale,15252796,5334,38,-217
2026-07-26T00:30:32.150865+00:00,1785025825,11692,364 Langley Centre/Scottsdale,15252796,6472,39,-204
2026-07-26T00:30:32.150865+00:00,1785025825,11692,364 Langley Centre/Scottsdale,15252796,6473,40,-200
2026-07-26T00:30:32.150865+00:00,1785025825,11692,364 Langley Centre/Scottsdale,15252796,6474,41,-196
2026-07-26T00:30:32.150865+00:00,1785025825,11692,364 Langley Centre/Scottsdale,15252796,9306,42,-147
2026-07-26T00:30:32.150865+00:00,1785025825,11692,364 Langley Centre/Scottsdale,15252796,11125,43,-150
2026-07-26T00:30:32.150865+00:00,1785025825,11692,364 Langley Centre/Scottsdale,15252796,9294,44,-156
2026-07-26T00:30:32.150865+00:00,1785025825,11692,364 Langley Centre/Scottsdale,15252796,9293,45,-164
2026-07-26T00:30:32.150865+00:00,1785025825,11692,364 Langley Centre/Scottsdale,15252796,11126,46,-154
2026-07-26T00:30:32.150865+00:00,1785025825,11692,364 Langley Centre/Scottsdale,15252796,7094,47,-191
2026-07-26T00:30:32.150865+00:00,1785025825,11692,364 Langley Centre/Scottsdale,15252822,4936,44,47
2026-07-26T00:30:32.150865+00:00,1785025825,11692,364 Langley Centre/Scottsdale,15252822,4937,45,33
2026-07-26T00:30:32.150865+00:00,1785025825,11692,364 Langley Centre/Scottsdale,15252822,4938,46,17
2026-07-26T00:30:32.150865+00:00,1785025825,11692,364 Langley Centre/Scottsdale,15252822,5229,47,31
2026-07-26T00:30:32.150865+00:00,1785025825,11692,364 Langley Centre/Scottsdale,15252822,4917,48,106
2026-07-26T00:30:32.150865+00:00,1785025825,11692,364 Langley Centre/Scottsdale,15252824,11123,32,-344
2026-07-26T00:30:32.150865+00:00,1785025825,11692,364 Langley Centre/Scottsdale,15252824,11176,33,-335
2026-07-26T00:30:32.150865+00:00,1785025825,11692,364 Langley Centre/Scottsdale,15252824,11177,34,-359
2026-07-26T00:30:32.150865+00:00,1785025825,11692,364 Langley Centre/Scottsdale,15252824,11178,35,-382
2026-07-26T00:30:32.150865+00:00,1785025825,11692,364 Langley Centre/Scottsdale,15252824,6459,36,-286
2026-07-26T00:30:32.150865+00:00,1785025825,11692,364 Langley Centre/Scottsdale,15252824,6460,37,-288
2026-07-26T00:30:32.150865+00:00,1785025825,11692,364 Langley Centre/Scottsdale,15252824,5621,38,-281
2026-07-26T00:30:32.150865+00:00,1785025825,11692,364 Langley Centre/Scottsdale,15252824,5622,39,-299
2026-07-26T00:30:32.150865+00:00,1785025825,11692,364 Langley Centre/Scottsdale,15252824,11122,40,-258
2026-07-26T00:30:32.150865+00:00,1785025825,11692,364 Langley Centre/Scottsdale,15252824,11155,41,-268
2026-07-26T00:30:32.150865+00:00,1785025825,11692,364 Langley Centre/Scottsdale,15252824,11143,42,-268
2026-07-26T00:30:32.150865+00:00,1785025825,11692,364 Langley Centre/Scottsdale,15252824,11141,43,-294
2026-07-26T00:30:32.150865+00:00,1785025825,11692,364 Langley Centre/Scottsdale,15252824,4936,44,-271
2026-07-26T00:30:32.150865+00:00,1785025825,11692,364 Langley Centre/Scottsdale,15252824,4937,45,-287
2026-07-26T00:30:32.150865+00:00,1785025825,11692,364 Langley Centre/Scottsdale,15252824,4938,46,-306
2026-07-26T00:30:32.150865+00:00,1785025825,11692,364 Langley Centre/Scottsdale,15252824,5229,47,-298
2026-07-26T00:30:32.150865+00:00,1785025825,11692,364 Langley Centre/Scottsdale,15252824,4917,48,-224
2026-07-26T00:30:32.150865+00:00,1785025825,11692,364 Langley Centre/Scottsdale,15252825,7093,3,-222
2026-07-26T00:30:32.150865+00:00,1785025825,11692,364 Langley Centre/Scottsdale,15252825,9291,4,-318
2026-07-26T00:30:32.150865+00:00,1785025825,11692,364 Langley Centre/Scottsdale,15252825,9292,5,-329
2026-07-26T00:30:32.150865+00:00,1785025825,11692,364 Langley Centre/Scottsdale,15252825,11264,6,-332
2026-07-26T00:30:32.150865+00:00,1785025825,11692,364 Langley Centre/Scottsdale,15252825,9303,7,-344
2026-07-26T00:30:32.150865+00:00,1785025825,11692,364 Langley Centre/Scottsdale,15252825,9304,8,-354
2026-07-26T00:30:32.150865+00:00,1785025825,11692,364 Langley Centre/Scottsdale,15252825,6475,9,-315
2026-07-26T00:30:32.150865+00:00,1785025825,11692,364 Langley Centre/Scottsdale,15252825,6476,10,-338
2026-07-26T00:30:32.150865+00:00,1785025825,11692,364 Langley Centre/Scottsdale,15252825,5381,11,-347
2026-07-26T00:30:32.150865+00:00,1785025825,11692,364 Langley Centre/Scottsdale,15252825,12496,12,-345
2026-07-26T00:30:32.150865+00:00,1785025825,11692,364 Langley Centre/Scottsdale,15252825,5382,13,-363
2026-07-26T00:30:32.150865+00:00,1785025825,11692,364 Langley Centre/Scottsdale,15252825,12516,14,-230
2026-07-26T00:30:32.150865+00:00,1785025825,11692,364 Langley Centre/Scottsdale,15252825,10257,15,-267
2026-07-26T00:30:32.150865+00:00,1785025825,11692,364 Langley Centre/Scottsdale,15252825,10258,16,-282
2026-07-26T00:30:32.150865+00:00,1785025825,11692,364 Langley Centre/Scottsdale,15252825,10259,17,-323
2026-07-26T00:30:32.150865+00:00,1785025825,11692,364 Langley Centre/Scottsdale,15252825,10260,18,0
2026-07-26T00:30:32.150865+00:00,1785025825,11692,364 Langley Centre/Scottsdale,15252825,10729,19,-41
2026-07-26T00:30:32.150865+00:00,1785025825,11692,364 Langley Centre/Scottsdale,15252825,13067,20,-62
2026-07-26T00:30:32.150865+00:00,1785025825,11692,364 Langley Centre/Scottsdale,15252825,10633,21,-91
2026-07-26T00:30:32.150865+00:00,1785025825,11692,364 Langley Centre/Scottsdale,15252825,10149,22,-62
2026-07-26T00:30:32.150865+00:00,1785025825,11692,364 Langley Centre/Scottsdale,15252825,10587,23,-80
2026-07-26T00:30:32.150865+00:00,1785025825,11692,364 Langley Centre/Scottsdale,15252825,10261,24,-111
2026-07-26T00:30:32.150865+00:00,1785025825,11692,364 Langley Centre/Scottsdale,15252825,10586,25,-143
2026-07-26T00:30:32.150865+00:00,1785025825,11692,364 Langley Centre/Scottsdale,15252825,9547,26,-118
2026-07-26T00:30:32.150865+00:00,1785025825,11692,364 Langley Centre/Scottsdale,15252825,9526,27,-141
2026-07-26T00:30:32.150865+00:00,1785025825,11692,364 Langley Centre/Scottsdale,15252825,12646,28,-154
2026-07-26T00:30:32.150865+00:00,1785025825,11692,364 Langley Centre/Scottsdale,15252825,11075,29,-285
2026-07-26T00:30:32.150865+00:00,1785025825,11692,364 Langley Centre/Scottsdale,15252825,11174,30,-307
2026-07-26T00:30:32.150865+00:00,1785025825,11692,364 Langley Centre/Scottsdale,15252825,11175,31,-335
2026-07-26T00:30:32.150865+00:00,1785025825,11692,364 Langley Centre/Scottsdale,15252825,11123,32,-334
2026-07-26T00:30:32.150865+00:00,1785025825,11692,364 Langley Centre/Scottsdale,15252825,11176,33,-325
2026-07-26T00:30:32.150865+00:00,1785025825,11692,364 Langley Centre/Scottsdale,15252825,11177,34,-351
2026-07-26T00:30:32.150865+00:00,1785025825,11692,364 Langley Centre/Scottsdale,15252825,11178,35,-378
2026-07-26T00:30:32.150865+00:00,1785025825,11692,364 Langley Centre/Scottsdale,15252825,6459,36,-308
2026-07-26T00:30:32.150865+00:00,1785025825,11692,364 Langley Centre/Scottsdale,15252825,6460,37,-309
2026-07-26T00:30:32.150865+00:00,1785025825,11692,364 Langley Centre/Scottsdale,15252825,5621,38,-302
2026-07-26T00:30:32.150865+00:00,1785025825,11692,364 Langley Centre/Scottsdale,15252825,5622,39,-320
2026-07-26T00:30:32.150865+00:00,1785025825,11692,364 Langley Centre/Scottsdale,15252825,11122,40,-301
2026-07-26T00:30:32.150865+00:00,1785025825,11692,364 Langley Centre/Scottsdale,15252825,11155,41,-308
2026-07-26T00:30:32.150865+00:00,1785025825,11692,364 Langley Centre/Scottsdale,15252825,11143,42,-309
2026-07-26T00:30:32.150865+00:00,1785025825,11692,364 Langley Centre/Scottsdale,15252825,11141,43,-336
2026-07-26T00:30:32.150865+00:00,1785025825,11692,364 Langley Centre/Scottsdale,15252825,4936,44,-315
2026-07-26T00:30:32.150865+00:00,1785025825,11692,364 Langley Centre/Scottsdale,15252825,4937,45,-325
2026-07-26T00:30:32.150865+00:00,1785025825,11692,364 Langley Centre/Scottsdale,15252825,4938,46,-344
2026-07-26T00:30:32.150865+00:00,1785025825,11692,364 Langley Centre/Scottsdale,15252825,5229,47,-332
2026-07-26T00:30:32.150865+00:00,1785025825,11692,364 Langley Centre/Scottsdale,15252825,4917,48,-261
2026-07-26T00:30:32.150865+00:00,1785025825,11692,364 Langley Centre/Scottsdale,15252841,10258,16,-38
2026-07-26T00:30:32.150865+00:00,1785025825,11692,364 Langley Centre/Scottsdale,15252841,10259,17,-80
2026-07-26T00:30:32.150865+00:00,1785025825,11692,364 Langley Centre/Scottsdale,15252841,10260,18,0
2026-07-26T00:30:32.150865+00:00,1785025825,11692,364 Langley Centre/Scottsdale,15252841,10729,19,-42
2026-07-26T00:30:32.150865+00:00,1785025825,11692,364 Langley Centre/Scottsdale,15252841,13067,20,-63
2026-07-26T00:30:32.150865+00:00,1785025825,11692,364 Langley Centre/Scottsdale,15252841,10633,21,-88
2026-07-26T00:30:32.150865+00:00,1785025825,11692,364 Langley Centre/Scottsdale,15252841,10149,22,-55
2026-07-26T00:30:32.150865+00:00,1785025825,11692,364 Langley Centre/Scottsdale,15252841,10587,23,-72
2026-07-26T00:30:32.150865+00:00,1785025825,11692,364 Langley Centre/Scottsdale,15252841,10261,24,-102
2026-07-26T00:30:32.150865+00:00,1785025825,11692,364 Langley Centre/Scottsdale,15252841,10586,25,-134
2026-07-26T00:30:32.150865+00:00,1785025825,11692,364 Langley Centre/Scottsdale,15252841,9547,26,-108
2026-07-26T00:30:32.150865+00:00,1785025825,11692,364 Langley Centre/Scottsdale,15252841,9526,27,-134
2026-07-26T00:30:32.150865+00:00,1785025825,11692,364 Langley Centre/Scottsdale,15252841,12646,28,-147
2026-07-26T00:30:32.150865+00:00,1785025825,11692,364 Langley Centre/Scottsdale,15252841,11075,29,-281
2026-07-26T00:30:32.150865+00:00,1785025825,11692,364 Langley Centre/Scottsdale,15252841,11174,30,-302
2026-07-26T00:30:32.150865+00:00,1785025825,11692,364 Langley Centre/Scottsdale,15252841,11175,31,-329
2026-07-26T00:30:32.150865+00:00,1785025825,11692,364 Langley Centre/Scottsdale,15252841,11123,32,-325
2026-07-26T00:30:32.150865+00:00,1785025825,11692,364 Langley Centre/Scottsdale,15252841,11176,33,-316
2026-07-26T00:30:32.150865+00:00,1785025825,11692,364 Langley Centre/Scottsdale,15252841,11177,34,-341
2026-07-26T00:30:32.150865+00:00,1785025825,11692,364 Langley Centre/Scottsdale,15252841,11178,35,-365
2026-07-26T00:30:32.150865+00:00,1785025825,11692,364 Langley Centre/Scottsdale,15252841,6459,36,-269
2026-07-26T00:30:32.150865+00:00,1785025825,11692,364 Langley Centre/Scottsdale,15252841,6460,37,-270
2026-07-26T00:30:32.150865+00:00,1785025825,11692,364 Langley Centre/Scottsdale,15252841,5621,38,-263
2026-07-26T00:30:32.150865+00:00,1785025825,11692,364 Langley Centre/Scottsdale,15252841,5622,39,-280
2026-07-26T00:30:32.150865+00:00,1785025825,11692,364 Langley Centre/Scottsdale,15252841,11122,40,-240
2026-07-26T00:30:32.150865+00:00,1785025825,11692,364 Langley Centre/Scottsdale,15252841,11155,41,-248
2026-07-26T00:30:32.150865+00:00,1785025825,11692,364 Langley Centre/Scottsdale,15252841,11143,42,-248
2026-07-26T00:30:32.150865+00:00,1785025825,11692,364 Langley Centre/Scottsdale,15252841,11141,43,-274
2026-07-26T00:30:32.150865+00:00,1785025825,11692,364 Langley Centre/Scottsdale,15252841,4936,44,-252
2026-07-26T00:30:32.150865+00:00,1785025825,11692,364 Langley Centre/Scottsdale,15252841,4937,45,-264
2026-07-26T00:30:32.150865+00:00,1785025825,11692,364 Langley Centre/Scottsdale,15252841,4938,46,-281
2026-07-26T00:30:32.150865+00:00,1785025825,11692,364 Langley Centre/Scottsdale,15252841,5229,47,-269
2026-07-26T00:30:32.150865+00:00,1785025825,11692,364 Langley Centre/Scottsdale,15252841,4917,48,-197
2026-07-26T00:30:32.150865+00:00,1785025825,18705,531 WhiteRock/WillowBrook,15259246,12173,45,-344
2026-07-26T00:30:32.150865+00:00,1785025825,18705,531 WhiteRock/WillowBrook,15259246,9291,46,-375
2026-07-26T00:30:32.150865+00:00,1785025825,18705,531 WhiteRock/WillowBrook,15259246,9292,47,-378
2026-07-26T00:30:32.150865+00:00,1785025825,18705,531 WhiteRock/WillowBrook,15259246,11264,48,-362
2026-07-26T00:30:32.150865+00:00,1785025825,18705,531 WhiteRock/WillowBrook,15259246,9303,49,-360
2026-07-26T00:30:32.150865+00:00,1785025825,18705,531 WhiteRock/WillowBrook,15259246,9304,50,-363
2026-07-26T00:30:32.150865+00:00,1785025825,18705,531 WhiteRock/WillowBrook,15259246,6475,51,-311
2026-07-26T00:30:32.150865+00:00,1785025825,18705,531 WhiteRock/WillowBrook,15259246,6476,52,-315
2026-07-26T00:30:32.150865+00:00,1785025825,18705,531 WhiteRock/WillowBrook,15259246,5335,53,-303
2026-07-26T00:30:32.150865+00:00,1785025825,18705,531 WhiteRock/WillowBrook,15259246,7100,54,-261
2026-07-26T00:30:32.150865+00:00,1785025825,18705,531 WhiteRock/WillowBrook,15259247,11583,9,210
2026-07-26T00:30:32.150865+00:00,1785025825,18705,531 WhiteRock/WillowBrook,15259247,11574,10,215
2026-07-26T00:30:32.150865+00:00,1785025825,18705,531 WhiteRock/WillowBrook,15259247,11736,11,246
2026-07-26T00:30:32.150865+00:00,1785025825,18705,531 WhiteRock/WillowBrook,15259247,12379,12,247
2026-07-26T00:30:32.150865+00:00,1785025825,18705,531 WhiteRock/WillowBrook,15259247,11738,13,231
2026-07-26T00:30:32.150865+00:00,1785025825,18705,531 WhiteRock/WillowBrook,15259247,11743,14,207
2026-07-26T00:30:32.150865+00:00,1785025825,18705,531 WhiteRock/WillowBrook,15259247,12306,15,156
2026-07-26T00:30:32.150865+00:00,1785025825,18705,531 WhiteRock/WillowBrook,15259247,12218,16,118
2026-07-26T00:30:32.150865+00:00,1785025825,18705,531 WhiteRock/WillowBrook,15259247,11924,17,63
2026-07-26T00:30:32.150865+00:00,1785025825,18705,531 WhiteRock/WillowBrook,15259247,13131,18,33
2026-07-26T00:30:32.150865+00:00,1785025825,18705,531 WhiteRock/WillowBrook,15259247,11923,19,12
2026-07-26T00:30:32.150865+00:00,1785025825,18705,531 WhiteRock/WillowBrook,15259247,12597,20,-47
2026-07-26T00:30:32.150865+00:00,1785025825,18705,531 WhiteRock/WillowBrook,15259247,11922,21,-61
2026-07-26T00:30:32.150865+00:00,1785025825,18705,531 WhiteRock/WillowBrook,15259247,11744,22,-54
2026-07-26T00:30:32.150865+00:00,1785025825,18705,531 WhiteRock/WillowBrook,15259247,11839,23,-75
2026-07-26T00:30:32.150865+00:00,1785025825,18705,531 WhiteRock/WillowBrook,15259247,12922,24,-102
2026-07-26T00:30:32.150865+00:00,1785025825,18705,531 WhiteRock/WillowBrook,15259247,12923,25,-133
2026-07-26T00:30:32.150865+00:00,1785025825,18705,531 WhiteRock/WillowBrook,15259247,12925,26,-141
2026-07-26T00:30:32.150865+00:00,1785025825,18705,531 WhiteRock/WillowBrook,15259247,12928,27,-167
2026-07-26T00:30:32.150865+00:00,1785025825,18705,531 WhiteRock/WillowBrook,15259247,12930,28,-184
2026-07-26T00:30:32.150865+00:00,1785025825,18705,531 WhiteRock/WillowBrook,15259247,13042,29,-204
2026-07-26T00:30:32.150865+00:00,1785025825,18705,531 WhiteRock/WillowBrook,15259247,8936,30,-195
2026-07-26T00:30:32.150865+00:00,1785025825,18705,531 WhiteRock/WillowBrook,15259247,9030,31,-203
2026-07-26T00:30:32.150865+00:00,1785025825,18705,531 WhiteRock/WillowBrook,15259247,8937,32,-218
2026-07-26T00:30:32.150865+00:00,1785025825,18705,531 WhiteRock/WillowBrook,15259247,8938,33,-215
2026-07-26T00:30:32.150865+00:00,1785025825,18705,531 WhiteRock/WillowBrook,15259247,7081,34,-217
2026-07-26T00:30:32.150865+00:00,1785025825,18705,531 WhiteRock/WillowBrook,15259247,7082,35,-221
2026-07-26T00:30:32.150865+00:00,1785025825,18705,531 WhiteRock/WillowBrook,15259247,7083,36,-241
2026-07-26T00:30:32.150865+00:00,1785025825,18705,531 WhiteRock/WillowBrook,15259247,7084,37,-255
2026-07-26T00:30:32.150865+00:00,1785025825,18705,531 WhiteRock/WillowBrook,15259247,7085,38,-280
2026-07-26T00:30:32.150865+00:00,1785025825,18705,531 WhiteRock/WillowBrook,15259247,8939,39,-288
2026-07-26T00:30:32.150865+00:00,1785025825,18705,531 WhiteRock/WillowBrook,15259247,7086,40,-295
2026-07-26T00:30:32.150865+00:00,1785025825,18705,531 WhiteRock/WillowBrook,15259247,8940,41,-313
2026-07-26T00:30:32.150865+00:00,1785025825,18705,531 WhiteRock/WillowBrook,15259247,5341,42,-316
2026-07-26T00:30:32.150865+00:00,1785025825,18705,531 WhiteRock/WillowBrook,15259247,5342,43,-308
2026-07-26T00:30:32.150865+00:00,1785025825,18705,531 WhiteRock/WillowBrook,15259247,12293,44,-291
2026-07-26T00:30:32.150865+00:00,1785025825,18705,531 WhiteRock/WillowBrook,15259247,12173,45,-219
2026-07-26T00:30:32.150865+00:00,1785025825,18705,531 WhiteRock/WillowBrook,15259247,9291,46,-243
2026-07-26T00:30:32.150865+00:00,1785025825,18705,531 WhiteRock/WillowBrook,15259247,9292,47,-245
2026-07-26T00:30:32.150865+00:00,1785025825,18705,531 WhiteRock/WillowBrook,15259247,11264,48,-231
2026-07-26T00:30:32.150865+00:00,1785025825,18705,531 WhiteRock/WillowBrook,15259247,9303,49,-220
2026-07-26T00:30:32.150865+00:00,1785025825,18705,531 WhiteRock/WillowBrook,15259247,9304,50,-220
2026-07-26T00:30:32.150865+00:00,1785025825,18705,531 WhiteRock/WillowBrook,15259247,6475,51,-169
2026-07-26T00:30:32.150865+00:00,1785025825,18705,531 WhiteRock/WillowBrook,15259247,6476,52,-176
2026-07-26T00:30:32.150865+00:00,1785025825,18705,531 WhiteRock/WillowBrook,15259247,5335,53,-166
2026-07-26T00:30:32.150865+00:00,1785025825,18705,531 WhiteRock/WillowBrook,15259247,7100,54,-131
2026-07-26T00:30:32.150865+00:00,1785025825,18705,531 WhiteRock/WillowBrook,15259251,13013,1,0
2026-07-26T00:30:32.150865+00:00,1785025825,18705,531 WhiteRock/WillowBrook,15259251,5437,2,0
2026-07-26T00:30:32.150865+00:00,1785025825,18705,531 WhiteRock/WillowBrook,15259251,5438,3,0
2026-07-26T00:30:32.150865+00:00,1785025825,18705,531 WhiteRock/WillowBrook,15259251,5439,4,0
2026-07-26T00:30:32.150865+00:00,1785025825,18705,531 WhiteRock/WillowBrook,15259251,5440,5,0
2026-07-26T00:30:32.150865+00:00,1785025825,18705,531 WhiteRock/WillowBrook,15259251,11755,6,0
2026-07-26T00:30:32.150865+00:00,1785025825,18705,531 WhiteRock/WillowBrook,15259251,11734,7,0
2026-07-26T00:30:32.150865+00:00,1785025825,18705,531 WhiteRock/WillowBrook,15259251,10856,8,0
2026-07-26T00:30:32.150865+00:00,1785025825,18705,531 WhiteRock/WillowBrook,15259251,11583,9,0
2026-07-26T00:30:32.150865+00:00,1785025825,18705,531 WhiteRock/WillowBrook,15259251,11574,10,0
2026-07-26T00:30:32.150865+00:00,1785025825,18705,531 WhiteRock/WillowBrook,15259251,11736,11,0
2026-07-26T00:30:32.150865+00:00,1785025825,18705,531 WhiteRock/WillowBrook,15259251,12379,12,0
2026-07-26T00:30:32.150865+00:00,1785025825,18705,531 WhiteRock/WillowBrook,15259251,11738,13,0
2026-07-26T00:30:32.150865+00:00,1785025825,18705,531 WhiteRock/WillowBrook,15259251,11743,14,0
2026-07-26T00:30:32.150865+00:00,1785025825,18705,531 WhiteRock/WillowBrook,15259251,12306,15,0
2026-07-26T00:30:32.150865+00:00,1785025825,18705,531 WhiteRock/WillowBrook,15259251,12218,16,0
2026-07-26T00:30:32.150865+00:00,1785025825,18705,531 WhiteRock/WillowBrook,15259251,11924,17,0
2026-07-26T00:30:32.150865+00:00,1785025825,18705,531 WhiteRock/WillowBrook,15259251,13131,18,0
2026-07-26T00:30:32.150865+00:00,1785025825,18705,531 WhiteRock/WillowBrook,15259251,11923,19,0
2026-07-26T00:30:32.150865+00:00,1785025825,18705,531 WhiteRock/WillowBrook,15259251,12597,20,0
2026-07-26T00:30:32.150865+00:00,1785025825,18705,531 WhiteRock/WillowBrook,15259251,11922,21,0
2026-07-26T00:30:32.150865+00:00,1785025825,18705,531 WhiteRock/WillowBrook,15259251,11744,22,0
2026-07-26T00:30:32.150865+00:00,1785025825,18705,531 WhiteRock/WillowBrook,15259251,11839,23,0
2026-07-26T00:30:32.150865+00:00,1785025825,18705,531 WhiteRock/WillowBrook,15259251,12922,24,0
2026-07-26T00:30:32.150865+00:00,1785025825,18705,531 WhiteRock/WillowBrook,15259251,12923,25,0
2026-07-26T00:30:32.150865+00:00,1785025825,18705,531 WhiteRock/WillowBrook,15259251,12925,26,0
2026-07-26T00:30:32.150865+00:00,1785025825,18705,531 WhiteRock/WillowBrook,15259251,12928,27,0
2026-07-26T00:30:32.150865+00:00,1785025825,18705,531 WhiteRock/WillowBrook,15259251,12930,28,0
2026-07-26T00:30:32.150865+00:00,1785025825,18705,531 WhiteRock/WillowBrook,15259251,13042,29,0
2026-07-26T00:30:32.150865+00:00,1785025825,18705,531 WhiteRock/WillowBrook,15259251,8936,30,0
2026-07-26T00:30:32.150865+00:00,1785025825,18705,531 WhiteRock/WillowBrook,15259251,9030,31,0
2026-07-26T00:30:32.150865+00:00,1785025825,18705,531 WhiteRock/WillowBrook,15259251,8937,32,0
2026-07-26T00:30:32.150865+00:00,1785025825,18705,531 WhiteRock/WillowBrook,15259251,8938,33,0
2026-07-26T00:30:32.150865+00:00,1785025825,18705,531 WhiteRock/WillowBrook,15259251,7081,34,0
2026-07-26T00:30:32.150865+00:00,1785025825,18705,531 WhiteRock/WillowBrook,15259251,7082,35,0
2026-07-26T00:30:32.150865+00:00,1785025825,18705,531 WhiteRock/WillowBrook,15259251,7083,36,0
2026-07-26T00:30:32.150865+00:00,1785025825,18705,531 WhiteRock/WillowBrook,15259251,7084,37,0
2026-07-26T00:30:32.150865+00:00,1785025825,18705,531 WhiteRock/WillowBrook,15259251,7085,38,0
2026-07-26T00:30:32.150865+00:00,1785025825,18705,531 WhiteRock/WillowBrook,15259251,8939,39,0
2026-07-26T00:30:32.150865+00:00,1785025825,18705,531 WhiteRock/WillowBrook,15259251,7086,40,0
2026-07-26T00:30:32.150865+00:00,1785025825,18705,531 WhiteRock/WillowBrook,15259251,8940,41,0
2026-07-26T00:30:32.150865+00:00,1785025825,18705,531 WhiteRock/WillowBrook,15259251,5341,42,0
2026-07-26T00:30:32.150865+00:00,1785025825,18705,531 WhiteRock/WillowBrook,15259251,5342,43,0
2026-07-26T00:30:32.150865+00:00,1785025825,18705,531 WhiteRock/WillowBrook,15259251,12293,44,0
2026-07-26T00:30:32.150865+00:00,1785025825,18705,531 WhiteRock/WillowBrook,15259251,12173,45,0
2026-07-26T00:30:32.150865+00:00,1785025825,18705,531 WhiteRock/WillowBrook,15259251,9291,46,0
2026-07-26T00:30:32.150865+00:00,1785025825,18705,531 WhiteRock/WillowBrook,15259251,9292,47,0
2026-07-26T00:30:32.150865+00:00,1785025825,18705,531 WhiteRock/WillowBrook,15259251,11264,48,0
2026-07-26T00:30:32.150865+00:00,1785025825,18705,531 WhiteRock/WillowBrook,15259251,9303,49,0
2026-07-26T00:30:32.150865+00:00,1785025825,18705,531 WhiteRock/WillowBrook,15259251,9304,50,0
2026-07-26T00:30:32.150865+00:00,1785025825,18705,531 WhiteRock/WillowBrook,15259251,6475,51,0
2026-07-26T00:30:32.150865+00:00,1785025825,18705,531 WhiteRock/WillowBrook,15259251,6476,52,0
2026-07-26T00:30:32.150865+00:00,1785025825,18705,531 WhiteRock/WillowBrook,15259251,5335,53,0
2026-07-26T00:30:32.150865+00:00,1785025825,18705,531 WhiteRock/WillowBrook,15259251,7100,54,0
2026-07-26T00:30:32.150865+00:00,1785025825,18705,531 WhiteRock/WillowBrook,15259283,13040,34,-124
2026-07-26T00:30:32.150865+00:00,1785025825,18705,531 WhiteRock/WillowBrook,15259283,12598,35,-141
2026-07-26T00:30:32.150865+00:00,1785025825,18705,531 WhiteRock/WillowBrook,15259283,11920,36,-187
2026-07-26T00:30:32.150865+00:00,1785025825,18705,531 WhiteRock/WillowBrook,15259283,13130,37,-214
2026-07-26T00:30:32.150865+00:00,1785025825,18705,531 WhiteRock/WillowBrook,15259283,11925,38,-239
2026-07-26T00:30:32.150865+00:00,1785025825,18705,531 WhiteRock/WillowBrook,15259283,12219,39,-269
2026-07-26T00:30:32.150865+00:00,1785025825,18705,531 WhiteRock/WillowBrook,15259283,11741,40,-258
2026-07-26T00:30:32.150865+00:00,1785025825,18705,531 WhiteRock/WillowBrook,15259283,11740,41,-266
2026-07-26T00:30:32.150865+00:00,1785025825,18705,531 WhiteRock/WillowBrook,15259283,11739,42,-214
2026-07-26T00:30:32.150865+00:00,1785025825,18705,531 WhiteRock/WillowBrook,15259283,11737,43,-174
2026-07-26T00:30:32.150865+00:00,1785025825,18705,531 WhiteRock/WillowBrook,15259283,11757,44,-198
2026-07-26T00:30:32.150865+00:00,1785025825,18705,531 WhiteRock/WillowBrook,15259283,11735,45,-161
2026-07-26T00:30:32.150865+00:00,1785025825,18705,531 WhiteRock/WillowBrook,15259283,11756,46,-156
2026-07-26T00:30:32.150865+00:00,1785025825,18705,531 WhiteRock/WillowBrook,15259283,5535,47,-123
2026-07-26T00:30:32.150865+00:00,1785025825,18705,531 WhiteRock/WillowBrook,15259283,5536,48,-139
2026-07-26T00:30:32.150865+00:00,1785025825,18705,531 WhiteRock/WillowBrook,15259283,5537,49,-136
2026-07-26T00:30:32.150865+00:00,1785025825,18705,531 WhiteRock/WillowBrook,15259283,5538,50,-138
2026-07-26T00:30:32.150865+00:00,1785025825,18705,531 WhiteRock/WillowBrook,15259283,5539,51,-128
2026-07-26T00:30:32.150865+00:00,1785025825,18705,531 WhiteRock/WillowBrook,15259283,5540,52,-113
2026-07-26T00:30:32.150865+00:00,1785025825,18705,531 WhiteRock/WillowBrook,15259292,11754,1,0
2026-07-26T00:30:32.150865+00:00,1785025825,18705,531 WhiteRock/WillowBrook,15259292,9306,4,-200
2026-07-26T00:30:32.150865+00:00,1785025825,18705,531 WhiteRock/WillowBrook,15259292,11125,5,-196
2026-07-26T00:30:32.150865+00:00,1785025825,18705,531 WhiteRock/WillowBrook,15259292,9294,6,-192
2026-07-26T00:30:32.150865+00:00,1785025825,18705,531 WhiteRock/WillowBrook,15259292,9293,7,-199
2026-07-26T00:30:32.150865+00:00,1785025825,18705,531 WhiteRock/WillowBrook,15259292,11126,8,-189
2026-07-26T00:30:32.150865+00:00,1785025825,18705,531 WhiteRock/WillowBrook,15259292,7094,9,-208
2026-07-26T00:30:32.150865+00:00,1785025825,18705,531 WhiteRock/WillowBrook,15259292,7166,10,-213
2026-07-26T00:30:32.150865+00:00,1785025825,18705,531 WhiteRock/WillowBrook,15259292,7092,11,-165
2026-07-26T00:30:32.150865+00:00,1785025825,18705,531 WhiteRock/WillowBrook,15259292,10747,12,-143
2026-07-26T00:30:32.150865+00:00,1785025825,18705,531 WhiteRock/WillowBrook,15259292,5364,13,-122
2026-07-26T00:30:32.150865+00:00,1785025825,18705,531 WhiteRock/WillowBrook,15259292,11775,14,-93
2026-07-26T00:30:32.150865+00:00,1785025825,18705,531 WhiteRock/WillowBrook,15259292,7171,15,-109
2026-07-26T00:30:32.150865+00:00,1785025825,18705,531 WhiteRock/WillowBrook,15259292,7172,16,-135
2026-07-26T00:30:32.150865+00:00,1785025825,18705,531 WhiteRock/WillowBrook,15259292,7173,17,-138
2026-07-26T00:30:32.150865+00:00,1785025825,18705,531 WhiteRock/WillowBrook,15259292,7174,18,-160
2026-07-26T00:30:32.150865+00:00,1785025825,18705,531 WhiteRock/WillowBrook,15259292,7175,19,-167
2026-07-26T00:30:32.150865+00:00,1785025825,18705,531 WhiteRock/WillowBrook,15259292,7176,20,-181
2026-07-26T00:30:32.150865+00:00,1785025825,18705,531 WhiteRock/WillowBrook,15259292,7177,21,-171
2026-07-26T00:30:32.150865+00:00,1785025825,18705,531 WhiteRock/WillowBrook,15259292,8948,22,-180
2026-07-26T00:30:32.150865+00:00,1785025825,18705,531 WhiteRock/WillowBrook,15259292,9031,23,-192
2026-07-26T00:30:32.150865+00:00,1785025825,18705,531 WhiteRock/WillowBrook,15259292,12931,24,-190
2026-07-26T00:30:32.150865+00:00,1785025825,18705,531 WhiteRock/WillowBrook,15259292,13041,25,-196
2026-07-26T00:30:32.150865+00:00,1785025825,18705,531 WhiteRock/WillowBrook,15259292,12929,26,-206
2026-07-26T00:30:32.150865+00:00,1785025825,18705,531 WhiteRock/WillowBrook,15259292,12927,27,-229
2026-07-26T00:30:32.150865+00:00,1785025825,18705,531 WhiteRock/WillowBrook,15259292,12926,28,-224
2026-07-26T00:30:32.150865+00:00,1785025825,18705,531 WhiteRock/WillowBrook,15259292,12924,29,-247
2026-07-26T00:30:32.150865+00:00,1785025825,18705,531 WhiteRock/WillowBrook,15259292,11751,30,-247
2026-07-26T00:30:32.150865+00:00,1785025825,18705,531 WhiteRock/WillowBrook,15259292,11750,31,-276
2026-07-26T00:30:32.150865+00:00,1785025825,18705,531 WhiteRock/WillowBrook,15259292,11747,32,-299
2026-07-26T00:30:32.150865+00:00,1785025825,18705,531 WhiteRock/WillowBrook,15259292,11745,33,-314
2026-07-26T00:30:32.150865+00:00,1785025825,18705,531 WhiteRock/WillowBrook,15259292,13040,34,-316
2026-07-26T00:30:32.150865+00:00,1785025825,18705,531 WhiteRock/WillowBrook,15259292,12598,35,-332
2026-07-26T00:30:32.150865+00:00,1785025825,18705,531 WhiteRock/WillowBrook,15259292,11920,36,-375
2026-07-26T00:30:32.150865+00:00,1785025825,18705,531 WhiteRock/WillowBrook,15259292,13130,37,-400
2026-07-26T00:30:32.150865+00:00,1785025825,18705,531 WhiteRock/WillowBrook,15259292,11925,38,-423
2026-07-26T00:30:32.150865+00:00,1785025825,18705,531 WhiteRock/WillowBrook,15259292,12219,39,-447
2026-07-26T00:30:32.150865+00:00,1785025825,18705,531 WhiteRock/WillowBrook,15259292,11741,40,-438
2026-07-26T00:30:32.150865+00:00,1785025825,18705,531 WhiteRock/WillowBrook,15259292,11740,41,-446
2026-07-26T00:30:32.150865+00:00,1785025825,18705,531 WhiteRock/WillowBrook,15259292,11739,42,-394
2026-07-26T00:30:32.150865+00:00,1785025825,18705,531 WhiteRock/WillowBrook,15259292,11737,43,-357
2026-07-26T00:30:32.150865+00:00,1785025825,18705,531 WhiteRock/WillowBrook,15259292,11757,44,-377
2026-07-26T00:30:32.150865+00:00,1785025825,18705,531 WhiteRock/WillowBrook,15259292,11735,45,-345
2026-07-26T00:30:32.150865+00:00,1785025825,18705,531 WhiteRock/WillowBrook,15259292,11756,46,-340
2026-07-26T00:30:32.150865+00:00,1785025825,18705,531 WhiteRock/WillowBrook,15259292,5535,47,-288
2026-07-26T00:30:32.150865+00:00,1785025825,18705,531 WhiteRock/WillowBrook,15259292,5536,48,-300
2026-07-26T00:30:32.150865+00:00,1785025825,18705,531 WhiteRock/WillowBrook,15259292,5537,49,-295
2026-07-26T00:30:32.150865+00:00,1785025825,18705,531 WhiteRock/WillowBrook,15259292,5538,50,-297
2026-07-26T00:30:32.150865+00:00,1785025825,18705,531 WhiteRock/WillowBrook,15259292,5539,51,-287
2026-07-26T00:30:32.150865+00:00,1785025825,18705,531 WhiteRock/WillowBrook,15259292,5540,52,-273
