captured_at,feed_timestamp,route_id,route_label,trip_id,stop_id,stop_sequence,delay_seconds
2026-07-29T00:00:47.757371+00:00,1785283242,6705,321 Surrey Central/WhiteRock,15247048,10442,57,222
2026-07-29T00:00:47.757371+00:00,1785283242,6705,321 Surrey Central/WhiteRock,15247048,9929,58,243
2026-07-29T00:00:47.757371+00:00,1785283242,6705,321 Surrey Central/WhiteRock,15247048,9930,59,188
2026-07-29T00:00:47.757371+00:00,1785283242,6705,321 Surrey Central/WhiteRock,15247048,9932,60,92
2026-07-29T00:00:47.757371+00:00,1785283242,6705,321 Surrey Central/WhiteRock,15247049,5476,50,131
2026-07-29T00:00:47.757371+00:00,1785283242,6705,321 Surrey Central/WhiteRock,15247049,5477,51,108
2026-07-29T00:00:47.757371+00:00,1785283242,6705,321 Surrey Central/WhiteRock,15247049,11725,52,85
2026-07-29T00:00:47.757371+00:00,1785283242,6705,321 Surrey Central/WhiteRock,15247049,5040,53,102
2026-07-29T00:00:47.757371+00:00,1785283242,6705,321 Surrey Central/WhiteRock,15247049,5041,54,109
2026-07-29T00:00:47.757371+00:00,1785283242,6705,321 Surrey Central/WhiteRock,15247049,12155,55,121
2026-07-29T00:00:47.757371+00:00,1785283242,6705,321 Surrey Central/WhiteRock,15247049,11882,56,137
2026-07-29T00:00:47.757371+00:00,1785283242,6705,321 Surrey Central/WhiteRock,15247049,10442,57,219
2026-07-29T00:00:47.757371+00:00,1785283242,6705,321 Surrey Central/WhiteRock,15247049,9929,58,240
2026-07-29T00:00:47.757371+00:00,1785283242,6705,321 Surrey Central/WhiteRock,15247049,9930,59,184
2026-07-29T00:00:47.757371+00:00,1785283242,6705,321 Surrey Central/WhiteRock,15247049,9932,60,86
2026-07-29T00:00:47.757371+00:00,1785283242,6705,321 Surrey Central/WhiteRock,15247050,5470,44,15
2026-07-29T00:00:47.757371+00:00,1785283242,6705,321 Surrey Central/WhiteRock,15247050,5471,45,-20
2026-07-29T00:00:47.757371+00:00,1785283242,6705,321 Surrey Central/WhiteRock,15247050,5472,46,-48
2026-07-29T00:00:47.757371+00:00,1785283242,6705,321 Surrey Central/WhiteRock,15247050,5473,47,-99
2026-07-29T00:00:47.757371+00:00,1785283242,6705,321 Surrey Central/WhiteRock,15247050,5474,48,-105
2026-07-29T00:00:47.757371+00:00,1785283242,6705,321 Surrey Central/WhiteRock,15247050,5475,49,-153
2026-07-29T00:00:47.757371+00:00,1785283242,6705,321 Surrey Central/WhiteRock,15247050,5476,50,-183
2026-07-29T00:00:47.757371+00:00,1785283242,6705,321 Surrey Central/WhiteRock,15247050,5477,51,-206
2026-07-29T00:00:47.757371+00:00,1785283242,6705,321 Surrey Central/WhiteRock,15247050,11725,52,-231
2026-07-29T00:00:47.757371+00:00,1785283242,6705,321 Surrey Central/WhiteRock,15247050,5040,53,-213
2026-07-29T00:00:47.757371+00:00,1785283242,6705,321 Surrey Central/WhiteRock,15247050,5041,54,-207
2026-07-29T00:00:47.757371+00:00,1785283242,6705,321 Surrey Central/WhiteRock,15247050,12155,55,-195
2026-07-29T00:00:47.757371+00:00,1785283242,6705,321 Surrey Central/WhiteRock,15247050,11882,56,0
2026-07-29T00:00:47.757371+00:00,1785283242,6705,321 Surrey Central/WhiteRock,15247050,10442,57,81
2026-07-29T00:00:47.757371+00:00,1785283242,6705,321 Surrey Central/WhiteRock,15247050,9929,58,101
2026-07-29T00:00:47.757371+00:00,1785283242,6705,321 Surrey Central/WhiteRock,15247050,9930,59,44
2026-07-29T00:00:47.757371+00:00,1785283242,6705,321 Surrey Central/WhiteRock,15247050,9932,60,-54
2026-07-29T00:00:47.757371+00:00,1785283242,6705,321 Surrey Central/WhiteRock,15247051,5463,37,-26
2026-07-29T00:00:47.757371+00:00,1785283242,6705,321 Surrey Central/WhiteRock,15247051,5700,38,88
2026-07-29T00:00:47.757371+00:00,1785283242,6705,321 Surrey Central/WhiteRock,15247051,5465,39,86
2026-07-29T00:00:47.757371+00:00,1785283242,6705,321 Surrey Central/WhiteRock,15247051,5466,40,41
2026-07-29T00:00:47.757371+00:00,1785283242,6705,321 Surrey Central/WhiteRock,15247051,5467,41,59
2026-07-29T00:00:47.757371+00:00,1785283242,6705,321 Surrey Central/WhiteRock,15247051,5468,42,33
2026-07-29T00:00:47.757371+00:00,1785283242,6705,321 Surrey Central/WhiteRock,15247051,5469,43,1
2026-07-29T00:00:47.757371+00:00,1785283242,6705,321 Surrey Central/WhiteRock,15247051,5470,44,-25
2026-07-29T00:00:47.757371+00:00,1785283242,6705,321 Surrey Central/WhiteRock,15247051,5471,45,-60
2026-07-29T00:00:47.757371+00:00,1785283242,6705,321 Surrey Central/WhiteRock,15247051,5472,46,-87
2026-07-29T00:00:47.757371+00:00,1785283242,6705,321 Surrey Central/WhiteRock,15247051,5473,47,-138
2026-07-29T00:00:47.757371+00:00,1785283242,6705,321 Surrey Central/WhiteRock,15247051,5474,48,-144
2026-07-29T00:00:47.757371+00:00,1785283242,6705,321 Surrey Central/WhiteRock,15247051,5475,49,-193
2026-07-29T00:00:47.757371+00:00,1785283242,6705,321 Surrey Central/WhiteRock,15247051,5476,50,-219
2026-07-29T00:00:47.757371+00:00,1785283242,6705,321 Surrey Central/WhiteRock,15247051,5477,51,-241
2026-07-29T00:00:47.757371+00:00,1785283242,6705,321 Surrey Central/WhiteRock,15247051,11725,52,-267
2026-07-29T00:00:47.757371+00:00,1785283242,6705,321 Surrey Central/WhiteRock,15247051,5040,53,-250
2026-07-29T00:00:47.757371+00:00,1785283242,6705,321 Surrey Central/WhiteRock,15247051,5041,54,-244
2026-07-29T00:00:47.757371+00:00,1785283242,6705,321 Surrey Central/WhiteRock,15247051,12155,55,-232
2026-07-29T00:00:47.757371+00:00,1785283242,6705,321 Surrey Central/WhiteRock,15247051,11882,56,0
2026-07-29T00:00:47.757371+00:00,1785283242,6705,321 Surrey Central/WhiteRock,15247051,10442,57,93
2026-07-29T00:00:47.757371+00:00,1785283242,6705,321 Surrey Central/WhiteRock,15247051,9929,58,121
2026-07-29T00:00:47.757371+00:00,1785283242,6705,321 Surrey Central/WhiteRock,15247051,9930,59,71
2026-07-29T00:00:47.757371+00:00,1785283242,6705,321 Surrey Central/WhiteRock,15247051,9932,60,-15
2026-07-29T00:00:47.757371+00:00,1785283242,6705,321 Surrey Central/WhiteRock,15247053,6197,1,0
2026-07-29T00:00:47.757371+00:00,1785283242,6705,321 Surrey Central/WhiteRock,15247053,5441,14,-558
2026-07-29T00:00:47.757371+00:00,1785283242,6705,321 Surrey Central/WhiteRock,15247053,5442,15,-581
2026-07-29T00:00:47.757371+00:00,1785283242,6705,321 Surrey Central/WhiteRock,15247053,5444,16,-576
2026-07-29T00:00:47.757371+00:00,1785283242,6705,321 Surrey Central/WhiteRock,15247053,9083,17,-608
2026-07-29T00:00:47.757371+00:00,1785283242,6705,321 Surrey Central/WhiteRock,15247053,5446,18,-600
2026-07-29T00:00:47.757371+00:00,1785283242,6705,321 Surrey Central/WhiteRock,15247053,10445,19,-608
2026-07-29T00:00:47.757371+00:00,1785283242,6705,321 Surrey Central/WhiteRock,15247053,5447,20,-643
2026-07-29T00:00:47.757371+00:00,1785283242,6705,321 Surrey Central/WhiteRock,15247053,5448,21,-632
2026-07-29T00:00:47.757371+00:00,1785283242,6705,321 Surrey Central/WhiteRock,15247053,10437,22,-638
2026-07-29T00:00:47.757371+00:00,1785283242,6705,321 Surrey Central/WhiteRock,15247053,5449,23,-694
2026-07-29T00:00:47.757371+00:00,1785283242,6705,321 Surrey Central/WhiteRock,15247053,11313,24,-736
2026-07-29T00:00:47.757371+00:00,1785283242,6705,321 Surrey Central/WhiteRock,15247053,10808,25,-885
2026-07-29T00:00:47.757371+00:00,1785283242,6705,321 Surrey Central/WhiteRock,15247053,5452,26,-955
2026-07-29T00:00:47.757371+00:00,1785283242,6705,321 Surrey Central/WhiteRock,15247053,11913,27,-975
2026-07-29T00:00:47.757371+00:00,1785283242,6705,321 Surrey Central/WhiteRock,15247053,5454,28,-989
2026-07-29T00:00:47.757371+00:00,1785283242,6705,321 Surrey Central/WhiteRock,15247053,5455,29,-992
2026-07-29T00:00:47.757371+00:00,1785283242,6705,321 Surrey Central/WhiteRock,15247053,5456,30,-884
2026-07-29T00:00:47.757371+00:00,1785283242,6705,321 Surrey Central/WhiteRock,15247053,12651,31,-913
2026-07-29T00:00:47.757371+00:00,1785283242,6705,321 Surrey Central/WhiteRock,15247053,5458,32,-914
2026-07-29T00:00:47.757371+00:00,1785283242,6705,321 Surrey Central/WhiteRock,15247053,5459,33,-906
2026-07-29T00:00:47.757371+00:00,1785283242,6705,321 Surrey Central/WhiteRock,15247053,5460,34,-913
2026-07-29T00:00:47.757371+00:00,1785283242,6705,321 Surrey Central/WhiteRock,15247053,5461,35,-922
2026-07-29T00:00:47.757371+00:00,1785283242,6705,321 Surrey Central/WhiteRock,15247053,5462,36,-929
2026-07-29T00:00:47.757371+00:00,1785283242,6705,321 Surrey Central/WhiteRock,15247053,5463,37,-867
2026-07-29T00:00:47.757371+00:00,1785283242,6705,321 Surrey Central/WhiteRock,15247053,5700,38,0
2026-07-29T00:00:47.757371+00:00,1785283242,6705,321 Surrey Central/WhiteRock,15247053,5465,39,-2
2026-07-29T00:00:47.757371+00:00,1785283242,6705,321 Surrey Central/WhiteRock,15247053,5466,40,-48
2026-07-29T00:00:47.757371+00:00,1785283242,6705,321 Surrey Central/WhiteRock,15247053,5467,41,-30
2026-07-29T00:00:47.757371+00:00,1785283242,6705,321 Surrey Central/WhiteRock,15247053,5468,42,-59
2026-07-29T00:00:47.757371+00:00,1785283242,6705,321 Surrey Central/WhiteRock,15247053,5469,43,-91
2026-07-29T00:00:47.757371+00:00,1785283242,6705,321 Surrey Central/WhiteRock,15247053,5470,44,-117
2026-07-29T00:00:47.757371+00:00,1785283242,6705,321 Surrey Central/WhiteRock,15247053,5471,45,-152
2026-07-29T00:00:47.757371+00:00,1785283242,6705,321 Surrey Central/WhiteRock,15247053,5472,46,-180
2026-07-29T00:00:47.757371+00:00,1785283242,6705,321 Surrey Central/WhiteRock,15247053,5473,47,-232
2026-07-29T00:00:47.757371+00:00,1785283242,6705,321 Surrey Central/WhiteRock,15247053,5474,48,-238
2026-07-29T00:00:47.757371+00:00,1785283242,6705,321 Surrey Central/WhiteRock,15247053,5475,49,-288
2026-07-29T00:00:47.757371+00:00,1785283242,6705,321 Surrey Central/WhiteRock,15247053,5476,50,-319
2026-07-29T00:00:47.757371+00:00,1785283242,6705,321 Surrey Central/WhiteRock,15247053,5477,51,-341
2026-07-29T00:00:47.757371+00:00,1785283242,6705,321 Surrey Central/WhiteRock,15247053,11725,52,-367
2026-07-29T00:00:47.757371+00:00,1785283242,6705,321 Surrey Central/WhiteRock,15247053,5040,53,-353
2026-07-29T00:00:47.757371+00:00,1785283242,6705,321 Surrey Central/WhiteRock,15247053,5041,54,-347
2026-07-29T00:00:47.757371+00:00,1785283242,6705,321 Surrey Central/WhiteRock,15247053,12155,55,-336
2026-07-29T00:00:47.757371+00:00,1785283242,6705,321 Surrey Central/WhiteRock,15247053,11882,56,0
2026-07-29T00:00:47.757371+00:00,1785283242,6705,321 Surrey Central/WhiteRock,15247053,10442,57,79
2026-07-29T00:00:47.757371+00:00,1785283242,6705,321 Surrey Central/WhiteRock,15247053,9929,58,90
2026-07-29T00:00:47.757371+00:00,1785283242,6705,321 Surrey Central/WhiteRock,15247053,9930,59,39
2026-07-29T00:00:47.757371+00:00,1785283242,6705,321 Surrey Central/WhiteRock,15247053,9932,60,-47
2026-07-29T00:00:47.757371+00:00,1785283242,6705,321 Surrey Central/WhiteRock,15247067,10437,22,60
2026-07-29T00:00:47.757371+00:00,1785283242,6705,321 Surrey Central/WhiteRock,15247067,5449,23,1
2026-07-29T00:00:47.757371+00:00,1785283242,6705,321 Surrey Central/WhiteRock,15247067,11313,24,-43
2026-07-29T00:00:47.757371+00:00,1785283242,6705,321 Surrey Central/WhiteRock,15247067,10808,25,-197
2026-07-29T00:00:47.757371+00:00,1785283242,6705,321 Surrey Central/WhiteRock,15247067,5452,26,-274
2026-07-29T00:00:47.757371+00:00,1785283242,6705,321 Surrey Central/WhiteRock,15247067,11913,27,-295
2026-07-29T00:00:47.757371+00:00,1785283242,6705,321 Surrey Central/WhiteRock,15247067,5454,28,-313
2026-07-29T00:00:47.757371+00:00,1785283242,6705,321 Surrey Central/WhiteRock,15247067,5455,29,-318
2026-07-29T00:00:47.757371+00:00,1785283242,6705,321 Surrey Central/WhiteRock,15247067,5456,30,-213
2026-07-29T00:00:47.757371+00:00,1785283242,6705,321 Surrey Central/WhiteRock,15247067,12651,31,-244
2026-07-29T00:00:47.757371+00:00,1785283242,6705,321 Surrey Central/WhiteRock,15247067,5458,32,-244
2026-07-29T00:00:47.757371+00:00,1785283242,6705,321 Surrey Central/WhiteRock,15247067,5459,33,-237
2026-07-29T00:00:47.757371+00:00,1785283242,6705,321 Surrey Central/WhiteRock,15247067,5460,34,-244
2026-07-29T00:00:47.757371+00:00,1785283242,6705,321 Surrey Central/WhiteRock,15247067,5461,35,-254
2026-07-29T00:00:47.757371+00:00,1785283242,6705,321 Surrey Central/WhiteRock,15247067,5462,36,-262
2026-07-29T00:00:47.757371+00:00,1785283242,6705,321 Surrey Central/WhiteRock,15247067,5463,37,-199
2026-07-29T00:00:47.757371+00:00,1785283242,6705,321 Surrey Central/WhiteRock,15247067,5700,38,0
2026-07-29T00:00:47.757371+00:00,1785283242,6705,321 Surrey Central/WhiteRock,15247067,5465,39,-2
2026-07-29T00:00:47.757371+00:00,1785283242,6705,321 Surrey Central/WhiteRock,15247067,5466,40,-48
2026-07-29T00:00:47.757371+00:00,1785283242,6705,321 Surrey Central/WhiteRock,15247067,5467,41,-31
2026-07-29T00:00:47.757371+00:00,1785283242,6705,321 Surrey Central/WhiteRock,15247067,5468,42,-58
2026-07-29T00:00:47.757371+00:00,1785283242,6705,321 Surrey Central/WhiteRock,15247067,5469,43,-93
2026-07-29T00:00:47.757371+00:00,1785283242,6705,321 Surrey Central/WhiteRock,15247067,5470,44,-119
2026-07-29T00:00:47.757371+00:00,1785283242,6705,321 Surrey Central/WhiteRock,15247067,5471,45,-154
2026-07-29T00:00:47.757371+00:00,1785283242,6705,321 Surrey Central/WhiteRock,15247067,5472,46,-185
2026-07-29T00:00:47.757371+00:00,1785283242,6705,321 Surrey Central/WhiteRock,15247067,5473,47,-236
2026-07-29T00:00:47.757371+00:00,1785283242,6705,321 Surrey Central/WhiteRock,15247067,5474,48,-244
2026-07-29T00:00:47.757371+00:00,1785283242,6705,321 Surrey Central/WhiteRock,15247067,5475,49,-294
2026-07-29T00:00:47.757371+00:00,1785283242,6705,321 Surrey Central/WhiteRock,15247067,5476,50,-327
2026-07-29T00:00:47.757371+00:00,1785283242,6705,321 Surrey Central/WhiteRock,15247067,5477,51,-349
2026-07-29T00:00:47.757371+00:00,1785283242,6705,321 Surrey Central/WhiteRock,15247067,11725,52,-375
2026-07-29T00:00:47.757371+00:00,1785283242,6705,321 Surrey Central/WhiteRock,15247067,5040,53,-364
2026-07-29T00:00:47.757371+00:00,1785283242,6705,321 Surrey Central/WhiteRock,15247067,5041,54,-359
2026-07-29T00:00:47.757371+00:00,1785283242,6705,321 Surrey Central/WhiteRock,15247067,12155,55,-348
2026-07-29T00:00:47.757371+00:00,1785283242,6705,321 Surrey Central/WhiteRock,15247067,11882,56,0
2026-07-29T00:00:47.757371+00:00,1785283242,6705,321 Surrey Central/WhiteRock,15247067,10442,57,94
2026-07-29T00:00:47.757371+00:00,1785283242,6705,321 Surrey Central/WhiteRock,15247067,9929,58,123
2026-07-29T00:00:47.757371+00:00,1785283242,6705,321 Surrey Central/WhiteRock,15247067,9930,59,73
2026-07-29T00:00:47.757371+00:00,1785283242,6705,321 Surrey Central/WhiteRock,15247067,9932,60,-15
2026-07-29T00:00:47.757371+00:00,1785283242,6705,321 Surrey Central/WhiteRock,15247080,5456,30,-201
2026-07-29T00:00:47.757371+00:00,1785283242,6705,321 Surrey Central/WhiteRock,15247080,12651,31,-232
2026-07-29T00:00:47.757371+00:00,1785283242,6705,321 Surrey Central/WhiteRock,15247080,5458,32,-233
2026-07-29T00:00:47.757371+00:00,1785283242,6705,321 Surrey Central/WhiteRock,15247080,5459,33,-226
2026-07-29T00:00:47.757371+00:00,1785283242,6705,321 Surrey Central/WhiteRock,15247080,5460,34,-233
2026-07-29T00:00:47.757371+00:00,1785283242,6705,321 Surrey Central/WhiteRock,15247080,5461,35,-244
2026-07-29T00:00:47.757371+00:00,1785283242,6705,321 Surrey Central/WhiteRock,15247080,5462,36,-251
2026-07-29T00:00:47.757371+00:00,1785283242,6705,321 Surrey Central/WhiteRock,15247080,5463,37,-190
2026-07-29T00:00:47.757371+00:00,1785283242,6705,321 Surrey Central/WhiteRock,15247080,5700,38,0
2026-07-29T00:00:47.757371+00:00,1785283242,6705,321 Surrey Central/WhiteRock,15247080,5465,39,-2
2026-07-29T00:00:47.757371+00:00,1785283242,6705,321 Surrey Central/WhiteRock,15247080,5466,40,-47
2026-07-29T00:00:47.757371+00:00,1785283242,6705,321 Surrey Central/WhiteRock,15247080,5467,41,-29
2026-07-29T00:00:47.757371+00:00,1785283242,6705,321 Surrey Central/WhiteRock,15247080,5468,42,-55
2026-07-29T00:00:47.757371+00:00,1785283242,6705,321 Surrey Central/WhiteRock,15247080,5469,43,-93
2026-07-29T00:00:47.757371+00:00,1785283242,6705,321 Surrey Central/WhiteRock,15247080,5470,44,-119
2026-07-29T00:00:47.757371+00:00,1785283242,6705,321 Surrey Central/WhiteRock,15247080,5471,45,-154
2026-07-29T00:00:47.757371+00:00,1785283242,6705,321 Surrey Central/WhiteRock,15247080,5472,46,-182
2026-07-29T00:00:47.757371+00:00,1785283242,6705,321 Surrey Central/WhiteRock,15247080,5473,47,-233
2026-07-29T00:00:47.757371+00:00,1785283242,6705,321 Surrey Central/WhiteRock,15247080,5474,48,-239
2026-07-29T00:00:47.757371+00:00,1785283242,6705,321 Surrey Central/WhiteRock,15247080,5475,49,-288
2026-07-29T00:00:47.757371+00:00,1785283242,6705,321 Surrey Central/WhiteRock,15247080,5476,50,-321
2026-07-29T00:00:47.757371+00:00,1785283242,6705,321 Surrey Central/WhiteRock,15247080,5477,51,-343
2026-07-29T00:00:47.757371+00:00,1785283242,6705,321 Surrey Central/WhiteRock,15247080,11725,52,-369
2026-07-29T00:00:47.757371+00:00,1785283242,6705,321 Surrey Central/WhiteRock,15247080,5040,53,-352
2026-07-29T00:00:47.757371+00:00,1785283242,6705,321 Surrey Central/WhiteRock,15247080,5041,54,-347
2026-07-29T00:00:47.757371+00:00,1785283242,6705,321 Surrey Central/WhiteRock,15247080,12155,55,-336
2026-07-29T00:00:47.757371+00:00,1785283242,6705,321 Surrey Central/WhiteRock,15247080,11882,56,0
2026-07-29T00:00:47.757371+00:00,1785283242,6705,321 Surrey Central/WhiteRock,15247080,10442,57,93
2026-07-29T00:00:47.757371+00:00,1785283242,6705,321 Surrey Central/WhiteRock,15247080,9929,58,122
2026-07-29T00:00:47.757371+00:00,1785283242,6705,321 Surrey Central/WhiteRock,15247080,9930,59,72
2026-07-29T00:00:47.757371+00:00,1785283242,6705,321 Surrey Central/WhiteRock,15247080,9932,60,-15
2026-07-29T00:00:47.757371+00:00,1785283242,6705,321 Surrey Central/WhiteRock,15247159,5521,38,166
2026-07-29T00:00:47.757371+00:00,1785283242,6705,321 Surrey Central/WhiteRock,15247159,5522,39,25
2026-07-29T00:00:47.757371+00:00,1785283242,6705,321 Surrey Central/WhiteRock,15247159,5523,40,-13
2026-07-29T00:00:47.757371+00:00,1785283242,6705,321 Surrey Central/WhiteRock,15247159,6466,41,-36
2026-07-29T00:00:47.757371+00:00,1785283242,6705,321 Surrey Central/WhiteRock,15247159,5524,42,-4
2026-07-29T00:00:47.757371+00:00,1785283242,6705,321 Surrey Central/WhiteRock,15247159,5525,43,-34
2026-07-29T00:00:47.757371+00:00,1785283242,6705,321 Surrey Central/WhiteRock,15247159,10443,44,-60
2026-07-29T00:00:47.757371+00:00,1785283242,6705,321 Surrey Central/WhiteRock,15247159,5528,45,-58
2026-07-29T00:00:47.757371+00:00,1785283242,6705,321 Surrey Central/WhiteRock,15247159,5529,46,-80
2026-07-29T00:00:47.757371+00:00,1785283242,6705,321 Surrey Central/WhiteRock,15247159,5530,47,-97
2026-07-29T00:00:47.757371+00:00,1785283242,6705,321 Surrey Central/WhiteRock,15247159,5533,48,-105
2026-07-29T00:00:47.757371+00:00,1785283242,6705,321 Surrey Central/WhiteRock,15247159,5534,49,-126
2026-07-29T00:00:47.757371+00:00,1785283242,6705,321 Surrey Central/WhiteRock,15247159,5535,50,-110
2026-07-29T00:00:47.757371+00:00,1785283242,6705,321 Surrey Central/WhiteRock,15247159,5536,51,-134
2026-07-29T00:00:47.757371+00:00,1785283242,6705,321 Surrey Central/WhiteRock,15247159,5537,52,-133
2026-07-29T00:00:47.757371+00:00,1785283242,6705,321 Surrey Central/WhiteRock,15247159,5538,53,-140
2026-07-29T00:00:47.757371+00:00,1785283242,6705,321 Surrey Central/WhiteRock,15247159,5541,54,-108
2026-07-29T00:00:47.757371+00:00,1785283242,6705,321 Surrey Central/WhiteRock,15247159,5542,55,-97
2026-07-29T00:00:47.757371+00:00,1785283242,6705,321 Surrey Central/WhiteRock,15247159,6195,56,-73
2026-07-29T00:00:47.757371+00:00,1785283242,6705,321 Surrey Central/WhiteRock,15247160,5516,33,257
2026-07-29T00:00:47.757371+00:00,1785283242,6705,321 Surrey Central/WhiteRock,15247160,5517,34,250
2026-07-29T00:00:47.757371+00:00,1785283242,6705,321 Surrey Central/WhiteRock,15247160,5518,35,257
2026-07-29T00:00:47.757371+00:00,1785283242,6705,321 Surrey Central/WhiteRock,15247160,5519,36,231
2026-07-29T00:00:47.757371+00:00,1785283242,6705,321 Surrey Central/WhiteRock,15247160,5520,37,218
2026-07-29T00:00:47.757371+00:00,1785283242,6705,321 Surrey Central/WhiteRock,15247160,5521,38,1
2026-07-29T00:00:47.757371+00:00,1785283242,6705,321 Surrey Central/WhiteRock,15247160,5522,39,-141
2026-07-29T00:00:47.757371+00:00,1785283242,6705,321 Surrey Central/WhiteRock,15247160,5523,40,-179
2026-07-29T00:00:47.757371+00:00,1785283242,6705,321 Surrey Central/WhiteRock,15247160,6466,41,-202
2026-07-29T00:00:47.757371+00:00,1785283242,6705,321 Surrey Central/WhiteRock,15247160,5524,42,-169
2026-07-29T00:00:47.757371+00:00,1785283242,6705,321 Surrey Central/WhiteRock,15247160,5525,43,-200
2026-07-29T00:00:47.757371+00:00,1785283242,6705,321 Surrey Central/WhiteRock,15247160,10443,44,-226
2026-07-29T00:00:47.757371+00:00,1785283242,6705,321 Surrey Central/WhiteRock,15247160,5528,45,-228
2026-07-29T00:00:47.757371+00:00,1785283242,6705,321 Surrey Central/WhiteRock,15247160,5529,46,-252
2026-07-29T00:00:47.757371+00:00,1785283242,6705,321 Surrey Central/WhiteRock,15247160,5530,47,-269
2026-07-29T00:00:47.757371+00:00,1785283242,6705,321 Surrey Central/WhiteRock,15247160,5533,48,-277
2026-07-29T00:00:47.757371+00:00,1785283242,6705,321 Surrey Central/WhiteRock,15247160,5534,49,-298
2026-07-29T00:00:47.757371+00:00,1785283242,6705,321 Surrey Central/WhiteRock,15247160,5535,50,-271
2026-07-29T00:00:47.757371+00:00,1785283242,6705,321 Surrey Central/WhiteRock,15247160,5536,51,-295
2026-07-29T00:00:47.757371+00:00,1785283242,6705,321 Surrey Central/WhiteRock,15247160,5537,52,-293
2026-07-29T00:00:47.757371+00:00,1785283242,6705,321 Surrey Central/WhiteRock,15247160,5538,53,-300
2026-07-29T00:00:47.757371+00:00,1785283242,6705,321 Surrey Central/WhiteRock,15247160,5541,54,-271
2026-07-29T00:00:47.757371+00:00,1785283242,6705,321 Surrey Central/WhiteRock,15247160,5542,55,-261
2026-07-29T00:00:47.757371+00:00,1785283242,6705,321 Surrey Central/WhiteRock,15247160,6195,56,-237
2026-07-29T00:00:47.757371+00:00,1785283242,6705,321 Surrey Central/WhiteRock,15247161,5504,23,-364
2026-07-29T00:00:47.757371+00:00,1785283242,6705,321 Surrey Central/WhiteRock,15247161,5505,24,-359
2026-07-29T00:00:47.757371+00:00,1785283242,6705,321 Surrey Central/WhiteRock,15247161,5507,25,-349
2026-07-29T00:00:47.757371+00:00,1785283242,6705,321 Surrey Central/WhiteRock,15247161,5633,26,0
2026-07-29T00:00:47.757371+00:00,1785283242,6705,321 Surrey Central/WhiteRock,15247161,5510,27,25
2026-07-29T00:00:47.757371+00:00,1785283242,6705,321 Surrey Central/WhiteRock,15247161,5511,28,17
2026-07-29T00:00:47.757371+00:00,1785283242,6705,321 Surrey Central/WhiteRock,15247161,5512,29,12
2026-07-29T00:00:47.757371+00:00,1785283242,6705,321 Surrey Central/WhiteRock,15247161,5513,30,-1
2026-07-29T00:00:47.757371+00:00,1785283242,6705,321 Surrey Central/WhiteRock,15247161,5514,31,90
2026-07-29T00:00:47.757371+00:00,1785283242,6705,321 Surrey Central/WhiteRock,15247161,5515,32,82
2026-07-29T00:00:47.757371+00:00,1785283242,6705,321 Surrey Central/WhiteRock,15247161,5516,33,82
2026-07-29T00:00:47.757371+00:00,1785283242,6705,321 Surrey Central/WhiteRock,15247161,5517,34,79
2026-07-29T00:00:47.757371+00:00,1785283242,6705,321 Surrey Central/WhiteRock,15247161,5518,35,86
2026-07-29T00:00:47.757371+00:00,1785283242,6705,321 Surrey Central/WhiteRock,15247161,5519,36,62
2026-07-29T00:00:47.757371+00:00,1785283242,6705,321 Surrey Central/WhiteRock,15247161,5520,37,51
2026-07-29T00:00:47.757371+00:00,1785283242,6705,321 Surrey Central/WhiteRock,15247161,5521,38,-159
2026-07-29T00:00:47.757371+00:00,1785283242,6705,321 Surrey Central/WhiteRock,15247161,5522,39,-295
2026-07-29T00:00:47.757371+00:00,1785283242,6705,321 Surrey Central/WhiteRock,15247161,5523,40,-331
2026-07-29T00:00:47.757371+00:00,1785283242,6705,321 Surrey Central/WhiteRock,15247161,6466,41,-351
2026-07-29T00:00:47.757371+00:00,1785283242,6705,321 Surrey Central/WhiteRock,15247161,5524,42,-314
2026-07-29T00:00:47.757371+00:00,1785283242,6705,321 Surrey Central/WhiteRock,15247161,5525,43,-343
2026-07-29T00:00:47.757371+00:00,1785283242,6705,321 Surrey Central/WhiteRock,15247161,10443,44,-368
2026-07-29T00:00:47.757371+00:00,1785283242,6705,321 Surrey Central/WhiteRock,15247161,5528,45,-364
2026-07-29T00:00:47.757371+00:00,1785283242,6705,321 Surrey Central/WhiteRock,15247161,5529,46,-386
2026-07-29T00:00:47.757371+00:00,1785283242,6705,321 Surrey Central/WhiteRock,15247161,5530,47,-401
2026-07-29T00:00:47.757371+00:00,1785283242,6705,321 Surrey Central/WhiteRock,15247161,5533,48,-408
2026-07-29T00:00:47.757371+00:00,1785283242,6705,321 Surrey Central/WhiteRock,15247161,5534,49,-428
2026-07-29T00:00:47.757371+00:00,1785283242,6705,321 Surrey Central/WhiteRock,15247161,5535,50,-403
2026-07-29T00:00:47.757371+00:00,1785283242,6705,321 Surrey Central/WhiteRock,15247161,5536,51,-425
2026-07-29T00:00:47.757371+00:00,1785283242,6705,321 Surrey Central/WhiteRock,15247161,5537,52,-425
2026-07-29T00:00:47.757371+00:00,1785283242,6705,321 Surrey Central/WhiteRock,15247161,5538,53,-431
2026-07-29T00:00:47.757371+00:00,1785283242,6705,321 Surrey Central/WhiteRock,15247161,5541,54,-402
2026-07-29T00:00:47.757371+00:00,1785283242,6705,321 Surrey Central/WhiteRock,15247161,5542,55,-391
2026-07-29T00:00:47.757371+00:00,1785283242,6705,321 Surrey Central/WhiteRock,15247161,6195,56,-367
2026-07-29T00:00:47.757371+00:00,1785283242,6705,321 Surrey Central/WhiteRock,15247162,8566,10,22
2026-07-29T00:00:47.757371+00:00,1785283242,6705,321 Surrey Central/WhiteRock,15247162,12916,11,41
2026-07-29T00:00:47.757371+00:00,1785283242,6705,321 Surrey Central/WhiteRock,15247162,5049,12,30
2026-07-29T00:00:47.757371+00:00,1785283242,6705,321 Surrey Central/WhiteRock,15247162,5039,13,8
2026-07-29T00:00:47.757371+00:00,1785283242,6705,321 Surrey Central/WhiteRock,15247162,8351,14,-17
2026-07-29T00:00:47.757371+00:00,1785283242,6705,321 Surrey Central/WhiteRock,15247162,5496,15,-88
2026-07-29T00:00:47.757371+00:00,1785283242,6705,321 Surrey Central/WhiteRock,15247162,5497,16,-134
2026-07-29T00:00:47.757371+00:00,1785283242,6705,321 Surrey Central/WhiteRock,15247162,5498,17,-152
2026-07-29T00:00:47.757371+00:00,1785283242,6705,321 Surrey Central/WhiteRock,15247162,5499,18,-191
2026-07-29T00:00:47.757371+00:00,1785283242,6705,321 Surrey Central/WhiteRock,15247162,5500,19,-214
2026-07-29T00:00:47.757371+00:00,1785283242,6705,321 Surrey Central/WhiteRock,15247162,5501,20,-243
2026-07-29T00:00:47.757371+00:00,1785283242,6705,321 Surrey Central/WhiteRock,15247162,5502,21,-259
2026-07-29T00:00:47.757371+00:00,1785283242,6705,321 Surrey Central/WhiteRock,15247162,5503,22,-296
2026-07-29T00:00:47.757371+00:00,1785283242,6705,321 Surrey Central/WhiteRock,15247162,5504,23,-356
2026-07-29T00:00:47.757371+00:00,1785283242,6705,321 Surrey Central/WhiteRock,15247162,5505,24,-351
2026-07-29T00:00:47.757371+00:00,1785283242,6705,321 Surrey Central/WhiteRock,15247162,5507,25,-350
2026-07-29T00:00:47.757371+00:00,1785283242,6705,321 Surrey Central/WhiteRock,15247162,5633,26,0
2026-07-29T00:00:47.757371+00:00,1785283242,6705,321 Surrey Central/WhiteRock,15247162,5510,27,25
2026-07-29T00:00:47.757371+00:00,1785283242,6705,321 Surrey Central/WhiteRock,15247162,5511,28,17
2026-07-29T00:00:47.757371+00:00,1785283242,6705,321 Surrey Central/WhiteRock,15247162,5512,29,12
2026-07-29T00:00:47.757371+00:00,1785283242,6705,321 Surrey Central/WhiteRock,15247162,5513,30,-2
2026-07-29T00:00:47.757371+00:00,1785283242,6705,321 Surrey Central/WhiteRock,15247162,5514,31,89
2026-07-29T00:00:47.757371+00:00,1785283242,6705,321 Surrey Central/WhiteRock,15247162,5515,32,81
2026-07-29T00:00:47.757371+00:00,1785283242,6705,321 Surrey Central/WhiteRock,15247162,5516,33,99
2026-07-29T00:00:47.757371+00:00,1785283242,6705,321 Surrey Central/WhiteRock,15247162,5517,34,103
2026-07-29T00:00:47.757371+00:00,1785283242,6705,321 Surrey Central/WhiteRock,15247162,5518,35,109
2026-07-29T00:00:47.757371+00:00,1785283242,6705,321 Surrey Central/WhiteRock,15247162,5519,36,85
2026-07-29T00:00:47.757371+00:00,1785283242,6705,321 Surrey Central/WhiteRock,15247162,5520,37,74
2026-07-29T00:00:47.757371+00:00,1785283242,6705,321 Surrey Central/WhiteRock,15247162,5521,38,-136
2026-07-29T00:00:47.757371+00:00,1785283242,6705,321 Surrey Central/WhiteRock,15247162,5522,39,-273
2026-07-29T00:00:47.757371+00:00,1785283242,6705,321 Surrey Central/WhiteRock,15247162,5523,40,-309
2026-07-29T00:00:47.757371+00:00,1785283242,6705,321 Surrey Central/WhiteRock,15247162,6466,41,-328
2026-07-29T00:00:47.757371+00:00,1785283242,6705,321 Surrey Central/WhiteRock,15247162,5524,42,-292
2026-07-29T00:00:47.757371+00:00,1785283242,6705,321 Surrey Central/WhiteRock,15247162,5525,43,-320
2026-07-29T00:00:47.757371+00:00,1785283242,6705,321 Surrey Central/WhiteRock,15247162,10443,44,-347
2026-07-29T00:00:47.757371+00:00,1785283242,6705,321 Surrey Central/WhiteRock,15247162,5528,45,-344
2026-07-29T00:00:47.757371+00:00,1785283242,6705,321 Surrey Central/WhiteRock,15247162,5529,46,-369
2026-07-29T00:00:47.757371+00:00,1785283242,6705,321 Surrey Central/WhiteRock,15247162,5530,47,-384
2026-07-29T00:00:47.757371+00:00,1785283242,6705,321 Surrey Central/WhiteRock,15247162,5533,48,-392
2026-07-29T00:00:47.757371+00:00,1785283242,6705,321 Surrey Central/WhiteRock,15247162,5534,49,-412
2026-07-29T00:00:47.757371+00:00,1785283242,6705,321 Surrey Central/WhiteRock,15247162,5535,50,-382
2026-07-29T00:00:47.757371+00:00,1785283242,6705,321 Surrey Central/WhiteRock,15247162,5536,51,-407
2026-07-29T00:00:47.757371+00:00,1785283242,6705,321 Surrey Central/WhiteRock,15247162,5537,52,-409
2026-07-29T00:00:47.757371+00:00,1785283242,6705,321 Surrey Central/WhiteRock,15247162,5538,53,-415
2026-07-29T00:00:47.757371+00:00,1785283242,6705,321 Surrey Central/WhiteRock,15247162,5541,54,-389
2026-07-29T00:00:47.757371+00:00,1785283242,6705,321 Surrey Central/WhiteRock,15247162,5542,55,-378
2026-07-29T00:00:47.757371+00:00,1785283242,6705,321 Surrey Central/WhiteRock,15247162,6195,56,-352
2026-07-29T00:00:47.757371+00:00,1785283242,6705,321 Surrey Central/WhiteRock,15247163,9923,3,-13
2026-07-29T00:00:47.757371+00:00,1785283242,6705,321 Surrey Central/WhiteRock,15247163,9924,4,-118
2026-07-29T00:00:47.757371+00:00,1785283242,6705,321 Surrey Central/WhiteRock,15247163,9926,5,-159
2026-07-29T00:00:47.757371+00:00,1785283242,6705,321 Surrey Central/WhiteRock,15247163,9927,6,-185
2026-07-29T00:00:47.757371+00:00,1785283242,6705,321 Surrey Central/WhiteRock,15247163,10880,7,0
2026-07-29T00:00:47.757371+00:00,1785283242,6705,321 Surrey Central/WhiteRock,15247163,5046,8,45
2026-07-29T00:00:47.757371+00:00,1785283242,6705,321 Surrey Central/WhiteRock,15247163,5047,9,49
2026-07-29T00:00:47.757371+00:00,1785283242,6705,321 Surrey Central/WhiteRock,15247163,8566,10,14
2026-07-29T00:00:47.757371+00:00,1785283242,6705,321 Surrey Central/WhiteRock,15247163,12916,11,36
2026-07-29T00:00:47.757371+00:00,1785283242,6705,321 Surrey Central/WhiteRock,15247163,5049,12,28
2026-07-29T00:00:47.757371+00:00,1785283242,6705,321 Surrey Central/WhiteRock,15247163,5039,13,8
2026-07-29T00:00:47.757371+00:00,1785283242,6705,321 Surrey Central/WhiteRock,15247163,8351,14,-15
2026-07-29T00:00:47.757371+00:00,1785283242,6705,321 Surrey Central/WhiteRock,15247163,5496,15,-81
2026-07-29T00:00:47.757371+00:00,1785283242,6705,321 Surrey Central/WhiteRock,15247163,5497,16,-124
2026-07-29T00:00:47.757371+00:00,1785283242,6705,321 Surrey Central/WhiteRock,15247163,5498,17,-139
2026-07-29T00:00:47.757371+00:00,1785283242,6705,321 Surrey Central/WhiteRock,15247163,5499,18,-176
2026-07-29T00:00:47.757371+00:00,1785283242,6705,321 Surrey Central/WhiteRock,15247163,5500,19,-195
2026-07-29T00:00:47.757371+00:00,1785283242,6705,321 Surrey Central/WhiteRock,15247163,5501,20,-222
2026-07-29T00:00:47.757371+00:00,1785283242,6705,321 Surrey Central/WhiteRock,15247163,5502,21,-238
2026-07-29T00:00:47.757371+00:00,1785283242,6705,321 Surrey Central/WhiteRock,15247163,5503,22,-258
2026-07-29T00:00:47.757371+00:00,1785283242,6705,321 Surrey Central/WhiteRock,15247163,5504,23,-319
2026-07-29T00:00:47.757371+00:00,1785283242,6705,321 Surrey Central/WhiteRock,15247163,5505,24,-312
2026-07-29T00:00:47.757371+00:00,1785283242,6705,321 Surrey Central/WhiteRock,15247163,5507,25,-305
2026-07-29T00:00:47.757371+00:00,1785283242,6705,321 Surrey Central/WhiteRock,15247163,5633,26,0
2026-07-29T00:00:47.757371+00:00,1785283242,6705,321 Surrey Central/WhiteRock,15247163,5510,27,28
2026-07-29T00:00:47.757371+00:00,1785283242,6705,321 Surrey Central/WhiteRock,15247163,5511,28,21
2026-07-29T00:00:47.757371+00:00,1785283242,6705,321 Surrey Central/WhiteRock,15247163,5512,29,17
2026-07-29T00:00:47.757371+00:00,1785283242,6705,321 Surrey Central/WhiteRock,15247163,5513,30,6
2026-07-29T00:00:47.757371+00:00,1785283242,6705,321 Surrey Central/WhiteRock,15247163,5514,31,99
2026-07-29T00:00:47.757371+00:00,1785283242,6705,321 Surrey Central/WhiteRock,15247163,5515,32,93
2026-07-29T00:00:47.757371+00:00,1785283242,6705,321 Surrey Central/WhiteRock,15247163,5516,33,98
2026-07-29T00:00:47.757371+00:00,1785283242,6705,321 Surrey Central/WhiteRock,15247163,5517,34,102
2026-07-29T00:00:47.757371+00:00,1785283242,6705,321 Surrey Central/WhiteRock,15247163,5518,35,110
2026-07-29T00:00:47.757371+00:00,1785283242,6705,321 Surrey Central/WhiteRock,15247163,5519,36,88
2026-07-29T00:00:47.757371+00:00,1785283242,6705,321 Surrey Central/WhiteRock,15247163,5520,37,78
2026-07-29T00:00:47.757371+00:00,1785283242,6705,321 Surrey Central/WhiteRock,15247163,5521,38,-123
2026-07-29T00:00:47.757371+00:00,1785283242,6705,321 Surrey Central/WhiteRock,15247163,5522,39,-256
2026-07-29T00:00:47.757371+00:00,1785283242,6705,321 Surrey Central/WhiteRock,15247163,5523,40,-291
2026-07-29T00:00:47.757371+00:00,1785283242,6705,321 Surrey Central/WhiteRock,15247163,6466,41,-307
2026-07-29T00:00:47.757371+00:00,1785283242,6705,321 Surrey Central/WhiteRock,15247163,5524,42,-267
2026-07-29T00:00:47.757371+00:00,1785283242,6705,321 Surrey Central/WhiteRock,15247163,5525,43,-294
2026-07-29T00:00:47.757371+00:00,1785283242,6705,321 Surrey Central/WhiteRock,15247163,10443,44,-319
2026-07-29T00:00:47.757371+00:00,1785283242,6705,321 Surrey Central/WhiteRock,15247163,5528,45,-321
2026-07-29T00:00:47.757371+00:00,1785283242,6705,321 Surrey Central/WhiteRock,15247163,5529,46,-342
2026-07-29T00:00:47.757371+00:00,1785283242,6705,321 Surrey Central/WhiteRock,15247163,5530,47,-358
2026-07-29T00:00:47.757371+00:00,1785283242,6705,321 Surrey Central/WhiteRock,15247163,5533,48,-366
2026-07-29T00:00:47.757371+00:00,1785283242,6705,321 Surrey Central/WhiteRock,15247163,5534,49,-386
2026-07-29T00:00:47.757371+00:00,1785283242,6705,321 Surrey Central/WhiteRock,15247163,5535,50,-377
2026-07-29T00:00:47.757371+00:00,1785283242,6705,321 Surrey Central/WhiteRock,15247163,5536,51,-397
2026-07-29T00:00:47.757371+00:00,1785283242,6705,321 Surrey Central/WhiteRock,15247163,5537,52,-399
2026-07-29T00:00:47.757371+00:00,1785283242,6705,321 Surrey Central/WhiteRock,15247163,5538,53,-405
2026-07-29T00:00:47.757371+00:00,1785283242,6705,321 Surrey Central/WhiteRock,15247163,5541,54,-386
2026-07-29T00:00:47.757371+00:00,1785283242,6705,321 Surrey Central/WhiteRock,15247163,5542,55,-375
2026-07-29T00:00:47.757371+00:00,1785283242,6705,321 Surrey Central/WhiteRock,15247163,6195,56,-346
2026-07-29T00:00:47.757371+00:00,1785283242,6705,321 Surrey Central/WhiteRock,15247164,10716,2,-757
2026-07-29T00:00:47.757371+00:00,1785283242,6705,321 Surrey Central/WhiteRock,15247164,9923,3,-753
2026-07-29T00:00:47.757371+00:00,1785283242,6705,321 Surrey Central/WhiteRock,15247164,9924,4,-858
2026-07-29T00:00:47.757371+00:00,1785283242,6705,321 Surrey Central/WhiteRock,15247164,9926,5,-899
2026-07-29T00:00:47.757371+00:00,1785283242,6705,321 Surrey Central/WhiteRock,15247164,9927,6,-926
2026-07-29T00:00:47.757371+00:00,1785283242,6705,321 Surrey Central/WhiteRock,15247164,10880,7,0
2026-07-29T00:00:47.757371+00:00,1785283242,6705,321 Surrey Central/WhiteRock,15247164,5046,8,45
2026-07-29T00:00:47.757371+00:00,1785283242,6705,321 Surrey Central/WhiteRock,15247164,5047,9,47
2026-07-29T00:00:47.757371+00:00,1785283242,6705,321 Surrey Central/WhiteRock,15247164,8566,10,12
2026-07-29T00:00:47.757371+00:00,1785283242,6705,321 Surrey Central/WhiteRock,15247164,12916,11,34
2026-07-29T00:00:47.757371+00:00,1785283242,6705,321 Surrey Central/WhiteRock,15247164,5049,12,26
2026-07-29T00:00:47.757371+00:00,1785283242,6705,321 Surrey Central/WhiteRock,15247164,5039,13,9
2026-07-29T00:00:47.757371+00:00,1785283242,6705,321 Surrey Central/WhiteRock,15247164,8351,14,-14
2026-07-29T00:00:47.757371+00:00,1785283242,6705,321 Surrey Central/WhiteRock,15247164,5496,15,-83
2026-07-29T00:00:47.757371+00:00,1785283242,6705,321 Surrey Central/WhiteRock,15247164,5497,16,-126
2026-07-29T00:00:47.757371+00:00,1785283242,6705,321 Surrey Central/WhiteRock,15247164,5498,17,-142
2026-07-29T00:00:47.757371+00:00,1785283242,6705,321 Surrey Central/WhiteRock,15247164,5499,18,-179
2026-07-29T00:00:47.757371+00:00,1785283242,6705,321 Surrey Central/WhiteRock,15247164,5500,19,-205
2026-07-29T00:00:47.757371+00:00,1785283242,6705,321 Surrey Central/WhiteRock,15247164,5501,20,-232
2026-07-29T00:00:47.757371+00:00,1785283242,6705,321 Surrey Central/WhiteRock,15247164,5502,21,-247
2026-07-29T00:00:47.757371+00:00,1785283242,6705,321 Surrey Central/WhiteRock,15247164,5503,22,-266
2026-07-29T00:00:47.757371+00:00,1785283242,6705,321 Surrey Central/WhiteRock,15247164,5504,23,-324
2026-07-29T00:00:47.757371+00:00,1785283242,6705,321 Surrey Central/WhiteRock,15247164,5505,24,-317
2026-07-29T00:00:47.757371+00:00,1785283242,6705,321 Surrey Central/WhiteRock,15247164,5507,25,-313
2026-07-29T00:00:47.757371+00:00,1785283242,6705,321 Surrey Central/WhiteRock,15247164,5633,26,0
2026-07-29T00:00:47.757371+00:00,1785283242,6705,321 Surrey Central/WhiteRock,15247164,5510,27,41
2026-07-29T00:00:47.757371+00:00,1785283242,6705,321 Surrey Central/WhiteRock,15247164,5511,28,34
2026-07-29T00:00:47.757371+00:00,1785283242,6705,321 Surrey Central/WhiteRock,15247164,5512,29,31
2026-07-29T00:00:47.757371+00:00,1785283242,6705,321 Surrey Central/WhiteRock,15247164,5513,30,19
2026-07-29T00:00:47.757371+00:00,1785283242,6705,321 Surrey Central/WhiteRock,15247164,5514,31,112
2026-07-29T00:00:47.757371+00:00,1785283242,6705,321 Surrey Central/WhiteRock,15247164,5515,32,105
2026-07-29T00:00:47.757371+00:00,1785283242,6705,321 Surrey Central/WhiteRock,15247164,5516,33,127
2026-07-29T00:00:47.757371+00:00,1785283242,6705,321 Surrey Central/WhiteRock,15247164,5517,34,135
2026-07-29T00:00:47.757371+00:00,1785283242,6705,321 Surrey Central/WhiteRock,15247164,5518,35,142
2026-07-29T00:00:47.757371+00:00,1785283242,6705,321 Surrey Central/WhiteRock,15247164,5519,36,120
2026-07-29T00:00:47.757371+00:00,1785283242,6705,321 Surrey Central/WhiteRock,15247164,5520,37,124
2026-07-29T00:00:47.757371+00:00,1785283242,6705,321 Surrey Central/WhiteRock,15247164,5521,38,-79
2026-07-29T00:00:47.757371+00:00,1785283242,6705,321 Surrey Central/WhiteRock,15247164,5522,39,-212
2026-07-29T00:00:47.757371+00:00,1785283242,6705,321 Surrey Central/WhiteRock,15247164,5523,40,-248
2026-07-29T00:00:47.757371+00:00,1785283242,6705,321 Surrey Central/WhiteRock,15247164,6466,41,-260
2026-07-29T00:00:47.757371+00:00,1785283242,6705,321 Surrey Central/WhiteRock,15247164,5524,42,-229
2026-07-29T00:00:47.757371+00:00,1785283242,6705,321 Surrey Central/WhiteRock,15247164,5525,43,-253
2026-07-29T00:00:47.757371+00:00,1785283242,6705,321 Surrey Central/WhiteRock,15247164,10443,44,-270
2026-07-29T00:00:47.757371+00:00,1785283242,6705,321 Surrey Central/WhiteRock,15247164,5528,45,-273
2026-07-29T00:00:47.757371+00:00,1785283242,6705,321 Surrey Central/WhiteRock,15247164,5529,46,-297
2026-07-29T00:00:47.757371+00:00,1785283242,6705,321 Surrey Central/WhiteRock,15247164,5530,47,-313
2026-07-29T00:00:47.757371+00:00,1785283242,6705,321 Surrey Central/WhiteRock,15247164,5533,48,-309
2026-07-29T00:00:47.757371+00:00,1785283242,6705,321 Surrey Central/WhiteRock,15247164,5534,49,-327
2026-07-29T00:00:47.757371+00:00,1785283242,6705,321 Surrey Central/WhiteRock,15247164,5535,50,-315
2026-07-29T00:00:47.757371+00:00,1785283242,6705,321 Surrey Central/WhiteRock,15247164,5536,51,-337
2026-07-29T00:00:47.757371+00:00,1785283242,6705,321 Surrey Central/WhiteRock,15247164,5537,52,-333
2026-07-29T00:00:47.757371+00:00,1785283242,6705,321 Surrey Central/WhiteRock,15247164,5538,53,-339
2026-07-29T00:00:47.757371+00:00,1785283242,6705,321 Surrey Central/WhiteRock,15247164,5541,54,-319
2026-07-29T00:00:47.757371+00:00,1785283242,6705,321 Surrey Central/WhiteRock,15247164,5542,55,-310
2026-07-29T00:00:47.757371+00:00,1785283242,6705,321 Surrey Central/WhiteRock,15247164,6195,56,-278
2026-07-29T00:00:47.757371+00:00,1785283242,6705,321 Surrey Central/WhiteRock,15247177,5505,24,-24
2026-07-29T00:00:47.757371+00:00,1785283242,6705,321 Surrey Central/WhiteRock,15247177,5507,25,-21
2026-07-29T00:00:47.757371+00:00,1785283242,6705,321 Surrey Central/WhiteRock,15247177,5633,26,11
2026-07-29T00:00:47.757371+00:00,1785283242,6705,321 Surrey Central/WhiteRock,15247177,5510,27,36
2026-07-29T00:00:47.757371+00:00,1785283242,6705,321 Surrey Central/WhiteRock,15247177,5511,28,28
2026-07-29T00:00:47.757371+00:00,1785283242,6705,321 Surrey Central/WhiteRock,15247177,5512,29,24
2026-07-29T00:00:47.757371+00:00,1785283242,6705,321 Surrey Central/WhiteRock,15247177,5513,30,11
2026-07-29T00:00:47.757371+00:00,1785283242,6705,321 Surrey Central/WhiteRock,15247177,5514,31,102
2026-07-29T00:00:47.757371+00:00,1785283242,6705,321 Surrey Central/WhiteRock,15247177,5515,32,94
2026-07-29T00:00:47.757371+00:00,1785283242,6705,321 Surrey Central/WhiteRock,15247177,5516,33,85
2026-07-29T00:00:47.757371+00:00,1785283242,6705,321 Surrey Central/WhiteRock,15247177,5517,34,82
2026-07-29T00:00:47.757371+00:00,1785283242,6705,321 Surrey Central/WhiteRock,15247177,5518,35,89
2026-07-29T00:00:47.757371+00:00,1785283242,6705,321 Surrey Central/WhiteRock,15247177,5519,36,65
2026-07-29T00:00:47.757371+00:00,1785283242,6705,321 Surrey Central/WhiteRock,15247177,5520,37,54
2026-07-29T00:00:47.757371+00:00,1785283242,6705,321 Surrey Central/WhiteRock,15247177,5521,38,-156
2026-07-29T00:00:47.757371+00:00,1785283242,6705,321 Surrey Central/WhiteRock,15247177,5522,39,-292
2026-07-29T00:00:47.757371+00:00,1785283242,6705,321 Surrey Central/WhiteRock,15247177,5523,40,-328
2026-07-29T00:00:47.757371+00:00,1785283242,6705,321 Surrey Central/WhiteRock,15247177,6466,41,-348
2026-07-29T00:00:47.757371+00:00,1785283242,6705,321 Surrey Central/WhiteRock,15247177,5524,42,-311
2026-07-29T00:00:47.757371+00:00,1785283242,6705,321 Surrey Central/WhiteRock,15247177,5525,43,-340
2026-07-29T00:00:47.757371+00:00,1785283242,6705,321 Surrey Central/WhiteRock,15247177,10443,44,-365
2026-07-29T00:00:47.757371+00:00,1785283242,6705,321 Surrey Central/WhiteRock,15247177,5528,45,-363
2026-07-29T00:00:47.757371+00:00,1785283242,6705,321 Surrey Central/WhiteRock,15247177,5529,46,-386
2026-07-29T00:00:47.757371+00:00,1785283242,6705,321 Surrey Central/WhiteRock,15247177,5530,47,-401
2026-07-29T00:00:47.757371+00:00,1785283242,6705,321 Surrey Central/WhiteRock,15247177,5533,48,-408
2026-07-29T00:00:47.757371+00:00,1785283242,6705,321 Surrey Central/WhiteRock,15247177,5534,49,-428
2026-07-29T00:00:47.757371+00:00,1785283242,6705,321 Surrey Central/WhiteRock,15247177,5535,50,-412
2026-07-29T00:00:47.757371+00:00,1785283242,6705,321 Surrey Central/WhiteRock,15247177,5536,51,-433
2026-07-29T00:00:47.757371+00:00,1785283242,6705,321 Surrey Central/WhiteRock,15247177,5537,52,-432
2026-07-29T00:00:47.757371+00:00,1785283242,6705,321 Surrey Central/WhiteRock,15247177,5538,53,-438
2026-07-29T00:00:47.757371+00:00,1785283242,6705,321 Surrey Central/WhiteRock,15247177,5541,54,-409
2026-07-29T00:00:47.757371+00:00,1785283242,6705,321 Surrey Central/WhiteRock,15247177,5542,55,-397
2026-07-29T00:00:47.757371+00:00,1785283242,6705,321 Surrey Central/WhiteRock,15247177,6195,56,-370
2026-07-29T00:00:47.757371+00:00,1785283242,6705,321 Surrey Central/WhiteRock,15247186,6466,41,349
2026-07-29T00:00:47.757371+00:00,1785283242,6705,321 Surrey Central/WhiteRock,15247186,5524,42,381
2026-07-29T00:00:47.757371+00:00,1785283242,6705,321 Surrey Central/WhiteRock,15247186,5525,43,356
2026-07-29T00:00:47.757371+00:00,1785283242,6705,321 Surrey Central/WhiteRock,15247186,10443,44,336
2026-07-29T00:00:47.757371+00:00,1785283242,6705,321 Surrey Central/WhiteRock,15247186,5528,45,333
2026-07-29T00:00:47.757371+00:00,1785283242,6705,321 Surrey Central/WhiteRock,15247186,5529,46,308
2026-07-29T00:00:47.757371+00:00,1785283242,6705,321 Surrey Central/WhiteRock,15247186,5530,47,291
2026-07-29T00:00:47.757371+00:00,1785283242,6705,321 Surrey Central/WhiteRock,15247186,5533,48,291
2026-07-29T00:00:47.757371+00:00,1785283242,6705,321 Surrey Central/WhiteRock,15247186,5534,49,271
2026-07-29T00:00:47.757371+00:00,1785283242,6705,321 Surrey Central/WhiteRock,15247186,5535,50,296
2026-07-29T00:00:47.757371+00:00,1785283242,6705,321 Surrey Central/WhiteRock,15247186,5536,51,272
2026-07-29T00:00:47.757371+00:00,1785283242,6705,321 Surrey Central/WhiteRock,15247186,5537,52,280
2026-07-29T00:00:47.757371+00:00,1785283242,6705,321 Surrey Central/WhiteRock,15247186,5538,53,273
2026-07-29T00:00:47.757371+00:00,1785283242,6705,321 Surrey Central/WhiteRock,15247186,5541,54,304
2026-07-29T00:00:47.757371+00:00,1785283242,6705,321 Surrey Central/WhiteRock,15247186,5542,55,315
2026-07-29T00:00:47.757371+00:00,1785283242,6705,321 Surrey Central/WhiteRock,15247186,6195,56,345
2026-07-29T00:00:47.757371+00:00,1785283242,6705,321 Surrey Central/WhiteRock,15247187,10880,7,0
2026-07-29T00:00:47.757371+00:00,1785283242,6705,321 Surrey Central/WhiteRock,15247187,5046,8,45
2026-07-29T00:00:47.757371+00:00,1785283242,6705,321 Surrey Central/WhiteRock,15247187,5047,9,49
2026-07-29T00:00:47.757371+00:00,1785283242,6705,321 Surrey Central/WhiteRock,15247187,8566,10,15
2026-07-29T00:00:47.757371+00:00,1785283242,6705,321 Surrey Central/WhiteRock,15247187,12916,11,37
2026-07-29T00:00:47.757371+00:00,1785283242,6705,321 Surrey Central/WhiteRock,15247187,5049,12,29
2026-07-29T00:00:47.757371+00:00,1785283242,6705,321 Surrey Central/WhiteRock,15247187,5039,13,14
2026-07-29T00:00:47.757371+00:00,1785283242,6705,321 Surrey Central/WhiteRock,15247187,8351,14,-9
2026-07-29T00:00:47.757371+00:00,1785283242,6705,321 Surrey Central/WhiteRock,15247187,5496,15,-78
2026-07-29T00:00:47.757371+00:00,1785283242,6705,321 Surrey Central/WhiteRock,15247187,5497,16,-121
2026-07-29T00:00:47.757371+00:00,1785283242,6705,321 Surrey Central/WhiteRock,15247187,5498,17,-137
2026-07-29T00:00:47.757371+00:00,1785283242,6705,321 Surrey Central/WhiteRock,15247187,5499,18,-174
2026-07-29T00:00:47.757371+00:00,1785283242,6705,321 Surrey Central/WhiteRock,15247187,5500,19,-200
2026-07-29T00:00:47.757371+00:00,1785283242,6705,321 Surrey Central/WhiteRock,15247187,5501,20,-227
2026-07-29T00:00:47.757371+00:00,1785283242,6705,321 Surrey Central/WhiteRock,15247187,5502,21,-243
2026-07-29T00:00:47.757371+00:00,1785283242,6705,321 Surrey Central/WhiteRock,15247187,5503,22,-259
2026-07-29T00:00:47.757371+00:00,1785283242,6705,321 Surrey Central/WhiteRock,15247187,5504,23,-317
2026-07-29T00:00:47.757371+00:00,1785283242,6705,321 Surrey Central/WhiteRock,15247187,5505,24,-310
2026-07-29T00:00:47.757371+00:00,1785283242,6705,321 Surrey Central/WhiteRock,15247187,5507,25,-307
2026-07-29T00:00:47.757371+00:00,1785283242,6705,321 Surrey Central/WhiteRock,15247187,5633,26,0
2026-07-29T00:00:47.757371+00:00,1785283242,6705,321 Surrey Central/WhiteRock,15247187,5510,27,43
2026-07-29T00:00:47.757371+00:00,1785283242,6705,321 Surrey Central/WhiteRock,15247187,5511,28,36
2026-07-29T00:00:47.757371+00:00,1785283242,6705,321 Surrey Central/WhiteRock,15247187,5512,29,32
2026-07-29T00:00:47.757371+00:00,1785283242,6705,321 Surrey Central/WhiteRock,15247187,5513,30,21
2026-07-29T00:00:47.757371+00:00,1785283242,6705,321 Surrey Central/WhiteRock,15247187,5514,31,114
2026-07-29T00:00:47.757371+00:00,1785283242,6705,321 Surrey Central/WhiteRock,15247187,5515,32,108
2026-07-29T00:00:47.757371+00:00,1785283242,6705,321 Surrey Central/WhiteRock,15247187,5516,33,107
2026-07-29T00:00:47.757371+00:00,1785283242,6705,321 Surrey Central/WhiteRock,15247187,5517,34,111
2026-07-29T00:00:47.757371+00:00,1785283242,6705,321 Surrey Central/WhiteRock,15247187,5518,35,118
2026-07-29T00:00:47.757371+00:00,1785283242,6705,321 Surrey Central/WhiteRock,15247187,5519,36,96
2026-07-29T00:00:47.757371+00:00,1785283242,6705,321 Surrey Central/WhiteRock,15247187,5520,37,86
2026-07-29T00:00:47.757371+00:00,1785283242,6705,321 Surrey Central/WhiteRock,15247187,5521,38,-115
2026-07-29T00:00:47.757371+00:00,1785283242,6705,321 Surrey Central/WhiteRock,15247187,5522,39,-248
2026-07-29T00:00:47.757371+00:00,1785283242,6705,321 Surrey Central/WhiteRock,15247187,5523,40,-283
2026-07-29T00:00:47.757371+00:00,1785283242,6705,321 Surrey Central/WhiteRock,15247187,6466,41,-292
2026-07-29T00:00:47.757371+00:00,1785283242,6705,321 Surrey Central/WhiteRock,15247187,5524,42,-253
2026-07-29T00:00:47.757371+00:00,1785283242,6705,321 Surrey Central/WhiteRock,15247187,5525,43,-276
2026-07-29T00:00:47.757371+00:00,1785283242,6705,321 Surrey Central/WhiteRock,15247187,10443,44,-295
2026-07-29T00:00:47.757371+00:00,1785283242,6705,321 Surrey Central/WhiteRock,15247187,5528,45,-293
2026-07-29T00:00:47.757371+00:00,1785283242,6705,321 Surrey Central/WhiteRock,15247187,5529,46,-315
2026-07-29T00:00:47.757371+00:00,1785283242,6705,321 Surrey Central/WhiteRock,15247187,5530,47,-330
2026-07-29T00:00:47.757371+00:00,1785283242,6705,321 Surrey Central/WhiteRock,15247187,5533,48,-327
2026-07-29T00:00:47.757371+00:00,1785283242,6705,321 Surrey Central/WhiteRock,15247187,5534,49,-344
2026-07-29T00:00:47.757371+00:00,1785283242,6705,321 Surrey Central/WhiteRock,15247187,5535,50,-324
2026-07-29T00:00:47.757371+00:00,1785283242,6705,321 Surrey Central/WhiteRock,15247187,5536,51,-348
2026-07-29T00:00:47.757371+00:00,1785283242,6705,321 Surrey Central/WhiteRock,15247187,5537,52,-343
2026-07-29T00:00:47.757371+00:00,1785283242,6705,321 Surrey Central/WhiteRock,15247187,5538,53,-348
2026-07-29T00:00:47.757371+00:00,1785283242,6705,321 Surrey Central/WhiteRock,15247187,5541,54,-324
2026-07-29T00:00:47.757371+00:00,1785283242,6705,321 Surrey Central/WhiteRock,15247187,5542,55,-313
2026-07-29T00:00:47.757371+00:00,1785283242,6705,321 Surrey Central/WhiteRock,15247187,6195,56,-278
2026-07-29T00:00:47.757371+00:00,1785283242,6705,321 Surrey Central/WhiteRock,15247232,5507,25,284
2026-07-29T00:00:47.757371+00:00,1785283242,6705,321 Surrey Central/WhiteRock,15247232,5633,26,340
2026-07-29T00:00:47.757371+00:00,1785283242,6705,321 Surrey Central/WhiteRock,15247232,5510,27,373
2026-07-29T00:00:47.757371+00:00,1785283242,6705,321 Surrey Central/WhiteRock,15247232,5511,28,364
2026-07-29T00:00:47.757371+00:00,1785283242,6705,321 Surrey Central/WhiteRock,15247232,5512,29,360
2026-07-29T00:00:47.757371+00:00,1785283242,6705,321 Surrey Central/WhiteRock,15247232,5513,30,345
2026-07-29T00:00:47.757371+00:00,1785283242,6705,321 Surrey Central/WhiteRock,15247232,5514,31,434
2026-07-29T00:00:47.757371+00:00,1785283242,6705,321 Surrey Central/WhiteRock,15247232,5515,32,425
2026-07-29T00:00:47.757371+00:00,1785283242,6705,321 Surrey Central/WhiteRock,15247232,5516,33,426
2026-07-29T00:00:47.757371+00:00,1785283242,6705,321 Surrey Central/WhiteRock,15247232,5517,34,420
2026-07-29T00:00:47.757371+00:00,1785283242,6705,321 Surrey Central/WhiteRock,15247232,5518,35,423
2026-07-29T00:00:47.757371+00:00,1785283242,6705,321 Surrey Central/WhiteRock,15247232,5519,36,397
2026-07-29T00:00:47.757371+00:00,1785283242,6705,321 Surrey Central/WhiteRock,15247232,5520,37,384
2026-07-29T00:00:47.757371+00:00,1785283242,6705,321 Surrey Central/WhiteRock,15247232,5521,38,168
2026-07-29T00:00:47.757371+00:00,1785283242,6705,321 Surrey Central/WhiteRock,15247232,5522,39,26
2026-07-29T00:00:47.757371+00:00,1785283242,6705,321 Surrey Central/WhiteRock,15247232,5523,40,-12
2026-07-29T00:00:47.757371+00:00,1785283242,6705,321 Surrey Central/WhiteRock,15247232,6466,41,-32
2026-07-29T00:00:47.757371+00:00,1785283242,6705,321 Surrey Central/WhiteRock,15247232,5524,42,1
2026-07-29T00:00:47.757371+00:00,1785283242,6705,321 Surrey Central/WhiteRock,15247232,5525,43,-28
2026-07-29T00:00:47.757371+00:00,1785283242,6705,321 Surrey Central/WhiteRock,15247232,10443,44,-50
2026-07-29T00:00:47.757371+00:00,1785283242,6705,321 Surrey Central/WhiteRock,15247232,5528,45,-51
2026-07-29T00:00:47.757371+00:00,1785283242,6705,321 Surrey Central/WhiteRock,15247232,5529,46,-76
2026-07-29T00:00:47.757371+00:00,1785283242,6705,321 Surrey Central/WhiteRock,15247232,5530,47,-93
2026-07-29T00:00:47.757371+00:00,1785283242,6705,321 Surrey Central/WhiteRock,15247232,5533,48,-93
2026-07-29T00:00:47.757371+00:00,1785283242,6705,321 Surrey Central/WhiteRock,15247232,5534,49,-113
2026-07-29T00:00:47.757371+00:00,1785283242,6705,321 Surrey Central/WhiteRock,15247232,5535,50,-97
2026-07-29T00:00:47.757371+00:00,1785283242,6705,321 Surrey Central/WhiteRock,15247232,5536,51,-122
2026-07-29T00:00:47.757371+00:00,1785283242,6705,321 Surrey Central/WhiteRock,15247232,5537,52,-121
2026-07-29T00:00:47.757371+00:00,1785283242,6705,321 Surrey Central/WhiteRock,15247232,5538,53,-128
2026-07-29T00:00:47.757371+00:00,1785283242,6705,321 Surrey Central/WhiteRock,15247232,5541,54,-98
2026-07-29T00:00:47.757371+00:00,1785283242,6705,321 Surrey Central/WhiteRock,15247232,5542,55,-86
2026-07-29T00:00:47.757371+00:00,1785283242,6705,321 Surrey Central/WhiteRock,15247232,6195,56,-62
2026-07-29T00:00:47.757371+00:00,1785283242,6705,321 Surrey Central/WhiteRock,15247233,5039,13,202
2026-07-29T00:00:47.757371+00:00,1785283242,6705,321 Surrey Central/WhiteRock,15247233,8351,14,177
2026-07-29T00:00:47.757371+00:00,1785283242,6705,321 Surrey Central/WhiteRock,15247233,5496,15,102
2026-07-29T00:00:47.757371+00:00,1785283242,6705,321 Surrey Central/WhiteRock,15247233,5497,16,55
2026-07-29T00:00:47.757371+00:00,1785283242,6705,321 Surrey Central/WhiteRock,15247233,5498,17,34
2026-07-29T00:00:47.757371+00:00,1785283242,6705,321 Surrey Central/WhiteRock,15247233,5499,18,-5
2026-07-29T00:00:47.757371+00:00,1785283242,6705,321 Surrey Central/WhiteRock,15247233,5500,19,-36
2026-07-29T00:00:47.757371+00:00,1785283242,6705,321 Surrey Central/WhiteRock,15247233,5501,20,-65
2026-07-29T00:00:47.757371+00:00,1785283242,6705,321 Surrey Central/WhiteRock,15247233,5502,21,-81
2026-07-29T00:00:47.757371+00:00,1785283242,6705,321 Surrey Central/WhiteRock,15247233,5503,22,-123
2026-07-29T00:00:47.757371+00:00,1785283242,6705,321 Surrey Central/WhiteRock,15247233,5504,23,-181
2026-07-29T00:00:47.757371+00:00,1785283242,6705,321 Surrey Central/WhiteRock,15247233,5505,24,-178
2026-07-29T00:00:47.757371+00:00,1785283242,6705,321 Surrey Central/WhiteRock,15247233,5507,25,-162
2026-07-29T00:00:47.757371+00:00,1785283242,6705,321 Surrey Central/WhiteRock,15247233,5633,26,0
2026-07-29T00:00:47.757371+00:00,1785283242,6705,321 Surrey Central/WhiteRock,15247233,5510,27,33
2026-07-29T00:00:47.757371+00:00,1785283242,6705,321 Surrey Central/WhiteRock,15247233,5511,28,25
2026-07-29T00:00:47.757371+00:00,1785283242,6705,321 Surrey Central/WhiteRock,15247233,5512,29,20
2026-07-29T00:00:47.757371+00:00,1785283242,6705,321 Surrey Central/WhiteRock,15247233,5513,30,5
2026-07-29T00:00:47.757371+00:00,1785283242,6705,321 Surrey Central/WhiteRock,15247233,5514,31,94
2026-07-29T00:00:47.757371+00:00,1785283242,6705,321 Surrey Central/WhiteRock,15247233,5515,32,86
2026-07-29T00:00:47.757371+00:00,1785283242,6705,321 Surrey Central/WhiteRock,15247233,5516,33,73
2026-07-29T00:00:47.757371+00:00,1785283242,6705,321 Surrey Central/WhiteRock,15247233,5517,34,70
2026-07-29T00:00:47.757371+00:00,1785283242,6705,321 Surrey Central/WhiteRock,15247233,5518,35,73
2026-07-29T00:00:47.757371+00:00,1785283242,6705,321 Surrey Central/WhiteRock,15247233,5519,36,49
2026-07-29T00:00:47.757371+00:00,1785283242,6705,321 Surrey Central/WhiteRock,15247233,5520,37,38
2026-07-29T00:00:47.757371+00:00,1785283242,6705,321 Surrey Central/WhiteRock,15247233,5521,38,-172
2026-07-29T00:00:47.757371+00:00,1785283242,6705,321 Surrey Central/WhiteRock,15247233,5522,39,-309
2026-07-29T00:00:47.757371+00:00,1785283242,6705,321 Surrey Central/WhiteRock,15247233,5523,40,-345
2026-07-29T00:00:47.757371+00:00,1785283242,6705,321 Surrey Central/WhiteRock,15247233,6466,41,-367
2026-07-29T00:00:47.757371+00:00,1785283242,6705,321 Surrey Central/WhiteRock,15247233,5524,42,-331
2026-07-29T00:00:47.757371+00:00,1785283242,6705,321 Surrey Central/WhiteRock,15247233,5525,43,-360
2026-07-29T00:00:47.757371+00:00,1785283242,6705,321 Surrey Central/WhiteRock,15247233,10443,44,-384
2026-07-29T00:00:47.757371+00:00,1785283242,6705,321 Surrey Central/WhiteRock,15247233,5528,45,-379
2026-07-29T00:00:47.757371+00:00,1785283242,6705,321 Surrey Central/WhiteRock,15247233,5529,46,-401
2026-07-29T00:00:47.757371+00:00,1785283242,6705,321 Surrey Central/WhiteRock,15247233,5530,47,-416
2026-07-29T00:00:47.757371+00:00,1785283242,6705,321 Surrey Central/WhiteRock,15247233,5533,48,-421
2026-07-29T00:00:47.757371+00:00,1785283242,6705,321 Surrey Central/WhiteRock,15247233,5534,49,-440
2026-07-29T00:00:47.757371+00:00,1785283242,6705,321 Surrey Central/WhiteRock,15247233,5535,50,-443
2026-07-29T00:00:47.757371+00:00,1785283242,6705,321 Surrey Central/WhiteRock,15247233,5536,51,-466
2026-07-29T00:00:47.757371+00:00,1785283242,6705,321 Surrey Central/WhiteRock,15247233,5537,52,-463
2026-07-29T00:00:47.757371+00:00,1785283242,6705,321 Surrey Central/WhiteRock,15247233,5538,53,-469
2026-07-29T00:00:47.757371+00:00,1785283242,6705,321 Surrey Central/WhiteRock,15247233,5541,54,-445
2026-07-29T00:00:47.757371+00:00,1785283242,6705,321 Surrey Central/WhiteRock,15247233,5542,55,-434
2026-07-29T00:00:47.757371+00:00,1785283242,6705,321 Surrey Central/WhiteRock,15247233,6195,56,-409
2026-07-29T00:00:47.757371+00:00,1785283242,6715,351 Bridgeport/WhiteRock,15251617,8282,25,-322
2026-07-29T00:00:47.757371+00:00,1785283242,6715,351 Bridgeport/WhiteRock,15251618,5447,21,376
2026-07-29T00:00:47.757371+00:00,1785283242,6715,351 Bridgeport/WhiteRock,15251618,5448,22,377
2026-07-29T00:00:47.757371+00:00,1785283242,6715,351 Bridgeport/WhiteRock,15251618,6194,23,369
2026-07-29T00:00:47.757371+00:00,1785283242,6715,351 Bridgeport/WhiteRock,15251618,4928,24,152
2026-07-29T00:00:47.757371+00:00,1785283242,6715,351 Bridgeport/WhiteRock,15251618,8282,25,162
2026-07-29T00:00:47.757371+00:00,1785283242,6715,351 Bridgeport/WhiteRock,15251619,5444,17,-27
2026-07-29T00:00:47.757371+00:00,1785283242,6715,351 Bridgeport/WhiteRock,15251619,9083,18,-59
2026-07-29T00:00:47.757371+00:00,1785283242,6715,351 Bridgeport/WhiteRock,15251619,5446,19,-54
2026-07-29T00:00:47.757371+00:00,1785283242,6715,351 Bridgeport/WhiteRock,15251619,10445,20,-63
2026-07-29T00:00:47.757371+00:00,1785283242,6715,351 Bridgeport/WhiteRock,15251619,5447,21,-102
2026-07-29T00:00:47.757371+00:00,1785283242,6715,351 Bridgeport/WhiteRock,15251619,5448,22,-101
2026-07-29T00:00:47.757371+00:00,1785283242,6715,351 Bridgeport/WhiteRock,15251619,6194,23,0
2026-07-29T00:00:47.757371+00:00,1785283242,6715,351 Bridgeport/WhiteRock,15251619,4928,24,-219
2026-07-29T00:00:47.757371+00:00,1785283242,6715,351 Bridgeport/WhiteRock,15251619,8282,25,-211
2026-07-29T00:00:47.757371+00:00,1785283242,6715,351 Bridgeport/WhiteRock,15251695,6340,19,-71
2026-07-29T00:00:47.757371+00:00,1785283242,6715,351 Bridgeport/WhiteRock,15251695,6341,20,-49
2026-07-29T00:00:47.757371+00:00,1785283242,6715,351 Bridgeport/WhiteRock,15251695,6167,21,-39
2026-07-29T00:00:47.757371+00:00,1785283242,6715,351 Bridgeport/WhiteRock,15251696,5537,15,-557
2026-07-29T00:00:47.757371+00:00,1785283242,6715,351 Bridgeport/WhiteRock,15251696,5538,16,-548
2026-07-29T00:00:47.757371+00:00,1785283242,6715,351 Bridgeport/WhiteRock,15251696,5541,17,-494
2026-07-29T00:00:47.757371+00:00,1785283242,6715,351 Bridgeport/WhiteRock,15251696,5542,18,-472
2026-07-29T00:00:47.757371+00:00,1785283242,6715,351 Bridgeport/WhiteRock,15251696,6340,19,-426
2026-07-29T00:00:47.757371+00:00,1785283242,6715,351 Bridgeport/WhiteRock,15251696,6341,20,-404
2026-07-29T00:00:47.757371+00:00,1785283242,6715,351 Bridgeport/WhiteRock,15251696,6167,21,-389
2026-07-29T00:00:47.757371+00:00,1785283242,6715,351 Bridgeport/WhiteRock,15251697,5528,8,-815
2026-07-29T00:00:47.757371+00:00,1785283242,6715,351 Bridgeport/WhiteRock,15251697,5529,9,-818
2026-07-29T00:00:47.757371+00:00,1785283242,6715,351 Bridgeport/WhiteRock,15251697,5530,10,-816
2026-07-29T00:00:47.757371+00:00,1785283242,6715,351 Bridgeport/WhiteRock,15251697,5533,11,-800
2026-07-29T00:00:47.757371+00:00,1785283242,6715,351 Bridgeport/WhiteRock,15251697,5534,12,-803
2026-07-29T00:00:47.757371+00:00,1785283242,6715,351 Bridgeport/WhiteRock,15251697,5535,13,-775
2026-07-29T00:00:47.757371+00:00,1785283242,6715,351 Bridgeport/WhiteRock,15251697,5536,14,-778
2026-07-29T00:00:47.757371+00:00,1785283242,6715,351 Bridgeport/WhiteRock,15251697,5537,15,-743
2026-07-29T00:00:47.757371+00:00,1785283242,6715,351 Bridgeport/WhiteRock,15251697,5538,16,-738
2026-07-29T00:00:47.757371+00:00,1785283242,6715,351 Bridgeport/WhiteRock,15251697,5541,17,-684
2026-07-29T00:00:47.757371+00:00,1785283242,6715,351 Bridgeport/WhiteRock,15251697,5542,18,-663
2026-07-29T00:00:47.757371+00:00,1785283242,6715,351 Bridgeport/WhiteRock,15251697,6340,19,-615
2026-07-29T00:00:47.757371+00:00,1785283242,6715,351 Bridgeport/WhiteRock,15251697,6341,20,-593
2026-07-29T00:00:47.757371+00:00,1785283242,6715,351 Bridgeport/WhiteRock,15251697,6167,21,-580
2026-07-29T00:00:47.757371+00:00,1785283242,6715,351 Bridgeport/WhiteRock,15251698,6175,4,-641
2026-07-29T00:00:47.757371+00:00,1785283242,6715,351 Bridgeport/WhiteRock,15251698,5524,5,-595
2026-07-29T00:00:47.757371+00:00,1785283242,6715,351 Bridgeport/WhiteRock,15251698,5525,6,-608
2026-07-29T00:00:47.757371+00:00,1785283242,6715,351 Bridgeport/WhiteRock,15251698,10443,7,-602
2026-07-29T00:00:47.757371+00:00,1785283242,6715,351 Bridgeport/WhiteRock,15251698,5528,8,-586
2026-07-29T00:00:47.757371+00:00,1785283242,6715,351 Bridgeport/WhiteRock,15251698,5529,9,-596
2026-07-29T00:00:47.757371+00:00,1785283242,6715,351 Bridgeport/WhiteRock,15251698,5530,10,-594
2026-07-29T00:00:47.757371+00:00,1785283242,6715,351 Bridgeport/WhiteRock,15251698,5533,11,-577
2026-07-29T00:00:47.757371+00:00,1785283242,6715,351 Bridgeport/WhiteRock,15251698,5534,12,-580
2026-07-29T00:00:47.757371+00:00,1785283242,6715,351 Bridgeport/WhiteRock,15251698,5535,13,-532
2026-07-29T00:00:47.757371+00:00,1785283242,6715,351 Bridgeport/WhiteRock,15251698,5536,14,-535
2026-07-29T00:00:47.757371+00:00,1785283242,6715,351 Bridgeport/WhiteRock,15251698,5537,15,-508
2026-07-29T00:00:47.757371+00:00,1785283242,6715,351 Bridgeport/WhiteRock,15251698,5538,16,-503
2026-07-29T00:00:47.757371+00:00,1785283242,6715,351 Bridgeport/WhiteRock,15251698,5541,17,-451
2026-07-29T00:00:47.757371+00:00,1785283242,6715,351 Bridgeport/WhiteRock,15251698,5542,18,-431
2026-07-29T00:00:47.757371+00:00,1785283242,6715,351 Bridgeport/WhiteRock,15251698,6340,19,-383
2026-07-29T00:00:47.757371+00:00,1785283242,6715,351 Bridgeport/WhiteRock,15251698,6341,20,-360
2026-07-29T00:00:47.757371+00:00,1785283242,6715,351 Bridgeport/WhiteRock,15251698,6167,21,-348
2026-07-29T00:00:47.757371+00:00,1785283242,6715,351 Bridgeport/WhiteRock,15251699,4929,3,41
2026-07-29T00:00:47.757371+00:00,1785283242,6715,351 Bridgeport/WhiteRock,15251699,6175,4,-647
2026-07-29T00:00:47.757371+00:00,1785283242,6715,351 Bridgeport/WhiteRock,15251699,5524,5,-601
2026-07-29T00:00:47.757371+00:00,1785283242,6715,351 Bridgeport/WhiteRock,15251699,5525,6,-615
2026-07-29T00:00:47.757371+00:00,1785283242,6715,351 Bridgeport/WhiteRock,15251699,10443,7,-609
2026-07-29T00:00:47.757371+00:00,1785283242,6715,351 Bridgeport/WhiteRock,15251699,5528,8,-591
2026-07-29T00:00:47.757371+00:00,1785283242,6715,351 Bridgeport/WhiteRock,15251699,5529,9,-600
2026-07-29T00:00:47.757371+00:00,1785283242,6715,351 Bridgeport/WhiteRock,15251699,5530,10,-598
2026-07-29T00:00:47.757371+00:00,1785283242,6715,351 Bridgeport/WhiteRock,15251699,5533,11,-580
2026-07-29T00:00:47.757371+00:00,1785283242,6715,351 Bridgeport/WhiteRock,15251699,5534,12,-582
2026-07-29T00:00:47.757371+00:00,1785283242,6715,351 Bridgeport/WhiteRock,15251699,5535,13,-545
2026-07-29T00:00:47.757371+00:00,1785283242,6715,351 Bridgeport/WhiteRock,15251699,5536,14,-550
2026-07-29T00:00:47.757371+00:00,1785283242,6715,351 Bridgeport/WhiteRock,15251699,5537,15,-524
2026-07-29T00:00:47.757371+00:00,1785283242,6715,351 Bridgeport/WhiteRock,15251699,5538,16,-519
2026-07-29T00:00:47.757371+00:00,1785283242,6715,351 Bridgeport/WhiteRock,15251699,5541,17,-467
2026-07-29T00:00:47.757371+00:00,1785283242,6715,351 Bridgeport/WhiteRock,15251699,5542,18,-446
2026-07-29T00:00:47.757371+00:00,1785283242,6715,351 Bridgeport/WhiteRock,15251699,6340,19,-398
2026-07-29T00:00:47.757371+00:00,1785283242,6715,351 Bridgeport/WhiteRock,15251699,6341,20,-374
2026-07-29T00:00:47.757371+00:00,1785283242,6715,351 Bridgeport/WhiteRock,15251699,6167,21,-360
2026-07-29T00:00:47.757371+00:00,1785283242,6715,351 Bridgeport/WhiteRock,15251700,8283,2,118
2026-07-29T00:00:47.757371+00:00,1785283242,6715,351 Bridgeport/WhiteRock,15251700,4929,3,65
2026-07-29T00:00:47.757371+00:00,1785283242,6715,351 Bridgeport/WhiteRock,15251700,6175,4,-623
2026-07-29T00:00:47.757371+00:00,1785283242,6715,351 Bridgeport/WhiteRock,15251700,5524,5,-576
2026-07-29T00:00:47.757371+00:00,1785283242,6715,351 Bridgeport/WhiteRock,15251700,5525,6,-589
2026-07-29T00:00:47.757371+00:00,1785283242,6715,351 Bridgeport/WhiteRock,15251700,10443,7,-583
2026-07-29T00:00:47.757371+00:00,1785283242,6715,351 Bridgeport/WhiteRock,15251700,5528,8,-563
2026-07-29T00:00:47.757371+00:00,1785283242,6715,351 Bridgeport/WhiteRock,15251700,5529,9,-567
2026-07-29T00:00:47.757371+00:00,1785283242,6715,351 Bridgeport/WhiteRock,15251700,5530,10,-565
2026-07-29T00:00:47.757371+00:00,1785283242,6715,351 Bridgeport/WhiteRock,15251700,5533,11,-548
2026-07-29T00:00:47.757371+00:00,1785283242,6715,351 Bridgeport/WhiteRock,15251700,5534,12,-550
2026-07-29T00:00:47.757371+00:00,1785283242,6715,351 Bridgeport/WhiteRock,15251700,5535,13,-527
2026-07-29T00:00:47.757371+00:00,1785283242,6715,351 Bridgeport/WhiteRock,15251700,5536,14,-532
2026-07-29T00:00:47.757371+00:00,1785283242,6715,351 Bridgeport/WhiteRock,15251700,5537,15,-505
2026-07-29T00:00:47.757371+00:00,1785283242,6715,351 Bridgeport/WhiteRock,15251700,5538,16,-500
2026-07-29T00:00:47.757371+00:00,1785283242,6715,351 Bridgeport/WhiteRock,15251700,5541,17,-453
2026-07-29T00:00:47.757371+00:00,1785283242,6715,351 Bridgeport/WhiteRock,15251700,5542,18,-433
2026-07-29T00:00:47.757371+00:00,1785283242,6715,351 Bridgeport/WhiteRock,15251700,6340,19,-389
2026-07-29T00:00:47.757371+00:00,1785283242,6715,351 Bridgeport/WhiteRock,15251700,6341,20,-367
2026-07-29T00:00:47.757371+00:00,1785283242,6715,351 Bridgeport/WhiteRock,15251700,6167,21,-356
2026-07-29T00:00:47.757371+00:00,1785283242,6715,351 Bridgeport/WhiteRock,15251701,11267,1,53
2026-07-29T00:00:47.757371+00:00,1785283242,6715,351 Bridgeport/WhiteRock,15251701,8283,2,-653
2026-07-29T00:00:47.757371+00:00,1785283242,6715,351 Bridgeport/WhiteRock,15251701,4929,3,0
2026-07-29T00:00:47.757371+00:00,1785283242,6715,351 Bridgeport/WhiteRock,15251701,6175,4,-649
2026-07-29T00:00:47.757371+00:00,1785283242,6715,351 Bridgeport/WhiteRock,15251701,5524,5,-600
2026-07-29T00:00:47.757371+00:00,1785283242,6715,351 Bridgeport/WhiteRock,15251701,5525,6,-613
2026-07-29T00:00:47.757371+00:00,1785283242,6715,351 Bridgeport/WhiteRock,15251701,10443,7,-606
2026-07-29T00:00:47.757371+00:00,1785283242,6715,351 Bridgeport/WhiteRock,15251701,5528,8,-585
2026-07-29T00:00:47.757371+00:00,1785283242,6715,351 Bridgeport/WhiteRock,15251701,5529,9,-590
2026-07-29T00:00:47.757371+00:00,1785283242,6715,351 Bridgeport/WhiteRock,15251701,5530,10,-587
2026-07-29T00:00:47.757371+00:00,1785283242,6715,351 Bridgeport/WhiteRock,15251701,5533,11,-568
2026-07-29T00:00:47.757371+00:00,1785283242,6715,351 Bridgeport/WhiteRock,15251701,5534,12,-569
2026-07-29T00:00:47.757371+00:00,1785283242,6715,351 Bridgeport/WhiteRock,15251701,5535,13,-545
2026-07-29T00:00:47.757371+00:00,1785283242,6715,351 Bridgeport/WhiteRock,15251701,5536,14,-548
2026-07-29T00:00:47.757371+00:00,1785283242,6715,351 Bridgeport/WhiteRock,15251701,5537,15,-521
2026-07-29T00:00:47.757371+00:00,1785283242,6715,351 Bridgeport/WhiteRock,15251701,5538,16,-515
2026-07-29T00:00:47.757371+00:00,1785283242,6715,351 Bridgeport/WhiteRock,15251701,5541,17,-469
2026-07-29T00:00:47.757371+00:00,1785283242,6715,351 Bridgeport/WhiteRock,15251701,5542,18,-449
2026-07-29T00:00:47.757371+00:00,1785283242,6715,351 Bridgeport/WhiteRock,15251701,6340,19,-402
2026-07-29T00:00:47.757371+00:00,1785283242,6715,351 Bridgeport/WhiteRock,15251701,6341,20,-381
2026-07-29T00:00:47.757371+00:00,1785283242,6715,351 Bridgeport/WhiteRock,15251701,6167,21,-369
2026-07-29T00:00:47.757371+00:00,1785283242,11692,364 Langley Centre/Scottsdale,15252683,6465,13,439
2026-07-29T00:00:47.757371+00:00,1785283242,11692,364 Langley Centre/Scottsdale,15252683,11074,14,476
2026-07-29T00:00:47.757371+00:00,1785283242,11692,364 Langley Centre/Scottsdale,15252683,11153,15,435
2026-07-29T00:00:47.757371+00:00,1785283242,11692,364 Langley Centre/Scottsdale,15252683,11150,16,386
2026-07-29T00:00:47.757371+00:00,1785283242,11692,364 Langley Centre/Scottsdale,15252683,11148,17,357
2026-07-29T00:00:47.757371+00:00,1785283242,11692,364 Langley Centre/Scottsdale,15252683,11124,18,361
2026-07-29T00:00:47.757371+00:00,1785283242,11692,364 Langley Centre/Scottsdale,15252683,11140,19,314
2026-07-29T00:00:47.757371+00:00,1785283242,11692,364 Langley Centre/Scottsdale,15252683,11145,20,303
2026-07-29T00:00:47.757371+00:00,1785283242,11692,364 Langley Centre/Scottsdale,15252683,11076,21,205
2026-07-29T00:00:47.757371+00:00,1785283242,11692,364 Langley Centre/Scottsdale,15252683,12645,22,-64
2026-07-29T00:00:47.757371+00:00,1785283242,11692,364 Langley Centre/Scottsdale,15252683,9525,23,-63
2026-07-29T00:00:47.757371+00:00,1785283242,11692,364 Langley Centre/Scottsdale,15252683,10148,24,-46
2026-07-29T00:00:47.757371+00:00,1785283242,11692,364 Langley Centre/Scottsdale,15252683,10585,25,-76
2026-07-29T00:00:47.757371+00:00,1785283242,11692,364 Langley Centre/Scottsdale,15252683,10250,26,-94
2026-07-29T00:00:47.757371+00:00,1785283242,11692,364 Langley Centre/Scottsdale,15252683,10588,27,-109
2026-07-29T00:00:47.757371+00:00,1785283242,11692,364 Langley Centre/Scottsdale,15252683,10248,28,-61
2026-07-29T00:00:47.757371+00:00,1785283242,11692,364 Langley Centre/Scottsdale,15252683,10726,29,-60
2026-07-29T00:00:47.757371+00:00,1785283242,11692,364 Langley Centre/Scottsdale,15252683,10725,30,-80
2026-07-29T00:00:47.757371+00:00,1785283242,11692,364 Langley Centre/Scottsdale,15252683,10727,31,-104
2026-07-29T00:00:47.757371+00:00,1785283242,11692,364 Langley Centre/Scottsdale,15252683,10251,32,-121
2026-07-29T00:00:47.757371+00:00,1785283242,11692,364 Langley Centre/Scottsdale,15252683,10252,33,-152
2026-07-29T00:00:47.757371+00:00,1785283242,11692,364 Langley Centre/Scottsdale,15252683,10253,34,-174
2026-07-29T00:00:47.757371+00:00,1785283242,11692,364 Langley Centre/Scottsdale,15252683,10255,35,-201
2026-07-29T00:00:47.757371+00:00,1785283242,11692,364 Langley Centre/Scottsdale,15252683,5332,36,-136
2026-07-29T00:00:47.757371+00:00,1785283242,11692,364 Langley Centre/Scottsdale,15252683,12497,37,-172
2026-07-29T00:00:47.757371+00:00,1785283242,11692,364 Langley Centre/Scottsdale,15252683,5334,38,-187
2026-07-29T00:00:47.757371+00:00,1785283242,11692,364 Langley Centre/Scottsdale,15252683,6472,39,-180
2026-07-29T00:00:47.757371+00:00,1785283242,11692,364 Langley Centre/Scottsdale,15252683,6473,40,-187
2026-07-29T00:00:47.757371+00:00,1785283242,11692,364 Langley Centre/Scottsdale,15252683,6474,41,-200
2026-07-29T00:00:47.757371+00:00,1785283242,11692,364 Langley Centre/Scottsdale,15252683,9306,42,-152
2026-07-29T00:00:47.757371+00:00,1785283242,11692,364 Langley Centre/Scottsdale,15252683,11125,43,-175
2026-07-29T00:00:47.757371+00:00,1785283242,11692,364 Langley Centre/Scottsdale,15252683,9294,44,-165
2026-07-29T00:00:47.757371+00:00,1785283242,11692,364 Langley Centre/Scottsdale,15252683,9293,45,-180
2026-07-29T00:00:47.757371+00:00,1785283242,11692,364 Langley Centre/Scottsdale,15252683,11126,46,-171
2026-07-29T00:00:47.757371+00:00,1785283242,11692,364 Langley Centre/Scottsdale,15252683,7094,47,-205
2026-07-29T00:00:47.757371+00:00,1785283242,11692,364 Langley Centre/Scottsdale,15252684,5332,36,110
2026-07-29T00:00:47.757371+00:00,1785283242,11692,364 Langley Centre/Scottsdale,15252684,12497,37,72
2026-07-29T00:00:47.757371+00:00,1785283242,11692,364 Langley Centre/Scottsdale,15252684,5334,38,57
2026-07-29T00:00:47.757371+00:00,1785283242,11692,364 Langley Centre/Scottsdale,15252684,6472,39,64
2026-07-29T00:00:47.757371+00:00,1785283242,11692,364 Langley Centre/Scottsdale,15252684,6473,40,59
2026-07-29T00:00:47.757371+00:00,1785283242,11692,364 Langley Centre/Scottsdale,15252684,6474,41,50
2026-07-29T00:00:47.757371+00:00,1785283242,11692,364 Langley Centre/Scottsdale,15252684,9306,42,99
2026-07-29T00:00:47.757371+00:00,1785283242,11692,364 Langley Centre/Scottsdale,15252684,11125,43,98
2026-07-29T00:00:47.757371+00:00,1785283242,11692,364 Langley Centre/Scottsdale,15252684,9294,44,90
2026-07-29T00:00:47.757371+00:00,1785283242,11692,364 Langley Centre/Scottsdale,15252684,9293,45,77
2026-07-29T00:00:47.757371+00:00,1785283242,11692,364 Langley Centre/Scottsdale,15252684,11126,46,85
2026-07-29T00:00:47.757371+00:00,1785283242,11692,364 Langley Centre/Scottsdale,15252684,7094,47,51
2026-07-29T00:00:47.757371+00:00,1785283242,11692,364 Langley Centre/Scottsdale,15252697,10248,28,-189
2026-07-29T00:00:47.757371+00:00,1785283242,11692,364 Langley Centre/Scottsdale,15252697,10726,29,-188
2026-07-29T00:00:47.757371+00:00,1785283242,11692,364 Langley Centre/Scottsdale,15252697,10725,30,-205
2026-07-29T00:00:47.757371+00:00,1785283242,11692,364 Langley Centre/Scottsdale,15252697,10727,31,-229
2026-07-29T00:00:47.757371+00:00,1785283242,11692,364 Langley Centre/Scottsdale,15252697,10251,32,-243
2026-07-29T00:00:47.757371+00:00,1785283242,11692,364 Langley Centre/Scottsdale,15252697,10252,33,-273
2026-07-29T00:00:47.757371+00:00,1785283242,11692,364 Langley Centre/Scottsdale,15252697,10253,34,-294
2026-07-29T00:00:47.757371+00:00,1785283242,11692,364 Langley Centre/Scottsdale,15252697,10255,35,-321
2026-07-29T00:00:47.757371+00:00,1785283242,11692,364 Langley Centre/Scottsdale,15252697,5332,36,-256
2026-07-29T00:00:47.757371+00:00,1785283242,11692,364 Langley Centre/Scottsdale,15252697,12497,37,-295
2026-07-29T00:00:47.757371+00:00,1785283242,11692,364 Langley Centre/Scottsdale,15252697,5334,38,-310
2026-07-29T00:00:47.757371+00:00,1785283242,11692,364 Langley Centre/Scottsdale,15252697,6472,39,-303
2026-07-29T00:00:47.757371+00:00,1785283242,11692,364 Langley Centre/Scottsdale,15252697,6473,40,-309
2026-07-29T00:00:47.757371+00:00,1785283242,11692,364 Langley Centre/Scottsdale,15252697,6474,41,-320
2026-07-29T00:00:47.757371+00:00,1785283242,11692,364 Langley Centre/Scottsdale,15252697,9306,42,-270
2026-07-29T00:00:47.757371+00:00,1785283242,11692,364 Langley Centre/Scottsdale,15252697,11125,43,-295
2026-07-29T00:00:47.757371+00:00,1785283242,11692,364 Langley Centre/Scottsdale,15252697,9294,44,-285
2026-07-29T00:00:47.757371+00:00,1785283242,11692,364 Langley Centre/Scottsdale,15252697,9293,45,-300
2026-07-29T00:00:47.757371+00:00,1785283242,11692,364 Langley Centre/Scottsdale,15252697,11126,46,-294
2026-07-29T00:00:47.757371+00:00,1785283242,11692,364 Langley Centre/Scottsdale,15252697,7094,47,-328
2026-07-29T00:00:47.757371+00:00,1785283242,11692,364 Langley Centre/Scottsdale,15252698,5244,1,0
2026-07-29T00:00:47.757371+00:00,1785283242,11692,364 Langley Centre/Scottsdale,15252698,4846,2,-1143
2026-07-29T00:00:47.757371+00:00,1785283242,11692,364 Langley Centre/Scottsdale,15252698,4918,3,-1122
2026-07-29T00:00:47.757371+00:00,1785283242,11692,364 Langley Centre/Scottsdale,15252698,4919,4,-1142
2026-07-29T00:00:47.757371+00:00,1785283242,11692,364 Langley Centre/Scottsdale,15252698,4921,5,-1208
2026-07-29T00:00:47.757371+00:00,1785283242,11692,364 Langley Centre/Scottsdale,15252698,11121,6,-1162
2026-07-29T00:00:47.757371+00:00,1785283242,11692,364 Langley Centre/Scottsdale,15252698,11142,7,-1205
2026-07-29T00:00:47.757371+00:00,1785283242,11692,364 Langley Centre/Scottsdale,15252698,11139,8,-1228
2026-07-29T00:00:47.757371+00:00,1785283242,11692,364 Langley Centre/Scottsdale,15252698,11156,9,-1250
2026-07-29T00:00:47.757371+00:00,1785283242,11692,364 Langley Centre/Scottsdale,15252698,5583,10,-1244
2026-07-29T00:00:47.757371+00:00,1785283242,11692,364 Langley Centre/Scottsdale,15252698,5584,11,-1284
2026-07-29T00:00:47.757371+00:00,1785283242,11692,364 Langley Centre/Scottsdale,15252698,6464,12,-1307
2026-07-29T00:00:47.757371+00:00,1785283242,11692,364 Langley Centre/Scottsdale,15252698,6465,13,-1340
2026-07-29T00:00:47.757371+00:00,1785283242,11692,364 Langley Centre/Scottsdale,15252698,11074,14,-1301
2026-07-29T00:00:47.757371+00:00,1785283242,11692,364 Langley Centre/Scottsdale,15252698,11153,15,-1339
2026-07-29T00:00:47.757371+00:00,1785283242,11692,364 Langley Centre/Scottsdale,15252698,11150,16,-1385
2026-07-29T00:00:47.757371+00:00,1785283242,11692,364 Langley Centre/Scottsdale,15252698,11148,17,-1409
2026-07-29T00:00:47.757371+00:00,1785283242,11692,364 Langley Centre/Scottsdale,15252698,11124,18,-1402
2026-07-29T00:00:47.757371+00:00,1785283242,11692,364 Langley Centre/Scottsdale,15252698,11140,19,-1447
2026-07-29T00:00:47.757371+00:00,1785283242,11692,364 Langley Centre/Scottsdale,15252698,11145,20,-1457
2026-07-29T00:00:47.757371+00:00,1785283242,11692,364 Langley Centre/Scottsdale,15252698,11076,21,0
2026-07-29T00:00:47.757371+00:00,1785283242,11692,364 Langley Centre/Scottsdale,15252698,12645,22,-211
2026-07-29T00:00:47.757371+00:00,1785283242,11692,364 Langley Centre/Scottsdale,15252698,9525,23,-209
2026-07-29T00:00:47.757371+00:00,1785283242,11692,364 Langley Centre/Scottsdale,15252698,10148,24,-182
2026-07-29T00:00:47.757371+00:00,1785283242,11692,364 Langley Centre/Scottsdale,15252698,10585,25,-204
2026-07-29T00:00:47.757371+00:00,1785283242,11692,364 Langley Centre/Scottsdale,15252698,10250,26,-210
2026-07-29T00:00:47.757371+00:00,1785283242,11692,364 Langley Centre/Scottsdale,15252698,10588,27,-218
2026-07-29T00:00:47.757371+00:00,1785283242,11692,364 Langley Centre/Scottsdale,15252698,10248,28,-158
2026-07-29T00:00:47.757371+00:00,1785283242,11692,364 Langley Centre/Scottsdale,15252698,10726,29,-161
2026-07-29T00:00:47.757371+00:00,1785283242,11692,364 Langley Centre/Scottsdale,15252698,10725,30,-175
2026-07-29T00:00:47.757371+00:00,1785283242,11692,364 Langley Centre/Scottsdale,15252698,10727,31,-191
2026-07-29T00:00:47.757371+00:00,1785283242,11692,364 Langley Centre/Scottsdale,15252698,10251,32,-200
2026-07-29T00:00:47.757371+00:00,1785283242,11692,364 Langley Centre/Scottsdale,15252698,10252,33,-225
2026-07-29T00:00:47.757371+00:00,1785283242,11692,364 Langley Centre/Scottsdale,15252698,10253,34,-235
2026-07-29T00:00:47.757371+00:00,1785283242,11692,364 Langley Centre/Scottsdale,15252698,10255,35,-254
2026-07-29T00:00:47.757371+00:00,1785283242,11692,364 Langley Centre/Scottsdale,15252698,5332,36,-223
2026-07-29T00:00:47.757371+00:00,1785283242,11692,364 Langley Centre/Scottsdale,15252698,12497,37,-251
2026-07-29T00:00:47.757371+00:00,1785283242,11692,364 Langley Centre/Scottsdale,15252698,5334,38,-251
2026-07-29T00:00:47.757371+00:00,1785283242,11692,364 Langley Centre/Scottsdale,15252698,6472,39,-243
2026-07-29T00:00:47.757371+00:00,1785283242,11692,364 Langley Centre/Scottsdale,15252698,6473,40,-248
2026-07-29T00:00:47.757371+00:00,1785283242,11692,364 Langley Centre/Scottsdale,15252698,6474,41,-255
2026-07-29T00:00:47.757371+00:00,1785283242,11692,364 Langley Centre/Scottsdale,15252698,9306,42,-204
2026-07-29T00:00:47.757371+00:00,1785283242,11692,364 Langley Centre/Scottsdale,15252698,11125,43,-203
2026-07-29T00:00:47.757371+00:00,1785283242,11692,364 Langley Centre/Scottsdale,15252698,9294,44,-191
2026-07-29T00:00:47.757371+00:00,1785283242,11692,364 Langley Centre/Scottsdale,15252698,9293,45,-200
2026-07-29T00:00:47.757371+00:00,1785283242,11692,364 Langley Centre/Scottsdale,15252698,11126,46,-192
2026-07-29T00:00:47.757371+00:00,1785283242,11692,364 Langley Centre/Scottsdale,15252698,7094,47,-225
2026-07-29T00:00:47.757371+00:00,1785283242,11692,364 Langley Centre/Scottsdale,15252700,11139,8,24
2026-07-29T00:00:47.757371+00:00,1785283242,11692,364 Langley Centre/Scottsdale,15252700,11156,9,-11
2026-07-29T00:00:47.757371+00:00,1785283242,11692,364 Langley Centre/Scottsdale,15252700,5583,10,-8
2026-07-29T00:00:47.757371+00:00,1785283242,11692,364 Langley Centre/Scottsdale,15252700,5584,11,-50
2026-07-29T00:00:47.757371+00:00,1785283242,11692,364 Langley Centre/Scottsdale,15252700,6464,12,-76
2026-07-29T00:00:47.757371+00:00,1785283242,11692,364 Langley Centre/Scottsdale,15252700,6465,13,-111
2026-07-29T00:00:47.757371+00:00,1785283242,11692,364 Langley Centre/Scottsdale,15252700,11074,14,-75
2026-07-29T00:00:47.757371+00:00,1785283242,11692,364 Langley Centre/Scottsdale,15252700,11153,15,-115
2026-07-29T00:00:47.757371+00:00,1785283242,11692,364 Langley Centre/Scottsdale,15252700,11150,16,-164
2026-07-29T00:00:47.757371+00:00,1785283242,11692,364 Langley Centre/Scottsdale,15252700,11148,17,-191
2026-07-29T00:00:47.757371+00:00,1785283242,11692,364 Langley Centre/Scottsdale,15252700,11124,18,-186
2026-07-29T00:00:47.757371+00:00,1785283242,11692,364 Langley Centre/Scottsdale,15252700,11140,19,-233
2026-07-29T00:00:47.757371+00:00,1785283242,11692,364 Langley Centre/Scottsdale,15252700,11145,20,-244
2026-07-29T00:00:47.757371+00:00,1785283242,11692,364 Langley Centre/Scottsdale,15252700,11076,21,0
2026-07-29T00:00:47.757371+00:00,1785283242,11692,364 Langley Centre/Scottsdale,15252700,12645,22,-235
2026-07-29T00:00:47.757371+00:00,1785283242,11692,364 Langley Centre/Scottsdale,15252700,9525,23,-234
2026-07-29T00:00:47.757371+00:00,1785283242,11692,364 Langley Centre/Scottsdale,15252700,10148,24,-211
2026-07-29T00:00:47.757371+00:00,1785283242,11692,364 Langley Centre/Scottsdale,15252700,10585,25,-236
2026-07-29T00:00:47.757371+00:00,1785283242,11692,364 Langley Centre/Scottsdale,15252700,10250,26,-246
2026-07-29T00:00:47.757371+00:00,1785283242,11692,364 Langley Centre/Scottsdale,15252700,10588,27,-257
2026-07-29T00:00:47.757371+00:00,1785283242,11692,364 Langley Centre/Scottsdale,15252700,10248,28,-201
2026-07-29T00:00:47.757371+00:00,1785283242,11692,364 Langley Centre/Scottsdale,15252700,10726,29,-198
2026-07-29T00:00:47.757371+00:00,1785283242,11692,364 Langley Centre/Scottsdale,15252700,10725,30,-212
2026-07-29T00:00:47.757371+00:00,1785283242,11692,364 Langley Centre/Scottsdale,15252700,10727,31,-231
2026-07-29T00:00:47.757371+00:00,1785283242,11692,364 Langley Centre/Scottsdale,15252700,10251,32,-242
2026-07-29T00:00:47.757371+00:00,1785283242,11692,364 Langley Centre/Scottsdale,15252700,10252,33,-268
2026-07-29T00:00:47.757371+00:00,1785283242,11692,364 Langley Centre/Scottsdale,15252700,10253,34,-279
2026-07-29T00:00:47.757371+00:00,1785283242,11692,364 Langley Centre/Scottsdale,15252700,10255,35,-301
2026-07-29T00:00:47.757371+00:00,1785283242,11692,364 Langley Centre/Scottsdale,15252700,5332,36,-233
2026-07-29T00:00:47.757371+00:00,1785283242,11692,364 Langley Centre/Scottsdale,15252700,12497,37,-263
2026-07-29T00:00:47.757371+00:00,1785283242,11692,364 Langley Centre/Scottsdale,15252700,5334,38,-273
2026-07-29T00:00:47.757371+00:00,1785283242,11692,364 Langley Centre/Scottsdale,15252700,6472,39,-266
2026-07-29T00:00:47.757371+00:00,1785283242,11692,364 Langley Centre/Scottsdale,15252700,6473,40,-270
2026-07-29T00:00:47.757371+00:00,1785283242,11692,364 Langley Centre/Scottsdale,15252700,6474,41,-279
2026-07-29T00:00:47.757371+00:00,1785283242,11692,364 Langley Centre/Scottsdale,15252700,9306,42,-227
2026-07-29T00:00:47.757371+00:00,1785283242,11692,364 Langley Centre/Scottsdale,15252700,11125,43,-224
2026-07-29T00:00:47.757371+00:00,1785283242,11692,364 Langley Centre/Scottsdale,15252700,9294,44,-223
2026-07-29T00:00:47.757371+00:00,1785283242,11692,364 Langley Centre/Scottsdale,15252700,9293,45,-236
2026-07-29T00:00:47.757371+00:00,1785283242,11692,364 Langley Centre/Scottsdale,15252700,11126,46,-225
2026-07-29T00:00:47.757371+00:00,1785283242,11692,364 Langley Centre/Scottsdale,15252700,7094,47,-239
2026-07-29T00:00:47.757371+00:00,1785283242,11692,364 Langley Centre/Scottsdale,15252715,10260,18,0
2026-07-29T00:00:47.757371+00:00,1785283242,11692,364 Langley Centre/Scottsdale,15252715,10729,19,-53
2026-07-29T00:00:47.757371+00:00,1785283242,11692,364 Langley Centre/Scottsdale,15252715,13067,20,-78
2026-07-29T00:00:47.757371+00:00,1785283242,11692,364 Langley Centre/Scottsdale,15252715,10633,21,-99
2026-07-29T00:00:47.757371+00:00,1785283242,11692,364 Langley Centre/Scottsdale,15252715,10149,22,-3
2026-07-29T00:00:47.757371+00:00,1785283242,11692,364 Langley Centre/Scottsdale,15252715,10587,23,-26
2026-07-29T00:00:47.757371+00:00,1785283242,11692,364 Langley Centre/Scottsdale,15252715,10261,24,-67
2026-07-29T00:00:47.757371+00:00,1785283242,11692,364 Langley Centre/Scottsdale,15252715,10586,25,-108
2026-07-29T00:00:47.757371+00:00,1785283242,11692,364 Langley Centre/Scottsdale,15252715,9547,26,-84
2026-07-29T00:00:47.757371+00:00,1785283242,11692,364 Langley Centre/Scottsdale,15252715,9526,27,-118
2026-07-29T00:00:47.757371+00:00,1785283242,11692,364 Langley Centre/Scottsdale,15252715,12646,28,-135
2026-07-29T00:00:47.757371+00:00,1785283242,11692,364 Langley Centre/Scottsdale,15252715,11075,29,-225
2026-07-29T00:00:47.757371+00:00,1785283242,11692,364 Langley Centre/Scottsdale,15252715,11174,30,-256
2026-07-29T00:00:47.757371+00:00,1785283242,11692,364 Langley Centre/Scottsdale,15252715,11175,31,-291
2026-07-29T00:00:47.757371+00:00,1785283242,11692,364 Langley Centre/Scottsdale,15252715,11123,32,-246
2026-07-29T00:00:47.757371+00:00,1785283242,11692,364 Langley Centre/Scottsdale,15252715,11176,33,-250
2026-07-29T00:00:47.757371+00:00,1785283242,11692,364 Langley Centre/Scottsdale,15252715,11177,34,-282
2026-07-29T00:00:47.757371+00:00,1785283242,11692,364 Langley Centre/Scottsdale,15252715,11178,35,-316
2026-07-29T00:00:47.757371+00:00,1785283242,11692,364 Langley Centre/Scottsdale,15252715,6459,36,-231
2026-07-29T00:00:47.757371+00:00,1785283242,11692,364 Langley Centre/Scottsdale,15252715,6460,37,-244
2026-07-29T00:00:47.757371+00:00,1785283242,11692,364 Langley Centre/Scottsdale,15252715,5621,38,-245
2026-07-29T00:00:47.757371+00:00,1785283242,11692,364 Langley Centre/Scottsdale,15252715,5622,39,-273
2026-07-29T00:00:47.757371+00:00,1785283242,11692,364 Langley Centre/Scottsdale,15252715,11122,40,-242
2026-07-29T00:00:47.757371+00:00,1785283242,11692,364 Langley Centre/Scottsdale,15252715,11155,41,-263
2026-07-29T00:00:47.757371+00:00,1785283242,11692,364 Langley Centre/Scottsdale,15252715,11143,42,-275
2026-07-29T00:00:47.757371+00:00,1785283242,11692,364 Langley Centre/Scottsdale,15252715,11141,43,-312
2026-07-29T00:00:47.757371+00:00,1785283242,11692,364 Langley Centre/Scottsdale,15252715,4936,44,-302
2026-07-29T00:00:47.757371+00:00,1785283242,11692,364 Langley Centre/Scottsdale,15252715,4937,45,-327
2026-07-29T00:00:47.757371+00:00,1785283242,11692,364 Langley Centre/Scottsdale,15252715,4938,46,-355
2026-07-29T00:00:47.757371+00:00,1785283242,11692,364 Langley Centre/Scottsdale,15252715,5229,47,-357
2026-07-29T00:00:47.757371+00:00,1785283242,11692,364 Langley Centre/Scottsdale,15252715,4917,48,-299
2026-07-29T00:00:47.757371+00:00,1785283242,11692,364 Langley Centre/Scottsdale,15252736,11177,34,-3
2026-07-29T00:00:47.757371+00:00,1785283242,11692,364 Langley Centre/Scottsdale,15252736,11178,35,-39
2026-07-29T00:00:47.757371+00:00,1785283242,11692,364 Langley Centre/Scottsdale,15252736,6459,36,42
2026-07-29T00:00:47.757371+00:00,1785283242,11692,364 Langley Centre/Scottsdale,15252736,6460,37,31
2026-07-29T00:00:47.757371+00:00,1785283242,11692,364 Langley Centre/Scottsdale,15252736,5621,38,26
2026-07-29T00:00:47.757371+00:00,1785283242,11692,364 Langley Centre/Scottsdale,15252736,5622,39,-5
2026-07-29T00:00:47.757371+00:00,1785283242,11692,364 Langley Centre/Scottsdale,15252736,11122,40,23
2026-07-29T00:00:47.757371+00:00,1785283242,11692,364 Langley Centre/Scottsdale,15252736,11155,41,1
2026-07-29T00:00:47.757371+00:00,1785283242,11692,364 Langley Centre/Scottsdale,15252736,11143,42,-15
2026-07-29T00:00:47.757371+00:00,1785283242,11692,364 Langley Centre/Scottsdale,15252736,11141,43,-54
2026-07-29T00:00:47.757371+00:00,1785283242,11692,364 Langley Centre/Scottsdale,15252736,4936,44,-46
2026-07-29T00:00:47.757371+00:00,1785283242,11692,364 Langley Centre/Scottsdale,15252736,4937,45,-74
2026-07-29T00:00:47.757371+00:00,1785283242,11692,364 Langley Centre/Scottsdale,15252736,4938,46,-106
2026-07-29T00:00:47.757371+00:00,1785283242,11692,364 Langley Centre/Scottsdale,15252736,5229,47,-110
2026-07-29T00:00:47.757371+00:00,1785283242,11692,364 Langley Centre/Scottsdale,15252736,4917,48,-56
2026-07-29T00:00:47.757371+00:00,1785283242,11692,364 Langley Centre/Scottsdale,15252751,9547,26,179
2026-07-29T00:00:47.757371+00:00,1785283242,11692,364 Langley Centre/Scottsdale,15252751,9526,27,140
2026-07-29T00:00:47.757371+00:00,1785283242,11692,364 Langley Centre/Scottsdale,15252751,12646,28,123
2026-07-29T00:00:47.757371+00:00,1785283242,11692,364 Langley Centre/Scottsdale,15252751,11075,29,11
2026-07-29T00:00:47.757371+00:00,1785283242,11692,364 Langley Centre/Scottsdale,15252751,11174,30,-27
2026-07-29T00:00:47.757371+00:00,1785283242,11692,364 Langley Centre/Scottsdale,15252751,11175,31,-63
2026-07-29T00:00:47.757371+00:00,1785283242,11692,364 Langley Centre/Scottsdale,15252751,11123,32,-24
2026-07-29T00:00:47.757371+00:00,1785283242,11692,364 Langley Centre/Scottsdale,15252751,11176,33,-31
2026-07-29T00:00:47.757371+00:00,1785283242,11692,364 Langley Centre/Scottsdale,15252751,11177,34,-66
2026-07-29T00:00:47.757371+00:00,1785283242,11692,364 Langley Centre/Scottsdale,15252751,11178,35,-103
2026-07-29T00:00:47.757371+00:00,1785283242,11692,364 Langley Centre/Scottsdale,15252751,6459,36,-21
2026-07-29T00:00:47.757371+00:00,1785283242,11692,364 Langley Centre/Scottsdale,15252751,6460,37,-36
2026-07-29T00:00:47.757371+00:00,1785283242,11692,364 Langley Centre/Scottsdale,15252751,5621,38,-41
2026-07-29T00:00:47.757371+00:00,1785283242,11692,364 Langley Centre/Scottsdale,15252751,5622,39,-73
2026-07-29T00:00:47.757371+00:00,1785283242,11692,364 Langley Centre/Scottsdale,15252751,11122,40,-46
2026-07-29T00:00:47.757371+00:00,1785283242,11692,364 Langley Centre/Scottsdale,15252751,11155,41,-71
2026-07-29T00:00:47.757371+00:00,1785283242,11692,364 Langley Centre/Scottsdale,15252751,11143,42,-87
2026-07-29T00:00:47.757371+00:00,1785283242,11692,364 Langley Centre/Scottsdale,15252751,11141,43,-127
2026-07-29T00:00:47.757371+00:00,1785283242,11692,364 Langley Centre/Scottsdale,15252751,4936,44,-120
2026-07-29T00:00:47.757371+00:00,1785283242,11692,364 Langley Centre/Scottsdale,15252751,4937,45,-147
2026-07-29T00:00:47.757371+00:00,1785283242,11692,364 Langley Centre/Scottsdale,15252751,4938,46,-179
2026-07-29T00:00:47.757371+00:00,1785283242,11692,364 Langley Centre/Scottsdale,15252751,5229,47,-187
2026-07-29T00:00:47.757371+00:00,1785283242,11692,364 Langley Centre/Scottsdale,15252751,4917,48,-133
2026-07-29T00:00:47.757371+00:00,1785283242,11692,364 Langley Centre/Scottsdale,15252752,9303,7,-100
2026-07-29T00:00:47.757371+00:00,1785283242,11692,364 Langley Centre/Scottsdale,15252752,9304,8,-120
2026-07-29T00:00:47.757371+00:00,1785283242,11692,364 Langley Centre/Scottsdale,15252752,6475,9,-98
2026-07-29T00:00:47.757371+00:00,1785283242,11692,364 Langley Centre/Scottsdale,15252752,6476,10,-137
2026-07-29T00:00:47.757371+00:00,1785283242,11692,364 Langley Centre/Scottsdale,15252752,5381,11,-159
2026-07-29T00:00:47.757371+00:00,1785283242,11692,364 Langley Centre/Scottsdale,15252752,12496,12,-172
2026-07-29T00:00:47.757371+00:00,1785283242,11692,364 Langley Centre/Scottsdale,15252752,5382,13,-203
2026-07-29T00:00:47.757371+00:00,1785283242,11692,364 Langley Centre/Scottsdale,15252752,12516,14,-29
2026-07-29T00:00:47.757371+00:00,1785283242,11692,364 Langley Centre/Scottsdale,15252752,10257,15,-83
2026-07-29T00:00:47.757371+00:00,1785283242,11692,364 Langley Centre/Scottsdale,15252752,10258,16,-111
2026-07-29T00:00:47.757371+00:00,1785283242,11692,364 Langley Centre/Scottsdale,15252752,10259,17,-170
2026-07-29T00:00:47.757371+00:00,1785283242,11692,364 Langley Centre/Scottsdale,15252752,10260,18,0
2026-07-29T00:00:47.757371+00:00,1785283242,11692,364 Langley Centre/Scottsdale,15252752,10729,19,-53
2026-07-29T00:00:47.757371+00:00,1785283242,11692,364 Langley Centre/Scottsdale,15252752,13067,20,-78
2026-07-29T00:00:47.757371+00:00,1785283242,11692,364 Langley Centre/Scottsdale,15252752,10633,21,-99
2026-07-29T00:00:47.757371+00:00,1785283242,11692,364 Langley Centre/Scottsdale,15252752,10149,22,-3
2026-07-29T00:00:47.757371+00:00,1785283242,11692,364 Langley Centre/Scottsdale,15252752,10587,23,-26
2026-07-29T00:00:47.757371+00:00,1785283242,11692,364 Langley Centre/Scottsdale,15252752,10261,24,-67
2026-07-29T00:00:47.757371+00:00,1785283242,11692,364 Langley Centre/Scottsdale,15252752,10586,25,-108
2026-07-29T00:00:47.757371+00:00,1785283242,11692,364 Langley Centre/Scottsdale,15252752,9547,26,-84
2026-07-29T00:00:47.757371+00:00,1785283242,11692,364 Langley Centre/Scottsdale,15252752,9526,27,-118
2026-07-29T00:00:47.757371+00:00,1785283242,11692,364 Langley Centre/Scottsdale,15252752,12646,28,-135
2026-07-29T00:00:47.757371+00:00,1785283242,11692,364 Langley Centre/Scottsdale,15252752,11075,29,-226
2026-07-29T00:00:47.757371+00:00,1785283242,11692,364 Langley Centre/Scottsdale,15252752,11174,30,-256
2026-07-29T00:00:47.757371+00:00,1785283242,11692,364 Langley Centre/Scottsdale,15252752,11175,31,-290
2026-07-29T00:00:47.757371+00:00,1785283242,11692,364 Langley Centre/Scottsdale,15252752,11123,32,-247
2026-07-29T00:00:47.757371+00:00,1785283242,11692,364 Langley Centre/Scottsdale,15252752,11176,33,-254
2026-07-29T00:00:47.757371+00:00,1785283242,11692,364 Langley Centre/Scottsdale,15252752,11177,34,-285
2026-07-29T00:00:47.757371+00:00,1785283242,11692,364 Langley Centre/Scottsdale,15252752,11178,35,-319
2026-07-29T00:00:47.757371+00:00,1785283242,11692,364 Langley Centre/Scottsdale,15252752,6459,36,-234
2026-07-29T00:00:47.757371+00:00,1785283242,11692,364 Langley Centre/Scottsdale,15252752,6460,37,-246
2026-07-29T00:00:47.757371+00:00,1785283242,11692,364 Langley Centre/Scottsdale,15252752,5621,38,-247
2026-07-29T00:00:47.757371+00:00,1785283242,11692,364 Langley Centre/Scottsdale,15252752,5622,39,-275
2026-07-29T00:00:47.757371+00:00,1785283242,11692,364 Langley Centre/Scottsdale,15252752,11122,40,-244
2026-07-29T00:00:47.757371+00:00,1785283242,11692,364 Langley Centre/Scottsdale,15252752,11155,41,-264
2026-07-29T00:00:47.757371+00:00,1785283242,11692,364 Langley Centre/Scottsdale,15252752,11143,42,-276
2026-07-29T00:00:47.757371+00:00,1785283242,11692,364 Langley Centre/Scottsdale,15252752,11141,43,-313
2026-07-29T00:00:47.757371+00:00,1785283242,11692,364 Langley Centre/Scottsdale,15252752,4936,44,-303
2026-07-29T00:00:47.757371+00:00,1785283242,11692,364 Langley Centre/Scottsdale,15252752,4937,45,-329
2026-07-29T00:00:47.757371+00:00,1785283242,11692,364 Langley Centre/Scottsdale,15252752,4938,46,-359
2026-07-29T00:00:47.757371+00:00,1785283242,11692,364 Langley Centre/Scottsdale,15252752,5229,47,-361
2026-07-29T00:00:47.757371+00:00,1785283242,11692,364 Langley Centre/Scottsdale,15252752,4917,48,-303
2026-07-29T00:00:47.757371+00:00,1785283242,18705,531 WhiteRock/WillowBrook,15259154,12173,45,-183
2026-07-29T00:00:47.757371+00:00,1785283242,18705,531 WhiteRock/WillowBrook,15259154,9291,46,-218
2026-07-29T00:00:47.757371+00:00,1785283242,18705,531 WhiteRock/WillowBrook,15259154,9292,47,-224
2026-07-29T00:00:47.757371+00:00,1785283242,18705,531 WhiteRock/WillowBrook,15259154,11264,48,-195
2026-07-29T00:00:47.757371+00:00,1785283242,18705,531 WhiteRock/WillowBrook,15259154,9303,49,-187
2026-07-29T00:00:47.757371+00:00,1785283242,18705,531 WhiteRock/WillowBrook,15259154,9304,50,-192
2026-07-29T00:00:47.757371+00:00,1785283242,18705,531 WhiteRock/WillowBrook,15259154,6475,51,-146
2026-07-29T00:00:47.757371+00:00,1785283242,18705,531 WhiteRock/WillowBrook,15259154,6476,52,-156
2026-07-29T00:00:47.757371+00:00,1785283242,18705,531 WhiteRock/WillowBrook,15259154,5335,53,-153
2026-07-29T00:00:47.757371+00:00,1785283242,18705,531 WhiteRock/WillowBrook,15259154,7100,54,-124
2026-07-29T00:00:47.757371+00:00,1785283242,18705,531 WhiteRock/WillowBrook,15259155,11839,23,119
2026-07-29T00:00:47.757371+00:00,1785283242,18705,531 WhiteRock/WillowBrook,15259155,12922,24,101
2026-07-29T00:00:47.757371+00:00,1785283242,18705,531 WhiteRock/WillowBrook,15259155,12923,25,62
2026-07-29T00:00:47.757371+00:00,1785283242,18705,531 WhiteRock/WillowBrook,15259155,12925,26,52
2026-07-29T00:00:47.757371+00:00,1785283242,18705,531 WhiteRock/WillowBrook,15259155,12928,27,26
2026-07-29T00:00:47.757371+00:00,1785283242,18705,531 WhiteRock/WillowBrook,15259155,12930,28,2
2026-07-29T00:00:47.757371+00:00,1785283242,18705,531 WhiteRock/WillowBrook,15259155,13042,29,-13
2026-07-29T00:00:47.757371+00:00,1785283242,18705,531 WhiteRock/WillowBrook,15259155,8936,30,-2
2026-07-29T00:00:47.757371+00:00,1785283242,18705,531 WhiteRock/WillowBrook,15259155,9030,31,-15
2026-07-29T00:00:47.757371+00:00,1785283242,18705,531 WhiteRock/WillowBrook,15259155,8937,32,-36
2026-07-29T00:00:47.757371+00:00,1785283242,18705,531 WhiteRock/WillowBrook,15259155,8938,33,-38
2026-07-29T00:00:47.757371+00:00,1785283242,18705,531 WhiteRock/WillowBrook,15259155,7081,34,-45
2026-07-29T00:00:47.757371+00:00,1785283242,18705,531 WhiteRock/WillowBrook,15259155,7082,35,-53
2026-07-29T00:00:47.757371+00:00,1785283242,18705,531 WhiteRock/WillowBrook,15259155,7083,36,-82
2026-07-29T00:00:47.757371+00:00,1785283242,18705,531 WhiteRock/WillowBrook,15259155,7084,37,-101
2026-07-29T00:00:47.757371+00:00,1785283242,18705,531 WhiteRock/WillowBrook,15259155,7085,38,-135
2026-07-29T00:00:47.757371+00:00,1785283242,18705,531 WhiteRock/WillowBrook,15259155,8939,39,-146
2026-07-29T00:00:47.757371+00:00,1785283242,18705,531 WhiteRock/WillowBrook,15259155,7086,40,-158
2026-07-29T00:00:47.757371+00:00,1785283242,18705,531 WhiteRock/WillowBrook,15259155,8940,41,-185
2026-07-29T00:00:47.757371+00:00,1785283242,18705,531 WhiteRock/WillowBrook,15259155,5341,42,-195
2026-07-29T00:00:47.757371+00:00,1785283242,18705,531 WhiteRock/WillowBrook,15259155,5342,43,-195
2026-07-29T00:00:47.757371+00:00,1785283242,18705,531 WhiteRock/WillowBrook,15259155,12293,44,-178
2026-07-29T00:00:47.757371+00:00,1785283242,18705,531 WhiteRock/WillowBrook,15259155,12173,45,-114
2026-07-29T00:00:47.757371+00:00,1785283242,18705,531 WhiteRock/WillowBrook,15259155,9291,46,-141
2026-07-29T00:00:47.757371+00:00,1785283242,18705,531 WhiteRock/WillowBrook,15259155,9292,47,-147
2026-07-29T00:00:47.757371+00:00,1785283242,18705,531 WhiteRock/WillowBrook,15259155,11264,48,-122
2026-07-29T00:00:47.757371+00:00,1785283242,18705,531 WhiteRock/WillowBrook,15259155,9303,49,-118
2026-07-29T00:00:47.757371+00:00,1785283242,18705,531 WhiteRock/WillowBrook,15259155,9304,50,-123
2026-07-29T00:00:47.757371+00:00,1785283242,18705,531 WhiteRock/WillowBrook,15259155,6475,51,-75
2026-07-29T00:00:47.757371+00:00,1785283242,18705,531 WhiteRock/WillowBrook,15259155,6476,52,-83
2026-07-29T00:00:47.757371+00:00,1785283242,18705,531 WhiteRock/WillowBrook,15259155,5335,53,-79
2026-07-29T00:00:47.757371+00:00,1785283242,18705,531 WhiteRock/WillowBrook,15259155,7100,54,-49
2026-07-29T00:00:47.757371+00:00,1785283242,18705,531 WhiteRock/WillowBrook,15259176,11738,13,0
2026-07-29T00:00:47.757371+00:00,1785283242,18705,531 WhiteRock/WillowBrook,15259176,11743,14,-34
2026-07-29T00:00:47.757371+00:00,1785283242,18705,531 WhiteRock/WillowBrook,15259176,12306,15,-100
2026-07-29T00:00:47.757371+00:00,1785283242,18705,531 WhiteRock/WillowBrook,15259176,12218,16,-155
2026-07-29T00:00:47.757371+00:00,1785283242,18705,531 WhiteRock/WillowBrook,15259176,11924,17,-225
2026-07-29T00:00:47.757371+00:00,1785283242,18705,531 WhiteRock/WillowBrook,15259176,13131,18,-264
2026-07-29T00:00:47.757371+00:00,1785283242,18705,531 WhiteRock/WillowBrook,15259176,11923,19,-292
2026-07-29T00:00:47.757371+00:00,1785283242,18705,531 WhiteRock/WillowBrook,15259176,12597,20,-363
2026-07-29T00:00:47.757371+00:00,1785283242,18705,531 WhiteRock/WillowBrook,15259176,11922,21,-377
2026-07-29T00:00:47.757371+00:00,1785283242,18705,531 WhiteRock/WillowBrook,15259176,11744,22,-363
2026-07-29T00:00:47.757371+00:00,1785283242,18705,531 WhiteRock/WillowBrook,15259176,11839,23,-390
2026-07-29T00:00:47.757371+00:00,1785283242,18705,531 WhiteRock/WillowBrook,15259176,12922,24,-407
2026-07-29T00:00:47.757371+00:00,1785283242,18705,531 WhiteRock/WillowBrook,15259176,12923,25,-443
2026-07-29T00:00:47.757371+00:00,1785283242,18705,531 WhiteRock/WillowBrook,15259176,12925,26,-443
2026-07-29T00:00:47.757371+00:00,1785283242,18705,531 WhiteRock/WillowBrook,15259176,12928,27,-470
2026-07-29T00:00:47.757371+00:00,1785283242,18705,531 WhiteRock/WillowBrook,15259176,12930,28,-494
2026-07-29T00:00:47.757371+00:00,1785283242,18705,531 WhiteRock/WillowBrook,15259176,13042,29,-509
2026-07-29T00:00:47.757371+00:00,1785283242,18705,531 WhiteRock/WillowBrook,15259176,8936,30,-498
2026-07-29T00:00:47.757371+00:00,1785283242,18705,531 WhiteRock/WillowBrook,15259176,9030,31,-511
2026-07-29T00:00:47.757371+00:00,1785283242,18705,531 WhiteRock/WillowBrook,15259176,8937,32,-532
2026-07-29T00:00:47.757371+00:00,1785283242,18705,531 WhiteRock/WillowBrook,15259176,8938,33,-534
2026-07-29T00:00:47.757371+00:00,1785283242,18705,531 WhiteRock/WillowBrook,15259176,7081,34,-541
2026-07-29T00:00:47.757371+00:00,1785283242,18705,531 WhiteRock/WillowBrook,15259176,7082,35,-549
2026-07-29T00:00:47.757371+00:00,1785283242,18705,531 WhiteRock/WillowBrook,15259176,7083,36,-578
2026-07-29T00:00:47.757371+00:00,1785283242,18705,531 WhiteRock/WillowBrook,15259176,7084,37,-597
2026-07-29T00:00:47.757371+00:00,1785283242,18705,531 WhiteRock/WillowBrook,15259176,7085,38,-632
2026-07-29T00:00:47.757371+00:00,1785283242,18705,531 WhiteRock/WillowBrook,15259176,8939,39,-643
2026-07-29T00:00:47.757371+00:00,1785283242,18705,531 WhiteRock/WillowBrook,15259176,7086,40,-655
2026-07-29T00:00:47.757371+00:00,1785283242,18705,531 WhiteRock/WillowBrook,15259176,8940,41,-680
2026-07-29T00:00:47.757371+00:00,1785283242,18705,531 WhiteRock/WillowBrook,15259176,5341,42,-690
2026-07-29T00:00:47.757371+00:00,1785283242,18705,531 WhiteRock/WillowBrook,15259176,5342,43,-689
2026-07-29T00:00:47.757371+00:00,1785283242,18705,531 WhiteRock/WillowBrook,15259176,12293,44,-671
2026-07-29T00:00:47.757371+00:00,1785283242,18705,531 WhiteRock/WillowBrook,15259176,12173,45,-606
2026-07-29T00:00:47.757371+00:00,1785283242,18705,531 WhiteRock/WillowBrook,15259176,9291,46,-633
2026-07-29T00:00:47.757371+00:00,1785283242,18705,531 WhiteRock/WillowBrook,15259176,9292,47,-638
2026-07-29T00:00:47.757371+00:00,1785283242,18705,531 WhiteRock/WillowBrook,15259176,11264,48,-609
2026-07-29T00:00:47.757371+00:00,1785283242,18705,531 WhiteRock/WillowBrook,15259176,9303,49,-602
2026-07-29T00:00:47.757371+00:00,1785283242,18705,531 WhiteRock/WillowBrook,15259176,9304,50,-606
2026-07-29T00:00:47.757371+00:00,1785283242,18705,531 WhiteRock/WillowBrook,15259176,6475,51,-563
2026-07-29T00:00:47.757371+00:00,1785283242,18705,531 WhiteRock/WillowBrook,15259176,6476,52,-574
2026-07-29T00:00:47.757371+00:00,1785283242,18705,531 WhiteRock/WillowBrook,15259176,5335,53,-569
2026-07-29T00:00:47.757371+00:00,1785283242,18705,531 WhiteRock/WillowBrook,15259176,7100,54,-534
2026-07-29T00:00:47.757371+00:00,1785283242,18705,531 WhiteRock/WillowBrook,15259208,12929,26,386
2026-07-29T00:00:47.757371+00:00,1785283242,18705,531 WhiteRock/WillowBrook,15259208,12927,27,356
2026-07-29T00:00:47.757371+00:00,1785283242,18705,531 WhiteRock/WillowBrook,15259208,12926,28,357
2026-07-29T00:00:47.757371+00:00,1785283242,18705,531 WhiteRock/WillowBrook,15259208,12924,29,335
2026-07-29T00:00:47.757371+00:00,1785283242,18705,531 WhiteRock/WillowBrook,15259208,11751,30,342
2026-07-29T00:00:47.757371+00:00,1785283242,18705,531 WhiteRock/WillowBrook,15259208,11750,31,298
2026-07-29T00:00:47.757371+00:00,1785283242,18705,531 WhiteRock/WillowBrook,15259208,11747,32,269
2026-07-29T00:00:47.757371+00:00,1785283242,18705,531 WhiteRock/WillowBrook,15259208,11745,33,265
2026-07-29T00:00:47.757371+00:00,1785283242,18705,531 WhiteRock/WillowBrook,15259208,13040,34,257
2026-07-29T00:00:47.757371+00:00,1785283242,18705,531 WhiteRock/WillowBrook,15259208,12598,35,231
2026-07-29T00:00:47.757371+00:00,1785283242,18705,531 WhiteRock/WillowBrook,15259208,11920,36,169
2026-07-29T00:00:47.757371+00:00,1785283242,18705,531 WhiteRock/WillowBrook,15259208,13130,37,131
2026-07-29T00:00:47.757371+00:00,1785283242,18705,531 WhiteRock/WillowBrook,15259208,11925,38,93
2026-07-29T00:00:47.757371+00:00,1785283242,18705,531 WhiteRock/WillowBrook,15259208,12219,39,62
2026-07-29T00:00:47.757371+00:00,1785283242,18705,531 WhiteRock/WillowBrook,15259208,11741,40,-86
2026-07-29T00:00:47.757371+00:00,1785283242,18705,531 WhiteRock/WillowBrook,15259208,11740,41,-106
2026-07-29T00:00:47.757371+00:00,1785283242,18705,531 WhiteRock/WillowBrook,15259208,11739,42,-55
2026-07-29T00:00:47.757371+00:00,1785283242,18705,531 WhiteRock/WillowBrook,15259208,11737,43,-9
2026-07-29T00:00:47.757371+00:00,1785283242,18705,531 WhiteRock/WillowBrook,15259208,11757,44,-39
2026-07-29T00:00:47.757371+00:00,1785283242,18705,531 WhiteRock/WillowBrook,15259208,11735,45,0
2026-07-29T00:00:47.757371+00:00,1785283242,18705,531 WhiteRock/WillowBrook,15259208,11756,46,7
2026-07-29T00:00:47.757371+00:00,1785283242,18705,531 WhiteRock/WillowBrook,15259208,5535,47,36
2026-07-29T00:00:47.757371+00:00,1785283242,18705,531 WhiteRock/WillowBrook,15259208,5536,48,10
2026-07-29T00:00:47.757371+00:00,1785283242,18705,531 WhiteRock/WillowBrook,15259208,5537,49,9
2026-07-29T00:00:47.757371+00:00,1785283242,18705,531 WhiteRock/WillowBrook,15259208,5538,50,2
2026-07-29T00:00:47.757371+00:00,1785283242,18705,531 WhiteRock/WillowBrook,15259208,5539,51,4
2026-07-29T00:00:47.757371+00:00,1785283242,18705,531 WhiteRock/WillowBrook,15259208,5540,52,0
2026-07-29T00:00:47.757371+00:00,1785283242,18705,531 WhiteRock/WillowBrook,15259209,7092,11,160
2026-07-29T00:00:47.757371+00:00,1785283242,18705,531 WhiteRock/WillowBrook,15259209,10747,12,176
2026-07-29T00:00:47.757371+00:00,1785283242,18705,531 WhiteRock/WillowBrook,15259209,5364,13,184
2026-07-29T00:00:47.757371+00:00,1785283242,18705,531 WhiteRock/WillowBrook,15259209,11775,14,210
2026-07-29T00:00:47.757371+00:00,1785283242,18705,531 WhiteRock/WillowBrook,15259209,7171,15,180
2026-07-29T00:00:47.757371+00:00,1785283242,18705,531 WhiteRock/WillowBrook,15259209,7172,16,143
2026-07-29T00:00:47.757371+00:00,1785283242,18705,531 WhiteRock/WillowBrook,15259209,7173,17,131
2026-07-29T00:00:47.757371+00:00,1785283242,18705,531 WhiteRock/WillowBrook,15259209,7174,18,91
2026-07-29T00:00:47.757371+00:00,1785283242,18705,531 WhiteRock/WillowBrook,15259209,7175,19,77
2026-07-29T00:00:47.757371+00:00,1785283242,18705,531 WhiteRock/WillowBrook,15259209,7176,20,48
2026-07-29T00:00:47.757371+00:00,1785283242,18705,531 WhiteRock/WillowBrook,15259209,7177,21,52
2026-07-29T00:00:47.757371+00:00,1785283242,18705,531 WhiteRock/WillowBrook,15259209,8948,22,24
2026-07-29T00:00:47.757371+00:00,1785283242,18705,531 WhiteRock/WillowBrook,15259209,9031,23,6
2026-07-29T00:00:47.757371+00:00,1785283242,18705,531 WhiteRock/WillowBrook,15259209,12931,24,2
2026-07-29T00:00:47.757371+00:00,1785283242,18705,531 WhiteRock/WillowBrook,15259209,13041,25,-33
2026-07-29T00:00:47.757371+00:00,1785283242,18705,531 WhiteRock/WillowBrook,15259209,12929,26,-52
2026-07-29T00:00:47.757371+00:00,1785283242,18705,531 WhiteRock/WillowBrook,15259209,12927,27,-82
2026-07-29T00:00:47.757371+00:00,1785283242,18705,531 WhiteRock/WillowBrook,15259209,12926,28,-79
2026-07-29T00:00:47.757371+00:00,1785283242,18705,531 WhiteRock/WillowBrook,15259209,12924,29,-98
2026-07-29T00:00:47.757371+00:00,1785283242,18705,531 WhiteRock/WillowBrook,15259209,11751,30,-91
2026-07-29T00:00:47.757371+00:00,1785283242,18705,531 WhiteRock/WillowBrook,15259209,11750,31,-131
2026-07-29T00:00:47.757371+00:00,1785283242,18705,531 WhiteRock/WillowBrook,15259209,11747,32,-159
2026-07-29T00:00:47.757371+00:00,1785283242,18705,531 WhiteRock/WillowBrook,15259209,11745,33,-162
2026-07-29T00:00:47.757371+00:00,1785283242,18705,531 WhiteRock/WillowBrook,15259209,13040,34,-170
2026-07-29T00:00:47.757371+00:00,1785283242,18705,531 WhiteRock/WillowBrook,15259209,12598,35,-196
2026-07-29T00:00:47.757371+00:00,1785283242,18705,531 WhiteRock/WillowBrook,15259209,11920,36,-255
2026-07-29T00:00:47.757371+00:00,1785283242,18705,531 WhiteRock/WillowBrook,15259209,13130,37,-293
2026-07-29T00:00:47.757371+00:00,1785283242,18705,531 WhiteRock/WillowBrook,15259209,11925,38,-331
2026-07-29T00:00:47.757371+00:00,1785283242,18705,531 WhiteRock/WillowBrook,15259209,12219,39,-359
2026-07-29T00:00:47.757371+00:00,1785283242,18705,531 WhiteRock/WillowBrook,15259209,11741,40,-506
2026-07-29T00:00:47.757371+00:00,1785283242,18705,531 WhiteRock/WillowBrook,15259209,11740,41,-526
2026-07-29T00:00:47.757371+00:00,1785283242,18705,531 WhiteRock/WillowBrook,15259209,11739,42,-478
2026-07-29T00:00:47.757371+00:00,1785283242,18705,531 WhiteRock/WillowBrook,15259209,11737,43,-433
2026-07-29T00:00:47.757371+00:00,1785283242,18705,531 WhiteRock/WillowBrook,15259209,11757,44,-463
2026-07-29T00:00:47.757371+00:00,1785283242,18705,531 WhiteRock/WillowBrook,15259209,11735,45,-424
2026-07-29T00:00:47.757371+00:00,1785283242,18705,531 WhiteRock/WillowBrook,15259209,11756,46,-417
2026-07-29T00:00:47.757371+00:00,1785283242,18705,531 WhiteRock/WillowBrook,15259209,5535,47,-384
2026-07-29T00:00:47.757371+00:00,1785283242,18705,531 WhiteRock/WillowBrook,15259209,5536,48,-410
2026-07-29T00:00:47.757371+00:00,1785283242,18705,531 WhiteRock/WillowBrook,15259209,5537,49,-410
2026-07-29T00:00:47.757371+00:00,1785283242,18705,531 WhiteRock/WillowBrook,15259209,5538,50,-417
2026-07-29T00:00:47.757371+00:00,1785283242,18705,531 WhiteRock/WillowBrook,15259209,5539,51,-411
2026-07-29T00:00:47.757371+00:00,1785283242,18705,531 WhiteRock/WillowBrook,15259209,5540,52,-403
2026-07-29T00:00:47.757371+00:00,1785283242,18705,531 WhiteRock/WillowBrook,15259221,11757,44,-71
2026-07-29T00:00:47.757371+00:00,1785283242,18705,531 WhiteRock/WillowBrook,15259221,11735,45,-32
2026-07-29T00:00:47.757371+00:00,1785283242,18705,531 WhiteRock/WillowBrook,15259221,11756,46,-26
2026-07-29T00:00:47.757371+00:00,1785283242,18705,531 WhiteRock/WillowBrook,15259221,5535,47,6
2026-07-29T00:00:47.757371+00:00,1785283242,18705,531 WhiteRock/WillowBrook,15259221,5536,48,-22
2026-07-29T00:00:47.757371+00:00,1785283242,18705,531 WhiteRock/WillowBrook,15259221,5537,49,-16
2026-07-29T00:00:47.757371+00:00,1785283242,18705,531 WhiteRock/WillowBrook,15259221,5538,50,-23
2026-07-29T00:00:47.757371+00:00,1785283242,18705,531 WhiteRock/WillowBrook,15259221,5539,51,-12
2026-07-29T00:00:47.757371+00:00,1785283242,18705,531 WhiteRock/WillowBrook,15259221,5540,52,-5
2026-07-29T00:00:47.757371+00:00,1785283242,18705,531 WhiteRock/WillowBrook,15259222,11754,1,0
2026-07-29T00:00:47.757371+00:00,1785283242,18705,531 WhiteRock/WillowBrook,15259222,6473,2,0
2026-07-29T00:00:47.757371+00:00,1785283242,18705,531 WhiteRock/WillowBrook,15259222,6474,3,0
2026-07-29T00:00:47.757371+00:00,1785283242,18705,531 WhiteRock/WillowBrook,15259222,9306,4,0
2026-07-29T00:00:47.757371+00:00,1785283242,18705,531 WhiteRock/WillowBrook,15259222,11125,5,0
2026-07-29T00:00:47.757371+00:00,1785283242,18705,531 WhiteRock/WillowBrook,15259222,9294,6,0
2026-07-29T00:00:47.757371+00:00,1785283242,18705,531 WhiteRock/WillowBrook,15259222,9293,7,0
2026-07-29T00:00:47.757371+00:00,1785283242,18705,531 WhiteRock/WillowBrook,15259222,11126,8,0
2026-07-29T00:00:47.757371+00:00,1785283242,18705,531 WhiteRock/WillowBrook,15259222,7094,9,0
2026-07-29T00:00:47.757371+00:00,1785283242,18705,531 WhiteRock/WillowBrook,15259222,7166,10,0
2026-07-29T00:00:47.757371+00:00,1785283242,18705,531 WhiteRock/WillowBrook,15259222,7092,11,0
2026-07-29T00:00:47.757371+00:00,1785283242,18705,531 WhiteRock/WillowBrook,15259222,10747,12,0
2026-07-29T00:00:47.757371+00:00,1785283242,18705,531 WhiteRock/WillowBrook,15259222,5364,13,0
2026-07-29T00:00:47.757371+00:00,1785283242,18705,531 WhiteRock/WillowBrook,15259222,11775,14,0
2026-07-29T00:00:47.757371+00:00,1785283242,18705,531 WhiteRock/WillowBrook,15259222,7171,15,0
2026-07-29T00:00:47.757371+00:00,1785283242,18705,531 WhiteRock/WillowBrook,15259222,7172,16,0
2026-07-29T00:00:47.757371+00:00,1785283242,18705,531 WhiteRock/WillowBrook,15259222,7173,17,0
2026-07-29T00:00:47.757371+00:00,1785283242,18705,531 WhiteRock/WillowBrook,15259222,7174,18,0
2026-07-29T00:00:47.757371+00:00,1785283242,18705,531 WhiteRock/WillowBrook,15259222,7175,19,0
2026-07-29T00:00:47.757371+00:00,1785283242,18705,531 WhiteRock/WillowBrook,15259222,7176,20,0
2026-07-29T00:00:47.757371+00:00,1785283242,18705,531 WhiteRock/WillowBrook,15259222,7177,21,0
2026-07-29T00:00:47.757371+00:00,1785283242,18705,531 WhiteRock/WillowBrook,15259222,8948,22,0
2026-07-29T00:00:47.757371+00:00,1785283242,18705,531 WhiteRock/WillowBrook,15259222,9031,23,0
2026-07-29T00:00:47.757371+00:00,1785283242,18705,531 WhiteRock/WillowBrook,15259222,12931,24,0
2026-07-29T00:00:47.757371+00:00,1785283242,18705,531 WhiteRock/WillowBrook,15259222,13041,25,0
2026-07-29T00:00:47.757371+00:00,1785283242,18705,531 WhiteRock/WillowBrook,15259222,12929,26,0
2026-07-29T00:00:47.757371+00:00,1785283242,18705,531 WhiteRock/WillowBrook,15259222,12927,27,0
2026-07-29T00:00:47.757371+00:00,1785283242,18705,531 WhiteRock/WillowBrook,15259222,12926,28,0
2026-07-29T00:00:47.757371+00:00,1785283242,18705,531 WhiteRock/WillowBrook,15259222,12924,29,0
2026-07-29T00:00:47.757371+00:00,1785283242,18705,531 WhiteRock/WillowBrook,15259222,11751,30,0
2026-07-29T00:00:47.757371+00:00,1785283242,18705,531 WhiteRock/WillowBrook,15259222,11750,31,0
2026-07-29T00:00:47.757371+00:00,1785283242,18705,531 WhiteRock/WillowBrook,15259222,11747,32,0
2026-07-29T00:00:47.757371+00:00,1785283242,18705,531 WhiteRock/WillowBrook,15259222,11745,33,0
2026-07-29T00:00:47.757371+00:00,1785283242,18705,531 WhiteRock/WillowBrook,15259222,13040,34,0
2026-07-29T00:00:47.757371+00:00,1785283242,18705,531 WhiteRock/WillowBrook,15259222,12598,35,0
2026-07-29T00:00:47.757371+00:00,1785283242,18705,531 WhiteRock/WillowBrook,15259222,11920,36,0
2026-07-29T00:00:47.757371+00:00,1785283242,18705,531 WhiteRock/WillowBrook,15259222,13130,37,0
2026-07-29T00:00:47.757371+00:00,1785283242,18705,531 WhiteRock/WillowBrook,15259222,11925,38,0
2026-07-29T00:00:47.757371+00:00,1785283242,18705,531 WhiteRock/WillowBrook,15259222,12219,39,0
2026-07-29T00:00:47.757371+00:00,1785283242,18705,531 WhiteRock/WillowBrook,15259222,11741,40,0
2026-07-29T00:00:47.757371+00:00,1785283242,18705,531 WhiteRock/WillowBrook,15259222,11740,41,0
2026-07-29T00:00:47.757371+00:00,1785283242,18705,531 WhiteRock/WillowBrook,15259222,11739,42,0
2026-07-29T00:00:47.757371+00:00,1785283242,18705,531 WhiteRock/WillowBrook,15259222,11737,43,0
2026-07-29T00:00:47.757371+00:00,1785283242,18705,531 WhiteRock/WillowBrook,15259222,11757,44,0
2026-07-29T00:00:47.757371+00:00,1785283242,18705,531 WhiteRock/WillowBrook,15259222,11735,45,0
2026-07-29T00:00:47.757371+00:00,1785283242,18705,531 WhiteRock/WillowBrook,15259222,11756,46,0
2026-07-29T00:00:47.757371+00:00,1785283242,18705,531 WhiteRock/WillowBrook,15259222,5535,47,0
2026-07-29T00:00:47.757371+00:00,1785283242,18705,531 WhiteRock/WillowBrook,15259222,5536,48,0
2026-07-29T00:00:47.757371+00:00,1785283242,18705,531 WhiteRock/WillowBrook,15259222,5537,49,0
2026-07-29T00:00:47.757371+00:00,1785283242,18705,531 WhiteRock/WillowBrook,15259222,5538,50,0
2026-07-29T00:00:47.757371+00:00,1785283242,18705,531 WhiteRock/WillowBrook,15259222,5539,51,0
2026-07-29T00:00:47.757371+00:00,1785283242,18705,531 WhiteRock/WillowBrook,15259222,5540,52,0
2026-07-29T00:05:35.823821+00:00,1785283527,6705,321 Surrey Central/WhiteRock,15247048,9930,59,201
2026-07-29T00:05:35.823821+00:00,1785283527,6705,321 Surrey Central/WhiteRock,15247048,9932,60,105
2026-07-29T00:05:35.823821+00:00,1785283527,6705,321 Surrey Central/WhiteRock,15247049,12155,55,148
2026-07-29T00:05:35.823821+00:00,1785283527,6705,321 Surrey Central/WhiteRock,15247049,11882,56,164
2026-07-29T00:05:35.823821+00:00,1785283527,6705,321 Surrey Central/WhiteRock,15247049,10442,57,246
2026-07-29T00:05:35.823821+00:00,1785283527,6705,321 Surrey Central/WhiteRock,15247049,9929,58,267
2026-07-29T00:05:35.823821+00:00,1785283527,6705,321 Surrey Central/WhiteRock,15247049,9930,59,211
2026-07-29T00:05:35.823821+00:00,1785283527,6705,321 Surrey Central/WhiteRock,15247049,9932,60,113
2026-07-29T00:05:35.823821+00:00,1785283527,6705,321 Surrey Central/WhiteRock,15247050,5474,48,2
2026-07-29T00:05:35.823821+00:00,1785283527,6705,321 Surrey Central/WhiteRock,15247050,5475,49,-46
2026-07-29T00:05:35.823821+00:00,1785283527,6705,321 Surrey Central/WhiteRock,15247050,5476,50,-77
2026-07-29T00:05:35.823821+00:00,1785283527,6705,321 Surrey Central/WhiteRock,15247050,5477,51,-100
2026-07-29T00:05:35.823821+00:00,1785283527,6705,321 Surrey Central/WhiteRock,15247050,11725,52,-125
2026-07-29T00:05:35.823821+00:00,1785283527,6705,321 Surrey Central/WhiteRock,15247050,5040,53,-107
2026-07-29T00:05:35.823821+00:00,1785283527,6705,321 Surrey Central/WhiteRock,15247050,5041,54,-101
2026-07-29T00:05:35.823821+00:00,1785283527,6705,321 Surrey Central/WhiteRock,15247050,12155,55,-89
2026-07-29T00:05:35.823821+00:00,1785283527,6705,321 Surrey Central/WhiteRock,15247050,11882,56,0
2026-07-29T00:05:35.823821+00:00,1785283527,6705,321 Surrey Central/WhiteRock,15247050,10442,57,81
2026-07-29T00:05:35.823821+00:00,1785283527,6705,321 Surrey Central/WhiteRock,15247050,9929,58,101
2026-07-29T00:05:35.823821+00:00,1785283527,6705,321 Surrey Central/WhiteRock,15247050,9930,59,44
2026-07-29T00:05:35.823821+00:00,1785283527,6705,321 Surrey Central/WhiteRock,15247050,9932,60,-54
2026-07-29T00:05:35.823821+00:00,1785283527,6705,321 Surrey Central/WhiteRock,15247051,5700,38,158
2026-07-29T00:05:35.823821+00:00,1785283527,6705,321 Surrey Central/WhiteRock,15247051,5465,39,98
2026-07-29T00:05:35.823821+00:00,1785283527,6705,321 Surrey Central/WhiteRock,15247051,5466,40,53
2026-07-29T00:05:35.823821+00:00,1785283527,6705,321 Surrey Central/WhiteRock,15247051,5467,41,71
2026-07-29T00:05:35.823821+00:00,1785283527,6705,321 Surrey Central/WhiteRock,15247051,5468,42,45
2026-07-29T00:05:35.823821+00:00,1785283527,6705,321 Surrey Central/WhiteRock,15247051,5469,43,13
2026-07-29T00:05:35.823821+00:00,1785283527,6705,321 Surrey Central/WhiteRock,15247051,5470,44,-13
2026-07-29T00:05:35.823821+00:00,1785283527,6705,321 Surrey Central/WhiteRock,15247051,5471,45,-48
2026-07-29T00:05:35.823821+00:00,1785283527,6705,321 Surrey Central/WhiteRock,15247051,5472,46,-75
2026-07-29T00:05:35.823821+00:00,1785283527,6705,321 Surrey Central/WhiteRock,15247051,5473,47,-126
2026-07-29T00:05:35.823821+00:00,1785283527,6705,321 Surrey Central/WhiteRock,15247051,5474,48,-132
2026-07-29T00:05:35.823821+00:00,1785283527,6705,321 Surrey Central/WhiteRock,15247051,5475,49,-181
2026-07-29T00:05:35.823821+00:00,1785283527,6705,321 Surrey Central/WhiteRock,15247051,5476,50,-207
2026-07-29T00:05:35.823821+00:00,1785283527,6705,321 Surrey Central/WhiteRock,15247051,5477,51,-229
2026-07-29T00:05:35.823821+00:00,1785283527,6705,321 Surrey Central/WhiteRock,15247051,11725,52,-255
2026-07-29T00:05:35.823821+00:00,1785283527,6705,321 Surrey Central/WhiteRock,15247051,5040,53,-238
2026-07-29T00:05:35.823821+00:00,1785283527,6705,321 Surrey Central/WhiteRock,15247051,5041,54,-232
2026-07-29T00:05:35.823821+00:00,1785283527,6705,321 Surrey Central/WhiteRock,15247051,12155,55,-220
2026-07-29T00:05:35.823821+00:00,1785283527,6705,321 Surrey Central/WhiteRock,15247051,11882,56,0
2026-07-29T00:05:35.823821+00:00,1785283527,6705,321 Surrey Central/WhiteRock,15247051,10442,57,93
2026-07-29T00:05:35.823821+00:00,1785283527,6705,321 Surrey Central/WhiteRock,15247051,9929,58,121
2026-07-29T00:05:35.823821+00:00,1785283527,6705,321 Surrey Central/WhiteRock,15247051,9930,59,71
2026-07-29T00:05:35.823821+00:00,1785283527,6705,321 Surrey Central/WhiteRock,15247051,9932,60,-15
2026-07-29T00:05:35.823821+00:00,1785283527,6705,321 Surrey Central/WhiteRock,15247053,6355,7,53
2026-07-29T00:05:35.823821+00:00,1785283527,6705,321 Surrey Central/WhiteRock,15247053,6356,8,45
2026-07-29T00:05:35.823821+00:00,1785283527,6705,321 Surrey Central/WhiteRock,15247053,6174,9,104
2026-07-29T00:05:35.823821+00:00,1785283527,6705,321 Surrey Central/WhiteRock,15247053,5437,10,125
2026-07-29T00:05:35.823821+00:00,1785283527,6705,321 Surrey Central/WhiteRock,15247053,5438,11,117
2026-07-29T00:05:35.823821+00:00,1785283527,6705,321 Surrey Central/WhiteRock,15247053,5439,12,136
2026-07-29T00:05:35.823821+00:00,1785283527,6705,321 Surrey Central/WhiteRock,15247053,5440,13,115
2026-07-29T00:05:35.823821+00:00,1785283527,6705,321 Surrey Central/WhiteRock,15247053,5441,14,122
2026-07-29T00:05:35.823821+00:00,1785283527,6705,321 Surrey Central/WhiteRock,15247053,5442,15,99
2026-07-29T00:05:35.823821+00:00,1785283527,6705,321 Surrey Central/WhiteRock,15247053,5444,16,107
2026-07-29T00:05:35.823821+00:00,1785283527,6705,321 Surrey Central/WhiteRock,15247053,9083,17,79
2026-07-29T00:05:35.823821+00:00,1785283527,6705,321 Surrey Central/WhiteRock,15247053,5446,18,86
2026-07-29T00:05:35.823821+00:00,1785283527,6705,321 Surrey Central/WhiteRock,15247053,10445,19,79
2026-07-29T00:05:35.823821+00:00,1785283527,6705,321 Surrey Central/WhiteRock,15247053,5447,20,44
2026-07-29T00:05:35.823821+00:00,1785283527,6705,321 Surrey Central/WhiteRock,15247053,5448,21,55
2026-07-29T00:05:35.823821+00:00,1785283527,6705,321 Surrey Central/WhiteRock,15247053,10437,22,51
2026-07-29T00:05:35.823821+00:00,1785283527,6705,321 Surrey Central/WhiteRock,15247053,5449,23,-5
2026-07-29T00:05:35.823821+00:00,1785283527,6705,321 Surrey Central/WhiteRock,15247053,11313,24,-47
2026-07-29T00:05:35.823821+00:00,1785283527,6705,321 Surrey Central/WhiteRock,15247053,10808,25,-196
2026-07-29T00:05:35.823821+00:00,1785283527,6705,321 Surrey Central/WhiteRock,15247053,5452,26,-266
2026-07-29T00:05:35.823821+00:00,1785283527,6705,321 Surrey Central/WhiteRock,15247053,11913,27,-285
2026-07-29T00:05:35.823821+00:00,1785283527,6705,321 Surrey Central/WhiteRock,15247053,5454,28,-299
2026-07-29T00:05:35.823821+00:00,1785283527,6705,321 Surrey Central/WhiteRock,15247053,5455,29,-302
2026-07-29T00:05:35.823821+00:00,1785283527,6705,321 Surrey Central/WhiteRock,15247053,5456,30,-194
2026-07-29T00:05:35.823821+00:00,1785283527,6705,321 Surrey Central/WhiteRock,15247053,12651,31,-223
2026-07-29T00:05:35.823821+00:00,1785283527,6705,321 Surrey Central/WhiteRock,15247053,5458,32,-224
2026-07-29T00:05:35.823821+00:00,1785283527,6705,321 Surrey Central/WhiteRock,15247053,5459,33,-216
2026-07-29T00:05:35.823821+00:00,1785283527,6705,321 Surrey Central/WhiteRock,15247053,5460,34,-223
2026-07-29T00:05:35.823821+00:00,1785283527,6705,321 Surrey Central/WhiteRock,15247053,5461,35,-232
2026-07-29T00:05:35.823821+00:00,1785283527,6705,321 Surrey Central/WhiteRock,15247053,5462,36,-239
2026-07-29T00:05:35.823821+00:00,1785283527,6705,321 Surrey Central/WhiteRock,15247053,5463,37,-176
2026-07-29T00:05:35.823821+00:00,1785283527,6705,321 Surrey Central/WhiteRock,15247053,5700,38,0
2026-07-29T00:05:35.823821+00:00,1785283527,6705,321 Surrey Central/WhiteRock,15247053,5465,39,-2
2026-07-29T00:05:35.823821+00:00,1785283527,6705,321 Surrey Central/WhiteRock,15247053,5466,40,-48
2026-07-29T00:05:35.823821+00:00,1785283527,6705,321 Surrey Central/WhiteRock,15247053,5467,41,-30
2026-07-29T00:05:35.823821+00:00,1785283527,6705,321 Surrey Central/WhiteRock,15247053,5468,42,-59
2026-07-29T00:05:35.823821+00:00,1785283527,6705,321 Surrey Central/WhiteRock,15247053,5469,43,-91
2026-07-29T00:05:35.823821+00:00,1785283527,6705,321 Surrey Central/WhiteRock,15247053,5470,44,-117
2026-07-29T00:05:35.823821+00:00,1785283527,6705,321 Surrey Central/WhiteRock,15247053,5471,45,-152
2026-07-29T00:05:35.823821+00:00,1785283527,6705,321 Surrey Central/WhiteRock,15247053,5472,46,-180
2026-07-29T00:05:35.823821+00:00,1785283527,6705,321 Surrey Central/WhiteRock,15247053,5473,47,-232
2026-07-29T00:05:35.823821+00:00,1785283527,6705,321 Surrey Central/WhiteRock,15247053,5474,48,-238
2026-07-29T00:05:35.823821+00:00,1785283527,6705,321 Surrey Central/WhiteRock,15247053,5475,49,-288
2026-07-29T00:05:35.823821+00:00,1785283527,6705,321 Surrey Central/WhiteRock,15247053,5476,50,-319
2026-07-29T00:05:35.823821+00:00,1785283527,6705,321 Surrey Central/WhiteRock,15247053,5477,51,-341
2026-07-29T00:05:35.823821+00:00,1785283527,6705,321 Surrey Central/WhiteRock,15247053,11725,52,-367
2026-07-29T00:05:35.823821+00:00,1785283527,6705,321 Surrey Central/WhiteRock,15247053,5040,53,-353
2026-07-29T00:05:35.823821+00:00,1785283527,6705,321 Surrey Central/WhiteRock,15247053,5041,54,-347
2026-07-29T00:05:35.823821+00:00,1785283527,6705,321 Surrey Central/WhiteRock,15247053,12155,55,-336
2026-07-29T00:05:35.823821+00:00,1785283527,6705,321 Surrey Central/WhiteRock,15247053,11882,56,0
2026-07-29T00:05:35.823821+00:00,1785283527,6705,321 Surrey Central/WhiteRock,15247053,10442,57,79
2026-07-29T00:05:35.823821+00:00,1785283527,6705,321 Surrey Central/WhiteRock,15247053,9929,58,90
2026-07-29T00:05:35.823821+00:00,1785283527,6705,321 Surrey Central/WhiteRock,15247053,9930,59,39
2026-07-29T00:05:35.823821+00:00,1785283527,6705,321 Surrey Central/WhiteRock,15247053,9932,60,-47
2026-07-29T00:05:35.823821+00:00,1785283527,6705,321 Surrey Central/WhiteRock,15247067,5452,26,-184
2026-07-29T00:05:35.823821+00:00,1785283527,6705,321 Surrey Central/WhiteRock,15247067,11913,27,-205
2026-07-29T00:05:35.823821+00:00,1785283527,6705,321 Surrey Central/WhiteRock,15247067,5454,28,-223
2026-07-29T00:05:35.823821+00:00,1785283527,6705,321 Surrey Central/WhiteRock,15247067,5455,29,-228
2026-07-29T00:05:35.823821+00:00,1785283527,6705,321 Surrey Central/WhiteRock,15247067,5456,30,-123
2026-07-29T00:05:35.823821+00:00,1785283527,6705,321 Surrey Central/WhiteRock,15247067,12651,31,-154
2026-07-29T00:05:35.823821+00:00,1785283527,6705,321 Surrey Central/WhiteRock,15247067,5458,32,-154
2026-07-29T00:05:35.823821+00:00,1785283527,6705,321 Surrey Central/WhiteRock,15247067,5459,33,-147
2026-07-29T00:05:35.823821+00:00,1785283527,6705,321 Surrey Central/WhiteRock,15247067,5460,34,-154
2026-07-29T00:05:35.823821+00:00,1785283527,6705,321 Surrey Central/WhiteRock,15247067,5461,35,-164
2026-07-29T00:05:35.823821+00:00,1785283527,6705,321 Surrey Central/WhiteRock,15247067,5462,36,-172
2026-07-29T00:05:35.823821+00:00,1785283527,6705,321 Surrey Central/WhiteRock,15247067,5463,37,-109
2026-07-29T00:05:35.823821+00:00,1785283527,6705,321 Surrey Central/WhiteRock,15247067,5700,38,6
2026-07-29T00:05:35.823821+00:00,1785283527,6705,321 Surrey Central/WhiteRock,15247067,5465,39,4
2026-07-29T00:05:35.823821+00:00,1785283527,6705,321 Surrey Central/WhiteRock,15247067,5466,40,-42
2026-07-29T00:05:35.823821+00:00,1785283527,6705,321 Surrey Central/WhiteRock,15247067,5467,41,-25
2026-07-29T00:05:35.823821+00:00,1785283527,6705,321 Surrey Central/WhiteRock,15247067,5468,42,-52
2026-07-29T00:05:35.823821+00:00,1785283527,6705,321 Surrey Central/WhiteRock,15247067,5469,43,-87
2026-07-29T00:05:35.823821+00:00,1785283527,6705,321 Surrey Central/WhiteRock,15247067,5470,44,-113
2026-07-29T00:05:35.823821+00:00,1785283527,6705,321 Surrey Central/WhiteRock,15247067,5471,45,-148
2026-07-29T00:05:35.823821+00:00,1785283527,6705,321 Surrey Central/WhiteRock,15247067,5472,46,-179
2026-07-29T00:05:35.823821+00:00,1785283527,6705,321 Surrey Central/WhiteRock,15247067,5473,47,-230
2026-07-29T00:05:35.823821+00:00,1785283527,6705,321 Surrey Central/WhiteRock,15247067,5474,48,-238
2026-07-29T00:05:35.823821+00:00,1785283527,6705,321 Surrey Central/WhiteRock,15247067,5475,49,-288
2026-07-29T00:05:35.823821+00:00,1785283527,6705,321 Surrey Central/WhiteRock,15247067,5476,50,-321
2026-07-29T00:05:35.823821+00:00,1785283527,6705,321 Surrey Central/WhiteRock,15247067,5477,51,-343
2026-07-29T00:05:35.823821+00:00,1785283527,6705,321 Surrey Central/WhiteRock,15247067,11725,52,-369
2026-07-29T00:05:35.823821+00:00,1785283527,6705,321 Surrey Central/WhiteRock,15247067,5040,53,-358
2026-07-29T00:05:35.823821+00:00,1785283527,6705,321 Surrey Central/WhiteRock,15247067,5041,54,-353
2026-07-29T00:05:35.823821+00:00,1785283527,6705,321 Surrey Central/WhiteRock,15247067,12155,55,-342
2026-07-29T00:05:35.823821+00:00,1785283527,6705,321 Surrey Central/WhiteRock,15247067,11882,56,0
2026-07-29T00:05:35.823821+00:00,1785283527,6705,321 Surrey Central/WhiteRock,15247067,10442,57,94
2026-07-29T00:05:35.823821+00:00,1785283527,6705,321 Surrey Central/WhiteRock,15247067,9929,58,123
2026-07-29T00:05:35.823821+00:00,1785283527,6705,321 Surrey Central/WhiteRock,15247067,9930,59,73
2026-07-29T00:05:35.823821+00:00,1785283527,6705,321 Surrey Central/WhiteRock,15247067,9932,60,-15
2026-07-29T00:05:35.823821+00:00,1785283527,6705,321 Surrey Central/WhiteRock,15247080,5459,33,-234
2026-07-29T00:05:35.823821+00:00,1785283527,6705,321 Surrey Central/WhiteRock,15247080,5460,34,-241
2026-07-29T00:05:35.823821+00:00,1785283527,6705,321 Surrey Central/WhiteRock,15247080,5461,35,-252
2026-07-29T00:05:35.823821+00:00,1785283527,6705,321 Surrey Central/WhiteRock,15247080,5462,36,-259
2026-07-29T00:05:35.823821+00:00,1785283527,6705,321 Surrey Central/WhiteRock,15247080,5463,37,-198
2026-07-29T00:05:35.823821+00:00,1785283527,6705,321 Surrey Central/WhiteRock,15247080,5700,38,0
2026-07-29T00:05:35.823821+00:00,1785283527,6705,321 Surrey Central/WhiteRock,15247080,5465,39,-2
2026-07-29T00:05:35.823821+00:00,1785283527,6705,321 Surrey Central/WhiteRock,15247080,5466,40,-47
2026-07-29T00:05:35.823821+00:00,1785283527,6705,321 Surrey Central/WhiteRock,15247080,5467,41,-29
2026-07-29T00:05:35.823821+00:00,1785283527,6705,321 Surrey Central/WhiteRock,15247080,5468,42,-55
2026-07-29T00:05:35.823821+00:00,1785283527,6705,321 Surrey Central/WhiteRock,15247080,5469,43,-93
2026-07-29T00:05:35.823821+00:00,1785283527,6705,321 Surrey Central/WhiteRock,15247080,5470,44,-119
2026-07-29T00:05:35.823821+00:00,1785283527,6705,321 Surrey Central/WhiteRock,15247080,5471,45,-154
2026-07-29T00:05:35.823821+00:00,1785283527,6705,321 Surrey Central/WhiteRock,15247080,5472,46,-182
2026-07-29T00:05:35.823821+00:00,1785283527,6705,321 Surrey Central/WhiteRock,15247080,5473,47,-233
2026-07-29T00:05:35.823821+00:00,1785283527,6705,321 Surrey Central/WhiteRock,15247080,5474,48,-239
2026-07-29T00:05:35.823821+00:00,1785283527,6705,321 Surrey Central/WhiteRock,15247080,5475,49,-288
2026-07-29T00:05:35.823821+00:00,1785283527,6705,321 Surrey Central/WhiteRock,15247080,5476,50,-321
2026-07-29T00:05:35.823821+00:00,1785283527,6705,321 Surrey Central/WhiteRock,15247080,5477,51,-343
2026-07-29T00:05:35.823821+00:00,1785283527,6705,321 Surrey Central/WhiteRock,15247080,11725,52,-369
2026-07-29T00:05:35.823821+00:00,1785283527,6705,321 Surrey Central/WhiteRock,15247080,5040,53,-352
2026-07-29T00:05:35.823821+00:00,1785283527,6705,321 Surrey Central/WhiteRock,15247080,5041,54,-347
2026-07-29T00:05:35.823821+00:00,1785283527,6705,321 Surrey Central/WhiteRock,15247080,12155,55,-336
2026-07-29T00:05:35.823821+00:00,1785283527,6705,321 Surrey Central/WhiteRock,15247080,11882,56,0
2026-07-29T00:05:35.823821+00:00,1785283527,6705,321 Surrey Central/WhiteRock,15247080,10442,57,93
2026-07-29T00:05:35.823821+00:00,1785283527,6705,321 Surrey Central/WhiteRock,15247080,9929,58,122
2026-07-29T00:05:35.823821+00:00,1785283527,6705,321 Surrey Central/WhiteRock,15247080,9930,59,72
2026-07-29T00:05:35.823821+00:00,1785283527,6705,321 Surrey Central/WhiteRock,15247080,9932,60,-15
2026-07-29T00:05:35.823821+00:00,1785283527,6705,321 Surrey Central/WhiteRock,15247159,5524,42,-15
2026-07-29T00:05:35.823821+00:00,1785283527,6705,321 Surrey Central/WhiteRock,15247159,5525,43,-45
2026-07-29T00:05:35.823821+00:00,1785283527,6705,321 Surrey Central/WhiteRock,15247159,10443,44,-71
2026-07-29T00:05:35.823821+00:00,1785283527,6705,321 Surrey Central/WhiteRock,15247159,5528,45,-69
2026-07-29T00:05:35.823821+00:00,1785283527,6705,321 Surrey Central/WhiteRock,15247159,5529,46,-91
2026-07-29T00:05:35.823821+00:00,1785283527,6705,321 Surrey Central/WhiteRock,15247159,5530,47,-108
2026-07-29T00:05:35.823821+00:00,1785283527,6705,321 Surrey Central/WhiteRock,15247159,5533,48,-116
2026-07-29T00:05:35.823821+00:00,1785283527,6705,321 Surrey Central/WhiteRock,15247159,5534,49,-137
2026-07-29T00:05:35.823821+00:00,1785283527,6705,321 Surrey Central/WhiteRock,15247159,5535,50,-121
2026-07-29T00:05:35.823821+00:00,1785283527,6705,321 Surrey Central/WhiteRock,15247159,5536,51,-145
2026-07-29T00:05:35.823821+00:00,1785283527,6705,321 Surrey Central/WhiteRock,15247159,5537,52,-141
2026-07-29T00:05:35.823821+00:00,1785283527,6705,321 Surrey Central/WhiteRock,15247159,5538,53,-148
2026-07-29T00:05:35.823821+00:00,1785283527,6705,321 Surrey Central/WhiteRock,15247159,5541,54,-116
2026-07-29T00:05:35.823821+00:00,1785283527,6705,321 Surrey Central/WhiteRock,15247159,5542,55,-105
2026-07-29T00:05:35.823821+00:00,1785283527,6705,321 Surrey Central/WhiteRock,15247159,6195,56,-81
2026-07-29T00:05:35.823821+00:00,1785283527,6705,321 Surrey Central/WhiteRock,15247160,5520,37,245
2026-07-29T00:05:35.823821+00:00,1785283527,6705,321 Surrey Central/WhiteRock,15247160,5521,38,28
2026-07-29T00:05:35.823821+00:00,1785283527,6705,321 Surrey Central/WhiteRock,15247160,5522,39,-114
2026-07-29T00:05:35.823821+00:00,1785283527,6705,321 Surrey Central/WhiteRock,15247160,5523,40,-152
2026-07-29T00:05:35.823821+00:00,1785283527,6705,321 Surrey Central/WhiteRock,15247160,6466,41,-175
2026-07-29T00:05:35.823821+00:00,1785283527,6705,321 Surrey Central/WhiteRock,15247160,5524,42,-142
2026-07-29T00:05:35.823821+00:00,1785283527,6705,321 Surrey Central/WhiteRock,15247160,5525,43,-173
2026-07-29T00:05:35.823821+00:00,1785283527,6705,321 Surrey Central/WhiteRock,15247160,10443,44,-199
2026-07-29T00:05:35.823821+00:00,1785283527,6705,321 Surrey Central/WhiteRock,15247160,5528,45,-201
2026-07-29T00:05:35.823821+00:00,1785283527,6705,321 Surrey Central/WhiteRock,15247160,5529,46,-225
2026-07-29T00:05:35.823821+00:00,1785283527,6705,321 Surrey Central/WhiteRock,15247160,5530,47,-242
2026-07-29T00:05:35.823821+00:00,1785283527,6705,321 Surrey Central/WhiteRock,15247160,5533,48,-250
2026-07-29T00:05:35.823821+00:00,1785283527,6705,321 Surrey Central/WhiteRock,15247160,5534,49,-271
2026-07-29T00:05:35.823821+00:00,1785283527,6705,321 Surrey Central/WhiteRock,15247160,5535,50,-244
2026-07-29T00:05:35.823821+00:00,1785283527,6705,321 Surrey Central/WhiteRock,15247160,5536,51,-267
2026-07-29T00:05:35.823821+00:00,1785283527,6705,321 Surrey Central/WhiteRock,15247160,5537,52,-265
2026-07-29T00:05:35.823821+00:00,1785283527,6705,321 Surrey Central/WhiteRock,15247160,5538,53,-272
2026-07-29T00:05:35.823821+00:00,1785283527,6705,321 Surrey Central/WhiteRock,15247160,5541,54,-243
2026-07-29T00:05:35.823821+00:00,1785283527,6705,321 Surrey Central/WhiteRock,15247160,5542,55,-233
2026-07-29T00:05:35.823821+00:00,1785283527,6705,321 Surrey Central/WhiteRock,15247160,6195,56,-208
2026-07-29T00:05:35.823821+00:00,1785283527,6705,321 Surrey Central/WhiteRock,15247161,5507,25,-281
2026-07-29T00:05:35.823821+00:00,1785283527,6705,321 Surrey Central/WhiteRock,15247161,5633,26,0
2026-07-29T00:05:35.823821+00:00,1785283527,6705,321 Surrey Central/WhiteRock,15247161,5510,27,25
2026-07-29T00:05:35.823821+00:00,1785283527,6705,321 Surrey Central/WhiteRock,15247161,5511,28,17
2026-07-29T00:05:35.823821+00:00,1785283527,6705,321 Surrey Central/WhiteRock,15247161,5512,29,12
2026-07-29T00:05:35.823821+00:00,1785283527,6705,321 Surrey Central/WhiteRock,15247161,5513,30,-1
2026-07-29T00:05:35.823821+00:00,1785283527,6705,321 Surrey Central/WhiteRock,15247161,5514,31,90
2026-07-29T00:05:35.823821+00:00,1785283527,6705,321 Surrey Central/WhiteRock,15247161,5515,32,82
2026-07-29T00:05:35.823821+00:00,1785283527,6705,321 Surrey Central/WhiteRock,15247161,5516,33,82
2026-07-29T00:05:35.823821+00:00,1785283527,6705,321 Surrey Central/WhiteRock,15247161,5517,34,79
2026-07-29T00:05:35.823821+00:00,1785283527,6705,321 Surrey Central/WhiteRock,15247161,5518,35,86
2026-07-29T00:05:35.823821+00:00,1785283527,6705,321 Surrey Central/WhiteRock,15247161,5519,36,62
2026-07-29T00:05:35.823821+00:00,1785283527,6705,321 Surrey Central/WhiteRock,15247161,5520,37,51
2026-07-29T00:05:35.823821+00:00,1785283527,6705,321 Surrey Central/WhiteRock,15247161,5521,38,-159
2026-07-29T00:05:35.823821+00:00,1785283527,6705,321 Surrey Central/WhiteRock,15247161,5522,39,-295
2026-07-29T00:05:35.823821+00:00,1785283527,6705,321 Surrey Central/WhiteRock,15247161,5523,40,-331
2026-07-29T00:05:35.823821+00:00,1785283527,6705,321 Surrey Central/WhiteRock,15247161,6466,41,-351
2026-07-29T00:05:35.823821+00:00,1785283527,6705,321 Surrey Central/WhiteRock,15247161,5524,42,-314
2026-07-29T00:05:35.823821+00:00,1785283527,6705,321 Surrey Central/WhiteRock,15247161,5525,43,-343
2026-07-29T00:05:35.823821+00:00,1785283527,6705,321 Surrey Central/WhiteRock,15247161,10443,44,-368
2026-07-29T00:05:35.823821+00:00,1785283527,6705,321 Surrey Central/WhiteRock,15247161,5528,45,-364
2026-07-29T00:05:35.823821+00:00,1785283527,6705,321 Surrey Central/WhiteRock,15247161,5529,46,-386
2026-07-29T00:05:35.823821+00:00,1785283527,6705,321 Surrey Central/WhiteRock,15247161,5530,47,-401
2026-07-29T00:05:35.823821+00:00,1785283527,6705,321 Surrey Central/WhiteRock,15247161,5533,48,-408
2026-07-29T00:05:35.823821+00:00,1785283527,6705,321 Surrey Central/WhiteRock,15247161,5534,49,-428
2026-07-29T00:05:35.823821+00:00,1785283527,6705,321 Surrey Central/WhiteRock,15247161,5535,50,-403
2026-07-29T00:05:35.823821+00:00,1785283527,6705,321 Surrey Central/WhiteRock,15247161,5536,51,-425
2026-07-29T00:05:35.823821+00:00,1785283527,6705,321 Surrey Central/WhiteRock,15247161,5537,52,-425
2026-07-29T00:05:35.823821+00:00,1785283527,6705,321 Surrey Central/WhiteRock,15247161,5538,53,-431
2026-07-29T00:05:35.823821+00:00,1785283527,6705,321 Surrey Central/WhiteRock,15247161,5541,54,-402
2026-07-29T00:05:35.823821+00:00,1785283527,6705,321 Surrey Central/WhiteRock,15247161,5542,55,-391
2026-07-29T00:05:35.823821+00:00,1785283527,6705,321 Surrey Central/WhiteRock,15247161,6195,56,-367
2026-07-29T00:05:35.823821+00:00,1785283527,6705,321 Surrey Central/WhiteRock,15247162,5049,12,152
2026-07-29T00:05:35.823821+00:00,1785283527,6705,321 Surrey Central/WhiteRock,15247162,5039,13,130
2026-07-29T00:05:35.823821+00:00,1785283527,6705,321 Surrey Central/WhiteRock,15247162,8351,14,105
2026-07-29T00:05:35.823821+00:00,1785283527,6705,321 Surrey Central/WhiteRock,15247162,5496,15,34
2026-07-29T00:05:35.823821+00:00,1785283527,6705,321 Surrey Central/WhiteRock,15247162,5497,16,-12
2026-07-29T00:05:35.823821+00:00,1785283527,6705,321 Surrey Central/WhiteRock,15247162,5498,17,-30
2026-07-29T00:05:35.823821+00:00,1785283527,6705,321 Surrey Central/WhiteRock,15247162,5499,18,-69
2026-07-29T00:05:35.823821+00:00,1785283527,6705,321 Surrey Central/WhiteRock,15247162,5500,19,-92
2026-07-29T00:05:35.823821+00:00,1785283527,6705,321 Surrey Central/WhiteRock,15247162,5501,20,-121
2026-07-29T00:05:35.823821+00:00,1785283527,6705,321 Surrey Central/WhiteRock,15247162,5502,21,-137
2026-07-29T00:05:35.823821+00:00,1785283527,6705,321 Surrey Central/WhiteRock,15247162,5503,22,-167
2026-07-29T00:05:35.823821+00:00,1785283527,6705,321 Surrey Central/WhiteRock,15247162,5504,23,-228
2026-07-29T00:05:35.823821+00:00,1785283527,6705,321 Surrey Central/WhiteRock,15247162,5505,24,-223
2026-07-29T00:05:35.823821+00:00,1785283527,6705,321 Surrey Central/WhiteRock,15247162,5507,25,-222
2026-07-29T00:05:35.823821+00:00,1785283527,6705,321 Surrey Central/WhiteRock,15247162,5633,26,0
2026-07-29T00:05:35.823821+00:00,1785283527,6705,321 Surrey Central/WhiteRock,15247162,5510,27,25
2026-07-29T00:05:35.823821+00:00,1785283527,6705,321 Surrey Central/WhiteRock,15247162,5511,28,17
2026-07-29T00:05:35.823821+00:00,1785283527,6705,321 Surrey Central/WhiteRock,15247162,5512,29,12
2026-07-29T00:05:35.823821+00:00,1785283527,6705,321 Surrey Central/WhiteRock,15247162,5513,30,-2
2026-07-29T00:05:35.823821+00:00,1785283527,6705,321 Surrey Central/WhiteRock,15247162,5514,31,89
2026-07-29T00:05:35.823821+00:00,1785283527,6705,321 Surrey Central/WhiteRock,15247162,5515,32,81
2026-07-29T00:05:35.823821+00:00,1785283527,6705,321 Surrey Central/WhiteRock,15247162,5516,33,99
2026-07-29T00:05:35.823821+00:00,1785283527,6705,321 Surrey Central/WhiteRock,15247162,5517,34,103
2026-07-29T00:05:35.823821+00:00,1785283527,6705,321 Surrey Central/WhiteRock,15247162,5518,35,109
2026-07-29T00:05:35.823821+00:00,1785283527,6705,321 Surrey Central/WhiteRock,15247162,5519,36,85
2026-07-29T00:05:35.823821+00:00,1785283527,6705,321 Surrey Central/WhiteRock,15247162,5520,37,74
2026-07-29T00:05:35.823821+00:00,1785283527,6705,321 Surrey Central/WhiteRock,15247162,5521,38,-136
2026-07-29T00:05:35.823821+00:00,1785283527,6705,321 Surrey Central/WhiteRock,15247162,5522,39,-273
2026-07-29T00:05:35.823821+00:00,1785283527,6705,321 Surrey Central/WhiteRock,15247162,5523,40,-309
2026-07-29T00:05:35.823821+00:00,1785283527,6705,321 Surrey Central/WhiteRock,15247162,6466,41,-328
2026-07-29T00:05:35.823821+00:00,1785283527,6705,321 Surrey Central/WhiteRock,15247162,5524,42,-292
2026-07-29T00:05:35.823821+00:00,1785283527,6705,321 Surrey Central/WhiteRock,15247162,5525,43,-320
2026-07-29T00:05:35.823821+00:00,1785283527,6705,321 Surrey Central/WhiteRock,15247162,10443,44,-347
2026-07-29T00:05:35.823821+00:00,1785283527,6705,321 Surrey Central/WhiteRock,15247162,5528,45,-344
2026-07-29T00:05:35.823821+00:00,1785283527,6705,321 Surrey Central/WhiteRock,15247162,5529,46,-369
2026-07-29T00:05:35.823821+00:00,1785283527,6705,321 Surrey Central/WhiteRock,15247162,5530,47,-384
2026-07-29T00:05:35.823821+00:00,1785283527,6705,321 Surrey Central/WhiteRock,15247162,5533,48,-392
2026-07-29T00:05:35.823821+00:00,1785283527,6705,321 Surrey Central/WhiteRock,15247162,5534,49,-412
2026-07-29T00:05:35.823821+00:00,1785283527,6705,321 Surrey Central/WhiteRock,15247162,5535,50,-382
2026-07-29T00:05:35.823821+00:00,1785283527,6705,321 Surrey Central/WhiteRock,15247162,5536,51,-407
2026-07-29T00:05:35.823821+00:00,1785283527,6705,321 Surrey Central/WhiteRock,15247162,5537,52,-409
2026-07-29T00:05:35.823821+00:00,1785283527,6705,321 Surrey Central/WhiteRock,15247162,5538,53,-415
2026-07-29T00:05:35.823821+00:00,1785283527,6705,321 Surrey Central/WhiteRock,15247162,5541,54,-389
2026-07-29T00:05:35.823821+00:00,1785283527,6705,321 Surrey Central/WhiteRock,15247162,5542,55,-378
2026-07-29T00:05:35.823821+00:00,1785283527,6705,321 Surrey Central/WhiteRock,15247162,6195,56,-352
2026-07-29T00:05:35.823821+00:00,1785283527,6705,321 Surrey Central/WhiteRock,15247163,10880,7,0
2026-07-29T00:05:35.823821+00:00,1785283527,6705,321 Surrey Central/WhiteRock,15247163,5046,8,45
2026-07-29T00:05:35.823821+00:00,1785283527,6705,321 Surrey Central/WhiteRock,15247163,5047,9,49
2026-07-29T00:05:35.823821+00:00,1785283527,6705,321 Surrey Central/WhiteRock,15247163,8566,10,14
2026-07-29T00:05:35.823821+00:00,1785283527,6705,321 Surrey Central/WhiteRock,15247163,12916,11,36
2026-07-29T00:05:35.823821+00:00,1785283527,6705,321 Surrey Central/WhiteRock,15247163,5049,12,28
2026-07-29T00:05:35.823821+00:00,1785283527,6705,321 Surrey Central/WhiteRock,15247163,5039,13,8
2026-07-29T00:05:35.823821+00:00,1785283527,6705,321 Surrey Central/WhiteRock,15247163,8351,14,-15
2026-07-29T00:05:35.823821+00:00,1785283527,6705,321 Surrey Central/WhiteRock,15247163,5496,15,-81
2026-07-29T00:05:35.823821+00:00,1785283527,6705,321 Surrey Central/WhiteRock,15247163,5497,16,-124
2026-07-29T00:05:35.823821+00:00,1785283527,6705,321 Surrey Central/WhiteRock,15247163,5498,17,-139
2026-07-29T00:05:35.823821+00:00,1785283527,6705,321 Surrey Central/WhiteRock,15247163,5499,18,-176
2026-07-29T00:05:35.823821+00:00,1785283527,6705,321 Surrey Central/WhiteRock,15247163,5500,19,-195
2026-07-29T00:05:35.823821+00:00,1785283527,6705,321 Surrey Central/WhiteRock,15247163,5501,20,-222
2026-07-29T00:05:35.823821+00:00,1785283527,6705,321 Surrey Central/WhiteRock,15247163,5502,21,-238
2026-07-29T00:05:35.823821+00:00,1785283527,6705,321 Surrey Central/WhiteRock,15247163,5503,22,-258
2026-07-29T00:05:35.823821+00:00,1785283527,6705,321 Surrey Central/WhiteRock,15247163,5504,23,-319
2026-07-29T00:05:35.823821+00:00,1785283527,6705,321 Surrey Central/WhiteRock,15247163,5505,24,-312
2026-07-29T00:05:35.823821+00:00,1785283527,6705,321 Surrey Central/WhiteRock,15247163,5507,25,-305
2026-07-29T00:05:35.823821+00:00,1785283527,6705,321 Surrey Central/WhiteRock,15247163,5633,26,0
2026-07-29T00:05:35.823821+00:00,1785283527,6705,321 Surrey Central/WhiteRock,15247163,5510,27,28
2026-07-29T00:05:35.823821+00:00,1785283527,6705,321 Surrey Central/WhiteRock,15247163,5511,28,21
2026-07-29T00:05:35.823821+00:00,1785283527,6705,321 Surrey Central/WhiteRock,15247163,5512,29,17
2026-07-29T00:05:35.823821+00:00,1785283527,6705,321 Surrey Central/WhiteRock,15247163,5513,30,6
2026-07-29T00:05:35.823821+00:00,1785283527,6705,321 Surrey Central/WhiteRock,15247163,5514,31,99
2026-07-29T00:05:35.823821+00:00,1785283527,6705,321 Surrey Central/WhiteRock,15247163,5515,32,93
2026-07-29T00:05:35.823821+00:00,1785283527,6705,321 Surrey Central/WhiteRock,15247163,5516,33,98
2026-07-29T00:05:35.823821+00:00,1785283527,6705,321 Surrey Central/WhiteRock,15247163,5517,34,102
2026-07-29T00:05:35.823821+00:00,1785283527,6705,321 Surrey Central/WhiteRock,15247163,5518,35,110
2026-07-29T00:05:35.823821+00:00,1785283527,6705,321 Surrey Central/WhiteRock,15247163,5519,36,88
2026-07-29T00:05:35.823821+00:00,1785283527,6705,321 Surrey Central/WhiteRock,15247163,5520,37,78
2026-07-29T00:05:35.823821+00:00,1785283527,6705,321 Surrey Central/WhiteRock,15247163,5521,38,-123
2026-07-29T00:05:35.823821+00:00,1785283527,6705,321 Surrey Central/WhiteRock,15247163,5522,39,-256
2026-07-29T00:05:35.823821+00:00,1785283527,6705,321 Surrey Central/WhiteRock,15247163,5523,40,-291
2026-07-29T00:05:35.823821+00:00,1785283527,6705,321 Surrey Central/WhiteRock,15247163,6466,41,-307
2026-07-29T00:05:35.823821+00:00,1785283527,6705,321 Surrey Central/WhiteRock,15247163,5524,42,-267
2026-07-29T00:05:35.823821+00:00,1785283527,6705,321 Surrey Central/WhiteRock,15247163,5525,43,-294
2026-07-29T00:05:35.823821+00:00,1785283527,6705,321 Surrey Central/WhiteRock,15247163,10443,44,-319
2026-07-29T00:05:35.823821+00:00,1785283527,6705,321 Surrey Central/WhiteRock,15247163,5528,45,-321
2026-07-29T00:05:35.823821+00:00,1785283527,6705,321 Surrey Central/WhiteRock,15247163,5529,46,-342
2026-07-29T00:05:35.823821+00:00,1785283527,6705,321 Surrey Central/WhiteRock,15247163,5530,47,-358
2026-07-29T00:05:35.823821+00:00,1785283527,6705,321 Surrey Central/WhiteRock,15247163,5533,48,-366
2026-07-29T00:05:35.823821+00:00,1785283527,6705,321 Surrey Central/WhiteRock,15247163,5534,49,-386
2026-07-29T00:05:35.823821+00:00,1785283527,6705,321 Surrey Central/WhiteRock,15247163,5535,50,-377
2026-07-29T00:05:35.823821+00:00,1785283527,6705,321 Surrey Central/WhiteRock,15247163,5536,51,-397
2026-07-29T00:05:35.823821+00:00,1785283527,6705,321 Surrey Central/WhiteRock,15247163,5537,52,-399
2026-07-29T00:05:35.823821+00:00,1785283527,6705,321 Surrey Central/WhiteRock,15247163,5538,53,-405
2026-07-29T00:05:35.823821+00:00,1785283527,6705,321 Surrey Central/WhiteRock,15247163,5541,54,-386
2026-07-29T00:05:35.823821+00:00,1785283527,6705,321 Surrey Central/WhiteRock,15247163,5542,55,-375
2026-07-29T00:05:35.823821+00:00,1785283527,6705,321 Surrey Central/WhiteRock,15247163,6195,56,-346
2026-07-29T00:05:35.823821+00:00,1785283527,6705,321 Surrey Central/WhiteRock,15247164,10716,2,-464
2026-07-29T00:05:35.823821+00:00,1785283527,6705,321 Surrey Central/WhiteRock,15247164,9923,3,-460
2026-07-29T00:05:35.823821+00:00,1785283527,6705,321 Surrey Central/WhiteRock,15247164,9924,4,-566
2026-07-29T00:05:35.823821+00:00,1785283527,6705,321 Surrey Central/WhiteRock,15247164,9926,5,-607
2026-07-29T00:05:35.823821+00:00,1785283527,6705,321 Surrey Central/WhiteRock,15247164,9927,6,-633
2026-07-29T00:05:35.823821+00:00,1785283527,6705,321 Surrey Central/WhiteRock,15247164,10880,7,0
2026-07-29T00:05:35.823821+00:00,1785283527,6705,321 Surrey Central/WhiteRock,15247164,5046,8,45
2026-07-29T00:05:35.823821+00:00,1785283527,6705,321 Surrey Central/WhiteRock,15247164,5047,9,47
2026-07-29T00:05:35.823821+00:00,1785283527,6705,321 Surrey Central/WhiteRock,15247164,8566,10,12
2026-07-29T00:05:35.823821+00:00,1785283527,6705,321 Surrey Central/WhiteRock,15247164,12916,11,34
2026-07-29T00:05:35.823821+00:00,1785283527,6705,321 Surrey Central/WhiteRock,15247164,5049,12,26
2026-07-29T00:05:35.823821+00:00,1785283527,6705,321 Surrey Central/WhiteRock,15247164,5039,13,9
2026-07-29T00:05:35.823821+00:00,1785283527,6705,321 Surrey Central/WhiteRock,15247164,8351,14,-14
2026-07-29T00:05:35.823821+00:00,1785283527,6705,321 Surrey Central/WhiteRock,15247164,5496,15,-83
2026-07-29T00:05:35.823821+00:00,1785283527,6705,321 Surrey Central/WhiteRock,15247164,5497,16,-126
2026-07-29T00:05:35.823821+00:00,1785283527,6705,321 Surrey Central/WhiteRock,15247164,5498,17,-142
2026-07-29T00:05:35.823821+00:00,1785283527,6705,321 Surrey Central/WhiteRock,15247164,5499,18,-179
2026-07-29T00:05:35.823821+00:00,1785283527,6705,321 Surrey Central/WhiteRock,15247164,5500,19,-205
2026-07-29T00:05:35.823821+00:00,1785283527,6705,321 Surrey Central/WhiteRock,15247164,5501,20,-232
2026-07-29T00:05:35.823821+00:00,1785283527,6705,321 Surrey Central/WhiteRock,15247164,5502,21,-247
2026-07-29T00:05:35.823821+00:00,1785283527,6705,321 Surrey Central/WhiteRock,15247164,5503,22,-266
2026-07-29T00:05:35.823821+00:00,1785283527,6705,321 Surrey Central/WhiteRock,15247164,5504,23,-324
2026-07-29T00:05:35.823821+00:00,1785283527,6705,321 Surrey Central/WhiteRock,15247164,5505,24,-317
2026-07-29T00:05:35.823821+00:00,1785283527,6705,321 Surrey Central/WhiteRock,15247164,5507,25,-313
2026-07-29T00:05:35.823821+00:00,1785283527,6705,321 Surrey Central/WhiteRock,15247164,5633,26,0
2026-07-29T00:05:35.823821+00:00,1785283527,6705,321 Surrey Central/WhiteRock,15247164,5510,27,41
2026-07-29T00:05:35.823821+00:00,1785283527,6705,321 Surrey Central/WhiteRock,15247164,5511,28,34
2026-07-29T00:05:35.823821+00:00,1785283527,6705,321 Surrey Central/WhiteRock,15247164,5512,29,31
2026-07-29T00:05:35.823821+00:00,1785283527,6705,321 Surrey Central/WhiteRock,15247164,5513,30,19
2026-07-29T00:05:35.823821+00:00,1785283527,6705,321 Surrey Central/WhiteRock,15247164,5514,31,112
2026-07-29T00:05:35.823821+00:00,1785283527,6705,321 Surrey Central/WhiteRock,15247164,5515,32,105
2026-07-29T00:05:35.823821+00:00,1785283527,6705,321 Surrey Central/WhiteRock,15247164,5516,33,127
2026-07-29T00:05:35.823821+00:00,1785283527,6705,321 Surrey Central/WhiteRock,15247164,5517,34,135
2026-07-29T00:05:35.823821+00:00,1785283527,6705,321 Surrey Central/WhiteRock,15247164,5518,35,142
2026-07-29T00:05:35.823821+00:00,1785283527,6705,321 Surrey Central/WhiteRock,15247164,5519,36,120
2026-07-29T00:05:35.823821+00:00,1785283527,6705,321 Surrey Central/WhiteRock,15247164,5520,37,124
2026-07-29T00:05:35.823821+00:00,1785283527,6705,321 Surrey Central/WhiteRock,15247164,5521,38,-79
2026-07-29T00:05:35.823821+00:00,1785283527,6705,321 Surrey Central/WhiteRock,15247164,5522,39,-212
2026-07-29T00:05:35.823821+00:00,1785283527,6705,321 Surrey Central/WhiteRock,15247164,5523,40,-248
2026-07-29T00:05:35.823821+00:00,1785283527,6705,321 Surrey Central/WhiteRock,15247164,6466,41,-260
2026-07-29T00:05:35.823821+00:00,1785283527,6705,321 Surrey Central/WhiteRock,15247164,5524,42,-229
2026-07-29T00:05:35.823821+00:00,1785283527,6705,321 Surrey Central/WhiteRock,15247164,5525,43,-253
2026-07-29T00:05:35.823821+00:00,1785283527,6705,321 Surrey Central/WhiteRock,15247164,10443,44,-270
2026-07-29T00:05:35.823821+00:00,1785283527,6705,321 Surrey Central/WhiteRock,15247164,5528,45,-273
2026-07-29T00:05:35.823821+00:00,1785283527,6705,321 Surrey Central/WhiteRock,15247164,5529,46,-297
2026-07-29T00:05:35.823821+00:00,1785283527,6705,321 Surrey Central/WhiteRock,15247164,5530,47,-313
2026-07-29T00:05:35.823821+00:00,1785283527,6705,321 Surrey Central/WhiteRock,15247164,5533,48,-309
2026-07-29T00:05:35.823821+00:00,1785283527,6705,321 Surrey Central/WhiteRock,15247164,5534,49,-327
2026-07-29T00:05:35.823821+00:00,1785283527,6705,321 Surrey Central/WhiteRock,15247164,5535,50,-315
2026-07-29T00:05:35.823821+00:00,1785283527,6705,321 Surrey Central/WhiteRock,15247164,5536,51,-337
2026-07-29T00:05:35.823821+00:00,1785283527,6705,321 Surrey Central/WhiteRock,15247164,5537,52,-333
2026-07-29T00:05:35.823821+00:00,1785283527,6705,321 Surrey Central/WhiteRock,15247164,5538,53,-339
2026-07-29T00:05:35.823821+00:00,1785283527,6705,321 Surrey Central/WhiteRock,15247164,5541,54,-319
2026-07-29T00:05:35.823821+00:00,1785283527,6705,321 Surrey Central/WhiteRock,15247164,5542,55,-310
2026-07-29T00:05:35.823821+00:00,1785283527,6705,321 Surrey Central/WhiteRock,15247164,6195,56,-278
2026-07-29T00:05:35.823821+00:00,1785283527,6705,321 Surrey Central/WhiteRock,15247177,5507,25,91
2026-07-29T00:05:35.823821+00:00,1785283527,6705,321 Surrey Central/WhiteRock,15247177,5633,26,124
2026-07-29T00:05:35.823821+00:00,1785283527,6705,321 Surrey Central/WhiteRock,15247177,5510,27,149
2026-07-29T00:05:35.823821+00:00,1785283527,6705,321 Surrey Central/WhiteRock,15247177,5511,28,141
2026-07-29T00:05:35.823821+00:00,1785283527,6705,321 Surrey Central/WhiteRock,15247177,5512,29,137
2026-07-29T00:05:35.823821+00:00,1785283527,6705,321 Surrey Central/WhiteRock,15247177,5513,30,124
2026-07-29T00:05:35.823821+00:00,1785283527,6705,321 Surrey Central/WhiteRock,15247177,5514,31,215
2026-07-29T00:05:35.823821+00:00,1785283527,6705,321 Surrey Central/WhiteRock,15247177,5515,32,207
2026-07-29T00:05:35.823821+00:00,1785283527,6705,321 Surrey Central/WhiteRock,15247177,5516,33,199
2026-07-29T00:05:35.823821+00:00,1785283527,6705,321 Surrey Central/WhiteRock,15247177,5517,34,196
2026-07-29T00:05:35.823821+00:00,1785283527,6705,321 Surrey Central/WhiteRock,15247177,5518,35,203
2026-07-29T00:05:35.823821+00:00,1785283527,6705,321 Surrey Central/WhiteRock,15247177,5519,36,179
2026-07-29T00:05:35.823821+00:00,1785283527,6705,321 Surrey Central/WhiteRock,15247177,5520,37,168
2026-07-29T00:05:35.823821+00:00,1785283527,6705,321 Surrey Central/WhiteRock,15247177,5521,38,-42
2026-07-29T00:05:35.823821+00:00,1785283527,6705,321 Surrey Central/WhiteRock,15247177,5522,39,-178
2026-07-29T00:05:35.823821+00:00,1785283527,6705,321 Surrey Central/WhiteRock,15247177,5523,40,-214
2026-07-29T00:05:35.823821+00:00,1785283527,6705,321 Surrey Central/WhiteRock,15247177,6466,41,-234
2026-07-29T00:05:35.823821+00:00,1785283527,6705,321 Surrey Central/WhiteRock,15247177,5524,42,-197
2026-07-29T00:05:35.823821+00:00,1785283527,6705,321 Surrey Central/WhiteRock,15247177,5525,43,-226
2026-07-29T00:05:35.823821+00:00,1785283527,6705,321 Surrey Central/WhiteRock,15247177,10443,44,-251
2026-07-29T00:05:35.823821+00:00,1785283527,6705,321 Surrey Central/WhiteRock,15247177,5528,45,-249
2026-07-29T00:05:35.823821+00:00,1785283527,6705,321 Surrey Central/WhiteRock,15247177,5529,46,-272
2026-07-29T00:05:35.823821+00:00,1785283527,6705,321 Surrey Central/WhiteRock,15247177,5530,47,-287
2026-07-29T00:05:35.823821+00:00,1785283527,6705,321 Surrey Central/WhiteRock,15247177,5533,48,-293
2026-07-29T00:05:35.823821+00:00,1785283527,6705,321 Surrey Central/WhiteRock,15247177,5534,49,-313
2026-07-29T00:05:35.823821+00:00,1785283527,6705,321 Surrey Central/WhiteRock,15247177,5535,50,-301
2026-07-29T00:05:35.823821+00:00,1785283527,6705,321 Surrey Central/WhiteRock,15247177,5536,51,-322
2026-07-29T00:05:35.823821+00:00,1785283527,6705,321 Surrey Central/WhiteRock,15247177,5537,52,-321
2026-07-29T00:05:35.823821+00:00,1785283527,6705,321 Surrey Central/WhiteRock,15247177,5538,53,-327
2026-07-29T00:05:35.823821+00:00,1785283527,6705,321 Surrey Central/WhiteRock,15247177,5541,54,-298
2026-07-29T00:05:35.823821+00:00,1785283527,6705,321 Surrey Central/WhiteRock,15247177,5542,55,-286
2026-07-29T00:05:35.823821+00:00,1785283527,6705,321 Surrey Central/WhiteRock,15247177,6195,56,-260
2026-07-29T00:05:35.823821+00:00,1785283527,6705,321 Surrey Central/WhiteRock,15247186,5528,45,324
2026-07-29T00:05:35.823821+00:00,1785283527,6705,321 Surrey Central/WhiteRock,15247186,5529,46,299
2026-07-29T00:05:35.823821+00:00,1785283527,6705,321 Surrey Central/WhiteRock,15247186,5530,47,282
2026-07-29T00:05:35.823821+00:00,1785283527,6705,321 Surrey Central/WhiteRock,15247186,5533,48,282
2026-07-29T00:05:35.823821+00:00,1785283527,6705,321 Surrey Central/WhiteRock,15247186,5534,49,262
2026-07-29T00:05:35.823821+00:00,1785283527,6705,321 Surrey Central/WhiteRock,15247186,5535,50,287
2026-07-29T00:05:35.823821+00:00,1785283527,6705,321 Surrey Central/WhiteRock,15247186,5536,51,263
2026-07-29T00:05:35.823821+00:00,1785283527,6705,321 Surrey Central/WhiteRock,15247186,5537,52,271
2026-07-29T00:05:35.823821+00:00,1785283527,6705,321 Surrey Central/WhiteRock,15247186,5538,53,264
2026-07-29T00:05:35.823821+00:00,1785283527,6705,321 Surrey Central/WhiteRock,15247186,5541,54,295
2026-07-29T00:05:35.823821+00:00,1785283527,6705,321 Surrey Central/WhiteRock,15247186,5542,55,306
2026-07-29T00:05:35.823821+00:00,1785283527,6705,321 Surrey Central/WhiteRock,15247186,6195,56,336
2026-07-29T00:05:35.823821+00:00,1785283527,6705,321 Surrey Central/WhiteRock,15247187,5046,8,97
2026-07-29T00:05:35.823821+00:00,1785283527,6705,321 Surrey Central/WhiteRock,15247187,5047,9,101
2026-07-29T00:05:35.823821+00:00,1785283527,6705,321 Surrey Central/WhiteRock,15247187,8566,10,67
2026-07-29T00:05:35.823821+00:00,1785283527,6705,321 Surrey Central/WhiteRock,15247187,12916,11,89
2026-07-29T00:05:35.823821+00:00,1785283527,6705,321 Surrey Central/WhiteRock,15247187,5049,12,81
2026-07-29T00:05:35.823821+00:00,1785283527,6705,321 Surrey Central/WhiteRock,15247187,5039,13,66
2026-07-29T00:05:35.823821+00:00,1785283527,6705,321 Surrey Central/WhiteRock,15247187,8351,14,43
2026-07-29T00:05:35.823821+00:00,1785283527,6705,321 Surrey Central/WhiteRock,15247187,5496,15,-26
2026-07-29T00:05:35.823821+00:00,1785283527,6705,321 Surrey Central/WhiteRock,15247187,5497,16,-69
2026-07-29T00:05:35.823821+00:00,1785283527,6705,321 Surrey Central/WhiteRock,15247187,5498,17,-85
2026-07-29T00:05:35.823821+00:00,1785283527,6705,321 Surrey Central/WhiteRock,15247187,5499,18,-122
2026-07-29T00:05:35.823821+00:00,1785283527,6705,321 Surrey Central/WhiteRock,15247187,5500,19,-148
2026-07-29T00:05:35.823821+00:00,1785283527,6705,321 Surrey Central/WhiteRock,15247187,5501,20,-175
2026-07-29T00:05:35.823821+00:00,1785283527,6705,321 Surrey Central/WhiteRock,15247187,5502,21,-191
2026-07-29T00:05:35.823821+00:00,1785283527,6705,321 Surrey Central/WhiteRock,15247187,5503,22,-227
2026-07-29T00:05:35.823821+00:00,1785283527,6705,321 Surrey Central/WhiteRock,15247187,5504,23,-285
2026-07-29T00:05:35.823821+00:00,1785283527,6705,321 Surrey Central/WhiteRock,15247187,5505,24,-278
2026-07-29T00:05:35.823821+00:00,1785283527,6705,321 Surrey Central/WhiteRock,15247187,5507,25,-276
2026-07-29T00:05:35.823821+00:00,1785283527,6705,321 Surrey Central/WhiteRock,15247187,5633,26,0
2026-07-29T00:05:35.823821+00:00,1785283527,6705,321 Surrey Central/WhiteRock,15247187,5510,27,43
2026-07-29T00:05:35.823821+00:00,1785283527,6705,321 Surrey Central/WhiteRock,15247187,5511,28,36
2026-07-29T00:05:35.823821+00:00,1785283527,6705,321 Surrey Central/WhiteRock,15247187,5512,29,32
2026-07-29T00:05:35.823821+00:00,1785283527,6705,321 Surrey Central/WhiteRock,15247187,5513,30,21
2026-07-29T00:05:35.823821+00:00,1785283527,6705,321 Surrey Central/WhiteRock,15247187,5514,31,114
2026-07-29T00:05:35.823821+00:00,1785283527,6705,321 Surrey Central/WhiteRock,15247187,5515,32,108
2026-07-29T00:05:35.823821+00:00,1785283527,6705,321 Surrey Central/WhiteRock,15247187,5516,33,107
2026-07-29T00:05:35.823821+00:00,1785283527,6705,321 Surrey Central/WhiteRock,15247187,5517,34,111
2026-07-29T00:05:35.823821+00:00,1785283527,6705,321 Surrey Central/WhiteRock,15247187,5518,35,118
2026-07-29T00:05:35.823821+00:00,1785283527,6705,321 Surrey Central/WhiteRock,15247187,5519,36,96
2026-07-29T00:05:35.823821+00:00,1785283527,6705,321 Surrey Central/WhiteRock,15247187,5520,37,86
2026-07-29T00:05:35.823821+00:00,1785283527,6705,321 Surrey Central/WhiteRock,15247187,5521,38,-115
2026-07-29T00:05:35.823821+00:00,1785283527,6705,321 Surrey Central/WhiteRock,15247187,5522,39,-248
2026-07-29T00:05:35.823821+00:00,1785283527,6705,321 Surrey Central/WhiteRock,15247187,5523,40,-283
2026-07-29T00:05:35.823821+00:00,1785283527,6705,321 Surrey Central/WhiteRock,15247187,6466,41,-292
2026-07-29T00:05:35.823821+00:00,1785283527,6705,321 Surrey Central/WhiteRock,15247187,5524,42,-253
2026-07-29T00:05:35.823821+00:00,1785283527,6705,321 Surrey Central/WhiteRock,15247187,5525,43,-276
2026-07-29T00:05:35.823821+00:00,1785283527,6705,321 Surrey Central/WhiteRock,15247187,10443,44,-295
2026-07-29T00:05:35.823821+00:00,1785283527,6705,321 Surrey Central/WhiteRock,15247187,5528,45,-293
2026-07-29T00:05:35.823821+00:00,1785283527,6705,321 Surrey Central/WhiteRock,15247187,5529,46,-315
2026-07-29T00:05:35.823821+00:00,1785283527,6705,321 Surrey Central/WhiteRock,15247187,5530,47,-330
2026-07-29T00:05:35.823821+00:00,1785283527,6705,321 Surrey Central/WhiteRock,15247187,5533,48,-327
2026-07-29T00:05:35.823821+00:00,1785283527,6705,321 Surrey Central/WhiteRock,15247187,5534,49,-344
2026-07-29T00:05:35.823821+00:00,1785283527,6705,321 Surrey Central/WhiteRock,15247187,5535,50,-324
2026-07-29T00:05:35.823821+00:00,1785283527,6705,321 Surrey Central/WhiteRock,15247187,5536,51,-348
2026-07-29T00:05:35.823821+00:00,1785283527,6705,321 Surrey Central/WhiteRock,15247187,5537,52,-343
2026-07-29T00:05:35.823821+00:00,1785283527,6705,321 Surrey Central/WhiteRock,15247187,5538,53,-348
2026-07-29T00:05:35.823821+00:00,1785283527,6705,321 Surrey Central/WhiteRock,15247187,5541,54,-324
2026-07-29T00:05:35.823821+00:00,1785283527,6705,321 Surrey Central/WhiteRock,15247187,5542,55,-313
2026-07-29T00:05:35.823821+00:00,1785283527,6705,321 Surrey Central/WhiteRock,15247187,6195,56,-278
2026-07-29T00:05:35.823821+00:00,1785283527,6705,321 Surrey Central/WhiteRock,15247232,5511,28,376
2026-07-29T00:05:35.823821+00:00,1785283527,6705,321 Surrey Central/WhiteRock,15247232,5512,29,372
2026-07-29T00:05:35.823821+00:00,1785283527,6705,321 Surrey Central/WhiteRock,15247232,5513,30,357
2026-07-29T00:05:35.823821+00:00,1785283527,6705,321 Surrey Central/WhiteRock,15247232,5514,31,446
2026-07-29T00:05:35.823821+00:00,1785283527,6705,321 Surrey Central/WhiteRock,15247232,5515,32,437
2026-07-29T00:05:35.823821+00:00,1785283527,6705,321 Surrey Central/WhiteRock,15247232,5516,33,424
2026-07-29T00:05:35.823821+00:00,1785283527,6705,321 Surrey Central/WhiteRock,15247232,5517,34,418
2026-07-29T00:05:35.823821+00:00,1785283527,6705,321 Surrey Central/WhiteRock,15247232,5518,35,421
2026-07-29T00:05:35.823821+00:00,1785283527,6705,321 Surrey Central/WhiteRock,15247232,5519,36,395
2026-07-29T00:05:35.823821+00:00,1785283527,6705,321 Surrey Central/WhiteRock,15247232,5520,37,382
2026-07-29T00:05:35.823821+00:00,1785283527,6705,321 Surrey Central/WhiteRock,15247232,5521,38,166
2026-07-29T00:05:35.823821+00:00,1785283527,6705,321 Surrey Central/WhiteRock,15247232,5522,39,24
2026-07-29T00:05:35.823821+00:00,1785283527,6705,321 Surrey Central/WhiteRock,15247232,5523,40,-14
2026-07-29T00:05:35.823821+00:00,1785283527,6705,321 Surrey Central/WhiteRock,15247232,6466,41,-34
2026-07-29T00:05:35.823821+00:00,1785283527,6705,321 Surrey Central/WhiteRock,15247232,5524,42,-1
2026-07-29T00:05:35.823821+00:00,1785283527,6705,321 Surrey Central/WhiteRock,15247232,5525,43,-30
2026-07-29T00:05:35.823821+00:00,1785283527,6705,321 Surrey Central/WhiteRock,15247232,10443,44,-52
2026-07-29T00:05:35.823821+00:00,1785283527,6705,321 Surrey Central/WhiteRock,15247232,5528,45,-53
2026-07-29T00:05:35.823821+00:00,1785283527,6705,321 Surrey Central/WhiteRock,15247232,5529,46,-78
2026-07-29T00:05:35.823821+00:00,1785283527,6705,321 Surrey Central/WhiteRock,15247232,5530,47,-95
2026-07-29T00:05:35.823821+00:00,1785283527,6705,321 Surrey Central/WhiteRock,15247232,5533,48,-95
2026-07-29T00:05:35.823821+00:00,1785283527,6705,321 Surrey Central/WhiteRock,15247232,5534,49,-115
2026-07-29T00:05:35.823821+00:00,1785283527,6705,321 Surrey Central/WhiteRock,15247232,5535,50,-99
2026-07-29T00:05:35.823821+00:00,1785283527,6705,321 Surrey Central/WhiteRock,15247232,5536,51,-124
2026-07-29T00:05:35.823821+00:00,1785283527,6705,321 Surrey Central/WhiteRock,15247232,5537,52,-123
2026-07-29T00:05:35.823821+00:00,1785283527,6705,321 Surrey Central/WhiteRock,15247232,5538,53,-130
2026-07-29T00:05:35.823821+00:00,1785283527,6705,321 Surrey Central/WhiteRock,15247232,5541,54,-100
2026-07-29T00:05:35.823821+00:00,1785283527,6705,321 Surrey Central/WhiteRock,15247232,5542,55,-88
2026-07-29T00:05:35.823821+00:00,1785283527,6705,321 Surrey Central/WhiteRock,15247232,6195,56,-64
2026-07-29T00:05:35.823821+00:00,1785283527,6705,321 Surrey Central/WhiteRock,15247233,5496,15,224
2026-07-29T00:05:35.823821+00:00,1785283527,6705,321 Surrey Central/WhiteRock,15247233,5497,16,178
2026-07-29T00:05:35.823821+00:00,1785283527,6705,321 Surrey Central/WhiteRock,15247233,5498,17,157
2026-07-29T00:05:35.823821+00:00,1785283527,6705,321 Surrey Central/WhiteRock,15247233,5499,18,118
2026-07-29T00:05:35.823821+00:00,1785283527,6705,321 Surrey Central/WhiteRock,15247233,5500,19,87
2026-07-29T00:05:35.823821+00:00,1785283527,6705,321 Surrey Central/WhiteRock,15247233,5501,20,58
2026-07-29T00:05:35.823821+00:00,1785283527,6705,321 Surrey Central/WhiteRock,15247233,5502,21,42
2026-07-29T00:05:35.823821+00:00,1785283527,6705,321 Surrey Central/WhiteRock,15247233,5503,22,1
2026-07-29T00:05:35.823821+00:00,1785283527,6705,321 Surrey Central/WhiteRock,15247233,5504,23,-59
2026-07-29T00:05:35.823821+00:00,1785283527,6705,321 Surrey Central/WhiteRock,15247233,5505,24,-56
2026-07-29T00:05:35.823821+00:00,1785283527,6705,321 Surrey Central/WhiteRock,15247233,5507,25,-42
2026-07-29T00:05:35.823821+00:00,1785283527,6705,321 Surrey Central/WhiteRock,15247233,5633,26,0
2026-07-29T00:05:35.823821+00:00,1785283527,6705,321 Surrey Central/WhiteRock,15247233,5510,27,33
2026-07-29T00:05:35.823821+00:00,1785283527,6705,321 Surrey Central/WhiteRock,15247233,5511,28,25
2026-07-29T00:05:35.823821+00:00,1785283527,6705,321 Surrey Central/WhiteRock,15247233,5512,29,20
2026-07-29T00:05:35.823821+00:00,1785283527,6705,321 Surrey Central/WhiteRock,15247233,5513,30,5
2026-07-29T00:05:35.823821+00:00,1785283527,6705,321 Surrey Central/WhiteRock,15247233,5514,31,94
2026-07-29T00:05:35.823821+00:00,1785283527,6705,321 Surrey Central/WhiteRock,15247233,5515,32,86
2026-07-29T00:05:35.823821+00:00,1785283527,6705,321 Surrey Central/WhiteRock,15247233,5516,33,73
2026-07-29T00:05:35.823821+00:00,1785283527,6705,321 Surrey Central/WhiteRock,15247233,5517,34,70
2026-07-29T00:05:35.823821+00:00,1785283527,6705,321 Surrey Central/WhiteRock,15247233,5518,35,73
2026-07-29T00:05:35.823821+00:00,1785283527,6705,321 Surrey Central/WhiteRock,15247233,5519,36,49
2026-07-29T00:05:35.823821+00:00,1785283527,6705,321 Surrey Central/WhiteRock,15247233,5520,37,38
2026-07-29T00:05:35.823821+00:00,1785283527,6705,321 Surrey Central/WhiteRock,15247233,5521,38,-172
2026-07-29T00:05:35.823821+00:00,1785283527,6705,321 Surrey Central/WhiteRock,15247233,5522,39,-309
2026-07-29T00:05:35.823821+00:00,1785283527,6705,321 Surrey Central/WhiteRock,15247233,5523,40,-345
2026-07-29T00:05:35.823821+00:00,1785283527,6705,321 Surrey Central/WhiteRock,15247233,6466,41,-367
2026-07-29T00:05:35.823821+00:00,1785283527,6705,321 Surrey Central/WhiteRock,15247233,5524,42,-331
2026-07-29T00:05:35.823821+00:00,1785283527,6705,321 Surrey Central/WhiteRock,15247233,5525,43,-360
2026-07-29T00:05:35.823821+00:00,1785283527,6705,321 Surrey Central/WhiteRock,15247233,10443,44,-384
2026-07-29T00:05:35.823821+00:00,1785283527,6705,321 Surrey Central/WhiteRock,15247233,5528,45,-379
2026-07-29T00:05:35.823821+00:00,1785283527,6705,321 Surrey Central/WhiteRock,15247233,5529,46,-401
2026-07-29T00:05:35.823821+00:00,1785283527,6705,321 Surrey Central/WhiteRock,15247233,5530,47,-416
2026-07-29T00:05:35.823821+00:00,1785283527,6705,321 Surrey Central/WhiteRock,15247233,5533,48,-421
2026-07-29T00:05:35.823821+00:00,1785283527,6705,321 Surrey Central/WhiteRock,15247233,5534,49,-440
2026-07-29T00:05:35.823821+00:00,1785283527,6705,321 Surrey Central/WhiteRock,15247233,5535,50,-443
2026-07-29T00:05:35.823821+00:00,1785283527,6705,321 Surrey Central/WhiteRock,15247233,5536,51,-466
2026-07-29T00:05:35.823821+00:00,1785283527,6705,321 Surrey Central/WhiteRock,15247233,5537,52,-463
2026-07-29T00:05:35.823821+00:00,1785283527,6705,321 Surrey Central/WhiteRock,15247233,5538,53,-469
2026-07-29T00:05:35.823821+00:00,1785283527,6705,321 Surrey Central/WhiteRock,15247233,5541,54,-445
2026-07-29T00:05:35.823821+00:00,1785283527,6705,321 Surrey Central/WhiteRock,15247233,5542,55,-434
2026-07-29T00:05:35.823821+00:00,1785283527,6705,321 Surrey Central/WhiteRock,15247233,6195,56,-409
2026-07-29T00:05:35.823821+00:00,1785283527,6715,351 Bridgeport/WhiteRock,15251617,8282,25,-275
2026-07-29T00:05:35.823821+00:00,1785283527,6715,351 Bridgeport/WhiteRock,15251618,4928,24,216
2026-07-29T00:05:35.823821+00:00,1785283527,6715,351 Bridgeport/WhiteRock,15251618,8282,25,226
2026-07-29T00:05:35.823821+00:00,1785283527,6715,351 Bridgeport/WhiteRock,15251619,5448,22,-125
2026-07-29T00:05:35.823821+00:00,1785283527,6715,351 Bridgeport/WhiteRock,15251619,6194,23,0
2026-07-29T00:05:35.823821+00:00,1785283527,6715,351 Bridgeport/WhiteRock,15251619,4928,24,-219
2026-07-29T00:05:35.823821+00:00,1785283527,6715,351 Bridgeport/WhiteRock,15251619,8282,25,-211
2026-07-29T00:05:35.823821+00:00,1785283527,6715,351 Bridgeport/WhiteRock,15251620,6170,6,-11
2026-07-29T00:05:35.823821+00:00,1785283527,6715,351 Bridgeport/WhiteRock,15251620,11545,7,-33
2026-07-29T00:05:35.823821+00:00,1785283527,6715,351 Bridgeport/WhiteRock,15251620,6172,8,-13
2026-07-29T00:05:35.823821+00:00,1785283527,6715,351 Bridgeport/WhiteRock,15251620,6173,9,-4
2026-07-29T00:05:35.823821+00:00,1785283527,6715,351 Bridgeport/WhiteRock,15251620,6139,10,28
2026-07-29T00:05:35.823821+00:00,1785283527,6715,351 Bridgeport/WhiteRock,15251620,5437,11,50
2026-07-29T00:05:35.823821+00:00,1785283527,6715,351 Bridgeport/WhiteRock,15251620,5438,12,40
2026-07-29T00:05:35.823821+00:00,1785283527,6715,351 Bridgeport/WhiteRock,15251620,5439,13,59
2026-07-29T00:05:35.823821+00:00,1785283527,6715,351 Bridgeport/WhiteRock,15251620,5440,14,38
2026-07-29T00:05:35.823821+00:00,1785283527,6715,351 Bridgeport/WhiteRock,15251620,5441,15,81
2026-07-29T00:05:35.823821+00:00,1785283527,6715,351 Bridgeport/WhiteRock,15251620,5442,16,55
2026-07-29T00:05:35.823821+00:00,1785283527,6715,351 Bridgeport/WhiteRock,15251620,5444,17,66
2026-07-29T00:05:35.823821+00:00,1785283527,6715,351 Bridgeport/WhiteRock,15251620,9083,18,36
2026-07-29T00:05:35.823821+00:00,1785283527,6715,351 Bridgeport/WhiteRock,15251620,5446,19,40
2026-07-29T00:05:35.823821+00:00,1785283527,6715,351 Bridgeport/WhiteRock,15251620,10445,20,32
2026-07-29T00:05:35.823821+00:00,1785283527,6715,351 Bridgeport/WhiteRock,15251620,5447,21,-7
2026-07-29T00:05:35.823821+00:00,1785283527,6715,351 Bridgeport/WhiteRock,15251620,5448,22,-6
2026-07-29T00:05:35.823821+00:00,1785283527,6715,351 Bridgeport/WhiteRock,15251620,6194,23,0
2026-07-29T00:05:35.823821+00:00,1785283527,6715,351 Bridgeport/WhiteRock,15251620,4928,24,-129
2026-07-29T00:05:35.823821+00:00,1785283527,6715,351 Bridgeport/WhiteRock,15251620,8282,25,-29
2026-07-29T00:05:35.823821+00:00,1785283527,6715,351 Bridgeport/WhiteRock,15251696,6167,21,-486
2026-07-29T00:05:35.823821+00:00,1785283527,6715,351 Bridgeport/WhiteRock,15251697,5537,15,-806
2026-07-29T00:05:35.823821+00:00,1785283527,6715,351 Bridgeport/WhiteRock,15251697,5538,16,-798
2026-07-29T00:05:35.823821+00:00,1785283527,6715,351 Bridgeport/WhiteRock,15251697,5541,17,-744
2026-07-29T00:05:35.823821+00:00,1785283527,6715,351 Bridgeport/WhiteRock,15251697,5542,18,-723
2026-07-29T00:05:35.823821+00:00,1785283527,6715,351 Bridgeport/WhiteRock,15251697,6340,19,-677
2026-07-29T00:05:35.823821+00:00,1785283527,6715,351 Bridgeport/WhiteRock,15251697,6341,20,-655
2026-07-29T00:05:35.823821+00:00,1785283527,6715,351 Bridgeport/WhiteRock,15251697,6167,21,-640
2026-07-29T00:05:35.823821+00:00,1785283527,6715,351 Bridgeport/WhiteRock,15251698,6175,4,-713
2026-07-29T00:05:35.823821+00:00,1785283527,6715,351 Bridgeport/WhiteRock,15251698,5524,5,-667
2026-07-29T00:05:35.823821+00:00,1785283527,6715,351 Bridgeport/WhiteRock,15251698,5525,6,-680
2026-07-29T00:05:35.823821+00:00,1785283527,6715,351 Bridgeport/WhiteRock,15251698,10443,7,-674
2026-07-29T00:05:35.823821+00:00,1785283527,6715,351 Bridgeport/WhiteRock,15251698,5528,8,-657
2026-07-29T00:05:35.823821+00:00,1785283527,6715,351 Bridgeport/WhiteRock,15251698,5529,9,-664
2026-07-29T00:05:35.823821+00:00,1785283527,6715,351 Bridgeport/WhiteRock,15251698,5530,10,-662
2026-07-29T00:05:35.823821+00:00,1785283527,6715,351 Bridgeport/WhiteRock,15251698,5533,11,-645
2026-07-29T00:05:35.823821+00:00,1785283527,6715,351 Bridgeport/WhiteRock,15251698,5534,12,-648
2026-07-29T00:05:35.823821+00:00,1785283527,6715,351 Bridgeport/WhiteRock,15251698,5535,13,-602
2026-07-29T00:05:35.823821+00:00,1785283527,6715,351 Bridgeport/WhiteRock,15251698,5536,14,-607
2026-07-29T00:05:35.823821+00:00,1785283527,6715,351 Bridgeport/WhiteRock,15251698,5537,15,-580
2026-07-29T00:05:35.823821+00:00,1785283527,6715,351 Bridgeport/WhiteRock,15251698,5538,16,-575
2026-07-29T00:05:35.823821+00:00,1785283527,6715,351 Bridgeport/WhiteRock,15251698,5541,17,-523
2026-07-29T00:05:35.823821+00:00,1785283527,6715,351 Bridgeport/WhiteRock,15251698,5542,18,-503
2026-07-29T00:05:35.823821+00:00,1785283527,6715,351 Bridgeport/WhiteRock,15251698,6340,19,-455
2026-07-29T00:05:35.823821+00:00,1785283527,6715,351 Bridgeport/WhiteRock,15251698,6341,20,-432
2026-07-29T00:05:35.823821+00:00,1785283527,6715,351 Bridgeport/WhiteRock,15251698,6167,21,-416
2026-07-29T00:05:35.823821+00:00,1785283527,6715,351 Bridgeport/WhiteRock,15251699,4929,3,0
2026-07-29T00:05:35.823821+00:00,1785283527,6715,351 Bridgeport/WhiteRock,15251699,6175,4,-688
2026-07-29T00:05:35.823821+00:00,1785283527,6715,351 Bridgeport/WhiteRock,15251699,5524,5,-642
2026-07-29T00:05:35.823821+00:00,1785283527,6715,351 Bridgeport/WhiteRock,15251699,5525,6,-656
2026-07-29T00:05:35.823821+00:00,1785283527,6715,351 Bridgeport/WhiteRock,15251699,10443,7,-650
2026-07-29T00:05:35.823821+00:00,1785283527,6715,351 Bridgeport/WhiteRock,15251699,5528,8,-633
2026-07-29T00:05:35.823821+00:00,1785283527,6715,351 Bridgeport/WhiteRock,15251699,5529,9,-640
2026-07-29T00:05:35.823821+00:00,1785283527,6715,351 Bridgeport/WhiteRock,15251699,5530,10,-638
2026-07-29T00:05:35.823821+00:00,1785283527,6715,351 Bridgeport/WhiteRock,15251699,5533,11,-620
2026-07-29T00:05:35.823821+00:00,1785283527,6715,351 Bridgeport/WhiteRock,15251699,5534,12,-622
2026-07-29T00:05:35.823821+00:00,1785283527,6715,351 Bridgeport/WhiteRock,15251699,5535,13,-596
2026-07-29T00:05:35.823821+00:00,1785283527,6715,351 Bridgeport/WhiteRock,15251699,5536,14,-601
2026-07-29T00:05:35.823821+00:00,1785283527,6715,351 Bridgeport/WhiteRock,15251699,5537,15,-575
2026-07-29T00:05:35.823821+00:00,1785283527,6715,351 Bridgeport/WhiteRock,15251699,5538,16,-570
2026-07-29T00:05:35.823821+00:00,1785283527,6715,351 Bridgeport/WhiteRock,15251699,5541,17,-518
2026-07-29T00:05:35.823821+00:00,1785283527,6715,351 Bridgeport/WhiteRock,15251699,5542,18,-497
2026-07-29T00:05:35.823821+00:00,1785283527,6715,351 Bridgeport/WhiteRock,15251699,6340,19,-449
2026-07-29T00:05:35.823821+00:00,1785283527,6715,351 Bridgeport/WhiteRock,15251699,6341,20,-425
2026-07-29T00:05:35.823821+00:00,1785283527,6715,351 Bridgeport/WhiteRock,15251699,6167,21,-413
2026-07-29T00:05:35.823821+00:00,1785283527,6715,351 Bridgeport/WhiteRock,15251700,8283,2,87
2026-07-29T00:05:35.823821+00:00,1785283527,6715,351 Bridgeport/WhiteRock,15251700,4929,3,34
2026-07-29T00:05:35.823821+00:00,1785283527,6715,351 Bridgeport/WhiteRock,15251700,6175,4,-654
2026-07-29T00:05:35.823821+00:00,1785283527,6715,351 Bridgeport/WhiteRock,15251700,5524,5,-607
2026-07-29T00:05:35.823821+00:00,1785283527,6715,351 Bridgeport/WhiteRock,15251700,5525,6,-620
2026-07-29T00:05:35.823821+00:00,1785283527,6715,351 Bridgeport/WhiteRock,15251700,10443,7,-614
2026-07-29T00:05:35.823821+00:00,1785283527,6715,351 Bridgeport/WhiteRock,15251700,5528,8,-594
2026-07-29T00:05:35.823821+00:00,1785283527,6715,351 Bridgeport/WhiteRock,15251700,5529,9,-599
2026-07-29T00:05:35.823821+00:00,1785283527,6715,351 Bridgeport/WhiteRock,15251700,5530,10,-597
2026-07-29T00:05:35.823821+00:00,1785283527,6715,351 Bridgeport/WhiteRock,15251700,5533,11,-580
2026-07-29T00:05:35.823821+00:00,1785283527,6715,351 Bridgeport/WhiteRock,15251700,5534,12,-582
2026-07-29T00:05:35.823821+00:00,1785283527,6715,351 Bridgeport/WhiteRock,15251700,5535,13,-559
2026-07-29T00:05:35.823821+00:00,1785283527,6715,351 Bridgeport/WhiteRock,15251700,5536,14,-564
2026-07-29T00:05:35.823821+00:00,1785283527,6715,351 Bridgeport/WhiteRock,15251700,5537,15,-537
2026-07-29T00:05:35.823821+00:00,1785283527,6715,351 Bridgeport/WhiteRock,15251700,5538,16,-532
2026-07-29T00:05:35.823821+00:00,1785283527,6715,351 Bridgeport/WhiteRock,15251700,5541,17,-485
2026-07-29T00:05:35.823821+00:00,1785283527,6715,351 Bridgeport/WhiteRock,15251700,5542,18,-465
2026-07-29T00:05:35.823821+00:00,1785283527,6715,351 Bridgeport/WhiteRock,15251700,6340,19,-421
2026-07-29T00:05:35.823821+00:00,1785283527,6715,351 Bridgeport/WhiteRock,15251700,6341,20,-399
2026-07-29T00:05:35.823821+00:00,1785283527,6715,351 Bridgeport/WhiteRock,15251700,6167,21,-386
2026-07-29T00:05:35.823821+00:00,1785283527,6715,351 Bridgeport/WhiteRock,15251701,11267,1,53
2026-07-29T00:05:35.823821+00:00,1785283527,6715,351 Bridgeport/WhiteRock,15251701,8283,2,-653
2026-07-29T00:05:35.823821+00:00,1785283527,6715,351 Bridgeport/WhiteRock,15251701,4929,3,0
2026-07-29T00:05:35.823821+00:00,1785283527,6715,351 Bridgeport/WhiteRock,15251701,6175,4,-649
2026-07-29T00:05:35.823821+00:00,1785283527,6715,351 Bridgeport/WhiteRock,15251701,5524,5,-600
2026-07-29T00:05:35.823821+00:00,1785283527,6715,351 Bridgeport/WhiteRock,15251701,5525,6,-613
2026-07-29T00:05:35.823821+00:00,1785283527,6715,351 Bridgeport/WhiteRock,15251701,10443,7,-606
2026-07-29T00:05:35.823821+00:00,1785283527,6715,351 Bridgeport/WhiteRock,15251701,5528,8,-585
2026-07-29T00:05:35.823821+00:00,1785283527,6715,351 Bridgeport/WhiteRock,15251701,5529,9,-590
2026-07-29T00:05:35.823821+00:00,1785283527,6715,351 Bridgeport/WhiteRock,15251701,5530,10,-587
2026-07-29T00:05:35.823821+00:00,1785283527,6715,351 Bridgeport/WhiteRock,15251701,5533,11,-568
2026-07-29T00:05:35.823821+00:00,1785283527,6715,351 Bridgeport/WhiteRock,15251701,5534,12,-569
2026-07-29T00:05:35.823821+00:00,1785283527,6715,351 Bridgeport/WhiteRock,15251701,5535,13,-545
2026-07-29T00:05:35.823821+00:00,1785283527,6715,351 Bridgeport/WhiteRock,15251701,5536,14,-548
2026-07-29T00:05:35.823821+00:00,1785283527,6715,351 Bridgeport/WhiteRock,15251701,5537,15,-521
2026-07-29T00:05:35.823821+00:00,1785283527,6715,351 Bridgeport/WhiteRock,15251701,5538,16,-515
2026-07-29T00:05:35.823821+00:00,1785283527,6715,351 Bridgeport/WhiteRock,15251701,5541,17,-469
2026-07-29T00:05:35.823821+00:00,1785283527,6715,351 Bridgeport/WhiteRock,15251701,5542,18,-449
2026-07-29T00:05:35.823821+00:00,1785283527,6715,351 Bridgeport/WhiteRock,15251701,6340,19,-402
2026-07-29T00:05:35.823821+00:00,1785283527,6715,351 Bridgeport/WhiteRock,15251701,6341,20,-381
2026-07-29T00:05:35.823821+00:00,1785283527,6715,351 Bridgeport/WhiteRock,15251701,6167,21,-369
2026-07-29T00:05:35.823821+00:00,1785283527,11692,364 Langley Centre/Scottsdale,15252683,11124,18,324
2026-07-29T00:05:35.823821+00:00,1785283527,11692,364 Langley Centre/Scottsdale,15252683,11140,19,278
2026-07-29T00:05:35.823821+00:00,1785283527,11692,364 Langley Centre/Scottsdale,15252683,11145,20,267
2026-07-29T00:05:35.823821+00:00,1785283527,11692,364 Langley Centre/Scottsdale,15252683,11076,21,169
2026-07-29T00:05:35.823821+00:00,1785283527,11692,364 Langley Centre/Scottsdale,15252683,12645,22,-99
2026-07-29T00:05:35.823821+00:00,1785283527,11692,364 Langley Centre/Scottsdale,15252683,9525,23,-98
2026-07-29T00:05:35.823821+00:00,1785283527,11692,364 Langley Centre/Scottsdale,15252683,10148,24,-81
2026-07-29T00:05:35.823821+00:00,1785283527,11692,364 Langley Centre/Scottsdale,15252683,10585,25,-111
2026-07-29T00:05:35.823821+00:00,1785283527,11692,364 Langley Centre/Scottsdale,15252683,10250,26,-129
2026-07-29T00:05:35.823821+00:00,1785283527,11692,364 Langley Centre/Scottsdale,15252683,10588,27,-144
2026-07-29T00:05:35.823821+00:00,1785283527,11692,364 Langley Centre/Scottsdale,15252683,10248,28,-96
2026-07-29T00:05:35.823821+00:00,1785283527,11692,364 Langley Centre/Scottsdale,15252683,10726,29,-95
2026-07-29T00:05:35.823821+00:00,1785283527,11692,364 Langley Centre/Scottsdale,15252683,10725,30,-115
2026-07-29T00:05:35.823821+00:00,1785283527,11692,364 Langley Centre/Scottsdale,15252683,10727,31,-139
2026-07-29T00:05:35.823821+00:00,1785283527,11692,364 Langley Centre/Scottsdale,15252683,10251,32,-156
2026-07-29T00:05:35.823821+00:00,1785283527,11692,364 Langley Centre/Scottsdale,15252683,10252,33,-187
2026-07-29T00:05:35.823821+00:00,1785283527,11692,364 Langley Centre/Scottsdale,15252683,10253,34,-209
2026-07-29T00:05:35.823821+00:00,1785283527,11692,364 Langley Centre/Scottsdale,15252683,10255,35,-236
2026-07-29T00:05:35.823821+00:00,1785283527,11692,364 Langley Centre/Scottsdale,15252683,5332,36,-171
2026-07-29T00:05:35.823821+00:00,1785283527,11692,364 Langley Centre/Scottsdale,15252683,12497,37,-207
2026-07-29T00:05:35.823821+00:00,1785283527,11692,364 Langley Centre/Scottsdale,15252683,5334,38,-222
2026-07-29T00:05:35.823821+00:00,1785283527,11692,364 Langley Centre/Scottsdale,15252683,6472,39,-215
2026-07-29T00:05:35.823821+00:00,1785283527,11692,364 Langley Centre/Scottsdale,15252683,6473,40,-222
2026-07-29T00:05:35.823821+00:00,1785283527,11692,364 Langley Centre/Scottsdale,15252683,6474,41,-235
2026-07-29T00:05:35.823821+00:00,1785283527,11692,364 Langley Centre/Scottsdale,15252683,9306,42,-187
2026-07-29T00:05:35.823821+00:00,1785283527,11692,364 Langley Centre/Scottsdale,15252683,11125,43,-212
2026-07-29T00:05:35.823821+00:00,1785283527,11692,364 Langley Centre/Scottsdale,15252683,9294,44,-223
2026-07-29T00:05:35.823821+00:00,1785283527,11692,364 Langley Centre/Scottsdale,15252683,9293,45,-238
2026-07-29T00:05:35.823821+00:00,1785283527,11692,364 Langley Centre/Scottsdale,15252683,11126,46,-229
2026-07-29T00:05:35.823821+00:00,1785283527,11692,364 Langley Centre/Scottsdale,15252683,7094,47,-263
2026-07-29T00:05:35.823821+00:00,1785283527,11692,364 Langley Centre/Scottsdale,15252684,9306,42,155
2026-07-29T00:05:35.823821+00:00,1785283527,11692,364 Langley Centre/Scottsdale,15252684,11125,43,154
2026-07-29T00:05:35.823821+00:00,1785283527,11692,364 Langley Centre/Scottsdale,15252684,9294,44,147
2026-07-29T00:05:35.823821+00:00,1785283527,11692,364 Langley Centre/Scottsdale,15252684,9293,45,134
2026-07-29T00:05:35.823821+00:00,1785283527,11692,364 Langley Centre/Scottsdale,15252684,11126,46,142
2026-07-29T00:05:35.823821+00:00,1785283527,11692,364 Langley Centre/Scottsdale,15252684,7094,47,108
2026-07-29T00:05:35.823821+00:00,1785283527,11692,364 Langley Centre/Scottsdale,15252697,10251,32,-207
2026-07-29T00:05:35.823821+00:00,1785283527,11692,364 Langley Centre/Scottsdale,15252697,10252,33,-237
2026-07-29T00:05:35.823821+00:00,1785283527,11692,364 Langley Centre/Scottsdale,15252697,10253,34,-258
2026-07-29T00:05:35.823821+00:00,1785283527,11692,364 Langley Centre/Scottsdale,15252697,10255,35,-285
2026-07-29T00:05:35.823821+00:00,1785283527,11692,364 Langley Centre/Scottsdale,15252697,5332,36,-220
2026-07-29T00:05:35.823821+00:00,1785283527,11692,364 Langley Centre/Scottsdale,15252697,12497,37,-259
2026-07-29T00:05:35.823821+00:00,1785283527,11692,364 Langley Centre/Scottsdale,15252697,5334,38,-274
2026-07-29T00:05:35.823821+00:00,1785283527,11692,364 Langley Centre/Scottsdale,15252697,6472,39,-267
2026-07-29T00:05:35.823821+00:00,1785283527,11692,364 Langley Centre/Scottsdale,15252697,6473,40,-273
2026-07-29T00:05:35.823821+00:00,1785283527,11692,364 Langley Centre/Scottsdale,15252697,6474,41,-284
2026-07-29T00:05:35.823821+00:00,1785283527,11692,364 Langley Centre/Scottsdale,15252697,9306,42,-236
2026-07-29T00:05:35.823821+00:00,1785283527,11692,364 Langley Centre/Scottsdale,15252697,11125,43,-261
2026-07-29T00:05:35.823821+00:00,1785283527,11692,364 Langley Centre/Scottsdale,15252697,9294,44,-251
2026-07-29T00:05:35.823821+00:00,1785283527,11692,364 Langley Centre/Scottsdale,15252697,9293,45,-266
2026-07-29T00:05:35.823821+00:00,1785283527,11692,364 Langley Centre/Scottsdale,15252697,11126,46,-261
2026-07-29T00:05:35.823821+00:00,1785283527,11692,364 Langley Centre/Scottsdale,15252697,7094,47,-295
2026-07-29T00:05:35.823821+00:00,1785283527,11692,364 Langley Centre/Scottsdale,15252698,5244,1,0
2026-07-29T00:05:35.823821+00:00,1785283527,11692,364 Langley Centre/Scottsdale,15252698,4919,4,-1063
2026-07-29T00:05:35.823821+00:00,1785283527,11692,364 Langley Centre/Scottsdale,15252698,4921,5,-1129
2026-07-29T00:05:35.823821+00:00,1785283527,11692,364 Langley Centre/Scottsdale,15252698,11121,6,-1083
2026-07-29T00:05:35.823821+00:00,1785283527,11692,364 Langley Centre/Scottsdale,15252698,11142,7,-1128
2026-07-29T00:05:35.823821+00:00,1785283527,11692,364 Langley Centre/Scottsdale,15252698,11139,8,-1151
2026-07-29T00:05:35.823821+00:00,1785283527,11692,364 Langley Centre/Scottsdale,15252698,11156,9,-1173
2026-07-29T00:05:35.823821+00:00,1785283527,11692,364 Langley Centre/Scottsdale,15252698,5583,10,-1167
2026-07-29T00:05:35.823821+00:00,1785283527,11692,364 Langley Centre/Scottsdale,15252698,5584,11,-1207
2026-07-29T00:05:35.823821+00:00,1785283527,11692,364 Langley Centre/Scottsdale,15252698,6464,12,-1230
2026-07-29T00:05:35.823821+00:00,1785283527,11692,364 Langley Centre/Scottsdale,15252698,6465,13,-1263
2026-07-29T00:05:35.823821+00:00,1785283527,11692,364 Langley Centre/Scottsdale,15252698,11074,14,-1224
2026-07-29T00:05:35.823821+00:00,1785283527,11692,364 Langley Centre/Scottsdale,15252698,11153,15,-1262
2026-07-29T00:05:35.823821+00:00,1785283527,11692,364 Langley Centre/Scottsdale,15252698,11150,16,-1308
2026-07-29T00:05:35.823821+00:00,1785283527,11692,364 Langley Centre/Scottsdale,15252698,11148,17,-1332
2026-07-29T00:05:35.823821+00:00,1785283527,11692,364 Langley Centre/Scottsdale,15252698,11124,18,-1325
2026-07-29T00:05:35.823821+00:00,1785283527,11692,364 Langley Centre/Scottsdale,15252698,11140,19,-1371
2026-07-29T00:05:35.823821+00:00,1785283527,11692,364 Langley Centre/Scottsdale,15252698,11145,20,-1381
2026-07-29T00:05:35.823821+00:00,1785283527,11692,364 Langley Centre/Scottsdale,15252698,11076,21,0
2026-07-29T00:05:35.823821+00:00,1785283527,11692,364 Langley Centre/Scottsdale,15252698,12645,22,-211
2026-07-29T00:05:35.823821+00:00,1785283527,11692,364 Langley Centre/Scottsdale,15252698,9525,23,-209
2026-07-29T00:05:35.823821+00:00,1785283527,11692,364 Langley Centre/Scottsdale,15252698,10148,24,-182
2026-07-29T00:05:35.823821+00:00,1785283527,11692,364 Langley Centre/Scottsdale,15252698,10585,25,-204
2026-07-29T00:05:35.823821+00:00,1785283527,11692,364 Langley Centre/Scottsdale,15252698,10250,26,-210
2026-07-29T00:05:35.823821+00:00,1785283527,11692,364 Langley Centre/Scottsdale,15252698,10588,27,-218
2026-07-29T00:05:35.823821+00:00,1785283527,11692,364 Langley Centre/Scottsdale,15252698,10248,28,-158
2026-07-29T00:05:35.823821+00:00,1785283527,11692,364 Langley Centre/Scottsdale,15252698,10726,29,-161
2026-07-29T00:05:35.823821+00:00,1785283527,11692,364 Langley Centre/Scottsdale,15252698,10725,30,-175
2026-07-29T00:05:35.823821+00:00,1785283527,11692,364 Langley Centre/Scottsdale,15252698,10727,31,-191
2026-07-29T00:05:35.823821+00:00,1785283527,11692,364 Langley Centre/Scottsdale,15252698,10251,32,-200
2026-07-29T00:05:35.823821+00:00,1785283527,11692,364 Langley Centre/Scottsdale,15252698,10252,33,-225
2026-07-29T00:05:35.823821+00:00,1785283527,11692,364 Langley Centre/Scottsdale,15252698,10253,34,-235
2026-07-29T00:05:35.823821+00:00,1785283527,11692,364 Langley Centre/Scottsdale,15252698,10255,35,-254
2026-07-29T00:05:35.823821+00:00,1785283527,11692,364 Langley Centre/Scottsdale,15252698,5332,36,-223
2026-07-29T00:05:35.823821+00:00,1785283527,11692,364 Langley Centre/Scottsdale,15252698,12497,37,-251
2026-07-29T00:05:35.823821+00:00,1785283527,11692,364 Langley Centre/Scottsdale,15252698,5334,38,-251
2026-07-29T00:05:35.823821+00:00,1785283527,11692,364 Langley Centre/Scottsdale,15252698,6472,39,-243
2026-07-29T00:05:35.823821+00:00,1785283527,11692,364 Langley Centre/Scottsdale,15252698,6473,40,-248
2026-07-29T00:05:35.823821+00:00,1785283527,11692,364 Langley Centre/Scottsdale,15252698,6474,41,-255
2026-07-29T00:05:35.823821+00:00,1785283527,11692,364 Langley Centre/Scottsdale,15252698,9306,42,-204
2026-07-29T00:05:35.823821+00:00,1785283527,11692,364 Langley Centre/Scottsdale,15252698,11125,43,-203
2026-07-29T00:05:35.823821+00:00,1785283527,11692,364 Langley Centre/Scottsdale,15252698,9294,44,-191
2026-07-29T00:05:35.823821+00:00,1785283527,11692,364 Langley Centre/Scottsdale,15252698,9293,45,-200
2026-07-29T00:05:35.823821+00:00,1785283527,11692,364 Langley Centre/Scottsdale,15252698,11126,46,-192
2026-07-29T00:05:35.823821+00:00,1785283527,11692,364 Langley Centre/Scottsdale,15252698,7094,47,-225
2026-07-29T00:05:35.823821+00:00,1785283527,11692,364 Langley Centre/Scottsdale,15252700,5584,11,24
2026-07-29T00:05:35.823821+00:00,1785283527,11692,364 Langley Centre/Scottsdale,15252700,6464,12,-2
2026-07-29T00:05:35.823821+00:00,1785283527,11692,364 Langley Centre/Scottsdale,15252700,6465,13,-37
2026-07-29T00:05:35.823821+00:00,1785283527,11692,364 Langley Centre/Scottsdale,15252700,11074,14,-1
2026-07-29T00:05:35.823821+00:00,1785283527,11692,364 Langley Centre/Scottsdale,15252700,11153,15,-41
2026-07-29T00:05:35.823821+00:00,1785283527,11692,364 Langley Centre/Scottsdale,15252700,11150,16,-90
2026-07-29T00:05:35.823821+00:00,1785283527,11692,364 Langley Centre/Scottsdale,15252700,11148,17,-117
2026-07-29T00:05:35.823821+00:00,1785283527,11692,364 Langley Centre/Scottsdale,15252700,11124,18,-112
2026-07-29T00:05:35.823821+00:00,1785283527,11692,364 Langley Centre/Scottsdale,15252700,11140,19,-159
2026-07-29T00:05:35.823821+00:00,1785283527,11692,364 Langley Centre/Scottsdale,15252700,11145,20,-170
2026-07-29T00:05:35.823821+00:00,1785283527,11692,364 Langley Centre/Scottsdale,15252700,11076,21,0
2026-07-29T00:05:35.823821+00:00,1785283527,11692,364 Langley Centre/Scottsdale,15252700,12645,22,-235
2026-07-29T00:05:35.823821+00:00,1785283527,11692,364 Langley Centre/Scottsdale,15252700,9525,23,-234
2026-07-29T00:05:35.823821+00:00,1785283527,11692,364 Langley Centre/Scottsdale,15252700,10148,24,-211
2026-07-29T00:05:35.823821+00:00,1785283527,11692,364 Langley Centre/Scottsdale,15252700,10585,25,-236
2026-07-29T00:05:35.823821+00:00,1785283527,11692,364 Langley Centre/Scottsdale,15252700,10250,26,-246
2026-07-29T00:05:35.823821+00:00,1785283527,11692,364 Langley Centre/Scottsdale,15252700,10588,27,-257
2026-07-29T00:05:35.823821+00:00,1785283527,11692,364 Langley Centre/Scottsdale,15252700,10248,28,-201
2026-07-29T00:05:35.823821+00:00,1785283527,11692,364 Langley Centre/Scottsdale,15252700,10726,29,-198
2026-07-29T00:05:35.823821+00:00,1785283527,11692,364 Langley Centre/Scottsdale,15252700,10725,30,-212
2026-07-29T00:05:35.823821+00:00,1785283527,11692,364 Langley Centre/Scottsdale,15252700,10727,31,-231
2026-07-29T00:05:35.823821+00:00,1785283527,11692,364 Langley Centre/Scottsdale,15252700,10251,32,-242
2026-07-29T00:05:35.823821+00:00,1785283527,11692,364 Langley Centre/Scottsdale,15252700,10252,33,-268
2026-07-29T00:05:35.823821+00:00,1785283527,11692,364 Langley Centre/Scottsdale,15252700,10253,34,-279
2026-07-29T00:05:35.823821+00:00,1785283527,11692,364 Langley Centre/Scottsdale,15252700,10255,35,-301
2026-07-29T00:05:35.823821+00:00,1785283527,11692,364 Langley Centre/Scottsdale,15252700,5332,36,-233
2026-07-29T00:05:35.823821+00:00,1785283527,11692,364 Langley Centre/Scottsdale,15252700,12497,37,-263
2026-07-29T00:05:35.823821+00:00,1785283527,11692,364 Langley Centre/Scottsdale,15252700,5334,38,-273
2026-07-29T00:05:35.823821+00:00,1785283527,11692,364 Langley Centre/Scottsdale,15252700,6472,39,-266
2026-07-29T00:05:35.823821+00:00,1785283527,11692,364 Langley Centre/Scottsdale,15252700,6473,40,-270
2026-07-29T00:05:35.823821+00:00,1785283527,11692,364 Langley Centre/Scottsdale,15252700,6474,41,-279
2026-07-29T00:05:35.823821+00:00,1785283527,11692,364 Langley Centre/Scottsdale,15252700,9306,42,-227
2026-07-29T00:05:35.823821+00:00,1785283527,11692,364 Langley Centre/Scottsdale,15252700,11125,43,-224
2026-07-29T00:05:35.823821+00:00,1785283527,11692,364 Langley Centre/Scottsdale,15252700,9294,44,-223
2026-07-29T00:05:35.823821+00:00,1785283527,11692,364 Langley Centre/Scottsdale,15252700,9293,45,-236
2026-07-29T00:05:35.823821+00:00,1785283527,11692,364 Langley Centre/Scottsdale,15252700,11126,46,-225
2026-07-29T00:05:35.823821+00:00,1785283527,11692,364 Langley Centre/Scottsdale,15252700,7094,47,-239
2026-07-29T00:05:35.823821+00:00,1785283527,11692,364 Langley Centre/Scottsdale,15252715,10633,21,-76
2026-07-29T00:05:35.823821+00:00,1785283527,11692,364 Langley Centre/Scottsdale,15252715,10149,22,20
2026-07-29T00:05:35.823821+00:00,1785283527,11692,364 Langley Centre/Scottsdale,15252715,10587,23,-3
2026-07-29T00:05:35.823821+00:00,1785283527,11692,364 Langley Centre/Scottsdale,15252715,10261,24,-44
2026-07-29T00:05:35.823821+00:00,1785283527,11692,364 Langley Centre/Scottsdale,15252715,10586,25,-85
2026-07-29T00:05:35.823821+00:00,1785283527,11692,364 Langley Centre/Scottsdale,15252715,9547,26,-61
2026-07-29T00:05:35.823821+00:00,1785283527,11692,364 Langley Centre/Scottsdale,15252715,9526,27,-95
2026-07-29T00:05:35.823821+00:00,1785283527,11692,364 Langley Centre/Scottsdale,15252715,12646,28,-112
2026-07-29T00:05:35.823821+00:00,1785283527,11692,364 Langley Centre/Scottsdale,15252715,11075,29,-202
2026-07-29T00:05:35.823821+00:00,1785283527,11692,364 Langley Centre/Scottsdale,15252715,11174,30,-232
2026-07-29T00:05:35.823821+00:00,1785283527,11692,364 Langley Centre/Scottsdale,15252715,11175,31,-267
2026-07-29T00:05:35.823821+00:00,1785283527,11692,364 Langley Centre/Scottsdale,15252715,11123,32,-222
2026-07-29T00:05:35.823821+00:00,1785283527,11692,364 Langley Centre/Scottsdale,15252715,11176,33,-226
2026-07-29T00:05:35.823821+00:00,1785283527,11692,364 Langley Centre/Scottsdale,15252715,11177,34,-258
2026-07-29T00:05:35.823821+00:00,1785283527,11692,364 Langley Centre/Scottsdale,15252715,11178,35,-292
2026-07-29T00:05:35.823821+00:00,1785283527,11692,364 Langley Centre/Scottsdale,15252715,6459,36,-207
2026-07-29T00:05:35.823821+00:00,1785283527,11692,364 Langley Centre/Scottsdale,15252715,6460,37,-220
2026-07-29T00:05:35.823821+00:00,1785283527,11692,364 Langley Centre/Scottsdale,15252715,5621,38,-221
2026-07-29T00:05:35.823821+00:00,1785283527,11692,364 Langley Centre/Scottsdale,15252715,5622,39,-249
2026-07-29T00:05:35.823821+00:00,1785283527,11692,364 Langley Centre/Scottsdale,15252715,11122,40,-218
2026-07-29T00:05:35.823821+00:00,1785283527,11692,364 Langley Centre/Scottsdale,15252715,11155,41,-239
2026-07-29T00:05:35.823821+00:00,1785283527,11692,364 Langley Centre/Scottsdale,15252715,11143,42,-251
2026-07-29T00:05:35.823821+00:00,1785283527,11692,364 Langley Centre/Scottsdale,15252715,11141,43,-288
2026-07-29T00:05:35.823821+00:00,1785283527,11692,364 Langley Centre/Scottsdale,15252715,4936,44,-278
2026-07-29T00:05:35.823821+00:00,1785283527,11692,364 Langley Centre/Scottsdale,15252715,4937,45,-303
2026-07-29T00:05:35.823821+00:00,1785283527,11692,364 Langley Centre/Scottsdale,15252715,4938,46,-331
2026-07-29T00:05:35.823821+00:00,1785283527,11692,364 Langley Centre/Scottsdale,15252715,5229,47,-333
2026-07-29T00:05:35.823821+00:00,1785283527,11692,364 Langley Centre/Scottsdale,15252715,4917,48,-275
2026-07-29T00:05:35.823821+00:00,1785283527,11692,364 Langley Centre/Scottsdale,15252736,6460,37,21
2026-07-29T00:05:35.823821+00:00,1785283527,11692,364 Langley Centre/Scottsdale,15252736,5621,38,16
2026-07-29T00:05:35.823821+00:00,1785283527,11692,364 Langley Centre/Scottsdale,15252736,5622,39,-15
2026-07-29T00:05:35.823821+00:00,1785283527,11692,364 Langley Centre/Scottsdale,15252736,11122,40,13
2026-07-29T00:05:35.823821+00:00,1785283527,11692,364 Langley Centre/Scottsdale,15252736,11155,41,-9
2026-07-29T00:05:35.823821+00:00,1785283527,11692,364 Langley Centre/Scottsdale,15252736,11143,42,-25
2026-07-29T00:05:35.823821+00:00,1785283527,11692,364 Langley Centre/Scottsdale,15252736,11141,43,-64
2026-07-29T00:05:35.823821+00:00,1785283527,11692,364 Langley Centre/Scottsdale,15252736,4936,44,-56
2026-07-29T00:05:35.823821+00:00,1785283527,11692,364 Langley Centre/Scottsdale,15252736,4937,45,-84
2026-07-29T00:05:35.823821+00:00,1785283527,11692,364 Langley Centre/Scottsdale,15252736,4938,46,-116
2026-07-29T00:05:35.823821+00:00,1785283527,11692,364 Langley Centre/Scottsdale,15252736,5229,47,-120
2026-07-29T00:05:35.823821+00:00,1785283527,11692,364 Langley Centre/Scottsdale,15252736,4917,48,-66
2026-07-29T00:05:35.823821+00:00,1785283527,11692,364 Langley Centre/Scottsdale,15252751,11075,29,35
2026-07-29T00:05:35.823821+00:00,1785283527,11692,364 Langley Centre/Scottsdale,15252751,11174,30,-3
2026-07-29T00:05:35.823821+00:00,1785283527,11692,364 Langley Centre/Scottsdale,15252751,11175,31,-39
2026-07-29T00:05:35.823821+00:00,1785283527,11692,364 Langley Centre/Scottsdale,15252751,11123,32,0
2026-07-29T00:05:35.823821+00:00,1785283527,11692,364 Langley Centre/Scottsdale,15252751,11176,33,-7
2026-07-29T00:05:35.823821+00:00,1785283527,11692,364 Langley Centre/Scottsdale,15252751,11177,34,-42
2026-07-29T00:05:35.823821+00:00,1785283527,11692,364 Langley Centre/Scottsdale,15252751,11178,35,-79
2026-07-29T00:05:35.823821+00:00,1785283527,11692,364 Langley Centre/Scottsdale,15252751,6459,36,3
2026-07-29T00:05:35.823821+00:00,1785283527,11692,364 Langley Centre/Scottsdale,15252751,6460,37,-12
2026-07-29T00:05:35.823821+00:00,1785283527,11692,364 Langley Centre/Scottsdale,15252751,5621,38,-17
2026-07-29T00:05:35.823821+00:00,1785283527,11692,364 Langley Centre/Scottsdale,15252751,5622,39,-49
2026-07-29T00:05:35.823821+00:00,1785283527,11692,364 Langley Centre/Scottsdale,15252751,11122,40,-22
2026-07-29T00:05:35.823821+00:00,1785283527,11692,364 Langley Centre/Scottsdale,15252751,11155,41,-47
2026-07-29T00:05:35.823821+00:00,1785283527,11692,364 Langley Centre/Scottsdale,15252751,11143,42,-63
2026-07-29T00:05:35.823821+00:00,1785283527,11692,364 Langley Centre/Scottsdale,15252751,11141,43,-103
2026-07-29T00:05:35.823821+00:00,1785283527,11692,364 Langley Centre/Scottsdale,15252751,4936,44,-96
2026-07-29T00:05:35.823821+00:00,1785283527,11692,364 Langley Centre/Scottsdale,15252751,4937,45,-124
2026-07-29T00:05:35.823821+00:00,1785283527,11692,364 Langley Centre/Scottsdale,15252751,4938,46,-156
2026-07-29T00:05:35.823821+00:00,1785283527,11692,364 Langley Centre/Scottsdale,15252751,5229,47,-163
2026-07-29T00:05:35.823821+00:00,1785283527,11692,364 Langley Centre/Scottsdale,15252751,4917,48,-109
2026-07-29T00:05:35.823821+00:00,1785283527,11692,364 Langley Centre/Scottsdale,15252752,5381,11,-72
2026-07-29T00:05:35.823821+00:00,1785283527,11692,364 Langley Centre/Scottsdale,15252752,12496,12,-85
2026-07-29T00:05:35.823821+00:00,1785283527,11692,364 Langley Centre/Scottsdale,15252752,5382,13,-116
2026-07-29T00:05:35.823821+00:00,1785283527,11692,364 Langley Centre/Scottsdale,15252752,12516,14,58
2026-07-29T00:05:35.823821+00:00,1785283527,11692,364 Langley Centre/Scottsdale,15252752,10257,15,4
2026-07-29T00:05:35.823821+00:00,1785283527,11692,364 Langley Centre/Scottsdale,15252752,10258,16,-24
2026-07-29T00:05:35.823821+00:00,1785283527,11692,364 Langley Centre/Scottsdale,15252752,10259,17,-83
2026-07-29T00:05:35.823821+00:00,1785283527,11692,364 Langley Centre/Scottsdale,15252752,10260,18,0
2026-07-29T00:05:35.823821+00:00,1785283527,11692,364 Langley Centre/Scottsdale,15252752,10729,19,-53
2026-07-29T00:05:35.823821+00:00,1785283527,11692,364 Langley Centre/Scottsdale,15252752,13067,20,-78
2026-07-29T00:05:35.823821+00:00,1785283527,11692,364 Langley Centre/Scottsdale,15252752,10633,21,-99
2026-07-29T00:05:35.823821+00:00,1785283527,11692,364 Langley Centre/Scottsdale,15252752,10149,22,-3
2026-07-29T00:05:35.823821+00:00,1785283527,11692,364 Langley Centre/Scottsdale,15252752,10587,23,-26
2026-07-29T00:05:35.823821+00:00,1785283527,11692,364 Langley Centre/Scottsdale,15252752,10261,24,-67
2026-07-29T00:05:35.823821+00:00,1785283527,11692,364 Langley Centre/Scottsdale,15252752,10586,25,-108
2026-07-29T00:05:35.823821+00:00,1785283527,11692,364 Langley Centre/Scottsdale,15252752,9547,26,-84
2026-07-29T00:05:35.823821+00:00,1785283527,11692,364 Langley Centre/Scottsdale,15252752,9526,27,-118
2026-07-29T00:05:35.823821+00:00,1785283527,11692,364 Langley Centre/Scottsdale,15252752,12646,28,-135
2026-07-29T00:05:35.823821+00:00,1785283527,11692,364 Langley Centre/Scottsdale,15252752,11075,29,-226
2026-07-29T00:05:35.823821+00:00,1785283527,11692,364 Langley Centre/Scottsdale,15252752,11174,30,-256
2026-07-29T00:05:35.823821+00:00,1785283527,11692,364 Langley Centre/Scottsdale,15252752,11175,31,-290
2026-07-29T00:05:35.823821+00:00,1785283527,11692,364 Langley Centre/Scottsdale,15252752,11123,32,-247
2026-07-29T00:05:35.823821+00:00,1785283527,11692,364 Langley Centre/Scottsdale,15252752,11176,33,-254
2026-07-29T00:05:35.823821+00:00,1785283527,11692,364 Langley Centre/Scottsdale,15252752,11177,34,-285
2026-07-29T00:05:35.823821+00:00,1785283527,11692,364 Langley Centre/Scottsdale,15252752,11178,35,-319
2026-07-29T00:05:35.823821+00:00,1785283527,11692,364 Langley Centre/Scottsdale,15252752,6459,36,-234
2026-07-29T00:05:35.823821+00:00,1785283527,11692,364 Langley Centre/Scottsdale,15252752,6460,37,-246
2026-07-29T00:05:35.823821+00:00,1785283527,11692,364 Langley Centre/Scottsdale,15252752,5621,38,-247
2026-07-29T00:05:35.823821+00:00,1785283527,11692,364 Langley Centre/Scottsdale,15252752,5622,39,-275
2026-07-29T00:05:35.823821+00:00,1785283527,11692,364 Langley Centre/Scottsdale,15252752,11122,40,-244
2026-07-29T00:05:35.823821+00:00,1785283527,11692,364 Langley Centre/Scottsdale,15252752,11155,41,-264
2026-07-29T00:05:35.823821+00:00,1785283527,11692,364 Langley Centre/Scottsdale,15252752,11143,42,-276
2026-07-29T00:05:35.823821+00:00,1785283527,11692,364 Langley Centre/Scottsdale,15252752,11141,43,-313
2026-07-29T00:05:35.823821+00:00,1785283527,11692,364 Langley Centre/Scottsdale,15252752,4936,44,-303
2026-07-29T00:05:35.823821+00:00,1785283527,11692,364 Langley Centre/Scottsdale,15252752,4937,45,-329
2026-07-29T00:05:35.823821+00:00,1785283527,11692,364 Langley Centre/Scottsdale,15252752,4938,46,-359
2026-07-29T00:05:35.823821+00:00,1785283527,11692,364 Langley Centre/Scottsdale,15252752,5229,47,-361
2026-07-29T00:05:35.823821+00:00,1785283527,11692,364 Langley Centre/Scottsdale,15252752,4917,48,-303
2026-07-29T00:05:35.823821+00:00,1785283527,18705,531 WhiteRock/WillowBrook,15259154,9291,46,-228
2026-07-29T00:05:35.823821+00:00,1785283527,18705,531 WhiteRock/WillowBrook,15259154,9292,47,-234
2026-07-29T00:05:35.823821+00:00,1785283527,18705,531 WhiteRock/WillowBrook,15259154,11264,48,-205
2026-07-29T00:05:35.823821+00:00,1785283527,18705,531 WhiteRock/WillowBrook,15259154,9303,49,-197
2026-07-29T00:05:35.823821+00:00,1785283527,18705,531 WhiteRock/WillowBrook,15259154,9304,50,-202
2026-07-29T00:05:35.823821+00:00,1785283527,18705,531 WhiteRock/WillowBrook,15259154,6475,51,-156
2026-07-29T00:05:35.823821+00:00,1785283527,18705,531 WhiteRock/WillowBrook,15259154,6476,52,-166
2026-07-29T00:05:35.823821+00:00,1785283527,18705,531 WhiteRock/WillowBrook,15259154,5335,53,-163
2026-07-29T00:05:35.823821+00:00,1785283527,18705,531 WhiteRock/WillowBrook,15259154,7100,54,-134
2026-07-29T00:05:35.823821+00:00,1785283527,18705,531 WhiteRock/WillowBrook,15259155,12928,27,42
2026-07-29T00:05:35.823821+00:00,1785283527,18705,531 WhiteRock/WillowBrook,15259155,12930,28,18
2026-07-29T00:05:35.823821+00:00,1785283527,18705,531 WhiteRock/WillowBrook,15259155,13042,29,3
2026-07-29T00:05:35.823821+00:00,1785283527,18705,531 WhiteRock/WillowBrook,15259155,8936,30,14
2026-07-29T00:05:35.823821+00:00,1785283527,18705,531 WhiteRock/WillowBrook,15259155,9030,31,1
2026-07-29T00:05:35.823821+00:00,1785283527,18705,531 WhiteRock/WillowBrook,15259155,8937,32,-20
2026-07-29T00:05:35.823821+00:00,1785283527,18705,531 WhiteRock/WillowBrook,15259155,8938,33,-22
2026-07-29T00:05:35.823821+00:00,1785283527,18705,531 WhiteRock/WillowBrook,15259155,7081,34,-29
2026-07-29T00:05:35.823821+00:00,1785283527,18705,531 WhiteRock/WillowBrook,15259155,7082,35,-37
2026-07-29T00:05:35.823821+00:00,1785283527,18705,531 WhiteRock/WillowBrook,15259155,7083,36,-66
2026-07-29T00:05:35.823821+00:00,1785283527,18705,531 WhiteRock/WillowBrook,15259155,7084,37,-85
2026-07-29T00:05:35.823821+00:00,1785283527,18705,531 WhiteRock/WillowBrook,15259155,7085,38,-120
2026-07-29T00:05:35.823821+00:00,1785283527,18705,531 WhiteRock/WillowBrook,15259155,8939,39,-131
2026-07-29T00:05:35.823821+00:00,1785283527,18705,531 WhiteRock/WillowBrook,15259155,7086,40,-143
2026-07-29T00:05:35.823821+00:00,1785283527,18705,531 WhiteRock/WillowBrook,15259155,8940,41,-170
2026-07-29T00:05:35.823821+00:00,1785283527,18705,531 WhiteRock/WillowBrook,15259155,5341,42,-180
2026-07-29T00:05:35.823821+00:00,1785283527,18705,531 WhiteRock/WillowBrook,15259155,5342,43,-180
2026-07-29T00:05:35.823821+00:00,1785283527,18705,531 WhiteRock/WillowBrook,15259155,12293,44,-163
2026-07-29T00:05:35.823821+00:00,1785283527,18705,531 WhiteRock/WillowBrook,15259155,12173,45,-99
2026-07-29T00:05:35.823821+00:00,1785283527,18705,531 WhiteRock/WillowBrook,15259155,9291,46,-126
2026-07-29T00:05:35.823821+00:00,1785283527,18705,531 WhiteRock/WillowBrook,15259155,9292,47,-132
2026-07-29T00:05:35.823821+00:00,1785283527,18705,531 WhiteRock/WillowBrook,15259155,11264,48,-107
2026-07-29T00:05:35.823821+00:00,1785283527,18705,531 WhiteRock/WillowBrook,15259155,9303,49,-103
2026-07-29T00:05:35.823821+00:00,1785283527,18705,531 WhiteRock/WillowBrook,15259155,9304,50,-108
2026-07-29T00:05:35.823821+00:00,1785283527,18705,531 WhiteRock/WillowBrook,15259155,6475,51,-60
2026-07-29T00:05:35.823821+00:00,1785283527,18705,531 WhiteRock/WillowBrook,15259155,6476,52,-68
2026-07-29T00:05:35.823821+00:00,1785283527,18705,531 WhiteRock/WillowBrook,15259155,5335,53,-64
2026-07-29T00:05:35.823821+00:00,1785283527,18705,531 WhiteRock/WillowBrook,15259155,7100,54,-34
2026-07-29T00:05:35.823821+00:00,1785283527,18705,531 WhiteRock/WillowBrook,15259176,11924,17,-183
2026-07-29T00:05:35.823821+00:00,1785283527,18705,531 WhiteRock/WillowBrook,15259176,13131,18,-222
2026-07-29T00:05:35.823821+00:00,1785283527,18705,531 WhiteRock/WillowBrook,15259176,11923,19,-250
2026-07-29T00:05:35.823821+00:00,1785283527,18705,531 WhiteRock/WillowBrook,15259176,12597,20,-321
2026-07-29T00:05:35.823821+00:00,1785283527,18705,531 WhiteRock/WillowBrook,15259176,11922,21,-335
2026-07-29T00:05:35.823821+00:00,1785283527,18705,531 WhiteRock/WillowBrook,15259176,11744,22,-321
2026-07-29T00:05:35.823821+00:00,1785283527,18705,531 WhiteRock/WillowBrook,15259176,11839,23,-348
2026-07-29T00:05:35.823821+00:00,1785283527,18705,531 WhiteRock/WillowBrook,15259176,12922,24,-365
2026-07-29T00:05:35.823821+00:00,1785283527,18705,531 WhiteRock/WillowBrook,15259176,12923,25,-401
2026-07-29T00:05:35.823821+00:00,1785283527,18705,531 WhiteRock/WillowBrook,15259176,12925,26,-401
2026-07-29T00:05:35.823821+00:00,1785283527,18705,531 WhiteRock/WillowBrook,15259176,12928,27,-428
2026-07-29T00:05:35.823821+00:00,1785283527,18705,531 WhiteRock/WillowBrook,15259176,12930,28,-452
2026-07-29T00:05:35.823821+00:00,1785283527,18705,531 WhiteRock/WillowBrook,15259176,13042,29,-467
2026-07-29T00:05:35.823821+00:00,1785283527,18705,531 WhiteRock/WillowBrook,15259176,8936,30,-456
2026-07-29T00:05:35.823821+00:00,1785283527,18705,531 WhiteRock/WillowBrook,15259176,9030,31,-469
2026-07-29T00:05:35.823821+00:00,1785283527,18705,531 WhiteRock/WillowBrook,15259176,8937,32,-490
2026-07-29T00:05:35.823821+00:00,1785283527,18705,531 WhiteRock/WillowBrook,15259176,8938,33,-492
2026-07-29T00:05:35.823821+00:00,1785283527,18705,531 WhiteRock/WillowBrook,15259176,7081,34,-499
2026-07-29T00:05:35.823821+00:00,1785283527,18705,531 WhiteRock/WillowBrook,15259176,7082,35,-507
2026-07-29T00:05:35.823821+00:00,1785283527,18705,531 WhiteRock/WillowBrook,15259176,7083,36,-536
2026-07-29T00:05:35.823821+00:00,1785283527,18705,531 WhiteRock/WillowBrook,15259176,7084,37,-555
2026-07-29T00:05:35.823821+00:00,1785283527,18705,531 WhiteRock/WillowBrook,15259176,7085,38,-590
2026-07-29T00:05:35.823821+00:00,1785283527,18705,531 WhiteRock/WillowBrook,15259176,8939,39,-601
2026-07-29T00:05:35.823821+00:00,1785283527,18705,531 WhiteRock/WillowBrook,15259176,7086,40,-613
2026-07-29T00:05:35.823821+00:00,1785283527,18705,531 WhiteRock/WillowBrook,15259176,8940,41,-638
2026-07-29T00:05:35.823821+00:00,1785283527,18705,531 WhiteRock/WillowBrook,15259176,5341,42,-648
2026-07-29T00:05:35.823821+00:00,1785283527,18705,531 WhiteRock/WillowBrook,15259176,5342,43,-647
2026-07-29T00:05:35.823821+00:00,1785283527,18705,531 WhiteRock/WillowBrook,15259176,12293,44,-628
2026-07-29T00:05:35.823821+00:00,1785283527,18705,531 WhiteRock/WillowBrook,15259176,12173,45,-563
2026-07-29T00:05:35.823821+00:00,1785283527,18705,531 WhiteRock/WillowBrook,15259176,9291,46,-590
2026-07-29T00:05:35.823821+00:00,1785283527,18705,531 WhiteRock/WillowBrook,15259176,9292,47,-595
2026-07-29T00:05:35.823821+00:00,1785283527,18705,531 WhiteRock/WillowBrook,15259176,11264,48,-566
2026-07-29T00:05:35.823821+00:00,1785283527,18705,531 WhiteRock/WillowBrook,15259176,9303,49,-559
2026-07-29T00:05:35.823821+00:00,1785283527,18705,531 WhiteRock/WillowBrook,15259176,9304,50,-563
2026-07-29T00:05:35.823821+00:00,1785283527,18705,531 WhiteRock/WillowBrook,15259176,6475,51,-520
2026-07-29T00:05:35.823821+00:00,1785283527,18705,531 WhiteRock/WillowBrook,15259176,6476,52,-528
2026-07-29T00:05:35.823821+00:00,1785283527,18705,531 WhiteRock/WillowBrook,15259176,5335,53,-522
2026-07-29T00:05:35.823821+00:00,1785283527,18705,531 WhiteRock/WillowBrook,15259176,7100,54,-487
2026-07-29T00:05:35.823821+00:00,1785283527,18705,531 WhiteRock/WillowBrook,15259208,11751,30,398
2026-07-29T00:05:35.823821+00:00,1785283527,18705,531 WhiteRock/WillowBrook,15259208,11750,31,354
2026-07-29T00:05:35.823821+00:00,1785283527,18705,531 WhiteRock/WillowBrook,15259208,11747,32,325
2026-07-29T00:05:35.823821+00:00,1785283527,18705,531 WhiteRock/WillowBrook,15259208,11745,33,322
2026-07-29T00:05:35.823821+00:00,1785283527,18705,531 WhiteRock/WillowBrook,15259208,13040,34,314
2026-07-29T00:05:35.823821+00:00,1785283527,18705,531 WhiteRock/WillowBrook,15259208,12598,35,288
2026-07-29T00:05:35.823821+00:00,1785283527,18705,531 WhiteRock/WillowBrook,15259208,11920,36,226
2026-07-29T00:05:35.823821+00:00,1785283527,18705,531 WhiteRock/WillowBrook,15259208,13130,37,188
2026-07-29T00:05:35.823821+00:00,1785283527,18705,531 WhiteRock/WillowBrook,15259208,11925,38,150
2026-07-29T00:05:35.823821+00:00,1785283527,18705,531 WhiteRock/WillowBrook,15259208,12219,39,121
2026-07-29T00:05:35.823821+00:00,1785283527,18705,531 WhiteRock/WillowBrook,15259208,11741,40,-27
2026-07-29T00:05:35.823821+00:00,1785283527,18705,531 WhiteRock/WillowBrook,15259208,11740,41,-47
2026-07-29T00:05:35.823821+00:00,1785283527,18705,531 WhiteRock/WillowBrook,15259208,11739,42,4
2026-07-29T00:05:35.823821+00:00,1785283527,18705,531 WhiteRock/WillowBrook,15259208,11737,43,50
2026-07-29T00:05:35.823821+00:00,1785283527,18705,531 WhiteRock/WillowBrook,15259208,11757,44,20
2026-07-29T00:05:35.823821+00:00,1785283527,18705,531 WhiteRock/WillowBrook,15259208,11735,45,59
2026-07-29T00:05:35.823821+00:00,1785283527,18705,531 WhiteRock/WillowBrook,15259208,11756,46,66
2026-07-29T00:05:35.823821+00:00,1785283527,18705,531 WhiteRock/WillowBrook,15259208,5535,47,95
2026-07-29T00:05:35.823821+00:00,1785283527,18705,531 WhiteRock/WillowBrook,15259208,5536,48,69
2026-07-29T00:05:35.823821+00:00,1785283527,18705,531 WhiteRock/WillowBrook,15259208,5537,49,68
2026-07-29T00:05:35.823821+00:00,1785283527,18705,531 WhiteRock/WillowBrook,15259208,5538,50,61
2026-07-29T00:05:35.823821+00:00,1785283527,18705,531 WhiteRock/WillowBrook,15259208,5539,51,63
2026-07-29T00:05:35.823821+00:00,1785283527,18705,531 WhiteRock/WillowBrook,15259208,5540,52,59
2026-07-29T00:05:35.823821+00:00,1785283527,18705,531 WhiteRock/WillowBrook,15259209,7171,15,166
2026-07-29T00:05:35.823821+00:00,1785283527,18705,531 WhiteRock/WillowBrook,15259209,7172,16,129
2026-07-29T00:05:35.823821+00:00,1785283527,18705,531 WhiteRock/WillowBrook,15259209,7173,17,117
2026-07-29T00:05:35.823821+00:00,1785283527,18705,531 WhiteRock/WillowBrook,15259209,7174,18,77
2026-07-29T00:05:35.823821+00:00,1785283527,18705,531 WhiteRock/WillowBrook,15259209,7175,19,63
2026-07-29T00:05:35.823821+00:00,1785283527,18705,531 WhiteRock/WillowBrook,15259209,7176,20,34
2026-07-29T00:05:35.823821+00:00,1785283527,18705,531 WhiteRock/WillowBrook,15259209,7177,21,38
2026-07-29T00:05:35.823821+00:00,1785283527,18705,531 WhiteRock/WillowBrook,15259209,8948,22,10
2026-07-29T00:05:35.823821+00:00,1785283527,18705,531 WhiteRock/WillowBrook,15259209,9031,23,-8
2026-07-29T00:05:35.823821+00:00,1785283527,18705,531 WhiteRock/WillowBrook,15259209,12931,24,-12
2026-07-29T00:05:35.823821+00:00,1785283527,18705,531 WhiteRock/WillowBrook,15259209,13041,25,-47
2026-07-29T00:05:35.823821+00:00,1785283527,18705,531 WhiteRock/WillowBrook,15259209,12929,26,-66
2026-07-29T00:05:35.823821+00:00,1785283527,18705,531 WhiteRock/WillowBrook,15259209,12927,27,-96
2026-07-29T00:05:35.823821+00:00,1785283527,18705,531 WhiteRock/WillowBrook,15259209,12926,28,-93
2026-07-29T00:05:35.823821+00:00,1785283527,18705,531 WhiteRock/WillowBrook,15259209,12924,29,-112
2026-07-29T00:05:35.823821+00:00,1785283527,18705,531 WhiteRock/WillowBrook,15259209,11751,30,-105
2026-07-29T00:05:35.823821+00:00,1785283527,18705,531 WhiteRock/WillowBrook,15259209,11750,31,-145
2026-07-29T00:05:35.823821+00:00,1785283527,18705,531 WhiteRock/WillowBrook,15259209,11747,32,-173
2026-07-29T00:05:35.823821+00:00,1785283527,18705,531 WhiteRock/WillowBrook,15259209,11745,33,-176
2026-07-29T00:05:35.823821+00:00,1785283527,18705,531 WhiteRock/WillowBrook,15259209,13040,34,-184
2026-07-29T00:05:35.823821+00:00,1785283527,18705,531 WhiteRock/WillowBrook,15259209,12598,35,-210
2026-07-29T00:05:35.823821+00:00,1785283527,18705,531 WhiteRock/WillowBrook,15259209,11920,36,-269
2026-07-29T00:05:35.823821+00:00,1785283527,18705,531 WhiteRock/WillowBrook,15259209,13130,37,-307
2026-07-29T00:05:35.823821+00:00,1785283527,18705,531 WhiteRock/WillowBrook,15259209,11925,38,-345
2026-07-29T00:05:35.823821+00:00,1785283527,18705,531 WhiteRock/WillowBrook,15259209,12219,39,-373
2026-07-29T00:05:35.823821+00:00,1785283527,18705,531 WhiteRock/WillowBrook,15259209,11741,40,-520
2026-07-29T00:05:35.823821+00:00,1785283527,18705,531 WhiteRock/WillowBrook,15259209,11740,41,-540
2026-07-29T00:05:35.823821+00:00,1785283527,18705,531 WhiteRock/WillowBrook,15259209,11739,42,-492
2026-07-29T00:05:35.823821+00:00,1785283527,18705,531 WhiteRock/WillowBrook,15259209,11737,43,-447
2026-07-29T00:05:35.823821+00:00,1785283527,18705,531 WhiteRock/WillowBrook,15259209,11757,44,-477
2026-07-29T00:05:35.823821+00:00,1785283527,18705,531 WhiteRock/WillowBrook,15259209,11735,45,-438
2026-07-29T00:05:35.823821+00:00,1785283527,18705,531 WhiteRock/WillowBrook,15259209,11756,46,-431
2026-07-29T00:05:35.823821+00:00,1785283527,18705,531 WhiteRock/WillowBrook,15259209,5535,47,-398
2026-07-29T00:05:35.823821+00:00,1785283527,18705,531 WhiteRock/WillowBrook,15259209,5536,48,-424
2026-07-29T00:05:35.823821+00:00,1785283527,18705,531 WhiteRock/WillowBrook,15259209,5537,49,-424
2026-07-29T00:05:35.823821+00:00,1785283527,18705,531 WhiteRock/WillowBrook,15259209,5538,50,-431
2026-07-29T00:05:35.823821+00:00,1785283527,18705,531 WhiteRock/WillowBrook,15259209,5539,51,-425
2026-07-29T00:05:35.823821+00:00,1785283527,18705,531 WhiteRock/WillowBrook,15259209,5540,52,-417
2026-07-29T00:05:35.823821+00:00,1785283527,18705,531 WhiteRock/WillowBrook,15259221,5535,47,32
2026-07-29T00:05:35.823821+00:00,1785283527,18705,531 WhiteRock/WillowBrook,15259221,5536,48,8
2026-07-29T00:05:35.823821+00:00,1785283527,18705,531 WhiteRock/WillowBrook,15259221,5537,49,8
2026-07-29T00:05:35.823821+00:00,1785283527,18705,531 WhiteRock/WillowBrook,15259221,5538,50,1
2026-07-29T00:05:35.823821+00:00,1785283527,18705,531 WhiteRock/WillowBrook,15259221,5539,51,12
2026-07-29T00:05:35.823821+00:00,1785283527,18705,531 WhiteRock/WillowBrook,15259221,5540,52,19
2026-07-29T00:05:35.823821+00:00,1785283527,18705,531 WhiteRock/WillowBrook,15259222,11754,1,0
2026-07-29T00:05:35.823821+00:00,1785283527,18705,531 WhiteRock/WillowBrook,15259222,6473,2,0
2026-07-29T00:05:35.823821+00:00,1785283527,18705,531 WhiteRock/WillowBrook,15259222,6474,3,0
2026-07-29T00:05:35.823821+00:00,1785283527,18705,531 WhiteRock/WillowBrook,15259222,9306,4,0
2026-07-29T00:05:35.823821+00:00,1785283527,18705,531 WhiteRock/WillowBrook,15259222,11125,5,0
2026-07-29T00:05:35.823821+00:00,1785283527,18705,531 WhiteRock/WillowBrook,15259222,9294,6,0
2026-07-29T00:05:35.823821+00:00,1785283527,18705,531 WhiteRock/WillowBrook,15259222,9293,7,0
2026-07-29T00:05:35.823821+00:00,1785283527,18705,531 WhiteRock/WillowBrook,15259222,11126,8,0
2026-07-29T00:05:35.823821+00:00,1785283527,18705,531 WhiteRock/WillowBrook,15259222,7094,9,0
2026-07-29T00:05:35.823821+00:00,1785283527,18705,531 WhiteRock/WillowBrook,15259222,7166,10,0
2026-07-29T00:05:35.823821+00:00,1785283527,18705,531 WhiteRock/WillowBrook,15259222,7092,11,0
2026-07-29T00:05:35.823821+00:00,1785283527,18705,531 WhiteRock/WillowBrook,15259222,10747,12,0
2026-07-29T00:05:35.823821+00:00,1785283527,18705,531 WhiteRock/WillowBrook,15259222,5364,13,0
2026-07-29T00:05:35.823821+00:00,1785283527,18705,531 WhiteRock/WillowBrook,15259222,11775,14,0
2026-07-29T00:05:35.823821+00:00,1785283527,18705,531 WhiteRock/WillowBrook,15259222,7171,15,0
2026-07-29T00:05:35.823821+00:00,1785283527,18705,531 WhiteRock/WillowBrook,15259222,7172,16,0
2026-07-29T00:05:35.823821+00:00,1785283527,18705,531 WhiteRock/WillowBrook,15259222,7173,17,0
2026-07-29T00:05:35.823821+00:00,1785283527,18705,531 WhiteRock/WillowBrook,15259222,7174,18,0
2026-07-29T00:05:35.823821+00:00,1785283527,18705,531 WhiteRock/WillowBrook,15259222,7175,19,0
2026-07-29T00:05:35.823821+00:00,1785283527,18705,531 WhiteRock/WillowBrook,15259222,7176,20,0
2026-07-29T00:05:35.823821+00:00,1785283527,18705,531 WhiteRock/WillowBrook,15259222,7177,21,0
2026-07-29T00:05:35.823821+00:00,1785283527,18705,531 WhiteRock/WillowBrook,15259222,8948,22,0
2026-07-29T00:05:35.823821+00:00,1785283527,18705,531 WhiteRock/WillowBrook,15259222,9031,23,0
2026-07-29T00:05:35.823821+00:00,1785283527,18705,531 WhiteRock/WillowBrook,15259222,12931,24,0
2026-07-29T00:05:35.823821+00:00,1785283527,18705,531 WhiteRock/WillowBrook,15259222,13041,25,0
2026-07-29T00:05:35.823821+00:00,1785283527,18705,531 WhiteRock/WillowBrook,15259222,12929,26,0
2026-07-29T00:05:35.823821+00:00,1785283527,18705,531 WhiteRock/WillowBrook,15259222,12927,27,0
2026-07-29T00:05:35.823821+00:00,1785283527,18705,531 WhiteRock/WillowBrook,15259222,12926,28,0
2026-07-29T00:05:35.823821+00:00,1785283527,18705,531 WhiteRock/WillowBrook,15259222,12924,29,0
2026-07-29T00:05:35.823821+00:00,1785283527,18705,531 WhiteRock/WillowBrook,15259222,11751,30,0
2026-07-29T00:05:35.823821+00:00,1785283527,18705,531 WhiteRock/WillowBrook,15259222,11750,31,0
2026-07-29T00:05:35.823821+00:00,1785283527,18705,531 WhiteRock/WillowBrook,15259222,11747,32,0
2026-07-29T00:05:35.823821+00:00,1785283527,18705,531 WhiteRock/WillowBrook,15259222,11745,33,0
2026-07-29T00:05:35.823821+00:00,1785283527,18705,531 WhiteRock/WillowBrook,15259222,13040,34,0
2026-07-29T00:05:35.823821+00:00,1785283527,18705,531 WhiteRock/WillowBrook,15259222,12598,35,0
2026-07-29T00:05:35.823821+00:00,1785283527,18705,531 WhiteRock/WillowBrook,15259222,11920,36,0
2026-07-29T00:05:35.823821+00:00,1785283527,18705,531 WhiteRock/WillowBrook,15259222,13130,37,0
2026-07-29T00:05:35.823821+00:00,1785283527,18705,531 WhiteRock/WillowBrook,15259222,11925,38,0
2026-07-29T00:05:35.823821+00:00,1785283527,18705,531 WhiteRock/WillowBrook,15259222,12219,39,0
2026-07-29T00:05:35.823821+00:00,1785283527,18705,531 WhiteRock/WillowBrook,15259222,11741,40,0
2026-07-29T00:05:35.823821+00:00,1785283527,18705,531 WhiteRock/WillowBrook,15259222,11740,41,0
2026-07-29T00:05:35.823821+00:00,1785283527,18705,531 WhiteRock/WillowBrook,15259222,11739,42,0
2026-07-29T00:05:35.823821+00:00,1785283527,18705,531 WhiteRock/WillowBrook,15259222,11737,43,0
2026-07-29T00:05:35.823821+00:00,1785283527,18705,531 WhiteRock/WillowBrook,15259222,11757,44,0
2026-07-29T00:05:35.823821+00:00,1785283527,18705,531 WhiteRock/WillowBrook,15259222,11735,45,0
2026-07-29T00:05:35.823821+00:00,1785283527,18705,531 WhiteRock/WillowBrook,15259222,11756,46,0
2026-07-29T00:05:35.823821+00:00,1785283527,18705,531 WhiteRock/WillowBrook,15259222,5535,47,0
2026-07-29T00:05:35.823821+00:00,1785283527,18705,531 WhiteRock/WillowBrook,15259222,5536,48,0
2026-07-29T00:05:35.823821+00:00,1785283527,18705,531 WhiteRock/WillowBrook,15259222,5537,49,0
2026-07-29T00:05:35.823821+00:00,1785283527,18705,531 WhiteRock/WillowBrook,15259222,5538,50,0
2026-07-29T00:05:35.823821+00:00,1785283527,18705,531 WhiteRock/WillowBrook,15259222,5539,51,0
2026-07-29T00:05:35.823821+00:00,1785283527,18705,531 WhiteRock/WillowBrook,15259222,5540,52,0
2026-07-29T00:10:38.423945+00:00,1785283827,6705,321 Surrey Central/WhiteRock,15247049,10442,57,234
2026-07-29T00:10:38.423945+00:00,1785283827,6705,321 Surrey Central/WhiteRock,15247049,9929,58,255
2026-07-29T00:10:38.423945+00:00,1785283827,6705,321 Surrey Central/WhiteRock,15247049,9930,59,199
2026-07-29T00:10:38.423945+00:00,1785283827,6705,321 Surrey Central/WhiteRock,15247049,9932,60,101
2026-07-29T00:10:38.423945+00:00,1785283827,6705,321 Surrey Central/WhiteRock,15247050,5040,53,-66
2026-07-29T00:10:38.423945+00:00,1785283827,6705,321 Surrey Central/WhiteRock,15247050,5041,54,-60
2026-07-29T00:10:38.423945+00:00,1785283827,6705,321 Surrey Central/WhiteRock,15247050,12155,55,-48
2026-07-29T00:10:38.423945+00:00,1785283827,6705,321 Surrey Central/WhiteRock,15247050,11882,56,0
2026-07-29T00:10:38.423945+00:00,1785283827,6705,321 Surrey Central/WhiteRock,15247050,10442,57,81
2026-07-29T00:10:38.423945+00:00,1785283827,6705,321 Surrey Central/WhiteRock,15247050,9929,58,101
2026-07-29T00:10:38.423945+00:00,1785283827,6705,321 Surrey Central/WhiteRock,15247050,9930,59,44
2026-07-29T00:10:38.423945+00:00,1785283827,6705,321 Surrey Central/WhiteRock,15247050,9932,60,-54
2026-07-29T00:10:38.423945+00:00,1785283827,6705,321 Surrey Central/WhiteRock,15247051,5467,41,202
2026-07-29T00:10:38.423945+00:00,1785283827,6705,321 Surrey Central/WhiteRock,15247051,5468,42,176
2026-07-29T00:10:38.423945+00:00,1785283827,6705,321 Surrey Central/WhiteRock,15247051,5469,43,144
2026-07-29T00:10:38.423945+00:00,1785283827,6705,321 Surrey Central/WhiteRock,15247051,5470,44,118
2026-07-29T00:10:38.423945+00:00,1785283827,6705,321 Surrey Central/WhiteRock,15247051,5471,45,83
2026-07-29T00:10:38.423945+00:00,1785283827,6705,321 Surrey Central/WhiteRock,15247051,5472,46,56
2026-07-29T00:10:38.423945+00:00,1785283827,6705,321 Surrey Central/WhiteRock,15247051,5473,47,5
2026-07-29T00:10:38.423945+00:00,1785283827,6705,321 Surrey Central/WhiteRock,15247051,5474,48,-1
2026-07-29T00:10:38.423945+00:00,1785283827,6705,321 Surrey Central/WhiteRock,15247051,5475,49,-50
2026-07-29T00:10:38.423945+00:00,1785283827,6705,321 Surrey Central/WhiteRock,15247051,5476,50,-78
2026-07-29T00:10:38.423945+00:00,1785283827,6705,321 Surrey Central/WhiteRock,15247051,5477,51,-100
2026-07-29T00:10:38.423945+00:00,1785283827,6705,321 Surrey Central/WhiteRock,15247051,11725,52,-126
2026-07-29T00:10:38.423945+00:00,1785283827,6705,321 Surrey Central/WhiteRock,15247051,5040,53,-109
2026-07-29T00:10:38.423945+00:00,1785283827,6705,321 Surrey Central/WhiteRock,15247051,5041,54,-103
2026-07-29T00:10:38.423945+00:00,1785283827,6705,321 Surrey Central/WhiteRock,15247051,12155,55,-92
2026-07-29T00:10:38.423945+00:00,1785283827,6705,321 Surrey Central/WhiteRock,15247051,11882,56,0
2026-07-29T00:10:38.423945+00:00,1785283827,6705,321 Surrey Central/WhiteRock,15247051,10442,57,93
2026-07-29T00:10:38.423945+00:00,1785283827,6705,321 Surrey Central/WhiteRock,15247051,9929,58,121
2026-07-29T00:10:38.423945+00:00,1785283827,6705,321 Surrey Central/WhiteRock,15247051,9930,59,71
2026-07-29T00:10:38.423945+00:00,1785283827,6705,321 Surrey Central/WhiteRock,15247051,9932,60,-15
2026-07-29T00:10:38.423945+00:00,1785283827,6705,321 Surrey Central/WhiteRock,15247053,5438,11,173
2026-07-29T00:10:38.423945+00:00,1785283827,6705,321 Surrey Central/WhiteRock,15247053,5439,12,190
2026-07-29T00:10:38.423945+00:00,1785283827,6705,321 Surrey Central/WhiteRock,15247053,5440,13,169
2026-07-29T00:10:38.423945+00:00,1785283827,6705,321 Surrey Central/WhiteRock,15247053,5441,14,212
2026-07-29T00:10:38.423945+00:00,1785283827,6705,321 Surrey Central/WhiteRock,15247053,5442,15,189
2026-07-29T00:10:38.423945+00:00,1785283827,6705,321 Surrey Central/WhiteRock,15247053,5444,16,197
2026-07-29T00:10:38.423945+00:00,1785283827,6705,321 Surrey Central/WhiteRock,15247053,9083,17,169
2026-07-29T00:10:38.423945+00:00,1785283827,6705,321 Surrey Central/WhiteRock,15247053,5446,18,176
2026-07-29T00:10:38.423945+00:00,1785283827,6705,321 Surrey Central/WhiteRock,15247053,10445,19,169
2026-07-29T00:10:38.423945+00:00,1785283827,6705,321 Surrey Central/WhiteRock,15247053,5447,20,134
2026-07-29T00:10:38.423945+00:00,1785283827,6705,321 Surrey Central/WhiteRock,15247053,5448,21,145
2026-07-29T00:10:38.423945+00:00,1785283827,6705,321 Surrey Central/WhiteRock,15247053,10437,22,140
2026-07-29T00:10:38.423945+00:00,1785283827,6705,321 Surrey Central/WhiteRock,15247053,5449,23,84
2026-07-29T00:10:38.423945+00:00,1785283827,6705,321 Surrey Central/WhiteRock,15247053,11313,24,42
2026-07-29T00:10:38.423945+00:00,1785283827,6705,321 Surrey Central/WhiteRock,15247053,10808,25,-107
2026-07-29T00:10:38.423945+00:00,1785283827,6705,321 Surrey Central/WhiteRock,15247053,5452,26,-177
2026-07-29T00:10:38.423945+00:00,1785283827,6705,321 Surrey Central/WhiteRock,15247053,11913,27,-196
2026-07-29T00:10:38.423945+00:00,1785283827,6705,321 Surrey Central/WhiteRock,15247053,5454,28,-210
2026-07-29T00:10:38.423945+00:00,1785283827,6705,321 Surrey Central/WhiteRock,15247053,5455,29,-213
2026-07-29T00:10:38.423945+00:00,1785283827,6705,321 Surrey Central/WhiteRock,15247053,5456,30,-105
2026-07-29T00:10:38.423945+00:00,1785283827,6705,321 Surrey Central/WhiteRock,15247053,12651,31,-134
2026-07-29T00:10:38.423945+00:00,1785283827,6705,321 Surrey Central/WhiteRock,15247053,5458,32,-135
2026-07-29T00:10:38.423945+00:00,1785283827,6705,321 Surrey Central/WhiteRock,15247053,5459,33,-127
2026-07-29T00:10:38.423945+00:00,1785283827,6705,321 Surrey Central/WhiteRock,15247053,5460,34,-134
2026-07-29T00:10:38.423945+00:00,1785283827,6705,321 Surrey Central/WhiteRock,15247053,5461,35,-143
2026-07-29T00:10:38.423945+00:00,1785283827,6705,321 Surrey Central/WhiteRock,15247053,5462,36,-150
2026-07-29T00:10:38.423945+00:00,1785283827,6705,321 Surrey Central/WhiteRock,15247053,5463,37,-87
2026-07-29T00:10:38.423945+00:00,1785283827,6705,321 Surrey Central/WhiteRock,15247053,5700,38,33
2026-07-29T00:10:38.423945+00:00,1785283827,6705,321 Surrey Central/WhiteRock,15247053,5465,39,31
2026-07-29T00:10:38.423945+00:00,1785283827,6705,321 Surrey Central/WhiteRock,15247053,5466,40,-15
2026-07-29T00:10:38.423945+00:00,1785283827,6705,321 Surrey Central/WhiteRock,15247053,5467,41,3
2026-07-29T00:10:38.423945+00:00,1785283827,6705,321 Surrey Central/WhiteRock,15247053,5468,42,-26
2026-07-29T00:10:38.423945+00:00,1785283827,6705,321 Surrey Central/WhiteRock,15247053,5469,43,-64
2026-07-29T00:10:38.423945+00:00,1785283827,6705,321 Surrey Central/WhiteRock,15247053,5470,44,-91
2026-07-29T00:10:38.423945+00:00,1785283827,6705,321 Surrey Central/WhiteRock,15247053,5471,45,-126
2026-07-29T00:10:38.423945+00:00,1785283827,6705,321 Surrey Central/WhiteRock,15247053,5472,46,-154
2026-07-29T00:10:38.423945+00:00,1785283827,6705,321 Surrey Central/WhiteRock,15247053,5473,47,-206
2026-07-29T00:10:38.423945+00:00,1785283827,6705,321 Surrey Central/WhiteRock,15247053,5474,48,-212
2026-07-29T00:10:38.423945+00:00,1785283827,6705,321 Surrey Central/WhiteRock,15247053,5475,49,-262
2026-07-29T00:10:38.423945+00:00,1785283827,6705,321 Surrey Central/WhiteRock,15247053,5476,50,-293
2026-07-29T00:10:38.423945+00:00,1785283827,6705,321 Surrey Central/WhiteRock,15247053,5477,51,-315
2026-07-29T00:10:38.423945+00:00,1785283827,6705,321 Surrey Central/WhiteRock,15247053,11725,52,-341
2026-07-29T00:10:38.423945+00:00,1785283827,6705,321 Surrey Central/WhiteRock,15247053,5040,53,-327
2026-07-29T00:10:38.423945+00:00,1785283827,6705,321 Surrey Central/WhiteRock,15247053,5041,54,-321
2026-07-29T00:10:38.423945+00:00,1785283827,6705,321 Surrey Central/WhiteRock,15247053,12155,55,-310
2026-07-29T00:10:38.423945+00:00,1785283827,6705,321 Surrey Central/WhiteRock,15247053,11882,56,0
2026-07-29T00:10:38.423945+00:00,1785283827,6705,321 Surrey Central/WhiteRock,15247053,10442,57,79
2026-07-29T00:10:38.423945+00:00,1785283827,6705,321 Surrey Central/WhiteRock,15247053,9929,58,90
2026-07-29T00:10:38.423945+00:00,1785283827,6705,321 Surrey Central/WhiteRock,15247053,9930,59,39
2026-07-29T00:10:38.423945+00:00,1785283827,6705,321 Surrey Central/WhiteRock,15247053,9932,60,-47
2026-07-29T00:10:38.423945+00:00,1785283827,6705,321 Surrey Central/WhiteRock,15247054,6197,1,0
2026-07-29T00:10:38.423945+00:00,1785283827,6705,321 Surrey Central/WhiteRock,15247054,6198,2,0
2026-07-29T00:10:38.423945+00:00,1785283827,6705,321 Surrey Central/WhiteRock,15247054,6199,3,0
2026-07-29T00:10:38.423945+00:00,1785283827,6705,321 Surrey Central/WhiteRock,15247054,6200,4,0
2026-07-29T00:10:38.423945+00:00,1785283827,6705,321 Surrey Central/WhiteRock,15247054,6201,5,0
2026-07-29T00:10:38.423945+00:00,1785283827,6705,321 Surrey Central/WhiteRock,15247054,6354,6,0
2026-07-29T00:10:38.423945+00:00,1785283827,6705,321 Surrey Central/WhiteRock,15247054,6355,7,0
2026-07-29T00:10:38.423945+00:00,1785283827,6705,321 Surrey Central/WhiteRock,15247054,6356,8,0
2026-07-29T00:10:38.423945+00:00,1785283827,6705,321 Surrey Central/WhiteRock,15247054,6174,9,0
2026-07-29T00:10:38.423945+00:00,1785283827,6705,321 Surrey Central/WhiteRock,15247054,5437,10,0
2026-07-29T00:10:38.423945+00:00,1785283827,6705,321 Surrey Central/WhiteRock,15247054,5438,11,0
2026-07-29T00:10:38.423945+00:00,1785283827,6705,321 Surrey Central/WhiteRock,15247054,5439,12,0
2026-07-29T00:10:38.423945+00:00,1785283827,6705,321 Surrey Central/WhiteRock,15247054,5440,13,0
2026-07-29T00:10:38.423945+00:00,1785283827,6705,321 Surrey Central/WhiteRock,15247054,5441,14,0
2026-07-29T00:10:38.423945+00:00,1785283827,6705,321 Surrey Central/WhiteRock,15247054,5442,15,0
2026-07-29T00:10:38.423945+00:00,1785283827,6705,321 Surrey Central/WhiteRock,15247054,5444,16,0
2026-07-29T00:10:38.423945+00:00,1785283827,6705,321 Surrey Central/WhiteRock,15247054,9083,17,0
2026-07-29T00:10:38.423945+00:00,1785283827,6705,321 Surrey Central/WhiteRock,15247054,5446,18,0
2026-07-29T00:10:38.423945+00:00,1785283827,6705,321 Surrey Central/WhiteRock,15247054,10445,19,0
2026-07-29T00:10:38.423945+00:00,1785283827,6705,321 Surrey Central/WhiteRock,15247054,5447,20,0
2026-07-29T00:10:38.423945+00:00,1785283827,6705,321 Surrey Central/WhiteRock,15247054,5448,21,0
2026-07-29T00:10:38.423945+00:00,1785283827,6705,321 Surrey Central/WhiteRock,15247054,10437,22,0
2026-07-29T00:10:38.423945+00:00,1785283827,6705,321 Surrey Central/WhiteRock,15247054,5449,23,0
2026-07-29T00:10:38.423945+00:00,1785283827,6705,321 Surrey Central/WhiteRock,15247054,11313,24,0
2026-07-29T00:10:38.423945+00:00,1785283827,6705,321 Surrey Central/WhiteRock,15247054,10808,25,0
2026-07-29T00:10:38.423945+00:00,1785283827,6705,321 Surrey Central/WhiteRock,15247054,5452,26,0
2026-07-29T00:10:38.423945+00:00,1785283827,6705,321 Surrey Central/WhiteRock,15247054,11913,27,0
2026-07-29T00:10:38.423945+00:00,1785283827,6705,321 Surrey Central/WhiteRock,15247054,5454,28,0
2026-07-29T00:10:38.423945+00:00,1785283827,6705,321 Surrey Central/WhiteRock,15247054,5455,29,0
2026-07-29T00:10:38.423945+00:00,1785283827,6705,321 Surrey Central/WhiteRock,15247054,5456,30,0
2026-07-29T00:10:38.423945+00:00,1785283827,6705,321 Surrey Central/WhiteRock,15247054,12651,31,0
2026-07-29T00:10:38.423945+00:00,1785283827,6705,321 Surrey Central/WhiteRock,15247054,5458,32,0
2026-07-29T00:10:38.423945+00:00,1785283827,6705,321 Surrey Central/WhiteRock,15247054,5459,33,0
2026-07-29T00:10:38.423945+00:00,1785283827,6705,321 Surrey Central/WhiteRock,15247054,5460,34,0
2026-07-29T00:10:38.423945+00:00,1785283827,6705,321 Surrey Central/WhiteRock,15247054,5461,35,0
2026-07-29T00:10:38.423945+00:00,1785283827,6705,321 Surrey Central/WhiteRock,15247054,5462,36,0
2026-07-29T00:10:38.423945+00:00,1785283827,6705,321 Surrey Central/WhiteRock,15247054,5463,37,0
2026-07-29T00:10:38.423945+00:00,1785283827,6705,321 Surrey Central/WhiteRock,15247054,5700,38,0
2026-07-29T00:10:38.423945+00:00,1785283827,6705,321 Surrey Central/WhiteRock,15247054,5465,39,0
2026-07-29T00:10:38.423945+00:00,1785283827,6705,321 Surrey Central/WhiteRock,15247054,5466,40,0
2026-07-29T00:10:38.423945+00:00,1785283827,6705,321 Surrey Central/WhiteRock,15247054,5467,41,0
2026-07-29T00:10:38.423945+00:00,1785283827,6705,321 Surrey Central/WhiteRock,15247054,5468,42,0
2026-07-29T00:10:38.423945+00:00,1785283827,6705,321 Surrey Central/WhiteRock,15247054,5469,43,0
2026-07-29T00:10:38.423945+00:00,1785283827,6705,321 Surrey Central/WhiteRock,15247054,5470,44,0
2026-07-29T00:10:38.423945+00:00,1785283827,6705,321 Surrey Central/WhiteRock,15247054,5471,45,0
2026-07-29T00:10:38.423945+00:00,1785283827,6705,321 Surrey Central/WhiteRock,15247054,5472,46,0
2026-07-29T00:10:38.423945+00:00,1785283827,6705,321 Surrey Central/WhiteRock,15247054,5473,47,0
2026-07-29T00:10:38.423945+00:00,1785283827,6705,321 Surrey Central/WhiteRock,15247054,5474,48,0
2026-07-29T00:10:38.423945+00:00,1785283827,6705,321 Surrey Central/WhiteRock,15247054,5475,49,0
2026-07-29T00:10:38.423945+00:00,1785283827,6705,321 Surrey Central/WhiteRock,15247054,5476,50,0
2026-07-29T00:10:38.423945+00:00,1785283827,6705,321 Surrey Central/WhiteRock,15247054,5477,51,0
2026-07-29T00:10:38.423945+00:00,1785283827,6705,321 Surrey Central/WhiteRock,15247054,11725,52,0
2026-07-29T00:10:38.423945+00:00,1785283827,6705,321 Surrey Central/WhiteRock,15247054,5040,53,0
2026-07-29T00:10:38.423945+00:00,1785283827,6705,321 Surrey Central/WhiteRock,15247054,5041,54,0
2026-07-29T00:10:38.423945+00:00,1785283827,6705,321 Surrey Central/WhiteRock,15247054,12155,55,0
2026-07-29T00:10:38.423945+00:00,1785283827,6705,321 Surrey Central/WhiteRock,15247054,11882,56,0
2026-07-29T00:10:38.423945+00:00,1785283827,6705,321 Surrey Central/WhiteRock,15247054,10442,57,0
2026-07-29T00:10:38.423945+00:00,1785283827,6705,321 Surrey Central/WhiteRock,15247054,9929,58,0
2026-07-29T00:10:38.423945+00:00,1785283827,6705,321 Surrey Central/WhiteRock,15247054,9930,59,0
2026-07-29T00:10:38.423945+00:00,1785283827,6705,321 Surrey Central/WhiteRock,15247054,9932,60,0
2026-07-29T00:10:38.423945+00:00,1785283827,6705,321 Surrey Central/WhiteRock,15247067,11913,27,-125
2026-07-29T00:10:38.423945+00:00,1785283827,6705,321 Surrey Central/WhiteRock,15247067,5454,28,-143
2026-07-29T00:10:38.423945+00:00,1785283827,6705,321 Surrey Central/WhiteRock,15247067,5455,29,-148
2026-07-29T00:10:38.423945+00:00,1785283827,6705,321 Surrey Central/WhiteRock,15247067,5456,30,-43
2026-07-29T00:10:38.423945+00:00,1785283827,6705,321 Surrey Central/WhiteRock,15247067,12651,31,-74
2026-07-29T00:10:38.423945+00:00,1785283827,6705,321 Surrey Central/WhiteRock,15247067,5458,32,-74
2026-07-29T00:10:38.423945+00:00,1785283827,6705,321 Surrey Central/WhiteRock,15247067,5459,33,-67
2026-07-29T00:10:38.423945+00:00,1785283827,6705,321 Surrey Central/WhiteRock,15247067,5460,34,-74
2026-07-29T00:10:38.423945+00:00,1785283827,6705,321 Surrey Central/WhiteRock,15247067,5461,35,-84
2026-07-29T00:10:38.423945+00:00,1785283827,6705,321 Surrey Central/WhiteRock,15247067,5462,36,-92
2026-07-29T00:10:38.423945+00:00,1785283827,6705,321 Surrey Central/WhiteRock,15247067,5463,37,-29
2026-07-29T00:10:38.423945+00:00,1785283827,6705,321 Surrey Central/WhiteRock,15247067,5700,38,86
2026-07-29T00:10:38.423945+00:00,1785283827,6705,321 Surrey Central/WhiteRock,15247067,5465,39,84
2026-07-29T00:10:38.423945+00:00,1785283827,6705,321 Surrey Central/WhiteRock,15247067,5466,40,38
2026-07-29T00:10:38.423945+00:00,1785283827,6705,321 Surrey Central/WhiteRock,15247067,5467,41,55
2026-07-29T00:10:38.423945+00:00,1785283827,6705,321 Surrey Central/WhiteRock,15247067,5468,42,27
2026-07-29T00:10:38.423945+00:00,1785283827,6705,321 Surrey Central/WhiteRock,15247067,5469,43,-8
2026-07-29T00:10:38.423945+00:00,1785283827,6705,321 Surrey Central/WhiteRock,15247067,5470,44,-34
2026-07-29T00:10:38.423945+00:00,1785283827,6705,321 Surrey Central/WhiteRock,15247067,5471,45,-69
2026-07-29T00:10:38.423945+00:00,1785283827,6705,321 Surrey Central/WhiteRock,15247067,5472,46,-100
2026-07-29T00:10:38.423945+00:00,1785283827,6705,321 Surrey Central/WhiteRock,15247067,5473,47,-151
2026-07-29T00:10:38.423945+00:00,1785283827,6705,321 Surrey Central/WhiteRock,15247067,5474,48,-159
2026-07-29T00:10:38.423945+00:00,1785283827,6705,321 Surrey Central/WhiteRock,15247067,5475,49,-209
2026-07-29T00:10:38.423945+00:00,1785283827,6705,321 Surrey Central/WhiteRock,15247067,5476,50,-242
2026-07-29T00:10:38.423945+00:00,1785283827,6705,321 Surrey Central/WhiteRock,15247067,5477,51,-264
2026-07-29T00:10:38.423945+00:00,1785283827,6705,321 Surrey Central/WhiteRock,15247067,11725,52,-290
2026-07-29T00:10:38.423945+00:00,1785283827,6705,321 Surrey Central/WhiteRock,15247067,5040,53,-279
2026-07-29T00:10:38.423945+00:00,1785283827,6705,321 Surrey Central/WhiteRock,15247067,5041,54,-274
2026-07-29T00:10:38.423945+00:00,1785283827,6705,321 Surrey Central/WhiteRock,15247067,12155,55,-263
2026-07-29T00:10:38.423945+00:00,1785283827,6705,321 Surrey Central/WhiteRock,15247067,11882,56,0
2026-07-29T00:10:38.423945+00:00,1785283827,6705,321 Surrey Central/WhiteRock,15247067,10442,57,94
2026-07-29T00:10:38.423945+00:00,1785283827,6705,321 Surrey Central/WhiteRock,15247067,9929,58,123
2026-07-29T00:10:38.423945+00:00,1785283827,6705,321 Surrey Central/WhiteRock,15247067,9930,59,73
2026-07-29T00:10:38.423945+00:00,1785283827,6705,321 Surrey Central/WhiteRock,15247067,9932,60,-15
2026-07-29T00:10:38.423945+00:00,1785283827,6705,321 Surrey Central/WhiteRock,15247080,5700,38,0
2026-07-29T00:10:38.423945+00:00,1785283827,6705,321 Surrey Central/WhiteRock,15247080,5465,39,-2
2026-07-29T00:10:38.423945+00:00,1785283827,6705,321 Surrey Central/WhiteRock,15247080,5466,40,-47
2026-07-29T00:10:38.423945+00:00,1785283827,6705,321 Surrey Central/WhiteRock,15247080,5467,41,-29
2026-07-29T00:10:38.423945+00:00,1785283827,6705,321 Surrey Central/WhiteRock,15247080,5468,42,-55
2026-07-29T00:10:38.423945+00:00,1785283827,6705,321 Surrey Central/WhiteRock,15247080,5469,43,-93
2026-07-29T00:10:38.423945+00:00,1785283827,6705,321 Surrey Central/WhiteRock,15247080,5470,44,-119
2026-07-29T00:10:38.423945+00:00,1785283827,6705,321 Surrey Central/WhiteRock,15247080,5471,45,-154
2026-07-29T00:10:38.423945+00:00,1785283827,6705,321 Surrey Central/WhiteRock,15247080,5472,46,-182
2026-07-29T00:10:38.423945+00:00,1785283827,6705,321 Surrey Central/WhiteRock,15247080,5473,47,-233
2026-07-29T00:10:38.423945+00:00,1785283827,6705,321 Surrey Central/WhiteRock,15247080,5474,48,-239
2026-07-29T00:10:38.423945+00:00,1785283827,6705,321 Surrey Central/WhiteRock,15247080,5475,49,-288
2026-07-29T00:10:38.423945+00:00,1785283827,6705,321 Surrey Central/WhiteRock,15247080,5476,50,-321
2026-07-29T00:10:38.423945+00:00,1785283827,6705,321 Surrey Central/WhiteRock,15247080,5477,51,-343
2026-07-29T00:10:38.423945+00:00,1785283827,6705,321 Surrey Central/WhiteRock,15247080,11725,52,-369
2026-07-29T00:10:38.423945+00:00,1785283827,6705,321 Surrey Central/WhiteRock,15247080,5040,53,-352
2026-07-29T00:10:38.423945+00:00,1785283827,6705,321 Surrey Central/WhiteRock,15247080,5041,54,-347
2026-07-29T00:10:38.423945+00:00,1785283827,6705,321 Surrey Central/WhiteRock,15247080,12155,55,-336
2026-07-29T00:10:38.423945+00:00,1785283827,6705,321 Surrey Central/WhiteRock,15247080,11882,56,0
2026-07-29T00:10:38.423945+00:00,1785283827,6705,321 Surrey Central/WhiteRock,15247080,10442,57,93
2026-07-29T00:10:38.423945+00:00,1785283827,6705,321 Surrey Central/WhiteRock,15247080,9929,58,122
2026-07-29T00:10:38.423945+00:00,1785283827,6705,321 Surrey Central/WhiteRock,15247080,9930,59,72
2026-07-29T00:10:38.423945+00:00,1785283827,6705,321 Surrey Central/WhiteRock,15247080,9932,60,-15
2026-07-29T00:10:38.423945+00:00,1785283827,6705,321 Surrey Central/WhiteRock,15247159,5528,45,26
2026-07-29T00:10:38.423945+00:00,1785283827,6705,321 Surrey Central/WhiteRock,15247159,5529,46,4
2026-07-29T00:10:38.423945+00:00,1785283827,6705,321 Surrey Central/WhiteRock,15247159,5530,47,-13
2026-07-29T00:10:38.423945+00:00,1785283827,6705,321 Surrey Central/WhiteRock,15247159,5533,48,-21
2026-07-29T00:10:38.423945+00:00,1785283827,6705,321 Surrey Central/WhiteRock,15247159,5534,49,-42
2026-07-29T00:10:38.423945+00:00,1785283827,6705,321 Surrey Central/WhiteRock,15247159,5535,50,-26
2026-07-29T00:10:38.423945+00:00,1785283827,6705,321 Surrey Central/WhiteRock,15247159,5536,51,-50
2026-07-29T00:10:38.423945+00:00,1785283827,6705,321 Surrey Central/WhiteRock,15247159,5537,52,-50
2026-07-29T00:10:38.423945+00:00,1785283827,6705,321 Surrey Central/WhiteRock,15247159,5538,53,-57
2026-07-29T00:10:38.423945+00:00,1785283827,6705,321 Surrey Central/WhiteRock,15247159,5541,54,-25
2026-07-29T00:10:38.423945+00:00,1785283827,6705,321 Surrey Central/WhiteRock,15247159,5542,55,-15
2026-07-29T00:10:38.423945+00:00,1785283827,6705,321 Surrey Central/WhiteRock,15247159,6195,56,9
2026-07-29T00:10:38.423945+00:00,1785283827,6705,321 Surrey Central/WhiteRock,15247160,5522,39,-13
2026-07-29T00:10:38.423945+00:00,1785283827,6705,321 Surrey Central/WhiteRock,15247160,6466,41,-109
2026-07-29T00:10:38.423945+00:00,1785283827,6705,321 Surrey Central/WhiteRock,15247160,5524,42,-76
2026-07-29T00:10:38.423945+00:00,1785283827,6705,321 Surrey Central/WhiteRock,15247160,5525,43,-107
2026-07-29T00:10:38.423945+00:00,1785283827,6705,321 Surrey Central/WhiteRock,15247160,10443,44,-133
2026-07-29T00:10:38.423945+00:00,1785283827,6705,321 Surrey Central/WhiteRock,15247160,5528,45,-133
2026-07-29T00:10:38.423945+00:00,1785283827,6705,321 Surrey Central/WhiteRock,15247160,5529,46,-157
2026-07-29T00:10:38.423945+00:00,1785283827,6705,321 Surrey Central/WhiteRock,15247160,5530,47,-174
2026-07-29T00:10:38.423945+00:00,1785283827,6705,321 Surrey Central/WhiteRock,15247160,5533,48,-182
2026-07-29T00:10:38.423945+00:00,1785283827,6705,321 Surrey Central/WhiteRock,15247160,5534,49,-203
2026-07-29T00:10:38.423945+00:00,1785283827,6705,321 Surrey Central/WhiteRock,15247160,5535,50,-194
2026-07-29T00:10:38.423945+00:00,1785283827,6705,321 Surrey Central/WhiteRock,15247160,5536,51,-217
2026-07-29T00:10:38.423945+00:00,1785283827,6705,321 Surrey Central/WhiteRock,15247160,5537,52,-215
2026-07-29T00:10:38.423945+00:00,1785283827,6705,321 Surrey Central/WhiteRock,15247160,5538,53,-222
2026-07-29T00:10:38.423945+00:00,1785283827,6705,321 Surrey Central/WhiteRock,15247160,5541,54,-193
2026-07-29T00:10:38.423945+00:00,1785283827,6705,321 Surrey Central/WhiteRock,15247160,5542,55,-183
2026-07-29T00:10:38.423945+00:00,1785283827,6705,321 Surrey Central/WhiteRock,15247160,6195,56,-158
2026-07-29T00:10:38.423945+00:00,1785283827,6705,321 Surrey Central/WhiteRock,15247161,5633,26,0
2026-07-29T00:10:38.423945+00:00,1785283827,6705,321 Surrey Central/WhiteRock,15247161,5510,27,25
2026-07-29T00:10:38.423945+00:00,1785283827,6705,321 Surrey Central/WhiteRock,15247161,5511,28,17
2026-07-29T00:10:38.423945+00:00,1785283827,6705,321 Surrey Central/WhiteRock,15247161,5512,29,12
2026-07-29T00:10:38.423945+00:00,1785283827,6705,321 Surrey Central/WhiteRock,15247161,5513,30,-1
2026-07-29T00:10:38.423945+00:00,1785283827,6705,321 Surrey Central/WhiteRock,15247161,5514,31,90
2026-07-29T00:10:38.423945+00:00,1785283827,6705,321 Surrey Central/WhiteRock,15247161,5515,32,82
2026-07-29T00:10:38.423945+00:00,1785283827,6705,321 Surrey Central/WhiteRock,15247161,5516,33,82
2026-07-29T00:10:38.423945+00:00,1785283827,6705,321 Surrey Central/WhiteRock,15247161,5517,34,79
2026-07-29T00:10:38.423945+00:00,1785283827,6705,321 Surrey Central/WhiteRock,15247161,5518,35,86
2026-07-29T00:10:38.423945+00:00,1785283827,6705,321 Surrey Central/WhiteRock,15247161,5519,36,62
2026-07-29T00:10:38.423945+00:00,1785283827,6705,321 Surrey Central/WhiteRock,15247161,5520,37,51
2026-07-29T00:10:38.423945+00:00,1785283827,6705,321 Surrey Central/WhiteRock,15247161,5521,38,-159
2026-07-29T00:10:38.423945+00:00,1785283827,6705,321 Surrey Central/WhiteRock,15247161,5522,39,-295
2026-07-29T00:10:38.423945+00:00,1785283827,6705,321 Surrey Central/WhiteRock,15247161,5523,40,-331
2026-07-29T00:10:38.423945+00:00,1785283827,6705,321 Surrey Central/WhiteRock,15247161,6466,41,-351
2026-07-29T00:10:38.423945+00:00,1785283827,6705,321 Surrey Central/WhiteRock,15247161,5524,42,-314
2026-07-29T00:10:38.423945+00:00,1785283827,6705,321 Surrey Central/WhiteRock,15247161,5525,43,-343
2026-07-29T00:10:38.423945+00:00,1785283827,6705,321 Surrey Central/WhiteRock,15247161,10443,44,-368
2026-07-29T00:10:38.423945+00:00,1785283827,6705,321 Surrey Central/WhiteRock,15247161,5528,45,-364
2026-07-29T00:10:38.423945+00:00,1785283827,6705,321 Surrey Central/WhiteRock,15247161,5529,46,-386
2026-07-29T00:10:38.423945+00:00,1785283827,6705,321 Surrey Central/WhiteRock,15247161,5530,47,-401
2026-07-29T00:10:38.423945+00:00,1785283827,6705,321 Surrey Central/WhiteRock,15247161,5533,48,-408
2026-07-29T00:10:38.423945+00:00,1785283827,6705,321 Surrey Central/WhiteRock,15247161,5534,49,-428
2026-07-29T00:10:38.423945+00:00,1785283827,6705,321 Surrey Central/WhiteRock,15247161,5535,50,-403
2026-07-29T00:10:38.423945+00:00,1785283827,6705,321 Surrey Central/WhiteRock,15247161,5536,51,-425
2026-07-29T00:10:38.423945+00:00,1785283827,6705,321 Surrey Central/WhiteRock,15247161,5537,52,-425
2026-07-29T00:10:38.423945+00:00,1785283827,6705,321 Surrey Central/WhiteRock,15247161,5538,53,-431
2026-07-29T00:10:38.423945+00:00,1785283827,6705,321 Surrey Central/WhiteRock,15247161,5541,54,-402
2026-07-29T00:10:38.423945+00:00,1785283827,6705,321 Surrey Central/WhiteRock,15247161,5542,55,-391
2026-07-29T00:10:38.423945+00:00,1785283827,6705,321 Surrey Central/WhiteRock,15247161,6195,56,-367
2026-07-29T00:10:38.423945+00:00,1785283827,6705,321 Surrey Central/WhiteRock,15247162,8351,14,259
2026-07-29T00:10:38.423945+00:00,1785283827,6705,321 Surrey Central/WhiteRock,15247162,5496,15,188
2026-07-29T00:10:38.423945+00:00,1785283827,6705,321 Surrey Central/WhiteRock,15247162,5497,16,142
2026-07-29T00:10:38.423945+00:00,1785283827,6705,321 Surrey Central/WhiteRock,15247162,5498,17,124
2026-07-29T00:10:38.423945+00:00,1785283827,6705,321 Surrey Central/WhiteRock,15247162,5499,18,85
2026-07-29T00:10:38.423945+00:00,1785283827,6705,321 Surrey Central/WhiteRock,15247162,5500,19,62
2026-07-29T00:10:38.423945+00:00,1785283827,6705,321 Surrey Central/WhiteRock,15247162,5501,20,33
2026-07-29T00:10:38.423945+00:00,1785283827,6705,321 Surrey Central/WhiteRock,15247162,5502,21,17
2026-07-29T00:10:38.423945+00:00,1785283827,6705,321 Surrey Central/WhiteRock,15247162,5503,22,-13
2026-07-29T00:10:38.423945+00:00,1785283827,6705,321 Surrey Central/WhiteRock,15247162,5504,23,-74
2026-07-29T00:10:38.423945+00:00,1785283827,6705,321 Surrey Central/WhiteRock,15247162,5505,24,-70
2026-07-29T00:10:38.423945+00:00,1785283827,6705,321 Surrey Central/WhiteRock,15247162,5507,25,-69
2026-07-29T00:10:38.423945+00:00,1785283827,6705,321 Surrey Central/WhiteRock,15247162,5633,26,0
2026-07-29T00:10:38.423945+00:00,1785283827,6705,321 Surrey Central/WhiteRock,15247162,5510,27,25
2026-07-29T00:10:38.423945+00:00,1785283827,6705,321 Surrey Central/WhiteRock,15247162,5511,28,17
2026-07-29T00:10:38.423945+00:00,1785283827,6705,321 Surrey Central/WhiteRock,15247162,5512,29,12
2026-07-29T00:10:38.423945+00:00,1785283827,6705,321 Surrey Central/WhiteRock,15247162,5513,30,-2
2026-07-29T00:10:38.423945+00:00,1785283827,6705,321 Surrey Central/WhiteRock,15247162,5514,31,89
2026-07-29T00:10:38.423945+00:00,1785283827,6705,321 Surrey Central/WhiteRock,15247162,5515,32,81
2026-07-29T00:10:38.423945+00:00,1785283827,6705,321 Surrey Central/WhiteRock,15247162,5516,33,99
2026-07-29T00:10:38.423945+00:00,1785283827,6705,321 Surrey Central/WhiteRock,15247162,5517,34,103
2026-07-29T00:10:38.423945+00:00,1785283827,6705,321 Surrey Central/WhiteRock,15247162,5518,35,109
2026-07-29T00:10:38.423945+00:00,1785283827,6705,321 Surrey Central/WhiteRock,15247162,5519,36,85
2026-07-29T00:10:38.423945+00:00,1785283827,6705,321 Surrey Central/WhiteRock,15247162,5520,37,74
2026-07-29T00:10:38.423945+00:00,1785283827,6705,321 Surrey Central/WhiteRock,15247162,5521,38,-136
2026-07-29T00:10:38.423945+00:00,1785283827,6705,321 Surrey Central/WhiteRock,15247162,5522,39,-273
2026-07-29T00:10:38.423945+00:00,1785283827,6705,321 Surrey Central/WhiteRock,15247162,5523,40,-309
2026-07-29T00:10:38.423945+00:00,1785283827,6705,321 Surrey Central/WhiteRock,15247162,6466,41,-328
2026-07-29T00:10:38.423945+00:00,1785283827,6705,321 Surrey Central/WhiteRock,15247162,5524,42,-292
2026-07-29T00:10:38.423945+00:00,1785283827,6705,321 Surrey Central/WhiteRock,15247162,5525,43,-320
2026-07-29T00:10:38.423945+00:00,1785283827,6705,321 Surrey Central/WhiteRock,15247162,10443,44,-347
2026-07-29T00:10:38.423945+00:00,1785283827,6705,321 Surrey Central/WhiteRock,15247162,5528,45,-344
2026-07-29T00:10:38.423945+00:00,1785283827,6705,321 Surrey Central/WhiteRock,15247162,5529,46,-369
2026-07-29T00:10:38.423945+00:00,1785283827,6705,321 Surrey Central/WhiteRock,15247162,5530,47,-384
2026-07-29T00:10:38.423945+00:00,1785283827,6705,321 Surrey Central/WhiteRock,15247162,5533,48,-392
2026-07-29T00:10:38.423945+00:00,1785283827,6705,321 Surrey Central/WhiteRock,15247162,5534,49,-412
2026-07-29T00:10:38.423945+00:00,1785283827,6705,321 Surrey Central/WhiteRock,15247162,5535,50,-382
2026-07-29T00:10:38.423945+00:00,1785283827,6705,321 Surrey Central/WhiteRock,15247162,5536,51,-407
2026-07-29T00:10:38.423945+00:00,1785283827,6705,321 Surrey Central/WhiteRock,15247162,5537,52,-409
2026-07-29T00:10:38.423945+00:00,1785283827,6705,321 Surrey Central/WhiteRock,15247162,5538,53,-415
2026-07-29T00:10:38.423945+00:00,1785283827,6705,321 Surrey Central/WhiteRock,15247162,5541,54,-389
2026-07-29T00:10:38.423945+00:00,1785283827,6705,321 Surrey Central/WhiteRock,15247162,5542,55,-378
2026-07-29T00:10:38.423945+00:00,1785283827,6705,321 Surrey Central/WhiteRock,15247162,6195,56,-352
2026-07-29T00:10:38.423945+00:00,1785283827,6705,321 Surrey Central/WhiteRock,15247163,10880,7,0
2026-07-29T00:10:38.423945+00:00,1785283827,6705,321 Surrey Central/WhiteRock,15247163,5046,8,45
2026-07-29T00:10:38.423945+00:00,1785283827,6705,321 Surrey Central/WhiteRock,15247163,5047,9,49
2026-07-29T00:10:38.423945+00:00,1785283827,6705,321 Surrey Central/WhiteRock,15247163,8566,10,14
2026-07-29T00:10:38.423945+00:00,1785283827,6705,321 Surrey Central/WhiteRock,15247163,12916,11,36
2026-07-29T00:10:38.423945+00:00,1785283827,6705,321 Surrey Central/WhiteRock,15247163,5049,12,28
2026-07-29T00:10:38.423945+00:00,1785283827,6705,321 Surrey Central/WhiteRock,15247163,5039,13,8
2026-07-29T00:10:38.423945+00:00,1785283827,6705,321 Surrey Central/WhiteRock,15247163,8351,14,-15
2026-07-29T00:10:38.423945+00:00,1785283827,6705,321 Surrey Central/WhiteRock,15247163,5496,15,-81
2026-07-29T00:10:38.423945+00:00,1785283827,6705,321 Surrey Central/WhiteRock,15247163,5497,16,-124
2026-07-29T00:10:38.423945+00:00,1785283827,6705,321 Surrey Central/WhiteRock,15247163,5498,17,-139
2026-07-29T00:10:38.423945+00:00,1785283827,6705,321 Surrey Central/WhiteRock,15247163,5499,18,-176
2026-07-29T00:10:38.423945+00:00,1785283827,6705,321 Surrey Central/WhiteRock,15247163,5500,19,-195
2026-07-29T00:10:38.423945+00:00,1785283827,6705,321 Surrey Central/WhiteRock,15247163,5501,20,-222
2026-07-29T00:10:38.423945+00:00,1785283827,6705,321 Surrey Central/WhiteRock,15247163,5502,21,-238
2026-07-29T00:10:38.423945+00:00,1785283827,6705,321 Surrey Central/WhiteRock,15247163,5503,22,-258
2026-07-29T00:10:38.423945+00:00,1785283827,6705,321 Surrey Central/WhiteRock,15247163,5504,23,-319
2026-07-29T00:10:38.423945+00:00,1785283827,6705,321 Surrey Central/WhiteRock,15247163,5505,24,-312
2026-07-29T00:10:38.423945+00:00,1785283827,6705,321 Surrey Central/WhiteRock,15247163,5507,25,-305
2026-07-29T00:10:38.423945+00:00,1785283827,6705,321 Surrey Central/WhiteRock,15247163,5633,26,0
2026-07-29T00:10:38.423945+00:00,1785283827,6705,321 Surrey Central/WhiteRock,15247163,5510,27,28
2026-07-29T00:10:38.423945+00:00,1785283827,6705,321 Surrey Central/WhiteRock,15247163,5511,28,21
2026-07-29T00:10:38.423945+00:00,1785283827,6705,321 Surrey Central/WhiteRock,15247163,5512,29,17
2026-07-29T00:10:38.423945+00:00,1785283827,6705,321 Surrey Central/WhiteRock,15247163,5513,30,6
2026-07-29T00:10:38.423945+00:00,1785283827,6705,321 Surrey Central/WhiteRock,15247163,5514,31,99
2026-07-29T00:10:38.423945+00:00,1785283827,6705,321 Surrey Central/WhiteRock,15247163,5515,32,93
2026-07-29T00:10:38.423945+00:00,1785283827,6705,321 Surrey Central/WhiteRock,15247163,5516,33,98
2026-07-29T00:10:38.423945+00:00,1785283827,6705,321 Surrey Central/WhiteRock,15247163,5517,34,102
2026-07-29T00:10:38.423945+00:00,1785283827,6705,321 Surrey Central/WhiteRock,15247163,5518,35,110
2026-07-29T00:10:38.423945+00:00,1785283827,6705,321 Surrey Central/WhiteRock,15247163,5519,36,88
2026-07-29T00:10:38.423945+00:00,1785283827,6705,321 Surrey Central/WhiteRock,15247163,5520,37,78
2026-07-29T00:10:38.423945+00:00,1785283827,6705,321 Surrey Central/WhiteRock,15247163,5521,38,-123
2026-07-29T00:10:38.423945+00:00,1785283827,6705,321 Surrey Central/WhiteRock,15247163,5522,39,-256
2026-07-29T00:10:38.423945+00:00,1785283827,6705,321 Surrey Central/WhiteRock,15247163,5523,40,-291
2026-07-29T00:10:38.423945+00:00,1785283827,6705,321 Surrey Central/WhiteRock,15247163,6466,41,-307
2026-07-29T00:10:38.423945+00:00,1785283827,6705,321 Surrey Central/WhiteRock,15247163,5524,42,-267
2026-07-29T00:10:38.423945+00:00,1785283827,6705,321 Surrey Central/WhiteRock,15247163,5525,43,-294
2026-07-29T00:10:38.423945+00:00,1785283827,6705,321 Surrey Central/WhiteRock,15247163,10443,44,-319
2026-07-29T00:10:38.423945+00:00,1785283827,6705,321 Surrey Central/WhiteRock,15247163,5528,45,-321
2026-07-29T00:10:38.423945+00:00,1785283827,6705,321 Surrey Central/WhiteRock,15247163,5529,46,-342
2026-07-29T00:10:38.423945+00:00,1785283827,6705,321 Surrey Central/WhiteRock,15247163,5530,47,-358
2026-07-29T00:10:38.423945+00:00,1785283827,6705,321 Surrey Central/WhiteRock,15247163,5533,48,-366
2026-07-29T00:10:38.423945+00:00,1785283827,6705,321 Surrey Central/WhiteRock,15247163,5534,49,-386
2026-07-29T00:10:38.423945+00:00,1785283827,6705,321 Surrey Central/WhiteRock,15247163,5535,50,-377
2026-07-29T00:10:38.423945+00:00,1785283827,6705,321 Surrey Central/WhiteRock,15247163,5536,51,-397
2026-07-29T00:10:38.423945+00:00,1785283827,6705,321 Surrey Central/WhiteRock,15247163,5537,52,-399
2026-07-29T00:10:38.423945+00:00,1785283827,6705,321 Surrey Central/WhiteRock,15247163,5538,53,-405
2026-07-29T00:10:38.423945+00:00,1785283827,6705,321 Surrey Central/WhiteRock,15247163,5541,54,-386
2026-07-29T00:10:38.423945+00:00,1785283827,6705,321 Surrey Central/WhiteRock,15247163,5542,55,-375
2026-07-29T00:10:38.423945+00:00,1785283827,6705,321 Surrey Central/WhiteRock,15247163,6195,56,-346
2026-07-29T00:10:38.423945+00:00,1785283827,6705,321 Surrey Central/WhiteRock,15247164,10716,2,-192
2026-07-29T00:10:38.423945+00:00,1785283827,6705,321 Surrey Central/WhiteRock,15247164,9923,3,-188
2026-07-29T00:10:38.423945+00:00,1785283827,6705,321 Surrey Central/WhiteRock,15247164,9924,4,-294
2026-07-29T00:10:38.423945+00:00,1785283827,6705,321 Surrey Central/WhiteRock,15247164,9926,5,-335
2026-07-29T00:10:38.423945+00:00,1785283827,6705,321 Surrey Central/WhiteRock,15247164,9927,6,-366
2026-07-29T00:10:38.423945+00:00,1785283827,6705,321 Surrey Central/WhiteRock,15247164,10880,7,0
2026-07-29T00:10:38.423945+00:00,1785283827,6705,321 Surrey Central/WhiteRock,15247164,5046,8,45
2026-07-29T00:10:38.423945+00:00,1785283827,6705,321 Surrey Central/WhiteRock,15247164,5047,9,47
2026-07-29T00:10:38.423945+00:00,1785283827,6705,321 Surrey Central/WhiteRock,15247164,8566,10,12
2026-07-29T00:10:38.423945+00:00,1785283827,6705,321 Surrey Central/WhiteRock,15247164,12916,11,34
2026-07-29T00:10:38.423945+00:00,1785283827,6705,321 Surrey Central/WhiteRock,15247164,5049,12,26
2026-07-29T00:10:38.423945+00:00,1785283827,6705,321 Surrey Central/WhiteRock,15247164,5039,13,9
2026-07-29T00:10:38.423945+00:00,1785283827,6705,321 Surrey Central/WhiteRock,15247164,8351,14,-14
2026-07-29T00:10:38.423945+00:00,1785283827,6705,321 Surrey Central/WhiteRock,15247164,5496,15,-83
2026-07-29T00:10:38.423945+00:00,1785283827,6705,321 Surrey Central/WhiteRock,15247164,5497,16,-126
2026-07-29T00:10:38.423945+00:00,1785283827,6705,321 Surrey Central/WhiteRock,15247164,5498,17,-142
2026-07-29T00:10:38.423945+00:00,1785283827,6705,321 Surrey Central/WhiteRock,15247164,5499,18,-179
2026-07-29T00:10:38.423945+00:00,1785283827,6705,321 Surrey Central/WhiteRock,15247164,5500,19,-205
2026-07-29T00:10:38.423945+00:00,1785283827,6705,321 Surrey Central/WhiteRock,15247164,5501,20,-232
2026-07-29T00:10:38.423945+00:00,1785283827,6705,321 Surrey Central/WhiteRock,15247164,5502,21,-247
2026-07-29T00:10:38.423945+00:00,1785283827,6705,321 Surrey Central/WhiteRock,15247164,5503,22,-266
2026-07-29T00:10:38.423945+00:00,1785283827,6705,321 Surrey Central/WhiteRock,15247164,5504,23,-324
2026-07-29T00:10:38.423945+00:00,1785283827,6705,321 Surrey Central/WhiteRock,15247164,5505,24,-317
2026-07-29T00:10:38.423945+00:00,1785283827,6705,321 Surrey Central/WhiteRock,15247164,5507,25,-313
2026-07-29T00:10:38.423945+00:00,1785283827,6705,321 Surrey Central/WhiteRock,15247164,5633,26,0
2026-07-29T00:10:38.423945+00:00,1785283827,6705,321 Surrey Central/WhiteRock,15247164,5510,27,41
2026-07-29T00:10:38.423945+00:00,1785283827,6705,321 Surrey Central/WhiteRock,15247164,5511,28,34
2026-07-29T00:10:38.423945+00:00,1785283827,6705,321 Surrey Central/WhiteRock,15247164,5512,29,31
2026-07-29T00:10:38.423945+00:00,1785283827,6705,321 Surrey Central/WhiteRock,15247164,5513,30,19
2026-07-29T00:10:38.423945+00:00,1785283827,6705,321 Surrey Central/WhiteRock,15247164,5514,31,112
2026-07-29T00:10:38.423945+00:00,1785283827,6705,321 Surrey Central/WhiteRock,15247164,5515,32,105
2026-07-29T00:10:38.423945+00:00,1785283827,6705,321 Surrey Central/WhiteRock,15247164,5516,33,127
2026-07-29T00:10:38.423945+00:00,1785283827,6705,321 Surrey Central/WhiteRock,15247164,5517,34,135
2026-07-29T00:10:38.423945+00:00,1785283827,6705,321 Surrey Central/WhiteRock,15247164,5518,35,142
2026-07-29T00:10:38.423945+00:00,1785283827,6705,321 Surrey Central/WhiteRock,15247164,5519,36,120
2026-07-29T00:10:38.423945+00:00,1785283827,6705,321 Surrey Central/WhiteRock,15247164,5520,37,124
2026-07-29T00:10:38.423945+00:00,1785283827,6705,321 Surrey Central/WhiteRock,15247164,5521,38,-79
2026-07-29T00:10:38.423945+00:00,1785283827,6705,321 Surrey Central/WhiteRock,15247164,5522,39,-212
2026-07-29T00:10:38.423945+00:00,1785283827,6705,321 Surrey Central/WhiteRock,15247164,5523,40,-248
2026-07-29T00:10:38.423945+00:00,1785283827,6705,321 Surrey Central/WhiteRock,15247164,6466,41,-260
2026-07-29T00:10:38.423945+00:00,1785283827,6705,321 Surrey Central/WhiteRock,15247164,5524,42,-229
2026-07-29T00:10:38.423945+00:00,1785283827,6705,321 Surrey Central/WhiteRock,15247164,5525,43,-253
2026-07-29T00:10:38.423945+00:00,1785283827,6705,321 Surrey Central/WhiteRock,15247164,10443,44,-270
2026-07-29T00:10:38.423945+00:00,1785283827,6705,321 Surrey Central/WhiteRock,15247164,5528,45,-273
2026-07-29T00:10:38.423945+00:00,1785283827,6705,321 Surrey Central/WhiteRock,15247164,5529,46,-297
2026-07-29T00:10:38.423945+00:00,1785283827,6705,321 Surrey Central/WhiteRock,15247164,5530,47,-313
2026-07-29T00:10:38.423945+00:00,1785283827,6705,321 Surrey Central/WhiteRock,15247164,5533,48,-309
2026-07-29T00:10:38.423945+00:00,1785283827,6705,321 Surrey Central/WhiteRock,15247164,5534,49,-327
2026-07-29T00:10:38.423945+00:00,1785283827,6705,321 Surrey Central/WhiteRock,15247164,5535,50,-315
2026-07-29T00:10:38.423945+00:00,1785283827,6705,321 Surrey Central/WhiteRock,15247164,5536,51,-337
2026-07-29T00:10:38.423945+00:00,1785283827,6705,321 Surrey Central/WhiteRock,15247164,5537,52,-333
2026-07-29T00:10:38.423945+00:00,1785283827,6705,321 Surrey Central/WhiteRock,15247164,5538,53,-339
2026-07-29T00:10:38.423945+00:00,1785283827,6705,321 Surrey Central/WhiteRock,15247164,5541,54,-319
2026-07-29T00:10:38.423945+00:00,1785283827,6705,321 Surrey Central/WhiteRock,15247164,5542,55,-310
2026-07-29T00:10:38.423945+00:00,1785283827,6705,321 Surrey Central/WhiteRock,15247164,6195,56,-278
2026-07-29T00:10:38.423945+00:00,1785283827,6705,321 Surrey Central/WhiteRock,15247165,5890,1,0
2026-07-29T00:10:38.423945+00:00,1785283827,6705,321 Surrey Central/WhiteRock,15247165,10716,2,0
2026-07-29T00:10:38.423945+00:00,1785283827,6705,321 Surrey Central/WhiteRock,15247165,9923,3,0
2026-07-29T00:10:38.423945+00:00,1785283827,6705,321 Surrey Central/WhiteRock,15247165,9924,4,0
2026-07-29T00:10:38.423945+00:00,1785283827,6705,321 Surrey Central/WhiteRock,15247165,9926,5,0
2026-07-29T00:10:38.423945+00:00,1785283827,6705,321 Surrey Central/WhiteRock,15247165,9927,6,0
2026-07-29T00:10:38.423945+00:00,1785283827,6705,321 Surrey Central/WhiteRock,15247165,10880,7,0
2026-07-29T00:10:38.423945+00:00,1785283827,6705,321 Surrey Central/WhiteRock,15247165,5046,8,0
2026-07-29T00:10:38.423945+00:00,1785283827,6705,321 Surrey Central/WhiteRock,15247165,5047,9,0
2026-07-29T00:10:38.423945+00:00,1785283827,6705,321 Surrey Central/WhiteRock,15247165,8566,10,0
2026-07-29T00:10:38.423945+00:00,1785283827,6705,321 Surrey Central/WhiteRock,15247165,12916,11,0
2026-07-29T00:10:38.423945+00:00,1785283827,6705,321 Surrey Central/WhiteRock,15247165,5049,12,0
2026-07-29T00:10:38.423945+00:00,1785283827,6705,321 Surrey Central/WhiteRock,15247165,5039,13,0
2026-07-29T00:10:38.423945+00:00,1785283827,6705,321 Surrey Central/WhiteRock,15247165,8351,14,0
2026-07-29T00:10:38.423945+00:00,1785283827,6705,321 Surrey Central/WhiteRock,15247165,5496,15,0
2026-07-29T00:10:38.423945+00:00,1785283827,6705,321 Surrey Central/WhiteRock,15247165,5497,16,0
2026-07-29T00:10:38.423945+00:00,1785283827,6705,321 Surrey Central/WhiteRock,15247165,5498,17,0
2026-07-29T00:10:38.423945+00:00,1785283827,6705,321 Surrey Central/WhiteRock,15247165,5499,18,0
2026-07-29T00:10:38.423945+00:00,1785283827,6705,321 Surrey Central/WhiteRock,15247165,5500,19,0
2026-07-29T00:10:38.423945+00:00,1785283827,6705,321 Surrey Central/WhiteRock,15247165,5501,20,0
2026-07-29T00:10:38.423945+00:00,1785283827,6705,321 Surrey Central/WhiteRock,15247165,5502,21,0
2026-07-29T00:10:38.423945+00:00,1785283827,6705,321 Surrey Central/WhiteRock,15247165,5503,22,0
2026-07-29T00:10:38.423945+00:00,1785283827,6705,321 Surrey Central/WhiteRock,15247165,5504,23,0
2026-07-29T00:10:38.423945+00:00,1785283827,6705,321 Surrey Central/WhiteRock,15247165,5505,24,0
2026-07-29T00:10:38.423945+00:00,1785283827,6705,321 Surrey Central/WhiteRock,15247165,5507,25,0
2026-07-29T00:10:38.423945+00:00,1785283827,6705,321 Surrey Central/WhiteRock,15247165,5633,26,0
2026-07-29T00:10:38.423945+00:00,1785283827,6705,321 Surrey Central/WhiteRock,15247165,5510,27,0
2026-07-29T00:10:38.423945+00:00,1785283827,6705,321 Surrey Central/WhiteRock,15247165,5511,28,0
2026-07-29T00:10:38.423945+00:00,1785283827,6705,321 Surrey Central/WhiteRock,15247165,5512,29,0
2026-07-29T00:10:38.423945+00:00,1785283827,6705,321 Surrey Central/WhiteRock,15247165,5513,30,0
2026-07-29T00:10:38.423945+00:00,1785283827,6705,321 Surrey Central/WhiteRock,15247165,5514,31,0
2026-07-29T00:10:38.423945+00:00,1785283827,6705,321 Surrey Central/WhiteRock,15247165,5515,32,0
2026-07-29T00:10:38.423945+00:00,1785283827,6705,321 Surrey Central/WhiteRock,15247165,5516,33,0
2026-07-29T00:10:38.423945+00:00,1785283827,6705,321 Surrey Central/WhiteRock,15247165,5517,34,0
2026-07-29T00:10:38.423945+00:00,1785283827,6705,321 Surrey Central/WhiteRock,15247165,5518,35,0
2026-07-29T00:10:38.423945+00:00,1785283827,6705,321 Surrey Central/WhiteRock,15247165,5519,36,0
2026-07-29T00:10:38.423945+00:00,1785283827,6705,321 Surrey Central/WhiteRock,15247165,5520,37,0
2026-07-29T00:10:38.423945+00:00,1785283827,6705,321 Surrey Central/WhiteRock,15247165,5521,38,0
2026-07-29T00:10:38.423945+00:00,1785283827,6705,321 Surrey Central/WhiteRock,15247165,5522,39,0
2026-07-29T00:10:38.423945+00:00,1785283827,6705,321 Surrey Central/WhiteRock,15247165,5523,40,0
2026-07-29T00:10:38.423945+00:00,1785283827,6705,321 Surrey Central/WhiteRock,15247165,6466,41,0
2026-07-29T00:10:38.423945+00:00,1785283827,6705,321 Surrey Central/WhiteRock,15247165,5524,42,0
2026-07-29T00:10:38.423945+00:00,1785283827,6705,321 Surrey Central/WhiteRock,15247165,5525,43,0
2026-07-29T00:10:38.423945+00:00,1785283827,6705,321 Surrey Central/WhiteRock,15247165,10443,44,0
2026-07-29T00:10:38.423945+00:00,1785283827,6705,321 Surrey Central/WhiteRock,15247165,5528,45,0
2026-07-29T00:10:38.423945+00:00,1785283827,6705,321 Surrey Central/WhiteRock,15247165,5529,46,0
2026-07-29T00:10:38.423945+00:00,1785283827,6705,321 Surrey Central/WhiteRock,15247165,5530,47,0
2026-07-29T00:10:38.423945+00:00,1785283827,6705,321 Surrey Central/WhiteRock,15247165,5533,48,0
2026-07-29T00:10:38.423945+00:00,1785283827,6705,321 Surrey Central/WhiteRock,15247165,5534,49,0
2026-07-29T00:10:38.423945+00:00,1785283827,6705,321 Surrey Central/WhiteRock,15247165,5535,50,0
2026-07-29T00:10:38.423945+00:00,1785283827,6705,321 Surrey Central/WhiteRock,15247165,5536,51,0
2026-07-29T00:10:38.423945+00:00,1785283827,6705,321 Surrey Central/WhiteRock,15247165,5537,52,0
2026-07-29T00:10:38.423945+00:00,1785283827,6705,321 Surrey Central/WhiteRock,15247165,5538,53,0
2026-07-29T00:10:38.423945+00:00,1785283827,6705,321 Surrey Central/WhiteRock,15247165,5541,54,0
2026-07-29T00:10:38.423945+00:00,1785283827,6705,321 Surrey Central/WhiteRock,15247165,5542,55,0
2026-07-29T00:10:38.423945+00:00,1785283827,6705,321 Surrey Central/WhiteRock,15247165,6195,56,0
2026-07-29T00:10:38.423945+00:00,1785283827,6705,321 Surrey Central/WhiteRock,15247177,5513,30,117
2026-07-29T00:10:38.423945+00:00,1785283827,6705,321 Surrey Central/WhiteRock,15247177,5514,31,208
2026-07-29T00:10:38.423945+00:00,1785283827,6705,321 Surrey Central/WhiteRock,15247177,5515,32,200
2026-07-29T00:10:38.423945+00:00,1785283827,6705,321 Surrey Central/WhiteRock,15247177,5516,33,192
2026-07-29T00:10:38.423945+00:00,1785283827,6705,321 Surrey Central/WhiteRock,15247177,5517,34,189
2026-07-29T00:10:38.423945+00:00,1785283827,6705,321 Surrey Central/WhiteRock,15247177,5518,35,196
2026-07-29T00:10:38.423945+00:00,1785283827,6705,321 Surrey Central/WhiteRock,15247177,5519,36,172
2026-07-29T00:10:38.423945+00:00,1785283827,6705,321 Surrey Central/WhiteRock,15247177,5520,37,161
2026-07-29T00:10:38.423945+00:00,1785283827,6705,321 Surrey Central/WhiteRock,15247177,5521,38,-49
2026-07-29T00:10:38.423945+00:00,1785283827,6705,321 Surrey Central/WhiteRock,15247177,5522,39,-185
2026-07-29T00:10:38.423945+00:00,1785283827,6705,321 Surrey Central/WhiteRock,15247177,5523,40,-221
2026-07-29T00:10:38.423945+00:00,1785283827,6705,321 Surrey Central/WhiteRock,15247177,6466,41,-241
2026-07-29T00:10:38.423945+00:00,1785283827,6705,321 Surrey Central/WhiteRock,15247177,5524,42,-204
2026-07-29T00:10:38.423945+00:00,1785283827,6705,321 Surrey Central/WhiteRock,15247177,5525,43,-233
2026-07-29T00:10:38.423945+00:00,1785283827,6705,321 Surrey Central/WhiteRock,15247177,10443,44,-258
2026-07-29T00:10:38.423945+00:00,1785283827,6705,321 Surrey Central/WhiteRock,15247177,5528,45,-256
2026-07-29T00:10:38.423945+00:00,1785283827,6705,321 Surrey Central/WhiteRock,15247177,5529,46,-279
2026-07-29T00:10:38.423945+00:00,1785283827,6705,321 Surrey Central/WhiteRock,15247177,5530,47,-294
2026-07-29T00:10:38.423945+00:00,1785283827,6705,321 Surrey Central/WhiteRock,15247177,5533,48,-300
2026-07-29T00:10:38.423945+00:00,1785283827,6705,321 Surrey Central/WhiteRock,15247177,5534,49,-320
2026-07-29T00:10:38.423945+00:00,1785283827,6705,321 Surrey Central/WhiteRock,15247177,5535,50,-307
2026-07-29T00:10:38.423945+00:00,1785283827,6705,321 Surrey Central/WhiteRock,15247177,5536,51,-328
2026-07-29T00:10:38.423945+00:00,1785283827,6705,321 Surrey Central/WhiteRock,15247177,5537,52,-330
2026-07-29T00:10:38.423945+00:00,1785283827,6705,321 Surrey Central/WhiteRock,15247177,5538,53,-336
2026-07-29T00:10:38.423945+00:00,1785283827,6705,321 Surrey Central/WhiteRock,15247177,5541,54,-307
2026-07-29T00:10:38.423945+00:00,1785283827,6705,321 Surrey Central/WhiteRock,15247177,5542,55,-295
2026-07-29T00:10:38.423945+00:00,1785283827,6705,321 Surrey Central/WhiteRock,15247177,6195,56,-269
2026-07-29T00:10:38.423945+00:00,1785283827,6705,321 Surrey Central/WhiteRock,15247186,5535,50,349
2026-07-29T00:10:38.423945+00:00,1785283827,6705,321 Surrey Central/WhiteRock,15247186,5536,51,326
2026-07-29T00:10:38.423945+00:00,1785283827,6705,321 Surrey Central/WhiteRock,15247186,5537,52,334
2026-07-29T00:10:38.423945+00:00,1785283827,6705,321 Surrey Central/WhiteRock,15247186,5538,53,328
2026-07-29T00:10:38.423945+00:00,1785283827,6705,321 Surrey Central/WhiteRock,15247186,5541,54,360
2026-07-29T00:10:38.423945+00:00,1785283827,6705,321 Surrey Central/WhiteRock,15247186,5542,55,371
2026-07-29T00:10:38.423945+00:00,1785283827,6705,321 Surrey Central/WhiteRock,15247186,6195,56,401
2026-07-29T00:10:38.423945+00:00,1785283827,6705,321 Surrey Central/WhiteRock,15247187,12916,11,88
2026-07-29T00:10:38.423945+00:00,1785283827,6705,321 Surrey Central/WhiteRock,15247187,5049,12,80
2026-07-29T00:10:38.423945+00:00,1785283827,6705,321 Surrey Central/WhiteRock,15247187,5039,13,65
2026-07-29T00:10:38.423945+00:00,1785283827,6705,321 Surrey Central/WhiteRock,15247187,8351,14,42
2026-07-29T00:10:38.423945+00:00,1785283827,6705,321 Surrey Central/WhiteRock,15247187,5496,15,-27
2026-07-29T00:10:38.423945+00:00,1785283827,6705,321 Surrey Central/WhiteRock,15247187,5497,16,-70
2026-07-29T00:10:38.423945+00:00,1785283827,6705,321 Surrey Central/WhiteRock,15247187,5498,17,-86
2026-07-29T00:10:38.423945+00:00,1785283827,6705,321 Surrey Central/WhiteRock,15247187,5499,18,-123
2026-07-29T00:10:38.423945+00:00,1785283827,6705,321 Surrey Central/WhiteRock,15247187,5500,19,-149
2026-07-29T00:10:38.423945+00:00,1785283827,6705,321 Surrey Central/WhiteRock,15247187,5501,20,-176
2026-07-29T00:10:38.423945+00:00,1785283827,6705,321 Surrey Central/WhiteRock,15247187,5502,21,-192
2026-07-29T00:10:38.423945+00:00,1785283827,6705,321 Surrey Central/WhiteRock,15247187,5503,22,-228
2026-07-29T00:10:38.423945+00:00,1785283827,6705,321 Surrey Central/WhiteRock,15247187,5504,23,-286
2026-07-29T00:10:38.423945+00:00,1785283827,6705,321 Surrey Central/WhiteRock,15247187,5505,24,-279
2026-07-29T00:10:38.423945+00:00,1785283827,6705,321 Surrey Central/WhiteRock,15247187,5507,25,-277
2026-07-29T00:10:38.423945+00:00,1785283827,6705,321 Surrey Central/WhiteRock,15247187,5633,26,0
2026-07-29T00:10:38.423945+00:00,1785283827,6705,321 Surrey Central/WhiteRock,15247187,5510,27,43
2026-07-29T00:10:38.423945+00:00,1785283827,6705,321 Surrey Central/WhiteRock,15247187,5511,28,36
2026-07-29T00:10:38.423945+00:00,1785283827,6705,321 Surrey Central/WhiteRock,15247187,5512,29,32
2026-07-29T00:10:38.423945+00:00,1785283827,6705,321 Surrey Central/WhiteRock,15247187,5513,30,21
2026-07-29T00:10:38.423945+00:00,1785283827,6705,321 Surrey Central/WhiteRock,15247187,5514,31,114
2026-07-29T00:10:38.423945+00:00,1785283827,6705,321 Surrey Central/WhiteRock,15247187,5515,32,108
2026-07-29T00:10:38.423945+00:00,1785283827,6705,321 Surrey Central/WhiteRock,15247187,5516,33,107
2026-07-29T00:10:38.423945+00:00,1785283827,6705,321 Surrey Central/WhiteRock,15247187,5517,34,111
2026-07-29T00:10:38.423945+00:00,1785283827,6705,321 Surrey Central/WhiteRock,15247187,5518,35,118
2026-07-29T00:10:38.423945+00:00,1785283827,6705,321 Surrey Central/WhiteRock,15247187,5519,36,96
2026-07-29T00:10:38.423945+00:00,1785283827,6705,321 Surrey Central/WhiteRock,15247187,5520,37,86
2026-07-29T00:10:38.423945+00:00,1785283827,6705,321 Surrey Central/WhiteRock,15247187,5521,38,-115
2026-07-29T00:10:38.423945+00:00,1785283827,6705,321 Surrey Central/WhiteRock,15247187,5522,39,-248
2026-07-29T00:10:38.423945+00:00,1785283827,6705,321 Surrey Central/WhiteRock,15247187,5523,40,-283
2026-07-29T00:10:38.423945+00:00,1785283827,6705,321 Surrey Central/WhiteRock,15247187,6466,41,-292
2026-07-29T00:10:38.423945+00:00,1785283827,6705,321 Surrey Central/WhiteRock,15247187,5524,42,-253
2026-07-29T00:10:38.423945+00:00,1785283827,6705,321 Surrey Central/WhiteRock,15247187,5525,43,-276
2026-07-29T00:10:38.423945+00:00,1785283827,6705,321 Surrey Central/WhiteRock,15247187,10443,44,-295
2026-07-29T00:10:38.423945+00:00,1785283827,6705,321 Surrey Central/WhiteRock,15247187,5528,45,-293
2026-07-29T00:10:38.423945+00:00,1785283827,6705,321 Surrey Central/WhiteRock,15247187,5529,46,-315
2026-07-29T00:10:38.423945+00:00,1785283827,6705,321 Surrey Central/WhiteRock,15247187,5530,47,-330
2026-07-29T00:10:38.423945+00:00,1785283827,6705,321 Surrey Central/WhiteRock,15247187,5533,48,-327
2026-07-29T00:10:38.423945+00:00,1785283827,6705,321 Surrey Central/WhiteRock,15247187,5534,49,-344
2026-07-29T00:10:38.423945+00:00,1785283827,6705,321 Surrey Central/WhiteRock,15247187,5535,50,-324
2026-07-29T00:10:38.423945+00:00,1785283827,6705,321 Surrey Central/WhiteRock,15247187,5536,51,-348
2026-07-29T00:10:38.423945+00:00,1785283827,6705,321 Surrey Central/WhiteRock,15247187,5537,52,-343
2026-07-29T00:10:38.423945+00:00,1785283827,6705,321 Surrey Central/WhiteRock,15247187,5538,53,-348
2026-07-29T00:10:38.423945+00:00,1785283827,6705,321 Surrey Central/WhiteRock,15247187,5541,54,-324
2026-07-29T00:10:38.423945+00:00,1785283827,6705,321 Surrey Central/WhiteRock,15247187,5542,55,-313
2026-07-29T00:10:38.423945+00:00,1785283827,6705,321 Surrey Central/WhiteRock,15247187,6195,56,-278
2026-07-29T00:10:38.423945+00:00,1785283827,6705,321 Surrey Central/WhiteRock,15247232,5516,33,441
2026-07-29T00:10:38.423945+00:00,1785283827,6705,321 Surrey Central/WhiteRock,15247232,5517,34,435
2026-07-29T00:10:38.423945+00:00,1785283827,6705,321 Surrey Central/WhiteRock,15247232,5518,35,438
2026-07-29T00:10:38.423945+00:00,1785283827,6705,321 Surrey Central/WhiteRock,15247232,5519,36,412
2026-07-29T00:10:38.423945+00:00,1785283827,6705,321 Surrey Central/WhiteRock,15247232,5520,37,399
2026-07-29T00:10:38.423945+00:00,1785283827,6705,321 Surrey Central/WhiteRock,15247232,5521,38,183
2026-07-29T00:10:38.423945+00:00,1785283827,6705,321 Surrey Central/WhiteRock,15247232,5522,39,41
2026-07-29T00:10:38.423945+00:00,1785283827,6705,321 Surrey Central/WhiteRock,15247232,5523,40,3
2026-07-29T00:10:38.423945+00:00,1785283827,6705,321 Surrey Central/WhiteRock,15247232,6466,41,-17
2026-07-29T00:10:38.423945+00:00,1785283827,6705,321 Surrey Central/WhiteRock,15247232,5524,42,16
2026-07-29T00:10:38.423945+00:00,1785283827,6705,321 Surrey Central/WhiteRock,15247232,5525,43,-13
2026-07-29T00:10:38.423945+00:00,1785283827,6705,321 Surrey Central/WhiteRock,15247232,10443,44,-35
2026-07-29T00:10:38.423945+00:00,1785283827,6705,321 Surrey Central/WhiteRock,15247232,5528,45,-36
2026-07-29T00:10:38.423945+00:00,1785283827,6705,321 Surrey Central/WhiteRock,15247232,5529,46,-61
2026-07-29T00:10:38.423945+00:00,1785283827,6705,321 Surrey Central/WhiteRock,15247232,5530,47,-78
2026-07-29T00:10:38.423945+00:00,1785283827,6705,321 Surrey Central/WhiteRock,15247232,5533,48,-78
2026-07-29T00:10:38.423945+00:00,1785283827,6705,321 Surrey Central/WhiteRock,15247232,5534,49,-98
2026-07-29T00:10:38.423945+00:00,1785283827,6705,321 Surrey Central/WhiteRock,15247232,5535,50,-82
2026-07-29T00:10:38.423945+00:00,1785283827,6705,321 Surrey Central/WhiteRock,15247232,5536,51,-107
2026-07-29T00:10:38.423945+00:00,1785283827,6705,321 Surrey Central/WhiteRock,15247232,5537,52,-106
2026-07-29T00:10:38.423945+00:00,1785283827,6705,321 Surrey Central/WhiteRock,15247232,5538,53,-113
2026-07-29T00:10:38.423945+00:00,1785283827,6705,321 Surrey Central/WhiteRock,15247232,5541,54,-83
2026-07-29T00:10:38.423945+00:00,1785283827,6705,321 Surrey Central/WhiteRock,15247232,5542,55,-71
2026-07-29T00:10:38.423945+00:00,1785283827,6705,321 Surrey Central/WhiteRock,15247232,6195,56,-47
2026-07-29T00:10:38.423945+00:00,1785283827,6705,321 Surrey Central/WhiteRock,15247233,5500,19,188
2026-07-29T00:10:38.423945+00:00,1785283827,6705,321 Surrey Central/WhiteRock,15247233,5501,20,159
2026-07-29T00:10:38.423945+00:00,1785283827,6705,321 Surrey Central/WhiteRock,15247233,5502,21,143
2026-07-29T00:10:38.423945+00:00,1785283827,6705,321 Surrey Central/WhiteRock,15247233,5503,22,104
2026-07-29T00:10:38.423945+00:00,1785283827,6705,321 Surrey Central/WhiteRock,15247233,5504,23,44
2026-07-29T00:10:38.423945+00:00,1785283827,6705,321 Surrey Central/WhiteRock,15247233,5505,24,47
2026-07-29T00:10:38.423945+00:00,1785283827,6705,321 Surrey Central/WhiteRock,15247233,5507,25,53
2026-07-29T00:10:38.423945+00:00,1785283827,6705,321 Surrey Central/WhiteRock,15247233,5633,26,85
2026-07-29T00:10:38.423945+00:00,1785283827,6705,321 Surrey Central/WhiteRock,15247233,5510,27,116
2026-07-29T00:10:38.423945+00:00,1785283827,6705,321 Surrey Central/WhiteRock,15247233,5511,28,108
2026-07-29T00:10:38.423945+00:00,1785283827,6705,321 Surrey Central/WhiteRock,15247233,5512,29,103
2026-07-29T00:10:38.423945+00:00,1785283827,6705,321 Surrey Central/WhiteRock,15247233,5513,30,89
2026-07-29T00:10:38.423945+00:00,1785283827,6705,321 Surrey Central/WhiteRock,15247233,5514,31,178
2026-07-29T00:10:38.423945+00:00,1785283827,6705,321 Surrey Central/WhiteRock,15247233,5515,32,170
2026-07-29T00:10:38.423945+00:00,1785283827,6705,321 Surrey Central/WhiteRock,15247233,5516,33,176
2026-07-29T00:10:38.423945+00:00,1785283827,6705,321 Surrey Central/WhiteRock,15247233,5517,34,173
2026-07-29T00:10:38.423945+00:00,1785283827,6705,321 Surrey Central/WhiteRock,15247233,5518,35,176
2026-07-29T00:10:38.423945+00:00,1785283827,6705,321 Surrey Central/WhiteRock,15247233,5519,36,152
2026-07-29T00:10:38.423945+00:00,1785283827,6705,321 Surrey Central/WhiteRock,15247233,5520,37,141
2026-07-29T00:10:38.423945+00:00,1785283827,6705,321 Surrey Central/WhiteRock,15247233,5521,38,-69
2026-07-29T00:10:38.423945+00:00,1785283827,6705,321 Surrey Central/WhiteRock,15247233,5522,39,-206
2026-07-29T00:10:38.423945+00:00,1785283827,6705,321 Surrey Central/WhiteRock,15247233,5523,40,-242
2026-07-29T00:10:38.423945+00:00,1785283827,6705,321 Surrey Central/WhiteRock,15247233,6466,41,-264
2026-07-29T00:10:38.423945+00:00,1785283827,6705,321 Surrey Central/WhiteRock,15247233,5524,42,-228
2026-07-29T00:10:38.423945+00:00,1785283827,6705,321 Surrey Central/WhiteRock,15247233,5525,43,-257
2026-07-29T00:10:38.423945+00:00,1785283827,6705,321 Surrey Central/WhiteRock,15247233,10443,44,-281
2026-07-29T00:10:38.423945+00:00,1785283827,6705,321 Surrey Central/WhiteRock,15247233,5528,45,-276
2026-07-29T00:10:38.423945+00:00,1785283827,6705,321 Surrey Central/WhiteRock,15247233,5529,46,-298
2026-07-29T00:10:38.423945+00:00,1785283827,6705,321 Surrey Central/WhiteRock,15247233,5530,47,-313
2026-07-29T00:10:38.423945+00:00,1785283827,6705,321 Surrey Central/WhiteRock,15247233,5533,48,-318
2026-07-29T00:10:38.423945+00:00,1785283827,6705,321 Surrey Central/WhiteRock,15247233,5534,49,-337
2026-07-29T00:10:38.423945+00:00,1785283827,6705,321 Surrey Central/WhiteRock,15247233,5535,50,-318
2026-07-29T00:10:38.423945+00:00,1785283827,6705,321 Surrey Central/WhiteRock,15247233,5536,51,-342
2026-07-29T00:10:38.423945+00:00,1785283827,6705,321 Surrey Central/WhiteRock,15247233,5537,52,-339
2026-07-29T00:10:38.423945+00:00,1785283827,6705,321 Surrey Central/WhiteRock,15247233,5538,53,-345
2026-07-29T00:10:38.423945+00:00,1785283827,6705,321 Surrey Central/WhiteRock,15247233,5541,54,-320
2026-07-29T00:10:38.423945+00:00,1785283827,6705,321 Surrey Central/WhiteRock,15247233,5542,55,-309
2026-07-29T00:10:38.423945+00:00,1785283827,6705,321 Surrey Central/WhiteRock,15247233,6195,56,-282
2026-07-29T00:10:38.423945+00:00,1785283827,6715,351 Bridgeport/WhiteRock,15251618,4928,24,257
2026-07-29T00:10:38.423945+00:00,1785283827,6715,351 Bridgeport/WhiteRock,15251618,8282,25,267
2026-07-29T00:10:38.423945+00:00,1785283827,6715,351 Bridgeport/WhiteRock,15251619,4928,24,-219
2026-07-29T00:10:38.423945+00:00,1785283827,6715,351 Bridgeport/WhiteRock,15251619,8282,25,-211
2026-07-29T00:10:38.423945+00:00,1785283827,6715,351 Bridgeport/WhiteRock,15251620,6139,10,106
2026-07-29T00:10:38.423945+00:00,1785283827,6715,351 Bridgeport/WhiteRock,15251620,5437,11,128
2026-07-29T00:10:38.423945+00:00,1785283827,6715,351 Bridgeport/WhiteRock,15251620,5438,12,118
2026-07-29T00:10:38.423945+00:00,1785283827,6715,351 Bridgeport/WhiteRock,15251620,5439,13,137
2026-07-29T00:10:38.423945+00:00,1785283827,6715,351 Bridgeport/WhiteRock,15251620,5440,14,116
2026-07-29T00:10:38.423945+00:00,1785283827,6715,351 Bridgeport/WhiteRock,15251620,5441,15,155
2026-07-29T00:10:38.423945+00:00,1785283827,6715,351 Bridgeport/WhiteRock,15251620,5442,16,129
2026-07-29T00:10:38.423945+00:00,1785283827,6715,351 Bridgeport/WhiteRock,15251620,5444,17,140
2026-07-29T00:10:38.423945+00:00,1785283827,6715,351 Bridgeport/WhiteRock,15251620,9083,18,110
2026-07-29T00:10:38.423945+00:00,1785283827,6715,351 Bridgeport/WhiteRock,15251620,5446,19,114
2026-07-29T00:10:38.423945+00:00,1785283827,6715,351 Bridgeport/WhiteRock,15251620,10445,20,106
2026-07-29T00:10:38.423945+00:00,1785283827,6715,351 Bridgeport/WhiteRock,15251620,5447,21,67
2026-07-29T00:10:38.423945+00:00,1785283827,6715,351 Bridgeport/WhiteRock,15251620,5448,22,68
2026-07-29T00:10:38.423945+00:00,1785283827,6715,351 Bridgeport/WhiteRock,15251620,6194,23,61
2026-07-29T00:10:38.423945+00:00,1785283827,6715,351 Bridgeport/WhiteRock,15251620,4928,24,-66
2026-07-29T00:10:38.423945+00:00,1785283827,6715,351 Bridgeport/WhiteRock,15251620,8282,25,34
2026-07-29T00:10:38.423945+00:00,1785283827,6715,351 Bridgeport/WhiteRock,15251697,5542,18,-632
2026-07-29T00:10:38.423945+00:00,1785283827,6715,351 Bridgeport/WhiteRock,15251697,6340,19,-584
2026-07-29T00:10:38.423945+00:00,1785283827,6715,351 Bridgeport/WhiteRock,15251697,6341,20,-562
2026-07-29T00:10:38.423945+00:00,1785283827,6715,351 Bridgeport/WhiteRock,15251697,6167,21,-550
2026-07-29T00:10:38.423945+00:00,1785283827,6715,351 Bridgeport/WhiteRock,15251698,5524,5,-624
2026-07-29T00:10:38.423945+00:00,1785283827,6715,351 Bridgeport/WhiteRock,15251698,5525,6,-637
2026-07-29T00:10:38.423945+00:00,1785283827,6715,351 Bridgeport/WhiteRock,15251698,10443,7,-631
2026-07-29T00:10:38.423945+00:00,1785283827,6715,351 Bridgeport/WhiteRock,15251698,5528,8,-614
2026-07-29T00:10:38.423945+00:00,1785283827,6715,351 Bridgeport/WhiteRock,15251698,5529,9,-624
2026-07-29T00:10:38.423945+00:00,1785283827,6715,351 Bridgeport/WhiteRock,15251698,5530,10,-622
2026-07-29T00:10:38.423945+00:00,1785283827,6715,351 Bridgeport/WhiteRock,15251698,5533,11,-605
2026-07-29T00:10:38.423945+00:00,1785283827,6715,351 Bridgeport/WhiteRock,15251698,5534,12,-608
2026-07-29T00:10:38.423945+00:00,1785283827,6715,351 Bridgeport/WhiteRock,15251698,5535,13,-585
2026-07-29T00:10:38.423945+00:00,1785283827,6715,351 Bridgeport/WhiteRock,15251698,5536,14,-590
2026-07-29T00:10:38.423945+00:00,1785283827,6715,351 Bridgeport/WhiteRock,15251698,5537,15,-563
2026-07-29T00:10:38.423945+00:00,1785283827,6715,351 Bridgeport/WhiteRock,15251698,5538,16,-558
2026-07-29T00:10:38.423945+00:00,1785283827,6715,351 Bridgeport/WhiteRock,15251698,5541,17,-506
2026-07-29T00:10:38.423945+00:00,1785283827,6715,351 Bridgeport/WhiteRock,15251698,5542,18,-486
2026-07-29T00:10:38.423945+00:00,1785283827,6715,351 Bridgeport/WhiteRock,15251698,6340,19,-438
2026-07-29T00:10:38.423945+00:00,1785283827,6715,351 Bridgeport/WhiteRock,15251698,6341,20,-415
2026-07-29T00:10:38.423945+00:00,1785283827,6715,351 Bridgeport/WhiteRock,15251698,6167,21,-399
2026-07-29T00:10:38.423945+00:00,1785283827,6715,351 Bridgeport/WhiteRock,15251699,6175,4,-673
2026-07-29T00:10:38.423945+00:00,1785283827,6715,351 Bridgeport/WhiteRock,15251699,5524,5,-627
2026-07-29T00:10:38.423945+00:00,1785283827,6715,351 Bridgeport/WhiteRock,15251699,5525,6,-641
2026-07-29T00:10:38.423945+00:00,1785283827,6715,351 Bridgeport/WhiteRock,15251699,10443,7,-635
2026-07-29T00:10:38.423945+00:00,1785283827,6715,351 Bridgeport/WhiteRock,15251699,5528,8,-618
2026-07-29T00:10:38.423945+00:00,1785283827,6715,351 Bridgeport/WhiteRock,15251699,5529,9,-627
2026-07-29T00:10:38.423945+00:00,1785283827,6715,351 Bridgeport/WhiteRock,15251699,5530,10,-625
2026-07-29T00:10:38.423945+00:00,1785283827,6715,351 Bridgeport/WhiteRock,15251699,5533,11,-607
2026-07-29T00:10:38.423945+00:00,1785283827,6715,351 Bridgeport/WhiteRock,15251699,5534,12,-609
2026-07-29T00:10:38.423945+00:00,1785283827,6715,351 Bridgeport/WhiteRock,15251699,5535,13,-583
2026-07-29T00:10:38.423945+00:00,1785283827,6715,351 Bridgeport/WhiteRock,15251699,5536,14,-588
2026-07-29T00:10:38.423945+00:00,1785283827,6715,351 Bridgeport/WhiteRock,15251699,5537,15,-562
2026-07-29T00:10:38.423945+00:00,1785283827,6715,351 Bridgeport/WhiteRock,15251699,5538,16,-557
2026-07-29T00:10:38.423945+00:00,1785283827,6715,351 Bridgeport/WhiteRock,15251699,5541,17,-505
2026-07-29T00:10:38.423945+00:00,1785283827,6715,351 Bridgeport/WhiteRock,15251699,5542,18,-484
2026-07-29T00:10:38.423945+00:00,1785283827,6715,351 Bridgeport/WhiteRock,15251699,6340,19,-436
2026-07-29T00:10:38.423945+00:00,1785283827,6715,351 Bridgeport/WhiteRock,15251699,6341,20,-412
2026-07-29T00:10:38.423945+00:00,1785283827,6715,351 Bridgeport/WhiteRock,15251699,6167,21,-400
2026-07-29T00:10:38.423945+00:00,1785283827,6715,351 Bridgeport/WhiteRock,15251700,4929,3,0
2026-07-29T00:10:38.423945+00:00,1785283827,6715,351 Bridgeport/WhiteRock,15251700,6175,4,-688
2026-07-29T00:10:38.423945+00:00,1785283827,6715,351 Bridgeport/WhiteRock,15251700,5524,5,-641
2026-07-29T00:10:38.423945+00:00,1785283827,6715,351 Bridgeport/WhiteRock,15251700,5525,6,-654
2026-07-29T00:10:38.423945+00:00,1785283827,6715,351 Bridgeport/WhiteRock,15251700,10443,7,-648
2026-07-29T00:10:38.423945+00:00,1785283827,6715,351 Bridgeport/WhiteRock,15251700,5528,8,-628
2026-07-29T00:10:38.423945+00:00,1785283827,6715,351 Bridgeport/WhiteRock,15251700,5529,9,-633
2026-07-29T00:10:38.423945+00:00,1785283827,6715,351 Bridgeport/WhiteRock,15251700,5530,10,-631
2026-07-29T00:10:38.423945+00:00,1785283827,6715,351 Bridgeport/WhiteRock,15251700,5533,11,-614
2026-07-29T00:10:38.423945+00:00,1785283827,6715,351 Bridgeport/WhiteRock,15251700,5534,12,-616
2026-07-29T00:10:38.423945+00:00,1785283827,6715,351 Bridgeport/WhiteRock,15251700,5535,13,-582
2026-07-29T00:10:38.423945+00:00,1785283827,6715,351 Bridgeport/WhiteRock,15251700,5536,14,-587
2026-07-29T00:10:38.423945+00:00,1785283827,6715,351 Bridgeport/WhiteRock,15251700,5537,15,-560
2026-07-29T00:10:38.423945+00:00,1785283827,6715,351 Bridgeport/WhiteRock,15251700,5538,16,-555
2026-07-29T00:10:38.423945+00:00,1785283827,6715,351 Bridgeport/WhiteRock,15251700,5541,17,-508
2026-07-29T00:10:38.423945+00:00,1785283827,6715,351 Bridgeport/WhiteRock,15251700,5542,18,-488
2026-07-29T00:10:38.423945+00:00,1785283827,6715,351 Bridgeport/WhiteRock,15251700,6340,19,-444
2026-07-29T00:10:38.423945+00:00,1785283827,6715,351 Bridgeport/WhiteRock,15251700,6341,20,-422
2026-07-29T00:10:38.423945+00:00,1785283827,6715,351 Bridgeport/WhiteRock,15251700,6167,21,-409
2026-07-29T00:10:38.423945+00:00,1785283827,6715,351 Bridgeport/WhiteRock,15251701,8283,2,21
2026-07-29T00:10:38.423945+00:00,1785283827,6715,351 Bridgeport/WhiteRock,15251701,4929,3,27
2026-07-29T00:10:38.423945+00:00,1785283827,6715,351 Bridgeport/WhiteRock,15251701,6175,4,-622
2026-07-29T00:10:38.423945+00:00,1785283827,6715,351 Bridgeport/WhiteRock,15251701,5524,5,-573
2026-07-29T00:10:38.423945+00:00,1785283827,6715,351 Bridgeport/WhiteRock,15251701,5525,6,-586
2026-07-29T00:10:38.423945+00:00,1785283827,6715,351 Bridgeport/WhiteRock,15251701,10443,7,-579
2026-07-29T00:10:38.423945+00:00,1785283827,6715,351 Bridgeport/WhiteRock,15251701,5528,8,-558
2026-07-29T00:10:38.423945+00:00,1785283827,6715,351 Bridgeport/WhiteRock,15251701,5529,9,-563
2026-07-29T00:10:38.423945+00:00,1785283827,6715,351 Bridgeport/WhiteRock,15251701,5530,10,-560
2026-07-29T00:10:38.423945+00:00,1785283827,6715,351 Bridgeport/WhiteRock,15251701,5533,11,-541
2026-07-29T00:10:38.423945+00:00,1785283827,6715,351 Bridgeport/WhiteRock,15251701,5534,12,-542
2026-07-29T00:10:38.423945+00:00,1785283827,6715,351 Bridgeport/WhiteRock,15251701,5535,13,-518
2026-07-29T00:10:38.423945+00:00,1785283827,6715,351 Bridgeport/WhiteRock,15251701,5536,14,-521
2026-07-29T00:10:38.423945+00:00,1785283827,6715,351 Bridgeport/WhiteRock,15251701,5537,15,-494
2026-07-29T00:10:38.423945+00:00,1785283827,6715,351 Bridgeport/WhiteRock,15251701,5538,16,-488
2026-07-29T00:10:38.423945+00:00,1785283827,6715,351 Bridgeport/WhiteRock,15251701,5541,17,-442
2026-07-29T00:10:38.423945+00:00,1785283827,6715,351 Bridgeport/WhiteRock,15251701,5542,18,-422
2026-07-29T00:10:38.423945+00:00,1785283827,6715,351 Bridgeport/WhiteRock,15251701,6340,19,-375
2026-07-29T00:10:38.423945+00:00,1785283827,6715,351 Bridgeport/WhiteRock,15251701,6341,20,-354
2026-07-29T00:10:38.423945+00:00,1785283827,6715,351 Bridgeport/WhiteRock,15251701,6167,21,-342
2026-07-29T00:10:38.423945+00:00,1785283827,6715,351 Bridgeport/WhiteRock,15251702,11267,1,0
2026-07-29T00:10:38.423945+00:00,1785283827,6715,351 Bridgeport/WhiteRock,15251702,8283,2,-910
2026-07-29T00:10:38.423945+00:00,1785283827,6715,351 Bridgeport/WhiteRock,15251702,4929,3,0
2026-07-29T00:10:38.423945+00:00,1785283827,6715,351 Bridgeport/WhiteRock,15251702,6175,4,-651
2026-07-29T00:10:38.423945+00:00,1785283827,6715,351 Bridgeport/WhiteRock,15251702,5524,5,-602
2026-07-29T00:10:38.423945+00:00,1785283827,6715,351 Bridgeport/WhiteRock,15251702,5525,6,-615
2026-07-29T00:10:38.423945+00:00,1785283827,6715,351 Bridgeport/WhiteRock,15251702,10443,7,-609
2026-07-29T00:10:38.423945+00:00,1785283827,6715,351 Bridgeport/WhiteRock,15251702,5528,8,-587
2026-07-29T00:10:38.423945+00:00,1785283827,6715,351 Bridgeport/WhiteRock,15251702,5529,9,-589
2026-07-29T00:10:38.423945+00:00,1785283827,6715,351 Bridgeport/WhiteRock,15251702,5530,10,-588
2026-07-29T00:10:38.423945+00:00,1785283827,6715,351 Bridgeport/WhiteRock,15251702,5533,11,-571
2026-07-29T00:10:38.423945+00:00,1785283827,6715,351 Bridgeport/WhiteRock,15251702,5534,12,-572
2026-07-29T00:10:38.423945+00:00,1785283827,6715,351 Bridgeport/WhiteRock,15251702,5535,13,-554
2026-07-29T00:10:38.423945+00:00,1785283827,6715,351 Bridgeport/WhiteRock,15251702,5536,14,-554
2026-07-29T00:10:38.423945+00:00,1785283827,6715,351 Bridgeport/WhiteRock,15251702,5537,15,-522
2026-07-29T00:10:38.423945+00:00,1785283827,6715,351 Bridgeport/WhiteRock,15251702,5538,16,-517
2026-07-29T00:10:38.423945+00:00,1785283827,6715,351 Bridgeport/WhiteRock,15251702,5541,17,-473
2026-07-29T00:10:38.423945+00:00,1785283827,6715,351 Bridgeport/WhiteRock,15251702,5542,18,-454
2026-07-29T00:10:38.423945+00:00,1785283827,6715,351 Bridgeport/WhiteRock,15251702,6340,19,-407
2026-07-29T00:10:38.423945+00:00,1785283827,6715,351 Bridgeport/WhiteRock,15251702,6341,20,-387
2026-07-29T00:10:38.423945+00:00,1785283827,6715,351 Bridgeport/WhiteRock,15251702,6167,21,-369
2026-07-29T00:10:38.423945+00:00,1785283827,11692,364 Langley Centre/Scottsdale,15252682,4918,3,238
2026-07-29T00:10:38.423945+00:00,1785283827,11692,364 Langley Centre/Scottsdale,15252682,4919,4,227
2026-07-29T00:10:38.423945+00:00,1785283827,11692,364 Langley Centre/Scottsdale,15252682,4921,5,156
2026-07-29T00:10:38.423945+00:00,1785283827,11692,364 Langley Centre/Scottsdale,15252682,11121,6,198
2026-07-29T00:10:38.423945+00:00,1785283827,11692,364 Langley Centre/Scottsdale,15252682,11142,7,150
2026-07-29T00:10:38.423945+00:00,1785283827,11692,364 Langley Centre/Scottsdale,15252682,11139,8,124
2026-07-29T00:10:38.423945+00:00,1785283827,11692,364 Langley Centre/Scottsdale,15252682,11156,9,90
2026-07-29T00:10:38.423945+00:00,1785283827,11692,364 Langley Centre/Scottsdale,15252682,5583,10,93
2026-07-29T00:10:38.423945+00:00,1785283827,11692,364 Langley Centre/Scottsdale,15252682,5584,11,50
2026-07-29T00:10:38.423945+00:00,1785283827,11692,364 Langley Centre/Scottsdale,15252682,6464,12,24
2026-07-29T00:10:38.423945+00:00,1785283827,11692,364 Langley Centre/Scottsdale,15252682,6465,13,-11
2026-07-29T00:10:38.423945+00:00,1785283827,11692,364 Langley Centre/Scottsdale,15252682,11074,14,25
2026-07-29T00:10:38.423945+00:00,1785283827,11692,364 Langley Centre/Scottsdale,15252682,11153,15,-15
2026-07-29T00:10:38.423945+00:00,1785283827,11692,364 Langley Centre/Scottsdale,15252682,11150,16,-64
2026-07-29T00:10:38.423945+00:00,1785283827,11692,364 Langley Centre/Scottsdale,15252682,11148,17,-91
2026-07-29T00:10:38.423945+00:00,1785283827,11692,364 Langley Centre/Scottsdale,15252682,11124,18,-87
2026-07-29T00:10:38.423945+00:00,1785283827,11692,364 Langley Centre/Scottsdale,15252682,11140,19,-136
2026-07-29T00:10:38.423945+00:00,1785283827,11692,364 Langley Centre/Scottsdale,15252682,11145,20,-149
2026-07-29T00:10:38.423945+00:00,1785283827,11692,364 Langley Centre/Scottsdale,15252682,11076,21,0
2026-07-29T00:10:38.423945+00:00,1785283827,11692,364 Langley Centre/Scottsdale,15252682,12645,22,-234
2026-07-29T00:10:38.423945+00:00,1785283827,11692,364 Langley Centre/Scottsdale,15252682,9525,23,-233
2026-07-29T00:10:38.423945+00:00,1785283827,11692,364 Langley Centre/Scottsdale,15252682,10148,24,-210
2026-07-29T00:10:38.423945+00:00,1785283827,11692,364 Langley Centre/Scottsdale,15252682,10585,25,-235
2026-07-29T00:10:38.423945+00:00,1785283827,11692,364 Langley Centre/Scottsdale,15252682,10250,26,-245
2026-07-29T00:10:38.423945+00:00,1785283827,11692,364 Langley Centre/Scottsdale,15252682,10588,27,-256
2026-07-29T00:10:38.423945+00:00,1785283827,11692,364 Langley Centre/Scottsdale,15252682,10248,28,-200
2026-07-29T00:10:38.423945+00:00,1785283827,11692,364 Langley Centre/Scottsdale,15252682,10726,29,-198
2026-07-29T00:10:38.423945+00:00,1785283827,11692,364 Langley Centre/Scottsdale,15252682,10725,30,-212
2026-07-29T00:10:38.423945+00:00,1785283827,11692,364 Langley Centre/Scottsdale,15252682,10727,31,-232
2026-07-29T00:10:38.423945+00:00,1785283827,11692,364 Langley Centre/Scottsdale,15252682,10251,32,-242
2026-07-29T00:10:38.423945+00:00,1785283827,11692,364 Langley Centre/Scottsdale,15252682,10252,33,-268
2026-07-29T00:10:38.423945+00:00,1785283827,11692,364 Langley Centre/Scottsdale,15252682,10253,34,-279
2026-07-29T00:10:38.423945+00:00,1785283827,11692,364 Langley Centre/Scottsdale,15252682,10255,35,-301
2026-07-29T00:10:38.423945+00:00,1785283827,11692,364 Langley Centre/Scottsdale,15252682,5332,36,-233
2026-07-29T00:10:38.423945+00:00,1785283827,11692,364 Langley Centre/Scottsdale,15252682,12497,37,-262
2026-07-29T00:10:38.423945+00:00,1785283827,11692,364 Langley Centre/Scottsdale,15252682,5334,38,-271
2026-07-29T00:10:38.423945+00:00,1785283827,11692,364 Langley Centre/Scottsdale,15252682,6472,39,-264
2026-07-29T00:10:38.423945+00:00,1785283827,11692,364 Langley Centre/Scottsdale,15252682,6473,40,-272
2026-07-29T00:10:38.423945+00:00,1785283827,11692,364 Langley Centre/Scottsdale,15252682,6474,41,-281
2026-07-29T00:10:38.423945+00:00,1785283827,11692,364 Langley Centre/Scottsdale,15252682,9306,42,-232
2026-07-29T00:10:38.423945+00:00,1785283827,11692,364 Langley Centre/Scottsdale,15252682,11125,43,-240
2026-07-29T00:10:38.423945+00:00,1785283827,11692,364 Langley Centre/Scottsdale,15252682,9294,44,-233
2026-07-29T00:10:38.423945+00:00,1785283827,11692,364 Langley Centre/Scottsdale,15252682,9293,45,-243
2026-07-29T00:10:38.423945+00:00,1785283827,11692,364 Langley Centre/Scottsdale,15252682,11126,46,-236
2026-07-29T00:10:38.423945+00:00,1785283827,11692,364 Langley Centre/Scottsdale,15252682,7094,47,-282
2026-07-29T00:10:38.423945+00:00,1785283827,11692,364 Langley Centre/Scottsdale,15252683,12645,22,-157
2026-07-29T00:10:38.423945+00:00,1785283827,11692,364 Langley Centre/Scottsdale,15252683,9525,23,-157
2026-07-29T00:10:38.423945+00:00,1785283827,11692,364 Langley Centre/Scottsdale,15252683,10148,24,-140
2026-07-29T00:10:38.423945+00:00,1785283827,11692,364 Langley Centre/Scottsdale,15252683,10585,25,-170
2026-07-29T00:10:38.423945+00:00,1785283827,11692,364 Langley Centre/Scottsdale,15252683,10250,26,-188
2026-07-29T00:10:38.423945+00:00,1785283827,11692,364 Langley Centre/Scottsdale,15252683,10588,27,-203
2026-07-29T00:10:38.423945+00:00,1785283827,11692,364 Langley Centre/Scottsdale,15252683,10248,28,-155
2026-07-29T00:10:38.423945+00:00,1785283827,11692,364 Langley Centre/Scottsdale,15252683,10726,29,-155
2026-07-29T00:10:38.423945+00:00,1785283827,11692,364 Langley Centre/Scottsdale,15252683,10725,30,-175
2026-07-29T00:10:38.423945+00:00,1785283827,11692,364 Langley Centre/Scottsdale,15252683,10727,31,-199
2026-07-29T00:10:38.423945+00:00,1785283827,11692,364 Langley Centre/Scottsdale,15252683,10251,32,-216
2026-07-29T00:10:38.423945+00:00,1785283827,11692,364 Langley Centre/Scottsdale,15252683,10252,33,-247
2026-07-29T00:10:38.423945+00:00,1785283827,11692,364 Langley Centre/Scottsdale,15252683,10253,34,-269
2026-07-29T00:10:38.423945+00:00,1785283827,11692,364 Langley Centre/Scottsdale,15252683,10255,35,-296
2026-07-29T00:10:38.423945+00:00,1785283827,11692,364 Langley Centre/Scottsdale,15252683,5332,36,-231
2026-07-29T00:10:38.423945+00:00,1785283827,11692,364 Langley Centre/Scottsdale,15252683,12497,37,-267
2026-07-29T00:10:38.423945+00:00,1785283827,11692,364 Langley Centre/Scottsdale,15252683,5334,38,-282
2026-07-29T00:10:38.423945+00:00,1785283827,11692,364 Langley Centre/Scottsdale,15252683,6472,39,-275
2026-07-29T00:10:38.423945+00:00,1785283827,11692,364 Langley Centre/Scottsdale,15252683,6473,40,-282
2026-07-29T00:10:38.423945+00:00,1785283827,11692,364 Langley Centre/Scottsdale,15252683,6474,41,-294
2026-07-29T00:10:38.423945+00:00,1785283827,11692,364 Langley Centre/Scottsdale,15252683,9306,42,-246
2026-07-29T00:10:38.423945+00:00,1785283827,11692,364 Langley Centre/Scottsdale,15252683,11125,43,-271
2026-07-29T00:10:38.423945+00:00,1785283827,11692,364 Langley Centre/Scottsdale,15252683,9294,44,-260
2026-07-29T00:10:38.423945+00:00,1785283827,11692,364 Langley Centre/Scottsdale,15252683,9293,45,-275
2026-07-29T00:10:38.423945+00:00,1785283827,11692,364 Langley Centre/Scottsdale,15252683,11126,46,-267
2026-07-29T00:10:38.423945+00:00,1785283827,11692,364 Langley Centre/Scottsdale,15252683,7094,47,-301
2026-07-29T00:10:38.423945+00:00,1785283827,11692,364 Langley Centre/Scottsdale,15252684,7094,47,137
2026-07-29T00:10:38.423945+00:00,1785283827,11692,364 Langley Centre/Scottsdale,15252697,5332,36,-206
2026-07-29T00:10:38.423945+00:00,1785283827,11692,364 Langley Centre/Scottsdale,15252697,12497,37,-245
2026-07-29T00:10:38.423945+00:00,1785283827,11692,364 Langley Centre/Scottsdale,15252697,5334,38,-260
2026-07-29T00:10:38.423945+00:00,1785283827,11692,364 Langley Centre/Scottsdale,15252697,6472,39,-253
2026-07-29T00:10:38.423945+00:00,1785283827,11692,364 Langley Centre/Scottsdale,15252697,6473,40,-259
2026-07-29T00:10:38.423945+00:00,1785283827,11692,364 Langley Centre/Scottsdale,15252697,6474,41,-270
2026-07-29T00:10:38.423945+00:00,1785283827,11692,364 Langley Centre/Scottsdale,15252697,9306,42,-222
2026-07-29T00:10:38.423945+00:00,1785283827,11692,364 Langley Centre/Scottsdale,15252697,11125,43,-247
2026-07-29T00:10:38.423945+00:00,1785283827,11692,364 Langley Centre/Scottsdale,15252697,9294,44,-225
2026-07-29T00:10:38.423945+00:00,1785283827,11692,364 Langley Centre/Scottsdale,15252697,9293,45,-240
2026-07-29T00:10:38.423945+00:00,1785283827,11692,364 Langley Centre/Scottsdale,15252697,11126,46,-235
2026-07-29T00:10:38.423945+00:00,1785283827,11692,364 Langley Centre/Scottsdale,15252697,7094,47,-269
2026-07-29T00:10:38.423945+00:00,1785283827,11692,364 Langley Centre/Scottsdale,15252698,5244,1,0
2026-07-29T00:10:38.423945+00:00,1785283827,11692,364 Langley Centre/Scottsdale,15252698,11142,7,-1128
2026-07-29T00:10:38.423945+00:00,1785283827,11692,364 Langley Centre/Scottsdale,15252698,11139,8,-1151
2026-07-29T00:10:38.423945+00:00,1785283827,11692,364 Langley Centre/Scottsdale,15252698,11156,9,-1173
2026-07-29T00:10:38.423945+00:00,1785283827,11692,364 Langley Centre/Scottsdale,15252698,5583,10,-1167
2026-07-29T00:10:38.423945+00:00,1785283827,11692,364 Langley Centre/Scottsdale,15252698,5584,11,-1207
2026-07-29T00:10:38.423945+00:00,1785283827,11692,364 Langley Centre/Scottsdale,15252698,6464,12,-1230
2026-07-29T00:10:38.423945+00:00,1785283827,11692,364 Langley Centre/Scottsdale,15252698,6465,13,-1263
2026-07-29T00:10:38.423945+00:00,1785283827,11692,364 Langley Centre/Scottsdale,15252698,11074,14,-1224
2026-07-29T00:10:38.423945+00:00,1785283827,11692,364 Langley Centre/Scottsdale,15252698,11153,15,-1262
2026-07-29T00:10:38.423945+00:00,1785283827,11692,364 Langley Centre/Scottsdale,15252698,11150,16,-1308
2026-07-29T00:10:38.423945+00:00,1785283827,11692,364 Langley Centre/Scottsdale,15252698,11148,17,-1332
2026-07-29T00:10:38.423945+00:00,1785283827,11692,364 Langley Centre/Scottsdale,15252698,11124,18,-1325
2026-07-29T00:10:38.423945+00:00,1785283827,11692,364 Langley Centre/Scottsdale,15252698,11140,19,-1371
2026-07-29T00:10:38.423945+00:00,1785283827,11692,364 Langley Centre/Scottsdale,15252698,11145,20,-1381
2026-07-29T00:10:38.423945+00:00,1785283827,11692,364 Langley Centre/Scottsdale,15252698,11076,21,0
2026-07-29T00:10:38.423945+00:00,1785283827,11692,364 Langley Centre/Scottsdale,15252698,12645,22,-211
2026-07-29T00:10:38.423945+00:00,1785283827,11692,364 Langley Centre/Scottsdale,15252698,9525,23,-209
2026-07-29T00:10:38.423945+00:00,1785283827,11692,364 Langley Centre/Scottsdale,15252698,10148,24,-182
2026-07-29T00:10:38.423945+00:00,1785283827,11692,364 Langley Centre/Scottsdale,15252698,10585,25,-204
2026-07-29T00:10:38.423945+00:00,1785283827,11692,364 Langley Centre/Scottsdale,15252698,10250,26,-210
2026-07-29T00:10:38.423945+00:00,1785283827,11692,364 Langley Centre/Scottsdale,15252698,10588,27,-218
2026-07-29T00:10:38.423945+00:00,1785283827,11692,364 Langley Centre/Scottsdale,15252698,10248,28,-158
2026-07-29T00:10:38.423945+00:00,1785283827,11692,364 Langley Centre/Scottsdale,15252698,10726,29,-161
2026-07-29T00:10:38.423945+00:00,1785283827,11692,364 Langley Centre/Scottsdale,15252698,10725,30,-175
2026-07-29T00:10:38.423945+00:00,1785283827,11692,364 Langley Centre/Scottsdale,15252698,10727,31,-191
2026-07-29T00:10:38.423945+00:00,1785283827,11692,364 Langley Centre/Scottsdale,15252698,10251,32,-200
2026-07-29T00:10:38.423945+00:00,1785283827,11692,364 Langley Centre/Scottsdale,15252698,10252,33,-225
2026-07-29T00:10:38.423945+00:00,1785283827,11692,364 Langley Centre/Scottsdale,15252698,10253,34,-235
2026-07-29T00:10:38.423945+00:00,1785283827,11692,364 Langley Centre/Scottsdale,15252698,10255,35,-254
2026-07-29T00:10:38.423945+00:00,1785283827,11692,364 Langley Centre/Scottsdale,15252698,5332,36,-223
2026-07-29T00:10:38.423945+00:00,1785283827,11692,364 Langley Centre/Scottsdale,15252698,12497,37,-251
2026-07-29T00:10:38.423945+00:00,1785283827,11692,364 Langley Centre/Scottsdale,15252698,5334,38,-251
2026-07-29T00:10:38.423945+00:00,1785283827,11692,364 Langley Centre/Scottsdale,15252698,6472,39,-243
2026-07-29T00:10:38.423945+00:00,1785283827,11692,364 Langley Centre/Scottsdale,15252698,6473,40,-248
2026-07-29T00:10:38.423945+00:00,1785283827,11692,364 Langley Centre/Scottsdale,15252698,6474,41,-255
2026-07-29T00:10:38.423945+00:00,1785283827,11692,364 Langley Centre/Scottsdale,15252698,9306,42,-204
2026-07-29T00:10:38.423945+00:00,1785283827,11692,364 Langley Centre/Scottsdale,15252698,11125,43,-203
2026-07-29T00:10:38.423945+00:00,1785283827,11692,364 Langley Centre/Scottsdale,15252698,9294,44,-191
2026-07-29T00:10:38.423945+00:00,1785283827,11692,364 Langley Centre/Scottsdale,15252698,9293,45,-200
2026-07-29T00:10:38.423945+00:00,1785283827,11692,364 Langley Centre/Scottsdale,15252698,11126,46,-192
2026-07-29T00:10:38.423945+00:00,1785283827,11692,364 Langley Centre/Scottsdale,15252698,7094,47,-225
2026-07-29T00:10:38.423945+00:00,1785283827,11692,364 Langley Centre/Scottsdale,15252700,6465,13,95
2026-07-29T00:10:38.423945+00:00,1785283827,11692,364 Langley Centre/Scottsdale,15252700,11074,14,103
2026-07-29T00:10:38.423945+00:00,1785283827,11692,364 Langley Centre/Scottsdale,15252700,11153,15,63
2026-07-29T00:10:38.423945+00:00,1785283827,11692,364 Langley Centre/Scottsdale,15252700,11150,16,14
2026-07-29T00:10:38.423945+00:00,1785283827,11692,364 Langley Centre/Scottsdale,15252700,11148,17,-13
2026-07-29T00:10:38.423945+00:00,1785283827,11692,364 Langley Centre/Scottsdale,15252700,11124,18,-8
2026-07-29T00:10:38.423945+00:00,1785283827,11692,364 Langley Centre/Scottsdale,15252700,11140,19,-55
2026-07-29T00:10:38.423945+00:00,1785283827,11692,364 Langley Centre/Scottsdale,15252700,11145,20,-67
2026-07-29T00:10:38.423945+00:00,1785283827,11692,364 Langley Centre/Scottsdale,15252700,11076,21,0
2026-07-29T00:10:38.423945+00:00,1785283827,11692,364 Langley Centre/Scottsdale,15252700,12645,22,-235
2026-07-29T00:10:38.423945+00:00,1785283827,11692,364 Langley Centre/Scottsdale,15252700,9525,23,-234
2026-07-29T00:10:38.423945+00:00,1785283827,11692,364 Langley Centre/Scottsdale,15252700,10148,24,-211
2026-07-29T00:10:38.423945+00:00,1785283827,11692,364 Langley Centre/Scottsdale,15252700,10585,25,-236
2026-07-29T00:10:38.423945+00:00,1785283827,11692,364 Langley Centre/Scottsdale,15252700,10250,26,-246
2026-07-29T00:10:38.423945+00:00,1785283827,11692,364 Langley Centre/Scottsdale,15252700,10588,27,-257
2026-07-29T00:10:38.423945+00:00,1785283827,11692,364 Langley Centre/Scottsdale,15252700,10248,28,-201
2026-07-29T00:10:38.423945+00:00,1785283827,11692,364 Langley Centre/Scottsdale,15252700,10726,29,-198
2026-07-29T00:10:38.423945+00:00,1785283827,11692,364 Langley Centre/Scottsdale,15252700,10725,30,-212
2026-07-29T00:10:38.423945+00:00,1785283827,11692,364 Langley Centre/Scottsdale,15252700,10727,31,-231
2026-07-29T00:10:38.423945+00:00,1785283827,11692,364 Langley Centre/Scottsdale,15252700,10251,32,-242
2026-07-29T00:10:38.423945+00:00,1785283827,11692,364 Langley Centre/Scottsdale,15252700,10252,33,-268
2026-07-29T00:10:38.423945+00:00,1785283827,11692,364 Langley Centre/Scottsdale,15252700,10253,34,-279
2026-07-29T00:10:38.423945+00:00,1785283827,11692,364 Langley Centre/Scottsdale,15252700,10255,35,-301
2026-07-29T00:10:38.423945+00:00,1785283827,11692,364 Langley Centre/Scottsdale,15252700,5332,36,-233
2026-07-29T00:10:38.423945+00:00,1785283827,11692,364 Langley Centre/Scottsdale,15252700,12497,37,-263
2026-07-29T00:10:38.423945+00:00,1785283827,11692,364 Langley Centre/Scottsdale,15252700,5334,38,-273
2026-07-29T00:10:38.423945+00:00,1785283827,11692,364 Langley Centre/Scottsdale,15252700,6472,39,-266
2026-07-29T00:10:38.423945+00:00,1785283827,11692,364 Langley Centre/Scottsdale,15252700,6473,40,-270
2026-07-29T00:10:38.423945+00:00,1785283827,11692,364 Langley Centre/Scottsdale,15252700,6474,41,-279
2026-07-29T00:10:38.423945+00:00,1785283827,11692,364 Langley Centre/Scottsdale,15252700,9306,42,-227
2026-07-29T00:10:38.423945+00:00,1785283827,11692,364 Langley Centre/Scottsdale,15252700,11125,43,-224
2026-07-29T00:10:38.423945+00:00,1785283827,11692,364 Langley Centre/Scottsdale,15252700,9294,44,-223
2026-07-29T00:10:38.423945+00:00,1785283827,11692,364 Langley Centre/Scottsdale,15252700,9293,45,-236
2026-07-29T00:10:38.423945+00:00,1785283827,11692,364 Langley Centre/Scottsdale,15252700,11126,46,-225
2026-07-29T00:10:38.423945+00:00,1785283827,11692,364 Langley Centre/Scottsdale,15252700,7094,47,-239
2026-07-29T00:10:38.423945+00:00,1785283827,11692,364 Langley Centre/Scottsdale,15252714,7093,3,141
2026-07-29T00:10:38.423945+00:00,1785283827,11692,364 Langley Centre/Scottsdale,15252714,9291,4,-7
2026-07-29T00:10:38.423945+00:00,1785283827,11692,364 Langley Centre/Scottsdale,15252714,9292,5,-24
2026-07-29T00:10:38.423945+00:00,1785283827,11692,364 Langley Centre/Scottsdale,15252714,11264,6,-23
2026-07-29T00:10:38.423945+00:00,1785283827,11692,364 Langley Centre/Scottsdale,15252714,9303,7,-31
2026-07-29T00:10:38.423945+00:00,1785283827,11692,364 Langley Centre/Scottsdale,15252714,9304,8,-46
2026-07-29T00:10:38.423945+00:00,1785283827,11692,364 Langley Centre/Scottsdale,15252714,6475,9,-21
2026-07-29T00:10:38.423945+00:00,1785283827,11692,364 Langley Centre/Scottsdale,15252714,6476,10,-54
2026-07-29T00:10:38.423945+00:00,1785283827,11692,364 Langley Centre/Scottsdale,15252714,5381,11,-73
2026-07-29T00:10:38.423945+00:00,1785283827,11692,364 Langley Centre/Scottsdale,15252714,12496,12,-86
2026-07-29T00:10:38.423945+00:00,1785283827,11692,364 Langley Centre/Scottsdale,15252714,5382,13,-112
2026-07-29T00:10:38.423945+00:00,1785283827,11692,364 Langley Centre/Scottsdale,15252714,12516,14,66
2026-07-29T00:10:38.423945+00:00,1785283827,11692,364 Langley Centre/Scottsdale,15252714,10257,15,15
2026-07-29T00:10:38.423945+00:00,1785283827,11692,364 Langley Centre/Scottsdale,15252714,10258,16,-10
2026-07-29T00:10:38.423945+00:00,1785283827,11692,364 Langley Centre/Scottsdale,15252714,10259,17,-65
2026-07-29T00:10:38.423945+00:00,1785283827,11692,364 Langley Centre/Scottsdale,15252714,10260,18,0
2026-07-29T00:10:38.423945+00:00,1785283827,11692,364 Langley Centre/Scottsdale,15252714,10729,19,-53
2026-07-29T00:10:38.423945+00:00,1785283827,11692,364 Langley Centre/Scottsdale,15252714,13067,20,-78
2026-07-29T00:10:38.423945+00:00,1785283827,11692,364 Langley Centre/Scottsdale,15252714,10633,21,-98
2026-07-29T00:10:38.423945+00:00,1785283827,11692,364 Langley Centre/Scottsdale,15252714,10149,22,-2
2026-07-29T00:10:38.423945+00:00,1785283827,11692,364 Langley Centre/Scottsdale,15252714,10587,23,-25
2026-07-29T00:10:38.423945+00:00,1785283827,11692,364 Langley Centre/Scottsdale,15252714,10261,24,-66
2026-07-29T00:10:38.423945+00:00,1785283827,11692,364 Langley Centre/Scottsdale,15252714,10586,25,-107
2026-07-29T00:10:38.423945+00:00,1785283827,11692,364 Langley Centre/Scottsdale,15252714,9547,26,-83
2026-07-29T00:10:38.423945+00:00,1785283827,11692,364 Langley Centre/Scottsdale,15252714,9526,27,-117
2026-07-29T00:10:38.423945+00:00,1785283827,11692,364 Langley Centre/Scottsdale,15252714,12646,28,-134
2026-07-29T00:10:38.423945+00:00,1785283827,11692,364 Langley Centre/Scottsdale,15252714,11075,29,-225
2026-07-29T00:10:38.423945+00:00,1785283827,11692,364 Langley Centre/Scottsdale,15252714,11174,30,-256
2026-07-29T00:10:38.423945+00:00,1785283827,11692,364 Langley Centre/Scottsdale,15252714,11175,31,-292
2026-07-29T00:10:38.423945+00:00,1785283827,11692,364 Langley Centre/Scottsdale,15252714,11123,32,-249
2026-07-29T00:10:38.423945+00:00,1785283827,11692,364 Langley Centre/Scottsdale,15252714,11176,33,-258
2026-07-29T00:10:38.423945+00:00,1785283827,11692,364 Langley Centre/Scottsdale,15252714,11177,34,-289
2026-07-29T00:10:38.423945+00:00,1785283827,11692,364 Langley Centre/Scottsdale,15252714,11178,35,-322
2026-07-29T00:10:38.423945+00:00,1785283827,11692,364 Langley Centre/Scottsdale,15252714,6459,36,-235
2026-07-29T00:10:38.423945+00:00,1785283827,11692,364 Langley Centre/Scottsdale,15252714,6460,37,-243
2026-07-29T00:10:38.423945+00:00,1785283827,11692,364 Langley Centre/Scottsdale,15252714,5621,38,-246
2026-07-29T00:10:38.423945+00:00,1785283827,11692,364 Langley Centre/Scottsdale,15252714,5622,39,-274
2026-07-29T00:10:38.423945+00:00,1785283827,11692,364 Langley Centre/Scottsdale,15252714,11122,40,-263
2026-07-29T00:10:38.423945+00:00,1785283827,11692,364 Langley Centre/Scottsdale,15252714,11155,41,-281
2026-07-29T00:10:38.423945+00:00,1785283827,11692,364 Langley Centre/Scottsdale,15252714,11143,42,-294
2026-07-29T00:10:38.423945+00:00,1785283827,11692,364 Langley Centre/Scottsdale,15252714,11141,43,-331
2026-07-29T00:10:38.423945+00:00,1785283827,11692,364 Langley Centre/Scottsdale,15252714,4936,44,-323
2026-07-29T00:10:38.423945+00:00,1785283827,11692,364 Langley Centre/Scottsdale,15252714,4937,45,-341
2026-07-29T00:10:38.423945+00:00,1785283827,11692,364 Langley Centre/Scottsdale,15252714,4938,46,-366
2026-07-29T00:10:38.423945+00:00,1785283827,11692,364 Langley Centre/Scottsdale,15252714,5229,47,-366
2026-07-29T00:10:38.423945+00:00,1785283827,11692,364 Langley Centre/Scottsdale,15252714,4917,48,-321
2026-07-29T00:10:38.423945+00:00,1785283827,11692,364 Langley Centre/Scottsdale,15252715,10149,22,143
2026-07-29T00:10:38.423945+00:00,1785283827,11692,364 Langley Centre/Scottsdale,15252715,10587,23,120
2026-07-29T00:10:38.423945+00:00,1785283827,11692,364 Langley Centre/Scottsdale,15252715,10261,24,79
2026-07-29T00:10:38.423945+00:00,1785283827,11692,364 Langley Centre/Scottsdale,15252715,10586,25,38
2026-07-29T00:10:38.423945+00:00,1785283827,11692,364 Langley Centre/Scottsdale,15252715,9547,26,62
2026-07-29T00:10:38.423945+00:00,1785283827,11692,364 Langley Centre/Scottsdale,15252715,9526,27,28
2026-07-29T00:10:38.423945+00:00,1785283827,11692,364 Langley Centre/Scottsdale,15252715,12646,28,11
2026-07-29T00:10:38.423945+00:00,1785283827,11692,364 Langley Centre/Scottsdale,15252715,11075,29,-79
2026-07-29T00:10:38.423945+00:00,1785283827,11692,364 Langley Centre/Scottsdale,15252715,11174,30,-109
2026-07-29T00:10:38.423945+00:00,1785283827,11692,364 Langley Centre/Scottsdale,15252715,11175,31,-144
2026-07-29T00:10:38.423945+00:00,1785283827,11692,364 Langley Centre/Scottsdale,15252715,11123,32,-99
2026-07-29T00:10:38.423945+00:00,1785283827,11692,364 Langley Centre/Scottsdale,15252715,11176,33,-103
2026-07-29T00:10:38.423945+00:00,1785283827,11692,364 Langley Centre/Scottsdale,15252715,11177,34,-134
2026-07-29T00:10:38.423945+00:00,1785283827,11692,364 Langley Centre/Scottsdale,15252715,11178,35,-168
2026-07-29T00:10:38.423945+00:00,1785283827,11692,364 Langley Centre/Scottsdale,15252715,6459,36,-83
2026-07-29T00:10:38.423945+00:00,1785283827,11692,364 Langley Centre/Scottsdale,15252715,6460,37,-96
2026-07-29T00:10:38.423945+00:00,1785283827,11692,364 Langley Centre/Scottsdale,15252715,5621,38,-97
2026-07-29T00:10:38.423945+00:00,1785283827,11692,364 Langley Centre/Scottsdale,15252715,5622,39,-125
2026-07-29T00:10:38.423945+00:00,1785283827,11692,364 Langley Centre/Scottsdale,15252715,11122,40,-94
2026-07-29T00:10:38.423945+00:00,1785283827,11692,364 Langley Centre/Scottsdale,15252715,11155,41,-115
2026-07-29T00:10:38.423945+00:00,1785283827,11692,364 Langley Centre/Scottsdale,15252715,11143,42,-127
2026-07-29T00:10:38.423945+00:00,1785283827,11692,364 Langley Centre/Scottsdale,15252715,11141,43,-164
2026-07-29T00:10:38.423945+00:00,1785283827,11692,364 Langley Centre/Scottsdale,15252715,4936,44,-154
2026-07-29T00:10:38.423945+00:00,1785283827,11692,364 Langley Centre/Scottsdale,15252715,4937,45,-179
2026-07-29T00:10:38.423945+00:00,1785283827,11692,364 Langley Centre/Scottsdale,15252715,4938,46,-207
2026-07-29T00:10:38.423945+00:00,1785283827,11692,364 Langley Centre/Scottsdale,15252715,5229,47,-209
2026-07-29T00:10:38.423945+00:00,1785283827,11692,364 Langley Centre/Scottsdale,15252715,4917,48,-151
2026-07-29T00:10:38.423945+00:00,1785283827,11692,364 Langley Centre/Scottsdale,15252736,11122,40,53
2026-07-29T00:10:38.423945+00:00,1785283827,11692,364 Langley Centre/Scottsdale,15252736,11155,41,31
2026-07-29T00:10:38.423945+00:00,1785283827,11692,364 Langley Centre/Scottsdale,15252736,11143,42,15
2026-07-29T00:10:38.423945+00:00,1785283827,11692,364 Langley Centre/Scottsdale,15252736,11141,43,-24
2026-07-29T00:10:38.423945+00:00,1785283827,11692,364 Langley Centre/Scottsdale,15252736,4936,44,-16
2026-07-29T00:10:38.423945+00:00,1785283827,11692,364 Langley Centre/Scottsdale,15252736,4937,45,-44
2026-07-29T00:10:38.423945+00:00,1785283827,11692,364 Langley Centre/Scottsdale,15252736,4938,46,-76
2026-07-29T00:10:38.423945+00:00,1785283827,11692,364 Langley Centre/Scottsdale,15252736,5229,47,-80
2026-07-29T00:10:38.423945+00:00,1785283827,11692,364 Langley Centre/Scottsdale,15252736,4917,48,-26
2026-07-29T00:10:38.423945+00:00,1785283827,11692,364 Langley Centre/Scottsdale,15252751,11174,30,14
2026-07-29T00:10:38.423945+00:00,1785283827,11692,364 Langley Centre/Scottsdale,15252751,11175,31,-22
2026-07-29T00:10:38.423945+00:00,1785283827,11692,364 Langley Centre/Scottsdale,15252751,11123,32,17
2026-07-29T00:10:38.423945+00:00,1785283827,11692,364 Langley Centre/Scottsdale,15252751,11176,33,10
2026-07-29T00:10:38.423945+00:00,1785283827,11692,364 Langley Centre/Scottsdale,15252751,11177,34,-25
2026-07-29T00:10:38.423945+00:00,1785283827,11692,364 Langley Centre/Scottsdale,15252751,11178,35,-62
2026-07-29T00:10:38.423945+00:00,1785283827,11692,364 Langley Centre/Scottsdale,15252751,6459,36,20
2026-07-29T00:10:38.423945+00:00,1785283827,11692,364 Langley Centre/Scottsdale,15252751,6460,37,5
2026-07-29T00:10:38.423945+00:00,1785283827,11692,364 Langley Centre/Scottsdale,15252751,5621,38,0
2026-07-29T00:10:38.423945+00:00,1785283827,11692,364 Langley Centre/Scottsdale,15252751,5622,39,-32
2026-07-29T00:10:38.423945+00:00,1785283827,11692,364 Langley Centre/Scottsdale,15252751,11122,40,-5
2026-07-29T00:10:38.423945+00:00,1785283827,11692,364 Langley Centre/Scottsdale,15252751,11155,41,-30
2026-07-29T00:10:38.423945+00:00,1785283827,11692,364 Langley Centre/Scottsdale,15252751,11143,42,-46
2026-07-29T00:10:38.423945+00:00,1785283827,11692,364 Langley Centre/Scottsdale,15252751,11141,43,-86
2026-07-29T00:10:38.423945+00:00,1785283827,11692,364 Langley Centre/Scottsdale,15252751,4936,44,-79
2026-07-29T00:10:38.423945+00:00,1785283827,11692,364 Langley Centre/Scottsdale,15252751,4937,45,-107
2026-07-29T00:10:38.423945+00:00,1785283827,11692,364 Langley Centre/Scottsdale,15252751,4938,46,-139
2026-07-29T00:10:38.423945+00:00,1785283827,11692,364 Langley Centre/Scottsdale,15252751,5229,47,-146
2026-07-29T00:10:38.423945+00:00,1785283827,11692,364 Langley Centre/Scottsdale,15252751,4917,48,-92
2026-07-29T00:10:38.423945+00:00,1785283827,11692,364 Langley Centre/Scottsdale,15252752,12516,14,35
2026-07-29T00:10:38.423945+00:00,1785283827,11692,364 Langley Centre/Scottsdale,15252752,10257,15,-19
2026-07-29T00:10:38.423945+00:00,1785283827,11692,364 Langley Centre/Scottsdale,15252752,10258,16,-47
2026-07-29T00:10:38.423945+00:00,1785283827,11692,364 Langley Centre/Scottsdale,15252752,10259,17,-106
2026-07-29T00:10:38.423945+00:00,1785283827,11692,364 Langley Centre/Scottsdale,15252752,10260,18,0
2026-07-29T00:10:38.423945+00:00,1785283827,11692,364 Langley Centre/Scottsdale,15252752,10729,19,-53
2026-07-29T00:10:38.423945+00:00,1785283827,11692,364 Langley Centre/Scottsdale,15252752,13067,20,-78
2026-07-29T00:10:38.423945+00:00,1785283827,11692,364 Langley Centre/Scottsdale,15252752,10633,21,-99
2026-07-29T00:10:38.423945+00:00,1785283827,11692,364 Langley Centre/Scottsdale,15252752,10149,22,-3
2026-07-29T00:10:38.423945+00:00,1785283827,11692,364 Langley Centre/Scottsdale,15252752,10587,23,-26
2026-07-29T00:10:38.423945+00:00,1785283827,11692,364 Langley Centre/Scottsdale,15252752,10261,24,-67
2026-07-29T00:10:38.423945+00:00,1785283827,11692,364 Langley Centre/Scottsdale,15252752,10586,25,-108
2026-07-29T00:10:38.423945+00:00,1785283827,11692,364 Langley Centre/Scottsdale,15252752,9547,26,-84
2026-07-29T00:10:38.423945+00:00,1785283827,11692,364 Langley Centre/Scottsdale,15252752,9526,27,-118
2026-07-29T00:10:38.423945+00:00,1785283827,11692,364 Langley Centre/Scottsdale,15252752,12646,28,-135
2026-07-29T00:10:38.423945+00:00,1785283827,11692,364 Langley Centre/Scottsdale,15252752,11075,29,-226
2026-07-29T00:10:38.423945+00:00,1785283827,11692,364 Langley Centre/Scottsdale,15252752,11174,30,-256
2026-07-29T00:10:38.423945+00:00,1785283827,11692,364 Langley Centre/Scottsdale,15252752,11175,31,-290
2026-07-29T00:10:38.423945+00:00,1785283827,11692,364 Langley Centre/Scottsdale,15252752,11123,32,-247
2026-07-29T00:10:38.423945+00:00,1785283827,11692,364 Langley Centre/Scottsdale,15252752,11176,33,-254
2026-07-29T00:10:38.423945+00:00,1785283827,11692,364 Langley Centre/Scottsdale,15252752,11177,34,-285
2026-07-29T00:10:38.423945+00:00,1785283827,11692,364 Langley Centre/Scottsdale,15252752,11178,35,-319
2026-07-29T00:10:38.423945+00:00,1785283827,11692,364 Langley Centre/Scottsdale,15252752,6459,36,-234
2026-07-29T00:10:38.423945+00:00,1785283827,11692,364 Langley Centre/Scottsdale,15252752,6460,37,-246
2026-07-29T00:10:38.423945+00:00,1785283827,11692,364 Langley Centre/Scottsdale,15252752,5621,38,-247
2026-07-29T00:10:38.423945+00:00,1785283827,11692,364 Langley Centre/Scottsdale,15252752,5622,39,-275
2026-07-29T00:10:38.423945+00:00,1785283827,11692,364 Langley Centre/Scottsdale,15252752,11122,40,-244
2026-07-29T00:10:38.423945+00:00,1785283827,11692,364 Langley Centre/Scottsdale,15252752,11155,41,-264
2026-07-29T00:10:38.423945+00:00,1785283827,11692,364 Langley Centre/Scottsdale,15252752,11143,42,-276
2026-07-29T00:10:38.423945+00:00,1785283827,11692,364 Langley Centre/Scottsdale,15252752,11141,43,-313
2026-07-29T00:10:38.423945+00:00,1785283827,11692,364 Langley Centre/Scottsdale,15252752,4936,44,-303
2026-07-29T00:10:38.423945+00:00,1785283827,11692,364 Langley Centre/Scottsdale,15252752,4937,45,-329
2026-07-29T00:10:38.423945+00:00,1785283827,11692,364 Langley Centre/Scottsdale,15252752,4938,46,-359
2026-07-29T00:10:38.423945+00:00,1785283827,11692,364 Langley Centre/Scottsdale,15252752,5229,47,-361
2026-07-29T00:10:38.423945+00:00,1785283827,11692,364 Langley Centre/Scottsdale,15252752,4917,48,-303
2026-07-29T00:10:38.423945+00:00,1785283827,18705,531 WhiteRock/WillowBrook,15259154,9304,50,-137
2026-07-29T00:10:38.423945+00:00,1785283827,18705,531 WhiteRock/WillowBrook,15259154,6475,51,-92
2026-07-29T00:10:38.423945+00:00,1785283827,18705,531 WhiteRock/WillowBrook,15259154,6476,52,-102
2026-07-29T00:10:38.423945+00:00,1785283827,18705,531 WhiteRock/WillowBrook,15259154,5335,53,-99
2026-07-29T00:10:38.423945+00:00,1785283827,18705,531 WhiteRock/WillowBrook,15259154,7100,54,-70
2026-07-29T00:10:38.423945+00:00,1785283827,18705,531 WhiteRock/WillowBrook,15259155,7081,34,-15
2026-07-29T00:10:38.423945+00:00,1785283827,18705,531 WhiteRock/WillowBrook,15259155,7082,35,-23
2026-07-29T00:10:38.423945+00:00,1785283827,18705,531 WhiteRock/WillowBrook,15259155,7083,36,-52
2026-07-29T00:10:38.423945+00:00,1785283827,18705,531 WhiteRock/WillowBrook,15259155,7084,37,-71
2026-07-29T00:10:38.423945+00:00,1785283827,18705,531 WhiteRock/WillowBrook,15259155,7085,38,-106
2026-07-29T00:10:38.423945+00:00,1785283827,18705,531 WhiteRock/WillowBrook,15259155,8939,39,-117
2026-07-29T00:10:38.423945+00:00,1785283827,18705,531 WhiteRock/WillowBrook,15259155,7086,40,-129
2026-07-29T00:10:38.423945+00:00,1785283827,18705,531 WhiteRock/WillowBrook,15259155,8940,41,-156
2026-07-29T00:10:38.423945+00:00,1785283827,18705,531 WhiteRock/WillowBrook,15259155,5341,42,-166
2026-07-29T00:10:38.423945+00:00,1785283827,18705,531 WhiteRock/WillowBrook,15259155,5342,43,-166
2026-07-29T00:10:38.423945+00:00,1785283827,18705,531 WhiteRock/WillowBrook,15259155,12293,44,-149
2026-07-29T00:10:38.423945+00:00,1785283827,18705,531 WhiteRock/WillowBrook,15259155,12173,45,-85
2026-07-29T00:10:38.423945+00:00,1785283827,18705,531 WhiteRock/WillowBrook,15259155,9291,46,-112
2026-07-29T00:10:38.423945+00:00,1785283827,18705,531 WhiteRock/WillowBrook,15259155,9292,47,-118
2026-07-29T00:10:38.423945+00:00,1785283827,18705,531 WhiteRock/WillowBrook,15259155,11264,48,-93
2026-07-29T00:10:38.423945+00:00,1785283827,18705,531 WhiteRock/WillowBrook,15259155,9303,49,-89
2026-07-29T00:10:38.423945+00:00,1785283827,18705,531 WhiteRock/WillowBrook,15259155,9304,50,-94
2026-07-29T00:10:38.423945+00:00,1785283827,18705,531 WhiteRock/WillowBrook,15259155,6475,51,-46
2026-07-29T00:10:38.423945+00:00,1785283827,18705,531 WhiteRock/WillowBrook,15259155,6476,52,-54
2026-07-29T00:10:38.423945+00:00,1785283827,18705,531 WhiteRock/WillowBrook,15259155,5335,53,-50
2026-07-29T00:10:38.423945+00:00,1785283827,18705,531 WhiteRock/WillowBrook,15259155,7100,54,-20
2026-07-29T00:10:38.423945+00:00,1785283827,18705,531 WhiteRock/WillowBrook,15259176,11922,21,-201
2026-07-29T00:10:38.423945+00:00,1785283827,18705,531 WhiteRock/WillowBrook,15259176,11744,22,-187
2026-07-29T00:10:38.423945+00:00,1785283827,18705,531 WhiteRock/WillowBrook,15259176,11839,23,-214
2026-07-29T00:10:38.423945+00:00,1785283827,18705,531 WhiteRock/WillowBrook,15259176,12922,24,-231
2026-07-29T00:10:38.423945+00:00,1785283827,18705,531 WhiteRock/WillowBrook,15259176,12923,25,-267
2026-07-29T00:10:38.423945+00:00,1785283827,18705,531 WhiteRock/WillowBrook,15259176,12925,26,-266
2026-07-29T00:10:38.423945+00:00,1785283827,18705,531 WhiteRock/WillowBrook,15259176,12928,27,-293
2026-07-29T00:10:38.423945+00:00,1785283827,18705,531 WhiteRock/WillowBrook,15259176,12930,28,-317
2026-07-29T00:10:38.423945+00:00,1785283827,18705,531 WhiteRock/WillowBrook,15259176,13042,29,-332
2026-07-29T00:10:38.423945+00:00,1785283827,18705,531 WhiteRock/WillowBrook,15259176,8936,30,-321
2026-07-29T00:10:38.423945+00:00,1785283827,18705,531 WhiteRock/WillowBrook,15259176,9030,31,-334
2026-07-29T00:10:38.423945+00:00,1785283827,18705,531 WhiteRock/WillowBrook,15259176,8937,32,-355
2026-07-29T00:10:38.423945+00:00,1785283827,18705,531 WhiteRock/WillowBrook,15259176,8938,33,-354
2026-07-29T00:10:38.423945+00:00,1785283827,18705,531 WhiteRock/WillowBrook,15259176,7081,34,-360
2026-07-29T00:10:38.423945+00:00,1785283827,18705,531 WhiteRock/WillowBrook,15259176,7082,35,-368
2026-07-29T00:10:38.423945+00:00,1785283827,18705,531 WhiteRock/WillowBrook,15259176,7083,36,-396
2026-07-29T00:10:38.423945+00:00,1785283827,18705,531 WhiteRock/WillowBrook,15259176,7084,37,-415
2026-07-29T00:10:38.423945+00:00,1785283827,18705,531 WhiteRock/WillowBrook,15259176,7085,38,-450
2026-07-29T00:10:38.423945+00:00,1785283827,18705,531 WhiteRock/WillowBrook,15259176,8939,39,-461
2026-07-29T00:10:38.423945+00:00,1785283827,18705,531 WhiteRock/WillowBrook,15259176,7086,40,-472
2026-07-29T00:10:38.423945+00:00,1785283827,18705,531 WhiteRock/WillowBrook,15259176,8940,41,-497
2026-07-29T00:10:38.423945+00:00,1785283827,18705,531 WhiteRock/WillowBrook,15259176,5341,42,-507
2026-07-29T00:10:38.423945+00:00,1785283827,18705,531 WhiteRock/WillowBrook,15259176,5342,43,-507
2026-07-29T00:10:38.423945+00:00,1785283827,18705,531 WhiteRock/WillowBrook,15259176,12293,44,-488
2026-07-29T00:10:38.423945+00:00,1785283827,18705,531 WhiteRock/WillowBrook,15259176,12173,45,-423
2026-07-29T00:10:38.423945+00:00,1785283827,18705,531 WhiteRock/WillowBrook,15259176,9291,46,-450
2026-07-29T00:10:38.423945+00:00,1785283827,18705,531 WhiteRock/WillowBrook,15259176,9292,47,-456
2026-07-29T00:10:38.423945+00:00,1785283827,18705,531 WhiteRock/WillowBrook,15259176,11264,48,-425
2026-07-29T00:10:38.423945+00:00,1785283827,18705,531 WhiteRock/WillowBrook,15259176,9303,49,-418
2026-07-29T00:10:38.423945+00:00,1785283827,18705,531 WhiteRock/WillowBrook,15259176,9304,50,-422
2026-07-29T00:10:38.423945+00:00,1785283827,18705,531 WhiteRock/WillowBrook,15259176,6475,51,-378
2026-07-29T00:10:38.423945+00:00,1785283827,18705,531 WhiteRock/WillowBrook,15259176,6476,52,-384
2026-07-29T00:10:38.423945+00:00,1785283827,18705,531 WhiteRock/WillowBrook,15259176,5335,53,-378
2026-07-29T00:10:38.423945+00:00,1785283827,18705,531 WhiteRock/WillowBrook,15259176,7100,54,-343
2026-07-29T00:10:38.423945+00:00,1785283827,18705,531 WhiteRock/WillowBrook,15259208,13040,34,360
2026-07-29T00:10:38.423945+00:00,1785283827,18705,531 WhiteRock/WillowBrook,15259208,12598,35,334
2026-07-29T00:10:38.423945+00:00,1785283827,18705,531 WhiteRock/WillowBrook,15259208,11920,36,272
2026-07-29T00:10:38.423945+00:00,1785283827,18705,531 WhiteRock/WillowBrook,15259208,13130,37,234
2026-07-29T00:10:38.423945+00:00,1785283827,18705,531 WhiteRock/WillowBrook,15259208,11925,38,196
2026-07-29T00:10:38.423945+00:00,1785283827,18705,531 WhiteRock/WillowBrook,15259208,12219,39,168
2026-07-29T00:10:38.423945+00:00,1785283827,18705,531 WhiteRock/WillowBrook,15259208,11741,40,20
2026-07-29T00:10:38.423945+00:00,1785283827,18705,531 WhiteRock/WillowBrook,15259208,11740,41,0
2026-07-29T00:10:38.423945+00:00,1785283827,18705,531 WhiteRock/WillowBrook,15259208,11739,42,51
2026-07-29T00:10:38.423945+00:00,1785283827,18705,531 WhiteRock/WillowBrook,15259208,11737,43,97
2026-07-29T00:10:38.423945+00:00,1785283827,18705,531 WhiteRock/WillowBrook,15259208,11757,44,67
2026-07-29T00:10:38.423945+00:00,1785283827,18705,531 WhiteRock/WillowBrook,15259208,11735,45,106
2026-07-29T00:10:38.423945+00:00,1785283827,18705,531 WhiteRock/WillowBrook,15259208,11756,46,113
2026-07-29T00:10:38.423945+00:00,1785283827,18705,531 WhiteRock/WillowBrook,15259208,5535,47,142
2026-07-29T00:10:38.423945+00:00,1785283827,18705,531 WhiteRock/WillowBrook,15259208,5536,48,116
2026-07-29T00:10:38.423945+00:00,1785283827,18705,531 WhiteRock/WillowBrook,15259208,5537,49,115
2026-07-29T00:10:38.423945+00:00,1785283827,18705,531 WhiteRock/WillowBrook,15259208,5538,50,108
2026-07-29T00:10:38.423945+00:00,1785283827,18705,531 WhiteRock/WillowBrook,15259208,5539,51,110
2026-07-29T00:10:38.423945+00:00,1785283827,18705,531 WhiteRock/WillowBrook,15259208,5540,52,106
2026-07-29T00:10:38.423945+00:00,1785283827,18705,531 WhiteRock/WillowBrook,15259209,7175,19,117
2026-07-29T00:10:38.423945+00:00,1785283827,18705,531 WhiteRock/WillowBrook,15259209,7176,20,88
2026-07-29T00:10:38.423945+00:00,1785283827,18705,531 WhiteRock/WillowBrook,15259209,7177,21,92
2026-07-29T00:10:38.423945+00:00,1785283827,18705,531 WhiteRock/WillowBrook,15259209,8948,22,64
2026-07-29T00:10:38.423945+00:00,1785283827,18705,531 WhiteRock/WillowBrook,15259209,9031,23,46
2026-07-29T00:10:38.423945+00:00,1785283827,18705,531 WhiteRock/WillowBrook,15259209,12931,24,42
2026-07-29T00:10:38.423945+00:00,1785283827,18705,531 WhiteRock/WillowBrook,15259209,13041,25,7
2026-07-29T00:10:38.423945+00:00,1785283827,18705,531 WhiteRock/WillowBrook,15259209,12929,26,-12
2026-07-29T00:10:38.423945+00:00,1785283827,18705,531 WhiteRock/WillowBrook,15259209,12927,27,-42
2026-07-29T00:10:38.423945+00:00,1785283827,18705,531 WhiteRock/WillowBrook,15259209,12926,28,-39
2026-07-29T00:10:38.423945+00:00,1785283827,18705,531 WhiteRock/WillowBrook,15259209,12924,29,-58
2026-07-29T00:10:38.423945+00:00,1785283827,18705,531 WhiteRock/WillowBrook,15259209,11751,30,-51
2026-07-29T00:10:38.423945+00:00,1785283827,18705,531 WhiteRock/WillowBrook,15259209,11750,31,-91
2026-07-29T00:10:38.423945+00:00,1785283827,18705,531 WhiteRock/WillowBrook,15259209,11747,32,-119
2026-07-29T00:10:38.423945+00:00,1785283827,18705,531 WhiteRock/WillowBrook,15259209,11745,33,-122
2026-07-29T00:10:38.423945+00:00,1785283827,18705,531 WhiteRock/WillowBrook,15259209,13040,34,-130
2026-07-29T00:10:38.423945+00:00,1785283827,18705,531 WhiteRock/WillowBrook,15259209,12598,35,-156
2026-07-29T00:10:38.423945+00:00,1785283827,18705,531 WhiteRock/WillowBrook,15259209,11920,36,-215
2026-07-29T00:10:38.423945+00:00,1785283827,18705,531 WhiteRock/WillowBrook,15259209,13130,37,-253
2026-07-29T00:10:38.423945+00:00,1785283827,18705,531 WhiteRock/WillowBrook,15259209,11925,38,-291
2026-07-29T00:10:38.423945+00:00,1785283827,18705,531 WhiteRock/WillowBrook,15259209,12219,39,-319
2026-07-29T00:10:38.423945+00:00,1785283827,18705,531 WhiteRock/WillowBrook,15259209,11741,40,-466
2026-07-29T00:10:38.423945+00:00,1785283827,18705,531 WhiteRock/WillowBrook,15259209,11740,41,-486
2026-07-29T00:10:38.423945+00:00,1785283827,18705,531 WhiteRock/WillowBrook,15259209,11739,42,-438
2026-07-29T00:10:38.423945+00:00,1785283827,18705,531 WhiteRock/WillowBrook,15259209,11737,43,-393
2026-07-29T00:10:38.423945+00:00,1785283827,18705,531 WhiteRock/WillowBrook,15259209,11757,44,-423
2026-07-29T00:10:38.423945+00:00,1785283827,18705,531 WhiteRock/WillowBrook,15259209,11735,45,-384
2026-07-29T00:10:38.423945+00:00,1785283827,18705,531 WhiteRock/WillowBrook,15259209,11756,46,-377
2026-07-29T00:10:38.423945+00:00,1785283827,18705,531 WhiteRock/WillowBrook,15259209,5535,47,-344
2026-07-29T00:10:38.423945+00:00,1785283827,18705,531 WhiteRock/WillowBrook,15259209,5536,48,-370
2026-07-29T00:10:38.423945+00:00,1785283827,18705,531 WhiteRock/WillowBrook,15259209,5537,49,-370
2026-07-29T00:10:38.423945+00:00,1785283827,18705,531 WhiteRock/WillowBrook,15259209,5538,50,-377
2026-07-29T00:10:38.423945+00:00,1785283827,18705,531 WhiteRock/WillowBrook,15259209,5539,51,-371
2026-07-29T00:10:38.423945+00:00,1785283827,18705,531 WhiteRock/WillowBrook,15259209,5540,52,-362
2026-07-29T00:10:38.423945+00:00,1785283827,18705,531 WhiteRock/WillowBrook,15259221,5539,51,106
2026-07-29T00:10:38.423945+00:00,1785283827,18705,531 WhiteRock/WillowBrook,15259221,5540,52,113
2026-07-29T00:10:38.423945+00:00,1785283827,18705,531 WhiteRock/WillowBrook,15259222,6473,2,22
2026-07-29T00:10:38.423945+00:00,1785283827,18705,531 WhiteRock/WillowBrook,15259222,6474,3,12
2026-07-29T00:10:38.423945+00:00,1785283827,18705,531 WhiteRock/WillowBrook,15259222,9306,4,62
2026-07-29T00:10:38.423945+00:00,1785283827,18705,531 WhiteRock/WillowBrook,15259222,11125,5,43
2026-07-29T00:10:38.423945+00:00,1785283827,18705,531 WhiteRock/WillowBrook,15259222,9294,6,45
2026-07-29T00:10:38.423945+00:00,1785283827,18705,531 WhiteRock/WillowBrook,15259222,9293,7,30
2026-07-29T00:10:38.423945+00:00,1785283827,18705,531 WhiteRock/WillowBrook,15259222,11126,8,38
2026-07-29T00:10:38.423945+00:00,1785283827,18705,531 WhiteRock/WillowBrook,15259222,7094,9,5
2026-07-29T00:10:38.423945+00:00,1785283827,18705,531 WhiteRock/WillowBrook,15259222,7166,10,-13
2026-07-29T00:10:38.423945+00:00,1785283827,18705,531 WhiteRock/WillowBrook,15259222,7092,11,22
2026-07-29T00:10:38.423945+00:00,1785283827,18705,531 WhiteRock/WillowBrook,15259222,10747,12,39
2026-07-29T00:10:38.423945+00:00,1785283827,18705,531 WhiteRock/WillowBrook,15259222,5364,13,44
2026-07-29T00:10:38.423945+00:00,1785283827,18705,531 WhiteRock/WillowBrook,15259222,11775,14,70
2026-07-29T00:10:38.423945+00:00,1785283827,18705,531 WhiteRock/WillowBrook,15259222,7171,15,40
2026-07-29T00:10:38.423945+00:00,1785283827,18705,531 WhiteRock/WillowBrook,15259222,7172,16,2
2026-07-29T00:10:38.423945+00:00,1785283827,18705,531 WhiteRock/WillowBrook,15259222,7173,17,-10
2026-07-29T00:10:38.423945+00:00,1785283827,18705,531 WhiteRock/WillowBrook,15259222,7174,18,-51
2026-07-29T00:10:38.423945+00:00,1785283827,18705,531 WhiteRock/WillowBrook,15259222,7175,19,-66
2026-07-29T00:10:38.423945+00:00,1785283827,18705,531 WhiteRock/WillowBrook,15259222,7176,20,-95
2026-07-29T00:10:38.423945+00:00,1785283827,18705,531 WhiteRock/WillowBrook,15259222,7177,21,-92
2026-07-29T00:10:38.423945+00:00,1785283827,18705,531 WhiteRock/WillowBrook,15259222,8948,22,-120
2026-07-29T00:10:38.423945+00:00,1785283827,18705,531 WhiteRock/WillowBrook,15259222,9031,23,-139
2026-07-29T00:10:38.423945+00:00,1785283827,18705,531 WhiteRock/WillowBrook,15259222,12931,24,-143
2026-07-29T00:10:38.423945+00:00,1785283827,18705,531 WhiteRock/WillowBrook,15259222,13041,25,-178
2026-07-29T00:10:38.423945+00:00,1785283827,18705,531 WhiteRock/WillowBrook,15259222,12929,26,-198
2026-07-29T00:10:38.423945+00:00,1785283827,18705,531 WhiteRock/WillowBrook,15259222,12927,27,-227
2026-07-29T00:10:38.423945+00:00,1785283827,18705,531 WhiteRock/WillowBrook,15259222,12926,28,-229
2026-07-29T00:10:38.423945+00:00,1785283827,18705,531 WhiteRock/WillowBrook,15259222,12924,29,-252
2026-07-29T00:10:38.423945+00:00,1785283827,18705,531 WhiteRock/WillowBrook,15259222,11751,30,-245
2026-07-29T00:10:38.423945+00:00,1785283827,18705,531 WhiteRock/WillowBrook,15259222,11750,31,-291
2026-07-29T00:10:38.423945+00:00,1785283827,18705,531 WhiteRock/WillowBrook,15259222,11747,32,-323
2026-07-29T00:10:38.423945+00:00,1785283827,18705,531 WhiteRock/WillowBrook,15259222,11745,33,-336
2026-07-29T00:10:38.423945+00:00,1785283827,18705,531 WhiteRock/WillowBrook,15259222,13040,34,-344
2026-07-29T00:10:38.423945+00:00,1785283827,18705,531 WhiteRock/WillowBrook,15259222,12598,35,-370
2026-07-29T00:10:38.423945+00:00,1785283827,18705,531 WhiteRock/WillowBrook,15259222,11920,36,-430
2026-07-29T00:10:38.423945+00:00,1785283827,18705,531 WhiteRock/WillowBrook,15259222,13130,37,-468
2026-07-29T00:10:38.423945+00:00,1785283827,18705,531 WhiteRock/WillowBrook,15259222,11925,38,-505
2026-07-29T00:10:38.423945+00:00,1785283827,18705,531 WhiteRock/WillowBrook,15259222,12219,39,-534
2026-07-29T00:10:38.423945+00:00,1785283827,18705,531 WhiteRock/WillowBrook,15259222,11741,40,-684
2026-07-29T00:10:38.423945+00:00,1785283827,18705,531 WhiteRock/WillowBrook,15259222,11740,41,-707
2026-07-29T00:10:38.423945+00:00,1785283827,18705,531 WhiteRock/WillowBrook,15259222,11739,42,-659
2026-07-29T00:10:38.423945+00:00,1785283827,18705,531 WhiteRock/WillowBrook,15259222,11737,43,-614
2026-07-29T00:10:38.423945+00:00,1785283827,18705,531 WhiteRock/WillowBrook,15259222,11757,44,-646
2026-07-29T00:10:38.423945+00:00,1785283827,18705,531 WhiteRock/WillowBrook,15259222,11735,45,-607
2026-07-29T00:10:38.423945+00:00,1785283827,18705,531 WhiteRock/WillowBrook,15259222,11756,46,-602
2026-07-29T00:10:38.423945+00:00,1785283827,18705,531 WhiteRock/WillowBrook,15259222,5535,47,-569
2026-07-29T00:10:38.423945+00:00,1785283827,18705,531 WhiteRock/WillowBrook,15259222,5536,48,-597
2026-07-29T00:10:38.423945+00:00,1785283827,18705,531 WhiteRock/WillowBrook,15259222,5537,49,-604
2026-07-29T00:10:38.423945+00:00,1785283827,18705,531 WhiteRock/WillowBrook,15259222,5538,50,-612
2026-07-29T00:10:38.423945+00:00,1785283827,18705,531 WhiteRock/WillowBrook,15259222,5539,51,-603
2026-07-29T00:10:38.423945+00:00,1785283827,18705,531 WhiteRock/WillowBrook,15259222,5540,52,-596
2026-07-29T00:15:41.915420+00:00,1785284127,6705,321 Surrey Central/WhiteRock,15247049,9930,59,177
2026-07-29T00:15:41.915420+00:00,1785284127,6705,321 Surrey Central/WhiteRock,15247049,9932,60,79
2026-07-29T00:15:41.915420+00:00,1785284127,6705,321 Surrey Central/WhiteRock,15247050,11882,56,130
2026-07-29T00:15:41.915420+00:00,1785284127,6705,321 Surrey Central/WhiteRock,15247050,10442,57,211
2026-07-29T00:15:41.915420+00:00,1785284127,6705,321 Surrey Central/WhiteRock,15247050,9929,58,231
2026-07-29T00:15:41.915420+00:00,1785284127,6705,321 Surrey Central/WhiteRock,15247050,9930,59,174
2026-07-29T00:15:41.915420+00:00,1785284127,6705,321 Surrey Central/WhiteRock,15247050,9932,60,76
2026-07-29T00:15:41.915420+00:00,1785284127,6705,321 Surrey Central/WhiteRock,15247051,5472,46,162
2026-07-29T00:15:41.915420+00:00,1785284127,6705,321 Surrey Central/WhiteRock,15247051,5473,47,111
2026-07-29T00:15:41.915420+00:00,1785284127,6705,321 Surrey Central/WhiteRock,15247051,5474,48,105
2026-07-29T00:15:41.915420+00:00,1785284127,6705,321 Surrey Central/WhiteRock,15247051,5475,49,56
2026-07-29T00:15:41.915420+00:00,1785284127,6705,321 Surrey Central/WhiteRock,15247051,5476,50,28
2026-07-29T00:15:41.915420+00:00,1785284127,6705,321 Surrey Central/WhiteRock,15247051,5477,51,6
2026-07-29T00:15:41.915420+00:00,1785284127,6705,321 Surrey Central/WhiteRock,15247051,11725,52,-20
2026-07-29T00:15:41.915420+00:00,1785284127,6705,321 Surrey Central/WhiteRock,15247051,5040,53,-3
2026-07-29T00:15:41.915420+00:00,1785284127,6705,321 Surrey Central/WhiteRock,15247051,5041,54,3
2026-07-29T00:15:41.915420+00:00,1785284127,6705,321 Surrey Central/WhiteRock,15247051,12155,55,14
2026-07-29T00:15:41.915420+00:00,1785284127,6705,321 Surrey Central/WhiteRock,15247051,11882,56,54
2026-07-29T00:15:41.915420+00:00,1785284127,6705,321 Surrey Central/WhiteRock,15247051,10442,57,147
2026-07-29T00:15:41.915420+00:00,1785284127,6705,321 Surrey Central/WhiteRock,15247051,9929,58,175
2026-07-29T00:15:41.915420+00:00,1785284127,6705,321 Surrey Central/WhiteRock,15247051,9930,59,125
2026-07-29T00:15:41.915420+00:00,1785284127,6705,321 Surrey Central/WhiteRock,15247051,9932,60,39
2026-07-29T00:15:41.915420+00:00,1785284127,6705,321 Surrey Central/WhiteRock,15247053,5444,16,220
2026-07-29T00:15:41.915420+00:00,1785284127,6705,321 Surrey Central/WhiteRock,15247053,9083,17,192
2026-07-29T00:15:41.915420+00:00,1785284127,6705,321 Surrey Central/WhiteRock,15247053,5446,18,197
2026-07-29T00:15:41.915420+00:00,1785284127,6705,321 Surrey Central/WhiteRock,15247053,10445,19,190
2026-07-29T00:15:41.915420+00:00,1785284127,6705,321 Surrey Central/WhiteRock,15247053,5447,20,155
2026-07-29T00:15:41.915420+00:00,1785284127,6705,321 Surrey Central/WhiteRock,15247053,5448,21,166
2026-07-29T00:15:41.915420+00:00,1785284127,6705,321 Surrey Central/WhiteRock,15247053,10437,22,161
2026-07-29T00:15:41.915420+00:00,1785284127,6705,321 Surrey Central/WhiteRock,15247053,5449,23,105
2026-07-29T00:15:41.915420+00:00,1785284127,6705,321 Surrey Central/WhiteRock,15247053,11313,24,63
2026-07-29T00:15:41.915420+00:00,1785284127,6705,321 Surrey Central/WhiteRock,15247053,10808,25,-86
2026-07-29T00:15:41.915420+00:00,1785284127,6705,321 Surrey Central/WhiteRock,15247053,5452,26,-156
2026-07-29T00:15:41.915420+00:00,1785284127,6705,321 Surrey Central/WhiteRock,15247053,11913,27,-175
2026-07-29T00:15:41.915420+00:00,1785284127,6705,321 Surrey Central/WhiteRock,15247053,5454,28,-189
2026-07-29T00:15:41.915420+00:00,1785284127,6705,321 Surrey Central/WhiteRock,15247053,5455,29,-192
2026-07-29T00:15:41.915420+00:00,1785284127,6705,321 Surrey Central/WhiteRock,15247053,5456,30,-84
2026-07-29T00:15:41.915420+00:00,1785284127,6705,321 Surrey Central/WhiteRock,15247053,12651,31,-113
2026-07-29T00:15:41.915420+00:00,1785284127,6705,321 Surrey Central/WhiteRock,15247053,5458,32,-114
2026-07-29T00:15:41.915420+00:00,1785284127,6705,321 Surrey Central/WhiteRock,15247053,5459,33,-106
2026-07-29T00:15:41.915420+00:00,1785284127,6705,321 Surrey Central/WhiteRock,15247053,5460,34,-113
2026-07-29T00:15:41.915420+00:00,1785284127,6705,321 Surrey Central/WhiteRock,15247053,5461,35,-122
2026-07-29T00:15:41.915420+00:00,1785284127,6705,321 Surrey Central/WhiteRock,15247053,5462,36,-129
2026-07-29T00:15:41.915420+00:00,1785284127,6705,321 Surrey Central/WhiteRock,15247053,5463,37,-66
2026-07-29T00:15:41.915420+00:00,1785284127,6705,321 Surrey Central/WhiteRock,15247053,5700,38,54
2026-07-29T00:15:41.915420+00:00,1785284127,6705,321 Surrey Central/WhiteRock,15247053,5465,39,52
2026-07-29T00:15:41.915420+00:00,1785284127,6705,321 Surrey Central/WhiteRock,15247053,5466,40,6
2026-07-29T00:15:41.915420+00:00,1785284127,6705,321 Surrey Central/WhiteRock,15247053,5467,41,24
2026-07-29T00:15:41.915420+00:00,1785284127,6705,321 Surrey Central/WhiteRock,15247053,5468,42,-5
2026-07-29T00:15:41.915420+00:00,1785284127,6705,321 Surrey Central/WhiteRock,15247053,5469,43,-43
2026-07-29T00:15:41.915420+00:00,1785284127,6705,321 Surrey Central/WhiteRock,15247053,5470,44,-70
2026-07-29T00:15:41.915420+00:00,1785284127,6705,321 Surrey Central/WhiteRock,15247053,5471,45,-105
2026-07-29T00:15:41.915420+00:00,1785284127,6705,321 Surrey Central/WhiteRock,15247053,5472,46,-133
2026-07-29T00:15:41.915420+00:00,1785284127,6705,321 Surrey Central/WhiteRock,15247053,5473,47,-185
2026-07-29T00:15:41.915420+00:00,1785284127,6705,321 Surrey Central/WhiteRock,15247053,5474,48,-191
2026-07-29T00:15:41.915420+00:00,1785284127,6705,321 Surrey Central/WhiteRock,15247053,5475,49,-241
2026-07-29T00:15:41.915420+00:00,1785284127,6705,321 Surrey Central/WhiteRock,15247053,5476,50,-272
2026-07-29T00:15:41.915420+00:00,1785284127,6705,321 Surrey Central/WhiteRock,15247053,5477,51,-294
2026-07-29T00:15:41.915420+00:00,1785284127,6705,321 Surrey Central/WhiteRock,15247053,11725,52,-320
2026-07-29T00:15:41.915420+00:00,1785284127,6705,321 Surrey Central/WhiteRock,15247053,5040,53,-306
2026-07-29T00:15:41.915420+00:00,1785284127,6705,321 Surrey Central/WhiteRock,15247053,5041,54,-300
2026-07-29T00:15:41.915420+00:00,1785284127,6705,321 Surrey Central/WhiteRock,15247053,12155,55,-289
2026-07-29T00:15:41.915420+00:00,1785284127,6705,321 Surrey Central/WhiteRock,15247053,11882,56,0
2026-07-29T00:15:41.915420+00:00,1785284127,6705,321 Surrey Central/WhiteRock,15247053,10442,57,79
2026-07-29T00:15:41.915420+00:00,1785284127,6705,321 Surrey Central/WhiteRock,15247053,9929,58,90
2026-07-29T00:15:41.915420+00:00,1785284127,6705,321 Surrey Central/WhiteRock,15247053,9930,59,39
2026-07-29T00:15:41.915420+00:00,1785284127,6705,321 Surrey Central/WhiteRock,15247053,9932,60,-47
2026-07-29T00:15:41.915420+00:00,1785284127,6705,321 Surrey Central/WhiteRock,15247054,6174,9,71
2026-07-29T00:15:41.915420+00:00,1785284127,6705,321 Surrey Central/WhiteRock,15247054,5437,10,78
2026-07-29T00:15:41.915420+00:00,1785284127,6705,321 Surrey Central/WhiteRock,15247054,5438,11,69
2026-07-29T00:15:41.915420+00:00,1785284127,6705,321 Surrey Central/WhiteRock,15247054,5439,12,85
2026-07-29T00:15:41.915420+00:00,1785284127,6705,321 Surrey Central/WhiteRock,15247054,5440,13,65
2026-07-29T00:15:41.915420+00:00,1785284127,6705,321 Surrey Central/WhiteRock,15247054,5441,14,80
2026-07-29T00:15:41.915420+00:00,1785284127,6705,321 Surrey Central/WhiteRock,15247054,5442,15,55
2026-07-29T00:15:41.915420+00:00,1785284127,6705,321 Surrey Central/WhiteRock,15247054,5444,16,65
2026-07-29T00:15:41.915420+00:00,1785284127,6705,321 Surrey Central/WhiteRock,15247054,9083,17,43
2026-07-29T00:15:41.915420+00:00,1785284127,6705,321 Surrey Central/WhiteRock,15247054,5446,18,49
2026-07-29T00:15:41.915420+00:00,1785284127,6705,321 Surrey Central/WhiteRock,15247054,10445,19,42
2026-07-29T00:15:41.915420+00:00,1785284127,6705,321 Surrey Central/WhiteRock,15247054,5447,20,7
2026-07-29T00:15:41.915420+00:00,1785284127,6705,321 Surrey Central/WhiteRock,15247054,5448,21,15
2026-07-29T00:15:41.915420+00:00,1785284127,6705,321 Surrey Central/WhiteRock,15247054,10437,22,16
2026-07-29T00:15:41.915420+00:00,1785284127,6705,321 Surrey Central/WhiteRock,15247054,5449,23,-40
2026-07-29T00:15:41.915420+00:00,1785284127,6705,321 Surrey Central/WhiteRock,15247054,11313,24,-78
2026-07-29T00:15:41.915420+00:00,1785284127,6705,321 Surrey Central/WhiteRock,15247054,10808,25,-227
2026-07-29T00:15:41.915420+00:00,1785284127,6705,321 Surrey Central/WhiteRock,15247054,5452,26,-297
2026-07-29T00:15:41.915420+00:00,1785284127,6705,321 Surrey Central/WhiteRock,15247054,11913,27,-317
2026-07-29T00:15:41.915420+00:00,1785284127,6705,321 Surrey Central/WhiteRock,15247054,5454,28,-331
2026-07-29T00:15:41.915420+00:00,1785284127,6705,321 Surrey Central/WhiteRock,15247054,5455,29,-332
2026-07-29T00:15:41.915420+00:00,1785284127,6705,321 Surrey Central/WhiteRock,15247054,5456,30,-225
2026-07-29T00:15:41.915420+00:00,1785284127,6705,321 Surrey Central/WhiteRock,15247054,12651,31,-255
2026-07-29T00:15:41.915420+00:00,1785284127,6705,321 Surrey Central/WhiteRock,15247054,5458,32,-255
2026-07-29T00:15:41.915420+00:00,1785284127,6705,321 Surrey Central/WhiteRock,15247054,5459,33,-247
2026-07-29T00:15:41.915420+00:00,1785284127,6705,321 Surrey Central/WhiteRock,15247054,5460,34,-254
2026-07-29T00:15:41.915420+00:00,1785284127,6705,321 Surrey Central/WhiteRock,15247054,5461,35,-264
2026-07-29T00:15:41.915420+00:00,1785284127,6705,321 Surrey Central/WhiteRock,15247054,5462,36,-269
2026-07-29T00:15:41.915420+00:00,1785284127,6705,321 Surrey Central/WhiteRock,15247054,5463,37,-206
2026-07-29T00:15:41.915420+00:00,1785284127,6705,321 Surrey Central/WhiteRock,15247054,5700,38,0
2026-07-29T00:15:41.915420+00:00,1785284127,6705,321 Surrey Central/WhiteRock,15247054,5465,39,-2
2026-07-29T00:15:41.915420+00:00,1785284127,6705,321 Surrey Central/WhiteRock,15247054,5466,40,-48
2026-07-29T00:15:41.915420+00:00,1785284127,6705,321 Surrey Central/WhiteRock,15247054,5467,41,-31
2026-07-29T00:15:41.915420+00:00,1785284127,6705,321 Surrey Central/WhiteRock,15247054,5468,42,-60
2026-07-29T00:15:41.915420+00:00,1785284127,6705,321 Surrey Central/WhiteRock,15247054,5469,43,-100
2026-07-29T00:15:41.915420+00:00,1785284127,6705,321 Surrey Central/WhiteRock,15247054,5470,44,-126
2026-07-29T00:15:41.915420+00:00,1785284127,6705,321 Surrey Central/WhiteRock,15247054,5471,45,-161
2026-07-29T00:15:41.915420+00:00,1785284127,6705,321 Surrey Central/WhiteRock,15247054,5472,46,-192
2026-07-29T00:15:41.915420+00:00,1785284127,6705,321 Surrey Central/WhiteRock,15247054,5473,47,-243
2026-07-29T00:15:41.915420+00:00,1785284127,6705,321 Surrey Central/WhiteRock,15247054,5474,48,-254
2026-07-29T00:15:41.915420+00:00,1785284127,6705,321 Surrey Central/WhiteRock,15247054,5475,49,-302
2026-07-29T00:15:41.915420+00:00,1785284127,6705,321 Surrey Central/WhiteRock,15247054,5476,50,-335
2026-07-29T00:15:41.915420+00:00,1785284127,6705,321 Surrey Central/WhiteRock,15247054,5477,51,-359
2026-07-29T00:15:41.915420+00:00,1785284127,6705,321 Surrey Central/WhiteRock,15247054,11725,52,-385
2026-07-29T00:15:41.915420+00:00,1785284127,6705,321 Surrey Central/WhiteRock,15247054,5040,53,-374
2026-07-29T00:15:41.915420+00:00,1785284127,6705,321 Surrey Central/WhiteRock,15247054,5041,54,-369
2026-07-29T00:15:41.915420+00:00,1785284127,6705,321 Surrey Central/WhiteRock,15247054,12155,55,-360
2026-07-29T00:15:41.915420+00:00,1785284127,6705,321 Surrey Central/WhiteRock,15247054,11882,56,0
2026-07-29T00:15:41.915420+00:00,1785284127,6705,321 Surrey Central/WhiteRock,15247054,10442,57,77
2026-07-29T00:15:41.915420+00:00,1785284127,6705,321 Surrey Central/WhiteRock,15247054,9929,58,87
2026-07-29T00:15:41.915420+00:00,1785284127,6705,321 Surrey Central/WhiteRock,15247054,9930,59,34
2026-07-29T00:15:41.915420+00:00,1785284127,6705,321 Surrey Central/WhiteRock,15247054,9932,60,-54
2026-07-29T00:15:41.915420+00:00,1785284127,6705,321 Surrey Central/WhiteRock,15247067,5458,32,-164
2026-07-29T00:15:41.915420+00:00,1785284127,6705,321 Surrey Central/WhiteRock,15247067,5459,33,-157
2026-07-29T00:15:41.915420+00:00,1785284127,6705,321 Surrey Central/WhiteRock,15247067,5460,34,-164
2026-07-29T00:15:41.915420+00:00,1785284127,6705,321 Surrey Central/WhiteRock,15247067,5461,35,-174
2026-07-29T00:15:41.915420+00:00,1785284127,6705,321 Surrey Central/WhiteRock,15247067,5462,36,-182
2026-07-29T00:15:41.915420+00:00,1785284127,6705,321 Surrey Central/WhiteRock,15247067,5463,37,-119
2026-07-29T00:15:41.915420+00:00,1785284127,6705,321 Surrey Central/WhiteRock,15247067,5700,38,0
2026-07-29T00:15:41.915420+00:00,1785284127,6705,321 Surrey Central/WhiteRock,15247067,5465,39,-2
2026-07-29T00:15:41.915420+00:00,1785284127,6705,321 Surrey Central/WhiteRock,15247067,5466,40,-48
2026-07-29T00:15:41.915420+00:00,1785284127,6705,321 Surrey Central/WhiteRock,15247067,5467,41,-31
2026-07-29T00:15:41.915420+00:00,1785284127,6705,321 Surrey Central/WhiteRock,15247067,5468,42,-58
2026-07-29T00:15:41.915420+00:00,1785284127,6705,321 Surrey Central/WhiteRock,15247067,5469,43,-93
2026-07-29T00:15:41.915420+00:00,1785284127,6705,321 Surrey Central/WhiteRock,15247067,5470,44,-119
2026-07-29T00:15:41.915420+00:00,1785284127,6705,321 Surrey Central/WhiteRock,15247067,5471,45,-154
2026-07-29T00:15:41.915420+00:00,1785284127,6705,321 Surrey Central/WhiteRock,15247067,5472,46,-185
2026-07-29T00:15:41.915420+00:00,1785284127,6705,321 Surrey Central/WhiteRock,15247067,5473,47,-236
2026-07-29T00:15:41.915420+00:00,1785284127,6705,321 Surrey Central/WhiteRock,15247067,5474,48,-244
2026-07-29T00:15:41.915420+00:00,1785284127,6705,321 Surrey Central/WhiteRock,15247067,5475,49,-294
2026-07-29T00:15:41.915420+00:00,1785284127,6705,321 Surrey Central/WhiteRock,15247067,5476,50,-327
2026-07-29T00:15:41.915420+00:00,1785284127,6705,321 Surrey Central/WhiteRock,15247067,5477,51,-349
2026-07-29T00:15:41.915420+00:00,1785284127,6705,321 Surrey Central/WhiteRock,15247067,11725,52,-375
2026-07-29T00:15:41.915420+00:00,1785284127,6705,321 Surrey Central/WhiteRock,15247067,5040,53,-364
2026-07-29T00:15:41.915420+00:00,1785284127,6705,321 Surrey Central/WhiteRock,15247067,5041,54,-359
2026-07-29T00:15:41.915420+00:00,1785284127,6705,321 Surrey Central/WhiteRock,15247067,12155,55,-348
2026-07-29T00:15:41.915420+00:00,1785284127,6705,321 Surrey Central/WhiteRock,15247067,11882,56,0
2026-07-29T00:15:41.915420+00:00,1785284127,6705,321 Surrey Central/WhiteRock,15247067,10442,57,94
2026-07-29T00:15:41.915420+00:00,1785284127,6705,321 Surrey Central/WhiteRock,15247067,9929,58,123
2026-07-29T00:15:41.915420+00:00,1785284127,6705,321 Surrey Central/WhiteRock,15247067,9930,59,73
2026-07-29T00:15:41.915420+00:00,1785284127,6705,321 Surrey Central/WhiteRock,15247067,9932,60,-15
2026-07-29T00:15:41.915420+00:00,1785284127,6705,321 Surrey Central/WhiteRock,15247080,5466,40,23
2026-07-29T00:15:41.915420+00:00,1785284127,6705,321 Surrey Central/WhiteRock,15247080,5467,41,41
2026-07-29T00:15:41.915420+00:00,1785284127,6705,321 Surrey Central/WhiteRock,15247080,5468,42,15
2026-07-29T00:15:41.915420+00:00,1785284127,6705,321 Surrey Central/WhiteRock,15247080,5469,43,-28
2026-07-29T00:15:41.915420+00:00,1785284127,6705,321 Surrey Central/WhiteRock,15247080,5470,44,-54
2026-07-29T00:15:41.915420+00:00,1785284127,6705,321 Surrey Central/WhiteRock,15247080,5471,45,-89
2026-07-29T00:15:41.915420+00:00,1785284127,6705,321 Surrey Central/WhiteRock,15247080,5472,46,-117
2026-07-29T00:15:41.915420+00:00,1785284127,6705,321 Surrey Central/WhiteRock,15247080,5473,47,-168
2026-07-29T00:15:41.915420+00:00,1785284127,6705,321 Surrey Central/WhiteRock,15247080,5474,48,-174
2026-07-29T00:15:41.915420+00:00,1785284127,6705,321 Surrey Central/WhiteRock,15247080,5475,49,-223
2026-07-29T00:15:41.915420+00:00,1785284127,6705,321 Surrey Central/WhiteRock,15247080,5476,50,-256
2026-07-29T00:15:41.915420+00:00,1785284127,6705,321 Surrey Central/WhiteRock,15247080,5477,51,-278
2026-07-29T00:15:41.915420+00:00,1785284127,6705,321 Surrey Central/WhiteRock,15247080,11725,52,-304
2026-07-29T00:15:41.915420+00:00,1785284127,6705,321 Surrey Central/WhiteRock,15247080,5040,53,-287
2026-07-29T00:15:41.915420+00:00,1785284127,6705,321 Surrey Central/WhiteRock,15247080,5041,54,-282
2026-07-29T00:15:41.915420+00:00,1785284127,6705,321 Surrey Central/WhiteRock,15247080,12155,55,-271
2026-07-29T00:15:41.915420+00:00,1785284127,6705,321 Surrey Central/WhiteRock,15247080,11882,56,0
2026-07-29T00:15:41.915420+00:00,1785284127,6705,321 Surrey Central/WhiteRock,15247080,10442,57,93
2026-07-29T00:15:41.915420+00:00,1785284127,6705,321 Surrey Central/WhiteRock,15247080,9929,58,122
2026-07-29T00:15:41.915420+00:00,1785284127,6705,321 Surrey Central/WhiteRock,15247080,9930,59,72
2026-07-29T00:15:41.915420+00:00,1785284127,6705,321 Surrey Central/WhiteRock,15247080,9932,60,-15
2026-07-29T00:15:41.915420+00:00,1785284127,6705,321 Surrey Central/WhiteRock,15247159,5535,50,34
2026-07-29T00:15:41.915420+00:00,1785284127,6705,321 Surrey Central/WhiteRock,15247159,5536,51,10
2026-07-29T00:15:41.915420+00:00,1785284127,6705,321 Surrey Central/WhiteRock,15247159,5537,52,11
2026-07-29T00:15:41.915420+00:00,1785284127,6705,321 Surrey Central/WhiteRock,15247159,5538,53,4
2026-07-29T00:15:41.915420+00:00,1785284127,6705,321 Surrey Central/WhiteRock,15247159,5541,54,32
2026-07-29T00:15:41.915420+00:00,1785284127,6705,321 Surrey Central/WhiteRock,15247159,5542,55,42
2026-07-29T00:15:41.915420+00:00,1785284127,6705,321 Surrey Central/WhiteRock,15247159,6195,56,66
2026-07-29T00:15:41.915420+00:00,1785284127,6705,321 Surrey Central/WhiteRock,15247160,5525,43,-102
2026-07-29T00:15:41.915420+00:00,1785284127,6705,321 Surrey Central/WhiteRock,15247160,10443,44,-128
2026-07-29T00:15:41.915420+00:00,1785284127,6705,321 Surrey Central/WhiteRock,15247160,5528,45,-128
2026-07-29T00:15:41.915420+00:00,1785284127,6705,321 Surrey Central/WhiteRock,15247160,5529,46,-152
2026-07-29T00:15:41.915420+00:00,1785284127,6705,321 Surrey Central/WhiteRock,15247160,5530,47,-169
2026-07-29T00:15:41.915420+00:00,1785284127,6705,321 Surrey Central/WhiteRock,15247160,5533,48,-177
2026-07-29T00:15:41.915420+00:00,1785284127,6705,321 Surrey Central/WhiteRock,15247160,5534,49,-198
2026-07-29T00:15:41.915420+00:00,1785284127,6705,321 Surrey Central/WhiteRock,15247160,5535,50,-189
2026-07-29T00:15:41.915420+00:00,1785284127,6705,321 Surrey Central/WhiteRock,15247160,5536,51,-212
2026-07-29T00:15:41.915420+00:00,1785284127,6705,321 Surrey Central/WhiteRock,15247160,5537,52,-210
2026-07-29T00:15:41.915420+00:00,1785284127,6705,321 Surrey Central/WhiteRock,15247160,5538,53,-217
2026-07-29T00:15:41.915420+00:00,1785284127,6705,321 Surrey Central/WhiteRock,15247160,5541,54,-188
2026-07-29T00:15:41.915420+00:00,1785284127,6705,321 Surrey Central/WhiteRock,15247160,5542,55,-178
2026-07-29T00:15:41.915420+00:00,1785284127,6705,321 Surrey Central/WhiteRock,15247160,6195,56,-153
2026-07-29T00:15:41.915420+00:00,1785284127,6705,321 Surrey Central/WhiteRock,15247161,5512,29,59
2026-07-29T00:15:41.915420+00:00,1785284127,6705,321 Surrey Central/WhiteRock,15247161,5513,30,46
2026-07-29T00:15:41.915420+00:00,1785284127,6705,321 Surrey Central/WhiteRock,15247161,5514,31,137
2026-07-29T00:15:41.915420+00:00,1785284127,6705,321 Surrey Central/WhiteRock,15247161,5515,32,129
2026-07-29T00:15:41.915420+00:00,1785284127,6705,321 Surrey Central/WhiteRock,15247161,5516,33,129
2026-07-29T00:15:41.915420+00:00,1785284127,6705,321 Surrey Central/WhiteRock,15247161,5517,34,126
2026-07-29T00:15:41.915420+00:00,1785284127,6705,321 Surrey Central/WhiteRock,15247161,5518,35,133
2026-07-29T00:15:41.915420+00:00,1785284127,6705,321 Surrey Central/WhiteRock,15247161,5519,36,109
2026-07-29T00:15:41.915420+00:00,1785284127,6705,321 Surrey Central/WhiteRock,15247161,5520,37,98
2026-07-29T00:15:41.915420+00:00,1785284127,6705,321 Surrey Central/WhiteRock,15247161,5521,38,-112
2026-07-29T00:15:41.915420+00:00,1785284127,6705,321 Surrey Central/WhiteRock,15247161,5522,39,-249
2026-07-29T00:15:41.915420+00:00,1785284127,6705,321 Surrey Central/WhiteRock,15247161,5523,40,-285
2026-07-29T00:15:41.915420+00:00,1785284127,6705,321 Surrey Central/WhiteRock,15247161,6466,41,-305
2026-07-29T00:15:41.915420+00:00,1785284127,6705,321 Surrey Central/WhiteRock,15247161,5524,42,-268
2026-07-29T00:15:41.915420+00:00,1785284127,6705,321 Surrey Central/WhiteRock,15247161,5525,43,-297
2026-07-29T00:15:41.915420+00:00,1785284127,6705,321 Surrey Central/WhiteRock,15247161,10443,44,-322
2026-07-29T00:15:41.915420+00:00,1785284127,6705,321 Surrey Central/WhiteRock,15247161,5528,45,-318
2026-07-29T00:15:41.915420+00:00,1785284127,6705,321 Surrey Central/WhiteRock,15247161,5529,46,-340
2026-07-29T00:15:41.915420+00:00,1785284127,6705,321 Surrey Central/WhiteRock,15247161,5530,47,-355
2026-07-29T00:15:41.915420+00:00,1785284127,6705,321 Surrey Central/WhiteRock,15247161,5533,48,-362
2026-07-29T00:15:41.915420+00:00,1785284127,6705,321 Surrey Central/WhiteRock,15247161,5534,49,-382
2026-07-29T00:15:41.915420+00:00,1785284127,6705,321 Surrey Central/WhiteRock,15247161,5535,50,-367
2026-07-29T00:15:41.915420+00:00,1785284127,6705,321 Surrey Central/WhiteRock,15247161,5536,51,-389
2026-07-29T00:15:41.915420+00:00,1785284127,6705,321 Surrey Central/WhiteRock,15247161,5537,52,-389
2026-07-29T00:15:41.915420+00:00,1785284127,6705,321 Surrey Central/WhiteRock,15247161,5538,53,-395
2026-07-29T00:15:41.915420+00:00,1785284127,6705,321 Surrey Central/WhiteRock,15247161,5541,54,-366
2026-07-29T00:15:41.915420+00:00,1785284127,6705,321 Surrey Central/WhiteRock,15247161,5542,55,-355
2026-07-29T00:15:41.915420+00:00,1785284127,6705,321 Surrey Central/WhiteRock,15247161,6195,56,-330
2026-07-29T00:15:41.915420+00:00,1785284127,6705,321 Surrey Central/WhiteRock,15247162,5499,18,133
2026-07-29T00:15:41.915420+00:00,1785284127,6705,321 Surrey Central/WhiteRock,15247162,5500,19,110
2026-07-29T00:15:41.915420+00:00,1785284127,6705,321 Surrey Central/WhiteRock,15247162,5501,20,81
2026-07-29T00:15:41.915420+00:00,1785284127,6705,321 Surrey Central/WhiteRock,15247162,5502,21,65
2026-07-29T00:15:41.915420+00:00,1785284127,6705,321 Surrey Central/WhiteRock,15247162,5503,22,26
2026-07-29T00:15:41.915420+00:00,1785284127,6705,321 Surrey Central/WhiteRock,15247162,5504,23,-33
2026-07-29T00:15:41.915420+00:00,1785284127,6705,321 Surrey Central/WhiteRock,15247162,5505,24,-29
2026-07-29T00:15:41.915420+00:00,1785284127,6705,321 Surrey Central/WhiteRock,15247162,5507,25,-27
2026-07-29T00:15:41.915420+00:00,1785284127,6705,321 Surrey Central/WhiteRock,15247162,5633,26,5
2026-07-29T00:15:41.915420+00:00,1785284127,6705,321 Surrey Central/WhiteRock,15247162,5510,27,30
2026-07-29T00:15:41.915420+00:00,1785284127,6705,321 Surrey Central/WhiteRock,15247162,5511,28,22
2026-07-29T00:15:41.915420+00:00,1785284127,6705,321 Surrey Central/WhiteRock,15247162,5512,29,17
2026-07-29T00:15:41.915420+00:00,1785284127,6705,321 Surrey Central/WhiteRock,15247162,5513,30,3
2026-07-29T00:15:41.915420+00:00,1785284127,6705,321 Surrey Central/WhiteRock,15247162,5514,31,94
2026-07-29T00:15:41.915420+00:00,1785284127,6705,321 Surrey Central/WhiteRock,15247162,5515,32,86
2026-07-29T00:15:41.915420+00:00,1785284127,6705,321 Surrey Central/WhiteRock,15247162,5516,33,104
2026-07-29T00:15:41.915420+00:00,1785284127,6705,321 Surrey Central/WhiteRock,15247162,5517,34,108
2026-07-29T00:15:41.915420+00:00,1785284127,6705,321 Surrey Central/WhiteRock,15247162,5518,35,114
2026-07-29T00:15:41.915420+00:00,1785284127,6705,321 Surrey Central/WhiteRock,15247162,5519,36,90
2026-07-29T00:15:41.915420+00:00,1785284127,6705,321 Surrey Central/WhiteRock,15247162,5520,37,79
2026-07-29T00:15:41.915420+00:00,1785284127,6705,321 Surrey Central/WhiteRock,15247162,5521,38,-131
2026-07-29T00:15:41.915420+00:00,1785284127,6705,321 Surrey Central/WhiteRock,15247162,5522,39,-268
2026-07-29T00:15:41.915420+00:00,1785284127,6705,321 Surrey Central/WhiteRock,15247162,5523,40,-304
2026-07-29T00:15:41.915420+00:00,1785284127,6705,321 Surrey Central/WhiteRock,15247162,6466,41,-323
2026-07-29T00:15:41.915420+00:00,1785284127,6705,321 Surrey Central/WhiteRock,15247162,5524,42,-287
2026-07-29T00:15:41.915420+00:00,1785284127,6705,321 Surrey Central/WhiteRock,15247162,5525,43,-315
2026-07-29T00:15:41.915420+00:00,1785284127,6705,321 Surrey Central/WhiteRock,15247162,10443,44,-342
2026-07-29T00:15:41.915420+00:00,1785284127,6705,321 Surrey Central/WhiteRock,15247162,5528,45,-339
2026-07-29T00:15:41.915420+00:00,1785284127,6705,321 Surrey Central/WhiteRock,15247162,5529,46,-364
2026-07-29T00:15:41.915420+00:00,1785284127,6705,321 Surrey Central/WhiteRock,15247162,5530,47,-379
2026-07-29T00:15:41.915420+00:00,1785284127,6705,321 Surrey Central/WhiteRock,15247162,5533,48,-387
2026-07-29T00:15:41.915420+00:00,1785284127,6705,321 Surrey Central/WhiteRock,15247162,5534,49,-407
2026-07-29T00:15:41.915420+00:00,1785284127,6705,321 Surrey Central/WhiteRock,15247162,5535,50,-377
2026-07-29T00:15:41.915420+00:00,1785284127,6705,321 Surrey Central/WhiteRock,15247162,5536,51,-402
2026-07-29T00:15:41.915420+00:00,1785284127,6705,321 Surrey Central/WhiteRock,15247162,5537,52,-404
2026-07-29T00:15:41.915420+00:00,1785284127,6705,321 Surrey Central/WhiteRock,15247162,5538,53,-410
2026-07-29T00:15:41.915420+00:00,1785284127,6705,321 Surrey Central/WhiteRock,15247162,5541,54,-384
2026-07-29T00:15:41.915420+00:00,1785284127,6705,321 Surrey Central/WhiteRock,15247162,5542,55,-373
2026-07-29T00:15:41.915420+00:00,1785284127,6705,321 Surrey Central/WhiteRock,15247162,6195,56,-347
2026-07-29T00:15:41.915420+00:00,1785284127,6705,321 Surrey Central/WhiteRock,15247163,5047,9,121
2026-07-29T00:15:41.915420+00:00,1785284127,6705,321 Surrey Central/WhiteRock,15247163,8566,10,86
2026-07-29T00:15:41.915420+00:00,1785284127,6705,321 Surrey Central/WhiteRock,15247163,12916,11,108
2026-07-29T00:15:41.915420+00:00,1785284127,6705,321 Surrey Central/WhiteRock,15247163,5049,12,100
2026-07-29T00:15:41.915420+00:00,1785284127,6705,321 Surrey Central/WhiteRock,15247163,5039,13,80
2026-07-29T00:15:41.915420+00:00,1785284127,6705,321 Surrey Central/WhiteRock,15247163,8351,14,57
2026-07-29T00:15:41.915420+00:00,1785284127,6705,321 Surrey Central/WhiteRock,15247163,5496,15,-9
2026-07-29T00:15:41.915420+00:00,1785284127,6705,321 Surrey Central/WhiteRock,15247163,5497,16,-52
2026-07-29T00:15:41.915420+00:00,1785284127,6705,321 Surrey Central/WhiteRock,15247163,5498,17,-67
2026-07-29T00:15:41.915420+00:00,1785284127,6705,321 Surrey Central/WhiteRock,15247163,5499,18,-104
2026-07-29T00:15:41.915420+00:00,1785284127,6705,321 Surrey Central/WhiteRock,15247163,5500,19,-123
2026-07-29T00:15:41.915420+00:00,1785284127,6705,321 Surrey Central/WhiteRock,15247163,5501,20,-150
2026-07-29T00:15:41.915420+00:00,1785284127,6705,321 Surrey Central/WhiteRock,15247163,5502,21,-166
2026-07-29T00:15:41.915420+00:00,1785284127,6705,321 Surrey Central/WhiteRock,15247163,5503,22,-201
2026-07-29T00:15:41.915420+00:00,1785284127,6705,321 Surrey Central/WhiteRock,15247163,5504,23,-262
2026-07-29T00:15:41.915420+00:00,1785284127,6705,321 Surrey Central/WhiteRock,15247163,5505,24,-255
2026-07-29T00:15:41.915420+00:00,1785284127,6705,321 Surrey Central/WhiteRock,15247163,5507,25,-246
2026-07-29T00:15:41.915420+00:00,1785284127,6705,321 Surrey Central/WhiteRock,15247163,5633,26,0
2026-07-29T00:15:41.915420+00:00,1785284127,6705,321 Surrey Central/WhiteRock,15247163,5510,27,28
2026-07-29T00:15:41.915420+00:00,1785284127,6705,321 Surrey Central/WhiteRock,15247163,5511,28,21
2026-07-29T00:15:41.915420+00:00,1785284127,6705,321 Surrey Central/WhiteRock,15247163,5512,29,17
2026-07-29T00:15:41.915420+00:00,1785284127,6705,321 Surrey Central/WhiteRock,15247163,5513,30,6
2026-07-29T00:15:41.915420+00:00,1785284127,6705,321 Surrey Central/WhiteRock,15247163,5514,31,99
2026-07-29T00:15:41.915420+00:00,1785284127,6705,321 Surrey Central/WhiteRock,15247163,5515,32,93
2026-07-29T00:15:41.915420+00:00,1785284127,6705,321 Surrey Central/WhiteRock,15247163,5516,33,98
2026-07-29T00:15:41.915420+00:00,1785284127,6705,321 Surrey Central/WhiteRock,15247163,5517,34,102
2026-07-29T00:15:41.915420+00:00,1785284127,6705,321 Surrey Central/WhiteRock,15247163,5518,35,110
2026-07-29T00:15:41.915420+00:00,1785284127,6705,321 Surrey Central/WhiteRock,15247163,5519,36,88
2026-07-29T00:15:41.915420+00:00,1785284127,6705,321 Surrey Central/WhiteRock,15247163,5520,37,78
2026-07-29T00:15:41.915420+00:00,1785284127,6705,321 Surrey Central/WhiteRock,15247163,5521,38,-123
2026-07-29T00:15:41.915420+00:00,1785284127,6705,321 Surrey Central/WhiteRock,15247163,5522,39,-256
2026-07-29T00:15:41.915420+00:00,1785284127,6705,321 Surrey Central/WhiteRock,15247163,5523,40,-291
2026-07-29T00:15:41.915420+00:00,1785284127,6705,321 Surrey Central/WhiteRock,15247163,6466,41,-307
2026-07-29T00:15:41.915420+00:00,1785284127,6705,321 Surrey Central/WhiteRock,15247163,5524,42,-267
2026-07-29T00:15:41.915420+00:00,1785284127,6705,321 Surrey Central/WhiteRock,15247163,5525,43,-294
2026-07-29T00:15:41.915420+00:00,1785284127,6705,321 Surrey Central/WhiteRock,15247163,10443,44,-319
2026-07-29T00:15:41.915420+00:00,1785284127,6705,321 Surrey Central/WhiteRock,15247163,5528,45,-321
2026-07-29T00:15:41.915420+00:00,1785284127,6705,321 Surrey Central/WhiteRock,15247163,5529,46,-342
2026-07-29T00:15:41.915420+00:00,1785284127,6705,321 Surrey Central/WhiteRock,15247163,5530,47,-358
2026-07-29T00:15:41.915420+00:00,1785284127,6705,321 Surrey Central/WhiteRock,15247163,5533,48,-366
2026-07-29T00:15:41.915420+00:00,1785284127,6705,321 Surrey Central/WhiteRock,15247163,5534,49,-386
2026-07-29T00:15:41.915420+00:00,1785284127,6705,321 Surrey Central/WhiteRock,15247163,5535,50,-377
2026-07-29T00:15:41.915420+00:00,1785284127,6705,321 Surrey Central/WhiteRock,15247163,5536,51,-397
2026-07-29T00:15:41.915420+00:00,1785284127,6705,321 Surrey Central/WhiteRock,15247163,5537,52,-399
2026-07-29T00:15:41.915420+00:00,1785284127,6705,321 Surrey Central/WhiteRock,15247163,5538,53,-405
2026-07-29T00:15:41.915420+00:00,1785284127,6705,321 Surrey Central/WhiteRock,15247163,5541,54,-386
2026-07-29T00:15:41.915420+00:00,1785284127,6705,321 Surrey Central/WhiteRock,15247163,5542,55,-375
2026-07-29T00:15:41.915420+00:00,1785284127,6705,321 Surrey Central/WhiteRock,15247163,6195,56,-346
2026-07-29T00:15:41.915420+00:00,1785284127,6705,321 Surrey Central/WhiteRock,15247164,9924,4,-135
2026-07-29T00:15:41.915420+00:00,1785284127,6705,321 Surrey Central/WhiteRock,15247164,9926,5,-176
2026-07-29T00:15:41.915420+00:00,1785284127,6705,321 Surrey Central/WhiteRock,15247164,9927,6,-207
2026-07-29T00:15:41.915420+00:00,1785284127,6705,321 Surrey Central/WhiteRock,15247164,10880,7,0
2026-07-29T00:15:41.915420+00:00,1785284127,6705,321 Surrey Central/WhiteRock,15247164,5046,8,45
2026-07-29T00:15:41.915420+00:00,1785284127,6705,321 Surrey Central/WhiteRock,15247164,5047,9,47
2026-07-29T00:15:41.915420+00:00,1785284127,6705,321 Surrey Central/WhiteRock,15247164,8566,10,12
2026-07-29T00:15:41.915420+00:00,1785284127,6705,321 Surrey Central/WhiteRock,15247164,12916,11,34
2026-07-29T00:15:41.915420+00:00,1785284127,6705,321 Surrey Central/WhiteRock,15247164,5049,12,26
2026-07-29T00:15:41.915420+00:00,1785284127,6705,321 Surrey Central/WhiteRock,15247164,5039,13,9
2026-07-29T00:15:41.915420+00:00,1785284127,6705,321 Surrey Central/WhiteRock,15247164,8351,14,-14
2026-07-29T00:15:41.915420+00:00,1785284127,6705,321 Surrey Central/WhiteRock,15247164,5496,15,-83
2026-07-29T00:15:41.915420+00:00,1785284127,6705,321 Surrey Central/WhiteRock,15247164,5497,16,-126
2026-07-29T00:15:41.915420+00:00,1785284127,6705,321 Surrey Central/WhiteRock,15247164,5498,17,-142
2026-07-29T00:15:41.915420+00:00,1785284127,6705,321 Surrey Central/WhiteRock,15247164,5499,18,-179
2026-07-29T00:15:41.915420+00:00,1785284127,6705,321 Surrey Central/WhiteRock,15247164,5500,19,-205
2026-07-29T00:15:41.915420+00:00,1785284127,6705,321 Surrey Central/WhiteRock,15247164,5501,20,-232
2026-07-29T00:15:41.915420+00:00,1785284127,6705,321 Surrey Central/WhiteRock,15247164,5502,21,-247
2026-07-29T00:15:41.915420+00:00,1785284127,6705,321 Surrey Central/WhiteRock,15247164,5503,22,-266
2026-07-29T00:15:41.915420+00:00,1785284127,6705,321 Surrey Central/WhiteRock,15247164,5504,23,-324
2026-07-29T00:15:41.915420+00:00,1785284127,6705,321 Surrey Central/WhiteRock,15247164,5505,24,-317
2026-07-29T00:15:41.915420+00:00,1785284127,6705,321 Surrey Central/WhiteRock,15247164,5507,25,-313
2026-07-29T00:15:41.915420+00:00,1785284127,6705,321 Surrey Central/WhiteRock,15247164,5633,26,0
2026-07-29T00:15:41.915420+00:00,1785284127,6705,321 Surrey Central/WhiteRock,15247164,5510,27,41
2026-07-29T00:15:41.915420+00:00,1785284127,6705,321 Surrey Central/WhiteRock,15247164,5511,28,34
2026-07-29T00:15:41.915420+00:00,1785284127,6705,321 Surrey Central/WhiteRock,15247164,5512,29,31
2026-07-29T00:15:41.915420+00:00,1785284127,6705,321 Surrey Central/WhiteRock,15247164,5513,30,19
2026-07-29T00:15:41.915420+00:00,1785284127,6705,321 Surrey Central/WhiteRock,15247164,5514,31,112
2026-07-29T00:15:41.915420+00:00,1785284127,6705,321 Surrey Central/WhiteRock,15247164,5515,32,105
2026-07-29T00:15:41.915420+00:00,1785284127,6705,321 Surrey Central/WhiteRock,15247164,5516,33,127
2026-07-29T00:15:41.915420+00:00,1785284127,6705,321 Surrey Central/WhiteRock,15247164,5517,34,135
2026-07-29T00:15:41.915420+00:00,1785284127,6705,321 Surrey Central/WhiteRock,15247164,5518,35,142
2026-07-29T00:15:41.915420+00:00,1785284127,6705,321 Surrey Central/WhiteRock,15247164,5519,36,120
2026-07-29T00:15:41.915420+00:00,1785284127,6705,321 Surrey Central/WhiteRock,15247164,5520,37,124
2026-07-29T00:15:41.915420+00:00,1785284127,6705,321 Surrey Central/WhiteRock,15247164,5521,38,-79
2026-07-29T00:15:41.915420+00:00,1785284127,6705,321 Surrey Central/WhiteRock,15247164,5522,39,-212
2026-07-29T00:15:41.915420+00:00,1785284127,6705,321 Surrey Central/WhiteRock,15247164,5523,40,-248
2026-07-29T00:15:41.915420+00:00,1785284127,6705,321 Surrey Central/WhiteRock,15247164,6466,41,-260
2026-07-29T00:15:41.915420+00:00,1785284127,6705,321 Surrey Central/WhiteRock,15247164,5524,42,-229
2026-07-29T00:15:41.915420+00:00,1785284127,6705,321 Surrey Central/WhiteRock,15247164,5525,43,-253
2026-07-29T00:15:41.915420+00:00,1785284127,6705,321 Surrey Central/WhiteRock,15247164,10443,44,-270
2026-07-29T00:15:41.915420+00:00,1785284127,6705,321 Surrey Central/WhiteRock,15247164,5528,45,-273
2026-07-29T00:15:41.915420+00:00,1785284127,6705,321 Surrey Central/WhiteRock,15247164,5529,46,-297
2026-07-29T00:15:41.915420+00:00,1785284127,6705,321 Surrey Central/WhiteRock,15247164,5530,47,-313
2026-07-29T00:15:41.915420+00:00,1785284127,6705,321 Surrey Central/WhiteRock,15247164,5533,48,-309
2026-07-29T00:15:41.915420+00:00,1785284127,6705,321 Surrey Central/WhiteRock,15247164,5534,49,-327
2026-07-29T00:15:41.915420+00:00,1785284127,6705,321 Surrey Central/WhiteRock,15247164,5535,50,-315
2026-07-29T00:15:41.915420+00:00,1785284127,6705,321 Surrey Central/WhiteRock,15247164,5536,51,-337
2026-07-29T00:15:41.915420+00:00,1785284127,6705,321 Surrey Central/WhiteRock,15247164,5537,52,-333
2026-07-29T00:15:41.915420+00:00,1785284127,6705,321 Surrey Central/WhiteRock,15247164,5538,53,-339
2026-07-29T00:15:41.915420+00:00,1785284127,6705,321 Surrey Central/WhiteRock,15247164,5541,54,-319
2026-07-29T00:15:41.915420+00:00,1785284127,6705,321 Surrey Central/WhiteRock,15247164,5542,55,-310
2026-07-29T00:15:41.915420+00:00,1785284127,6705,321 Surrey Central/WhiteRock,15247164,6195,56,-278
2026-07-29T00:15:41.915420+00:00,1785284127,6705,321 Surrey Central/WhiteRock,15247165,5890,1,0
2026-07-29T00:15:41.915420+00:00,1785284127,6705,321 Surrey Central/WhiteRock,15247165,10716,2,0
2026-07-29T00:15:41.915420+00:00,1785284127,6705,321 Surrey Central/WhiteRock,15247165,9923,3,0
2026-07-29T00:15:41.915420+00:00,1785284127,6705,321 Surrey Central/WhiteRock,15247165,9924,4,0
2026-07-29T00:15:41.915420+00:00,1785284127,6705,321 Surrey Central/WhiteRock,15247165,9926,5,0
2026-07-29T00:15:41.915420+00:00,1785284127,6705,321 Surrey Central/WhiteRock,15247165,9927,6,0
2026-07-29T00:15:41.915420+00:00,1785284127,6705,321 Surrey Central/WhiteRock,15247165,10880,7,0
2026-07-29T00:15:41.915420+00:00,1785284127,6705,321 Surrey Central/WhiteRock,15247165,5046,8,0
2026-07-29T00:15:41.915420+00:00,1785284127,6705,321 Surrey Central/WhiteRock,15247165,5047,9,0
2026-07-29T00:15:41.915420+00:00,1785284127,6705,321 Surrey Central/WhiteRock,15247165,8566,10,0
2026-07-29T00:15:41.915420+00:00,1785284127,6705,321 Surrey Central/WhiteRock,15247165,12916,11,0
2026-07-29T00:15:41.915420+00:00,1785284127,6705,321 Surrey Central/WhiteRock,15247165,5049,12,0
2026-07-29T00:15:41.915420+00:00,1785284127,6705,321 Surrey Central/WhiteRock,15247165,5039,13,0
2026-07-29T00:15:41.915420+00:00,1785284127,6705,321 Surrey Central/WhiteRock,15247165,8351,14,0
2026-07-29T00:15:41.915420+00:00,1785284127,6705,321 Surrey Central/WhiteRock,15247165,5496,15,0
2026-07-29T00:15:41.915420+00:00,1785284127,6705,321 Surrey Central/WhiteRock,15247165,5497,16,0
2026-07-29T00:15:41.915420+00:00,1785284127,6705,321 Surrey Central/WhiteRock,15247165,5498,17,0
2026-07-29T00:15:41.915420+00:00,1785284127,6705,321 Surrey Central/WhiteRock,15247165,5499,18,0
2026-07-29T00:15:41.915420+00:00,1785284127,6705,321 Surrey Central/WhiteRock,15247165,5500,19,0
2026-07-29T00:15:41.915420+00:00,1785284127,6705,321 Surrey Central/WhiteRock,15247165,5501,20,0
2026-07-29T00:15:41.915420+00:00,1785284127,6705,321 Surrey Central/WhiteRock,15247165,5502,21,0
2026-07-29T00:15:41.915420+00:00,1785284127,6705,321 Surrey Central/WhiteRock,15247165,5503,22,0
2026-07-29T00:15:41.915420+00:00,1785284127,6705,321 Surrey Central/WhiteRock,15247165,5504,23,0
2026-07-29T00:15:41.915420+00:00,1785284127,6705,321 Surrey Central/WhiteRock,15247165,5505,24,0
2026-07-29T00:15:41.915420+00:00,1785284127,6705,321 Surrey Central/WhiteRock,15247165,5507,25,0
2026-07-29T00:15:41.915420+00:00,1785284127,6705,321 Surrey Central/WhiteRock,15247165,5633,26,0
2026-07-29T00:15:41.915420+00:00,1785284127,6705,321 Surrey Central/WhiteRock,15247165,5510,27,0
2026-07-29T00:15:41.915420+00:00,1785284127,6705,321 Surrey Central/WhiteRock,15247165,5511,28,0
2026-07-29T00:15:41.915420+00:00,1785284127,6705,321 Surrey Central/WhiteRock,15247165,5512,29,0
2026-07-29T00:15:41.915420+00:00,1785284127,6705,321 Surrey Central/WhiteRock,15247165,5513,30,0
2026-07-29T00:15:41.915420+00:00,1785284127,6705,321 Surrey Central/WhiteRock,15247165,5514,31,0
2026-07-29T00:15:41.915420+00:00,1785284127,6705,321 Surrey Central/WhiteRock,15247165,5515,32,0
2026-07-29T00:15:41.915420+00:00,1785284127,6705,321 Surrey Central/WhiteRock,15247165,5516,33,0
2026-07-29T00:15:41.915420+00:00,1785284127,6705,321 Surrey Central/WhiteRock,15247165,5517,34,0
2026-07-29T00:15:41.915420+00:00,1785284127,6705,321 Surrey Central/WhiteRock,15247165,5518,35,0
2026-07-29T00:15:41.915420+00:00,1785284127,6705,321 Surrey Central/WhiteRock,15247165,5519,36,0
2026-07-29T00:15:41.915420+00:00,1785284127,6705,321 Surrey Central/WhiteRock,15247165,5520,37,0
2026-07-29T00:15:41.915420+00:00,1785284127,6705,321 Surrey Central/WhiteRock,15247165,5521,38,0
2026-07-29T00:15:41.915420+00:00,1785284127,6705,321 Surrey Central/WhiteRock,15247165,5522,39,0
2026-07-29T00:15:41.915420+00:00,1785284127,6705,321 Surrey Central/WhiteRock,15247165,5523,40,0
2026-07-29T00:15:41.915420+00:00,1785284127,6705,321 Surrey Central/WhiteRock,15247165,6466,41,0
2026-07-29T00:15:41.915420+00:00,1785284127,6705,321 Surrey Central/WhiteRock,15247165,5524,42,0
2026-07-29T00:15:41.915420+00:00,1785284127,6705,321 Surrey Central/WhiteRock,15247165,5525,43,0
2026-07-29T00:15:41.915420+00:00,1785284127,6705,321 Surrey Central/WhiteRock,15247165,10443,44,0
2026-07-29T00:15:41.915420+00:00,1785284127,6705,321 Surrey Central/WhiteRock,15247165,5528,45,0
2026-07-29T00:15:41.915420+00:00,1785284127,6705,321 Surrey Central/WhiteRock,15247165,5529,46,0
2026-07-29T00:15:41.915420+00:00,1785284127,6705,321 Surrey Central/WhiteRock,15247165,5530,47,0
2026-07-29T00:15:41.915420+00:00,1785284127,6705,321 Surrey Central/WhiteRock,15247165,5533,48,0
2026-07-29T00:15:41.915420+00:00,1785284127,6705,321 Surrey Central/WhiteRock,15247165,5534,49,0
2026-07-29T00:15:41.915420+00:00,1785284127,6705,321 Surrey Central/WhiteRock,15247165,5535,50,0
2026-07-29T00:15:41.915420+00:00,1785284127,6705,321 Surrey Central/WhiteRock,15247165,5536,51,0
2026-07-29T00:15:41.915420+00:00,1785284127,6705,321 Surrey Central/WhiteRock,15247165,5537,52,0
2026-07-29T00:15:41.915420+00:00,1785284127,6705,321 Surrey Central/WhiteRock,15247165,5538,53,0
2026-07-29T00:15:41.915420+00:00,1785284127,6705,321 Surrey Central/WhiteRock,15247165,5541,54,0
2026-07-29T00:15:41.915420+00:00,1785284127,6705,321 Surrey Central/WhiteRock,15247165,5542,55,0
2026-07-29T00:15:41.915420+00:00,1785284127,6705,321 Surrey Central/WhiteRock,15247165,6195,56,0
2026-07-29T00:15:41.915420+00:00,1785284127,6705,321 Surrey Central/WhiteRock,15247177,5518,35,142
2026-07-29T00:15:41.915420+00:00,1785284127,6705,321 Surrey Central/WhiteRock,15247177,5519,36,118
2026-07-29T00:15:41.915420+00:00,1785284127,6705,321 Surrey Central/WhiteRock,15247177,5520,37,107
2026-07-29T00:15:41.915420+00:00,1785284127,6705,321 Surrey Central/WhiteRock,15247177,5521,38,-103
2026-07-29T00:15:41.915420+00:00,1785284127,6705,321 Surrey Central/WhiteRock,15247177,5522,39,-239
2026-07-29T00:15:41.915420+00:00,1785284127,6705,321 Surrey Central/WhiteRock,15247177,5523,40,-275
2026-07-29T00:15:41.915420+00:00,1785284127,6705,321 Surrey Central/WhiteRock,15247177,6466,41,-295
2026-07-29T00:15:41.915420+00:00,1785284127,6705,321 Surrey Central/WhiteRock,15247177,5524,42,-258
2026-07-29T00:15:41.915420+00:00,1785284127,6705,321 Surrey Central/WhiteRock,15247177,5525,43,-287
2026-07-29T00:15:41.915420+00:00,1785284127,6705,321 Surrey Central/WhiteRock,15247177,10443,44,-312
2026-07-29T00:15:41.915420+00:00,1785284127,6705,321 Surrey Central/WhiteRock,15247177,5528,45,-310
2026-07-29T00:15:41.915420+00:00,1785284127,6705,321 Surrey Central/WhiteRock,15247177,5529,46,-333
2026-07-29T00:15:41.915420+00:00,1785284127,6705,321 Surrey Central/WhiteRock,15247177,5530,47,-348
2026-07-29T00:15:41.915420+00:00,1785284127,6705,321 Surrey Central/WhiteRock,15247177,5533,48,-355
2026-07-29T00:15:41.915420+00:00,1785284127,6705,321 Surrey Central/WhiteRock,15247177,5534,49,-375
2026-07-29T00:15:41.915420+00:00,1785284127,6705,321 Surrey Central/WhiteRock,15247177,5535,50,-352
2026-07-29T00:15:41.915420+00:00,1785284127,6705,321 Surrey Central/WhiteRock,15247177,5536,51,-373
2026-07-29T00:15:41.915420+00:00,1785284127,6705,321 Surrey Central/WhiteRock,15247177,5537,52,-375
2026-07-29T00:15:41.915420+00:00,1785284127,6705,321 Surrey Central/WhiteRock,15247177,5538,53,-381
2026-07-29T00:15:41.915420+00:00,1785284127,6705,321 Surrey Central/WhiteRock,15247177,5541,54,-352
2026-07-29T00:15:41.915420+00:00,1785284127,6705,321 Surrey Central/WhiteRock,15247177,5542,55,-340
2026-07-29T00:15:41.915420+00:00,1785284127,6705,321 Surrey Central/WhiteRock,15247177,6195,56,-313
2026-07-29T00:15:41.915420+00:00,1785284127,6705,321 Surrey Central/WhiteRock,15247186,5542,55,387
2026-07-29T00:15:41.915420+00:00,1785284127,6705,321 Surrey Central/WhiteRock,15247186,6195,56,417
2026-07-29T00:15:41.915420+00:00,1785284127,6705,321 Surrey Central/WhiteRock,15247187,5497,16,-35
2026-07-29T00:15:41.915420+00:00,1785284127,6705,321 Surrey Central/WhiteRock,15247187,5498,17,-51
2026-07-29T00:15:41.915420+00:00,1785284127,6705,321 Surrey Central/WhiteRock,15247187,5499,18,-88
2026-07-29T00:15:41.915420+00:00,1785284127,6705,321 Surrey Central/WhiteRock,15247187,5500,19,-114
2026-07-29T00:15:41.915420+00:00,1785284127,6705,321 Surrey Central/WhiteRock,15247187,5501,20,-141
2026-07-29T00:15:41.915420+00:00,1785284127,6705,321 Surrey Central/WhiteRock,15247187,5502,21,-157
2026-07-29T00:15:41.915420+00:00,1785284127,6705,321 Surrey Central/WhiteRock,15247187,5503,22,-193
2026-07-29T00:15:41.915420+00:00,1785284127,6705,321 Surrey Central/WhiteRock,15247187,5504,23,-253
2026-07-29T00:15:41.915420+00:00,1785284127,6705,321 Surrey Central/WhiteRock,15247187,5505,24,-246
2026-07-29T00:15:41.915420+00:00,1785284127,6705,321 Surrey Central/WhiteRock,15247187,5507,25,-244
2026-07-29T00:15:41.915420+00:00,1785284127,6705,321 Surrey Central/WhiteRock,15247187,5633,26,0
2026-07-29T00:15:41.915420+00:00,1785284127,6705,321 Surrey Central/WhiteRock,15247187,5510,27,43
2026-07-29T00:15:41.915420+00:00,1785284127,6705,321 Surrey Central/WhiteRock,15247187,5511,28,36
2026-07-29T00:15:41.915420+00:00,1785284127,6705,321 Surrey Central/WhiteRock,15247187,5512,29,32
2026-07-29T00:15:41.915420+00:00,1785284127,6705,321 Surrey Central/WhiteRock,15247187,5513,30,21
2026-07-29T00:15:41.915420+00:00,1785284127,6705,321 Surrey Central/WhiteRock,15247187,5514,31,114
2026-07-29T00:15:41.915420+00:00,1785284127,6705,321 Surrey Central/WhiteRock,15247187,5515,32,108
2026-07-29T00:15:41.915420+00:00,1785284127,6705,321 Surrey Central/WhiteRock,15247187,5516,33,107
2026-07-29T00:15:41.915420+00:00,1785284127,6705,321 Surrey Central/WhiteRock,15247187,5517,34,111
2026-07-29T00:15:41.915420+00:00,1785284127,6705,321 Surrey Central/WhiteRock,15247187,5518,35,118
2026-07-29T00:15:41.915420+00:00,1785284127,6705,321 Surrey Central/WhiteRock,15247187,5519,36,96
2026-07-29T00:15:41.915420+00:00,1785284127,6705,321 Surrey Central/WhiteRock,15247187,5520,37,86
2026-07-29T00:15:41.915420+00:00,1785284127,6705,321 Surrey Central/WhiteRock,15247187,5521,38,-115
2026-07-29T00:15:41.915420+00:00,1785284127,6705,321 Surrey Central/WhiteRock,15247187,5522,39,-248
2026-07-29T00:15:41.915420+00:00,1785284127,6705,321 Surrey Central/WhiteRock,15247187,5523,40,-283
2026-07-29T00:15:41.915420+00:00,1785284127,6705,321 Surrey Central/WhiteRock,15247187,6466,41,-292
2026-07-29T00:15:41.915420+00:00,1785284127,6705,321 Surrey Central/WhiteRock,15247187,5524,42,-253
2026-07-29T00:15:41.915420+00:00,1785284127,6705,321 Surrey Central/WhiteRock,15247187,5525,43,-276
2026-07-29T00:15:41.915420+00:00,1785284127,6705,321 Surrey Central/WhiteRock,15247187,10443,44,-295
2026-07-29T00:15:41.915420+00:00,1785284127,6705,321 Surrey Central/WhiteRock,15247187,5528,45,-293
2026-07-29T00:15:41.915420+00:00,1785284127,6705,321 Surrey Central/WhiteRock,15247187,5529,46,-315
2026-07-29T00:15:41.915420+00:00,1785284127,6705,321 Surrey Central/WhiteRock,15247187,5530,47,-330
2026-07-29T00:15:41.915420+00:00,1785284127,6705,321 Surrey Central/WhiteRock,15247187,5533,48,-327
2026-07-29T00:15:41.915420+00:00,1785284127,6705,321 Surrey Central/WhiteRock,15247187,5534,49,-344
2026-07-29T00:15:41.915420+00:00,1785284127,6705,321 Surrey Central/WhiteRock,15247187,5535,50,-324
2026-07-29T00:15:41.915420+00:00,1785284127,6705,321 Surrey Central/WhiteRock,15247187,5536,51,-348
2026-07-29T00:15:41.915420+00:00,1785284127,6705,321 Surrey Central/WhiteRock,15247187,5537,52,-343
2026-07-29T00:15:41.915420+00:00,1785284127,6705,321 Surrey Central/WhiteRock,15247187,5538,53,-348
2026-07-29T00:15:41.915420+00:00,1785284127,6705,321 Surrey Central/WhiteRock,15247187,5541,54,-324
2026-07-29T00:15:41.915420+00:00,1785284127,6705,321 Surrey Central/WhiteRock,15247187,5542,55,-313
2026-07-29T00:15:41.915420+00:00,1785284127,6705,321 Surrey Central/WhiteRock,15247187,6195,56,-278
2026-07-29T00:15:41.915420+00:00,1785284127,6705,321 Surrey Central/WhiteRock,15247232,5518,35,535
2026-07-29T00:15:41.915420+00:00,1785284127,6705,321 Surrey Central/WhiteRock,15247232,5519,36,509
2026-07-29T00:15:41.915420+00:00,1785284127,6705,321 Surrey Central/WhiteRock,15247232,5520,37,496
2026-07-29T00:15:41.915420+00:00,1785284127,6705,321 Surrey Central/WhiteRock,15247232,5521,38,280
2026-07-29T00:15:41.915420+00:00,1785284127,6705,321 Surrey Central/WhiteRock,15247232,5522,39,139
2026-07-29T00:15:41.915420+00:00,1785284127,6705,321 Surrey Central/WhiteRock,15247232,5523,40,101
2026-07-29T00:15:41.915420+00:00,1785284127,6705,321 Surrey Central/WhiteRock,15247232,6466,41,81
2026-07-29T00:15:41.915420+00:00,1785284127,6705,321 Surrey Central/WhiteRock,15247232,5524,42,114
2026-07-29T00:15:41.915420+00:00,1785284127,6705,321 Surrey Central/WhiteRock,15247232,5525,43,85
2026-07-29T00:15:41.915420+00:00,1785284127,6705,321 Surrey Central/WhiteRock,15247232,10443,44,63
2026-07-29T00:15:41.915420+00:00,1785284127,6705,321 Surrey Central/WhiteRock,15247232,5528,45,62
2026-07-29T00:15:41.915420+00:00,1785284127,6705,321 Surrey Central/WhiteRock,15247232,5529,46,37
2026-07-29T00:15:41.915420+00:00,1785284127,6705,321 Surrey Central/WhiteRock,15247232,5530,47,20
2026-07-29T00:15:41.915420+00:00,1785284127,6705,321 Surrey Central/WhiteRock,15247232,5533,48,20
2026-07-29T00:15:41.915420+00:00,1785284127,6705,321 Surrey Central/WhiteRock,15247232,5534,49,0
2026-07-29T00:15:41.915420+00:00,1785284127,6705,321 Surrey Central/WhiteRock,15247232,5535,50,15
2026-07-29T00:15:41.915420+00:00,1785284127,6705,321 Surrey Central/WhiteRock,15247232,5536,51,-8
2026-07-29T00:15:41.915420+00:00,1785284127,6705,321 Surrey Central/WhiteRock,15247232,5537,52,-7
2026-07-29T00:15:41.915420+00:00,1785284127,6705,321 Surrey Central/WhiteRock,15247232,5538,53,-14
2026-07-29T00:15:41.915420+00:00,1785284127,6705,321 Surrey Central/WhiteRock,15247232,5541,54,15
2026-07-29T00:15:41.915420+00:00,1785284127,6705,321 Surrey Central/WhiteRock,15247232,5542,55,27
2026-07-29T00:15:41.915420+00:00,1785284127,6705,321 Surrey Central/WhiteRock,15247232,6195,56,50
2026-07-29T00:15:41.915420+00:00,1785284127,6705,321 Surrey Central/WhiteRock,15247233,5505,24,80
2026-07-29T00:15:41.915420+00:00,1785284127,6705,321 Surrey Central/WhiteRock,15247233,5507,25,86
2026-07-29T00:15:41.915420+00:00,1785284127,6705,321 Surrey Central/WhiteRock,15247233,5633,26,119
2026-07-29T00:15:41.915420+00:00,1785284127,6705,321 Surrey Central/WhiteRock,15247233,5510,27,150
2026-07-29T00:15:41.915420+00:00,1785284127,6705,321 Surrey Central/WhiteRock,15247233,5511,28,142
2026-07-29T00:15:41.915420+00:00,1785284127,6705,321 Surrey Central/WhiteRock,15247233,5512,29,137
2026-07-29T00:15:41.915420+00:00,1785284127,6705,321 Surrey Central/WhiteRock,15247233,5513,30,123
2026-07-29T00:15:41.915420+00:00,1785284127,6705,321 Surrey Central/WhiteRock,15247233,5514,31,212
2026-07-29T00:15:41.915420+00:00,1785284127,6705,321 Surrey Central/WhiteRock,15247233,5515,32,204
2026-07-29T00:15:41.915420+00:00,1785284127,6705,321 Surrey Central/WhiteRock,15247233,5516,33,189
2026-07-29T00:15:41.915420+00:00,1785284127,6705,321 Surrey Central/WhiteRock,15247233,5517,34,186
2026-07-29T00:15:41.915420+00:00,1785284127,6705,321 Surrey Central/WhiteRock,15247233,5518,35,189
2026-07-29T00:15:41.915420+00:00,1785284127,6705,321 Surrey Central/WhiteRock,15247233,5519,36,165
2026-07-29T00:15:41.915420+00:00,1785284127,6705,321 Surrey Central/WhiteRock,15247233,5520,37,154
2026-07-29T00:15:41.915420+00:00,1785284127,6705,321 Surrey Central/WhiteRock,15247233,5521,38,-56
2026-07-29T00:15:41.915420+00:00,1785284127,6705,321 Surrey Central/WhiteRock,15247233,5522,39,-193
2026-07-29T00:15:41.915420+00:00,1785284127,6705,321 Surrey Central/WhiteRock,15247233,5523,40,-229
2026-07-29T00:15:41.915420+00:00,1785284127,6705,321 Surrey Central/WhiteRock,15247233,6466,41,-251
2026-07-29T00:15:41.915420+00:00,1785284127,6705,321 Surrey Central/WhiteRock,15247233,5524,42,-215
2026-07-29T00:15:41.915420+00:00,1785284127,6705,321 Surrey Central/WhiteRock,15247233,5525,43,-244
2026-07-29T00:15:41.915420+00:00,1785284127,6705,321 Surrey Central/WhiteRock,15247233,10443,44,-268
2026-07-29T00:15:41.915420+00:00,1785284127,6705,321 Surrey Central/WhiteRock,15247233,5528,45,-263
2026-07-29T00:15:41.915420+00:00,1785284127,6705,321 Surrey Central/WhiteRock,15247233,5529,46,-285
2026-07-29T00:15:41.915420+00:00,1785284127,6705,321 Surrey Central/WhiteRock,15247233,5530,47,-300
2026-07-29T00:15:41.915420+00:00,1785284127,6705,321 Surrey Central/WhiteRock,15247233,5533,48,-305
2026-07-29T00:15:41.915420+00:00,1785284127,6705,321 Surrey Central/WhiteRock,15247233,5534,49,-324
2026-07-29T00:15:41.915420+00:00,1785284127,6705,321 Surrey Central/WhiteRock,15247233,5535,50,-305
2026-07-29T00:15:41.915420+00:00,1785284127,6705,321 Surrey Central/WhiteRock,15247233,5536,51,-329
2026-07-29T00:15:41.915420+00:00,1785284127,6705,321 Surrey Central/WhiteRock,15247233,5537,52,-326
2026-07-29T00:15:41.915420+00:00,1785284127,6705,321 Surrey Central/WhiteRock,15247233,5538,53,-332
2026-07-29T00:15:41.915420+00:00,1785284127,6705,321 Surrey Central/WhiteRock,15247233,5541,54,-307
2026-07-29T00:15:41.915420+00:00,1785284127,6705,321 Surrey Central/WhiteRock,15247233,5542,55,-296
2026-07-29T00:15:41.915420+00:00,1785284127,6705,321 Surrey Central/WhiteRock,15247233,6195,56,-269
2026-07-29T00:15:41.915420+00:00,1785284127,6715,351 Bridgeport/WhiteRock,15251618,4928,24,267
2026-07-29T00:15:41.915420+00:00,1785284127,6715,351 Bridgeport/WhiteRock,15251618,8282,25,276
2026-07-29T00:15:41.915420+00:00,1785284127,6715,351 Bridgeport/WhiteRock,15251619,4928,24,-104
2026-07-29T00:15:41.915420+00:00,1785284127,6715,351 Bridgeport/WhiteRock,15251619,8282,25,-96
2026-07-29T00:15:41.915420+00:00,1785284127,6715,351 Bridgeport/WhiteRock,15251620,5441,15,186
2026-07-29T00:15:41.915420+00:00,1785284127,6715,351 Bridgeport/WhiteRock,15251620,5442,16,160
2026-07-29T00:15:41.915420+00:00,1785284127,6715,351 Bridgeport/WhiteRock,15251620,5444,17,171
2026-07-29T00:15:41.915420+00:00,1785284127,6715,351 Bridgeport/WhiteRock,15251620,9083,18,141
2026-07-29T00:15:41.915420+00:00,1785284127,6715,351 Bridgeport/WhiteRock,15251620,5446,19,145
2026-07-29T00:15:41.915420+00:00,1785284127,6715,351 Bridgeport/WhiteRock,15251620,10445,20,137
2026-07-29T00:15:41.915420+00:00,1785284127,6715,351 Bridgeport/WhiteRock,15251620,5447,21,98
2026-07-29T00:15:41.915420+00:00,1785284127,6715,351 Bridgeport/WhiteRock,15251620,5448,22,99
2026-07-29T00:15:41.915420+00:00,1785284127,6715,351 Bridgeport/WhiteRock,15251620,6194,23,92
2026-07-29T00:15:41.915420+00:00,1785284127,6715,351 Bridgeport/WhiteRock,15251620,4928,24,-35
2026-07-29T00:15:41.915420+00:00,1785284127,6715,351 Bridgeport/WhiteRock,15251620,8282,25,65
2026-07-29T00:15:41.915420+00:00,1785284127,6715,351 Bridgeport/WhiteRock,15251698,5533,11,-684
2026-07-29T00:15:41.915420+00:00,1785284127,6715,351 Bridgeport/WhiteRock,15251698,5534,12,-687
2026-07-29T00:15:41.915420+00:00,1785284127,6715,351 Bridgeport/WhiteRock,15251698,5535,13,-641
2026-07-29T00:15:41.915420+00:00,1785284127,6715,351 Bridgeport/WhiteRock,15251698,5536,14,-646
2026-07-29T00:15:41.915420+00:00,1785284127,6715,351 Bridgeport/WhiteRock,15251698,5537,15,-619
2026-07-29T00:15:41.915420+00:00,1785284127,6715,351 Bridgeport/WhiteRock,15251698,5538,16,-614
2026-07-29T00:15:41.915420+00:00,1785284127,6715,351 Bridgeport/WhiteRock,15251698,5541,17,-562
2026-07-29T00:15:41.915420+00:00,1785284127,6715,351 Bridgeport/WhiteRock,15251698,5542,18,-542
2026-07-29T00:15:41.915420+00:00,1785284127,6715,351 Bridgeport/WhiteRock,15251698,6340,19,-494
2026-07-29T00:15:41.915420+00:00,1785284127,6715,351 Bridgeport/WhiteRock,15251698,6341,20,-471
2026-07-29T00:15:41.915420+00:00,1785284127,6715,351 Bridgeport/WhiteRock,15251698,6167,21,-455
2026-07-29T00:15:41.915420+00:00,1785284127,6715,351 Bridgeport/WhiteRock,15251699,6175,4,-699
2026-07-29T00:15:41.915420+00:00,1785284127,6715,351 Bridgeport/WhiteRock,15251699,5524,5,-653
2026-07-29T00:15:41.915420+00:00,1785284127,6715,351 Bridgeport/WhiteRock,15251699,5525,6,-667
2026-07-29T00:15:41.915420+00:00,1785284127,6715,351 Bridgeport/WhiteRock,15251699,10443,7,-661
2026-07-29T00:15:41.915420+00:00,1785284127,6715,351 Bridgeport/WhiteRock,15251699,5528,8,-644
2026-07-29T00:15:41.915420+00:00,1785284127,6715,351 Bridgeport/WhiteRock,15251699,5529,9,-651
2026-07-29T00:15:41.915420+00:00,1785284127,6715,351 Bridgeport/WhiteRock,15251699,5530,10,-649
2026-07-29T00:15:41.915420+00:00,1785284127,6715,351 Bridgeport/WhiteRock,15251699,5533,11,-631
2026-07-29T00:15:41.915420+00:00,1785284127,6715,351 Bridgeport/WhiteRock,15251699,5534,12,-633
2026-07-29T00:15:41.915420+00:00,1785284127,6715,351 Bridgeport/WhiteRock,15251699,5535,13,-607
2026-07-29T00:15:41.915420+00:00,1785284127,6715,351 Bridgeport/WhiteRock,15251699,5536,14,-612
2026-07-29T00:15:41.915420+00:00,1785284127,6715,351 Bridgeport/WhiteRock,15251699,5537,15,-586
2026-07-29T00:15:41.915420+00:00,1785284127,6715,351 Bridgeport/WhiteRock,15251699,5538,16,-581
2026-07-29T00:15:41.915420+00:00,1785284127,6715,351 Bridgeport/WhiteRock,15251699,5541,17,-529
2026-07-29T00:15:41.915420+00:00,1785284127,6715,351 Bridgeport/WhiteRock,15251699,5542,18,-508
2026-07-29T00:15:41.915420+00:00,1785284127,6715,351 Bridgeport/WhiteRock,15251699,6340,19,-460
2026-07-29T00:15:41.915420+00:00,1785284127,6715,351 Bridgeport/WhiteRock,15251699,6341,20,-436
2026-07-29T00:15:41.915420+00:00,1785284127,6715,351 Bridgeport/WhiteRock,15251699,6167,21,-424
2026-07-29T00:15:41.915420+00:00,1785284127,6715,351 Bridgeport/WhiteRock,15251700,4929,3,47
2026-07-29T00:15:41.915420+00:00,1785284127,6715,351 Bridgeport/WhiteRock,15251700,6175,4,-641
2026-07-29T00:15:41.915420+00:00,1785284127,6715,351 Bridgeport/WhiteRock,15251700,5524,5,-594
2026-07-29T00:15:41.915420+00:00,1785284127,6715,351 Bridgeport/WhiteRock,15251700,5525,6,-607
2026-07-29T00:15:41.915420+00:00,1785284127,6715,351 Bridgeport/WhiteRock,15251700,10443,7,-601
2026-07-29T00:15:41.915420+00:00,1785284127,6715,351 Bridgeport/WhiteRock,15251700,5528,8,-581
2026-07-29T00:15:41.915420+00:00,1785284127,6715,351 Bridgeport/WhiteRock,15251700,5529,9,-586
2026-07-29T00:15:41.915420+00:00,1785284127,6715,351 Bridgeport/WhiteRock,15251700,5530,10,-584
2026-07-29T00:15:41.915420+00:00,1785284127,6715,351 Bridgeport/WhiteRock,15251700,5533,11,-567
2026-07-29T00:15:41.915420+00:00,1785284127,6715,351 Bridgeport/WhiteRock,15251700,5534,12,-569
2026-07-29T00:15:41.915420+00:00,1785284127,6715,351 Bridgeport/WhiteRock,15251700,5535,13,-546
2026-07-29T00:15:41.915420+00:00,1785284127,6715,351 Bridgeport/WhiteRock,15251700,5536,14,-551
2026-07-29T00:15:41.915420+00:00,1785284127,6715,351 Bridgeport/WhiteRock,15251700,5537,15,-524
2026-07-29T00:15:41.915420+00:00,1785284127,6715,351 Bridgeport/WhiteRock,15251700,5538,16,-519
2026-07-29T00:15:41.915420+00:00,1785284127,6715,351 Bridgeport/WhiteRock,15251700,5541,17,-472
2026-07-29T00:15:41.915420+00:00,1785284127,6715,351 Bridgeport/WhiteRock,15251700,5542,18,-452
2026-07-29T00:15:41.915420+00:00,1785284127,6715,351 Bridgeport/WhiteRock,15251700,6340,19,-408
2026-07-29T00:15:41.915420+00:00,1785284127,6715,351 Bridgeport/WhiteRock,15251700,6341,20,-386
2026-07-29T00:15:41.915420+00:00,1785284127,6715,351 Bridgeport/WhiteRock,15251700,6167,21,-375
2026-07-29T00:15:41.915420+00:00,1785284127,6715,351 Bridgeport/WhiteRock,15251701,8283,2,0
2026-07-29T00:15:41.915420+00:00,1785284127,6715,351 Bridgeport/WhiteRock,15251701,4929,3,6
2026-07-29T00:15:41.915420+00:00,1785284127,6715,351 Bridgeport/WhiteRock,15251701,6175,4,-643
2026-07-29T00:15:41.915420+00:00,1785284127,6715,351 Bridgeport/WhiteRock,15251701,5524,5,-594
2026-07-29T00:15:41.915420+00:00,1785284127,6715,351 Bridgeport/WhiteRock,15251701,5525,6,-607
2026-07-29T00:15:41.915420+00:00,1785284127,6715,351 Bridgeport/WhiteRock,15251701,10443,7,-600
2026-07-29T00:15:41.915420+00:00,1785284127,6715,351 Bridgeport/WhiteRock,15251701,5528,8,-579
2026-07-29T00:15:41.915420+00:00,1785284127,6715,351 Bridgeport/WhiteRock,15251701,5529,9,-584
2026-07-29T00:15:41.915420+00:00,1785284127,6715,351 Bridgeport/WhiteRock,15251701,5530,10,-581
2026-07-29T00:15:41.915420+00:00,1785284127,6715,351 Bridgeport/WhiteRock,15251701,5533,11,-562
2026-07-29T00:15:41.915420+00:00,1785284127,6715,351 Bridgeport/WhiteRock,15251701,5534,12,-563
2026-07-29T00:15:41.915420+00:00,1785284127,6715,351 Bridgeport/WhiteRock,15251701,5535,13,-539
2026-07-29T00:15:41.915420+00:00,1785284127,6715,351 Bridgeport/WhiteRock,15251701,5536,14,-542
2026-07-29T00:15:41.915420+00:00,1785284127,6715,351 Bridgeport/WhiteRock,15251701,5537,15,-515
2026-07-29T00:15:41.915420+00:00,1785284127,6715,351 Bridgeport/WhiteRock,15251701,5538,16,-509
2026-07-29T00:15:41.915420+00:00,1785284127,6715,351 Bridgeport/WhiteRock,15251701,5541,17,-463
2026-07-29T00:15:41.915420+00:00,1785284127,6715,351 Bridgeport/WhiteRock,15251701,5542,18,-443
2026-07-29T00:15:41.915420+00:00,1785284127,6715,351 Bridgeport/WhiteRock,15251701,6340,19,-396
2026-07-29T00:15:41.915420+00:00,1785284127,6715,351 Bridgeport/WhiteRock,15251701,6341,20,-375
2026-07-29T00:15:41.915420+00:00,1785284127,6715,351 Bridgeport/WhiteRock,15251701,6167,21,-363
2026-07-29T00:15:41.915420+00:00,1785284127,6715,351 Bridgeport/WhiteRock,15251702,11267,1,0
2026-07-29T00:15:41.915420+00:00,1785284127,6715,351 Bridgeport/WhiteRock,15251702,8283,2,-910
2026-07-29T00:15:41.915420+00:00,1785284127,6715,351 Bridgeport/WhiteRock,15251702,4929,3,0
2026-07-29T00:15:41.915420+00:00,1785284127,6715,351 Bridgeport/WhiteRock,15251702,6175,4,-651
2026-07-29T00:15:41.915420+00:00,1785284127,6715,351 Bridgeport/WhiteRock,15251702,5524,5,-602
2026-07-29T00:15:41.915420+00:00,1785284127,6715,351 Bridgeport/WhiteRock,15251702,5525,6,-615
2026-07-29T00:15:41.915420+00:00,1785284127,6715,351 Bridgeport/WhiteRock,15251702,10443,7,-609
2026-07-29T00:15:41.915420+00:00,1785284127,6715,351 Bridgeport/WhiteRock,15251702,5528,8,-587
2026-07-29T00:15:41.915420+00:00,1785284127,6715,351 Bridgeport/WhiteRock,15251702,5529,9,-589
2026-07-29T00:15:41.915420+00:00,1785284127,6715,351 Bridgeport/WhiteRock,15251702,5530,10,-588
2026-07-29T00:15:41.915420+00:00,1785284127,6715,351 Bridgeport/WhiteRock,15251702,5533,11,-571
2026-07-29T00:15:41.915420+00:00,1785284127,6715,351 Bridgeport/WhiteRock,15251702,5534,12,-572
2026-07-29T00:15:41.915420+00:00,1785284127,6715,351 Bridgeport/WhiteRock,15251702,5535,13,-554
2026-07-29T00:15:41.915420+00:00,1785284127,6715,351 Bridgeport/WhiteRock,15251702,5536,14,-554
2026-07-29T00:15:41.915420+00:00,1785284127,6715,351 Bridgeport/WhiteRock,15251702,5537,15,-522
2026-07-29T00:15:41.915420+00:00,1785284127,6715,351 Bridgeport/WhiteRock,15251702,5538,16,-517
2026-07-29T00:15:41.915420+00:00,1785284127,6715,351 Bridgeport/WhiteRock,15251702,5541,17,-473
2026-07-29T00:15:41.915420+00:00,1785284127,6715,351 Bridgeport/WhiteRock,15251702,5542,18,-454
2026-07-29T00:15:41.915420+00:00,1785284127,6715,351 Bridgeport/WhiteRock,15251702,6340,19,-407
2026-07-29T00:15:41.915420+00:00,1785284127,6715,351 Bridgeport/WhiteRock,15251702,6341,20,-387
2026-07-29T00:15:41.915420+00:00,1785284127,6715,351 Bridgeport/WhiteRock,15251702,6167,21,-369
2026-07-29T00:15:41.915420+00:00,1785284127,11692,364 Langley Centre/Scottsdale,15252682,11121,6,289
2026-07-29T00:15:41.915420+00:00,1785284127,11692,364 Langley Centre/Scottsdale,15252682,11142,7,241
2026-07-29T00:15:41.915420+00:00,1785284127,11692,364 Langley Centre/Scottsdale,15252682,11139,8,215
2026-07-29T00:15:41.915420+00:00,1785284127,11692,364 Langley Centre/Scottsdale,15252682,11156,9,181
2026-07-29T00:15:41.915420+00:00,1785284127,11692,364 Langley Centre/Scottsdale,15252682,5583,10,184
2026-07-29T00:15:41.915420+00:00,1785284127,11692,364 Langley Centre/Scottsdale,15252682,5584,11,141
2026-07-29T00:15:41.915420+00:00,1785284127,11692,364 Langley Centre/Scottsdale,15252682,6464,12,115
2026-07-29T00:15:41.915420+00:00,1785284127,11692,364 Langley Centre/Scottsdale,15252682,6465,13,80
2026-07-29T00:15:41.915420+00:00,1785284127,11692,364 Langley Centre/Scottsdale,15252682,11074,14,116
2026-07-29T00:15:41.915420+00:00,1785284127,11692,364 Langley Centre/Scottsdale,15252682,11153,15,76
2026-07-29T00:15:41.915420+00:00,1785284127,11692,364 Langley Centre/Scottsdale,15252682,11150,16,27
2026-07-29T00:15:41.915420+00:00,1785284127,11692,364 Langley Centre/Scottsdale,15252682,11148,17,0
2026-07-29T00:15:41.915420+00:00,1785284127,11692,364 Langley Centre/Scottsdale,15252682,11124,18,4
2026-07-29T00:15:41.915420+00:00,1785284127,11692,364 Langley Centre/Scottsdale,15252682,11140,19,-45
2026-07-29T00:15:41.915420+00:00,1785284127,11692,364 Langley Centre/Scottsdale,15252682,11145,20,-58
2026-07-29T00:15:41.915420+00:00,1785284127,11692,364 Langley Centre/Scottsdale,15252682,11076,21,0
2026-07-29T00:15:41.915420+00:00,1785284127,11692,364 Langley Centre/Scottsdale,15252682,12645,22,-234
2026-07-29T00:15:41.915420+00:00,1785284127,11692,364 Langley Centre/Scottsdale,15252682,9525,23,-233
2026-07-29T00:15:41.915420+00:00,1785284127,11692,364 Langley Centre/Scottsdale,15252682,10148,24,-210
2026-07-29T00:15:41.915420+00:00,1785284127,11692,364 Langley Centre/Scottsdale,15252682,10585,25,-235
2026-07-29T00:15:41.915420+00:00,1785284127,11692,364 Langley Centre/Scottsdale,15252682,10250,26,-245
2026-07-29T00:15:41.915420+00:00,1785284127,11692,364 Langley Centre/Scottsdale,15252682,10588,27,-256
2026-07-29T00:15:41.915420+00:00,1785284127,11692,364 Langley Centre/Scottsdale,15252682,10248,28,-200
2026-07-29T00:15:41.915420+00:00,1785284127,11692,364 Langley Centre/Scottsdale,15252682,10726,29,-198
2026-07-29T00:15:41.915420+00:00,1785284127,11692,364 Langley Centre/Scottsdale,15252682,10725,30,-212
2026-07-29T00:15:41.915420+00:00,1785284127,11692,364 Langley Centre/Scottsdale,15252682,10727,31,-232
2026-07-29T00:15:41.915420+00:00,1785284127,11692,364 Langley Centre/Scottsdale,15252682,10251,32,-242
2026-07-29T00:15:41.915420+00:00,1785284127,11692,364 Langley Centre/Scottsdale,15252682,10252,33,-268
2026-07-29T00:15:41.915420+00:00,1785284127,11692,364 Langley Centre/Scottsdale,15252682,10253,34,-279
2026-07-29T00:15:41.915420+00:00,1785284127,11692,364 Langley Centre/Scottsdale,15252682,10255,35,-301
2026-07-29T00:15:41.915420+00:00,1785284127,11692,364 Langley Centre/Scottsdale,15252682,5332,36,-233
2026-07-29T00:15:41.915420+00:00,1785284127,11692,364 Langley Centre/Scottsdale,15252682,12497,37,-262
2026-07-29T00:15:41.915420+00:00,1785284127,11692,364 Langley Centre/Scottsdale,15252682,5334,38,-271
2026-07-29T00:15:41.915420+00:00,1785284127,11692,364 Langley Centre/Scottsdale,15252682,6472,39,-264
2026-07-29T00:15:41.915420+00:00,1785284127,11692,364 Langley Centre/Scottsdale,15252682,6473,40,-272
2026-07-29T00:15:41.915420+00:00,1785284127,11692,364 Langley Centre/Scottsdale,15252682,6474,41,-281
2026-07-29T00:15:41.915420+00:00,1785284127,11692,364 Langley Centre/Scottsdale,15252682,9306,42,-232
2026-07-29T00:15:41.915420+00:00,1785284127,11692,364 Langley Centre/Scottsdale,15252682,11125,43,-240
2026-07-29T00:15:41.915420+00:00,1785284127,11692,364 Langley Centre/Scottsdale,15252682,9294,44,-233
2026-07-29T00:15:41.915420+00:00,1785284127,11692,364 Langley Centre/Scottsdale,15252682,9293,45,-243
2026-07-29T00:15:41.915420+00:00,1785284127,11692,364 Langley Centre/Scottsdale,15252682,11126,46,-236
2026-07-29T00:15:41.915420+00:00,1785284127,11692,364 Langley Centre/Scottsdale,15252682,7094,47,-282
2026-07-29T00:15:41.915420+00:00,1785284127,11692,364 Langley Centre/Scottsdale,15252683,10585,25,-137
2026-07-29T00:15:41.915420+00:00,1785284127,11692,364 Langley Centre/Scottsdale,15252683,10250,26,-155
2026-07-29T00:15:41.915420+00:00,1785284127,11692,364 Langley Centre/Scottsdale,15252683,10588,27,-170
2026-07-29T00:15:41.915420+00:00,1785284127,11692,364 Langley Centre/Scottsdale,15252683,10248,28,-122
2026-07-29T00:15:41.915420+00:00,1785284127,11692,364 Langley Centre/Scottsdale,15252683,10726,29,-121
2026-07-29T00:15:41.915420+00:00,1785284127,11692,364 Langley Centre/Scottsdale,15252683,10725,30,-141
2026-07-29T00:15:41.915420+00:00,1785284127,11692,364 Langley Centre/Scottsdale,15252683,10727,31,-165
2026-07-29T00:15:41.915420+00:00,1785284127,11692,364 Langley Centre/Scottsdale,15252683,10251,32,-182
2026-07-29T00:15:41.915420+00:00,1785284127,11692,364 Langley Centre/Scottsdale,15252683,10252,33,-213
2026-07-29T00:15:41.915420+00:00,1785284127,11692,364 Langley Centre/Scottsdale,15252683,10253,34,-235
2026-07-29T00:15:41.915420+00:00,1785284127,11692,364 Langley Centre/Scottsdale,15252683,10255,35,-262
2026-07-29T00:15:41.915420+00:00,1785284127,11692,364 Langley Centre/Scottsdale,15252683,5332,36,-197
2026-07-29T00:15:41.915420+00:00,1785284127,11692,364 Langley Centre/Scottsdale,15252683,12497,37,-233
2026-07-29T00:15:41.915420+00:00,1785284127,11692,364 Langley Centre/Scottsdale,15252683,5334,38,-248
2026-07-29T00:15:41.915420+00:00,1785284127,11692,364 Langley Centre/Scottsdale,15252683,6472,39,-241
2026-07-29T00:15:41.915420+00:00,1785284127,11692,364 Langley Centre/Scottsdale,15252683,6473,40,-248
2026-07-29T00:15:41.915420+00:00,1785284127,11692,364 Langley Centre/Scottsdale,15252683,6474,41,-261
2026-07-29T00:15:41.915420+00:00,1785284127,11692,364 Langley Centre/Scottsdale,15252683,9306,42,-213
2026-07-29T00:15:41.915420+00:00,1785284127,11692,364 Langley Centre/Scottsdale,15252683,11125,43,-238
2026-07-29T00:15:41.915420+00:00,1785284127,11692,364 Langley Centre/Scottsdale,15252683,9294,44,-249
2026-07-29T00:15:41.915420+00:00,1785284127,11692,364 Langley Centre/Scottsdale,15252683,9293,45,-264
2026-07-29T00:15:41.915420+00:00,1785284127,11692,364 Langley Centre/Scottsdale,15252683,11126,46,-255
2026-07-29T00:15:41.915420+00:00,1785284127,11692,364 Langley Centre/Scottsdale,15252683,7094,47,-289
2026-07-29T00:15:41.915420+00:00,1785284127,11692,364 Langley Centre/Scottsdale,15252697,6473,40,-145
2026-07-29T00:15:41.915420+00:00,1785284127,11692,364 Langley Centre/Scottsdale,15252697,6474,41,-158
2026-07-29T00:15:41.915420+00:00,1785284127,11692,364 Langley Centre/Scottsdale,15252697,9306,42,-110
2026-07-29T00:15:41.915420+00:00,1785284127,11692,364 Langley Centre/Scottsdale,15252697,11125,43,-135
2026-07-29T00:15:41.915420+00:00,1785284127,11692,364 Langley Centre/Scottsdale,15252697,9294,44,-116
2026-07-29T00:15:41.915420+00:00,1785284127,11692,364 Langley Centre/Scottsdale,15252697,9293,45,-131
2026-07-29T00:15:41.915420+00:00,1785284127,11692,364 Langley Centre/Scottsdale,15252697,11126,46,-126
2026-07-29T00:15:41.915420+00:00,1785284127,11692,364 Langley Centre/Scottsdale,15252697,7094,47,-160
2026-07-29T00:15:41.915420+00:00,1785284127,11692,364 Langley Centre/Scottsdale,15252698,5244,1,0
2026-07-29T00:15:41.915420+00:00,1785284127,11692,364 Langley Centre/Scottsdale,15252698,6464,12,-1230
2026-07-29T00:15:41.915420+00:00,1785284127,11692,364 Langley Centre/Scottsdale,15252698,6465,13,-1263
2026-07-29T00:15:41.915420+00:00,1785284127,11692,364 Langley Centre/Scottsdale,15252698,11074,14,-1224
2026-07-29T00:15:41.915420+00:00,1785284127,11692,364 Langley Centre/Scottsdale,15252698,11153,15,-1262
2026-07-29T00:15:41.915420+00:00,1785284127,11692,364 Langley Centre/Scottsdale,15252698,11150,16,-1308
2026-07-29T00:15:41.915420+00:00,1785284127,11692,364 Langley Centre/Scottsdale,15252698,11148,17,-1332
2026-07-29T00:15:41.915420+00:00,1785284127,11692,364 Langley Centre/Scottsdale,15252698,11124,18,-1325
2026-07-29T00:15:41.915420+00:00,1785284127,11692,364 Langley Centre/Scottsdale,15252698,11140,19,-1371
2026-07-29T00:15:41.915420+00:00,1785284127,11692,364 Langley Centre/Scottsdale,15252698,11145,20,-1381
2026-07-29T00:15:41.915420+00:00,1785284127,11692,364 Langley Centre/Scottsdale,15252698,11076,21,0
2026-07-29T00:15:41.915420+00:00,1785284127,11692,364 Langley Centre/Scottsdale,15252698,12645,22,-211
2026-07-29T00:15:41.915420+00:00,1785284127,11692,364 Langley Centre/Scottsdale,15252698,9525,23,-209
2026-07-29T00:15:41.915420+00:00,1785284127,11692,364 Langley Centre/Scottsdale,15252698,10148,24,-182
2026-07-29T00:15:41.915420+00:00,1785284127,11692,364 Langley Centre/Scottsdale,15252698,10585,25,-204
2026-07-29T00:15:41.915420+00:00,1785284127,11692,364 Langley Centre/Scottsdale,15252698,10250,26,-210
2026-07-29T00:15:41.915420+00:00,1785284127,11692,364 Langley Centre/Scottsdale,15252698,10588,27,-218
2026-07-29T00:15:41.915420+00:00,1785284127,11692,364 Langley Centre/Scottsdale,15252698,10248,28,-158
2026-07-29T00:15:41.915420+00:00,1785284127,11692,364 Langley Centre/Scottsdale,15252698,10726,29,-161
2026-07-29T00:15:41.915420+00:00,1785284127,11692,364 Langley Centre/Scottsdale,15252698,10725,30,-175
2026-07-29T00:15:41.915420+00:00,1785284127,11692,364 Langley Centre/Scottsdale,15252698,10727,31,-191
2026-07-29T00:15:41.915420+00:00,1785284127,11692,364 Langley Centre/Scottsdale,15252698,10251,32,-200
2026-07-29T00:15:41.915420+00:00,1785284127,11692,364 Langley Centre/Scottsdale,15252698,10252,33,-225
2026-07-29T00:15:41.915420+00:00,1785284127,11692,364 Langley Centre/Scottsdale,15252698,10253,34,-235
2026-07-29T00:15:41.915420+00:00,1785284127,11692,364 Langley Centre/Scottsdale,15252698,10255,35,-254
2026-07-29T00:15:41.915420+00:00,1785284127,11692,364 Langley Centre/Scottsdale,15252698,5332,36,-223
2026-07-29T00:15:41.915420+00:00,1785284127,11692,364 Langley Centre/Scottsdale,15252698,12497,37,-251
2026-07-29T00:15:41.915420+00:00,1785284127,11692,364 Langley Centre/Scottsdale,15252698,5334,38,-251
2026-07-29T00:15:41.915420+00:00,1785284127,11692,364 Langley Centre/Scottsdale,15252698,6472,39,-243
2026-07-29T00:15:41.915420+00:00,1785284127,11692,364 Langley Centre/Scottsdale,15252698,6473,40,-248
2026-07-29T00:15:41.915420+00:00,1785284127,11692,364 Langley Centre/Scottsdale,15252698,6474,41,-255
2026-07-29T00:15:41.915420+00:00,1785284127,11692,364 Langley Centre/Scottsdale,15252698,9306,42,-204
2026-07-29T00:15:41.915420+00:00,1785284127,11692,364 Langley Centre/Scottsdale,15252698,11125,43,-203
2026-07-29T00:15:41.915420+00:00,1785284127,11692,364 Langley Centre/Scottsdale,15252698,9294,44,-191
2026-07-29T00:15:41.915420+00:00,1785284127,11692,364 Langley Centre/Scottsdale,15252698,9293,45,-200
2026-07-29T00:15:41.915420+00:00,1785284127,11692,364 Langley Centre/Scottsdale,15252698,11126,46,-192
2026-07-29T00:15:41.915420+00:00,1785284127,11692,364 Langley Centre/Scottsdale,15252698,7094,47,-225
2026-07-29T00:15:41.915420+00:00,1785284127,11692,364 Langley Centre/Scottsdale,15252700,11124,18,-54
2026-07-29T00:15:41.915420+00:00,1785284127,11692,364 Langley Centre/Scottsdale,15252700,11140,19,-101
2026-07-29T00:15:41.915420+00:00,1785284127,11692,364 Langley Centre/Scottsdale,15252700,11145,20,-113
2026-07-29T00:15:41.915420+00:00,1785284127,11692,364 Langley Centre/Scottsdale,15252700,11076,21,0
2026-07-29T00:15:41.915420+00:00,1785284127,11692,364 Langley Centre/Scottsdale,15252700,12645,22,-235
2026-07-29T00:15:41.915420+00:00,1785284127,11692,364 Langley Centre/Scottsdale,15252700,9525,23,-234
2026-07-29T00:15:41.915420+00:00,1785284127,11692,364 Langley Centre/Scottsdale,15252700,10148,24,-211
2026-07-29T00:15:41.915420+00:00,1785284127,11692,364 Langley Centre/Scottsdale,15252700,10585,25,-236
2026-07-29T00:15:41.915420+00:00,1785284127,11692,364 Langley Centre/Scottsdale,15252700,10250,26,-246
2026-07-29T00:15:41.915420+00:00,1785284127,11692,364 Langley Centre/Scottsdale,15252700,10588,27,-257
2026-07-29T00:15:41.915420+00:00,1785284127,11692,364 Langley Centre/Scottsdale,15252700,10248,28,-201
2026-07-29T00:15:41.915420+00:00,1785284127,11692,364 Langley Centre/Scottsdale,15252700,10726,29,-198
2026-07-29T00:15:41.915420+00:00,1785284127,11692,364 Langley Centre/Scottsdale,15252700,10725,30,-212
2026-07-29T00:15:41.915420+00:00,1785284127,11692,364 Langley Centre/Scottsdale,15252700,10727,31,-231
2026-07-29T00:15:41.915420+00:00,1785284127,11692,364 Langley Centre/Scottsdale,15252700,10251,32,-242
2026-07-29T00:15:41.915420+00:00,1785284127,11692,364 Langley Centre/Scottsdale,15252700,10252,33,-268
2026-07-29T00:15:41.915420+00:00,1785284127,11692,364 Langley Centre/Scottsdale,15252700,10253,34,-279
2026-07-29T00:15:41.915420+00:00,1785284127,11692,364 Langley Centre/Scottsdale,15252700,10255,35,-301
2026-07-29T00:15:41.915420+00:00,1785284127,11692,364 Langley Centre/Scottsdale,15252700,5332,36,-233
2026-07-29T00:15:41.915420+00:00,1785284127,11692,364 Langley Centre/Scottsdale,15252700,12497,37,-263
2026-07-29T00:15:41.915420+00:00,1785284127,11692,364 Langley Centre/Scottsdale,15252700,5334,38,-273
2026-07-29T00:15:41.915420+00:00,1785284127,11692,364 Langley Centre/Scottsdale,15252700,6472,39,-266
2026-07-29T00:15:41.915420+00:00,1785284127,11692,364 Langley Centre/Scottsdale,15252700,6473,40,-270
2026-07-29T00:15:41.915420+00:00,1785284127,11692,364 Langley Centre/Scottsdale,15252700,6474,41,-279
2026-07-29T00:15:41.915420+00:00,1785284127,11692,364 Langley Centre/Scottsdale,15252700,9306,42,-227
2026-07-29T00:15:41.915420+00:00,1785284127,11692,364 Langley Centre/Scottsdale,15252700,11125,43,-224
2026-07-29T00:15:41.915420+00:00,1785284127,11692,364 Langley Centre/Scottsdale,15252700,9294,44,-223
2026-07-29T00:15:41.915420+00:00,1785284127,11692,364 Langley Centre/Scottsdale,15252700,9293,45,-236
2026-07-29T00:15:41.915420+00:00,1785284127,11692,364 Langley Centre/Scottsdale,15252700,11126,46,-225
2026-07-29T00:15:41.915420+00:00,1785284127,11692,364 Langley Centre/Scottsdale,15252700,7094,47,-239
2026-07-29T00:15:41.915420+00:00,1785284127,11692,364 Langley Centre/Scottsdale,15252714,11264,6,-23
2026-07-29T00:15:41.915420+00:00,1785284127,11692,364 Langley Centre/Scottsdale,15252714,9303,7,-31
2026-07-29T00:15:41.915420+00:00,1785284127,11692,364 Langley Centre/Scottsdale,15252714,9304,8,-46
2026-07-29T00:15:41.915420+00:00,1785284127,11692,364 Langley Centre/Scottsdale,15252714,6475,9,-21
2026-07-29T00:15:41.915420+00:00,1785284127,11692,364 Langley Centre/Scottsdale,15252714,6476,10,-54
2026-07-29T00:15:41.915420+00:00,1785284127,11692,364 Langley Centre/Scottsdale,15252714,5381,11,-73
2026-07-29T00:15:41.915420+00:00,1785284127,11692,364 Langley Centre/Scottsdale,15252714,12496,12,-86
2026-07-29T00:15:41.915420+00:00,1785284127,11692,364 Langley Centre/Scottsdale,15252714,5382,13,-112
2026-07-29T00:15:41.915420+00:00,1785284127,11692,364 Langley Centre/Scottsdale,15252714,12516,14,66
2026-07-29T00:15:41.915420+00:00,1785284127,11692,364 Langley Centre/Scottsdale,15252714,10257,15,15
2026-07-29T00:15:41.915420+00:00,1785284127,11692,364 Langley Centre/Scottsdale,15252714,10258,16,-10
2026-07-29T00:15:41.915420+00:00,1785284127,11692,364 Langley Centre/Scottsdale,15252714,10259,17,-65
2026-07-29T00:15:41.915420+00:00,1785284127,11692,364 Langley Centre/Scottsdale,15252714,10260,18,0
2026-07-29T00:15:41.915420+00:00,1785284127,11692,364 Langley Centre/Scottsdale,15252714,10729,19,-53
2026-07-29T00:15:41.915420+00:00,1785284127,11692,364 Langley Centre/Scottsdale,15252714,13067,20,-78
2026-07-29T00:15:41.915420+00:00,1785284127,11692,364 Langley Centre/Scottsdale,15252714,10633,21,-98
2026-07-29T00:15:41.915420+00:00,1785284127,11692,364 Langley Centre/Scottsdale,15252714,10149,22,-2
2026-07-29T00:15:41.915420+00:00,1785284127,11692,364 Langley Centre/Scottsdale,15252714,10587,23,-25
2026-07-29T00:15:41.915420+00:00,1785284127,11692,364 Langley Centre/Scottsdale,15252714,10261,24,-66
2026-07-29T00:15:41.915420+00:00,1785284127,11692,364 Langley Centre/Scottsdale,15252714,10586,25,-107
2026-07-29T00:15:41.915420+00:00,1785284127,11692,364 Langley Centre/Scottsdale,15252714,9547,26,-83
2026-07-29T00:15:41.915420+00:00,1785284127,11692,364 Langley Centre/Scottsdale,15252714,9526,27,-117
2026-07-29T00:15:41.915420+00:00,1785284127,11692,364 Langley Centre/Scottsdale,15252714,12646,28,-134
2026-07-29T00:15:41.915420+00:00,1785284127,11692,364 Langley Centre/Scottsdale,15252714,11075,29,-225
2026-07-29T00:15:41.915420+00:00,1785284127,11692,364 Langley Centre/Scottsdale,15252714,11174,30,-256
2026-07-29T00:15:41.915420+00:00,1785284127,11692,364 Langley Centre/Scottsdale,15252714,11175,31,-292
2026-07-29T00:15:41.915420+00:00,1785284127,11692,364 Langley Centre/Scottsdale,15252714,11123,32,-249
2026-07-29T00:15:41.915420+00:00,1785284127,11692,364 Langley Centre/Scottsdale,15252714,11176,33,-258
2026-07-29T00:15:41.915420+00:00,1785284127,11692,364 Langley Centre/Scottsdale,15252714,11177,34,-289
2026-07-29T00:15:41.915420+00:00,1785284127,11692,364 Langley Centre/Scottsdale,15252714,11178,35,-322
2026-07-29T00:15:41.915420+00:00,1785284127,11692,364 Langley Centre/Scottsdale,15252714,6459,36,-235
2026-07-29T00:15:41.915420+00:00,1785284127,11692,364 Langley Centre/Scottsdale,15252714,6460,37,-243
2026-07-29T00:15:41.915420+00:00,1785284127,11692,364 Langley Centre/Scottsdale,15252714,5621,38,-246
2026-07-29T00:15:41.915420+00:00,1785284127,11692,364 Langley Centre/Scottsdale,15252714,5622,39,-274
2026-07-29T00:15:41.915420+00:00,1785284127,11692,364 Langley Centre/Scottsdale,15252714,11122,40,-263
2026-07-29T00:15:41.915420+00:00,1785284127,11692,364 Langley Centre/Scottsdale,15252714,11155,41,-281
2026-07-29T00:15:41.915420+00:00,1785284127,11692,364 Langley Centre/Scottsdale,15252714,11143,42,-294
2026-07-29T00:15:41.915420+00:00,1785284127,11692,364 Langley Centre/Scottsdale,15252714,11141,43,-331
2026-07-29T00:15:41.915420+00:00,1785284127,11692,364 Langley Centre/Scottsdale,15252714,4936,44,-323
2026-07-29T00:15:41.915420+00:00,1785284127,11692,364 Langley Centre/Scottsdale,15252714,4937,45,-341
2026-07-29T00:15:41.915420+00:00,1785284127,11692,364 Langley Centre/Scottsdale,15252714,4938,46,-366
2026-07-29T00:15:41.915420+00:00,1785284127,11692,364 Langley Centre/Scottsdale,15252714,5229,47,-366
2026-07-29T00:15:41.915420+00:00,1785284127,11692,364 Langley Centre/Scottsdale,15252714,4917,48,-321
2026-07-29T00:15:41.915420+00:00,1785284127,11692,364 Langley Centre/Scottsdale,15252715,9526,27,82
2026-07-29T00:15:41.915420+00:00,1785284127,11692,364 Langley Centre/Scottsdale,15252715,12646,28,65
2026-07-29T00:15:41.915420+00:00,1785284127,11692,364 Langley Centre/Scottsdale,15252715,11075,29,-25
2026-07-29T00:15:41.915420+00:00,1785284127,11692,364 Langley Centre/Scottsdale,15252715,11174,30,-55
2026-07-29T00:15:41.915420+00:00,1785284127,11692,364 Langley Centre/Scottsdale,15252715,11175,31,-90
2026-07-29T00:15:41.915420+00:00,1785284127,11692,364 Langley Centre/Scottsdale,15252715,11123,32,-45
2026-07-29T00:15:41.915420+00:00,1785284127,11692,364 Langley Centre/Scottsdale,15252715,11176,33,-49
2026-07-29T00:15:41.915420+00:00,1785284127,11692,364 Langley Centre/Scottsdale,15252715,11177,34,-80
2026-07-29T00:15:41.915420+00:00,1785284127,11692,364 Langley Centre/Scottsdale,15252715,11178,35,-114
2026-07-29T00:15:41.915420+00:00,1785284127,11692,364 Langley Centre/Scottsdale,15252715,6459,36,-29
2026-07-29T00:15:41.915420+00:00,1785284127,11692,364 Langley Centre/Scottsdale,15252715,6460,37,-42
2026-07-29T00:15:41.915420+00:00,1785284127,11692,364 Langley Centre/Scottsdale,15252715,5621,38,-43
2026-07-29T00:15:41.915420+00:00,1785284127,11692,364 Langley Centre/Scottsdale,15252715,5622,39,-71
2026-07-29T00:15:41.915420+00:00,1785284127,11692,364 Langley Centre/Scottsdale,15252715,11122,40,-40
2026-07-29T00:15:41.915420+00:00,1785284127,11692,364 Langley Centre/Scottsdale,15252715,11155,41,-61
2026-07-29T00:15:41.915420+00:00,1785284127,11692,364 Langley Centre/Scottsdale,15252715,11143,42,-73
2026-07-29T00:15:41.915420+00:00,1785284127,11692,364 Langley Centre/Scottsdale,15252715,11141,43,-110
2026-07-29T00:15:41.915420+00:00,1785284127,11692,364 Langley Centre/Scottsdale,15252715,4936,44,-100
2026-07-29T00:15:41.915420+00:00,1785284127,11692,364 Langley Centre/Scottsdale,15252715,4937,45,-125
2026-07-29T00:15:41.915420+00:00,1785284127,11692,364 Langley Centre/Scottsdale,15252715,4938,46,-153
2026-07-29T00:15:41.915420+00:00,1785284127,11692,364 Langley Centre/Scottsdale,15252715,5229,47,-155
2026-07-29T00:15:41.915420+00:00,1785284127,11692,364 Langley Centre/Scottsdale,15252715,4917,48,-97
2026-07-29T00:15:41.915420+00:00,1785284127,11692,364 Langley Centre/Scottsdale,15252736,4937,45,-47
2026-07-29T00:15:41.915420+00:00,1785284127,11692,364 Langley Centre/Scottsdale,15252736,4938,46,-79
2026-07-29T00:15:41.915420+00:00,1785284127,11692,364 Langley Centre/Scottsdale,15252736,5229,47,-83
2026-07-29T00:15:41.915420+00:00,1785284127,11692,364 Langley Centre/Scottsdale,15252736,4917,48,-29
2026-07-29T00:15:41.915420+00:00,1785284127,11692,364 Langley Centre/Scottsdale,15252751,11175,31,149
2026-07-29T00:15:41.915420+00:00,1785284127,11692,364 Langley Centre/Scottsdale,15252751,11123,32,188
2026-07-29T00:15:41.915420+00:00,1785284127,11692,364 Langley Centre/Scottsdale,15252751,11176,33,181
2026-07-29T00:15:41.915420+00:00,1785284127,11692,364 Langley Centre/Scottsdale,15252751,11177,34,146
2026-07-29T00:15:41.915420+00:00,1785284127,11692,364 Langley Centre/Scottsdale,15252751,11178,35,109
2026-07-29T00:15:41.915420+00:00,1785284127,11692,364 Langley Centre/Scottsdale,15252751,6459,36,191
2026-07-29T00:15:41.915420+00:00,1785284127,11692,364 Langley Centre/Scottsdale,15252751,6460,37,175
2026-07-29T00:15:41.915420+00:00,1785284127,11692,364 Langley Centre/Scottsdale,15252751,5621,38,170
2026-07-29T00:15:41.915420+00:00,1785284127,11692,364 Langley Centre/Scottsdale,15252751,5622,39,138
2026-07-29T00:15:41.915420+00:00,1785284127,11692,364 Langley Centre/Scottsdale,15252751,11122,40,165
2026-07-29T00:15:41.915420+00:00,1785284127,11692,364 Langley Centre/Scottsdale,15252751,11155,41,140
2026-07-29T00:15:41.915420+00:00,1785284127,11692,364 Langley Centre/Scottsdale,15252751,11143,42,124
2026-07-29T00:15:41.915420+00:00,1785284127,11692,364 Langley Centre/Scottsdale,15252751,11141,43,84
2026-07-29T00:15:41.915420+00:00,1785284127,11692,364 Langley Centre/Scottsdale,15252751,4936,44,90
2026-07-29T00:15:41.915420+00:00,1785284127,11692,364 Langley Centre/Scottsdale,15252751,4937,45,62
2026-07-29T00:15:41.915420+00:00,1785284127,11692,364 Langley Centre/Scottsdale,15252751,4938,46,31
2026-07-29T00:15:41.915420+00:00,1785284127,11692,364 Langley Centre/Scottsdale,15252751,5229,47,23
2026-07-29T00:15:41.915420+00:00,1785284127,11692,364 Langley Centre/Scottsdale,15252751,4917,48,77
2026-07-29T00:15:41.915420+00:00,1785284127,11692,364 Langley Centre/Scottsdale,15252752,10260,18,0
2026-07-29T00:15:41.915420+00:00,1785284127,11692,364 Langley Centre/Scottsdale,15252752,10729,19,-53
2026-07-29T00:15:41.915420+00:00,1785284127,11692,364 Langley Centre/Scottsdale,15252752,13067,20,-78
2026-07-29T00:15:41.915420+00:00,1785284127,11692,364 Langley Centre/Scottsdale,15252752,10633,21,-99
2026-07-29T00:15:41.915420+00:00,1785284127,11692,364 Langley Centre/Scottsdale,15252752,10149,22,-3
2026-07-29T00:15:41.915420+00:00,1785284127,11692,364 Langley Centre/Scottsdale,15252752,10587,23,-26
2026-07-29T00:15:41.915420+00:00,1785284127,11692,364 Langley Centre/Scottsdale,15252752,10261,24,-67
2026-07-29T00:15:41.915420+00:00,1785284127,11692,364 Langley Centre/Scottsdale,15252752,10586,25,-108
2026-07-29T00:15:41.915420+00:00,1785284127,11692,364 Langley Centre/Scottsdale,15252752,9547,26,-84
2026-07-29T00:15:41.915420+00:00,1785284127,11692,364 Langley Centre/Scottsdale,15252752,9526,27,-118
2026-07-29T00:15:41.915420+00:00,1785284127,11692,364 Langley Centre/Scottsdale,15252752,12646,28,-135
2026-07-29T00:15:41.915420+00:00,1785284127,11692,364 Langley Centre/Scottsdale,15252752,11075,29,-226
2026-07-29T00:15:41.915420+00:00,1785284127,11692,364 Langley Centre/Scottsdale,15252752,11174,30,-256
2026-07-29T00:15:41.915420+00:00,1785284127,11692,364 Langley Centre/Scottsdale,15252752,11175,31,-290
2026-07-29T00:15:41.915420+00:00,1785284127,11692,364 Langley Centre/Scottsdale,15252752,11123,32,-247
2026-07-29T00:15:41.915420+00:00,1785284127,11692,364 Langley Centre/Scottsdale,15252752,11176,33,-254
2026-07-29T00:15:41.915420+00:00,1785284127,11692,364 Langley Centre/Scottsdale,15252752,11177,34,-285
2026-07-29T00:15:41.915420+00:00,1785284127,11692,364 Langley Centre/Scottsdale,15252752,11178,35,-319
2026-07-29T00:15:41.915420+00:00,1785284127,11692,364 Langley Centre/Scottsdale,15252752,6459,36,-234
2026-07-29T00:15:41.915420+00:00,1785284127,11692,364 Langley Centre/Scottsdale,15252752,6460,37,-246
2026-07-29T00:15:41.915420+00:00,1785284127,11692,364 Langley Centre/Scottsdale,15252752,5621,38,-247
2026-07-29T00:15:41.915420+00:00,1785284127,11692,364 Langley Centre/Scottsdale,15252752,5622,39,-275
2026-07-29T00:15:41.915420+00:00,1785284127,11692,364 Langley Centre/Scottsdale,15252752,11122,40,-244
2026-07-29T00:15:41.915420+00:00,1785284127,11692,364 Langley Centre/Scottsdale,15252752,11155,41,-264
2026-07-29T00:15:41.915420+00:00,1785284127,11692,364 Langley Centre/Scottsdale,15252752,11143,42,-276
2026-07-29T00:15:41.915420+00:00,1785284127,11692,364 Langley Centre/Scottsdale,15252752,11141,43,-313
2026-07-29T00:15:41.915420+00:00,1785284127,11692,364 Langley Centre/Scottsdale,15252752,4936,44,-303
2026-07-29T00:15:41.915420+00:00,1785284127,11692,364 Langley Centre/Scottsdale,15252752,4937,45,-329
2026-07-29T00:15:41.915420+00:00,1785284127,11692,364 Langley Centre/Scottsdale,15252752,4938,46,-359
2026-07-29T00:15:41.915420+00:00,1785284127,11692,364 Langley Centre/Scottsdale,15252752,5229,47,-361
2026-07-29T00:15:41.915420+00:00,1785284127,11692,364 Langley Centre/Scottsdale,15252752,4917,48,-303
2026-07-29T00:15:41.915420+00:00,1785284127,18705,531 WhiteRock/WillowBrook,15259155,5341,42,-109
2026-07-29T00:15:41.915420+00:00,1785284127,18705,531 WhiteRock/WillowBrook,15259155,5342,43,-110
2026-07-29T00:15:41.915420+00:00,1785284127,18705,531 WhiteRock/WillowBrook,15259155,12293,44,-93
2026-07-29T00:15:41.915420+00:00,1785284127,18705,531 WhiteRock/WillowBrook,15259155,12173,45,-29
2026-07-29T00:15:41.915420+00:00,1785284127,18705,531 WhiteRock/WillowBrook,15259155,9291,46,-56
2026-07-29T00:15:41.915420+00:00,1785284127,18705,531 WhiteRock/WillowBrook,15259155,9292,47,-62
2026-07-29T00:15:41.915420+00:00,1785284127,18705,531 WhiteRock/WillowBrook,15259155,11264,48,-37
2026-07-29T00:15:41.915420+00:00,1785284127,18705,531 WhiteRock/WillowBrook,15259155,9303,49,-33
2026-07-29T00:15:41.915420+00:00,1785284127,18705,531 WhiteRock/WillowBrook,15259155,9304,50,-38
2026-07-29T00:15:41.915420+00:00,1785284127,18705,531 WhiteRock/WillowBrook,15259155,6475,51,7
2026-07-29T00:15:41.915420+00:00,1785284127,18705,531 WhiteRock/WillowBrook,15259155,6476,52,-1
2026-07-29T00:15:41.915420+00:00,1785284127,18705,531 WhiteRock/WillowBrook,15259155,5335,53,3
2026-07-29T00:15:41.915420+00:00,1785284127,18705,531 WhiteRock/WillowBrook,15259155,7100,54,33
2026-07-29T00:15:41.915420+00:00,1785284127,18705,531 WhiteRock/WillowBrook,15259174,13013,1,0
2026-07-29T00:15:41.915420+00:00,1785284127,18705,531 WhiteRock/WillowBrook,15259174,5437,2,0
2026-07-29T00:15:41.915420+00:00,1785284127,18705,531 WhiteRock/WillowBrook,15259174,5438,3,0
2026-07-29T00:15:41.915420+00:00,1785284127,18705,531 WhiteRock/WillowBrook,15259174,5439,4,0
2026-07-29T00:15:41.915420+00:00,1785284127,18705,531 WhiteRock/WillowBrook,15259174,5440,5,0
2026-07-29T00:15:41.915420+00:00,1785284127,18705,531 WhiteRock/WillowBrook,15259174,11755,6,0
2026-07-29T00:15:41.915420+00:00,1785284127,18705,531 WhiteRock/WillowBrook,15259174,11734,7,0
2026-07-29T00:15:41.915420+00:00,1785284127,18705,531 WhiteRock/WillowBrook,15259174,10856,8,0
2026-07-29T00:15:41.915420+00:00,1785284127,18705,531 WhiteRock/WillowBrook,15259174,11583,9,0
2026-07-29T00:15:41.915420+00:00,1785284127,18705,531 WhiteRock/WillowBrook,15259174,11574,10,0
2026-07-29T00:15:41.915420+00:00,1785284127,18705,531 WhiteRock/WillowBrook,15259174,11736,11,0
2026-07-29T00:15:41.915420+00:00,1785284127,18705,531 WhiteRock/WillowBrook,15259174,12379,12,0
2026-07-29T00:15:41.915420+00:00,1785284127,18705,531 WhiteRock/WillowBrook,15259174,11738,13,0
2026-07-29T00:15:41.915420+00:00,1785284127,18705,531 WhiteRock/WillowBrook,15259174,11743,14,0
2026-07-29T00:15:41.915420+00:00,1785284127,18705,531 WhiteRock/WillowBrook,15259174,12306,15,0
2026-07-29T00:15:41.915420+00:00,1785284127,18705,531 WhiteRock/WillowBrook,15259174,12218,16,0
2026-07-29T00:15:41.915420+00:00,1785284127,18705,531 WhiteRock/WillowBrook,15259174,11924,17,0
2026-07-29T00:15:41.915420+00:00,1785284127,18705,531 WhiteRock/WillowBrook,15259174,13131,18,0
2026-07-29T00:15:41.915420+00:00,1785284127,18705,531 WhiteRock/WillowBrook,15259174,11923,19,0
2026-07-29T00:15:41.915420+00:00,1785284127,18705,531 WhiteRock/WillowBrook,15259174,12597,20,0
2026-07-29T00:15:41.915420+00:00,1785284127,18705,531 WhiteRock/WillowBrook,15259174,11922,21,0
2026-07-29T00:15:41.915420+00:00,1785284127,18705,531 WhiteRock/WillowBrook,15259174,11744,22,0
2026-07-29T00:15:41.915420+00:00,1785284127,18705,531 WhiteRock/WillowBrook,15259174,11839,23,0
2026-07-29T00:15:41.915420+00:00,1785284127,18705,531 WhiteRock/WillowBrook,15259174,12922,24,0
2026-07-29T00:15:41.915420+00:00,1785284127,18705,531 WhiteRock/WillowBrook,15259174,12923,25,0
2026-07-29T00:15:41.915420+00:00,1785284127,18705,531 WhiteRock/WillowBrook,15259174,12925,26,0
2026-07-29T00:15:41.915420+00:00,1785284127,18705,531 WhiteRock/WillowBrook,15259174,12928,27,0
2026-07-29T00:15:41.915420+00:00,1785284127,18705,531 WhiteRock/WillowBrook,15259174,12930,28,0
2026-07-29T00:15:41.915420+00:00,1785284127,18705,531 WhiteRock/WillowBrook,15259174,13042,29,0
2026-07-29T00:15:41.915420+00:00,1785284127,18705,531 WhiteRock/WillowBrook,15259174,8936,30,0
2026-07-29T00:15:41.915420+00:00,1785284127,18705,531 WhiteRock/WillowBrook,15259174,9030,31,0
2026-07-29T00:15:41.915420+00:00,1785284127,18705,531 WhiteRock/WillowBrook,15259174,8937,32,0
2026-07-29T00:15:41.915420+00:00,1785284127,18705,531 WhiteRock/WillowBrook,15259174,8938,33,0
2026-07-29T00:15:41.915420+00:00,1785284127,18705,531 WhiteRock/WillowBrook,15259174,7081,34,0
2026-07-29T00:15:41.915420+00:00,1785284127,18705,531 WhiteRock/WillowBrook,15259174,7082,35,0
2026-07-29T00:15:41.915420+00:00,1785284127,18705,531 WhiteRock/WillowBrook,15259174,7083,36,0
2026-07-29T00:15:41.915420+00:00,1785284127,18705,531 WhiteRock/WillowBrook,15259174,7084,37,0
2026-07-29T00:15:41.915420+00:00,1785284127,18705,531 WhiteRock/WillowBrook,15259174,7085,38,0
2026-07-29T00:15:41.915420+00:00,1785284127,18705,531 WhiteRock/WillowBrook,15259174,8939,39,0
2026-07-29T00:15:41.915420+00:00,1785284127,18705,531 WhiteRock/WillowBrook,15259174,7086,40,0
2026-07-29T00:15:41.915420+00:00,1785284127,18705,531 WhiteRock/WillowBrook,15259174,8940,41,0
2026-07-29T00:15:41.915420+00:00,1785284127,18705,531 WhiteRock/WillowBrook,15259174,5341,42,0
2026-07-29T00:15:41.915420+00:00,1785284127,18705,531 WhiteRock/WillowBrook,15259174,5342,43,0
2026-07-29T00:15:41.915420+00:00,1785284127,18705,531 WhiteRock/WillowBrook,15259174,12293,44,0
2026-07-29T00:15:41.915420+00:00,1785284127,18705,531 WhiteRock/WillowBrook,15259174,12173,45,0
2026-07-29T00:15:41.915420+00:00,1785284127,18705,531 WhiteRock/WillowBrook,15259174,9291,46,0
2026-07-29T00:15:41.915420+00:00,1785284127,18705,531 WhiteRock/WillowBrook,15259174,9292,47,0
2026-07-29T00:15:41.915420+00:00,1785284127,18705,531 WhiteRock/WillowBrook,15259174,11264,48,0
2026-07-29T00:15:41.915420+00:00,1785284127,18705,531 WhiteRock/WillowBrook,15259174,9303,49,0
2026-07-29T00:15:41.915420+00:00,1785284127,18705,531 WhiteRock/WillowBrook,15259174,9304,50,0
2026-07-29T00:15:41.915420+00:00,1785284127,18705,531 WhiteRock/WillowBrook,15259174,6475,51,0
2026-07-29T00:15:41.915420+00:00,1785284127,18705,531 WhiteRock/WillowBrook,15259174,6476,52,0
2026-07-29T00:15:41.915420+00:00,1785284127,18705,531 WhiteRock/WillowBrook,15259174,5335,53,0
2026-07-29T00:15:41.915420+00:00,1785284127,18705,531 WhiteRock/WillowBrook,15259174,7100,54,0
2026-07-29T00:15:41.915420+00:00,1785284127,18705,531 WhiteRock/WillowBrook,15259176,12923,25,-320
2026-07-29T00:15:41.915420+00:00,1785284127,18705,531 WhiteRock/WillowBrook,15259176,12925,26,-319
2026-07-29T00:15:41.915420+00:00,1785284127,18705,531 WhiteRock/WillowBrook,15259176,12928,27,-346
2026-07-29T00:15:41.915420+00:00,1785284127,18705,531 WhiteRock/WillowBrook,15259176,12930,28,-370
2026-07-29T00:15:41.915420+00:00,1785284127,18705,531 WhiteRock/WillowBrook,15259176,13042,29,-385
2026-07-29T00:15:41.915420+00:00,1785284127,18705,531 WhiteRock/WillowBrook,15259176,8936,30,-374
2026-07-29T00:15:41.915420+00:00,1785284127,18705,531 WhiteRock/WillowBrook,15259176,9030,31,-387
2026-07-29T00:15:41.915420+00:00,1785284127,18705,531 WhiteRock/WillowBrook,15259176,8937,32,-408
2026-07-29T00:15:41.915420+00:00,1785284127,18705,531 WhiteRock/WillowBrook,15259176,8938,33,-407
2026-07-29T00:15:41.915420+00:00,1785284127,18705,531 WhiteRock/WillowBrook,15259176,7081,34,-413
2026-07-29T00:15:41.915420+00:00,1785284127,18705,531 WhiteRock/WillowBrook,15259176,7082,35,-421
2026-07-29T00:15:41.915420+00:00,1785284127,18705,531 WhiteRock/WillowBrook,15259176,7083,36,-450
2026-07-29T00:15:41.915420+00:00,1785284127,18705,531 WhiteRock/WillowBrook,15259176,7084,37,-469
2026-07-29T00:15:41.915420+00:00,1785284127,18705,531 WhiteRock/WillowBrook,15259176,7085,38,-504
2026-07-29T00:15:41.915420+00:00,1785284127,18705,531 WhiteRock/WillowBrook,15259176,8939,39,-515
2026-07-29T00:15:41.915420+00:00,1785284127,18705,531 WhiteRock/WillowBrook,15259176,7086,40,-526
2026-07-29T00:15:41.915420+00:00,1785284127,18705,531 WhiteRock/WillowBrook,15259176,8940,41,-551
2026-07-29T00:15:41.915420+00:00,1785284127,18705,531 WhiteRock/WillowBrook,15259176,5341,42,-561
2026-07-29T00:15:41.915420+00:00,1785284127,18705,531 WhiteRock/WillowBrook,15259176,5342,43,-561
2026-07-29T00:15:41.915420+00:00,1785284127,18705,531 WhiteRock/WillowBrook,15259176,12293,44,-542
2026-07-29T00:15:41.915420+00:00,1785284127,18705,531 WhiteRock/WillowBrook,15259176,12173,45,-477
2026-07-29T00:15:41.915420+00:00,1785284127,18705,531 WhiteRock/WillowBrook,15259176,9291,46,-504
2026-07-29T00:15:41.915420+00:00,1785284127,18705,531 WhiteRock/WillowBrook,15259176,9292,47,-510
2026-07-29T00:15:41.915420+00:00,1785284127,18705,531 WhiteRock/WillowBrook,15259176,11264,48,-480
2026-07-29T00:15:41.915420+00:00,1785284127,18705,531 WhiteRock/WillowBrook,15259176,9303,49,-473
2026-07-29T00:15:41.915420+00:00,1785284127,18705,531 WhiteRock/WillowBrook,15259176,9304,50,-477
2026-07-29T00:15:41.915420+00:00,1785284127,18705,531 WhiteRock/WillowBrook,15259176,6475,51,-434
2026-07-29T00:15:41.915420+00:00,1785284127,18705,531 WhiteRock/WillowBrook,15259176,6476,52,-438
2026-07-29T00:15:41.915420+00:00,1785284127,18705,531 WhiteRock/WillowBrook,15259176,5335,53,-432
2026-07-29T00:15:41.915420+00:00,1785284127,18705,531 WhiteRock/WillowBrook,15259176,7100,54,-397
2026-07-29T00:15:41.915420+00:00,1785284127,18705,531 WhiteRock/WillowBrook,15259208,12219,39,213
2026-07-29T00:15:41.915420+00:00,1785284127,18705,531 WhiteRock/WillowBrook,15259208,11741,40,65
2026-07-29T00:15:41.915420+00:00,1785284127,18705,531 WhiteRock/WillowBrook,15259208,11740,41,45
2026-07-29T00:15:41.915420+00:00,1785284127,18705,531 WhiteRock/WillowBrook,15259208,11739,42,94
2026-07-29T00:15:41.915420+00:00,1785284127,18705,531 WhiteRock/WillowBrook,15259208,11737,43,140
2026-07-29T00:15:41.915420+00:00,1785284127,18705,531 WhiteRock/WillowBrook,15259208,11757,44,110
2026-07-29T00:15:41.915420+00:00,1785284127,18705,531 WhiteRock/WillowBrook,15259208,11735,45,149
2026-07-29T00:15:41.915420+00:00,1785284127,18705,531 WhiteRock/WillowBrook,15259208,11756,46,156
2026-07-29T00:15:41.915420+00:00,1785284127,18705,531 WhiteRock/WillowBrook,15259208,5535,47,185
2026-07-29T00:15:41.915420+00:00,1785284127,18705,531 WhiteRock/WillowBrook,15259208,5536,48,161
2026-07-29T00:15:41.915420+00:00,1785284127,18705,531 WhiteRock/WillowBrook,15259208,5537,49,160
2026-07-29T00:15:41.915420+00:00,1785284127,18705,531 WhiteRock/WillowBrook,15259208,5538,50,153
2026-07-29T00:15:41.915420+00:00,1785284127,18705,531 WhiteRock/WillowBrook,15259208,5539,51,155
2026-07-29T00:15:41.915420+00:00,1785284127,18705,531 WhiteRock/WillowBrook,15259208,5540,52,151
2026-07-29T00:15:41.915420+00:00,1785284127,18705,531 WhiteRock/WillowBrook,15259209,12926,28,-73
2026-07-29T00:15:41.915420+00:00,1785284127,18705,531 WhiteRock/WillowBrook,15259209,12924,29,-92
2026-07-29T00:15:41.915420+00:00,1785284127,18705,531 WhiteRock/WillowBrook,15259209,11751,30,-85
2026-07-29T00:15:41.915420+00:00,1785284127,18705,531 WhiteRock/WillowBrook,15259209,11750,31,-125
2026-07-29T00:15:41.915420+00:00,1785284127,18705,531 WhiteRock/WillowBrook,15259209,11747,32,-153
2026-07-29T00:15:41.915420+00:00,1785284127,18705,531 WhiteRock/WillowBrook,15259209,11745,33,-156
2026-07-29T00:15:41.915420+00:00,1785284127,18705,531 WhiteRock/WillowBrook,15259209,13040,34,-164
2026-07-29T00:15:41.915420+00:00,1785284127,18705,531 WhiteRock/WillowBrook,15259209,12598,35,-190
2026-07-29T00:15:41.915420+00:00,1785284127,18705,531 WhiteRock/WillowBrook,15259209,11920,36,-249
2026-07-29T00:15:41.915420+00:00,1785284127,18705,531 WhiteRock/WillowBrook,15259209,13130,37,-287
2026-07-29T00:15:41.915420+00:00,1785284127,18705,531 WhiteRock/WillowBrook,15259209,11925,38,-325
2026-07-29T00:15:41.915420+00:00,1785284127,18705,531 WhiteRock/WillowBrook,15259209,12219,39,-353
2026-07-29T00:15:41.915420+00:00,1785284127,18705,531 WhiteRock/WillowBrook,15259209,11741,40,-500
2026-07-29T00:15:41.915420+00:00,1785284127,18705,531 WhiteRock/WillowBrook,15259209,11740,41,-520
2026-07-29T00:15:41.915420+00:00,1785284127,18705,531 WhiteRock/WillowBrook,15259209,11739,42,-472
2026-07-29T00:15:41.915420+00:00,1785284127,18705,531 WhiteRock/WillowBrook,15259209,11737,43,-427
2026-07-29T00:15:41.915420+00:00,1785284127,18705,531 WhiteRock/WillowBrook,15259209,11757,44,-457
2026-07-29T00:15:41.915420+00:00,1785284127,18705,531 WhiteRock/WillowBrook,15259209,11735,45,-418
2026-07-29T00:15:41.915420+00:00,1785284127,18705,531 WhiteRock/WillowBrook,15259209,11756,46,-411
2026-07-29T00:15:41.915420+00:00,1785284127,18705,531 WhiteRock/WillowBrook,15259209,5535,47,-378
2026-07-29T00:15:41.915420+00:00,1785284127,18705,531 WhiteRock/WillowBrook,15259209,5536,48,-404
2026-07-29T00:15:41.915420+00:00,1785284127,18705,531 WhiteRock/WillowBrook,15259209,5537,49,-404
2026-07-29T00:15:41.915420+00:00,1785284127,18705,531 WhiteRock/WillowBrook,15259209,5538,50,-411
2026-07-29T00:15:41.915420+00:00,1785284127,18705,531 WhiteRock/WillowBrook,15259209,5539,51,-405
2026-07-29T00:15:41.915420+00:00,1785284127,18705,531 WhiteRock/WillowBrook,15259209,5540,52,-397
2026-07-29T00:15:41.915420+00:00,1785284127,18705,531 WhiteRock/WillowBrook,15259222,7094,9,23
2026-07-29T00:15:41.915420+00:00,1785284127,18705,531 WhiteRock/WillowBrook,15259222,7166,10,5
2026-07-29T00:15:41.915420+00:00,1785284127,18705,531 WhiteRock/WillowBrook,15259222,7092,11,40
2026-07-29T00:15:41.915420+00:00,1785284127,18705,531 WhiteRock/WillowBrook,15259222,10747,12,57
2026-07-29T00:15:41.915420+00:00,1785284127,18705,531 WhiteRock/WillowBrook,15259222,5364,13,62
2026-07-29T00:15:41.915420+00:00,1785284127,18705,531 WhiteRock/WillowBrook,15259222,11775,14,88
2026-07-29T00:15:41.915420+00:00,1785284127,18705,531 WhiteRock/WillowBrook,15259222,7171,15,58
2026-07-29T00:15:41.915420+00:00,1785284127,18705,531 WhiteRock/WillowBrook,15259222,7172,16,20
2026-07-29T00:15:41.915420+00:00,1785284127,18705,531 WhiteRock/WillowBrook,15259222,7173,17,8
2026-07-29T00:15:41.915420+00:00,1785284127,18705,531 WhiteRock/WillowBrook,15259222,7174,18,-33
2026-07-29T00:15:41.915420+00:00,1785284127,18705,531 WhiteRock/WillowBrook,15259222,7175,19,-48
2026-07-29T00:15:41.915420+00:00,1785284127,18705,531 WhiteRock/WillowBrook,15259222,7176,20,-77
2026-07-29T00:15:41.915420+00:00,1785284127,18705,531 WhiteRock/WillowBrook,15259222,7177,21,-74
2026-07-29T00:15:41.915420+00:00,1785284127,18705,531 WhiteRock/WillowBrook,15259222,8948,22,-102
2026-07-29T00:15:41.915420+00:00,1785284127,18705,531 WhiteRock/WillowBrook,15259222,9031,23,-121
2026-07-29T00:15:41.915420+00:00,1785284127,18705,531 WhiteRock/WillowBrook,15259222,12931,24,-125
2026-07-29T00:15:41.915420+00:00,1785284127,18705,531 WhiteRock/WillowBrook,15259222,13041,25,-160
2026-07-29T00:15:41.915420+00:00,1785284127,18705,531 WhiteRock/WillowBrook,15259222,12929,26,-180
2026-07-29T00:15:41.915420+00:00,1785284127,18705,531 WhiteRock/WillowBrook,15259222,12927,27,-209
2026-07-29T00:15:41.915420+00:00,1785284127,18705,531 WhiteRock/WillowBrook,15259222,12926,28,-211
2026-07-29T00:15:41.915420+00:00,1785284127,18705,531 WhiteRock/WillowBrook,15259222,12924,29,-234
2026-07-29T00:15:41.915420+00:00,1785284127,18705,531 WhiteRock/WillowBrook,15259222,11751,30,-227
2026-07-29T00:15:41.915420+00:00,1785284127,18705,531 WhiteRock/WillowBrook,15259222,11750,31,-273
2026-07-29T00:15:41.915420+00:00,1785284127,18705,531 WhiteRock/WillowBrook,15259222,11747,32,-305
2026-07-29T00:15:41.915420+00:00,1785284127,18705,531 WhiteRock/WillowBrook,15259222,11745,33,-318
2026-07-29T00:15:41.915420+00:00,1785284127,18705,531 WhiteRock/WillowBrook,15259222,13040,34,-326
2026-07-29T00:15:41.915420+00:00,1785284127,18705,531 WhiteRock/WillowBrook,15259222,12598,35,-352
2026-07-29T00:15:41.915420+00:00,1785284127,18705,531 WhiteRock/WillowBrook,15259222,11920,36,-412
2026-07-29T00:15:41.915420+00:00,1785284127,18705,531 WhiteRock/WillowBrook,15259222,13130,37,-450
2026-07-29T00:15:41.915420+00:00,1785284127,18705,531 WhiteRock/WillowBrook,15259222,11925,38,-487
2026-07-29T00:15:41.915420+00:00,1785284127,18705,531 WhiteRock/WillowBrook,15259222,12219,39,-516
2026-07-29T00:15:41.915420+00:00,1785284127,18705,531 WhiteRock/WillowBrook,15259222,11741,40,-666
2026-07-29T00:15:41.915420+00:00,1785284127,18705,531 WhiteRock/WillowBrook,15259222,11740,41,-689
2026-07-29T00:15:41.915420+00:00,1785284127,18705,531 WhiteRock/WillowBrook,15259222,11739,42,-641
2026-07-29T00:15:41.915420+00:00,1785284127,18705,531 WhiteRock/WillowBrook,15259222,11737,43,-596
2026-07-29T00:15:41.915420+00:00,1785284127,18705,531 WhiteRock/WillowBrook,15259222,11757,44,-628
2026-07-29T00:15:41.915420+00:00,1785284127,18705,531 WhiteRock/WillowBrook,15259222,11735,45,-589
2026-07-29T00:15:41.915420+00:00,1785284127,18705,531 WhiteRock/WillowBrook,15259222,11756,46,-584
2026-07-29T00:15:41.915420+00:00,1785284127,18705,531 WhiteRock/WillowBrook,15259222,5535,47,-551
2026-07-29T00:15:41.915420+00:00,1785284127,18705,531 WhiteRock/WillowBrook,15259222,5536,48,-579
2026-07-29T00:15:41.915420+00:00,1785284127,18705,531 WhiteRock/WillowBrook,15259222,5537,49,-586
2026-07-29T00:15:41.915420+00:00,1785284127,18705,531 WhiteRock/WillowBrook,15259222,5538,50,-594
2026-07-29T00:15:41.915420+00:00,1785284127,18705,531 WhiteRock/WillowBrook,15259222,5539,51,-585
2026-07-29T00:15:41.915420+00:00,1785284127,18705,531 WhiteRock/WillowBrook,15259222,5540,52,-578
2026-07-29T00:20:37.037105+00:00,1785284427,6705,321 Surrey Central/WhiteRock,15247050,10442,57,242
2026-07-29T00:20:37.037105+00:00,1785284427,6705,321 Surrey Central/WhiteRock,15247050,9929,58,262
2026-07-29T00:20:37.037105+00:00,1785284427,6705,321 Surrey Central/WhiteRock,15247050,9930,59,205
2026-07-29T00:20:37.037105+00:00,1785284427,6705,321 Surrey Central/WhiteRock,15247050,9932,60,107
2026-07-29T00:20:37.037105+00:00,1785284427,6705,321 Surrey Central/WhiteRock,15247051,5040,53,-14
2026-07-29T00:20:37.037105+00:00,1785284427,6705,321 Surrey Central/WhiteRock,15247051,5041,54,-8
2026-07-29T00:20:37.037105+00:00,1785284427,6705,321 Surrey Central/WhiteRock,15247051,12155,55,3
2026-07-29T00:20:37.037105+00:00,1785284427,6705,321 Surrey Central/WhiteRock,15247051,11882,56,43
2026-07-29T00:20:37.037105+00:00,1785284427,6705,321 Surrey Central/WhiteRock,15247051,10442,57,136
2026-07-29T00:20:37.037105+00:00,1785284427,6705,321 Surrey Central/WhiteRock,15247051,9929,58,164
2026-07-29T00:20:37.037105+00:00,1785284427,6705,321 Surrey Central/WhiteRock,15247051,9930,59,114
2026-07-29T00:20:37.037105+00:00,1785284427,6705,321 Surrey Central/WhiteRock,15247051,9932,60,28
2026-07-29T00:20:37.037105+00:00,1785284427,6705,321 Surrey Central/WhiteRock,15247053,10445,19,289
2026-07-29T00:20:37.037105+00:00,1785284427,6705,321 Surrey Central/WhiteRock,15247053,5447,20,254
2026-07-29T00:20:37.037105+00:00,1785284427,6705,321 Surrey Central/WhiteRock,15247053,5448,21,265
2026-07-29T00:20:37.037105+00:00,1785284427,6705,321 Surrey Central/WhiteRock,15247053,10437,22,265
2026-07-29T00:20:37.037105+00:00,1785284427,6705,321 Surrey Central/WhiteRock,15247053,5449,23,209
2026-07-29T00:20:37.037105+00:00,1785284427,6705,321 Surrey Central/WhiteRock,15247053,11313,24,167
2026-07-29T00:20:37.037105+00:00,1785284427,6705,321 Surrey Central/WhiteRock,15247053,10808,25,18
2026-07-29T00:20:37.037105+00:00,1785284427,6705,321 Surrey Central/WhiteRock,15247053,5452,26,-52
2026-07-29T00:20:37.037105+00:00,1785284427,6705,321 Surrey Central/WhiteRock,15247053,11913,27,-71
2026-07-29T00:20:37.037105+00:00,1785284427,6705,321 Surrey Central/WhiteRock,15247053,5454,28,-85
2026-07-29T00:20:37.037105+00:00,1785284427,6705,321 Surrey Central/WhiteRock,15247053,5455,29,-88
2026-07-29T00:20:37.037105+00:00,1785284427,6705,321 Surrey Central/WhiteRock,15247053,5456,30,20
2026-07-29T00:20:37.037105+00:00,1785284427,6705,321 Surrey Central/WhiteRock,15247053,12651,31,-9
2026-07-29T00:20:37.037105+00:00,1785284427,6705,321 Surrey Central/WhiteRock,15247053,5458,32,-10
2026-07-29T00:20:37.037105+00:00,1785284427,6705,321 Surrey Central/WhiteRock,15247053,5459,33,-2
2026-07-29T00:20:37.037105+00:00,1785284427,6705,321 Surrey Central/WhiteRock,15247053,5460,34,-9
2026-07-29T00:20:37.037105+00:00,1785284427,6705,321 Surrey Central/WhiteRock,15247053,5461,35,-19
2026-07-29T00:20:37.037105+00:00,1785284427,6705,321 Surrey Central/WhiteRock,15247053,5462,36,-24
2026-07-29T00:20:37.037105+00:00,1785284427,6705,321 Surrey Central/WhiteRock,15247053,5463,37,39
2026-07-29T00:20:37.037105+00:00,1785284427,6705,321 Surrey Central/WhiteRock,15247053,5700,38,159
2026-07-29T00:20:37.037105+00:00,1785284427,6705,321 Surrey Central/WhiteRock,15247053,5465,39,157
2026-07-29T00:20:37.037105+00:00,1785284427,6705,321 Surrey Central/WhiteRock,15247053,5466,40,111
2026-07-29T00:20:37.037105+00:00,1785284427,6705,321 Surrey Central/WhiteRock,15247053,5467,41,129
2026-07-29T00:20:37.037105+00:00,1785284427,6705,321 Surrey Central/WhiteRock,15247053,5468,42,100
2026-07-29T00:20:37.037105+00:00,1785284427,6705,321 Surrey Central/WhiteRock,15247053,5469,43,57
2026-07-29T00:20:37.037105+00:00,1785284427,6705,321 Surrey Central/WhiteRock,15247053,5470,44,31
2026-07-29T00:20:37.037105+00:00,1785284427,6705,321 Surrey Central/WhiteRock,15247053,5471,45,-3
2026-07-29T00:20:37.037105+00:00,1785284427,6705,321 Surrey Central/WhiteRock,15247053,5472,46,-31
2026-07-29T00:20:37.037105+00:00,1785284427,6705,321 Surrey Central/WhiteRock,15247053,5473,47,-83
2026-07-29T00:20:37.037105+00:00,1785284427,6705,321 Surrey Central/WhiteRock,15247053,5474,48,-89
2026-07-29T00:20:37.037105+00:00,1785284427,6705,321 Surrey Central/WhiteRock,15247053,5475,49,-138
2026-07-29T00:20:37.037105+00:00,1785284427,6705,321 Surrey Central/WhiteRock,15247053,5476,50,-169
2026-07-29T00:20:37.037105+00:00,1785284427,6705,321 Surrey Central/WhiteRock,15247053,5477,51,-191
2026-07-29T00:20:37.037105+00:00,1785284427,6705,321 Surrey Central/WhiteRock,15247053,11725,52,-217
2026-07-29T00:20:37.037105+00:00,1785284427,6705,321 Surrey Central/WhiteRock,15247053,5040,53,-199
2026-07-29T00:20:37.037105+00:00,1785284427,6705,321 Surrey Central/WhiteRock,15247053,5041,54,-195
2026-07-29T00:20:37.037105+00:00,1785284427,6705,321 Surrey Central/WhiteRock,15247053,12155,55,-184
2026-07-29T00:20:37.037105+00:00,1785284427,6705,321 Surrey Central/WhiteRock,15247053,11882,56,0
2026-07-29T00:20:37.037105+00:00,1785284427,6705,321 Surrey Central/WhiteRock,15247053,10442,57,79
2026-07-29T00:20:37.037105+00:00,1785284427,6705,321 Surrey Central/WhiteRock,15247053,9929,58,90
2026-07-29T00:20:37.037105+00:00,1785284427,6705,321 Surrey Central/WhiteRock,15247053,9930,59,39
2026-07-29T00:20:37.037105+00:00,1785284427,6705,321 Surrey Central/WhiteRock,15247053,9932,60,-47
2026-07-29T00:20:37.037105+00:00,1785284427,6705,321 Surrey Central/WhiteRock,15247054,5439,12,141
2026-07-29T00:20:37.037105+00:00,1785284427,6705,321 Surrey Central/WhiteRock,15247054,5440,13,120
2026-07-29T00:20:37.037105+00:00,1785284427,6705,321 Surrey Central/WhiteRock,15247054,5441,14,134
2026-07-29T00:20:37.037105+00:00,1785284427,6705,321 Surrey Central/WhiteRock,15247054,5442,15,109
2026-07-29T00:20:37.037105+00:00,1785284427,6705,321 Surrey Central/WhiteRock,15247054,5444,16,119
2026-07-29T00:20:37.037105+00:00,1785284427,6705,321 Surrey Central/WhiteRock,15247054,9083,17,97
2026-07-29T00:20:37.037105+00:00,1785284427,6705,321 Surrey Central/WhiteRock,15247054,5446,18,103
2026-07-29T00:20:37.037105+00:00,1785284427,6705,321 Surrey Central/WhiteRock,15247054,10445,19,96
2026-07-29T00:20:37.037105+00:00,1785284427,6705,321 Surrey Central/WhiteRock,15247054,5447,20,61
2026-07-29T00:20:37.037105+00:00,1785284427,6705,321 Surrey Central/WhiteRock,15247054,5448,21,68
2026-07-29T00:20:37.037105+00:00,1785284427,6705,321 Surrey Central/WhiteRock,15247054,10437,22,69
2026-07-29T00:20:37.037105+00:00,1785284427,6705,321 Surrey Central/WhiteRock,15247054,5449,23,13
2026-07-29T00:20:37.037105+00:00,1785284427,6705,321 Surrey Central/WhiteRock,15247054,11313,24,-23
2026-07-29T00:20:37.037105+00:00,1785284427,6705,321 Surrey Central/WhiteRock,15247054,10808,25,-172
2026-07-29T00:20:37.037105+00:00,1785284427,6705,321 Surrey Central/WhiteRock,15247054,5452,26,-242
2026-07-29T00:20:37.037105+00:00,1785284427,6705,321 Surrey Central/WhiteRock,15247054,11913,27,-262
2026-07-29T00:20:37.037105+00:00,1785284427,6705,321 Surrey Central/WhiteRock,15247054,5454,28,-277
2026-07-29T00:20:37.037105+00:00,1785284427,6705,321 Surrey Central/WhiteRock,15247054,5455,29,-278
2026-07-29T00:20:37.037105+00:00,1785284427,6705,321 Surrey Central/WhiteRock,15247054,5456,30,-171
2026-07-29T00:20:37.037105+00:00,1785284427,6705,321 Surrey Central/WhiteRock,15247054,12651,31,-201
2026-07-29T00:20:37.037105+00:00,1785284427,6705,321 Surrey Central/WhiteRock,15247054,5458,32,-201
2026-07-29T00:20:37.037105+00:00,1785284427,6705,321 Surrey Central/WhiteRock,15247054,5459,33,-193
2026-07-29T00:20:37.037105+00:00,1785284427,6705,321 Surrey Central/WhiteRock,15247054,5460,34,-200
2026-07-29T00:20:37.037105+00:00,1785284427,6705,321 Surrey Central/WhiteRock,15247054,5461,35,-210
2026-07-29T00:20:37.037105+00:00,1785284427,6705,321 Surrey Central/WhiteRock,15247054,5462,36,-215
2026-07-29T00:20:37.037105+00:00,1785284427,6705,321 Surrey Central/WhiteRock,15247054,5463,37,-151
2026-07-29T00:20:37.037105+00:00,1785284427,6705,321 Surrey Central/WhiteRock,15247054,5700,38,0
2026-07-29T00:20:37.037105+00:00,1785284427,6705,321 Surrey Central/WhiteRock,15247054,5465,39,-2
2026-07-29T00:20:37.037105+00:00,1785284427,6705,321 Surrey Central/WhiteRock,15247054,5466,40,-48
2026-07-29T00:20:37.037105+00:00,1785284427,6705,321 Surrey Central/WhiteRock,15247054,5467,41,-31
2026-07-29T00:20:37.037105+00:00,1785284427,6705,321 Surrey Central/WhiteRock,15247054,5468,42,-60
2026-07-29T00:20:37.037105+00:00,1785284427,6705,321 Surrey Central/WhiteRock,15247054,5469,43,-100
2026-07-29T00:20:37.037105+00:00,1785284427,6705,321 Surrey Central/WhiteRock,15247054,5470,44,-126
2026-07-29T00:20:37.037105+00:00,1785284427,6705,321 Surrey Central/WhiteRock,15247054,5471,45,-161
2026-07-29T00:20:37.037105+00:00,1785284427,6705,321 Surrey Central/WhiteRock,15247054,5472,46,-192
2026-07-29T00:20:37.037105+00:00,1785284427,6705,321 Surrey Central/WhiteRock,15247054,5473,47,-243
2026-07-29T00:20:37.037105+00:00,1785284427,6705,321 Surrey Central/WhiteRock,15247054,5474,48,-254
2026-07-29T00:20:37.037105+00:00,1785284427,6705,321 Surrey Central/WhiteRock,15247054,5475,49,-302
2026-07-29T00:20:37.037105+00:00,1785284427,6705,321 Surrey Central/WhiteRock,15247054,5476,50,-335
2026-07-29T00:20:37.037105+00:00,1785284427,6705,321 Surrey Central/WhiteRock,15247054,5477,51,-359
2026-07-29T00:20:37.037105+00:00,1785284427,6705,321 Surrey Central/WhiteRock,15247054,11725,52,-385
2026-07-29T00:20:37.037105+00:00,1785284427,6705,321 Surrey Central/WhiteRock,15247054,5040,53,-374
2026-07-29T00:20:37.037105+00:00,1785284427,6705,321 Surrey Central/WhiteRock,15247054,5041,54,-369
2026-07-29T00:20:37.037105+00:00,1785284427,6705,321 Surrey Central/WhiteRock,15247054,12155,55,-360
2026-07-29T00:20:37.037105+00:00,1785284427,6705,321 Surrey Central/WhiteRock,15247054,11882,56,0
2026-07-29T00:20:37.037105+00:00,1785284427,6705,321 Surrey Central/WhiteRock,15247054,10442,57,77
2026-07-29T00:20:37.037105+00:00,1785284427,6705,321 Surrey Central/WhiteRock,15247054,9929,58,87
2026-07-29T00:20:37.037105+00:00,1785284427,6705,321 Surrey Central/WhiteRock,15247054,9930,59,34
2026-07-29T00:20:37.037105+00:00,1785284427,6705,321 Surrey Central/WhiteRock,15247054,9932,60,-54
2026-07-29T00:20:37.037105+00:00,1785284427,6705,321 Surrey Central/WhiteRock,15247067,5463,37,-61
2026-07-29T00:20:37.037105+00:00,1785284427,6705,321 Surrey Central/WhiteRock,15247067,5700,38,54
2026-07-29T00:20:37.037105+00:00,1785284427,6705,321 Surrey Central/WhiteRock,15247067,5465,39,52
2026-07-29T00:20:37.037105+00:00,1785284427,6705,321 Surrey Central/WhiteRock,15247067,5466,40,6
2026-07-29T00:20:37.037105+00:00,1785284427,6705,321 Surrey Central/WhiteRock,15247067,5467,41,23
2026-07-29T00:20:37.037105+00:00,1785284427,6705,321 Surrey Central/WhiteRock,15247067,5468,42,-4
2026-07-29T00:20:37.037105+00:00,1785284427,6705,321 Surrey Central/WhiteRock,15247067,5469,43,-46
2026-07-29T00:20:37.037105+00:00,1785284427,6705,321 Surrey Central/WhiteRock,15247067,5470,44,-72
2026-07-29T00:20:37.037105+00:00,1785284427,6705,321 Surrey Central/WhiteRock,15247067,5471,45,-107
2026-07-29T00:20:37.037105+00:00,1785284427,6705,321 Surrey Central/WhiteRock,15247067,5472,46,-138
2026-07-29T00:20:37.037105+00:00,1785284427,6705,321 Surrey Central/WhiteRock,15247067,5473,47,-189
2026-07-29T00:20:37.037105+00:00,1785284427,6705,321 Surrey Central/WhiteRock,15247067,5474,48,-197
2026-07-29T00:20:37.037105+00:00,1785284427,6705,321 Surrey Central/WhiteRock,15247067,5475,49,-247
2026-07-29T00:20:37.037105+00:00,1785284427,6705,321 Surrey Central/WhiteRock,15247067,5476,50,-280
2026-07-29T00:20:37.037105+00:00,1785284427,6705,321 Surrey Central/WhiteRock,15247067,5477,51,-302
2026-07-29T00:20:37.037105+00:00,1785284427,6705,321 Surrey Central/WhiteRock,15247067,11725,52,-328
2026-07-29T00:20:37.037105+00:00,1785284427,6705,321 Surrey Central/WhiteRock,15247067,5040,53,-317
2026-07-29T00:20:37.037105+00:00,1785284427,6705,321 Surrey Central/WhiteRock,15247067,5041,54,-312
2026-07-29T00:20:37.037105+00:00,1785284427,6705,321 Surrey Central/WhiteRock,15247067,12155,55,-301
2026-07-29T00:20:37.037105+00:00,1785284427,6705,321 Surrey Central/WhiteRock,15247067,11882,56,0
2026-07-29T00:20:37.037105+00:00,1785284427,6705,321 Surrey Central/WhiteRock,15247067,10442,57,94
2026-07-29T00:20:37.037105+00:00,1785284427,6705,321 Surrey Central/WhiteRock,15247067,9929,58,123
2026-07-29T00:20:37.037105+00:00,1785284427,6705,321 Surrey Central/WhiteRock,15247067,9930,59,73
2026-07-29T00:20:37.037105+00:00,1785284427,6705,321 Surrey Central/WhiteRock,15247067,9932,60,-15
2026-07-29T00:20:37.037105+00:00,1785284427,6705,321 Surrey Central/WhiteRock,15247080,5469,43,68
2026-07-29T00:20:37.037105+00:00,1785284427,6705,321 Surrey Central/WhiteRock,15247080,5470,44,42
2026-07-29T00:20:37.037105+00:00,1785284427,6705,321 Surrey Central/WhiteRock,15247080,5471,45,7
2026-07-29T00:20:37.037105+00:00,1785284427,6705,321 Surrey Central/WhiteRock,15247080,5472,46,-21
2026-07-29T00:20:37.037105+00:00,1785284427,6705,321 Surrey Central/WhiteRock,15247080,5473,47,-72
2026-07-29T00:20:37.037105+00:00,1785284427,6705,321 Surrey Central/WhiteRock,15247080,5474,48,-78
2026-07-29T00:20:37.037105+00:00,1785284427,6705,321 Surrey Central/WhiteRock,15247080,5475,49,-127
2026-07-29T00:20:37.037105+00:00,1785284427,6705,321 Surrey Central/WhiteRock,15247080,5476,50,-160
2026-07-29T00:20:37.037105+00:00,1785284427,6705,321 Surrey Central/WhiteRock,15247080,5477,51,-182
2026-07-29T00:20:37.037105+00:00,1785284427,6705,321 Surrey Central/WhiteRock,15247080,11725,52,-208
2026-07-29T00:20:37.037105+00:00,1785284427,6705,321 Surrey Central/WhiteRock,15247080,5040,53,-193
2026-07-29T00:20:37.037105+00:00,1785284427,6705,321 Surrey Central/WhiteRock,15247080,5041,54,-188
2026-07-29T00:20:37.037105+00:00,1785284427,6705,321 Surrey Central/WhiteRock,15247080,12155,55,-177
2026-07-29T00:20:37.037105+00:00,1785284427,6705,321 Surrey Central/WhiteRock,15247080,11882,56,0
2026-07-29T00:20:37.037105+00:00,1785284427,6705,321 Surrey Central/WhiteRock,15247080,10442,57,93
2026-07-29T00:20:37.037105+00:00,1785284427,6705,321 Surrey Central/WhiteRock,15247080,9929,58,122
2026-07-29T00:20:37.037105+00:00,1785284427,6705,321 Surrey Central/WhiteRock,15247080,9930,59,72
2026-07-29T00:20:37.037105+00:00,1785284427,6705,321 Surrey Central/WhiteRock,15247080,9932,60,-15
2026-07-29T00:20:37.037105+00:00,1785284427,6705,321 Surrey Central/WhiteRock,15247081,6197,1,0
2026-07-29T00:20:37.037105+00:00,1785284427,6705,321 Surrey Central/WhiteRock,15247081,6198,2,-113
2026-07-29T00:20:37.037105+00:00,1785284427,6705,321 Surrey Central/WhiteRock,15247081,6199,3,-128
2026-07-29T00:20:37.037105+00:00,1785284427,6705,321 Surrey Central/WhiteRock,15247081,6200,4,-147
2026-07-29T00:20:37.037105+00:00,1785284427,6705,321 Surrey Central/WhiteRock,15247081,6201,5,-154
2026-07-29T00:20:37.037105+00:00,1785284427,6705,321 Surrey Central/WhiteRock,15247081,6354,6,-141
2026-07-29T00:20:37.037105+00:00,1785284427,6705,321 Surrey Central/WhiteRock,15247081,6355,7,-153
2026-07-29T00:20:37.037105+00:00,1785284427,6705,321 Surrey Central/WhiteRock,15247081,6356,8,-154
2026-07-29T00:20:37.037105+00:00,1785284427,6705,321 Surrey Central/WhiteRock,15247081,6174,9,-91
2026-07-29T00:20:37.037105+00:00,1785284427,6705,321 Surrey Central/WhiteRock,15247081,5437,10,-82
2026-07-29T00:20:37.037105+00:00,1785284427,6705,321 Surrey Central/WhiteRock,15247081,5438,11,-90
2026-07-29T00:20:37.037105+00:00,1785284427,6705,321 Surrey Central/WhiteRock,15247081,5439,12,-79
2026-07-29T00:20:37.037105+00:00,1785284427,6705,321 Surrey Central/WhiteRock,15247081,5440,13,-100
2026-07-29T00:20:37.037105+00:00,1785284427,6705,321 Surrey Central/WhiteRock,15247081,5441,14,-102
2026-07-29T00:20:37.037105+00:00,1785284427,6705,321 Surrey Central/WhiteRock,15247081,5442,15,-127
2026-07-29T00:20:37.037105+00:00,1785284427,6705,321 Surrey Central/WhiteRock,15247081,5444,16,-118
2026-07-29T00:20:37.037105+00:00,1785284427,6705,321 Surrey Central/WhiteRock,15247081,9083,17,-146
2026-07-29T00:20:37.037105+00:00,1785284427,6705,321 Surrey Central/WhiteRock,15247081,5446,18,-137
2026-07-29T00:20:37.037105+00:00,1785284427,6705,321 Surrey Central/WhiteRock,15247081,10445,19,-139
2026-07-29T00:20:37.037105+00:00,1785284427,6705,321 Surrey Central/WhiteRock,15247081,5447,20,-171
2026-07-29T00:20:37.037105+00:00,1785284427,6705,321 Surrey Central/WhiteRock,15247081,5448,21,-159
2026-07-29T00:20:37.037105+00:00,1785284427,6705,321 Surrey Central/WhiteRock,15247081,10437,22,-162
2026-07-29T00:20:37.037105+00:00,1785284427,6705,321 Surrey Central/WhiteRock,15247081,5449,23,-216
2026-07-29T00:20:37.037105+00:00,1785284427,6705,321 Surrey Central/WhiteRock,15247081,11313,24,-250
2026-07-29T00:20:37.037105+00:00,1785284427,6705,321 Surrey Central/WhiteRock,15247081,10808,25,-394
2026-07-29T00:20:37.037105+00:00,1785284427,6705,321 Surrey Central/WhiteRock,15247081,5452,26,-457
2026-07-29T00:20:37.037105+00:00,1785284427,6705,321 Surrey Central/WhiteRock,15247081,11913,27,-474
2026-07-29T00:20:37.037105+00:00,1785284427,6705,321 Surrey Central/WhiteRock,15247081,5454,28,-487
2026-07-29T00:20:37.037105+00:00,1785284427,6705,321 Surrey Central/WhiteRock,15247081,5455,29,-489
2026-07-29T00:20:37.037105+00:00,1785284427,6705,321 Surrey Central/WhiteRock,15247081,5456,30,-380
2026-07-29T00:20:37.037105+00:00,1785284427,6705,321 Surrey Central/WhiteRock,15247081,12651,31,-408
2026-07-29T00:20:37.037105+00:00,1785284427,6705,321 Surrey Central/WhiteRock,15247081,5458,32,-408
2026-07-29T00:20:37.037105+00:00,1785284427,6705,321 Surrey Central/WhiteRock,15247081,5459,33,-397
2026-07-29T00:20:37.037105+00:00,1785284427,6705,321 Surrey Central/WhiteRock,15247081,5460,34,-404
2026-07-29T00:20:37.037105+00:00,1785284427,6705,321 Surrey Central/WhiteRock,15247081,5461,35,-414
2026-07-29T00:20:37.037105+00:00,1785284427,6705,321 Surrey Central/WhiteRock,15247081,5462,36,-418
2026-07-29T00:20:37.037105+00:00,1785284427,6705,321 Surrey Central/WhiteRock,15247081,5463,37,-354
2026-07-29T00:20:37.037105+00:00,1785284427,6705,321 Surrey Central/WhiteRock,15247081,5700,38,0
2026-07-29T00:20:37.037105+00:00,1785284427,6705,321 Surrey Central/WhiteRock,15247081,5465,39,-5
2026-07-29T00:20:37.037105+00:00,1785284427,6705,321 Surrey Central/WhiteRock,15247081,5466,40,-50
2026-07-29T00:20:37.037105+00:00,1785284427,6705,321 Surrey Central/WhiteRock,15247081,5467,41,-36
2026-07-29T00:20:37.037105+00:00,1785284427,6705,321 Surrey Central/WhiteRock,15247081,5468,42,-65
2026-07-29T00:20:37.037105+00:00,1785284427,6705,321 Surrey Central/WhiteRock,15247081,5469,43,-90
2026-07-29T00:20:37.037105+00:00,1785284427,6705,321 Surrey Central/WhiteRock,15247081,5470,44,-116
2026-07-29T00:20:37.037105+00:00,1785284427,6705,321 Surrey Central/WhiteRock,15247081,5471,45,-154
2026-07-29T00:20:37.037105+00:00,1785284427,6705,321 Surrey Central/WhiteRock,15247081,5472,46,-182
2026-07-29T00:20:37.037105+00:00,1785284427,6705,321 Surrey Central/WhiteRock,15247081,5473,47,-234
2026-07-29T00:20:37.037105+00:00,1785284427,6705,321 Surrey Central/WhiteRock,15247081,5474,48,-243
2026-07-29T00:20:37.037105+00:00,1785284427,6705,321 Surrey Central/WhiteRock,15247081,5475,49,-291
2026-07-29T00:20:37.037105+00:00,1785284427,6705,321 Surrey Central/WhiteRock,15247081,5476,50,-322
2026-07-29T00:20:37.037105+00:00,1785284427,6705,321 Surrey Central/WhiteRock,15247081,5477,51,-346
2026-07-29T00:20:37.037105+00:00,1785284427,6705,321 Surrey Central/WhiteRock,15247081,11725,52,-373
2026-07-29T00:20:37.037105+00:00,1785284427,6705,321 Surrey Central/WhiteRock,15247081,5040,53,-358
2026-07-29T00:20:37.037105+00:00,1785284427,6705,321 Surrey Central/WhiteRock,15247081,5041,54,-354
2026-07-29T00:20:37.037105+00:00,1785284427,6705,321 Surrey Central/WhiteRock,15247081,12155,55,-345
2026-07-29T00:20:37.037105+00:00,1785284427,6705,321 Surrey Central/WhiteRock,15247081,11882,56,0
2026-07-29T00:20:37.037105+00:00,1785284427,6705,321 Surrey Central/WhiteRock,15247081,10442,57,77
2026-07-29T00:20:37.037105+00:00,1785284427,6705,321 Surrey Central/WhiteRock,15247081,9929,58,87
2026-07-29T00:20:37.037105+00:00,1785284427,6705,321 Surrey Central/WhiteRock,15247081,9930,59,34
2026-07-29T00:20:37.037105+00:00,1785284427,6705,321 Surrey Central/WhiteRock,15247081,9932,60,-54
2026-07-29T00:20:37.037105+00:00,1785284427,6705,321 Surrey Central/WhiteRock,15247159,6195,56,93
2026-07-29T00:20:37.037105+00:00,1785284427,6705,321 Surrey Central/WhiteRock,15247160,5535,50,-188
2026-07-29T00:20:37.037105+00:00,1785284427,6705,321 Surrey Central/WhiteRock,15247160,5536,51,-211
2026-07-29T00:20:37.037105+00:00,1785284427,6705,321 Surrey Central/WhiteRock,15247160,5537,52,-209
2026-07-29T00:20:37.037105+00:00,1785284427,6705,321 Surrey Central/WhiteRock,15247160,5538,53,-216
2026-07-29T00:20:37.037105+00:00,1785284427,6705,321 Surrey Central/WhiteRock,15247160,5541,54,-187
2026-07-29T00:20:37.037105+00:00,1785284427,6705,321 Surrey Central/WhiteRock,15247160,5542,55,-177
2026-07-29T00:20:37.037105+00:00,1785284427,6705,321 Surrey Central/WhiteRock,15247160,6195,56,-152
2026-07-29T00:20:37.037105+00:00,1785284427,6705,321 Surrey Central/WhiteRock,15247161,5515,32,183
2026-07-29T00:20:37.037105+00:00,1785284427,6705,321 Surrey Central/WhiteRock,15247161,5516,33,174
2026-07-29T00:20:37.037105+00:00,1785284427,6705,321 Surrey Central/WhiteRock,15247161,5517,34,171
2026-07-29T00:20:37.037105+00:00,1785284427,6705,321 Surrey Central/WhiteRock,15247161,5518,35,178
2026-07-29T00:20:37.037105+00:00,1785284427,6705,321 Surrey Central/WhiteRock,15247161,5519,36,154
2026-07-29T00:20:37.037105+00:00,1785284427,6705,321 Surrey Central/WhiteRock,15247161,5520,37,143
2026-07-29T00:20:37.037105+00:00,1785284427,6705,321 Surrey Central/WhiteRock,15247161,5521,38,-67
2026-07-29T00:20:37.037105+00:00,1785284427,6705,321 Surrey Central/WhiteRock,15247161,5522,39,-204
2026-07-29T00:20:37.037105+00:00,1785284427,6705,321 Surrey Central/WhiteRock,15247161,5523,40,-240
2026-07-29T00:20:37.037105+00:00,1785284427,6705,321 Surrey Central/WhiteRock,15247161,6466,41,-260
2026-07-29T00:20:37.037105+00:00,1785284427,6705,321 Surrey Central/WhiteRock,15247161,5524,42,-223
2026-07-29T00:20:37.037105+00:00,1785284427,6705,321 Surrey Central/WhiteRock,15247161,5525,43,-252
2026-07-29T00:20:37.037105+00:00,1785284427,6705,321 Surrey Central/WhiteRock,15247161,10443,44,-277
2026-07-29T00:20:37.037105+00:00,1785284427,6705,321 Surrey Central/WhiteRock,15247161,5528,45,-273
2026-07-29T00:20:37.037105+00:00,1785284427,6705,321 Surrey Central/WhiteRock,15247161,5529,46,-295
2026-07-29T00:20:37.037105+00:00,1785284427,6705,321 Surrey Central/WhiteRock,15247161,5530,47,-310
2026-07-29T00:20:37.037105+00:00,1785284427,6705,321 Surrey Central/WhiteRock,15247161,5533,48,-317
2026-07-29T00:20:37.037105+00:00,1785284427,6705,321 Surrey Central/WhiteRock,15247161,5534,49,-337
2026-07-29T00:20:37.037105+00:00,1785284427,6705,321 Surrey Central/WhiteRock,15247161,5535,50,-322
2026-07-29T00:20:37.037105+00:00,1785284427,6705,321 Surrey Central/WhiteRock,15247161,5536,51,-345
2026-07-29T00:20:37.037105+00:00,1785284427,6705,321 Surrey Central/WhiteRock,15247161,5537,52,-345
2026-07-29T00:20:37.037105+00:00,1785284427,6705,321 Surrey Central/WhiteRock,15247161,5538,53,-351
2026-07-29T00:20:37.037105+00:00,1785284427,6705,321 Surrey Central/WhiteRock,15247161,5541,54,-322
2026-07-29T00:20:37.037105+00:00,1785284427,6705,321 Surrey Central/WhiteRock,15247161,5542,55,-311
2026-07-29T00:20:37.037105+00:00,1785284427,6705,321 Surrey Central/WhiteRock,15247161,6195,56,-286
2026-07-29T00:20:37.037105+00:00,1785284427,6705,321 Surrey Central/WhiteRock,15247162,5503,22,105
2026-07-29T00:20:37.037105+00:00,1785284427,6705,321 Surrey Central/WhiteRock,15247162,5504,23,43
2026-07-29T00:20:37.037105+00:00,1785284427,6705,321 Surrey Central/WhiteRock,15247162,5505,24,47
2026-07-29T00:20:37.037105+00:00,1785284427,6705,321 Surrey Central/WhiteRock,15247162,5507,25,49
2026-07-29T00:20:37.037105+00:00,1785284427,6705,321 Surrey Central/WhiteRock,15247162,5633,26,81
2026-07-29T00:20:37.037105+00:00,1785284427,6705,321 Surrey Central/WhiteRock,15247162,5510,27,107
2026-07-29T00:20:37.037105+00:00,1785284427,6705,321 Surrey Central/WhiteRock,15247162,5511,28,99
2026-07-29T00:20:37.037105+00:00,1785284427,6705,321 Surrey Central/WhiteRock,15247162,5512,29,94
2026-07-29T00:20:37.037105+00:00,1785284427,6705,321 Surrey Central/WhiteRock,15247162,5513,30,81
2026-07-29T00:20:37.037105+00:00,1785284427,6705,321 Surrey Central/WhiteRock,15247162,5514,31,172
2026-07-29T00:20:37.037105+00:00,1785284427,6705,321 Surrey Central/WhiteRock,15247162,5515,32,164
2026-07-29T00:20:37.037105+00:00,1785284427,6705,321 Surrey Central/WhiteRock,15247162,5516,33,160
2026-07-29T00:20:37.037105+00:00,1785284427,6705,321 Surrey Central/WhiteRock,15247162,5517,34,164
2026-07-29T00:20:37.037105+00:00,1785284427,6705,321 Surrey Central/WhiteRock,15247162,5518,35,170
2026-07-29T00:20:37.037105+00:00,1785284427,6705,321 Surrey Central/WhiteRock,15247162,5519,36,146
2026-07-29T00:20:37.037105+00:00,1785284427,6705,321 Surrey Central/WhiteRock,15247162,5520,37,135
2026-07-29T00:20:37.037105+00:00,1785284427,6705,321 Surrey Central/WhiteRock,15247162,5521,38,-75
2026-07-29T00:20:37.037105+00:00,1785284427,6705,321 Surrey Central/WhiteRock,15247162,5522,39,-212
2026-07-29T00:20:37.037105+00:00,1785284427,6705,321 Surrey Central/WhiteRock,15247162,5523,40,-248
2026-07-29T00:20:37.037105+00:00,1785284427,6705,321 Surrey Central/WhiteRock,15247162,6466,41,-267
2026-07-29T00:20:37.037105+00:00,1785284427,6705,321 Surrey Central/WhiteRock,15247162,5524,42,-231
2026-07-29T00:20:37.037105+00:00,1785284427,6705,321 Surrey Central/WhiteRock,15247162,5525,43,-259
2026-07-29T00:20:37.037105+00:00,1785284427,6705,321 Surrey Central/WhiteRock,15247162,10443,44,-286
2026-07-29T00:20:37.037105+00:00,1785284427,6705,321 Surrey Central/WhiteRock,15247162,5528,45,-283
2026-07-29T00:20:37.037105+00:00,1785284427,6705,321 Surrey Central/WhiteRock,15247162,5529,46,-308
2026-07-29T00:20:37.037105+00:00,1785284427,6705,321 Surrey Central/WhiteRock,15247162,5530,47,-323
2026-07-29T00:20:37.037105+00:00,1785284427,6705,321 Surrey Central/WhiteRock,15247162,5533,48,-330
2026-07-29T00:20:37.037105+00:00,1785284427,6705,321 Surrey Central/WhiteRock,15247162,5534,49,-350
2026-07-29T00:20:37.037105+00:00,1785284427,6705,321 Surrey Central/WhiteRock,15247162,5535,50,-336
2026-07-29T00:20:37.037105+00:00,1785284427,6705,321 Surrey Central/WhiteRock,15247162,5536,51,-361
2026-07-29T00:20:37.037105+00:00,1785284427,6705,321 Surrey Central/WhiteRock,15247162,5537,52,-362
2026-07-29T00:20:37.037105+00:00,1785284427,6705,321 Surrey Central/WhiteRock,15247162,5538,53,-368
2026-07-29T00:20:37.037105+00:00,1785284427,6705,321 Surrey Central/WhiteRock,15247162,5541,54,-342
2026-07-29T00:20:37.037105+00:00,1785284427,6705,321 Surrey Central/WhiteRock,15247162,5542,55,-331
2026-07-29T00:20:37.037105+00:00,1785284427,6705,321 Surrey Central/WhiteRock,15247162,6195,56,-305
2026-07-29T00:20:37.037105+00:00,1785284427,6705,321 Surrey Central/WhiteRock,15247163,5049,12,155
2026-07-29T00:20:37.037105+00:00,1785284427,6705,321 Surrey Central/WhiteRock,15247163,5039,13,135
2026-07-29T00:20:37.037105+00:00,1785284427,6705,321 Surrey Central/WhiteRock,15247163,8351,14,112
2026-07-29T00:20:37.037105+00:00,1785284427,6705,321 Surrey Central/WhiteRock,15247163,5496,15,46
2026-07-29T00:20:37.037105+00:00,1785284427,6705,321 Surrey Central/WhiteRock,15247163,5497,16,3
2026-07-29T00:20:37.037105+00:00,1785284427,6705,321 Surrey Central/WhiteRock,15247163,5498,17,-12
2026-07-29T00:20:37.037105+00:00,1785284427,6705,321 Surrey Central/WhiteRock,15247163,5499,18,-49
2026-07-29T00:20:37.037105+00:00,1785284427,6705,321 Surrey Central/WhiteRock,15247163,5500,19,-68
2026-07-29T00:20:37.037105+00:00,1785284427,6705,321 Surrey Central/WhiteRock,15247163,5501,20,-95
2026-07-29T00:20:37.037105+00:00,1785284427,6705,321 Surrey Central/WhiteRock,15247163,5502,21,-111
2026-07-29T00:20:37.037105+00:00,1785284427,6705,321 Surrey Central/WhiteRock,15247163,5503,22,-138
2026-07-29T00:20:37.037105+00:00,1785284427,6705,321 Surrey Central/WhiteRock,15247163,5504,23,-199
2026-07-29T00:20:37.037105+00:00,1785284427,6705,321 Surrey Central/WhiteRock,15247163,5505,24,-192
2026-07-29T00:20:37.037105+00:00,1785284427,6705,321 Surrey Central/WhiteRock,15247163,5507,25,-183
2026-07-29T00:20:37.037105+00:00,1785284427,6705,321 Surrey Central/WhiteRock,15247163,5633,26,0
2026-07-29T00:20:37.037105+00:00,1785284427,6705,321 Surrey Central/WhiteRock,15247163,5510,27,28
2026-07-29T00:20:37.037105+00:00,1785284427,6705,321 Surrey Central/WhiteRock,15247163,5511,28,21
2026-07-29T00:20:37.037105+00:00,1785284427,6705,321 Surrey Central/WhiteRock,15247163,5512,29,17
2026-07-29T00:20:37.037105+00:00,1785284427,6705,321 Surrey Central/WhiteRock,15247163,5513,30,6
2026-07-29T00:20:37.037105+00:00,1785284427,6705,321 Surrey Central/WhiteRock,15247163,5514,31,99
2026-07-29T00:20:37.037105+00:00,1785284427,6705,321 Surrey Central/WhiteRock,15247163,5515,32,93
2026-07-29T00:20:37.037105+00:00,1785284427,6705,321 Surrey Central/WhiteRock,15247163,5516,33,98
2026-07-29T00:20:37.037105+00:00,1785284427,6705,321 Surrey Central/WhiteRock,15247163,5517,34,102
2026-07-29T00:20:37.037105+00:00,1785284427,6705,321 Surrey Central/WhiteRock,15247163,5518,35,110
2026-07-29T00:20:37.037105+00:00,1785284427,6705,321 Surrey Central/WhiteRock,15247163,5519,36,88
2026-07-29T00:20:37.037105+00:00,1785284427,6705,321 Surrey Central/WhiteRock,15247163,5520,37,78
2026-07-29T00:20:37.037105+00:00,1785284427,6705,321 Surrey Central/WhiteRock,15247163,5521,38,-123
2026-07-29T00:20:37.037105+00:00,1785284427,6705,321 Surrey Central/WhiteRock,15247163,5522,39,-256
2026-07-29T00:20:37.037105+00:00,1785284427,6705,321 Surrey Central/WhiteRock,15247163,5523,40,-291
2026-07-29T00:20:37.037105+00:00,1785284427,6705,321 Surrey Central/WhiteRock,15247163,6466,41,-307
2026-07-29T00:20:37.037105+00:00,1785284427,6705,321 Surrey Central/WhiteRock,15247163,5524,42,-267
2026-07-29T00:20:37.037105+00:00,1785284427,6705,321 Surrey Central/WhiteRock,15247163,5525,43,-294
2026-07-29T00:20:37.037105+00:00,1785284427,6705,321 Surrey Central/WhiteRock,15247163,10443,44,-319
2026-07-29T00:20:37.037105+00:00,1785284427,6705,321 Surrey Central/WhiteRock,15247163,5528,45,-321
2026-07-29T00:20:37.037105+00:00,1785284427,6705,321 Surrey Central/WhiteRock,15247163,5529,46,-342
2026-07-29T00:20:37.037105+00:00,1785284427,6705,321 Surrey Central/WhiteRock,15247163,5530,47,-358
2026-07-29T00:20:37.037105+00:00,1785284427,6705,321 Surrey Central/WhiteRock,15247163,5533,48,-366
2026-07-29T00:20:37.037105+00:00,1785284427,6705,321 Surrey Central/WhiteRock,15247163,5534,49,-386
2026-07-29T00:20:37.037105+00:00,1785284427,6705,321 Surrey Central/WhiteRock,15247163,5535,50,-377
2026-07-29T00:20:37.037105+00:00,1785284427,6705,321 Surrey Central/WhiteRock,15247163,5536,51,-397
2026-07-29T00:20:37.037105+00:00,1785284427,6705,321 Surrey Central/WhiteRock,15247163,5537,52,-399
2026-07-29T00:20:37.037105+00:00,1785284427,6705,321 Surrey Central/WhiteRock,15247163,5538,53,-405
2026-07-29T00:20:37.037105+00:00,1785284427,6705,321 Surrey Central/WhiteRock,15247163,5541,54,-386
2026-07-29T00:20:37.037105+00:00,1785284427,6705,321 Surrey Central/WhiteRock,15247163,5542,55,-375
2026-07-29T00:20:37.037105+00:00,1785284427,6705,321 Surrey Central/WhiteRock,15247163,6195,56,-346
2026-07-29T00:20:37.037105+00:00,1785284427,6705,321 Surrey Central/WhiteRock,15247164,10880,7,0
2026-07-29T00:20:37.037105+00:00,1785284427,6705,321 Surrey Central/WhiteRock,15247164,5046,8,45
2026-07-29T00:20:37.037105+00:00,1785284427,6705,321 Surrey Central/WhiteRock,15247164,5047,9,47
2026-07-29T00:20:37.037105+00:00,1785284427,6705,321 Surrey Central/WhiteRock,15247164,8566,10,12
2026-07-29T00:20:37.037105+00:00,1785284427,6705,321 Surrey Central/WhiteRock,15247164,12916,11,34
2026-07-29T00:20:37.037105+00:00,1785284427,6705,321 Surrey Central/WhiteRock,15247164,5049,12,26
2026-07-29T00:20:37.037105+00:00,1785284427,6705,321 Surrey Central/WhiteRock,15247164,5039,13,9
2026-07-29T00:20:37.037105+00:00,1785284427,6705,321 Surrey Central/WhiteRock,15247164,8351,14,-14
2026-07-29T00:20:37.037105+00:00,1785284427,6705,321 Surrey Central/WhiteRock,15247164,5496,15,-83
2026-07-29T00:20:37.037105+00:00,1785284427,6705,321 Surrey Central/WhiteRock,15247164,5497,16,-126
2026-07-29T00:20:37.037105+00:00,1785284427,6705,321 Surrey Central/WhiteRock,15247164,5498,17,-142
2026-07-29T00:20:37.037105+00:00,1785284427,6705,321 Surrey Central/WhiteRock,15247164,5499,18,-179
2026-07-29T00:20:37.037105+00:00,1785284427,6705,321 Surrey Central/WhiteRock,15247164,5500,19,-205
2026-07-29T00:20:37.037105+00:00,1785284427,6705,321 Surrey Central/WhiteRock,15247164,5501,20,-232
2026-07-29T00:20:37.037105+00:00,1785284427,6705,321 Surrey Central/WhiteRock,15247164,5502,21,-247
2026-07-29T00:20:37.037105+00:00,1785284427,6705,321 Surrey Central/WhiteRock,15247164,5503,22,-266
2026-07-29T00:20:37.037105+00:00,1785284427,6705,321 Surrey Central/WhiteRock,15247164,5504,23,-324
2026-07-29T00:20:37.037105+00:00,1785284427,6705,321 Surrey Central/WhiteRock,15247164,5505,24,-317
2026-07-29T00:20:37.037105+00:00,1785284427,6705,321 Surrey Central/WhiteRock,15247164,5507,25,-313
2026-07-29T00:20:37.037105+00:00,1785284427,6705,321 Surrey Central/WhiteRock,15247164,5633,26,0
2026-07-29T00:20:37.037105+00:00,1785284427,6705,321 Surrey Central/WhiteRock,15247164,5510,27,41
2026-07-29T00:20:37.037105+00:00,1785284427,6705,321 Surrey Central/WhiteRock,15247164,5511,28,34
2026-07-29T00:20:37.037105+00:00,1785284427,6705,321 Surrey Central/WhiteRock,15247164,5512,29,31
2026-07-29T00:20:37.037105+00:00,1785284427,6705,321 Surrey Central/WhiteRock,15247164,5513,30,19
2026-07-29T00:20:37.037105+00:00,1785284427,6705,321 Surrey Central/WhiteRock,15247164,5514,31,112
2026-07-29T00:20:37.037105+00:00,1785284427,6705,321 Surrey Central/WhiteRock,15247164,5515,32,105
2026-07-29T00:20:37.037105+00:00,1785284427,6705,321 Surrey Central/WhiteRock,15247164,5516,33,127
2026-07-29T00:20:37.037105+00:00,1785284427,6705,321 Surrey Central/WhiteRock,15247164,5517,34,135
2026-07-29T00:20:37.037105+00:00,1785284427,6705,321 Surrey Central/WhiteRock,15247164,5518,35,142
2026-07-29T00:20:37.037105+00:00,1785284427,6705,321 Surrey Central/WhiteRock,15247164,5519,36,120
2026-07-29T00:20:37.037105+00:00,1785284427,6705,321 Surrey Central/WhiteRock,15247164,5520,37,124
2026-07-29T00:20:37.037105+00:00,1785284427,6705,321 Surrey Central/WhiteRock,15247164,5521,38,-79
2026-07-29T00:20:37.037105+00:00,1785284427,6705,321 Surrey Central/WhiteRock,15247164,5522,39,-212
2026-07-29T00:20:37.037105+00:00,1785284427,6705,321 Surrey Central/WhiteRock,15247164,5523,40,-248
2026-07-29T00:20:37.037105+00:00,1785284427,6705,321 Surrey Central/WhiteRock,15247164,6466,41,-260
2026-07-29T00:20:37.037105+00:00,1785284427,6705,321 Surrey Central/WhiteRock,15247164,5524,42,-229
2026-07-29T00:20:37.037105+00:00,1785284427,6705,321 Surrey Central/WhiteRock,15247164,5525,43,-253
2026-07-29T00:20:37.037105+00:00,1785284427,6705,321 Surrey Central/WhiteRock,15247164,10443,44,-270
2026-07-29T00:20:37.037105+00:00,1785284427,6705,321 Surrey Central/WhiteRock,15247164,5528,45,-273
2026-07-29T00:20:37.037105+00:00,1785284427,6705,321 Surrey Central/WhiteRock,15247164,5529,46,-297
2026-07-29T00:20:37.037105+00:00,1785284427,6705,321 Surrey Central/WhiteRock,15247164,5530,47,-313
2026-07-29T00:20:37.037105+00:00,1785284427,6705,321 Surrey Central/WhiteRock,15247164,5533,48,-309
2026-07-29T00:20:37.037105+00:00,1785284427,6705,321 Surrey Central/WhiteRock,15247164,5534,49,-327
2026-07-29T00:20:37.037105+00:00,1785284427,6705,321 Surrey Central/WhiteRock,15247164,5535,50,-315
2026-07-29T00:20:37.037105+00:00,1785284427,6705,321 Surrey Central/WhiteRock,15247164,5536,51,-337
2026-07-29T00:20:37.037105+00:00,1785284427,6705,321 Surrey Central/WhiteRock,15247164,5537,52,-333
2026-07-29T00:20:37.037105+00:00,1785284427,6705,321 Surrey Central/WhiteRock,15247164,5538,53,-339
2026-07-29T00:20:37.037105+00:00,1785284427,6705,321 Surrey Central/WhiteRock,15247164,5541,54,-319
2026-07-29T00:20:37.037105+00:00,1785284427,6705,321 Surrey Central/WhiteRock,15247164,5542,55,-310
2026-07-29T00:20:37.037105+00:00,1785284427,6705,321 Surrey Central/WhiteRock,15247164,6195,56,-278
2026-07-29T00:20:37.037105+00:00,1785284427,6705,321 Surrey Central/WhiteRock,15247165,5890,1,0
2026-07-29T00:20:37.037105+00:00,1785284427,6705,321 Surrey Central/WhiteRock,15247165,10716,2,0
2026-07-29T00:20:37.037105+00:00,1785284427,6705,321 Surrey Central/WhiteRock,15247165,9923,3,0
2026-07-29T00:20:37.037105+00:00,1785284427,6705,321 Surrey Central/WhiteRock,15247165,9924,4,0
2026-07-29T00:20:37.037105+00:00,1785284427,6705,321 Surrey Central/WhiteRock,15247165,9926,5,0
2026-07-29T00:20:37.037105+00:00,1785284427,6705,321 Surrey Central/WhiteRock,15247165,9927,6,0
2026-07-29T00:20:37.037105+00:00,1785284427,6705,321 Surrey Central/WhiteRock,15247165,10880,7,0
2026-07-29T00:20:37.037105+00:00,1785284427,6705,321 Surrey Central/WhiteRock,15247165,5046,8,0
2026-07-29T00:20:37.037105+00:00,1785284427,6705,321 Surrey Central/WhiteRock,15247165,5047,9,0
2026-07-29T00:20:37.037105+00:00,1785284427,6705,321 Surrey Central/WhiteRock,15247165,8566,10,0
2026-07-29T00:20:37.037105+00:00,1785284427,6705,321 Surrey Central/WhiteRock,15247165,12916,11,0
2026-07-29T00:20:37.037105+00:00,1785284427,6705,321 Surrey Central/WhiteRock,15247165,5049,12,0
2026-07-29T00:20:37.037105+00:00,1785284427,6705,321 Surrey Central/WhiteRock,15247165,5039,13,0
2026-07-29T00:20:37.037105+00:00,1785284427,6705,321 Surrey Central/WhiteRock,15247165,8351,14,0
2026-07-29T00:20:37.037105+00:00,1785284427,6705,321 Surrey Central/WhiteRock,15247165,5496,15,0
2026-07-29T00:20:37.037105+00:00,1785284427,6705,321 Surrey Central/WhiteRock,15247165,5497,16,0
2026-07-29T00:20:37.037105+00:00,1785284427,6705,321 Surrey Central/WhiteRock,15247165,5498,17,0
2026-07-29T00:20:37.037105+00:00,1785284427,6705,321 Surrey Central/WhiteRock,15247165,5499,18,0
2026-07-29T00:20:37.037105+00:00,1785284427,6705,321 Surrey Central/WhiteRock,15247165,5500,19,0
2026-07-29T00:20:37.037105+00:00,1785284427,6705,321 Surrey Central/WhiteRock,15247165,5501,20,0
2026-07-29T00:20:37.037105+00:00,1785284427,6705,321 Surrey Central/WhiteRock,15247165,5502,21,0
2026-07-29T00:20:37.037105+00:00,1785284427,6705,321 Surrey Central/WhiteRock,15247165,5503,22,0
2026-07-29T00:20:37.037105+00:00,1785284427,6705,321 Surrey Central/WhiteRock,15247165,5504,23,0
2026-07-29T00:20:37.037105+00:00,1785284427,6705,321 Surrey Central/WhiteRock,15247165,5505,24,0
2026-07-29T00:20:37.037105+00:00,1785284427,6705,321 Surrey Central/WhiteRock,15247165,5507,25,0
2026-07-29T00:20:37.037105+00:00,1785284427,6705,321 Surrey Central/WhiteRock,15247165,5633,26,0
2026-07-29T00:20:37.037105+00:00,1785284427,6705,321 Surrey Central/WhiteRock,15247165,5510,27,0
2026-07-29T00:20:37.037105+00:00,1785284427,6705,321 Surrey Central/WhiteRock,15247165,5511,28,0
2026-07-29T00:20:37.037105+00:00,1785284427,6705,321 Surrey Central/WhiteRock,15247165,5512,29,0
2026-07-29T00:20:37.037105+00:00,1785284427,6705,321 Surrey Central/WhiteRock,15247165,5513,30,0
2026-07-29T00:20:37.037105+00:00,1785284427,6705,321 Surrey Central/WhiteRock,15247165,5514,31,0
2026-07-29T00:20:37.037105+00:00,1785284427,6705,321 Surrey Central/WhiteRock,15247165,5515,32,0
2026-07-29T00:20:37.037105+00:00,1785284427,6705,321 Surrey Central/WhiteRock,15247165,5516,33,0
2026-07-29T00:20:37.037105+00:00,1785284427,6705,321 Surrey Central/WhiteRock,15247165,5517,34,0
2026-07-29T00:20:37.037105+00:00,1785284427,6705,321 Surrey Central/WhiteRock,15247165,5518,35,0
2026-07-29T00:20:37.037105+00:00,1785284427,6705,321 Surrey Central/WhiteRock,15247165,5519,36,0
2026-07-29T00:20:37.037105+00:00,1785284427,6705,321 Surrey Central/WhiteRock,15247165,5520,37,0
2026-07-29T00:20:37.037105+00:00,1785284427,6705,321 Surrey Central/WhiteRock,15247165,5521,38,0
2026-07-29T00:20:37.037105+00:00,1785284427,6705,321 Surrey Central/WhiteRock,15247165,5522,39,0
2026-07-29T00:20:37.037105+00:00,1785284427,6705,321 Surrey Central/WhiteRock,15247165,5523,40,0
2026-07-29T00:20:37.037105+00:00,1785284427,6705,321 Surrey Central/WhiteRock,15247165,6466,41,0
2026-07-29T00:20:37.037105+00:00,1785284427,6705,321 Surrey Central/WhiteRock,15247165,5524,42,0
2026-07-29T00:20:37.037105+00:00,1785284427,6705,321 Surrey Central/WhiteRock,15247165,5525,43,0
2026-07-29T00:20:37.037105+00:00,1785284427,6705,321 Surrey Central/WhiteRock,15247165,10443,44,0
2026-07-29T00:20:37.037105+00:00,1785284427,6705,321 Surrey Central/WhiteRock,15247165,5528,45,0
2026-07-29T00:20:37.037105+00:00,1785284427,6705,321 Surrey Central/WhiteRock,15247165,5529,46,0
2026-07-29T00:20:37.037105+00:00,1785284427,6705,321 Surrey Central/WhiteRock,15247165,5530,47,0
2026-07-29T00:20:37.037105+00:00,1785284427,6705,321 Surrey Central/WhiteRock,15247165,5533,48,0
2026-07-29T00:20:37.037105+00:00,1785284427,6705,321 Surrey Central/WhiteRock,15247165,5534,49,0
2026-07-29T00:20:37.037105+00:00,1785284427,6705,321 Surrey Central/WhiteRock,15247165,5535,50,0
2026-07-29T00:20:37.037105+00:00,1785284427,6705,321 Surrey Central/WhiteRock,15247165,5536,51,0
2026-07-29T00:20:37.037105+00:00,1785284427,6705,321 Surrey Central/WhiteRock,15247165,5537,52,0
2026-07-29T00:20:37.037105+00:00,1785284427,6705,321 Surrey Central/WhiteRock,15247165,5538,53,0
2026-07-29T00:20:37.037105+00:00,1785284427,6705,321 Surrey Central/WhiteRock,15247165,5541,54,0
2026-07-29T00:20:37.037105+00:00,1785284427,6705,321 Surrey Central/WhiteRock,15247165,5542,55,0
2026-07-29T00:20:37.037105+00:00,1785284427,6705,321 Surrey Central/WhiteRock,15247165,6195,56,0
2026-07-29T00:20:37.037105+00:00,1785284427,6705,321 Surrey Central/WhiteRock,15247177,5523,40,-333
2026-07-29T00:20:37.037105+00:00,1785284427,6705,321 Surrey Central/WhiteRock,15247177,6466,41,-353
2026-07-29T00:20:37.037105+00:00,1785284427,6705,321 Surrey Central/WhiteRock,15247177,5524,42,-316
2026-07-29T00:20:37.037105+00:00,1785284427,6705,321 Surrey Central/WhiteRock,15247177,5525,43,-345
2026-07-29T00:20:37.037105+00:00,1785284427,6705,321 Surrey Central/WhiteRock,15247177,10443,44,-370
2026-07-29T00:20:37.037105+00:00,1785284427,6705,321 Surrey Central/WhiteRock,15247177,5528,45,-368
2026-07-29T00:20:37.037105+00:00,1785284427,6705,321 Surrey Central/WhiteRock,15247177,5529,46,-391
2026-07-29T00:20:37.037105+00:00,1785284427,6705,321 Surrey Central/WhiteRock,15247177,5530,47,-406
2026-07-29T00:20:37.037105+00:00,1785284427,6705,321 Surrey Central/WhiteRock,15247177,5533,48,-413
2026-07-29T00:20:37.037105+00:00,1785284427,6705,321 Surrey Central/WhiteRock,15247177,5534,49,-433
2026-07-29T00:20:37.037105+00:00,1785284427,6705,321 Surrey Central/WhiteRock,15247177,5535,50,-417
2026-07-29T00:20:37.037105+00:00,1785284427,6705,321 Surrey Central/WhiteRock,15247177,5536,51,-438
2026-07-29T00:20:37.037105+00:00,1785284427,6705,321 Surrey Central/WhiteRock,15247177,5537,52,-437
2026-07-29T00:20:37.037105+00:00,1785284427,6705,321 Surrey Central/WhiteRock,15247177,5538,53,-443
2026-07-29T00:20:37.037105+00:00,1785284427,6705,321 Surrey Central/WhiteRock,15247177,5541,54,-414
2026-07-29T00:20:37.037105+00:00,1785284427,6705,321 Surrey Central/WhiteRock,15247177,5542,55,-402
2026-07-29T00:20:37.037105+00:00,1785284427,6705,321 Surrey Central/WhiteRock,15247177,6195,56,-375
2026-07-29T00:20:37.037105+00:00,1785284427,6705,321 Surrey Central/WhiteRock,15247187,5500,19,-7
2026-07-29T00:20:37.037105+00:00,1785284427,6705,321 Surrey Central/WhiteRock,15247187,5501,20,-34
2026-07-29T00:20:37.037105+00:00,1785284427,6705,321 Surrey Central/WhiteRock,15247187,5502,21,-50
2026-07-29T00:20:37.037105+00:00,1785284427,6705,321 Surrey Central/WhiteRock,15247187,5503,22,-83
2026-07-29T00:20:37.037105+00:00,1785284427,6705,321 Surrey Central/WhiteRock,15247187,5504,23,-143
2026-07-29T00:20:37.037105+00:00,1785284427,6705,321 Surrey Central/WhiteRock,15247187,5505,24,-136
2026-07-29T00:20:37.037105+00:00,1785284427,6705,321 Surrey Central/WhiteRock,15247187,5507,25,-134
2026-07-29T00:20:37.037105+00:00,1785284427,6705,321 Surrey Central/WhiteRock,15247187,5633,26,0
2026-07-29T00:20:37.037105+00:00,1785284427,6705,321 Surrey Central/WhiteRock,15247187,5510,27,43
2026-07-29T00:20:37.037105+00:00,1785284427,6705,321 Surrey Central/WhiteRock,15247187,5511,28,36
2026-07-29T00:20:37.037105+00:00,1785284427,6705,321 Surrey Central/WhiteRock,15247187,5512,29,32
2026-07-29T00:20:37.037105+00:00,1785284427,6705,321 Surrey Central/WhiteRock,15247187,5513,30,21
2026-07-29T00:20:37.037105+00:00,1785284427,6705,321 Surrey Central/WhiteRock,15247187,5514,31,114
2026-07-29T00:20:37.037105+00:00,1785284427,6705,321 Surrey Central/WhiteRock,15247187,5515,32,108
2026-07-29T00:20:37.037105+00:00,1785284427,6705,321 Surrey Central/WhiteRock,15247187,5516,33,107
2026-07-29T00:20:37.037105+00:00,1785284427,6705,321 Surrey Central/WhiteRock,15247187,5517,34,111
2026-07-29T00:20:37.037105+00:00,1785284427,6705,321 Surrey Central/WhiteRock,15247187,5518,35,118
2026-07-29T00:20:37.037105+00:00,1785284427,6705,321 Surrey Central/WhiteRock,15247187,5519,36,96
2026-07-29T00:20:37.037105+00:00,1785284427,6705,321 Surrey Central/WhiteRock,15247187,5520,37,86
2026-07-29T00:20:37.037105+00:00,1785284427,6705,321 Surrey Central/WhiteRock,15247187,5521,38,-115
2026-07-29T00:20:37.037105+00:00,1785284427,6705,321 Surrey Central/WhiteRock,15247187,5522,39,-248
2026-07-29T00:20:37.037105+00:00,1785284427,6705,321 Surrey Central/WhiteRock,15247187,5523,40,-283
2026-07-29T00:20:37.037105+00:00,1785284427,6705,321 Surrey Central/WhiteRock,15247187,6466,41,-292
2026-07-29T00:20:37.037105+00:00,1785284427,6705,321 Surrey Central/WhiteRock,15247187,5524,42,-253
2026-07-29T00:20:37.037105+00:00,1785284427,6705,321 Surrey Central/WhiteRock,15247187,5525,43,-276
2026-07-29T00:20:37.037105+00:00,1785284427,6705,321 Surrey Central/WhiteRock,15247187,10443,44,-295
2026-07-29T00:20:37.037105+00:00,1785284427,6705,321 Surrey Central/WhiteRock,15247187,5528,45,-293
2026-07-29T00:20:37.037105+00:00,1785284427,6705,321 Surrey Central/WhiteRock,15247187,5529,46,-315
2026-07-29T00:20:37.037105+00:00,1785284427,6705,321 Surrey Central/WhiteRock,15247187,5530,47,-330
2026-07-29T00:20:37.037105+00:00,1785284427,6705,321 Surrey Central/WhiteRock,15247187,5533,48,-327
2026-07-29T00:20:37.037105+00:00,1785284427,6705,321 Surrey Central/WhiteRock,15247187,5534,49,-344
2026-07-29T00:20:37.037105+00:00,1785284427,6705,321 Surrey Central/WhiteRock,15247187,5535,50,-324
2026-07-29T00:20:37.037105+00:00,1785284427,6705,321 Surrey Central/WhiteRock,15247187,5536,51,-348
2026-07-29T00:20:37.037105+00:00,1785284427,6705,321 Surrey Central/WhiteRock,15247187,5537,52,-343
2026-07-29T00:20:37.037105+00:00,1785284427,6705,321 Surrey Central/WhiteRock,15247187,5538,53,-348
2026-07-29T00:20:37.037105+00:00,1785284427,6705,321 Surrey Central/WhiteRock,15247187,5541,54,-324
2026-07-29T00:20:37.037105+00:00,1785284427,6705,321 Surrey Central/WhiteRock,15247187,5542,55,-313
2026-07-29T00:20:37.037105+00:00,1785284427,6705,321 Surrey Central/WhiteRock,15247187,6195,56,-278
2026-07-29T00:20:37.037105+00:00,1785284427,6705,321 Surrey Central/WhiteRock,15247232,5522,39,191
2026-07-29T00:20:37.037105+00:00,1785284427,6705,321 Surrey Central/WhiteRock,15247232,5523,40,153
2026-07-29T00:20:37.037105+00:00,1785284427,6705,321 Surrey Central/WhiteRock,15247232,6466,41,133
2026-07-29T00:20:37.037105+00:00,1785284427,6705,321 Surrey Central/WhiteRock,15247232,5524,42,166
2026-07-29T00:20:37.037105+00:00,1785284427,6705,321 Surrey Central/WhiteRock,15247232,5525,43,137
2026-07-29T00:20:37.037105+00:00,1785284427,6705,321 Surrey Central/WhiteRock,15247232,10443,44,115
2026-07-29T00:20:37.037105+00:00,1785284427,6705,321 Surrey Central/WhiteRock,15247232,5528,45,114
2026-07-29T00:20:37.037105+00:00,1785284427,6705,321 Surrey Central/WhiteRock,15247232,5529,46,89
2026-07-29T00:20:37.037105+00:00,1785284427,6705,321 Surrey Central/WhiteRock,15247232,5530,47,72
2026-07-29T00:20:37.037105+00:00,1785284427,6705,321 Surrey Central/WhiteRock,15247232,5533,48,72
2026-07-29T00:20:37.037105+00:00,1785284427,6705,321 Surrey Central/WhiteRock,15247232,5534,49,52
2026-07-29T00:20:37.037105+00:00,1785284427,6705,321 Surrey Central/WhiteRock,15247232,5535,50,70
2026-07-29T00:20:37.037105+00:00,1785284427,6705,321 Surrey Central/WhiteRock,15247232,5536,51,47
2026-07-29T00:20:37.037105+00:00,1785284427,6705,321 Surrey Central/WhiteRock,15247232,5537,52,41
2026-07-29T00:20:37.037105+00:00,1785284427,6705,321 Surrey Central/WhiteRock,15247232,5538,53,34
2026-07-29T00:20:37.037105+00:00,1785284427,6705,321 Surrey Central/WhiteRock,15247232,5541,54,63
2026-07-29T00:20:37.037105+00:00,1785284427,6705,321 Surrey Central/WhiteRock,15247232,5542,55,75
2026-07-29T00:20:37.037105+00:00,1785284427,6705,321 Surrey Central/WhiteRock,15247232,6195,56,98
2026-07-29T00:20:37.037105+00:00,1785284427,6705,321 Surrey Central/WhiteRock,15247233,5507,25,87
2026-07-29T00:20:37.037105+00:00,1785284427,6705,321 Surrey Central/WhiteRock,15247233,5633,26,120
2026-07-29T00:20:37.037105+00:00,1785284427,6705,321 Surrey Central/WhiteRock,15247233,5510,27,151
2026-07-29T00:20:37.037105+00:00,1785284427,6705,321 Surrey Central/WhiteRock,15247233,5511,28,143
2026-07-29T00:20:37.037105+00:00,1785284427,6705,321 Surrey Central/WhiteRock,15247233,5512,29,138
2026-07-29T00:20:37.037105+00:00,1785284427,6705,321 Surrey Central/WhiteRock,15247233,5513,30,124
2026-07-29T00:20:37.037105+00:00,1785284427,6705,321 Surrey Central/WhiteRock,15247233,5514,31,213
2026-07-29T00:20:37.037105+00:00,1785284427,6705,321 Surrey Central/WhiteRock,15247233,5515,32,205
2026-07-29T00:20:37.037105+00:00,1785284427,6705,321 Surrey Central/WhiteRock,15247233,5516,33,190
2026-07-29T00:20:37.037105+00:00,1785284427,6705,321 Surrey Central/WhiteRock,15247233,5517,34,187
2026-07-29T00:20:37.037105+00:00,1785284427,6705,321 Surrey Central/WhiteRock,15247233,5518,35,190
2026-07-29T00:20:37.037105+00:00,1785284427,6705,321 Surrey Central/WhiteRock,15247233,5519,36,166
2026-07-29T00:20:37.037105+00:00,1785284427,6705,321 Surrey Central/WhiteRock,15247233,5520,37,155
2026-07-29T00:20:37.037105+00:00,1785284427,6705,321 Surrey Central/WhiteRock,15247233,5521,38,-55
2026-07-29T00:20:37.037105+00:00,1785284427,6705,321 Surrey Central/WhiteRock,15247233,5522,39,-192
2026-07-29T00:20:37.037105+00:00,1785284427,6705,321 Surrey Central/WhiteRock,15247233,5523,40,-228
2026-07-29T00:20:37.037105+00:00,1785284427,6705,321 Surrey Central/WhiteRock,15247233,6466,41,-250
2026-07-29T00:20:37.037105+00:00,1785284427,6705,321 Surrey Central/WhiteRock,15247233,5524,42,-214
2026-07-29T00:20:37.037105+00:00,1785284427,6705,321 Surrey Central/WhiteRock,15247233,5525,43,-243
2026-07-29T00:20:37.037105+00:00,1785284427,6705,321 Surrey Central/WhiteRock,15247233,10443,44,-267
2026-07-29T00:20:37.037105+00:00,1785284427,6705,321 Surrey Central/WhiteRock,15247233,5528,45,-262
2026-07-29T00:20:37.037105+00:00,1785284427,6705,321 Surrey Central/WhiteRock,15247233,5529,46,-284
2026-07-29T00:20:37.037105+00:00,1785284427,6705,321 Surrey Central/WhiteRock,15247233,5530,47,-299
2026-07-29T00:20:37.037105+00:00,1785284427,6705,321 Surrey Central/WhiteRock,15247233,5533,48,-304
2026-07-29T00:20:37.037105+00:00,1785284427,6705,321 Surrey Central/WhiteRock,15247233,5534,49,-323
2026-07-29T00:20:37.037105+00:00,1785284427,6705,321 Surrey Central/WhiteRock,15247233,5535,50,-315
2026-07-29T00:20:37.037105+00:00,1785284427,6705,321 Surrey Central/WhiteRock,15247233,5536,51,-339
2026-07-29T00:20:37.037105+00:00,1785284427,6705,321 Surrey Central/WhiteRock,15247233,5537,52,-336
2026-07-29T00:20:37.037105+00:00,1785284427,6705,321 Surrey Central/WhiteRock,15247233,5538,53,-342
2026-07-29T00:20:37.037105+00:00,1785284427,6705,321 Surrey Central/WhiteRock,15247233,5541,54,-317
2026-07-29T00:20:37.037105+00:00,1785284427,6705,321 Surrey Central/WhiteRock,15247233,5542,55,-306
2026-07-29T00:20:37.037105+00:00,1785284427,6705,321 Surrey Central/WhiteRock,15247233,6195,56,-279
2026-07-29T00:20:37.037105+00:00,1785284427,6705,321 Surrey Central/WhiteRock,15247235,10716,2,-24
2026-07-29T00:20:37.037105+00:00,1785284427,6705,321 Surrey Central/WhiteRock,15247235,9923,3,-14
2026-07-29T00:20:37.037105+00:00,1785284427,6705,321 Surrey Central/WhiteRock,15247235,9924,4,-104
2026-07-29T00:20:37.037105+00:00,1785284427,6705,321 Surrey Central/WhiteRock,15247235,9926,5,-132
2026-07-29T00:20:37.037105+00:00,1785284427,6705,321 Surrey Central/WhiteRock,15247235,9927,6,-157
2026-07-29T00:20:37.037105+00:00,1785284427,6705,321 Surrey Central/WhiteRock,15247235,10880,7,0
2026-07-29T00:20:37.037105+00:00,1785284427,6705,321 Surrey Central/WhiteRock,15247235,5046,8,49
2026-07-29T00:20:37.037105+00:00,1785284427,6705,321 Surrey Central/WhiteRock,15247235,5047,9,53
2026-07-29T00:20:37.037105+00:00,1785284427,6705,321 Surrey Central/WhiteRock,15247235,8566,10,19
2026-07-29T00:20:37.037105+00:00,1785284427,6705,321 Surrey Central/WhiteRock,15247235,12916,11,44
2026-07-29T00:20:37.037105+00:00,1785284427,6705,321 Surrey Central/WhiteRock,15247235,5049,12,38
2026-07-29T00:20:37.037105+00:00,1785284427,6705,321 Surrey Central/WhiteRock,15247235,5039,13,24
2026-07-29T00:20:37.037105+00:00,1785284427,6705,321 Surrey Central/WhiteRock,15247235,8351,14,3
2026-07-29T00:20:37.037105+00:00,1785284427,6705,321 Surrey Central/WhiteRock,15247235,5496,15,-62
2026-07-29T00:20:37.037105+00:00,1785284427,6705,321 Surrey Central/WhiteRock,15247235,5497,16,-102
2026-07-29T00:20:37.037105+00:00,1785284427,6705,321 Surrey Central/WhiteRock,15247235,5498,17,-113
2026-07-29T00:20:37.037105+00:00,1785284427,6705,321 Surrey Central/WhiteRock,15247235,5499,18,-147
2026-07-29T00:20:37.037105+00:00,1785284427,6705,321 Surrey Central/WhiteRock,15247235,5500,19,-169
2026-07-29T00:20:37.037105+00:00,1785284427,6705,321 Surrey Central/WhiteRock,15247235,5501,20,-194
2026-07-29T00:20:37.037105+00:00,1785284427,6705,321 Surrey Central/WhiteRock,15247235,5502,21,-207
2026-07-29T00:20:37.037105+00:00,1785284427,6705,321 Surrey Central/WhiteRock,15247235,5503,22,-235
2026-07-29T00:20:37.037105+00:00,1785284427,6705,321 Surrey Central/WhiteRock,15247235,5504,23,-287
2026-07-29T00:20:37.037105+00:00,1785284427,6705,321 Surrey Central/WhiteRock,15247235,5505,24,-277
2026-07-29T00:20:37.037105+00:00,1785284427,6705,321 Surrey Central/WhiteRock,15247235,5507,25,-260
2026-07-29T00:20:37.037105+00:00,1785284427,6705,321 Surrey Central/WhiteRock,15247235,5633,26,0
2026-07-29T00:20:37.037105+00:00,1785284427,6705,321 Surrey Central/WhiteRock,15247235,5510,27,47
2026-07-29T00:20:37.037105+00:00,1785284427,6705,321 Surrey Central/WhiteRock,15247235,5511,28,40
2026-07-29T00:20:37.037105+00:00,1785284427,6705,321 Surrey Central/WhiteRock,15247235,5512,29,36
2026-07-29T00:20:37.037105+00:00,1785284427,6705,321 Surrey Central/WhiteRock,15247235,5513,30,25
2026-07-29T00:20:37.037105+00:00,1785284427,6705,321 Surrey Central/WhiteRock,15247235,5514,31,111
2026-07-29T00:20:37.037105+00:00,1785284427,6705,321 Surrey Central/WhiteRock,15247235,5515,32,105
2026-07-29T00:20:37.037105+00:00,1785284427,6705,321 Surrey Central/WhiteRock,15247235,5516,33,112
2026-07-29T00:20:37.037105+00:00,1785284427,6705,321 Surrey Central/WhiteRock,15247235,5517,34,128
2026-07-29T00:20:37.037105+00:00,1785284427,6705,321 Surrey Central/WhiteRock,15247235,5518,35,132
2026-07-29T00:20:37.037105+00:00,1785284427,6705,321 Surrey Central/WhiteRock,15247235,5519,36,113
2026-07-29T00:20:37.037105+00:00,1785284427,6705,321 Surrey Central/WhiteRock,15247235,5520,37,119
2026-07-29T00:20:37.037105+00:00,1785284427,6705,321 Surrey Central/WhiteRock,15247235,5521,38,-76
2026-07-29T00:20:37.037105+00:00,1785284427,6705,321 Surrey Central/WhiteRock,15247235,5522,39,-203
2026-07-29T00:20:37.037105+00:00,1785284427,6705,321 Surrey Central/WhiteRock,15247235,5523,40,-237
2026-07-29T00:20:37.037105+00:00,1785284427,6705,321 Surrey Central/WhiteRock,15247235,6466,41,-249
2026-07-29T00:20:37.037105+00:00,1785284427,6705,321 Surrey Central/WhiteRock,15247235,5524,42,-214
2026-07-29T00:20:37.037105+00:00,1785284427,6705,321 Surrey Central/WhiteRock,15247235,5525,43,-240
2026-07-29T00:20:37.037105+00:00,1785284427,6705,321 Surrey Central/WhiteRock,15247235,10443,44,-257
2026-07-29T00:20:37.037105+00:00,1785284427,6705,321 Surrey Central/WhiteRock,15247235,5528,45,-259
2026-07-29T00:20:37.037105+00:00,1785284427,6705,321 Surrey Central/WhiteRock,15247235,5529,46,-284
2026-07-29T00:20:37.037105+00:00,1785284427,6705,321 Surrey Central/WhiteRock,15247235,5530,47,-299
2026-07-29T00:20:37.037105+00:00,1785284427,6705,321 Surrey Central/WhiteRock,15247235,5533,48,-299
2026-07-29T00:20:37.037105+00:00,1785284427,6705,321 Surrey Central/WhiteRock,15247235,5534,49,-316
2026-07-29T00:20:37.037105+00:00,1785284427,6705,321 Surrey Central/WhiteRock,15247235,5535,50,-311
2026-07-29T00:20:37.037105+00:00,1785284427,6705,321 Surrey Central/WhiteRock,15247235,5536,51,-332
2026-07-29T00:20:37.037105+00:00,1785284427,6705,321 Surrey Central/WhiteRock,15247235,5537,52,-335
2026-07-29T00:20:37.037105+00:00,1785284427,6705,321 Surrey Central/WhiteRock,15247235,5538,53,-340
2026-07-29T00:20:37.037105+00:00,1785284427,6705,321 Surrey Central/WhiteRock,15247235,5541,54,-319
2026-07-29T00:20:37.037105+00:00,1785284427,6705,321 Surrey Central/WhiteRock,15247235,5542,55,-308
2026-07-29T00:20:37.037105+00:00,1785284427,6705,321 Surrey Central/WhiteRock,15247235,6195,56,-281
2026-07-29T00:20:37.037105+00:00,1785284427,6715,351 Bridgeport/WhiteRock,15251618,8282,25,195
2026-07-29T00:20:37.037105+00:00,1785284427,6715,351 Bridgeport/WhiteRock,15251619,8282,25,-168
2026-07-29T00:20:37.037105+00:00,1785284427,6715,351 Bridgeport/WhiteRock,15251620,5446,19,176
2026-07-29T00:20:37.037105+00:00,1785284427,6715,351 Bridgeport/WhiteRock,15251620,10445,20,168
2026-07-29T00:20:37.037105+00:00,1785284427,6715,351 Bridgeport/WhiteRock,15251620,5447,21,129
2026-07-29T00:20:37.037105+00:00,1785284427,6715,351 Bridgeport/WhiteRock,15251620,5448,22,130
2026-07-29T00:20:37.037105+00:00,1785284427,6715,351 Bridgeport/WhiteRock,15251620,6194,23,123
2026-07-29T00:20:37.037105+00:00,1785284427,6715,351 Bridgeport/WhiteRock,15251620,4928,24,-4
2026-07-29T00:20:37.037105+00:00,1785284427,6715,351 Bridgeport/WhiteRock,15251620,8282,25,96
2026-07-29T00:20:37.037105+00:00,1785284427,6715,351 Bridgeport/WhiteRock,15251621,6173,9,11
2026-07-29T00:20:37.037105+00:00,1785284427,6715,351 Bridgeport/WhiteRock,15251621,6139,10,44
2026-07-29T00:20:37.037105+00:00,1785284427,6715,351 Bridgeport/WhiteRock,15251621,5437,11,65
2026-07-29T00:20:37.037105+00:00,1785284427,6715,351 Bridgeport/WhiteRock,15251621,5438,12,54
2026-07-29T00:20:37.037105+00:00,1785284427,6715,351 Bridgeport/WhiteRock,15251621,5439,13,70
2026-07-29T00:20:37.037105+00:00,1785284427,6715,351 Bridgeport/WhiteRock,15251621,5440,14,49
2026-07-29T00:20:37.037105+00:00,1785284427,6715,351 Bridgeport/WhiteRock,15251621,5441,15,54
2026-07-29T00:20:37.037105+00:00,1785284427,6715,351 Bridgeport/WhiteRock,15251621,5442,16,25
2026-07-29T00:20:37.037105+00:00,1785284427,6715,351 Bridgeport/WhiteRock,15251621,5444,17,34
2026-07-29T00:20:37.037105+00:00,1785284427,6715,351 Bridgeport/WhiteRock,15251621,9083,18,2
2026-07-29T00:20:37.037105+00:00,1785284427,6715,351 Bridgeport/WhiteRock,15251621,5446,19,5
2026-07-29T00:20:37.037105+00:00,1785284427,6715,351 Bridgeport/WhiteRock,15251621,10445,20,-5
2026-07-29T00:20:37.037105+00:00,1785284427,6715,351 Bridgeport/WhiteRock,15251621,5447,21,-46
2026-07-29T00:20:37.037105+00:00,1785284427,6715,351 Bridgeport/WhiteRock,15251621,5448,22,-45
2026-07-29T00:20:37.037105+00:00,1785284427,6715,351 Bridgeport/WhiteRock,15251621,6194,23,0
2026-07-29T00:20:37.037105+00:00,1785284427,6715,351 Bridgeport/WhiteRock,15251621,4928,24,-127
2026-07-29T00:20:37.037105+00:00,1785284427,6715,351 Bridgeport/WhiteRock,15251621,8282,25,-26
2026-07-29T00:20:37.037105+00:00,1785284427,6715,351 Bridgeport/WhiteRock,15251698,5538,16,-588
2026-07-29T00:20:37.037105+00:00,1785284427,6715,351 Bridgeport/WhiteRock,15251698,5541,17,-536
2026-07-29T00:20:37.037105+00:00,1785284427,6715,351 Bridgeport/WhiteRock,15251698,5542,18,-516
2026-07-29T00:20:37.037105+00:00,1785284427,6715,351 Bridgeport/WhiteRock,15251698,6340,19,-468
2026-07-29T00:20:37.037105+00:00,1785284427,6715,351 Bridgeport/WhiteRock,15251698,6341,20,-445
2026-07-29T00:20:37.037105+00:00,1785284427,6715,351 Bridgeport/WhiteRock,15251698,6167,21,-429
2026-07-29T00:20:37.037105+00:00,1785284427,6715,351 Bridgeport/WhiteRock,15251699,5524,5,-604
2026-07-29T00:20:37.037105+00:00,1785284427,6715,351 Bridgeport/WhiteRock,15251699,5525,6,-618
2026-07-29T00:20:37.037105+00:00,1785284427,6715,351 Bridgeport/WhiteRock,15251699,10443,7,-612
2026-07-29T00:20:37.037105+00:00,1785284427,6715,351 Bridgeport/WhiteRock,15251699,5528,8,-594
2026-07-29T00:20:37.037105+00:00,1785284427,6715,351 Bridgeport/WhiteRock,15251699,5529,9,-603
2026-07-29T00:20:37.037105+00:00,1785284427,6715,351 Bridgeport/WhiteRock,15251699,5530,10,-601
2026-07-29T00:20:37.037105+00:00,1785284427,6715,351 Bridgeport/WhiteRock,15251699,5533,11,-583
2026-07-29T00:20:37.037105+00:00,1785284427,6715,351 Bridgeport/WhiteRock,15251699,5534,12,-585
2026-07-29T00:20:37.037105+00:00,1785284427,6715,351 Bridgeport/WhiteRock,15251699,5535,13,-559
2026-07-29T00:20:37.037105+00:00,1785284427,6715,351 Bridgeport/WhiteRock,15251699,5536,14,-564
2026-07-29T00:20:37.037105+00:00,1785284427,6715,351 Bridgeport/WhiteRock,15251699,5537,15,-538
2026-07-29T00:20:37.037105+00:00,1785284427,6715,351 Bridgeport/WhiteRock,15251699,5538,16,-533
2026-07-29T00:20:37.037105+00:00,1785284427,6715,351 Bridgeport/WhiteRock,15251699,5541,17,-481
2026-07-29T00:20:37.037105+00:00,1785284427,6715,351 Bridgeport/WhiteRock,15251699,5542,18,-460
2026-07-29T00:20:37.037105+00:00,1785284427,6715,351 Bridgeport/WhiteRock,15251699,6340,19,-412
2026-07-29T00:20:37.037105+00:00,1785284427,6715,351 Bridgeport/WhiteRock,15251699,6341,20,-388
2026-07-29T00:20:37.037105+00:00,1785284427,6715,351 Bridgeport/WhiteRock,15251699,6167,21,-374
2026-07-29T00:20:37.037105+00:00,1785284427,6715,351 Bridgeport/WhiteRock,15251700,4929,3,89
2026-07-29T00:20:37.037105+00:00,1785284427,6715,351 Bridgeport/WhiteRock,15251700,6175,4,-599
2026-07-29T00:20:37.037105+00:00,1785284427,6715,351 Bridgeport/WhiteRock,15251700,5524,5,-552
2026-07-29T00:20:37.037105+00:00,1785284427,6715,351 Bridgeport/WhiteRock,15251700,5525,6,-565
2026-07-29T00:20:37.037105+00:00,1785284427,6715,351 Bridgeport/WhiteRock,15251700,10443,7,-559
2026-07-29T00:20:37.037105+00:00,1785284427,6715,351 Bridgeport/WhiteRock,15251700,5528,8,-539
2026-07-29T00:20:37.037105+00:00,1785284427,6715,351 Bridgeport/WhiteRock,15251700,5529,9,-543
2026-07-29T00:20:37.037105+00:00,1785284427,6715,351 Bridgeport/WhiteRock,15251700,5530,10,-541
2026-07-29T00:20:37.037105+00:00,1785284427,6715,351 Bridgeport/WhiteRock,15251700,5533,11,-524
2026-07-29T00:20:37.037105+00:00,1785284427,6715,351 Bridgeport/WhiteRock,15251700,5534,12,-526
2026-07-29T00:20:37.037105+00:00,1785284427,6715,351 Bridgeport/WhiteRock,15251700,5535,13,-503
2026-07-29T00:20:37.037105+00:00,1785284427,6715,351 Bridgeport/WhiteRock,15251700,5536,14,-508
2026-07-29T00:20:37.037105+00:00,1785284427,6715,351 Bridgeport/WhiteRock,15251700,5537,15,-481
2026-07-29T00:20:37.037105+00:00,1785284427,6715,351 Bridgeport/WhiteRock,15251700,5538,16,-476
2026-07-29T00:20:37.037105+00:00,1785284427,6715,351 Bridgeport/WhiteRock,15251700,5541,17,-429
2026-07-29T00:20:37.037105+00:00,1785284427,6715,351 Bridgeport/WhiteRock,15251700,5542,18,-409
2026-07-29T00:20:37.037105+00:00,1785284427,6715,351 Bridgeport/WhiteRock,15251700,6340,19,-363
2026-07-29T00:20:37.037105+00:00,1785284427,6715,351 Bridgeport/WhiteRock,15251700,6341,20,-341
2026-07-29T00:20:37.037105+00:00,1785284427,6715,351 Bridgeport/WhiteRock,15251700,6167,21,-330
2026-07-29T00:20:37.037105+00:00,1785284427,6715,351 Bridgeport/WhiteRock,15251701,4929,3,0
2026-07-29T00:20:37.037105+00:00,1785284427,6715,351 Bridgeport/WhiteRock,15251701,6175,4,-649
2026-07-29T00:20:37.037105+00:00,1785284427,6715,351 Bridgeport/WhiteRock,15251701,5524,5,-600
2026-07-29T00:20:37.037105+00:00,1785284427,6715,351 Bridgeport/WhiteRock,15251701,5525,6,-613
2026-07-29T00:20:37.037105+00:00,1785284427,6715,351 Bridgeport/WhiteRock,15251701,10443,7,-606
2026-07-29T00:20:37.037105+00:00,1785284427,6715,351 Bridgeport/WhiteRock,15251701,5528,8,-585
2026-07-29T00:20:37.037105+00:00,1785284427,6715,351 Bridgeport/WhiteRock,15251701,5529,9,-590
2026-07-29T00:20:37.037105+00:00,1785284427,6715,351 Bridgeport/WhiteRock,15251701,5530,10,-587
2026-07-29T00:20:37.037105+00:00,1785284427,6715,351 Bridgeport/WhiteRock,15251701,5533,11,-568
2026-07-29T00:20:37.037105+00:00,1785284427,6715,351 Bridgeport/WhiteRock,15251701,5534,12,-569
2026-07-29T00:20:37.037105+00:00,1785284427,6715,351 Bridgeport/WhiteRock,15251701,5535,13,-545
2026-07-29T00:20:37.037105+00:00,1785284427,6715,351 Bridgeport/WhiteRock,15251701,5536,14,-548
2026-07-29T00:20:37.037105+00:00,1785284427,6715,351 Bridgeport/WhiteRock,15251701,5537,15,-521
2026-07-29T00:20:37.037105+00:00,1785284427,6715,351 Bridgeport/WhiteRock,15251701,5538,16,-515
2026-07-29T00:20:37.037105+00:00,1785284427,6715,351 Bridgeport/WhiteRock,15251701,5541,17,-469
2026-07-29T00:20:37.037105+00:00,1785284427,6715,351 Bridgeport/WhiteRock,15251701,5542,18,-449
2026-07-29T00:20:37.037105+00:00,1785284427,6715,351 Bridgeport/WhiteRock,15251701,6340,19,-402
2026-07-29T00:20:37.037105+00:00,1785284427,6715,351 Bridgeport/WhiteRock,15251701,6341,20,-381
2026-07-29T00:20:37.037105+00:00,1785284427,6715,351 Bridgeport/WhiteRock,15251701,6167,21,-369
2026-07-29T00:20:37.037105+00:00,1785284427,6715,351 Bridgeport/WhiteRock,15251702,4929,3,0
2026-07-29T00:20:37.037105+00:00,1785284427,6715,351 Bridgeport/WhiteRock,15251702,6175,4,-651
2026-07-29T00:20:37.037105+00:00,1785284427,6715,351 Bridgeport/WhiteRock,15251702,5524,5,-602
2026-07-29T00:20:37.037105+00:00,1785284427,6715,351 Bridgeport/WhiteRock,15251702,5525,6,-615
2026-07-29T00:20:37.037105+00:00,1785284427,6715,351 Bridgeport/WhiteRock,15251702,10443,7,-609
2026-07-29T00:20:37.037105+00:00,1785284427,6715,351 Bridgeport/WhiteRock,15251702,5528,8,-587
2026-07-29T00:20:37.037105+00:00,1785284427,6715,351 Bridgeport/WhiteRock,15251702,5529,9,-589
2026-07-29T00:20:37.037105+00:00,1785284427,6715,351 Bridgeport/WhiteRock,15251702,5530,10,-588
2026-07-29T00:20:37.037105+00:00,1785284427,6715,351 Bridgeport/WhiteRock,15251702,5533,11,-571
2026-07-29T00:20:37.037105+00:00,1785284427,6715,351 Bridgeport/WhiteRock,15251702,5534,12,-572
2026-07-29T00:20:37.037105+00:00,1785284427,6715,351 Bridgeport/WhiteRock,15251702,5535,13,-554
2026-07-29T00:20:37.037105+00:00,1785284427,6715,351 Bridgeport/WhiteRock,15251702,5536,14,-554
2026-07-29T00:20:37.037105+00:00,1785284427,6715,351 Bridgeport/WhiteRock,15251702,5537,15,-522
2026-07-29T00:20:37.037105+00:00,1785284427,6715,351 Bridgeport/WhiteRock,15251702,5538,16,-517
2026-07-29T00:20:37.037105+00:00,1785284427,6715,351 Bridgeport/WhiteRock,15251702,5541,17,-473
2026-07-29T00:20:37.037105+00:00,1785284427,6715,351 Bridgeport/WhiteRock,15251702,5542,18,-454
2026-07-29T00:20:37.037105+00:00,1785284427,6715,351 Bridgeport/WhiteRock,15251702,6340,19,-407
2026-07-29T00:20:37.037105+00:00,1785284427,6715,351 Bridgeport/WhiteRock,15251702,6341,20,-387
2026-07-29T00:20:37.037105+00:00,1785284427,6715,351 Bridgeport/WhiteRock,15251702,6167,21,-369
2026-07-29T00:20:37.037105+00:00,1785284427,11692,364 Langley Centre/Scottsdale,15252682,11139,8,291
2026-07-29T00:20:37.037105+00:00,1785284427,11692,364 Langley Centre/Scottsdale,15252682,11156,9,257
2026-07-29T00:20:37.037105+00:00,1785284427,11692,364 Langley Centre/Scottsdale,15252682,5583,10,260
2026-07-29T00:20:37.037105+00:00,1785284427,11692,364 Langley Centre/Scottsdale,15252682,5584,11,217
2026-07-29T00:20:37.037105+00:00,1785284427,11692,364 Langley Centre/Scottsdale,15252682,6464,12,191
2026-07-29T00:20:37.037105+00:00,1785284427,11692,364 Langley Centre/Scottsdale,15252682,6465,13,156
2026-07-29T00:20:37.037105+00:00,1785284427,11692,364 Langley Centre/Scottsdale,15252682,11074,14,192
2026-07-29T00:20:37.037105+00:00,1785284427,11692,364 Langley Centre/Scottsdale,15252682,11153,15,152
2026-07-29T00:20:37.037105+00:00,1785284427,11692,364 Langley Centre/Scottsdale,15252682,11150,16,103
2026-07-29T00:20:37.037105+00:00,1785284427,11692,364 Langley Centre/Scottsdale,15252682,11148,17,76
2026-07-29T00:20:37.037105+00:00,1785284427,11692,364 Langley Centre/Scottsdale,15252682,11124,18,80
2026-07-29T00:20:37.037105+00:00,1785284427,11692,364 Langley Centre/Scottsdale,15252682,11140,19,31
2026-07-29T00:20:37.037105+00:00,1785284427,11692,364 Langley Centre/Scottsdale,15252682,11145,20,18
2026-07-29T00:20:37.037105+00:00,1785284427,11692,364 Langley Centre/Scottsdale,15252682,11076,21,0
2026-07-29T00:20:37.037105+00:00,1785284427,11692,364 Langley Centre/Scottsdale,15252682,12645,22,-234
2026-07-29T00:20:37.037105+00:00,1785284427,11692,364 Langley Centre/Scottsdale,15252682,9525,23,-233
2026-07-29T00:20:37.037105+00:00,1785284427,11692,364 Langley Centre/Scottsdale,15252682,10148,24,-210
2026-07-29T00:20:37.037105+00:00,1785284427,11692,364 Langley Centre/Scottsdale,15252682,10585,25,-235
2026-07-29T00:20:37.037105+00:00,1785284427,11692,364 Langley Centre/Scottsdale,15252682,10250,26,-245
2026-07-29T00:20:37.037105+00:00,1785284427,11692,364 Langley Centre/Scottsdale,15252682,10588,27,-256
2026-07-29T00:20:37.037105+00:00,1785284427,11692,364 Langley Centre/Scottsdale,15252682,10248,28,-200
2026-07-29T00:20:37.037105+00:00,1785284427,11692,364 Langley Centre/Scottsdale,15252682,10726,29,-198
2026-07-29T00:20:37.037105+00:00,1785284427,11692,364 Langley Centre/Scottsdale,15252682,10725,30,-212
2026-07-29T00:20:37.037105+00:00,1785284427,11692,364 Langley Centre/Scottsdale,15252682,10727,31,-232
2026-07-29T00:20:37.037105+00:00,1785284427,11692,364 Langley Centre/Scottsdale,15252682,10251,32,-242
2026-07-29T00:20:37.037105+00:00,1785284427,11692,364 Langley Centre/Scottsdale,15252682,10252,33,-268
2026-07-29T00:20:37.037105+00:00,1785284427,11692,364 Langley Centre/Scottsdale,15252682,10253,34,-279
2026-07-29T00:20:37.037105+00:00,1785284427,11692,364 Langley Centre/Scottsdale,15252682,10255,35,-301
2026-07-29T00:20:37.037105+00:00,1785284427,11692,364 Langley Centre/Scottsdale,15252682,5332,36,-233
2026-07-29T00:20:37.037105+00:00,1785284427,11692,364 Langley Centre/Scottsdale,15252682,12497,37,-262
2026-07-29T00:20:37.037105+00:00,1785284427,11692,364 Langley Centre/Scottsdale,15252682,5334,38,-271
2026-07-29T00:20:37.037105+00:00,1785284427,11692,364 Langley Centre/Scottsdale,15252682,6472,39,-264
2026-07-29T00:20:37.037105+00:00,1785284427,11692,364 Langley Centre/Scottsdale,15252682,6473,40,-272
2026-07-29T00:20:37.037105+00:00,1785284427,11692,364 Langley Centre/Scottsdale,15252682,6474,41,-281
2026-07-29T00:20:37.037105+00:00,1785284427,11692,364 Langley Centre/Scottsdale,15252682,9306,42,-232
2026-07-29T00:20:37.037105+00:00,1785284427,11692,364 Langley Centre/Scottsdale,15252682,11125,43,-240
2026-07-29T00:20:37.037105+00:00,1785284427,11692,364 Langley Centre/Scottsdale,15252682,9294,44,-233
2026-07-29T00:20:37.037105+00:00,1785284427,11692,364 Langley Centre/Scottsdale,15252682,9293,45,-243
2026-07-29T00:20:37.037105+00:00,1785284427,11692,364 Langley Centre/Scottsdale,15252682,11126,46,-236
2026-07-29T00:20:37.037105+00:00,1785284427,11692,364 Langley Centre/Scottsdale,15252682,7094,47,-282
2026-07-29T00:20:37.037105+00:00,1785284427,11692,364 Langley Centre/Scottsdale,15252683,10726,29,-116
2026-07-29T00:20:37.037105+00:00,1785284427,11692,364 Langley Centre/Scottsdale,15252683,10725,30,-136
2026-07-29T00:20:37.037105+00:00,1785284427,11692,364 Langley Centre/Scottsdale,15252683,10727,31,-160
2026-07-29T00:20:37.037105+00:00,1785284427,11692,364 Langley Centre/Scottsdale,15252683,10251,32,-177
2026-07-29T00:20:37.037105+00:00,1785284427,11692,364 Langley Centre/Scottsdale,15252683,10252,33,-208
2026-07-29T00:20:37.037105+00:00,1785284427,11692,364 Langley Centre/Scottsdale,15252683,10253,34,-230
2026-07-29T00:20:37.037105+00:00,1785284427,11692,364 Langley Centre/Scottsdale,15252683,10255,35,-257
2026-07-29T00:20:37.037105+00:00,1785284427,11692,364 Langley Centre/Scottsdale,15252683,5332,36,-192
2026-07-29T00:20:37.037105+00:00,1785284427,11692,364 Langley Centre/Scottsdale,15252683,12497,37,-228
2026-07-29T00:20:37.037105+00:00,1785284427,11692,364 Langley Centre/Scottsdale,15252683,5334,38,-243
2026-07-29T00:20:37.037105+00:00,1785284427,11692,364 Langley Centre/Scottsdale,15252683,6472,39,-236
2026-07-29T00:20:37.037105+00:00,1785284427,11692,364 Langley Centre/Scottsdale,15252683,6473,40,-243
2026-07-29T00:20:37.037105+00:00,1785284427,11692,364 Langley Centre/Scottsdale,15252683,6474,41,-256
2026-07-29T00:20:37.037105+00:00,1785284427,11692,364 Langley Centre/Scottsdale,15252683,9306,42,-208
2026-07-29T00:20:37.037105+00:00,1785284427,11692,364 Langley Centre/Scottsdale,15252683,11125,43,-233
2026-07-29T00:20:37.037105+00:00,1785284427,11692,364 Langley Centre/Scottsdale,15252683,9294,44,-244
2026-07-29T00:20:37.037105+00:00,1785284427,11692,364 Langley Centre/Scottsdale,15252683,9293,45,-259
2026-07-29T00:20:37.037105+00:00,1785284427,11692,364 Langley Centre/Scottsdale,15252683,11126,46,-250
2026-07-29T00:20:37.037105+00:00,1785284427,11692,364 Langley Centre/Scottsdale,15252683,7094,47,-284
2026-07-29T00:20:37.037105+00:00,1785284427,11692,364 Langley Centre/Scottsdale,15252697,11126,46,-91
2026-07-29T00:20:37.037105+00:00,1785284427,11692,364 Langley Centre/Scottsdale,15252697,7094,47,-125
2026-07-29T00:20:37.037105+00:00,1785284427,11692,364 Langley Centre/Scottsdale,15252698,4918,3,-42
2026-07-29T00:20:37.037105+00:00,1785284427,11692,364 Langley Centre/Scottsdale,15252698,4919,4,-47
2026-07-29T00:20:37.037105+00:00,1785284427,11692,364 Langley Centre/Scottsdale,15252698,4921,5,-113
2026-07-29T00:20:37.037105+00:00,1785284427,11692,364 Langley Centre/Scottsdale,15252698,11121,6,-67
2026-07-29T00:20:37.037105+00:00,1785284427,11692,364 Langley Centre/Scottsdale,15252698,11142,7,-111
2026-07-29T00:20:37.037105+00:00,1785284427,11692,364 Langley Centre/Scottsdale,15252698,11139,8,-134
2026-07-29T00:20:37.037105+00:00,1785284427,11692,364 Langley Centre/Scottsdale,15252698,11156,9,-164
2026-07-29T00:20:37.037105+00:00,1785284427,11692,364 Langley Centre/Scottsdale,15252698,5583,10,-158
2026-07-29T00:20:37.037105+00:00,1785284427,11692,364 Langley Centre/Scottsdale,15252698,5584,11,-198
2026-07-29T00:20:37.037105+00:00,1785284427,11692,364 Langley Centre/Scottsdale,15252698,6464,12,-221
2026-07-29T00:20:37.037105+00:00,1785284427,11692,364 Langley Centre/Scottsdale,15252698,6465,13,-254
2026-07-29T00:20:37.037105+00:00,1785284427,11692,364 Langley Centre/Scottsdale,15252698,11074,14,-215
2026-07-29T00:20:37.037105+00:00,1785284427,11692,364 Langley Centre/Scottsdale,15252698,11153,15,-253
2026-07-29T00:20:37.037105+00:00,1785284427,11692,364 Langley Centre/Scottsdale,15252698,11150,16,-299
2026-07-29T00:20:37.037105+00:00,1785284427,11692,364 Langley Centre/Scottsdale,15252698,11148,17,-321
2026-07-29T00:20:37.037105+00:00,1785284427,11692,364 Langley Centre/Scottsdale,15252698,11124,18,-314
2026-07-29T00:20:37.037105+00:00,1785284427,11692,364 Langley Centre/Scottsdale,15252698,11140,19,-360
2026-07-29T00:20:37.037105+00:00,1785284427,11692,364 Langley Centre/Scottsdale,15252698,11145,20,-370
2026-07-29T00:20:37.037105+00:00,1785284427,11692,364 Langley Centre/Scottsdale,15252698,11076,21,0
2026-07-29T00:20:37.037105+00:00,1785284427,11692,364 Langley Centre/Scottsdale,15252698,12645,22,-211
2026-07-29T00:20:37.037105+00:00,1785284427,11692,364 Langley Centre/Scottsdale,15252698,9525,23,-209
2026-07-29T00:20:37.037105+00:00,1785284427,11692,364 Langley Centre/Scottsdale,15252698,10148,24,-182
2026-07-29T00:20:37.037105+00:00,1785284427,11692,364 Langley Centre/Scottsdale,15252698,10585,25,-204
2026-07-29T00:20:37.037105+00:00,1785284427,11692,364 Langley Centre/Scottsdale,15252698,10250,26,-210
2026-07-29T00:20:37.037105+00:00,1785284427,11692,364 Langley Centre/Scottsdale,15252698,10588,27,-218
2026-07-29T00:20:37.037105+00:00,1785284427,11692,364 Langley Centre/Scottsdale,15252698,10248,28,-158
2026-07-29T00:20:37.037105+00:00,1785284427,11692,364 Langley Centre/Scottsdale,15252698,10726,29,-161
2026-07-29T00:20:37.037105+00:00,1785284427,11692,364 Langley Centre/Scottsdale,15252698,10725,30,-175
2026-07-29T00:20:37.037105+00:00,1785284427,11692,364 Langley Centre/Scottsdale,15252698,10727,31,-191
2026-07-29T00:20:37.037105+00:00,1785284427,11692,364 Langley Centre/Scottsdale,15252698,10251,32,-200
2026-07-29T00:20:37.037105+00:00,1785284427,11692,364 Langley Centre/Scottsdale,15252698,10252,33,-225
2026-07-29T00:20:37.037105+00:00,1785284427,11692,364 Langley Centre/Scottsdale,15252698,10253,34,-235
2026-07-29T00:20:37.037105+00:00,1785284427,11692,364 Langley Centre/Scottsdale,15252698,10255,35,-254
2026-07-29T00:20:37.037105+00:00,1785284427,11692,364 Langley Centre/Scottsdale,15252698,5332,36,-223
2026-07-29T00:20:37.037105+00:00,1785284427,11692,364 Langley Centre/Scottsdale,15252698,12497,37,-251
2026-07-29T00:20:37.037105+00:00,1785284427,11692,364 Langley Centre/Scottsdale,15252698,5334,38,-251
2026-07-29T00:20:37.037105+00:00,1785284427,11692,364 Langley Centre/Scottsdale,15252698,6472,39,-243
2026-07-29T00:20:37.037105+00:00,1785284427,11692,364 Langley Centre/Scottsdale,15252698,6473,40,-248
2026-07-29T00:20:37.037105+00:00,1785284427,11692,364 Langley Centre/Scottsdale,15252698,6474,41,-255
2026-07-29T00:20:37.037105+00:00,1785284427,11692,364 Langley Centre/Scottsdale,15252698,9306,42,-204
2026-07-29T00:20:37.037105+00:00,1785284427,11692,364 Langley Centre/Scottsdale,15252698,11125,43,-203
2026-07-29T00:20:37.037105+00:00,1785284427,11692,364 Langley Centre/Scottsdale,15252698,9294,44,-191
2026-07-29T00:20:37.037105+00:00,1785284427,11692,364 Langley Centre/Scottsdale,15252698,9293,45,-200
2026-07-29T00:20:37.037105+00:00,1785284427,11692,364 Langley Centre/Scottsdale,15252698,11126,46,-192
2026-07-29T00:20:37.037105+00:00,1785284427,11692,364 Langley Centre/Scottsdale,15252698,7094,47,-225
2026-07-29T00:20:37.037105+00:00,1785284427,11692,364 Langley Centre/Scottsdale,15252700,11076,21,0
2026-07-29T00:20:37.037105+00:00,1785284427,11692,364 Langley Centre/Scottsdale,15252700,12645,22,-235
2026-07-29T00:20:37.037105+00:00,1785284427,11692,364 Langley Centre/Scottsdale,15252700,9525,23,-234
2026-07-29T00:20:37.037105+00:00,1785284427,11692,364 Langley Centre/Scottsdale,15252700,10148,24,-211
2026-07-29T00:20:37.037105+00:00,1785284427,11692,364 Langley Centre/Scottsdale,15252700,10585,25,-236
2026-07-29T00:20:37.037105+00:00,1785284427,11692,364 Langley Centre/Scottsdale,15252700,10250,26,-246
2026-07-29T00:20:37.037105+00:00,1785284427,11692,364 Langley Centre/Scottsdale,15252700,10588,27,-257
2026-07-29T00:20:37.037105+00:00,1785284427,11692,364 Langley Centre/Scottsdale,15252700,10248,28,-201
2026-07-29T00:20:37.037105+00:00,1785284427,11692,364 Langley Centre/Scottsdale,15252700,10726,29,-198
2026-07-29T00:20:37.037105+00:00,1785284427,11692,364 Langley Centre/Scottsdale,15252700,10725,30,-212
2026-07-29T00:20:37.037105+00:00,1785284427,11692,364 Langley Centre/Scottsdale,15252700,10727,31,-231
2026-07-29T00:20:37.037105+00:00,1785284427,11692,364 Langley Centre/Scottsdale,15252700,10251,32,-242
2026-07-29T00:20:37.037105+00:00,1785284427,11692,364 Langley Centre/Scottsdale,15252700,10252,33,-268
2026-07-29T00:20:37.037105+00:00,1785284427,11692,364 Langley Centre/Scottsdale,15252700,10253,34,-279
2026-07-29T00:20:37.037105+00:00,1785284427,11692,364 Langley Centre/Scottsdale,15252700,10255,35,-301
2026-07-29T00:20:37.037105+00:00,1785284427,11692,364 Langley Centre/Scottsdale,15252700,5332,36,-233
2026-07-29T00:20:37.037105+00:00,1785284427,11692,364 Langley Centre/Scottsdale,15252700,12497,37,-263
2026-07-29T00:20:37.037105+00:00,1785284427,11692,364 Langley Centre/Scottsdale,15252700,5334,38,-273
2026-07-29T00:20:37.037105+00:00,1785284427,11692,364 Langley Centre/Scottsdale,15252700,6472,39,-266
2026-07-29T00:20:37.037105+00:00,1785284427,11692,364 Langley Centre/Scottsdale,15252700,6473,40,-270
2026-07-29T00:20:37.037105+00:00,1785284427,11692,364 Langley Centre/Scottsdale,15252700,6474,41,-279
2026-07-29T00:20:37.037105+00:00,1785284427,11692,364 Langley Centre/Scottsdale,15252700,9306,42,-227
2026-07-29T00:20:37.037105+00:00,1785284427,11692,364 Langley Centre/Scottsdale,15252700,11125,43,-224
2026-07-29T00:20:37.037105+00:00,1785284427,11692,364 Langley Centre/Scottsdale,15252700,9294,44,-223
2026-07-29T00:20:37.037105+00:00,1785284427,11692,364 Langley Centre/Scottsdale,15252700,9293,45,-236
2026-07-29T00:20:37.037105+00:00,1785284427,11692,364 Langley Centre/Scottsdale,15252700,11126,46,-225
2026-07-29T00:20:37.037105+00:00,1785284427,11692,364 Langley Centre/Scottsdale,15252700,7094,47,-239
2026-07-29T00:20:37.037105+00:00,1785284427,11692,364 Langley Centre/Scottsdale,15252714,6476,10,-1
2026-07-29T00:20:37.037105+00:00,1785284427,11692,364 Langley Centre/Scottsdale,15252714,5381,11,-20
2026-07-29T00:20:37.037105+00:00,1785284427,11692,364 Langley Centre/Scottsdale,15252714,12496,12,-33
2026-07-29T00:20:37.037105+00:00,1785284427,11692,364 Langley Centre/Scottsdale,15252714,5382,13,-59
2026-07-29T00:20:37.037105+00:00,1785284427,11692,364 Langley Centre/Scottsdale,15252714,12516,14,119
2026-07-29T00:20:37.037105+00:00,1785284427,11692,364 Langley Centre/Scottsdale,15252714,10257,15,68
2026-07-29T00:20:37.037105+00:00,1785284427,11692,364 Langley Centre/Scottsdale,15252714,10258,16,42
2026-07-29T00:20:37.037105+00:00,1785284427,11692,364 Langley Centre/Scottsdale,15252714,10259,17,-13
2026-07-29T00:20:37.037105+00:00,1785284427,11692,364 Langley Centre/Scottsdale,15252714,10260,18,0
2026-07-29T00:20:37.037105+00:00,1785284427,11692,364 Langley Centre/Scottsdale,15252714,10729,19,-53
2026-07-29T00:20:37.037105+00:00,1785284427,11692,364 Langley Centre/Scottsdale,15252714,13067,20,-78
2026-07-29T00:20:37.037105+00:00,1785284427,11692,364 Langley Centre/Scottsdale,15252714,10633,21,-98
2026-07-29T00:20:37.037105+00:00,1785284427,11692,364 Langley Centre/Scottsdale,15252714,10149,22,-2
2026-07-29T00:20:37.037105+00:00,1785284427,11692,364 Langley Centre/Scottsdale,15252714,10587,23,-25
2026-07-29T00:20:37.037105+00:00,1785284427,11692,364 Langley Centre/Scottsdale,15252714,10261,24,-66
2026-07-29T00:20:37.037105+00:00,1785284427,11692,364 Langley Centre/Scottsdale,15252714,10586,25,-107
2026-07-29T00:20:37.037105+00:00,1785284427,11692,364 Langley Centre/Scottsdale,15252714,9547,26,-83
2026-07-29T00:20:37.037105+00:00,1785284427,11692,364 Langley Centre/Scottsdale,15252714,9526,27,-117
2026-07-29T00:20:37.037105+00:00,1785284427,11692,364 Langley Centre/Scottsdale,15252714,12646,28,-134
2026-07-29T00:20:37.037105+00:00,1785284427,11692,364 Langley Centre/Scottsdale,15252714,11075,29,-225
2026-07-29T00:20:37.037105+00:00,1785284427,11692,364 Langley Centre/Scottsdale,15252714,11174,30,-256
2026-07-29T00:20:37.037105+00:00,1785284427,11692,364 Langley Centre/Scottsdale,15252714,11175,31,-292
2026-07-29T00:20:37.037105+00:00,1785284427,11692,364 Langley Centre/Scottsdale,15252714,11123,32,-249
2026-07-29T00:20:37.037105+00:00,1785284427,11692,364 Langley Centre/Scottsdale,15252714,11176,33,-258
2026-07-29T00:20:37.037105+00:00,1785284427,11692,364 Langley Centre/Scottsdale,15252714,11177,34,-289
2026-07-29T00:20:37.037105+00:00,1785284427,11692,364 Langley Centre/Scottsdale,15252714,11178,35,-322
2026-07-29T00:20:37.037105+00:00,1785284427,11692,364 Langley Centre/Scottsdale,15252714,6459,36,-235
2026-07-29T00:20:37.037105+00:00,1785284427,11692,364 Langley Centre/Scottsdale,15252714,6460,37,-243
2026-07-29T00:20:37.037105+00:00,1785284427,11692,364 Langley Centre/Scottsdale,15252714,5621,38,-246
2026-07-29T00:20:37.037105+00:00,1785284427,11692,364 Langley Centre/Scottsdale,15252714,5622,39,-274
2026-07-29T00:20:37.037105+00:00,1785284427,11692,364 Langley Centre/Scottsdale,15252714,11122,40,-263
2026-07-29T00:20:37.037105+00:00,1785284427,11692,364 Langley Centre/Scottsdale,15252714,11155,41,-281
2026-07-29T00:20:37.037105+00:00,1785284427,11692,364 Langley Centre/Scottsdale,15252714,11143,42,-294
2026-07-29T00:20:37.037105+00:00,1785284427,11692,364 Langley Centre/Scottsdale,15252714,11141,43,-331
2026-07-29T00:20:37.037105+00:00,1785284427,11692,364 Langley Centre/Scottsdale,15252714,4936,44,-323
2026-07-29T00:20:37.037105+00:00,1785284427,11692,364 Langley Centre/Scottsdale,15252714,4937,45,-341
2026-07-29T00:20:37.037105+00:00,1785284427,11692,364 Langley Centre/Scottsdale,15252714,4938,46,-366
2026-07-29T00:20:37.037105+00:00,1785284427,11692,364 Langley Centre/Scottsdale,15252714,5229,47,-366
2026-07-29T00:20:37.037105+00:00,1785284427,11692,364 Langley Centre/Scottsdale,15252714,4917,48,-321
2026-07-29T00:20:37.037105+00:00,1785284427,11692,364 Langley Centre/Scottsdale,15252715,11075,29,-94
2026-07-29T00:20:37.037105+00:00,1785284427,11692,364 Langley Centre/Scottsdale,15252715,11174,30,-124
2026-07-29T00:20:37.037105+00:00,1785284427,11692,364 Langley Centre/Scottsdale,15252715,11175,31,-159
2026-07-29T00:20:37.037105+00:00,1785284427,11692,364 Langley Centre/Scottsdale,15252715,11123,32,-114
2026-07-29T00:20:37.037105+00:00,1785284427,11692,364 Langley Centre/Scottsdale,15252715,11176,33,-118
2026-07-29T00:20:37.037105+00:00,1785284427,11692,364 Langley Centre/Scottsdale,15252715,11177,34,-149
2026-07-29T00:20:37.037105+00:00,1785284427,11692,364 Langley Centre/Scottsdale,15252715,11178,35,-183
2026-07-29T00:20:37.037105+00:00,1785284427,11692,364 Langley Centre/Scottsdale,15252715,6459,36,-98
2026-07-29T00:20:37.037105+00:00,1785284427,11692,364 Langley Centre/Scottsdale,15252715,6460,37,-111
2026-07-29T00:20:37.037105+00:00,1785284427,11692,364 Langley Centre/Scottsdale,15252715,5621,38,-112
2026-07-29T00:20:37.037105+00:00,1785284427,11692,364 Langley Centre/Scottsdale,15252715,5622,39,-140
2026-07-29T00:20:37.037105+00:00,1785284427,11692,364 Langley Centre/Scottsdale,15252715,11122,40,-109
2026-07-29T00:20:37.037105+00:00,1785284427,11692,364 Langley Centre/Scottsdale,15252715,11155,41,-130
2026-07-29T00:20:37.037105+00:00,1785284427,11692,364 Langley Centre/Scottsdale,15252715,11143,42,-142
2026-07-29T00:20:37.037105+00:00,1785284427,11692,364 Langley Centre/Scottsdale,15252715,11141,43,-179
2026-07-29T00:20:37.037105+00:00,1785284427,11692,364 Langley Centre/Scottsdale,15252715,4936,44,-169
2026-07-29T00:20:37.037105+00:00,1785284427,11692,364 Langley Centre/Scottsdale,15252715,4937,45,-194
2026-07-29T00:20:37.037105+00:00,1785284427,11692,364 Langley Centre/Scottsdale,15252715,4938,46,-222
2026-07-29T00:20:37.037105+00:00,1785284427,11692,364 Langley Centre/Scottsdale,15252715,5229,47,-224
2026-07-29T00:20:37.037105+00:00,1785284427,11692,364 Langley Centre/Scottsdale,15252715,4917,48,-166
2026-07-29T00:20:37.037105+00:00,1785284427,11692,364 Langley Centre/Scottsdale,15252736,4917,48,41
2026-07-29T00:20:37.037105+00:00,1785284427,11692,364 Langley Centre/Scottsdale,15252751,11178,35,135
2026-07-29T00:20:37.037105+00:00,1785284427,11692,364 Langley Centre/Scottsdale,15252751,6459,36,217
2026-07-29T00:20:37.037105+00:00,1785284427,11692,364 Langley Centre/Scottsdale,15252751,6460,37,201
2026-07-29T00:20:37.037105+00:00,1785284427,11692,364 Langley Centre/Scottsdale,15252751,5621,38,196
2026-07-29T00:20:37.037105+00:00,1785284427,11692,364 Langley Centre/Scottsdale,15252751,5622,39,164
2026-07-29T00:20:37.037105+00:00,1785284427,11692,364 Langley Centre/Scottsdale,15252751,11122,40,191
2026-07-29T00:20:37.037105+00:00,1785284427,11692,364 Langley Centre/Scottsdale,15252751,11155,41,166
2026-07-29T00:20:37.037105+00:00,1785284427,11692,364 Langley Centre/Scottsdale,15252751,11143,42,150
2026-07-29T00:20:37.037105+00:00,1785284427,11692,364 Langley Centre/Scottsdale,15252751,11141,43,110
2026-07-29T00:20:37.037105+00:00,1785284427,11692,364 Langley Centre/Scottsdale,15252751,4936,44,116
2026-07-29T00:20:37.037105+00:00,1785284427,11692,364 Langley Centre/Scottsdale,15252751,4937,45,88
2026-07-29T00:20:37.037105+00:00,1785284427,11692,364 Langley Centre/Scottsdale,15252751,4938,46,57
2026-07-29T00:20:37.037105+00:00,1785284427,11692,364 Langley Centre/Scottsdale,15252751,5229,47,49
2026-07-29T00:20:37.037105+00:00,1785284427,11692,364 Langley Centre/Scottsdale,15252751,4917,48,103
2026-07-29T00:20:37.037105+00:00,1785284427,11692,364 Langley Centre/Scottsdale,15252752,13067,20,3
2026-07-29T00:20:37.037105+00:00,1785284427,11692,364 Langley Centre/Scottsdale,15252752,10633,21,-18
2026-07-29T00:20:37.037105+00:00,1785284427,11692,364 Langley Centre/Scottsdale,15252752,10149,22,78
2026-07-29T00:20:37.037105+00:00,1785284427,11692,364 Langley Centre/Scottsdale,15252752,10587,23,55
2026-07-29T00:20:37.037105+00:00,1785284427,11692,364 Langley Centre/Scottsdale,15252752,10261,24,14
2026-07-29T00:20:37.037105+00:00,1785284427,11692,364 Langley Centre/Scottsdale,15252752,10586,25,-27
2026-07-29T00:20:37.037105+00:00,1785284427,11692,364 Langley Centre/Scottsdale,15252752,9547,26,-3
2026-07-29T00:20:37.037105+00:00,1785284427,11692,364 Langley Centre/Scottsdale,15252752,9526,27,-37
2026-07-29T00:20:37.037105+00:00,1785284427,11692,364 Langley Centre/Scottsdale,15252752,12646,28,-54
2026-07-29T00:20:37.037105+00:00,1785284427,11692,364 Langley Centre/Scottsdale,15252752,11075,29,-145
2026-07-29T00:20:37.037105+00:00,1785284427,11692,364 Langley Centre/Scottsdale,15252752,11174,30,-175
2026-07-29T00:20:37.037105+00:00,1785284427,11692,364 Langley Centre/Scottsdale,15252752,11175,31,-208
2026-07-29T00:20:37.037105+00:00,1785284427,11692,364 Langley Centre/Scottsdale,15252752,11123,32,-165
2026-07-29T00:20:37.037105+00:00,1785284427,11692,364 Langley Centre/Scottsdale,15252752,11176,33,-172
2026-07-29T00:20:37.037105+00:00,1785284427,11692,364 Langley Centre/Scottsdale,15252752,11177,34,-203
2026-07-29T00:20:37.037105+00:00,1785284427,11692,364 Langley Centre/Scottsdale,15252752,11178,35,-236
2026-07-29T00:20:37.037105+00:00,1785284427,11692,364 Langley Centre/Scottsdale,15252752,6459,36,-151
2026-07-29T00:20:37.037105+00:00,1785284427,11692,364 Langley Centre/Scottsdale,15252752,6460,37,-163
2026-07-29T00:20:37.037105+00:00,1785284427,11692,364 Langley Centre/Scottsdale,15252752,5621,38,-164
2026-07-29T00:20:37.037105+00:00,1785284427,11692,364 Langley Centre/Scottsdale,15252752,5622,39,-192
2026-07-29T00:20:37.037105+00:00,1785284427,11692,364 Langley Centre/Scottsdale,15252752,11122,40,-161
2026-07-29T00:20:37.037105+00:00,1785284427,11692,364 Langley Centre/Scottsdale,15252752,11155,41,-181
2026-07-29T00:20:37.037105+00:00,1785284427,11692,364 Langley Centre/Scottsdale,15252752,11143,42,-193
2026-07-29T00:20:37.037105+00:00,1785284427,11692,364 Langley Centre/Scottsdale,15252752,11141,43,-230
2026-07-29T00:20:37.037105+00:00,1785284427,11692,364 Langley Centre/Scottsdale,15252752,4936,44,-220
2026-07-29T00:20:37.037105+00:00,1785284427,11692,364 Langley Centre/Scottsdale,15252752,4937,45,-246
2026-07-29T00:20:37.037105+00:00,1785284427,11692,364 Langley Centre/Scottsdale,15252752,4938,46,-276
2026-07-29T00:20:37.037105+00:00,1785284427,11692,364 Langley Centre/Scottsdale,15252752,5229,47,-278
2026-07-29T00:20:37.037105+00:00,1785284427,11692,364 Langley Centre/Scottsdale,15252752,4917,48,-221
2026-07-29T00:20:37.037105+00:00,1785284427,18705,531 WhiteRock/WillowBrook,15259155,12173,45,54
2026-07-29T00:20:37.037105+00:00,1785284427,18705,531 WhiteRock/WillowBrook,15259155,9291,46,27
2026-07-29T00:20:37.037105+00:00,1785284427,18705,531 WhiteRock/WillowBrook,15259155,9292,47,21
2026-07-29T00:20:37.037105+00:00,1785284427,18705,531 WhiteRock/WillowBrook,15259155,11264,48,42
2026-07-29T00:20:37.037105+00:00,1785284427,18705,531 WhiteRock/WillowBrook,15259155,9303,49,45
2026-07-29T00:20:37.037105+00:00,1785284427,18705,531 WhiteRock/WillowBrook,15259155,9304,50,40
2026-07-29T00:20:37.037105+00:00,1785284427,18705,531 WhiteRock/WillowBrook,15259155,6475,51,85
2026-07-29T00:20:37.037105+00:00,1785284427,18705,531 WhiteRock/WillowBrook,15259155,6476,52,75
2026-07-29T00:20:37.037105+00:00,1785284427,18705,531 WhiteRock/WillowBrook,15259155,5335,53,79
2026-07-29T00:20:37.037105+00:00,1785284427,18705,531 WhiteRock/WillowBrook,15259155,7100,54,113
2026-07-29T00:20:37.037105+00:00,1785284427,18705,531 WhiteRock/WillowBrook,15259174,13013,1,0
2026-07-29T00:20:37.037105+00:00,1785284427,18705,531 WhiteRock/WillowBrook,15259174,5437,2,0
2026-07-29T00:20:37.037105+00:00,1785284427,18705,531 WhiteRock/WillowBrook,15259174,5438,3,0
2026-07-29T00:20:37.037105+00:00,1785284427,18705,531 WhiteRock/WillowBrook,15259174,5439,4,0
2026-07-29T00:20:37.037105+00:00,1785284427,18705,531 WhiteRock/WillowBrook,15259174,5440,5,0
2026-07-29T00:20:37.037105+00:00,1785284427,18705,531 WhiteRock/WillowBrook,15259174,11755,6,0
2026-07-29T00:20:37.037105+00:00,1785284427,18705,531 WhiteRock/WillowBrook,15259174,11734,7,0
2026-07-29T00:20:37.037105+00:00,1785284427,18705,531 WhiteRock/WillowBrook,15259174,10856,8,0
2026-07-29T00:20:37.037105+00:00,1785284427,18705,531 WhiteRock/WillowBrook,15259174,11583,9,0
2026-07-29T00:20:37.037105+00:00,1785284427,18705,531 WhiteRock/WillowBrook,15259174,11574,10,0
2026-07-29T00:20:37.037105+00:00,1785284427,18705,531 WhiteRock/WillowBrook,15259174,11736,11,0
2026-07-29T00:20:37.037105+00:00,1785284427,18705,531 WhiteRock/WillowBrook,15259174,12379,12,0
2026-07-29T00:20:37.037105+00:00,1785284427,18705,531 WhiteRock/WillowBrook,15259174,11738,13,0
2026-07-29T00:20:37.037105+00:00,1785284427,18705,531 WhiteRock/WillowBrook,15259174,11743,14,0
2026-07-29T00:20:37.037105+00:00,1785284427,18705,531 WhiteRock/WillowBrook,15259174,12306,15,0
2026-07-29T00:20:37.037105+00:00,1785284427,18705,531 WhiteRock/WillowBrook,15259174,12218,16,0
2026-07-29T00:20:37.037105+00:00,1785284427,18705,531 WhiteRock/WillowBrook,15259174,11924,17,0
2026-07-29T00:20:37.037105+00:00,1785284427,18705,531 WhiteRock/WillowBrook,15259174,13131,18,0
2026-07-29T00:20:37.037105+00:00,1785284427,18705,531 WhiteRock/WillowBrook,15259174,11923,19,0
2026-07-29T00:20:37.037105+00:00,1785284427,18705,531 WhiteRock/WillowBrook,15259174,12597,20,0
2026-07-29T00:20:37.037105+00:00,1785284427,18705,531 WhiteRock/WillowBrook,15259174,11922,21,0
2026-07-29T00:20:37.037105+00:00,1785284427,18705,531 WhiteRock/WillowBrook,15259174,11744,22,0
2026-07-29T00:20:37.037105+00:00,1785284427,18705,531 WhiteRock/WillowBrook,15259174,11839,23,0
2026-07-29T00:20:37.037105+00:00,1785284427,18705,531 WhiteRock/WillowBrook,15259174,12922,24,0
2026-07-29T00:20:37.037105+00:00,1785284427,18705,531 WhiteRock/WillowBrook,15259174,12923,25,0
2026-07-29T00:20:37.037105+00:00,1785284427,18705,531 WhiteRock/WillowBrook,15259174,12925,26,0
2026-07-29T00:20:37.037105+00:00,1785284427,18705,531 WhiteRock/WillowBrook,15259174,12928,27,0
2026-07-29T00:20:37.037105+00:00,1785284427,18705,531 WhiteRock/WillowBrook,15259174,12930,28,0
2026-07-29T00:20:37.037105+00:00,1785284427,18705,531 WhiteRock/WillowBrook,15259174,13042,29,0
2026-07-29T00:20:37.037105+00:00,1785284427,18705,531 WhiteRock/WillowBrook,15259174,8936,30,0
2026-07-29T00:20:37.037105+00:00,1785284427,18705,531 WhiteRock/WillowBrook,15259174,9030,31,0
2026-07-29T00:20:37.037105+00:00,1785284427,18705,531 WhiteRock/WillowBrook,15259174,8937,32,0
2026-07-29T00:20:37.037105+00:00,1785284427,18705,531 WhiteRock/WillowBrook,15259174,8938,33,0
2026-07-29T00:20:37.037105+00:00,1785284427,18705,531 WhiteRock/WillowBrook,15259174,7081,34,0
2026-07-29T00:20:37.037105+00:00,1785284427,18705,531 WhiteRock/WillowBrook,15259174,7082,35,0
2026-07-29T00:20:37.037105+00:00,1785284427,18705,531 WhiteRock/WillowBrook,15259174,7083,36,0
2026-07-29T00:20:37.037105+00:00,1785284427,18705,531 WhiteRock/WillowBrook,15259174,7084,37,0
2026-07-29T00:20:37.037105+00:00,1785284427,18705,531 WhiteRock/WillowBrook,15259174,7085,38,0
2026-07-29T00:20:37.037105+00:00,1785284427,18705,531 WhiteRock/WillowBrook,15259174,8939,39,0
2026-07-29T00:20:37.037105+00:00,1785284427,18705,531 WhiteRock/WillowBrook,15259174,7086,40,0
2026-07-29T00:20:37.037105+00:00,1785284427,18705,531 WhiteRock/WillowBrook,15259174,8940,41,0
2026-07-29T00:20:37.037105+00:00,1785284427,18705,531 WhiteRock/WillowBrook,15259174,5341,42,0
2026-07-29T00:20:37.037105+00:00,1785284427,18705,531 WhiteRock/WillowBrook,15259174,5342,43,0
2026-07-29T00:20:37.037105+00:00,1785284427,18705,531 WhiteRock/WillowBrook,15259174,12293,44,0
2026-07-29T00:20:37.037105+00:00,1785284427,18705,531 WhiteRock/WillowBrook,15259174,12173,45,0
2026-07-29T00:20:37.037105+00:00,1785284427,18705,531 WhiteRock/WillowBrook,15259174,9291,46,0
2026-07-29T00:20:37.037105+00:00,1785284427,18705,531 WhiteRock/WillowBrook,15259174,9292,47,0
2026-07-29T00:20:37.037105+00:00,1785284427,18705,531 WhiteRock/WillowBrook,15259174,11264,48,0
2026-07-29T00:20:37.037105+00:00,1785284427,18705,531 WhiteRock/WillowBrook,15259174,9303,49,0
2026-07-29T00:20:37.037105+00:00,1785284427,18705,531 WhiteRock/WillowBrook,15259174,9304,50,0
2026-07-29T00:20:37.037105+00:00,1785284427,18705,531 WhiteRock/WillowBrook,15259174,6475,51,0
2026-07-29T00:20:37.037105+00:00,1785284427,18705,531 WhiteRock/WillowBrook,15259174,6476,52,0
2026-07-29T00:20:37.037105+00:00,1785284427,18705,531 WhiteRock/WillowBrook,15259174,5335,53,0
2026-07-29T00:20:37.037105+00:00,1785284427,18705,531 WhiteRock/WillowBrook,15259174,7100,54,0
2026-07-29T00:20:37.037105+00:00,1785284427,18705,531 WhiteRock/WillowBrook,15259176,8938,33,-429
2026-07-29T00:20:37.037105+00:00,1785284427,18705,531 WhiteRock/WillowBrook,15259176,7081,34,-435
2026-07-29T00:20:37.037105+00:00,1785284427,18705,531 WhiteRock/WillowBrook,15259176,7082,35,-443
2026-07-29T00:20:37.037105+00:00,1785284427,18705,531 WhiteRock/WillowBrook,15259176,7083,36,-472
2026-07-29T00:20:37.037105+00:00,1785284427,18705,531 WhiteRock/WillowBrook,15259176,7084,37,-491
2026-07-29T00:20:37.037105+00:00,1785284427,18705,531 WhiteRock/WillowBrook,15259176,7085,38,-526
2026-07-29T00:20:37.037105+00:00,1785284427,18705,531 WhiteRock/WillowBrook,15259176,8939,39,-537
2026-07-29T00:20:37.037105+00:00,1785284427,18705,531 WhiteRock/WillowBrook,15259176,7086,40,-548
2026-07-29T00:20:37.037105+00:00,1785284427,18705,531 WhiteRock/WillowBrook,15259176,8940,41,-573
2026-07-29T00:20:37.037105+00:00,1785284427,18705,531 WhiteRock/WillowBrook,15259176,5341,42,-583
2026-07-29T00:20:37.037105+00:00,1785284427,18705,531 WhiteRock/WillowBrook,15259176,5342,43,-583
2026-07-29T00:20:37.037105+00:00,1785284427,18705,531 WhiteRock/WillowBrook,15259176,12293,44,-564
2026-07-29T00:20:37.037105+00:00,1785284427,18705,531 WhiteRock/WillowBrook,15259176,12173,45,-499
2026-07-29T00:20:37.037105+00:00,1785284427,18705,531 WhiteRock/WillowBrook,15259176,9291,46,-526
2026-07-29T00:20:37.037105+00:00,1785284427,18705,531 WhiteRock/WillowBrook,15259176,9292,47,-532
2026-07-29T00:20:37.037105+00:00,1785284427,18705,531 WhiteRock/WillowBrook,15259176,11264,48,-502
2026-07-29T00:20:37.037105+00:00,1785284427,18705,531 WhiteRock/WillowBrook,15259176,9303,49,-495
2026-07-29T00:20:37.037105+00:00,1785284427,18705,531 WhiteRock/WillowBrook,15259176,9304,50,-499
2026-07-29T00:20:37.037105+00:00,1785284427,18705,531 WhiteRock/WillowBrook,15259176,6475,51,-456
2026-07-29T00:20:37.037105+00:00,1785284427,18705,531 WhiteRock/WillowBrook,15259176,6476,52,-460
2026-07-29T00:20:37.037105+00:00,1785284427,18705,531 WhiteRock/WillowBrook,15259176,5335,53,-454
2026-07-29T00:20:37.037105+00:00,1785284427,18705,531 WhiteRock/WillowBrook,15259176,7100,54,-419
2026-07-29T00:20:37.037105+00:00,1785284427,18705,531 WhiteRock/WillowBrook,15259208,11741,40,73
2026-07-29T00:20:37.037105+00:00,1785284427,18705,531 WhiteRock/WillowBrook,15259208,11740,41,53
2026-07-29T00:20:37.037105+00:00,1785284427,18705,531 WhiteRock/WillowBrook,15259208,11739,42,102
2026-07-29T00:20:37.037105+00:00,1785284427,18705,531 WhiteRock/WillowBrook,15259208,11737,43,148
2026-07-29T00:20:37.037105+00:00,1785284427,18705,531 WhiteRock/WillowBrook,15259208,11757,44,118
2026-07-29T00:20:37.037105+00:00,1785284427,18705,531 WhiteRock/WillowBrook,15259208,11735,45,157
2026-07-29T00:20:37.037105+00:00,1785284427,18705,531 WhiteRock/WillowBrook,15259208,11756,46,164
2026-07-29T00:20:37.037105+00:00,1785284427,18705,531 WhiteRock/WillowBrook,15259208,5535,47,193
2026-07-29T00:20:37.037105+00:00,1785284427,18705,531 WhiteRock/WillowBrook,15259208,5536,48,169
2026-07-29T00:20:37.037105+00:00,1785284427,18705,531 WhiteRock/WillowBrook,15259208,5537,49,168
2026-07-29T00:20:37.037105+00:00,1785284427,18705,531 WhiteRock/WillowBrook,15259208,5538,50,161
2026-07-29T00:20:37.037105+00:00,1785284427,18705,531 WhiteRock/WillowBrook,15259208,5539,51,163
2026-07-29T00:20:37.037105+00:00,1785284427,18705,531 WhiteRock/WillowBrook,15259208,5540,52,159
2026-07-29T00:20:37.037105+00:00,1785284427,18705,531 WhiteRock/WillowBrook,15259209,11750,31,-88
2026-07-29T00:20:37.037105+00:00,1785284427,18705,531 WhiteRock/WillowBrook,15259209,11747,32,-116
2026-07-29T00:20:37.037105+00:00,1785284427,18705,531 WhiteRock/WillowBrook,15259209,11745,33,-119
2026-07-29T00:20:37.037105+00:00,1785284427,18705,531 WhiteRock/WillowBrook,15259209,13040,34,-127
2026-07-29T00:20:37.037105+00:00,1785284427,18705,531 WhiteRock/WillowBrook,15259209,12598,35,-153
2026-07-29T00:20:37.037105+00:00,1785284427,18705,531 WhiteRock/WillowBrook,15259209,11920,36,-212
2026-07-29T00:20:37.037105+00:00,1785284427,18705,531 WhiteRock/WillowBrook,15259209,13130,37,-250
2026-07-29T00:20:37.037105+00:00,1785284427,18705,531 WhiteRock/WillowBrook,15259209,11925,38,-288
2026-07-29T00:20:37.037105+00:00,1785284427,18705,531 WhiteRock/WillowBrook,15259209,12219,39,-316
2026-07-29T00:20:37.037105+00:00,1785284427,18705,531 WhiteRock/WillowBrook,15259209,11741,40,-463
2026-07-29T00:20:37.037105+00:00,1785284427,18705,531 WhiteRock/WillowBrook,15259209,11740,41,-483
2026-07-29T00:20:37.037105+00:00,1785284427,18705,531 WhiteRock/WillowBrook,15259209,11739,42,-435
2026-07-29T00:20:37.037105+00:00,1785284427,18705,531 WhiteRock/WillowBrook,15259209,11737,43,-390
2026-07-29T00:20:37.037105+00:00,1785284427,18705,531 WhiteRock/WillowBrook,15259209,11757,44,-420
2026-07-29T00:20:37.037105+00:00,1785284427,18705,531 WhiteRock/WillowBrook,15259209,11735,45,-381
2026-07-29T00:20:37.037105+00:00,1785284427,18705,531 WhiteRock/WillowBrook,15259209,11756,46,-374
2026-07-29T00:20:37.037105+00:00,1785284427,18705,531 WhiteRock/WillowBrook,15259209,5535,47,-341
2026-07-29T00:20:37.037105+00:00,1785284427,18705,531 WhiteRock/WillowBrook,15259209,5536,48,-367
2026-07-29T00:20:37.037105+00:00,1785284427,18705,531 WhiteRock/WillowBrook,15259209,5537,49,-367
2026-07-29T00:20:37.037105+00:00,1785284427,18705,531 WhiteRock/WillowBrook,15259209,5538,50,-374
2026-07-29T00:20:37.037105+00:00,1785284427,18705,531 WhiteRock/WillowBrook,15259209,5539,51,-368
2026-07-29T00:20:37.037105+00:00,1785284427,18705,531 WhiteRock/WillowBrook,15259209,5540,52,-359
2026-07-29T00:20:37.037105+00:00,1785284427,18705,531 WhiteRock/WillowBrook,15259211,11754,1,0
2026-07-29T00:20:37.037105+00:00,1785284427,18705,531 WhiteRock/WillowBrook,15259211,9293,7,-900
2026-07-29T00:20:37.037105+00:00,1785284427,18705,531 WhiteRock/WillowBrook,15259211,11126,8,-891
2026-07-29T00:20:37.037105+00:00,1785284427,18705,531 WhiteRock/WillowBrook,15259211,7094,9,-910
2026-07-29T00:20:37.037105+00:00,1785284427,18705,531 WhiteRock/WillowBrook,15259211,7166,10,-927
2026-07-29T00:20:37.037105+00:00,1785284427,18705,531 WhiteRock/WillowBrook,15259211,7092,11,-884
2026-07-29T00:20:37.037105+00:00,1785284427,18705,531 WhiteRock/WillowBrook,15259211,10747,12,-865
2026-07-29T00:20:37.037105+00:00,1785284427,18705,531 WhiteRock/WillowBrook,15259211,5364,13,-856
2026-07-29T00:20:37.037105+00:00,1785284427,18705,531 WhiteRock/WillowBrook,15259211,11775,14,-826
2026-07-29T00:20:37.037105+00:00,1785284427,18705,531 WhiteRock/WillowBrook,15259211,7171,15,-849
2026-07-29T00:20:37.037105+00:00,1785284427,18705,531 WhiteRock/WillowBrook,15259211,7172,16,-882
2026-07-29T00:20:37.037105+00:00,1785284427,18705,531 WhiteRock/WillowBrook,15259211,7173,17,-893
2026-07-29T00:20:37.037105+00:00,1785284427,18705,531 WhiteRock/WillowBrook,15259211,7174,18,-928
2026-07-29T00:20:37.037105+00:00,1785284427,18705,531 WhiteRock/WillowBrook,15259211,7175,19,-940
2026-07-29T00:20:37.037105+00:00,1785284427,18705,531 WhiteRock/WillowBrook,15259211,7176,20,-965
2026-07-29T00:20:37.037105+00:00,1785284427,18705,531 WhiteRock/WillowBrook,15259211,7177,21,-962
2026-07-29T00:20:37.037105+00:00,1785284427,18705,531 WhiteRock/WillowBrook,15259211,8948,22,-985
2026-07-29T00:20:37.037105+00:00,1785284427,18705,531 WhiteRock/WillowBrook,15259211,9031,23,-1001
2026-07-29T00:20:37.037105+00:00,1785284427,18705,531 WhiteRock/WillowBrook,15259211,12931,24,-1003
2026-07-29T00:20:37.037105+00:00,1785284427,18705,531 WhiteRock/WillowBrook,15259211,13041,25,-1033
2026-07-29T00:20:37.037105+00:00,1785284427,18705,531 WhiteRock/WillowBrook,15259211,12929,26,-1048
2026-07-29T00:20:37.037105+00:00,1785284427,18705,531 WhiteRock/WillowBrook,15259211,12927,27,-1076
2026-07-29T00:20:37.037105+00:00,1785284427,18705,531 WhiteRock/WillowBrook,15259211,12926,28,-1074
2026-07-29T00:20:37.037105+00:00,1785284427,18705,531 WhiteRock/WillowBrook,15259211,12924,29,-1101
2026-07-29T00:20:37.037105+00:00,1785284427,18705,531 WhiteRock/WillowBrook,15259211,11751,30,-1090
2026-07-29T00:20:37.037105+00:00,1785284427,18705,531 WhiteRock/WillowBrook,15259211,11750,31,-1130
2026-07-29T00:20:37.037105+00:00,1785284427,18705,531 WhiteRock/WillowBrook,15259211,11747,32,-1158
2026-07-29T00:20:37.037105+00:00,1785284427,18705,531 WhiteRock/WillowBrook,15259211,11745,33,-1171
2026-07-29T00:20:37.037105+00:00,1785284427,18705,531 WhiteRock/WillowBrook,15259211,13040,34,-1175
2026-07-29T00:20:37.037105+00:00,1785284427,18705,531 WhiteRock/WillowBrook,15259211,12598,35,-1196
2026-07-29T00:20:37.037105+00:00,1785284427,18705,531 WhiteRock/WillowBrook,15259211,11920,36,-1250
2026-07-29T00:20:37.037105+00:00,1785284427,18705,531 WhiteRock/WillowBrook,15259211,13130,37,-1284
2026-07-29T00:20:37.037105+00:00,1785284427,18705,531 WhiteRock/WillowBrook,15259211,11925,38,-1317
2026-07-29T00:20:37.037105+00:00,1785284427,18705,531 WhiteRock/WillowBrook,15259211,12219,39,-1346
2026-07-29T00:20:37.037105+00:00,1785284427,18705,531 WhiteRock/WillowBrook,15259211,11741,40,-1471
2026-07-29T00:20:37.037105+00:00,1785284427,18705,531 WhiteRock/WillowBrook,15259211,11740,41,-1488
2026-07-29T00:20:37.037105+00:00,1785284427,18705,531 WhiteRock/WillowBrook,15259211,11739,42,-1437
2026-07-29T00:20:37.037105+00:00,1785284427,18705,531 WhiteRock/WillowBrook,15259211,11737,43,-1389
2026-07-29T00:20:37.037105+00:00,1785284427,18705,531 WhiteRock/WillowBrook,15259211,11757,44,-1417
2026-07-29T00:20:37.037105+00:00,1785284427,18705,531 WhiteRock/WillowBrook,15259211,11735,45,-1390
2026-07-29T00:20:37.037105+00:00,1785284427,18705,531 WhiteRock/WillowBrook,15259211,11756,46,-1387
2026-07-29T00:20:37.037105+00:00,1785284427,18705,531 WhiteRock/WillowBrook,15259211,5535,47,-1354
2026-07-29T00:20:37.037105+00:00,1785284427,18705,531 WhiteRock/WillowBrook,15259211,5536,48,-1377
2026-07-29T00:20:37.037105+00:00,1785284427,18705,531 WhiteRock/WillowBrook,15259211,5537,49,-1380
2026-07-29T00:20:37.037105+00:00,1785284427,18705,531 WhiteRock/WillowBrook,15259211,5538,50,-1386
2026-07-29T00:20:37.037105+00:00,1785284427,18705,531 WhiteRock/WillowBrook,15259211,5539,51,-1374
2026-07-29T00:20:37.037105+00:00,1785284427,18705,531 WhiteRock/WillowBrook,15259211,5540,52,-1363
2026-07-29T00:20:37.037105+00:00,1785284427,18705,531 WhiteRock/WillowBrook,15259222,7092,11,34
2026-07-29T00:20:37.037105+00:00,1785284427,18705,531 WhiteRock/WillowBrook,15259222,10747,12,51
2026-07-29T00:20:37.037105+00:00,1785284427,18705,531 WhiteRock/WillowBrook,15259222,5364,13,56
2026-07-29T00:20:37.037105+00:00,1785284427,18705,531 WhiteRock/WillowBrook,15259222,11775,14,82
2026-07-29T00:20:37.037105+00:00,1785284427,18705,531 WhiteRock/WillowBrook,15259222,7171,15,52
2026-07-29T00:20:37.037105+00:00,1785284427,18705,531 WhiteRock/WillowBrook,15259222,7172,16,14
2026-07-29T00:20:37.037105+00:00,1785284427,18705,531 WhiteRock/WillowBrook,15259222,7173,17,2
2026-07-29T00:20:37.037105+00:00,1785284427,18705,531 WhiteRock/WillowBrook,15259222,7174,18,-39
2026-07-29T00:20:37.037105+00:00,1785284427,18705,531 WhiteRock/WillowBrook,15259222,7175,19,-54
2026-07-29T00:20:37.037105+00:00,1785284427,18705,531 WhiteRock/WillowBrook,15259222,7176,20,-83
2026-07-29T00:20:37.037105+00:00,1785284427,18705,531 WhiteRock/WillowBrook,15259222,7177,21,-80
2026-07-29T00:20:37.037105+00:00,1785284427,18705,531 WhiteRock/WillowBrook,15259222,8948,22,-108
2026-07-29T00:20:37.037105+00:00,1785284427,18705,531 WhiteRock/WillowBrook,15259222,9031,23,-127
2026-07-29T00:20:37.037105+00:00,1785284427,18705,531 WhiteRock/WillowBrook,15259222,12931,24,-131
2026-07-29T00:20:37.037105+00:00,1785284427,18705,531 WhiteRock/WillowBrook,15259222,13041,25,-166
2026-07-29T00:20:37.037105+00:00,1785284427,18705,531 WhiteRock/WillowBrook,15259222,12929,26,-186
2026-07-29T00:20:37.037105+00:00,1785284427,18705,531 WhiteRock/WillowBrook,15259222,12927,27,-215
2026-07-29T00:20:37.037105+00:00,1785284427,18705,531 WhiteRock/WillowBrook,15259222,12926,28,-217
2026-07-29T00:20:37.037105+00:00,1785284427,18705,531 WhiteRock/WillowBrook,15259222,12924,29,-240
2026-07-29T00:20:37.037105+00:00,1785284427,18705,531 WhiteRock/WillowBrook,15259222,11751,30,-233
2026-07-29T00:20:37.037105+00:00,1785284427,18705,531 WhiteRock/WillowBrook,15259222,11750,31,-279
2026-07-29T00:20:37.037105+00:00,1785284427,18705,531 WhiteRock/WillowBrook,15259222,11747,32,-311
2026-07-29T00:20:37.037105+00:00,1785284427,18705,531 WhiteRock/WillowBrook,15259222,11745,33,-324
2026-07-29T00:20:37.037105+00:00,1785284427,18705,531 WhiteRock/WillowBrook,15259222,13040,34,-332
2026-07-29T00:20:37.037105+00:00,1785284427,18705,531 WhiteRock/WillowBrook,15259222,12598,35,-358
2026-07-29T00:20:37.037105+00:00,1785284427,18705,531 WhiteRock/WillowBrook,15259222,11920,36,-418
2026-07-29T00:20:37.037105+00:00,1785284427,18705,531 WhiteRock/WillowBrook,15259222,13130,37,-456
2026-07-29T00:20:37.037105+00:00,1785284427,18705,531 WhiteRock/WillowBrook,15259222,11925,38,-493
2026-07-29T00:20:37.037105+00:00,1785284427,18705,531 WhiteRock/WillowBrook,15259222,12219,39,-522
2026-07-29T00:20:37.037105+00:00,1785284427,18705,531 WhiteRock/WillowBrook,15259222,11741,40,-672
2026-07-29T00:20:37.037105+00:00,1785284427,18705,531 WhiteRock/WillowBrook,15259222,11740,41,-695
2026-07-29T00:20:37.037105+00:00,1785284427,18705,531 WhiteRock/WillowBrook,15259222,11739,42,-647
2026-07-29T00:20:37.037105+00:00,1785284427,18705,531 WhiteRock/WillowBrook,15259222,11737,43,-602
2026-07-29T00:20:37.037105+00:00,1785284427,18705,531 WhiteRock/WillowBrook,15259222,11757,44,-634
2026-07-29T00:20:37.037105+00:00,1785284427,18705,531 WhiteRock/WillowBrook,15259222,11735,45,-595
2026-07-29T00:20:37.037105+00:00,1785284427,18705,531 WhiteRock/WillowBrook,15259222,11756,46,-590
2026-07-29T00:20:37.037105+00:00,1785284427,18705,531 WhiteRock/WillowBrook,15259222,5535,47,-557
2026-07-29T00:20:37.037105+00:00,1785284427,18705,531 WhiteRock/WillowBrook,15259222,5536,48,-585
2026-07-29T00:20:37.037105+00:00,1785284427,18705,531 WhiteRock/WillowBrook,15259222,5537,49,-592
2026-07-29T00:20:37.037105+00:00,1785284427,18705,531 WhiteRock/WillowBrook,15259222,5538,50,-600
2026-07-29T00:20:37.037105+00:00,1785284427,18705,531 WhiteRock/WillowBrook,15259222,5539,51,-591
2026-07-29T00:20:37.037105+00:00,1785284427,18705,531 WhiteRock/WillowBrook,15259222,5540,52,-584
2026-07-29T00:25:32.140063+00:00,1785284727,6705,321 Surrey Central/WhiteRock,15247050,9930,59,186
2026-07-29T00:25:32.140063+00:00,1785284727,6705,321 Surrey Central/WhiteRock,15247050,9932,60,88
2026-07-29T00:25:32.140063+00:00,1785284727,6705,321 Surrey Central/WhiteRock,15247051,5041,54,181
2026-07-29T00:25:32.140063+00:00,1785284727,6705,321 Surrey Central/WhiteRock,15247051,12155,55,192
2026-07-29T00:25:32.140063+00:00,1785284727,6705,321 Surrey Central/WhiteRock,15247051,11882,56,229
2026-07-29T00:25:32.140063+00:00,1785284727,6705,321 Surrey Central/WhiteRock,15247051,10442,57,322
2026-07-29T00:25:32.140063+00:00,1785284727,6705,321 Surrey Central/WhiteRock,15247051,9929,58,351
2026-07-29T00:25:32.140063+00:00,1785284727,6705,321 Surrey Central/WhiteRock,15247051,9930,59,301
2026-07-29T00:25:32.140063+00:00,1785284727,6705,321 Surrey Central/WhiteRock,15247051,9932,60,214
2026-07-29T00:25:32.140063+00:00,1785284727,6705,321 Surrey Central/WhiteRock,15247053,5449,23,193
2026-07-29T00:25:32.140063+00:00,1785284727,6705,321 Surrey Central/WhiteRock,15247053,11313,24,151
2026-07-29T00:25:32.140063+00:00,1785284727,6705,321 Surrey Central/WhiteRock,15247053,10808,25,2
2026-07-29T00:25:32.140063+00:00,1785284727,6705,321 Surrey Central/WhiteRock,15247053,5452,26,-68
2026-07-29T00:25:32.140063+00:00,1785284727,6705,321 Surrey Central/WhiteRock,15247053,11913,27,-87
2026-07-29T00:25:32.140063+00:00,1785284727,6705,321 Surrey Central/WhiteRock,15247053,5454,28,-101
2026-07-29T00:25:32.140063+00:00,1785284727,6705,321 Surrey Central/WhiteRock,15247053,5455,29,-104
2026-07-29T00:25:32.140063+00:00,1785284727,6705,321 Surrey Central/WhiteRock,15247053,5456,30,4
2026-07-29T00:25:32.140063+00:00,1785284727,6705,321 Surrey Central/WhiteRock,15247053,12651,31,-25
2026-07-29T00:25:32.140063+00:00,1785284727,6705,321 Surrey Central/WhiteRock,15247053,5458,32,-26
2026-07-29T00:25:32.140063+00:00,1785284727,6705,321 Surrey Central/WhiteRock,15247053,5459,33,-18
2026-07-29T00:25:32.140063+00:00,1785284727,6705,321 Surrey Central/WhiteRock,15247053,5460,34,-25
2026-07-29T00:25:32.140063+00:00,1785284727,6705,321 Surrey Central/WhiteRock,15247053,5461,35,-35
2026-07-29T00:25:32.140063+00:00,1785284727,6705,321 Surrey Central/WhiteRock,15247053,5462,36,-40
2026-07-29T00:25:32.140063+00:00,1785284727,6705,321 Surrey Central/WhiteRock,15247053,5463,37,23
2026-07-29T00:25:32.140063+00:00,1785284727,6705,321 Surrey Central/WhiteRock,15247053,5700,38,143
2026-07-29T00:25:32.140063+00:00,1785284727,6705,321 Surrey Central/WhiteRock,15247053,5465,39,141
2026-07-29T00:25:32.140063+00:00,1785284727,6705,321 Surrey Central/WhiteRock,15247053,5466,40,95
2026-07-29T00:25:32.140063+00:00,1785284727,6705,321 Surrey Central/WhiteRock,15247053,5467,41,113
2026-07-29T00:25:32.140063+00:00,1785284727,6705,321 Surrey Central/WhiteRock,15247053,5468,42,84
2026-07-29T00:25:32.140063+00:00,1785284727,6705,321 Surrey Central/WhiteRock,15247053,5469,43,41
2026-07-29T00:25:32.140063+00:00,1785284727,6705,321 Surrey Central/WhiteRock,15247053,5470,44,15
2026-07-29T00:25:32.140063+00:00,1785284727,6705,321 Surrey Central/WhiteRock,15247053,5471,45,-19
2026-07-29T00:25:32.140063+00:00,1785284727,6705,321 Surrey Central/WhiteRock,15247053,5472,46,-47
2026-07-29T00:25:32.140063+00:00,1785284727,6705,321 Surrey Central/WhiteRock,15247053,5473,47,-99
2026-07-29T00:25:32.140063+00:00,1785284727,6705,321 Surrey Central/WhiteRock,15247053,5474,48,-105
2026-07-29T00:25:32.140063+00:00,1785284727,6705,321 Surrey Central/WhiteRock,15247053,5475,49,-154
2026-07-29T00:25:32.140063+00:00,1785284727,6705,321 Surrey Central/WhiteRock,15247053,5476,50,-185
2026-07-29T00:25:32.140063+00:00,1785284727,6705,321 Surrey Central/WhiteRock,15247053,5477,51,-207
2026-07-29T00:25:32.140063+00:00,1785284727,6705,321 Surrey Central/WhiteRock,15247053,11725,52,-233
2026-07-29T00:25:32.140063+00:00,1785284727,6705,321 Surrey Central/WhiteRock,15247053,5040,53,-216
2026-07-29T00:25:32.140063+00:00,1785284727,6705,321 Surrey Central/WhiteRock,15247053,5041,54,-212
2026-07-29T00:25:32.140063+00:00,1785284727,6705,321 Surrey Central/WhiteRock,15247053,12155,55,-202
2026-07-29T00:25:32.140063+00:00,1785284727,6705,321 Surrey Central/WhiteRock,15247053,11882,56,0
2026-07-29T00:25:32.140063+00:00,1785284727,6705,321 Surrey Central/WhiteRock,15247053,10442,57,79
2026-07-29T00:25:32.140063+00:00,1785284727,6705,321 Surrey Central/WhiteRock,15247053,9929,58,90
2026-07-29T00:25:32.140063+00:00,1785284727,6705,321 Surrey Central/WhiteRock,15247053,9930,59,39
2026-07-29T00:25:32.140063+00:00,1785284727,6705,321 Surrey Central/WhiteRock,15247053,9932,60,-47
2026-07-29T00:25:32.140063+00:00,1785284727,6705,321 Surrey Central/WhiteRock,15247054,5444,16,191
2026-07-29T00:25:32.140063+00:00,1785284727,6705,321 Surrey Central/WhiteRock,15247054,9083,17,168
2026-07-29T00:25:32.140063+00:00,1785284727,6705,321 Surrey Central/WhiteRock,15247054,5446,18,174
2026-07-29T00:25:32.140063+00:00,1785284727,6705,321 Surrey Central/WhiteRock,15247054,10445,19,167
2026-07-29T00:25:32.140063+00:00,1785284727,6705,321 Surrey Central/WhiteRock,15247054,5447,20,131
2026-07-29T00:25:32.140063+00:00,1785284727,6705,321 Surrey Central/WhiteRock,15247054,5448,21,138
2026-07-29T00:25:32.140063+00:00,1785284727,6705,321 Surrey Central/WhiteRock,15247054,10437,22,138
2026-07-29T00:25:32.140063+00:00,1785284727,6705,321 Surrey Central/WhiteRock,15247054,5449,23,82
2026-07-29T00:25:32.140063+00:00,1785284727,6705,321 Surrey Central/WhiteRock,15247054,11313,24,47
2026-07-29T00:25:32.140063+00:00,1785284727,6705,321 Surrey Central/WhiteRock,15247054,10808,25,-102
2026-07-29T00:25:32.140063+00:00,1785284727,6705,321 Surrey Central/WhiteRock,15247054,5452,26,-172
2026-07-29T00:25:32.140063+00:00,1785284727,6705,321 Surrey Central/WhiteRock,15247054,11913,27,-192
2026-07-29T00:25:32.140063+00:00,1785284727,6705,321 Surrey Central/WhiteRock,15247054,5454,28,-207
2026-07-29T00:25:32.140063+00:00,1785284727,6705,321 Surrey Central/WhiteRock,15247054,5455,29,-208
2026-07-29T00:25:32.140063+00:00,1785284727,6705,321 Surrey Central/WhiteRock,15247054,5456,30,-101
2026-07-29T00:25:32.140063+00:00,1785284727,6705,321 Surrey Central/WhiteRock,15247054,12651,31,-131
2026-07-29T00:25:32.140063+00:00,1785284727,6705,321 Surrey Central/WhiteRock,15247054,5458,32,-131
2026-07-29T00:25:32.140063+00:00,1785284727,6705,321 Surrey Central/WhiteRock,15247054,5459,33,-123
2026-07-29T00:25:32.140063+00:00,1785284727,6705,321 Surrey Central/WhiteRock,15247054,5460,34,-130
2026-07-29T00:25:32.140063+00:00,1785284727,6705,321 Surrey Central/WhiteRock,15247054,5461,35,-140
2026-07-29T00:25:32.140063+00:00,1785284727,6705,321 Surrey Central/WhiteRock,15247054,5462,36,-145
2026-07-29T00:25:32.140063+00:00,1785284727,6705,321 Surrey Central/WhiteRock,15247054,5463,37,-81
2026-07-29T00:25:32.140063+00:00,1785284727,6705,321 Surrey Central/WhiteRock,15247054,5700,38,39
2026-07-29T00:25:32.140063+00:00,1785284727,6705,321 Surrey Central/WhiteRock,15247054,5465,39,37
2026-07-29T00:25:32.140063+00:00,1785284727,6705,321 Surrey Central/WhiteRock,15247054,5466,40,-9
2026-07-29T00:25:32.140063+00:00,1785284727,6705,321 Surrey Central/WhiteRock,15247054,5467,41,8
2026-07-29T00:25:32.140063+00:00,1785284727,6705,321 Surrey Central/WhiteRock,15247054,5468,42,-22
2026-07-29T00:25:32.140063+00:00,1785284727,6705,321 Surrey Central/WhiteRock,15247054,5469,43,-68
2026-07-29T00:25:32.140063+00:00,1785284727,6705,321 Surrey Central/WhiteRock,15247054,5470,44,-94
2026-07-29T00:25:32.140063+00:00,1785284727,6705,321 Surrey Central/WhiteRock,15247054,5471,45,-129
2026-07-29T00:25:32.140063+00:00,1785284727,6705,321 Surrey Central/WhiteRock,15247054,5472,46,-159
2026-07-29T00:25:32.140063+00:00,1785284727,6705,321 Surrey Central/WhiteRock,15247054,5473,47,-211
2026-07-29T00:25:32.140063+00:00,1785284727,6705,321 Surrey Central/WhiteRock,15247054,5474,48,-222
2026-07-29T00:25:32.140063+00:00,1785284727,6705,321 Surrey Central/WhiteRock,15247054,5475,49,-270
2026-07-29T00:25:32.140063+00:00,1785284727,6705,321 Surrey Central/WhiteRock,15247054,5476,50,-303
2026-07-29T00:25:32.140063+00:00,1785284727,6705,321 Surrey Central/WhiteRock,15247054,5477,51,-327
2026-07-29T00:25:32.140063+00:00,1785284727,6705,321 Surrey Central/WhiteRock,15247054,11725,52,-353
2026-07-29T00:25:32.140063+00:00,1785284727,6705,321 Surrey Central/WhiteRock,15247054,5040,53,-342
2026-07-29T00:25:32.140063+00:00,1785284727,6705,321 Surrey Central/WhiteRock,15247054,5041,54,-337
2026-07-29T00:25:32.140063+00:00,1785284727,6705,321 Surrey Central/WhiteRock,15247054,12155,55,-328
2026-07-29T00:25:32.140063+00:00,1785284727,6705,321 Surrey Central/WhiteRock,15247054,11882,56,0
2026-07-29T00:25:32.140063+00:00,1785284727,6705,321 Surrey Central/WhiteRock,15247054,10442,57,77
2026-07-29T00:25:32.140063+00:00,1785284727,6705,321 Surrey Central/WhiteRock,15247054,9929,58,87
2026-07-29T00:25:32.140063+00:00,1785284727,6705,321 Surrey Central/WhiteRock,15247054,9930,59,34
2026-07-29T00:25:32.140063+00:00,1785284727,6705,321 Surrey Central/WhiteRock,15247054,9932,60,-54
2026-07-29T00:25:32.140063+00:00,1785284727,6705,321 Surrey Central/WhiteRock,15247067,5700,38,163
2026-07-29T00:25:32.140063+00:00,1785284727,6705,321 Surrey Central/WhiteRock,15247067,5465,39,112
2026-07-29T00:25:32.140063+00:00,1785284727,6705,321 Surrey Central/WhiteRock,15247067,5466,40,67
2026-07-29T00:25:32.140063+00:00,1785284727,6705,321 Surrey Central/WhiteRock,15247067,5467,41,84
2026-07-29T00:25:32.140063+00:00,1785284727,6705,321 Surrey Central/WhiteRock,15247067,5468,42,56
2026-07-29T00:25:32.140063+00:00,1785284727,6705,321 Surrey Central/WhiteRock,15247067,5469,43,21
2026-07-29T00:25:32.140063+00:00,1785284727,6705,321 Surrey Central/WhiteRock,15247067,5470,44,-5
2026-07-29T00:25:32.140063+00:00,1785284727,6705,321 Surrey Central/WhiteRock,15247067,5471,45,-40
2026-07-29T00:25:32.140063+00:00,1785284727,6705,321 Surrey Central/WhiteRock,15247067,5472,46,-71
2026-07-29T00:25:32.140063+00:00,1785284727,6705,321 Surrey Central/WhiteRock,15247067,5473,47,-122
2026-07-29T00:25:32.140063+00:00,1785284727,6705,321 Surrey Central/WhiteRock,15247067,5474,48,-130
2026-07-29T00:25:32.140063+00:00,1785284727,6705,321 Surrey Central/WhiteRock,15247067,5475,49,-180
2026-07-29T00:25:32.140063+00:00,1785284727,6705,321 Surrey Central/WhiteRock,15247067,5476,50,-213
2026-07-29T00:25:32.140063+00:00,1785284727,6705,321 Surrey Central/WhiteRock,15247067,5477,51,-235
2026-07-29T00:25:32.140063+00:00,1785284727,6705,321 Surrey Central/WhiteRock,15247067,11725,52,-261
2026-07-29T00:25:32.140063+00:00,1785284727,6705,321 Surrey Central/WhiteRock,15247067,5040,53,-250
2026-07-29T00:25:32.140063+00:00,1785284727,6705,321 Surrey Central/WhiteRock,15247067,5041,54,-245
2026-07-29T00:25:32.140063+00:00,1785284727,6705,321 Surrey Central/WhiteRock,15247067,12155,55,-234
2026-07-29T00:25:32.140063+00:00,1785284727,6705,321 Surrey Central/WhiteRock,15247067,11882,56,0
2026-07-29T00:25:32.140063+00:00,1785284727,6705,321 Surrey Central/WhiteRock,15247067,10442,57,94
2026-07-29T00:25:32.140063+00:00,1785284727,6705,321 Surrey Central/WhiteRock,15247067,9929,58,123
2026-07-29T00:25:32.140063+00:00,1785284727,6705,321 Surrey Central/WhiteRock,15247067,9930,59,73
2026-07-29T00:25:32.140063+00:00,1785284727,6705,321 Surrey Central/WhiteRock,15247067,9932,60,-15
2026-07-29T00:25:32.140063+00:00,1785284727,6705,321 Surrey Central/WhiteRock,15247080,5474,48,12
2026-07-29T00:25:32.140063+00:00,1785284727,6705,321 Surrey Central/WhiteRock,15247080,5475,49,-37
2026-07-29T00:25:32.140063+00:00,1785284727,6705,321 Surrey Central/WhiteRock,15247080,5476,50,-70
2026-07-29T00:25:32.140063+00:00,1785284727,6705,321 Surrey Central/WhiteRock,15247080,5477,51,-92
2026-07-29T00:25:32.140063+00:00,1785284727,6705,321 Surrey Central/WhiteRock,15247080,11725,52,-118
2026-07-29T00:25:32.140063+00:00,1785284727,6705,321 Surrey Central/WhiteRock,15247080,5040,53,-102
2026-07-29T00:25:32.140063+00:00,1785284727,6705,321 Surrey Central/WhiteRock,15247080,5041,54,-97
2026-07-29T00:25:32.140063+00:00,1785284727,6705,321 Surrey Central/WhiteRock,15247080,12155,55,-86
2026-07-29T00:25:32.140063+00:00,1785284727,6705,321 Surrey Central/WhiteRock,15247080,11882,56,0
2026-07-29T00:25:32.140063+00:00,1785284727,6705,321 Surrey Central/WhiteRock,15247080,10442,57,93
2026-07-29T00:25:32.140063+00:00,1785284727,6705,321 Surrey Central/WhiteRock,15247080,9929,58,122
2026-07-29T00:25:32.140063+00:00,1785284727,6705,321 Surrey Central/WhiteRock,15247080,9930,59,72
2026-07-29T00:25:32.140063+00:00,1785284727,6705,321 Surrey Central/WhiteRock,15247080,9932,60,-15
2026-07-29T00:25:32.140063+00:00,1785284727,6705,321 Surrey Central/WhiteRock,15247081,6356,8,-26
2026-07-29T00:25:32.140063+00:00,1785284727,6705,321 Surrey Central/WhiteRock,15247081,6174,9,37
2026-07-29T00:25:32.140063+00:00,1785284727,6705,321 Surrey Central/WhiteRock,15247081,5437,10,46
2026-07-29T00:25:32.140063+00:00,1785284727,6705,321 Surrey Central/WhiteRock,15247081,5438,11,38
2026-07-29T00:25:32.140063+00:00,1785284727,6705,321 Surrey Central/WhiteRock,15247081,5439,12,46
2026-07-29T00:25:32.140063+00:00,1785284727,6705,321 Surrey Central/WhiteRock,15247081,5440,13,24
2026-07-29T00:25:32.140063+00:00,1785284727,6705,321 Surrey Central/WhiteRock,15247081,5441,14,20
2026-07-29T00:25:32.140063+00:00,1785284727,6705,321 Surrey Central/WhiteRock,15247081,5442,15,-5
2026-07-29T00:25:32.140063+00:00,1785284727,6705,321 Surrey Central/WhiteRock,15247081,5444,16,4
2026-07-29T00:25:32.140063+00:00,1785284727,6705,321 Surrey Central/WhiteRock,15247081,9083,17,-24
2026-07-29T00:25:32.140063+00:00,1785284727,6705,321 Surrey Central/WhiteRock,15247081,5446,18,-14
2026-07-29T00:25:32.140063+00:00,1785284727,6705,321 Surrey Central/WhiteRock,15247081,10445,19,-16
2026-07-29T00:25:32.140063+00:00,1785284727,6705,321 Surrey Central/WhiteRock,15247081,5447,20,-46
2026-07-29T00:25:32.140063+00:00,1785284727,6705,321 Surrey Central/WhiteRock,15247081,5448,21,-34
2026-07-29T00:25:32.140063+00:00,1785284727,6705,321 Surrey Central/WhiteRock,15247081,10437,22,-37
2026-07-29T00:25:32.140063+00:00,1785284727,6705,321 Surrey Central/WhiteRock,15247081,5449,23,-91
2026-07-29T00:25:32.140063+00:00,1785284727,6705,321 Surrey Central/WhiteRock,15247081,11313,24,-125
2026-07-29T00:25:32.140063+00:00,1785284727,6705,321 Surrey Central/WhiteRock,15247081,10808,25,-269
2026-07-29T00:25:32.140063+00:00,1785284727,6705,321 Surrey Central/WhiteRock,15247081,5452,26,-332
2026-07-29T00:25:32.140063+00:00,1785284727,6705,321 Surrey Central/WhiteRock,15247081,11913,27,-349
2026-07-29T00:25:32.140063+00:00,1785284727,6705,321 Surrey Central/WhiteRock,15247081,5454,28,-362
2026-07-29T00:25:32.140063+00:00,1785284727,6705,321 Surrey Central/WhiteRock,15247081,5455,29,-364
2026-07-29T00:25:32.140063+00:00,1785284727,6705,321 Surrey Central/WhiteRock,15247081,5456,30,-255
2026-07-29T00:25:32.140063+00:00,1785284727,6705,321 Surrey Central/WhiteRock,15247081,12651,31,-283
2026-07-29T00:25:32.140063+00:00,1785284727,6705,321 Surrey Central/WhiteRock,15247081,5458,32,-283
2026-07-29T00:25:32.140063+00:00,1785284727,6705,321 Surrey Central/WhiteRock,15247081,5459,33,-273
2026-07-29T00:25:32.140063+00:00,1785284727,6705,321 Surrey Central/WhiteRock,15247081,5460,34,-280
2026-07-29T00:25:32.140063+00:00,1785284727,6705,321 Surrey Central/WhiteRock,15247081,5461,35,-290
2026-07-29T00:25:32.140063+00:00,1785284727,6705,321 Surrey Central/WhiteRock,15247081,5462,36,-294
2026-07-29T00:25:32.140063+00:00,1785284727,6705,321 Surrey Central/WhiteRock,15247081,5463,37,-230
2026-07-29T00:25:32.140063+00:00,1785284727,6705,321 Surrey Central/WhiteRock,15247081,5700,38,0
2026-07-29T00:25:32.140063+00:00,1785284727,6705,321 Surrey Central/WhiteRock,15247081,5465,39,-5
2026-07-29T00:25:32.140063+00:00,1785284727,6705,321 Surrey Central/WhiteRock,15247081,5466,40,-50
2026-07-29T00:25:32.140063+00:00,1785284727,6705,321 Surrey Central/WhiteRock,15247081,5467,41,-36
2026-07-29T00:25:32.140063+00:00,1785284727,6705,321 Surrey Central/WhiteRock,15247081,5468,42,-65
2026-07-29T00:25:32.140063+00:00,1785284727,6705,321 Surrey Central/WhiteRock,15247081,5469,43,-90
2026-07-29T00:25:32.140063+00:00,1785284727,6705,321 Surrey Central/WhiteRock,15247081,5470,44,-116
2026-07-29T00:25:32.140063+00:00,1785284727,6705,321 Surrey Central/WhiteRock,15247081,5471,45,-154
2026-07-29T00:25:32.140063+00:00,1785284727,6705,321 Surrey Central/WhiteRock,15247081,5472,46,-182
2026-07-29T00:25:32.140063+00:00,1785284727,6705,321 Surrey Central/WhiteRock,15247081,5473,47,-234
2026-07-29T00:25:32.140063+00:00,1785284727,6705,321 Surrey Central/WhiteRock,15247081,5474,48,-243
2026-07-29T00:25:32.140063+00:00,1785284727,6705,321 Surrey Central/WhiteRock,15247081,5475,49,-291
2026-07-29T00:25:32.140063+00:00,1785284727,6705,321 Surrey Central/WhiteRock,15247081,5476,50,-322
2026-07-29T00:25:32.140063+00:00,1785284727,6705,321 Surrey Central/WhiteRock,15247081,5477,51,-346
2026-07-29T00:25:32.140063+00:00,1785284727,6705,321 Surrey Central/WhiteRock,15247081,11725,52,-373
2026-07-29T00:25:32.140063+00:00,1785284727,6705,321 Surrey Central/WhiteRock,15247081,5040,53,-358
2026-07-29T00:25:32.140063+00:00,1785284727,6705,321 Surrey Central/WhiteRock,15247081,5041,54,-354
2026-07-29T00:25:32.140063+00:00,1785284727,6705,321 Surrey Central/WhiteRock,15247081,12155,55,-345
2026-07-29T00:25:32.140063+00:00,1785284727,6705,321 Surrey Central/WhiteRock,15247081,11882,56,0
2026-07-29T00:25:32.140063+00:00,1785284727,6705,321 Surrey Central/WhiteRock,15247081,10442,57,77
2026-07-29T00:25:32.140063+00:00,1785284727,6705,321 Surrey Central/WhiteRock,15247081,9929,58,87
2026-07-29T00:25:32.140063+00:00,1785284727,6705,321 Surrey Central/WhiteRock,15247081,9930,59,34
2026-07-29T00:25:32.140063+00:00,1785284727,6705,321 Surrey Central/WhiteRock,15247081,9932,60,-54
2026-07-29T00:25:32.140063+00:00,1785284727,6705,321 Surrey Central/WhiteRock,15247160,5542,55,-144
2026-07-29T00:25:32.140063+00:00,1785284727,6705,321 Surrey Central/WhiteRock,15247160,6195,56,-119
2026-07-29T00:25:32.140063+00:00,1785284727,6705,321 Surrey Central/WhiteRock,15247161,5517,34,324
2026-07-29T00:25:32.140063+00:00,1785284727,6705,321 Surrey Central/WhiteRock,15247161,5518,35,329
2026-07-29T00:25:32.140063+00:00,1785284727,6705,321 Surrey Central/WhiteRock,15247161,5519,36,305
2026-07-29T00:25:32.140063+00:00,1785284727,6705,321 Surrey Central/WhiteRock,15247161,5520,37,294
2026-07-29T00:25:32.140063+00:00,1785284727,6705,321 Surrey Central/WhiteRock,15247161,5521,38,84
2026-07-29T00:25:32.140063+00:00,1785284727,6705,321 Surrey Central/WhiteRock,15247161,5522,39,-53
2026-07-29T00:25:32.140063+00:00,1785284727,6705,321 Surrey Central/WhiteRock,15247161,5523,40,-89
2026-07-29T00:25:32.140063+00:00,1785284727,6705,321 Surrey Central/WhiteRock,15247161,6466,41,-108
2026-07-29T00:25:32.140063+00:00,1785284727,6705,321 Surrey Central/WhiteRock,15247161,5524,42,-72
2026-07-29T00:25:32.140063+00:00,1785284727,6705,321 Surrey Central/WhiteRock,15247161,5525,43,-101
2026-07-29T00:25:32.140063+00:00,1785284727,6705,321 Surrey Central/WhiteRock,15247161,10443,44,-127
2026-07-29T00:25:32.140063+00:00,1785284727,6705,321 Surrey Central/WhiteRock,15247161,5528,45,-122
2026-07-29T00:25:32.140063+00:00,1785284727,6705,321 Surrey Central/WhiteRock,15247161,5529,46,-144
2026-07-29T00:25:32.140063+00:00,1785284727,6705,321 Surrey Central/WhiteRock,15247161,5530,47,-159
2026-07-29T00:25:32.140063+00:00,1785284727,6705,321 Surrey Central/WhiteRock,15247161,5533,48,-167
2026-07-29T00:25:32.140063+00:00,1785284727,6705,321 Surrey Central/WhiteRock,15247161,5534,49,-187
2026-07-29T00:25:32.140063+00:00,1785284727,6705,321 Surrey Central/WhiteRock,15247161,5535,50,-160
2026-07-29T00:25:32.140063+00:00,1785284727,6705,321 Surrey Central/WhiteRock,15247161,5536,51,-185
2026-07-29T00:25:32.140063+00:00,1785284727,6705,321 Surrey Central/WhiteRock,15247161,5537,52,-185
2026-07-29T00:25:32.140063+00:00,1785284727,6705,321 Surrey Central/WhiteRock,15247161,5538,53,-191
2026-07-29T00:25:32.140063+00:00,1785284727,6705,321 Surrey Central/WhiteRock,15247161,5541,54,-166
2026-07-29T00:25:32.140063+00:00,1785284727,6705,321 Surrey Central/WhiteRock,15247161,5542,55,-155
2026-07-29T00:25:32.140063+00:00,1785284727,6705,321 Surrey Central/WhiteRock,15247161,6195,56,-130
2026-07-29T00:25:32.140063+00:00,1785284727,6705,321 Surrey Central/WhiteRock,15247162,5507,25,97
2026-07-29T00:25:32.140063+00:00,1785284727,6705,321 Surrey Central/WhiteRock,15247162,5633,26,129
2026-07-29T00:25:32.140063+00:00,1785284727,6705,321 Surrey Central/WhiteRock,15247162,5510,27,155
2026-07-29T00:25:32.140063+00:00,1785284727,6705,321 Surrey Central/WhiteRock,15247162,5511,28,147
2026-07-29T00:25:32.140063+00:00,1785284727,6705,321 Surrey Central/WhiteRock,15247162,5512,29,142
2026-07-29T00:25:32.140063+00:00,1785284727,6705,321 Surrey Central/WhiteRock,15247162,5513,30,129
2026-07-29T00:25:32.140063+00:00,1785284727,6705,321 Surrey Central/WhiteRock,15247162,5514,31,220
2026-07-29T00:25:32.140063+00:00,1785284727,6705,321 Surrey Central/WhiteRock,15247162,5515,32,213
2026-07-29T00:25:32.140063+00:00,1785284727,6705,321 Surrey Central/WhiteRock,15247162,5516,33,209
2026-07-29T00:25:32.140063+00:00,1785284727,6705,321 Surrey Central/WhiteRock,15247162,5517,34,213
2026-07-29T00:25:32.140063+00:00,1785284727,6705,321 Surrey Central/WhiteRock,15247162,5518,35,219
2026-07-29T00:25:32.140063+00:00,1785284727,6705,321 Surrey Central/WhiteRock,15247162,5519,36,195
2026-07-29T00:25:32.140063+00:00,1785284727,6705,321 Surrey Central/WhiteRock,15247162,5520,37,184
2026-07-29T00:25:32.140063+00:00,1785284727,6705,321 Surrey Central/WhiteRock,15247162,5521,38,-26
2026-07-29T00:25:32.140063+00:00,1785284727,6705,321 Surrey Central/WhiteRock,15247162,5522,39,-163
2026-07-29T00:25:32.140063+00:00,1785284727,6705,321 Surrey Central/WhiteRock,15247162,5523,40,-199
2026-07-29T00:25:32.140063+00:00,1785284727,6705,321 Surrey Central/WhiteRock,15247162,6466,41,-218
2026-07-29T00:25:32.140063+00:00,1785284727,6705,321 Surrey Central/WhiteRock,15247162,5524,42,-182
2026-07-29T00:25:32.140063+00:00,1785284727,6705,321 Surrey Central/WhiteRock,15247162,5525,43,-210
2026-07-29T00:25:32.140063+00:00,1785284727,6705,321 Surrey Central/WhiteRock,15247162,10443,44,-237
2026-07-29T00:25:32.140063+00:00,1785284727,6705,321 Surrey Central/WhiteRock,15247162,5528,45,-234
2026-07-29T00:25:32.140063+00:00,1785284727,6705,321 Surrey Central/WhiteRock,15247162,5529,46,-259
2026-07-29T00:25:32.140063+00:00,1785284727,6705,321 Surrey Central/WhiteRock,15247162,5530,47,-274
2026-07-29T00:25:32.140063+00:00,1785284727,6705,321 Surrey Central/WhiteRock,15247162,5533,48,-281
2026-07-29T00:25:32.140063+00:00,1785284727,6705,321 Surrey Central/WhiteRock,15247162,5534,49,-301
2026-07-29T00:25:32.140063+00:00,1785284727,6705,321 Surrey Central/WhiteRock,15247162,5535,50,-267
2026-07-29T00:25:32.140063+00:00,1785284727,6705,321 Surrey Central/WhiteRock,15247162,5536,51,-292
2026-07-29T00:25:32.140063+00:00,1785284727,6705,321 Surrey Central/WhiteRock,15247162,5537,52,-292
2026-07-29T00:25:32.140063+00:00,1785284727,6705,321 Surrey Central/WhiteRock,15247162,5538,53,-298
2026-07-29T00:25:32.140063+00:00,1785284727,6705,321 Surrey Central/WhiteRock,15247162,5541,54,-272
2026-07-29T00:25:32.140063+00:00,1785284727,6705,321 Surrey Central/WhiteRock,15247162,5542,55,-261
2026-07-29T00:25:32.140063+00:00,1785284727,6705,321 Surrey Central/WhiteRock,15247162,6195,56,-235
2026-07-29T00:25:32.140063+00:00,1785284727,6705,321 Surrey Central/WhiteRock,15247163,5498,17,9
2026-07-29T00:25:32.140063+00:00,1785284727,6705,321 Surrey Central/WhiteRock,15247163,5499,18,-28
2026-07-29T00:25:32.140063+00:00,1785284727,6705,321 Surrey Central/WhiteRock,15247163,5500,19,-47
2026-07-29T00:25:32.140063+00:00,1785284727,6705,321 Surrey Central/WhiteRock,15247163,5501,20,-74
2026-07-29T00:25:32.140063+00:00,1785284727,6705,321 Surrey Central/WhiteRock,15247163,5502,21,-90
2026-07-29T00:25:32.140063+00:00,1785284727,6705,321 Surrey Central/WhiteRock,15247163,5503,22,-117
2026-07-29T00:25:32.140063+00:00,1785284727,6705,321 Surrey Central/WhiteRock,15247163,5504,23,-178
2026-07-29T00:25:32.140063+00:00,1785284727,6705,321 Surrey Central/WhiteRock,15247163,5505,24,-171
2026-07-29T00:25:32.140063+00:00,1785284727,6705,321 Surrey Central/WhiteRock,15247163,5507,25,-163
2026-07-29T00:25:32.140063+00:00,1785284727,6705,321 Surrey Central/WhiteRock,15247163,5633,26,0
2026-07-29T00:25:32.140063+00:00,1785284727,6705,321 Surrey Central/WhiteRock,15247163,5510,27,28
2026-07-29T00:25:32.140063+00:00,1785284727,6705,321 Surrey Central/WhiteRock,15247163,5511,28,21
2026-07-29T00:25:32.140063+00:00,1785284727,6705,321 Surrey Central/WhiteRock,15247163,5512,29,17
2026-07-29T00:25:32.140063+00:00,1785284727,6705,321 Surrey Central/WhiteRock,15247163,5513,30,6
2026-07-29T00:25:32.140063+00:00,1785284727,6705,321 Surrey Central/WhiteRock,15247163,5514,31,99
2026-07-29T00:25:32.140063+00:00,1785284727,6705,321 Surrey Central/WhiteRock,15247163,5515,32,93
2026-07-29T00:25:32.140063+00:00,1785284727,6705,321 Surrey Central/WhiteRock,15247163,5516,33,98
2026-07-29T00:25:32.140063+00:00,1785284727,6705,321 Surrey Central/WhiteRock,15247163,5517,34,102
2026-07-29T00:25:32.140063+00:00,1785284727,6705,321 Surrey Central/WhiteRock,15247163,5518,35,110
2026-07-29T00:25:32.140063+00:00,1785284727,6705,321 Surrey Central/WhiteRock,15247163,5519,36,88
2026-07-29T00:25:32.140063+00:00,1785284727,6705,321 Surrey Central/WhiteRock,15247163,5520,37,78
2026-07-29T00:25:32.140063+00:00,1785284727,6705,321 Surrey Central/WhiteRock,15247163,5521,38,-123
2026-07-29T00:25:32.140063+00:00,1785284727,6705,321 Surrey Central/WhiteRock,15247163,5522,39,-256
2026-07-29T00:25:32.140063+00:00,1785284727,6705,321 Surrey Central/WhiteRock,15247163,5523,40,-291
2026-07-29T00:25:32.140063+00:00,1785284727,6705,321 Surrey Central/WhiteRock,15247163,6466,41,-307
2026-07-29T00:25:32.140063+00:00,1785284727,6705,321 Surrey Central/WhiteRock,15247163,5524,42,-267
2026-07-29T00:25:32.140063+00:00,1785284727,6705,321 Surrey Central/WhiteRock,15247163,5525,43,-294
2026-07-29T00:25:32.140063+00:00,1785284727,6705,321 Surrey Central/WhiteRock,15247163,10443,44,-319
2026-07-29T00:25:32.140063+00:00,1785284727,6705,321 Surrey Central/WhiteRock,15247163,5528,45,-321
2026-07-29T00:25:32.140063+00:00,1785284727,6705,321 Surrey Central/WhiteRock,15247163,5529,46,-342
2026-07-29T00:25:32.140063+00:00,1785284727,6705,321 Surrey Central/WhiteRock,15247163,5530,47,-358
2026-07-29T00:25:32.140063+00:00,1785284727,6705,321 Surrey Central/WhiteRock,15247163,5533,48,-366
2026-07-29T00:25:32.140063+00:00,1785284727,6705,321 Surrey Central/WhiteRock,15247163,5534,49,-386
2026-07-29T00:25:32.140063+00:00,1785284727,6705,321 Surrey Central/WhiteRock,15247163,5535,50,-377
2026-07-29T00:25:32.140063+00:00,1785284727,6705,321 Surrey Central/WhiteRock,15247163,5536,51,-397
2026-07-29T00:25:32.140063+00:00,1785284727,6705,321 Surrey Central/WhiteRock,15247163,5537,52,-399
2026-07-29T00:25:32.140063+00:00,1785284727,6705,321 Surrey Central/WhiteRock,15247163,5538,53,-405
2026-07-29T00:25:32.140063+00:00,1785284727,6705,321 Surrey Central/WhiteRock,15247163,5541,54,-386
2026-07-29T00:25:32.140063+00:00,1785284727,6705,321 Surrey Central/WhiteRock,15247163,5542,55,-375
2026-07-29T00:25:32.140063+00:00,1785284727,6705,321 Surrey Central/WhiteRock,15247163,6195,56,-346
2026-07-29T00:25:32.140063+00:00,1785284727,6705,321 Surrey Central/WhiteRock,15247164,12916,11,-222
2026-07-29T00:25:32.140063+00:00,1785284727,6705,321 Surrey Central/WhiteRock,15247164,5049,12,-230
2026-07-29T00:25:32.140063+00:00,1785284727,6705,321 Surrey Central/WhiteRock,15247164,5039,13,-247
2026-07-29T00:25:32.140063+00:00,1785284727,6705,321 Surrey Central/WhiteRock,15247164,8351,14,-270
2026-07-29T00:25:32.140063+00:00,1785284727,6705,321 Surrey Central/WhiteRock,15247164,5496,15,-339
2026-07-29T00:25:32.140063+00:00,1785284727,6705,321 Surrey Central/WhiteRock,15247164,5497,16,-382
2026-07-29T00:25:32.140063+00:00,1785284727,6705,321 Surrey Central/WhiteRock,15247164,5498,17,-398
2026-07-29T00:25:32.140063+00:00,1785284727,6705,321 Surrey Central/WhiteRock,15247164,5499,18,-435
2026-07-29T00:25:32.140063+00:00,1785284727,6705,321 Surrey Central/WhiteRock,15247164,5500,19,-461
2026-07-29T00:25:32.140063+00:00,1785284727,6705,321 Surrey Central/WhiteRock,15247164,5501,20,-488
2026-07-29T00:25:32.140063+00:00,1785284727,6705,321 Surrey Central/WhiteRock,15247164,5502,21,-504
2026-07-29T00:25:32.140063+00:00,1785284727,6705,321 Surrey Central/WhiteRock,15247164,5503,22,-528
2026-07-29T00:25:32.140063+00:00,1785284727,6705,321 Surrey Central/WhiteRock,15247164,5504,23,-587
2026-07-29T00:25:32.140063+00:00,1785284727,6705,321 Surrey Central/WhiteRock,15247164,5505,24,-580
2026-07-29T00:25:32.140063+00:00,1785284727,6705,321 Surrey Central/WhiteRock,15247164,5507,25,-576
2026-07-29T00:25:32.140063+00:00,1785284727,6705,321 Surrey Central/WhiteRock,15247164,5633,26,0
2026-07-29T00:25:32.140063+00:00,1785284727,6705,321 Surrey Central/WhiteRock,15247164,5510,27,41
2026-07-29T00:25:32.140063+00:00,1785284727,6705,321 Surrey Central/WhiteRock,15247164,5511,28,34
2026-07-29T00:25:32.140063+00:00,1785284727,6705,321 Surrey Central/WhiteRock,15247164,5512,29,31
2026-07-29T00:25:32.140063+00:00,1785284727,6705,321 Surrey Central/WhiteRock,15247164,5513,30,19
2026-07-29T00:25:32.140063+00:00,1785284727,6705,321 Surrey Central/WhiteRock,15247164,5514,31,112
2026-07-29T00:25:32.140063+00:00,1785284727,6705,321 Surrey Central/WhiteRock,15247164,5515,32,105
2026-07-29T00:25:32.140063+00:00,1785284727,6705,321 Surrey Central/WhiteRock,15247164,5516,33,127
2026-07-29T00:25:32.140063+00:00,1785284727,6705,321 Surrey Central/WhiteRock,15247164,5517,34,135
2026-07-29T00:25:32.140063+00:00,1785284727,6705,321 Surrey Central/WhiteRock,15247164,5518,35,142
2026-07-29T00:25:32.140063+00:00,1785284727,6705,321 Surrey Central/WhiteRock,15247164,5519,36,120
2026-07-29T00:25:32.140063+00:00,1785284727,6705,321 Surrey Central/WhiteRock,15247164,5520,37,124
2026-07-29T00:25:32.140063+00:00,1785284727,6705,321 Surrey Central/WhiteRock,15247164,5521,38,-79
2026-07-29T00:25:32.140063+00:00,1785284727,6705,321 Surrey Central/WhiteRock,15247164,5522,39,-212
2026-07-29T00:25:32.140063+00:00,1785284727,6705,321 Surrey Central/WhiteRock,15247164,5523,40,-248
2026-07-29T00:25:32.140063+00:00,1785284727,6705,321 Surrey Central/WhiteRock,15247164,6466,41,-260
2026-07-29T00:25:32.140063+00:00,1785284727,6705,321 Surrey Central/WhiteRock,15247164,5524,42,-229
2026-07-29T00:25:32.140063+00:00,1785284727,6705,321 Surrey Central/WhiteRock,15247164,5525,43,-253
2026-07-29T00:25:32.140063+00:00,1785284727,6705,321 Surrey Central/WhiteRock,15247164,10443,44,-270
2026-07-29T00:25:32.140063+00:00,1785284727,6705,321 Surrey Central/WhiteRock,15247164,5528,45,-273
2026-07-29T00:25:32.140063+00:00,1785284727,6705,321 Surrey Central/WhiteRock,15247164,5529,46,-297
2026-07-29T00:25:32.140063+00:00,1785284727,6705,321 Surrey Central/WhiteRock,15247164,5530,47,-313
2026-07-29T00:25:32.140063+00:00,1785284727,6705,321 Surrey Central/WhiteRock,15247164,5533,48,-309
2026-07-29T00:25:32.140063+00:00,1785284727,6705,321 Surrey Central/WhiteRock,15247164,5534,49,-327
2026-07-29T00:25:32.140063+00:00,1785284727,6705,321 Surrey Central/WhiteRock,15247164,5535,50,-315
2026-07-29T00:25:32.140063+00:00,1785284727,6705,321 Surrey Central/WhiteRock,15247164,5536,51,-337
2026-07-29T00:25:32.140063+00:00,1785284727,6705,321 Surrey Central/WhiteRock,15247164,5537,52,-333
2026-07-29T00:25:32.140063+00:00,1785284727,6705,321 Surrey Central/WhiteRock,15247164,5538,53,-339
2026-07-29T00:25:32.140063+00:00,1785284727,6705,321 Surrey Central/WhiteRock,15247164,5541,54,-319
2026-07-29T00:25:32.140063+00:00,1785284727,6705,321 Surrey Central/WhiteRock,15247164,5542,55,-310
2026-07-29T00:25:32.140063+00:00,1785284727,6705,321 Surrey Central/WhiteRock,15247164,6195,56,-278
2026-07-29T00:25:32.140063+00:00,1785284727,6705,321 Surrey Central/WhiteRock,15247165,5890,1,0
2026-07-29T00:25:32.140063+00:00,1785284727,6705,321 Surrey Central/WhiteRock,15247165,10716,2,0
2026-07-29T00:25:32.140063+00:00,1785284727,6705,321 Surrey Central/WhiteRock,15247165,9923,3,0
2026-07-29T00:25:32.140063+00:00,1785284727,6705,321 Surrey Central/WhiteRock,15247165,9924,4,0
2026-07-29T00:25:32.140063+00:00,1785284727,6705,321 Surrey Central/WhiteRock,15247165,9926,5,0
2026-07-29T00:25:32.140063+00:00,1785284727,6705,321 Surrey Central/WhiteRock,15247165,9927,6,0
2026-07-29T00:25:32.140063+00:00,1785284727,6705,321 Surrey Central/WhiteRock,15247165,10880,7,0
2026-07-29T00:25:32.140063+00:00,1785284727,6705,321 Surrey Central/WhiteRock,15247165,5046,8,0
2026-07-29T00:25:32.140063+00:00,1785284727,6705,321 Surrey Central/WhiteRock,15247165,5047,9,0
2026-07-29T00:25:32.140063+00:00,1785284727,6705,321 Surrey Central/WhiteRock,15247165,8566,10,0
2026-07-29T00:25:32.140063+00:00,1785284727,6705,321 Surrey Central/WhiteRock,15247165,12916,11,0
2026-07-29T00:25:32.140063+00:00,1785284727,6705,321 Surrey Central/WhiteRock,15247165,5049,12,0
2026-07-29T00:25:32.140063+00:00,1785284727,6705,321 Surrey Central/WhiteRock,15247165,5039,13,0
2026-07-29T00:25:32.140063+00:00,1785284727,6705,321 Surrey Central/WhiteRock,15247165,8351,14,0
2026-07-29T00:25:32.140063+00:00,1785284727,6705,321 Surrey Central/WhiteRock,15247165,5496,15,0
2026-07-29T00:25:32.140063+00:00,1785284727,6705,321 Surrey Central/WhiteRock,15247165,5497,16,0
2026-07-29T00:25:32.140063+00:00,1785284727,6705,321 Surrey Central/WhiteRock,15247165,5498,17,0
2026-07-29T00:25:32.140063+00:00,1785284727,6705,321 Surrey Central/WhiteRock,15247165,5499,18,0
2026-07-29T00:25:32.140063+00:00,1785284727,6705,321 Surrey Central/WhiteRock,15247165,5500,19,0
2026-07-29T00:25:32.140063+00:00,1785284727,6705,321 Surrey Central/WhiteRock,15247165,5501,20,0
2026-07-29T00:25:32.140063+00:00,1785284727,6705,321 Surrey Central/WhiteRock,15247165,5502,21,0
2026-07-29T00:25:32.140063+00:00,1785284727,6705,321 Surrey Central/WhiteRock,15247165,5503,22,0
2026-07-29T00:25:32.140063+00:00,1785284727,6705,321 Surrey Central/WhiteRock,15247165,5504,23,0
2026-07-29T00:25:32.140063+00:00,1785284727,6705,321 Surrey Central/WhiteRock,15247165,5505,24,0
2026-07-29T00:25:32.140063+00:00,1785284727,6705,321 Surrey Central/WhiteRock,15247165,5507,25,0
2026-07-29T00:25:32.140063+00:00,1785284727,6705,321 Surrey Central/WhiteRock,15247165,5633,26,0
2026-07-29T00:25:32.140063+00:00,1785284727,6705,321 Surrey Central/WhiteRock,15247165,5510,27,0
2026-07-29T00:25:32.140063+00:00,1785284727,6705,321 Surrey Central/WhiteRock,15247165,5511,28,0
2026-07-29T00:25:32.140063+00:00,1785284727,6705,321 Surrey Central/WhiteRock,15247165,5512,29,0
2026-07-29T00:25:32.140063+00:00,1785284727,6705,321 Surrey Central/WhiteRock,15247165,5513,30,0
2026-07-29T00:25:32.140063+00:00,1785284727,6705,321 Surrey Central/WhiteRock,15247165,5514,31,0
2026-07-29T00:25:32.140063+00:00,1785284727,6705,321 Surrey Central/WhiteRock,15247165,5515,32,0
2026-07-29T00:25:32.140063+00:00,1785284727,6705,321 Surrey Central/WhiteRock,15247165,5516,33,0
2026-07-29T00:25:32.140063+00:00,1785284727,6705,321 Surrey Central/WhiteRock,15247165,5517,34,0
2026-07-29T00:25:32.140063+00:00,1785284727,6705,321 Surrey Central/WhiteRock,15247165,5518,35,0
2026-07-29T00:25:32.140063+00:00,1785284727,6705,321 Surrey Central/WhiteRock,15247165,5519,36,0
2026-07-29T00:25:32.140063+00:00,1785284727,6705,321 Surrey Central/WhiteRock,15247165,5520,37,0
2026-07-29T00:25:32.140063+00:00,1785284727,6705,321 Surrey Central/WhiteRock,15247165,5521,38,0
2026-07-29T00:25:32.140063+00:00,1785284727,6705,321 Surrey Central/WhiteRock,15247165,5522,39,0
2026-07-29T00:25:32.140063+00:00,1785284727,6705,321 Surrey Central/WhiteRock,15247165,5523,40,0
2026-07-29T00:25:32.140063+00:00,1785284727,6705,321 Surrey Central/WhiteRock,15247165,6466,41,0
2026-07-29T00:25:32.140063+00:00,1785284727,6705,321 Surrey Central/WhiteRock,15247165,5524,42,0
2026-07-29T00:25:32.140063+00:00,1785284727,6705,321 Surrey Central/WhiteRock,15247165,5525,43,0
2026-07-29T00:25:32.140063+00:00,1785284727,6705,321 Surrey Central/WhiteRock,15247165,10443,44,0
2026-07-29T00:25:32.140063+00:00,1785284727,6705,321 Surrey Central/WhiteRock,15247165,5528,45,0
2026-07-29T00:25:32.140063+00:00,1785284727,6705,321 Surrey Central/WhiteRock,15247165,5529,46,0
2026-07-29T00:25:32.140063+00:00,1785284727,6705,321 Surrey Central/WhiteRock,15247165,5530,47,0
2026-07-29T00:25:32.140063+00:00,1785284727,6705,321 Surrey Central/WhiteRock,15247165,5533,48,0
2026-07-29T00:25:32.140063+00:00,1785284727,6705,321 Surrey Central/WhiteRock,15247165,5534,49,0
2026-07-29T00:25:32.140063+00:00,1785284727,6705,321 Surrey Central/WhiteRock,15247165,5535,50,0
2026-07-29T00:25:32.140063+00:00,1785284727,6705,321 Surrey Central/WhiteRock,15247165,5536,51,0
2026-07-29T00:25:32.140063+00:00,1785284727,6705,321 Surrey Central/WhiteRock,15247165,5537,52,0
2026-07-29T00:25:32.140063+00:00,1785284727,6705,321 Surrey Central/WhiteRock,15247165,5538,53,0
2026-07-29T00:25:32.140063+00:00,1785284727,6705,321 Surrey Central/WhiteRock,15247165,5541,54,0
2026-07-29T00:25:32.140063+00:00,1785284727,6705,321 Surrey Central/WhiteRock,15247165,5542,55,0
2026-07-29T00:25:32.140063+00:00,1785284727,6705,321 Surrey Central/WhiteRock,15247165,6195,56,0
2026-07-29T00:25:32.140063+00:00,1785284727,6705,321 Surrey Central/WhiteRock,15247177,6466,41,-144
2026-07-29T00:25:32.140063+00:00,1785284727,6705,321 Surrey Central/WhiteRock,15247177,5524,42,-107
2026-07-29T00:25:32.140063+00:00,1785284727,6705,321 Surrey Central/WhiteRock,15247177,5525,43,-136
2026-07-29T00:25:32.140063+00:00,1785284727,6705,321 Surrey Central/WhiteRock,15247177,10443,44,-161
2026-07-29T00:25:32.140063+00:00,1785284727,6705,321 Surrey Central/WhiteRock,15247177,5528,45,-159
2026-07-29T00:25:32.140063+00:00,1785284727,6705,321 Surrey Central/WhiteRock,15247177,5529,46,-181
2026-07-29T00:25:32.140063+00:00,1785284727,6705,321 Surrey Central/WhiteRock,15247177,5530,47,-196
2026-07-29T00:25:32.140063+00:00,1785284727,6705,321 Surrey Central/WhiteRock,15247177,5533,48,-203
2026-07-29T00:25:32.140063+00:00,1785284727,6705,321 Surrey Central/WhiteRock,15247177,5534,49,-223
2026-07-29T00:25:32.140063+00:00,1785284727,6705,321 Surrey Central/WhiteRock,15247177,5535,50,-200
2026-07-29T00:25:32.140063+00:00,1785284727,6705,321 Surrey Central/WhiteRock,15247177,5536,51,-221
2026-07-29T00:25:32.140063+00:00,1785284727,6705,321 Surrey Central/WhiteRock,15247177,5537,52,-221
2026-07-29T00:25:32.140063+00:00,1785284727,6705,321 Surrey Central/WhiteRock,15247177,5538,53,-227
2026-07-29T00:25:32.140063+00:00,1785284727,6705,321 Surrey Central/WhiteRock,15247177,5541,54,-198
2026-07-29T00:25:32.140063+00:00,1785284727,6705,321 Surrey Central/WhiteRock,15247177,5542,55,-186
2026-07-29T00:25:32.140063+00:00,1785284727,6705,321 Surrey Central/WhiteRock,15247177,6195,56,-162
2026-07-29T00:25:32.140063+00:00,1785284727,6705,321 Surrey Central/WhiteRock,15247187,5504,23,-83
2026-07-29T00:25:32.140063+00:00,1785284727,6705,321 Surrey Central/WhiteRock,15247187,5505,24,-76
2026-07-29T00:25:32.140063+00:00,1785284727,6705,321 Surrey Central/WhiteRock,15247187,5507,25,-74
2026-07-29T00:25:32.140063+00:00,1785284727,6705,321 Surrey Central/WhiteRock,15247187,5633,26,0
2026-07-29T00:25:32.140063+00:00,1785284727,6705,321 Surrey Central/WhiteRock,15247187,5510,27,43
2026-07-29T00:25:32.140063+00:00,1785284727,6705,321 Surrey Central/WhiteRock,15247187,5511,28,36
2026-07-29T00:25:32.140063+00:00,1785284727,6705,321 Surrey Central/WhiteRock,15247187,5512,29,32
2026-07-29T00:25:32.140063+00:00,1785284727,6705,321 Surrey Central/WhiteRock,15247187,5513,30,21
2026-07-29T00:25:32.140063+00:00,1785284727,6705,321 Surrey Central/WhiteRock,15247187,5514,31,114
2026-07-29T00:25:32.140063+00:00,1785284727,6705,321 Surrey Central/WhiteRock,15247187,5515,32,108
2026-07-29T00:25:32.140063+00:00,1785284727,6705,321 Surrey Central/WhiteRock,15247187,5516,33,107
2026-07-29T00:25:32.140063+00:00,1785284727,6705,321 Surrey Central/WhiteRock,15247187,5517,34,111
2026-07-29T00:25:32.140063+00:00,1785284727,6705,321 Surrey Central/WhiteRock,15247187,5518,35,118
2026-07-29T00:25:32.140063+00:00,1785284727,6705,321 Surrey Central/WhiteRock,15247187,5519,36,96
2026-07-29T00:25:32.140063+00:00,1785284727,6705,321 Surrey Central/WhiteRock,15247187,5520,37,86
2026-07-29T00:25:32.140063+00:00,1785284727,6705,321 Surrey Central/WhiteRock,15247187,5521,38,-115
2026-07-29T00:25:32.140063+00:00,1785284727,6705,321 Surrey Central/WhiteRock,15247187,5522,39,-248
2026-07-29T00:25:32.140063+00:00,1785284727,6705,321 Surrey Central/WhiteRock,15247187,5523,40,-283
2026-07-29T00:25:32.140063+00:00,1785284727,6705,321 Surrey Central/WhiteRock,15247187,6466,41,-292
2026-07-29T00:25:32.140063+00:00,1785284727,6705,321 Surrey Central/WhiteRock,15247187,5524,42,-253
2026-07-29T00:25:32.140063+00:00,1785284727,6705,321 Surrey Central/WhiteRock,15247187,5525,43,-276
2026-07-29T00:25:32.140063+00:00,1785284727,6705,321 Surrey Central/WhiteRock,15247187,10443,44,-295
2026-07-29T00:25:32.140063+00:00,1785284727,6705,321 Surrey Central/WhiteRock,15247187,5528,45,-293
2026-07-29T00:25:32.140063+00:00,1785284727,6705,321 Surrey Central/WhiteRock,15247187,5529,46,-315
2026-07-29T00:25:32.140063+00:00,1785284727,6705,321 Surrey Central/WhiteRock,15247187,5530,47,-330
2026-07-29T00:25:32.140063+00:00,1785284727,6705,321 Surrey Central/WhiteRock,15247187,5533,48,-327
2026-07-29T00:25:32.140063+00:00,1785284727,6705,321 Surrey Central/WhiteRock,15247187,5534,49,-344
2026-07-29T00:25:32.140063+00:00,1785284727,6705,321 Surrey Central/WhiteRock,15247187,5535,50,-324
2026-07-29T00:25:32.140063+00:00,1785284727,6705,321 Surrey Central/WhiteRock,15247187,5536,51,-348
2026-07-29T00:25:32.140063+00:00,1785284727,6705,321 Surrey Central/WhiteRock,15247187,5537,52,-343
2026-07-29T00:25:32.140063+00:00,1785284727,6705,321 Surrey Central/WhiteRock,15247187,5538,53,-348
2026-07-29T00:25:32.140063+00:00,1785284727,6705,321 Surrey Central/WhiteRock,15247187,5541,54,-324
2026-07-29T00:25:32.140063+00:00,1785284727,6705,321 Surrey Central/WhiteRock,15247187,5542,55,-313
2026-07-29T00:25:32.140063+00:00,1785284727,6705,321 Surrey Central/WhiteRock,15247187,6195,56,-278
2026-07-29T00:25:32.140063+00:00,1785284727,6705,321 Surrey Central/WhiteRock,15247232,5524,42,274
2026-07-29T00:25:32.140063+00:00,1785284727,6705,321 Surrey Central/WhiteRock,15247232,5525,43,245
2026-07-29T00:25:32.140063+00:00,1785284727,6705,321 Surrey Central/WhiteRock,15247232,10443,44,223
2026-07-29T00:25:32.140063+00:00,1785284727,6705,321 Surrey Central/WhiteRock,15247232,5528,45,222
2026-07-29T00:25:32.140063+00:00,1785284727,6705,321 Surrey Central/WhiteRock,15247232,5529,46,198
2026-07-29T00:25:32.140063+00:00,1785284727,6705,321 Surrey Central/WhiteRock,15247232,5530,47,181
2026-07-29T00:25:32.140063+00:00,1785284727,6705,321 Surrey Central/WhiteRock,15247232,5533,48,181
2026-07-29T00:25:32.140063+00:00,1785284727,6705,321 Surrey Central/WhiteRock,15247232,5534,49,161
2026-07-29T00:25:32.140063+00:00,1785284727,6705,321 Surrey Central/WhiteRock,15247232,5535,50,170
2026-07-29T00:25:32.140063+00:00,1785284727,6705,321 Surrey Central/WhiteRock,15247232,5536,51,146
2026-07-29T00:25:32.140063+00:00,1785284727,6705,321 Surrey Central/WhiteRock,15247232,5537,52,147
2026-07-29T00:25:32.140063+00:00,1785284727,6705,321 Surrey Central/WhiteRock,15247232,5538,53,140
2026-07-29T00:25:32.140063+00:00,1785284727,6705,321 Surrey Central/WhiteRock,15247232,5541,54,169
2026-07-29T00:25:32.140063+00:00,1785284727,6705,321 Surrey Central/WhiteRock,15247232,5542,55,181
2026-07-29T00:25:32.140063+00:00,1785284727,6705,321 Surrey Central/WhiteRock,15247232,6195,56,204
2026-07-29T00:25:32.140063+00:00,1785284727,6705,321 Surrey Central/WhiteRock,15247233,5514,31,225
2026-07-29T00:25:32.140063+00:00,1785284727,6705,321 Surrey Central/WhiteRock,15247233,5515,32,217
2026-07-29T00:25:32.140063+00:00,1785284727,6705,321 Surrey Central/WhiteRock,15247233,5516,33,202
2026-07-29T00:25:32.140063+00:00,1785284727,6705,321 Surrey Central/WhiteRock,15247233,5517,34,199
2026-07-29T00:25:32.140063+00:00,1785284727,6705,321 Surrey Central/WhiteRock,15247233,5518,35,202
2026-07-29T00:25:32.140063+00:00,1785284727,6705,321 Surrey Central/WhiteRock,15247233,5519,36,178
2026-07-29T00:25:32.140063+00:00,1785284727,6705,321 Surrey Central/WhiteRock,15247233,5520,37,167
2026-07-29T00:25:32.140063+00:00,1785284727,6705,321 Surrey Central/WhiteRock,15247233,5521,38,-43
2026-07-29T00:25:32.140063+00:00,1785284727,6705,321 Surrey Central/WhiteRock,15247233,5522,39,-180
2026-07-29T00:25:32.140063+00:00,1785284727,6705,321 Surrey Central/WhiteRock,15247233,5523,40,-216
2026-07-29T00:25:32.140063+00:00,1785284727,6705,321 Surrey Central/WhiteRock,15247233,6466,41,-238
2026-07-29T00:25:32.140063+00:00,1785284727,6705,321 Surrey Central/WhiteRock,15247233,5524,42,-202
2026-07-29T00:25:32.140063+00:00,1785284727,6705,321 Surrey Central/WhiteRock,15247233,5525,43,-231
2026-07-29T00:25:32.140063+00:00,1785284727,6705,321 Surrey Central/WhiteRock,15247233,10443,44,-255
2026-07-29T00:25:32.140063+00:00,1785284727,6705,321 Surrey Central/WhiteRock,15247233,5528,45,-250
2026-07-29T00:25:32.140063+00:00,1785284727,6705,321 Surrey Central/WhiteRock,15247233,5529,46,-272
2026-07-29T00:25:32.140063+00:00,1785284727,6705,321 Surrey Central/WhiteRock,15247233,5530,47,-287
2026-07-29T00:25:32.140063+00:00,1785284727,6705,321 Surrey Central/WhiteRock,15247233,5533,48,-292
2026-07-29T00:25:32.140063+00:00,1785284727,6705,321 Surrey Central/WhiteRock,15247233,5534,49,-311
2026-07-29T00:25:32.140063+00:00,1785284727,6705,321 Surrey Central/WhiteRock,15247233,5535,50,-303
2026-07-29T00:25:32.140063+00:00,1785284727,6705,321 Surrey Central/WhiteRock,15247233,5536,51,-327
2026-07-29T00:25:32.140063+00:00,1785284727,6705,321 Surrey Central/WhiteRock,15247233,5537,52,-324
2026-07-29T00:25:32.140063+00:00,1785284727,6705,321 Surrey Central/WhiteRock,15247233,5538,53,-330
2026-07-29T00:25:32.140063+00:00,1785284727,6705,321 Surrey Central/WhiteRock,15247233,5541,54,-305
2026-07-29T00:25:32.140063+00:00,1785284727,6705,321 Surrey Central/WhiteRock,15247233,5542,55,-294
2026-07-29T00:25:32.140063+00:00,1785284727,6705,321 Surrey Central/WhiteRock,15247233,6195,56,-267
2026-07-29T00:25:32.140063+00:00,1785284727,6705,321 Surrey Central/WhiteRock,15247235,9924,4,53
2026-07-29T00:25:32.140063+00:00,1785284727,6705,321 Surrey Central/WhiteRock,15247235,9926,5,25
2026-07-29T00:25:32.140063+00:00,1785284727,6705,321 Surrey Central/WhiteRock,15247235,9927,6,0
2026-07-29T00:25:32.140063+00:00,1785284727,6705,321 Surrey Central/WhiteRock,15247235,10880,7,34
2026-07-29T00:25:32.140063+00:00,1785284727,6705,321 Surrey Central/WhiteRock,15247235,5046,8,83
2026-07-29T00:25:32.140063+00:00,1785284727,6705,321 Surrey Central/WhiteRock,15247235,5047,9,87
2026-07-29T00:25:32.140063+00:00,1785284727,6705,321 Surrey Central/WhiteRock,15247235,8566,10,53
2026-07-29T00:25:32.140063+00:00,1785284727,6705,321 Surrey Central/WhiteRock,15247235,12916,11,78
2026-07-29T00:25:32.140063+00:00,1785284727,6705,321 Surrey Central/WhiteRock,15247235,5049,12,72
2026-07-29T00:25:32.140063+00:00,1785284727,6705,321 Surrey Central/WhiteRock,15247235,5039,13,58
2026-07-29T00:25:32.140063+00:00,1785284727,6705,321 Surrey Central/WhiteRock,15247235,8351,14,37
2026-07-29T00:25:32.140063+00:00,1785284727,6705,321 Surrey Central/WhiteRock,15247235,5496,15,-28
2026-07-29T00:25:32.140063+00:00,1785284727,6705,321 Surrey Central/WhiteRock,15247235,5497,16,-68
2026-07-29T00:25:32.140063+00:00,1785284727,6705,321 Surrey Central/WhiteRock,15247235,5498,17,-79
2026-07-29T00:25:32.140063+00:00,1785284727,6705,321 Surrey Central/WhiteRock,15247235,5499,18,-113
2026-07-29T00:25:32.140063+00:00,1785284727,6705,321 Surrey Central/WhiteRock,15247235,5500,19,-135
2026-07-29T00:25:32.140063+00:00,1785284727,6705,321 Surrey Central/WhiteRock,15247235,5501,20,-160
2026-07-29T00:25:32.140063+00:00,1785284727,6705,321 Surrey Central/WhiteRock,15247235,5502,21,-173
2026-07-29T00:25:32.140063+00:00,1785284727,6705,321 Surrey Central/WhiteRock,15247235,5503,22,-201
2026-07-29T00:25:32.140063+00:00,1785284727,6705,321 Surrey Central/WhiteRock,15247235,5504,23,-253
2026-07-29T00:25:32.140063+00:00,1785284727,6705,321 Surrey Central/WhiteRock,15247235,5505,24,-243
2026-07-29T00:25:32.140063+00:00,1785284727,6705,321 Surrey Central/WhiteRock,15247235,5507,25,-228
2026-07-29T00:25:32.140063+00:00,1785284727,6705,321 Surrey Central/WhiteRock,15247235,5633,26,0
2026-07-29T00:25:32.140063+00:00,1785284727,6705,321 Surrey Central/WhiteRock,15247235,5510,27,47
2026-07-29T00:25:32.140063+00:00,1785284727,6705,321 Surrey Central/WhiteRock,15247235,5511,28,40
2026-07-29T00:25:32.140063+00:00,1785284727,6705,321 Surrey Central/WhiteRock,15247235,5512,29,36
2026-07-29T00:25:32.140063+00:00,1785284727,6705,321 Surrey Central/WhiteRock,15247235,5513,30,25
2026-07-29T00:25:32.140063+00:00,1785284727,6705,321 Surrey Central/WhiteRock,15247235,5514,31,111
2026-07-29T00:25:32.140063+00:00,1785284727,6705,321 Surrey Central/WhiteRock,15247235,5515,32,105
2026-07-29T00:25:32.140063+00:00,1785284727,6705,321 Surrey Central/WhiteRock,15247235,5516,33,112
2026-07-29T00:25:32.140063+00:00,1785284727,6705,321 Surrey Central/WhiteRock,15247235,5517,34,128
2026-07-29T00:25:32.140063+00:00,1785284727,6705,321 Surrey Central/WhiteRock,15247235,5518,35,132
2026-07-29T00:25:32.140063+00:00,1785284727,6705,321 Surrey Central/WhiteRock,15247235,5519,36,113
2026-07-29T00:25:32.140063+00:00,1785284727,6705,321 Surrey Central/WhiteRock,15247235,5520,37,119
2026-07-29T00:25:32.140063+00:00,1785284727,6705,321 Surrey Central/WhiteRock,15247235,5521,38,-76
2026-07-29T00:25:32.140063+00:00,1785284727,6705,321 Surrey Central/WhiteRock,15247235,5522,39,-203
2026-07-29T00:25:32.140063+00:00,1785284727,6705,321 Surrey Central/WhiteRock,15247235,5523,40,-237
2026-07-29T00:25:32.140063+00:00,1785284727,6705,321 Surrey Central/WhiteRock,15247235,6466,41,-249
2026-07-29T00:25:32.140063+00:00,1785284727,6705,321 Surrey Central/WhiteRock,15247235,5524,42,-214
2026-07-29T00:25:32.140063+00:00,1785284727,6705,321 Surrey Central/WhiteRock,15247235,5525,43,-240
2026-07-29T00:25:32.140063+00:00,1785284727,6705,321 Surrey Central/WhiteRock,15247235,10443,44,-257
2026-07-29T00:25:32.140063+00:00,1785284727,6705,321 Surrey Central/WhiteRock,15247235,5528,45,-259
2026-07-29T00:25:32.140063+00:00,1785284727,6705,321 Surrey Central/WhiteRock,15247235,5529,46,-284
2026-07-29T00:25:32.140063+00:00,1785284727,6705,321 Surrey Central/WhiteRock,15247235,5530,47,-299
2026-07-29T00:25:32.140063+00:00,1785284727,6705,321 Surrey Central/WhiteRock,15247235,5533,48,-299
2026-07-29T00:25:32.140063+00:00,1785284727,6705,321 Surrey Central/WhiteRock,15247235,5534,49,-316
2026-07-29T00:25:32.140063+00:00,1785284727,6705,321 Surrey Central/WhiteRock,15247235,5535,50,-311
2026-07-29T00:25:32.140063+00:00,1785284727,6705,321 Surrey Central/WhiteRock,15247235,5536,51,-332
2026-07-29T00:25:32.140063+00:00,1785284727,6705,321 Surrey Central/WhiteRock,15247235,5537,52,-335
2026-07-29T00:25:32.140063+00:00,1785284727,6705,321 Surrey Central/WhiteRock,15247235,5538,53,-340
2026-07-29T00:25:32.140063+00:00,1785284727,6705,321 Surrey Central/WhiteRock,15247235,5541,54,-319
2026-07-29T00:25:32.140063+00:00,1785284727,6705,321 Surrey Central/WhiteRock,15247235,5542,55,-308
2026-07-29T00:25:32.140063+00:00,1785284727,6705,321 Surrey Central/WhiteRock,15247235,6195,56,-281
2026-07-29T00:25:32.140063+00:00,1785284727,6715,351 Bridgeport/WhiteRock,15251618,8282,25,216
2026-07-29T00:25:32.140063+00:00,1785284727,6715,351 Bridgeport/WhiteRock,15251619,8282,25,-238
2026-07-29T00:25:32.140063+00:00,1785284727,6715,351 Bridgeport/WhiteRock,15251620,6194,23,188
2026-07-29T00:25:32.140063+00:00,1785284727,6715,351 Bridgeport/WhiteRock,15251620,4928,24,61
2026-07-29T00:25:32.140063+00:00,1785284727,6715,351 Bridgeport/WhiteRock,15251620,8282,25,161
2026-07-29T00:25:32.140063+00:00,1785284727,6715,351 Bridgeport/WhiteRock,15251621,5439,13,175
2026-07-29T00:25:32.140063+00:00,1785284727,6715,351 Bridgeport/WhiteRock,15251621,5440,14,153
2026-07-29T00:25:32.140063+00:00,1785284727,6715,351 Bridgeport/WhiteRock,15251621,5441,15,167
2026-07-29T00:25:32.140063+00:00,1785284727,6715,351 Bridgeport/WhiteRock,15251621,5442,16,138
2026-07-29T00:25:32.140063+00:00,1785284727,6715,351 Bridgeport/WhiteRock,15251621,5444,17,147
2026-07-29T00:25:32.140063+00:00,1785284727,6715,351 Bridgeport/WhiteRock,15251621,9083,18,115
2026-07-29T00:25:32.140063+00:00,1785284727,6715,351 Bridgeport/WhiteRock,15251621,5446,19,121
2026-07-29T00:25:32.140063+00:00,1785284727,6715,351 Bridgeport/WhiteRock,15251621,10445,20,111
2026-07-29T00:25:32.140063+00:00,1785284727,6715,351 Bridgeport/WhiteRock,15251621,5447,21,70
2026-07-29T00:25:32.140063+00:00,1785284727,6715,351 Bridgeport/WhiteRock,15251621,5448,22,71
2026-07-29T00:25:32.140063+00:00,1785284727,6715,351 Bridgeport/WhiteRock,15251621,6194,23,64
2026-07-29T00:25:32.140063+00:00,1785284727,6715,351 Bridgeport/WhiteRock,15251621,4928,24,-63
2026-07-29T00:25:32.140063+00:00,1785284727,6715,351 Bridgeport/WhiteRock,15251621,8282,25,38
2026-07-29T00:25:32.140063+00:00,1785284727,6715,351 Bridgeport/WhiteRock,15251698,6340,19,-364
2026-07-29T00:25:32.140063+00:00,1785284727,6715,351 Bridgeport/WhiteRock,15251698,6341,20,-341
2026-07-29T00:25:32.140063+00:00,1785284727,6715,351 Bridgeport/WhiteRock,15251698,6167,21,-329
2026-07-29T00:25:32.140063+00:00,1785284727,6715,351 Bridgeport/WhiteRock,15251699,5530,10,-636
2026-07-29T00:25:32.140063+00:00,1785284727,6715,351 Bridgeport/WhiteRock,15251699,5533,11,-668
2026-07-29T00:25:32.140063+00:00,1785284727,6715,351 Bridgeport/WhiteRock,15251699,5534,12,-670
2026-07-29T00:25:32.140063+00:00,1785284727,6715,351 Bridgeport/WhiteRock,15251699,5535,13,-625
2026-07-29T00:25:32.140063+00:00,1785284727,6715,351 Bridgeport/WhiteRock,15251699,5536,14,-630
2026-07-29T00:25:32.140063+00:00,1785284727,6715,351 Bridgeport/WhiteRock,15251699,5537,15,-604
2026-07-29T00:25:32.140063+00:00,1785284727,6715,351 Bridgeport/WhiteRock,15251699,5538,16,-599
2026-07-29T00:25:32.140063+00:00,1785284727,6715,351 Bridgeport/WhiteRock,15251699,5541,17,-547
2026-07-29T00:25:32.140063+00:00,1785284727,6715,351 Bridgeport/WhiteRock,15251699,5542,18,-526
2026-07-29T00:25:32.140063+00:00,1785284727,6715,351 Bridgeport/WhiteRock,15251699,6340,19,-478
2026-07-29T00:25:32.140063+00:00,1785284727,6715,351 Bridgeport/WhiteRock,15251699,6341,20,-454
2026-07-29T00:25:32.140063+00:00,1785284727,6715,351 Bridgeport/WhiteRock,15251699,6167,21,-442
2026-07-29T00:25:32.140063+00:00,1785284727,6715,351 Bridgeport/WhiteRock,15251700,6175,4,-652
2026-07-29T00:25:32.140063+00:00,1785284727,6715,351 Bridgeport/WhiteRock,15251700,5524,5,-605
2026-07-29T00:25:32.140063+00:00,1785284727,6715,351 Bridgeport/WhiteRock,15251700,5525,6,-618
2026-07-29T00:25:32.140063+00:00,1785284727,6715,351 Bridgeport/WhiteRock,15251700,10443,7,-612
2026-07-29T00:25:32.140063+00:00,1785284727,6715,351 Bridgeport/WhiteRock,15251700,5528,8,-592
2026-07-29T00:25:32.140063+00:00,1785284727,6715,351 Bridgeport/WhiteRock,15251700,5529,9,-597
2026-07-29T00:25:32.140063+00:00,1785284727,6715,351 Bridgeport/WhiteRock,15251700,5530,10,-595
2026-07-29T00:25:32.140063+00:00,1785284727,6715,351 Bridgeport/WhiteRock,15251700,5533,11,-578
2026-07-29T00:25:32.140063+00:00,1785284727,6715,351 Bridgeport/WhiteRock,15251700,5534,12,-580
2026-07-29T00:25:32.140063+00:00,1785284727,6715,351 Bridgeport/WhiteRock,15251700,5535,13,-557
2026-07-29T00:25:32.140063+00:00,1785284727,6715,351 Bridgeport/WhiteRock,15251700,5536,14,-562
2026-07-29T00:25:32.140063+00:00,1785284727,6715,351 Bridgeport/WhiteRock,15251700,5537,15,-535
2026-07-29T00:25:32.140063+00:00,1785284727,6715,351 Bridgeport/WhiteRock,15251700,5538,16,-530
2026-07-29T00:25:32.140063+00:00,1785284727,6715,351 Bridgeport/WhiteRock,15251700,5541,17,-483
2026-07-29T00:25:32.140063+00:00,1785284727,6715,351 Bridgeport/WhiteRock,15251700,5542,18,-463
2026-07-29T00:25:32.140063+00:00,1785284727,6715,351 Bridgeport/WhiteRock,15251700,6340,19,-419
2026-07-29T00:25:32.140063+00:00,1785284727,6715,351 Bridgeport/WhiteRock,15251700,6341,20,-397
2026-07-29T00:25:32.140063+00:00,1785284727,6715,351 Bridgeport/WhiteRock,15251700,6167,21,-384
2026-07-29T00:25:32.140063+00:00,1785284727,6715,351 Bridgeport/WhiteRock,15251701,4929,3,0
2026-07-29T00:25:32.140063+00:00,1785284727,6715,351 Bridgeport/WhiteRock,15251701,6175,4,-649
2026-07-29T00:25:32.140063+00:00,1785284727,6715,351 Bridgeport/WhiteRock,15251701,5524,5,-600
2026-07-29T00:25:32.140063+00:00,1785284727,6715,351 Bridgeport/WhiteRock,15251701,5525,6,-613
2026-07-29T00:25:32.140063+00:00,1785284727,6715,351 Bridgeport/WhiteRock,15251701,10443,7,-606
2026-07-29T00:25:32.140063+00:00,1785284727,6715,351 Bridgeport/WhiteRock,15251701,5528,8,-585
2026-07-29T00:25:32.140063+00:00,1785284727,6715,351 Bridgeport/WhiteRock,15251701,5529,9,-590
2026-07-29T00:25:32.140063+00:00,1785284727,6715,351 Bridgeport/WhiteRock,15251701,5530,10,-587
2026-07-29T00:25:32.140063+00:00,1785284727,6715,351 Bridgeport/WhiteRock,15251701,5533,11,-568
2026-07-29T00:25:32.140063+00:00,1785284727,6715,351 Bridgeport/WhiteRock,15251701,5534,12,-569
2026-07-29T00:25:32.140063+00:00,1785284727,6715,351 Bridgeport/WhiteRock,15251701,5535,13,-545
2026-07-29T00:25:32.140063+00:00,1785284727,6715,351 Bridgeport/WhiteRock,15251701,5536,14,-548
2026-07-29T00:25:32.140063+00:00,1785284727,6715,351 Bridgeport/WhiteRock,15251701,5537,15,-521
2026-07-29T00:25:32.140063+00:00,1785284727,6715,351 Bridgeport/WhiteRock,15251701,5538,16,-515
2026-07-29T00:25:32.140063+00:00,1785284727,6715,351 Bridgeport/WhiteRock,15251701,5541,17,-469
2026-07-29T00:25:32.140063+00:00,1785284727,6715,351 Bridgeport/WhiteRock,15251701,5542,18,-449
2026-07-29T00:25:32.140063+00:00,1785284727,6715,351 Bridgeport/WhiteRock,15251701,6340,19,-402
2026-07-29T00:25:32.140063+00:00,1785284727,6715,351 Bridgeport/WhiteRock,15251701,6341,20,-381
2026-07-29T00:25:32.140063+00:00,1785284727,6715,351 Bridgeport/WhiteRock,15251701,6167,21,-369
2026-07-29T00:25:32.140063+00:00,1785284727,6715,351 Bridgeport/WhiteRock,15251702,8283,2,11
2026-07-29T00:25:32.140063+00:00,1785284727,6715,351 Bridgeport/WhiteRock,15251702,4929,3,17
2026-07-29T00:25:32.140063+00:00,1785284727,6715,351 Bridgeport/WhiteRock,15251702,6175,4,-634
2026-07-29T00:25:32.140063+00:00,1785284727,6715,351 Bridgeport/WhiteRock,15251702,5524,5,-585
2026-07-29T00:25:32.140063+00:00,1785284727,6715,351 Bridgeport/WhiteRock,15251702,5525,6,-598
2026-07-29T00:25:32.140063+00:00,1785284727,6715,351 Bridgeport/WhiteRock,15251702,10443,7,-592
2026-07-29T00:25:32.140063+00:00,1785284727,6715,351 Bridgeport/WhiteRock,15251702,5528,8,-570
2026-07-29T00:25:32.140063+00:00,1785284727,6715,351 Bridgeport/WhiteRock,15251702,5529,9,-572
2026-07-29T00:25:32.140063+00:00,1785284727,6715,351 Bridgeport/WhiteRock,15251702,5530,10,-571
2026-07-29T00:25:32.140063+00:00,1785284727,6715,351 Bridgeport/WhiteRock,15251702,5533,11,-554
2026-07-29T00:25:32.140063+00:00,1785284727,6715,351 Bridgeport/WhiteRock,15251702,5534,12,-555
2026-07-29T00:25:32.140063+00:00,1785284727,6715,351 Bridgeport/WhiteRock,15251702,5535,13,-537
2026-07-29T00:25:32.140063+00:00,1785284727,6715,351 Bridgeport/WhiteRock,15251702,5536,14,-537
2026-07-29T00:25:32.140063+00:00,1785284727,6715,351 Bridgeport/WhiteRock,15251702,5537,15,-505
2026-07-29T00:25:32.140063+00:00,1785284727,6715,351 Bridgeport/WhiteRock,15251702,5538,16,-500
2026-07-29T00:25:32.140063+00:00,1785284727,6715,351 Bridgeport/WhiteRock,15251702,5541,17,-456
2026-07-29T00:25:32.140063+00:00,1785284727,6715,351 Bridgeport/WhiteRock,15251702,5542,18,-437
2026-07-29T00:25:32.140063+00:00,1785284727,6715,351 Bridgeport/WhiteRock,15251702,6340,19,-390
2026-07-29T00:25:32.140063+00:00,1785284727,6715,351 Bridgeport/WhiteRock,15251702,6341,20,-370
2026-07-29T00:25:32.140063+00:00,1785284727,6715,351 Bridgeport/WhiteRock,15251702,6167,21,-352
2026-07-29T00:25:32.140063+00:00,1785284727,6715,351 Bridgeport/WhiteRock,15251703,11267,1,0
2026-07-29T00:25:32.140063+00:00,1785284727,6715,351 Bridgeport/WhiteRock,15251703,8283,2,-646
2026-07-29T00:25:32.140063+00:00,1785284727,6715,351 Bridgeport/WhiteRock,15251703,4929,3,0
2026-07-29T00:25:32.140063+00:00,1785284727,6715,351 Bridgeport/WhiteRock,15251703,6175,4,-574
2026-07-29T00:25:32.140063+00:00,1785284727,6715,351 Bridgeport/WhiteRock,15251703,5524,5,-517
2026-07-29T00:25:32.140063+00:00,1785284727,6715,351 Bridgeport/WhiteRock,15251703,5525,6,-529
2026-07-29T00:25:32.140063+00:00,1785284727,6715,351 Bridgeport/WhiteRock,15251703,10443,7,-519
2026-07-29T00:25:32.140063+00:00,1785284727,6715,351 Bridgeport/WhiteRock,15251703,5528,8,-498
2026-07-29T00:25:32.140063+00:00,1785284727,6715,351 Bridgeport/WhiteRock,15251703,5529,9,-500
2026-07-29T00:25:32.140063+00:00,1785284727,6715,351 Bridgeport/WhiteRock,15251703,5530,10,-497
2026-07-29T00:25:32.140063+00:00,1785284727,6715,351 Bridgeport/WhiteRock,15251703,5533,11,-477
2026-07-29T00:25:32.140063+00:00,1785284727,6715,351 Bridgeport/WhiteRock,15251703,5534,12,-477
2026-07-29T00:25:32.140063+00:00,1785284727,6715,351 Bridgeport/WhiteRock,15251703,5535,13,-446
2026-07-29T00:25:32.140063+00:00,1785284727,6715,351 Bridgeport/WhiteRock,15251703,5536,14,-443
2026-07-29T00:25:32.140063+00:00,1785284727,6715,351 Bridgeport/WhiteRock,15251703,5537,15,-413
2026-07-29T00:25:32.140063+00:00,1785284727,6715,351 Bridgeport/WhiteRock,15251703,5538,16,-405
2026-07-29T00:25:32.140063+00:00,1785284727,6715,351 Bridgeport/WhiteRock,15251703,5541,17,-361
2026-07-29T00:25:32.140063+00:00,1785284727,6715,351 Bridgeport/WhiteRock,15251703,5542,18,-341
2026-07-29T00:25:32.140063+00:00,1785284727,6715,351 Bridgeport/WhiteRock,15251703,6340,19,-295
2026-07-29T00:25:32.140063+00:00,1785284727,6715,351 Bridgeport/WhiteRock,15251703,6341,20,-272
2026-07-29T00:25:32.140063+00:00,1785284727,6715,351 Bridgeport/WhiteRock,15251703,6167,21,-252
2026-07-29T00:25:32.140063+00:00,1785284727,11692,364 Langley Centre/Scottsdale,15252682,5584,11,319
2026-07-29T00:25:32.140063+00:00,1785284727,11692,364 Langley Centre/Scottsdale,15252682,6464,12,293
2026-07-29T00:25:32.140063+00:00,1785284727,11692,364 Langley Centre/Scottsdale,15252682,6465,13,258
2026-07-29T00:25:32.140063+00:00,1785284727,11692,364 Langley Centre/Scottsdale,15252682,11074,14,294
2026-07-29T00:25:32.140063+00:00,1785284727,11692,364 Langley Centre/Scottsdale,15252682,11153,15,254
2026-07-29T00:25:32.140063+00:00,1785284727,11692,364 Langley Centre/Scottsdale,15252682,11150,16,205
2026-07-29T00:25:32.140063+00:00,1785284727,11692,364 Langley Centre/Scottsdale,15252682,11148,17,180
2026-07-29T00:25:32.140063+00:00,1785284727,11692,364 Langley Centre/Scottsdale,15252682,11124,18,184
2026-07-29T00:25:32.140063+00:00,1785284727,11692,364 Langley Centre/Scottsdale,15252682,11140,19,135
2026-07-29T00:25:32.140063+00:00,1785284727,11692,364 Langley Centre/Scottsdale,15252682,11145,20,122
2026-07-29T00:25:32.140063+00:00,1785284727,11692,364 Langley Centre/Scottsdale,15252682,11076,21,18
2026-07-29T00:25:32.140063+00:00,1785284727,11692,364 Langley Centre/Scottsdale,15252682,12645,22,-216
2026-07-29T00:25:32.140063+00:00,1785284727,11692,364 Langley Centre/Scottsdale,15252682,9525,23,-215
2026-07-29T00:25:32.140063+00:00,1785284727,11692,364 Langley Centre/Scottsdale,15252682,10148,24,-192
2026-07-29T00:25:32.140063+00:00,1785284727,11692,364 Langley Centre/Scottsdale,15252682,10585,25,-217
2026-07-29T00:25:32.140063+00:00,1785284727,11692,364 Langley Centre/Scottsdale,15252682,10250,26,-227
2026-07-29T00:25:32.140063+00:00,1785284727,11692,364 Langley Centre/Scottsdale,15252682,10588,27,-238
2026-07-29T00:25:32.140063+00:00,1785284727,11692,364 Langley Centre/Scottsdale,15252682,10248,28,-182
2026-07-29T00:25:32.140063+00:00,1785284727,11692,364 Langley Centre/Scottsdale,15252682,10726,29,-180
2026-07-29T00:25:32.140063+00:00,1785284727,11692,364 Langley Centre/Scottsdale,15252682,10725,30,-194
2026-07-29T00:25:32.140063+00:00,1785284727,11692,364 Langley Centre/Scottsdale,15252682,10727,31,-214
2026-07-29T00:25:32.140063+00:00,1785284727,11692,364 Langley Centre/Scottsdale,15252682,10251,32,-224
2026-07-29T00:25:32.140063+00:00,1785284727,11692,364 Langley Centre/Scottsdale,15252682,10252,33,-250
2026-07-29T00:25:32.140063+00:00,1785284727,11692,364 Langley Centre/Scottsdale,15252682,10253,34,-261
2026-07-29T00:25:32.140063+00:00,1785284727,11692,364 Langley Centre/Scottsdale,15252682,10255,35,-283
2026-07-29T00:25:32.140063+00:00,1785284727,11692,364 Langley Centre/Scottsdale,15252682,5332,36,-215
2026-07-29T00:25:32.140063+00:00,1785284727,11692,364 Langley Centre/Scottsdale,15252682,12497,37,-244
2026-07-29T00:25:32.140063+00:00,1785284727,11692,364 Langley Centre/Scottsdale,15252682,5334,38,-253
2026-07-29T00:25:32.140063+00:00,1785284727,11692,364 Langley Centre/Scottsdale,15252682,6472,39,-246
2026-07-29T00:25:32.140063+00:00,1785284727,11692,364 Langley Centre/Scottsdale,15252682,6473,40,-254
2026-07-29T00:25:32.140063+00:00,1785284727,11692,364 Langley Centre/Scottsdale,15252682,6474,41,-263
2026-07-29T00:25:32.140063+00:00,1785284727,11692,364 Langley Centre/Scottsdale,15252682,9306,42,-214
2026-07-29T00:25:32.140063+00:00,1785284727,11692,364 Langley Centre/Scottsdale,15252682,11125,43,-228
2026-07-29T00:25:32.140063+00:00,1785284727,11692,364 Langley Centre/Scottsdale,15252682,9294,44,-232
2026-07-29T00:25:32.140063+00:00,1785284727,11692,364 Langley Centre/Scottsdale,15252682,9293,45,-242
2026-07-29T00:25:32.140063+00:00,1785284727,11692,364 Langley Centre/Scottsdale,15252682,11126,46,-235
2026-07-29T00:25:32.140063+00:00,1785284727,11692,364 Langley Centre/Scottsdale,15252682,7094,47,-281
2026-07-29T00:25:32.140063+00:00,1785284727,11692,364 Langley Centre/Scottsdale,15252683,10253,34,-151
2026-07-29T00:25:32.140063+00:00,1785284727,11692,364 Langley Centre/Scottsdale,15252683,10255,35,-178
2026-07-29T00:25:32.140063+00:00,1785284727,11692,364 Langley Centre/Scottsdale,15252683,5332,36,-113
2026-07-29T00:25:32.140063+00:00,1785284727,11692,364 Langley Centre/Scottsdale,15252683,12497,37,-149
2026-07-29T00:25:32.140063+00:00,1785284727,11692,364 Langley Centre/Scottsdale,15252683,5334,38,-164
2026-07-29T00:25:32.140063+00:00,1785284727,11692,364 Langley Centre/Scottsdale,15252683,6472,39,-157
2026-07-29T00:25:32.140063+00:00,1785284727,11692,364 Langley Centre/Scottsdale,15252683,6473,40,-162
2026-07-29T00:25:32.140063+00:00,1785284727,11692,364 Langley Centre/Scottsdale,15252683,6474,41,-175
2026-07-29T00:25:32.140063+00:00,1785284727,11692,364 Langley Centre/Scottsdale,15252683,9306,42,-127
2026-07-29T00:25:32.140063+00:00,1785284727,11692,364 Langley Centre/Scottsdale,15252683,11125,43,-150
2026-07-29T00:25:32.140063+00:00,1785284727,11692,364 Langley Centre/Scottsdale,15252683,9294,44,-140
2026-07-29T00:25:32.140063+00:00,1785284727,11692,364 Langley Centre/Scottsdale,15252683,9293,45,-155
2026-07-29T00:25:32.140063+00:00,1785284727,11692,364 Langley Centre/Scottsdale,15252683,11126,46,-146
2026-07-29T00:25:32.140063+00:00,1785284727,11692,364 Langley Centre/Scottsdale,15252683,7094,47,-180
2026-07-29T00:25:32.140063+00:00,1785284727,11692,364 Langley Centre/Scottsdale,15252698,4918,3,216
2026-07-29T00:25:32.140063+00:00,1785284727,11692,364 Langley Centre/Scottsdale,15252698,4919,4,214
2026-07-29T00:25:32.140063+00:00,1785284727,11692,364 Langley Centre/Scottsdale,15252698,4921,5,146
2026-07-29T00:25:32.140063+00:00,1785284727,11692,364 Langley Centre/Scottsdale,15252698,11121,6,192
2026-07-29T00:25:32.140063+00:00,1785284727,11692,364 Langley Centre/Scottsdale,15252698,11142,7,148
2026-07-29T00:25:32.140063+00:00,1785284727,11692,364 Langley Centre/Scottsdale,15252698,11139,8,123
2026-07-29T00:25:32.140063+00:00,1785284727,11692,364 Langley Centre/Scottsdale,15252698,11156,9,92
2026-07-29T00:25:32.140063+00:00,1785284727,11692,364 Langley Centre/Scottsdale,15252698,5583,10,98
2026-07-29T00:25:32.140063+00:00,1785284727,11692,364 Langley Centre/Scottsdale,15252698,5584,11,58
2026-07-29T00:25:32.140063+00:00,1785284727,11692,364 Langley Centre/Scottsdale,15252698,6464,12,35
2026-07-29T00:25:32.140063+00:00,1785284727,11692,364 Langley Centre/Scottsdale,15252698,6465,13,2
2026-07-29T00:25:32.140063+00:00,1785284727,11692,364 Langley Centre/Scottsdale,15252698,11074,14,41
2026-07-29T00:25:32.140063+00:00,1785284727,11692,364 Langley Centre/Scottsdale,15252698,11153,15,3
2026-07-29T00:25:32.140063+00:00,1785284727,11692,364 Langley Centre/Scottsdale,15252698,11150,16,-44
2026-07-29T00:25:32.140063+00:00,1785284727,11692,364 Langley Centre/Scottsdale,15252698,11148,17,-70
2026-07-29T00:25:32.140063+00:00,1785284727,11692,364 Langley Centre/Scottsdale,15252698,11124,18,-63
2026-07-29T00:25:32.140063+00:00,1785284727,11692,364 Langley Centre/Scottsdale,15252698,11140,19,-109
2026-07-29T00:25:32.140063+00:00,1785284727,11692,364 Langley Centre/Scottsdale,15252698,11145,20,-118
2026-07-29T00:25:32.140063+00:00,1785284727,11692,364 Langley Centre/Scottsdale,15252698,11076,21,0
2026-07-29T00:25:32.140063+00:00,1785284727,11692,364 Langley Centre/Scottsdale,15252698,12645,22,-211
2026-07-29T00:25:32.140063+00:00,1785284727,11692,364 Langley Centre/Scottsdale,15252698,9525,23,-209
2026-07-29T00:25:32.140063+00:00,1785284727,11692,364 Langley Centre/Scottsdale,15252698,10148,24,-182
2026-07-29T00:25:32.140063+00:00,1785284727,11692,364 Langley Centre/Scottsdale,15252698,10585,25,-204
2026-07-29T00:25:32.140063+00:00,1785284727,11692,364 Langley Centre/Scottsdale,15252698,10250,26,-210
2026-07-29T00:25:32.140063+00:00,1785284727,11692,364 Langley Centre/Scottsdale,15252698,10588,27,-218
2026-07-29T00:25:32.140063+00:00,1785284727,11692,364 Langley Centre/Scottsdale,15252698,10248,28,-158
2026-07-29T00:25:32.140063+00:00,1785284727,11692,364 Langley Centre/Scottsdale,15252698,10726,29,-161
2026-07-29T00:25:32.140063+00:00,1785284727,11692,364 Langley Centre/Scottsdale,15252698,10725,30,-175
2026-07-29T00:25:32.140063+00:00,1785284727,11692,364 Langley Centre/Scottsdale,15252698,10727,31,-191
2026-07-29T00:25:32.140063+00:00,1785284727,11692,364 Langley Centre/Scottsdale,15252698,10251,32,-200
2026-07-29T00:25:32.140063+00:00,1785284727,11692,364 Langley Centre/Scottsdale,15252698,10252,33,-225
2026-07-29T00:25:32.140063+00:00,1785284727,11692,364 Langley Centre/Scottsdale,15252698,10253,34,-235
2026-07-29T00:25:32.140063+00:00,1785284727,11692,364 Langley Centre/Scottsdale,15252698,10255,35,-254
2026-07-29T00:25:32.140063+00:00,1785284727,11692,364 Langley Centre/Scottsdale,15252698,5332,36,-223
2026-07-29T00:25:32.140063+00:00,1785284727,11692,364 Langley Centre/Scottsdale,15252698,12497,37,-251
2026-07-29T00:25:32.140063+00:00,1785284727,11692,364 Langley Centre/Scottsdale,15252698,5334,38,-251
2026-07-29T00:25:32.140063+00:00,1785284727,11692,364 Langley Centre/Scottsdale,15252698,6472,39,-243
2026-07-29T00:25:32.140063+00:00,1785284727,11692,364 Langley Centre/Scottsdale,15252698,6473,40,-248
2026-07-29T00:25:32.140063+00:00,1785284727,11692,364 Langley Centre/Scottsdale,15252698,6474,41,-255
2026-07-29T00:25:32.140063+00:00,1785284727,11692,364 Langley Centre/Scottsdale,15252698,9306,42,-204
2026-07-29T00:25:32.140063+00:00,1785284727,11692,364 Langley Centre/Scottsdale,15252698,11125,43,-203
2026-07-29T00:25:32.140063+00:00,1785284727,11692,364 Langley Centre/Scottsdale,15252698,9294,44,-191
2026-07-29T00:25:32.140063+00:00,1785284727,11692,364 Langley Centre/Scottsdale,15252698,9293,45,-200
2026-07-29T00:25:32.140063+00:00,1785284727,11692,364 Langley Centre/Scottsdale,15252698,11126,46,-192
2026-07-29T00:25:32.140063+00:00,1785284727,11692,364 Langley Centre/Scottsdale,15252698,7094,47,-225
2026-07-29T00:25:32.140063+00:00,1785284727,11692,364 Langley Centre/Scottsdale,15252700,12645,22,-223
2026-07-29T00:25:32.140063+00:00,1785284727,11692,364 Langley Centre/Scottsdale,15252700,9525,23,-222
2026-07-29T00:25:32.140063+00:00,1785284727,11692,364 Langley Centre/Scottsdale,15252700,10148,24,-199
2026-07-29T00:25:32.140063+00:00,1785284727,11692,364 Langley Centre/Scottsdale,15252700,10585,25,-224
2026-07-29T00:25:32.140063+00:00,1785284727,11692,364 Langley Centre/Scottsdale,15252700,10250,26,-234
2026-07-29T00:25:32.140063+00:00,1785284727,11692,364 Langley Centre/Scottsdale,15252700,10588,27,-245
2026-07-29T00:25:32.140063+00:00,1785284727,11692,364 Langley Centre/Scottsdale,15252700,10248,28,-189
2026-07-29T00:25:32.140063+00:00,1785284727,11692,364 Langley Centre/Scottsdale,15252700,10726,29,-186
2026-07-29T00:25:32.140063+00:00,1785284727,11692,364 Langley Centre/Scottsdale,15252700,10725,30,-200
2026-07-29T00:25:32.140063+00:00,1785284727,11692,364 Langley Centre/Scottsdale,15252700,10727,31,-219
2026-07-29T00:25:32.140063+00:00,1785284727,11692,364 Langley Centre/Scottsdale,15252700,10251,32,-230
2026-07-29T00:25:32.140063+00:00,1785284727,11692,364 Langley Centre/Scottsdale,15252700,10252,33,-256
2026-07-29T00:25:32.140063+00:00,1785284727,11692,364 Langley Centre/Scottsdale,15252700,10253,34,-267
2026-07-29T00:25:32.140063+00:00,1785284727,11692,364 Langley Centre/Scottsdale,15252700,10255,35,-289
2026-07-29T00:25:32.140063+00:00,1785284727,11692,364 Langley Centre/Scottsdale,15252700,5332,36,-221
2026-07-29T00:25:32.140063+00:00,1785284727,11692,364 Langley Centre/Scottsdale,15252700,12497,37,-251
2026-07-29T00:25:32.140063+00:00,1785284727,11692,364 Langley Centre/Scottsdale,15252700,5334,38,-261
2026-07-29T00:25:32.140063+00:00,1785284727,11692,364 Langley Centre/Scottsdale,15252700,6472,39,-254
2026-07-29T00:25:32.140063+00:00,1785284727,11692,364 Langley Centre/Scottsdale,15252700,6473,40,-258
2026-07-29T00:25:32.140063+00:00,1785284727,11692,364 Langley Centre/Scottsdale,15252700,6474,41,-267
2026-07-29T00:25:32.140063+00:00,1785284727,11692,364 Langley Centre/Scottsdale,15252700,9306,42,-215
2026-07-29T00:25:32.140063+00:00,1785284727,11692,364 Langley Centre/Scottsdale,15252700,11125,43,-212
2026-07-29T00:25:32.140063+00:00,1785284727,11692,364 Langley Centre/Scottsdale,15252700,9294,44,-211
2026-07-29T00:25:32.140063+00:00,1785284727,11692,364 Langley Centre/Scottsdale,15252700,9293,45,-224
2026-07-29T00:25:32.140063+00:00,1785284727,11692,364 Langley Centre/Scottsdale,15252700,11126,46,-213
2026-07-29T00:25:32.140063+00:00,1785284727,11692,364 Langley Centre/Scottsdale,15252700,7094,47,-227
2026-07-29T00:25:32.140063+00:00,1785284727,11692,364 Langley Centre/Scottsdale,15252713,7093,3,66
2026-07-29T00:25:32.140063+00:00,1785284727,11692,364 Langley Centre/Scottsdale,15252713,9291,4,-68
2026-07-29T00:25:32.140063+00:00,1785284727,11692,364 Langley Centre/Scottsdale,15252713,9292,5,-85
2026-07-29T00:25:32.140063+00:00,1785284727,11692,364 Langley Centre/Scottsdale,15252713,11264,6,-83
2026-07-29T00:25:32.140063+00:00,1785284727,11692,364 Langley Centre/Scottsdale,15252713,9303,7,-84
2026-07-29T00:25:32.140063+00:00,1785284727,11692,364 Langley Centre/Scottsdale,15252713,9304,8,-101
2026-07-29T00:25:32.140063+00:00,1785284727,11692,364 Langley Centre/Scottsdale,15252713,6475,9,-76
2026-07-29T00:25:32.140063+00:00,1785284727,11692,364 Langley Centre/Scottsdale,15252713,6476,10,-108
2026-07-29T00:25:32.140063+00:00,1785284727,11692,364 Langley Centre/Scottsdale,15252713,5381,11,-126
2026-07-29T00:25:32.140063+00:00,1785284727,11692,364 Langley Centre/Scottsdale,15252713,12496,12,-137
2026-07-29T00:25:32.140063+00:00,1785284727,11692,364 Langley Centre/Scottsdale,15252713,5382,13,-157
2026-07-29T00:25:32.140063+00:00,1785284727,11692,364 Langley Centre/Scottsdale,15252713,12516,14,26
2026-07-29T00:25:32.140063+00:00,1785284727,11692,364 Langley Centre/Scottsdale,15252713,10257,15,-22
2026-07-29T00:25:32.140063+00:00,1785284727,11692,364 Langley Centre/Scottsdale,15252713,10258,16,-40
2026-07-29T00:25:32.140063+00:00,1785284727,11692,364 Langley Centre/Scottsdale,15252713,10259,17,-90
2026-07-29T00:25:32.140063+00:00,1785284727,11692,364 Langley Centre/Scottsdale,15252713,10260,18,0
2026-07-29T00:25:32.140063+00:00,1785284727,11692,364 Langley Centre/Scottsdale,15252713,10729,19,-46
2026-07-29T00:25:32.140063+00:00,1785284727,11692,364 Langley Centre/Scottsdale,15252713,13067,20,-69
2026-07-29T00:25:32.140063+00:00,1785284727,11692,364 Langley Centre/Scottsdale,15252713,10633,21,-87
2026-07-29T00:25:32.140063+00:00,1785284727,11692,364 Langley Centre/Scottsdale,15252713,10149,22,11
2026-07-29T00:25:32.140063+00:00,1785284727,11692,364 Langley Centre/Scottsdale,15252713,10587,23,-8
2026-07-29T00:25:32.140063+00:00,1785284727,11692,364 Langley Centre/Scottsdale,15252713,10261,24,-46
2026-07-29T00:25:32.140063+00:00,1785284727,11692,364 Langley Centre/Scottsdale,15252713,10586,25,-84
2026-07-29T00:25:32.140063+00:00,1785284727,11692,364 Langley Centre/Scottsdale,15252713,9547,26,-57
2026-07-29T00:25:32.140063+00:00,1785284727,11692,364 Langley Centre/Scottsdale,15252713,9526,27,-87
2026-07-29T00:25:32.140063+00:00,1785284727,11692,364 Langley Centre/Scottsdale,15252713,12646,28,-102
2026-07-29T00:25:32.140063+00:00,1785284727,11692,364 Langley Centre/Scottsdale,15252713,11075,29,-175
2026-07-29T00:25:32.140063+00:00,1785284727,11692,364 Langley Centre/Scottsdale,15252713,11174,30,-202
2026-07-29T00:25:32.140063+00:00,1785284727,11692,364 Langley Centre/Scottsdale,15252713,11175,31,-235
2026-07-29T00:25:32.140063+00:00,1785284727,11692,364 Langley Centre/Scottsdale,15252713,11123,32,-205
2026-07-29T00:25:32.140063+00:00,1785284727,11692,364 Langley Centre/Scottsdale,15252713,11176,33,-207
2026-07-29T00:25:32.140063+00:00,1785284727,11692,364 Langley Centre/Scottsdale,15252713,11177,34,-238
2026-07-29T00:25:32.140063+00:00,1785284727,11692,364 Langley Centre/Scottsdale,15252713,11178,35,-269
2026-07-29T00:25:32.140063+00:00,1785284727,11692,364 Langley Centre/Scottsdale,15252713,6459,36,-192
2026-07-29T00:25:32.140063+00:00,1785284727,11692,364 Langley Centre/Scottsdale,15252713,6460,37,-199
2026-07-29T00:25:32.140063+00:00,1785284727,11692,364 Langley Centre/Scottsdale,15252713,5621,38,-199
2026-07-29T00:25:32.140063+00:00,1785284727,11692,364 Langley Centre/Scottsdale,15252713,5622,39,-224
2026-07-29T00:25:32.140063+00:00,1785284727,11692,364 Langley Centre/Scottsdale,15252713,11122,40,-210
2026-07-29T00:25:32.140063+00:00,1785284727,11692,364 Langley Centre/Scottsdale,15252713,11155,41,-224
2026-07-29T00:25:32.140063+00:00,1785284727,11692,364 Langley Centre/Scottsdale,15252713,11143,42,-234
2026-07-29T00:25:32.140063+00:00,1785284727,11692,364 Langley Centre/Scottsdale,15252713,11141,43,-269
2026-07-29T00:25:32.140063+00:00,1785284727,11692,364 Langley Centre/Scottsdale,15252713,4936,44,-263
2026-07-29T00:25:32.140063+00:00,1785284727,11692,364 Langley Centre/Scottsdale,15252713,4937,45,-286
2026-07-29T00:25:32.140063+00:00,1785284727,11692,364 Langley Centre/Scottsdale,15252713,4938,46,-316
2026-07-29T00:25:32.140063+00:00,1785284727,11692,364 Langley Centre/Scottsdale,15252713,5229,47,-317
2026-07-29T00:25:32.140063+00:00,1785284727,11692,364 Langley Centre/Scottsdale,15252713,4917,48,-268
2026-07-29T00:25:32.140063+00:00,1785284727,11692,364 Langley Centre/Scottsdale,15252714,12516,14,225
2026-07-29T00:25:32.140063+00:00,1785284727,11692,364 Langley Centre/Scottsdale,15252714,10257,15,174
2026-07-29T00:25:32.140063+00:00,1785284727,11692,364 Langley Centre/Scottsdale,15252714,10258,16,147
2026-07-29T00:25:32.140063+00:00,1785284727,11692,364 Langley Centre/Scottsdale,15252714,10259,17,92
2026-07-29T00:25:32.140063+00:00,1785284727,11692,364 Langley Centre/Scottsdale,15252714,10260,18,67
2026-07-29T00:25:32.140063+00:00,1785284727,11692,364 Langley Centre/Scottsdale,15252714,10729,19,14
2026-07-29T00:25:32.140063+00:00,1785284727,11692,364 Langley Centre/Scottsdale,15252714,13067,20,-11
2026-07-29T00:25:32.140063+00:00,1785284727,11692,364 Langley Centre/Scottsdale,15252714,10633,21,-31
2026-07-29T00:25:32.140063+00:00,1785284727,11692,364 Langley Centre/Scottsdale,15252714,10149,22,65
2026-07-29T00:25:32.140063+00:00,1785284727,11692,364 Langley Centre/Scottsdale,15252714,10587,23,42
2026-07-29T00:25:32.140063+00:00,1785284727,11692,364 Langley Centre/Scottsdale,15252714,10261,24,0
2026-07-29T00:25:32.140063+00:00,1785284727,11692,364 Langley Centre/Scottsdale,15252714,10586,25,-41
2026-07-29T00:25:32.140063+00:00,1785284727,11692,364 Langley Centre/Scottsdale,15252714,9547,26,-17
2026-07-29T00:25:32.140063+00:00,1785284727,11692,364 Langley Centre/Scottsdale,15252714,9526,27,-51
2026-07-29T00:25:32.140063+00:00,1785284727,11692,364 Langley Centre/Scottsdale,15252714,12646,28,-69
2026-07-29T00:25:32.140063+00:00,1785284727,11692,364 Langley Centre/Scottsdale,15252714,11075,29,-160
2026-07-29T00:25:32.140063+00:00,1785284727,11692,364 Langley Centre/Scottsdale,15252714,11174,30,-191
2026-07-29T00:25:32.140063+00:00,1785284727,11692,364 Langley Centre/Scottsdale,15252714,11175,31,-227
2026-07-29T00:25:32.140063+00:00,1785284727,11692,364 Langley Centre/Scottsdale,15252714,11123,32,-184
2026-07-29T00:25:32.140063+00:00,1785284727,11692,364 Langley Centre/Scottsdale,15252714,11176,33,-193
2026-07-29T00:25:32.140063+00:00,1785284727,11692,364 Langley Centre/Scottsdale,15252714,11177,34,-224
2026-07-29T00:25:32.140063+00:00,1785284727,11692,364 Langley Centre/Scottsdale,15252714,11178,35,-257
2026-07-29T00:25:32.140063+00:00,1785284727,11692,364 Langley Centre/Scottsdale,15252714,6459,36,-170
2026-07-29T00:25:32.140063+00:00,1785284727,11692,364 Langley Centre/Scottsdale,15252714,6460,37,-178
2026-07-29T00:25:32.140063+00:00,1785284727,11692,364 Langley Centre/Scottsdale,15252714,5621,38,-180
2026-07-29T00:25:32.140063+00:00,1785284727,11692,364 Langley Centre/Scottsdale,15252714,5622,39,-208
2026-07-29T00:25:32.140063+00:00,1785284727,11692,364 Langley Centre/Scottsdale,15252714,11122,40,-197
2026-07-29T00:25:32.140063+00:00,1785284727,11692,364 Langley Centre/Scottsdale,15252714,11155,41,-215
2026-07-29T00:25:32.140063+00:00,1785284727,11692,364 Langley Centre/Scottsdale,15252714,11143,42,-228
2026-07-29T00:25:32.140063+00:00,1785284727,11692,364 Langley Centre/Scottsdale,15252714,11141,43,-265
2026-07-29T00:25:32.140063+00:00,1785284727,11692,364 Langley Centre/Scottsdale,15252714,4936,44,-259
2026-07-29T00:25:32.140063+00:00,1785284727,11692,364 Langley Centre/Scottsdale,15252714,4937,45,-277
2026-07-29T00:25:32.140063+00:00,1785284727,11692,364 Langley Centre/Scottsdale,15252714,4938,46,-302
2026-07-29T00:25:32.140063+00:00,1785284727,11692,364 Langley Centre/Scottsdale,15252714,5229,47,-302
2026-07-29T00:25:32.140063+00:00,1785284727,11692,364 Langley Centre/Scottsdale,15252714,4917,48,-257
2026-07-29T00:25:32.140063+00:00,1785284727,11692,364 Langley Centre/Scottsdale,15252715,11075,29,151
2026-07-29T00:25:32.140063+00:00,1785284727,11692,364 Langley Centre/Scottsdale,15252715,11174,30,121
2026-07-29T00:25:32.140063+00:00,1785284727,11692,364 Langley Centre/Scottsdale,15252715,11175,31,86
2026-07-29T00:25:32.140063+00:00,1785284727,11692,364 Langley Centre/Scottsdale,15252715,11123,32,131
2026-07-29T00:25:32.140063+00:00,1785284727,11692,364 Langley Centre/Scottsdale,15252715,11176,33,127
2026-07-29T00:25:32.140063+00:00,1785284727,11692,364 Langley Centre/Scottsdale,15252715,11177,34,96
2026-07-29T00:25:32.140063+00:00,1785284727,11692,364 Langley Centre/Scottsdale,15252715,11178,35,62
2026-07-29T00:25:32.140063+00:00,1785284727,11692,364 Langley Centre/Scottsdale,15252715,6459,36,147
2026-07-29T00:25:32.140063+00:00,1785284727,11692,364 Langley Centre/Scottsdale,15252715,6460,37,134
2026-07-29T00:25:32.140063+00:00,1785284727,11692,364 Langley Centre/Scottsdale,15252715,5621,38,133
2026-07-29T00:25:32.140063+00:00,1785284727,11692,364 Langley Centre/Scottsdale,15252715,5622,39,105
2026-07-29T00:25:32.140063+00:00,1785284727,11692,364 Langley Centre/Scottsdale,15252715,11122,40,136
2026-07-29T00:25:32.140063+00:00,1785284727,11692,364 Langley Centre/Scottsdale,15252715,11155,41,115
2026-07-29T00:25:32.140063+00:00,1785284727,11692,364 Langley Centre/Scottsdale,15252715,11143,42,103
2026-07-29T00:25:32.140063+00:00,1785284727,11692,364 Langley Centre/Scottsdale,15252715,11141,43,66
2026-07-29T00:25:32.140063+00:00,1785284727,11692,364 Langley Centre/Scottsdale,15252715,4936,44,75
2026-07-29T00:25:32.140063+00:00,1785284727,11692,364 Langley Centre/Scottsdale,15252715,4937,45,49
2026-07-29T00:25:32.140063+00:00,1785284727,11692,364 Langley Centre/Scottsdale,15252715,4938,46,21
2026-07-29T00:25:32.140063+00:00,1785284727,11692,364 Langley Centre/Scottsdale,15252715,5229,47,19
2026-07-29T00:25:32.140063+00:00,1785284727,11692,364 Langley Centre/Scottsdale,15252715,4917,48,76
2026-07-29T00:25:32.140063+00:00,1785284727,11692,364 Langley Centre/Scottsdale,15252751,6460,37,264
2026-07-29T00:25:32.140063+00:00,1785284727,11692,364 Langley Centre/Scottsdale,15252751,5621,38,259
2026-07-29T00:25:32.140063+00:00,1785284727,11692,364 Langley Centre/Scottsdale,15252751,5622,39,227
2026-07-29T00:25:32.140063+00:00,1785284727,11692,364 Langley Centre/Scottsdale,15252751,11122,40,254
2026-07-29T00:25:32.140063+00:00,1785284727,11692,364 Langley Centre/Scottsdale,15252751,11155,41,229
2026-07-29T00:25:32.140063+00:00,1785284727,11692,364 Langley Centre/Scottsdale,15252751,11143,42,213
2026-07-29T00:25:32.140063+00:00,1785284727,11692,364 Langley Centre/Scottsdale,15252751,11141,43,173
2026-07-29T00:25:32.140063+00:00,1785284727,11692,364 Langley Centre/Scottsdale,15252751,4936,44,179
2026-07-29T00:25:32.140063+00:00,1785284727,11692,364 Langley Centre/Scottsdale,15252751,4937,45,151
2026-07-29T00:25:32.140063+00:00,1785284727,11692,364 Langley Centre/Scottsdale,15252751,4938,46,120
2026-07-29T00:25:32.140063+00:00,1785284727,11692,364 Langley Centre/Scottsdale,15252751,5229,47,114
2026-07-29T00:25:32.140063+00:00,1785284727,11692,364 Langley Centre/Scottsdale,15252751,4917,48,168
2026-07-29T00:25:32.140063+00:00,1785284727,11692,364 Langley Centre/Scottsdale,15252752,10587,23,78
2026-07-29T00:25:32.140063+00:00,1785284727,11692,364 Langley Centre/Scottsdale,15252752,10261,24,37
2026-07-29T00:25:32.140063+00:00,1785284727,11692,364 Langley Centre/Scottsdale,15252752,10586,25,-4
2026-07-29T00:25:32.140063+00:00,1785284727,11692,364 Langley Centre/Scottsdale,15252752,9547,26,20
2026-07-29T00:25:32.140063+00:00,1785284727,11692,364 Langley Centre/Scottsdale,15252752,9526,27,-14
2026-07-29T00:25:32.140063+00:00,1785284727,11692,364 Langley Centre/Scottsdale,15252752,12646,28,-31
2026-07-29T00:25:32.140063+00:00,1785284727,11692,364 Langley Centre/Scottsdale,15252752,11075,29,-122
2026-07-29T00:25:32.140063+00:00,1785284727,11692,364 Langley Centre/Scottsdale,15252752,11174,30,-152
2026-07-29T00:25:32.140063+00:00,1785284727,11692,364 Langley Centre/Scottsdale,15252752,11175,31,-184
2026-07-29T00:25:32.140063+00:00,1785284727,11692,364 Langley Centre/Scottsdale,15252752,11123,32,-141
2026-07-29T00:25:32.140063+00:00,1785284727,11692,364 Langley Centre/Scottsdale,15252752,11176,33,-148
2026-07-29T00:25:32.140063+00:00,1785284727,11692,364 Langley Centre/Scottsdale,15252752,11177,34,-179
2026-07-29T00:25:32.140063+00:00,1785284727,11692,364 Langley Centre/Scottsdale,15252752,11178,35,-212
2026-07-29T00:25:32.140063+00:00,1785284727,11692,364 Langley Centre/Scottsdale,15252752,6459,36,-127
2026-07-29T00:25:32.140063+00:00,1785284727,11692,364 Langley Centre/Scottsdale,15252752,6460,37,-139
2026-07-29T00:25:32.140063+00:00,1785284727,11692,364 Langley Centre/Scottsdale,15252752,5621,38,-140
2026-07-29T00:25:32.140063+00:00,1785284727,11692,364 Langley Centre/Scottsdale,15252752,5622,39,-168
2026-07-29T00:25:32.140063+00:00,1785284727,11692,364 Langley Centre/Scottsdale,15252752,11122,40,-137
2026-07-29T00:25:32.140063+00:00,1785284727,11692,364 Langley Centre/Scottsdale,15252752,11155,41,-157
2026-07-29T00:25:32.140063+00:00,1785284727,11692,364 Langley Centre/Scottsdale,15252752,11143,42,-169
2026-07-29T00:25:32.140063+00:00,1785284727,11692,364 Langley Centre/Scottsdale,15252752,11141,43,-206
2026-07-29T00:25:32.140063+00:00,1785284727,11692,364 Langley Centre/Scottsdale,15252752,4936,44,-196
2026-07-29T00:25:32.140063+00:00,1785284727,11692,364 Langley Centre/Scottsdale,15252752,4937,45,-222
2026-07-29T00:25:32.140063+00:00,1785284727,11692,364 Langley Centre/Scottsdale,15252752,4938,46,-252
2026-07-29T00:25:32.140063+00:00,1785284727,11692,364 Langley Centre/Scottsdale,15252752,5229,47,-254
2026-07-29T00:25:32.140063+00:00,1785284727,11692,364 Langley Centre/Scottsdale,15252752,4917,48,-197
2026-07-29T00:25:32.140063+00:00,1785284727,18705,531 WhiteRock/WillowBrook,15259155,9291,46,128
2026-07-29T00:25:32.140063+00:00,1785284727,18705,531 WhiteRock/WillowBrook,15259155,9292,47,122
2026-07-29T00:25:32.140063+00:00,1785284727,18705,531 WhiteRock/WillowBrook,15259155,11264,48,146
2026-07-29T00:25:32.140063+00:00,1785284727,18705,531 WhiteRock/WillowBrook,15259155,9303,49,151
2026-07-29T00:25:32.140063+00:00,1785284727,18705,531 WhiteRock/WillowBrook,15259155,9304,50,146
2026-07-29T00:25:32.140063+00:00,1785284727,18705,531 WhiteRock/WillowBrook,15259155,6475,51,191
2026-07-29T00:25:32.140063+00:00,1785284727,18705,531 WhiteRock/WillowBrook,15259155,6476,52,180
2026-07-29T00:25:32.140063+00:00,1785284727,18705,531 WhiteRock/WillowBrook,15259155,5335,53,182
2026-07-29T00:25:32.140063+00:00,1785284727,18705,531 WhiteRock/WillowBrook,15259155,7100,54,216
2026-07-29T00:25:32.140063+00:00,1785284727,18705,531 WhiteRock/WillowBrook,15259174,13013,1,0
2026-07-29T00:25:32.140063+00:00,1785284727,18705,531 WhiteRock/WillowBrook,15259174,5437,2,0
2026-07-29T00:25:32.140063+00:00,1785284727,18705,531 WhiteRock/WillowBrook,15259174,5438,3,0
2026-07-29T00:25:32.140063+00:00,1785284727,18705,531 WhiteRock/WillowBrook,15259174,5439,4,0
2026-07-29T00:25:32.140063+00:00,1785284727,18705,531 WhiteRock/WillowBrook,15259174,5440,5,0
2026-07-29T00:25:32.140063+00:00,1785284727,18705,531 WhiteRock/WillowBrook,15259174,11755,6,0
2026-07-29T00:25:32.140063+00:00,1785284727,18705,531 WhiteRock/WillowBrook,15259174,11734,7,0
2026-07-29T00:25:32.140063+00:00,1785284727,18705,531 WhiteRock/WillowBrook,15259174,10856,8,0
2026-07-29T00:25:32.140063+00:00,1785284727,18705,531 WhiteRock/WillowBrook,15259174,11583,9,0
2026-07-29T00:25:32.140063+00:00,1785284727,18705,531 WhiteRock/WillowBrook,15259174,11574,10,0
2026-07-29T00:25:32.140063+00:00,1785284727,18705,531 WhiteRock/WillowBrook,15259174,11736,11,0
2026-07-29T00:25:32.140063+00:00,1785284727,18705,531 WhiteRock/WillowBrook,15259174,12379,12,0
2026-07-29T00:25:32.140063+00:00,1785284727,18705,531 WhiteRock/WillowBrook,15259174,11738,13,0
2026-07-29T00:25:32.140063+00:00,1785284727,18705,531 WhiteRock/WillowBrook,15259174,11743,14,0
2026-07-29T00:25:32.140063+00:00,1785284727,18705,531 WhiteRock/WillowBrook,15259174,12306,15,0
2026-07-29T00:25:32.140063+00:00,1785284727,18705,531 WhiteRock/WillowBrook,15259174,12218,16,0
2026-07-29T00:25:32.140063+00:00,1785284727,18705,531 WhiteRock/WillowBrook,15259174,11924,17,0
2026-07-29T00:25:32.140063+00:00,1785284727,18705,531 WhiteRock/WillowBrook,15259174,13131,18,0
2026-07-29T00:25:32.140063+00:00,1785284727,18705,531 WhiteRock/WillowBrook,15259174,11923,19,0
2026-07-29T00:25:32.140063+00:00,1785284727,18705,531 WhiteRock/WillowBrook,15259174,12597,20,0
2026-07-29T00:25:32.140063+00:00,1785284727,18705,531 WhiteRock/WillowBrook,15259174,11922,21,0
2026-07-29T00:25:32.140063+00:00,1785284727,18705,531 WhiteRock/WillowBrook,15259174,11744,22,0
2026-07-29T00:25:32.140063+00:00,1785284727,18705,531 WhiteRock/WillowBrook,15259174,11839,23,0
2026-07-29T00:25:32.140063+00:00,1785284727,18705,531 WhiteRock/WillowBrook,15259174,12922,24,0
2026-07-29T00:25:32.140063+00:00,1785284727,18705,531 WhiteRock/WillowBrook,15259174,12923,25,0
2026-07-29T00:25:32.140063+00:00,1785284727,18705,531 WhiteRock/WillowBrook,15259174,12925,26,0
2026-07-29T00:25:32.140063+00:00,1785284727,18705,531 WhiteRock/WillowBrook,15259174,12928,27,0
2026-07-29T00:25:32.140063+00:00,1785284727,18705,531 WhiteRock/WillowBrook,15259174,12930,28,0
2026-07-29T00:25:32.140063+00:00,1785284727,18705,531 WhiteRock/WillowBrook,15259174,13042,29,0
2026-07-29T00:25:32.140063+00:00,1785284727,18705,531 WhiteRock/WillowBrook,15259174,8936,30,0
2026-07-29T00:25:32.140063+00:00,1785284727,18705,531 WhiteRock/WillowBrook,15259174,9030,31,0
2026-07-29T00:25:32.140063+00:00,1785284727,18705,531 WhiteRock/WillowBrook,15259174,8937,32,0
2026-07-29T00:25:32.140063+00:00,1785284727,18705,531 WhiteRock/WillowBrook,15259174,8938,33,0
2026-07-29T00:25:32.140063+00:00,1785284727,18705,531 WhiteRock/WillowBrook,15259174,7081,34,0
2026-07-29T00:25:32.140063+00:00,1785284727,18705,531 WhiteRock/WillowBrook,15259174,7082,35,0
2026-07-29T00:25:32.140063+00:00,1785284727,18705,531 WhiteRock/WillowBrook,15259174,7083,36,0
2026-07-29T00:25:32.140063+00:00,1785284727,18705,531 WhiteRock/WillowBrook,15259174,7084,37,0
2026-07-29T00:25:32.140063+00:00,1785284727,18705,531 WhiteRock/WillowBrook,15259174,7085,38,0
2026-07-29T00:25:32.140063+00:00,1785284727,18705,531 WhiteRock/WillowBrook,15259174,8939,39,0
2026-07-29T00:25:32.140063+00:00,1785284727,18705,531 WhiteRock/WillowBrook,15259174,7086,40,0
2026-07-29T00:25:32.140063+00:00,1785284727,18705,531 WhiteRock/WillowBrook,15259174,8940,41,0
2026-07-29T00:25:32.140063+00:00,1785284727,18705,531 WhiteRock/WillowBrook,15259174,5341,42,0
2026-07-29T00:25:32.140063+00:00,1785284727,18705,531 WhiteRock/WillowBrook,15259174,5342,43,0
2026-07-29T00:25:32.140063+00:00,1785284727,18705,531 WhiteRock/WillowBrook,15259174,12293,44,0
2026-07-29T00:25:32.140063+00:00,1785284727,18705,531 WhiteRock/WillowBrook,15259174,12173,45,0
2026-07-29T00:25:32.140063+00:00,1785284727,18705,531 WhiteRock/WillowBrook,15259174,9291,46,0
2026-07-29T00:25:32.140063+00:00,1785284727,18705,531 WhiteRock/WillowBrook,15259174,9292,47,0
2026-07-29T00:25:32.140063+00:00,1785284727,18705,531 WhiteRock/WillowBrook,15259174,11264,48,0
2026-07-29T00:25:32.140063+00:00,1785284727,18705,531 WhiteRock/WillowBrook,15259174,9303,49,0
2026-07-29T00:25:32.140063+00:00,1785284727,18705,531 WhiteRock/WillowBrook,15259174,9304,50,0
2026-07-29T00:25:32.140063+00:00,1785284727,18705,531 WhiteRock/WillowBrook,15259174,6475,51,0
2026-07-29T00:25:32.140063+00:00,1785284727,18705,531 WhiteRock/WillowBrook,15259174,6476,52,0
2026-07-29T00:25:32.140063+00:00,1785284727,18705,531 WhiteRock/WillowBrook,15259174,5335,53,0
2026-07-29T00:25:32.140063+00:00,1785284727,18705,531 WhiteRock/WillowBrook,15259174,7100,54,0
2026-07-29T00:25:32.140063+00:00,1785284727,18705,531 WhiteRock/WillowBrook,15259176,8939,39,-440
2026-07-29T00:25:32.140063+00:00,1785284727,18705,531 WhiteRock/WillowBrook,15259176,7086,40,-451
2026-07-29T00:25:32.140063+00:00,1785284727,18705,531 WhiteRock/WillowBrook,15259176,8940,41,-476
2026-07-29T00:25:32.140063+00:00,1785284727,18705,531 WhiteRock/WillowBrook,15259176,5341,42,-486
2026-07-29T00:25:32.140063+00:00,1785284727,18705,531 WhiteRock/WillowBrook,15259176,5342,43,-486
2026-07-29T00:25:32.140063+00:00,1785284727,18705,531 WhiteRock/WillowBrook,15259176,12293,44,-467
2026-07-29T00:25:32.140063+00:00,1785284727,18705,531 WhiteRock/WillowBrook,15259176,12173,45,-402
2026-07-29T00:25:32.140063+00:00,1785284727,18705,531 WhiteRock/WillowBrook,15259176,9291,46,-429
2026-07-29T00:25:32.140063+00:00,1785284727,18705,531 WhiteRock/WillowBrook,15259176,9292,47,-435
2026-07-29T00:25:32.140063+00:00,1785284727,18705,531 WhiteRock/WillowBrook,15259176,11264,48,-404
2026-07-29T00:25:32.140063+00:00,1785284727,18705,531 WhiteRock/WillowBrook,15259176,9303,49,-397
2026-07-29T00:25:32.140063+00:00,1785284727,18705,531 WhiteRock/WillowBrook,15259176,9304,50,-401
2026-07-29T00:25:32.140063+00:00,1785284727,18705,531 WhiteRock/WillowBrook,15259176,6475,51,-357
2026-07-29T00:25:32.140063+00:00,1785284727,18705,531 WhiteRock/WillowBrook,15259176,6476,52,-365
2026-07-29T00:25:32.140063+00:00,1785284727,18705,531 WhiteRock/WillowBrook,15259176,5335,53,-359
2026-07-29T00:25:32.140063+00:00,1785284727,18705,531 WhiteRock/WillowBrook,15259176,7100,54,-324
2026-07-29T00:25:32.140063+00:00,1785284727,18705,531 WhiteRock/WillowBrook,15259208,11757,44,112
2026-07-29T00:25:32.140063+00:00,1785284727,18705,531 WhiteRock/WillowBrook,15259208,11735,45,151
2026-07-29T00:25:32.140063+00:00,1785284727,18705,531 WhiteRock/WillowBrook,15259208,11756,46,158
2026-07-29T00:25:32.140063+00:00,1785284727,18705,531 WhiteRock/WillowBrook,15259208,5535,47,187
2026-07-29T00:25:32.140063+00:00,1785284727,18705,531 WhiteRock/WillowBrook,15259208,5536,48,163
2026-07-29T00:25:32.140063+00:00,1785284727,18705,531 WhiteRock/WillowBrook,15259208,5537,49,162
2026-07-29T00:25:32.140063+00:00,1785284727,18705,531 WhiteRock/WillowBrook,15259208,5538,50,155
2026-07-29T00:25:32.140063+00:00,1785284727,18705,531 WhiteRock/WillowBrook,15259208,5539,51,157
2026-07-29T00:25:32.140063+00:00,1785284727,18705,531 WhiteRock/WillowBrook,15259208,5540,52,153
2026-07-29T00:25:32.140063+00:00,1785284727,18705,531 WhiteRock/WillowBrook,15259209,11920,36,-179
2026-07-29T00:25:32.140063+00:00,1785284727,18705,531 WhiteRock/WillowBrook,15259209,13130,37,-217
2026-07-29T00:25:32.140063+00:00,1785284727,18705,531 WhiteRock/WillowBrook,15259209,11925,38,-255
2026-07-29T00:25:32.140063+00:00,1785284727,18705,531 WhiteRock/WillowBrook,15259209,12219,39,-283
2026-07-29T00:25:32.140063+00:00,1785284727,18705,531 WhiteRock/WillowBrook,15259209,11741,40,-430
2026-07-29T00:25:32.140063+00:00,1785284727,18705,531 WhiteRock/WillowBrook,15259209,11740,41,-450
2026-07-29T00:25:32.140063+00:00,1785284727,18705,531 WhiteRock/WillowBrook,15259209,11739,42,-402
2026-07-29T00:25:32.140063+00:00,1785284727,18705,531 WhiteRock/WillowBrook,15259209,11737,43,-357
2026-07-29T00:25:32.140063+00:00,1785284727,18705,531 WhiteRock/WillowBrook,15259209,11757,44,-387
2026-07-29T00:25:32.140063+00:00,1785284727,18705,531 WhiteRock/WillowBrook,15259209,11735,45,-348
2026-07-29T00:25:32.140063+00:00,1785284727,18705,531 WhiteRock/WillowBrook,15259209,11756,46,-341
2026-07-29T00:25:32.140063+00:00,1785284727,18705,531 WhiteRock/WillowBrook,15259209,5535,47,-308
2026-07-29T00:25:32.140063+00:00,1785284727,18705,531 WhiteRock/WillowBrook,15259209,5536,48,-335
2026-07-29T00:25:32.140063+00:00,1785284727,18705,531 WhiteRock/WillowBrook,15259209,5537,49,-335
2026-07-29T00:25:32.140063+00:00,1785284727,18705,531 WhiteRock/WillowBrook,15259209,5538,50,-342
2026-07-29T00:25:32.140063+00:00,1785284727,18705,531 WhiteRock/WillowBrook,15259209,5539,51,-336
2026-07-29T00:25:32.140063+00:00,1785284727,18705,531 WhiteRock/WillowBrook,15259209,5540,52,-327
2026-07-29T00:25:32.140063+00:00,1785284727,18705,531 WhiteRock/WillowBrook,15259211,11754,1,0
2026-07-29T00:25:32.140063+00:00,1785284727,18705,531 WhiteRock/WillowBrook,15259211,7092,11,-884
2026-07-29T00:25:32.140063+00:00,1785284727,18705,531 WhiteRock/WillowBrook,15259211,10747,12,-865
2026-07-29T00:25:32.140063+00:00,1785284727,18705,531 WhiteRock/WillowBrook,15259211,5364,13,-856
2026-07-29T00:25:32.140063+00:00,1785284727,18705,531 WhiteRock/WillowBrook,15259211,11775,14,-826
2026-07-29T00:25:32.140063+00:00,1785284727,18705,531 WhiteRock/WillowBrook,15259211,7171,15,-849
2026-07-29T00:25:32.140063+00:00,1785284727,18705,531 WhiteRock/WillowBrook,15259211,7172,16,-882
2026-07-29T00:25:32.140063+00:00,1785284727,18705,531 WhiteRock/WillowBrook,15259211,7173,17,-893
2026-07-29T00:25:32.140063+00:00,1785284727,18705,531 WhiteRock/WillowBrook,15259211,7174,18,-928
2026-07-29T00:25:32.140063+00:00,1785284727,18705,531 WhiteRock/WillowBrook,15259211,7175,19,-940
2026-07-29T00:25:32.140063+00:00,1785284727,18705,531 WhiteRock/WillowBrook,15259211,7176,20,-965
2026-07-29T00:25:32.140063+00:00,1785284727,18705,531 WhiteRock/WillowBrook,15259211,7177,21,-962
2026-07-29T00:25:32.140063+00:00,1785284727,18705,531 WhiteRock/WillowBrook,15259211,8948,22,-985
2026-07-29T00:25:32.140063+00:00,1785284727,18705,531 WhiteRock/WillowBrook,15259211,9031,23,-1001
2026-07-29T00:25:32.140063+00:00,1785284727,18705,531 WhiteRock/WillowBrook,15259211,12931,24,-1003
2026-07-29T00:25:32.140063+00:00,1785284727,18705,531 WhiteRock/WillowBrook,15259211,13041,25,-1033
2026-07-29T00:25:32.140063+00:00,1785284727,18705,531 WhiteRock/WillowBrook,15259211,12929,26,-1048
2026-07-29T00:25:32.140063+00:00,1785284727,18705,531 WhiteRock/WillowBrook,15259211,12927,27,-1076
2026-07-29T00:25:32.140063+00:00,1785284727,18705,531 WhiteRock/WillowBrook,15259211,12926,28,-1074
2026-07-29T00:25:32.140063+00:00,1785284727,18705,531 WhiteRock/WillowBrook,15259211,12924,29,-1101
2026-07-29T00:25:32.140063+00:00,1785284727,18705,531 WhiteRock/WillowBrook,15259211,11751,30,-1090
2026-07-29T00:25:32.140063+00:00,1785284727,18705,531 WhiteRock/WillowBrook,15259211,11750,31,-1130
2026-07-29T00:25:32.140063+00:00,1785284727,18705,531 WhiteRock/WillowBrook,15259211,11747,32,-1158
2026-07-29T00:25:32.140063+00:00,1785284727,18705,531 WhiteRock/WillowBrook,15259211,11745,33,-1171
2026-07-29T00:25:32.140063+00:00,1785284727,18705,531 WhiteRock/WillowBrook,15259211,13040,34,-1175
2026-07-29T00:25:32.140063+00:00,1785284727,18705,531 WhiteRock/WillowBrook,15259211,12598,35,-1196
2026-07-29T00:25:32.140063+00:00,1785284727,18705,531 WhiteRock/WillowBrook,15259211,11920,36,-1250
2026-07-29T00:25:32.140063+00:00,1785284727,18705,531 WhiteRock/WillowBrook,15259211,13130,37,-1284
2026-07-29T00:25:32.140063+00:00,1785284727,18705,531 WhiteRock/WillowBrook,15259211,11925,38,-1317
2026-07-29T00:25:32.140063+00:00,1785284727,18705,531 WhiteRock/WillowBrook,15259211,12219,39,-1346
2026-07-29T00:25:32.140063+00:00,1785284727,18705,531 WhiteRock/WillowBrook,15259211,11741,40,-1471
2026-07-29T00:25:32.140063+00:00,1785284727,18705,531 WhiteRock/WillowBrook,15259211,11740,41,-1488
2026-07-29T00:25:32.140063+00:00,1785284727,18705,531 WhiteRock/WillowBrook,15259211,11739,42,-1437
2026-07-29T00:25:32.140063+00:00,1785284727,18705,531 WhiteRock/WillowBrook,15259211,11737,43,-1389
2026-07-29T00:25:32.140063+00:00,1785284727,18705,531 WhiteRock/WillowBrook,15259211,11757,44,-1417
2026-07-29T00:25:32.140063+00:00,1785284727,18705,531 WhiteRock/WillowBrook,15259211,11735,45,-1390
2026-07-29T00:25:32.140063+00:00,1785284727,18705,531 WhiteRock/WillowBrook,15259211,11756,46,-1387
2026-07-29T00:25:32.140063+00:00,1785284727,18705,531 WhiteRock/WillowBrook,15259211,5535,47,-1354
2026-07-29T00:25:32.140063+00:00,1785284727,18705,531 WhiteRock/WillowBrook,15259211,5536,48,-1377
2026-07-29T00:25:32.140063+00:00,1785284727,18705,531 WhiteRock/WillowBrook,15259211,5537,49,-1380
2026-07-29T00:25:32.140063+00:00,1785284727,18705,531 WhiteRock/WillowBrook,15259211,5538,50,-1386
2026-07-29T00:25:32.140063+00:00,1785284727,18705,531 WhiteRock/WillowBrook,15259211,5539,51,-1374
2026-07-29T00:25:32.140063+00:00,1785284727,18705,531 WhiteRock/WillowBrook,15259211,5540,52,-1363
2026-07-29T00:25:32.140063+00:00,1785284727,18705,531 WhiteRock/WillowBrook,15259222,7171,15,58
2026-07-29T00:25:32.140063+00:00,1785284727,18705,531 WhiteRock/WillowBrook,15259222,7172,16,20
2026-07-29T00:25:32.140063+00:00,1785284727,18705,531 WhiteRock/WillowBrook,15259222,7173,17,8
2026-07-29T00:25:32.140063+00:00,1785284727,18705,531 WhiteRock/WillowBrook,15259222,7174,18,-33
2026-07-29T00:25:32.140063+00:00,1785284727,18705,531 WhiteRock/WillowBrook,15259222,7175,19,-48
2026-07-29T00:25:32.140063+00:00,1785284727,18705,531 WhiteRock/WillowBrook,15259222,7176,20,-77
2026-07-29T00:25:32.140063+00:00,1785284727,18705,531 WhiteRock/WillowBrook,15259222,7177,21,-74
2026-07-29T00:25:32.140063+00:00,1785284727,18705,531 WhiteRock/WillowBrook,15259222,8948,22,-102
2026-07-29T00:25:32.140063+00:00,1785284727,18705,531 WhiteRock/WillowBrook,15259222,9031,23,-121
2026-07-29T00:25:32.140063+00:00,1785284727,18705,531 WhiteRock/WillowBrook,15259222,12931,24,-125
2026-07-29T00:25:32.140063+00:00,1785284727,18705,531 WhiteRock/WillowBrook,15259222,13041,25,-160
2026-07-29T00:25:32.140063+00:00,1785284727,18705,531 WhiteRock/WillowBrook,15259222,12929,26,-180
2026-07-29T00:25:32.140063+00:00,1785284727,18705,531 WhiteRock/WillowBrook,15259222,12927,27,-209
2026-07-29T00:25:32.140063+00:00,1785284727,18705,531 WhiteRock/WillowBrook,15259222,12926,28,-211
2026-07-29T00:25:32.140063+00:00,1785284727,18705,531 WhiteRock/WillowBrook,15259222,12924,29,-234
2026-07-29T00:25:32.140063+00:00,1785284727,18705,531 WhiteRock/WillowBrook,15259222,11751,30,-227
2026-07-29T00:25:32.140063+00:00,1785284727,18705,531 WhiteRock/WillowBrook,15259222,11750,31,-273
2026-07-29T00:25:32.140063+00:00,1785284727,18705,531 WhiteRock/WillowBrook,15259222,11747,32,-305
2026-07-29T00:25:32.140063+00:00,1785284727,18705,531 WhiteRock/WillowBrook,15259222,11745,33,-318
2026-07-29T00:25:32.140063+00:00,1785284727,18705,531 WhiteRock/WillowBrook,15259222,13040,34,-326
2026-07-29T00:25:32.140063+00:00,1785284727,18705,531 WhiteRock/WillowBrook,15259222,12598,35,-352
2026-07-29T00:25:32.140063+00:00,1785284727,18705,531 WhiteRock/WillowBrook,15259222,11920,36,-412
2026-07-29T00:25:32.140063+00:00,1785284727,18705,531 WhiteRock/WillowBrook,15259222,13130,37,-450
2026-07-29T00:25:32.140063+00:00,1785284727,18705,531 WhiteRock/WillowBrook,15259222,11925,38,-487
2026-07-29T00:25:32.140063+00:00,1785284727,18705,531 WhiteRock/WillowBrook,15259222,12219,39,-516
2026-07-29T00:25:32.140063+00:00,1785284727,18705,531 WhiteRock/WillowBrook,15259222,11741,40,-666
2026-07-29T00:25:32.140063+00:00,1785284727,18705,531 WhiteRock/WillowBrook,15259222,11740,41,-689
2026-07-29T00:25:32.140063+00:00,1785284727,18705,531 WhiteRock/WillowBrook,15259222,11739,42,-641
2026-07-29T00:25:32.140063+00:00,1785284727,18705,531 WhiteRock/WillowBrook,15259222,11737,43,-596
2026-07-29T00:25:32.140063+00:00,1785284727,18705,531 WhiteRock/WillowBrook,15259222,11757,44,-628
2026-07-29T00:25:32.140063+00:00,1785284727,18705,531 WhiteRock/WillowBrook,15259222,11735,45,-589
2026-07-29T00:25:32.140063+00:00,1785284727,18705,531 WhiteRock/WillowBrook,15259222,11756,46,-584
2026-07-29T00:25:32.140063+00:00,1785284727,18705,531 WhiteRock/WillowBrook,15259222,5535,47,-551
2026-07-29T00:25:32.140063+00:00,1785284727,18705,531 WhiteRock/WillowBrook,15259222,5536,48,-579
2026-07-29T00:25:32.140063+00:00,1785284727,18705,531 WhiteRock/WillowBrook,15259222,5537,49,-586
2026-07-29T00:25:32.140063+00:00,1785284727,18705,531 WhiteRock/WillowBrook,15259222,5538,50,-594
2026-07-29T00:25:32.140063+00:00,1785284727,18705,531 WhiteRock/WillowBrook,15259222,5539,51,-585
2026-07-29T00:25:32.140063+00:00,1785284727,18705,531 WhiteRock/WillowBrook,15259222,5540,52,-578
2026-07-29T00:30:38.755869+00:00,1785285027,6705,321 Surrey Central/WhiteRock,15247051,11882,56,288
2026-07-29T00:30:38.755869+00:00,1785285027,6705,321 Surrey Central/WhiteRock,15247051,10442,57,381
2026-07-29T00:30:38.755869+00:00,1785285027,6705,321 Surrey Central/WhiteRock,15247051,9929,58,410
2026-07-29T00:30:38.755869+00:00,1785285027,6705,321 Surrey Central/WhiteRock,15247051,9930,59,360
2026-07-29T00:30:38.755869+00:00,1785285027,6705,321 Surrey Central/WhiteRock,15247051,9932,60,273
2026-07-29T00:30:38.755869+00:00,1785285027,6705,321 Surrey Central/WhiteRock,15247053,11913,27,-160
2026-07-29T00:30:38.755869+00:00,1785285027,6705,321 Surrey Central/WhiteRock,15247053,5454,28,-174
2026-07-29T00:30:38.755869+00:00,1785285027,6705,321 Surrey Central/WhiteRock,15247053,5455,29,-177
2026-07-29T00:30:38.755869+00:00,1785285027,6705,321 Surrey Central/WhiteRock,15247053,5456,30,-69
2026-07-29T00:30:38.755869+00:00,1785285027,6705,321 Surrey Central/WhiteRock,15247053,12651,31,-98
2026-07-29T00:30:38.755869+00:00,1785285027,6705,321 Surrey Central/WhiteRock,15247053,5458,32,-99
2026-07-29T00:30:38.755869+00:00,1785285027,6705,321 Surrey Central/WhiteRock,15247053,5459,33,-91
2026-07-29T00:30:38.755869+00:00,1785285027,6705,321 Surrey Central/WhiteRock,15247053,5460,34,-98
2026-07-29T00:30:38.755869+00:00,1785285027,6705,321 Surrey Central/WhiteRock,15247053,5461,35,-107
2026-07-29T00:30:38.755869+00:00,1785285027,6705,321 Surrey Central/WhiteRock,15247053,5462,36,-114
2026-07-29T00:30:38.755869+00:00,1785285027,6705,321 Surrey Central/WhiteRock,15247053,5463,37,-51
2026-07-29T00:30:38.755869+00:00,1785285027,6705,321 Surrey Central/WhiteRock,15247053,5700,38,69
2026-07-29T00:30:38.755869+00:00,1785285027,6705,321 Surrey Central/WhiteRock,15247053,5465,39,67
2026-07-29T00:30:38.755869+00:00,1785285027,6705,321 Surrey Central/WhiteRock,15247053,5466,40,21
2026-07-29T00:30:38.755869+00:00,1785285027,6705,321 Surrey Central/WhiteRock,15247053,5467,41,39
2026-07-29T00:30:38.755869+00:00,1785285027,6705,321 Surrey Central/WhiteRock,15247053,5468,42,10
2026-07-29T00:30:38.755869+00:00,1785285027,6705,321 Surrey Central/WhiteRock,15247053,5469,43,-28
2026-07-29T00:30:38.755869+00:00,1785285027,6705,321 Surrey Central/WhiteRock,15247053,5470,44,-55
2026-07-29T00:30:38.755869+00:00,1785285027,6705,321 Surrey Central/WhiteRock,15247053,5471,45,-90
2026-07-29T00:30:38.755869+00:00,1785285027,6705,321 Surrey Central/WhiteRock,15247053,5472,46,-118
2026-07-29T00:30:38.755869+00:00,1785285027,6705,321 Surrey Central/WhiteRock,15247053,5473,47,-170
2026-07-29T00:30:38.755869+00:00,1785285027,6705,321 Surrey Central/WhiteRock,15247053,5474,48,-176
2026-07-29T00:30:38.755869+00:00,1785285027,6705,321 Surrey Central/WhiteRock,15247053,5475,49,-226
2026-07-29T00:30:38.755869+00:00,1785285027,6705,321 Surrey Central/WhiteRock,15247053,5476,50,-257
2026-07-29T00:30:38.755869+00:00,1785285027,6705,321 Surrey Central/WhiteRock,15247053,5477,51,-279
2026-07-29T00:30:38.755869+00:00,1785285027,6705,321 Surrey Central/WhiteRock,15247053,11725,52,-305
2026-07-29T00:30:38.755869+00:00,1785285027,6705,321 Surrey Central/WhiteRock,15247053,5040,53,-291
2026-07-29T00:30:38.755869+00:00,1785285027,6705,321 Surrey Central/WhiteRock,15247053,5041,54,-285
2026-07-29T00:30:38.755869+00:00,1785285027,6705,321 Surrey Central/WhiteRock,15247053,12155,55,-274
2026-07-29T00:30:38.755869+00:00,1785285027,6705,321 Surrey Central/WhiteRock,15247053,11882,56,0
2026-07-29T00:30:38.755869+00:00,1785285027,6705,321 Surrey Central/WhiteRock,15247053,10442,57,79
2026-07-29T00:30:38.755869+00:00,1785285027,6705,321 Surrey Central/WhiteRock,15247053,9929,58,90
2026-07-29T00:30:38.755869+00:00,1785285027,6705,321 Surrey Central/WhiteRock,15247053,9930,59,39
2026-07-29T00:30:38.755869+00:00,1785285027,6705,321 Surrey Central/WhiteRock,15247053,9932,60,-47
2026-07-29T00:30:38.755869+00:00,1785285027,6705,321 Surrey Central/WhiteRock,15247054,5447,20,209
2026-07-29T00:30:38.755869+00:00,1785285027,6705,321 Surrey Central/WhiteRock,15247054,5448,21,216
2026-07-29T00:30:38.755869+00:00,1785285027,6705,321 Surrey Central/WhiteRock,15247054,10437,22,216
2026-07-29T00:30:38.755869+00:00,1785285027,6705,321 Surrey Central/WhiteRock,15247054,5449,23,159
2026-07-29T00:30:38.755869+00:00,1785285027,6705,321 Surrey Central/WhiteRock,15247054,11313,24,124
2026-07-29T00:30:38.755869+00:00,1785285027,6705,321 Surrey Central/WhiteRock,15247054,10808,25,-25
2026-07-29T00:30:38.755869+00:00,1785285027,6705,321 Surrey Central/WhiteRock,15247054,5452,26,-95
2026-07-29T00:30:38.755869+00:00,1785285027,6705,321 Surrey Central/WhiteRock,15247054,11913,27,-115
2026-07-29T00:30:38.755869+00:00,1785285027,6705,321 Surrey Central/WhiteRock,15247054,5454,28,-130
2026-07-29T00:30:38.755869+00:00,1785285027,6705,321 Surrey Central/WhiteRock,15247054,5455,29,-131
2026-07-29T00:30:38.755869+00:00,1785285027,6705,321 Surrey Central/WhiteRock,15247054,5456,30,-24
2026-07-29T00:30:38.755869+00:00,1785285027,6705,321 Surrey Central/WhiteRock,15247054,12651,31,-54
2026-07-29T00:30:38.755869+00:00,1785285027,6705,321 Surrey Central/WhiteRock,15247054,5458,32,-54
2026-07-29T00:30:38.755869+00:00,1785285027,6705,321 Surrey Central/WhiteRock,15247054,5459,33,-46
2026-07-29T00:30:38.755869+00:00,1785285027,6705,321 Surrey Central/WhiteRock,15247054,5460,34,-53
2026-07-29T00:30:38.755869+00:00,1785285027,6705,321 Surrey Central/WhiteRock,15247054,5461,35,-63
2026-07-29T00:30:38.755869+00:00,1785285027,6705,321 Surrey Central/WhiteRock,15247054,5462,36,-68
2026-07-29T00:30:38.755869+00:00,1785285027,6705,321 Surrey Central/WhiteRock,15247054,5463,37,-4
2026-07-29T00:30:38.755869+00:00,1785285027,6705,321 Surrey Central/WhiteRock,15247054,5700,38,116
2026-07-29T00:30:38.755869+00:00,1785285027,6705,321 Surrey Central/WhiteRock,15247054,5465,39,114
2026-07-29T00:30:38.755869+00:00,1785285027,6705,321 Surrey Central/WhiteRock,15247054,5466,40,68
2026-07-29T00:30:38.755869+00:00,1785285027,6705,321 Surrey Central/WhiteRock,15247054,5467,41,85
2026-07-29T00:30:38.755869+00:00,1785285027,6705,321 Surrey Central/WhiteRock,15247054,5468,42,55
2026-07-29T00:30:38.755869+00:00,1785285027,6705,321 Surrey Central/WhiteRock,15247054,5469,43,22
2026-07-29T00:30:38.755869+00:00,1785285027,6705,321 Surrey Central/WhiteRock,15247054,5470,44,-5
2026-07-29T00:30:38.755869+00:00,1785285027,6705,321 Surrey Central/WhiteRock,15247054,5471,45,-43
2026-07-29T00:30:38.755869+00:00,1785285027,6705,321 Surrey Central/WhiteRock,15247054,5472,46,-74
2026-07-29T00:30:38.755869+00:00,1785285027,6705,321 Surrey Central/WhiteRock,15247054,5473,47,-126
2026-07-29T00:30:38.755869+00:00,1785285027,6705,321 Surrey Central/WhiteRock,15247054,5474,48,-137
2026-07-29T00:30:38.755869+00:00,1785285027,6705,321 Surrey Central/WhiteRock,15247054,5475,49,-185
2026-07-29T00:30:38.755869+00:00,1785285027,6705,321 Surrey Central/WhiteRock,15247054,5476,50,-218
2026-07-29T00:30:38.755869+00:00,1785285027,6705,321 Surrey Central/WhiteRock,15247054,5477,51,-242
2026-07-29T00:30:38.755869+00:00,1785285027,6705,321 Surrey Central/WhiteRock,15247054,11725,52,-269
2026-07-29T00:30:38.755869+00:00,1785285027,6705,321 Surrey Central/WhiteRock,15247054,5040,53,-258
2026-07-29T00:30:38.755869+00:00,1785285027,6705,321 Surrey Central/WhiteRock,15247054,5041,54,-254
2026-07-29T00:30:38.755869+00:00,1785285027,6705,321 Surrey Central/WhiteRock,15247054,12155,55,-245
2026-07-29T00:30:38.755869+00:00,1785285027,6705,321 Surrey Central/WhiteRock,15247054,11882,56,0
2026-07-29T00:30:38.755869+00:00,1785285027,6705,321 Surrey Central/WhiteRock,15247054,10442,57,77
2026-07-29T00:30:38.755869+00:00,1785285027,6705,321 Surrey Central/WhiteRock,15247054,9929,58,87
2026-07-29T00:30:38.755869+00:00,1785285027,6705,321 Surrey Central/WhiteRock,15247054,9930,59,34
2026-07-29T00:30:38.755869+00:00,1785285027,6705,321 Surrey Central/WhiteRock,15247054,9932,60,-54
2026-07-29T00:30:38.755869+00:00,1785285027,6705,321 Surrey Central/WhiteRock,15247055,6197,1,0
2026-07-29T00:30:38.755869+00:00,1785285027,6705,321 Surrey Central/WhiteRock,15247055,6198,2,0
2026-07-29T00:30:38.755869+00:00,1785285027,6705,321 Surrey Central/WhiteRock,15247055,6199,3,0
2026-07-29T00:30:38.755869+00:00,1785285027,6705,321 Surrey Central/WhiteRock,15247055,6200,4,0
2026-07-29T00:30:38.755869+00:00,1785285027,6705,321 Surrey Central/WhiteRock,15247055,6201,5,0
2026-07-29T00:30:38.755869+00:00,1785285027,6705,321 Surrey Central/WhiteRock,15247055,6354,6,0
2026-07-29T00:30:38.755869+00:00,1785285027,6705,321 Surrey Central/WhiteRock,15247055,6355,7,0
2026-07-29T00:30:38.755869+00:00,1785285027,6705,321 Surrey Central/WhiteRock,15247055,6356,8,0
2026-07-29T00:30:38.755869+00:00,1785285027,6705,321 Surrey Central/WhiteRock,15247055,6174,9,0
2026-07-29T00:30:38.755869+00:00,1785285027,6705,321 Surrey Central/WhiteRock,15247055,5437,10,0
2026-07-29T00:30:38.755869+00:00,1785285027,6705,321 Surrey Central/WhiteRock,15247055,5438,11,0
2026-07-29T00:30:38.755869+00:00,1785285027,6705,321 Surrey Central/WhiteRock,15247055,5439,12,0
2026-07-29T00:30:38.755869+00:00,1785285027,6705,321 Surrey Central/WhiteRock,15247055,5440,13,0
2026-07-29T00:30:38.755869+00:00,1785285027,6705,321 Surrey Central/WhiteRock,15247055,5441,14,0
2026-07-29T00:30:38.755869+00:00,1785285027,6705,321 Surrey Central/WhiteRock,15247055,5442,15,0
2026-07-29T00:30:38.755869+00:00,1785285027,6705,321 Surrey Central/WhiteRock,15247055,5444,16,0
2026-07-29T00:30:38.755869+00:00,1785285027,6705,321 Surrey Central/WhiteRock,15247055,9083,17,0
2026-07-29T00:30:38.755869+00:00,1785285027,6705,321 Surrey Central/WhiteRock,15247055,5446,18,0
2026-07-29T00:30:38.755869+00:00,1785285027,6705,321 Surrey Central/WhiteRock,15247055,10445,19,0
2026-07-29T00:30:38.755869+00:00,1785285027,6705,321 Surrey Central/WhiteRock,15247055,5447,20,0
2026-07-29T00:30:38.755869+00:00,1785285027,6705,321 Surrey Central/WhiteRock,15247055,5448,21,0
2026-07-29T00:30:38.755869+00:00,1785285027,6705,321 Surrey Central/WhiteRock,15247055,10437,22,0
2026-07-29T00:30:38.755869+00:00,1785285027,6705,321 Surrey Central/WhiteRock,15247055,5449,23,0
2026-07-29T00:30:38.755869+00:00,1785285027,6705,321 Surrey Central/WhiteRock,15247055,11313,24,0
2026-07-29T00:30:38.755869+00:00,1785285027,6705,321 Surrey Central/WhiteRock,15247055,10808,25,0
2026-07-29T00:30:38.755869+00:00,1785285027,6705,321 Surrey Central/WhiteRock,15247055,5452,26,0
2026-07-29T00:30:38.755869+00:00,1785285027,6705,321 Surrey Central/WhiteRock,15247055,11913,27,0
2026-07-29T00:30:38.755869+00:00,1785285027,6705,321 Surrey Central/WhiteRock,15247055,5454,28,0
2026-07-29T00:30:38.755869+00:00,1785285027,6705,321 Surrey Central/WhiteRock,15247055,5455,29,0
2026-07-29T00:30:38.755869+00:00,1785285027,6705,321 Surrey Central/WhiteRock,15247055,5456,30,0
2026-07-29T00:30:38.755869+00:00,1785285027,6705,321 Surrey Central/WhiteRock,15247055,12651,31,0
2026-07-29T00:30:38.755869+00:00,1785285027,6705,321 Surrey Central/WhiteRock,15247055,5458,32,0
2026-07-29T00:30:38.755869+00:00,1785285027,6705,321 Surrey Central/WhiteRock,15247055,5459,33,0
2026-07-29T00:30:38.755869+00:00,1785285027,6705,321 Surrey Central/WhiteRock,15247055,5460,34,0
2026-07-29T00:30:38.755869+00:00,1785285027,6705,321 Surrey Central/WhiteRock,15247055,5461,35,0
2026-07-29T00:30:38.755869+00:00,1785285027,6705,321 Surrey Central/WhiteRock,15247055,5462,36,0
2026-07-29T00:30:38.755869+00:00,1785285027,6705,321 Surrey Central/WhiteRock,15247055,5463,37,0
2026-07-29T00:30:38.755869+00:00,1785285027,6705,321 Surrey Central/WhiteRock,15247055,5700,38,0
2026-07-29T00:30:38.755869+00:00,1785285027,6705,321 Surrey Central/WhiteRock,15247055,5465,39,0
2026-07-29T00:30:38.755869+00:00,1785285027,6705,321 Surrey Central/WhiteRock,15247055,5466,40,0
2026-07-29T00:30:38.755869+00:00,1785285027,6705,321 Surrey Central/WhiteRock,15247055,5467,41,0
2026-07-29T00:30:38.755869+00:00,1785285027,6705,321 Surrey Central/WhiteRock,15247055,5468,42,0
2026-07-29T00:30:38.755869+00:00,1785285027,6705,321 Surrey Central/WhiteRock,15247055,5469,43,0
2026-07-29T00:30:38.755869+00:00,1785285027,6705,321 Surrey Central/WhiteRock,15247055,5470,44,0
2026-07-29T00:30:38.755869+00:00,1785285027,6705,321 Surrey Central/WhiteRock,15247055,5471,45,0
2026-07-29T00:30:38.755869+00:00,1785285027,6705,321 Surrey Central/WhiteRock,15247055,5472,46,0
2026-07-29T00:30:38.755869+00:00,1785285027,6705,321 Surrey Central/WhiteRock,15247055,5473,47,0
2026-07-29T00:30:38.755869+00:00,1785285027,6705,321 Surrey Central/WhiteRock,15247055,5474,48,0
2026-07-29T00:30:38.755869+00:00,1785285027,6705,321 Surrey Central/WhiteRock,15247055,5475,49,0
2026-07-29T00:30:38.755869+00:00,1785285027,6705,321 Surrey Central/WhiteRock,15247055,5476,50,0
2026-07-29T00:30:38.755869+00:00,1785285027,6705,321 Surrey Central/WhiteRock,15247055,5477,51,0
2026-07-29T00:30:38.755869+00:00,1785285027,6705,321 Surrey Central/WhiteRock,15247055,11725,52,0
2026-07-29T00:30:38.755869+00:00,1785285027,6705,321 Surrey Central/WhiteRock,15247055,5040,53,0
2026-07-29T00:30:38.755869+00:00,1785285027,6705,321 Surrey Central/WhiteRock,15247055,5041,54,0
2026-07-29T00:30:38.755869+00:00,1785285027,6705,321 Surrey Central/WhiteRock,15247055,12155,55,0
2026-07-29T00:30:38.755869+00:00,1785285027,6705,321 Surrey Central/WhiteRock,15247055,11882,56,0
2026-07-29T00:30:38.755869+00:00,1785285027,6705,321 Surrey Central/WhiteRock,15247055,10442,57,0
2026-07-29T00:30:38.755869+00:00,1785285027,6705,321 Surrey Central/WhiteRock,15247055,9929,58,0
2026-07-29T00:30:38.755869+00:00,1785285027,6705,321 Surrey Central/WhiteRock,15247055,9930,59,0
2026-07-29T00:30:38.755869+00:00,1785285027,6705,321 Surrey Central/WhiteRock,15247055,9932,60,0
2026-07-29T00:30:38.755869+00:00,1785285027,6705,321 Surrey Central/WhiteRock,15247067,5469,43,91
2026-07-29T00:30:38.755869+00:00,1785285027,6705,321 Surrey Central/WhiteRock,15247067,5470,44,-1
2026-07-29T00:30:38.755869+00:00,1785285027,6705,321 Surrey Central/WhiteRock,15247067,5471,45,-36
2026-07-29T00:30:38.755869+00:00,1785285027,6705,321 Surrey Central/WhiteRock,15247067,5472,46,-67
2026-07-29T00:30:38.755869+00:00,1785285027,6705,321 Surrey Central/WhiteRock,15247067,5473,47,-118
2026-07-29T00:30:38.755869+00:00,1785285027,6705,321 Surrey Central/WhiteRock,15247067,5474,48,-126
2026-07-29T00:30:38.755869+00:00,1785285027,6705,321 Surrey Central/WhiteRock,15247067,5475,49,-174
2026-07-29T00:30:38.755869+00:00,1785285027,6705,321 Surrey Central/WhiteRock,15247067,5476,50,-207
2026-07-29T00:30:38.755869+00:00,1785285027,6705,321 Surrey Central/WhiteRock,15247067,5477,51,-229
2026-07-29T00:30:38.755869+00:00,1785285027,6705,321 Surrey Central/WhiteRock,15247067,11725,52,-254
2026-07-29T00:30:38.755869+00:00,1785285027,6705,321 Surrey Central/WhiteRock,15247067,5040,53,-239
2026-07-29T00:30:38.755869+00:00,1785285027,6705,321 Surrey Central/WhiteRock,15247067,5041,54,-234
2026-07-29T00:30:38.755869+00:00,1785285027,6705,321 Surrey Central/WhiteRock,15247067,12155,55,-223
2026-07-29T00:30:38.755869+00:00,1785285027,6705,321 Surrey Central/WhiteRock,15247067,11882,56,0
2026-07-29T00:30:38.755869+00:00,1785285027,6705,321 Surrey Central/WhiteRock,15247067,10442,57,94
2026-07-29T00:30:38.755869+00:00,1785285027,6705,321 Surrey Central/WhiteRock,15247067,9929,58,125
2026-07-29T00:30:38.755869+00:00,1785285027,6705,321 Surrey Central/WhiteRock,15247067,9930,59,75
2026-07-29T00:30:38.755869+00:00,1785285027,6705,321 Surrey Central/WhiteRock,15247067,9932,60,-12
2026-07-29T00:30:38.755869+00:00,1785285027,6705,321 Surrey Central/WhiteRock,15247068,6197,1,0
2026-07-29T00:30:38.755869+00:00,1785285027,6705,321 Surrey Central/WhiteRock,15247068,6198,2,0
2026-07-29T00:30:38.755869+00:00,1785285027,6705,321 Surrey Central/WhiteRock,15247068,6199,3,0
2026-07-29T00:30:38.755869+00:00,1785285027,6705,321 Surrey Central/WhiteRock,15247068,6200,4,0
2026-07-29T00:30:38.755869+00:00,1785285027,6705,321 Surrey Central/WhiteRock,15247068,6201,5,0
2026-07-29T00:30:38.755869+00:00,1785285027,6705,321 Surrey Central/WhiteRock,15247068,6354,6,0
2026-07-29T00:30:38.755869+00:00,1785285027,6705,321 Surrey Central/WhiteRock,15247068,6355,7,0
2026-07-29T00:30:38.755869+00:00,1785285027,6705,321 Surrey Central/WhiteRock,15247068,6356,8,0
2026-07-29T00:30:38.755869+00:00,1785285027,6705,321 Surrey Central/WhiteRock,15247068,6174,9,0
2026-07-29T00:30:38.755869+00:00,1785285027,6705,321 Surrey Central/WhiteRock,15247068,5437,10,0
2026-07-29T00:30:38.755869+00:00,1785285027,6705,321 Surrey Central/WhiteRock,15247068,5438,11,0
2026-07-29T00:30:38.755869+00:00,1785285027,6705,321 Surrey Central/WhiteRock,15247068,5439,12,0
2026-07-29T00:30:38.755869+00:00,1785285027,6705,321 Surrey Central/WhiteRock,15247068,5440,13,0
2026-07-29T00:30:38.755869+00:00,1785285027,6705,321 Surrey Central/WhiteRock,15247068,5441,14,0
2026-07-29T00:30:38.755869+00:00,1785285027,6705,321 Surrey Central/WhiteRock,15247068,5442,15,0
2026-07-29T00:30:38.755869+00:00,1785285027,6705,321 Surrey Central/WhiteRock,15247068,5444,16,0
2026-07-29T00:30:38.755869+00:00,1785285027,6705,321 Surrey Central/WhiteRock,15247068,9083,17,0
2026-07-29T00:30:38.755869+00:00,1785285027,6705,321 Surrey Central/WhiteRock,15247068,5446,18,0
2026-07-29T00:30:38.755869+00:00,1785285027,6705,321 Surrey Central/WhiteRock,15247068,10445,19,0
2026-07-29T00:30:38.755869+00:00,1785285027,6705,321 Surrey Central/WhiteRock,15247068,5447,20,0
2026-07-29T00:30:38.755869+00:00,1785285027,6705,321 Surrey Central/WhiteRock,15247068,5448,21,0
2026-07-29T00:30:38.755869+00:00,1785285027,6705,321 Surrey Central/WhiteRock,15247068,10437,22,0
2026-07-29T00:30:38.755869+00:00,1785285027,6705,321 Surrey Central/WhiteRock,15247068,5449,23,0
2026-07-29T00:30:38.755869+00:00,1785285027,6705,321 Surrey Central/WhiteRock,15247068,11313,24,0
2026-07-29T00:30:38.755869+00:00,1785285027,6705,321 Surrey Central/WhiteRock,15247068,10808,25,0
2026-07-29T00:30:38.755869+00:00,1785285027,6705,321 Surrey Central/WhiteRock,15247068,5452,26,0
2026-07-29T00:30:38.755869+00:00,1785285027,6705,321 Surrey Central/WhiteRock,15247068,11913,27,0
2026-07-29T00:30:38.755869+00:00,1785285027,6705,321 Surrey Central/WhiteRock,15247068,5454,28,0
2026-07-29T00:30:38.755869+00:00,1785285027,6705,321 Surrey Central/WhiteRock,15247068,5455,29,0
2026-07-29T00:30:38.755869+00:00,1785285027,6705,321 Surrey Central/WhiteRock,15247068,5456,30,0
2026-07-29T00:30:38.755869+00:00,1785285027,6705,321 Surrey Central/WhiteRock,15247068,12651,31,0
2026-07-29T00:30:38.755869+00:00,1785285027,6705,321 Surrey Central/WhiteRock,15247068,5458,32,0
2026-07-29T00:30:38.755869+00:00,1785285027,6705,321 Surrey Central/WhiteRock,15247068,5459,33,0
2026-07-29T00:30:38.755869+00:00,1785285027,6705,321 Surrey Central/WhiteRock,15247068,5460,34,0
2026-07-29T00:30:38.755869+00:00,1785285027,6705,321 Surrey Central/WhiteRock,15247068,5461,35,0
2026-07-29T00:30:38.755869+00:00,1785285027,6705,321 Surrey Central/WhiteRock,15247068,5462,36,0
2026-07-29T00:30:38.755869+00:00,1785285027,6705,321 Surrey Central/WhiteRock,15247068,5463,37,0
2026-07-29T00:30:38.755869+00:00,1785285027,6705,321 Surrey Central/WhiteRock,15247068,5700,38,0
2026-07-29T00:30:38.755869+00:00,1785285027,6705,321 Surrey Central/WhiteRock,15247068,5465,39,0
2026-07-29T00:30:38.755869+00:00,1785285027,6705,321 Surrey Central/WhiteRock,15247068,5466,40,0
2026-07-29T00:30:38.755869+00:00,1785285027,6705,321 Surrey Central/WhiteRock,15247068,5467,41,0
2026-07-29T00:30:38.755869+00:00,1785285027,6705,321 Surrey Central/WhiteRock,15247068,5468,42,0
2026-07-29T00:30:38.755869+00:00,1785285027,6705,321 Surrey Central/WhiteRock,15247068,5469,43,0
2026-07-29T00:30:38.755869+00:00,1785285027,6705,321 Surrey Central/WhiteRock,15247068,5470,44,0
2026-07-29T00:30:38.755869+00:00,1785285027,6705,321 Surrey Central/WhiteRock,15247068,5471,45,0
2026-07-29T00:30:38.755869+00:00,1785285027,6705,321 Surrey Central/WhiteRock,15247068,5472,46,0
2026-07-29T00:30:38.755869+00:00,1785285027,6705,321 Surrey Central/WhiteRock,15247068,5473,47,0
2026-07-29T00:30:38.755869+00:00,1785285027,6705,321 Surrey Central/WhiteRock,15247068,5474,48,0
2026-07-29T00:30:38.755869+00:00,1785285027,6705,321 Surrey Central/WhiteRock,15247068,5475,49,0
2026-07-29T00:30:38.755869+00:00,1785285027,6705,321 Surrey Central/WhiteRock,15247068,5476,50,0
2026-07-29T00:30:38.755869+00:00,1785285027,6705,321 Surrey Central/WhiteRock,15247068,5477,51,0
2026-07-29T00:30:38.755869+00:00,1785285027,6705,321 Surrey Central/WhiteRock,15247068,11725,52,0
2026-07-29T00:30:38.755869+00:00,1785285027,6705,321 Surrey Central/WhiteRock,15247068,5040,53,0
2026-07-29T00:30:38.755869+00:00,1785285027,6705,321 Surrey Central/WhiteRock,15247068,5041,54,0
2026-07-29T00:30:38.755869+00:00,1785285027,6705,321 Surrey Central/WhiteRock,15247068,12155,55,0
2026-07-29T00:30:38.755869+00:00,1785285027,6705,321 Surrey Central/WhiteRock,15247068,11882,56,0
2026-07-29T00:30:38.755869+00:00,1785285027,6705,321 Surrey Central/WhiteRock,15247068,10442,57,0
2026-07-29T00:30:38.755869+00:00,1785285027,6705,321 Surrey Central/WhiteRock,15247068,9929,58,0
2026-07-29T00:30:38.755869+00:00,1785285027,6705,321 Surrey Central/WhiteRock,15247068,9930,59,0
2026-07-29T00:30:38.755869+00:00,1785285027,6705,321 Surrey Central/WhiteRock,15247068,9932,60,0
2026-07-29T00:30:38.755869+00:00,1785285027,6705,321 Surrey Central/WhiteRock,15247080,5041,54,-120
2026-07-29T00:30:38.755869+00:00,1785285027,6705,321 Surrey Central/WhiteRock,15247080,12155,55,-109
2026-07-29T00:30:38.755869+00:00,1785285027,6705,321 Surrey Central/WhiteRock,15247080,11882,56,0
2026-07-29T00:30:38.755869+00:00,1785285027,6705,321 Surrey Central/WhiteRock,15247080,10442,57,93
2026-07-29T00:30:38.755869+00:00,1785285027,6705,321 Surrey Central/WhiteRock,15247080,9929,58,122
2026-07-29T00:30:38.755869+00:00,1785285027,6705,321 Surrey Central/WhiteRock,15247080,9930,59,72
2026-07-29T00:30:38.755869+00:00,1785285027,6705,321 Surrey Central/WhiteRock,15247080,9932,60,-15
2026-07-29T00:30:38.755869+00:00,1785285027,6705,321 Surrey Central/WhiteRock,15247081,5442,15,-104
2026-07-29T00:30:38.755869+00:00,1785285027,6705,321 Surrey Central/WhiteRock,15247081,5444,16,-95
2026-07-29T00:30:38.755869+00:00,1785285027,6705,321 Surrey Central/WhiteRock,15247081,9083,17,-123
2026-07-29T00:30:38.755869+00:00,1785285027,6705,321 Surrey Central/WhiteRock,15247081,5446,18,-114
2026-07-29T00:30:38.755869+00:00,1785285027,6705,321 Surrey Central/WhiteRock,15247081,10445,19,-116
2026-07-29T00:30:38.755869+00:00,1785285027,6705,321 Surrey Central/WhiteRock,15247081,5447,20,-146
2026-07-29T00:30:38.755869+00:00,1785285027,6705,321 Surrey Central/WhiteRock,15247081,5448,21,-134
2026-07-29T00:30:38.755869+00:00,1785285027,6705,321 Surrey Central/WhiteRock,15247081,10437,22,-137
2026-07-29T00:30:38.755869+00:00,1785285027,6705,321 Surrey Central/WhiteRock,15247081,5449,23,-191
2026-07-29T00:30:38.755869+00:00,1785285027,6705,321 Surrey Central/WhiteRock,15247081,11313,24,-225
2026-07-29T00:30:38.755869+00:00,1785285027,6705,321 Surrey Central/WhiteRock,15247081,10808,25,-369
2026-07-29T00:30:38.755869+00:00,1785285027,6705,321 Surrey Central/WhiteRock,15247081,5452,26,-432
2026-07-29T00:30:38.755869+00:00,1785285027,6705,321 Surrey Central/WhiteRock,15247081,11913,27,-449
2026-07-29T00:30:38.755869+00:00,1785285027,6705,321 Surrey Central/WhiteRock,15247081,5454,28,-462
2026-07-29T00:30:38.755869+00:00,1785285027,6705,321 Surrey Central/WhiteRock,15247081,5455,29,-464
2026-07-29T00:30:38.755869+00:00,1785285027,6705,321 Surrey Central/WhiteRock,15247081,5456,30,-355
2026-07-29T00:30:38.755869+00:00,1785285027,6705,321 Surrey Central/WhiteRock,15247081,12651,31,-383
2026-07-29T00:30:38.755869+00:00,1785285027,6705,321 Surrey Central/WhiteRock,15247081,5458,32,-383
2026-07-29T00:30:38.755869+00:00,1785285027,6705,321 Surrey Central/WhiteRock,15247081,5459,33,-372
2026-07-29T00:30:38.755869+00:00,1785285027,6705,321 Surrey Central/WhiteRock,15247081,5460,34,-379
2026-07-29T00:30:38.755869+00:00,1785285027,6705,321 Surrey Central/WhiteRock,15247081,5461,35,-389
2026-07-29T00:30:38.755869+00:00,1785285027,6705,321 Surrey Central/WhiteRock,15247081,5462,36,-393
2026-07-29T00:30:38.755869+00:00,1785285027,6705,321 Surrey Central/WhiteRock,15247081,5463,37,-329
2026-07-29T00:30:38.755869+00:00,1785285027,6705,321 Surrey Central/WhiteRock,15247081,5700,38,0
2026-07-29T00:30:38.755869+00:00,1785285027,6705,321 Surrey Central/WhiteRock,15247081,5465,39,-5
2026-07-29T00:30:38.755869+00:00,1785285027,6705,321 Surrey Central/WhiteRock,15247081,5466,40,-50
2026-07-29T00:30:38.755869+00:00,1785285027,6705,321 Surrey Central/WhiteRock,15247081,5467,41,-36
2026-07-29T00:30:38.755869+00:00,1785285027,6705,321 Surrey Central/WhiteRock,15247081,5468,42,-65
2026-07-29T00:30:38.755869+00:00,1785285027,6705,321 Surrey Central/WhiteRock,15247081,5469,43,-90
2026-07-29T00:30:38.755869+00:00,1785285027,6705,321 Surrey Central/WhiteRock,15247081,5470,44,-116
2026-07-29T00:30:38.755869+00:00,1785285027,6705,321 Surrey Central/WhiteRock,15247081,5471,45,-154
2026-07-29T00:30:38.755869+00:00,1785285027,6705,321 Surrey Central/WhiteRock,15247081,5472,46,-182
2026-07-29T00:30:38.755869+00:00,1785285027,6705,321 Surrey Central/WhiteRock,15247081,5473,47,-234
2026-07-29T00:30:38.755869+00:00,1785285027,6705,321 Surrey Central/WhiteRock,15247081,5474,48,-243
2026-07-29T00:30:38.755869+00:00,1785285027,6705,321 Surrey Central/WhiteRock,15247081,5475,49,-291
2026-07-29T00:30:38.755869+00:00,1785285027,6705,321 Surrey Central/WhiteRock,15247081,5476,50,-322
2026-07-29T00:30:38.755869+00:00,1785285027,6705,321 Surrey Central/WhiteRock,15247081,5477,51,-346
2026-07-29T00:30:38.755869+00:00,1785285027,6705,321 Surrey Central/WhiteRock,15247081,11725,52,-373
2026-07-29T00:30:38.755869+00:00,1785285027,6705,321 Surrey Central/WhiteRock,15247081,5040,53,-358
2026-07-29T00:30:38.755869+00:00,1785285027,6705,321 Surrey Central/WhiteRock,15247081,5041,54,-354
2026-07-29T00:30:38.755869+00:00,1785285027,6705,321 Surrey Central/WhiteRock,15247081,12155,55,-345
2026-07-29T00:30:38.755869+00:00,1785285027,6705,321 Surrey Central/WhiteRock,15247081,11882,56,0
2026-07-29T00:30:38.755869+00:00,1785285027,6705,321 Surrey Central/WhiteRock,15247081,10442,57,77
2026-07-29T00:30:38.755869+00:00,1785285027,6705,321 Surrey Central/WhiteRock,15247081,9929,58,87
2026-07-29T00:30:38.755869+00:00,1785285027,6705,321 Surrey Central/WhiteRock,15247081,9930,59,34
2026-07-29T00:30:38.755869+00:00,1785285027,6705,321 Surrey Central/WhiteRock,15247081,9932,60,-54
2026-07-29T00:30:38.755869+00:00,1785285027,6705,321 Surrey Central/WhiteRock,15247161,5521,38,95
2026-07-29T00:30:38.755869+00:00,1785285027,6705,321 Surrey Central/WhiteRock,15247161,5522,39,-42
2026-07-29T00:30:38.755869+00:00,1785285027,6705,321 Surrey Central/WhiteRock,15247161,5523,40,-78
2026-07-29T00:30:38.755869+00:00,1785285027,6705,321 Surrey Central/WhiteRock,15247161,6466,41,-97
2026-07-29T00:30:38.755869+00:00,1785285027,6705,321 Surrey Central/WhiteRock,15247161,5524,42,-61
2026-07-29T00:30:38.755869+00:00,1785285027,6705,321 Surrey Central/WhiteRock,15247161,5525,43,-90
2026-07-29T00:30:38.755869+00:00,1785285027,6705,321 Surrey Central/WhiteRock,15247161,10443,44,-116
2026-07-29T00:30:38.755869+00:00,1785285027,6705,321 Surrey Central/WhiteRock,15247161,5528,45,-111
2026-07-29T00:30:38.755869+00:00,1785285027,6705,321 Surrey Central/WhiteRock,15247161,5529,46,-133
2026-07-29T00:30:38.755869+00:00,1785285027,6705,321 Surrey Central/WhiteRock,15247161,5530,47,-148
2026-07-29T00:30:38.755869+00:00,1785285027,6705,321 Surrey Central/WhiteRock,15247161,5533,48,-156
2026-07-29T00:30:38.755869+00:00,1785285027,6705,321 Surrey Central/WhiteRock,15247161,5534,49,-176
2026-07-29T00:30:38.755869+00:00,1785285027,6705,321 Surrey Central/WhiteRock,15247161,5535,50,-149
2026-07-29T00:30:38.755869+00:00,1785285027,6705,321 Surrey Central/WhiteRock,15247161,5536,51,-174
2026-07-29T00:30:38.755869+00:00,1785285027,6705,321 Surrey Central/WhiteRock,15247161,5537,52,-174
2026-07-29T00:30:38.755869+00:00,1785285027,6705,321 Surrey Central/WhiteRock,15247161,5538,53,-180
2026-07-29T00:30:38.755869+00:00,1785285027,6705,321 Surrey Central/WhiteRock,15247161,5541,54,-155
2026-07-29T00:30:38.755869+00:00,1785285027,6705,321 Surrey Central/WhiteRock,15247161,5542,55,-144
2026-07-29T00:30:38.755869+00:00,1785285027,6705,321 Surrey Central/WhiteRock,15247161,6195,56,-119
2026-07-29T00:30:38.755869+00:00,1785285027,6705,321 Surrey Central/WhiteRock,15247162,5633,26,240
2026-07-29T00:30:38.755869+00:00,1785285027,6705,321 Surrey Central/WhiteRock,15247162,5510,27,268
2026-07-29T00:30:38.755869+00:00,1785285027,6705,321 Surrey Central/WhiteRock,15247162,5511,28,260
2026-07-29T00:30:38.755869+00:00,1785285027,6705,321 Surrey Central/WhiteRock,15247162,5512,29,255
2026-07-29T00:30:38.755869+00:00,1785285027,6705,321 Surrey Central/WhiteRock,15247162,5513,30,242
2026-07-29T00:30:38.755869+00:00,1785285027,6705,321 Surrey Central/WhiteRock,15247162,5514,31,333
2026-07-29T00:30:38.755869+00:00,1785285027,6705,321 Surrey Central/WhiteRock,15247162,5515,32,326
2026-07-29T00:30:38.755869+00:00,1785285027,6705,321 Surrey Central/WhiteRock,15247162,5516,33,329
2026-07-29T00:30:38.755869+00:00,1785285027,6705,321 Surrey Central/WhiteRock,15247162,5517,34,333
2026-07-29T00:30:38.755869+00:00,1785285027,6705,321 Surrey Central/WhiteRock,15247162,5518,35,339
2026-07-29T00:30:38.755869+00:00,1785285027,6705,321 Surrey Central/WhiteRock,15247162,5519,36,315
2026-07-29T00:30:38.755869+00:00,1785285027,6705,321 Surrey Central/WhiteRock,15247162,5520,37,304
2026-07-29T00:30:38.755869+00:00,1785285027,6705,321 Surrey Central/WhiteRock,15247162,5521,38,94
2026-07-29T00:30:38.755869+00:00,1785285027,6705,321 Surrey Central/WhiteRock,15247162,5522,39,-43
2026-07-29T00:30:38.755869+00:00,1785285027,6705,321 Surrey Central/WhiteRock,15247162,5523,40,-79
2026-07-29T00:30:38.755869+00:00,1785285027,6705,321 Surrey Central/WhiteRock,15247162,6466,41,-98
2026-07-29T00:30:38.755869+00:00,1785285027,6705,321 Surrey Central/WhiteRock,15247162,5524,42,-62
2026-07-29T00:30:38.755869+00:00,1785285027,6705,321 Surrey Central/WhiteRock,15247162,5525,43,-91
2026-07-29T00:30:38.755869+00:00,1785285027,6705,321 Surrey Central/WhiteRock,15247162,10443,44,-118
2026-07-29T00:30:38.755869+00:00,1785285027,6705,321 Surrey Central/WhiteRock,15247162,5528,45,-116
2026-07-29T00:30:38.755869+00:00,1785285027,6705,321 Surrey Central/WhiteRock,15247162,5529,46,-141
2026-07-29T00:30:38.755869+00:00,1785285027,6705,321 Surrey Central/WhiteRock,15247162,5530,47,-157
2026-07-29T00:30:38.755869+00:00,1785285027,6705,321 Surrey Central/WhiteRock,15247162,5533,48,-164
2026-07-29T00:30:38.755869+00:00,1785285027,6705,321 Surrey Central/WhiteRock,15247162,5534,49,-184
2026-07-29T00:30:38.755869+00:00,1785285027,6705,321 Surrey Central/WhiteRock,15247162,5535,50,-167
2026-07-29T00:30:38.755869+00:00,1785285027,6705,321 Surrey Central/WhiteRock,15247162,5536,51,-192
2026-07-29T00:30:38.755869+00:00,1785285027,6705,321 Surrey Central/WhiteRock,15247162,5537,52,-195
2026-07-29T00:30:38.755869+00:00,1785285027,6705,321 Surrey Central/WhiteRock,15247162,5538,53,-201
2026-07-29T00:30:38.755869+00:00,1785285027,6705,321 Surrey Central/WhiteRock,15247162,5541,54,-176
2026-07-29T00:30:38.755869+00:00,1785285027,6705,321 Surrey Central/WhiteRock,15247162,5542,55,-166
2026-07-29T00:30:38.755869+00:00,1785285027,6705,321 Surrey Central/WhiteRock,15247162,6195,56,-142
2026-07-29T00:30:38.755869+00:00,1785285027,6705,321 Surrey Central/WhiteRock,15247163,5502,21,-51
2026-07-29T00:30:38.755869+00:00,1785285027,6705,321 Surrey Central/WhiteRock,15247163,5503,22,-82
2026-07-29T00:30:38.755869+00:00,1785285027,6705,321 Surrey Central/WhiteRock,15247163,5504,23,-143
2026-07-29T00:30:38.755869+00:00,1785285027,6705,321 Surrey Central/WhiteRock,15247163,5505,24,-136
2026-07-29T00:30:38.755869+00:00,1785285027,6705,321 Surrey Central/WhiteRock,15247163,5507,25,-128
2026-07-29T00:30:38.755869+00:00,1785285027,6705,321 Surrey Central/WhiteRock,15247163,5633,26,0
2026-07-29T00:30:38.755869+00:00,1785285027,6705,321 Surrey Central/WhiteRock,15247163,5510,27,28
2026-07-29T00:30:38.755869+00:00,1785285027,6705,321 Surrey Central/WhiteRock,15247163,5511,28,21
2026-07-29T00:30:38.755869+00:00,1785285027,6705,321 Surrey Central/WhiteRock,15247163,5512,29,17
2026-07-29T00:30:38.755869+00:00,1785285027,6705,321 Surrey Central/WhiteRock,15247163,5513,30,6
2026-07-29T00:30:38.755869+00:00,1785285027,6705,321 Surrey Central/WhiteRock,15247163,5514,31,99
2026-07-29T00:30:38.755869+00:00,1785285027,6705,321 Surrey Central/WhiteRock,15247163,5515,32,93
2026-07-29T00:30:38.755869+00:00,1785285027,6705,321 Surrey Central/WhiteRock,15247163,5516,33,98
2026-07-29T00:30:38.755869+00:00,1785285027,6705,321 Surrey Central/WhiteRock,15247163,5517,34,102
2026-07-29T00:30:38.755869+00:00,1785285027,6705,321 Surrey Central/WhiteRock,15247163,5518,35,110
2026-07-29T00:30:38.755869+00:00,1785285027,6705,321 Surrey Central/WhiteRock,15247163,5519,36,88
2026-07-29T00:30:38.755869+00:00,1785285027,6705,321 Surrey Central/WhiteRock,15247163,5520,37,78
2026-07-29T00:30:38.755869+00:00,1785285027,6705,321 Surrey Central/WhiteRock,15247163,5521,38,-123
2026-07-29T00:30:38.755869+00:00,1785285027,6705,321 Surrey Central/WhiteRock,15247163,5522,39,-256
2026-07-29T00:30:38.755869+00:00,1785285027,6705,321 Surrey Central/WhiteRock,15247163,5523,40,-291
2026-07-29T00:30:38.755869+00:00,1785285027,6705,321 Surrey Central/WhiteRock,15247163,6466,41,-307
2026-07-29T00:30:38.755869+00:00,1785285027,6705,321 Surrey Central/WhiteRock,15247163,5524,42,-267
2026-07-29T00:30:38.755869+00:00,1785285027,6705,321 Surrey Central/WhiteRock,15247163,5525,43,-294
2026-07-29T00:30:38.755869+00:00,1785285027,6705,321 Surrey Central/WhiteRock,15247163,10443,44,-319
2026-07-29T00:30:38.755869+00:00,1785285027,6705,321 Surrey Central/WhiteRock,15247163,5528,45,-321
2026-07-29T00:30:38.755869+00:00,1785285027,6705,321 Surrey Central/WhiteRock,15247163,5529,46,-342
2026-07-29T00:30:38.755869+00:00,1785285027,6705,321 Surrey Central/WhiteRock,15247163,5530,47,-358
2026-07-29T00:30:38.755869+00:00,1785285027,6705,321 Surrey Central/WhiteRock,15247163,5533,48,-366
2026-07-29T00:30:38.755869+00:00,1785285027,6705,321 Surrey Central/WhiteRock,15247163,5534,49,-386
2026-07-29T00:30:38.755869+00:00,1785285027,6705,321 Surrey Central/WhiteRock,15247163,5535,50,-377
2026-07-29T00:30:38.755869+00:00,1785285027,6705,321 Surrey Central/WhiteRock,15247163,5536,51,-397
2026-07-29T00:30:38.755869+00:00,1785285027,6705,321 Surrey Central/WhiteRock,15247163,5537,52,-399
2026-07-29T00:30:38.755869+00:00,1785285027,6705,321 Surrey Central/WhiteRock,15247163,5538,53,-405
2026-07-29T00:30:38.755869+00:00,1785285027,6705,321 Surrey Central/WhiteRock,15247163,5541,54,-386
2026-07-29T00:30:38.755869+00:00,1785285027,6705,321 Surrey Central/WhiteRock,15247163,5542,55,-375
2026-07-29T00:30:38.755869+00:00,1785285027,6705,321 Surrey Central/WhiteRock,15247163,6195,56,-346
2026-07-29T00:30:38.755869+00:00,1785285027,6705,321 Surrey Central/WhiteRock,15247164,12916,11,12
2026-07-29T00:30:38.755869+00:00,1785285027,6705,321 Surrey Central/WhiteRock,15247164,5049,12,4
2026-07-29T00:30:38.755869+00:00,1785285027,6705,321 Surrey Central/WhiteRock,15247164,5039,13,-13
2026-07-29T00:30:38.755869+00:00,1785285027,6705,321 Surrey Central/WhiteRock,15247164,8351,14,-36
2026-07-29T00:30:38.755869+00:00,1785285027,6705,321 Surrey Central/WhiteRock,15247164,5496,15,-105
2026-07-29T00:30:38.755869+00:00,1785285027,6705,321 Surrey Central/WhiteRock,15247164,5497,16,-148
2026-07-29T00:30:38.755869+00:00,1785285027,6705,321 Surrey Central/WhiteRock,15247164,5498,17,-164
2026-07-29T00:30:38.755869+00:00,1785285027,6705,321 Surrey Central/WhiteRock,15247164,5499,18,-201
2026-07-29T00:30:38.755869+00:00,1785285027,6705,321 Surrey Central/WhiteRock,15247164,5500,19,-227
2026-07-29T00:30:38.755869+00:00,1785285027,6705,321 Surrey Central/WhiteRock,15247164,5501,20,-254
2026-07-29T00:30:38.755869+00:00,1785285027,6705,321 Surrey Central/WhiteRock,15247164,5502,21,-269
2026-07-29T00:30:38.755869+00:00,1785285027,6705,321 Surrey Central/WhiteRock,15247164,5503,22,-288
2026-07-29T00:30:38.755869+00:00,1785285027,6705,321 Surrey Central/WhiteRock,15247164,5504,23,-346
2026-07-29T00:30:38.755869+00:00,1785285027,6705,321 Surrey Central/WhiteRock,15247164,5505,24,-339
2026-07-29T00:30:38.755869+00:00,1785285027,6705,321 Surrey Central/WhiteRock,15247164,5507,25,-335
2026-07-29T00:30:38.755869+00:00,1785285027,6705,321 Surrey Central/WhiteRock,15247164,5633,26,0
2026-07-29T00:30:38.755869+00:00,1785285027,6705,321 Surrey Central/WhiteRock,15247164,5510,27,41
2026-07-29T00:30:38.755869+00:00,1785285027,6705,321 Surrey Central/WhiteRock,15247164,5511,28,34
2026-07-29T00:30:38.755869+00:00,1785285027,6705,321 Surrey Central/WhiteRock,15247164,5512,29,31
2026-07-29T00:30:38.755869+00:00,1785285027,6705,321 Surrey Central/WhiteRock,15247164,5513,30,19
2026-07-29T00:30:38.755869+00:00,1785285027,6705,321 Surrey Central/WhiteRock,15247164,5514,31,112
2026-07-29T00:30:38.755869+00:00,1785285027,6705,321 Surrey Central/WhiteRock,15247164,5515,32,105
2026-07-29T00:30:38.755869+00:00,1785285027,6705,321 Surrey Central/WhiteRock,15247164,5516,33,127
2026-07-29T00:30:38.755869+00:00,1785285027,6705,321 Surrey Central/WhiteRock,15247164,5517,34,135
2026-07-29T00:30:38.755869+00:00,1785285027,6705,321 Surrey Central/WhiteRock,15247164,5518,35,142
2026-07-29T00:30:38.755869+00:00,1785285027,6705,321 Surrey Central/WhiteRock,15247164,5519,36,120
2026-07-29T00:30:38.755869+00:00,1785285027,6705,321 Surrey Central/WhiteRock,15247164,5520,37,124
2026-07-29T00:30:38.755869+00:00,1785285027,6705,321 Surrey Central/WhiteRock,15247164,5521,38,-79
2026-07-29T00:30:38.755869+00:00,1785285027,6705,321 Surrey Central/WhiteRock,15247164,5522,39,-212
2026-07-29T00:30:38.755869+00:00,1785285027,6705,321 Surrey Central/WhiteRock,15247164,5523,40,-248
2026-07-29T00:30:38.755869+00:00,1785285027,6705,321 Surrey Central/WhiteRock,15247164,6466,41,-260
2026-07-29T00:30:38.755869+00:00,1785285027,6705,321 Surrey Central/WhiteRock,15247164,5524,42,-229
2026-07-29T00:30:38.755869+00:00,1785285027,6705,321 Surrey Central/WhiteRock,15247164,5525,43,-253
2026-07-29T00:30:38.755869+00:00,1785285027,6705,321 Surrey Central/WhiteRock,15247164,10443,44,-270
2026-07-29T00:30:38.755869+00:00,1785285027,6705,321 Surrey Central/WhiteRock,15247164,5528,45,-273
2026-07-29T00:30:38.755869+00:00,1785285027,6705,321 Surrey Central/WhiteRock,15247164,5529,46,-297
2026-07-29T00:30:38.755869+00:00,1785285027,6705,321 Surrey Central/WhiteRock,15247164,5530,47,-313
2026-07-29T00:30:38.755869+00:00,1785285027,6705,321 Surrey Central/WhiteRock,15247164,5533,48,-309
2026-07-29T00:30:38.755869+00:00,1785285027,6705,321 Surrey Central/WhiteRock,15247164,5534,49,-327
2026-07-29T00:30:38.755869+00:00,1785285027,6705,321 Surrey Central/WhiteRock,15247164,5535,50,-315
2026-07-29T00:30:38.755869+00:00,1785285027,6705,321 Surrey Central/WhiteRock,15247164,5536,51,-337
2026-07-29T00:30:38.755869+00:00,1785285027,6705,321 Surrey Central/WhiteRock,15247164,5537,52,-333
2026-07-29T00:30:38.755869+00:00,1785285027,6705,321 Surrey Central/WhiteRock,15247164,5538,53,-339
2026-07-29T00:30:38.755869+00:00,1785285027,6705,321 Surrey Central/WhiteRock,15247164,5541,54,-319
2026-07-29T00:30:38.755869+00:00,1785285027,6705,321 Surrey Central/WhiteRock,15247164,5542,55,-310
2026-07-29T00:30:38.755869+00:00,1785285027,6705,321 Surrey Central/WhiteRock,15247164,6195,56,-278
2026-07-29T00:30:38.755869+00:00,1785285027,6705,321 Surrey Central/WhiteRock,15247165,9924,4,-82
2026-07-29T00:30:38.755869+00:00,1785285027,6705,321 Surrey Central/WhiteRock,15247165,9926,5,-110
2026-07-29T00:30:38.755869+00:00,1785285027,6705,321 Surrey Central/WhiteRock,15247165,9927,6,-133
2026-07-29T00:30:38.755869+00:00,1785285027,6705,321 Surrey Central/WhiteRock,15247165,10880,7,0
2026-07-29T00:30:38.755869+00:00,1785285027,6705,321 Surrey Central/WhiteRock,15247165,5046,8,49
2026-07-29T00:30:38.755869+00:00,1785285027,6705,321 Surrey Central/WhiteRock,15247165,5047,9,52
2026-07-29T00:30:38.755869+00:00,1785285027,6705,321 Surrey Central/WhiteRock,15247165,8566,10,19
2026-07-29T00:30:38.755869+00:00,1785285027,6705,321 Surrey Central/WhiteRock,15247165,12916,11,44
2026-07-29T00:30:38.755869+00:00,1785285027,6705,321 Surrey Central/WhiteRock,15247165,5049,12,38
2026-07-29T00:30:38.755869+00:00,1785285027,6705,321 Surrey Central/WhiteRock,15247165,5039,13,20
2026-07-29T00:30:38.755869+00:00,1785285027,6705,321 Surrey Central/WhiteRock,15247165,8351,14,-1
2026-07-29T00:30:38.755869+00:00,1785285027,6705,321 Surrey Central/WhiteRock,15247165,5496,15,-64
2026-07-29T00:30:38.755869+00:00,1785285027,6705,321 Surrey Central/WhiteRock,15247165,5497,16,-104
2026-07-29T00:30:38.755869+00:00,1785285027,6705,321 Surrey Central/WhiteRock,15247165,5498,17,-115
2026-07-29T00:30:38.755869+00:00,1785285027,6705,321 Surrey Central/WhiteRock,15247165,5499,18,-149
2026-07-29T00:30:38.755869+00:00,1785285027,6705,321 Surrey Central/WhiteRock,15247165,5500,19,-164
2026-07-29T00:30:38.755869+00:00,1785285027,6705,321 Surrey Central/WhiteRock,15247165,5501,20,-189
2026-07-29T00:30:38.755869+00:00,1785285027,6705,321 Surrey Central/WhiteRock,15247165,5502,21,-202
2026-07-29T00:30:38.755869+00:00,1785285027,6705,321 Surrey Central/WhiteRock,15247165,5503,22,-234
2026-07-29T00:30:38.755869+00:00,1785285027,6705,321 Surrey Central/WhiteRock,15247165,5504,23,-285
2026-07-29T00:30:38.755869+00:00,1785285027,6705,321 Surrey Central/WhiteRock,15247165,5505,24,-275
2026-07-29T00:30:38.755869+00:00,1785285027,6705,321 Surrey Central/WhiteRock,15247165,5507,25,-263
2026-07-29T00:30:38.755869+00:00,1785285027,6705,321 Surrey Central/WhiteRock,15247165,5633,26,0
2026-07-29T00:30:38.755869+00:00,1785285027,6705,321 Surrey Central/WhiteRock,15247165,5510,27,29
2026-07-29T00:30:38.755869+00:00,1785285027,6705,321 Surrey Central/WhiteRock,15247165,5511,28,22
2026-07-29T00:30:38.755869+00:00,1785285027,6705,321 Surrey Central/WhiteRock,15247165,5512,29,18
2026-07-29T00:30:38.755869+00:00,1785285027,6705,321 Surrey Central/WhiteRock,15247165,5513,30,8
2026-07-29T00:30:38.755869+00:00,1785285027,6705,321 Surrey Central/WhiteRock,15247165,5514,31,94
2026-07-29T00:30:38.755869+00:00,1785285027,6705,321 Surrey Central/WhiteRock,15247165,5515,32,88
2026-07-29T00:30:38.755869+00:00,1785285027,6705,321 Surrey Central/WhiteRock,15247165,5516,33,89
2026-07-29T00:30:38.755869+00:00,1785285027,6705,321 Surrey Central/WhiteRock,15247165,5517,34,105
2026-07-29T00:30:38.755869+00:00,1785285027,6705,321 Surrey Central/WhiteRock,15247165,5518,35,110
2026-07-29T00:30:38.755869+00:00,1785285027,6705,321 Surrey Central/WhiteRock,15247165,5519,36,91
2026-07-29T00:30:38.755869+00:00,1785285027,6705,321 Surrey Central/WhiteRock,15247165,5520,37,97
2026-07-29T00:30:38.755869+00:00,1785285027,6705,321 Surrey Central/WhiteRock,15247165,5521,38,-98
2026-07-29T00:30:38.755869+00:00,1785285027,6705,321 Surrey Central/WhiteRock,15247165,5522,39,-225
2026-07-29T00:30:38.755869+00:00,1785285027,6705,321 Surrey Central/WhiteRock,15247165,5523,40,-258
2026-07-29T00:30:38.755869+00:00,1785285027,6705,321 Surrey Central/WhiteRock,15247165,6466,41,-273
2026-07-29T00:30:38.755869+00:00,1785285027,6705,321 Surrey Central/WhiteRock,15247165,5524,42,-238
2026-07-29T00:30:38.755869+00:00,1785285027,6705,321 Surrey Central/WhiteRock,15247165,5525,43,-266
2026-07-29T00:30:38.755869+00:00,1785285027,6705,321 Surrey Central/WhiteRock,15247165,10443,44,-290
2026-07-29T00:30:38.755869+00:00,1785285027,6705,321 Surrey Central/WhiteRock,15247165,5528,45,-292
2026-07-29T00:30:38.755869+00:00,1785285027,6705,321 Surrey Central/WhiteRock,15247165,5529,46,-316
2026-07-29T00:30:38.755869+00:00,1785285027,6705,321 Surrey Central/WhiteRock,15247165,5530,47,-331
2026-07-29T00:30:38.755869+00:00,1785285027,6705,321 Surrey Central/WhiteRock,15247165,5533,48,-338
2026-07-29T00:30:38.755869+00:00,1785285027,6705,321 Surrey Central/WhiteRock,15247165,5534,49,-357
2026-07-29T00:30:38.755869+00:00,1785285027,6705,321 Surrey Central/WhiteRock,15247165,5535,50,-352
2026-07-29T00:30:38.755869+00:00,1785285027,6705,321 Surrey Central/WhiteRock,15247165,5536,51,-373
2026-07-29T00:30:38.755869+00:00,1785285027,6705,321 Surrey Central/WhiteRock,15247165,5537,52,-378
2026-07-29T00:30:38.755869+00:00,1785285027,6705,321 Surrey Central/WhiteRock,15247165,5538,53,-383
2026-07-29T00:30:38.755869+00:00,1785285027,6705,321 Surrey Central/WhiteRock,15247165,5541,54,-362
2026-07-29T00:30:38.755869+00:00,1785285027,6705,321 Surrey Central/WhiteRock,15247165,5542,55,-351
2026-07-29T00:30:38.755869+00:00,1785285027,6705,321 Surrey Central/WhiteRock,15247165,6195,56,-325
2026-07-29T00:30:38.755869+00:00,1785285027,6705,321 Surrey Central/WhiteRock,15247177,5528,45,-164
2026-07-29T00:30:38.755869+00:00,1785285027,6705,321 Surrey Central/WhiteRock,15247177,5529,46,-186
2026-07-29T00:30:38.755869+00:00,1785285027,6705,321 Surrey Central/WhiteRock,15247177,5530,47,-201
2026-07-29T00:30:38.755869+00:00,1785285027,6705,321 Surrey Central/WhiteRock,15247177,5533,48,-208
2026-07-29T00:30:38.755869+00:00,1785285027,6705,321 Surrey Central/WhiteRock,15247177,5534,49,-228
2026-07-29T00:30:38.755869+00:00,1785285027,6705,321 Surrey Central/WhiteRock,15247177,5535,50,-205
2026-07-29T00:30:38.755869+00:00,1785285027,6705,321 Surrey Central/WhiteRock,15247177,5536,51,-226
2026-07-29T00:30:38.755869+00:00,1785285027,6705,321 Surrey Central/WhiteRock,15247177,5537,52,-226
2026-07-29T00:30:38.755869+00:00,1785285027,6705,321 Surrey Central/WhiteRock,15247177,5538,53,-232
2026-07-29T00:30:38.755869+00:00,1785285027,6705,321 Surrey Central/WhiteRock,15247177,5541,54,-203
2026-07-29T00:30:38.755869+00:00,1785285027,6705,321 Surrey Central/WhiteRock,15247177,5542,55,-191
2026-07-29T00:30:38.755869+00:00,1785285027,6705,321 Surrey Central/WhiteRock,15247177,6195,56,-167
2026-07-29T00:30:38.755869+00:00,1785285027,6705,321 Surrey Central/WhiteRock,15247187,5507,25,-54
2026-07-29T00:30:38.755869+00:00,1785285027,6705,321 Surrey Central/WhiteRock,15247187,5633,26,0
2026-07-29T00:30:38.755869+00:00,1785285027,6705,321 Surrey Central/WhiteRock,15247187,5510,27,43
2026-07-29T00:30:38.755869+00:00,1785285027,6705,321 Surrey Central/WhiteRock,15247187,5511,28,36
2026-07-29T00:30:38.755869+00:00,1785285027,6705,321 Surrey Central/WhiteRock,15247187,5512,29,32
2026-07-29T00:30:38.755869+00:00,1785285027,6705,321 Surrey Central/WhiteRock,15247187,5513,30,21
2026-07-29T00:30:38.755869+00:00,1785285027,6705,321 Surrey Central/WhiteRock,15247187,5514,31,114
2026-07-29T00:30:38.755869+00:00,1785285027,6705,321 Surrey Central/WhiteRock,15247187,5515,32,108
2026-07-29T00:30:38.755869+00:00,1785285027,6705,321 Surrey Central/WhiteRock,15247187,5516,33,107
2026-07-29T00:30:38.755869+00:00,1785285027,6705,321 Surrey Central/WhiteRock,15247187,5517,34,111
2026-07-29T00:30:38.755869+00:00,1785285027,6705,321 Surrey Central/WhiteRock,15247187,5518,35,118
2026-07-29T00:30:38.755869+00:00,1785285027,6705,321 Surrey Central/WhiteRock,15247187,5519,36,96
2026-07-29T00:30:38.755869+00:00,1785285027,6705,321 Surrey Central/WhiteRock,15247187,5520,37,86
2026-07-29T00:30:38.755869+00:00,1785285027,6705,321 Surrey Central/WhiteRock,15247187,5521,38,-115
2026-07-29T00:30:38.755869+00:00,1785285027,6705,321 Surrey Central/WhiteRock,15247187,5522,39,-248
2026-07-29T00:30:38.755869+00:00,1785285027,6705,321 Surrey Central/WhiteRock,15247187,5523,40,-283
2026-07-29T00:30:38.755869+00:00,1785285027,6705,321 Surrey Central/WhiteRock,15247187,6466,41,-292
2026-07-29T00:30:38.755869+00:00,1785285027,6705,321 Surrey Central/WhiteRock,15247187,5524,42,-253
2026-07-29T00:30:38.755869+00:00,1785285027,6705,321 Surrey Central/WhiteRock,15247187,5525,43,-276
2026-07-29T00:30:38.755869+00:00,1785285027,6705,321 Surrey Central/WhiteRock,15247187,10443,44,-295
2026-07-29T00:30:38.755869+00:00,1785285027,6705,321 Surrey Central/WhiteRock,15247187,5528,45,-293
2026-07-29T00:30:38.755869+00:00,1785285027,6705,321 Surrey Central/WhiteRock,15247187,5529,46,-315
2026-07-29T00:30:38.755869+00:00,1785285027,6705,321 Surrey Central/WhiteRock,15247187,5530,47,-330
2026-07-29T00:30:38.755869+00:00,1785285027,6705,321 Surrey Central/WhiteRock,15247187,5533,48,-327
2026-07-29T00:30:38.755869+00:00,1785285027,6705,321 Surrey Central/WhiteRock,15247187,5534,49,-344
2026-07-29T00:30:38.755869+00:00,1785285027,6705,321 Surrey Central/WhiteRock,15247187,5535,50,-324
2026-07-29T00:30:38.755869+00:00,1785285027,6705,321 Surrey Central/WhiteRock,15247187,5536,51,-348
2026-07-29T00:30:38.755869+00:00,1785285027,6705,321 Surrey Central/WhiteRock,15247187,5537,52,-343
2026-07-29T00:30:38.755869+00:00,1785285027,6705,321 Surrey Central/WhiteRock,15247187,5538,53,-348
2026-07-29T00:30:38.755869+00:00,1785285027,6705,321 Surrey Central/WhiteRock,15247187,5541,54,-324
2026-07-29T00:30:38.755869+00:00,1785285027,6705,321 Surrey Central/WhiteRock,15247187,5542,55,-313
2026-07-29T00:30:38.755869+00:00,1785285027,6705,321 Surrey Central/WhiteRock,15247187,6195,56,-278
2026-07-29T00:30:38.755869+00:00,1785285027,6705,321 Surrey Central/WhiteRock,15247232,5528,45,230
2026-07-29T00:30:38.755869+00:00,1785285027,6705,321 Surrey Central/WhiteRock,15247232,5529,46,204
2026-07-29T00:30:38.755869+00:00,1785285027,6705,321 Surrey Central/WhiteRock,15247232,5530,47,187
2026-07-29T00:30:38.755869+00:00,1785285027,6705,321 Surrey Central/WhiteRock,15247232,5533,48,187
2026-07-29T00:30:38.755869+00:00,1785285027,6705,321 Surrey Central/WhiteRock,15247232,5534,49,167
2026-07-29T00:30:38.755869+00:00,1785285027,6705,321 Surrey Central/WhiteRock,15247232,5535,50,184
2026-07-29T00:30:38.755869+00:00,1785285027,6705,321 Surrey Central/WhiteRock,15247232,5536,51,160
2026-07-29T00:30:38.755869+00:00,1785285027,6705,321 Surrey Central/WhiteRock,15247232,5537,52,152
2026-07-29T00:30:38.755869+00:00,1785285027,6705,321 Surrey Central/WhiteRock,15247232,5538,53,145
2026-07-29T00:30:38.755869+00:00,1785285027,6705,321 Surrey Central/WhiteRock,15247232,5541,54,171
2026-07-29T00:30:38.755869+00:00,1785285027,6705,321 Surrey Central/WhiteRock,15247232,5542,55,182
2026-07-29T00:30:38.755869+00:00,1785285027,6705,321 Surrey Central/WhiteRock,15247232,6195,56,206
2026-07-29T00:30:38.755869+00:00,1785285027,6705,321 Surrey Central/WhiteRock,15247233,5516,33,313
2026-07-29T00:30:38.755869+00:00,1785285027,6705,321 Surrey Central/WhiteRock,15247233,5517,34,250
2026-07-29T00:30:38.755869+00:00,1785285027,6705,321 Surrey Central/WhiteRock,15247233,5518,35,252
2026-07-29T00:30:38.755869+00:00,1785285027,6705,321 Surrey Central/WhiteRock,15247233,5519,36,228
2026-07-29T00:30:38.755869+00:00,1785285027,6705,321 Surrey Central/WhiteRock,15247233,5520,37,217
2026-07-29T00:30:38.755869+00:00,1785285027,6705,321 Surrey Central/WhiteRock,15247233,5521,38,7
2026-07-29T00:30:38.755869+00:00,1785285027,6705,321 Surrey Central/WhiteRock,15247233,5522,39,-130
2026-07-29T00:30:38.755869+00:00,1785285027,6705,321 Surrey Central/WhiteRock,15247233,5523,40,-166
2026-07-29T00:30:38.755869+00:00,1785285027,6705,321 Surrey Central/WhiteRock,15247233,6466,41,-188
2026-07-29T00:30:38.755869+00:00,1785285027,6705,321 Surrey Central/WhiteRock,15247233,5524,42,-152
2026-07-29T00:30:38.755869+00:00,1785285027,6705,321 Surrey Central/WhiteRock,15247233,5525,43,-181
2026-07-29T00:30:38.755869+00:00,1785285027,6705,321 Surrey Central/WhiteRock,15247233,10443,44,-205
2026-07-29T00:30:38.755869+00:00,1785285027,6705,321 Surrey Central/WhiteRock,15247233,5528,45,-202
2026-07-29T00:30:38.755869+00:00,1785285027,6705,321 Surrey Central/WhiteRock,15247233,5529,46,-224
2026-07-29T00:30:38.755869+00:00,1785285027,6705,321 Surrey Central/WhiteRock,15247233,5530,47,-239
2026-07-29T00:30:38.755869+00:00,1785285027,6705,321 Surrey Central/WhiteRock,15247233,5533,48,-244
2026-07-29T00:30:38.755869+00:00,1785285027,6705,321 Surrey Central/WhiteRock,15247233,5534,49,-263
2026-07-29T00:30:38.755869+00:00,1785285027,6705,321 Surrey Central/WhiteRock,15247233,5535,50,-249
2026-07-29T00:30:38.755869+00:00,1785285027,6705,321 Surrey Central/WhiteRock,15247233,5536,51,-273
2026-07-29T00:30:38.755869+00:00,1785285027,6705,321 Surrey Central/WhiteRock,15247233,5537,52,-271
2026-07-29T00:30:38.755869+00:00,1785285027,6705,321 Surrey Central/WhiteRock,15247233,5538,53,-277
2026-07-29T00:30:38.755869+00:00,1785285027,6705,321 Surrey Central/WhiteRock,15247233,5541,54,-252
2026-07-29T00:30:38.755869+00:00,1785285027,6705,321 Surrey Central/WhiteRock,15247233,5542,55,-241
2026-07-29T00:30:38.755869+00:00,1785285027,6705,321 Surrey Central/WhiteRock,15247233,6195,56,-214
2026-07-29T00:30:38.755869+00:00,1785285027,6705,321 Surrey Central/WhiteRock,15247235,9927,6,356
2026-07-29T00:30:38.755869+00:00,1785285027,6705,321 Surrey Central/WhiteRock,15247235,10880,7,390
2026-07-29T00:30:38.755869+00:00,1785285027,6705,321 Surrey Central/WhiteRock,15247235,5046,8,439
2026-07-29T00:30:38.755869+00:00,1785285027,6705,321 Surrey Central/WhiteRock,15247235,5047,9,442
2026-07-29T00:30:38.755869+00:00,1785285027,6705,321 Surrey Central/WhiteRock,15247235,8566,10,409
2026-07-29T00:30:38.755869+00:00,1785285027,6705,321 Surrey Central/WhiteRock,15247235,12916,11,434
2026-07-29T00:30:38.755869+00:00,1785285027,6705,321 Surrey Central/WhiteRock,15247235,5049,12,428
2026-07-29T00:30:38.755869+00:00,1785285027,6705,321 Surrey Central/WhiteRock,15247235,5039,13,413
2026-07-29T00:30:38.755869+00:00,1785285027,6705,321 Surrey Central/WhiteRock,15247235,8351,14,392
2026-07-29T00:30:38.755869+00:00,1785285027,6705,321 Surrey Central/WhiteRock,15247235,5496,15,326
2026-07-29T00:30:38.755869+00:00,1785285027,6705,321 Surrey Central/WhiteRock,15247235,5497,16,286
2026-07-29T00:30:38.755869+00:00,1785285027,6705,321 Surrey Central/WhiteRock,15247235,5498,17,274
2026-07-29T00:30:38.755869+00:00,1785285027,6705,321 Surrey Central/WhiteRock,15247235,5499,18,240
2026-07-29T00:30:38.755869+00:00,1785285027,6705,321 Surrey Central/WhiteRock,15247235,5500,19,222
2026-07-29T00:30:38.755869+00:00,1785285027,6705,321 Surrey Central/WhiteRock,15247235,5501,20,197
2026-07-29T00:30:38.755869+00:00,1785285027,6705,321 Surrey Central/WhiteRock,15247235,5502,21,184
2026-07-29T00:30:38.755869+00:00,1785285027,6705,321 Surrey Central/WhiteRock,15247235,5503,22,152
2026-07-29T00:30:38.755869+00:00,1785285027,6705,321 Surrey Central/WhiteRock,15247235,5504,23,101
2026-07-29T00:30:38.755869+00:00,1785285027,6705,321 Surrey Central/WhiteRock,15247235,5505,24,111
2026-07-29T00:30:38.755869+00:00,1785285027,6705,321 Surrey Central/WhiteRock,15247235,5507,25,123
2026-07-29T00:30:38.755869+00:00,1785285027,6705,321 Surrey Central/WhiteRock,15247235,5633,26,149
2026-07-29T00:30:38.755869+00:00,1785285027,6705,321 Surrey Central/WhiteRock,15247235,5510,27,186
2026-07-29T00:30:38.755869+00:00,1785285027,6705,321 Surrey Central/WhiteRock,15247235,5511,28,179
2026-07-29T00:30:38.755869+00:00,1785285027,6705,321 Surrey Central/WhiteRock,15247235,5512,29,175
2026-07-29T00:30:38.755869+00:00,1785285027,6705,321 Surrey Central/WhiteRock,15247235,5513,30,165
2026-07-29T00:30:38.755869+00:00,1785285027,6705,321 Surrey Central/WhiteRock,15247235,5514,31,251
2026-07-29T00:30:38.755869+00:00,1785285027,6705,321 Surrey Central/WhiteRock,15247235,5515,32,245
2026-07-29T00:30:38.755869+00:00,1785285027,6705,321 Surrey Central/WhiteRock,15247235,5516,33,264
2026-07-29T00:30:38.755869+00:00,1785285027,6705,321 Surrey Central/WhiteRock,15247235,5517,34,280
2026-07-29T00:30:38.755869+00:00,1785285027,6705,321 Surrey Central/WhiteRock,15247235,5518,35,284
2026-07-29T00:30:38.755869+00:00,1785285027,6705,321 Surrey Central/WhiteRock,15247235,5519,36,265
2026-07-29T00:30:38.755869+00:00,1785285027,6705,321 Surrey Central/WhiteRock,15247235,5520,37,271
2026-07-29T00:30:38.755869+00:00,1785285027,6705,321 Surrey Central/WhiteRock,15247235,5521,38,76
2026-07-29T00:30:38.755869+00:00,1785285027,6705,321 Surrey Central/WhiteRock,15247235,5522,39,-51
2026-07-29T00:30:38.755869+00:00,1785285027,6705,321 Surrey Central/WhiteRock,15247235,5523,40,-85
2026-07-29T00:30:38.755869+00:00,1785285027,6705,321 Surrey Central/WhiteRock,15247235,6466,41,-97
2026-07-29T00:30:38.755869+00:00,1785285027,6705,321 Surrey Central/WhiteRock,15247235,5524,42,-62
2026-07-29T00:30:38.755869+00:00,1785285027,6705,321 Surrey Central/WhiteRock,15247235,5525,43,-88
2026-07-29T00:30:38.755869+00:00,1785285027,6705,321 Surrey Central/WhiteRock,15247235,10443,44,-105
2026-07-29T00:30:38.755869+00:00,1785285027,6705,321 Surrey Central/WhiteRock,15247235,5528,45,-107
2026-07-29T00:30:38.755869+00:00,1785285027,6705,321 Surrey Central/WhiteRock,15247235,5529,46,-132
2026-07-29T00:30:38.755869+00:00,1785285027,6705,321 Surrey Central/WhiteRock,15247235,5530,47,-147
2026-07-29T00:30:38.755869+00:00,1785285027,6705,321 Surrey Central/WhiteRock,15247235,5533,48,-144
2026-07-29T00:30:38.755869+00:00,1785285027,6705,321 Surrey Central/WhiteRock,15247235,5534,49,-161
2026-07-29T00:30:38.755869+00:00,1785285027,6705,321 Surrey Central/WhiteRock,15247235,5535,50,-137
2026-07-29T00:30:38.755869+00:00,1785285027,6705,321 Surrey Central/WhiteRock,15247235,5536,51,-157
2026-07-29T00:30:38.755869+00:00,1785285027,6705,321 Surrey Central/WhiteRock,15247235,5537,52,-160
2026-07-29T00:30:38.755869+00:00,1785285027,6705,321 Surrey Central/WhiteRock,15247235,5538,53,-165
2026-07-29T00:30:38.755869+00:00,1785285027,6705,321 Surrey Central/WhiteRock,15247235,5541,54,-144
2026-07-29T00:30:38.755869+00:00,1785285027,6705,321 Surrey Central/WhiteRock,15247235,5542,55,-133
2026-07-29T00:30:38.755869+00:00,1785285027,6705,321 Surrey Central/WhiteRock,15247235,6195,56,-104
2026-07-29T00:30:38.755869+00:00,1785285027,6715,351 Bridgeport/WhiteRock,15251619,8282,25,-222
2026-07-29T00:30:38.755869+00:00,1785285027,6715,351 Bridgeport/WhiteRock,15251620,4928,24,142
2026-07-29T00:30:38.755869+00:00,1785285027,6715,351 Bridgeport/WhiteRock,15251620,8282,25,242
2026-07-29T00:30:38.755869+00:00,1785285027,6715,351 Bridgeport/WhiteRock,15251621,9083,18,123
2026-07-29T00:30:38.755869+00:00,1785285027,6715,351 Bridgeport/WhiteRock,15251621,5446,19,129
2026-07-29T00:30:38.755869+00:00,1785285027,6715,351 Bridgeport/WhiteRock,15251621,10445,20,119
2026-07-29T00:30:38.755869+00:00,1785285027,6715,351 Bridgeport/WhiteRock,15251621,5447,21,78
2026-07-29T00:30:38.755869+00:00,1785285027,6715,351 Bridgeport/WhiteRock,15251621,5448,22,79
2026-07-29T00:30:38.755869+00:00,1785285027,6715,351 Bridgeport/WhiteRock,15251621,6194,23,72
2026-07-29T00:30:38.755869+00:00,1785285027,6715,351 Bridgeport/WhiteRock,15251621,4928,24,-55
2026-07-29T00:30:38.755869+00:00,1785285027,6715,351 Bridgeport/WhiteRock,15251621,8282,25,46
2026-07-29T00:30:38.755869+00:00,1785285027,6715,351 Bridgeport/WhiteRock,15251622,6170,6,44
2026-07-29T00:30:38.755869+00:00,1785285027,6715,351 Bridgeport/WhiteRock,15251622,11545,7,21
2026-07-29T00:30:38.755869+00:00,1785285027,6715,351 Bridgeport/WhiteRock,15251622,6172,8,39
2026-07-29T00:30:38.755869+00:00,1785285027,6715,351 Bridgeport/WhiteRock,15251622,6173,9,48
2026-07-29T00:30:38.755869+00:00,1785285027,6715,351 Bridgeport/WhiteRock,15251622,6139,10,80
2026-07-29T00:30:38.755869+00:00,1785285027,6715,351 Bridgeport/WhiteRock,15251622,5437,11,106
2026-07-29T00:30:38.755869+00:00,1785285027,6715,351 Bridgeport/WhiteRock,15251622,5438,12,97
2026-07-29T00:30:38.755869+00:00,1785285027,6715,351 Bridgeport/WhiteRock,15251622,5439,13,109
2026-07-29T00:30:38.755869+00:00,1785285027,6715,351 Bridgeport/WhiteRock,15251622,5440,14,88
2026-07-29T00:30:38.755869+00:00,1785285027,6715,351 Bridgeport/WhiteRock,15251622,5441,15,112
2026-07-29T00:30:38.755869+00:00,1785285027,6715,351 Bridgeport/WhiteRock,15251622,5442,16,87
2026-07-29T00:30:38.755869+00:00,1785285027,6715,351 Bridgeport/WhiteRock,15251622,5444,17,98
2026-07-29T00:30:38.755869+00:00,1785285027,6715,351 Bridgeport/WhiteRock,15251622,9083,18,72
2026-07-29T00:30:38.755869+00:00,1785285027,6715,351 Bridgeport/WhiteRock,15251622,5446,19,84
2026-07-29T00:30:38.755869+00:00,1785285027,6715,351 Bridgeport/WhiteRock,15251622,10445,20,76
2026-07-29T00:30:38.755869+00:00,1785285027,6715,351 Bridgeport/WhiteRock,15251622,5447,21,41
2026-07-29T00:30:38.755869+00:00,1785285027,6715,351 Bridgeport/WhiteRock,15251622,5448,22,48
2026-07-29T00:30:38.755869+00:00,1785285027,6715,351 Bridgeport/WhiteRock,15251622,6194,23,48
2026-07-29T00:30:38.755869+00:00,1785285027,6715,351 Bridgeport/WhiteRock,15251622,4928,24,-80
2026-07-29T00:30:38.755869+00:00,1785285027,6715,351 Bridgeport/WhiteRock,15251622,8282,25,17
2026-07-29T00:30:38.755869+00:00,1785285027,6715,351 Bridgeport/WhiteRock,15251699,5538,16,-586
2026-07-29T00:30:38.755869+00:00,1785285027,6715,351 Bridgeport/WhiteRock,15251699,5541,17,-538
2026-07-29T00:30:38.755869+00:00,1785285027,6715,351 Bridgeport/WhiteRock,15251699,5542,18,-517
2026-07-29T00:30:38.755869+00:00,1785285027,6715,351 Bridgeport/WhiteRock,15251699,6340,19,-470
2026-07-29T00:30:38.755869+00:00,1785285027,6715,351 Bridgeport/WhiteRock,15251699,6341,20,-447
2026-07-29T00:30:38.755869+00:00,1785285027,6715,351 Bridgeport/WhiteRock,15251699,6167,21,-436
2026-07-29T00:30:38.755869+00:00,1785285027,6715,351 Bridgeport/WhiteRock,15251700,6175,4,-671
2026-07-29T00:30:38.755869+00:00,1785285027,6715,351 Bridgeport/WhiteRock,15251700,5524,5,-624
2026-07-29T00:30:38.755869+00:00,1785285027,6715,351 Bridgeport/WhiteRock,15251700,5525,6,-637
2026-07-29T00:30:38.755869+00:00,1785285027,6715,351 Bridgeport/WhiteRock,15251700,10443,7,-631
2026-07-29T00:30:38.755869+00:00,1785285027,6715,351 Bridgeport/WhiteRock,15251700,5528,8,-611
2026-07-29T00:30:38.755869+00:00,1785285027,6715,351 Bridgeport/WhiteRock,15251700,5529,9,-616
2026-07-29T00:30:38.755869+00:00,1785285027,6715,351 Bridgeport/WhiteRock,15251700,5530,10,-614
2026-07-29T00:30:38.755869+00:00,1785285027,6715,351 Bridgeport/WhiteRock,15251700,5533,11,-597
2026-07-29T00:30:38.755869+00:00,1785285027,6715,351 Bridgeport/WhiteRock,15251700,5534,12,-599
2026-07-29T00:30:38.755869+00:00,1785285027,6715,351 Bridgeport/WhiteRock,15251700,5535,13,-565
2026-07-29T00:30:38.755869+00:00,1785285027,6715,351 Bridgeport/WhiteRock,15251700,5536,14,-570
2026-07-29T00:30:38.755869+00:00,1785285027,6715,351 Bridgeport/WhiteRock,15251700,5537,15,-543
2026-07-29T00:30:38.755869+00:00,1785285027,6715,351 Bridgeport/WhiteRock,15251700,5538,16,-538
2026-07-29T00:30:38.755869+00:00,1785285027,6715,351 Bridgeport/WhiteRock,15251700,5541,17,-491
2026-07-29T00:30:38.755869+00:00,1785285027,6715,351 Bridgeport/WhiteRock,15251700,5542,18,-471
2026-07-29T00:30:38.755869+00:00,1785285027,6715,351 Bridgeport/WhiteRock,15251700,6340,19,-427
2026-07-29T00:30:38.755869+00:00,1785285027,6715,351 Bridgeport/WhiteRock,15251700,6341,20,-405
2026-07-29T00:30:38.755869+00:00,1785285027,6715,351 Bridgeport/WhiteRock,15251700,6167,21,-392
2026-07-29T00:30:38.755869+00:00,1785285027,6715,351 Bridgeport/WhiteRock,15251701,6175,4,-649
2026-07-29T00:30:38.755869+00:00,1785285027,6715,351 Bridgeport/WhiteRock,15251701,5524,5,-600
2026-07-29T00:30:38.755869+00:00,1785285027,6715,351 Bridgeport/WhiteRock,15251701,5525,6,-613
2026-07-29T00:30:38.755869+00:00,1785285027,6715,351 Bridgeport/WhiteRock,15251701,10443,7,-606
2026-07-29T00:30:38.755869+00:00,1785285027,6715,351 Bridgeport/WhiteRock,15251701,5528,8,-585
2026-07-29T00:30:38.755869+00:00,1785285027,6715,351 Bridgeport/WhiteRock,15251701,5529,9,-590
2026-07-29T00:30:38.755869+00:00,1785285027,6715,351 Bridgeport/WhiteRock,15251701,5530,10,-587
2026-07-29T00:30:38.755869+00:00,1785285027,6715,351 Bridgeport/WhiteRock,15251701,5533,11,-568
2026-07-29T00:30:38.755869+00:00,1785285027,6715,351 Bridgeport/WhiteRock,15251701,5534,12,-569
2026-07-29T00:30:38.755869+00:00,1785285027,6715,351 Bridgeport/WhiteRock,15251701,5535,13,-545
2026-07-29T00:30:38.755869+00:00,1785285027,6715,351 Bridgeport/WhiteRock,15251701,5536,14,-548
2026-07-29T00:30:38.755869+00:00,1785285027,6715,351 Bridgeport/WhiteRock,15251701,5537,15,-521
2026-07-29T00:30:38.755869+00:00,1785285027,6715,351 Bridgeport/WhiteRock,15251701,5538,16,-515
2026-07-29T00:30:38.755869+00:00,1785285027,6715,351 Bridgeport/WhiteRock,15251701,5541,17,-469
2026-07-29T00:30:38.755869+00:00,1785285027,6715,351 Bridgeport/WhiteRock,15251701,5542,18,-449
2026-07-29T00:30:38.755869+00:00,1785285027,6715,351 Bridgeport/WhiteRock,15251701,6340,19,-402
2026-07-29T00:30:38.755869+00:00,1785285027,6715,351 Bridgeport/WhiteRock,15251701,6341,20,-381
2026-07-29T00:30:38.755869+00:00,1785285027,6715,351 Bridgeport/WhiteRock,15251701,6167,21,-369
2026-07-29T00:30:38.755869+00:00,1785285027,6715,351 Bridgeport/WhiteRock,15251702,4929,3,0
2026-07-29T00:30:38.755869+00:00,1785285027,6715,351 Bridgeport/WhiteRock,15251702,6175,4,-651
2026-07-29T00:30:38.755869+00:00,1785285027,6715,351 Bridgeport/WhiteRock,15251702,5524,5,-602
2026-07-29T00:30:38.755869+00:00,1785285027,6715,351 Bridgeport/WhiteRock,15251702,5525,6,-615
2026-07-29T00:30:38.755869+00:00,1785285027,6715,351 Bridgeport/WhiteRock,15251702,10443,7,-609
2026-07-29T00:30:38.755869+00:00,1785285027,6715,351 Bridgeport/WhiteRock,15251702,5528,8,-587
2026-07-29T00:30:38.755869+00:00,1785285027,6715,351 Bridgeport/WhiteRock,15251702,5529,9,-589
2026-07-29T00:30:38.755869+00:00,1785285027,6715,351 Bridgeport/WhiteRock,15251702,5530,10,-588
2026-07-29T00:30:38.755869+00:00,1785285027,6715,351 Bridgeport/WhiteRock,15251702,5533,11,-571
2026-07-29T00:30:38.755869+00:00,1785285027,6715,351 Bridgeport/WhiteRock,15251702,5534,12,-572
2026-07-29T00:30:38.755869+00:00,1785285027,6715,351 Bridgeport/WhiteRock,15251702,5535,13,-554
2026-07-29T00:30:38.755869+00:00,1785285027,6715,351 Bridgeport/WhiteRock,15251702,5536,14,-554
2026-07-29T00:30:38.755869+00:00,1785285027,6715,351 Bridgeport/WhiteRock,15251702,5537,15,-522
2026-07-29T00:30:38.755869+00:00,1785285027,6715,351 Bridgeport/WhiteRock,15251702,5538,16,-517
2026-07-29T00:30:38.755869+00:00,1785285027,6715,351 Bridgeport/WhiteRock,15251702,5541,17,-473
2026-07-29T00:30:38.755869+00:00,1785285027,6715,351 Bridgeport/WhiteRock,15251702,5542,18,-454
2026-07-29T00:30:38.755869+00:00,1785285027,6715,351 Bridgeport/WhiteRock,15251702,6340,19,-407
2026-07-29T00:30:38.755869+00:00,1785285027,6715,351 Bridgeport/WhiteRock,15251702,6341,20,-387
2026-07-29T00:30:38.755869+00:00,1785285027,6715,351 Bridgeport/WhiteRock,15251702,6167,21,-369
2026-07-29T00:30:38.755869+00:00,1785285027,6715,351 Bridgeport/WhiteRock,15251703,11267,1,0
2026-07-29T00:30:38.755869+00:00,1785285027,6715,351 Bridgeport/WhiteRock,15251703,8283,2,-646
2026-07-29T00:30:38.755869+00:00,1785285027,6715,351 Bridgeport/WhiteRock,15251703,4929,3,0
2026-07-29T00:30:38.755869+00:00,1785285027,6715,351 Bridgeport/WhiteRock,15251703,6175,4,-574
2026-07-29T00:30:38.755869+00:00,1785285027,6715,351 Bridgeport/WhiteRock,15251703,5524,5,-517
2026-07-29T00:30:38.755869+00:00,1785285027,6715,351 Bridgeport/WhiteRock,15251703,5525,6,-529
2026-07-29T00:30:38.755869+00:00,1785285027,6715,351 Bridgeport/WhiteRock,15251703,10443,7,-519
2026-07-29T00:30:38.755869+00:00,1785285027,6715,351 Bridgeport/WhiteRock,15251703,5528,8,-498
2026-07-29T00:30:38.755869+00:00,1785285027,6715,351 Bridgeport/WhiteRock,15251703,5529,9,-500
2026-07-29T00:30:38.755869+00:00,1785285027,6715,351 Bridgeport/WhiteRock,15251703,5530,10,-497
2026-07-29T00:30:38.755869+00:00,1785285027,6715,351 Bridgeport/WhiteRock,15251703,5533,11,-477
2026-07-29T00:30:38.755869+00:00,1785285027,6715,351 Bridgeport/WhiteRock,15251703,5534,12,-477
2026-07-29T00:30:38.755869+00:00,1785285027,6715,351 Bridgeport/WhiteRock,15251703,5535,13,-446
2026-07-29T00:30:38.755869+00:00,1785285027,6715,351 Bridgeport/WhiteRock,15251703,5536,14,-443
2026-07-29T00:30:38.755869+00:00,1785285027,6715,351 Bridgeport/WhiteRock,15251703,5537,15,-413
2026-07-29T00:30:38.755869+00:00,1785285027,6715,351 Bridgeport/WhiteRock,15251703,5538,16,-405
2026-07-29T00:30:38.755869+00:00,1785285027,6715,351 Bridgeport/WhiteRock,15251703,5541,17,-361
2026-07-29T00:30:38.755869+00:00,1785285027,6715,351 Bridgeport/WhiteRock,15251703,5542,18,-341
2026-07-29T00:30:38.755869+00:00,1785285027,6715,351 Bridgeport/WhiteRock,15251703,6340,19,-295
2026-07-29T00:30:38.755869+00:00,1785285027,6715,351 Bridgeport/WhiteRock,15251703,6341,20,-272
2026-07-29T00:30:38.755869+00:00,1785285027,6715,351 Bridgeport/WhiteRock,15251703,6167,21,-252
2026-07-29T00:30:38.755869+00:00,1785285027,11692,364 Langley Centre/Scottsdale,15252681,5244,1,0
2026-07-29T00:30:38.755869+00:00,1785285027,11692,364 Langley Centre/Scottsdale,15252681,4846,2,-287
2026-07-29T00:30:38.755869+00:00,1785285027,11692,364 Langley Centre/Scottsdale,15252681,4918,3,-280
2026-07-29T00:30:38.755869+00:00,1785285027,11692,364 Langley Centre/Scottsdale,15252681,4919,4,-280
2026-07-29T00:30:38.755869+00:00,1785285027,11692,364 Langley Centre/Scottsdale,15252681,4921,5,-343
2026-07-29T00:30:38.755869+00:00,1785285027,11692,364 Langley Centre/Scottsdale,15252681,11121,6,-293
2026-07-29T00:30:38.755869+00:00,1785285027,11692,364 Langley Centre/Scottsdale,15252681,11142,7,-333
2026-07-29T00:30:38.755869+00:00,1785285027,11692,364 Langley Centre/Scottsdale,15252681,11139,8,-355
2026-07-29T00:30:38.755869+00:00,1785285027,11692,364 Langley Centre/Scottsdale,15252681,11156,9,-382
2026-07-29T00:30:38.755869+00:00,1785285027,11692,364 Langley Centre/Scottsdale,15252681,5583,10,-373
2026-07-29T00:30:38.755869+00:00,1785285027,11692,364 Langley Centre/Scottsdale,15252681,5584,11,-410
2026-07-29T00:30:38.755869+00:00,1785285027,11692,364 Langley Centre/Scottsdale,15252681,6464,12,-430
2026-07-29T00:30:38.755869+00:00,1785285027,11692,364 Langley Centre/Scottsdale,15252681,6465,13,-461
2026-07-29T00:30:38.755869+00:00,1785285027,11692,364 Langley Centre/Scottsdale,15252681,11074,14,-419
2026-07-29T00:30:38.755869+00:00,1785285027,11692,364 Langley Centre/Scottsdale,15252681,11153,15,-454
2026-07-29T00:30:38.755869+00:00,1785285027,11692,364 Langley Centre/Scottsdale,15252681,11150,16,-499
2026-07-29T00:30:38.755869+00:00,1785285027,11692,364 Langley Centre/Scottsdale,15252681,11148,17,-525
2026-07-29T00:30:38.755869+00:00,1785285027,11692,364 Langley Centre/Scottsdale,15252681,11124,18,-514
2026-07-29T00:30:38.755869+00:00,1785285027,11692,364 Langley Centre/Scottsdale,15252681,11140,19,-558
2026-07-29T00:30:38.755869+00:00,1785285027,11692,364 Langley Centre/Scottsdale,15252681,11145,20,-563
2026-07-29T00:30:38.755869+00:00,1785285027,11692,364 Langley Centre/Scottsdale,15252681,11076,21,0
2026-07-29T00:30:38.755869+00:00,1785285027,11692,364 Langley Centre/Scottsdale,15252681,12645,22,-202
2026-07-29T00:30:38.755869+00:00,1785285027,11692,364 Langley Centre/Scottsdale,15252681,9525,23,-198
2026-07-29T00:30:38.755869+00:00,1785285027,11692,364 Langley Centre/Scottsdale,15252681,10148,24,-169
2026-07-29T00:30:38.755869+00:00,1785285027,11692,364 Langley Centre/Scottsdale,15252681,10585,25,-189
2026-07-29T00:30:38.755869+00:00,1785285027,11692,364 Langley Centre/Scottsdale,15252681,10250,26,-200
2026-07-29T00:30:38.755869+00:00,1785285027,11692,364 Langley Centre/Scottsdale,15252681,10588,27,-209
2026-07-29T00:30:38.755869+00:00,1785285027,11692,364 Langley Centre/Scottsdale,15252681,10248,28,-168
2026-07-29T00:30:38.755869+00:00,1785285027,11692,364 Langley Centre/Scottsdale,15252681,10726,29,-169
2026-07-29T00:30:38.755869+00:00,1785285027,11692,364 Langley Centre/Scottsdale,15252681,10725,30,-181
2026-07-29T00:30:38.755869+00:00,1785285027,11692,364 Langley Centre/Scottsdale,15252681,10727,31,-197
2026-07-29T00:30:38.755869+00:00,1785285027,11692,364 Langley Centre/Scottsdale,15252681,10251,32,-205
2026-07-29T00:30:38.755869+00:00,1785285027,11692,364 Langley Centre/Scottsdale,15252681,10252,33,-228
2026-07-29T00:30:38.755869+00:00,1785285027,11692,364 Langley Centre/Scottsdale,15252681,10253,34,-236
2026-07-29T00:30:38.755869+00:00,1785285027,11692,364 Langley Centre/Scottsdale,15252681,10255,35,-255
2026-07-29T00:30:38.755869+00:00,1785285027,11692,364 Langley Centre/Scottsdale,15252681,5332,36,-222
2026-07-29T00:30:38.755869+00:00,1785285027,11692,364 Langley Centre/Scottsdale,15252681,12497,37,-247
2026-07-29T00:30:38.755869+00:00,1785285027,11692,364 Langley Centre/Scottsdale,15252681,5334,38,-246
2026-07-29T00:30:38.755869+00:00,1785285027,11692,364 Langley Centre/Scottsdale,15252681,6472,39,-238
2026-07-29T00:30:38.755869+00:00,1785285027,11692,364 Langley Centre/Scottsdale,15252681,6473,40,-240
2026-07-29T00:30:38.755869+00:00,1785285027,11692,364 Langley Centre/Scottsdale,15252681,6474,41,-246
2026-07-29T00:30:38.755869+00:00,1785285027,11692,364 Langley Centre/Scottsdale,15252681,9306,42,-198
2026-07-29T00:30:38.755869+00:00,1785285027,11692,364 Langley Centre/Scottsdale,15252681,11125,43,-202
2026-07-29T00:30:38.755869+00:00,1785285027,11692,364 Langley Centre/Scottsdale,15252681,9294,44,-208
2026-07-29T00:30:38.755869+00:00,1785285027,11692,364 Langley Centre/Scottsdale,15252681,9293,45,-217
2026-07-29T00:30:38.755869+00:00,1785285027,11692,364 Langley Centre/Scottsdale,15252681,11126,46,-210
2026-07-29T00:30:38.755869+00:00,1785285027,11692,364 Langley Centre/Scottsdale,15252681,7094,47,-236
2026-07-29T00:30:38.755869+00:00,1785285027,11692,364 Langley Centre/Scottsdale,15252682,11074,14,332
2026-07-29T00:30:38.755869+00:00,1785285027,11692,364 Langley Centre/Scottsdale,15252682,11153,15,292
2026-07-29T00:30:38.755869+00:00,1785285027,11692,364 Langley Centre/Scottsdale,15252682,11150,16,243
2026-07-29T00:30:38.755869+00:00,1785285027,11692,364 Langley Centre/Scottsdale,15252682,11148,17,218
2026-07-29T00:30:38.755869+00:00,1785285027,11692,364 Langley Centre/Scottsdale,15252682,11124,18,222
2026-07-29T00:30:38.755869+00:00,1785285027,11692,364 Langley Centre/Scottsdale,15252682,11140,19,173
2026-07-29T00:30:38.755869+00:00,1785285027,11692,364 Langley Centre/Scottsdale,15252682,11145,20,160
2026-07-29T00:30:38.755869+00:00,1785285027,11692,364 Langley Centre/Scottsdale,15252682,11076,21,57
2026-07-29T00:30:38.755869+00:00,1785285027,11692,364 Langley Centre/Scottsdale,15252682,12645,22,-177
2026-07-29T00:30:38.755869+00:00,1785285027,11692,364 Langley Centre/Scottsdale,15252682,9525,23,-176
2026-07-29T00:30:38.755869+00:00,1785285027,11692,364 Langley Centre/Scottsdale,15252682,10148,24,-153
2026-07-29T00:30:38.755869+00:00,1785285027,11692,364 Langley Centre/Scottsdale,15252682,10585,25,-178
2026-07-29T00:30:38.755869+00:00,1785285027,11692,364 Langley Centre/Scottsdale,15252682,10250,26,-188
2026-07-29T00:30:38.755869+00:00,1785285027,11692,364 Langley Centre/Scottsdale,15252682,10588,27,-199
2026-07-29T00:30:38.755869+00:00,1785285027,11692,364 Langley Centre/Scottsdale,15252682,10248,28,-143
2026-07-29T00:30:38.755869+00:00,1785285027,11692,364 Langley Centre/Scottsdale,15252682,10726,29,-141
2026-07-29T00:30:38.755869+00:00,1785285027,11692,364 Langley Centre/Scottsdale,15252682,10725,30,-155
2026-07-29T00:30:38.755869+00:00,1785285027,11692,364 Langley Centre/Scottsdale,15252682,10727,31,-175
2026-07-29T00:30:38.755869+00:00,1785285027,11692,364 Langley Centre/Scottsdale,15252682,10251,32,-185
2026-07-29T00:30:38.755869+00:00,1785285027,11692,364 Langley Centre/Scottsdale,15252682,10252,33,-211
2026-07-29T00:30:38.755869+00:00,1785285027,11692,364 Langley Centre/Scottsdale,15252682,10253,34,-222
2026-07-29T00:30:38.755869+00:00,1785285027,11692,364 Langley Centre/Scottsdale,15252682,10255,35,-244
2026-07-29T00:30:38.755869+00:00,1785285027,11692,364 Langley Centre/Scottsdale,15252682,5332,36,-176
2026-07-29T00:30:38.755869+00:00,1785285027,11692,364 Langley Centre/Scottsdale,15252682,12497,37,-205
2026-07-29T00:30:38.755869+00:00,1785285027,11692,364 Langley Centre/Scottsdale,15252682,5334,38,-214
2026-07-29T00:30:38.755869+00:00,1785285027,11692,364 Langley Centre/Scottsdale,15252682,6472,39,-207
2026-07-29T00:30:38.755869+00:00,1785285027,11692,364 Langley Centre/Scottsdale,15252682,6473,40,-215
2026-07-29T00:30:38.755869+00:00,1785285027,11692,364 Langley Centre/Scottsdale,15252682,6474,41,-225
2026-07-29T00:30:38.755869+00:00,1785285027,11692,364 Langley Centre/Scottsdale,15252682,9306,42,-176
2026-07-29T00:30:38.755869+00:00,1785285027,11692,364 Langley Centre/Scottsdale,15252682,11125,43,-184
2026-07-29T00:30:38.755869+00:00,1785285027,11692,364 Langley Centre/Scottsdale,15252682,9294,44,-188
2026-07-29T00:30:38.755869+00:00,1785285027,11692,364 Langley Centre/Scottsdale,15252682,9293,45,-198
2026-07-29T00:30:38.755869+00:00,1785285027,11692,364 Langley Centre/Scottsdale,15252682,11126,46,-191
2026-07-29T00:30:38.755869+00:00,1785285027,11692,364 Langley Centre/Scottsdale,15252682,7094,47,-237
2026-07-29T00:30:38.755869+00:00,1785285027,11692,364 Langley Centre/Scottsdale,15252683,5334,38,-129
2026-07-29T00:30:38.755869+00:00,1785285027,11692,364 Langley Centre/Scottsdale,15252683,6472,39,-122
2026-07-29T00:30:38.755869+00:00,1785285027,11692,364 Langley Centre/Scottsdale,15252683,6473,40,-127
2026-07-29T00:30:38.755869+00:00,1785285027,11692,364 Langley Centre/Scottsdale,15252683,6474,41,-140
2026-07-29T00:30:38.755869+00:00,1785285027,11692,364 Langley Centre/Scottsdale,15252683,9306,42,-92
2026-07-29T00:30:38.755869+00:00,1785285027,11692,364 Langley Centre/Scottsdale,15252683,11125,43,-115
2026-07-29T00:30:38.755869+00:00,1785285027,11692,364 Langley Centre/Scottsdale,15252683,9294,44,-105
2026-07-29T00:30:38.755869+00:00,1785285027,11692,364 Langley Centre/Scottsdale,15252683,9293,45,-119
2026-07-29T00:30:38.755869+00:00,1785285027,11692,364 Langley Centre/Scottsdale,15252683,11126,46,-110
2026-07-29T00:30:38.755869+00:00,1785285027,11692,364 Langley Centre/Scottsdale,15252683,7094,47,-144
2026-07-29T00:30:38.755869+00:00,1785285027,11692,364 Langley Centre/Scottsdale,15252698,11142,7,77
2026-07-29T00:30:38.755869+00:00,1785285027,11692,364 Langley Centre/Scottsdale,15252698,11139,8,54
2026-07-29T00:30:38.755869+00:00,1785285027,11692,364 Langley Centre/Scottsdale,15252698,11156,9,23
2026-07-29T00:30:38.755869+00:00,1785285027,11692,364 Langley Centre/Scottsdale,15252698,5583,10,29
2026-07-29T00:30:38.755869+00:00,1785285027,11692,364 Langley Centre/Scottsdale,15252698,5584,11,-11
2026-07-29T00:30:38.755869+00:00,1785285027,11692,364 Langley Centre/Scottsdale,15252698,6464,12,-34
2026-07-29T00:30:38.755869+00:00,1785285027,11692,364 Langley Centre/Scottsdale,15252698,6465,13,-67
2026-07-29T00:30:38.755869+00:00,1785285027,11692,364 Langley Centre/Scottsdale,15252698,11074,14,-28
2026-07-29T00:30:38.755869+00:00,1785285027,11692,364 Langley Centre/Scottsdale,15252698,11153,15,-66
2026-07-29T00:30:38.755869+00:00,1785285027,11692,364 Langley Centre/Scottsdale,15252698,11150,16,-112
2026-07-29T00:30:38.755869+00:00,1785285027,11692,364 Langley Centre/Scottsdale,15252698,11148,17,-136
2026-07-29T00:30:38.755869+00:00,1785285027,11692,364 Langley Centre/Scottsdale,15252698,11124,18,-129
2026-07-29T00:30:38.755869+00:00,1785285027,11692,364 Langley Centre/Scottsdale,15252698,11140,19,-175
2026-07-29T00:30:38.755869+00:00,1785285027,11692,364 Langley Centre/Scottsdale,15252698,11145,20,-184
2026-07-29T00:30:38.755869+00:00,1785285027,11692,364 Langley Centre/Scottsdale,15252698,11076,21,0
2026-07-29T00:30:38.755869+00:00,1785285027,11692,364 Langley Centre/Scottsdale,15252698,12645,22,-211
2026-07-29T00:30:38.755869+00:00,1785285027,11692,364 Langley Centre/Scottsdale,15252698,9525,23,-209
2026-07-29T00:30:38.755869+00:00,1785285027,11692,364 Langley Centre/Scottsdale,15252698,10148,24,-182
2026-07-29T00:30:38.755869+00:00,1785285027,11692,364 Langley Centre/Scottsdale,15252698,10585,25,-204
2026-07-29T00:30:38.755869+00:00,1785285027,11692,364 Langley Centre/Scottsdale,15252698,10250,26,-210
2026-07-29T00:30:38.755869+00:00,1785285027,11692,364 Langley Centre/Scottsdale,15252698,10588,27,-218
2026-07-29T00:30:38.755869+00:00,1785285027,11692,364 Langley Centre/Scottsdale,15252698,10248,28,-158
2026-07-29T00:30:38.755869+00:00,1785285027,11692,364 Langley Centre/Scottsdale,15252698,10726,29,-161
2026-07-29T00:30:38.755869+00:00,1785285027,11692,364 Langley Centre/Scottsdale,15252698,10725,30,-175
2026-07-29T00:30:38.755869+00:00,1785285027,11692,364 Langley Centre/Scottsdale,15252698,10727,31,-191
2026-07-29T00:30:38.755869+00:00,1785285027,11692,364 Langley Centre/Scottsdale,15252698,10251,32,-200
2026-07-29T00:30:38.755869+00:00,1785285027,11692,364 Langley Centre/Scottsdale,15252698,10252,33,-225
2026-07-29T00:30:38.755869+00:00,1785285027,11692,364 Langley Centre/Scottsdale,15252698,10253,34,-235
2026-07-29T00:30:38.755869+00:00,1785285027,11692,364 Langley Centre/Scottsdale,15252698,10255,35,-254
2026-07-29T00:30:38.755869+00:00,1785285027,11692,364 Langley Centre/Scottsdale,15252698,5332,36,-223
2026-07-29T00:30:38.755869+00:00,1785285027,11692,364 Langley Centre/Scottsdale,15252698,12497,37,-251
2026-07-29T00:30:38.755869+00:00,1785285027,11692,364 Langley Centre/Scottsdale,15252698,5334,38,-251
2026-07-29T00:30:38.755869+00:00,1785285027,11692,364 Langley Centre/Scottsdale,15252698,6472,39,-243
2026-07-29T00:30:38.755869+00:00,1785285027,11692,364 Langley Centre/Scottsdale,15252698,6473,40,-248
2026-07-29T00:30:38.755869+00:00,1785285027,11692,364 Langley Centre/Scottsdale,15252698,6474,41,-255
2026-07-29T00:30:38.755869+00:00,1785285027,11692,364 Langley Centre/Scottsdale,15252698,9306,42,-204
2026-07-29T00:30:38.755869+00:00,1785285027,11692,364 Langley Centre/Scottsdale,15252698,11125,43,-203
2026-07-29T00:30:38.755869+00:00,1785285027,11692,364 Langley Centre/Scottsdale,15252698,9294,44,-191
2026-07-29T00:30:38.755869+00:00,1785285027,11692,364 Langley Centre/Scottsdale,15252698,9293,45,-200
2026-07-29T00:30:38.755869+00:00,1785285027,11692,364 Langley Centre/Scottsdale,15252698,11126,46,-192
2026-07-29T00:30:38.755869+00:00,1785285027,11692,364 Langley Centre/Scottsdale,15252698,7094,47,-225
2026-07-29T00:30:38.755869+00:00,1785285027,11692,364 Langley Centre/Scottsdale,15252700,10248,28,-266
2026-07-29T00:30:38.755869+00:00,1785285027,11692,364 Langley Centre/Scottsdale,15252700,10726,29,-263
2026-07-29T00:30:38.755869+00:00,1785285027,11692,364 Langley Centre/Scottsdale,15252700,10725,30,-277
2026-07-29T00:30:38.755869+00:00,1785285027,11692,364 Langley Centre/Scottsdale,15252700,10727,31,-296
2026-07-29T00:30:38.755869+00:00,1785285027,11692,364 Langley Centre/Scottsdale,15252700,10251,32,-307
2026-07-29T00:30:38.755869+00:00,1785285027,11692,364 Langley Centre/Scottsdale,15252700,10252,33,-333
2026-07-29T00:30:38.755869+00:00,1785285027,11692,364 Langley Centre/Scottsdale,15252700,10253,34,-344
2026-07-29T00:30:38.755869+00:00,1785285027,11692,364 Langley Centre/Scottsdale,15252700,10255,35,-366
2026-07-29T00:30:38.755869+00:00,1785285027,11692,364 Langley Centre/Scottsdale,15252700,5332,36,-297
2026-07-29T00:30:38.755869+00:00,1785285027,11692,364 Langley Centre/Scottsdale,15252700,12497,37,-327
2026-07-29T00:30:38.755869+00:00,1785285027,11692,364 Langley Centre/Scottsdale,15252700,5334,38,-337
2026-07-29T00:30:38.755869+00:00,1785285027,11692,364 Langley Centre/Scottsdale,15252700,6472,39,-330
2026-07-29T00:30:38.755869+00:00,1785285027,11692,364 Langley Centre/Scottsdale,15252700,6473,40,-334
2026-07-29T00:30:38.755869+00:00,1785285027,11692,364 Langley Centre/Scottsdale,15252700,6474,41,-341
2026-07-29T00:30:38.755869+00:00,1785285027,11692,364 Langley Centre/Scottsdale,15252700,9306,42,-289
2026-07-29T00:30:38.755869+00:00,1785285027,11692,364 Langley Centre/Scottsdale,15252700,11125,43,-279
2026-07-29T00:30:38.755869+00:00,1785285027,11692,364 Langley Centre/Scottsdale,15252700,9294,44,-291
2026-07-29T00:30:38.755869+00:00,1785285027,11692,364 Langley Centre/Scottsdale,15252700,9293,45,-302
2026-07-29T00:30:38.755869+00:00,1785285027,11692,364 Langley Centre/Scottsdale,15252700,11126,46,-292
2026-07-29T00:30:38.755869+00:00,1785285027,11692,364 Langley Centre/Scottsdale,15252700,7094,47,-306
2026-07-29T00:30:38.755869+00:00,1785285027,11692,364 Langley Centre/Scottsdale,15252713,9292,5,-24
2026-07-29T00:30:38.755869+00:00,1785285027,11692,364 Langley Centre/Scottsdale,15252713,11264,6,-27
2026-07-29T00:30:38.755869+00:00,1785285027,11692,364 Langley Centre/Scottsdale,15252713,9303,7,-41
2026-07-29T00:30:38.755869+00:00,1785285027,11692,364 Langley Centre/Scottsdale,15252713,9304,8,-58
2026-07-29T00:30:38.755869+00:00,1785285027,11692,364 Langley Centre/Scottsdale,15252713,6475,9,-33
2026-07-29T00:30:38.755869+00:00,1785285027,11692,364 Langley Centre/Scottsdale,15252713,6476,10,-65
2026-07-29T00:30:38.755869+00:00,1785285027,11692,364 Langley Centre/Scottsdale,15252713,5381,11,-83
2026-07-29T00:30:38.755869+00:00,1785285027,11692,364 Langley Centre/Scottsdale,15252713,12496,12,-94
2026-07-29T00:30:38.755869+00:00,1785285027,11692,364 Langley Centre/Scottsdale,15252713,5382,13,-114
2026-07-29T00:30:38.755869+00:00,1785285027,11692,364 Langley Centre/Scottsdale,15252713,12516,14,70
2026-07-29T00:30:38.755869+00:00,1785285027,11692,364 Langley Centre/Scottsdale,15252713,10257,15,22
2026-07-29T00:30:38.755869+00:00,1785285027,11692,364 Langley Centre/Scottsdale,15252713,10258,16,4
2026-07-29T00:30:38.755869+00:00,1785285027,11692,364 Langley Centre/Scottsdale,15252713,10259,17,-49
2026-07-29T00:30:38.755869+00:00,1785285027,11692,364 Langley Centre/Scottsdale,15252713,10260,18,0
2026-07-29T00:30:38.755869+00:00,1785285027,11692,364 Langley Centre/Scottsdale,15252713,10729,19,-46
2026-07-29T00:30:38.755869+00:00,1785285027,11692,364 Langley Centre/Scottsdale,15252713,13067,20,-69
2026-07-29T00:30:38.755869+00:00,1785285027,11692,364 Langley Centre/Scottsdale,15252713,10633,21,-87
2026-07-29T00:30:38.755869+00:00,1785285027,11692,364 Langley Centre/Scottsdale,15252713,10149,22,11
2026-07-29T00:30:38.755869+00:00,1785285027,11692,364 Langley Centre/Scottsdale,15252713,10587,23,-8
2026-07-29T00:30:38.755869+00:00,1785285027,11692,364 Langley Centre/Scottsdale,15252713,10261,24,-46
2026-07-29T00:30:38.755869+00:00,1785285027,11692,364 Langley Centre/Scottsdale,15252713,10586,25,-84
2026-07-29T00:30:38.755869+00:00,1785285027,11692,364 Langley Centre/Scottsdale,15252713,9547,26,-57
2026-07-29T00:30:38.755869+00:00,1785285027,11692,364 Langley Centre/Scottsdale,15252713,9526,27,-87
2026-07-29T00:30:38.755869+00:00,1785285027,11692,364 Langley Centre/Scottsdale,15252713,12646,28,-102
2026-07-29T00:30:38.755869+00:00,1785285027,11692,364 Langley Centre/Scottsdale,15252713,11075,29,-175
2026-07-29T00:30:38.755869+00:00,1785285027,11692,364 Langley Centre/Scottsdale,15252713,11174,30,-202
2026-07-29T00:30:38.755869+00:00,1785285027,11692,364 Langley Centre/Scottsdale,15252713,11175,31,-235
2026-07-29T00:30:38.755869+00:00,1785285027,11692,364 Langley Centre/Scottsdale,15252713,11123,32,-205
2026-07-29T00:30:38.755869+00:00,1785285027,11692,364 Langley Centre/Scottsdale,15252713,11176,33,-207
2026-07-29T00:30:38.755869+00:00,1785285027,11692,364 Langley Centre/Scottsdale,15252713,11177,34,-238
2026-07-29T00:30:38.755869+00:00,1785285027,11692,364 Langley Centre/Scottsdale,15252713,11178,35,-269
2026-07-29T00:30:38.755869+00:00,1785285027,11692,364 Langley Centre/Scottsdale,15252713,6459,36,-192
2026-07-29T00:30:38.755869+00:00,1785285027,11692,364 Langley Centre/Scottsdale,15252713,6460,37,-199
2026-07-29T00:30:38.755869+00:00,1785285027,11692,364 Langley Centre/Scottsdale,15252713,5621,38,-199
2026-07-29T00:30:38.755869+00:00,1785285027,11692,364 Langley Centre/Scottsdale,15252713,5622,39,-224
2026-07-29T00:30:38.755869+00:00,1785285027,11692,364 Langley Centre/Scottsdale,15252713,11122,40,-210
2026-07-29T00:30:38.755869+00:00,1785285027,11692,364 Langley Centre/Scottsdale,15252713,11155,41,-224
2026-07-29T00:30:38.755869+00:00,1785285027,11692,364 Langley Centre/Scottsdale,15252713,11143,42,-234
2026-07-29T00:30:38.755869+00:00,1785285027,11692,364 Langley Centre/Scottsdale,15252713,11141,43,-269
2026-07-29T00:30:38.755869+00:00,1785285027,11692,364 Langley Centre/Scottsdale,15252713,4936,44,-263
2026-07-29T00:30:38.755869+00:00,1785285027,11692,364 Langley Centre/Scottsdale,15252713,4937,45,-286
2026-07-29T00:30:38.755869+00:00,1785285027,11692,364 Langley Centre/Scottsdale,15252713,4938,46,-316
2026-07-29T00:30:38.755869+00:00,1785285027,11692,364 Langley Centre/Scottsdale,15252713,5229,47,-317
2026-07-29T00:30:38.755869+00:00,1785285027,11692,364 Langley Centre/Scottsdale,15252713,4917,48,-268
2026-07-29T00:30:38.755869+00:00,1785285027,11692,364 Langley Centre/Scottsdale,15252714,10258,16,107
2026-07-29T00:30:38.755869+00:00,1785285027,11692,364 Langley Centre/Scottsdale,15252714,10259,17,52
2026-07-29T00:30:38.755869+00:00,1785285027,11692,364 Langley Centre/Scottsdale,15252714,10260,18,27
2026-07-29T00:30:38.755869+00:00,1785285027,11692,364 Langley Centre/Scottsdale,15252714,10729,19,-26
2026-07-29T00:30:38.755869+00:00,1785285027,11692,364 Langley Centre/Scottsdale,15252714,13067,20,-51
2026-07-29T00:30:38.755869+00:00,1785285027,11692,364 Langley Centre/Scottsdale,15252714,10633,21,-71
2026-07-29T00:30:38.755869+00:00,1785285027,11692,364 Langley Centre/Scottsdale,15252714,10149,22,25
2026-07-29T00:30:38.755869+00:00,1785285027,11692,364 Langley Centre/Scottsdale,15252714,10587,23,2
2026-07-29T00:30:38.755869+00:00,1785285027,11692,364 Langley Centre/Scottsdale,15252714,10261,24,-39
2026-07-29T00:30:38.755869+00:00,1785285027,11692,364 Langley Centre/Scottsdale,15252714,10586,25,-80
2026-07-29T00:30:38.755869+00:00,1785285027,11692,364 Langley Centre/Scottsdale,15252714,9547,26,-56
2026-07-29T00:30:38.755869+00:00,1785285027,11692,364 Langley Centre/Scottsdale,15252714,9526,27,-90
2026-07-29T00:30:38.755869+00:00,1785285027,11692,364 Langley Centre/Scottsdale,15252714,12646,28,-108
2026-07-29T00:30:38.755869+00:00,1785285027,11692,364 Langley Centre/Scottsdale,15252714,11075,29,-199
2026-07-29T00:30:38.755869+00:00,1785285027,11692,364 Langley Centre/Scottsdale,15252714,11174,30,-230
2026-07-29T00:30:38.755869+00:00,1785285027,11692,364 Langley Centre/Scottsdale,15252714,11175,31,-266
2026-07-29T00:30:38.755869+00:00,1785285027,11692,364 Langley Centre/Scottsdale,15252714,11123,32,-223
2026-07-29T00:30:38.755869+00:00,1785285027,11692,364 Langley Centre/Scottsdale,15252714,11176,33,-232
2026-07-29T00:30:38.755869+00:00,1785285027,11692,364 Langley Centre/Scottsdale,15252714,11177,34,-263
2026-07-29T00:30:38.755869+00:00,1785285027,11692,364 Langley Centre/Scottsdale,15252714,11178,35,-296
2026-07-29T00:30:38.755869+00:00,1785285027,11692,364 Langley Centre/Scottsdale,15252714,6459,36,-209
2026-07-29T00:30:38.755869+00:00,1785285027,11692,364 Langley Centre/Scottsdale,15252714,6460,37,-218
2026-07-29T00:30:38.755869+00:00,1785285027,11692,364 Langley Centre/Scottsdale,15252714,5621,38,-221
2026-07-29T00:30:38.755869+00:00,1785285027,11692,364 Langley Centre/Scottsdale,15252714,5622,39,-249
2026-07-29T00:30:38.755869+00:00,1785285027,11692,364 Langley Centre/Scottsdale,15252714,11122,40,-238
2026-07-29T00:30:38.755869+00:00,1785285027,11692,364 Langley Centre/Scottsdale,15252714,11155,41,-256
2026-07-29T00:30:38.755869+00:00,1785285027,11692,364 Langley Centre/Scottsdale,15252714,11143,42,-269
2026-07-29T00:30:38.755869+00:00,1785285027,11692,364 Langley Centre/Scottsdale,15252714,11141,43,-306
2026-07-29T00:30:38.755869+00:00,1785285027,11692,364 Langley Centre/Scottsdale,15252714,4936,44,-298
2026-07-29T00:30:38.755869+00:00,1785285027,11692,364 Langley Centre/Scottsdale,15252714,4937,45,-316
2026-07-29T00:30:38.755869+00:00,1785285027,11692,364 Langley Centre/Scottsdale,15252714,4938,46,-341
2026-07-29T00:30:38.755869+00:00,1785285027,11692,364 Langley Centre/Scottsdale,15252714,5229,47,-341
2026-07-29T00:30:38.755869+00:00,1785285027,11692,364 Langley Centre/Scottsdale,15252714,4917,48,-296
2026-07-29T00:30:38.755869+00:00,1785285027,11692,364 Langley Centre/Scottsdale,15252715,11123,32,118
2026-07-29T00:30:38.755869+00:00,1785285027,11692,364 Langley Centre/Scottsdale,15252715,11176,33,114
2026-07-29T00:30:38.755869+00:00,1785285027,11692,364 Langley Centre/Scottsdale,15252715,11177,34,83
2026-07-29T00:30:38.755869+00:00,1785285027,11692,364 Langley Centre/Scottsdale,15252715,11178,35,49
2026-07-29T00:30:38.755869+00:00,1785285027,11692,364 Langley Centre/Scottsdale,15252715,6459,36,134
2026-07-29T00:30:38.755869+00:00,1785285027,11692,364 Langley Centre/Scottsdale,15252715,6460,37,121
2026-07-29T00:30:38.755869+00:00,1785285027,11692,364 Langley Centre/Scottsdale,15252715,5621,38,120
2026-07-29T00:30:38.755869+00:00,1785285027,11692,364 Langley Centre/Scottsdale,15252715,5622,39,92
2026-07-29T00:30:38.755869+00:00,1785285027,11692,364 Langley Centre/Scottsdale,15252715,11122,40,123
2026-07-29T00:30:38.755869+00:00,1785285027,11692,364 Langley Centre/Scottsdale,15252715,11155,41,102
2026-07-29T00:30:38.755869+00:00,1785285027,11692,364 Langley Centre/Scottsdale,15252715,11143,42,90
2026-07-29T00:30:38.755869+00:00,1785285027,11692,364 Langley Centre/Scottsdale,15252715,11141,43,53
2026-07-29T00:30:38.755869+00:00,1785285027,11692,364 Langley Centre/Scottsdale,15252715,4936,44,62
2026-07-29T00:30:38.755869+00:00,1785285027,11692,364 Langley Centre/Scottsdale,15252715,4937,45,36
2026-07-29T00:30:38.755869+00:00,1785285027,11692,364 Langley Centre/Scottsdale,15252715,4938,46,8
2026-07-29T00:30:38.755869+00:00,1785285027,11692,364 Langley Centre/Scottsdale,15252715,5229,47,6
2026-07-29T00:30:38.755869+00:00,1785285027,11692,364 Langley Centre/Scottsdale,15252715,4917,48,63
2026-07-29T00:30:38.755869+00:00,1785285027,11692,364 Langley Centre/Scottsdale,15252751,11155,41,216
2026-07-29T00:30:38.755869+00:00,1785285027,11692,364 Langley Centre/Scottsdale,15252751,11143,42,200
2026-07-29T00:30:38.755869+00:00,1785285027,11692,364 Langley Centre/Scottsdale,15252751,11141,43,160
2026-07-29T00:30:38.755869+00:00,1785285027,11692,364 Langley Centre/Scottsdale,15252751,4936,44,166
2026-07-29T00:30:38.755869+00:00,1785285027,11692,364 Langley Centre/Scottsdale,15252751,4937,45,138
2026-07-29T00:30:38.755869+00:00,1785285027,11692,364 Langley Centre/Scottsdale,15252751,4938,46,107
2026-07-29T00:30:38.755869+00:00,1785285027,11692,364 Langley Centre/Scottsdale,15252751,5229,47,101
2026-07-29T00:30:38.755869+00:00,1785285027,11692,364 Langley Centre/Scottsdale,15252751,4917,48,155
2026-07-29T00:30:38.755869+00:00,1785285027,11692,364 Langley Centre/Scottsdale,15252752,12646,28,35
2026-07-29T00:30:38.755869+00:00,1785285027,11692,364 Langley Centre/Scottsdale,15252752,11075,29,-56
2026-07-29T00:30:38.755869+00:00,1785285027,11692,364 Langley Centre/Scottsdale,15252752,11174,30,-86
2026-07-29T00:30:38.755869+00:00,1785285027,11692,364 Langley Centre/Scottsdale,15252752,11175,31,-118
2026-07-29T00:30:38.755869+00:00,1785285027,11692,364 Langley Centre/Scottsdale,15252752,11123,32,-75
2026-07-29T00:30:38.755869+00:00,1785285027,11692,364 Langley Centre/Scottsdale,15252752,11176,33,-82
2026-07-29T00:30:38.755869+00:00,1785285027,11692,364 Langley Centre/Scottsdale,15252752,11177,34,-113
2026-07-29T00:30:38.755869+00:00,1785285027,11692,364 Langley Centre/Scottsdale,15252752,11178,35,-146
2026-07-29T00:30:38.755869+00:00,1785285027,11692,364 Langley Centre/Scottsdale,15252752,6459,36,-60
2026-07-29T00:30:38.755869+00:00,1785285027,11692,364 Langley Centre/Scottsdale,15252752,6460,37,-72
2026-07-29T00:30:38.755869+00:00,1785285027,11692,364 Langley Centre/Scottsdale,15252752,5621,38,-73
2026-07-29T00:30:38.755869+00:00,1785285027,11692,364 Langley Centre/Scottsdale,15252752,5622,39,-100
2026-07-29T00:30:38.755869+00:00,1785285027,11692,364 Langley Centre/Scottsdale,15252752,11122,40,-69
2026-07-29T00:30:38.755869+00:00,1785285027,11692,364 Langley Centre/Scottsdale,15252752,11155,41,-89
2026-07-29T00:30:38.755869+00:00,1785285027,11692,364 Langley Centre/Scottsdale,15252752,11143,42,-101
2026-07-29T00:30:38.755869+00:00,1785285027,11692,364 Langley Centre/Scottsdale,15252752,11141,43,-138
2026-07-29T00:30:38.755869+00:00,1785285027,11692,364 Langley Centre/Scottsdale,15252752,4936,44,-128
2026-07-29T00:30:38.755869+00:00,1785285027,11692,364 Langley Centre/Scottsdale,15252752,4937,45,-155
2026-07-29T00:30:38.755869+00:00,1785285027,11692,364 Langley Centre/Scottsdale,15252752,4938,46,-185
2026-07-29T00:30:38.755869+00:00,1785285027,11692,364 Langley Centre/Scottsdale,15252752,5229,47,-187
2026-07-29T00:30:38.755869+00:00,1785285027,11692,364 Langley Centre/Scottsdale,15252752,4917,48,-142
2026-07-29T00:30:38.755869+00:00,1785285027,18705,531 WhiteRock/WillowBrook,15259155,9303,49,128
2026-07-29T00:30:38.755869+00:00,1785285027,18705,531 WhiteRock/WillowBrook,15259155,9304,50,123
2026-07-29T00:30:38.755869+00:00,1785285027,18705,531 WhiteRock/WillowBrook,15259155,6475,51,168
2026-07-29T00:30:38.755869+00:00,1785285027,18705,531 WhiteRock/WillowBrook,15259155,6476,52,158
2026-07-29T00:30:38.755869+00:00,1785285027,18705,531 WhiteRock/WillowBrook,15259155,5335,53,160
2026-07-29T00:30:38.755869+00:00,1785285027,18705,531 WhiteRock/WillowBrook,15259155,7100,54,194
2026-07-29T00:30:38.755869+00:00,1785285027,18705,531 WhiteRock/WillowBrook,15259174,11755,6,-43
2026-07-29T00:30:38.755869+00:00,1785285027,18705,531 WhiteRock/WillowBrook,15259174,11734,7,-49
2026-07-29T00:30:38.755869+00:00,1785285027,18705,531 WhiteRock/WillowBrook,15259174,10856,8,-52
2026-07-29T00:30:38.755869+00:00,1785285027,18705,531 WhiteRock/WillowBrook,15259174,11583,9,-64
2026-07-29T00:30:38.755869+00:00,1785285027,18705,531 WhiteRock/WillowBrook,15259174,11574,10,-62
2026-07-29T00:30:38.755869+00:00,1785285027,18705,531 WhiteRock/WillowBrook,15259174,11736,11,-36
2026-07-29T00:30:38.755869+00:00,1785285027,18705,531 WhiteRock/WillowBrook,15259174,12379,12,-39
2026-07-29T00:30:38.755869+00:00,1785285027,18705,531 WhiteRock/WillowBrook,15259174,11738,13,-62
2026-07-29T00:30:38.755869+00:00,1785285027,18705,531 WhiteRock/WillowBrook,15259174,11743,14,-84
2026-07-29T00:30:38.755869+00:00,1785285027,18705,531 WhiteRock/WillowBrook,15259174,12306,15,-144
2026-07-29T00:30:38.755869+00:00,1785285027,18705,531 WhiteRock/WillowBrook,15259174,12218,16,-193
2026-07-29T00:30:38.755869+00:00,1785285027,18705,531 WhiteRock/WillowBrook,15259174,11924,17,-259
2026-07-29T00:30:38.755869+00:00,1785285027,18705,531 WhiteRock/WillowBrook,15259174,13131,18,-295
2026-07-29T00:30:38.755869+00:00,1785285027,18705,531 WhiteRock/WillowBrook,15259174,11923,19,-319
2026-07-29T00:30:38.755869+00:00,1785285027,18705,531 WhiteRock/WillowBrook,15259174,12597,20,-385
2026-07-29T00:30:38.755869+00:00,1785285027,18705,531 WhiteRock/WillowBrook,15259174,11922,21,-393
2026-07-29T00:30:38.755869+00:00,1785285027,18705,531 WhiteRock/WillowBrook,15259174,11744,22,-381
2026-07-29T00:30:38.755869+00:00,1785285027,18705,531 WhiteRock/WillowBrook,15259174,11839,23,-404
2026-07-29T00:30:38.755869+00:00,1785285027,18705,531 WhiteRock/WillowBrook,15259174,12922,24,-422
2026-07-29T00:30:38.755869+00:00,1785285027,18705,531 WhiteRock/WillowBrook,15259174,12923,25,-456
2026-07-29T00:30:38.755869+00:00,1785285027,18705,531 WhiteRock/WillowBrook,15259174,12925,26,-466
2026-07-29T00:30:38.755869+00:00,1785285027,18705,531 WhiteRock/WillowBrook,15259174,12928,27,-492
2026-07-29T00:30:38.755869+00:00,1785285027,18705,531 WhiteRock/WillowBrook,15259174,12930,28,-514
2026-07-29T00:30:38.755869+00:00,1785285027,18705,531 WhiteRock/WillowBrook,15259174,13042,29,-526
2026-07-29T00:30:38.755869+00:00,1785285027,18705,531 WhiteRock/WillowBrook,15259174,8936,30,-510
2026-07-29T00:30:38.755869+00:00,1785285027,18705,531 WhiteRock/WillowBrook,15259174,9030,31,-521
2026-07-29T00:30:38.755869+00:00,1785285027,18705,531 WhiteRock/WillowBrook,15259174,8937,32,-539
2026-07-29T00:30:38.755869+00:00,1785285027,18705,531 WhiteRock/WillowBrook,15259174,8938,33,-534
2026-07-29T00:30:38.755869+00:00,1785285027,18705,531 WhiteRock/WillowBrook,15259174,7081,34,-539
2026-07-29T00:30:38.755869+00:00,1785285027,18705,531 WhiteRock/WillowBrook,15259174,7082,35,-545
2026-07-29T00:30:38.755869+00:00,1785285027,18705,531 WhiteRock/WillowBrook,15259174,7083,36,-568
2026-07-29T00:30:38.755869+00:00,1785285027,18705,531 WhiteRock/WillowBrook,15259174,7084,37,-585
2026-07-29T00:30:38.755869+00:00,1785285027,18705,531 WhiteRock/WillowBrook,15259174,7085,38,-616
2026-07-29T00:30:38.755869+00:00,1785285027,18705,531 WhiteRock/WillowBrook,15259174,8939,39,-622
2026-07-29T00:30:38.755869+00:00,1785285027,18705,531 WhiteRock/WillowBrook,15259174,7086,40,-630
2026-07-29T00:30:38.755869+00:00,1785285027,18705,531 WhiteRock/WillowBrook,15259174,8940,41,-647
2026-07-29T00:30:38.755869+00:00,1785285027,18705,531 WhiteRock/WillowBrook,15259174,5341,42,-652
2026-07-29T00:30:38.755869+00:00,1785285027,18705,531 WhiteRock/WillowBrook,15259174,5342,43,-645
2026-07-29T00:30:38.755869+00:00,1785285027,18705,531 WhiteRock/WillowBrook,15259174,12293,44,-626
2026-07-29T00:30:38.755869+00:00,1785285027,18705,531 WhiteRock/WillowBrook,15259174,12173,45,-570
2026-07-29T00:30:38.755869+00:00,1785285027,18705,531 WhiteRock/WillowBrook,15259174,9291,46,-614
2026-07-29T00:30:38.755869+00:00,1785285027,18705,531 WhiteRock/WillowBrook,15259174,9292,47,-617
2026-07-29T00:30:38.755869+00:00,1785285027,18705,531 WhiteRock/WillowBrook,15259174,11264,48,-603
2026-07-29T00:30:38.755869+00:00,1785285027,18705,531 WhiteRock/WillowBrook,15259174,9303,49,-585
2026-07-29T00:30:38.755869+00:00,1785285027,18705,531 WhiteRock/WillowBrook,15259174,9304,50,-587
2026-07-29T00:30:38.755869+00:00,1785285027,18705,531 WhiteRock/WillowBrook,15259174,6475,51,-539
2026-07-29T00:30:38.755869+00:00,1785285027,18705,531 WhiteRock/WillowBrook,15259174,6476,52,-544
2026-07-29T00:30:38.755869+00:00,1785285027,18705,531 WhiteRock/WillowBrook,15259174,5335,53,-540
2026-07-29T00:30:38.755869+00:00,1785285027,18705,531 WhiteRock/WillowBrook,15259174,7100,54,-510
2026-07-29T00:30:38.755869+00:00,1785285027,18705,531 WhiteRock/WillowBrook,15259176,12293,44,-465
2026-07-29T00:30:38.755869+00:00,1785285027,18705,531 WhiteRock/WillowBrook,15259176,12173,45,-400
2026-07-29T00:30:38.755869+00:00,1785285027,18705,531 WhiteRock/WillowBrook,15259176,9291,46,-427
2026-07-29T00:30:38.755869+00:00,1785285027,18705,531 WhiteRock/WillowBrook,15259176,9292,47,-433
2026-07-29T00:30:38.755869+00:00,1785285027,18705,531 WhiteRock/WillowBrook,15259176,11264,48,-402
2026-07-29T00:30:38.755869+00:00,1785285027,18705,531 WhiteRock/WillowBrook,15259176,9303,49,-395
2026-07-29T00:30:38.755869+00:00,1785285027,18705,531 WhiteRock/WillowBrook,15259176,9304,50,-399
2026-07-29T00:30:38.755869+00:00,1785285027,18705,531 WhiteRock/WillowBrook,15259176,6475,51,-355
2026-07-29T00:30:38.755869+00:00,1785285027,18705,531 WhiteRock/WillowBrook,15259176,6476,52,-363
2026-07-29T00:30:38.755869+00:00,1785285027,18705,531 WhiteRock/WillowBrook,15259176,5335,53,-357
2026-07-29T00:30:38.755869+00:00,1785285027,18705,531 WhiteRock/WillowBrook,15259176,7100,54,-322
2026-07-29T00:30:38.755869+00:00,1785285027,18705,531 WhiteRock/WillowBrook,15259208,5535,47,271
2026-07-29T00:30:38.755869+00:00,1785285027,18705,531 WhiteRock/WillowBrook,15259208,5536,48,247
2026-07-29T00:30:38.755869+00:00,1785285027,18705,531 WhiteRock/WillowBrook,15259208,5537,49,247
2026-07-29T00:30:38.755869+00:00,1785285027,18705,531 WhiteRock/WillowBrook,15259208,5538,50,240
2026-07-29T00:30:38.755869+00:00,1785285027,18705,531 WhiteRock/WillowBrook,15259208,5539,51,242
2026-07-29T00:30:38.755869+00:00,1785285027,18705,531 WhiteRock/WillowBrook,15259208,5540,52,242
2026-07-29T00:30:38.755869+00:00,1785285027,18705,531 WhiteRock/WillowBrook,15259209,11741,40,-411
2026-07-29T00:30:38.755869+00:00,1785285027,18705,531 WhiteRock/WillowBrook,15259209,11740,41,-432
2026-07-29T00:30:38.755869+00:00,1785285027,18705,531 WhiteRock/WillowBrook,15259209,11739,42,-384
2026-07-29T00:30:38.755869+00:00,1785285027,18705,531 WhiteRock/WillowBrook,15259209,11737,43,-339
2026-07-29T00:30:38.755869+00:00,1785285027,18705,531 WhiteRock/WillowBrook,15259209,11757,44,-369
2026-07-29T00:30:38.755869+00:00,1785285027,18705,531 WhiteRock/WillowBrook,15259209,11735,45,-330
2026-07-29T00:30:38.755869+00:00,1785285027,18705,531 WhiteRock/WillowBrook,15259209,11756,46,-323
2026-07-29T00:30:38.755869+00:00,1785285027,18705,531 WhiteRock/WillowBrook,15259209,5535,47,-290
2026-07-29T00:30:38.755869+00:00,1785285027,18705,531 WhiteRock/WillowBrook,15259209,5536,48,-317
2026-07-29T00:30:38.755869+00:00,1785285027,18705,531 WhiteRock/WillowBrook,15259209,5537,49,-317
2026-07-29T00:30:38.755869+00:00,1785285027,18705,531 WhiteRock/WillowBrook,15259209,5538,50,-324
2026-07-29T00:30:38.755869+00:00,1785285027,18705,531 WhiteRock/WillowBrook,15259209,5539,51,-318
2026-07-29T00:30:38.755869+00:00,1785285027,18705,531 WhiteRock/WillowBrook,15259209,5540,52,-309
2026-07-29T00:30:38.755869+00:00,1785285027,18705,531 WhiteRock/WillowBrook,15259211,11754,1,0
2026-07-29T00:30:38.755869+00:00,1785285027,18705,531 WhiteRock/WillowBrook,15259211,11775,14,-826
2026-07-29T00:30:38.755869+00:00,1785285027,18705,531 WhiteRock/WillowBrook,15259211,7171,15,-849
2026-07-29T00:30:38.755869+00:00,1785285027,18705,531 WhiteRock/WillowBrook,15259211,7172,16,-882
2026-07-29T00:30:38.755869+00:00,1785285027,18705,531 WhiteRock/WillowBrook,15259211,7173,17,-893
2026-07-29T00:30:38.755869+00:00,1785285027,18705,531 WhiteRock/WillowBrook,15259211,7174,18,-928
2026-07-29T00:30:38.755869+00:00,1785285027,18705,531 WhiteRock/WillowBrook,15259211,7175,19,-940
2026-07-29T00:30:38.755869+00:00,1785285027,18705,531 WhiteRock/WillowBrook,15259211,7176,20,-965
2026-07-29T00:30:38.755869+00:00,1785285027,18705,531 WhiteRock/WillowBrook,15259211,7177,21,-962
2026-07-29T00:30:38.755869+00:00,1785285027,18705,531 WhiteRock/WillowBrook,15259211,8948,22,-985
2026-07-29T00:30:38.755869+00:00,1785285027,18705,531 WhiteRock/WillowBrook,15259211,9031,23,-1001
2026-07-29T00:30:38.755869+00:00,1785285027,18705,531 WhiteRock/WillowBrook,15259211,12931,24,-1003
2026-07-29T00:30:38.755869+00:00,1785285027,18705,531 WhiteRock/WillowBrook,15259211,13041,25,-1033
2026-07-29T00:30:38.755869+00:00,1785285027,18705,531 WhiteRock/WillowBrook,15259211,12929,26,-1048
2026-07-29T00:30:38.755869+00:00,1785285027,18705,531 WhiteRock/WillowBrook,15259211,12927,27,-1076
2026-07-29T00:30:38.755869+00:00,1785285027,18705,531 WhiteRock/WillowBrook,15259211,12926,28,-1074
2026-07-29T00:30:38.755869+00:00,1785285027,18705,531 WhiteRock/WillowBrook,15259211,12924,29,-1101
2026-07-29T00:30:38.755869+00:00,1785285027,18705,531 WhiteRock/WillowBrook,15259211,11751,30,-1090
2026-07-29T00:30:38.755869+00:00,1785285027,18705,531 WhiteRock/WillowBrook,15259211,11750,31,-1130
2026-07-29T00:30:38.755869+00:00,1785285027,18705,531 WhiteRock/WillowBrook,15259211,11747,32,-1158
2026-07-29T00:30:38.755869+00:00,1785285027,18705,531 WhiteRock/WillowBrook,15259211,11745,33,-1171
2026-07-29T00:30:38.755869+00:00,1785285027,18705,531 WhiteRock/WillowBrook,15259211,13040,34,-1175
2026-07-29T00:30:38.755869+00:00,1785285027,18705,531 WhiteRock/WillowBrook,15259211,12598,35,-1196
2026-07-29T00:30:38.755869+00:00,1785285027,18705,531 WhiteRock/WillowBrook,15259211,11920,36,-1250
2026-07-29T00:30:38.755869+00:00,1785285027,18705,531 WhiteRock/WillowBrook,15259211,13130,37,-1284
2026-07-29T00:30:38.755869+00:00,1785285027,18705,531 WhiteRock/WillowBrook,15259211,11925,38,-1317
2026-07-29T00:30:38.755869+00:00,1785285027,18705,531 WhiteRock/WillowBrook,15259211,12219,39,-1346
2026-07-29T00:30:38.755869+00:00,1785285027,18705,531 WhiteRock/WillowBrook,15259211,11741,40,-1471
2026-07-29T00:30:38.755869+00:00,1785285027,18705,531 WhiteRock/WillowBrook,15259211,11740,41,-1488
2026-07-29T00:30:38.755869+00:00,1785285027,18705,531 WhiteRock/WillowBrook,15259211,11739,42,-1437
2026-07-29T00:30:38.755869+00:00,1785285027,18705,531 WhiteRock/WillowBrook,15259211,11737,43,-1389
2026-07-29T00:30:38.755869+00:00,1785285027,18705,531 WhiteRock/WillowBrook,15259211,11757,44,-1417
2026-07-29T00:30:38.755869+00:00,1785285027,18705,531 WhiteRock/WillowBrook,15259211,11735,45,-1390
2026-07-29T00:30:38.755869+00:00,1785285027,18705,531 WhiteRock/WillowBrook,15259211,11756,46,-1387
2026-07-29T00:30:38.755869+00:00,1785285027,18705,531 WhiteRock/WillowBrook,15259211,5535,47,-1354
2026-07-29T00:30:38.755869+00:00,1785285027,18705,531 WhiteRock/WillowBrook,15259211,5536,48,-1377
2026-07-29T00:30:38.755869+00:00,1785285027,18705,531 WhiteRock/WillowBrook,15259211,5537,49,-1380
2026-07-29T00:30:38.755869+00:00,1785285027,18705,531 WhiteRock/WillowBrook,15259211,5538,50,-1386
2026-07-29T00:30:38.755869+00:00,1785285027,18705,531 WhiteRock/WillowBrook,15259211,5539,51,-1374
2026-07-29T00:30:38.755869+00:00,1785285027,18705,531 WhiteRock/WillowBrook,15259211,5540,52,-1363
2026-07-29T00:30:38.755869+00:00,1785285027,18705,531 WhiteRock/WillowBrook,15259222,7176,20,-6
2026-07-29T00:30:38.755869+00:00,1785285027,18705,531 WhiteRock/WillowBrook,15259222,7177,21,-3
2026-07-29T00:30:38.755869+00:00,1785285027,18705,531 WhiteRock/WillowBrook,15259222,8948,22,-31
2026-07-29T00:30:38.755869+00:00,1785285027,18705,531 WhiteRock/WillowBrook,15259222,9031,23,-50
2026-07-29T00:30:38.755869+00:00,1785285027,18705,531 WhiteRock/WillowBrook,15259222,12931,24,-54
2026-07-29T00:30:38.755869+00:00,1785285027,18705,531 WhiteRock/WillowBrook,15259222,13041,25,-89
2026-07-29T00:30:38.755869+00:00,1785285027,18705,531 WhiteRock/WillowBrook,15259222,12929,26,-109
2026-07-29T00:30:38.755869+00:00,1785285027,18705,531 WhiteRock/WillowBrook,15259222,12927,27,-138
2026-07-29T00:30:38.755869+00:00,1785285027,18705,531 WhiteRock/WillowBrook,15259222,12926,28,-140
2026-07-29T00:30:38.755869+00:00,1785285027,18705,531 WhiteRock/WillowBrook,15259222,12924,29,-164
2026-07-29T00:30:38.755869+00:00,1785285027,18705,531 WhiteRock/WillowBrook,15259222,11751,30,-157
2026-07-29T00:30:38.755869+00:00,1785285027,18705,531 WhiteRock/WillowBrook,15259222,11750,31,-203
2026-07-29T00:30:38.755869+00:00,1785285027,18705,531 WhiteRock/WillowBrook,15259222,11747,32,-235
2026-07-29T00:30:38.755869+00:00,1785285027,18705,531 WhiteRock/WillowBrook,15259222,11745,33,-250
2026-07-29T00:30:38.755869+00:00,1785285027,18705,531 WhiteRock/WillowBrook,15259222,13040,34,-258
2026-07-29T00:30:38.755869+00:00,1785285027,18705,531 WhiteRock/WillowBrook,15259222,12598,35,-284
2026-07-29T00:30:38.755869+00:00,1785285027,18705,531 WhiteRock/WillowBrook,15259222,11920,36,-344
2026-07-29T00:30:38.755869+00:00,1785285027,18705,531 WhiteRock/WillowBrook,15259222,13130,37,-382
2026-07-29T00:30:38.755869+00:00,1785285027,18705,531 WhiteRock/WillowBrook,15259222,11925,38,-419
2026-07-29T00:30:38.755869+00:00,1785285027,18705,531 WhiteRock/WillowBrook,15259222,12219,39,-448
2026-07-29T00:30:38.755869+00:00,1785285027,18705,531 WhiteRock/WillowBrook,15259222,11741,40,-598
2026-07-29T00:30:38.755869+00:00,1785285027,18705,531 WhiteRock/WillowBrook,15259222,11740,41,-621
2026-07-29T00:30:38.755869+00:00,1785285027,18705,531 WhiteRock/WillowBrook,15259222,11739,42,-573
2026-07-29T00:30:38.755869+00:00,1785285027,18705,531 WhiteRock/WillowBrook,15259222,11737,43,-528
2026-07-29T00:30:38.755869+00:00,1785285027,18705,531 WhiteRock/WillowBrook,15259222,11757,44,-560
2026-07-29T00:30:38.755869+00:00,1785285027,18705,531 WhiteRock/WillowBrook,15259222,11735,45,-521
2026-07-29T00:30:38.755869+00:00,1785285027,18705,531 WhiteRock/WillowBrook,15259222,11756,46,-516
2026-07-29T00:30:38.755869+00:00,1785285027,18705,531 WhiteRock/WillowBrook,15259222,5535,47,-482
2026-07-29T00:30:38.755869+00:00,1785285027,18705,531 WhiteRock/WillowBrook,15259222,5536,48,-505
2026-07-29T00:30:38.755869+00:00,1785285027,18705,531 WhiteRock/WillowBrook,15259222,5537,49,-513
2026-07-29T00:30:38.755869+00:00,1785285027,18705,531 WhiteRock/WillowBrook,15259222,5538,50,-520
2026-07-29T00:30:38.755869+00:00,1785285027,18705,531 WhiteRock/WillowBrook,15259222,5539,51,-511
2026-07-29T00:30:38.755869+00:00,1785285027,18705,531 WhiteRock/WillowBrook,15259222,5540,52,-502
