captured_at,feed_timestamp,route_id,route_label,trip_id,stop_id,stop_sequence,delay_seconds
2026-09-04T00:03:34.976040+00:00,1788480211,6705,321 Surrey Central/WhiteRock,15247048,11882,56,522
2026-09-04T00:03:34.976040+00:00,1788480211,6705,321 Surrey Central/WhiteRock,15247048,10442,57,606
2026-09-04T00:03:34.976040+00:00,1788480211,6705,321 Surrey Central/WhiteRock,15247048,9929,58,625
2026-09-04T00:03:34.976040+00:00,1788480211,6705,321 Surrey Central/WhiteRock,15247048,9930,59,574
2026-09-04T00:03:34.976040+00:00,1788480211,6705,321 Surrey Central/WhiteRock,15247048,9932,60,476
2026-09-04T00:03:34.976040+00:00,1788480211,6705,321 Surrey Central/WhiteRock,15247049,11882,56,0
2026-09-04T00:03:34.976040+00:00,1788480211,6705,321 Surrey Central/WhiteRock,15247049,10442,57,84
2026-09-04T00:03:34.976040+00:00,1788480211,6705,321 Surrey Central/WhiteRock,15247049,9929,58,103
2026-09-04T00:03:34.976040+00:00,1788480211,6705,321 Surrey Central/WhiteRock,15247049,9930,59,52
2026-09-04T00:03:34.976040+00:00,1788480211,6705,321 Surrey Central/WhiteRock,15247049,9932,60,-44
2026-09-04T00:03:34.976040+00:00,1788480211,6705,321 Surrey Central/WhiteRock,15247050,5469,43,296
2026-09-04T00:03:34.976040+00:00,1788480211,6705,321 Surrey Central/WhiteRock,15247050,5470,44,271
2026-09-04T00:03:34.976040+00:00,1788480211,6705,321 Surrey Central/WhiteRock,15247050,5471,45,237
2026-09-04T00:03:34.976040+00:00,1788480211,6705,321 Surrey Central/WhiteRock,15247050,5472,46,210
2026-09-04T00:03:34.976040+00:00,1788480211,6705,321 Surrey Central/WhiteRock,15247050,5473,47,160
2026-09-04T00:03:34.976040+00:00,1788480211,6705,321 Surrey Central/WhiteRock,15247050,5474,48,156
2026-09-04T00:03:34.976040+00:00,1788480211,6705,321 Surrey Central/WhiteRock,15247050,5475,49,108
2026-09-04T00:03:34.976040+00:00,1788480211,6705,321 Surrey Central/WhiteRock,15247050,5476,50,84
2026-09-04T00:03:34.976040+00:00,1788480211,6705,321 Surrey Central/WhiteRock,15247050,5477,51,62
2026-09-04T00:03:34.976040+00:00,1788480211,6705,321 Surrey Central/WhiteRock,15247050,11725,52,40
2026-09-04T00:03:34.976040+00:00,1788480211,6705,321 Surrey Central/WhiteRock,15247050,5040,53,60
2026-09-04T00:03:34.976040+00:00,1788480211,6705,321 Surrey Central/WhiteRock,15247050,5041,54,69
2026-09-04T00:03:34.976040+00:00,1788480211,6705,321 Surrey Central/WhiteRock,15247050,12155,55,87
2026-09-04T00:03:34.976040+00:00,1788480211,6705,321 Surrey Central/WhiteRock,15247050,11882,56,130
2026-09-04T00:03:34.976040+00:00,1788480211,6705,321 Surrey Central/WhiteRock,15247050,10442,57,212
2026-09-04T00:03:34.976040+00:00,1788480211,6705,321 Surrey Central/WhiteRock,15247050,9929,58,230
2026-09-04T00:03:34.976040+00:00,1788480211,6705,321 Surrey Central/WhiteRock,15247050,9930,59,175
2026-09-04T00:03:34.976040+00:00,1788480211,6705,321 Surrey Central/WhiteRock,15247050,9932,60,79
2026-09-04T00:03:34.976040+00:00,1788480211,6705,321 Surrey Central/WhiteRock,15247051,5700,38,143
2026-09-04T00:03:34.976040+00:00,1788480211,6705,321 Surrey Central/WhiteRock,15247051,5465,39,154
2026-09-04T00:03:34.976040+00:00,1788480211,6705,321 Surrey Central/WhiteRock,15247051,5466,40,107
2026-09-04T00:03:34.976040+00:00,1788480211,6705,321 Surrey Central/WhiteRock,15247051,5467,41,109
2026-09-04T00:03:34.976040+00:00,1788480211,6705,321 Surrey Central/WhiteRock,15247051,5468,42,83
2026-09-04T00:03:34.976040+00:00,1788480211,6705,321 Surrey Central/WhiteRock,15247051,5469,43,49
2026-09-04T00:03:34.976040+00:00,1788480211,6705,321 Surrey Central/WhiteRock,15247051,5470,44,24
2026-09-04T00:03:34.976040+00:00,1788480211,6705,321 Surrey Central/WhiteRock,15247051,5471,45,-10
2026-09-04T00:03:34.976040+00:00,1788480211,6705,321 Surrey Central/WhiteRock,15247051,5472,46,-37
2026-09-04T00:03:34.976040+00:00,1788480211,6705,321 Surrey Central/WhiteRock,15247051,5473,47,-87
2026-09-04T00:03:34.976040+00:00,1788480211,6705,321 Surrey Central/WhiteRock,15247051,5474,48,-91
2026-09-04T00:03:34.976040+00:00,1788480211,6705,321 Surrey Central/WhiteRock,15247051,5475,49,-139
2026-09-04T00:03:34.976040+00:00,1788480211,6705,321 Surrey Central/WhiteRock,15247051,5476,50,-162
2026-09-04T00:03:34.976040+00:00,1788480211,6705,321 Surrey Central/WhiteRock,15247051,5477,51,-184
2026-09-04T00:03:34.976040+00:00,1788480211,6705,321 Surrey Central/WhiteRock,15247051,11725,52,-206
2026-09-04T00:03:34.976040+00:00,1788480211,6705,321 Surrey Central/WhiteRock,15247051,5040,53,-186
2026-09-04T00:03:34.976040+00:00,1788480211,6705,321 Surrey Central/WhiteRock,15247051,5041,54,-177
2026-09-04T00:03:34.976040+00:00,1788480211,6705,321 Surrey Central/WhiteRock,15247051,12155,55,-159
2026-09-04T00:03:34.976040+00:00,1788480211,6705,321 Surrey Central/WhiteRock,15247051,11882,56,0
2026-09-04T00:03:34.976040+00:00,1788480211,6705,321 Surrey Central/WhiteRock,15247051,10442,57,94
2026-09-04T00:03:34.976040+00:00,1788480211,6705,321 Surrey Central/WhiteRock,15247051,9929,58,120
2026-09-04T00:03:34.976040+00:00,1788480211,6705,321 Surrey Central/WhiteRock,15247051,9930,59,73
2026-09-04T00:03:34.976040+00:00,1788480211,6705,321 Surrey Central/WhiteRock,15247051,9932,60,-14
2026-09-04T00:03:34.976040+00:00,1788480211,6705,321 Surrey Central/WhiteRock,15247052,9083,17,-1
2026-09-04T00:03:34.976040+00:00,1788480211,6705,321 Surrey Central/WhiteRock,15247052,5446,18,4
2026-09-04T00:03:34.976040+00:00,1788480211,6705,321 Surrey Central/WhiteRock,15247052,10445,19,3
2026-09-04T00:03:34.976040+00:00,1788480211,6705,321 Surrey Central/WhiteRock,15247052,5447,20,-33
2026-09-04T00:03:34.976040+00:00,1788480211,6705,321 Surrey Central/WhiteRock,15247052,5448,21,-32
2026-09-04T00:03:34.976040+00:00,1788480211,6705,321 Surrey Central/WhiteRock,15247052,10437,22,-36
2026-09-04T00:03:34.976040+00:00,1788480211,6705,321 Surrey Central/WhiteRock,15247052,5449,23,-92
2026-09-04T00:03:34.976040+00:00,1788480211,6705,321 Surrey Central/WhiteRock,15247052,11313,24,-133
2026-09-04T00:03:34.976040+00:00,1788480211,6705,321 Surrey Central/WhiteRock,15247052,10808,25,-282
2026-09-04T00:03:34.976040+00:00,1788480211,6705,321 Surrey Central/WhiteRock,15247052,5452,26,-337
2026-09-04T00:03:34.976040+00:00,1788480211,6705,321 Surrey Central/WhiteRock,15247052,11913,27,-356
2026-09-04T00:03:34.976040+00:00,1788480211,6705,321 Surrey Central/WhiteRock,15247052,5454,28,-369
2026-09-04T00:03:34.976040+00:00,1788480211,6705,321 Surrey Central/WhiteRock,15247052,5455,29,-372
2026-09-04T00:03:34.976040+00:00,1788480211,6705,321 Surrey Central/WhiteRock,15247052,5456,30,-260
2026-09-04T00:03:34.976040+00:00,1788480211,6705,321 Surrey Central/WhiteRock,15247052,12651,31,-288
2026-09-04T00:03:34.976040+00:00,1788480211,6705,321 Surrey Central/WhiteRock,15247052,5458,32,-289
2026-09-04T00:03:34.976040+00:00,1788480211,6705,321 Surrey Central/WhiteRock,15247052,5459,33,-280
2026-09-04T00:03:34.976040+00:00,1788480211,6705,321 Surrey Central/WhiteRock,15247052,5460,34,-287
2026-09-04T00:03:34.976040+00:00,1788480211,6705,321 Surrey Central/WhiteRock,15247052,5461,35,-296
2026-09-04T00:03:34.976040+00:00,1788480211,6705,321 Surrey Central/WhiteRock,15247052,5462,36,-303
2026-09-04T00:03:34.976040+00:00,1788480211,6705,321 Surrey Central/WhiteRock,15247052,5463,37,-240
2026-09-04T00:03:34.976040+00:00,1788480211,6705,321 Surrey Central/WhiteRock,15247052,5700,38,0
2026-09-04T00:03:34.976040+00:00,1788480211,6705,321 Surrey Central/WhiteRock,15247052,5465,39,15
2026-09-04T00:03:34.976040+00:00,1788480211,6705,321 Surrey Central/WhiteRock,15247052,5466,40,-34
2026-09-04T00:03:34.976040+00:00,1788480211,6705,321 Surrey Central/WhiteRock,15247052,5467,41,-33
2026-09-04T00:03:34.976040+00:00,1788480211,6705,321 Surrey Central/WhiteRock,15247052,5468,42,-62
2026-09-04T00:03:34.976040+00:00,1788480211,6705,321 Surrey Central/WhiteRock,15247052,5469,43,-99
2026-09-04T00:03:34.976040+00:00,1788480211,6705,321 Surrey Central/WhiteRock,15247052,5470,44,-124
2026-09-04T00:03:34.976040+00:00,1788480211,6705,321 Surrey Central/WhiteRock,15247052,5471,45,-158
2026-09-04T00:03:34.976040+00:00,1788480211,6705,321 Surrey Central/WhiteRock,15247052,5472,46,-187
2026-09-04T00:03:34.976040+00:00,1788480211,6705,321 Surrey Central/WhiteRock,15247052,5473,47,-237
2026-09-04T00:03:34.976040+00:00,1788480211,6705,321 Surrey Central/WhiteRock,15247052,5474,48,-241
2026-09-04T00:03:34.976040+00:00,1788480211,6705,321 Surrey Central/WhiteRock,15247052,5475,49,-290
2026-09-04T00:03:34.976040+00:00,1788480211,6705,321 Surrey Central/WhiteRock,15247052,5476,50,-318
2026-09-04T00:03:34.976040+00:00,1788480211,6705,321 Surrey Central/WhiteRock,15247052,5477,51,-340
2026-09-04T00:03:34.976040+00:00,1788480211,6705,321 Surrey Central/WhiteRock,15247052,11725,52,-362
2026-09-04T00:03:34.976040+00:00,1788480211,6705,321 Surrey Central/WhiteRock,15247052,5040,53,-347
2026-09-04T00:03:34.976040+00:00,1788480211,6705,321 Surrey Central/WhiteRock,15247052,5041,54,-338
2026-09-04T00:03:34.976040+00:00,1788480211,6705,321 Surrey Central/WhiteRock,15247052,12155,55,-317
2026-09-04T00:03:34.976040+00:00,1788480211,6705,321 Surrey Central/WhiteRock,15247052,11882,56,0
2026-09-04T00:03:34.976040+00:00,1788480211,6705,321 Surrey Central/WhiteRock,15247052,10442,57,93
2026-09-04T00:03:34.976040+00:00,1788480211,6705,321 Surrey Central/WhiteRock,15247052,9929,58,100
2026-09-04T00:03:34.976040+00:00,1788480211,6705,321 Surrey Central/WhiteRock,15247052,9930,59,53
2026-09-04T00:03:34.976040+00:00,1788480211,6705,321 Surrey Central/WhiteRock,15247052,9932,60,-34
2026-09-04T00:03:34.976040+00:00,1788480211,6705,321 Surrey Central/WhiteRock,15247053,6354,6,-2
2026-09-04T00:03:34.976040+00:00,1788480211,6705,321 Surrey Central/WhiteRock,15247053,6355,7,-15
2026-09-04T00:03:34.976040+00:00,1788480211,6705,321 Surrey Central/WhiteRock,15247053,6356,8,-27
2026-09-04T00:03:34.976040+00:00,1788480211,6705,321 Surrey Central/WhiteRock,15247053,6174,9,35
2026-09-04T00:03:34.976040+00:00,1788480211,6705,321 Surrey Central/WhiteRock,15247053,5437,10,63
2026-09-04T00:03:34.976040+00:00,1788480211,6705,321 Surrey Central/WhiteRock,15247053,5438,11,57
2026-09-04T00:03:34.976040+00:00,1788480211,6705,321 Surrey Central/WhiteRock,15247053,5439,12,75
2026-09-04T00:03:34.976040+00:00,1788480211,6705,321 Surrey Central/WhiteRock,15247053,5440,13,56
2026-09-04T00:03:34.976040+00:00,1788480211,6705,321 Surrey Central/WhiteRock,15247053,5441,14,101
2026-09-04T00:03:34.976040+00:00,1788480211,6705,321 Surrey Central/WhiteRock,15247053,5442,15,80
2026-09-04T00:03:34.976040+00:00,1788480211,6705,321 Surrey Central/WhiteRock,15247053,5444,16,89
2026-09-04T00:03:34.976040+00:00,1788480211,6705,321 Surrey Central/WhiteRock,15247053,9083,17,67
2026-09-04T00:03:34.976040+00:00,1788480211,6705,321 Surrey Central/WhiteRock,15247053,5446,18,76
2026-09-04T00:03:34.976040+00:00,1788480211,6705,321 Surrey Central/WhiteRock,15247053,10445,19,69
2026-09-04T00:03:34.976040+00:00,1788480211,6705,321 Surrey Central/WhiteRock,15247053,5447,20,33
2026-09-04T00:03:34.976040+00:00,1788480211,6705,321 Surrey Central/WhiteRock,15247053,5448,21,35
2026-09-04T00:03:34.976040+00:00,1788480211,6705,321 Surrey Central/WhiteRock,15247053,10437,22,35
2026-09-04T00:03:34.976040+00:00,1788480211,6705,321 Surrey Central/WhiteRock,15247053,5449,23,-21
2026-09-04T00:03:34.976040+00:00,1788480211,6705,321 Surrey Central/WhiteRock,15247053,11313,24,-62
2026-09-04T00:03:34.976040+00:00,1788480211,6705,321 Surrey Central/WhiteRock,15247053,10808,25,-211
2026-09-04T00:03:34.976040+00:00,1788480211,6705,321 Surrey Central/WhiteRock,15247053,5452,26,-266
2026-09-04T00:03:34.976040+00:00,1788480211,6705,321 Surrey Central/WhiteRock,15247053,11913,27,-285
2026-09-04T00:03:34.976040+00:00,1788480211,6705,321 Surrey Central/WhiteRock,15247053,5454,28,-298
2026-09-04T00:03:34.976040+00:00,1788480211,6705,321 Surrey Central/WhiteRock,15247053,5455,29,-301
2026-09-04T00:03:34.976040+00:00,1788480211,6705,321 Surrey Central/WhiteRock,15247053,5456,30,-190
2026-09-04T00:03:34.976040+00:00,1788480211,6705,321 Surrey Central/WhiteRock,15247053,12651,31,-218
2026-09-04T00:03:34.976040+00:00,1788480211,6705,321 Surrey Central/WhiteRock,15247053,5458,32,-218
2026-09-04T00:03:34.976040+00:00,1788480211,6705,321 Surrey Central/WhiteRock,15247053,5459,33,-209
2026-09-04T00:03:34.976040+00:00,1788480211,6705,321 Surrey Central/WhiteRock,15247053,5460,34,-216
2026-09-04T00:03:34.976040+00:00,1788480211,6705,321 Surrey Central/WhiteRock,15247053,5461,35,-225
2026-09-04T00:03:34.976040+00:00,1788480211,6705,321 Surrey Central/WhiteRock,15247053,5462,36,-232
2026-09-04T00:03:34.976040+00:00,1788480211,6705,321 Surrey Central/WhiteRock,15247053,5463,37,-169
2026-09-04T00:03:34.976040+00:00,1788480211,6705,321 Surrey Central/WhiteRock,15247053,5700,38,0
2026-09-04T00:03:34.976040+00:00,1788480211,6705,321 Surrey Central/WhiteRock,15247053,5465,39,11
2026-09-04T00:03:34.976040+00:00,1788480211,6705,321 Surrey Central/WhiteRock,15247053,5466,40,-38
2026-09-04T00:03:34.976040+00:00,1788480211,6705,321 Surrey Central/WhiteRock,15247053,5467,41,-36
2026-09-04T00:03:34.976040+00:00,1788480211,6705,321 Surrey Central/WhiteRock,15247053,5468,42,-65
2026-09-04T00:03:34.976040+00:00,1788480211,6705,321 Surrey Central/WhiteRock,15247053,5469,43,-96
2026-09-04T00:03:34.976040+00:00,1788480211,6705,321 Surrey Central/WhiteRock,15247053,5470,44,-121
2026-09-04T00:03:34.976040+00:00,1788480211,6705,321 Surrey Central/WhiteRock,15247053,5471,45,-155
2026-09-04T00:03:34.976040+00:00,1788480211,6705,321 Surrey Central/WhiteRock,15247053,5472,46,-181
2026-09-04T00:03:34.976040+00:00,1788480211,6705,321 Surrey Central/WhiteRock,15247053,5473,47,-231
2026-09-04T00:03:34.976040+00:00,1788480211,6705,321 Surrey Central/WhiteRock,15247053,5474,48,-235
2026-09-04T00:03:34.976040+00:00,1788480211,6705,321 Surrey Central/WhiteRock,15247053,5475,49,-284
2026-09-04T00:03:34.976040+00:00,1788480211,6705,321 Surrey Central/WhiteRock,15247053,5476,50,-307
2026-09-04T00:03:34.976040+00:00,1788480211,6705,321 Surrey Central/WhiteRock,15247053,5477,51,-329
2026-09-04T00:03:34.976040+00:00,1788480211,6705,321 Surrey Central/WhiteRock,15247053,11725,52,-351
2026-09-04T00:03:34.976040+00:00,1788480211,6705,321 Surrey Central/WhiteRock,15247053,5040,53,-335
2026-09-04T00:03:34.976040+00:00,1788480211,6705,321 Surrey Central/WhiteRock,15247053,5041,54,-326
2026-09-04T00:03:34.976040+00:00,1788480211,6705,321 Surrey Central/WhiteRock,15247053,12155,55,-305
2026-09-04T00:03:34.976040+00:00,1788480211,6705,321 Surrey Central/WhiteRock,15247053,11882,56,0
2026-09-04T00:03:34.976040+00:00,1788480211,6705,321 Surrey Central/WhiteRock,15247053,10442,57,79
2026-09-04T00:03:34.976040+00:00,1788480211,6705,321 Surrey Central/WhiteRock,15247053,9929,58,85
2026-09-04T00:03:34.976040+00:00,1788480211,6705,321 Surrey Central/WhiteRock,15247053,9930,59,37
2026-09-04T00:03:34.976040+00:00,1788480211,6705,321 Surrey Central/WhiteRock,15247053,9932,60,-46
2026-09-04T00:03:34.976040+00:00,1788480211,6705,321 Surrey Central/WhiteRock,15247067,5452,26,-296
2026-09-04T00:03:34.976040+00:00,1788480211,6705,321 Surrey Central/WhiteRock,15247067,11913,27,-316
2026-09-04T00:03:34.976040+00:00,1788480211,6705,321 Surrey Central/WhiteRock,15247067,5454,28,-332
2026-09-04T00:03:34.976040+00:00,1788480211,6705,321 Surrey Central/WhiteRock,15247067,5455,29,-338
2026-09-04T00:03:34.976040+00:00,1788480211,6705,321 Surrey Central/WhiteRock,15247067,5456,30,-227
2026-09-04T00:03:34.976040+00:00,1788480211,6705,321 Surrey Central/WhiteRock,15247067,12651,31,-257
2026-09-04T00:03:34.976040+00:00,1788480211,6705,321 Surrey Central/WhiteRock,15247067,5458,32,-258
2026-09-04T00:03:34.976040+00:00,1788480211,6705,321 Surrey Central/WhiteRock,15247067,5459,33,-250
2026-09-04T00:03:34.976040+00:00,1788480211,6705,321 Surrey Central/WhiteRock,15247067,5460,34,-256
2026-09-04T00:03:34.976040+00:00,1788480211,6705,321 Surrey Central/WhiteRock,15247067,5461,35,-266
2026-09-04T00:03:34.976040+00:00,1788480211,6705,321 Surrey Central/WhiteRock,15247067,5462,36,-274
2026-09-04T00:03:34.976040+00:00,1788480211,6705,321 Surrey Central/WhiteRock,15247067,5463,37,-214
2026-09-04T00:03:34.976040+00:00,1788480211,6705,321 Surrey Central/WhiteRock,15247067,5700,38,0
2026-09-04T00:03:34.976040+00:00,1788480211,6705,321 Surrey Central/WhiteRock,15247067,5465,39,15
2026-09-04T00:03:34.976040+00:00,1788480211,6705,321 Surrey Central/WhiteRock,15247067,5466,40,-34
2026-09-04T00:03:34.976040+00:00,1788480211,6705,321 Surrey Central/WhiteRock,15247067,5467,41,-33
2026-09-04T00:03:34.976040+00:00,1788480211,6705,321 Surrey Central/WhiteRock,15247067,5468,42,-60
2026-09-04T00:03:34.976040+00:00,1788480211,6705,321 Surrey Central/WhiteRock,15247067,5469,43,-97
2026-09-04T00:03:34.976040+00:00,1788480211,6705,321 Surrey Central/WhiteRock,15247067,5470,44,-122
2026-09-04T00:03:34.976040+00:00,1788480211,6705,321 Surrey Central/WhiteRock,15247067,5471,45,-156
2026-09-04T00:03:34.976040+00:00,1788480211,6705,321 Surrey Central/WhiteRock,15247067,5472,46,-185
2026-09-04T00:03:34.976040+00:00,1788480211,6705,321 Surrey Central/WhiteRock,15247067,5473,47,-235
2026-09-04T00:03:34.976040+00:00,1788480211,6705,321 Surrey Central/WhiteRock,15247067,5474,48,-240
2026-09-04T00:03:34.976040+00:00,1788480211,6705,321 Surrey Central/WhiteRock,15247067,5475,49,-288
2026-09-04T00:03:34.976040+00:00,1788480211,6705,321 Surrey Central/WhiteRock,15247067,5476,50,-316
2026-09-04T00:03:34.976040+00:00,1788480211,6705,321 Surrey Central/WhiteRock,15247067,5477,51,-338
2026-09-04T00:03:34.976040+00:00,1788480211,6705,321 Surrey Central/WhiteRock,15247067,11725,52,-360
2026-09-04T00:03:34.976040+00:00,1788480211,6705,321 Surrey Central/WhiteRock,15247067,5040,53,-345
2026-09-04T00:03:34.976040+00:00,1788480211,6705,321 Surrey Central/WhiteRock,15247067,5041,54,-336
2026-09-04T00:03:34.976040+00:00,1788480211,6705,321 Surrey Central/WhiteRock,15247067,12155,55,-315
2026-09-04T00:03:34.976040+00:00,1788480211,6705,321 Surrey Central/WhiteRock,15247067,11882,56,0
2026-09-04T00:03:34.976040+00:00,1788480211,6705,321 Surrey Central/WhiteRock,15247067,10442,57,95
2026-09-04T00:03:34.976040+00:00,1788480211,6705,321 Surrey Central/WhiteRock,15247067,9929,58,122
2026-09-04T00:03:34.976040+00:00,1788480211,6705,321 Surrey Central/WhiteRock,15247067,9930,59,75
2026-09-04T00:03:34.976040+00:00,1788480211,6705,321 Surrey Central/WhiteRock,15247067,9932,60,-11
2026-09-04T00:03:34.976040+00:00,1788480211,6705,321 Surrey Central/WhiteRock,15247080,5449,23,716
2026-09-04T00:03:34.976040+00:00,1788480211,6705,321 Surrey Central/WhiteRock,15247080,11313,24,674
2026-09-04T00:03:34.976040+00:00,1788480211,6705,321 Surrey Central/WhiteRock,15247080,10808,25,520
2026-09-04T00:03:34.976040+00:00,1788480211,6705,321 Surrey Central/WhiteRock,15247080,5452,26,458
2026-09-04T00:03:34.976040+00:00,1788480211,6705,321 Surrey Central/WhiteRock,15247080,11913,27,438
2026-09-04T00:03:34.976040+00:00,1788480211,6705,321 Surrey Central/WhiteRock,15247080,5454,28,422
2026-09-04T00:03:34.976040+00:00,1788480211,6705,321 Surrey Central/WhiteRock,15247080,5455,29,416
2026-09-04T00:03:34.976040+00:00,1788480211,6705,321 Surrey Central/WhiteRock,15247080,5456,30,527
2026-09-04T00:03:34.976040+00:00,1788480211,6705,321 Surrey Central/WhiteRock,15247080,12651,31,497
2026-09-04T00:03:34.976040+00:00,1788480211,6705,321 Surrey Central/WhiteRock,15247080,5458,32,496
2026-09-04T00:03:34.976040+00:00,1788480211,6705,321 Surrey Central/WhiteRock,15247080,5459,33,504
2026-09-04T00:03:34.976040+00:00,1788480211,6705,321 Surrey Central/WhiteRock,15247080,5460,34,497
2026-09-04T00:03:34.976040+00:00,1788480211,6705,321 Surrey Central/WhiteRock,15247080,5461,35,487
2026-09-04T00:03:34.976040+00:00,1788480211,6705,321 Surrey Central/WhiteRock,15247080,5462,36,479
2026-09-04T00:03:34.976040+00:00,1788480211,6705,321 Surrey Central/WhiteRock,15247080,5463,37,539
2026-09-04T00:03:34.976040+00:00,1788480211,6705,321 Surrey Central/WhiteRock,15247080,5700,38,663
2026-09-04T00:03:34.976040+00:00,1788480211,6705,321 Surrey Central/WhiteRock,15247080,5465,39,678
2026-09-04T00:03:34.976040+00:00,1788480211,6705,321 Surrey Central/WhiteRock,15247080,5466,40,629
2026-09-04T00:03:34.976040+00:00,1788480211,6705,321 Surrey Central/WhiteRock,15247080,5467,41,630
2026-09-04T00:03:34.976040+00:00,1788480211,6705,321 Surrey Central/WhiteRock,15247080,5468,42,602
2026-09-04T00:03:34.976040+00:00,1788480211,6705,321 Surrey Central/WhiteRock,15247080,5469,43,561
2026-09-04T00:03:34.976040+00:00,1788480211,6705,321 Surrey Central/WhiteRock,15247080,5470,44,536
2026-09-04T00:03:34.976040+00:00,1788480211,6705,321 Surrey Central/WhiteRock,15247080,5471,45,502
2026-09-04T00:03:34.976040+00:00,1788480211,6705,321 Surrey Central/WhiteRock,15247080,5472,46,473
2026-09-04T00:03:34.976040+00:00,1788480211,6705,321 Surrey Central/WhiteRock,15247080,5473,47,423
2026-09-04T00:03:34.976040+00:00,1788480211,6705,321 Surrey Central/WhiteRock,15247080,5474,48,419
2026-09-04T00:03:34.976040+00:00,1788480211,6705,321 Surrey Central/WhiteRock,15247080,5475,49,371
2026-09-04T00:03:34.976040+00:00,1788480211,6705,321 Surrey Central/WhiteRock,15247080,5476,50,343
2026-09-04T00:03:34.976040+00:00,1788480211,6705,321 Surrey Central/WhiteRock,15247080,5477,51,321
2026-09-04T00:03:34.976040+00:00,1788480211,6705,321 Surrey Central/WhiteRock,15247080,11725,52,299
2026-09-04T00:03:34.976040+00:00,1788480211,6705,321 Surrey Central/WhiteRock,15247080,5040,53,314
2026-09-04T00:03:34.976040+00:00,1788480211,6705,321 Surrey Central/WhiteRock,15247080,5041,54,323
2026-09-04T00:03:34.976040+00:00,1788480211,6705,321 Surrey Central/WhiteRock,15247080,12155,55,344
2026-09-04T00:03:34.976040+00:00,1788480211,6705,321 Surrey Central/WhiteRock,15247080,11882,56,377
2026-09-04T00:03:34.976040+00:00,1788480211,6705,321 Surrey Central/WhiteRock,15247080,10442,57,472
2026-09-04T00:03:34.976040+00:00,1788480211,6705,321 Surrey Central/WhiteRock,15247080,9929,58,499
2026-09-04T00:03:34.976040+00:00,1788480211,6705,321 Surrey Central/WhiteRock,15247080,9930,59,452
2026-09-04T00:03:34.976040+00:00,1788480211,6705,321 Surrey Central/WhiteRock,15247080,9932,60,366
2026-09-04T00:03:34.976040+00:00,1788480211,6705,321 Surrey Central/WhiteRock,15247159,5525,43,-277
2026-09-04T00:03:34.976040+00:00,1788480211,6705,321 Surrey Central/WhiteRock,15247159,10443,44,-298
2026-09-04T00:03:34.976040+00:00,1788480211,6705,321 Surrey Central/WhiteRock,15247159,5528,45,-296
2026-09-04T00:03:34.976040+00:00,1788480211,6705,321 Surrey Central/WhiteRock,15247159,5529,46,-321
2026-09-04T00:03:34.976040+00:00,1788480211,6705,321 Surrey Central/WhiteRock,15247159,5530,47,-337
2026-09-04T00:03:34.976040+00:00,1788480211,6705,321 Surrey Central/WhiteRock,15247159,5533,48,-337
2026-09-04T00:03:34.976040+00:00,1788480211,6705,321 Surrey Central/WhiteRock,15247159,5534,49,-357
2026-09-04T00:03:34.976040+00:00,1788480211,6705,321 Surrey Central/WhiteRock,15247159,5535,50,-324
2026-09-04T00:03:34.976040+00:00,1788480211,6705,321 Surrey Central/WhiteRock,15247159,5536,51,-348
2026-09-04T00:03:34.976040+00:00,1788480211,6705,321 Surrey Central/WhiteRock,15247159,5537,52,-341
2026-09-04T00:03:34.976040+00:00,1788480211,6705,321 Surrey Central/WhiteRock,15247159,5538,53,-348
2026-09-04T00:03:34.976040+00:00,1788480211,6705,321 Surrey Central/WhiteRock,15247159,5541,54,-313
2026-09-04T00:03:34.976040+00:00,1788480211,6705,321 Surrey Central/WhiteRock,15247159,5542,55,-303
2026-09-04T00:03:34.976040+00:00,1788480211,6705,321 Surrey Central/WhiteRock,15247159,6195,56,-278
2026-09-04T00:03:34.976040+00:00,1788480211,6705,321 Surrey Central/WhiteRock,15247160,5510,27,755
2026-09-04T00:03:34.976040+00:00,1788480211,6705,321 Surrey Central/WhiteRock,15247160,5511,28,747
2026-09-04T00:03:34.976040+00:00,1788480211,6705,321 Surrey Central/WhiteRock,15247160,5512,29,744
2026-09-04T00:03:34.976040+00:00,1788480211,6705,321 Surrey Central/WhiteRock,15247160,5513,30,728
2026-09-04T00:03:34.976040+00:00,1788480211,6705,321 Surrey Central/WhiteRock,15247160,5514,31,818
2026-09-04T00:03:34.976040+00:00,1788480211,6705,321 Surrey Central/WhiteRock,15247160,5515,32,809
2026-09-04T00:03:34.976040+00:00,1788480211,6705,321 Surrey Central/WhiteRock,15247160,5516,33,816
2026-09-04T00:03:34.976040+00:00,1788480211,6705,321 Surrey Central/WhiteRock,15247160,5517,34,812
2026-09-04T00:03:34.976040+00:00,1788480211,6705,321 Surrey Central/WhiteRock,15247160,5518,35,812
2026-09-04T00:03:34.976040+00:00,1788480211,6705,321 Surrey Central/WhiteRock,15247160,5519,36,787
2026-09-04T00:03:34.976040+00:00,1788480211,6705,321 Surrey Central/WhiteRock,15247160,5520,37,774
2026-09-04T00:03:34.976040+00:00,1788480211,6705,321 Surrey Central/WhiteRock,15247160,5521,38,557
2026-09-04T00:03:34.976040+00:00,1788480211,6705,321 Surrey Central/WhiteRock,15247160,5522,39,415
2026-09-04T00:03:34.976040+00:00,1788480211,6705,321 Surrey Central/WhiteRock,15247160,5523,40,377
2026-09-04T00:03:34.976040+00:00,1788480211,6705,321 Surrey Central/WhiteRock,15247160,6466,41,351
2026-09-04T00:03:34.976040+00:00,1788480211,6705,321 Surrey Central/WhiteRock,15247160,5524,42,382
2026-09-04T00:03:34.976040+00:00,1788480211,6705,321 Surrey Central/WhiteRock,15247160,5525,43,351
2026-09-04T00:03:34.976040+00:00,1788480211,6705,321 Surrey Central/WhiteRock,15247160,10443,44,324
2026-09-04T00:03:34.976040+00:00,1788480211,6705,321 Surrey Central/WhiteRock,15247160,5528,45,325
2026-09-04T00:03:34.976040+00:00,1788480211,6705,321 Surrey Central/WhiteRock,15247160,5529,46,300
2026-09-04T00:03:34.976040+00:00,1788480211,6705,321 Surrey Central/WhiteRock,15247160,5530,47,283
2026-09-04T00:03:34.976040+00:00,1788480211,6705,321 Surrey Central/WhiteRock,15247160,5533,48,274
2026-09-04T00:03:34.976040+00:00,1788480211,6705,321 Surrey Central/WhiteRock,15247160,5534,49,253
2026-09-04T00:03:34.976040+00:00,1788480211,6705,321 Surrey Central/WhiteRock,15247160,5535,50,279
2026-09-04T00:03:34.976040+00:00,1788480211,6705,321 Surrey Central/WhiteRock,15247160,5536,51,254
2026-09-04T00:03:34.976040+00:00,1788480211,6705,321 Surrey Central/WhiteRock,15247160,5537,52,249
2026-09-04T00:03:34.976040+00:00,1788480211,6705,321 Surrey Central/WhiteRock,15247160,5538,53,241
2026-09-04T00:03:34.976040+00:00,1788480211,6705,321 Surrey Central/WhiteRock,15247160,5541,54,271
2026-09-04T00:03:34.976040+00:00,1788480211,6705,321 Surrey Central/WhiteRock,15247160,5542,55,283
2026-09-04T00:03:34.976040+00:00,1788480211,6705,321 Surrey Central/WhiteRock,15247160,6195,56,310
2026-09-04T00:03:34.976040+00:00,1788480211,6705,321 Surrey Central/WhiteRock,15247161,5503,22,2
2026-09-04T00:03:34.976040+00:00,1788480211,6705,321 Surrey Central/WhiteRock,15247161,5504,23,-55
2026-09-04T00:03:34.976040+00:00,1788480211,6705,321 Surrey Central/WhiteRock,15247161,5505,24,-47
2026-09-04T00:03:34.976040+00:00,1788480211,6705,321 Surrey Central/WhiteRock,15247161,5507,25,-39
2026-09-04T00:03:34.976040+00:00,1788480211,6705,321 Surrey Central/WhiteRock,15247161,5633,26,0
2026-09-04T00:03:34.976040+00:00,1788480211,6705,321 Surrey Central/WhiteRock,15247161,5510,27,45
2026-09-04T00:03:34.976040+00:00,1788480211,6705,321 Surrey Central/WhiteRock,15247161,5511,28,38
2026-09-04T00:03:34.976040+00:00,1788480211,6705,321 Surrey Central/WhiteRock,15247161,5512,29,34
2026-09-04T00:03:34.976040+00:00,1788480211,6705,321 Surrey Central/WhiteRock,15247161,5513,30,20
2026-09-04T00:03:34.976040+00:00,1788480211,6705,321 Surrey Central/WhiteRock,15247161,5514,31,112
2026-09-04T00:03:34.976040+00:00,1788480211,6705,321 Surrey Central/WhiteRock,15247161,5515,32,104
2026-09-04T00:03:34.976040+00:00,1788480211,6705,321 Surrey Central/WhiteRock,15247161,5516,33,108
2026-09-04T00:03:34.976040+00:00,1788480211,6705,321 Surrey Central/WhiteRock,15247161,5517,34,107
2026-09-04T00:03:34.976040+00:00,1788480211,6705,321 Surrey Central/WhiteRock,15247161,5518,35,108
2026-09-04T00:03:34.976040+00:00,1788480211,6705,321 Surrey Central/WhiteRock,15247161,5519,36,85
2026-09-04T00:03:34.976040+00:00,1788480211,6705,321 Surrey Central/WhiteRock,15247161,5520,37,74
2026-09-04T00:03:34.976040+00:00,1788480211,6705,321 Surrey Central/WhiteRock,15247161,5521,38,-135
2026-09-04T00:03:34.976040+00:00,1788480211,6705,321 Surrey Central/WhiteRock,15247161,5522,39,-271
2026-09-04T00:03:34.976040+00:00,1788480211,6705,321 Surrey Central/WhiteRock,15247161,5523,40,-308
2026-09-04T00:03:34.976040+00:00,1788480211,6705,321 Surrey Central/WhiteRock,15247161,6466,41,-327
2026-09-04T00:03:34.976040+00:00,1788480211,6705,321 Surrey Central/WhiteRock,15247161,5524,42,-292
2026-09-04T00:03:34.976040+00:00,1788480211,6705,321 Surrey Central/WhiteRock,15247161,5525,43,-318
2026-09-04T00:03:34.976040+00:00,1788480211,6705,321 Surrey Central/WhiteRock,15247161,10443,44,-336
2026-09-04T00:03:34.976040+00:00,1788480211,6705,321 Surrey Central/WhiteRock,15247161,5528,45,-333
2026-09-04T00:03:34.976040+00:00,1788480211,6705,321 Surrey Central/WhiteRock,15247161,5529,46,-357
2026-09-04T00:03:34.976040+00:00,1788480211,6705,321 Surrey Central/WhiteRock,15247161,5530,47,-372
2026-09-04T00:03:34.976040+00:00,1788480211,6705,321 Surrey Central/WhiteRock,15247161,5533,48,-374
2026-09-04T00:03:34.976040+00:00,1788480211,6705,321 Surrey Central/WhiteRock,15247161,5534,49,-393
2026-09-04T00:03:34.976040+00:00,1788480211,6705,321 Surrey Central/WhiteRock,15247161,5535,50,-375
2026-09-04T00:03:34.976040+00:00,1788480211,6705,321 Surrey Central/WhiteRock,15247161,5536,51,-397
2026-09-04T00:03:34.976040+00:00,1788480211,6705,321 Surrey Central/WhiteRock,15247161,5537,52,-394
2026-09-04T00:03:34.976040+00:00,1788480211,6705,321 Surrey Central/WhiteRock,15247161,5538,53,-400
2026-09-04T00:03:34.976040+00:00,1788480211,6705,321 Surrey Central/WhiteRock,15247161,5541,54,-366
2026-09-04T00:03:34.976040+00:00,1788480211,6705,321 Surrey Central/WhiteRock,15247161,5542,55,-355
2026-09-04T00:03:34.976040+00:00,1788480211,6705,321 Surrey Central/WhiteRock,15247161,6195,56,-327
2026-09-04T00:03:34.976040+00:00,1788480211,6705,321 Surrey Central/WhiteRock,15247162,12916,11,98
2026-09-04T00:03:34.976040+00:00,1788480211,6705,321 Surrey Central/WhiteRock,15247162,5049,12,85
2026-09-04T00:03:34.976040+00:00,1788480211,6705,321 Surrey Central/WhiteRock,15247162,5039,13,65
2026-09-04T00:03:34.976040+00:00,1788480211,6705,321 Surrey Central/WhiteRock,15247162,8351,14,41
2026-09-04T00:03:34.976040+00:00,1788480211,6705,321 Surrey Central/WhiteRock,15247162,5496,15,-34
2026-09-04T00:03:34.976040+00:00,1788480211,6705,321 Surrey Central/WhiteRock,15247162,5497,16,-79
2026-09-04T00:03:34.976040+00:00,1788480211,6705,321 Surrey Central/WhiteRock,15247162,5498,17,-96
2026-09-04T00:03:34.976040+00:00,1788480211,6705,321 Surrey Central/WhiteRock,15247162,5499,18,-137
2026-09-04T00:03:34.976040+00:00,1788480211,6705,321 Surrey Central/WhiteRock,15247162,5500,19,-167
2026-09-04T00:03:34.976040+00:00,1788480211,6705,321 Surrey Central/WhiteRock,15247162,5501,20,-196
2026-09-04T00:03:34.976040+00:00,1788480211,6705,321 Surrey Central/WhiteRock,15247162,5502,21,-210
2026-09-04T00:03:34.976040+00:00,1788480211,6705,321 Surrey Central/WhiteRock,15247162,5503,22,-226
2026-09-04T00:03:34.976040+00:00,1788480211,6705,321 Surrey Central/WhiteRock,15247162,5504,23,-283
2026-09-04T00:03:34.976040+00:00,1788480211,6705,321 Surrey Central/WhiteRock,15247162,5505,24,-277
2026-09-04T00:03:34.976040+00:00,1788480211,6705,321 Surrey Central/WhiteRock,15247162,5507,25,-261
2026-09-04T00:03:34.976040+00:00,1788480211,6705,321 Surrey Central/WhiteRock,15247162,5633,26,0
2026-09-04T00:03:34.976040+00:00,1788480211,6705,321 Surrey Central/WhiteRock,15247162,5510,27,44
2026-09-04T00:03:34.976040+00:00,1788480211,6705,321 Surrey Central/WhiteRock,15247162,5511,28,36
2026-09-04T00:03:34.976040+00:00,1788480211,6705,321 Surrey Central/WhiteRock,15247162,5512,29,32
2026-09-04T00:03:34.976040+00:00,1788480211,6705,321 Surrey Central/WhiteRock,15247162,5513,30,16
2026-09-04T00:03:34.976040+00:00,1788480211,6705,321 Surrey Central/WhiteRock,15247162,5514,31,106
2026-09-04T00:03:34.976040+00:00,1788480211,6705,321 Surrey Central/WhiteRock,15247162,5515,32,98
2026-09-04T00:03:34.976040+00:00,1788480211,6705,321 Surrey Central/WhiteRock,15247162,5516,33,111
2026-09-04T00:03:34.976040+00:00,1788480211,6705,321 Surrey Central/WhiteRock,15247162,5517,34,119
2026-09-04T00:03:34.976040+00:00,1788480211,6705,321 Surrey Central/WhiteRock,15247162,5518,35,117
2026-09-04T00:03:34.976040+00:00,1788480211,6705,321 Surrey Central/WhiteRock,15247162,5519,36,93
2026-09-04T00:03:34.976040+00:00,1788480211,6705,321 Surrey Central/WhiteRock,15247162,5520,37,81
2026-09-04T00:03:34.976040+00:00,1788480211,6705,321 Surrey Central/WhiteRock,15247162,5521,38,-128
2026-09-04T00:03:34.976040+00:00,1788480211,6705,321 Surrey Central/WhiteRock,15247162,5522,39,-264
2026-09-04T00:03:34.976040+00:00,1788480211,6705,321 Surrey Central/WhiteRock,15247162,5523,40,-300
2026-09-04T00:03:34.976040+00:00,1788480211,6705,321 Surrey Central/WhiteRock,15247162,6466,41,-323
2026-09-04T00:03:34.976040+00:00,1788480211,6705,321 Surrey Central/WhiteRock,15247162,5524,42,-289
2026-09-04T00:03:34.976040+00:00,1788480211,6705,321 Surrey Central/WhiteRock,15247162,5525,43,-318
2026-09-04T00:03:34.976040+00:00,1788480211,6705,321 Surrey Central/WhiteRock,15247162,10443,44,-342
2026-09-04T00:03:34.976040+00:00,1788480211,6705,321 Surrey Central/WhiteRock,15247162,5528,45,-340
2026-09-04T00:03:34.976040+00:00,1788480211,6705,321 Surrey Central/WhiteRock,15247162,5529,46,-364
2026-09-04T00:03:34.976040+00:00,1788480211,6705,321 Surrey Central/WhiteRock,15247162,5530,47,-379
2026-09-04T00:03:34.976040+00:00,1788480211,6705,321 Surrey Central/WhiteRock,15247162,5533,48,-381
2026-09-04T00:03:34.976040+00:00,1788480211,6705,321 Surrey Central/WhiteRock,15247162,5534,49,-400
2026-09-04T00:03:34.976040+00:00,1788480211,6705,321 Surrey Central/WhiteRock,15247162,5535,50,-380
2026-09-04T00:03:34.976040+00:00,1788480211,6705,321 Surrey Central/WhiteRock,15247162,5536,51,-403
2026-09-04T00:03:34.976040+00:00,1788480211,6705,321 Surrey Central/WhiteRock,15247162,5537,52,-412
2026-09-04T00:03:34.976040+00:00,1788480211,6705,321 Surrey Central/WhiteRock,15247162,5538,53,-418
2026-09-04T00:03:34.976040+00:00,1788480211,6705,321 Surrey Central/WhiteRock,15247162,5541,54,-388
2026-09-04T00:03:34.976040+00:00,1788480211,6705,321 Surrey Central/WhiteRock,15247162,5542,55,-376
2026-09-04T00:03:34.976040+00:00,1788480211,6705,321 Surrey Central/WhiteRock,15247162,6195,56,-344
2026-09-04T00:03:34.976040+00:00,1788480211,6705,321 Surrey Central/WhiteRock,15247163,9924,4,-14
2026-09-04T00:03:34.976040+00:00,1788480211,6705,321 Surrey Central/WhiteRock,15247163,9926,5,-63
2026-09-04T00:03:34.976040+00:00,1788480211,6705,321 Surrey Central/WhiteRock,15247163,9927,6,-93
2026-09-04T00:03:34.976040+00:00,1788480211,6705,321 Surrey Central/WhiteRock,15247163,10880,7,0
2026-09-04T00:03:34.976040+00:00,1788480211,6705,321 Surrey Central/WhiteRock,15247163,5046,8,42
2026-09-04T00:03:34.976040+00:00,1788480211,6705,321 Surrey Central/WhiteRock,15247163,5047,9,42
2026-09-04T00:03:34.976040+00:00,1788480211,6705,321 Surrey Central/WhiteRock,15247163,8566,10,4
2026-09-04T00:03:34.976040+00:00,1788480211,6705,321 Surrey Central/WhiteRock,15247163,12916,11,50
2026-09-04T00:03:34.976040+00:00,1788480211,6705,321 Surrey Central/WhiteRock,15247163,5049,12,40
2026-09-04T00:03:34.976040+00:00,1788480211,6705,321 Surrey Central/WhiteRock,15247163,5039,13,20
2026-09-04T00:03:34.976040+00:00,1788480211,6705,321 Surrey Central/WhiteRock,15247163,8351,14,-1
2026-09-04T00:03:34.976040+00:00,1788480211,6705,321 Surrey Central/WhiteRock,15247163,5496,15,-67
2026-09-04T00:03:34.976040+00:00,1788480211,6705,321 Surrey Central/WhiteRock,15247163,5497,16,-109
2026-09-04T00:03:34.976040+00:00,1788480211,6705,321 Surrey Central/WhiteRock,15247163,5498,17,-120
2026-09-04T00:03:34.976040+00:00,1788480211,6705,321 Surrey Central/WhiteRock,15247163,5499,18,-159
2026-09-04T00:03:34.976040+00:00,1788480211,6705,321 Surrey Central/WhiteRock,15247163,5500,19,-178
2026-09-04T00:03:34.976040+00:00,1788480211,6705,321 Surrey Central/WhiteRock,15247163,5501,20,-204
2026-09-04T00:03:34.976040+00:00,1788480211,6705,321 Surrey Central/WhiteRock,15247163,5502,21,-218
2026-09-04T00:03:34.976040+00:00,1788480211,6705,321 Surrey Central/WhiteRock,15247163,5503,22,-228
2026-09-04T00:03:34.976040+00:00,1788480211,6705,321 Surrey Central/WhiteRock,15247163,5504,23,-284
2026-09-04T00:03:34.976040+00:00,1788480211,6705,321 Surrey Central/WhiteRock,15247163,5505,24,-274
2026-09-04T00:03:34.976040+00:00,1788480211,6705,321 Surrey Central/WhiteRock,15247163,5507,25,-256
2026-09-04T00:03:34.976040+00:00,1788480211,6705,321 Surrey Central/WhiteRock,15247163,5633,26,0
2026-09-04T00:03:34.976040+00:00,1788480211,6705,321 Surrey Central/WhiteRock,15247163,5510,27,35
2026-09-04T00:03:34.976040+00:00,1788480211,6705,321 Surrey Central/WhiteRock,15247163,5511,28,28
2026-09-04T00:03:34.976040+00:00,1788480211,6705,321 Surrey Central/WhiteRock,15247163,5512,29,25
2026-09-04T00:03:34.976040+00:00,1788480211,6705,321 Surrey Central/WhiteRock,15247163,5513,30,15
2026-09-04T00:03:34.976040+00:00,1788480211,6705,321 Surrey Central/WhiteRock,15247163,5514,31,109
2026-09-04T00:03:34.976040+00:00,1788480211,6705,321 Surrey Central/WhiteRock,15247163,5515,32,102
2026-09-04T00:03:34.976040+00:00,1788480211,6705,321 Surrey Central/WhiteRock,15247163,5516,33,101
2026-09-04T00:03:34.976040+00:00,1788480211,6705,321 Surrey Central/WhiteRock,15247163,5517,34,112
2026-09-04T00:03:34.976040+00:00,1788480211,6705,321 Surrey Central/WhiteRock,15247163,5518,35,114
2026-09-04T00:03:34.976040+00:00,1788480211,6705,321 Surrey Central/WhiteRock,15247163,5519,36,92
2026-09-04T00:03:34.976040+00:00,1788480211,6705,321 Surrey Central/WhiteRock,15247163,5520,37,82
2026-09-04T00:03:34.976040+00:00,1788480211,6705,321 Surrey Central/WhiteRock,15247163,5521,38,-120
2026-09-04T00:03:34.976040+00:00,1788480211,6705,321 Surrey Central/WhiteRock,15247163,5522,39,-252
2026-09-04T00:03:34.976040+00:00,1788480211,6705,321 Surrey Central/WhiteRock,15247163,5523,40,-288
2026-09-04T00:03:34.976040+00:00,1788480211,6705,321 Surrey Central/WhiteRock,15247163,6466,41,-306
2026-09-04T00:03:34.976040+00:00,1788480211,6705,321 Surrey Central/WhiteRock,15247163,5524,42,-267
2026-09-04T00:03:34.976040+00:00,1788480211,6705,321 Surrey Central/WhiteRock,15247163,5525,43,-295
2026-09-04T00:03:34.976040+00:00,1788480211,6705,321 Surrey Central/WhiteRock,15247163,10443,44,-320
2026-09-04T00:03:34.976040+00:00,1788480211,6705,321 Surrey Central/WhiteRock,15247163,5528,45,-322
2026-09-04T00:03:34.976040+00:00,1788480211,6705,321 Surrey Central/WhiteRock,15247163,5529,46,-347
2026-09-04T00:03:34.976040+00:00,1788480211,6705,321 Surrey Central/WhiteRock,15247163,5530,47,-363
2026-09-04T00:03:34.976040+00:00,1788480211,6705,321 Surrey Central/WhiteRock,15247163,5533,48,-369
2026-09-04T00:03:34.976040+00:00,1788480211,6705,321 Surrey Central/WhiteRock,15247163,5534,49,-389
2026-09-04T00:03:34.976040+00:00,1788480211,6705,321 Surrey Central/WhiteRock,15247163,5535,50,-381
2026-09-04T00:03:34.976040+00:00,1788480211,6705,321 Surrey Central/WhiteRock,15247163,5536,51,-403
2026-09-04T00:03:34.976040+00:00,1788480211,6705,321 Surrey Central/WhiteRock,15247163,5537,52,-407
2026-09-04T00:03:34.976040+00:00,1788480211,6705,321 Surrey Central/WhiteRock,15247163,5538,53,-414
2026-09-04T00:03:34.976040+00:00,1788480211,6705,321 Surrey Central/WhiteRock,15247163,5541,54,-389
2026-09-04T00:03:34.976040+00:00,1788480211,6705,321 Surrey Central/WhiteRock,15247163,5542,55,-378
2026-09-04T00:03:34.976040+00:00,1788480211,6705,321 Surrey Central/WhiteRock,15247163,6195,56,-345
2026-09-04T00:03:34.976040+00:00,1788480211,6705,321 Surrey Central/WhiteRock,15247177,5633,26,0
2026-09-04T00:03:34.976040+00:00,1788480211,6705,321 Surrey Central/WhiteRock,15247177,5510,27,33
2026-09-04T00:03:34.976040+00:00,1788480211,6705,321 Surrey Central/WhiteRock,15247177,5511,28,26
2026-09-04T00:03:34.976040+00:00,1788480211,6705,321 Surrey Central/WhiteRock,15247177,5512,29,23
2026-09-04T00:03:34.976040+00:00,1788480211,6705,321 Surrey Central/WhiteRock,15247177,5513,30,9
2026-09-04T00:03:34.976040+00:00,1788480211,6705,321 Surrey Central/WhiteRock,15247177,5514,31,101
2026-09-04T00:03:34.976040+00:00,1788480211,6705,321 Surrey Central/WhiteRock,15247177,5515,32,93
2026-09-04T00:03:34.976040+00:00,1788480211,6705,321 Surrey Central/WhiteRock,15247177,5516,33,88
2026-09-04T00:03:34.976040+00:00,1788480211,6705,321 Surrey Central/WhiteRock,15247177,5517,34,87
2026-09-04T00:03:34.976040+00:00,1788480211,6705,321 Surrey Central/WhiteRock,15247177,5518,35,89
2026-09-04T00:03:34.976040+00:00,1788480211,6705,321 Surrey Central/WhiteRock,15247177,5519,36,66
2026-09-04T00:03:34.976040+00:00,1788480211,6705,321 Surrey Central/WhiteRock,15247177,5520,37,55
2026-09-04T00:03:34.976040+00:00,1788480211,6705,321 Surrey Central/WhiteRock,15247177,5521,38,-154
2026-09-04T00:03:34.976040+00:00,1788480211,6705,321 Surrey Central/WhiteRock,15247177,5522,39,-290
2026-09-04T00:03:34.976040+00:00,1788480211,6705,321 Surrey Central/WhiteRock,15247177,5523,40,-327
2026-09-04T00:03:34.976040+00:00,1788480211,6705,321 Surrey Central/WhiteRock,15247177,6466,41,-348
2026-09-04T00:03:34.976040+00:00,1788480211,6705,321 Surrey Central/WhiteRock,15247177,5524,42,-313
2026-09-04T00:03:34.976040+00:00,1788480211,6705,321 Surrey Central/WhiteRock,15247177,5525,43,-343
2026-09-04T00:03:34.976040+00:00,1788480211,6705,321 Surrey Central/WhiteRock,15247177,10443,44,-368
2026-09-04T00:03:34.976040+00:00,1788480211,6705,321 Surrey Central/WhiteRock,15247177,5528,45,-365
2026-09-04T00:03:34.976040+00:00,1788480211,6705,321 Surrey Central/WhiteRock,15247177,5529,46,-389
2026-09-04T00:03:34.976040+00:00,1788480211,6705,321 Surrey Central/WhiteRock,15247177,5530,47,-404
2026-09-04T00:03:34.976040+00:00,1788480211,6705,321 Surrey Central/WhiteRock,15247177,5533,48,-411
2026-09-04T00:03:34.976040+00:00,1788480211,6705,321 Surrey Central/WhiteRock,15247177,5534,49,-431
2026-09-04T00:03:34.976040+00:00,1788480211,6705,321 Surrey Central/WhiteRock,15247177,5535,50,-417
2026-09-04T00:03:34.976040+00:00,1788480211,6705,321 Surrey Central/WhiteRock,15247177,5536,51,-440
2026-09-04T00:03:34.976040+00:00,1788480211,6705,321 Surrey Central/WhiteRock,15247177,5537,52,-443
2026-09-04T00:03:34.976040+00:00,1788480211,6705,321 Surrey Central/WhiteRock,15247177,5538,53,-450
2026-09-04T00:03:34.976040+00:00,1788480211,6705,321 Surrey Central/WhiteRock,15247177,5541,54,-420
2026-09-04T00:03:34.976040+00:00,1788480211,6705,321 Surrey Central/WhiteRock,15247177,5542,55,-408
2026-09-04T00:03:34.976040+00:00,1788480211,6705,321 Surrey Central/WhiteRock,15247177,6195,56,-377
2026-09-04T00:03:34.976040+00:00,1788480211,6705,321 Surrey Central/WhiteRock,15247186,5537,52,-179
2026-09-04T00:03:34.976040+00:00,1788480211,6705,321 Surrey Central/WhiteRock,15247186,5538,53,-187
2026-09-04T00:03:34.976040+00:00,1788480211,6705,321 Surrey Central/WhiteRock,15247186,5541,54,-151
2026-09-04T00:03:34.976040+00:00,1788480211,6705,321 Surrey Central/WhiteRock,15247186,5542,55,-138
2026-09-04T00:03:34.976040+00:00,1788480211,6705,321 Surrey Central/WhiteRock,15247186,6195,56,-110
2026-09-04T00:03:34.976040+00:00,1788480211,6705,321 Surrey Central/WhiteRock,15247187,5046,8,42
2026-09-04T00:03:34.976040+00:00,1788480211,6705,321 Surrey Central/WhiteRock,15247187,5047,9,42
2026-09-04T00:03:34.976040+00:00,1788480211,6705,321 Surrey Central/WhiteRock,15247187,8566,10,4
2026-09-04T00:03:34.976040+00:00,1788480211,6705,321 Surrey Central/WhiteRock,15247187,12916,11,50
2026-09-04T00:03:34.976040+00:00,1788480211,6705,321 Surrey Central/WhiteRock,15247187,5049,12,40
2026-09-04T00:03:34.976040+00:00,1788480211,6705,321 Surrey Central/WhiteRock,15247187,5039,13,21
2026-09-04T00:03:34.976040+00:00,1788480211,6705,321 Surrey Central/WhiteRock,15247187,8351,14,0
2026-09-04T00:03:34.976040+00:00,1788480211,6705,321 Surrey Central/WhiteRock,15247187,5496,15,-66
2026-09-04T00:03:34.976040+00:00,1788480211,6705,321 Surrey Central/WhiteRock,15247187,5497,16,-108
2026-09-04T00:03:34.976040+00:00,1788480211,6705,321 Surrey Central/WhiteRock,15247187,5498,17,-119
2026-09-04T00:03:34.976040+00:00,1788480211,6705,321 Surrey Central/WhiteRock,15247187,5499,18,-158
2026-09-04T00:03:34.976040+00:00,1788480211,6705,321 Surrey Central/WhiteRock,15247187,5500,19,-177
2026-09-04T00:03:34.976040+00:00,1788480211,6705,321 Surrey Central/WhiteRock,15247187,5501,20,-204
2026-09-04T00:03:34.976040+00:00,1788480211,6705,321 Surrey Central/WhiteRock,15247187,5502,21,-219
2026-09-04T00:03:34.976040+00:00,1788480211,6705,321 Surrey Central/WhiteRock,15247187,5503,22,-233
2026-09-04T00:03:34.976040+00:00,1788480211,6705,321 Surrey Central/WhiteRock,15247187,5504,23,-289
2026-09-04T00:03:34.976040+00:00,1788480211,6705,321 Surrey Central/WhiteRock,15247187,5505,24,-278
2026-09-04T00:03:34.976040+00:00,1788480211,6705,321 Surrey Central/WhiteRock,15247187,5507,25,-260
2026-09-04T00:03:34.976040+00:00,1788480211,6705,321 Surrey Central/WhiteRock,15247187,5633,26,0
2026-09-04T00:03:34.976040+00:00,1788480211,6705,321 Surrey Central/WhiteRock,15247187,5510,27,35
2026-09-04T00:03:34.976040+00:00,1788480211,6705,321 Surrey Central/WhiteRock,15247187,5511,28,28
2026-09-04T00:03:34.976040+00:00,1788480211,6705,321 Surrey Central/WhiteRock,15247187,5512,29,25
2026-09-04T00:03:34.976040+00:00,1788480211,6705,321 Surrey Central/WhiteRock,15247187,5513,30,12
2026-09-04T00:03:34.976040+00:00,1788480211,6705,321 Surrey Central/WhiteRock,15247187,5514,31,106
2026-09-04T00:03:34.976040+00:00,1788480211,6705,321 Surrey Central/WhiteRock,15247187,5515,32,99
2026-09-04T00:03:34.976040+00:00,1788480211,6705,321 Surrey Central/WhiteRock,15247187,5516,33,102
2026-09-04T00:03:34.976040+00:00,1788480211,6705,321 Surrey Central/WhiteRock,15247187,5517,34,112
2026-09-04T00:03:34.976040+00:00,1788480211,6705,321 Surrey Central/WhiteRock,15247187,5518,35,114
2026-09-04T00:03:34.976040+00:00,1788480211,6705,321 Surrey Central/WhiteRock,15247187,5519,36,92
2026-09-04T00:03:34.976040+00:00,1788480211,6705,321 Surrey Central/WhiteRock,15247187,5520,37,82
2026-09-04T00:03:34.976040+00:00,1788480211,6705,321 Surrey Central/WhiteRock,15247187,5521,38,-120
2026-09-04T00:03:34.976040+00:00,1788480211,6705,321 Surrey Central/WhiteRock,15247187,5522,39,-252
2026-09-04T00:03:34.976040+00:00,1788480211,6705,321 Surrey Central/WhiteRock,15247187,5523,40,-288
2026-09-04T00:03:34.976040+00:00,1788480211,6705,321 Surrey Central/WhiteRock,15247187,6466,41,-305
2026-09-04T00:03:34.976040+00:00,1788480211,6705,321 Surrey Central/WhiteRock,15247187,5524,42,-268
2026-09-04T00:03:34.976040+00:00,1788480211,6705,321 Surrey Central/WhiteRock,15247187,5525,43,-296
2026-09-04T00:03:34.976040+00:00,1788480211,6705,321 Surrey Central/WhiteRock,15247187,10443,44,-321
2026-09-04T00:03:34.976040+00:00,1788480211,6705,321 Surrey Central/WhiteRock,15247187,5528,45,-319
2026-09-04T00:03:34.976040+00:00,1788480211,6705,321 Surrey Central/WhiteRock,15247187,5529,46,-342
2026-09-04T00:03:34.976040+00:00,1788480211,6705,321 Surrey Central/WhiteRock,15247187,5530,47,-357
2026-09-04T00:03:34.976040+00:00,1788480211,6705,321 Surrey Central/WhiteRock,15247187,5533,48,-363
2026-09-04T00:03:34.976040+00:00,1788480211,6705,321 Surrey Central/WhiteRock,15247187,5534,49,-382
2026-09-04T00:03:34.976040+00:00,1788480211,6705,321 Surrey Central/WhiteRock,15247187,5535,50,-360
2026-09-04T00:03:34.976040+00:00,1788480211,6705,321 Surrey Central/WhiteRock,15247187,5536,51,-383
2026-09-04T00:03:34.976040+00:00,1788480211,6705,321 Surrey Central/WhiteRock,15247187,5537,52,-388
2026-09-04T00:03:34.976040+00:00,1788480211,6705,321 Surrey Central/WhiteRock,15247187,5538,53,-394
2026-09-04T00:03:34.976040+00:00,1788480211,6705,321 Surrey Central/WhiteRock,15247187,5541,54,-366
2026-09-04T00:03:34.976040+00:00,1788480211,6705,321 Surrey Central/WhiteRock,15247187,5542,55,-355
2026-09-04T00:03:34.976040+00:00,1788480211,6705,321 Surrey Central/WhiteRock,15247187,6195,56,-320
2026-09-04T00:03:34.976040+00:00,1788480211,6705,321 Surrey Central/WhiteRock,15247232,5519,36,-233
2026-09-04T00:03:34.976040+00:00,1788480211,6705,321 Surrey Central/WhiteRock,15247232,5520,37,-247
2026-09-04T00:03:34.976040+00:00,1788480211,6705,321 Surrey Central/WhiteRock,15247232,5521,38,-464
2026-09-04T00:03:34.976040+00:00,1788480211,6705,321 Surrey Central/WhiteRock,15247232,5522,39,-606
2026-09-04T00:03:34.976040+00:00,1788480211,6705,321 Surrey Central/WhiteRock,15247232,5523,40,-644
2026-09-04T00:03:34.976040+00:00,1788480211,6705,321 Surrey Central/WhiteRock,15247232,6466,41,-672
2026-09-04T00:03:34.976040+00:00,1788480211,6705,321 Surrey Central/WhiteRock,15247232,5524,42,-641
2026-09-04T00:03:34.976040+00:00,1788480211,6705,321 Surrey Central/WhiteRock,15247232,5525,43,-671
2026-09-04T00:03:34.976040+00:00,1788480211,6705,321 Surrey Central/WhiteRock,15247232,10443,44,-697
2026-09-04T00:03:34.976040+00:00,1788480211,6705,321 Surrey Central/WhiteRock,15247232,5528,45,-697
2026-09-04T00:03:34.976040+00:00,1788480211,6705,321 Surrey Central/WhiteRock,15247232,5529,46,-721
2026-09-04T00:03:34.976040+00:00,1788480211,6705,321 Surrey Central/WhiteRock,15247232,5530,47,-737
2026-09-04T00:03:34.976040+00:00,1788480211,6705,321 Surrey Central/WhiteRock,15247232,5533,48,-740
2026-09-04T00:03:34.976040+00:00,1788480211,6705,321 Surrey Central/WhiteRock,15247232,5534,49,-760
2026-09-04T00:03:34.976040+00:00,1788480211,6705,321 Surrey Central/WhiteRock,15247232,5535,50,-744
2026-09-04T00:03:34.976040+00:00,1788480211,6705,321 Surrey Central/WhiteRock,15247232,5536,51,-765
2026-09-04T00:03:34.976040+00:00,1788480211,6705,321 Surrey Central/WhiteRock,15247232,5537,52,-768
2026-09-04T00:03:34.976040+00:00,1788480211,6705,321 Surrey Central/WhiteRock,15247232,5538,53,-776
2026-09-04T00:03:34.976040+00:00,1788480211,6705,321 Surrey Central/WhiteRock,15247232,5541,54,-746
2026-09-04T00:03:34.976040+00:00,1788480211,6705,321 Surrey Central/WhiteRock,15247232,5542,55,-735
2026-09-04T00:03:34.976040+00:00,1788480211,6705,321 Surrey Central/WhiteRock,15247232,6195,56,-707
2026-09-04T00:03:34.976040+00:00,1788480211,6705,321 Surrey Central/WhiteRock,15247233,5046,8,767
2026-09-04T00:03:34.976040+00:00,1788480211,6705,321 Surrey Central/WhiteRock,15247233,5047,9,765
2026-09-04T00:03:34.976040+00:00,1788480211,6705,321 Surrey Central/WhiteRock,15247233,8566,10,724
2026-09-04T00:03:34.976040+00:00,1788480211,6705,321 Surrey Central/WhiteRock,15247233,12916,11,767
2026-09-04T00:03:34.976040+00:00,1788480211,6705,321 Surrey Central/WhiteRock,15247233,5049,12,754
2026-09-04T00:03:34.976040+00:00,1788480211,6705,321 Surrey Central/WhiteRock,15247233,5039,13,734
2026-09-04T00:03:34.976040+00:00,1788480211,6705,321 Surrey Central/WhiteRock,15247233,8351,14,709
2026-09-04T00:03:34.976040+00:00,1788480211,6705,321 Surrey Central/WhiteRock,15247233,5496,15,634
2026-09-04T00:03:34.976040+00:00,1788480211,6705,321 Surrey Central/WhiteRock,15247233,5497,16,589
2026-09-04T00:03:34.976040+00:00,1788480211,6705,321 Surrey Central/WhiteRock,15247233,5498,17,572
2026-09-04T00:03:34.976040+00:00,1788480211,6705,321 Surrey Central/WhiteRock,15247233,5499,18,531
2026-09-04T00:03:34.976040+00:00,1788480211,6705,321 Surrey Central/WhiteRock,15247233,5500,19,501
2026-09-04T00:03:34.976040+00:00,1788480211,6705,321 Surrey Central/WhiteRock,15247233,5501,20,472
2026-09-04T00:03:34.976040+00:00,1788480211,6705,321 Surrey Central/WhiteRock,15247233,5502,21,457
2026-09-04T00:03:34.976040+00:00,1788480211,6705,321 Surrey Central/WhiteRock,15247233,5503,22,437
2026-09-04T00:03:34.976040+00:00,1788480211,6705,321 Surrey Central/WhiteRock,15247233,5504,23,381
2026-09-04T00:03:34.976040+00:00,1788480211,6705,321 Surrey Central/WhiteRock,15247233,5505,24,387
2026-09-04T00:03:34.976040+00:00,1788480211,6705,321 Surrey Central/WhiteRock,15247233,5507,25,404
2026-09-04T00:03:34.976040+00:00,1788480211,6705,321 Surrey Central/WhiteRock,15247233,5633,26,437
2026-09-04T00:03:34.976040+00:00,1788480211,6705,321 Surrey Central/WhiteRock,15247233,5510,27,481
2026-09-04T00:03:34.976040+00:00,1788480211,6705,321 Surrey Central/WhiteRock,15247233,5511,28,473
2026-09-04T00:03:34.976040+00:00,1788480211,6705,321 Surrey Central/WhiteRock,15247233,5512,29,469
2026-09-04T00:03:34.976040+00:00,1788480211,6705,321 Surrey Central/WhiteRock,15247233,5513,30,454
2026-09-04T00:03:34.976040+00:00,1788480211,6705,321 Surrey Central/WhiteRock,15247233,5514,31,544
2026-09-04T00:03:34.976040+00:00,1788480211,6705,321 Surrey Central/WhiteRock,15247233,5515,32,536
2026-09-04T00:03:34.976040+00:00,1788480211,6705,321 Surrey Central/WhiteRock,15247233,5516,33,549
2026-09-04T00:03:34.976040+00:00,1788480211,6705,321 Surrey Central/WhiteRock,15247233,5517,34,557
2026-09-04T00:03:34.976040+00:00,1788480211,6705,321 Surrey Central/WhiteRock,15247233,5518,35,555
2026-09-04T00:03:34.976040+00:00,1788480211,6705,321 Surrey Central/WhiteRock,15247233,5519,36,531
2026-09-04T00:03:34.976040+00:00,1788480211,6705,321 Surrey Central/WhiteRock,15247233,5520,37,519
2026-09-04T00:03:34.976040+00:00,1788480211,6705,321 Surrey Central/WhiteRock,15247233,5521,38,310
2026-09-04T00:03:34.976040+00:00,1788480211,6705,321 Surrey Central/WhiteRock,15247233,5522,39,174
2026-09-04T00:03:34.976040+00:00,1788480211,6705,321 Surrey Central/WhiteRock,15247233,5523,40,138
2026-09-04T00:03:34.976040+00:00,1788480211,6705,321 Surrey Central/WhiteRock,15247233,6466,41,115
2026-09-04T00:03:34.976040+00:00,1788480211,6705,321 Surrey Central/WhiteRock,15247233,5524,42,149
2026-09-04T00:03:34.976040+00:00,1788480211,6705,321 Surrey Central/WhiteRock,15247233,5525,43,120
2026-09-04T00:03:34.976040+00:00,1788480211,6705,321 Surrey Central/WhiteRock,15247233,10443,44,96
2026-09-04T00:03:34.976040+00:00,1788480211,6705,321 Surrey Central/WhiteRock,15247233,5528,45,98
2026-09-04T00:03:34.976040+00:00,1788480211,6705,321 Surrey Central/WhiteRock,15247233,5529,46,74
2026-09-04T00:03:34.976040+00:00,1788480211,6705,321 Surrey Central/WhiteRock,15247233,5530,47,59
2026-09-04T00:03:34.976040+00:00,1788480211,6705,321 Surrey Central/WhiteRock,15247233,5533,48,57
2026-09-04T00:03:34.976040+00:00,1788480211,6705,321 Surrey Central/WhiteRock,15247233,5534,49,38
2026-09-04T00:03:34.976040+00:00,1788480211,6705,321 Surrey Central/WhiteRock,15247233,5535,50,33
2026-09-04T00:03:34.976040+00:00,1788480211,6705,321 Surrey Central/WhiteRock,15247233,5536,51,10
2026-09-04T00:03:34.976040+00:00,1788480211,6705,321 Surrey Central/WhiteRock,15247233,5537,52,1
2026-09-04T00:03:34.976040+00:00,1788480211,6705,321 Surrey Central/WhiteRock,15247233,5538,53,-5
2026-09-04T00:03:34.976040+00:00,1788480211,6705,321 Surrey Central/WhiteRock,15247233,5541,54,25
2026-09-04T00:03:34.976040+00:00,1788480211,6705,321 Surrey Central/WhiteRock,15247233,5542,55,37
2026-09-04T00:03:34.976040+00:00,1788480211,6705,321 Surrey Central/WhiteRock,15247233,6195,56,69
2026-09-04T00:03:34.976040+00:00,1788480211,6715,351 Bridgeport/WhiteRock,15251617,8282,25,-233
2026-09-04T00:03:34.976040+00:00,1788480211,6715,351 Bridgeport/WhiteRock,15251618,4928,24,-14
2026-09-04T00:03:34.976040+00:00,1788480211,6715,351 Bridgeport/WhiteRock,15251618,8282,25,13
2026-09-04T00:03:34.976040+00:00,1788480211,6715,351 Bridgeport/WhiteRock,15251619,5440,14,343
2026-09-04T00:03:34.976040+00:00,1788480211,6715,351 Bridgeport/WhiteRock,15251619,5441,15,369
2026-09-04T00:03:34.976040+00:00,1788480211,6715,351 Bridgeport/WhiteRock,15251619,5442,16,344
2026-09-04T00:03:34.976040+00:00,1788480211,6715,351 Bridgeport/WhiteRock,15251619,5444,17,352
2026-09-04T00:03:34.976040+00:00,1788480211,6715,351 Bridgeport/WhiteRock,15251619,9083,18,324
2026-09-04T00:03:34.976040+00:00,1788480211,6715,351 Bridgeport/WhiteRock,15251619,5446,19,329
2026-09-04T00:03:34.976040+00:00,1788480211,6715,351 Bridgeport/WhiteRock,15251619,10445,20,321
2026-09-04T00:03:34.976040+00:00,1788480211,6715,351 Bridgeport/WhiteRock,15251619,5447,21,283
2026-09-04T00:03:34.976040+00:00,1788480211,6715,351 Bridgeport/WhiteRock,15251619,5448,22,285
2026-09-04T00:03:34.976040+00:00,1788480211,6715,351 Bridgeport/WhiteRock,15251619,6194,23,276
2026-09-04T00:03:34.976040+00:00,1788480211,6715,351 Bridgeport/WhiteRock,15251619,4928,24,59
2026-09-04T00:03:34.976040+00:00,1788480211,6715,351 Bridgeport/WhiteRock,15251619,8282,25,84
2026-09-04T00:03:34.976040+00:00,1788480211,6715,351 Bridgeport/WhiteRock,15251695,6175,4,1259
2026-09-04T00:03:34.976040+00:00,1788480211,6715,351 Bridgeport/WhiteRock,15251695,5524,5,1303
2026-09-04T00:03:34.976040+00:00,1788480211,6715,351 Bridgeport/WhiteRock,15251695,5525,6,1290
2026-09-04T00:03:34.976040+00:00,1788480211,6715,351 Bridgeport/WhiteRock,15251695,10443,7,1296
2026-09-04T00:03:34.976040+00:00,1788480211,6715,351 Bridgeport/WhiteRock,15251695,5528,8,1315
2026-09-04T00:03:34.976040+00:00,1788480211,6715,351 Bridgeport/WhiteRock,15251695,5529,9,1308
2026-09-04T00:03:34.976040+00:00,1788480211,6715,351 Bridgeport/WhiteRock,15251695,5530,10,1310
2026-09-04T00:03:34.976040+00:00,1788480211,6715,351 Bridgeport/WhiteRock,15251695,5533,11,1328
2026-09-04T00:03:34.976040+00:00,1788480211,6715,351 Bridgeport/WhiteRock,15251695,5534,12,1325
2026-09-04T00:03:34.976040+00:00,1788480211,6715,351 Bridgeport/WhiteRock,15251695,5535,13,1355
2026-09-04T00:03:34.976040+00:00,1788480211,6715,351 Bridgeport/WhiteRock,15251695,5536,14,1349
2026-09-04T00:03:34.976040+00:00,1788480211,6715,351 Bridgeport/WhiteRock,15251695,5537,15,1376
2026-09-04T00:03:34.976040+00:00,1788480211,6715,351 Bridgeport/WhiteRock,15251695,5538,16,1381
2026-09-04T00:03:34.976040+00:00,1788480211,6715,351 Bridgeport/WhiteRock,15251695,5541,17,1432
2026-09-04T00:03:34.976040+00:00,1788480211,6715,351 Bridgeport/WhiteRock,15251695,5542,18,1453
2026-09-04T00:03:34.976040+00:00,1788480211,6715,351 Bridgeport/WhiteRock,15251695,6340,19,1500
2026-09-04T00:03:34.976040+00:00,1788480211,6715,351 Bridgeport/WhiteRock,15251695,6341,20,1520
2026-09-04T00:03:34.976040+00:00,1788480211,6715,351 Bridgeport/WhiteRock,15251695,6167,21,1529
2026-09-04T00:03:34.976040+00:00,1788480211,6715,351 Bridgeport/WhiteRock,15251696,6175,4,465
2026-09-04T00:03:34.976040+00:00,1788480211,6715,351 Bridgeport/WhiteRock,15251696,5524,5,509
2026-09-04T00:03:34.976040+00:00,1788480211,6715,351 Bridgeport/WhiteRock,15251696,5525,6,496
2026-09-04T00:03:34.976040+00:00,1788480211,6715,351 Bridgeport/WhiteRock,15251696,10443,7,502
2026-09-04T00:03:34.976040+00:00,1788480211,6715,351 Bridgeport/WhiteRock,15251696,5528,8,521
2026-09-04T00:03:34.976040+00:00,1788480211,6715,351 Bridgeport/WhiteRock,15251696,5529,9,512
2026-09-04T00:03:34.976040+00:00,1788480211,6715,351 Bridgeport/WhiteRock,15251696,5530,10,514
2026-09-04T00:03:34.976040+00:00,1788480211,6715,351 Bridgeport/WhiteRock,15251696,5533,11,532
2026-09-04T00:03:34.976040+00:00,1788480211,6715,351 Bridgeport/WhiteRock,15251696,5534,12,529
2026-09-04T00:03:34.976040+00:00,1788480211,6715,351 Bridgeport/WhiteRock,15251696,5535,13,543
2026-09-04T00:03:34.976040+00:00,1788480211,6715,351 Bridgeport/WhiteRock,15251696,5536,14,541
2026-09-04T00:03:34.976040+00:00,1788480211,6715,351 Bridgeport/WhiteRock,15251696,5537,15,569
2026-09-04T00:03:34.976040+00:00,1788480211,6715,351 Bridgeport/WhiteRock,15251696,5538,16,574
2026-09-04T00:03:34.976040+00:00,1788480211,6715,351 Bridgeport/WhiteRock,15251696,5541,17,625
2026-09-04T00:03:34.976040+00:00,1788480211,6715,351 Bridgeport/WhiteRock,15251696,5542,18,646
2026-09-04T00:03:34.976040+00:00,1788480211,6715,351 Bridgeport/WhiteRock,15251696,6340,19,692
2026-09-04T00:03:34.976040+00:00,1788480211,6715,351 Bridgeport/WhiteRock,15251696,6341,20,712
2026-09-04T00:03:34.976040+00:00,1788480211,6715,351 Bridgeport/WhiteRock,15251696,6167,21,722
2026-09-04T00:03:34.976040+00:00,1788480211,6715,351 Bridgeport/WhiteRock,15251697,6175,4,185
2026-09-04T00:03:34.976040+00:00,1788480211,6715,351 Bridgeport/WhiteRock,15251697,5524,5,229
2026-09-04T00:03:34.976040+00:00,1788480211,6715,351 Bridgeport/WhiteRock,15251697,5525,6,216
2026-09-04T00:03:34.976040+00:00,1788480211,6715,351 Bridgeport/WhiteRock,15251697,10443,7,222
2026-09-04T00:03:34.976040+00:00,1788480211,6715,351 Bridgeport/WhiteRock,15251697,5528,8,241
2026-09-04T00:03:34.976040+00:00,1788480211,6715,351 Bridgeport/WhiteRock,15251697,5529,9,234
2026-09-04T00:03:34.976040+00:00,1788480211,6715,351 Bridgeport/WhiteRock,15251697,5530,10,236
2026-09-04T00:03:34.976040+00:00,1788480211,6715,351 Bridgeport/WhiteRock,15251697,5533,11,254
2026-09-04T00:03:34.976040+00:00,1788480211,6715,351 Bridgeport/WhiteRock,15251697,5534,12,251
2026-09-04T00:03:34.976040+00:00,1788480211,6715,351 Bridgeport/WhiteRock,15251697,5535,13,281
2026-09-04T00:03:34.976040+00:00,1788480211,6715,351 Bridgeport/WhiteRock,15251697,5536,14,275
2026-09-04T00:03:34.976040+00:00,1788480211,6715,351 Bridgeport/WhiteRock,15251697,5537,15,302
2026-09-04T00:03:34.976040+00:00,1788480211,6715,351 Bridgeport/WhiteRock,15251697,5538,16,307
2026-09-04T00:03:34.976040+00:00,1788480211,6715,351 Bridgeport/WhiteRock,15251697,5541,17,358
2026-09-04T00:03:34.976040+00:00,1788480211,6715,351 Bridgeport/WhiteRock,15251697,5542,18,379
2026-09-04T00:03:34.976040+00:00,1788480211,6715,351 Bridgeport/WhiteRock,15251697,6340,19,424
2026-09-04T00:03:34.976040+00:00,1788480211,6715,351 Bridgeport/WhiteRock,15251697,6341,20,444
2026-09-04T00:03:34.976040+00:00,1788480211,6715,351 Bridgeport/WhiteRock,15251697,6167,21,454
2026-09-04T00:03:34.976040+00:00,1788480211,6715,351 Bridgeport/WhiteRock,15251698,6175,4,-287
2026-09-04T00:03:34.976040+00:00,1788480211,6715,351 Bridgeport/WhiteRock,15251698,5524,5,-243
2026-09-04T00:03:34.976040+00:00,1788480211,6715,351 Bridgeport/WhiteRock,15251698,5525,6,-256
2026-09-04T00:03:34.976040+00:00,1788480211,6715,351 Bridgeport/WhiteRock,15251698,10443,7,-250
2026-09-04T00:03:34.976040+00:00,1788480211,6715,351 Bridgeport/WhiteRock,15251698,5528,8,-230
2026-09-04T00:03:34.976040+00:00,1788480211,6715,351 Bridgeport/WhiteRock,15251698,5529,9,-237
2026-09-04T00:03:34.976040+00:00,1788480211,6715,351 Bridgeport/WhiteRock,15251698,5530,10,-235
2026-09-04T00:03:34.976040+00:00,1788480211,6715,351 Bridgeport/WhiteRock,15251698,5533,11,-216
2026-09-04T00:03:34.976040+00:00,1788480211,6715,351 Bridgeport/WhiteRock,15251698,5534,12,-219
2026-09-04T00:03:34.976040+00:00,1788480211,6715,351 Bridgeport/WhiteRock,15251698,5535,13,-189
2026-09-04T00:03:34.976040+00:00,1788480211,6715,351 Bridgeport/WhiteRock,15251698,5536,14,-195
2026-09-04T00:03:34.976040+00:00,1788480211,6715,351 Bridgeport/WhiteRock,15251698,5537,15,-168
2026-09-04T00:03:34.976040+00:00,1788480211,6715,351 Bridgeport/WhiteRock,15251698,5538,16,-163
2026-09-04T00:03:34.976040+00:00,1788480211,6715,351 Bridgeport/WhiteRock,15251698,5541,17,-112
2026-09-04T00:03:34.976040+00:00,1788480211,6715,351 Bridgeport/WhiteRock,15251698,5542,18,-91
2026-09-04T00:03:34.976040+00:00,1788480211,6715,351 Bridgeport/WhiteRock,15251698,6340,19,-46
2026-09-04T00:03:34.976040+00:00,1788480211,6715,351 Bridgeport/WhiteRock,15251698,6341,20,-26
2026-09-04T00:03:34.976040+00:00,1788480211,6715,351 Bridgeport/WhiteRock,15251698,6167,21,-16
2026-09-04T00:03:34.976040+00:00,1788480211,6715,351 Bridgeport/WhiteRock,15251699,4929,3,0
2026-09-04T00:03:34.976040+00:00,1788480211,6715,351 Bridgeport/WhiteRock,15251699,6175,4,-670
2026-09-04T00:03:34.976040+00:00,1788480211,6715,351 Bridgeport/WhiteRock,15251699,5524,5,-626
2026-09-04T00:03:34.976040+00:00,1788480211,6715,351 Bridgeport/WhiteRock,15251699,5525,6,-639
2026-09-04T00:03:34.976040+00:00,1788480211,6715,351 Bridgeport/WhiteRock,15251699,10443,7,-633
2026-09-04T00:03:34.976040+00:00,1788480211,6715,351 Bridgeport/WhiteRock,15251699,5528,8,-614
2026-09-04T00:03:34.976040+00:00,1788480211,6715,351 Bridgeport/WhiteRock,15251699,5529,9,-621
2026-09-04T00:03:34.976040+00:00,1788480211,6715,351 Bridgeport/WhiteRock,15251699,5530,10,-619
2026-09-04T00:03:34.976040+00:00,1788480211,6715,351 Bridgeport/WhiteRock,15251699,5533,11,-600
2026-09-04T00:03:34.976040+00:00,1788480211,6715,351 Bridgeport/WhiteRock,15251699,5534,12,-603
2026-09-04T00:03:34.976040+00:00,1788480211,6715,351 Bridgeport/WhiteRock,15251699,5535,13,-578
2026-09-04T00:03:34.976040+00:00,1788480211,6715,351 Bridgeport/WhiteRock,15251699,5536,14,-582
2026-09-04T00:03:34.976040+00:00,1788480211,6715,351 Bridgeport/WhiteRock,15251699,5537,15,-555
2026-09-04T00:03:34.976040+00:00,1788480211,6715,351 Bridgeport/WhiteRock,15251699,5538,16,-550
2026-09-04T00:03:34.976040+00:00,1788480211,6715,351 Bridgeport/WhiteRock,15251699,5541,17,-497
2026-09-04T00:03:34.976040+00:00,1788480211,6715,351 Bridgeport/WhiteRock,15251699,5542,18,-476
2026-09-04T00:03:34.976040+00:00,1788480211,6715,351 Bridgeport/WhiteRock,15251699,6340,19,-430
2026-09-04T00:03:34.976040+00:00,1788480211,6715,351 Bridgeport/WhiteRock,15251699,6341,20,-410
2026-09-04T00:03:34.976040+00:00,1788480211,6715,351 Bridgeport/WhiteRock,15251699,6167,21,-400
2026-09-04T00:03:34.976040+00:00,1788480211,6715,351 Bridgeport/WhiteRock,15251700,4929,3,0
2026-09-04T00:03:34.976040+00:00,1788480211,6715,351 Bridgeport/WhiteRock,15251700,6175,4,-670
2026-09-04T00:03:34.976040+00:00,1788480211,6715,351 Bridgeport/WhiteRock,15251700,5524,5,-626
2026-09-04T00:03:34.976040+00:00,1788480211,6715,351 Bridgeport/WhiteRock,15251700,5525,6,-639
2026-09-04T00:03:34.976040+00:00,1788480211,6715,351 Bridgeport/WhiteRock,15251700,10443,7,-631
2026-09-04T00:03:34.976040+00:00,1788480211,6715,351 Bridgeport/WhiteRock,15251700,5528,8,-610
2026-09-04T00:03:34.976040+00:00,1788480211,6715,351 Bridgeport/WhiteRock,15251700,5529,9,-616
2026-09-04T00:03:34.976040+00:00,1788480211,6715,351 Bridgeport/WhiteRock,15251700,5530,10,-614
2026-09-04T00:03:34.976040+00:00,1788480211,6715,351 Bridgeport/WhiteRock,15251700,5533,11,-595
2026-09-04T00:03:34.976040+00:00,1788480211,6715,351 Bridgeport/WhiteRock,15251700,5534,12,-598
2026-09-04T00:03:34.976040+00:00,1788480211,6715,351 Bridgeport/WhiteRock,15251700,5535,13,-566
2026-09-04T00:03:34.976040+00:00,1788480211,6715,351 Bridgeport/WhiteRock,15251700,5536,14,-569
2026-09-04T00:03:34.976040+00:00,1788480211,6715,351 Bridgeport/WhiteRock,15251700,5537,15,-543
2026-09-04T00:03:34.976040+00:00,1788480211,6715,351 Bridgeport/WhiteRock,15251700,5538,16,-538
2026-09-04T00:03:34.976040+00:00,1788480211,6715,351 Bridgeport/WhiteRock,15251700,5541,17,-485
2026-09-04T00:03:34.976040+00:00,1788480211,6715,351 Bridgeport/WhiteRock,15251700,5542,18,-465
2026-09-04T00:03:34.976040+00:00,1788480211,6715,351 Bridgeport/WhiteRock,15251700,6340,19,-419
2026-09-04T00:03:34.976040+00:00,1788480211,6715,351 Bridgeport/WhiteRock,15251700,6341,20,-398
2026-09-04T00:03:34.976040+00:00,1788480211,6715,351 Bridgeport/WhiteRock,15251700,6167,21,-387
2026-09-04T00:03:34.976040+00:00,1788480211,6715,351 Bridgeport/WhiteRock,15251701,11267,1,0
2026-09-04T00:03:34.976040+00:00,1788480211,6715,351 Bridgeport/WhiteRock,15251701,8283,2,-389
2026-09-04T00:03:34.976040+00:00,1788480211,6715,351 Bridgeport/WhiteRock,15251701,4929,3,0
2026-09-04T00:03:34.976040+00:00,1788480211,6715,351 Bridgeport/WhiteRock,15251701,6175,4,-631
2026-09-04T00:03:34.976040+00:00,1788480211,6715,351 Bridgeport/WhiteRock,15251701,5524,5,-584
2026-09-04T00:03:34.976040+00:00,1788480211,6715,351 Bridgeport/WhiteRock,15251701,5525,6,-597
2026-09-04T00:03:34.976040+00:00,1788480211,6715,351 Bridgeport/WhiteRock,15251701,10443,7,-589
2026-09-04T00:03:34.976040+00:00,1788480211,6715,351 Bridgeport/WhiteRock,15251701,5528,8,-569
2026-09-04T00:03:34.976040+00:00,1788480211,6715,351 Bridgeport/WhiteRock,15251701,5529,9,-575
2026-09-04T00:03:34.976040+00:00,1788480211,6715,351 Bridgeport/WhiteRock,15251701,5530,10,-572
2026-09-04T00:03:34.976040+00:00,1788480211,6715,351 Bridgeport/WhiteRock,15251701,5533,11,-552
2026-09-04T00:03:34.976040+00:00,1788480211,6715,351 Bridgeport/WhiteRock,15251701,5534,12,-553
2026-09-04T00:03:34.976040+00:00,1788480211,6715,351 Bridgeport/WhiteRock,15251701,5535,13,-526
2026-09-04T00:03:34.976040+00:00,1788480211,6715,351 Bridgeport/WhiteRock,15251701,5536,14,-529
2026-09-04T00:03:34.976040+00:00,1788480211,6715,351 Bridgeport/WhiteRock,15251701,5537,15,-506
2026-09-04T00:03:34.976040+00:00,1788480211,6715,351 Bridgeport/WhiteRock,15251701,5538,16,-500
2026-09-04T00:03:34.976040+00:00,1788480211,6715,351 Bridgeport/WhiteRock,15251701,5541,17,-448
2026-09-04T00:03:34.976040+00:00,1788480211,6715,351 Bridgeport/WhiteRock,15251701,5542,18,-428
2026-09-04T00:03:34.976040+00:00,1788480211,6715,351 Bridgeport/WhiteRock,15251701,6340,19,-375
2026-09-04T00:03:34.976040+00:00,1788480211,6715,351 Bridgeport/WhiteRock,15251701,6341,20,-355
2026-09-04T00:03:34.976040+00:00,1788480211,6715,351 Bridgeport/WhiteRock,15251701,6167,21,-342
2026-09-04T00:03:34.976040+00:00,1788480211,11692,364 Langley Centre/Scottsdale,15252683,11076,21,0
2026-09-04T00:03:34.976040+00:00,1788480211,11692,364 Langley Centre/Scottsdale,15252683,12645,22,-267
2026-09-04T00:03:34.976040+00:00,1788480211,11692,364 Langley Centre/Scottsdale,15252683,9525,23,-267
2026-09-04T00:03:34.976040+00:00,1788480211,11692,364 Langley Centre/Scottsdale,15252683,10148,24,-251
2026-09-04T00:03:34.976040+00:00,1788480211,11692,364 Langley Centre/Scottsdale,15252683,10585,25,-280
2026-09-04T00:03:34.976040+00:00,1788480211,11692,364 Langley Centre/Scottsdale,15252683,10250,26,-296
2026-09-04T00:03:34.976040+00:00,1788480211,11692,364 Langley Centre/Scottsdale,15252683,10588,27,-310
2026-09-04T00:03:34.976040+00:00,1788480211,11692,364 Langley Centre/Scottsdale,15252683,10248,28,-252
2026-09-04T00:03:34.976040+00:00,1788480211,11692,364 Langley Centre/Scottsdale,15252683,10726,29,-252
2026-09-04T00:03:34.976040+00:00,1788480211,11692,364 Langley Centre/Scottsdale,15252683,10725,30,-269
2026-09-04T00:03:34.976040+00:00,1788480211,11692,364 Langley Centre/Scottsdale,15252683,10727,31,-289
2026-09-04T00:03:34.976040+00:00,1788480211,11692,364 Langley Centre/Scottsdale,15252683,10251,32,-307
2026-09-04T00:03:34.976040+00:00,1788480211,11692,364 Langley Centre/Scottsdale,15252683,10252,33,-338
2026-09-04T00:03:34.976040+00:00,1788480211,11692,364 Langley Centre/Scottsdale,15252683,10253,34,-360
2026-09-04T00:03:34.976040+00:00,1788480211,11692,364 Langley Centre/Scottsdale,15252683,10255,35,-387
2026-09-04T00:03:34.976040+00:00,1788480211,11692,364 Langley Centre/Scottsdale,15252683,5332,36,-332
2026-09-04T00:03:34.976040+00:00,1788480211,11692,364 Langley Centre/Scottsdale,15252683,12497,37,-366
2026-09-04T00:03:34.976040+00:00,1788480211,11692,364 Langley Centre/Scottsdale,15252683,5334,38,-382
2026-09-04T00:03:34.976040+00:00,1788480211,11692,364 Langley Centre/Scottsdale,15252683,6472,39,-374
2026-09-04T00:03:34.976040+00:00,1788480211,11692,364 Langley Centre/Scottsdale,15252683,6473,40,-380
2026-09-04T00:03:34.976040+00:00,1788480211,11692,364 Langley Centre/Scottsdale,15252683,6474,41,-391
2026-09-04T00:03:34.976040+00:00,1788480211,11692,364 Langley Centre/Scottsdale,15252683,9306,42,-337
2026-09-04T00:03:34.976040+00:00,1788480211,11692,364 Langley Centre/Scottsdale,15252683,11125,43,-344
2026-09-04T00:03:34.976040+00:00,1788480211,11692,364 Langley Centre/Scottsdale,15252683,9294,44,-353
2026-09-04T00:03:34.976040+00:00,1788480211,11692,364 Langley Centre/Scottsdale,15252683,9293,45,-365
2026-09-04T00:03:34.976040+00:00,1788480211,11692,364 Langley Centre/Scottsdale,15252683,11126,46,-357
2026-09-04T00:03:34.976040+00:00,1788480211,11692,364 Langley Centre/Scottsdale,15252683,7094,47,-389
2026-09-04T00:03:34.976040+00:00,1788480211,11692,364 Langley Centre/Scottsdale,15252684,10725,30,673
2026-09-04T00:03:34.976040+00:00,1788480211,11692,364 Langley Centre/Scottsdale,15252684,10727,31,652
2026-09-04T00:03:34.976040+00:00,1788480211,11692,364 Langley Centre/Scottsdale,15252684,10251,32,635
2026-09-04T00:03:34.976040+00:00,1788480211,11692,364 Langley Centre/Scottsdale,15252684,10252,33,605
2026-09-04T00:03:34.976040+00:00,1788480211,11692,364 Langley Centre/Scottsdale,15252684,10253,34,584
2026-09-04T00:03:34.976040+00:00,1788480211,11692,364 Langley Centre/Scottsdale,15252684,10255,35,558
2026-09-04T00:03:34.976040+00:00,1788480211,11692,364 Langley Centre/Scottsdale,15252684,5332,36,613
2026-09-04T00:03:34.976040+00:00,1788480211,11692,364 Langley Centre/Scottsdale,15252684,12497,37,576
2026-09-04T00:03:34.976040+00:00,1788480211,11692,364 Langley Centre/Scottsdale,15252684,5334,38,560
2026-09-04T00:03:34.976040+00:00,1788480211,11692,364 Langley Centre/Scottsdale,15252684,6472,39,567
2026-09-04T00:03:34.976040+00:00,1788480211,11692,364 Langley Centre/Scottsdale,15252684,6473,40,563
2026-09-04T00:03:34.976040+00:00,1788480211,11692,364 Langley Centre/Scottsdale,15252684,6474,41,555
2026-09-04T00:03:34.976040+00:00,1788480211,11692,364 Langley Centre/Scottsdale,15252684,9306,42,611
2026-09-04T00:03:34.976040+00:00,1788480211,11692,364 Langley Centre/Scottsdale,15252684,11125,43,596
2026-09-04T00:03:34.976040+00:00,1788480211,11692,364 Langley Centre/Scottsdale,15252684,9294,44,605
2026-09-04T00:03:34.976040+00:00,1788480211,11692,364 Langley Centre/Scottsdale,15252684,9293,45,593
2026-09-04T00:03:34.976040+00:00,1788480211,11692,364 Langley Centre/Scottsdale,15252684,11126,46,602
2026-09-04T00:03:34.976040+00:00,1788480211,11692,364 Langley Centre/Scottsdale,15252684,7094,47,570
2026-09-04T00:03:34.976040+00:00,1788480211,11692,364 Langley Centre/Scottsdale,15252697,10585,25,90
2026-09-04T00:03:34.976040+00:00,1788480211,11692,364 Langley Centre/Scottsdale,15252697,10250,26,74
2026-09-04T00:03:34.976040+00:00,1788480211,11692,364 Langley Centre/Scottsdale,15252697,10588,27,61
2026-09-04T00:03:34.976040+00:00,1788480211,11692,364 Langley Centre/Scottsdale,15252697,10248,28,119
2026-09-04T00:03:34.976040+00:00,1788480211,11692,364 Langley Centre/Scottsdale,15252697,10726,29,117
2026-09-04T00:03:34.976040+00:00,1788480211,11692,364 Langley Centre/Scottsdale,15252697,10725,30,103
2026-09-04T00:03:34.976040+00:00,1788480211,11692,364 Langley Centre/Scottsdale,15252697,10727,31,84
2026-09-04T00:03:34.976040+00:00,1788480211,11692,364 Langley Centre/Scottsdale,15252697,10251,32,66
2026-09-04T00:03:34.976040+00:00,1788480211,11692,364 Langley Centre/Scottsdale,15252697,10252,33,36
2026-09-04T00:03:34.976040+00:00,1788480211,11692,364 Langley Centre/Scottsdale,15252697,10253,34,15
2026-09-04T00:03:34.976040+00:00,1788480211,11692,364 Langley Centre/Scottsdale,15252697,10255,35,-11
2026-09-04T00:03:34.976040+00:00,1788480211,11692,364 Langley Centre/Scottsdale,15252697,5332,36,44
2026-09-04T00:03:34.976040+00:00,1788480211,11692,364 Langley Centre/Scottsdale,15252697,12497,37,8
2026-09-04T00:03:34.976040+00:00,1788480211,11692,364 Langley Centre/Scottsdale,15252697,5334,38,-8
2026-09-04T00:03:34.976040+00:00,1788480211,11692,364 Langley Centre/Scottsdale,15252697,6472,39,-1
2026-09-04T00:03:34.976040+00:00,1788480211,11692,364 Langley Centre/Scottsdale,15252697,6473,40,-5
2026-09-04T00:03:34.976040+00:00,1788480211,11692,364 Langley Centre/Scottsdale,15252697,6474,41,-14
2026-09-04T00:03:34.976040+00:00,1788480211,11692,364 Langley Centre/Scottsdale,15252697,9306,42,40
2026-09-04T00:03:34.976040+00:00,1788480211,11692,364 Langley Centre/Scottsdale,15252697,11125,43,28
2026-09-04T00:03:34.976040+00:00,1788480211,11692,364 Langley Centre/Scottsdale,15252697,9294,44,44
2026-09-04T00:03:34.976040+00:00,1788480211,11692,364 Langley Centre/Scottsdale,15252697,9293,45,32
2026-09-04T00:03:34.976040+00:00,1788480211,11692,364 Langley Centre/Scottsdale,15252697,11126,46,40
2026-09-04T00:03:34.976040+00:00,1788480211,11692,364 Langley Centre/Scottsdale,15252697,7094,47,8
2026-09-04T00:03:34.976040+00:00,1788480211,11692,364 Langley Centre/Scottsdale,15252700,5583,10,31
2026-09-04T00:03:34.976040+00:00,1788480211,11692,364 Langley Centre/Scottsdale,15252700,5584,11,-11
2026-09-04T00:03:34.976040+00:00,1788480211,11692,364 Langley Centre/Scottsdale,15252700,6464,12,-37
2026-09-04T00:03:34.976040+00:00,1788480211,11692,364 Langley Centre/Scottsdale,15252700,6465,13,-72
2026-09-04T00:03:34.976040+00:00,1788480211,11692,364 Langley Centre/Scottsdale,15252700,11074,14,-35
2026-09-04T00:03:34.976040+00:00,1788480211,11692,364 Langley Centre/Scottsdale,15252700,11153,15,-75
2026-09-04T00:03:34.976040+00:00,1788480211,11692,364 Langley Centre/Scottsdale,15252700,11150,16,-124
2026-09-04T00:03:34.976040+00:00,1788480211,11692,364 Langley Centre/Scottsdale,15252700,11148,17,-157
2026-09-04T00:03:34.976040+00:00,1788480211,11692,364 Langley Centre/Scottsdale,15252700,11124,18,-152
2026-09-04T00:03:34.976040+00:00,1788480211,11692,364 Langley Centre/Scottsdale,15252700,11140,19,-199
2026-09-04T00:03:34.976040+00:00,1788480211,11692,364 Langley Centre/Scottsdale,15252700,11145,20,-210
2026-09-04T00:03:34.976040+00:00,1788480211,11692,364 Langley Centre/Scottsdale,15252700,11076,21,0
2026-09-04T00:03:34.976040+00:00,1788480211,11692,364 Langley Centre/Scottsdale,15252700,12645,22,-233
2026-09-04T00:03:34.976040+00:00,1788480211,11692,364 Langley Centre/Scottsdale,15252700,9525,23,-233
2026-09-04T00:03:34.976040+00:00,1788480211,11692,364 Langley Centre/Scottsdale,15252700,10148,24,-211
2026-09-04T00:03:34.976040+00:00,1788480211,11692,364 Langley Centre/Scottsdale,15252700,10585,25,-235
2026-09-04T00:03:34.976040+00:00,1788480211,11692,364 Langley Centre/Scottsdale,15252700,10250,26,-245
2026-09-04T00:03:34.976040+00:00,1788480211,11692,364 Langley Centre/Scottsdale,15252700,10588,27,-255
2026-09-04T00:03:34.976040+00:00,1788480211,11692,364 Langley Centre/Scottsdale,15252700,10248,28,-190
2026-09-04T00:03:34.976040+00:00,1788480211,11692,364 Langley Centre/Scottsdale,15252700,10726,29,-187
2026-09-04T00:03:34.976040+00:00,1788480211,11692,364 Langley Centre/Scottsdale,15252700,10725,30,-200
2026-09-04T00:03:34.976040+00:00,1788480211,11692,364 Langley Centre/Scottsdale,15252700,10727,31,-215
2026-09-04T00:03:34.976040+00:00,1788480211,11692,364 Langley Centre/Scottsdale,15252700,10251,32,-223
2026-09-04T00:03:34.976040+00:00,1788480211,11692,364 Langley Centre/Scottsdale,15252700,10252,33,-249
2026-09-04T00:03:34.976040+00:00,1788480211,11692,364 Langley Centre/Scottsdale,15252700,10253,34,-261
2026-09-04T00:03:34.976040+00:00,1788480211,11692,364 Langley Centre/Scottsdale,15252700,10255,35,-281
2026-09-04T00:03:34.976040+00:00,1788480211,11692,364 Langley Centre/Scottsdale,15252700,5332,36,-220
2026-09-04T00:03:34.976040+00:00,1788480211,11692,364 Langley Centre/Scottsdale,15252700,12497,37,-250
2026-09-04T00:03:34.976040+00:00,1788480211,11692,364 Langley Centre/Scottsdale,15252700,5334,38,-260
2026-09-04T00:03:34.976040+00:00,1788480211,11692,364 Langley Centre/Scottsdale,15252700,6472,39,-252
2026-09-04T00:03:34.976040+00:00,1788480211,11692,364 Langley Centre/Scottsdale,15252700,6473,40,-256
2026-09-04T00:03:34.976040+00:00,1788480211,11692,364 Langley Centre/Scottsdale,15252700,6474,41,-261
2026-09-04T00:03:34.976040+00:00,1788480211,11692,364 Langley Centre/Scottsdale,15252700,9306,42,-207
2026-09-04T00:03:34.976040+00:00,1788480211,11692,364 Langley Centre/Scottsdale,15252700,11125,43,-205
2026-09-04T00:03:34.976040+00:00,1788480211,11692,364 Langley Centre/Scottsdale,15252700,9294,44,-198
2026-09-04T00:03:34.976040+00:00,1788480211,11692,364 Langley Centre/Scottsdale,15252700,9293,45,-208
2026-09-04T00:03:34.976040+00:00,1788480211,11692,364 Langley Centre/Scottsdale,15252700,11126,46,-196
2026-09-04T00:03:34.976040+00:00,1788480211,11692,364 Langley Centre/Scottsdale,15252700,7094,47,-208
2026-09-04T00:03:34.976040+00:00,1788480211,11692,364 Langley Centre/Scottsdale,15252715,10729,19,-48
2026-09-04T00:03:34.976040+00:00,1788480211,11692,364 Langley Centre/Scottsdale,15252715,13067,20,-73
2026-09-04T00:03:34.976040+00:00,1788480211,11692,364 Langley Centre/Scottsdale,15252715,10633,21,-96
2026-09-04T00:03:34.976040+00:00,1788480211,11692,364 Langley Centre/Scottsdale,15252715,10149,22,2
2026-09-04T00:03:34.976040+00:00,1788480211,11692,364 Langley Centre/Scottsdale,15252715,10587,23,-21
2026-09-04T00:03:34.976040+00:00,1788480211,11692,364 Langley Centre/Scottsdale,15252715,10261,24,-61
2026-09-04T00:03:34.976040+00:00,1788480211,11692,364 Langley Centre/Scottsdale,15252715,10586,25,-102
2026-09-04T00:03:34.976040+00:00,1788480211,11692,364 Langley Centre/Scottsdale,15252715,9547,26,-72
2026-09-04T00:03:34.976040+00:00,1788480211,11692,364 Langley Centre/Scottsdale,15252715,9526,27,-104
2026-09-04T00:03:34.976040+00:00,1788480211,11692,364 Langley Centre/Scottsdale,15252715,12646,28,-121
2026-09-04T00:03:34.976040+00:00,1788480211,11692,364 Langley Centre/Scottsdale,15252715,11075,29,-145
2026-09-04T00:03:34.976040+00:00,1788480211,11692,364 Langley Centre/Scottsdale,15252715,11174,30,-175
2026-09-04T00:03:34.976040+00:00,1788480211,11692,364 Langley Centre/Scottsdale,15252715,11175,31,-209
2026-09-04T00:03:34.976040+00:00,1788480211,11692,364 Langley Centre/Scottsdale,15252715,11123,32,-163
2026-09-04T00:03:34.976040+00:00,1788480211,11692,364 Langley Centre/Scottsdale,15252715,11176,33,-167
2026-09-04T00:03:34.976040+00:00,1788480211,11692,364 Langley Centre/Scottsdale,15252715,11177,34,-198
2026-09-04T00:03:34.976040+00:00,1788480211,11692,364 Langley Centre/Scottsdale,15252715,11178,35,-231
2026-09-04T00:03:34.976040+00:00,1788480211,11692,364 Langley Centre/Scottsdale,15252715,6459,36,-144
2026-09-04T00:03:34.976040+00:00,1788480211,11692,364 Langley Centre/Scottsdale,15252715,6460,37,-154
2026-09-04T00:03:34.976040+00:00,1788480211,11692,364 Langley Centre/Scottsdale,15252715,5621,38,-153
2026-09-04T00:03:34.976040+00:00,1788480211,11692,364 Langley Centre/Scottsdale,15252715,5622,39,-180
2026-09-04T00:03:34.976040+00:00,1788480211,11692,364 Langley Centre/Scottsdale,15252715,11122,40,-149
2026-09-04T00:03:34.976040+00:00,1788480211,11692,364 Langley Centre/Scottsdale,15252715,11155,41,-168
2026-09-04T00:03:34.976040+00:00,1788480211,11692,364 Langley Centre/Scottsdale,15252715,11143,42,-182
2026-09-04T00:03:34.976040+00:00,1788480211,11692,364 Langley Centre/Scottsdale,15252715,11141,43,-217
2026-09-04T00:03:34.976040+00:00,1788480211,11692,364 Langley Centre/Scottsdale,15252715,4936,44,-211
2026-09-04T00:03:34.976040+00:00,1788480211,11692,364 Langley Centre/Scottsdale,15252715,4937,45,-235
2026-09-04T00:03:34.976040+00:00,1788480211,11692,364 Langley Centre/Scottsdale,15252715,4938,46,-262
2026-09-04T00:03:34.976040+00:00,1788480211,11692,364 Langley Centre/Scottsdale,15252715,5229,47,-264
2026-09-04T00:03:34.976040+00:00,1788480211,11692,364 Langley Centre/Scottsdale,15252715,4917,48,-204
2026-09-04T00:03:34.976040+00:00,1788480211,11692,364 Langley Centre/Scottsdale,15252736,11174,30,531
2026-09-04T00:03:34.976040+00:00,1788480211,11692,364 Langley Centre/Scottsdale,15252736,11175,31,496
2026-09-04T00:03:34.976040+00:00,1788480211,11692,364 Langley Centre/Scottsdale,15252736,11123,32,538
2026-09-04T00:03:34.976040+00:00,1788480211,11692,364 Langley Centre/Scottsdale,15252736,11176,33,529
2026-09-04T00:03:34.976040+00:00,1788480211,11692,364 Langley Centre/Scottsdale,15252736,11177,34,494
2026-09-04T00:03:34.976040+00:00,1788480211,11692,364 Langley Centre/Scottsdale,15252736,11178,35,459
2026-09-04T00:03:34.976040+00:00,1788480211,11692,364 Langley Centre/Scottsdale,15252736,6459,36,543
2026-09-04T00:03:34.976040+00:00,1788480211,11692,364 Langley Centre/Scottsdale,15252736,6460,37,529
2026-09-04T00:03:34.976040+00:00,1788480211,11692,364 Langley Centre/Scottsdale,15252736,5621,38,526
2026-09-04T00:03:34.976040+00:00,1788480211,11692,364 Langley Centre/Scottsdale,15252736,5622,39,495
2026-09-04T00:03:34.976040+00:00,1788480211,11692,364 Langley Centre/Scottsdale,15252736,11122,40,522
2026-09-04T00:03:34.976040+00:00,1788480211,11692,364 Langley Centre/Scottsdale,15252736,11155,41,499
2026-09-04T00:03:34.976040+00:00,1788480211,11692,364 Langley Centre/Scottsdale,15252736,11143,42,481
2026-09-04T00:03:34.976040+00:00,1788480211,11692,364 Langley Centre/Scottsdale,15252736,11141,43,442
2026-09-04T00:03:34.976040+00:00,1788480211,11692,364 Langley Centre/Scottsdale,15252736,4936,44,452
2026-09-04T00:03:34.976040+00:00,1788480211,11692,364 Langley Centre/Scottsdale,15252736,4937,45,428
2026-09-04T00:03:34.976040+00:00,1788480211,11692,364 Langley Centre/Scottsdale,15252736,4938,46,402
2026-09-04T00:03:34.976040+00:00,1788480211,11692,364 Langley Centre/Scottsdale,15252736,5229,47,398
2026-09-04T00:03:34.976040+00:00,1788480211,11692,364 Langley Centre/Scottsdale,15252736,4917,48,456
2026-09-04T00:03:34.976040+00:00,1788480211,11692,364 Langley Centre/Scottsdale,15252751,11075,29,-318
2026-09-04T00:03:34.976040+00:00,1788480211,11692,364 Langley Centre/Scottsdale,15252751,11174,30,-355
2026-09-04T00:03:34.976040+00:00,1788480211,11692,364 Langley Centre/Scottsdale,15252751,11175,31,-390
2026-09-04T00:03:34.976040+00:00,1788480211,11692,364 Langley Centre/Scottsdale,15252751,11123,32,-348
2026-09-04T00:03:34.976040+00:00,1788480211,11692,364 Langley Centre/Scottsdale,15252751,11176,33,-357
2026-09-04T00:03:34.976040+00:00,1788480211,11692,364 Langley Centre/Scottsdale,15252751,11177,34,-392
2026-09-04T00:03:34.976040+00:00,1788480211,11692,364 Langley Centre/Scottsdale,15252751,11178,35,-427
2026-09-04T00:03:34.976040+00:00,1788480211,11692,364 Langley Centre/Scottsdale,15252751,6459,36,-343
2026-09-04T00:03:34.976040+00:00,1788480211,11692,364 Langley Centre/Scottsdale,15252751,6460,37,-357
2026-09-04T00:03:34.976040+00:00,1788480211,11692,364 Langley Centre/Scottsdale,15252751,5621,38,-360
2026-09-04T00:03:34.976040+00:00,1788480211,11692,364 Langley Centre/Scottsdale,15252751,5622,39,-392
2026-09-04T00:03:34.976040+00:00,1788480211,11692,364 Langley Centre/Scottsdale,15252751,11122,40,-365
2026-09-04T00:03:34.976040+00:00,1788480211,11692,364 Langley Centre/Scottsdale,15252751,11155,41,-389
2026-09-04T00:03:34.976040+00:00,1788480211,11692,364 Langley Centre/Scottsdale,15252751,11143,42,-407
2026-09-04T00:03:34.976040+00:00,1788480211,11692,364 Langley Centre/Scottsdale,15252751,11141,43,-446
2026-09-04T00:03:34.976040+00:00,1788480211,11692,364 Langley Centre/Scottsdale,15252751,4936,44,-441
2026-09-04T00:03:34.976040+00:00,1788480211,11692,364 Langley Centre/Scottsdale,15252751,4937,45,-468
2026-09-04T00:03:34.976040+00:00,1788480211,11692,364 Langley Centre/Scottsdale,15252751,4938,46,-498
2026-09-04T00:03:34.976040+00:00,1788480211,11692,364 Langley Centre/Scottsdale,15252751,5229,47,-505
2026-09-04T00:03:34.976040+00:00,1788480211,11692,364 Langley Centre/Scottsdale,15252751,4917,48,-449
2026-09-04T00:03:34.976040+00:00,1788480211,11692,364 Langley Centre/Scottsdale,15252752,5381,11,-204
2026-09-04T00:03:34.976040+00:00,1788480211,11692,364 Langley Centre/Scottsdale,15252752,12496,12,-214
2026-09-04T00:03:34.976040+00:00,1788480211,11692,364 Langley Centre/Scottsdale,15252752,5382,13,-250
2026-09-04T00:03:34.976040+00:00,1788480211,11692,364 Langley Centre/Scottsdale,15252752,12516,14,-113
2026-09-04T00:03:34.976040+00:00,1788480211,11692,364 Langley Centre/Scottsdale,15252752,10257,15,-171
2026-09-04T00:03:34.976040+00:00,1788480211,11692,364 Langley Centre/Scottsdale,15252752,10258,16,-198
2026-09-04T00:03:34.976040+00:00,1788480211,11692,364 Langley Centre/Scottsdale,15252752,10259,17,-257
2026-09-04T00:03:34.976040+00:00,1788480211,11692,364 Langley Centre/Scottsdale,15252752,10260,18,0
2026-09-04T00:03:34.976040+00:00,1788480211,11692,364 Langley Centre/Scottsdale,15252752,10729,19,-55
2026-09-04T00:03:34.976040+00:00,1788480211,11692,364 Langley Centre/Scottsdale,15252752,13067,20,-80
2026-09-04T00:03:34.976040+00:00,1788480211,11692,364 Langley Centre/Scottsdale,15252752,10633,21,-103
2026-09-04T00:03:34.976040+00:00,1788480211,11692,364 Langley Centre/Scottsdale,15252752,10149,22,-5
2026-09-04T00:03:34.976040+00:00,1788480211,11692,364 Langley Centre/Scottsdale,15252752,10587,23,-28
2026-09-04T00:03:34.976040+00:00,1788480211,11692,364 Langley Centre/Scottsdale,15252752,10261,24,-68
2026-09-04T00:03:34.976040+00:00,1788480211,11692,364 Langley Centre/Scottsdale,15252752,10586,25,-109
2026-09-04T00:03:34.976040+00:00,1788480211,11692,364 Langley Centre/Scottsdale,15252752,9547,26,-79
2026-09-04T00:03:34.976040+00:00,1788480211,11692,364 Langley Centre/Scottsdale,15252752,9526,27,-111
2026-09-04T00:03:34.976040+00:00,1788480211,11692,364 Langley Centre/Scottsdale,15252752,12646,28,-128
2026-09-04T00:03:34.976040+00:00,1788480211,11692,364 Langley Centre/Scottsdale,15252752,11075,29,-153
2026-09-04T00:03:34.976040+00:00,1788480211,11692,364 Langley Centre/Scottsdale,15252752,11174,30,-183
2026-09-04T00:03:34.976040+00:00,1788480211,11692,364 Langley Centre/Scottsdale,15252752,11175,31,-215
2026-09-04T00:03:34.976040+00:00,1788480211,11692,364 Langley Centre/Scottsdale,15252752,11123,32,-170
2026-09-04T00:03:34.976040+00:00,1788480211,11692,364 Langley Centre/Scottsdale,15252752,11176,33,-176
2026-09-04T00:03:34.976040+00:00,1788480211,11692,364 Langley Centre/Scottsdale,15252752,11177,34,-206
2026-09-04T00:03:34.976040+00:00,1788480211,11692,364 Langley Centre/Scottsdale,15252752,11178,35,-238
2026-09-04T00:03:34.976040+00:00,1788480211,11692,364 Langley Centre/Scottsdale,15252752,6459,36,-151
2026-09-04T00:03:34.976040+00:00,1788480211,11692,364 Langley Centre/Scottsdale,15252752,6460,37,-161
2026-09-04T00:03:34.976040+00:00,1788480211,11692,364 Langley Centre/Scottsdale,15252752,5621,38,-160
2026-09-04T00:03:34.976040+00:00,1788480211,11692,364 Langley Centre/Scottsdale,15252752,5622,39,-187
2026-09-04T00:03:34.976040+00:00,1788480211,11692,364 Langley Centre/Scottsdale,15252752,11122,40,-156
2026-09-04T00:03:34.976040+00:00,1788480211,11692,364 Langley Centre/Scottsdale,15252752,11155,41,-176
2026-09-04T00:03:34.976040+00:00,1788480211,11692,364 Langley Centre/Scottsdale,15252752,11143,42,-190
2026-09-04T00:03:34.976040+00:00,1788480211,11692,364 Langley Centre/Scottsdale,15252752,11141,43,-225
2026-09-04T00:03:34.976040+00:00,1788480211,11692,364 Langley Centre/Scottsdale,15252752,4936,44,-219
2026-09-04T00:03:34.976040+00:00,1788480211,11692,364 Langley Centre/Scottsdale,15252752,4937,45,-243
2026-09-04T00:03:34.976040+00:00,1788480211,11692,364 Langley Centre/Scottsdale,15252752,4938,46,-271
2026-09-04T00:03:34.976040+00:00,1788480211,11692,364 Langley Centre/Scottsdale,15252752,5229,47,-273
2026-09-04T00:03:34.976040+00:00,1788480211,11692,364 Langley Centre/Scottsdale,15252752,4917,48,-214
2026-09-04T00:03:34.976040+00:00,1788480211,11692,364 Langley Centre/Scottsdale,15252759,4917,48,233
2026-09-04T00:03:34.976040+00:00,1788480211,18705,531 WhiteRock/WillowBrook,15259154,8940,42,241
2026-09-04T00:03:34.976040+00:00,1788480211,18705,531 WhiteRock/WillowBrook,15259154,5341,43,230
2026-09-04T00:03:34.976040+00:00,1788480211,18705,531 WhiteRock/WillowBrook,15259154,5342,44,232
2026-09-04T00:03:34.976040+00:00,1788480211,18705,531 WhiteRock/WillowBrook,15259154,12293,45,250
2026-09-04T00:03:34.976040+00:00,1788480211,18705,531 WhiteRock/WillowBrook,15259154,12173,46,311
2026-09-04T00:03:34.976040+00:00,1788480211,18705,531 WhiteRock/WillowBrook,15259154,9291,47,282
2026-09-04T00:03:34.976040+00:00,1788480211,18705,531 WhiteRock/WillowBrook,15259154,9292,48,279
2026-09-04T00:03:34.976040+00:00,1788480211,18705,531 WhiteRock/WillowBrook,15259154,11264,49,301
2026-09-04T00:03:34.976040+00:00,1788480211,18705,531 WhiteRock/WillowBrook,15259154,9303,50,307
2026-09-04T00:03:34.976040+00:00,1788480211,18705,531 WhiteRock/WillowBrook,15259154,9304,51,303
2026-09-04T00:03:34.976040+00:00,1788480211,18705,531 WhiteRock/WillowBrook,15259154,6475,52,349
2026-09-04T00:03:34.976040+00:00,1788480211,18705,531 WhiteRock/WillowBrook,15259154,6476,53,337
2026-09-04T00:03:34.976040+00:00,1788480211,18705,531 WhiteRock/WillowBrook,15259154,5335,54,343
2026-09-04T00:03:34.976040+00:00,1788480211,18705,531 WhiteRock/WillowBrook,15259154,7100,55,378
2026-09-04T00:03:34.976040+00:00,1788480211,18705,531 WhiteRock/WillowBrook,15259155,13042,30,-157
2026-09-04T00:03:34.976040+00:00,1788480211,18705,531 WhiteRock/WillowBrook,15259155,8936,31,-144
2026-09-04T00:03:34.976040+00:00,1788480211,18705,531 WhiteRock/WillowBrook,15259155,9030,32,-156
2026-09-04T00:03:34.976040+00:00,1788480211,18705,531 WhiteRock/WillowBrook,15259155,8937,33,-176
2026-09-04T00:03:34.976040+00:00,1788480211,18705,531 WhiteRock/WillowBrook,15259155,8938,34,-174
2026-09-04T00:03:34.976040+00:00,1788480211,18705,531 WhiteRock/WillowBrook,15259155,7081,35,-182
2026-09-04T00:03:34.976040+00:00,1788480211,18705,531 WhiteRock/WillowBrook,15259155,7082,36,-189
2026-09-04T00:03:34.976040+00:00,1788480211,18705,531 WhiteRock/WillowBrook,15259155,7083,37,-217
2026-09-04T00:03:34.976040+00:00,1788480211,18705,531 WhiteRock/WillowBrook,15259155,7084,38,-235
2026-09-04T00:03:34.976040+00:00,1788480211,18705,531 WhiteRock/WillowBrook,15259155,7085,39,-266
2026-09-04T00:03:34.976040+00:00,1788480211,18705,531 WhiteRock/WillowBrook,15259155,8939,40,-278
2026-09-04T00:03:34.976040+00:00,1788480211,18705,531 WhiteRock/WillowBrook,15259155,7086,41,-290
2026-09-04T00:03:34.976040+00:00,1788480211,18705,531 WhiteRock/WillowBrook,15259155,8940,42,-317
2026-09-04T00:03:34.976040+00:00,1788480211,18705,531 WhiteRock/WillowBrook,15259155,5341,43,-325
2026-09-04T00:03:34.976040+00:00,1788480211,18705,531 WhiteRock/WillowBrook,15259155,5342,44,-320
2026-09-04T00:03:34.976040+00:00,1788480211,18705,531 WhiteRock/WillowBrook,15259155,12293,45,-300
2026-09-04T00:03:34.976040+00:00,1788480211,18705,531 WhiteRock/WillowBrook,15259155,12173,46,-235
2026-09-04T00:03:34.976040+00:00,1788480211,18705,531 WhiteRock/WillowBrook,15259155,9291,47,-255
2026-09-04T00:03:34.976040+00:00,1788480211,18705,531 WhiteRock/WillowBrook,15259155,9292,48,-256
2026-09-04T00:03:34.976040+00:00,1788480211,18705,531 WhiteRock/WillowBrook,15259155,11264,49,-235
2026-09-04T00:03:34.976040+00:00,1788480211,18705,531 WhiteRock/WillowBrook,15259155,9303,50,-229
2026-09-04T00:03:34.976040+00:00,1788480211,18705,531 WhiteRock/WillowBrook,15259155,9304,51,-233
2026-09-04T00:03:34.976040+00:00,1788480211,18705,531 WhiteRock/WillowBrook,15259155,6475,52,-185
2026-09-04T00:03:34.976040+00:00,1788480211,18705,531 WhiteRock/WillowBrook,15259155,6476,53,-196
2026-09-04T00:03:34.976040+00:00,1788480211,18705,531 WhiteRock/WillowBrook,15259155,5335,54,-189
2026-09-04T00:03:34.976040+00:00,1788480211,18705,531 WhiteRock/WillowBrook,15259155,7100,55,-153
2026-09-04T00:03:34.976040+00:00,1788480211,18705,531 WhiteRock/WillowBrook,15259176,11743,14,67
2026-09-04T00:03:34.976040+00:00,1788480211,18705,531 WhiteRock/WillowBrook,15259176,12306,15,2
2026-09-04T00:03:34.976040+00:00,1788480211,18705,531 WhiteRock/WillowBrook,15259176,12218,16,-52
2026-09-04T00:03:34.976040+00:00,1788480211,18705,531 WhiteRock/WillowBrook,15259176,11924,17,-120
2026-09-04T00:03:34.976040+00:00,1788480211,18705,531 WhiteRock/WillowBrook,15259176,13131,18,-159
2026-09-04T00:03:34.976040+00:00,1788480211,18705,531 WhiteRock/WillowBrook,15259176,11923,19,-186
2026-09-04T00:03:34.976040+00:00,1788480211,18705,531 WhiteRock/WillowBrook,15259176,12597,20,-257
2026-09-04T00:03:34.976040+00:00,1788480211,18705,531 WhiteRock/WillowBrook,15259176,11922,21,-274
2026-09-04T00:03:34.976040+00:00,1788480211,18705,531 WhiteRock/WillowBrook,15259176,11744,22,-262
2026-09-04T00:03:34.976040+00:00,1788480211,18705,531 WhiteRock/WillowBrook,15259176,11746,23,-278
2026-09-04T00:03:34.976040+00:00,1788480211,18705,531 WhiteRock/WillowBrook,15259176,11839,24,-271
2026-09-04T00:03:34.976040+00:00,1788480211,18705,531 WhiteRock/WillowBrook,15259176,12922,25,-284
2026-09-04T00:03:34.976040+00:00,1788480211,18705,531 WhiteRock/WillowBrook,15259176,12923,26,-318
2026-09-04T00:03:34.976040+00:00,1788480211,18705,531 WhiteRock/WillowBrook,15259176,12925,27,-310
2026-09-04T00:03:34.976040+00:00,1788480211,18705,531 WhiteRock/WillowBrook,15259176,12928,28,-338
2026-09-04T00:03:34.976040+00:00,1788480211,18705,531 WhiteRock/WillowBrook,15259176,12930,29,-361
2026-09-04T00:03:34.976040+00:00,1788480211,18705,531 WhiteRock/WillowBrook,15259176,13042,30,-377
2026-09-04T00:03:34.976040+00:00,1788480211,18705,531 WhiteRock/WillowBrook,15259176,8936,31,-363
2026-09-04T00:03:34.976040+00:00,1788480211,18705,531 WhiteRock/WillowBrook,15259176,9030,32,-375
2026-09-04T00:03:34.976040+00:00,1788480211,18705,531 WhiteRock/WillowBrook,15259176,8937,33,-395
2026-09-04T00:03:34.976040+00:00,1788480211,18705,531 WhiteRock/WillowBrook,15259176,8938,34,-397
2026-09-04T00:03:34.976040+00:00,1788480211,18705,531 WhiteRock/WillowBrook,15259176,7081,35,-406
2026-09-04T00:03:34.976040+00:00,1788480211,18705,531 WhiteRock/WillowBrook,15259176,7082,36,-412
2026-09-04T00:03:34.976040+00:00,1788480211,18705,531 WhiteRock/WillowBrook,15259176,7083,37,-439
2026-09-04T00:03:34.976040+00:00,1788480211,18705,531 WhiteRock/WillowBrook,15259176,7084,38,-457
2026-09-04T00:03:34.976040+00:00,1788480211,18705,531 WhiteRock/WillowBrook,15259176,7085,39,-491
2026-09-04T00:03:34.976040+00:00,1788480211,18705,531 WhiteRock/WillowBrook,15259176,8939,40,-504
2026-09-04T00:03:34.976040+00:00,1788480211,18705,531 WhiteRock/WillowBrook,15259176,7086,41,-515
2026-09-04T00:03:34.976040+00:00,1788480211,18705,531 WhiteRock/WillowBrook,15259176,8940,42,-542
2026-09-04T00:03:34.976040+00:00,1788480211,18705,531 WhiteRock/WillowBrook,15259176,5341,43,-553
2026-09-04T00:03:34.976040+00:00,1788480211,18705,531 WhiteRock/WillowBrook,15259176,5342,44,-548
2026-09-04T00:03:34.976040+00:00,1788480211,18705,531 WhiteRock/WillowBrook,15259176,12293,45,-528
2026-09-04T00:03:34.976040+00:00,1788480211,18705,531 WhiteRock/WillowBrook,15259176,12173,46,-463
2026-09-04T00:03:34.976040+00:00,1788480211,18705,531 WhiteRock/WillowBrook,15259176,9291,47,-485
2026-09-04T00:03:34.976040+00:00,1788480211,18705,531 WhiteRock/WillowBrook,15259176,9292,48,-487
2026-09-04T00:03:34.976040+00:00,1788480211,18705,531 WhiteRock/WillowBrook,15259176,11264,49,-457
2026-09-04T00:03:34.976040+00:00,1788480211,18705,531 WhiteRock/WillowBrook,15259176,9303,50,-450
2026-09-04T00:03:34.976040+00:00,1788480211,18705,531 WhiteRock/WillowBrook,15259176,9304,51,-455
2026-09-04T00:03:34.976040+00:00,1788480211,18705,531 WhiteRock/WillowBrook,15259176,6475,52,-411
2026-09-04T00:03:34.976040+00:00,1788480211,18705,531 WhiteRock/WillowBrook,15259176,6476,53,-419
2026-09-04T00:03:34.976040+00:00,1788480211,18705,531 WhiteRock/WillowBrook,15259176,5335,54,-409
2026-09-04T00:03:34.976040+00:00,1788480211,18705,531 WhiteRock/WillowBrook,15259176,7100,55,-372
2026-09-04T00:03:34.976040+00:00,1788480211,18705,531 WhiteRock/WillowBrook,15259208,12926,28,429
2026-09-04T00:03:34.976040+00:00,1788480211,18705,531 WhiteRock/WillowBrook,15259208,12924,29,406
2026-09-04T00:03:34.976040+00:00,1788480211,18705,531 WhiteRock/WillowBrook,15259208,11751,30,402
2026-09-04T00:03:34.976040+00:00,1788480211,18705,531 WhiteRock/WillowBrook,15259208,11750,31,360
2026-09-04T00:03:34.976040+00:00,1788480211,18705,531 WhiteRock/WillowBrook,15259208,11747,32,332
2026-09-04T00:03:34.976040+00:00,1788480211,18705,531 WhiteRock/WillowBrook,15259208,11745,33,328
2026-09-04T00:03:34.976040+00:00,1788480211,18705,531 WhiteRock/WillowBrook,15259208,13040,34,319
2026-09-04T00:03:34.976040+00:00,1788480211,18705,531 WhiteRock/WillowBrook,15259208,12598,35,293
2026-09-04T00:03:34.976040+00:00,1788480211,18705,531 WhiteRock/WillowBrook,15259208,11920,36,232
2026-09-04T00:03:34.976040+00:00,1788480211,18705,531 WhiteRock/WillowBrook,15259208,13130,37,194
2026-09-04T00:03:34.976040+00:00,1788480211,18705,531 WhiteRock/WillowBrook,15259208,11925,38,157
2026-09-04T00:03:34.976040+00:00,1788480211,18705,531 WhiteRock/WillowBrook,15259208,12219,39,116
2026-09-04T00:03:34.976040+00:00,1788480211,18705,531 WhiteRock/WillowBrook,15259208,11741,40,-31
2026-09-04T00:03:34.976040+00:00,1788480211,18705,531 WhiteRock/WillowBrook,15259208,11740,41,-53
2026-09-04T00:03:34.976040+00:00,1788480211,18705,531 WhiteRock/WillowBrook,15259208,11739,42,-2
2026-09-04T00:03:34.976040+00:00,1788480211,18705,531 WhiteRock/WillowBrook,15259208,11737,43,46
2026-09-04T00:03:34.976040+00:00,1788480211,18705,531 WhiteRock/WillowBrook,15259208,11757,44,14
2026-09-04T00:03:34.976040+00:00,1788480211,18705,531 WhiteRock/WillowBrook,15259208,11735,45,52
2026-09-04T00:03:34.976040+00:00,1788480211,18705,531 WhiteRock/WillowBrook,15259208,11756,46,57
2026-09-04T00:03:34.976040+00:00,1788480211,18705,531 WhiteRock/WillowBrook,15259208,5535,47,85
2026-09-04T00:03:34.976040+00:00,1788480211,18705,531 WhiteRock/WillowBrook,15259208,5536,48,59
2026-09-04T00:03:34.976040+00:00,1788480211,18705,531 WhiteRock/WillowBrook,15259208,5537,49,52
2026-09-04T00:03:34.976040+00:00,1788480211,18705,531 WhiteRock/WillowBrook,15259208,5538,50,44
2026-09-04T00:03:34.976040+00:00,1788480211,18705,531 WhiteRock/WillowBrook,15259208,5539,51,53
2026-09-04T00:03:34.976040+00:00,1788480211,18705,531 WhiteRock/WillowBrook,15259208,5540,52,59
2026-09-04T00:03:34.976040+00:00,1788480211,18705,531 WhiteRock/WillowBrook,15259209,7092,11,300
2026-09-04T00:03:34.976040+00:00,1788480211,18705,531 WhiteRock/WillowBrook,15259209,10747,12,320
2026-09-04T00:03:34.976040+00:00,1788480211,18705,531 WhiteRock/WillowBrook,15259209,5364,13,327
2026-09-04T00:03:34.976040+00:00,1788480211,18705,531 WhiteRock/WillowBrook,15259209,11775,14,359
2026-09-04T00:03:34.976040+00:00,1788480211,18705,531 WhiteRock/WillowBrook,15259209,7171,15,330
2026-09-04T00:03:34.976040+00:00,1788480211,18705,531 WhiteRock/WillowBrook,15259209,7172,16,290
2026-09-04T00:03:34.976040+00:00,1788480211,18705,531 WhiteRock/WillowBrook,15259209,7173,17,279
2026-09-04T00:03:34.976040+00:00,1788480211,18705,531 WhiteRock/WillowBrook,15259209,7174,18,239
2026-09-04T00:03:34.976040+00:00,1788480211,18705,531 WhiteRock/WillowBrook,15259209,7175,19,226
2026-09-04T00:03:34.976040+00:00,1788480211,18705,531 WhiteRock/WillowBrook,15259209,7176,20,198
2026-09-04T00:03:34.976040+00:00,1788480211,18705,531 WhiteRock/WillowBrook,15259209,7177,21,203
2026-09-04T00:03:34.976040+00:00,1788480211,18705,531 WhiteRock/WillowBrook,15259209,8948,22,175
2026-09-04T00:03:34.976040+00:00,1788480211,18705,531 WhiteRock/WillowBrook,15259209,9031,23,155
2026-09-04T00:03:34.976040+00:00,1788480211,18705,531 WhiteRock/WillowBrook,15259209,12931,24,149
2026-09-04T00:03:34.976040+00:00,1788480211,18705,531 WhiteRock/WillowBrook,15259209,13041,25,114
2026-09-04T00:03:34.976040+00:00,1788480211,18705,531 WhiteRock/WillowBrook,15259209,12929,26,97
2026-09-04T00:03:34.976040+00:00,1788480211,18705,531 WhiteRock/WillowBrook,15259209,12927,27,65
2026-09-04T00:03:34.976040+00:00,1788480211,18705,531 WhiteRock/WillowBrook,15259209,12926,28,64
2026-09-04T00:03:34.976040+00:00,1788480211,18705,531 WhiteRock/WillowBrook,15259209,12924,29,49
2026-09-04T00:03:34.976040+00:00,1788480211,18705,531 WhiteRock/WillowBrook,15259209,11751,30,46
2026-09-04T00:03:34.976040+00:00,1788480211,18705,531 WhiteRock/WillowBrook,15259209,11750,31,5
2026-09-04T00:03:34.976040+00:00,1788480211,18705,531 WhiteRock/WillowBrook,15259209,11747,32,-22
2026-09-04T00:03:34.976040+00:00,1788480211,18705,531 WhiteRock/WillowBrook,15259209,11745,33,-24
2026-09-04T00:03:34.976040+00:00,1788480211,18705,531 WhiteRock/WillowBrook,15259209,13040,34,-33
2026-09-04T00:03:34.976040+00:00,1788480211,18705,531 WhiteRock/WillowBrook,15259209,12598,35,-59
2026-09-04T00:03:34.976040+00:00,1788480211,18705,531 WhiteRock/WillowBrook,15259209,11920,36,-119
2026-09-04T00:03:34.976040+00:00,1788480211,18705,531 WhiteRock/WillowBrook,15259209,13130,37,-157
2026-09-04T00:03:34.976040+00:00,1788480211,18705,531 WhiteRock/WillowBrook,15259209,11925,38,-194
2026-09-04T00:03:34.976040+00:00,1788480211,18705,531 WhiteRock/WillowBrook,15259209,12219,39,-230
2026-09-04T00:03:34.976040+00:00,1788480211,18705,531 WhiteRock/WillowBrook,15259209,11741,40,-377
2026-09-04T00:03:34.976040+00:00,1788480211,18705,531 WhiteRock/WillowBrook,15259209,11740,41,-400
2026-09-04T00:03:34.976040+00:00,1788480211,18705,531 WhiteRock/WillowBrook,15259209,11739,42,-350
2026-09-04T00:03:34.976040+00:00,1788480211,18705,531 WhiteRock/WillowBrook,15259209,11737,43,-303
2026-09-04T00:03:34.976040+00:00,1788480211,18705,531 WhiteRock/WillowBrook,15259209,11757,44,-335
2026-09-04T00:03:34.976040+00:00,1788480211,18705,531 WhiteRock/WillowBrook,15259209,11735,45,-297
2026-09-04T00:03:34.976040+00:00,1788480211,18705,531 WhiteRock/WillowBrook,15259209,11756,46,-290
2026-09-04T00:03:34.976040+00:00,1788480211,18705,531 WhiteRock/WillowBrook,15259209,5535,47,-261
2026-09-04T00:03:34.976040+00:00,1788480211,18705,531 WhiteRock/WillowBrook,15259209,5536,48,-289
2026-09-04T00:03:34.976040+00:00,1788480211,18705,531 WhiteRock/WillowBrook,15259209,5537,49,-296
2026-09-04T00:03:34.976040+00:00,1788480211,18705,531 WhiteRock/WillowBrook,15259209,5538,50,-304
2026-09-04T00:03:34.976040+00:00,1788480211,18705,531 WhiteRock/WillowBrook,15259209,5539,51,-295
2026-09-04T00:03:34.976040+00:00,1788480211,18705,531 WhiteRock/WillowBrook,15259209,5540,52,-287
2026-09-04T00:03:34.976040+00:00,1788480211,18705,531 WhiteRock/WillowBrook,15259221,11735,45,28
2026-09-04T00:03:34.976040+00:00,1788480211,18705,531 WhiteRock/WillowBrook,15259221,11756,46,33
2026-09-04T00:03:34.976040+00:00,1788480211,18705,531 WhiteRock/WillowBrook,15259221,5535,47,61
2026-09-04T00:03:34.976040+00:00,1788480211,18705,531 WhiteRock/WillowBrook,15259221,5536,48,34
2026-09-04T00:03:34.976040+00:00,1788480211,18705,531 WhiteRock/WillowBrook,15259221,5537,49,29
2026-09-04T00:03:34.976040+00:00,1788480211,18705,531 WhiteRock/WillowBrook,15259221,5538,50,21
2026-09-04T00:03:34.976040+00:00,1788480211,18705,531 WhiteRock/WillowBrook,15259221,5539,51,33
2026-09-04T00:03:34.976040+00:00,1788480211,18705,531 WhiteRock/WillowBrook,15259221,5540,52,39
2026-09-04T00:03:34.976040+00:00,1788480211,18705,531 WhiteRock/WillowBrook,15259222,11754,1,0
2026-09-04T00:03:34.976040+00:00,1788480211,18705,531 WhiteRock/WillowBrook,15259222,11125,5,-533
2026-09-04T00:03:34.976040+00:00,1788480211,18705,531 WhiteRock/WillowBrook,15259222,9294,6,-532
2026-09-04T00:03:34.976040+00:00,1788480211,18705,531 WhiteRock/WillowBrook,15259222,9293,7,-542
2026-09-04T00:03:34.976040+00:00,1788480211,18705,531 WhiteRock/WillowBrook,15259222,11126,8,-532
2026-09-04T00:03:34.976040+00:00,1788480211,18705,531 WhiteRock/WillowBrook,15259222,7094,9,-563
2026-09-04T00:03:34.976040+00:00,1788480211,18705,531 WhiteRock/WillowBrook,15259222,7166,10,-582
2026-09-04T00:03:34.976040+00:00,1788480211,18705,531 WhiteRock/WillowBrook,15259222,7092,11,-547
2026-09-04T00:03:34.976040+00:00,1788480211,18705,531 WhiteRock/WillowBrook,15259222,10747,12,-525
2026-09-04T00:03:34.976040+00:00,1788480211,18705,531 WhiteRock/WillowBrook,15259222,5364,13,-519
2026-09-04T00:03:34.976040+00:00,1788480211,18705,531 WhiteRock/WillowBrook,15259222,11775,14,-488
2026-09-04T00:03:34.976040+00:00,1788480211,18705,531 WhiteRock/WillowBrook,15259222,7171,15,-519
2026-09-04T00:03:34.976040+00:00,1788480211,18705,531 WhiteRock/WillowBrook,15259222,7172,16,-559
2026-09-04T00:03:34.976040+00:00,1788480211,18705,531 WhiteRock/WillowBrook,15259222,7173,17,-570
2026-09-04T00:03:34.976040+00:00,1788480211,18705,531 WhiteRock/WillowBrook,15259222,7174,18,-610
2026-09-04T00:03:34.976040+00:00,1788480211,18705,531 WhiteRock/WillowBrook,15259222,7175,19,-623
2026-09-04T00:03:34.976040+00:00,1788480211,18705,531 WhiteRock/WillowBrook,15259222,7176,20,-651
2026-09-04T00:03:34.976040+00:00,1788480211,18705,531 WhiteRock/WillowBrook,15259222,7177,21,-648
2026-09-04T00:03:34.976040+00:00,1788480211,18705,531 WhiteRock/WillowBrook,15259222,8948,22,-676
2026-09-04T00:03:34.976040+00:00,1788480211,18705,531 WhiteRock/WillowBrook,15259222,9031,23,-696
2026-09-04T00:03:34.976040+00:00,1788480211,18705,531 WhiteRock/WillowBrook,15259222,12931,24,-702
2026-09-04T00:03:34.976040+00:00,1788480211,18705,531 WhiteRock/WillowBrook,15259222,13041,25,-737
2026-09-04T00:03:34.976040+00:00,1788480211,18705,531 WhiteRock/WillowBrook,15259222,12929,26,-755
2026-09-04T00:03:34.976040+00:00,1788480211,18705,531 WhiteRock/WillowBrook,15259222,12927,27,-788
2026-09-04T00:03:34.976040+00:00,1788480211,18705,531 WhiteRock/WillowBrook,15259222,12926,28,-794
2026-09-04T00:03:34.976040+00:00,1788480211,18705,531 WhiteRock/WillowBrook,15259222,12924,29,-812
2026-09-04T00:03:34.976040+00:00,1788480211,18705,531 WhiteRock/WillowBrook,15259222,11751,30,-815
2026-09-04T00:03:34.976040+00:00,1788480211,18705,531 WhiteRock/WillowBrook,15259222,11750,31,-860
2026-09-04T00:03:34.976040+00:00,1788480211,18705,531 WhiteRock/WillowBrook,15259222,11747,32,-888
2026-09-04T00:03:34.976040+00:00,1788480211,18705,531 WhiteRock/WillowBrook,15259222,11745,33,-896
2026-09-04T00:03:34.976040+00:00,1788480211,18705,531 WhiteRock/WillowBrook,15259222,13040,34,-905
2026-09-04T00:03:34.976040+00:00,1788480211,18705,531 WhiteRock/WillowBrook,15259222,12598,35,-931
2026-09-04T00:03:34.976040+00:00,1788480211,18705,531 WhiteRock/WillowBrook,15259222,11920,36,-991
2026-09-04T00:03:34.976040+00:00,1788480211,18705,531 WhiteRock/WillowBrook,15259222,13130,37,-1029
2026-09-04T00:03:34.976040+00:00,1788480211,18705,531 WhiteRock/WillowBrook,15259222,11925,38,-1066
2026-09-04T00:03:34.976040+00:00,1788480211,18705,531 WhiteRock/WillowBrook,15259222,12219,39,-1102
2026-09-04T00:03:34.976040+00:00,1788480211,18705,531 WhiteRock/WillowBrook,15259222,11741,40,-1250
2026-09-04T00:03:34.976040+00:00,1788480211,18705,531 WhiteRock/WillowBrook,15259222,11740,41,-1273
2026-09-04T00:03:34.976040+00:00,1788480211,18705,531 WhiteRock/WillowBrook,15259222,11739,42,-1222
2026-09-04T00:03:34.976040+00:00,1788480211,18705,531 WhiteRock/WillowBrook,15259222,11737,43,-1182
2026-09-04T00:03:34.976040+00:00,1788480211,18705,531 WhiteRock/WillowBrook,15259222,11757,44,-1217
2026-09-04T00:03:34.976040+00:00,1788480211,18705,531 WhiteRock/WillowBrook,15259222,11735,45,-1179
2026-09-04T00:03:34.976040+00:00,1788480211,18705,531 WhiteRock/WillowBrook,15259222,11756,46,-1174
2026-09-04T00:03:34.976040+00:00,1788480211,18705,531 WhiteRock/WillowBrook,15259222,5535,47,-1146
2026-09-04T00:03:34.976040+00:00,1788480211,18705,531 WhiteRock/WillowBrook,15259222,5536,48,-1173
2026-09-04T00:03:34.976040+00:00,1788480211,18705,531 WhiteRock/WillowBrook,15259222,5537,49,-1165
2026-09-04T00:03:34.976040+00:00,1788480211,18705,531 WhiteRock/WillowBrook,15259222,5538,50,-1172
2026-09-04T00:03:34.976040+00:00,1788480211,18705,531 WhiteRock/WillowBrook,15259222,5539,51,-1173
2026-09-04T00:03:34.976040+00:00,1788480211,18705,531 WhiteRock/WillowBrook,15259222,5540,52,-1167
