captured_at,feed_timestamp,route_id,route_label,trip_id,stop_id,stop_sequence,delay_seconds
2026-09-02T00:02:48.389017+00:00,1788307365,6705,321 Surrey Central/WhiteRock,15247048,10442,57,204
2026-09-02T00:02:48.389017+00:00,1788307365,6705,321 Surrey Central/WhiteRock,15247048,9929,58,227
2026-09-02T00:02:48.389017+00:00,1788307365,6705,321 Surrey Central/WhiteRock,15247048,9930,59,176
2026-09-02T00:02:48.389017+00:00,1788307365,6705,321 Surrey Central/WhiteRock,15247048,9932,60,80
2026-09-02T00:02:48.389017+00:00,1788307365,6705,321 Surrey Central/WhiteRock,15247049,5041,54,21
2026-09-02T00:02:48.389017+00:00,1788307365,6705,321 Surrey Central/WhiteRock,15247049,12155,55,39
2026-09-02T00:02:48.389017+00:00,1788307365,6705,321 Surrey Central/WhiteRock,15247049,11882,56,73
2026-09-02T00:02:48.389017+00:00,1788307365,6705,321 Surrey Central/WhiteRock,15247049,10442,57,156
2026-09-02T00:02:48.389017+00:00,1788307365,6705,321 Surrey Central/WhiteRock,15247049,9929,58,179
2026-09-02T00:02:48.389017+00:00,1788307365,6705,321 Surrey Central/WhiteRock,15247049,9930,59,123
2026-09-02T00:02:48.389017+00:00,1788307365,6705,321 Surrey Central/WhiteRock,15247049,9932,60,27
2026-09-02T00:02:48.389017+00:00,1788307365,6705,321 Surrey Central/WhiteRock,15247050,5471,45,48
2026-09-02T00:02:48.389017+00:00,1788307365,6705,321 Surrey Central/WhiteRock,15247050,5472,46,22
2026-09-02T00:02:48.389017+00:00,1788307365,6705,321 Surrey Central/WhiteRock,15247050,5473,47,-29
2026-09-02T00:02:48.389017+00:00,1788307365,6705,321 Surrey Central/WhiteRock,15247050,5474,48,-33
2026-09-02T00:02:48.389017+00:00,1788307365,6705,321 Surrey Central/WhiteRock,15247050,5475,49,-81
2026-09-02T00:02:48.389017+00:00,1788307365,6705,321 Surrey Central/WhiteRock,15247050,5476,50,-104
2026-09-02T00:02:48.389017+00:00,1788307365,6705,321 Surrey Central/WhiteRock,15247050,5477,51,-126
2026-09-02T00:02:48.389017+00:00,1788307365,6705,321 Surrey Central/WhiteRock,15247050,11725,52,-149
2026-09-02T00:02:48.389017+00:00,1788307365,6705,321 Surrey Central/WhiteRock,15247050,5040,53,-128
2026-09-02T00:02:48.389017+00:00,1788307365,6705,321 Surrey Central/WhiteRock,15247050,5041,54,-119
2026-09-02T00:02:48.389017+00:00,1788307365,6705,321 Surrey Central/WhiteRock,15247050,12155,55,-101
2026-09-02T00:02:48.389017+00:00,1788307365,6705,321 Surrey Central/WhiteRock,15247050,11882,56,0
2026-09-02T00:02:48.389017+00:00,1788307365,6705,321 Surrey Central/WhiteRock,15247050,10442,57,81
2026-09-02T00:02:48.389017+00:00,1788307365,6705,321 Surrey Central/WhiteRock,15247050,9929,58,103
2026-09-02T00:02:48.389017+00:00,1788307365,6705,321 Surrey Central/WhiteRock,15247050,9930,59,47
2026-09-02T00:02:48.389017+00:00,1788307365,6705,321 Surrey Central/WhiteRock,15247050,9932,60,-53
2026-09-02T00:02:48.389017+00:00,1788307365,6705,321 Surrey Central/WhiteRock,15247051,5463,37,55
2026-09-02T00:02:48.389017+00:00,1788307365,6705,321 Surrey Central/WhiteRock,15247051,5700,38,142
2026-09-02T00:02:48.389017+00:00,1788307365,6705,321 Surrey Central/WhiteRock,15247051,5465,39,156
2026-09-02T00:02:48.389017+00:00,1788307365,6705,321 Surrey Central/WhiteRock,15247051,5466,40,110
2026-09-02T00:02:48.389017+00:00,1788307365,6705,321 Surrey Central/WhiteRock,15247051,5467,41,113
2026-09-02T00:02:48.389017+00:00,1788307365,6705,321 Surrey Central/WhiteRock,15247051,5468,42,86
2026-09-02T00:02:48.389017+00:00,1788307365,6705,321 Surrey Central/WhiteRock,15247051,5469,43,47
2026-09-02T00:02:48.389017+00:00,1788307365,6705,321 Surrey Central/WhiteRock,15247051,5470,44,21
2026-09-02T00:02:48.389017+00:00,1788307365,6705,321 Surrey Central/WhiteRock,15247051,5471,45,-14
2026-09-02T00:02:48.389017+00:00,1788307365,6705,321 Surrey Central/WhiteRock,15247051,5472,46,-40
2026-09-02T00:02:48.389017+00:00,1788307365,6705,321 Surrey Central/WhiteRock,15247051,5473,47,-91
2026-09-02T00:02:48.389017+00:00,1788307365,6705,321 Surrey Central/WhiteRock,15247051,5474,48,-95
2026-09-02T00:02:48.389017+00:00,1788307365,6705,321 Surrey Central/WhiteRock,15247051,5475,49,-143
2026-09-02T00:02:48.389017+00:00,1788307365,6705,321 Surrey Central/WhiteRock,15247051,5476,50,-167
2026-09-02T00:02:48.389017+00:00,1788307365,6705,321 Surrey Central/WhiteRock,15247051,5477,51,-189
2026-09-02T00:02:48.389017+00:00,1788307365,6705,321 Surrey Central/WhiteRock,15247051,11725,52,-212
2026-09-02T00:02:48.389017+00:00,1788307365,6705,321 Surrey Central/WhiteRock,15247051,5040,53,-191
2026-09-02T00:02:48.389017+00:00,1788307365,6705,321 Surrey Central/WhiteRock,15247051,5041,54,-181
2026-09-02T00:02:48.389017+00:00,1788307365,6705,321 Surrey Central/WhiteRock,15247051,12155,55,-163
2026-09-02T00:02:48.389017+00:00,1788307365,6705,321 Surrey Central/WhiteRock,15247051,11882,56,0
2026-09-02T00:02:48.389017+00:00,1788307365,6705,321 Surrey Central/WhiteRock,15247051,10442,57,93
2026-09-02T00:02:48.389017+00:00,1788307365,6705,321 Surrey Central/WhiteRock,15247051,9929,58,124
2026-09-02T00:02:48.389017+00:00,1788307365,6705,321 Surrey Central/WhiteRock,15247051,9930,59,76
2026-09-02T00:02:48.389017+00:00,1788307365,6705,321 Surrey Central/WhiteRock,15247051,9932,60,-13
2026-09-02T00:02:48.389017+00:00,1788307365,6705,321 Surrey Central/WhiteRock,15247052,5441,14,198
2026-09-02T00:02:48.389017+00:00,1788307365,6705,321 Surrey Central/WhiteRock,15247052,5442,15,176
2026-09-02T00:02:48.389017+00:00,1788307365,6705,321 Surrey Central/WhiteRock,15247052,5444,16,182
2026-09-02T00:02:48.389017+00:00,1788307365,6705,321 Surrey Central/WhiteRock,15247052,9083,17,153
2026-09-02T00:02:48.389017+00:00,1788307365,6705,321 Surrey Central/WhiteRock,15247052,5446,18,160
2026-09-02T00:02:48.389017+00:00,1788307365,6705,321 Surrey Central/WhiteRock,15247052,10445,19,159
2026-09-02T00:02:48.389017+00:00,1788307365,6705,321 Surrey Central/WhiteRock,15247052,5447,20,126
2026-09-02T00:02:48.389017+00:00,1788307365,6705,321 Surrey Central/WhiteRock,15247052,5448,21,131
2026-09-02T00:02:48.389017+00:00,1788307365,6705,321 Surrey Central/WhiteRock,15247052,10437,22,122
2026-09-02T00:02:48.389017+00:00,1788307365,6705,321 Surrey Central/WhiteRock,15247052,5449,23,64
2026-09-02T00:02:48.389017+00:00,1788307365,6705,321 Surrey Central/WhiteRock,15247052,11313,24,23
2026-09-02T00:02:48.389017+00:00,1788307365,6705,321 Surrey Central/WhiteRock,15247052,10808,25,-126
2026-09-02T00:02:48.389017+00:00,1788307365,6705,321 Surrey Central/WhiteRock,15247052,5452,26,-181
2026-09-02T00:02:48.389017+00:00,1788307365,6705,321 Surrey Central/WhiteRock,15247052,11913,27,-200
2026-09-02T00:02:48.389017+00:00,1788307365,6705,321 Surrey Central/WhiteRock,15247052,5454,28,-212
2026-09-02T00:02:48.389017+00:00,1788307365,6705,321 Surrey Central/WhiteRock,15247052,5455,29,-218
2026-09-02T00:02:48.389017+00:00,1788307365,6705,321 Surrey Central/WhiteRock,15247052,5456,30,-108
2026-09-02T00:02:48.389017+00:00,1788307365,6705,321 Surrey Central/WhiteRock,15247052,12651,31,-137
2026-09-02T00:02:48.389017+00:00,1788307365,6705,321 Surrey Central/WhiteRock,15247052,5458,32,-137
2026-09-02T00:02:48.389017+00:00,1788307365,6705,321 Surrey Central/WhiteRock,15247052,5459,33,-128
2026-09-02T00:02:48.389017+00:00,1788307365,6705,321 Surrey Central/WhiteRock,15247052,5460,34,-135
2026-09-02T00:02:48.389017+00:00,1788307365,6705,321 Surrey Central/WhiteRock,15247052,5461,35,-144
2026-09-02T00:02:48.389017+00:00,1788307365,6705,321 Surrey Central/WhiteRock,15247052,5462,36,-150
2026-09-02T00:02:48.389017+00:00,1788307365,6705,321 Surrey Central/WhiteRock,15247052,5463,37,-87
2026-09-02T00:02:48.389017+00:00,1788307365,6705,321 Surrey Central/WhiteRock,15247052,5700,38,42
2026-09-02T00:02:48.389017+00:00,1788307365,6705,321 Surrey Central/WhiteRock,15247052,5465,39,59
2026-09-02T00:02:48.389017+00:00,1788307365,6705,321 Surrey Central/WhiteRock,15247052,5466,40,11
2026-09-02T00:02:48.389017+00:00,1788307365,6705,321 Surrey Central/WhiteRock,15247052,5467,41,13
2026-09-02T00:02:48.389017+00:00,1788307365,6705,321 Surrey Central/WhiteRock,15247052,5468,42,-16
2026-09-02T00:02:48.389017+00:00,1788307365,6705,321 Surrey Central/WhiteRock,15247052,5469,43,-50
2026-09-02T00:02:48.389017+00:00,1788307365,6705,321 Surrey Central/WhiteRock,15247052,5470,44,-76
2026-09-02T00:02:48.389017+00:00,1788307365,6705,321 Surrey Central/WhiteRock,15247052,5471,45,-111
2026-09-02T00:02:48.389017+00:00,1788307365,6705,321 Surrey Central/WhiteRock,15247052,5472,46,-139
2026-09-02T00:02:48.389017+00:00,1788307365,6705,321 Surrey Central/WhiteRock,15247052,5473,47,-190
2026-09-02T00:02:48.389017+00:00,1788307365,6705,321 Surrey Central/WhiteRock,15247052,5474,48,-194
2026-09-02T00:02:48.389017+00:00,1788307365,6705,321 Surrey Central/WhiteRock,15247052,5475,49,-242
2026-09-02T00:02:48.389017+00:00,1788307365,6705,321 Surrey Central/WhiteRock,15247052,5476,50,-269
2026-09-02T00:02:48.389017+00:00,1788307365,6705,321 Surrey Central/WhiteRock,15247052,5477,51,-291
2026-09-02T00:02:48.389017+00:00,1788307365,6705,321 Surrey Central/WhiteRock,15247052,11725,52,-314
2026-09-02T00:02:48.389017+00:00,1788307365,6705,321 Surrey Central/WhiteRock,15247052,5040,53,-298
2026-09-02T00:02:48.389017+00:00,1788307365,6705,321 Surrey Central/WhiteRock,15247052,5041,54,-289
2026-09-02T00:02:48.389017+00:00,1788307365,6705,321 Surrey Central/WhiteRock,15247052,12155,55,-271
2026-09-02T00:02:48.389017+00:00,1788307365,6705,321 Surrey Central/WhiteRock,15247052,11882,56,0
2026-09-02T00:02:48.389017+00:00,1788307365,6705,321 Surrey Central/WhiteRock,15247052,10442,57,92
2026-09-02T00:02:48.389017+00:00,1788307365,6705,321 Surrey Central/WhiteRock,15247052,9929,58,105
2026-09-02T00:02:48.389017+00:00,1788307365,6705,321 Surrey Central/WhiteRock,15247052,9930,59,58
2026-09-02T00:02:48.389017+00:00,1788307365,6705,321 Surrey Central/WhiteRock,15247052,9932,60,-27
2026-09-02T00:02:48.389017+00:00,1788307365,6705,321 Surrey Central/WhiteRock,15247053,6200,4,19
2026-09-02T00:02:48.389017+00:00,1788307365,6705,321 Surrey Central/WhiteRock,15247053,6201,5,13
2026-09-02T00:02:48.389017+00:00,1788307365,6705,321 Surrey Central/WhiteRock,15247053,6354,6,26
2026-09-02T00:02:48.389017+00:00,1788307365,6705,321 Surrey Central/WhiteRock,15247053,6355,7,13
2026-09-02T00:02:48.389017+00:00,1788307365,6705,321 Surrey Central/WhiteRock,15247053,6356,8,2
2026-09-02T00:02:48.389017+00:00,1788307365,6705,321 Surrey Central/WhiteRock,15247053,6174,9,64
2026-09-02T00:02:48.389017+00:00,1788307365,6705,321 Surrey Central/WhiteRock,15247053,5437,10,85
2026-09-02T00:02:48.389017+00:00,1788307365,6705,321 Surrey Central/WhiteRock,15247053,5438,11,77
2026-09-02T00:02:48.389017+00:00,1788307365,6705,321 Surrey Central/WhiteRock,15247053,5439,12,93
2026-09-02T00:02:48.389017+00:00,1788307365,6705,321 Surrey Central/WhiteRock,15247053,5440,13,79
2026-09-02T00:02:48.389017+00:00,1788307365,6705,321 Surrey Central/WhiteRock,15247053,5441,14,121
2026-09-02T00:02:48.389017+00:00,1788307365,6705,321 Surrey Central/WhiteRock,15247053,5442,15,99
2026-09-02T00:02:48.389017+00:00,1788307365,6705,321 Surrey Central/WhiteRock,15247053,5444,16,107
2026-09-02T00:02:48.389017+00:00,1788307365,6705,321 Surrey Central/WhiteRock,15247053,9083,17,82
2026-09-02T00:02:48.389017+00:00,1788307365,6705,321 Surrey Central/WhiteRock,15247053,5446,18,88
2026-09-02T00:02:48.389017+00:00,1788307365,6705,321 Surrey Central/WhiteRock,15247053,10445,19,81
2026-09-02T00:02:48.389017+00:00,1788307365,6705,321 Surrey Central/WhiteRock,15247053,5447,20,45
2026-09-02T00:02:48.389017+00:00,1788307365,6705,321 Surrey Central/WhiteRock,15247053,5448,21,47
2026-09-02T00:02:48.389017+00:00,1788307365,6705,321 Surrey Central/WhiteRock,15247053,10437,22,40
2026-09-02T00:02:48.389017+00:00,1788307365,6705,321 Surrey Central/WhiteRock,15247053,5449,23,-18
2026-09-02T00:02:48.389017+00:00,1788307365,6705,321 Surrey Central/WhiteRock,15247053,11313,24,-59
2026-09-02T00:02:48.389017+00:00,1788307365,6705,321 Surrey Central/WhiteRock,15247053,10808,25,-208
2026-09-02T00:02:48.389017+00:00,1788307365,6705,321 Surrey Central/WhiteRock,15247053,5452,26,-263
2026-09-02T00:02:48.389017+00:00,1788307365,6705,321 Surrey Central/WhiteRock,15247053,11913,27,-283
2026-09-02T00:02:48.389017+00:00,1788307365,6705,321 Surrey Central/WhiteRock,15247053,5454,28,-296
2026-09-02T00:02:48.389017+00:00,1788307365,6705,321 Surrey Central/WhiteRock,15247053,5455,29,-302
2026-09-02T00:02:48.389017+00:00,1788307365,6705,321 Surrey Central/WhiteRock,15247053,5456,30,-194
2026-09-02T00:02:48.389017+00:00,1788307365,6705,321 Surrey Central/WhiteRock,15247053,12651,31,-223
2026-09-02T00:02:48.389017+00:00,1788307365,6705,321 Surrey Central/WhiteRock,15247053,5458,32,-223
2026-09-02T00:02:48.389017+00:00,1788307365,6705,321 Surrey Central/WhiteRock,15247053,5459,33,-214
2026-09-02T00:02:48.389017+00:00,1788307365,6705,321 Surrey Central/WhiteRock,15247053,5460,34,-221
2026-09-02T00:02:48.389017+00:00,1788307365,6705,321 Surrey Central/WhiteRock,15247053,5461,35,-230
2026-09-02T00:02:48.389017+00:00,1788307365,6705,321 Surrey Central/WhiteRock,15247053,5462,36,-237
2026-09-02T00:02:48.389017+00:00,1788307365,6705,321 Surrey Central/WhiteRock,15247053,5463,37,-167
2026-09-02T00:02:48.389017+00:00,1788307365,6705,321 Surrey Central/WhiteRock,15247053,5700,38,0
2026-09-02T00:02:48.389017+00:00,1788307365,6705,321 Surrey Central/WhiteRock,15247053,5465,39,14
2026-09-02T00:02:48.389017+00:00,1788307365,6705,321 Surrey Central/WhiteRock,15247053,5466,40,-34
2026-09-02T00:02:48.389017+00:00,1788307365,6705,321 Surrey Central/WhiteRock,15247053,5467,41,-32
2026-09-02T00:02:48.389017+00:00,1788307365,6705,321 Surrey Central/WhiteRock,15247053,5468,42,-61
2026-09-02T00:02:48.389017+00:00,1788307365,6705,321 Surrey Central/WhiteRock,15247053,5469,43,-96
2026-09-02T00:02:48.389017+00:00,1788307365,6705,321 Surrey Central/WhiteRock,15247053,5470,44,-122
2026-09-02T00:02:48.389017+00:00,1788307365,6705,321 Surrey Central/WhiteRock,15247053,5471,45,-157
2026-09-02T00:02:48.389017+00:00,1788307365,6705,321 Surrey Central/WhiteRock,15247053,5472,46,-186
2026-09-02T00:02:48.389017+00:00,1788307365,6705,321 Surrey Central/WhiteRock,15247053,5473,47,-237
2026-09-02T00:02:48.389017+00:00,1788307365,6705,321 Surrey Central/WhiteRock,15247053,5474,48,-244
2026-09-02T00:02:48.389017+00:00,1788307365,6705,321 Surrey Central/WhiteRock,15247053,5475,49,-292
2026-09-02T00:02:48.389017+00:00,1788307365,6705,321 Surrey Central/WhiteRock,15247053,5476,50,-321
2026-09-02T00:02:48.389017+00:00,1788307365,6705,321 Surrey Central/WhiteRock,15247053,5477,51,-343
2026-09-02T00:02:48.389017+00:00,1788307365,6705,321 Surrey Central/WhiteRock,15247053,11725,52,-366
2026-09-02T00:02:48.389017+00:00,1788307365,6705,321 Surrey Central/WhiteRock,15247053,5040,53,-350
2026-09-02T00:02:48.389017+00:00,1788307365,6705,321 Surrey Central/WhiteRock,15247053,5041,54,-341
2026-09-02T00:02:48.389017+00:00,1788307365,6705,321 Surrey Central/WhiteRock,15247053,12155,55,-323
2026-09-02T00:02:48.389017+00:00,1788307365,6705,321 Surrey Central/WhiteRock,15247053,11882,56,0
2026-09-02T00:02:48.389017+00:00,1788307365,6705,321 Surrey Central/WhiteRock,15247053,10442,57,80
2026-09-02T00:02:48.389017+00:00,1788307365,6705,321 Surrey Central/WhiteRock,15247053,9929,58,91
2026-09-02T00:02:48.389017+00:00,1788307365,6705,321 Surrey Central/WhiteRock,15247053,9930,59,42
2026-09-02T00:02:48.389017+00:00,1788307365,6705,321 Surrey Central/WhiteRock,15247053,9932,60,-43
2026-09-02T00:02:48.389017+00:00,1788307365,6705,321 Surrey Central/WhiteRock,15247067,10437,22,291
2026-09-02T00:02:48.389017+00:00,1788307365,6705,321 Surrey Central/WhiteRock,15247067,5449,23,230
2026-09-02T00:02:48.389017+00:00,1788307365,6705,321 Surrey Central/WhiteRock,15247067,11313,24,188
2026-09-02T00:02:48.389017+00:00,1788307365,6705,321 Surrey Central/WhiteRock,15247067,10808,25,34
2026-09-02T00:02:48.389017+00:00,1788307365,6705,321 Surrey Central/WhiteRock,15247067,5452,26,-28
2026-09-02T00:02:48.389017+00:00,1788307365,6705,321 Surrey Central/WhiteRock,15247067,11913,27,-49
2026-09-02T00:02:48.389017+00:00,1788307365,6705,321 Surrey Central/WhiteRock,15247067,5454,28,-63
2026-09-02T00:02:48.389017+00:00,1788307365,6705,321 Surrey Central/WhiteRock,15247067,5455,29,-70
2026-09-02T00:02:48.389017+00:00,1788307365,6705,321 Surrey Central/WhiteRock,15247067,5456,30,39
2026-09-02T00:02:48.389017+00:00,1788307365,6705,321 Surrey Central/WhiteRock,15247067,12651,31,8
2026-09-02T00:02:48.389017+00:00,1788307365,6705,321 Surrey Central/WhiteRock,15247067,5458,32,8
2026-09-02T00:02:48.389017+00:00,1788307365,6705,321 Surrey Central/WhiteRock,15247067,5459,33,16
2026-09-02T00:02:48.389017+00:00,1788307365,6705,321 Surrey Central/WhiteRock,15247067,5460,34,9
2026-09-02T00:02:48.389017+00:00,1788307365,6705,321 Surrey Central/WhiteRock,15247067,5461,35,-1
2026-09-02T00:02:48.389017+00:00,1788307365,6705,321 Surrey Central/WhiteRock,15247067,5462,36,-9
2026-09-02T00:02:48.389017+00:00,1788307365,6705,321 Surrey Central/WhiteRock,15247067,5463,37,53
2026-09-02T00:02:48.389017+00:00,1788307365,6705,321 Surrey Central/WhiteRock,15247067,5700,38,175
2026-09-02T00:02:48.389017+00:00,1788307365,6705,321 Surrey Central/WhiteRock,15247067,5465,39,189
2026-09-02T00:02:48.389017+00:00,1788307365,6705,321 Surrey Central/WhiteRock,15247067,5466,40,141
2026-09-02T00:02:48.389017+00:00,1788307365,6705,321 Surrey Central/WhiteRock,15247067,5467,41,143
2026-09-02T00:02:48.389017+00:00,1788307365,6705,321 Surrey Central/WhiteRock,15247067,5468,42,114
2026-09-02T00:02:48.389017+00:00,1788307365,6705,321 Surrey Central/WhiteRock,15247067,5469,43,73
2026-09-02T00:02:48.389017+00:00,1788307365,6705,321 Surrey Central/WhiteRock,15247067,5470,44,47
2026-09-02T00:02:48.389017+00:00,1788307365,6705,321 Surrey Central/WhiteRock,15247067,5471,45,12
2026-09-02T00:02:48.389017+00:00,1788307365,6705,321 Surrey Central/WhiteRock,15247067,5472,46,-14
2026-09-02T00:02:48.389017+00:00,1788307365,6705,321 Surrey Central/WhiteRock,15247067,5473,47,-65
2026-09-02T00:02:48.389017+00:00,1788307365,6705,321 Surrey Central/WhiteRock,15247067,5474,48,-69
2026-09-02T00:02:48.389017+00:00,1788307365,6705,321 Surrey Central/WhiteRock,15247067,5475,49,-117
2026-09-02T00:02:48.389017+00:00,1788307365,6705,321 Surrey Central/WhiteRock,15247067,5476,50,-140
2026-09-02T00:02:48.389017+00:00,1788307365,6705,321 Surrey Central/WhiteRock,15247067,5477,51,-162
2026-09-02T00:02:48.389017+00:00,1788307365,6705,321 Surrey Central/WhiteRock,15247067,11725,52,-185
2026-09-02T00:02:48.389017+00:00,1788307365,6705,321 Surrey Central/WhiteRock,15247067,5040,53,-169
2026-09-02T00:02:48.389017+00:00,1788307365,6705,321 Surrey Central/WhiteRock,15247067,5041,54,-160
2026-09-02T00:02:48.389017+00:00,1788307365,6705,321 Surrey Central/WhiteRock,15247067,12155,55,-142
2026-09-02T00:02:48.389017+00:00,1788307365,6705,321 Surrey Central/WhiteRock,15247067,11882,56,0
2026-09-02T00:02:48.389017+00:00,1788307365,6705,321 Surrey Central/WhiteRock,15247067,10442,57,94
2026-09-02T00:02:48.389017+00:00,1788307365,6705,321 Surrey Central/WhiteRock,15247067,9929,58,124
2026-09-02T00:02:48.389017+00:00,1788307365,6705,321 Surrey Central/WhiteRock,15247067,9930,59,75
2026-09-02T00:02:48.389017+00:00,1788307365,6705,321 Surrey Central/WhiteRock,15247067,9932,60,-13
2026-09-02T00:02:48.389017+00:00,1788307365,6705,321 Surrey Central/WhiteRock,15247080,5456,30,-230
2026-09-02T00:02:48.389017+00:00,1788307365,6705,321 Surrey Central/WhiteRock,15247080,12651,31,-261
2026-09-02T00:02:48.389017+00:00,1788307365,6705,321 Surrey Central/WhiteRock,15247080,5458,32,-262
2026-09-02T00:02:48.389017+00:00,1788307365,6705,321 Surrey Central/WhiteRock,15247080,5459,33,-254
2026-09-02T00:02:48.389017+00:00,1788307365,6705,321 Surrey Central/WhiteRock,15247080,5460,34,-261
2026-09-02T00:02:48.389017+00:00,1788307365,6705,321 Surrey Central/WhiteRock,15247080,5461,35,-271
2026-09-02T00:02:48.389017+00:00,1788307365,6705,321 Surrey Central/WhiteRock,15247080,5462,36,-278
2026-09-02T00:02:48.389017+00:00,1788307365,6705,321 Surrey Central/WhiteRock,15247080,5463,37,-215
2026-09-02T00:02:48.389017+00:00,1788307365,6705,321 Surrey Central/WhiteRock,15247080,5700,38,0
2026-09-02T00:02:48.389017+00:00,1788307365,6705,321 Surrey Central/WhiteRock,15247080,5465,39,14
2026-09-02T00:02:48.389017+00:00,1788307365,6705,321 Surrey Central/WhiteRock,15247080,5466,40,-33
2026-09-02T00:02:48.389017+00:00,1788307365,6705,321 Surrey Central/WhiteRock,15247080,5467,41,-30
2026-09-02T00:02:48.389017+00:00,1788307365,6705,321 Surrey Central/WhiteRock,15247080,5468,42,-57
2026-09-02T00:02:48.389017+00:00,1788307365,6705,321 Surrey Central/WhiteRock,15247080,5469,43,-91
2026-09-02T00:02:48.389017+00:00,1788307365,6705,321 Surrey Central/WhiteRock,15247080,5470,44,-117
2026-09-02T00:02:48.389017+00:00,1788307365,6705,321 Surrey Central/WhiteRock,15247080,5471,45,-152
2026-09-02T00:02:48.389017+00:00,1788307365,6705,321 Surrey Central/WhiteRock,15247080,5472,46,-178
2026-09-02T00:02:48.389017+00:00,1788307365,6705,321 Surrey Central/WhiteRock,15247080,5473,47,-229
2026-09-02T00:02:48.389017+00:00,1788307365,6705,321 Surrey Central/WhiteRock,15247080,5474,48,-233
2026-09-02T00:02:48.389017+00:00,1788307365,6705,321 Surrey Central/WhiteRock,15247080,5475,49,-281
2026-09-02T00:02:48.389017+00:00,1788307365,6705,321 Surrey Central/WhiteRock,15247080,5476,50,-304
2026-09-02T00:02:48.389017+00:00,1788307365,6705,321 Surrey Central/WhiteRock,15247080,5477,51,-326
2026-09-02T00:02:48.389017+00:00,1788307365,6705,321 Surrey Central/WhiteRock,15247080,11725,52,-349
2026-09-02T00:02:48.389017+00:00,1788307365,6705,321 Surrey Central/WhiteRock,15247080,5040,53,-328
2026-09-02T00:02:48.389017+00:00,1788307365,6705,321 Surrey Central/WhiteRock,15247080,5041,54,-319
2026-09-02T00:02:48.389017+00:00,1788307365,6705,321 Surrey Central/WhiteRock,15247080,12155,55,-301
2026-09-02T00:02:48.389017+00:00,1788307365,6705,321 Surrey Central/WhiteRock,15247080,11882,56,0
2026-09-02T00:02:48.389017+00:00,1788307365,6705,321 Surrey Central/WhiteRock,15247080,10442,57,93
2026-09-02T00:02:48.389017+00:00,1788307365,6705,321 Surrey Central/WhiteRock,15247080,9929,58,123
2026-09-02T00:02:48.389017+00:00,1788307365,6705,321 Surrey Central/WhiteRock,15247080,9930,59,75
2026-09-02T00:02:48.389017+00:00,1788307365,6705,321 Surrey Central/WhiteRock,15247080,9932,60,-14
2026-09-02T00:02:48.389017+00:00,1788307365,6705,321 Surrey Central/WhiteRock,15247158,6195,56,198
2026-09-02T00:02:48.389017+00:00,1788307365,6705,321 Surrey Central/WhiteRock,15247159,5524,42,-127
2026-09-02T00:02:48.389017+00:00,1788307365,6705,321 Surrey Central/WhiteRock,15247159,5525,43,-157
2026-09-02T00:02:48.389017+00:00,1788307365,6705,321 Surrey Central/WhiteRock,15247159,10443,44,-184
2026-09-02T00:02:48.389017+00:00,1788307365,6705,321 Surrey Central/WhiteRock,15247159,5528,45,-180
2026-09-02T00:02:48.389017+00:00,1788307365,6705,321 Surrey Central/WhiteRock,15247159,5529,46,-203
2026-09-02T00:02:48.389017+00:00,1788307365,6705,321 Surrey Central/WhiteRock,15247159,5530,47,-220
2026-09-02T00:02:48.389017+00:00,1788307365,6705,321 Surrey Central/WhiteRock,15247159,5533,48,-229
2026-09-02T00:02:48.389017+00:00,1788307365,6705,321 Surrey Central/WhiteRock,15247159,5534,49,-250
2026-09-02T00:02:48.389017+00:00,1788307365,6705,321 Surrey Central/WhiteRock,15247159,5535,50,-232
2026-09-02T00:02:48.389017+00:00,1788307365,6705,321 Surrey Central/WhiteRock,15247159,5536,51,-256
2026-09-02T00:02:48.389017+00:00,1788307365,6705,321 Surrey Central/WhiteRock,15247159,5537,52,-255
2026-09-02T00:02:48.389017+00:00,1788307365,6705,321 Surrey Central/WhiteRock,15247159,5538,53,-262
2026-09-02T00:02:48.389017+00:00,1788307365,6705,321 Surrey Central/WhiteRock,15247159,5541,54,-237
2026-09-02T00:02:48.389017+00:00,1788307365,6705,321 Surrey Central/WhiteRock,15247159,5542,55,-226
2026-09-02T00:02:48.389017+00:00,1788307365,6705,321 Surrey Central/WhiteRock,15247159,6195,56,-203
2026-09-02T00:02:48.389017+00:00,1788307365,6705,321 Surrey Central/WhiteRock,15247160,5513,30,558
2026-09-02T00:02:48.389017+00:00,1788307365,6705,321 Surrey Central/WhiteRock,15247160,5514,31,648
2026-09-02T00:02:48.389017+00:00,1788307365,6705,321 Surrey Central/WhiteRock,15247160,5515,32,639
2026-09-02T00:02:48.389017+00:00,1788307365,6705,321 Surrey Central/WhiteRock,15247160,5516,33,630
2026-09-02T00:02:48.389017+00:00,1788307365,6705,321 Surrey Central/WhiteRock,15247160,5517,34,623
2026-09-02T00:02:48.389017+00:00,1788307365,6705,321 Surrey Central/WhiteRock,15247160,5518,35,627
2026-09-02T00:02:48.389017+00:00,1788307365,6705,321 Surrey Central/WhiteRock,15247160,5519,36,602
2026-09-02T00:02:48.389017+00:00,1788307365,6705,321 Surrey Central/WhiteRock,15247160,5520,37,588
2026-09-02T00:02:48.389017+00:00,1788307365,6705,321 Surrey Central/WhiteRock,15247160,5521,38,372
2026-09-02T00:02:48.389017+00:00,1788307365,6705,321 Surrey Central/WhiteRock,15247160,5522,39,230
2026-09-02T00:02:48.389017+00:00,1788307365,6705,321 Surrey Central/WhiteRock,15247160,5523,40,191
2026-09-02T00:02:48.389017+00:00,1788307365,6705,321 Surrey Central/WhiteRock,15247160,6466,41,172
2026-09-02T00:02:48.389017+00:00,1788307365,6705,321 Surrey Central/WhiteRock,15247160,5524,42,203
2026-09-02T00:02:48.389017+00:00,1788307365,6705,321 Surrey Central/WhiteRock,15247160,5525,43,172
2026-09-02T00:02:48.389017+00:00,1788307365,6705,321 Surrey Central/WhiteRock,15247160,10443,44,144
2026-09-02T00:02:48.389017+00:00,1788307365,6705,321 Surrey Central/WhiteRock,15247160,5528,45,145
2026-09-02T00:02:48.389017+00:00,1788307365,6705,321 Surrey Central/WhiteRock,15247160,5529,46,120
2026-09-02T00:02:48.389017+00:00,1788307365,6705,321 Surrey Central/WhiteRock,15247160,5530,47,103
2026-09-02T00:02:48.389017+00:00,1788307365,6705,321 Surrey Central/WhiteRock,15247160,5533,48,95
2026-09-02T00:02:48.389017+00:00,1788307365,6705,321 Surrey Central/WhiteRock,15247160,5534,49,74
2026-09-02T00:02:48.389017+00:00,1788307365,6705,321 Surrey Central/WhiteRock,15247160,5535,50,91
2026-09-02T00:02:48.389017+00:00,1788307365,6705,321 Surrey Central/WhiteRock,15247160,5536,51,68
2026-09-02T00:02:48.389017+00:00,1788307365,6705,321 Surrey Central/WhiteRock,15247160,5537,52,67
2026-09-02T00:02:48.389017+00:00,1788307365,6705,321 Surrey Central/WhiteRock,15247160,5538,53,59
2026-09-02T00:02:48.389017+00:00,1788307365,6705,321 Surrey Central/WhiteRock,15247160,5541,54,83
2026-09-02T00:02:48.389017+00:00,1788307365,6705,321 Surrey Central/WhiteRock,15247160,5542,55,95
2026-09-02T00:02:48.389017+00:00,1788307365,6705,321 Surrey Central/WhiteRock,15247160,6195,56,118
2026-09-02T00:02:48.389017+00:00,1788307365,6705,321 Surrey Central/WhiteRock,15247161,5500,19,179
2026-09-02T00:02:48.389017+00:00,1788307365,6705,321 Surrey Central/WhiteRock,15247161,5501,20,150
2026-09-02T00:02:48.389017+00:00,1788307365,6705,321 Surrey Central/WhiteRock,15247161,5502,21,136
2026-09-02T00:02:48.389017+00:00,1788307365,6705,321 Surrey Central/WhiteRock,15247161,5503,22,114
2026-09-02T00:02:48.389017+00:00,1788307365,6705,321 Surrey Central/WhiteRock,15247161,5504,23,52
2026-09-02T00:02:48.389017+00:00,1788307365,6705,321 Surrey Central/WhiteRock,15247161,5505,24,59
2026-09-02T00:02:48.389017+00:00,1788307365,6705,321 Surrey Central/WhiteRock,15247161,5507,25,70
2026-09-02T00:02:48.389017+00:00,1788307365,6705,321 Surrey Central/WhiteRock,15247161,5633,26,109
2026-09-02T00:02:48.389017+00:00,1788307365,6705,321 Surrey Central/WhiteRock,15247161,5510,27,145
2026-09-02T00:02:48.389017+00:00,1788307365,6705,321 Surrey Central/WhiteRock,15247161,5511,28,137
2026-09-02T00:02:48.389017+00:00,1788307365,6705,321 Surrey Central/WhiteRock,15247161,5512,29,134
2026-09-02T00:02:48.389017+00:00,1788307365,6705,321 Surrey Central/WhiteRock,15247161,5513,30,123
2026-09-02T00:02:48.389017+00:00,1788307365,6705,321 Surrey Central/WhiteRock,15247161,5514,31,215
2026-09-02T00:02:48.389017+00:00,1788307365,6705,321 Surrey Central/WhiteRock,15247161,5515,32,207
2026-09-02T00:02:48.389017+00:00,1788307365,6705,321 Surrey Central/WhiteRock,15247161,5516,33,215
2026-09-02T00:02:48.389017+00:00,1788307365,6705,321 Surrey Central/WhiteRock,15247161,5517,34,212
2026-09-02T00:02:48.389017+00:00,1788307365,6705,321 Surrey Central/WhiteRock,15247161,5518,35,215
2026-09-02T00:02:48.389017+00:00,1788307365,6705,321 Surrey Central/WhiteRock,15247161,5519,36,192
2026-09-02T00:02:48.389017+00:00,1788307365,6705,321 Surrey Central/WhiteRock,15247161,5520,37,180
2026-09-02T00:02:48.389017+00:00,1788307365,6705,321 Surrey Central/WhiteRock,15247161,5521,38,-28
2026-09-02T00:02:48.389017+00:00,1788307365,6705,321 Surrey Central/WhiteRock,15247161,5522,39,-165
2026-09-02T00:02:48.389017+00:00,1788307365,6705,321 Surrey Central/WhiteRock,15247161,5523,40,-201
2026-09-02T00:02:48.389017+00:00,1788307365,6705,321 Surrey Central/WhiteRock,15247161,6466,41,-217
2026-09-02T00:02:48.389017+00:00,1788307365,6705,321 Surrey Central/WhiteRock,15247161,5524,42,-182
2026-09-02T00:02:48.389017+00:00,1788307365,6705,321 Surrey Central/WhiteRock,15247161,5525,43,-208
2026-09-02T00:02:48.389017+00:00,1788307365,6705,321 Surrey Central/WhiteRock,15247161,10443,44,-229
2026-09-02T00:02:48.389017+00:00,1788307365,6705,321 Surrey Central/WhiteRock,15247161,5528,45,-226
2026-09-02T00:02:48.389017+00:00,1788307365,6705,321 Surrey Central/WhiteRock,15247161,5529,46,-249
2026-09-02T00:02:48.389017+00:00,1788307365,6705,321 Surrey Central/WhiteRock,15247161,5530,47,-265
2026-09-02T00:02:48.389017+00:00,1788307365,6705,321 Surrey Central/WhiteRock,15247161,5533,48,-262
2026-09-02T00:02:48.389017+00:00,1788307365,6705,321 Surrey Central/WhiteRock,15247161,5534,49,-281
2026-09-02T00:02:48.389017+00:00,1788307365,6705,321 Surrey Central/WhiteRock,15247161,5535,50,-261
2026-09-02T00:02:48.389017+00:00,1788307365,6705,321 Surrey Central/WhiteRock,15247161,5536,51,-283
2026-09-02T00:02:48.389017+00:00,1788307365,6705,321 Surrey Central/WhiteRock,15247161,5537,52,-266
2026-09-02T00:02:48.389017+00:00,1788307365,6705,321 Surrey Central/WhiteRock,15247161,5538,53,-271
2026-09-02T00:02:48.389017+00:00,1788307365,6705,321 Surrey Central/WhiteRock,15247161,5541,54,-243
2026-09-02T00:02:48.389017+00:00,1788307365,6705,321 Surrey Central/WhiteRock,15247161,5542,55,-233
2026-09-02T00:02:48.389017+00:00,1788307365,6705,321 Surrey Central/WhiteRock,15247161,6195,56,-209
2026-09-02T00:02:48.389017+00:00,1788307365,6705,321 Surrey Central/WhiteRock,15247162,5046,8,305
2026-09-02T00:02:48.389017+00:00,1788307365,6705,321 Surrey Central/WhiteRock,15247162,5047,9,300
2026-09-02T00:02:48.389017+00:00,1788307365,6705,321 Surrey Central/WhiteRock,15247162,8566,10,261
2026-09-02T00:02:48.389017+00:00,1788307365,6705,321 Surrey Central/WhiteRock,15247162,12916,11,301
2026-09-02T00:02:48.389017+00:00,1788307365,6705,321 Surrey Central/WhiteRock,15247162,5049,12,290
2026-09-02T00:02:48.389017+00:00,1788307365,6705,321 Surrey Central/WhiteRock,15247162,5039,13,270
2026-09-02T00:02:48.389017+00:00,1788307365,6705,321 Surrey Central/WhiteRock,15247162,8351,14,244
2026-09-02T00:02:48.389017+00:00,1788307365,6705,321 Surrey Central/WhiteRock,15247162,5496,15,173
2026-09-02T00:02:48.389017+00:00,1788307365,6705,321 Surrey Central/WhiteRock,15247162,5497,16,127
2026-09-02T00:02:48.389017+00:00,1788307365,6705,321 Surrey Central/WhiteRock,15247162,5498,17,111
2026-09-02T00:02:48.389017+00:00,1788307365,6705,321 Surrey Central/WhiteRock,15247162,5499,18,72
2026-09-02T00:02:48.389017+00:00,1788307365,6705,321 Surrey Central/WhiteRock,15247162,5500,19,51
2026-09-02T00:02:48.389017+00:00,1788307365,6705,321 Surrey Central/WhiteRock,15247162,5501,20,22
2026-09-02T00:02:48.389017+00:00,1788307365,6705,321 Surrey Central/WhiteRock,15247162,5502,21,8
2026-09-02T00:02:48.389017+00:00,1788307365,6705,321 Surrey Central/WhiteRock,15247162,5503,22,-11
2026-09-02T00:02:48.389017+00:00,1788307365,6705,321 Surrey Central/WhiteRock,15247162,5504,23,-72
2026-09-02T00:02:48.389017+00:00,1788307365,6705,321 Surrey Central/WhiteRock,15247162,5505,24,-65
2026-09-02T00:02:48.389017+00:00,1788307365,6705,321 Surrey Central/WhiteRock,15247162,5507,25,-50
2026-09-02T00:02:48.389017+00:00,1788307365,6705,321 Surrey Central/WhiteRock,15247162,5633,26,0
2026-09-02T00:02:48.389017+00:00,1788307365,6705,321 Surrey Central/WhiteRock,15247162,5510,27,29
2026-09-02T00:02:48.389017+00:00,1788307365,6705,321 Surrey Central/WhiteRock,15247162,5511,28,20
2026-09-02T00:02:48.389017+00:00,1788307365,6705,321 Surrey Central/WhiteRock,15247162,5512,29,16
2026-09-02T00:02:48.389017+00:00,1788307365,6705,321 Surrey Central/WhiteRock,15247162,5513,30,3
2026-09-02T00:02:48.389017+00:00,1788307365,6705,321 Surrey Central/WhiteRock,15247162,5514,31,95
2026-09-02T00:02:48.389017+00:00,1788307365,6705,321 Surrey Central/WhiteRock,15247162,5515,32,87
2026-09-02T00:02:48.389017+00:00,1788307365,6705,321 Surrey Central/WhiteRock,15247162,5516,33,101
2026-09-02T00:02:48.389017+00:00,1788307365,6705,321 Surrey Central/WhiteRock,15247162,5517,34,107
2026-09-02T00:02:48.389017+00:00,1788307365,6705,321 Surrey Central/WhiteRock,15247162,5518,35,110
2026-09-02T00:02:48.389017+00:00,1788307365,6705,321 Surrey Central/WhiteRock,15247162,5519,36,87
2026-09-02T00:02:48.389017+00:00,1788307365,6705,321 Surrey Central/WhiteRock,15247162,5520,37,75
2026-09-02T00:02:48.389017+00:00,1788307365,6705,321 Surrey Central/WhiteRock,15247162,5521,38,-133
2026-09-02T00:02:48.389017+00:00,1788307365,6705,321 Surrey Central/WhiteRock,15247162,5522,39,-269
2026-09-02T00:02:48.389017+00:00,1788307365,6705,321 Surrey Central/WhiteRock,15247162,5523,40,-306
2026-09-02T00:02:48.389017+00:00,1788307365,6705,321 Surrey Central/WhiteRock,15247162,6466,41,-323
2026-09-02T00:02:48.389017+00:00,1788307365,6705,321 Surrey Central/WhiteRock,15247162,5524,42,-288
2026-09-02T00:02:48.389017+00:00,1788307365,6705,321 Surrey Central/WhiteRock,15247162,5525,43,-317
2026-09-02T00:02:48.389017+00:00,1788307365,6705,321 Surrey Central/WhiteRock,15247162,10443,44,-345
2026-09-02T00:02:48.389017+00:00,1788307365,6705,321 Surrey Central/WhiteRock,15247162,5528,45,-343
2026-09-02T00:02:48.389017+00:00,1788307365,6705,321 Surrey Central/WhiteRock,15247162,5529,46,-370
2026-09-02T00:02:48.389017+00:00,1788307365,6705,321 Surrey Central/WhiteRock,15247162,5530,47,-386
2026-09-02T00:02:48.389017+00:00,1788307365,6705,321 Surrey Central/WhiteRock,15247162,5533,48,-393
2026-09-02T00:02:48.389017+00:00,1788307365,6705,321 Surrey Central/WhiteRock,15247162,5534,49,-414
2026-09-02T00:02:48.389017+00:00,1788307365,6705,321 Surrey Central/WhiteRock,15247162,5535,50,-383
2026-09-02T00:02:48.389017+00:00,1788307365,6705,321 Surrey Central/WhiteRock,15247162,5536,51,-410
2026-09-02T00:02:48.389017+00:00,1788307365,6705,321 Surrey Central/WhiteRock,15247162,5537,52,-407
2026-09-02T00:02:48.389017+00:00,1788307365,6705,321 Surrey Central/WhiteRock,15247162,5538,53,-412
2026-09-02T00:02:48.389017+00:00,1788307365,6705,321 Surrey Central/WhiteRock,15247162,5541,54,-387
2026-09-02T00:02:48.389017+00:00,1788307365,6705,321 Surrey Central/WhiteRock,15247162,5542,55,-377
2026-09-02T00:02:48.389017+00:00,1788307365,6705,321 Surrey Central/WhiteRock,15247162,6195,56,-352
2026-09-02T00:02:48.389017+00:00,1788307365,6705,321 Surrey Central/WhiteRock,15247163,9926,5,-144
2026-09-02T00:02:48.389017+00:00,1788307365,6705,321 Surrey Central/WhiteRock,15247163,9927,6,-168
2026-09-02T00:02:48.389017+00:00,1788307365,6705,321 Surrey Central/WhiteRock,15247163,10880,7,0
2026-09-02T00:02:48.389017+00:00,1788307365,6705,321 Surrey Central/WhiteRock,15247163,5046,8,42
2026-09-02T00:02:48.389017+00:00,1788307365,6705,321 Surrey Central/WhiteRock,15247163,5047,9,40
2026-09-02T00:02:48.389017+00:00,1788307365,6705,321 Surrey Central/WhiteRock,15247163,8566,10,3
2026-09-02T00:02:48.389017+00:00,1788307365,6705,321 Surrey Central/WhiteRock,15247163,12916,11,46
2026-09-02T00:02:48.389017+00:00,1788307365,6705,321 Surrey Central/WhiteRock,15247163,5049,12,38
2026-09-02T00:02:48.389017+00:00,1788307365,6705,321 Surrey Central/WhiteRock,15247163,5039,13,22
2026-09-02T00:02:48.389017+00:00,1788307365,6705,321 Surrey Central/WhiteRock,15247163,8351,14,-2
2026-09-02T00:02:48.389017+00:00,1788307365,6705,321 Surrey Central/WhiteRock,15247163,5496,15,-72
2026-09-02T00:02:48.389017+00:00,1788307365,6705,321 Surrey Central/WhiteRock,15247163,5497,16,-115
2026-09-02T00:02:48.389017+00:00,1788307365,6705,321 Surrey Central/WhiteRock,15247163,5498,17,-131
2026-09-02T00:02:48.389017+00:00,1788307365,6705,321 Surrey Central/WhiteRock,15247163,5499,18,-168
2026-09-02T00:02:48.389017+00:00,1788307365,6705,321 Surrey Central/WhiteRock,15247163,5500,19,-192
2026-09-02T00:02:48.389017+00:00,1788307365,6705,321 Surrey Central/WhiteRock,15247163,5501,20,-219
2026-09-02T00:02:48.389017+00:00,1788307365,6705,321 Surrey Central/WhiteRock,15247163,5502,21,-233
2026-09-02T00:02:48.389017+00:00,1788307365,6705,321 Surrey Central/WhiteRock,15247163,5503,22,-251
2026-09-02T00:02:48.389017+00:00,1788307365,6705,321 Surrey Central/WhiteRock,15247163,5504,23,-312
2026-09-02T00:02:48.389017+00:00,1788307365,6705,321 Surrey Central/WhiteRock,15247163,5505,24,-304
2026-09-02T00:02:48.389017+00:00,1788307365,6705,321 Surrey Central/WhiteRock,15247163,5507,25,-275
2026-09-02T00:02:48.389017+00:00,1788307365,6705,321 Surrey Central/WhiteRock,15247163,5633,26,0
2026-09-02T00:02:48.389017+00:00,1788307365,6705,321 Surrey Central/WhiteRock,15247163,5510,27,40
2026-09-02T00:02:48.389017+00:00,1788307365,6705,321 Surrey Central/WhiteRock,15247163,5511,28,33
2026-09-02T00:02:48.389017+00:00,1788307365,6705,321 Surrey Central/WhiteRock,15247163,5512,29,30
2026-09-02T00:02:48.389017+00:00,1788307365,6705,321 Surrey Central/WhiteRock,15247163,5513,30,20
2026-09-02T00:02:48.389017+00:00,1788307365,6705,321 Surrey Central/WhiteRock,15247163,5514,31,113
2026-09-02T00:02:48.389017+00:00,1788307365,6705,321 Surrey Central/WhiteRock,15247163,5515,32,106
2026-09-02T00:02:48.389017+00:00,1788307365,6705,321 Surrey Central/WhiteRock,15247163,5516,33,102
2026-09-02T00:02:48.389017+00:00,1788307365,6705,321 Surrey Central/WhiteRock,15247163,5517,34,111
2026-09-02T00:02:48.389017+00:00,1788307365,6705,321 Surrey Central/WhiteRock,15247163,5518,35,112
2026-09-02T00:02:48.389017+00:00,1788307365,6705,321 Surrey Central/WhiteRock,15247163,5519,36,91
2026-09-02T00:02:48.389017+00:00,1788307365,6705,321 Surrey Central/WhiteRock,15247163,5520,37,80
2026-09-02T00:02:48.389017+00:00,1788307365,6705,321 Surrey Central/WhiteRock,15247163,5521,38,-121
2026-09-02T00:02:48.389017+00:00,1788307365,6705,321 Surrey Central/WhiteRock,15247163,5522,39,-253
2026-09-02T00:02:48.389017+00:00,1788307365,6705,321 Surrey Central/WhiteRock,15247163,5523,40,-289
2026-09-02T00:02:48.389017+00:00,1788307365,6705,321 Surrey Central/WhiteRock,15247163,6466,41,-307
2026-09-02T00:02:48.389017+00:00,1788307365,6705,321 Surrey Central/WhiteRock,15247163,5524,42,-269
2026-09-02T00:02:48.389017+00:00,1788307365,6705,321 Surrey Central/WhiteRock,15247163,5525,43,-296
2026-09-02T00:02:48.389017+00:00,1788307365,6705,321 Surrey Central/WhiteRock,15247163,10443,44,-321
2026-09-02T00:02:48.389017+00:00,1788307365,6705,321 Surrey Central/WhiteRock,15247163,5528,45,-319
2026-09-02T00:02:48.389017+00:00,1788307365,6705,321 Surrey Central/WhiteRock,15247163,5529,46,-342
2026-09-02T00:02:48.389017+00:00,1788307365,6705,321 Surrey Central/WhiteRock,15247163,5530,47,-358
2026-09-02T00:02:48.389017+00:00,1788307365,6705,321 Surrey Central/WhiteRock,15247163,5533,48,-361
2026-09-02T00:02:48.389017+00:00,1788307365,6705,321 Surrey Central/WhiteRock,15247163,5534,49,-379
2026-09-02T00:02:48.389017+00:00,1788307365,6705,321 Surrey Central/WhiteRock,15247163,5535,50,-360
2026-09-02T00:02:48.389017+00:00,1788307365,6705,321 Surrey Central/WhiteRock,15247163,5536,51,-384
2026-09-02T00:02:48.389017+00:00,1788307365,6705,321 Surrey Central/WhiteRock,15247163,5537,52,-389
2026-09-02T00:02:48.389017+00:00,1788307365,6705,321 Surrey Central/WhiteRock,15247163,5538,53,-394
2026-09-02T00:02:48.389017+00:00,1788307365,6705,321 Surrey Central/WhiteRock,15247163,5541,54,-372
2026-09-02T00:02:48.389017+00:00,1788307365,6705,321 Surrey Central/WhiteRock,15247163,5542,55,-360
2026-09-02T00:02:48.389017+00:00,1788307365,6705,321 Surrey Central/WhiteRock,15247163,6195,56,-333
2026-09-02T00:02:48.389017+00:00,1788307365,6705,321 Surrey Central/WhiteRock,15247164,10716,2,-628
2026-09-02T00:02:48.389017+00:00,1788307365,6705,321 Surrey Central/WhiteRock,15247164,9923,3,-623
2026-09-02T00:02:48.389017+00:00,1788307365,6705,321 Surrey Central/WhiteRock,15247164,9924,4,-736
2026-09-02T00:02:48.389017+00:00,1788307365,6705,321 Surrey Central/WhiteRock,15247164,9926,5,-784
2026-09-02T00:02:48.389017+00:00,1788307365,6705,321 Surrey Central/WhiteRock,15247164,9927,6,-808
2026-09-02T00:02:48.389017+00:00,1788307365,6705,321 Surrey Central/WhiteRock,15247164,10880,7,0
2026-09-02T00:02:48.389017+00:00,1788307365,6705,321 Surrey Central/WhiteRock,15247164,5046,8,42
2026-09-02T00:02:48.389017+00:00,1788307365,6705,321 Surrey Central/WhiteRock,15247164,5047,9,40
2026-09-02T00:02:48.389017+00:00,1788307365,6705,321 Surrey Central/WhiteRock,15247164,8566,10,3
2026-09-02T00:02:48.389017+00:00,1788307365,6705,321 Surrey Central/WhiteRock,15247164,12916,11,46
2026-09-02T00:02:48.389017+00:00,1788307365,6705,321 Surrey Central/WhiteRock,15247164,5049,12,38
2026-09-02T00:02:48.389017+00:00,1788307365,6705,321 Surrey Central/WhiteRock,15247164,5039,13,19
2026-09-02T00:02:48.389017+00:00,1788307365,6705,321 Surrey Central/WhiteRock,15247164,8351,14,-5
2026-09-02T00:02:48.389017+00:00,1788307365,6705,321 Surrey Central/WhiteRock,15247164,5496,15,-71
2026-09-02T00:02:48.389017+00:00,1788307365,6705,321 Surrey Central/WhiteRock,15247164,5497,16,-114
2026-09-02T00:02:48.389017+00:00,1788307365,6705,321 Surrey Central/WhiteRock,15247164,5498,17,-128
2026-09-02T00:02:48.389017+00:00,1788307365,6705,321 Surrey Central/WhiteRock,15247164,5499,18,-165
2026-09-02T00:02:48.389017+00:00,1788307365,6705,321 Surrey Central/WhiteRock,15247164,5500,19,-182
2026-09-02T00:02:48.389017+00:00,1788307365,6705,321 Surrey Central/WhiteRock,15247164,5501,20,-209
2026-09-02T00:02:48.389017+00:00,1788307365,6705,321 Surrey Central/WhiteRock,15247164,5502,21,-223
2026-09-02T00:02:48.389017+00:00,1788307365,6705,321 Surrey Central/WhiteRock,15247164,5503,22,-236
2026-09-02T00:02:48.389017+00:00,1788307365,6705,321 Surrey Central/WhiteRock,15247164,5504,23,-293
2026-09-02T00:02:48.389017+00:00,1788307365,6705,321 Surrey Central/WhiteRock,15247164,5505,24,-284
2026-09-02T00:02:48.389017+00:00,1788307365,6705,321 Surrey Central/WhiteRock,15247164,5507,25,-263
2026-09-02T00:02:48.389017+00:00,1788307365,6705,321 Surrey Central/WhiteRock,15247164,5633,26,0
2026-09-02T00:02:48.389017+00:00,1788307365,6705,321 Surrey Central/WhiteRock,15247164,5510,27,34
2026-09-02T00:02:48.389017+00:00,1788307365,6705,321 Surrey Central/WhiteRock,15247164,5511,28,27
2026-09-02T00:02:48.389017+00:00,1788307365,6705,321 Surrey Central/WhiteRock,15247164,5512,29,25
2026-09-02T00:02:48.389017+00:00,1788307365,6705,321 Surrey Central/WhiteRock,15247164,5513,30,10
2026-09-02T00:02:48.389017+00:00,1788307365,6705,321 Surrey Central/WhiteRock,15247164,5514,31,104
2026-09-02T00:02:48.389017+00:00,1788307365,6705,321 Surrey Central/WhiteRock,15247164,5515,32,97
2026-09-02T00:02:48.389017+00:00,1788307365,6705,321 Surrey Central/WhiteRock,15247164,5516,33,125
2026-09-02T00:02:48.389017+00:00,1788307365,6705,321 Surrey Central/WhiteRock,15247164,5517,34,139
2026-09-02T00:02:48.389017+00:00,1788307365,6705,321 Surrey Central/WhiteRock,15247164,5518,35,145
2026-09-02T00:02:48.389017+00:00,1788307365,6705,321 Surrey Central/WhiteRock,15247164,5519,36,124
2026-09-02T00:02:48.389017+00:00,1788307365,6705,321 Surrey Central/WhiteRock,15247164,5520,37,129
2026-09-02T00:02:48.389017+00:00,1788307365,6705,321 Surrey Central/WhiteRock,15247164,5521,38,-72
2026-09-02T00:02:48.389017+00:00,1788307365,6705,321 Surrey Central/WhiteRock,15247164,5522,39,-205
2026-09-02T00:02:48.389017+00:00,1788307365,6705,321 Surrey Central/WhiteRock,15247164,5523,40,-241
2026-09-02T00:02:48.389017+00:00,1788307365,6705,321 Surrey Central/WhiteRock,15247164,6466,41,-256
2026-09-02T00:02:48.389017+00:00,1788307365,6705,321 Surrey Central/WhiteRock,15247164,5524,42,-228
2026-09-02T00:02:48.389017+00:00,1788307365,6705,321 Surrey Central/WhiteRock,15247164,5525,43,-257
2026-09-02T00:02:48.389017+00:00,1788307365,6705,321 Surrey Central/WhiteRock,15247164,10443,44,-284
2026-09-02T00:02:48.389017+00:00,1788307365,6705,321 Surrey Central/WhiteRock,15247164,5528,45,-283
2026-09-02T00:02:48.389017+00:00,1788307365,6705,321 Surrey Central/WhiteRock,15247164,5529,46,-308
2026-09-02T00:02:48.389017+00:00,1788307365,6705,321 Surrey Central/WhiteRock,15247164,5530,47,-324
2026-09-02T00:02:48.389017+00:00,1788307365,6705,321 Surrey Central/WhiteRock,15247164,5533,48,-330
2026-09-02T00:02:48.389017+00:00,1788307365,6705,321 Surrey Central/WhiteRock,15247164,5534,49,-350
2026-09-02T00:02:48.389017+00:00,1788307365,6705,321 Surrey Central/WhiteRock,15247164,5535,50,-345
2026-09-02T00:02:48.389017+00:00,1788307365,6705,321 Surrey Central/WhiteRock,15247164,5536,51,-369
2026-09-02T00:02:48.389017+00:00,1788307365,6705,321 Surrey Central/WhiteRock,15247164,5537,52,-373
2026-09-02T00:02:48.389017+00:00,1788307365,6705,321 Surrey Central/WhiteRock,15247164,5538,53,-378
2026-09-02T00:02:48.389017+00:00,1788307365,6705,321 Surrey Central/WhiteRock,15247164,5541,54,-357
2026-09-02T00:02:48.389017+00:00,1788307365,6705,321 Surrey Central/WhiteRock,15247164,5542,55,-346
2026-09-02T00:02:48.389017+00:00,1788307365,6705,321 Surrey Central/WhiteRock,15247164,6195,56,-320
2026-09-02T00:02:48.389017+00:00,1788307365,6705,321 Surrey Central/WhiteRock,15247177,5633,26,0
2026-09-02T00:02:48.389017+00:00,1788307365,6705,321 Surrey Central/WhiteRock,15247177,5510,27,24
2026-09-02T00:02:48.389017+00:00,1788307365,6705,321 Surrey Central/WhiteRock,15247177,5511,28,16
2026-09-02T00:02:48.389017+00:00,1788307365,6705,321 Surrey Central/WhiteRock,15247177,5512,29,13
2026-09-02T00:02:48.389017+00:00,1788307365,6705,321 Surrey Central/WhiteRock,15247177,5513,30,1
2026-09-02T00:02:48.389017+00:00,1788307365,6705,321 Surrey Central/WhiteRock,15247177,5514,31,93
2026-09-02T00:02:48.389017+00:00,1788307365,6705,321 Surrey Central/WhiteRock,15247177,5515,32,85
2026-09-02T00:02:48.389017+00:00,1788307365,6705,321 Surrey Central/WhiteRock,15247177,5516,33,79
2026-09-02T00:02:48.389017+00:00,1788307365,6705,321 Surrey Central/WhiteRock,15247177,5517,34,77
2026-09-02T00:02:48.389017+00:00,1788307365,6705,321 Surrey Central/WhiteRock,15247177,5518,35,81
2026-09-02T00:02:48.389017+00:00,1788307365,6705,321 Surrey Central/WhiteRock,15247177,5519,36,58
2026-09-02T00:02:48.389017+00:00,1788307365,6705,321 Surrey Central/WhiteRock,15247177,5520,37,46
2026-09-02T00:02:48.389017+00:00,1788307365,6705,321 Surrey Central/WhiteRock,15247177,5521,38,-162
2026-09-02T00:02:48.389017+00:00,1788307365,6705,321 Surrey Central/WhiteRock,15247177,5522,39,-299
2026-09-02T00:02:48.389017+00:00,1788307365,6705,321 Surrey Central/WhiteRock,15247177,5523,40,-335
2026-09-02T00:02:48.389017+00:00,1788307365,6705,321 Surrey Central/WhiteRock,15247177,6466,41,-350
2026-09-02T00:02:48.389017+00:00,1788307365,6705,321 Surrey Central/WhiteRock,15247177,5524,42,-315
2026-09-02T00:02:48.389017+00:00,1788307365,6705,321 Surrey Central/WhiteRock,15247177,5525,43,-345
2026-09-02T00:02:48.389017+00:00,1788307365,6705,321 Surrey Central/WhiteRock,15247177,10443,44,-371
2026-09-02T00:02:48.389017+00:00,1788307365,6705,321 Surrey Central/WhiteRock,15247177,5528,45,-368
2026-09-02T00:02:48.389017+00:00,1788307365,6705,321 Surrey Central/WhiteRock,15247177,5529,46,-392
2026-09-02T00:02:48.389017+00:00,1788307365,6705,321 Surrey Central/WhiteRock,15247177,5530,47,-408
2026-09-02T00:02:48.389017+00:00,1788307365,6705,321 Surrey Central/WhiteRock,15247177,5533,48,-414
2026-09-02T00:02:48.389017+00:00,1788307365,6705,321 Surrey Central/WhiteRock,15247177,5534,49,-434
2026-09-02T00:02:48.389017+00:00,1788307365,6705,321 Surrey Central/WhiteRock,15247177,5535,50,-410
2026-09-02T00:02:48.389017+00:00,1788307365,6705,321 Surrey Central/WhiteRock,15247177,5536,51,-428
2026-09-02T00:02:48.389017+00:00,1788307365,6705,321 Surrey Central/WhiteRock,15247177,5537,52,-429
2026-09-02T00:02:48.389017+00:00,1788307365,6705,321 Surrey Central/WhiteRock,15247177,5538,53,-434
2026-09-02T00:02:48.389017+00:00,1788307365,6705,321 Surrey Central/WhiteRock,15247177,5541,54,-410
2026-09-02T00:02:48.389017+00:00,1788307365,6705,321 Surrey Central/WhiteRock,15247177,5542,55,-397
2026-09-02T00:02:48.389017+00:00,1788307365,6705,321 Surrey Central/WhiteRock,15247177,6195,56,-370
2026-09-02T00:02:48.389017+00:00,1788307365,6705,321 Surrey Central/WhiteRock,15247186,6195,56,-364
2026-09-02T00:02:48.389017+00:00,1788307365,6705,321 Surrey Central/WhiteRock,15247187,10880,7,0
2026-09-02T00:02:48.389017+00:00,1788307365,6705,321 Surrey Central/WhiteRock,15247187,5046,8,42
2026-09-02T00:02:48.389017+00:00,1788307365,6705,321 Surrey Central/WhiteRock,15247187,5047,9,39
2026-09-02T00:02:48.389017+00:00,1788307365,6705,321 Surrey Central/WhiteRock,15247187,8566,10,3
2026-09-02T00:02:48.389017+00:00,1788307365,6705,321 Surrey Central/WhiteRock,15247187,12916,11,46
2026-09-02T00:02:48.389017+00:00,1788307365,6705,321 Surrey Central/WhiteRock,15247187,5049,12,38
2026-09-02T00:02:48.389017+00:00,1788307365,6705,321 Surrey Central/WhiteRock,15247187,5039,13,21
2026-09-02T00:02:48.389017+00:00,1788307365,6705,321 Surrey Central/WhiteRock,15247187,8351,14,-1
2026-09-02T00:02:48.389017+00:00,1788307365,6705,321 Surrey Central/WhiteRock,15247187,5496,15,-67
2026-09-02T00:02:48.389017+00:00,1788307365,6705,321 Surrey Central/WhiteRock,15247187,5497,16,-110
2026-09-02T00:02:48.389017+00:00,1788307365,6705,321 Surrey Central/WhiteRock,15247187,5498,17,-123
2026-09-02T00:02:48.389017+00:00,1788307365,6705,321 Surrey Central/WhiteRock,15247187,5499,18,-160
2026-09-02T00:02:48.389017+00:00,1788307365,6705,321 Surrey Central/WhiteRock,15247187,5500,19,-177
2026-09-02T00:02:48.389017+00:00,1788307365,6705,321 Surrey Central/WhiteRock,15247187,5501,20,-204
2026-09-02T00:02:48.389017+00:00,1788307365,6705,321 Surrey Central/WhiteRock,15247187,5502,21,-217
2026-09-02T00:02:48.389017+00:00,1788307365,6705,321 Surrey Central/WhiteRock,15247187,5503,22,-226
2026-09-02T00:02:48.389017+00:00,1788307365,6705,321 Surrey Central/WhiteRock,15247187,5504,23,-283
2026-09-02T00:02:48.389017+00:00,1788307365,6705,321 Surrey Central/WhiteRock,15247187,5505,24,-273
2026-09-02T00:02:48.389017+00:00,1788307365,6705,321 Surrey Central/WhiteRock,15247187,5507,25,-252
2026-09-02T00:02:48.389017+00:00,1788307365,6705,321 Surrey Central/WhiteRock,15247187,5633,26,0
2026-09-02T00:02:48.389017+00:00,1788307365,6705,321 Surrey Central/WhiteRock,15247187,5510,27,36
2026-09-02T00:02:48.389017+00:00,1788307365,6705,321 Surrey Central/WhiteRock,15247187,5511,28,29
2026-09-02T00:02:48.389017+00:00,1788307365,6705,321 Surrey Central/WhiteRock,15247187,5512,29,27
2026-09-02T00:02:48.389017+00:00,1788307365,6705,321 Surrey Central/WhiteRock,15247187,5513,30,17
2026-09-02T00:02:48.389017+00:00,1788307365,6705,321 Surrey Central/WhiteRock,15247187,5514,31,111
2026-09-02T00:02:48.389017+00:00,1788307365,6705,321 Surrey Central/WhiteRock,15247187,5515,32,104
2026-09-02T00:02:48.389017+00:00,1788307365,6705,321 Surrey Central/WhiteRock,15247187,5516,33,104
2026-09-02T00:02:48.389017+00:00,1788307365,6705,321 Surrey Central/WhiteRock,15247187,5517,34,113
2026-09-02T00:02:48.389017+00:00,1788307365,6705,321 Surrey Central/WhiteRock,15247187,5518,35,117
2026-09-02T00:02:48.389017+00:00,1788307365,6705,321 Surrey Central/WhiteRock,15247187,5519,36,96
2026-09-02T00:02:48.389017+00:00,1788307365,6705,321 Surrey Central/WhiteRock,15247187,5520,37,85
2026-09-02T00:02:48.389017+00:00,1788307365,6705,321 Surrey Central/WhiteRock,15247187,5521,38,-116
2026-09-02T00:02:48.389017+00:00,1788307365,6705,321 Surrey Central/WhiteRock,15247187,5522,39,-248
2026-09-02T00:02:48.389017+00:00,1788307365,6705,321 Surrey Central/WhiteRock,15247187,5523,40,-284
2026-09-02T00:02:48.389017+00:00,1788307365,6705,321 Surrey Central/WhiteRock,15247187,6466,41,-298
2026-09-02T00:02:48.389017+00:00,1788307365,6705,321 Surrey Central/WhiteRock,15247187,5524,42,-260
2026-09-02T00:02:48.389017+00:00,1788307365,6705,321 Surrey Central/WhiteRock,15247187,5525,43,-288
2026-09-02T00:02:48.389017+00:00,1788307365,6705,321 Surrey Central/WhiteRock,15247187,10443,44,-315
2026-09-02T00:02:48.389017+00:00,1788307365,6705,321 Surrey Central/WhiteRock,15247187,5528,45,-313
2026-09-02T00:02:48.389017+00:00,1788307365,6705,321 Surrey Central/WhiteRock,15247187,5529,46,-338
2026-09-02T00:02:48.389017+00:00,1788307365,6705,321 Surrey Central/WhiteRock,15247187,5530,47,-353
2026-09-02T00:02:48.389017+00:00,1788307365,6705,321 Surrey Central/WhiteRock,15247187,5533,48,-358
2026-09-02T00:02:48.389017+00:00,1788307365,6705,321 Surrey Central/WhiteRock,15247187,5534,49,-378
2026-09-02T00:02:48.389017+00:00,1788307365,6705,321 Surrey Central/WhiteRock,15247187,5535,50,-369
2026-09-02T00:02:48.389017+00:00,1788307365,6705,321 Surrey Central/WhiteRock,15247187,5536,51,-395
2026-09-02T00:02:48.389017+00:00,1788307365,6705,321 Surrey Central/WhiteRock,15247187,5537,52,-395
2026-09-02T00:02:48.389017+00:00,1788307365,6705,321 Surrey Central/WhiteRock,15247187,5538,53,-400
2026-09-02T00:02:48.389017+00:00,1788307365,6705,321 Surrey Central/WhiteRock,15247187,5541,54,-378
2026-09-02T00:02:48.389017+00:00,1788307365,6705,321 Surrey Central/WhiteRock,15247187,5542,55,-367
2026-09-02T00:02:48.389017+00:00,1788307365,6705,321 Surrey Central/WhiteRock,15247187,6195,56,-338
2026-09-02T00:02:48.389017+00:00,1788307365,6705,321 Surrey Central/WhiteRock,15247232,5514,31,189
2026-09-02T00:02:48.389017+00:00,1788307365,6705,321 Surrey Central/WhiteRock,15247232,5515,32,180
2026-09-02T00:02:48.389017+00:00,1788307365,6705,321 Surrey Central/WhiteRock,15247232,5516,33,170
2026-09-02T00:02:48.389017+00:00,1788307365,6705,321 Surrey Central/WhiteRock,15247232,5517,34,163
2026-09-02T00:02:48.389017+00:00,1788307365,6705,321 Surrey Central/WhiteRock,15247232,5518,35,164
2026-09-02T00:02:48.389017+00:00,1788307365,6705,321 Surrey Central/WhiteRock,15247232,5519,36,139
2026-09-02T00:02:48.389017+00:00,1788307365,6705,321 Surrey Central/WhiteRock,15247232,5520,37,124
2026-09-02T00:02:48.389017+00:00,1788307365,6705,321 Surrey Central/WhiteRock,15247232,5521,38,-92
2026-09-02T00:02:48.389017+00:00,1788307365,6705,321 Surrey Central/WhiteRock,15247232,5522,39,-234
2026-09-02T00:02:48.389017+00:00,1788307365,6705,321 Surrey Central/WhiteRock,15247232,5523,40,-273
2026-09-02T00:02:48.389017+00:00,1788307365,6705,321 Surrey Central/WhiteRock,15247232,6466,41,-295
2026-09-02T00:02:48.389017+00:00,1788307365,6705,321 Surrey Central/WhiteRock,15247232,5524,42,-264
2026-09-02T00:02:48.389017+00:00,1788307365,6705,321 Surrey Central/WhiteRock,15247232,5525,43,-295
2026-09-02T00:02:48.389017+00:00,1788307365,6705,321 Surrey Central/WhiteRock,15247232,10443,44,-320
2026-09-02T00:02:48.389017+00:00,1788307365,6705,321 Surrey Central/WhiteRock,15247232,5528,45,-318
2026-09-02T00:02:48.389017+00:00,1788307365,6705,321 Surrey Central/WhiteRock,15247232,5529,46,-344
2026-09-02T00:02:48.389017+00:00,1788307365,6705,321 Surrey Central/WhiteRock,15247232,5530,47,-361
2026-09-02T00:02:48.389017+00:00,1788307365,6705,321 Surrey Central/WhiteRock,15247232,5533,48,-367
2026-09-02T00:02:48.389017+00:00,1788307365,6705,321 Surrey Central/WhiteRock,15247232,5534,49,-387
2026-09-02T00:02:48.389017+00:00,1788307365,6705,321 Surrey Central/WhiteRock,15247232,5535,50,-374
2026-09-02T00:02:48.389017+00:00,1788307365,6705,321 Surrey Central/WhiteRock,15247232,5536,51,-396
2026-09-02T00:02:48.389017+00:00,1788307365,6705,321 Surrey Central/WhiteRock,15247232,5537,52,-398
2026-09-02T00:02:48.389017+00:00,1788307365,6705,321 Surrey Central/WhiteRock,15247232,5538,53,-405
2026-09-02T00:02:48.389017+00:00,1788307365,6705,321 Surrey Central/WhiteRock,15247232,5541,54,-380
2026-09-02T00:02:48.389017+00:00,1788307365,6705,321 Surrey Central/WhiteRock,15247232,5542,55,-369
2026-09-02T00:02:48.389017+00:00,1788307365,6705,321 Surrey Central/WhiteRock,15247232,6195,56,-346
2026-09-02T00:02:48.389017+00:00,1788307365,6705,321 Surrey Central/WhiteRock,15247233,12916,11,573
2026-09-02T00:02:48.389017+00:00,1788307365,6705,321 Surrey Central/WhiteRock,15247233,5049,12,562
2026-09-02T00:02:48.389017+00:00,1788307365,6705,321 Surrey Central/WhiteRock,15247233,5039,13,544
2026-09-02T00:02:48.389017+00:00,1788307365,6705,321 Surrey Central/WhiteRock,15247233,8351,14,518
2026-09-02T00:02:48.389017+00:00,1788307365,6705,321 Surrey Central/WhiteRock,15247233,5496,15,443
2026-09-02T00:02:48.389017+00:00,1788307365,6705,321 Surrey Central/WhiteRock,15247233,5497,16,397
2026-09-02T00:02:48.389017+00:00,1788307365,6705,321 Surrey Central/WhiteRock,15247233,5498,17,378
2026-09-02T00:02:48.389017+00:00,1788307365,6705,321 Surrey Central/WhiteRock,15247233,5499,18,339
2026-09-02T00:02:48.389017+00:00,1788307365,6705,321 Surrey Central/WhiteRock,15247233,5500,19,312
2026-09-02T00:02:48.389017+00:00,1788307365,6705,321 Surrey Central/WhiteRock,15247233,5501,20,283
2026-09-02T00:02:48.389017+00:00,1788307365,6705,321 Surrey Central/WhiteRock,15247233,5502,21,269
2026-09-02T00:02:48.389017+00:00,1788307365,6705,321 Surrey Central/WhiteRock,15247233,5503,22,248
2026-09-02T00:02:48.389017+00:00,1788307365,6705,321 Surrey Central/WhiteRock,15247233,5504,23,187
2026-09-02T00:02:48.389017+00:00,1788307365,6705,321 Surrey Central/WhiteRock,15247233,5505,24,192
2026-09-02T00:02:48.389017+00:00,1788307365,6705,321 Surrey Central/WhiteRock,15247233,5507,25,212
2026-09-02T00:02:48.389017+00:00,1788307365,6705,321 Surrey Central/WhiteRock,15247233,5633,26,245
2026-09-02T00:02:48.389017+00:00,1788307365,6705,321 Surrey Central/WhiteRock,15247233,5510,27,278
2026-09-02T00:02:48.389017+00:00,1788307365,6705,321 Surrey Central/WhiteRock,15247233,5511,28,269
2026-09-02T00:02:48.389017+00:00,1788307365,6705,321 Surrey Central/WhiteRock,15247233,5512,29,265
2026-09-02T00:02:48.389017+00:00,1788307365,6705,321 Surrey Central/WhiteRock,15247233,5513,30,252
2026-09-02T00:02:48.389017+00:00,1788307365,6705,321 Surrey Central/WhiteRock,15247233,5514,31,343
2026-09-02T00:02:48.389017+00:00,1788307365,6705,321 Surrey Central/WhiteRock,15247233,5515,32,335
2026-09-02T00:02:48.389017+00:00,1788307365,6705,321 Surrey Central/WhiteRock,15247233,5516,33,322
2026-09-02T00:02:48.389017+00:00,1788307365,6705,321 Surrey Central/WhiteRock,15247233,5517,34,328
2026-09-02T00:02:48.389017+00:00,1788307365,6705,321 Surrey Central/WhiteRock,15247233,5518,35,328
2026-09-02T00:02:48.389017+00:00,1788307365,6705,321 Surrey Central/WhiteRock,15247233,5519,36,305
2026-09-02T00:02:48.389017+00:00,1788307365,6705,321 Surrey Central/WhiteRock,15247233,5520,37,293
2026-09-02T00:02:48.389017+00:00,1788307365,6705,321 Surrey Central/WhiteRock,15247233,5521,38,85
2026-09-02T00:02:48.389017+00:00,1788307365,6705,321 Surrey Central/WhiteRock,15247233,5522,39,-51
2026-09-02T00:02:48.389017+00:00,1788307365,6705,321 Surrey Central/WhiteRock,15247233,5523,40,-88
2026-09-02T00:02:48.389017+00:00,1788307365,6705,321 Surrey Central/WhiteRock,15247233,6466,41,-108
2026-09-02T00:02:48.389017+00:00,1788307365,6705,321 Surrey Central/WhiteRock,15247233,5524,42,-73
2026-09-02T00:02:48.389017+00:00,1788307365,6705,321 Surrey Central/WhiteRock,15247233,5525,43,-102
2026-09-02T00:02:48.389017+00:00,1788307365,6705,321 Surrey Central/WhiteRock,15247233,10443,44,-127
2026-09-02T00:02:48.389017+00:00,1788307365,6705,321 Surrey Central/WhiteRock,15247233,5528,45,-125
2026-09-02T00:02:48.389017+00:00,1788307365,6705,321 Surrey Central/WhiteRock,15247233,5529,46,-150
2026-09-02T00:02:48.389017+00:00,1788307365,6705,321 Surrey Central/WhiteRock,15247233,5530,47,-166
2026-09-02T00:02:48.389017+00:00,1788307365,6705,321 Surrey Central/WhiteRock,15247233,5533,48,-170
2026-09-02T00:02:48.389017+00:00,1788307365,6705,321 Surrey Central/WhiteRock,15247233,5534,49,-189
2026-09-02T00:02:48.389017+00:00,1788307365,6705,321 Surrey Central/WhiteRock,15247233,5535,50,-183
2026-09-02T00:02:48.389017+00:00,1788307365,6705,321 Surrey Central/WhiteRock,15247233,5536,51,-209
2026-09-02T00:02:48.389017+00:00,1788307365,6705,321 Surrey Central/WhiteRock,15247233,5537,52,-199
2026-09-02T00:02:48.389017+00:00,1788307365,6705,321 Surrey Central/WhiteRock,15247233,5538,53,-205
2026-09-02T00:02:48.389017+00:00,1788307365,6705,321 Surrey Central/WhiteRock,15247233,5541,54,-180
2026-09-02T00:02:48.389017+00:00,1788307365,6705,321 Surrey Central/WhiteRock,15247233,5542,55,-170
2026-09-02T00:02:48.389017+00:00,1788307365,6705,321 Surrey Central/WhiteRock,15247233,6195,56,-145
2026-09-02T00:02:48.389017+00:00,1788307365,6715,351 Bridgeport/WhiteRock,15251617,8282,25,-175
2026-09-02T00:02:48.389017+00:00,1788307365,6715,351 Bridgeport/WhiteRock,15251618,4928,24,-148
2026-09-02T00:02:48.389017+00:00,1788307365,6715,351 Bridgeport/WhiteRock,15251618,8282,25,-116
2026-09-02T00:02:48.389017+00:00,1788307365,6715,351 Bridgeport/WhiteRock,15251619,5441,15,210
2026-09-02T00:02:48.389017+00:00,1788307365,6715,351 Bridgeport/WhiteRock,15251619,5442,16,183
2026-09-02T00:02:48.389017+00:00,1788307365,6715,351 Bridgeport/WhiteRock,15251619,5444,17,191
2026-09-02T00:02:48.389017+00:00,1788307365,6715,351 Bridgeport/WhiteRock,15251619,9083,18,159
2026-09-02T00:02:48.389017+00:00,1788307365,6715,351 Bridgeport/WhiteRock,15251619,5446,19,163
2026-09-02T00:02:48.389017+00:00,1788307365,6715,351 Bridgeport/WhiteRock,15251619,10445,20,157
2026-09-02T00:02:48.389017+00:00,1788307365,6715,351 Bridgeport/WhiteRock,15251619,5447,21,118
2026-09-02T00:02:48.389017+00:00,1788307365,6715,351 Bridgeport/WhiteRock,15251619,5448,22,116
2026-09-02T00:02:48.389017+00:00,1788307365,6715,351 Bridgeport/WhiteRock,15251619,6194,23,108
2026-09-02T00:02:48.389017+00:00,1788307365,6715,351 Bridgeport/WhiteRock,15251619,4928,24,-109
2026-09-02T00:02:48.389017+00:00,1788307365,6715,351 Bridgeport/WhiteRock,15251619,8282,25,-84
2026-09-02T00:02:48.389017+00:00,1788307365,6715,351 Bridgeport/WhiteRock,15251695,6340,19,5
2026-09-02T00:02:48.389017+00:00,1788307365,6715,351 Bridgeport/WhiteRock,15251695,6341,20,26
2026-09-02T00:02:48.389017+00:00,1788307365,6715,351 Bridgeport/WhiteRock,15251695,6167,21,34
2026-09-02T00:02:48.389017+00:00,1788307365,6715,351 Bridgeport/WhiteRock,15251696,5537,15,-488
2026-09-02T00:02:48.389017+00:00,1788307365,6715,351 Bridgeport/WhiteRock,15251696,5538,16,-480
2026-09-02T00:02:48.389017+00:00,1788307365,6715,351 Bridgeport/WhiteRock,15251696,5541,17,-434
2026-09-02T00:02:48.389017+00:00,1788307365,6715,351 Bridgeport/WhiteRock,15251696,5542,18,-411
2026-09-02T00:02:48.389017+00:00,1788307365,6715,351 Bridgeport/WhiteRock,15251696,6340,19,-370
2026-09-02T00:02:48.389017+00:00,1788307365,6715,351 Bridgeport/WhiteRock,15251696,6341,20,-345
2026-09-02T00:02:48.389017+00:00,1788307365,6715,351 Bridgeport/WhiteRock,15251696,6167,21,-331
2026-09-02T00:02:48.389017+00:00,1788307365,6715,351 Bridgeport/WhiteRock,15251697,6175,4,-462
2026-09-02T00:02:48.389017+00:00,1788307365,6715,351 Bridgeport/WhiteRock,15251697,5524,5,-420
2026-09-02T00:02:48.389017+00:00,1788307365,6715,351 Bridgeport/WhiteRock,15251697,5525,6,-433
2026-09-02T00:02:48.389017+00:00,1788307365,6715,351 Bridgeport/WhiteRock,15251697,10443,7,-427
2026-09-02T00:02:48.389017+00:00,1788307365,6715,351 Bridgeport/WhiteRock,15251697,5528,8,-407
2026-09-02T00:02:48.389017+00:00,1788307365,6715,351 Bridgeport/WhiteRock,15251697,5529,9,-414
2026-09-02T00:02:48.389017+00:00,1788307365,6715,351 Bridgeport/WhiteRock,15251697,5530,10,-412
2026-09-02T00:02:48.389017+00:00,1788307365,6715,351 Bridgeport/WhiteRock,15251697,5533,11,-397
2026-09-02T00:02:48.389017+00:00,1788307365,6715,351 Bridgeport/WhiteRock,15251697,5534,12,-400
2026-09-02T00:02:48.389017+00:00,1788307365,6715,351 Bridgeport/WhiteRock,15251697,5535,13,-372
2026-09-02T00:02:48.389017+00:00,1788307365,6715,351 Bridgeport/WhiteRock,15251697,5536,14,-373
2026-09-02T00:02:48.389017+00:00,1788307365,6715,351 Bridgeport/WhiteRock,15251697,5537,15,-346
2026-09-02T00:02:48.389017+00:00,1788307365,6715,351 Bridgeport/WhiteRock,15251697,5538,16,-339
2026-09-02T00:02:48.389017+00:00,1788307365,6715,351 Bridgeport/WhiteRock,15251697,5541,17,-293
2026-09-02T00:02:48.389017+00:00,1788307365,6715,351 Bridgeport/WhiteRock,15251697,5542,18,-270
2026-09-02T00:02:48.389017+00:00,1788307365,6715,351 Bridgeport/WhiteRock,15251697,6340,19,-229
2026-09-02T00:02:48.389017+00:00,1788307365,6715,351 Bridgeport/WhiteRock,15251697,6341,20,-204
2026-09-02T00:02:48.389017+00:00,1788307365,6715,351 Bridgeport/WhiteRock,15251697,6167,21,-195
2026-09-02T00:02:48.389017+00:00,1788307365,6715,351 Bridgeport/WhiteRock,15251698,6175,4,-582
2026-09-02T00:02:48.389017+00:00,1788307365,6715,351 Bridgeport/WhiteRock,15251698,5524,5,-539
2026-09-02T00:02:48.389017+00:00,1788307365,6715,351 Bridgeport/WhiteRock,15251698,5525,6,-552
2026-09-02T00:02:48.389017+00:00,1788307365,6715,351 Bridgeport/WhiteRock,15251698,10443,7,-546
2026-09-02T00:02:48.389017+00:00,1788307365,6715,351 Bridgeport/WhiteRock,15251698,5528,8,-529
2026-09-02T00:02:48.389017+00:00,1788307365,6715,351 Bridgeport/WhiteRock,15251698,5529,9,-539
2026-09-02T00:02:48.389017+00:00,1788307365,6715,351 Bridgeport/WhiteRock,15251698,5530,10,-537
2026-09-02T00:02:48.389017+00:00,1788307365,6715,351 Bridgeport/WhiteRock,15251698,5533,11,-520
2026-09-02T00:02:48.389017+00:00,1788307365,6715,351 Bridgeport/WhiteRock,15251698,5534,12,-523
2026-09-02T00:02:48.389017+00:00,1788307365,6715,351 Bridgeport/WhiteRock,15251698,5535,13,-477
2026-09-02T00:02:48.389017+00:00,1788307365,6715,351 Bridgeport/WhiteRock,15251698,5536,14,-478
2026-09-02T00:02:48.389017+00:00,1788307365,6715,351 Bridgeport/WhiteRock,15251698,5537,15,-452
2026-09-02T00:02:48.389017+00:00,1788307365,6715,351 Bridgeport/WhiteRock,15251698,5538,16,-445
2026-09-02T00:02:48.389017+00:00,1788307365,6715,351 Bridgeport/WhiteRock,15251698,5541,17,-400
2026-09-02T00:02:48.389017+00:00,1788307365,6715,351 Bridgeport/WhiteRock,15251698,5542,18,-377
2026-09-02T00:02:48.389017+00:00,1788307365,6715,351 Bridgeport/WhiteRock,15251698,6340,19,-335
2026-09-02T00:02:48.389017+00:00,1788307365,6715,351 Bridgeport/WhiteRock,15251698,6341,20,-310
2026-09-02T00:02:48.389017+00:00,1788307365,6715,351 Bridgeport/WhiteRock,15251698,6167,21,-301
2026-09-02T00:02:48.389017+00:00,1788307365,6715,351 Bridgeport/WhiteRock,15251699,4929,3,0
2026-09-02T00:02:48.389017+00:00,1788307365,6715,351 Bridgeport/WhiteRock,15251699,6175,4,-672
2026-09-02T00:02:48.389017+00:00,1788307365,6715,351 Bridgeport/WhiteRock,15251699,5524,5,-629
2026-09-02T00:02:48.389017+00:00,1788307365,6715,351 Bridgeport/WhiteRock,15251699,5525,6,-642
2026-09-02T00:02:48.389017+00:00,1788307365,6715,351 Bridgeport/WhiteRock,15251699,10443,7,-636
2026-09-02T00:02:48.389017+00:00,1788307365,6715,351 Bridgeport/WhiteRock,15251699,5528,8,-618
2026-09-02T00:02:48.389017+00:00,1788307365,6715,351 Bridgeport/WhiteRock,15251699,5529,9,-627
2026-09-02T00:02:48.389017+00:00,1788307365,6715,351 Bridgeport/WhiteRock,15251699,5530,10,-625
2026-09-02T00:02:48.389017+00:00,1788307365,6715,351 Bridgeport/WhiteRock,15251699,5533,11,-608
2026-09-02T00:02:48.389017+00:00,1788307365,6715,351 Bridgeport/WhiteRock,15251699,5534,12,-611
2026-09-02T00:02:48.389017+00:00,1788307365,6715,351 Bridgeport/WhiteRock,15251699,5535,13,-579
2026-09-02T00:02:48.389017+00:00,1788307365,6715,351 Bridgeport/WhiteRock,15251699,5536,14,-580
2026-09-02T00:02:48.389017+00:00,1788307365,6715,351 Bridgeport/WhiteRock,15251699,5537,15,-553
2026-09-02T00:02:48.389017+00:00,1788307365,6715,351 Bridgeport/WhiteRock,15251699,5538,16,-546
2026-09-02T00:02:48.389017+00:00,1788307365,6715,351 Bridgeport/WhiteRock,15251699,5541,17,-500
2026-09-02T00:02:48.389017+00:00,1788307365,6715,351 Bridgeport/WhiteRock,15251699,5542,18,-477
2026-09-02T00:02:48.389017+00:00,1788307365,6715,351 Bridgeport/WhiteRock,15251699,6340,19,-437
2026-09-02T00:02:48.389017+00:00,1788307365,6715,351 Bridgeport/WhiteRock,15251699,6341,20,-412
2026-09-02T00:02:48.389017+00:00,1788307365,6715,351 Bridgeport/WhiteRock,15251699,6167,21,-403
2026-09-02T00:02:48.389017+00:00,1788307365,6715,351 Bridgeport/WhiteRock,15251700,8283,2,25
2026-09-02T00:02:48.389017+00:00,1788307365,6715,351 Bridgeport/WhiteRock,15251700,4929,3,0
2026-09-02T00:02:48.389017+00:00,1788307365,6715,351 Bridgeport/WhiteRock,15251700,6175,4,-671
2026-09-02T00:02:48.389017+00:00,1788307365,6715,351 Bridgeport/WhiteRock,15251700,5524,5,-627
2026-09-02T00:02:48.389017+00:00,1788307365,6715,351 Bridgeport/WhiteRock,15251700,5525,6,-640
2026-09-02T00:02:48.389017+00:00,1788307365,6715,351 Bridgeport/WhiteRock,15251700,10443,7,-633
2026-09-02T00:02:48.389017+00:00,1788307365,6715,351 Bridgeport/WhiteRock,15251700,5528,8,-613
2026-09-02T00:02:48.389017+00:00,1788307365,6715,351 Bridgeport/WhiteRock,15251700,5529,9,-619
2026-09-02T00:02:48.389017+00:00,1788307365,6715,351 Bridgeport/WhiteRock,15251700,5530,10,-617
2026-09-02T00:02:48.389017+00:00,1788307365,6715,351 Bridgeport/WhiteRock,15251700,5533,11,-599
2026-09-02T00:02:48.389017+00:00,1788307365,6715,351 Bridgeport/WhiteRock,15251700,5534,12,-602
2026-09-02T00:02:48.389017+00:00,1788307365,6715,351 Bridgeport/WhiteRock,15251700,5535,13,-570
2026-09-02T00:02:48.389017+00:00,1788307365,6715,351 Bridgeport/WhiteRock,15251700,5536,14,-578
2026-09-02T00:02:48.389017+00:00,1788307365,6715,351 Bridgeport/WhiteRock,15251700,5537,15,-547
2026-09-02T00:02:48.389017+00:00,1788307365,6715,351 Bridgeport/WhiteRock,15251700,5538,16,-541
2026-09-02T00:02:48.389017+00:00,1788307365,6715,351 Bridgeport/WhiteRock,15251700,5541,17,-497
2026-09-02T00:02:48.389017+00:00,1788307365,6715,351 Bridgeport/WhiteRock,15251700,5542,18,-476
2026-09-02T00:02:48.389017+00:00,1788307365,6715,351 Bridgeport/WhiteRock,15251700,6340,19,-437
2026-09-02T00:02:48.389017+00:00,1788307365,6715,351 Bridgeport/WhiteRock,15251700,6341,20,-412
2026-09-02T00:02:48.389017+00:00,1788307365,6715,351 Bridgeport/WhiteRock,15251700,6167,21,-400
2026-09-02T00:02:48.389017+00:00,1788307365,11692,364 Langley Centre/Scottsdale,15252682,5244,1,8
2026-09-02T00:02:48.389017+00:00,1788307365,11692,364 Langley Centre/Scottsdale,15252682,4846,2,-52
2026-09-02T00:02:48.389017+00:00,1788307365,11692,364 Langley Centre/Scottsdale,15252682,4918,3,-28
2026-09-02T00:02:48.389017+00:00,1788307365,11692,364 Langley Centre/Scottsdale,15252682,4919,4,-38
2026-09-02T00:02:48.389017+00:00,1788307365,11692,364 Langley Centre/Scottsdale,15252682,4921,5,-104
2026-09-02T00:02:48.389017+00:00,1788307365,11692,364 Langley Centre/Scottsdale,15252682,11121,6,-62
2026-09-02T00:02:48.389017+00:00,1788307365,11692,364 Langley Centre/Scottsdale,15252682,11142,7,-108
2026-09-02T00:02:48.389017+00:00,1788307365,11692,364 Langley Centre/Scottsdale,15252682,11139,8,-134
2026-09-02T00:02:48.389017+00:00,1788307365,11692,364 Langley Centre/Scottsdale,15252682,11156,9,-168
2026-09-02T00:02:48.389017+00:00,1788307365,11692,364 Langley Centre/Scottsdale,15252682,5583,10,-160
2026-09-02T00:02:48.389017+00:00,1788307365,11692,364 Langley Centre/Scottsdale,15252682,5584,11,-202
2026-09-02T00:02:48.389017+00:00,1788307365,11692,364 Langley Centre/Scottsdale,15252682,6464,12,-229
2026-09-02T00:02:48.389017+00:00,1788307365,11692,364 Langley Centre/Scottsdale,15252682,6465,13,-262
2026-09-02T00:02:48.389017+00:00,1788307365,11692,364 Langley Centre/Scottsdale,15252682,11074,14,-225
2026-09-02T00:02:48.389017+00:00,1788307365,11692,364 Langley Centre/Scottsdale,15252682,11153,15,-265
2026-09-02T00:02:48.389017+00:00,1788307365,11692,364 Langley Centre/Scottsdale,15252682,11150,16,-314
2026-09-02T00:02:48.389017+00:00,1788307365,11692,364 Langley Centre/Scottsdale,15252682,11148,17,-341
2026-09-02T00:02:48.389017+00:00,1788307365,11692,364 Langley Centre/Scottsdale,15252682,11124,18,-335
2026-09-02T00:02:48.389017+00:00,1788307365,11692,364 Langley Centre/Scottsdale,15252682,11140,19,-382
2026-09-02T00:02:48.389017+00:00,1788307365,11692,364 Langley Centre/Scottsdale,15252682,11145,20,-403
2026-09-02T00:02:48.389017+00:00,1788307365,11692,364 Langley Centre/Scottsdale,15252682,11076,21,0
2026-09-02T00:02:48.389017+00:00,1788307365,11692,364 Langley Centre/Scottsdale,15252682,12645,22,-234
2026-09-02T00:02:48.389017+00:00,1788307365,11692,364 Langley Centre/Scottsdale,15252682,9525,23,-234
2026-09-02T00:02:48.389017+00:00,1788307365,11692,364 Langley Centre/Scottsdale,15252682,10148,24,-212
2026-09-02T00:02:48.389017+00:00,1788307365,11692,364 Langley Centre/Scottsdale,15252682,10585,25,-236
2026-09-02T00:02:48.389017+00:00,1788307365,11692,364 Langley Centre/Scottsdale,15252682,10250,26,-248
2026-09-02T00:02:48.389017+00:00,1788307365,11692,364 Langley Centre/Scottsdale,15252682,10588,27,-259
2026-09-02T00:02:48.389017+00:00,1788307365,11692,364 Langley Centre/Scottsdale,15252682,10248,28,-193
2026-09-02T00:02:48.389017+00:00,1788307365,11692,364 Langley Centre/Scottsdale,15252682,10726,29,-189
2026-09-02T00:02:48.389017+00:00,1788307365,11692,364 Langley Centre/Scottsdale,15252682,10725,30,-203
2026-09-02T00:02:48.389017+00:00,1788307365,11692,364 Langley Centre/Scottsdale,15252682,10727,31,-219
2026-09-02T00:02:48.389017+00:00,1788307365,11692,364 Langley Centre/Scottsdale,15252682,10251,32,-228
2026-09-02T00:02:48.389017+00:00,1788307365,11692,364 Langley Centre/Scottsdale,15252682,10252,33,-254
2026-09-02T00:02:48.389017+00:00,1788307365,11692,364 Langley Centre/Scottsdale,15252682,10253,34,-266
2026-09-02T00:02:48.389017+00:00,1788307365,11692,364 Langley Centre/Scottsdale,15252682,10255,35,-284
2026-09-02T00:02:48.389017+00:00,1788307365,11692,364 Langley Centre/Scottsdale,15252682,5332,36,-225
2026-09-02T00:02:48.389017+00:00,1788307365,11692,364 Langley Centre/Scottsdale,15252682,12497,37,-254
2026-09-02T00:02:48.389017+00:00,1788307365,11692,364 Langley Centre/Scottsdale,15252682,5334,38,-266
2026-09-02T00:02:48.389017+00:00,1788307365,11692,364 Langley Centre/Scottsdale,15252682,6472,39,-258
2026-09-02T00:02:48.389017+00:00,1788307365,11692,364 Langley Centre/Scottsdale,15252682,6473,40,-266
2026-09-02T00:02:48.389017+00:00,1788307365,11692,364 Langley Centre/Scottsdale,15252682,6474,41,-267
2026-09-02T00:02:48.389017+00:00,1788307365,11692,364 Langley Centre/Scottsdale,15252682,9306,42,-218
2026-09-02T00:02:48.389017+00:00,1788307365,11692,364 Langley Centre/Scottsdale,15252682,11125,43,-237
2026-09-02T00:02:48.389017+00:00,1788307365,11692,364 Langley Centre/Scottsdale,15252682,9294,44,-224
2026-09-02T00:02:48.389017+00:00,1788307365,11692,364 Langley Centre/Scottsdale,15252682,9293,45,-235
2026-09-02T00:02:48.389017+00:00,1788307365,11692,364 Langley Centre/Scottsdale,15252682,11126,46,-225
2026-09-02T00:02:48.389017+00:00,1788307365,11692,364 Langley Centre/Scottsdale,15252682,7094,47,-273
2026-09-02T00:02:48.389017+00:00,1788307365,11692,364 Langley Centre/Scottsdale,15252683,11124,18,118
2026-09-02T00:02:48.389017+00:00,1788307365,11692,364 Langley Centre/Scottsdale,15252683,11140,19,71
2026-09-02T00:02:48.389017+00:00,1788307365,11692,364 Langley Centre/Scottsdale,15252683,11145,20,52
2026-09-02T00:02:48.389017+00:00,1788307365,11692,364 Langley Centre/Scottsdale,15252683,11076,21,0
2026-09-02T00:02:48.389017+00:00,1788307365,11692,364 Langley Centre/Scottsdale,15252683,12645,22,-267
2026-09-02T00:02:48.389017+00:00,1788307365,11692,364 Langley Centre/Scottsdale,15252683,9525,23,-266
2026-09-02T00:02:48.389017+00:00,1788307365,11692,364 Langley Centre/Scottsdale,15252683,10148,24,-250
2026-09-02T00:02:48.389017+00:00,1788307365,11692,364 Langley Centre/Scottsdale,15252683,10585,25,-279
2026-09-02T00:02:48.389017+00:00,1788307365,11692,364 Langley Centre/Scottsdale,15252683,10250,26,-297
2026-09-02T00:02:48.389017+00:00,1788307365,11692,364 Langley Centre/Scottsdale,15252683,10588,27,-311
2026-09-02T00:02:48.389017+00:00,1788307365,11692,364 Langley Centre/Scottsdale,15252683,10248,28,-253
2026-09-02T00:02:48.389017+00:00,1788307365,11692,364 Langley Centre/Scottsdale,15252683,10726,29,-251
2026-09-02T00:02:48.389017+00:00,1788307365,11692,364 Langley Centre/Scottsdale,15252683,10725,30,-269
2026-09-02T00:02:48.389017+00:00,1788307365,11692,364 Langley Centre/Scottsdale,15252683,10727,31,-290
2026-09-02T00:02:48.389017+00:00,1788307365,11692,364 Langley Centre/Scottsdale,15252683,10251,32,-308
2026-09-02T00:02:48.389017+00:00,1788307365,11692,364 Langley Centre/Scottsdale,15252683,10252,33,-340
2026-09-02T00:02:48.389017+00:00,1788307365,11692,364 Langley Centre/Scottsdale,15252683,10253,34,-360
2026-09-02T00:02:48.389017+00:00,1788307365,11692,364 Langley Centre/Scottsdale,15252683,10255,35,-386
2026-09-02T00:02:48.389017+00:00,1788307365,11692,364 Langley Centre/Scottsdale,15252683,5332,36,-331
2026-09-02T00:02:48.389017+00:00,1788307365,11692,364 Langley Centre/Scottsdale,15252683,12497,37,-366
2026-09-02T00:02:48.389017+00:00,1788307365,11692,364 Langley Centre/Scottsdale,15252683,5334,38,-383
2026-09-02T00:02:48.389017+00:00,1788307365,11692,364 Langley Centre/Scottsdale,15252683,6472,39,-376
2026-09-02T00:02:48.389017+00:00,1788307365,11692,364 Langley Centre/Scottsdale,15252683,6473,40,-384
2026-09-02T00:02:48.389017+00:00,1788307365,11692,364 Langley Centre/Scottsdale,15252683,6474,41,-397
2026-09-02T00:02:48.389017+00:00,1788307365,11692,364 Langley Centre/Scottsdale,15252683,9306,42,-350
2026-09-02T00:02:48.389017+00:00,1788307365,11692,364 Langley Centre/Scottsdale,15252683,11125,43,-358
2026-09-02T00:02:48.389017+00:00,1788307365,11692,364 Langley Centre/Scottsdale,15252683,9294,44,-369
2026-09-02T00:02:48.389017+00:00,1788307365,11692,364 Langley Centre/Scottsdale,15252683,9293,45,-381
2026-09-02T00:02:48.389017+00:00,1788307365,11692,364 Langley Centre/Scottsdale,15252683,11126,46,-370
2026-09-02T00:02:48.389017+00:00,1788307365,11692,364 Langley Centre/Scottsdale,15252683,7094,47,-402
2026-09-02T00:02:48.389017+00:00,1788307365,11692,364 Langley Centre/Scottsdale,15252684,6474,41,-25
2026-09-02T00:02:48.389017+00:00,1788307365,11692,364 Langley Centre/Scottsdale,15252684,9306,42,24
2026-09-02T00:02:48.389017+00:00,1788307365,11692,364 Langley Centre/Scottsdale,15252684,11125,43,25
2026-09-02T00:02:48.389017+00:00,1788307365,11692,364 Langley Centre/Scottsdale,15252684,9294,44,19
2026-09-02T00:02:48.389017+00:00,1788307365,11692,364 Langley Centre/Scottsdale,15252684,9293,45,9
2026-09-02T00:02:48.389017+00:00,1788307365,11692,364 Langley Centre/Scottsdale,15252684,11126,46,20
2026-09-02T00:02:48.389017+00:00,1788307365,11692,364 Langley Centre/Scottsdale,15252684,7094,47,-12
2026-09-02T00:02:48.389017+00:00,1788307365,11692,364 Langley Centre/Scottsdale,15252697,10726,29,-220
2026-09-02T00:02:48.389017+00:00,1788307365,11692,364 Langley Centre/Scottsdale,15252697,10725,30,-235
2026-09-02T00:02:48.389017+00:00,1788307365,11692,364 Langley Centre/Scottsdale,15252697,10727,31,-256
2026-09-02T00:02:48.389017+00:00,1788307365,11692,364 Langley Centre/Scottsdale,15252697,10251,32,-273
2026-09-02T00:02:48.389017+00:00,1788307365,11692,364 Langley Centre/Scottsdale,15252697,10252,33,-303
2026-09-02T00:02:48.389017+00:00,1788307365,11692,364 Langley Centre/Scottsdale,15252697,10253,34,-322
2026-09-02T00:02:48.389017+00:00,1788307365,11692,364 Langley Centre/Scottsdale,15252697,10255,35,-348
2026-09-02T00:02:48.389017+00:00,1788307365,11692,364 Langley Centre/Scottsdale,15252697,5332,36,-293
2026-09-02T00:02:48.389017+00:00,1788307365,11692,364 Langley Centre/Scottsdale,15252697,12497,37,-331
2026-09-02T00:02:48.389017+00:00,1788307365,11692,364 Langley Centre/Scottsdale,15252697,5334,38,-347
2026-09-02T00:02:48.389017+00:00,1788307365,11692,364 Langley Centre/Scottsdale,15252697,6472,39,-341
2026-09-02T00:02:48.389017+00:00,1788307365,11692,364 Langley Centre/Scottsdale,15252697,6473,40,-347
2026-09-02T00:02:48.389017+00:00,1788307365,11692,364 Langley Centre/Scottsdale,15252697,6474,41,-359
2026-09-02T00:02:48.389017+00:00,1788307365,11692,364 Langley Centre/Scottsdale,15252697,9306,42,-310
2026-09-02T00:02:48.389017+00:00,1788307365,11692,364 Langley Centre/Scottsdale,15252697,11125,43,-327
2026-09-02T00:02:48.389017+00:00,1788307365,11692,364 Langley Centre/Scottsdale,15252697,9294,44,-303
2026-09-02T00:02:48.389017+00:00,1788307365,11692,364 Langley Centre/Scottsdale,15252697,9293,45,-315
2026-09-02T00:02:48.389017+00:00,1788307365,11692,364 Langley Centre/Scottsdale,15252697,11126,46,-306
2026-09-02T00:02:48.389017+00:00,1788307365,11692,364 Langley Centre/Scottsdale,15252697,7094,47,-338
2026-09-02T00:02:48.389017+00:00,1788307365,11692,364 Langley Centre/Scottsdale,15252700,11156,9,21
2026-09-02T00:02:48.389017+00:00,1788307365,11692,364 Langley Centre/Scottsdale,15252700,5583,10,29
2026-09-02T00:02:48.389017+00:00,1788307365,11692,364 Langley Centre/Scottsdale,15252700,5584,11,-13
2026-09-02T00:02:48.389017+00:00,1788307365,11692,364 Langley Centre/Scottsdale,15252700,6464,12,-40
2026-09-02T00:02:48.389017+00:00,1788307365,11692,364 Langley Centre/Scottsdale,15252700,6465,13,-73
2026-09-02T00:02:48.389017+00:00,1788307365,11692,364 Langley Centre/Scottsdale,15252700,11074,14,-36
2026-09-02T00:02:48.389017+00:00,1788307365,11692,364 Langley Centre/Scottsdale,15252700,11153,15,-76
2026-09-02T00:02:48.389017+00:00,1788307365,11692,364 Langley Centre/Scottsdale,15252700,11150,16,-125
2026-09-02T00:02:48.389017+00:00,1788307365,11692,364 Langley Centre/Scottsdale,15252700,11148,17,-152
2026-09-02T00:02:48.389017+00:00,1788307365,11692,364 Langley Centre/Scottsdale,15252700,11124,18,-145
2026-09-02T00:02:48.389017+00:00,1788307365,11692,364 Langley Centre/Scottsdale,15252700,11140,19,-192
2026-09-02T00:02:48.389017+00:00,1788307365,11692,364 Langley Centre/Scottsdale,15252700,11145,20,-211
2026-09-02T00:02:48.389017+00:00,1788307365,11692,364 Langley Centre/Scottsdale,15252700,11076,21,0
2026-09-02T00:02:48.389017+00:00,1788307365,11692,364 Langley Centre/Scottsdale,15252700,12645,22,-233
2026-09-02T00:02:48.389017+00:00,1788307365,11692,364 Langley Centre/Scottsdale,15252700,9525,23,-232
2026-09-02T00:02:48.389017+00:00,1788307365,11692,364 Langley Centre/Scottsdale,15252700,10148,24,-210
2026-09-02T00:02:48.389017+00:00,1788307365,11692,364 Langley Centre/Scottsdale,15252700,10585,25,-234
2026-09-02T00:02:48.389017+00:00,1788307365,11692,364 Langley Centre/Scottsdale,15252700,10250,26,-245
2026-09-02T00:02:48.389017+00:00,1788307365,11692,364 Langley Centre/Scottsdale,15252700,10588,27,-256
2026-09-02T00:02:48.389017+00:00,1788307365,11692,364 Langley Centre/Scottsdale,15252700,10248,28,-190
2026-09-02T00:02:48.389017+00:00,1788307365,11692,364 Langley Centre/Scottsdale,15252700,10726,29,-186
2026-09-02T00:02:48.389017+00:00,1788307365,11692,364 Langley Centre/Scottsdale,15252700,10725,30,-199
2026-09-02T00:02:48.389017+00:00,1788307365,11692,364 Langley Centre/Scottsdale,15252700,10727,31,-215
2026-09-02T00:02:48.389017+00:00,1788307365,11692,364 Langley Centre/Scottsdale,15252700,10251,32,-224
2026-09-02T00:02:48.389017+00:00,1788307365,11692,364 Langley Centre/Scottsdale,15252700,10252,33,-250
2026-09-02T00:02:48.389017+00:00,1788307365,11692,364 Langley Centre/Scottsdale,15252700,10253,34,-262
2026-09-02T00:02:48.389017+00:00,1788307365,11692,364 Langley Centre/Scottsdale,15252700,10255,35,-281
2026-09-02T00:02:48.389017+00:00,1788307365,11692,364 Langley Centre/Scottsdale,15252700,5332,36,-221
2026-09-02T00:02:48.389017+00:00,1788307365,11692,364 Langley Centre/Scottsdale,15252700,12497,37,-250
2026-09-02T00:02:48.389017+00:00,1788307365,11692,364 Langley Centre/Scottsdale,15252700,5334,38,-261
2026-09-02T00:02:48.389017+00:00,1788307365,11692,364 Langley Centre/Scottsdale,15252700,6472,39,-254
2026-09-02T00:02:48.389017+00:00,1788307365,11692,364 Langley Centre/Scottsdale,15252700,6473,40,-259
2026-09-02T00:02:48.389017+00:00,1788307365,11692,364 Langley Centre/Scottsdale,15252700,6474,41,-267
2026-09-02T00:02:48.389017+00:00,1788307365,11692,364 Langley Centre/Scottsdale,15252700,9306,42,-216
2026-09-02T00:02:48.389017+00:00,1788307365,11692,364 Langley Centre/Scottsdale,15252700,11125,43,-226
2026-09-02T00:02:48.389017+00:00,1788307365,11692,364 Langley Centre/Scottsdale,15252700,9294,44,-225
2026-09-02T00:02:48.389017+00:00,1788307365,11692,364 Langley Centre/Scottsdale,15252700,9293,45,-235
2026-09-02T00:02:48.389017+00:00,1788307365,11692,364 Langley Centre/Scottsdale,15252700,11126,46,-223
2026-09-02T00:02:48.389017+00:00,1788307365,11692,364 Langley Centre/Scottsdale,15252700,7094,47,-235
2026-09-02T00:02:48.389017+00:00,1788307365,11692,364 Langley Centre/Scottsdale,15252714,7166,1,18
2026-09-02T00:02:48.389017+00:00,1788307365,11692,364 Langley Centre/Scottsdale,15252714,7093,3,-340
2026-09-02T00:02:48.389017+00:00,1788307365,11692,364 Langley Centre/Scottsdale,15252714,9291,4,-479
2026-09-02T00:02:48.389017+00:00,1788307365,11692,364 Langley Centre/Scottsdale,15252714,9292,5,-493
2026-09-02T00:02:48.389017+00:00,1788307365,11692,364 Langley Centre/Scottsdale,15252714,11264,6,-498
2026-09-02T00:02:48.389017+00:00,1788307365,11692,364 Langley Centre/Scottsdale,15252714,9303,7,-496
2026-09-02T00:02:48.389017+00:00,1788307365,11692,364 Langley Centre/Scottsdale,15252714,9304,8,-513
2026-09-02T00:02:48.389017+00:00,1788307365,11692,364 Langley Centre/Scottsdale,15252714,6475,9,-484
2026-09-02T00:02:48.389017+00:00,1788307365,11692,364 Langley Centre/Scottsdale,15252714,6476,10,-517
2026-09-02T00:02:48.389017+00:00,1788307365,11692,364 Langley Centre/Scottsdale,15252714,5381,11,-537
2026-09-02T00:02:48.389017+00:00,1788307365,11692,364 Langley Centre/Scottsdale,15252714,12496,12,-550
2026-09-02T00:02:48.389017+00:00,1788307365,11692,364 Langley Centre/Scottsdale,15252714,5382,13,-574
2026-09-02T00:02:48.389017+00:00,1788307365,11692,364 Langley Centre/Scottsdale,15252714,12516,14,-433
2026-09-02T00:02:48.389017+00:00,1788307365,11692,364 Langley Centre/Scottsdale,15252714,10257,15,-484
2026-09-02T00:02:48.389017+00:00,1788307365,11692,364 Langley Centre/Scottsdale,15252714,10258,16,-509
2026-09-02T00:02:48.389017+00:00,1788307365,11692,364 Langley Centre/Scottsdale,15252714,10259,17,-565
2026-09-02T00:02:48.389017+00:00,1788307365,11692,364 Langley Centre/Scottsdale,15252714,10260,18,0
2026-09-02T00:02:48.389017+00:00,1788307365,11692,364 Langley Centre/Scottsdale,15252714,10729,19,-55
2026-09-02T00:02:48.389017+00:00,1788307365,11692,364 Langley Centre/Scottsdale,15252714,13067,20,-80
2026-09-02T00:02:48.389017+00:00,1788307365,11692,364 Langley Centre/Scottsdale,15252714,10633,21,-102
2026-09-02T00:02:48.389017+00:00,1788307365,11692,364 Langley Centre/Scottsdale,15252714,10149,22,-7
2026-09-02T00:02:48.389017+00:00,1788307365,11692,364 Langley Centre/Scottsdale,15252714,10587,23,-30
2026-09-02T00:02:48.389017+00:00,1788307365,11692,364 Langley Centre/Scottsdale,15252714,10261,24,-71
2026-09-02T00:02:48.389017+00:00,1788307365,11692,364 Langley Centre/Scottsdale,15252714,10586,25,-111
2026-09-02T00:02:48.389017+00:00,1788307365,11692,364 Langley Centre/Scottsdale,15252714,9547,26,-81
2026-09-02T00:02:48.389017+00:00,1788307365,11692,364 Langley Centre/Scottsdale,15252714,9526,27,-114
2026-09-02T00:02:48.389017+00:00,1788307365,11692,364 Langley Centre/Scottsdale,15252714,12646,28,-127
2026-09-02T00:02:48.389017+00:00,1788307365,11692,364 Langley Centre/Scottsdale,15252714,11075,29,-151
2026-09-02T00:02:48.389017+00:00,1788307365,11692,364 Langley Centre/Scottsdale,15252714,11174,30,-181
2026-09-02T00:02:48.389017+00:00,1788307365,11692,364 Langley Centre/Scottsdale,15252714,11175,31,-215
2026-09-02T00:02:48.389017+00:00,1788307365,11692,364 Langley Centre/Scottsdale,15252714,11123,32,-168
2026-09-02T00:02:48.389017+00:00,1788307365,11692,364 Langley Centre/Scottsdale,15252714,11176,33,-175
2026-09-02T00:02:48.389017+00:00,1788307365,11692,364 Langley Centre/Scottsdale,15252714,11177,34,-207
2026-09-02T00:02:48.389017+00:00,1788307365,11692,364 Langley Centre/Scottsdale,15252714,11178,35,-240
2026-09-02T00:02:48.389017+00:00,1788307365,11692,364 Langley Centre/Scottsdale,15252714,6459,36,-157
2026-09-02T00:02:48.389017+00:00,1788307365,11692,364 Langley Centre/Scottsdale,15252714,6460,37,-165
2026-09-02T00:02:48.389017+00:00,1788307365,11692,364 Langley Centre/Scottsdale,15252714,5621,38,-166
2026-09-02T00:02:48.389017+00:00,1788307365,11692,364 Langley Centre/Scottsdale,15252714,5622,39,-193
2026-09-02T00:02:48.389017+00:00,1788307365,11692,364 Langley Centre/Scottsdale,15252714,11122,40,-182
2026-09-02T00:02:48.389017+00:00,1788307365,11692,364 Langley Centre/Scottsdale,15252714,11155,41,-200
2026-09-02T00:02:48.389017+00:00,1788307365,11692,364 Langley Centre/Scottsdale,15252714,11143,42,-214
2026-09-02T00:02:48.389017+00:00,1788307365,11692,364 Langley Centre/Scottsdale,15252714,11141,43,-249
2026-09-02T00:02:48.389017+00:00,1788307365,11692,364 Langley Centre/Scottsdale,15252714,4936,44,-236
2026-09-02T00:02:48.389017+00:00,1788307365,11692,364 Langley Centre/Scottsdale,15252714,4937,45,-254
2026-09-02T00:02:48.389017+00:00,1788307365,11692,364 Langley Centre/Scottsdale,15252714,4938,46,-282
2026-09-02T00:02:48.389017+00:00,1788307365,11692,364 Langley Centre/Scottsdale,15252714,5229,47,-281
2026-09-02T00:02:48.389017+00:00,1788307365,11692,364 Langley Centre/Scottsdale,15252714,4917,48,-234
2026-09-02T00:02:48.389017+00:00,1788307365,11692,364 Langley Centre/Scottsdale,15252715,10260,18,0
2026-09-02T00:02:48.389017+00:00,1788307365,11692,364 Langley Centre/Scottsdale,15252715,13067,20,-172
2026-09-02T00:02:48.389017+00:00,1788307365,11692,364 Langley Centre/Scottsdale,15252715,10633,21,-194
2026-09-02T00:02:48.389017+00:00,1788307365,11692,364 Langley Centre/Scottsdale,15252715,10149,22,-98
2026-09-02T00:02:48.389017+00:00,1788307365,11692,364 Langley Centre/Scottsdale,15252715,10587,23,-121
2026-09-02T00:02:48.389017+00:00,1788307365,11692,364 Langley Centre/Scottsdale,15252715,10261,24,-162
2026-09-02T00:02:48.389017+00:00,1788307365,11692,364 Langley Centre/Scottsdale,15252715,10586,25,-203
2026-09-02T00:02:48.389017+00:00,1788307365,11692,364 Langley Centre/Scottsdale,15252715,9547,26,-174
2026-09-02T00:02:48.389017+00:00,1788307365,11692,364 Langley Centre/Scottsdale,15252715,9526,27,-207
2026-09-02T00:02:48.389017+00:00,1788307365,11692,364 Langley Centre/Scottsdale,15252715,12646,28,-219
2026-09-02T00:02:48.389017+00:00,1788307365,11692,364 Langley Centre/Scottsdale,15252715,11075,29,-243
2026-09-02T00:02:48.389017+00:00,1788307365,11692,364 Langley Centre/Scottsdale,15252715,11174,30,-274
2026-09-02T00:02:48.389017+00:00,1788307365,11692,364 Langley Centre/Scottsdale,15252715,11175,31,-307
2026-09-02T00:02:48.389017+00:00,1788307365,11692,364 Langley Centre/Scottsdale,15252715,11123,32,-260
2026-09-02T00:02:48.389017+00:00,1788307365,11692,364 Langley Centre/Scottsdale,15252715,11176,33,-261
2026-09-02T00:02:48.389017+00:00,1788307365,11692,364 Langley Centre/Scottsdale,15252715,11177,34,-293
2026-09-02T00:02:48.389017+00:00,1788307365,11692,364 Langley Centre/Scottsdale,15252715,11178,35,-327
2026-09-02T00:02:48.389017+00:00,1788307365,11692,364 Langley Centre/Scottsdale,15252715,6459,36,-240
2026-09-02T00:02:48.389017+00:00,1788307365,11692,364 Langley Centre/Scottsdale,15252715,6460,37,-250
2026-09-02T00:02:48.389017+00:00,1788307365,11692,364 Langley Centre/Scottsdale,15252715,5621,38,-249
2026-09-02T00:02:48.389017+00:00,1788307365,11692,364 Langley Centre/Scottsdale,15252715,5622,39,-276
2026-09-02T00:02:48.389017+00:00,1788307365,11692,364 Langley Centre/Scottsdale,15252715,11122,40,-245
2026-09-02T00:02:48.389017+00:00,1788307365,11692,364 Langley Centre/Scottsdale,15252715,11155,41,-266
2026-09-02T00:02:48.389017+00:00,1788307365,11692,364 Langley Centre/Scottsdale,15252715,11143,42,-281
2026-09-02T00:02:48.389017+00:00,1788307365,11692,364 Langley Centre/Scottsdale,15252715,11141,43,-316
2026-09-02T00:02:48.389017+00:00,1788307365,11692,364 Langley Centre/Scottsdale,15252715,4936,44,-309
2026-09-02T00:02:48.389017+00:00,1788307365,11692,364 Langley Centre/Scottsdale,15252715,4937,45,-333
2026-09-02T00:02:48.389017+00:00,1788307365,11692,364 Langley Centre/Scottsdale,15252715,4938,46,-362
2026-09-02T00:02:48.389017+00:00,1788307365,11692,364 Langley Centre/Scottsdale,15252715,5229,47,-363
2026-09-02T00:02:48.389017+00:00,1788307365,11692,364 Langley Centre/Scottsdale,15252715,4917,48,-301
2026-09-02T00:02:48.389017+00:00,1788307365,11692,364 Langley Centre/Scottsdale,15252736,11177,34,80
2026-09-02T00:02:48.389017+00:00,1788307365,11692,364 Langley Centre/Scottsdale,15252736,11178,35,45
2026-09-02T00:02:48.389017+00:00,1788307365,11692,364 Langley Centre/Scottsdale,15252736,6459,36,129
2026-09-02T00:02:48.389017+00:00,1788307365,11692,364 Langley Centre/Scottsdale,15252736,6460,37,117
2026-09-02T00:02:48.389017+00:00,1788307365,11692,364 Langley Centre/Scottsdale,15252736,5621,38,114
2026-09-02T00:02:48.389017+00:00,1788307365,11692,364 Langley Centre/Scottsdale,15252736,5622,39,83
2026-09-02T00:02:48.389017+00:00,1788307365,11692,364 Langley Centre/Scottsdale,15252736,11122,40,110
2026-09-02T00:02:48.389017+00:00,1788307365,11692,364 Langley Centre/Scottsdale,15252736,11155,41,88
2026-09-02T00:02:48.389017+00:00,1788307365,11692,364 Langley Centre/Scottsdale,15252736,11143,42,69
2026-09-02T00:02:48.389017+00:00,1788307365,11692,364 Langley Centre/Scottsdale,15252736,11141,43,32
2026-09-02T00:02:48.389017+00:00,1788307365,11692,364 Langley Centre/Scottsdale,15252736,4936,44,39
2026-09-02T00:02:48.389017+00:00,1788307365,11692,364 Langley Centre/Scottsdale,15252736,4937,45,18
2026-09-02T00:02:48.389017+00:00,1788307365,11692,364 Langley Centre/Scottsdale,15252736,4938,46,-9
2026-09-02T00:02:48.389017+00:00,1788307365,11692,364 Langley Centre/Scottsdale,15252736,5229,47,-8
2026-09-02T00:02:48.389017+00:00,1788307365,11692,364 Langley Centre/Scottsdale,15252736,4917,48,51
2026-09-02T00:02:48.389017+00:00,1788307365,11692,364 Langley Centre/Scottsdale,15252751,9526,27,185
2026-09-02T00:02:48.389017+00:00,1788307365,11692,364 Langley Centre/Scottsdale,15252751,12646,28,166
2026-09-02T00:02:48.389017+00:00,1788307365,11692,364 Langley Centre/Scottsdale,15252751,11075,29,119
2026-09-02T00:02:48.389017+00:00,1788307365,11692,364 Langley Centre/Scottsdale,15252751,11174,30,81
2026-09-02T00:02:48.389017+00:00,1788307365,11692,364 Langley Centre/Scottsdale,15252751,11175,31,46
2026-09-02T00:02:48.389017+00:00,1788307365,11692,364 Langley Centre/Scottsdale,15252751,11123,32,88
2026-09-02T00:02:48.389017+00:00,1788307365,11692,364 Langley Centre/Scottsdale,15252751,11176,33,84
2026-09-02T00:02:48.389017+00:00,1788307365,11692,364 Langley Centre/Scottsdale,15252751,11177,34,49
2026-09-02T00:02:48.389017+00:00,1788307365,11692,364 Langley Centre/Scottsdale,15252751,11178,35,12
2026-09-02T00:02:48.389017+00:00,1788307365,11692,364 Langley Centre/Scottsdale,15252751,6459,36,95
2026-09-02T00:02:48.389017+00:00,1788307365,11692,364 Langley Centre/Scottsdale,15252751,6460,37,82
2026-09-02T00:02:48.389017+00:00,1788307365,11692,364 Langley Centre/Scottsdale,15252751,5621,38,79
2026-09-02T00:02:48.389017+00:00,1788307365,11692,364 Langley Centre/Scottsdale,15252751,5622,39,48
2026-09-02T00:02:48.389017+00:00,1788307365,11692,364 Langley Centre/Scottsdale,15252751,11122,40,75
2026-09-02T00:02:48.389017+00:00,1788307365,11692,364 Langley Centre/Scottsdale,15252751,11155,41,51
2026-09-02T00:02:48.389017+00:00,1788307365,11692,364 Langley Centre/Scottsdale,15252751,11143,42,32
2026-09-02T00:02:48.389017+00:00,1788307365,11692,364 Langley Centre/Scottsdale,15252751,11141,43,-6
2026-09-02T00:02:48.389017+00:00,1788307365,11692,364 Langley Centre/Scottsdale,15252751,4936,44,0
2026-09-02T00:02:48.389017+00:00,1788307365,11692,364 Langley Centre/Scottsdale,15252751,4937,45,-21
2026-09-02T00:02:48.389017+00:00,1788307365,11692,364 Langley Centre/Scottsdale,15252751,4938,46,-50
2026-09-02T00:02:48.389017+00:00,1788307365,11692,364 Langley Centre/Scottsdale,15252751,5229,47,-52
2026-09-02T00:02:48.389017+00:00,1788307365,11692,364 Langley Centre/Scottsdale,15252751,4917,48,7
2026-09-02T00:02:48.389017+00:00,1788307365,11692,364 Langley Centre/Scottsdale,15252752,9292,5,121
2026-09-02T00:02:48.389017+00:00,1788307365,11692,364 Langley Centre/Scottsdale,15252752,11264,6,111
2026-09-02T00:02:48.389017+00:00,1788307365,11692,364 Langley Centre/Scottsdale,15252752,9303,7,99
2026-09-02T00:02:48.389017+00:00,1788307365,11692,364 Langley Centre/Scottsdale,15252752,9304,8,79
2026-09-02T00:02:48.389017+00:00,1788307365,11692,364 Langley Centre/Scottsdale,15252752,6475,9,99
2026-09-02T00:02:48.389017+00:00,1788307365,11692,364 Langley Centre/Scottsdale,15252752,6476,10,63
2026-09-02T00:02:48.389017+00:00,1788307365,11692,364 Langley Centre/Scottsdale,15252752,5381,11,41
2026-09-02T00:02:48.389017+00:00,1788307365,11692,364 Langley Centre/Scottsdale,15252752,12496,12,31
2026-09-02T00:02:48.389017+00:00,1788307365,11692,364 Langley Centre/Scottsdale,15252752,5382,13,2
2026-09-02T00:02:48.389017+00:00,1788307365,11692,364 Langley Centre/Scottsdale,15252752,12516,14,139
2026-09-02T00:02:48.389017+00:00,1788307365,11692,364 Langley Centre/Scottsdale,15252752,10257,15,85
2026-09-02T00:02:48.389017+00:00,1788307365,11692,364 Langley Centre/Scottsdale,15252752,10258,16,57
2026-09-02T00:02:48.389017+00:00,1788307365,11692,364 Langley Centre/Scottsdale,15252752,10259,17,-4
2026-09-02T00:02:48.389017+00:00,1788307365,11692,364 Langley Centre/Scottsdale,15252752,10260,18,0
2026-09-02T00:02:48.389017+00:00,1788307365,11692,364 Langley Centre/Scottsdale,15252752,10729,19,-55
2026-09-02T00:02:48.389017+00:00,1788307365,11692,364 Langley Centre/Scottsdale,15252752,13067,20,-80
2026-09-02T00:02:48.389017+00:00,1788307365,11692,364 Langley Centre/Scottsdale,15252752,10633,21,-102
2026-09-02T00:02:48.389017+00:00,1788307365,11692,364 Langley Centre/Scottsdale,15252752,10149,22,-6
2026-09-02T00:02:48.389017+00:00,1788307365,11692,364 Langley Centre/Scottsdale,15252752,10587,23,-29
2026-09-02T00:02:48.389017+00:00,1788307365,11692,364 Langley Centre/Scottsdale,15252752,10261,24,-70
2026-09-02T00:02:48.389017+00:00,1788307365,11692,364 Langley Centre/Scottsdale,15252752,10586,25,-111
2026-09-02T00:02:48.389017+00:00,1788307365,11692,364 Langley Centre/Scottsdale,15252752,9547,26,-81
2026-09-02T00:02:48.389017+00:00,1788307365,11692,364 Langley Centre/Scottsdale,15252752,9526,27,-114
2026-09-02T00:02:48.389017+00:00,1788307365,11692,364 Langley Centre/Scottsdale,15252752,12646,28,-127
2026-09-02T00:02:48.389017+00:00,1788307365,11692,364 Langley Centre/Scottsdale,15252752,11075,29,-151
2026-09-02T00:02:48.389017+00:00,1788307365,11692,364 Langley Centre/Scottsdale,15252752,11174,30,-181
2026-09-02T00:02:48.389017+00:00,1788307365,11692,364 Langley Centre/Scottsdale,15252752,11175,31,-213
2026-09-02T00:02:48.389017+00:00,1788307365,11692,364 Langley Centre/Scottsdale,15252752,11123,32,-167
2026-09-02T00:02:48.389017+00:00,1788307365,11692,364 Langley Centre/Scottsdale,15252752,11176,33,-170
2026-09-02T00:02:48.389017+00:00,1788307365,11692,364 Langley Centre/Scottsdale,15252752,11177,34,-201
2026-09-02T00:02:48.389017+00:00,1788307365,11692,364 Langley Centre/Scottsdale,15252752,11178,35,-235
2026-09-02T00:02:48.389017+00:00,1788307365,11692,364 Langley Centre/Scottsdale,15252752,6459,36,-149
2026-09-02T00:02:48.389017+00:00,1788307365,11692,364 Langley Centre/Scottsdale,15252752,6460,37,-159
2026-09-02T00:02:48.389017+00:00,1788307365,11692,364 Langley Centre/Scottsdale,15252752,5621,38,-158
2026-09-02T00:02:48.389017+00:00,1788307365,11692,364 Langley Centre/Scottsdale,15252752,5622,39,-185
2026-09-02T00:02:48.389017+00:00,1788307365,11692,364 Langley Centre/Scottsdale,15252752,11122,40,-154
2026-09-02T00:02:48.389017+00:00,1788307365,11692,364 Langley Centre/Scottsdale,15252752,11155,41,-174
2026-09-02T00:02:48.389017+00:00,1788307365,11692,364 Langley Centre/Scottsdale,15252752,11143,42,-189
2026-09-02T00:02:48.389017+00:00,1788307365,11692,364 Langley Centre/Scottsdale,15252752,11141,43,-224
2026-09-02T00:02:48.389017+00:00,1788307365,11692,364 Langley Centre/Scottsdale,15252752,4936,44,-217
2026-09-02T00:02:48.389017+00:00,1788307365,11692,364 Langley Centre/Scottsdale,15252752,4937,45,-241
2026-09-02T00:02:48.389017+00:00,1788307365,11692,364 Langley Centre/Scottsdale,15252752,4938,46,-270
2026-09-02T00:02:48.389017+00:00,1788307365,11692,364 Langley Centre/Scottsdale,15252752,5229,47,-270
2026-09-02T00:02:48.389017+00:00,1788307365,11692,364 Langley Centre/Scottsdale,15252752,4917,48,-212
2026-09-02T00:02:48.389017+00:00,1788307365,11692,364 Langley Centre/Scottsdale,15252759,4917,48,236
2026-09-02T00:02:48.389017+00:00,1788307365,18705,531 WhiteRock/WillowBrook,15259154,12293,45,-15
2026-09-02T00:02:48.389017+00:00,1788307365,18705,531 WhiteRock/WillowBrook,15259154,12173,46,45
2026-09-02T00:02:48.389017+00:00,1788307365,18705,531 WhiteRock/WillowBrook,15259154,9291,47,15
2026-09-02T00:02:48.389017+00:00,1788307365,18705,531 WhiteRock/WillowBrook,15259154,9292,48,12
2026-09-02T00:02:48.389017+00:00,1788307365,18705,531 WhiteRock/WillowBrook,15259154,11264,49,34
2026-09-02T00:02:48.389017+00:00,1788307365,18705,531 WhiteRock/WillowBrook,15259154,9303,50,44
2026-09-02T00:02:48.389017+00:00,1788307365,18705,531 WhiteRock/WillowBrook,15259154,9304,51,40
2026-09-02T00:02:48.389017+00:00,1788307365,18705,531 WhiteRock/WillowBrook,15259154,6475,52,88
2026-09-02T00:02:48.389017+00:00,1788307365,18705,531 WhiteRock/WillowBrook,15259154,6476,53,78
2026-09-02T00:02:48.389017+00:00,1788307365,18705,531 WhiteRock/WillowBrook,15259154,5335,54,81
2026-09-02T00:02:48.389017+00:00,1788307365,18705,531 WhiteRock/WillowBrook,15259154,7100,55,115
2026-09-02T00:02:48.389017+00:00,1788307365,18705,531 WhiteRock/WillowBrook,15259155,12930,29,-174
2026-09-02T00:02:48.389017+00:00,1788307365,18705,531 WhiteRock/WillowBrook,15259155,13042,30,-190
2026-09-02T00:02:48.389017+00:00,1788307365,18705,531 WhiteRock/WillowBrook,15259155,8936,31,-176
2026-09-02T00:02:48.389017+00:00,1788307365,18705,531 WhiteRock/WillowBrook,15259155,9030,32,-188
2026-09-02T00:02:48.389017+00:00,1788307365,18705,531 WhiteRock/WillowBrook,15259155,8937,33,-209
2026-09-02T00:02:48.389017+00:00,1788307365,18705,531 WhiteRock/WillowBrook,15259155,8938,34,-207
2026-09-02T00:02:48.389017+00:00,1788307365,18705,531 WhiteRock/WillowBrook,15259155,7081,35,-214
2026-09-02T00:02:48.389017+00:00,1788307365,18705,531 WhiteRock/WillowBrook,15259155,7082,36,-220
2026-09-02T00:02:48.389017+00:00,1788307365,18705,531 WhiteRock/WillowBrook,15259155,7083,37,-249
2026-09-02T00:02:48.389017+00:00,1788307365,18705,531 WhiteRock/WillowBrook,15259155,7084,38,-268
2026-09-02T00:02:48.389017+00:00,1788307365,18705,531 WhiteRock/WillowBrook,15259155,7085,39,-301
2026-09-02T00:02:48.389017+00:00,1788307365,18705,531 WhiteRock/WillowBrook,15259155,8939,40,-314
2026-09-02T00:02:48.389017+00:00,1788307365,18705,531 WhiteRock/WillowBrook,15259155,7086,41,-325
2026-09-02T00:02:48.389017+00:00,1788307365,18705,531 WhiteRock/WillowBrook,15259155,8940,42,-349
2026-09-02T00:02:48.389017+00:00,1788307365,18705,531 WhiteRock/WillowBrook,15259155,5341,43,-355
2026-09-02T00:02:48.389017+00:00,1788307365,18705,531 WhiteRock/WillowBrook,15259155,5342,44,-357
2026-09-02T00:02:48.389017+00:00,1788307365,18705,531 WhiteRock/WillowBrook,15259155,12293,45,-338
2026-09-02T00:02:48.389017+00:00,1788307365,18705,531 WhiteRock/WillowBrook,15259155,12173,46,-273
2026-09-02T00:02:48.389017+00:00,1788307365,18705,531 WhiteRock/WillowBrook,15259155,9291,47,-295
2026-09-02T00:02:48.389017+00:00,1788307365,18705,531 WhiteRock/WillowBrook,15259155,9292,48,-295
2026-09-02T00:02:48.389017+00:00,1788307365,18705,531 WhiteRock/WillowBrook,15259155,11264,49,-274
2026-09-02T00:02:48.389017+00:00,1788307365,18705,531 WhiteRock/WillowBrook,15259155,9303,50,-267
2026-09-02T00:02:48.389017+00:00,1788307365,18705,531 WhiteRock/WillowBrook,15259155,9304,51,-271
2026-09-02T00:02:48.389017+00:00,1788307365,18705,531 WhiteRock/WillowBrook,15259155,6475,52,-222
2026-09-02T00:02:48.389017+00:00,1788307365,18705,531 WhiteRock/WillowBrook,15259155,6476,53,-230
2026-09-02T00:02:48.389017+00:00,1788307365,18705,531 WhiteRock/WillowBrook,15259155,5335,54,-227
2026-09-02T00:02:48.389017+00:00,1788307365,18705,531 WhiteRock/WillowBrook,15259155,7100,55,-192
2026-09-02T00:02:48.389017+00:00,1788307365,18705,531 WhiteRock/WillowBrook,15259176,11743,14,25
2026-09-02T00:02:48.389017+00:00,1788307365,18705,531 WhiteRock/WillowBrook,15259176,12306,15,-40
2026-09-02T00:02:48.389017+00:00,1788307365,18705,531 WhiteRock/WillowBrook,15259176,12218,16,-94
2026-09-02T00:02:48.389017+00:00,1788307365,18705,531 WhiteRock/WillowBrook,15259176,11924,17,-164
2026-09-02T00:02:48.389017+00:00,1788307365,18705,531 WhiteRock/WillowBrook,15259176,13131,18,-203
2026-09-02T00:02:48.389017+00:00,1788307365,18705,531 WhiteRock/WillowBrook,15259176,11923,19,-230
2026-09-02T00:02:48.389017+00:00,1788307365,18705,531 WhiteRock/WillowBrook,15259176,12597,20,-301
2026-09-02T00:02:48.389017+00:00,1788307365,18705,531 WhiteRock/WillowBrook,15259176,11922,21,-318
2026-09-02T00:02:48.389017+00:00,1788307365,18705,531 WhiteRock/WillowBrook,15259176,11744,22,-303
2026-09-02T00:02:48.389017+00:00,1788307365,18705,531 WhiteRock/WillowBrook,15259176,11746,23,-321
2026-09-02T00:02:48.389017+00:00,1788307365,18705,531 WhiteRock/WillowBrook,15259176,11839,24,-311
2026-09-02T00:02:48.389017+00:00,1788307365,18705,531 WhiteRock/WillowBrook,15259176,12922,25,-323
2026-09-02T00:02:48.389017+00:00,1788307365,18705,531 WhiteRock/WillowBrook,15259176,12923,26,-357
2026-09-02T00:02:48.389017+00:00,1788307365,18705,531 WhiteRock/WillowBrook,15259176,12925,27,-349
2026-09-02T00:02:48.389017+00:00,1788307365,18705,531 WhiteRock/WillowBrook,15259176,12928,28,-370
2026-09-02T00:02:48.389017+00:00,1788307365,18705,531 WhiteRock/WillowBrook,15259176,12930,29,-394
2026-09-02T00:02:48.389017+00:00,1788307365,18705,531 WhiteRock/WillowBrook,15259176,13042,30,-410
2026-09-02T00:02:48.389017+00:00,1788307365,18705,531 WhiteRock/WillowBrook,15259176,8936,31,-396
2026-09-02T00:02:48.389017+00:00,1788307365,18705,531 WhiteRock/WillowBrook,15259176,9030,32,-408
2026-09-02T00:02:48.389017+00:00,1788307365,18705,531 WhiteRock/WillowBrook,15259176,8937,33,-429
2026-09-02T00:02:48.389017+00:00,1788307365,18705,531 WhiteRock/WillowBrook,15259176,8938,34,-430
2026-09-02T00:02:48.389017+00:00,1788307365,18705,531 WhiteRock/WillowBrook,15259176,7081,35,-437
2026-09-02T00:02:48.389017+00:00,1788307365,18705,531 WhiteRock/WillowBrook,15259176,7082,36,-444
2026-09-02T00:02:48.389017+00:00,1788307365,18705,531 WhiteRock/WillowBrook,15259176,7083,37,-472
2026-09-02T00:02:48.389017+00:00,1788307365,18705,531 WhiteRock/WillowBrook,15259176,7084,38,-491
2026-09-02T00:02:48.389017+00:00,1788307365,18705,531 WhiteRock/WillowBrook,15259176,7085,39,-526
2026-09-02T00:02:48.389017+00:00,1788307365,18705,531 WhiteRock/WillowBrook,15259176,8939,40,-539
2026-09-02T00:02:48.389017+00:00,1788307365,18705,531 WhiteRock/WillowBrook,15259176,7086,41,-550
2026-09-02T00:02:48.389017+00:00,1788307365,18705,531 WhiteRock/WillowBrook,15259176,8940,42,-574
2026-09-02T00:02:48.389017+00:00,1788307365,18705,531 WhiteRock/WillowBrook,15259176,5341,43,-582
2026-09-02T00:02:48.389017+00:00,1788307365,18705,531 WhiteRock/WillowBrook,15259176,5342,44,-582
2026-09-02T00:02:48.389017+00:00,1788307365,18705,531 WhiteRock/WillowBrook,15259176,12293,45,-562
2026-09-02T00:02:48.389017+00:00,1788307365,18705,531 WhiteRock/WillowBrook,15259176,12173,46,-496
2026-09-02T00:02:48.389017+00:00,1788307365,18705,531 WhiteRock/WillowBrook,15259176,9291,47,-519
2026-09-02T00:02:48.389017+00:00,1788307365,18705,531 WhiteRock/WillowBrook,15259176,9292,48,-521
2026-09-02T00:02:48.389017+00:00,1788307365,18705,531 WhiteRock/WillowBrook,15259176,11264,49,-497
2026-09-02T00:02:48.389017+00:00,1788307365,18705,531 WhiteRock/WillowBrook,15259176,9303,50,-489
2026-09-02T00:02:48.389017+00:00,1788307365,18705,531 WhiteRock/WillowBrook,15259176,9304,51,-494
2026-09-02T00:02:48.389017+00:00,1788307365,18705,531 WhiteRock/WillowBrook,15259176,6475,52,-451
2026-09-02T00:02:48.389017+00:00,1788307365,18705,531 WhiteRock/WillowBrook,15259176,6476,53,-456
2026-09-02T00:02:48.389017+00:00,1788307365,18705,531 WhiteRock/WillowBrook,15259176,5335,54,-449
2026-09-02T00:02:48.389017+00:00,1788307365,18705,531 WhiteRock/WillowBrook,15259176,7100,55,-412
2026-09-02T00:02:48.389017+00:00,1788307365,18705,531 WhiteRock/WillowBrook,15259208,12926,28,379
2026-09-02T00:02:48.389017+00:00,1788307365,18705,531 WhiteRock/WillowBrook,15259208,12924,29,356
2026-09-02T00:02:48.389017+00:00,1788307365,18705,531 WhiteRock/WillowBrook,15259208,11751,30,358
2026-09-02T00:02:48.389017+00:00,1788307365,18705,531 WhiteRock/WillowBrook,15259208,11750,31,312
2026-09-02T00:02:48.389017+00:00,1788307365,18705,531 WhiteRock/WillowBrook,15259208,11747,32,285
2026-09-02T00:02:48.389017+00:00,1788307365,18705,531 WhiteRock/WillowBrook,15259208,11745,33,283
2026-09-02T00:02:48.389017+00:00,1788307365,18705,531 WhiteRock/WillowBrook,15259208,13040,34,274
2026-09-02T00:02:48.389017+00:00,1788307365,18705,531 WhiteRock/WillowBrook,15259208,12598,35,248
2026-09-02T00:02:48.389017+00:00,1788307365,18705,531 WhiteRock/WillowBrook,15259208,11920,36,188
2026-09-02T00:02:48.389017+00:00,1788307365,18705,531 WhiteRock/WillowBrook,15259208,13130,37,150
2026-09-02T00:02:48.389017+00:00,1788307365,18705,531 WhiteRock/WillowBrook,15259208,11925,38,112
2026-09-02T00:02:48.389017+00:00,1788307365,18705,531 WhiteRock/WillowBrook,15259208,12219,39,69
2026-09-02T00:02:48.389017+00:00,1788307365,18705,531 WhiteRock/WillowBrook,15259208,11741,40,-75
2026-09-02T00:02:48.389017+00:00,1788307365,18705,531 WhiteRock/WillowBrook,15259208,11740,41,-97
2026-09-02T00:02:48.389017+00:00,1788307365,18705,531 WhiteRock/WillowBrook,15259208,11739,42,-45
2026-09-02T00:02:48.389017+00:00,1788307365,18705,531 WhiteRock/WillowBrook,15259208,11737,43,2
2026-09-02T00:02:48.389017+00:00,1788307365,18705,531 WhiteRock/WillowBrook,15259208,11757,44,-30
2026-09-02T00:02:48.389017+00:00,1788307365,18705,531 WhiteRock/WillowBrook,15259208,11735,45,8
2026-09-02T00:02:48.389017+00:00,1788307365,18705,531 WhiteRock/WillowBrook,15259208,11756,46,13
2026-09-02T00:02:48.389017+00:00,1788307365,18705,531 WhiteRock/WillowBrook,15259208,5535,47,42
2026-09-02T00:02:48.389017+00:00,1788307365,18705,531 WhiteRock/WillowBrook,15259208,5536,48,18
2026-09-02T00:02:48.389017+00:00,1788307365,18705,531 WhiteRock/WillowBrook,15259208,5537,49,16
2026-09-02T00:02:48.389017+00:00,1788307365,18705,531 WhiteRock/WillowBrook,15259208,5538,50,8
2026-09-02T00:02:48.389017+00:00,1788307365,18705,531 WhiteRock/WillowBrook,15259208,5539,51,18
2026-09-02T00:02:48.389017+00:00,1788307365,18705,531 WhiteRock/WillowBrook,15259208,5540,52,26
2026-09-02T00:02:48.389017+00:00,1788307365,18705,531 WhiteRock/WillowBrook,15259209,7092,11,215
2026-09-02T00:02:48.389017+00:00,1788307365,18705,531 WhiteRock/WillowBrook,15259209,10747,12,237
2026-09-02T00:02:48.389017+00:00,1788307365,18705,531 WhiteRock/WillowBrook,15259209,5364,13,246
2026-09-02T00:02:48.389017+00:00,1788307365,18705,531 WhiteRock/WillowBrook,15259209,11775,14,273
2026-09-02T00:02:48.389017+00:00,1788307365,18705,531 WhiteRock/WillowBrook,15259209,7171,15,241
2026-09-02T00:02:48.389017+00:00,1788307365,18705,531 WhiteRock/WillowBrook,15259209,7172,16,203
2026-09-02T00:02:48.389017+00:00,1788307365,18705,531 WhiteRock/WillowBrook,15259209,7173,17,192
2026-09-02T00:02:48.389017+00:00,1788307365,18705,531 WhiteRock/WillowBrook,15259209,7174,18,154
2026-09-02T00:02:48.389017+00:00,1788307365,18705,531 WhiteRock/WillowBrook,15259209,7175,19,142
2026-09-02T00:02:48.389017+00:00,1788307365,18705,531 WhiteRock/WillowBrook,15259209,7176,20,113
2026-09-02T00:02:48.389017+00:00,1788307365,18705,531 WhiteRock/WillowBrook,15259209,7177,21,117
2026-09-02T00:02:48.389017+00:00,1788307365,18705,531 WhiteRock/WillowBrook,15259209,8948,22,89
2026-09-02T00:02:48.389017+00:00,1788307365,18705,531 WhiteRock/WillowBrook,15259209,9031,23,69
2026-09-02T00:02:48.389017+00:00,1788307365,18705,531 WhiteRock/WillowBrook,15259209,12931,24,64
2026-09-02T00:02:48.389017+00:00,1788307365,18705,531 WhiteRock/WillowBrook,15259209,13041,25,29
2026-09-02T00:02:48.389017+00:00,1788307365,18705,531 WhiteRock/WillowBrook,15259209,12929,26,13
2026-09-02T00:02:48.389017+00:00,1788307365,18705,531 WhiteRock/WillowBrook,15259209,12927,27,-17
2026-09-02T00:02:48.389017+00:00,1788307365,18705,531 WhiteRock/WillowBrook,15259209,12926,28,-19
2026-09-02T00:02:48.389017+00:00,1788307365,18705,531 WhiteRock/WillowBrook,15259209,12924,29,-38
2026-09-02T00:02:48.389017+00:00,1788307365,18705,531 WhiteRock/WillowBrook,15259209,11751,30,-36
2026-09-02T00:02:48.389017+00:00,1788307365,18705,531 WhiteRock/WillowBrook,15259209,11750,31,-77
2026-09-02T00:02:48.389017+00:00,1788307365,18705,531 WhiteRock/WillowBrook,15259209,11747,32,-105
2026-09-02T00:02:48.389017+00:00,1788307365,18705,531 WhiteRock/WillowBrook,15259209,11745,33,-106
2026-09-02T00:02:48.389017+00:00,1788307365,18705,531 WhiteRock/WillowBrook,15259209,13040,34,-115
2026-09-02T00:02:48.389017+00:00,1788307365,18705,531 WhiteRock/WillowBrook,15259209,12598,35,-141
2026-09-02T00:02:48.389017+00:00,1788307365,18705,531 WhiteRock/WillowBrook,15259209,11920,36,-201
2026-09-02T00:02:48.389017+00:00,1788307365,18705,531 WhiteRock/WillowBrook,15259209,13130,37,-239
2026-09-02T00:02:48.389017+00:00,1788307365,18705,531 WhiteRock/WillowBrook,15259209,11925,38,-277
2026-09-02T00:02:48.389017+00:00,1788307365,18705,531 WhiteRock/WillowBrook,15259209,12219,39,-314
2026-09-02T00:02:48.389017+00:00,1788307365,18705,531 WhiteRock/WillowBrook,15259209,11741,40,-456
2026-09-02T00:02:48.389017+00:00,1788307365,18705,531 WhiteRock/WillowBrook,15259209,11740,41,-479
2026-09-02T00:02:48.389017+00:00,1788307365,18705,531 WhiteRock/WillowBrook,15259209,11739,42,-430
2026-09-02T00:02:48.389017+00:00,1788307365,18705,531 WhiteRock/WillowBrook,15259209,11737,43,-390
2026-09-02T00:02:48.389017+00:00,1788307365,18705,531 WhiteRock/WillowBrook,15259209,11757,44,-425
2026-09-02T00:02:48.389017+00:00,1788307365,18705,531 WhiteRock/WillowBrook,15259209,11735,45,-387
2026-09-02T00:02:48.389017+00:00,1788307365,18705,531 WhiteRock/WillowBrook,15259209,11756,46,-382
2026-09-02T00:02:48.389017+00:00,1788307365,18705,531 WhiteRock/WillowBrook,15259209,5535,47,-353
2026-09-02T00:02:48.389017+00:00,1788307365,18705,531 WhiteRock/WillowBrook,15259209,5536,48,-377
2026-09-02T00:02:48.389017+00:00,1788307365,18705,531 WhiteRock/WillowBrook,15259209,5537,49,-367
2026-09-02T00:02:48.389017+00:00,1788307365,18705,531 WhiteRock/WillowBrook,15259209,5538,50,-373
2026-09-02T00:02:48.389017+00:00,1788307365,18705,531 WhiteRock/WillowBrook,15259209,5539,51,-373
2026-09-02T00:02:48.389017+00:00,1788307365,18705,531 WhiteRock/WillowBrook,15259209,5540,52,-351
2026-09-02T00:02:48.389017+00:00,1788307365,18705,531 WhiteRock/WillowBrook,15259221,5535,47,-69
2026-09-02T00:02:48.389017+00:00,1788307365,18705,531 WhiteRock/WillowBrook,15259221,5536,48,-93
2026-09-02T00:02:48.389017+00:00,1788307365,18705,531 WhiteRock/WillowBrook,15259221,5537,49,-88
2026-09-02T00:02:48.389017+00:00,1788307365,18705,531 WhiteRock/WillowBrook,15259221,5538,50,-95
2026-09-02T00:02:48.389017+00:00,1788307365,18705,531 WhiteRock/WillowBrook,15259221,5539,51,-83
2026-09-02T00:02:48.389017+00:00,1788307365,18705,531 WhiteRock/WillowBrook,15259221,5540,52,-74
2026-09-02T00:02:48.389017+00:00,1788307365,18705,531 WhiteRock/WillowBrook,15259222,11754,1,0
2026-09-02T00:02:48.389017+00:00,1788307365,18705,531 WhiteRock/WillowBrook,15259222,11125,5,-565
2026-09-02T00:02:48.389017+00:00,1788307365,18705,531 WhiteRock/WillowBrook,15259222,9294,6,-569
2026-09-02T00:02:48.389017+00:00,1788307365,18705,531 WhiteRock/WillowBrook,15259222,9293,7,-579
2026-09-02T00:02:48.389017+00:00,1788307365,18705,531 WhiteRock/WillowBrook,15259222,11126,8,-568
2026-09-02T00:02:48.389017+00:00,1788307365,18705,531 WhiteRock/WillowBrook,15259222,7094,9,-599
2026-09-02T00:02:48.389017+00:00,1788307365,18705,531 WhiteRock/WillowBrook,15259222,7166,10,-620
2026-09-02T00:02:48.389017+00:00,1788307365,18705,531 WhiteRock/WillowBrook,15259222,7092,11,-574
2026-09-02T00:02:48.389017+00:00,1788307365,18705,531 WhiteRock/WillowBrook,15259222,10747,12,-554
2026-09-02T00:02:48.389017+00:00,1788307365,18705,531 WhiteRock/WillowBrook,15259222,5364,13,-546
2026-09-02T00:02:48.389017+00:00,1788307365,18705,531 WhiteRock/WillowBrook,15259222,11775,14,-520
2026-09-02T00:02:48.389017+00:00,1788307365,18705,531 WhiteRock/WillowBrook,15259222,7171,15,-552
2026-09-02T00:02:48.389017+00:00,1788307365,18705,531 WhiteRock/WillowBrook,15259222,7172,16,-590
2026-09-02T00:02:48.389017+00:00,1788307365,18705,531 WhiteRock/WillowBrook,15259222,7173,17,-601
2026-09-02T00:02:48.389017+00:00,1788307365,18705,531 WhiteRock/WillowBrook,15259222,7174,18,-640
2026-09-02T00:02:48.389017+00:00,1788307365,18705,531 WhiteRock/WillowBrook,15259222,7175,19,-652
2026-09-02T00:02:48.389017+00:00,1788307365,18705,531 WhiteRock/WillowBrook,15259222,7176,20,-681
2026-09-02T00:02:48.389017+00:00,1788307365,18705,531 WhiteRock/WillowBrook,15259222,7177,21,-678
2026-09-02T00:02:48.389017+00:00,1788307365,18705,531 WhiteRock/WillowBrook,15259222,8948,22,-707
2026-09-02T00:02:48.389017+00:00,1788307365,18705,531 WhiteRock/WillowBrook,15259222,9031,23,-728
2026-09-02T00:02:48.389017+00:00,1788307365,18705,531 WhiteRock/WillowBrook,15259222,12931,24,-733
2026-09-02T00:02:48.389017+00:00,1788307365,18705,531 WhiteRock/WillowBrook,15259222,13041,25,-768
2026-09-02T00:02:48.389017+00:00,1788307365,18705,531 WhiteRock/WillowBrook,15259222,12929,26,-784
2026-09-02T00:02:48.389017+00:00,1788307365,18705,531 WhiteRock/WillowBrook,15259222,12927,27,-814
2026-09-02T00:02:48.389017+00:00,1788307365,18705,531 WhiteRock/WillowBrook,15259222,12926,28,-822
2026-09-02T00:02:48.389017+00:00,1788307365,18705,531 WhiteRock/WillowBrook,15259222,12924,29,-842
2026-09-02T00:02:48.389017+00:00,1788307365,18705,531 WhiteRock/WillowBrook,15259222,11751,30,-840
2026-09-02T00:02:48.389017+00:00,1788307365,18705,531 WhiteRock/WillowBrook,15259222,11750,31,-885
2026-09-02T00:02:48.389017+00:00,1788307365,18705,531 WhiteRock/WillowBrook,15259222,11747,32,-913
2026-09-02T00:02:48.389017+00:00,1788307365,18705,531 WhiteRock/WillowBrook,15259222,11745,33,-917
2026-09-02T00:02:48.389017+00:00,1788307365,18705,531 WhiteRock/WillowBrook,15259222,13040,34,-926
2026-09-02T00:02:48.389017+00:00,1788307365,18705,531 WhiteRock/WillowBrook,15259222,12598,35,-952
2026-09-02T00:02:48.389017+00:00,1788307365,18705,531 WhiteRock/WillowBrook,15259222,11920,36,-1012
2026-09-02T00:02:48.389017+00:00,1788307365,18705,531 WhiteRock/WillowBrook,15259222,13130,37,-1050
2026-09-02T00:02:48.389017+00:00,1788307365,18705,531 WhiteRock/WillowBrook,15259222,11925,38,-1087
2026-09-02T00:02:48.389017+00:00,1788307365,18705,531 WhiteRock/WillowBrook,15259222,12219,39,-1125
2026-09-02T00:02:48.389017+00:00,1788307365,18705,531 WhiteRock/WillowBrook,15259222,11741,40,-1270
2026-09-02T00:02:48.389017+00:00,1788307365,18705,531 WhiteRock/WillowBrook,15259222,11740,41,-1293
2026-09-02T00:02:48.389017+00:00,1788307365,18705,531 WhiteRock/WillowBrook,15259222,11739,42,-1243
2026-09-02T00:02:48.389017+00:00,1788307365,18705,531 WhiteRock/WillowBrook,15259222,11737,43,-1203
2026-09-02T00:02:48.389017+00:00,1788307365,18705,531 WhiteRock/WillowBrook,15259222,11757,44,-1237
2026-09-02T00:02:48.389017+00:00,1788307365,18705,531 WhiteRock/WillowBrook,15259222,11735,45,-1198
2026-09-02T00:02:48.389017+00:00,1788307365,18705,531 WhiteRock/WillowBrook,15259222,11756,46,-1197
2026-09-02T00:02:48.389017+00:00,1788307365,18705,531 WhiteRock/WillowBrook,15259222,5535,47,-1169
2026-09-02T00:02:48.389017+00:00,1788307365,18705,531 WhiteRock/WillowBrook,15259222,5536,48,-1199
2026-09-02T00:02:48.389017+00:00,1788307365,18705,531 WhiteRock/WillowBrook,15259222,5537,49,-1184
2026-09-02T00:02:48.389017+00:00,1788307365,18705,531 WhiteRock/WillowBrook,15259222,5538,50,-1190
2026-09-02T00:02:48.389017+00:00,1788307365,18705,531 WhiteRock/WillowBrook,15259222,5539,51,-1190
2026-09-02T00:02:48.389017+00:00,1788307365,18705,531 WhiteRock/WillowBrook,15259222,5540,52,-1168
