captured_at,feed_timestamp,route_id,route_label,trip_id,stop_id,stop_sequence,delay_seconds
2026-08-04T00:01:02.966307+00:00,1785801659,6705,321 Surrey Central/WhiteRock,15247503,7213,57,-3
2026-08-04T00:01:02.966307+00:00,1785801659,6705,321 Surrey Central/WhiteRock,15247504,5700,38,67
2026-08-04T00:01:02.966307+00:00,1785801659,6705,321 Surrey Central/WhiteRock,15247504,5465,39,83
2026-08-04T00:01:02.966307+00:00,1785801659,6705,321 Surrey Central/WhiteRock,15247504,5466,40,50
2026-08-04T00:01:02.966307+00:00,1785801659,6705,321 Surrey Central/WhiteRock,15247504,5467,41,67
2026-08-04T00:01:02.966307+00:00,1785801659,6705,321 Surrey Central/WhiteRock,15247504,5468,42,47
2026-08-04T00:01:02.966307+00:00,1785801659,6705,321 Surrey Central/WhiteRock,15247504,5469,43,16
2026-08-04T00:01:02.966307+00:00,1785801659,6705,321 Surrey Central/WhiteRock,15247504,5470,44,-3
2026-08-04T00:01:02.966307+00:00,1785801659,6705,321 Surrey Central/WhiteRock,15247504,5471,45,-31
2026-08-04T00:01:02.966307+00:00,1785801659,6705,321 Surrey Central/WhiteRock,15247504,5472,46,-50
2026-08-04T00:01:02.966307+00:00,1785801659,6705,321 Surrey Central/WhiteRock,15247504,5473,47,-90
2026-08-04T00:01:02.966307+00:00,1785801659,6705,321 Surrey Central/WhiteRock,15247504,5474,48,-85
2026-08-04T00:01:02.966307+00:00,1785801659,6705,321 Surrey Central/WhiteRock,15247504,5475,49,-123
2026-08-04T00:01:02.966307+00:00,1785801659,6705,321 Surrey Central/WhiteRock,15247504,5476,50,-135
2026-08-04T00:01:02.966307+00:00,1785801659,6705,321 Surrey Central/WhiteRock,15247504,5477,51,-154
2026-08-04T00:01:02.966307+00:00,1785801659,6705,321 Surrey Central/WhiteRock,15247504,11725,52,-172
2026-08-04T00:01:02.966307+00:00,1785801659,6705,321 Surrey Central/WhiteRock,15247504,5040,53,-148
2026-08-04T00:01:02.966307+00:00,1785801659,6705,321 Surrey Central/WhiteRock,15247504,5041,54,-135
2026-08-04T00:01:02.966307+00:00,1785801659,6705,321 Surrey Central/WhiteRock,15247504,12155,55,-119
2026-08-04T00:01:02.966307+00:00,1785801659,6705,321 Surrey Central/WhiteRock,15247504,9089,56,-127
2026-08-04T00:01:02.966307+00:00,1785801659,6705,321 Surrey Central/WhiteRock,15247504,7213,57,-158
2026-08-04T00:01:02.966307+00:00,1785801659,6705,321 Surrey Central/WhiteRock,15247505,5456,30,-231
2026-08-04T00:01:02.966307+00:00,1785801659,6705,321 Surrey Central/WhiteRock,15247505,12651,31,-256
2026-08-04T00:01:02.966307+00:00,1785801659,6705,321 Surrey Central/WhiteRock,15247505,5458,32,-255
2026-08-04T00:01:02.966307+00:00,1785801659,6705,321 Surrey Central/WhiteRock,15247505,5459,33,-243
2026-08-04T00:01:02.966307+00:00,1785801659,6705,321 Surrey Central/WhiteRock,15247505,5460,34,-248
2026-08-04T00:01:02.966307+00:00,1785801659,6705,321 Surrey Central/WhiteRock,15247505,5461,35,-254
2026-08-04T00:01:02.966307+00:00,1785801659,6705,321 Surrey Central/WhiteRock,15247505,5462,36,-258
2026-08-04T00:01:02.966307+00:00,1785801659,6705,321 Surrey Central/WhiteRock,15247505,5463,37,-196
2026-08-04T00:01:02.966307+00:00,1785801659,6705,321 Surrey Central/WhiteRock,15247505,5700,38,0
2026-08-04T00:01:02.966307+00:00,1785801659,6705,321 Surrey Central/WhiteRock,15247505,5465,39,16
2026-08-04T00:01:02.966307+00:00,1785801659,6705,321 Surrey Central/WhiteRock,15247505,5466,40,-19
2026-08-04T00:01:02.966307+00:00,1785801659,6705,321 Surrey Central/WhiteRock,15247505,5467,41,-3
2026-08-04T00:01:02.966307+00:00,1785801659,6705,321 Surrey Central/WhiteRock,15247505,5468,42,-23
2026-08-04T00:01:02.966307+00:00,1785801659,6705,321 Surrey Central/WhiteRock,15247505,5469,43,-44
2026-08-04T00:01:02.966307+00:00,1785801659,6705,321 Surrey Central/WhiteRock,15247505,5470,44,-63
2026-08-04T00:01:02.966307+00:00,1785801659,6705,321 Surrey Central/WhiteRock,15247505,5471,45,-91
2026-08-04T00:01:02.966307+00:00,1785801659,6705,321 Surrey Central/WhiteRock,15247505,5472,46,-110
2026-08-04T00:01:02.966307+00:00,1785801659,6705,321 Surrey Central/WhiteRock,15247505,5473,47,-150
2026-08-04T00:01:02.966307+00:00,1785801659,6705,321 Surrey Central/WhiteRock,15247505,5474,48,-145
2026-08-04T00:01:02.966307+00:00,1785801659,6705,321 Surrey Central/WhiteRock,15247505,5475,49,-183
2026-08-04T00:01:02.966307+00:00,1785801659,6705,321 Surrey Central/WhiteRock,15247505,5476,50,-195
2026-08-04T00:01:02.966307+00:00,1785801659,6705,321 Surrey Central/WhiteRock,15247505,5477,51,-214
2026-08-04T00:01:02.966307+00:00,1785801659,6705,321 Surrey Central/WhiteRock,15247505,11725,52,-232
2026-08-04T00:01:02.966307+00:00,1785801659,6705,321 Surrey Central/WhiteRock,15247505,5040,53,-209
2026-08-04T00:01:02.966307+00:00,1785801659,6705,321 Surrey Central/WhiteRock,15247505,5041,54,-196
2026-08-04T00:01:02.966307+00:00,1785801659,6705,321 Surrey Central/WhiteRock,15247505,12155,55,-181
2026-08-04T00:01:02.966307+00:00,1785801659,6705,321 Surrey Central/WhiteRock,15247505,9089,56,-189
2026-08-04T00:01:02.966307+00:00,1785801659,6705,321 Surrey Central/WhiteRock,15247505,7213,57,-220
2026-08-04T00:01:02.966307+00:00,1785801659,6705,321 Surrey Central/WhiteRock,15247506,11313,24,-59
2026-08-04T00:01:02.966307+00:00,1785801659,6705,321 Surrey Central/WhiteRock,15247506,10808,25,-187
2026-08-04T00:01:02.966307+00:00,1785801659,6705,321 Surrey Central/WhiteRock,15247506,5452,26,-224
2026-08-04T00:01:02.966307+00:00,1785801659,6705,321 Surrey Central/WhiteRock,15247506,11913,27,-237
2026-08-04T00:01:02.966307+00:00,1785801659,6705,321 Surrey Central/WhiteRock,15247506,5454,28,-247
2026-08-04T00:01:02.966307+00:00,1785801659,6705,321 Surrey Central/WhiteRock,15247506,5455,29,-252
2026-08-04T00:01:02.966307+00:00,1785801659,6705,321 Surrey Central/WhiteRock,15247506,5456,30,-135
2026-08-04T00:01:02.966307+00:00,1785801659,6705,321 Surrey Central/WhiteRock,15247506,12651,31,-158
2026-08-04T00:01:02.966307+00:00,1785801659,6705,321 Surrey Central/WhiteRock,15247506,5458,32,-155
2026-08-04T00:01:02.966307+00:00,1785801659,6705,321 Surrey Central/WhiteRock,15247506,5459,33,-142
2026-08-04T00:01:02.966307+00:00,1785801659,6705,321 Surrey Central/WhiteRock,15247506,5460,34,-146
2026-08-04T00:01:02.966307+00:00,1785801659,6705,321 Surrey Central/WhiteRock,15247506,5461,35,-151
2026-08-04T00:01:02.966307+00:00,1785801659,6705,321 Surrey Central/WhiteRock,15247506,5462,36,-155
2026-08-04T00:01:02.966307+00:00,1785801659,6705,321 Surrey Central/WhiteRock,15247506,5463,37,-94
2026-08-04T00:01:02.966307+00:00,1785801659,6705,321 Surrey Central/WhiteRock,15247506,5700,38,25
2026-08-04T00:01:02.966307+00:00,1785801659,6705,321 Surrey Central/WhiteRock,15247506,5465,39,36
2026-08-04T00:01:02.966307+00:00,1785801659,6705,321 Surrey Central/WhiteRock,15247506,5466,40,-8
2026-08-04T00:01:02.966307+00:00,1785801659,6705,321 Surrey Central/WhiteRock,15247506,5467,41,3
2026-08-04T00:01:02.966307+00:00,1785801659,6705,321 Surrey Central/WhiteRock,15247506,5468,42,-21
2026-08-04T00:01:02.966307+00:00,1785801659,6705,321 Surrey Central/WhiteRock,15247506,5469,43,-50
2026-08-04T00:01:02.966307+00:00,1785801659,6705,321 Surrey Central/WhiteRock,15247506,5470,44,-74
2026-08-04T00:01:02.966307+00:00,1785801659,6705,321 Surrey Central/WhiteRock,15247506,5471,45,-105
2026-08-04T00:01:02.966307+00:00,1785801659,6705,321 Surrey Central/WhiteRock,15247506,5472,46,-128
2026-08-04T00:01:02.966307+00:00,1785801659,6705,321 Surrey Central/WhiteRock,15247506,5473,47,-172
2026-08-04T00:01:02.966307+00:00,1785801659,6705,321 Surrey Central/WhiteRock,15247506,5474,48,-173
2026-08-04T00:01:02.966307+00:00,1785801659,6705,321 Surrey Central/WhiteRock,15247506,5475,49,-217
2026-08-04T00:01:02.966307+00:00,1785801659,6705,321 Surrey Central/WhiteRock,15247506,5476,50,-235
2026-08-04T00:01:02.966307+00:00,1785801659,6705,321 Surrey Central/WhiteRock,15247506,5477,51,-256
2026-08-04T00:01:02.966307+00:00,1785801659,6705,321 Surrey Central/WhiteRock,15247506,11725,52,-277
2026-08-04T00:01:02.966307+00:00,1785801659,6705,321 Surrey Central/WhiteRock,15247506,5040,53,-259
2026-08-04T00:01:02.966307+00:00,1785801659,6705,321 Surrey Central/WhiteRock,15247506,5041,54,-252
2026-08-04T00:01:02.966307+00:00,1785801659,6705,321 Surrey Central/WhiteRock,15247506,12155,55,-242
2026-08-04T00:01:02.966307+00:00,1785801659,6705,321 Surrey Central/WhiteRock,15247506,9089,56,-253
2026-08-04T00:01:02.966307+00:00,1785801659,6705,321 Surrey Central/WhiteRock,15247507,6197,1,0
2026-08-04T00:01:02.966307+00:00,1785801659,6705,321 Surrey Central/WhiteRock,15247507,6198,2,0
2026-08-04T00:01:02.966307+00:00,1785801659,6705,321 Surrey Central/WhiteRock,15247507,6199,3,0
2026-08-04T00:01:02.966307+00:00,1785801659,6705,321 Surrey Central/WhiteRock,15247507,6200,4,0
2026-08-04T00:01:02.966307+00:00,1785801659,6705,321 Surrey Central/WhiteRock,15247507,6201,5,0
2026-08-04T00:01:02.966307+00:00,1785801659,6705,321 Surrey Central/WhiteRock,15247507,6354,6,0
2026-08-04T00:01:02.966307+00:00,1785801659,6705,321 Surrey Central/WhiteRock,15247507,6355,7,0
2026-08-04T00:01:02.966307+00:00,1785801659,6705,321 Surrey Central/WhiteRock,15247507,6356,8,0
2026-08-04T00:01:02.966307+00:00,1785801659,6705,321 Surrey Central/WhiteRock,15247507,6174,9,0
2026-08-04T00:01:02.966307+00:00,1785801659,6705,321 Surrey Central/WhiteRock,15247507,5437,10,0
2026-08-04T00:01:02.966307+00:00,1785801659,6705,321 Surrey Central/WhiteRock,15247507,5438,11,0
2026-08-04T00:01:02.966307+00:00,1785801659,6705,321 Surrey Central/WhiteRock,15247507,5439,12,0
2026-08-04T00:01:02.966307+00:00,1785801659,6705,321 Surrey Central/WhiteRock,15247507,5440,13,0
2026-08-04T00:01:02.966307+00:00,1785801659,6705,321 Surrey Central/WhiteRock,15247507,5441,14,0
2026-08-04T00:01:02.966307+00:00,1785801659,6705,321 Surrey Central/WhiteRock,15247507,5442,15,0
2026-08-04T00:01:02.966307+00:00,1785801659,6705,321 Surrey Central/WhiteRock,15247507,5444,16,0
2026-08-04T00:01:02.966307+00:00,1785801659,6705,321 Surrey Central/WhiteRock,15247507,9083,17,0
2026-08-04T00:01:02.966307+00:00,1785801659,6705,321 Surrey Central/WhiteRock,15247507,5446,18,0
2026-08-04T00:01:02.966307+00:00,1785801659,6705,321 Surrey Central/WhiteRock,15247507,10445,19,0
2026-08-04T00:01:02.966307+00:00,1785801659,6705,321 Surrey Central/WhiteRock,15247507,5447,20,0
2026-08-04T00:01:02.966307+00:00,1785801659,6705,321 Surrey Central/WhiteRock,15247507,5448,21,0
2026-08-04T00:01:02.966307+00:00,1785801659,6705,321 Surrey Central/WhiteRock,15247507,10437,22,0
2026-08-04T00:01:02.966307+00:00,1785801659,6705,321 Surrey Central/WhiteRock,15247507,5449,23,0
2026-08-04T00:01:02.966307+00:00,1785801659,6705,321 Surrey Central/WhiteRock,15247507,11313,24,0
2026-08-04T00:01:02.966307+00:00,1785801659,6705,321 Surrey Central/WhiteRock,15247507,10808,25,0
2026-08-04T00:01:02.966307+00:00,1785801659,6705,321 Surrey Central/WhiteRock,15247507,5452,26,0
2026-08-04T00:01:02.966307+00:00,1785801659,6705,321 Surrey Central/WhiteRock,15247507,11913,27,0
2026-08-04T00:01:02.966307+00:00,1785801659,6705,321 Surrey Central/WhiteRock,15247507,5454,28,0
2026-08-04T00:01:02.966307+00:00,1785801659,6705,321 Surrey Central/WhiteRock,15247507,5455,29,0
2026-08-04T00:01:02.966307+00:00,1785801659,6705,321 Surrey Central/WhiteRock,15247507,5456,30,0
2026-08-04T00:01:02.966307+00:00,1785801659,6705,321 Surrey Central/WhiteRock,15247507,12651,31,0
2026-08-04T00:01:02.966307+00:00,1785801659,6705,321 Surrey Central/WhiteRock,15247507,5458,32,0
2026-08-04T00:01:02.966307+00:00,1785801659,6705,321 Surrey Central/WhiteRock,15247507,5459,33,0
2026-08-04T00:01:02.966307+00:00,1785801659,6705,321 Surrey Central/WhiteRock,15247507,5460,34,0
2026-08-04T00:01:02.966307+00:00,1785801659,6705,321 Surrey Central/WhiteRock,15247507,5461,35,0
2026-08-04T00:01:02.966307+00:00,1785801659,6705,321 Surrey Central/WhiteRock,15247507,5462,36,0
2026-08-04T00:01:02.966307+00:00,1785801659,6705,321 Surrey Central/WhiteRock,15247507,5463,37,0
2026-08-04T00:01:02.966307+00:00,1785801659,6705,321 Surrey Central/WhiteRock,15247507,5700,38,0
2026-08-04T00:01:02.966307+00:00,1785801659,6705,321 Surrey Central/WhiteRock,15247507,5465,39,0
2026-08-04T00:01:02.966307+00:00,1785801659,6705,321 Surrey Central/WhiteRock,15247507,5466,40,0
2026-08-04T00:01:02.966307+00:00,1785801659,6705,321 Surrey Central/WhiteRock,15247507,5467,41,0
2026-08-04T00:01:02.966307+00:00,1785801659,6705,321 Surrey Central/WhiteRock,15247507,5468,42,0
2026-08-04T00:01:02.966307+00:00,1785801659,6705,321 Surrey Central/WhiteRock,15247507,5469,43,0
2026-08-04T00:01:02.966307+00:00,1785801659,6705,321 Surrey Central/WhiteRock,15247507,5470,44,0
2026-08-04T00:01:02.966307+00:00,1785801659,6705,321 Surrey Central/WhiteRock,15247507,5471,45,0
2026-08-04T00:01:02.966307+00:00,1785801659,6705,321 Surrey Central/WhiteRock,15247507,5472,46,0
2026-08-04T00:01:02.966307+00:00,1785801659,6705,321 Surrey Central/WhiteRock,15247507,5473,47,0
2026-08-04T00:01:02.966307+00:00,1785801659,6705,321 Surrey Central/WhiteRock,15247507,5474,48,0
2026-08-04T00:01:02.966307+00:00,1785801659,6705,321 Surrey Central/WhiteRock,15247507,5475,49,0
2026-08-04T00:01:02.966307+00:00,1785801659,6705,321 Surrey Central/WhiteRock,15247507,5476,50,0
2026-08-04T00:01:02.966307+00:00,1785801659,6705,321 Surrey Central/WhiteRock,15247507,5477,51,0
2026-08-04T00:01:02.966307+00:00,1785801659,6705,321 Surrey Central/WhiteRock,15247507,11725,52,0
2026-08-04T00:01:02.966307+00:00,1785801659,6705,321 Surrey Central/WhiteRock,15247507,5040,53,0
2026-08-04T00:01:02.966307+00:00,1785801659,6705,321 Surrey Central/WhiteRock,15247507,5041,54,0
2026-08-04T00:01:02.966307+00:00,1785801659,6705,321 Surrey Central/WhiteRock,15247507,12155,55,0
2026-08-04T00:01:02.966307+00:00,1785801659,6705,321 Surrey Central/WhiteRock,15247507,9089,56,0
2026-08-04T00:01:02.966307+00:00,1785801659,6705,321 Surrey Central/WhiteRock,15247507,7213,57,0
2026-08-04T00:01:02.966307+00:00,1785801659,6705,321 Surrey Central/WhiteRock,15247526,7213,57,591
2026-08-04T00:01:02.966307+00:00,1785801659,6705,321 Surrey Central/WhiteRock,15247527,5439,12,156
2026-08-04T00:01:02.966307+00:00,1785801659,6705,321 Surrey Central/WhiteRock,15247527,5440,13,141
2026-08-04T00:01:02.966307+00:00,1785801659,6705,321 Surrey Central/WhiteRock,15247527,5441,14,175
2026-08-04T00:01:02.966307+00:00,1785801659,6705,321 Surrey Central/WhiteRock,15247527,5442,15,154
2026-08-04T00:01:02.966307+00:00,1785801659,6705,321 Surrey Central/WhiteRock,15247527,5444,16,158
2026-08-04T00:01:02.966307+00:00,1785801659,6705,321 Surrey Central/WhiteRock,15247527,9083,17,136
2026-08-04T00:01:02.966307+00:00,1785801659,6705,321 Surrey Central/WhiteRock,15247527,5446,18,157
2026-08-04T00:01:02.966307+00:00,1785801659,6705,321 Surrey Central/WhiteRock,15247527,10445,19,152
2026-08-04T00:01:02.966307+00:00,1785801659,6705,321 Surrey Central/WhiteRock,15247527,5447,20,122
2026-08-04T00:01:02.966307+00:00,1785801659,6705,321 Surrey Central/WhiteRock,15247527,5448,21,123
2026-08-04T00:01:02.966307+00:00,1785801659,6705,321 Surrey Central/WhiteRock,15247527,10437,22,125
2026-08-04T00:01:02.966307+00:00,1785801659,6705,321 Surrey Central/WhiteRock,15247527,5449,23,80
2026-08-04T00:01:02.966307+00:00,1785801659,6705,321 Surrey Central/WhiteRock,15247527,11313,24,44
2026-08-04T00:01:02.966307+00:00,1785801659,6705,321 Surrey Central/WhiteRock,15247527,10808,25,-85
2026-08-04T00:01:02.966307+00:00,1785801659,6705,321 Surrey Central/WhiteRock,15247527,5452,26,-122
2026-08-04T00:01:02.966307+00:00,1785801659,6705,321 Surrey Central/WhiteRock,15247527,11913,27,-135
2026-08-04T00:01:02.966307+00:00,1785801659,6705,321 Surrey Central/WhiteRock,15247527,5454,28,-143
2026-08-04T00:01:02.966307+00:00,1785801659,6705,321 Surrey Central/WhiteRock,15247527,5455,29,-148
2026-08-04T00:01:02.966307+00:00,1785801659,6705,321 Surrey Central/WhiteRock,15247527,5456,30,-31
2026-08-04T00:01:02.966307+00:00,1785801659,6705,321 Surrey Central/WhiteRock,15247527,12651,31,-54
2026-08-04T00:01:02.966307+00:00,1785801659,6705,321 Surrey Central/WhiteRock,15247527,5458,32,-51
2026-08-04T00:01:02.966307+00:00,1785801659,6705,321 Surrey Central/WhiteRock,15247527,5459,33,-38
2026-08-04T00:01:02.966307+00:00,1785801659,6705,321 Surrey Central/WhiteRock,15247527,5460,34,-42
2026-08-04T00:01:02.966307+00:00,1785801659,6705,321 Surrey Central/WhiteRock,15247527,5461,35,-47
2026-08-04T00:01:02.966307+00:00,1785801659,6705,321 Surrey Central/WhiteRock,15247527,5462,36,-51
2026-08-04T00:01:02.966307+00:00,1785801659,6705,321 Surrey Central/WhiteRock,15247527,5463,37,11
2026-08-04T00:01:02.966307+00:00,1785801659,6705,321 Surrey Central/WhiteRock,15247527,5700,38,130
2026-08-04T00:01:02.966307+00:00,1785801659,6705,321 Surrey Central/WhiteRock,15247527,5465,39,146
2026-08-04T00:01:02.966307+00:00,1785801659,6705,321 Surrey Central/WhiteRock,15247527,5466,40,110
2026-08-04T00:01:02.966307+00:00,1785801659,6705,321 Surrey Central/WhiteRock,15247527,5467,41,125
2026-08-04T00:01:02.966307+00:00,1785801659,6705,321 Surrey Central/WhiteRock,15247527,5468,42,102
2026-08-04T00:01:02.966307+00:00,1785801659,6705,321 Surrey Central/WhiteRock,15247527,5469,43,72
2026-08-04T00:01:02.966307+00:00,1785801659,6705,321 Surrey Central/WhiteRock,15247527,5470,44,53
2026-08-04T00:01:02.966307+00:00,1785801659,6705,321 Surrey Central/WhiteRock,15247527,5471,45,26
2026-08-04T00:01:02.966307+00:00,1785801659,6705,321 Surrey Central/WhiteRock,15247527,5472,46,7
2026-08-04T00:01:02.966307+00:00,1785801659,6705,321 Surrey Central/WhiteRock,15247527,5473,47,-33
2026-08-04T00:01:02.966307+00:00,1785801659,6705,321 Surrey Central/WhiteRock,15247527,5474,48,-28
2026-08-04T00:01:02.966307+00:00,1785801659,6705,321 Surrey Central/WhiteRock,15247527,5475,49,-66
2026-08-04T00:01:02.966307+00:00,1785801659,6705,321 Surrey Central/WhiteRock,15247527,5476,50,-78
2026-08-04T00:01:02.966307+00:00,1785801659,6705,321 Surrey Central/WhiteRock,15247527,5477,51,-97
2026-08-04T00:01:02.966307+00:00,1785801659,6705,321 Surrey Central/WhiteRock,15247527,11725,52,-115
2026-08-04T00:01:02.966307+00:00,1785801659,6705,321 Surrey Central/WhiteRock,15247527,5040,53,-99
2026-08-04T00:01:02.966307+00:00,1785801659,6705,321 Surrey Central/WhiteRock,15247527,5041,54,-86
2026-08-04T00:01:02.966307+00:00,1785801659,6705,321 Surrey Central/WhiteRock,15247527,12155,55,-72
2026-08-04T00:01:02.966307+00:00,1785801659,6705,321 Surrey Central/WhiteRock,15247527,9089,56,-80
2026-08-04T00:01:02.966307+00:00,1785801659,6705,321 Surrey Central/WhiteRock,15247527,7213,57,-111
2026-08-04T00:01:02.966307+00:00,1785801659,6705,321 Surrey Central/WhiteRock,15247541,5474,48,-26
2026-08-04T00:01:02.966307+00:00,1785801659,6705,321 Surrey Central/WhiteRock,15247541,5475,49,-65
2026-08-04T00:01:02.966307+00:00,1785801659,6705,321 Surrey Central/WhiteRock,15247541,5476,50,-80
2026-08-04T00:01:02.966307+00:00,1785801659,6705,321 Surrey Central/WhiteRock,15247541,5477,51,-99
2026-08-04T00:01:02.966307+00:00,1785801659,6705,321 Surrey Central/WhiteRock,15247541,11725,52,-117
2026-08-04T00:01:02.966307+00:00,1785801659,6705,321 Surrey Central/WhiteRock,15247541,5040,53,-91
2026-08-04T00:01:02.966307+00:00,1785801659,6705,321 Surrey Central/WhiteRock,15247541,5041,54,-76
2026-08-04T00:01:02.966307+00:00,1785801659,6705,321 Surrey Central/WhiteRock,15247541,12155,55,-60
2026-08-04T00:01:02.966307+00:00,1785801659,6705,321 Surrey Central/WhiteRock,15247541,9089,56,-68
2026-08-04T00:01:02.966307+00:00,1785801659,6705,321 Surrey Central/WhiteRock,15247541,7213,57,-99
2026-08-04T00:01:02.966307+00:00,1785801659,6705,321 Surrey Central/WhiteRock,15247542,6197,1,0
2026-08-04T00:01:02.966307+00:00,1785801659,6705,321 Surrey Central/WhiteRock,15247542,6198,2,0
2026-08-04T00:01:02.966307+00:00,1785801659,6705,321 Surrey Central/WhiteRock,15247542,6199,3,0
2026-08-04T00:01:02.966307+00:00,1785801659,6705,321 Surrey Central/WhiteRock,15247542,6200,4,0
2026-08-04T00:01:02.966307+00:00,1785801659,6705,321 Surrey Central/WhiteRock,15247542,6201,5,0
2026-08-04T00:01:02.966307+00:00,1785801659,6705,321 Surrey Central/WhiteRock,15247542,6354,6,0
2026-08-04T00:01:02.966307+00:00,1785801659,6705,321 Surrey Central/WhiteRock,15247542,6355,7,0
2026-08-04T00:01:02.966307+00:00,1785801659,6705,321 Surrey Central/WhiteRock,15247542,6356,8,0
2026-08-04T00:01:02.966307+00:00,1785801659,6705,321 Surrey Central/WhiteRock,15247542,6174,9,0
2026-08-04T00:01:02.966307+00:00,1785801659,6705,321 Surrey Central/WhiteRock,15247542,5437,10,0
2026-08-04T00:01:02.966307+00:00,1785801659,6705,321 Surrey Central/WhiteRock,15247542,5438,11,0
2026-08-04T00:01:02.966307+00:00,1785801659,6705,321 Surrey Central/WhiteRock,15247542,5439,12,0
2026-08-04T00:01:02.966307+00:00,1785801659,6705,321 Surrey Central/WhiteRock,15247542,5440,13,0
2026-08-04T00:01:02.966307+00:00,1785801659,6705,321 Surrey Central/WhiteRock,15247542,5441,14,0
2026-08-04T00:01:02.966307+00:00,1785801659,6705,321 Surrey Central/WhiteRock,15247542,5442,15,0
2026-08-04T00:01:02.966307+00:00,1785801659,6705,321 Surrey Central/WhiteRock,15247542,5444,16,0
2026-08-04T00:01:02.966307+00:00,1785801659,6705,321 Surrey Central/WhiteRock,15247542,9083,17,0
2026-08-04T00:01:02.966307+00:00,1785801659,6705,321 Surrey Central/WhiteRock,15247542,5446,18,0
2026-08-04T00:01:02.966307+00:00,1785801659,6705,321 Surrey Central/WhiteRock,15247542,10445,19,0
2026-08-04T00:01:02.966307+00:00,1785801659,6705,321 Surrey Central/WhiteRock,15247542,5447,20,0
2026-08-04T00:01:02.966307+00:00,1785801659,6705,321 Surrey Central/WhiteRock,15247542,5448,21,0
2026-08-04T00:01:02.966307+00:00,1785801659,6705,321 Surrey Central/WhiteRock,15247542,10437,22,0
2026-08-04T00:01:02.966307+00:00,1785801659,6705,321 Surrey Central/WhiteRock,15247542,5449,23,0
2026-08-04T00:01:02.966307+00:00,1785801659,6705,321 Surrey Central/WhiteRock,15247542,11313,24,0
2026-08-04T00:01:02.966307+00:00,1785801659,6705,321 Surrey Central/WhiteRock,15247542,10808,25,0
2026-08-04T00:01:02.966307+00:00,1785801659,6705,321 Surrey Central/WhiteRock,15247542,5452,26,0
2026-08-04T00:01:02.966307+00:00,1785801659,6705,321 Surrey Central/WhiteRock,15247542,11913,27,0
2026-08-04T00:01:02.966307+00:00,1785801659,6705,321 Surrey Central/WhiteRock,15247542,5454,28,0
2026-08-04T00:01:02.966307+00:00,1785801659,6705,321 Surrey Central/WhiteRock,15247542,5455,29,0
2026-08-04T00:01:02.966307+00:00,1785801659,6705,321 Surrey Central/WhiteRock,15247542,5456,30,0
2026-08-04T00:01:02.966307+00:00,1785801659,6705,321 Surrey Central/WhiteRock,15247542,12651,31,0
2026-08-04T00:01:02.966307+00:00,1785801659,6705,321 Surrey Central/WhiteRock,15247542,5458,32,0
2026-08-04T00:01:02.966307+00:00,1785801659,6705,321 Surrey Central/WhiteRock,15247542,5459,33,0
2026-08-04T00:01:02.966307+00:00,1785801659,6705,321 Surrey Central/WhiteRock,15247542,5460,34,0
2026-08-04T00:01:02.966307+00:00,1785801659,6705,321 Surrey Central/WhiteRock,15247542,5461,35,0
2026-08-04T00:01:02.966307+00:00,1785801659,6705,321 Surrey Central/WhiteRock,15247542,5462,36,0
2026-08-04T00:01:02.966307+00:00,1785801659,6705,321 Surrey Central/WhiteRock,15247542,5463,37,0
2026-08-04T00:01:02.966307+00:00,1785801659,6705,321 Surrey Central/WhiteRock,15247542,5700,38,0
2026-08-04T00:01:02.966307+00:00,1785801659,6705,321 Surrey Central/WhiteRock,15247542,5465,39,0
2026-08-04T00:01:02.966307+00:00,1785801659,6705,321 Surrey Central/WhiteRock,15247542,5466,40,0
2026-08-04T00:01:02.966307+00:00,1785801659,6705,321 Surrey Central/WhiteRock,15247542,5467,41,0
2026-08-04T00:01:02.966307+00:00,1785801659,6705,321 Surrey Central/WhiteRock,15247542,5468,42,0
2026-08-04T00:01:02.966307+00:00,1785801659,6705,321 Surrey Central/WhiteRock,15247542,5469,43,0
2026-08-04T00:01:02.966307+00:00,1785801659,6705,321 Surrey Central/WhiteRock,15247542,5470,44,0
2026-08-04T00:01:02.966307+00:00,1785801659,6705,321 Surrey Central/WhiteRock,15247542,5471,45,0
2026-08-04T00:01:02.966307+00:00,1785801659,6705,321 Surrey Central/WhiteRock,15247542,5472,46,0
2026-08-04T00:01:02.966307+00:00,1785801659,6705,321 Surrey Central/WhiteRock,15247542,5473,47,0
2026-08-04T00:01:02.966307+00:00,1785801659,6705,321 Surrey Central/WhiteRock,15247542,5474,48,0
2026-08-04T00:01:02.966307+00:00,1785801659,6705,321 Surrey Central/WhiteRock,15247542,5475,49,0
2026-08-04T00:01:02.966307+00:00,1785801659,6705,321 Surrey Central/WhiteRock,15247542,5476,50,0
2026-08-04T00:01:02.966307+00:00,1785801659,6705,321 Surrey Central/WhiteRock,15247542,5477,51,0
2026-08-04T00:01:02.966307+00:00,1785801659,6705,321 Surrey Central/WhiteRock,15247542,11725,52,0
2026-08-04T00:01:02.966307+00:00,1785801659,6705,321 Surrey Central/WhiteRock,15247542,5040,53,0
2026-08-04T00:01:02.966307+00:00,1785801659,6705,321 Surrey Central/WhiteRock,15247542,5041,54,0
2026-08-04T00:01:02.966307+00:00,1785801659,6705,321 Surrey Central/WhiteRock,15247542,12155,55,0
2026-08-04T00:01:02.966307+00:00,1785801659,6705,321 Surrey Central/WhiteRock,15247542,9089,56,0
2026-08-04T00:01:02.966307+00:00,1785801659,6705,321 Surrey Central/WhiteRock,15247542,7213,57,0
2026-08-04T00:01:02.966307+00:00,1785801659,6705,321 Surrey Central/WhiteRock,15247595,5530,41,-480
2026-08-04T00:01:02.966307+00:00,1785801659,6705,321 Surrey Central/WhiteRock,15247595,5533,42,-486
2026-08-04T00:01:02.966307+00:00,1785801659,6705,321 Surrey Central/WhiteRock,15247595,5534,43,-504
2026-08-04T00:01:02.966307+00:00,1785801659,6705,321 Surrey Central/WhiteRock,15247595,5535,44,-500
2026-08-04T00:01:02.966307+00:00,1785801659,6705,321 Surrey Central/WhiteRock,15247595,5536,45,-520
2026-08-04T00:01:02.966307+00:00,1785801659,6705,321 Surrey Central/WhiteRock,15247595,5537,46,-516
2026-08-04T00:01:02.966307+00:00,1785801659,6705,321 Surrey Central/WhiteRock,15247595,5538,47,-523
2026-08-04T00:01:02.966307+00:00,1785801659,6705,321 Surrey Central/WhiteRock,15247595,5541,48,-494
2026-08-04T00:01:02.966307+00:00,1785801659,6705,321 Surrey Central/WhiteRock,15247595,5542,49,-482
2026-08-04T00:01:02.966307+00:00,1785801659,6705,321 Surrey Central/WhiteRock,15247595,6195,50,-460
2026-08-04T00:01:02.966307+00:00,1785801659,6705,321 Surrey Central/WhiteRock,15247596,5519,30,58
2026-08-04T00:01:02.966307+00:00,1785801659,6705,321 Surrey Central/WhiteRock,15247596,5520,31,51
2026-08-04T00:01:02.966307+00:00,1785801659,6705,321 Surrey Central/WhiteRock,15247596,5521,32,-141
2026-08-04T00:01:02.966307+00:00,1785801659,6705,321 Surrey Central/WhiteRock,15247596,5522,33,-267
2026-08-04T00:01:02.966307+00:00,1785801659,6705,321 Surrey Central/WhiteRock,15247596,5523,34,-301
2026-08-04T00:01:02.966307+00:00,1785801659,6705,321 Surrey Central/WhiteRock,15247596,6466,35,-318
2026-08-04T00:01:02.966307+00:00,1785801659,6705,321 Surrey Central/WhiteRock,15247596,5524,36,-277
2026-08-04T00:01:02.966307+00:00,1785801659,6705,321 Surrey Central/WhiteRock,15247596,5525,37,-304
2026-08-04T00:01:02.966307+00:00,1785801659,6705,321 Surrey Central/WhiteRock,15247596,10443,38,-331
2026-08-04T00:01:02.966307+00:00,1785801659,6705,321 Surrey Central/WhiteRock,15247596,5528,39,-322
2026-08-04T00:01:02.966307+00:00,1785801659,6705,321 Surrey Central/WhiteRock,15247596,5529,40,-340
2026-08-04T00:01:02.966307+00:00,1785801659,6705,321 Surrey Central/WhiteRock,15247596,5530,41,-352
2026-08-04T00:01:02.966307+00:00,1785801659,6705,321 Surrey Central/WhiteRock,15247596,5533,42,-358
2026-08-04T00:01:02.966307+00:00,1785801659,6705,321 Surrey Central/WhiteRock,15247596,5534,43,-376
2026-08-04T00:01:02.966307+00:00,1785801659,6705,321 Surrey Central/WhiteRock,15247596,5535,44,-374
2026-08-04T00:01:02.966307+00:00,1785801659,6705,321 Surrey Central/WhiteRock,15247596,5536,45,-394
2026-08-04T00:01:02.966307+00:00,1785801659,6705,321 Surrey Central/WhiteRock,15247596,5537,46,-395
2026-08-04T00:01:02.966307+00:00,1785801659,6705,321 Surrey Central/WhiteRock,15247596,5538,47,-402
2026-08-04T00:01:02.966307+00:00,1785801659,6705,321 Surrey Central/WhiteRock,15247596,5541,48,-376
2026-08-04T00:01:02.966307+00:00,1785801659,6705,321 Surrey Central/WhiteRock,15247596,5542,49,-364
2026-08-04T00:01:02.966307+00:00,1785801659,6705,321 Surrey Central/WhiteRock,15247596,6195,50,-339
2026-08-04T00:01:02.966307+00:00,1785801659,6705,321 Surrey Central/WhiteRock,15247597,5633,20,0
2026-08-04T00:01:02.966307+00:00,1785801659,6705,321 Surrey Central/WhiteRock,15247597,5510,21,44
2026-08-04T00:01:02.966307+00:00,1785801659,6705,321 Surrey Central/WhiteRock,15247597,5511,22,38
2026-08-04T00:01:02.966307+00:00,1785801659,6705,321 Surrey Central/WhiteRock,15247597,5512,23,36
2026-08-04T00:01:02.966307+00:00,1785801659,6705,321 Surrey Central/WhiteRock,15247597,5513,24,26
2026-08-04T00:01:02.966307+00:00,1785801659,6705,321 Surrey Central/WhiteRock,15247597,5514,25,122
2026-08-04T00:01:02.966307+00:00,1785801659,6705,321 Surrey Central/WhiteRock,15247597,5515,26,118
2026-08-04T00:01:02.966307+00:00,1785801659,6705,321 Surrey Central/WhiteRock,15247597,5516,27,124
2026-08-04T00:01:02.966307+00:00,1785801659,6705,321 Surrey Central/WhiteRock,15247597,5517,28,127
2026-08-04T00:01:02.966307+00:00,1785801659,6705,321 Surrey Central/WhiteRock,15247597,5518,29,134
2026-08-04T00:01:02.966307+00:00,1785801659,6705,321 Surrey Central/WhiteRock,15247597,5519,30,117
2026-08-04T00:01:02.966307+00:00,1785801659,6705,321 Surrey Central/WhiteRock,15247597,5520,31,110
2026-08-04T00:01:02.966307+00:00,1785801659,6705,321 Surrey Central/WhiteRock,15247597,5521,32,-73
2026-08-04T00:01:02.966307+00:00,1785801659,6705,321 Surrey Central/WhiteRock,15247597,5522,33,-194
2026-08-04T00:01:02.966307+00:00,1785801659,6705,321 Surrey Central/WhiteRock,15247597,5523,34,-227
2026-08-04T00:01:02.966307+00:00,1785801659,6705,321 Surrey Central/WhiteRock,15247597,6466,35,-239
2026-08-04T00:01:02.966307+00:00,1785801659,6705,321 Surrey Central/WhiteRock,15247597,5524,36,-194
2026-08-04T00:01:02.966307+00:00,1785801659,6705,321 Surrey Central/WhiteRock,15247597,5525,37,-215
2026-08-04T00:01:02.966307+00:00,1785801659,6705,321 Surrey Central/WhiteRock,15247597,10443,38,-234
2026-08-04T00:01:02.966307+00:00,1785801659,6705,321 Surrey Central/WhiteRock,15247597,5528,39,-226
2026-08-04T00:01:02.966307+00:00,1785801659,6705,321 Surrey Central/WhiteRock,15247597,5529,40,-247
2026-08-04T00:01:02.966307+00:00,1785801659,6705,321 Surrey Central/WhiteRock,15247597,5530,41,-259
2026-08-04T00:01:02.966307+00:00,1785801659,6705,321 Surrey Central/WhiteRock,15247597,5533,42,-254
2026-08-04T00:01:02.966307+00:00,1785801659,6705,321 Surrey Central/WhiteRock,15247597,5534,43,-269
2026-08-04T00:01:02.966307+00:00,1785801659,6705,321 Surrey Central/WhiteRock,15247597,5535,44,-260
2026-08-04T00:01:02.966307+00:00,1785801659,6705,321 Surrey Central/WhiteRock,15247597,5536,45,-279
2026-08-04T00:01:02.966307+00:00,1785801659,6705,321 Surrey Central/WhiteRock,15247597,5537,46,-258
2026-08-04T00:01:02.966307+00:00,1785801659,6705,321 Surrey Central/WhiteRock,15247597,5538,47,-260
2026-08-04T00:01:02.966307+00:00,1785801659,6705,321 Surrey Central/WhiteRock,15247597,5541,48,-233
2026-08-04T00:01:02.966307+00:00,1785801659,6705,321 Surrey Central/WhiteRock,15247597,5542,49,-220
2026-08-04T00:01:02.966307+00:00,1785801659,6705,321 Surrey Central/WhiteRock,15247597,6195,50,-186
2026-08-04T00:01:02.966307+00:00,1785801659,6705,321 Surrey Central/WhiteRock,15247598,5498,11,78
2026-08-04T00:01:02.966307+00:00,1785801659,6705,321 Surrey Central/WhiteRock,15247598,5499,12,51
2026-08-04T00:01:02.966307+00:00,1785801659,6705,321 Surrey Central/WhiteRock,15247598,5500,13,34
2026-08-04T00:01:02.966307+00:00,1785801659,6705,321 Surrey Central/WhiteRock,15247598,5501,14,15
2026-08-04T00:01:02.966307+00:00,1785801659,6705,321 Surrey Central/WhiteRock,15247598,5502,15,10
2026-08-04T00:01:02.966307+00:00,1785801659,6705,321 Surrey Central/WhiteRock,15247598,5503,16,15
2026-08-04T00:01:02.966307+00:00,1785801659,6705,321 Surrey Central/WhiteRock,15247598,5504,17,-30
2026-08-04T00:01:02.966307+00:00,1785801659,6705,321 Surrey Central/WhiteRock,15247598,5505,18,-6
2026-08-04T00:01:02.966307+00:00,1785801659,6705,321 Surrey Central/WhiteRock,15247598,5507,19,31
2026-08-04T00:01:02.966307+00:00,1785801659,6705,321 Surrey Central/WhiteRock,15247598,5633,20,78
2026-08-04T00:01:02.966307+00:00,1785801659,6705,321 Surrey Central/WhiteRock,15247598,5510,21,112
2026-08-04T00:01:02.966307+00:00,1785801659,6705,321 Surrey Central/WhiteRock,15247598,5511,22,106
2026-08-04T00:01:02.966307+00:00,1785801659,6705,321 Surrey Central/WhiteRock,15247598,5512,23,103
2026-08-04T00:01:02.966307+00:00,1785801659,6705,321 Surrey Central/WhiteRock,15247598,5513,24,94
2026-08-04T00:01:02.966307+00:00,1785801659,6705,321 Surrey Central/WhiteRock,15247598,5514,25,190
2026-08-04T00:01:02.966307+00:00,1785801659,6705,321 Surrey Central/WhiteRock,15247598,5515,26,186
2026-08-04T00:01:02.966307+00:00,1785801659,6705,321 Surrey Central/WhiteRock,15247598,5516,27,185
2026-08-04T00:01:02.966307+00:00,1785801659,6705,321 Surrey Central/WhiteRock,15247598,5517,28,188
2026-08-04T00:01:02.966307+00:00,1785801659,6705,321 Surrey Central/WhiteRock,15247598,5518,29,195
2026-08-04T00:01:02.966307+00:00,1785801659,6705,321 Surrey Central/WhiteRock,15247598,5519,30,178
2026-08-04T00:01:02.966307+00:00,1785801659,6705,321 Surrey Central/WhiteRock,15247598,5520,31,171
2026-08-04T00:01:02.966307+00:00,1785801659,6705,321 Surrey Central/WhiteRock,15247598,5521,32,-12
2026-08-04T00:01:02.966307+00:00,1785801659,6705,321 Surrey Central/WhiteRock,15247598,5522,33,-133
2026-08-04T00:01:02.966307+00:00,1785801659,6705,321 Surrey Central/WhiteRock,15247598,5523,34,-166
2026-08-04T00:01:02.966307+00:00,1785801659,6705,321 Surrey Central/WhiteRock,15247598,6466,35,-179
2026-08-04T00:01:02.966307+00:00,1785801659,6705,321 Surrey Central/WhiteRock,15247598,5524,36,-134
2026-08-04T00:01:02.966307+00:00,1785801659,6705,321 Surrey Central/WhiteRock,15247598,5525,37,-157
2026-08-04T00:01:02.966307+00:00,1785801659,6705,321 Surrey Central/WhiteRock,15247598,10443,38,-176
2026-08-04T00:01:02.966307+00:00,1785801659,6705,321 Surrey Central/WhiteRock,15247598,5528,39,-166
2026-08-04T00:01:02.966307+00:00,1785801659,6705,321 Surrey Central/WhiteRock,15247598,5529,40,-186
2026-08-04T00:01:02.966307+00:00,1785801659,6705,321 Surrey Central/WhiteRock,15247598,5530,41,-198
2026-08-04T00:01:02.966307+00:00,1785801659,6705,321 Surrey Central/WhiteRock,15247598,5533,42,-193
2026-08-04T00:01:02.966307+00:00,1785801659,6705,321 Surrey Central/WhiteRock,15247598,5534,43,-208
2026-08-04T00:01:02.966307+00:00,1785801659,6705,321 Surrey Central/WhiteRock,15247598,5535,44,-206
2026-08-04T00:01:02.966307+00:00,1785801659,6705,321 Surrey Central/WhiteRock,15247598,5536,45,-225
2026-08-04T00:01:02.966307+00:00,1785801659,6705,321 Surrey Central/WhiteRock,15247598,5537,46,-205
2026-08-04T00:01:02.966307+00:00,1785801659,6705,321 Surrey Central/WhiteRock,15247598,5538,47,-207
2026-08-04T00:01:02.966307+00:00,1785801659,6705,321 Surrey Central/WhiteRock,15247598,5541,48,-178
2026-08-04T00:01:02.966307+00:00,1785801659,6705,321 Surrey Central/WhiteRock,15247598,5542,49,-167
2026-08-04T00:01:02.966307+00:00,1785801659,6705,321 Surrey Central/WhiteRock,15247598,6195,50,-144
2026-08-04T00:01:02.966307+00:00,1785801659,6715,351 Bridgeport/WhiteRock,15251880,4928,24,-37
2026-08-04T00:01:02.966307+00:00,1785801659,6715,351 Bridgeport/WhiteRock,15251880,8282,25,158
2026-08-04T00:01:02.966307+00:00,1785801659,6715,351 Bridgeport/WhiteRock,15251903,5441,15,166
2026-08-04T00:01:02.966307+00:00,1785801659,6715,351 Bridgeport/WhiteRock,15251903,5442,16,141
2026-08-04T00:01:02.966307+00:00,1785801659,6715,351 Bridgeport/WhiteRock,15251903,5444,17,147
2026-08-04T00:01:02.966307+00:00,1785801659,6715,351 Bridgeport/WhiteRock,15251903,9083,18,118
2026-08-04T00:01:02.966307+00:00,1785801659,6715,351 Bridgeport/WhiteRock,15251903,5446,19,128
2026-08-04T00:01:02.966307+00:00,1785801659,6715,351 Bridgeport/WhiteRock,15251903,10445,20,126
2026-08-04T00:01:02.966307+00:00,1785801659,6715,351 Bridgeport/WhiteRock,15251903,5447,21,88
2026-08-04T00:01:02.966307+00:00,1785801659,6715,351 Bridgeport/WhiteRock,15251903,5448,22,84
2026-08-04T00:01:02.966307+00:00,1785801659,6715,351 Bridgeport/WhiteRock,15251903,6194,23,83
2026-08-04T00:01:02.966307+00:00,1785801659,6715,351 Bridgeport/WhiteRock,15251903,4928,24,44
2026-08-04T00:01:02.966307+00:00,1785801659,6715,351 Bridgeport/WhiteRock,15251903,8282,25,233
2026-08-04T00:01:02.966307+00:00,1785801659,6715,351 Bridgeport/WhiteRock,15251942,4929,3,55
2026-08-04T00:01:02.966307+00:00,1785801659,6715,351 Bridgeport/WhiteRock,15251942,6175,4,-331
2026-08-04T00:01:02.966307+00:00,1785801659,6715,351 Bridgeport/WhiteRock,15251942,5524,5,-267
2026-08-04T00:01:02.966307+00:00,1785801659,6715,351 Bridgeport/WhiteRock,15251942,5525,6,-272
2026-08-04T00:01:02.966307+00:00,1785801659,6715,351 Bridgeport/WhiteRock,15251942,10443,7,-259
2026-08-04T00:01:02.966307+00:00,1785801659,6715,351 Bridgeport/WhiteRock,15251942,5528,8,-227
2026-08-04T00:01:02.966307+00:00,1785801659,6715,351 Bridgeport/WhiteRock,15251942,5529,9,-228
2026-08-04T00:01:02.966307+00:00,1785801659,6715,351 Bridgeport/WhiteRock,15251942,5530,10,-218
2026-08-04T00:01:02.966307+00:00,1785801659,6715,351 Bridgeport/WhiteRock,15251942,5533,11,-194
2026-08-04T00:01:02.966307+00:00,1785801659,6715,351 Bridgeport/WhiteRock,15251942,5534,12,-189
2026-08-04T00:01:02.966307+00:00,1785801659,6715,351 Bridgeport/WhiteRock,15251942,5535,13,-158
2026-08-04T00:01:02.966307+00:00,1785801659,6715,351 Bridgeport/WhiteRock,15251942,5536,14,-155
2026-08-04T00:01:02.966307+00:00,1785801659,6715,351 Bridgeport/WhiteRock,15251942,5537,15,-124
2026-08-04T00:01:02.966307+00:00,1785801659,6715,351 Bridgeport/WhiteRock,15251942,5538,16,-114
2026-08-04T00:01:02.966307+00:00,1785801659,6715,351 Bridgeport/WhiteRock,15251942,5541,17,-68
2026-08-04T00:01:02.966307+00:00,1785801659,6715,351 Bridgeport/WhiteRock,15251942,5542,18,-42
2026-08-04T00:01:02.966307+00:00,1785801659,6715,351 Bridgeport/WhiteRock,15251942,6340,19,10
2026-08-04T00:01:02.966307+00:00,1785801659,6715,351 Bridgeport/WhiteRock,15251942,6341,20,38
2026-08-04T00:01:02.966307+00:00,1785801659,6715,351 Bridgeport/WhiteRock,15251942,6167,21,59
2026-08-04T00:01:02.966307+00:00,1785801659,6715,351 Bridgeport/WhiteRock,15251943,6341,20,-215
2026-08-04T00:01:02.966307+00:00,1785801659,6715,351 Bridgeport/WhiteRock,15251943,6167,21,-195
2026-08-04T00:01:02.966307+00:00,1785801659,6715,351 Bridgeport/WhiteRock,15251968,11267,1,0
2026-08-04T00:01:02.966307+00:00,1785801659,6715,351 Bridgeport/WhiteRock,15251968,4929,3,0
2026-08-04T00:01:02.966307+00:00,1785801659,6715,351 Bridgeport/WhiteRock,15251968,6175,4,-386
2026-08-04T00:01:02.966307+00:00,1785801659,6715,351 Bridgeport/WhiteRock,15251968,5524,5,-322
2026-08-04T00:01:02.966307+00:00,1785801659,6715,351 Bridgeport/WhiteRock,15251968,5525,6,-328
2026-08-04T00:01:02.966307+00:00,1785801659,6715,351 Bridgeport/WhiteRock,15251968,10443,7,-314
2026-08-04T00:01:02.966307+00:00,1785801659,6715,351 Bridgeport/WhiteRock,15251968,5528,8,-279
2026-08-04T00:01:02.966307+00:00,1785801659,6715,351 Bridgeport/WhiteRock,15251968,5529,9,-279
2026-08-04T00:01:02.966307+00:00,1785801659,6715,351 Bridgeport/WhiteRock,15251968,5530,10,-268
2026-08-04T00:01:02.966307+00:00,1785801659,6715,351 Bridgeport/WhiteRock,15251968,5533,11,-242
2026-08-04T00:01:02.966307+00:00,1785801659,6715,351 Bridgeport/WhiteRock,15251968,5534,12,-237
2026-08-04T00:01:02.966307+00:00,1785801659,6715,351 Bridgeport/WhiteRock,15251968,5535,13,-216
2026-08-04T00:01:02.966307+00:00,1785801659,6715,351 Bridgeport/WhiteRock,15251968,5536,14,-211
2026-08-04T00:01:02.966307+00:00,1785801659,6715,351 Bridgeport/WhiteRock,15251968,5537,15,-183
2026-08-04T00:01:02.966307+00:00,1785801659,6715,351 Bridgeport/WhiteRock,15251968,5538,16,-174
2026-08-04T00:01:02.966307+00:00,1785801659,6715,351 Bridgeport/WhiteRock,15251968,5541,17,-125
2026-08-04T00:01:02.966307+00:00,1785801659,6715,351 Bridgeport/WhiteRock,15251968,5542,18,-101
2026-08-04T00:01:02.966307+00:00,1785801659,6715,351 Bridgeport/WhiteRock,15251968,6340,19,-50
2026-08-04T00:01:02.966307+00:00,1785801659,6715,351 Bridgeport/WhiteRock,15251968,6341,20,-25
2026-08-04T00:01:02.966307+00:00,1785801659,6715,351 Bridgeport/WhiteRock,15251968,6167,21,-7
2026-08-04T00:01:02.966307+00:00,1785801659,6715,351 Bridgeport/WhiteRock,15251969,6175,4,-520
2026-08-04T00:01:02.966307+00:00,1785801659,6715,351 Bridgeport/WhiteRock,15251969,5524,5,-453
2026-08-04T00:01:02.966307+00:00,1785801659,6715,351 Bridgeport/WhiteRock,15251969,5525,6,-457
2026-08-04T00:01:02.966307+00:00,1785801659,6715,351 Bridgeport/WhiteRock,15251969,10443,7,-443
2026-08-04T00:01:02.966307+00:00,1785801659,6715,351 Bridgeport/WhiteRock,15251969,5528,8,-408
2026-08-04T00:01:02.966307+00:00,1785801659,6715,351 Bridgeport/WhiteRock,15251969,5529,9,-408
2026-08-04T00:01:02.966307+00:00,1785801659,6715,351 Bridgeport/WhiteRock,15251969,5530,10,-398
2026-08-04T00:01:02.966307+00:00,1785801659,6715,351 Bridgeport/WhiteRock,15251969,5533,11,-376
2026-08-04T00:01:02.966307+00:00,1785801659,6715,351 Bridgeport/WhiteRock,15251969,5534,12,-371
2026-08-04T00:01:02.966307+00:00,1785801659,6715,351 Bridgeport/WhiteRock,15251969,5535,13,-348
2026-08-04T00:01:02.966307+00:00,1785801659,6715,351 Bridgeport/WhiteRock,15251969,5536,14,-346
2026-08-04T00:01:02.966307+00:00,1785801659,6715,351 Bridgeport/WhiteRock,15251969,5537,15,-317
2026-08-04T00:01:02.966307+00:00,1785801659,6715,351 Bridgeport/WhiteRock,15251969,5538,16,-308
2026-08-04T00:01:02.966307+00:00,1785801659,6715,351 Bridgeport/WhiteRock,15251969,5541,17,-265
2026-08-04T00:01:02.966307+00:00,1785801659,6715,351 Bridgeport/WhiteRock,15251969,5542,18,-240
2026-08-04T00:01:02.966307+00:00,1785801659,6715,351 Bridgeport/WhiteRock,15251969,6340,19,-190
2026-08-04T00:01:02.966307+00:00,1785801659,6715,351 Bridgeport/WhiteRock,15251969,6341,20,-162
2026-08-04T00:01:02.966307+00:00,1785801659,6715,351 Bridgeport/WhiteRock,15251969,6167,21,-134
2026-08-04T00:01:02.966307+00:00,1785801659,11692,364 Langley Centre/Scottsdale,15252850,10253,34,-191
2026-08-04T00:01:02.966307+00:00,1785801659,11692,364 Langley Centre/Scottsdale,15252850,10255,35,-208
2026-08-04T00:01:02.966307+00:00,1785801659,11692,364 Langley Centre/Scottsdale,15252850,5332,36,-136
2026-08-04T00:01:02.966307+00:00,1785801659,11692,364 Langley Centre/Scottsdale,15252850,12497,37,-154
2026-08-04T00:01:02.966307+00:00,1785801659,11692,364 Langley Centre/Scottsdale,15252850,5334,38,-162
2026-08-04T00:01:02.966307+00:00,1785801659,11692,364 Langley Centre/Scottsdale,15252850,6472,39,-154
2026-08-04T00:01:02.966307+00:00,1785801659,11692,364 Langley Centre/Scottsdale,15252850,6473,40,-152
2026-08-04T00:01:02.966307+00:00,1785801659,11692,364 Langley Centre/Scottsdale,15252850,6474,41,-151
2026-08-04T00:01:02.966307+00:00,1785801659,11692,364 Langley Centre/Scottsdale,15252850,9306,42,-94
2026-08-04T00:01:02.966307+00:00,1785801659,11692,364 Langley Centre/Scottsdale,15252850,11125,43,-93
2026-08-04T00:01:02.966307+00:00,1785801659,11692,364 Langley Centre/Scottsdale,15252850,9294,44,-79
2026-08-04T00:01:02.966307+00:00,1785801659,11692,364 Langley Centre/Scottsdale,15252850,9293,45,-83
2026-08-04T00:01:02.966307+00:00,1785801659,11692,364 Langley Centre/Scottsdale,15252850,11126,46,-73
2026-08-04T00:01:02.966307+00:00,1785801659,11692,364 Langley Centre/Scottsdale,15252850,7094,47,-67
2026-08-04T00:01:02.966307+00:00,1785801659,11692,364 Langley Centre/Scottsdale,15252851,5244,1,0
2026-08-04T00:01:02.966307+00:00,1785801659,11692,364 Langley Centre/Scottsdale,15252851,11074,14,-1005
2026-08-04T00:01:02.966307+00:00,1785801659,11692,364 Langley Centre/Scottsdale,15252851,11153,15,-1032
2026-08-04T00:01:02.966307+00:00,1785801659,11692,364 Langley Centre/Scottsdale,15252851,11150,16,-1069
2026-08-04T00:01:02.966307+00:00,1785801659,11692,364 Langley Centre/Scottsdale,15252851,11148,17,-1089
2026-08-04T00:01:02.966307+00:00,1785801659,11692,364 Langley Centre/Scottsdale,15252851,11124,18,-1071
2026-08-04T00:01:02.966307+00:00,1785801659,11692,364 Langley Centre/Scottsdale,15252851,11140,19,-1108
2026-08-04T00:01:02.966307+00:00,1785801659,11692,364 Langley Centre/Scottsdale,15252851,11145,20,-1109
2026-08-04T00:01:02.966307+00:00,1785801659,11692,364 Langley Centre/Scottsdale,15252851,11076,21,0
2026-08-04T00:01:02.966307+00:00,1785801659,11692,364 Langley Centre/Scottsdale,15252851,12645,22,-185
2026-08-04T00:01:02.966307+00:00,1785801659,11692,364 Langley Centre/Scottsdale,15252851,9525,23,-181
2026-08-04T00:01:02.966307+00:00,1785801659,11692,364 Langley Centre/Scottsdale,15252851,10148,24,-151
2026-08-04T00:01:02.966307+00:00,1785801659,11692,364 Langley Centre/Scottsdale,15252851,10585,25,-169
2026-08-04T00:01:02.966307+00:00,1785801659,11692,364 Langley Centre/Scottsdale,15252851,10250,26,-173
2026-08-04T00:01:02.966307+00:00,1785801659,11692,364 Langley Centre/Scottsdale,15252851,10588,27,-179
2026-08-04T00:01:02.966307+00:00,1785801659,11692,364 Langley Centre/Scottsdale,15252851,10248,28,-112
2026-08-04T00:01:02.966307+00:00,1785801659,11692,364 Langley Centre/Scottsdale,15252851,10726,29,-107
2026-08-04T00:01:02.966307+00:00,1785801659,11692,364 Langley Centre/Scottsdale,15252851,10725,30,-119
2026-08-04T00:01:02.966307+00:00,1785801659,11692,364 Langley Centre/Scottsdale,15252851,10727,31,-133
2026-08-04T00:01:02.966307+00:00,1785801659,11692,364 Langley Centre/Scottsdale,15252851,10251,32,-136
2026-08-04T00:01:02.966307+00:00,1785801659,11692,364 Langley Centre/Scottsdale,15252851,10252,33,-155
2026-08-04T00:01:02.966307+00:00,1785801659,11692,364 Langley Centre/Scottsdale,15252851,10253,34,-163
2026-08-04T00:01:02.966307+00:00,1785801659,11692,364 Langley Centre/Scottsdale,15252851,10255,35,-177
2026-08-04T00:01:02.966307+00:00,1785801659,11692,364 Langley Centre/Scottsdale,15252851,5332,36,-106
2026-08-04T00:01:02.966307+00:00,1785801659,11692,364 Langley Centre/Scottsdale,15252851,12497,37,-127
2026-08-04T00:01:02.966307+00:00,1785801659,11692,364 Langley Centre/Scottsdale,15252851,5334,38,-133
2026-08-04T00:01:02.966307+00:00,1785801659,11692,364 Langley Centre/Scottsdale,15252851,6472,39,-124
2026-08-04T00:01:02.966307+00:00,1785801659,11692,364 Langley Centre/Scottsdale,15252851,6473,40,-128
2026-08-04T00:01:02.966307+00:00,1785801659,11692,364 Langley Centre/Scottsdale,15252851,6474,41,-135
2026-08-04T00:01:02.966307+00:00,1785801659,11692,364 Langley Centre/Scottsdale,15252851,9306,42,-78
2026-08-04T00:01:02.966307+00:00,1785801659,11692,364 Langley Centre/Scottsdale,15252851,11125,43,-92
2026-08-04T00:01:02.966307+00:00,1785801659,11692,364 Langley Centre/Scottsdale,15252851,9294,44,-74
2026-08-04T00:01:02.966307+00:00,1785801659,11692,364 Langley Centre/Scottsdale,15252851,9293,45,-82
2026-08-04T00:01:02.966307+00:00,1785801659,11692,364 Langley Centre/Scottsdale,15252851,11126,46,-72
2026-08-04T00:01:02.966307+00:00,1785801659,11692,364 Langley Centre/Scottsdale,15252851,7094,47,-59
2026-08-04T00:01:02.966307+00:00,1785801659,11692,364 Langley Centre/Scottsdale,15252852,5244,1,0
2026-08-04T00:01:02.966307+00:00,1785801659,11692,364 Langley Centre/Scottsdale,15252852,4846,2,0
2026-08-04T00:01:02.966307+00:00,1785801659,11692,364 Langley Centre/Scottsdale,15252852,4918,3,0
2026-08-04T00:01:02.966307+00:00,1785801659,11692,364 Langley Centre/Scottsdale,15252852,4919,4,0
2026-08-04T00:01:02.966307+00:00,1785801659,11692,364 Langley Centre/Scottsdale,15252852,4921,5,0
2026-08-04T00:01:02.966307+00:00,1785801659,11692,364 Langley Centre/Scottsdale,15252852,11121,6,0
2026-08-04T00:01:02.966307+00:00,1785801659,11692,364 Langley Centre/Scottsdale,15252852,11142,7,0
2026-08-04T00:01:02.966307+00:00,1785801659,11692,364 Langley Centre/Scottsdale,15252852,11139,8,0
2026-08-04T00:01:02.966307+00:00,1785801659,11692,364 Langley Centre/Scottsdale,15252852,11156,9,0
2026-08-04T00:01:02.966307+00:00,1785801659,11692,364 Langley Centre/Scottsdale,15252852,5583,10,0
2026-08-04T00:01:02.966307+00:00,1785801659,11692,364 Langley Centre/Scottsdale,15252852,5584,11,0
2026-08-04T00:01:02.966307+00:00,1785801659,11692,364 Langley Centre/Scottsdale,15252852,6464,12,0
2026-08-04T00:01:02.966307+00:00,1785801659,11692,364 Langley Centre/Scottsdale,15252852,6465,13,0
2026-08-04T00:01:02.966307+00:00,1785801659,11692,364 Langley Centre/Scottsdale,15252852,11074,14,0
2026-08-04T00:01:02.966307+00:00,1785801659,11692,364 Langley Centre/Scottsdale,15252852,11153,15,0
2026-08-04T00:01:02.966307+00:00,1785801659,11692,364 Langley Centre/Scottsdale,15252852,11150,16,0
2026-08-04T00:01:02.966307+00:00,1785801659,11692,364 Langley Centre/Scottsdale,15252852,11148,17,0
2026-08-04T00:01:02.966307+00:00,1785801659,11692,364 Langley Centre/Scottsdale,15252852,11124,18,0
2026-08-04T00:01:02.966307+00:00,1785801659,11692,364 Langley Centre/Scottsdale,15252852,11140,19,0
2026-08-04T00:01:02.966307+00:00,1785801659,11692,364 Langley Centre/Scottsdale,15252852,11145,20,0
2026-08-04T00:01:02.966307+00:00,1785801659,11692,364 Langley Centre/Scottsdale,15252852,11076,21,0
2026-08-04T00:01:02.966307+00:00,1785801659,11692,364 Langley Centre/Scottsdale,15252852,12645,22,0
2026-08-04T00:01:02.966307+00:00,1785801659,11692,364 Langley Centre/Scottsdale,15252852,9525,23,0
2026-08-04T00:01:02.966307+00:00,1785801659,11692,364 Langley Centre/Scottsdale,15252852,10148,24,0
2026-08-04T00:01:02.966307+00:00,1785801659,11692,364 Langley Centre/Scottsdale,15252852,10585,25,0
2026-08-04T00:01:02.966307+00:00,1785801659,11692,364 Langley Centre/Scottsdale,15252852,10250,26,0
2026-08-04T00:01:02.966307+00:00,1785801659,11692,364 Langley Centre/Scottsdale,15252852,10588,27,0
2026-08-04T00:01:02.966307+00:00,1785801659,11692,364 Langley Centre/Scottsdale,15252852,10248,28,0
2026-08-04T00:01:02.966307+00:00,1785801659,11692,364 Langley Centre/Scottsdale,15252852,10726,29,0
2026-08-04T00:01:02.966307+00:00,1785801659,11692,364 Langley Centre/Scottsdale,15252852,10725,30,0
2026-08-04T00:01:02.966307+00:00,1785801659,11692,364 Langley Centre/Scottsdale,15252852,10727,31,0
2026-08-04T00:01:02.966307+00:00,1785801659,11692,364 Langley Centre/Scottsdale,15252852,10251,32,0
2026-08-04T00:01:02.966307+00:00,1785801659,11692,364 Langley Centre/Scottsdale,15252852,10252,33,0
2026-08-04T00:01:02.966307+00:00,1785801659,11692,364 Langley Centre/Scottsdale,15252852,10253,34,0
2026-08-04T00:01:02.966307+00:00,1785801659,11692,364 Langley Centre/Scottsdale,15252852,10255,35,0
2026-08-04T00:01:02.966307+00:00,1785801659,11692,364 Langley Centre/Scottsdale,15252852,5332,36,0
2026-08-04T00:01:02.966307+00:00,1785801659,11692,364 Langley Centre/Scottsdale,15252852,12497,37,0
2026-08-04T00:01:02.966307+00:00,1785801659,11692,364 Langley Centre/Scottsdale,15252852,5334,38,0
2026-08-04T00:01:02.966307+00:00,1785801659,11692,364 Langley Centre/Scottsdale,15252852,6472,39,0
2026-08-04T00:01:02.966307+00:00,1785801659,11692,364 Langley Centre/Scottsdale,15252852,6473,40,0
2026-08-04T00:01:02.966307+00:00,1785801659,11692,364 Langley Centre/Scottsdale,15252852,6474,41,0
2026-08-04T00:01:02.966307+00:00,1785801659,11692,364 Langley Centre/Scottsdale,15252852,9306,42,0
2026-08-04T00:01:02.966307+00:00,1785801659,11692,364 Langley Centre/Scottsdale,15252852,11125,43,0
2026-08-04T00:01:02.966307+00:00,1785801659,11692,364 Langley Centre/Scottsdale,15252852,9294,44,0
2026-08-04T00:01:02.966307+00:00,1785801659,11692,364 Langley Centre/Scottsdale,15252852,9293,45,0
2026-08-04T00:01:02.966307+00:00,1785801659,11692,364 Langley Centre/Scottsdale,15252852,11126,46,0
2026-08-04T00:01:02.966307+00:00,1785801659,11692,364 Langley Centre/Scottsdale,15252852,7094,47,0
2026-08-04T00:01:02.966307+00:00,1785801659,11692,364 Langley Centre/Scottsdale,15252878,11150,16,55
2026-08-04T00:01:02.966307+00:00,1785801659,11692,364 Langley Centre/Scottsdale,15252878,11148,17,36
2026-08-04T00:01:02.966307+00:00,1785801659,11692,364 Langley Centre/Scottsdale,15252878,11124,18,57
2026-08-04T00:01:02.966307+00:00,1785801659,11692,364 Langley Centre/Scottsdale,15252878,11140,19,22
2026-08-04T00:01:02.966307+00:00,1785801659,11692,364 Langley Centre/Scottsdale,15252878,11145,20,23
2026-08-04T00:01:02.966307+00:00,1785801659,11692,364 Langley Centre/Scottsdale,15252878,11076,21,0
2026-08-04T00:01:02.966307+00:00,1785801659,11692,364 Langley Centre/Scottsdale,15252878,12645,22,-197
2026-08-04T00:01:02.966307+00:00,1785801659,11692,364 Langley Centre/Scottsdale,15252878,9525,23,-193
2026-08-04T00:01:02.966307+00:00,1785801659,11692,364 Langley Centre/Scottsdale,15252878,10148,24,-165
2026-08-04T00:01:02.966307+00:00,1785801659,11692,364 Langley Centre/Scottsdale,15252878,10585,25,-185
2026-08-04T00:01:02.966307+00:00,1785801659,11692,364 Langley Centre/Scottsdale,15252878,10250,26,-192
2026-08-04T00:01:02.966307+00:00,1785801659,11692,364 Langley Centre/Scottsdale,15252878,10588,27,-199
2026-08-04T00:01:02.966307+00:00,1785801659,11692,364 Langley Centre/Scottsdale,15252878,10248,28,-136
2026-08-04T00:01:02.966307+00:00,1785801659,11692,364 Langley Centre/Scottsdale,15252878,10726,29,-127
2026-08-04T00:01:02.966307+00:00,1785801659,11692,364 Langley Centre/Scottsdale,15252878,10725,30,-139
2026-08-04T00:01:02.966307+00:00,1785801659,11692,364 Langley Centre/Scottsdale,15252878,10727,31,-153
2026-08-04T00:01:02.966307+00:00,1785801659,11692,364 Langley Centre/Scottsdale,15252878,10251,32,-157
2026-08-04T00:01:02.966307+00:00,1785801659,11692,364 Langley Centre/Scottsdale,15252878,10252,33,-177
2026-08-04T00:01:02.966307+00:00,1785801659,11692,364 Langley Centre/Scottsdale,15252878,10253,34,-185
2026-08-04T00:01:02.966307+00:00,1785801659,11692,364 Langley Centre/Scottsdale,15252878,10255,35,-202
2026-08-04T00:01:02.966307+00:00,1785801659,11692,364 Langley Centre/Scottsdale,15252878,5332,36,-130
2026-08-04T00:01:02.966307+00:00,1785801659,11692,364 Langley Centre/Scottsdale,15252878,12497,37,-149
2026-08-04T00:01:02.966307+00:00,1785801659,11692,364 Langley Centre/Scottsdale,15252878,5334,38,-158
2026-08-04T00:01:02.966307+00:00,1785801659,11692,364 Langley Centre/Scottsdale,15252878,6472,39,-150
2026-08-04T00:01:02.966307+00:00,1785801659,11692,364 Langley Centre/Scottsdale,15252878,6473,40,-149
2026-08-04T00:01:02.966307+00:00,1785801659,11692,364 Langley Centre/Scottsdale,15252878,6474,41,-157
2026-08-04T00:01:02.966307+00:00,1785801659,11692,364 Langley Centre/Scottsdale,15252878,9306,42,-101
2026-08-04T00:01:02.966307+00:00,1785801659,11692,364 Langley Centre/Scottsdale,15252878,11125,43,-109
2026-08-04T00:01:02.966307+00:00,1785801659,11692,364 Langley Centre/Scottsdale,15252878,9294,44,-105
2026-08-04T00:01:02.966307+00:00,1785801659,11692,364 Langley Centre/Scottsdale,15252878,9293,45,-114
2026-08-04T00:01:02.966307+00:00,1785801659,11692,364 Langley Centre/Scottsdale,15252878,11126,46,-100
2026-08-04T00:01:02.966307+00:00,1785801659,11692,364 Langley Centre/Scottsdale,15252878,7094,47,-94
2026-08-04T00:01:02.966307+00:00,1785801659,11692,364 Langley Centre/Scottsdale,15252902,6459,36,-18
2026-08-04T00:01:02.966307+00:00,1785801659,11692,364 Langley Centre/Scottsdale,15252902,6460,37,-17
2026-08-04T00:01:02.966307+00:00,1785801659,11692,364 Langley Centre/Scottsdale,15252902,5621,38,-5
2026-08-04T00:01:02.966307+00:00,1785801659,11692,364 Langley Centre/Scottsdale,15252902,5622,39,-19
2026-08-04T00:01:02.966307+00:00,1785801659,11692,364 Langley Centre/Scottsdale,15252902,11122,40,25
2026-08-04T00:01:02.966307+00:00,1785801659,11692,364 Langley Centre/Scottsdale,15252902,11155,41,22
2026-08-04T00:01:02.966307+00:00,1785801659,11692,364 Langley Centre/Scottsdale,15252902,11143,42,25
2026-08-04T00:01:02.966307+00:00,1785801659,11692,364 Langley Centre/Scottsdale,15252902,11141,43,4
2026-08-04T00:01:02.966307+00:00,1785801659,11692,364 Langley Centre/Scottsdale,15252902,4936,44,27
2026-08-04T00:01:02.966307+00:00,1785801659,11692,364 Langley Centre/Scottsdale,15252902,4937,45,15
2026-08-04T00:01:02.966307+00:00,1785801659,11692,364 Langley Centre/Scottsdale,15252902,4938,46,-3
2026-08-04T00:01:02.966307+00:00,1785801659,11692,364 Langley Centre/Scottsdale,15252902,5229,47,12
2026-08-04T00:01:02.966307+00:00,1785801659,11692,364 Langley Centre/Scottsdale,15252902,4917,48,89
2026-08-04T00:01:02.966307+00:00,1785801659,11692,364 Langley Centre/Scottsdale,15252903,9291,4,-115
2026-08-04T00:01:02.966307+00:00,1785801659,11692,364 Langley Centre/Scottsdale,15252903,9292,5,-128
2026-08-04T00:01:02.966307+00:00,1785801659,11692,364 Langley Centre/Scottsdale,15252903,11264,6,-112
2026-08-04T00:01:02.966307+00:00,1785801659,11692,364 Langley Centre/Scottsdale,15252903,9303,7,-102
2026-08-04T00:01:02.966307+00:00,1785801659,11692,364 Langley Centre/Scottsdale,15252903,9304,8,-115
2026-08-04T00:01:02.966307+00:00,1785801659,11692,364 Langley Centre/Scottsdale,15252903,6475,9,-90
2026-08-04T00:01:02.966307+00:00,1785801659,11692,364 Langley Centre/Scottsdale,15252903,6476,10,-111
2026-08-04T00:01:02.966307+00:00,1785801659,11692,364 Langley Centre/Scottsdale,15252903,5381,11,-122
2026-08-04T00:01:02.966307+00:00,1785801659,11692,364 Langley Centre/Scottsdale,15252903,12496,12,-125
2026-08-04T00:01:02.966307+00:00,1785801659,11692,364 Langley Centre/Scottsdale,15252903,5382,13,-141
2026-08-04T00:01:02.966307+00:00,1785801659,11692,364 Langley Centre/Scottsdale,15252903,12516,14,54
2026-08-04T00:01:02.966307+00:00,1785801659,11692,364 Langley Centre/Scottsdale,15252903,10257,15,15
2026-08-04T00:01:02.966307+00:00,1785801659,11692,364 Langley Centre/Scottsdale,15252903,10258,16,5
2026-08-04T00:01:02.966307+00:00,1785801659,11692,364 Langley Centre/Scottsdale,15252903,10259,17,-36
2026-08-04T00:01:02.966307+00:00,1785801659,11692,364 Langley Centre/Scottsdale,15252903,10260,18,0
2026-08-04T00:01:02.966307+00:00,1785801659,11692,364 Langley Centre/Scottsdale,15252903,10729,19,-38
2026-08-04T00:01:02.966307+00:00,1785801659,11692,364 Langley Centre/Scottsdale,15252903,13067,20,-54
2026-08-04T00:01:02.966307+00:00,1785801659,11692,364 Langley Centre/Scottsdale,15252903,10633,21,-61
2026-08-04T00:01:02.966307+00:00,1785801659,11692,364 Langley Centre/Scottsdale,15252903,10149,22,45
2026-08-04T00:01:02.966307+00:00,1785801659,11692,364 Langley Centre/Scottsdale,15252903,10587,23,31
2026-08-04T00:01:02.966307+00:00,1785801659,11692,364 Langley Centre/Scottsdale,15252903,10261,24,11
2026-08-04T00:01:02.966307+00:00,1785801659,11692,364 Langley Centre/Scottsdale,15252903,10586,25,-19
2026-08-04T00:01:02.966307+00:00,1785801659,11692,364 Langley Centre/Scottsdale,15252903,9547,26,20
2026-08-04T00:01:02.966307+00:00,1785801659,11692,364 Langley Centre/Scottsdale,15252903,9526,27,1
2026-08-04T00:01:02.966307+00:00,1785801659,11692,364 Langley Centre/Scottsdale,15252903,12646,28,-9
2026-08-04T00:01:02.966307+00:00,1785801659,11692,364 Langley Centre/Scottsdale,15252903,11075,29,-2
2026-08-04T00:01:02.966307+00:00,1785801659,11692,364 Langley Centre/Scottsdale,15252903,11174,30,-10
2026-08-04T00:01:02.966307+00:00,1785801659,11692,364 Langley Centre/Scottsdale,15252903,11175,31,-30
2026-08-04T00:01:02.966307+00:00,1785801659,11692,364 Langley Centre/Scottsdale,15252903,11123,32,30
2026-08-04T00:01:02.966307+00:00,1785801659,11692,364 Langley Centre/Scottsdale,15252903,11176,33,39
2026-08-04T00:01:02.966307+00:00,1785801659,11692,364 Langley Centre/Scottsdale,15252903,11177,34,22
2026-08-04T00:01:02.966307+00:00,1785801659,11692,364 Langley Centre/Scottsdale,15252903,11178,35,2
2026-08-04T00:01:02.966307+00:00,1785801659,11692,364 Langley Centre/Scottsdale,15252903,6459,36,107
2026-08-04T00:01:02.966307+00:00,1785801659,11692,364 Langley Centre/Scottsdale,15252903,6460,37,107
2026-08-04T00:01:02.966307+00:00,1785801659,11692,364 Langley Centre/Scottsdale,15252903,5621,38,119
2026-08-04T00:01:02.966307+00:00,1785801659,11692,364 Langley Centre/Scottsdale,15252903,5622,39,105
2026-08-04T00:01:02.966307+00:00,1785801659,11692,364 Langley Centre/Scottsdale,15252903,11122,40,149
2026-08-04T00:01:02.966307+00:00,1785801659,11692,364 Langley Centre/Scottsdale,15252903,11155,41,145
2026-08-04T00:01:02.966307+00:00,1785801659,11692,364 Langley Centre/Scottsdale,15252903,11143,42,147
2026-08-04T00:01:02.966307+00:00,1785801659,11692,364 Langley Centre/Scottsdale,15252903,11141,43,125
2026-08-04T00:01:02.966307+00:00,1785801659,11692,364 Langley Centre/Scottsdale,15252903,4936,44,146
2026-08-04T00:01:02.966307+00:00,1785801659,11692,364 Langley Centre/Scottsdale,15252903,4937,45,133
2026-08-04T00:01:02.966307+00:00,1785801659,11692,364 Langley Centre/Scottsdale,15252903,4938,46,115
2026-08-04T00:01:02.966307+00:00,1785801659,11692,364 Langley Centre/Scottsdale,15252903,5229,47,125
2026-08-04T00:01:02.966307+00:00,1785801659,11692,364 Langley Centre/Scottsdale,15252903,4917,48,200
2026-08-04T00:01:02.966307+00:00,1785801659,11692,364 Langley Centre/Scottsdale,15252904,7166,1,0
2026-08-04T00:01:02.966307+00:00,1785801659,11692,364 Langley Centre/Scottsdale,15252904,7096,2,-1310
2026-08-04T00:01:02.966307+00:00,1785801659,11692,364 Langley Centre/Scottsdale,15252904,7093,3,-1301
2026-08-04T00:01:02.966307+00:00,1785801659,11692,364 Langley Centre/Scottsdale,15252904,9291,4,-1389
2026-08-04T00:01:02.966307+00:00,1785801659,11692,364 Langley Centre/Scottsdale,15252904,9292,5,-1400
2026-08-04T00:01:02.966307+00:00,1785801659,11692,364 Langley Centre/Scottsdale,15252904,11264,6,-1390
2026-08-04T00:01:02.966307+00:00,1785801659,11692,364 Langley Centre/Scottsdale,15252904,9303,7,-1392
2026-08-04T00:01:02.966307+00:00,1785801659,11692,364 Langley Centre/Scottsdale,15252904,9304,8,-1403
2026-08-04T00:01:02.966307+00:00,1785801659,11692,364 Langley Centre/Scottsdale,15252904,6475,9,-1369
2026-08-04T00:01:02.966307+00:00,1785801659,11692,364 Langley Centre/Scottsdale,15252904,6476,10,-1387
2026-08-04T00:01:02.966307+00:00,1785801659,11692,364 Langley Centre/Scottsdale,15252904,5381,11,-1398
2026-08-04T00:01:02.966307+00:00,1785801659,11692,364 Langley Centre/Scottsdale,15252904,12496,12,-1401
2026-08-04T00:01:02.966307+00:00,1785801659,11692,364 Langley Centre/Scottsdale,15252904,5382,13,-1416
2026-08-04T00:01:02.966307+00:00,1785801659,11692,364 Langley Centre/Scottsdale,15252904,12516,14,-1221
2026-08-04T00:01:02.966307+00:00,1785801659,11692,364 Langley Centre/Scottsdale,15252904,10257,15,-1260
2026-08-04T00:01:02.966307+00:00,1785801659,11692,364 Langley Centre/Scottsdale,15252904,10258,16,-1270
2026-08-04T00:01:02.966307+00:00,1785801659,11692,364 Langley Centre/Scottsdale,15252904,10259,17,-1312
2026-08-04T00:01:02.966307+00:00,1785801659,11692,364 Langley Centre/Scottsdale,15252904,10260,18,0
2026-08-04T00:01:02.966307+00:00,1785801659,11692,364 Langley Centre/Scottsdale,15252904,10729,19,-38
2026-08-04T00:01:02.966307+00:00,1785801659,11692,364 Langley Centre/Scottsdale,15252904,13067,20,-54
2026-08-04T00:01:02.966307+00:00,1785801659,11692,364 Langley Centre/Scottsdale,15252904,10633,21,-60
2026-08-04T00:01:02.966307+00:00,1785801659,11692,364 Langley Centre/Scottsdale,15252904,10149,22,46
2026-08-04T00:01:02.966307+00:00,1785801659,11692,364 Langley Centre/Scottsdale,15252904,10587,23,33
2026-08-04T00:01:02.966307+00:00,1785801659,11692,364 Langley Centre/Scottsdale,15252904,10261,24,7
2026-08-04T00:01:02.966307+00:00,1785801659,11692,364 Langley Centre/Scottsdale,15252904,10586,25,-23
2026-08-04T00:01:02.966307+00:00,1785801659,11692,364 Langley Centre/Scottsdale,15252904,9547,26,16
2026-08-04T00:01:02.966307+00:00,1785801659,11692,364 Langley Centre/Scottsdale,15252904,9526,27,-3
2026-08-04T00:01:02.966307+00:00,1785801659,11692,364 Langley Centre/Scottsdale,15252904,12646,28,-13
2026-08-04T00:01:02.966307+00:00,1785801659,11692,364 Langley Centre/Scottsdale,15252904,11075,29,-13
2026-08-04T00:01:02.966307+00:00,1785801659,11692,364 Langley Centre/Scottsdale,15252904,11174,30,-23
2026-08-04T00:01:02.966307+00:00,1785801659,11692,364 Langley Centre/Scottsdale,15252904,11175,31,-45
2026-08-04T00:01:02.966307+00:00,1785801659,11692,364 Langley Centre/Scottsdale,15252904,11123,32,-3
2026-08-04T00:01:02.966307+00:00,1785801659,11692,364 Langley Centre/Scottsdale,15252904,11176,33,5
2026-08-04T00:01:02.966307+00:00,1785801659,11692,364 Langley Centre/Scottsdale,15252904,11177,34,-14
2026-08-04T00:01:02.966307+00:00,1785801659,11692,364 Langley Centre/Scottsdale,15252904,11178,35,-35
2026-08-04T00:01:02.966307+00:00,1785801659,11692,364 Langley Centre/Scottsdale,15252904,6459,36,57
2026-08-04T00:01:02.966307+00:00,1785801659,11692,364 Langley Centre/Scottsdale,15252904,6460,37,58
2026-08-04T00:01:02.966307+00:00,1785801659,11692,364 Langley Centre/Scottsdale,15252904,5621,38,68
2026-08-04T00:01:02.966307+00:00,1785801659,11692,364 Langley Centre/Scottsdale,15252904,5622,39,54
2026-08-04T00:01:02.966307+00:00,1785801659,11692,364 Langley Centre/Scottsdale,15252904,11122,40,79
2026-08-04T00:01:02.966307+00:00,1785801659,11692,364 Langley Centre/Scottsdale,15252904,11155,41,76
2026-08-04T00:01:02.966307+00:00,1785801659,11692,364 Langley Centre/Scottsdale,15252904,11143,42,77
2026-08-04T00:01:02.966307+00:00,1785801659,11692,364 Langley Centre/Scottsdale,15252904,11141,43,55
2026-08-04T00:01:02.966307+00:00,1785801659,11692,364 Langley Centre/Scottsdale,15252904,4936,44,77
2026-08-04T00:01:02.966307+00:00,1785801659,11692,364 Langley Centre/Scottsdale,15252904,4937,45,70
2026-08-04T00:01:02.966307+00:00,1785801659,11692,364 Langley Centre/Scottsdale,15252904,4938,46,51
2026-08-04T00:01:02.966307+00:00,1785801659,11692,364 Langley Centre/Scottsdale,15252904,5229,47,63
2026-08-04T00:01:02.966307+00:00,1785801659,11692,364 Langley Centre/Scottsdale,15252904,4917,48,127
2026-08-04T00:01:02.966307+00:00,1785801659,11692,364 Langley Centre/Scottsdale,15252912,10149,22,-33
2026-08-04T00:01:02.966307+00:00,1785801659,11692,364 Langley Centre/Scottsdale,15252912,10587,23,-47
2026-08-04T00:01:02.966307+00:00,1785801659,11692,364 Langley Centre/Scottsdale,15252912,10261,24,-72
2026-08-04T00:01:02.966307+00:00,1785801659,11692,364 Langley Centre/Scottsdale,15252912,10586,25,-102
2026-08-04T00:01:02.966307+00:00,1785801659,11692,364 Langley Centre/Scottsdale,15252912,9547,26,-64
2026-08-04T00:01:02.966307+00:00,1785801659,11692,364 Langley Centre/Scottsdale,15252912,9526,27,-84
2026-08-04T00:01:02.966307+00:00,1785801659,11692,364 Langley Centre/Scottsdale,15252912,12646,28,-96
2026-08-04T00:01:02.966307+00:00,1785801659,11692,364 Langley Centre/Scottsdale,15252912,11075,29,-90
2026-08-04T00:01:02.966307+00:00,1785801659,11692,364 Langley Centre/Scottsdale,15252912,11174,30,-98
2026-08-04T00:01:02.966307+00:00,1785801659,11692,364 Langley Centre/Scottsdale,15252912,11175,31,-117
2026-08-04T00:01:02.966307+00:00,1785801659,11692,364 Langley Centre/Scottsdale,15252912,11123,32,-59
2026-08-04T00:01:02.966307+00:00,1785801659,11692,364 Langley Centre/Scottsdale,15252912,11176,33,-53
2026-08-04T00:01:02.966307+00:00,1785801659,11692,364 Langley Centre/Scottsdale,15252912,11177,34,-70
2026-08-04T00:01:02.966307+00:00,1785801659,11692,364 Langley Centre/Scottsdale,15252912,11178,35,-90
2026-08-04T00:01:02.966307+00:00,1785801659,11692,364 Langley Centre/Scottsdale,15252912,6459,36,15
2026-08-04T00:01:02.966307+00:00,1785801659,11692,364 Langley Centre/Scottsdale,15252912,6460,37,14
2026-08-04T00:01:02.966307+00:00,1785801659,11692,364 Langley Centre/Scottsdale,15252912,5621,38,26
2026-08-04T00:01:02.966307+00:00,1785801659,11692,364 Langley Centre/Scottsdale,15252912,5622,39,12
2026-08-04T00:01:02.966307+00:00,1785801659,11692,364 Langley Centre/Scottsdale,15252912,11122,40,56
2026-08-04T00:01:02.966307+00:00,1785801659,11692,364 Langley Centre/Scottsdale,15252912,11155,41,51
2026-08-04T00:01:02.966307+00:00,1785801659,11692,364 Langley Centre/Scottsdale,15252912,11143,42,54
2026-08-04T00:01:02.966307+00:00,1785801659,11692,364 Langley Centre/Scottsdale,15252912,11141,43,32
2026-08-04T00:01:02.966307+00:00,1785801659,11692,364 Langley Centre/Scottsdale,15252912,4936,44,54
2026-08-04T00:01:02.966307+00:00,1785801659,11692,364 Langley Centre/Scottsdale,15252912,4937,45,42
2026-08-04T00:01:02.966307+00:00,1785801659,11692,364 Langley Centre/Scottsdale,15252912,4938,46,25
2026-08-04T00:01:02.966307+00:00,1785801659,11692,364 Langley Centre/Scottsdale,15252912,5229,47,35
2026-08-04T00:01:02.966307+00:00,1785801659,11692,364 Langley Centre/Scottsdale,15252912,4917,48,112
2026-08-04T00:01:02.966307+00:00,1785801659,18705,531 WhiteRock/WillowBrook,15259325,9291,47,-285
2026-08-04T00:01:02.966307+00:00,1785801659,18705,531 WhiteRock/WillowBrook,15259325,9292,48,-282
2026-08-04T00:01:02.966307+00:00,1785801659,18705,531 WhiteRock/WillowBrook,15259325,11264,49,-247
2026-08-04T00:01:02.966307+00:00,1785801659,18705,531 WhiteRock/WillowBrook,15259325,9303,50,-231
2026-08-04T00:01:02.966307+00:00,1785801659,18705,531 WhiteRock/WillowBrook,15259325,9304,51,-233
2026-08-04T00:01:02.966307+00:00,1785801659,18705,531 WhiteRock/WillowBrook,15259325,6475,52,-193
2026-08-04T00:01:02.966307+00:00,1785801659,18705,531 WhiteRock/WillowBrook,15259325,6476,53,-195
2026-08-04T00:01:02.966307+00:00,1785801659,18705,531 WhiteRock/WillowBrook,15259325,5335,54,-186
2026-08-04T00:01:02.966307+00:00,1785801659,18705,531 WhiteRock/WillowBrook,15259325,7100,55,-150
2026-08-04T00:01:02.966307+00:00,1785801659,18705,531 WhiteRock/WillowBrook,15259326,11738,13,119
2026-08-04T00:01:02.966307+00:00,1785801659,18705,531 WhiteRock/WillowBrook,15259326,11743,14,98
2026-08-04T00:01:02.966307+00:00,1785801659,18705,531 WhiteRock/WillowBrook,15259326,12306,15,48
2026-08-04T00:01:02.966307+00:00,1785801659,18705,531 WhiteRock/WillowBrook,15259326,12218,16,9
2026-08-04T00:01:02.966307+00:00,1785801659,18705,531 WhiteRock/WillowBrook,15259326,11924,17,-47
2026-08-04T00:01:02.966307+00:00,1785801659,18705,531 WhiteRock/WillowBrook,15259326,13131,18,-78
2026-08-04T00:01:02.966307+00:00,1785801659,18705,531 WhiteRock/WillowBrook,15259326,11923,19,-99
2026-08-04T00:01:02.966307+00:00,1785801659,18705,531 WhiteRock/WillowBrook,15259326,12597,20,-156
2026-08-04T00:01:02.966307+00:00,1785801659,18705,531 WhiteRock/WillowBrook,15259326,11922,21,-167
2026-08-04T00:01:02.966307+00:00,1785801659,18705,531 WhiteRock/WillowBrook,15259326,11744,22,-150
2026-08-04T00:01:02.966307+00:00,1785801659,18705,531 WhiteRock/WillowBrook,15259326,11746,23,-160
2026-08-04T00:01:02.966307+00:00,1785801659,18705,531 WhiteRock/WillowBrook,15259326,11839,24,-156
2026-08-04T00:01:02.966307+00:00,1785801659,18705,531 WhiteRock/WillowBrook,15259326,12922,25,-165
2026-08-04T00:01:02.966307+00:00,1785801659,18705,531 WhiteRock/WillowBrook,15259326,12923,26,-186
2026-08-04T00:01:02.966307+00:00,1785801659,18705,531 WhiteRock/WillowBrook,15259326,12925,27,-177
2026-08-04T00:01:02.966307+00:00,1785801659,18705,531 WhiteRock/WillowBrook,15259326,12928,28,-195
2026-08-04T00:01:02.966307+00:00,1785801659,18705,531 WhiteRock/WillowBrook,15259326,12930,29,-207
2026-08-04T00:01:02.966307+00:00,1785801659,18705,531 WhiteRock/WillowBrook,15259326,13042,30,-216
2026-08-04T00:01:02.966307+00:00,1785801659,18705,531 WhiteRock/WillowBrook,15259326,8936,31,-196
2026-08-04T00:01:02.966307+00:00,1785801659,18705,531 WhiteRock/WillowBrook,15259326,9030,32,-205
2026-08-04T00:01:02.966307+00:00,1785801659,18705,531 WhiteRock/WillowBrook,15259326,8937,33,-222
2026-08-04T00:01:02.966307+00:00,1785801659,18705,531 WhiteRock/WillowBrook,15259326,8938,34,-222
2026-08-04T00:01:02.966307+00:00,1785801659,18705,531 WhiteRock/WillowBrook,15259326,7081,35,-221
2026-08-04T00:01:02.966307+00:00,1785801659,18705,531 WhiteRock/WillowBrook,15259326,7082,36,-227
2026-08-04T00:01:02.966307+00:00,1785801659,18705,531 WhiteRock/WillowBrook,15259326,7083,37,-249
2026-08-04T00:01:02.966307+00:00,1785801659,18705,531 WhiteRock/WillowBrook,15259326,7084,38,-263
2026-08-04T00:01:02.966307+00:00,1785801659,18705,531 WhiteRock/WillowBrook,15259326,7085,39,-290
2026-08-04T00:01:02.966307+00:00,1785801659,18705,531 WhiteRock/WillowBrook,15259326,8939,40,-299
2026-08-04T00:01:02.966307+00:00,1785801659,18705,531 WhiteRock/WillowBrook,15259326,7086,41,-309
2026-08-04T00:01:02.966307+00:00,1785801659,18705,531 WhiteRock/WillowBrook,15259326,8940,42,-323
2026-08-04T00:01:02.966307+00:00,1785801659,18705,531 WhiteRock/WillowBrook,15259326,5341,43,-329
2026-08-04T00:01:02.966307+00:00,1785801659,18705,531 WhiteRock/WillowBrook,15259326,5342,44,-321
2026-08-04T00:01:02.966307+00:00,1785801659,18705,531 WhiteRock/WillowBrook,15259326,12293,45,-303
2026-08-04T00:01:02.966307+00:00,1785801659,18705,531 WhiteRock/WillowBrook,15259326,12173,46,-222
2026-08-04T00:01:02.966307+00:00,1785801659,18705,531 WhiteRock/WillowBrook,15259326,9291,47,-215
2026-08-04T00:01:02.966307+00:00,1785801659,18705,531 WhiteRock/WillowBrook,15259326,9292,48,-212
2026-08-04T00:01:02.966307+00:00,1785801659,18705,531 WhiteRock/WillowBrook,15259326,11264,49,-186
2026-08-04T00:01:02.966307+00:00,1785801659,18705,531 WhiteRock/WillowBrook,15259326,9303,50,-167
2026-08-04T00:01:02.966307+00:00,1785801659,18705,531 WhiteRock/WillowBrook,15259326,9304,51,-169
2026-08-04T00:01:02.966307+00:00,1785801659,18705,531 WhiteRock/WillowBrook,15259326,6475,52,-121
2026-08-04T00:01:02.966307+00:00,1785801659,18705,531 WhiteRock/WillowBrook,15259326,6476,53,-121
2026-08-04T00:01:02.966307+00:00,1785801659,18705,531 WhiteRock/WillowBrook,15259326,5335,54,-107
2026-08-04T00:01:02.966307+00:00,1785801659,18705,531 WhiteRock/WillowBrook,15259326,7100,55,-67
2026-08-04T00:01:02.966307+00:00,1785801659,18705,531 WhiteRock/WillowBrook,15259351,12598,35,437
2026-08-04T00:01:02.966307+00:00,1785801659,18705,531 WhiteRock/WillowBrook,15259351,11920,36,317
2026-08-04T00:01:02.966307+00:00,1785801659,18705,531 WhiteRock/WillowBrook,15259351,13130,37,292
2026-08-04T00:01:02.966307+00:00,1785801659,18705,531 WhiteRock/WillowBrook,15259351,11925,38,270
2026-08-04T00:01:02.966307+00:00,1785801659,18705,531 WhiteRock/WillowBrook,15259351,12219,39,243
2026-08-04T00:01:02.966307+00:00,1785801659,18705,531 WhiteRock/WillowBrook,15259351,11741,40,172
2026-08-04T00:01:02.966307+00:00,1785801659,18705,531 WhiteRock/WillowBrook,15259351,11740,41,167
2026-08-04T00:01:02.966307+00:00,1785801659,18705,531 WhiteRock/WillowBrook,15259351,11739,42,232
2026-08-04T00:01:02.966307+00:00,1785801659,18705,531 WhiteRock/WillowBrook,15259351,11737,43,289
2026-08-04T00:01:02.966307+00:00,1785801659,18705,531 WhiteRock/WillowBrook,15259351,11757,44,269
2026-08-04T00:01:02.966307+00:00,1785801659,18705,531 WhiteRock/WillowBrook,15259351,11735,45,318
2026-08-04T00:01:02.966307+00:00,1785801659,18705,531 WhiteRock/WillowBrook,15259351,11756,46,329
2026-08-04T00:01:02.966307+00:00,1785801659,18705,531 WhiteRock/WillowBrook,15259351,5535,47,371
2026-08-04T00:01:02.966307+00:00,1785801659,18705,531 WhiteRock/WillowBrook,15259351,5536,48,357
2026-08-04T00:01:02.966307+00:00,1785801659,18705,531 WhiteRock/WillowBrook,15259351,5537,49,365
2026-08-04T00:01:02.966307+00:00,1785801659,18705,531 WhiteRock/WillowBrook,15259351,5538,50,361
2026-08-04T00:01:02.966307+00:00,1785801659,18705,531 WhiteRock/WillowBrook,15259351,5539,51,381
2026-08-04T00:01:02.966307+00:00,1785801659,18705,531 WhiteRock/WillowBrook,15259351,5540,52,396
2026-08-04T00:01:02.966307+00:00,1785801659,18705,531 WhiteRock/WillowBrook,15259352,7094,9,74
2026-08-04T00:01:02.966307+00:00,1785801659,18705,531 WhiteRock/WillowBrook,15259352,7166,10,63
2026-08-04T00:01:02.966307+00:00,1785801659,18705,531 WhiteRock/WillowBrook,15259352,7092,11,120
2026-08-04T00:01:02.966307+00:00,1785801659,18705,531 WhiteRock/WillowBrook,15259352,10747,12,145
2026-08-04T00:01:02.966307+00:00,1785801659,18705,531 WhiteRock/WillowBrook,15259352,5364,13,157
2026-08-04T00:01:02.966307+00:00,1785801659,18705,531 WhiteRock/WillowBrook,15259352,11775,14,192
2026-08-04T00:01:02.966307+00:00,1785801659,18705,531 WhiteRock/WillowBrook,15259352,7171,15,178
2026-08-04T00:01:02.966307+00:00,1785801659,18705,531 WhiteRock/WillowBrook,15259352,7172,16,155
2026-08-04T00:01:02.966307+00:00,1785801659,18705,531 WhiteRock/WillowBrook,15259352,7173,17,153
2026-08-04T00:01:02.966307+00:00,1785801659,18705,531 WhiteRock/WillowBrook,15259352,7174,18,130
2026-08-04T00:01:02.966307+00:00,1785801659,18705,531 WhiteRock/WillowBrook,15259352,7175,19,129
2026-08-04T00:01:02.966307+00:00,1785801659,18705,531 WhiteRock/WillowBrook,15259352,7176,20,114
2026-08-04T00:01:02.966307+00:00,1785801659,18705,531 WhiteRock/WillowBrook,15259352,7177,21,121
2026-08-04T00:01:02.966307+00:00,1785801659,18705,531 WhiteRock/WillowBrook,15259352,8948,22,106
2026-08-04T00:01:02.966307+00:00,1785801659,18705,531 WhiteRock/WillowBrook,15259352,9031,23,94
2026-08-04T00:01:02.966307+00:00,1785801659,18705,531 WhiteRock/WillowBrook,15259352,12931,24,97
2026-08-04T00:01:02.966307+00:00,1785801659,18705,531 WhiteRock/WillowBrook,15259352,13041,25,79
2026-08-04T00:01:02.966307+00:00,1785801659,18705,531 WhiteRock/WillowBrook,15259352,12929,26,73
2026-08-04T00:01:02.966307+00:00,1785801659,18705,531 WhiteRock/WillowBrook,15259352,12927,27,52
2026-08-04T00:01:02.966307+00:00,1785801659,18705,531 WhiteRock/WillowBrook,15259352,12926,28,64
2026-08-04T00:01:02.966307+00:00,1785801659,18705,531 WhiteRock/WillowBrook,15259352,12924,29,57
2026-08-04T00:01:02.966307+00:00,1785801659,18705,531 WhiteRock/WillowBrook,15259352,11751,30,76
2026-08-04T00:01:02.966307+00:00,1785801659,18705,531 WhiteRock/WillowBrook,15259352,11750,31,62
2026-08-04T00:01:02.966307+00:00,1785801659,18705,531 WhiteRock/WillowBrook,15259352,11747,32,46
2026-08-04T00:01:02.966307+00:00,1785801659,18705,531 WhiteRock/WillowBrook,15259352,11745,33,53
2026-08-04T00:01:02.966307+00:00,1785801659,18705,531 WhiteRock/WillowBrook,15259352,13040,34,58
2026-08-04T00:01:02.966307+00:00,1785801659,18705,531 WhiteRock/WillowBrook,15259352,12598,35,45
2026-08-04T00:01:02.966307+00:00,1785801659,18705,531 WhiteRock/WillowBrook,15259352,11920,36,2
2026-08-04T00:01:02.966307+00:00,1785801659,18705,531 WhiteRock/WillowBrook,15259352,13130,37,-23
2026-08-04T00:01:02.966307+00:00,1785801659,18705,531 WhiteRock/WillowBrook,15259352,11925,38,-48
2026-08-04T00:01:02.966307+00:00,1785801659,18705,531 WhiteRock/WillowBrook,15259352,12219,39,-75
2026-08-04T00:01:02.966307+00:00,1785801659,18705,531 WhiteRock/WillowBrook,15259352,11741,40,-146
2026-08-04T00:01:02.966307+00:00,1785801659,18705,531 WhiteRock/WillowBrook,15259352,11740,41,-152
2026-08-04T00:01:02.966307+00:00,1785801659,18705,531 WhiteRock/WillowBrook,15259352,11739,42,-90
2026-08-04T00:01:02.966307+00:00,1785801659,18705,531 WhiteRock/WillowBrook,15259352,11737,43,-35
2026-08-04T00:01:02.966307+00:00,1785801659,18705,531 WhiteRock/WillowBrook,15259352,11757,44,-55
2026-08-04T00:01:02.966307+00:00,1785801659,18705,531 WhiteRock/WillowBrook,15259352,11735,45,-5
2026-08-04T00:01:02.966307+00:00,1785801659,18705,531 WhiteRock/WillowBrook,15259352,11756,46,7
2026-08-04T00:01:02.966307+00:00,1785801659,18705,531 WhiteRock/WillowBrook,15259352,5535,47,48
2026-08-04T00:01:02.966307+00:00,1785801659,18705,531 WhiteRock/WillowBrook,15259352,5536,48,34
2026-08-04T00:01:02.966307+00:00,1785801659,18705,531 WhiteRock/WillowBrook,15259352,5537,49,48
2026-08-04T00:01:02.966307+00:00,1785801659,18705,531 WhiteRock/WillowBrook,15259352,5538,50,45
2026-08-04T00:01:02.966307+00:00,1785801659,18705,531 WhiteRock/WillowBrook,15259352,5539,51,64
2026-08-04T00:01:02.966307+00:00,1785801659,18705,531 WhiteRock/WillowBrook,15259352,5540,52,80
2026-08-04T00:05:48.278546+00:00,1785801944,6705,321 Surrey Central/WhiteRock,15247504,5468,42,18
2026-08-04T00:05:48.278546+00:00,1785801944,6705,321 Surrey Central/WhiteRock,15247504,5470,44,-98
2026-08-04T00:05:48.278546+00:00,1785801944,6705,321 Surrey Central/WhiteRock,15247504,5471,45,-126
2026-08-04T00:05:48.278546+00:00,1785801944,6705,321 Surrey Central/WhiteRock,15247504,5472,46,-145
2026-08-04T00:05:48.278546+00:00,1785801944,6705,321 Surrey Central/WhiteRock,15247504,5473,47,-185
2026-08-04T00:05:48.278546+00:00,1785801944,6705,321 Surrey Central/WhiteRock,15247504,5474,48,-180
2026-08-04T00:05:48.278546+00:00,1785801944,6705,321 Surrey Central/WhiteRock,15247504,5475,49,-218
2026-08-04T00:05:48.278546+00:00,1785801944,6705,321 Surrey Central/WhiteRock,15247504,5476,50,-230
2026-08-04T00:05:48.278546+00:00,1785801944,6705,321 Surrey Central/WhiteRock,15247504,5477,51,-249
2026-08-04T00:05:48.278546+00:00,1785801944,6705,321 Surrey Central/WhiteRock,15247504,11725,52,-267
2026-08-04T00:05:48.278546+00:00,1785801944,6705,321 Surrey Central/WhiteRock,15247504,5040,53,-242
2026-08-04T00:05:48.278546+00:00,1785801944,6705,321 Surrey Central/WhiteRock,15247504,5041,54,-229
2026-08-04T00:05:48.278546+00:00,1785801944,6705,321 Surrey Central/WhiteRock,15247504,12155,55,-213
2026-08-04T00:05:48.278546+00:00,1785801944,6705,321 Surrey Central/WhiteRock,15247504,9089,56,-221
2026-08-04T00:05:48.278546+00:00,1785801944,6705,321 Surrey Central/WhiteRock,15247504,7213,57,-252
2026-08-04T00:05:48.278546+00:00,1785801944,6705,321 Surrey Central/WhiteRock,15247505,5463,37,-235
2026-08-04T00:05:48.278546+00:00,1785801944,6705,321 Surrey Central/WhiteRock,15247505,5700,38,0
2026-08-04T00:05:48.278546+00:00,1785801944,6705,321 Surrey Central/WhiteRock,15247505,5465,39,16
2026-08-04T00:05:48.278546+00:00,1785801944,6705,321 Surrey Central/WhiteRock,15247505,5466,40,-19
2026-08-04T00:05:48.278546+00:00,1785801944,6705,321 Surrey Central/WhiteRock,15247505,5467,41,-3
2026-08-04T00:05:48.278546+00:00,1785801944,6705,321 Surrey Central/WhiteRock,15247505,5468,42,-23
2026-08-04T00:05:48.278546+00:00,1785801944,6705,321 Surrey Central/WhiteRock,15247505,5469,43,-44
2026-08-04T00:05:48.278546+00:00,1785801944,6705,321 Surrey Central/WhiteRock,15247505,5470,44,-63
2026-08-04T00:05:48.278546+00:00,1785801944,6705,321 Surrey Central/WhiteRock,15247505,5471,45,-91
2026-08-04T00:05:48.278546+00:00,1785801944,6705,321 Surrey Central/WhiteRock,15247505,5472,46,-110
2026-08-04T00:05:48.278546+00:00,1785801944,6705,321 Surrey Central/WhiteRock,15247505,5473,47,-150
2026-08-04T00:05:48.278546+00:00,1785801944,6705,321 Surrey Central/WhiteRock,15247505,5474,48,-145
2026-08-04T00:05:48.278546+00:00,1785801944,6705,321 Surrey Central/WhiteRock,15247505,5475,49,-183
2026-08-04T00:05:48.278546+00:00,1785801944,6705,321 Surrey Central/WhiteRock,15247505,5476,50,-195
2026-08-04T00:05:48.278546+00:00,1785801944,6705,321 Surrey Central/WhiteRock,15247505,5477,51,-214
2026-08-04T00:05:48.278546+00:00,1785801944,6705,321 Surrey Central/WhiteRock,15247505,11725,52,-232
2026-08-04T00:05:48.278546+00:00,1785801944,6705,321 Surrey Central/WhiteRock,15247505,5040,53,-209
2026-08-04T00:05:48.278546+00:00,1785801944,6705,321 Surrey Central/WhiteRock,15247505,5041,54,-196
2026-08-04T00:05:48.278546+00:00,1785801944,6705,321 Surrey Central/WhiteRock,15247505,12155,55,-181
2026-08-04T00:05:48.278546+00:00,1785801944,6705,321 Surrey Central/WhiteRock,15247505,9089,56,-189
2026-08-04T00:05:48.278546+00:00,1785801944,6705,321 Surrey Central/WhiteRock,15247505,7213,57,-220
2026-08-04T00:05:48.278546+00:00,1785801944,6705,321 Surrey Central/WhiteRock,15247506,11913,27,-287
2026-08-04T00:05:48.278546+00:00,1785801944,6705,321 Surrey Central/WhiteRock,15247506,5454,28,-297
2026-08-04T00:05:48.278546+00:00,1785801944,6705,321 Surrey Central/WhiteRock,15247506,5455,29,-302
2026-08-04T00:05:48.278546+00:00,1785801944,6705,321 Surrey Central/WhiteRock,15247506,5456,30,-185
2026-08-04T00:05:48.278546+00:00,1785801944,6705,321 Surrey Central/WhiteRock,15247506,12651,31,-208
2026-08-04T00:05:48.278546+00:00,1785801944,6705,321 Surrey Central/WhiteRock,15247506,5458,32,-205
2026-08-04T00:05:48.278546+00:00,1785801944,6705,321 Surrey Central/WhiteRock,15247506,5459,33,-192
2026-08-04T00:05:48.278546+00:00,1785801944,6705,321 Surrey Central/WhiteRock,15247506,5460,34,-196
2026-08-04T00:05:48.278546+00:00,1785801944,6705,321 Surrey Central/WhiteRock,15247506,5461,35,-201
2026-08-04T00:05:48.278546+00:00,1785801944,6705,321 Surrey Central/WhiteRock,15247506,5462,36,-205
2026-08-04T00:05:48.278546+00:00,1785801944,6705,321 Surrey Central/WhiteRock,15247506,5463,37,-144
2026-08-04T00:05:48.278546+00:00,1785801944,6705,321 Surrey Central/WhiteRock,15247506,5700,38,0
2026-08-04T00:05:48.278546+00:00,1785801944,6705,321 Surrey Central/WhiteRock,15247506,5465,39,11
2026-08-04T00:05:48.278546+00:00,1785801944,6705,321 Surrey Central/WhiteRock,15247506,5466,40,-33
2026-08-04T00:05:48.278546+00:00,1785801944,6705,321 Surrey Central/WhiteRock,15247506,5467,41,-22
2026-08-04T00:05:48.278546+00:00,1785801944,6705,321 Surrey Central/WhiteRock,15247506,5468,42,-46
2026-08-04T00:05:48.278546+00:00,1785801944,6705,321 Surrey Central/WhiteRock,15247506,5469,43,-82
2026-08-04T00:05:48.278546+00:00,1785801944,6705,321 Surrey Central/WhiteRock,15247506,5470,44,-106
2026-08-04T00:05:48.278546+00:00,1785801944,6705,321 Surrey Central/WhiteRock,15247506,5471,45,-137
2026-08-04T00:05:48.278546+00:00,1785801944,6705,321 Surrey Central/WhiteRock,15247506,5472,46,-160
2026-08-04T00:05:48.278546+00:00,1785801944,6705,321 Surrey Central/WhiteRock,15247506,5473,47,-204
2026-08-04T00:05:48.278546+00:00,1785801944,6705,321 Surrey Central/WhiteRock,15247506,5474,48,-205
2026-08-04T00:05:48.278546+00:00,1785801944,6705,321 Surrey Central/WhiteRock,15247506,5475,49,-249
2026-08-04T00:05:48.278546+00:00,1785801944,6705,321 Surrey Central/WhiteRock,15247506,5476,50,-267
2026-08-04T00:05:48.278546+00:00,1785801944,6705,321 Surrey Central/WhiteRock,15247506,5477,51,-288
2026-08-04T00:05:48.278546+00:00,1785801944,6705,321 Surrey Central/WhiteRock,15247506,11725,52,-309
2026-08-04T00:05:48.278546+00:00,1785801944,6705,321 Surrey Central/WhiteRock,15247506,5040,53,-291
2026-08-04T00:05:48.278546+00:00,1785801944,6705,321 Surrey Central/WhiteRock,15247506,5041,54,-284
2026-08-04T00:05:48.278546+00:00,1785801944,6705,321 Surrey Central/WhiteRock,15247506,12155,55,-274
2026-08-04T00:05:48.278546+00:00,1785801944,6705,321 Surrey Central/WhiteRock,15247506,9089,56,-285
2026-08-04T00:05:48.278546+00:00,1785801944,6705,321 Surrey Central/WhiteRock,15247507,6356,8,4
2026-08-04T00:05:48.278546+00:00,1785801944,6705,321 Surrey Central/WhiteRock,15247507,6174,9,72
2026-08-04T00:05:48.278546+00:00,1785801944,6705,321 Surrey Central/WhiteRock,15247507,5437,10,83
2026-08-04T00:05:48.278546+00:00,1785801944,6705,321 Surrey Central/WhiteRock,15247507,5438,11,77
2026-08-04T00:05:48.278546+00:00,1785801944,6705,321 Surrey Central/WhiteRock,15247507,5439,12,93
2026-08-04T00:05:48.278546+00:00,1785801944,6705,321 Surrey Central/WhiteRock,15247507,5440,13,78
2026-08-04T00:05:48.278546+00:00,1785801944,6705,321 Surrey Central/WhiteRock,15247507,5441,14,124
2026-08-04T00:05:48.278546+00:00,1785801944,6705,321 Surrey Central/WhiteRock,15247507,5442,15,104
2026-08-04T00:05:48.278546+00:00,1785801944,6705,321 Surrey Central/WhiteRock,15247507,5444,16,109
2026-08-04T00:05:48.278546+00:00,1785801944,6705,321 Surrey Central/WhiteRock,15247507,9083,17,91
2026-08-04T00:05:48.278546+00:00,1785801944,6705,321 Surrey Central/WhiteRock,15247507,5446,18,108
2026-08-04T00:05:48.278546+00:00,1785801944,6705,321 Surrey Central/WhiteRock,15247507,10445,19,103
2026-08-04T00:05:48.278546+00:00,1785801944,6705,321 Surrey Central/WhiteRock,15247507,5447,20,77
2026-08-04T00:05:48.278546+00:00,1785801944,6705,321 Surrey Central/WhiteRock,15247507,5448,21,78
2026-08-04T00:05:48.278546+00:00,1785801944,6705,321 Surrey Central/WhiteRock,15247507,10437,22,81
2026-08-04T00:05:48.278546+00:00,1785801944,6705,321 Surrey Central/WhiteRock,15247507,5449,23,36
2026-08-04T00:05:48.278546+00:00,1785801944,6705,321 Surrey Central/WhiteRock,15247507,11313,24,0
2026-08-04T00:05:48.278546+00:00,1785801944,6705,321 Surrey Central/WhiteRock,15247507,10808,25,-129
2026-08-04T00:05:48.278546+00:00,1785801944,6705,321 Surrey Central/WhiteRock,15247507,5452,26,-165
2026-08-04T00:05:48.278546+00:00,1785801944,6705,321 Surrey Central/WhiteRock,15247507,11913,27,-178
2026-08-04T00:05:48.278546+00:00,1785801944,6705,321 Surrey Central/WhiteRock,15247507,5454,28,-188
2026-08-04T00:05:48.278546+00:00,1785801944,6705,321 Surrey Central/WhiteRock,15247507,5455,29,-192
2026-08-04T00:05:48.278546+00:00,1785801944,6705,321 Surrey Central/WhiteRock,15247507,5456,30,-75
2026-08-04T00:05:48.278546+00:00,1785801944,6705,321 Surrey Central/WhiteRock,15247507,12651,31,-98
2026-08-04T00:05:48.278546+00:00,1785801944,6705,321 Surrey Central/WhiteRock,15247507,5458,32,-94
2026-08-04T00:05:48.278546+00:00,1785801944,6705,321 Surrey Central/WhiteRock,15247507,5459,33,-81
2026-08-04T00:05:48.278546+00:00,1785801944,6705,321 Surrey Central/WhiteRock,15247507,5460,34,-85
2026-08-04T00:05:48.278546+00:00,1785801944,6705,321 Surrey Central/WhiteRock,15247507,5461,35,-90
2026-08-04T00:05:48.278546+00:00,1785801944,6705,321 Surrey Central/WhiteRock,15247507,5462,36,-94
2026-08-04T00:05:48.278546+00:00,1785801944,6705,321 Surrey Central/WhiteRock,15247507,5463,37,-32
2026-08-04T00:05:48.278546+00:00,1785801944,6705,321 Surrey Central/WhiteRock,15247507,5700,38,87
2026-08-04T00:05:48.278546+00:00,1785801944,6705,321 Surrey Central/WhiteRock,15247507,5465,39,103
2026-08-04T00:05:48.278546+00:00,1785801944,6705,321 Surrey Central/WhiteRock,15247507,5466,40,67
2026-08-04T00:05:48.278546+00:00,1785801944,6705,321 Surrey Central/WhiteRock,15247507,5467,41,82
2026-08-04T00:05:48.278546+00:00,1785801944,6705,321 Surrey Central/WhiteRock,15247507,5468,42,59
2026-08-04T00:05:48.278546+00:00,1785801944,6705,321 Surrey Central/WhiteRock,15247507,5469,43,31
2026-08-04T00:05:48.278546+00:00,1785801944,6705,321 Surrey Central/WhiteRock,15247507,5470,44,12
2026-08-04T00:05:48.278546+00:00,1785801944,6705,321 Surrey Central/WhiteRock,15247507,5471,45,-15
2026-08-04T00:05:48.278546+00:00,1785801944,6705,321 Surrey Central/WhiteRock,15247507,5472,46,-34
2026-08-04T00:05:48.278546+00:00,1785801944,6705,321 Surrey Central/WhiteRock,15247507,5473,47,-74
2026-08-04T00:05:48.278546+00:00,1785801944,6705,321 Surrey Central/WhiteRock,15247507,5474,48,-69
2026-08-04T00:05:48.278546+00:00,1785801944,6705,321 Surrey Central/WhiteRock,15247507,5475,49,-108
2026-08-04T00:05:48.278546+00:00,1785801944,6705,321 Surrey Central/WhiteRock,15247507,5476,50,-121
2026-08-04T00:05:48.278546+00:00,1785801944,6705,321 Surrey Central/WhiteRock,15247507,5477,51,-140
2026-08-04T00:05:48.278546+00:00,1785801944,6705,321 Surrey Central/WhiteRock,15247507,11725,52,-158
2026-08-04T00:05:48.278546+00:00,1785801944,6705,321 Surrey Central/WhiteRock,15247507,5040,53,-138
2026-08-04T00:05:48.278546+00:00,1785801944,6705,321 Surrey Central/WhiteRock,15247507,5041,54,-125
2026-08-04T00:05:48.278546+00:00,1785801944,6705,321 Surrey Central/WhiteRock,15247507,12155,55,-112
2026-08-04T00:05:48.278546+00:00,1785801944,6705,321 Surrey Central/WhiteRock,15247507,9089,56,-120
2026-08-04T00:05:48.278546+00:00,1785801944,6705,321 Surrey Central/WhiteRock,15247507,7213,57,-151
2026-08-04T00:05:48.278546+00:00,1785801944,6705,321 Surrey Central/WhiteRock,15247527,5444,16,246
2026-08-04T00:05:48.278546+00:00,1785801944,6705,321 Surrey Central/WhiteRock,15247527,9083,17,225
2026-08-04T00:05:48.278546+00:00,1785801944,6705,321 Surrey Central/WhiteRock,15247527,5446,18,246
2026-08-04T00:05:48.278546+00:00,1785801944,6705,321 Surrey Central/WhiteRock,15247527,10445,19,241
2026-08-04T00:05:48.278546+00:00,1785801944,6705,321 Surrey Central/WhiteRock,15247527,5447,20,215
2026-08-04T00:05:48.278546+00:00,1785801944,6705,321 Surrey Central/WhiteRock,15247527,5448,21,218
2026-08-04T00:05:48.278546+00:00,1785801944,6705,321 Surrey Central/WhiteRock,15247527,10437,22,227
2026-08-04T00:05:48.278546+00:00,1785801944,6705,321 Surrey Central/WhiteRock,15247527,5449,23,182
2026-08-04T00:05:48.278546+00:00,1785801944,6705,321 Surrey Central/WhiteRock,15247527,11313,24,146
2026-08-04T00:05:48.278546+00:00,1785801944,6705,321 Surrey Central/WhiteRock,15247527,10808,25,17
2026-08-04T00:05:48.278546+00:00,1785801944,6705,321 Surrey Central/WhiteRock,15247527,5452,26,-20
2026-08-04T00:05:48.278546+00:00,1785801944,6705,321 Surrey Central/WhiteRock,15247527,11913,27,-33
2026-08-04T00:05:48.278546+00:00,1785801944,6705,321 Surrey Central/WhiteRock,15247527,5454,28,-41
2026-08-04T00:05:48.278546+00:00,1785801944,6705,321 Surrey Central/WhiteRock,15247527,5455,29,-46
2026-08-04T00:05:48.278546+00:00,1785801944,6705,321 Surrey Central/WhiteRock,15247527,5456,30,72
2026-08-04T00:05:48.278546+00:00,1785801944,6705,321 Surrey Central/WhiteRock,15247527,12651,31,49
2026-08-04T00:05:48.278546+00:00,1785801944,6705,321 Surrey Central/WhiteRock,15247527,5458,32,53
2026-08-04T00:05:48.278546+00:00,1785801944,6705,321 Surrey Central/WhiteRock,15247527,5459,33,66
2026-08-04T00:05:48.278546+00:00,1785801944,6705,321 Surrey Central/WhiteRock,15247527,5460,34,62
2026-08-04T00:05:48.278546+00:00,1785801944,6705,321 Surrey Central/WhiteRock,15247527,5461,35,57
2026-08-04T00:05:48.278546+00:00,1785801944,6705,321 Surrey Central/WhiteRock,15247527,5462,36,53
2026-08-04T00:05:48.278546+00:00,1785801944,6705,321 Surrey Central/WhiteRock,15247527,5463,37,115
2026-08-04T00:05:48.278546+00:00,1785801944,6705,321 Surrey Central/WhiteRock,15247527,5700,38,234
2026-08-04T00:05:48.278546+00:00,1785801944,6705,321 Surrey Central/WhiteRock,15247527,5465,39,250
2026-08-04T00:05:48.278546+00:00,1785801944,6705,321 Surrey Central/WhiteRock,15247527,5466,40,214
2026-08-04T00:05:48.278546+00:00,1785801944,6705,321 Surrey Central/WhiteRock,15247527,5467,41,229
2026-08-04T00:05:48.278546+00:00,1785801944,6705,321 Surrey Central/WhiteRock,15247527,5468,42,206
2026-08-04T00:05:48.278546+00:00,1785801944,6705,321 Surrey Central/WhiteRock,15247527,5469,43,181
2026-08-04T00:05:48.278546+00:00,1785801944,6705,321 Surrey Central/WhiteRock,15247527,5470,44,162
2026-08-04T00:05:48.278546+00:00,1785801944,6705,321 Surrey Central/WhiteRock,15247527,5471,45,135
2026-08-04T00:05:48.278546+00:00,1785801944,6705,321 Surrey Central/WhiteRock,15247527,5472,46,116
2026-08-04T00:05:48.278546+00:00,1785801944,6705,321 Surrey Central/WhiteRock,15247527,5473,47,76
2026-08-04T00:05:48.278546+00:00,1785801944,6705,321 Surrey Central/WhiteRock,15247527,5474,48,81
2026-08-04T00:05:48.278546+00:00,1785801944,6705,321 Surrey Central/WhiteRock,15247527,5475,49,42
2026-08-04T00:05:48.278546+00:00,1785801944,6705,321 Surrey Central/WhiteRock,15247527,5476,50,30
2026-08-04T00:05:48.278546+00:00,1785801944,6705,321 Surrey Central/WhiteRock,15247527,5477,51,11
2026-08-04T00:05:48.278546+00:00,1785801944,6705,321 Surrey Central/WhiteRock,15247527,11725,52,-7
2026-08-04T00:05:48.278546+00:00,1785801944,6705,321 Surrey Central/WhiteRock,15247527,5040,53,12
2026-08-04T00:05:48.278546+00:00,1785801944,6705,321 Surrey Central/WhiteRock,15247527,5041,54,25
2026-08-04T00:05:48.278546+00:00,1785801944,6705,321 Surrey Central/WhiteRock,15247527,12155,55,39
2026-08-04T00:05:48.278546+00:00,1785801944,6705,321 Surrey Central/WhiteRock,15247527,9089,56,31
2026-08-04T00:05:48.278546+00:00,1785801944,6705,321 Surrey Central/WhiteRock,15247527,7213,57,0
2026-08-04T00:05:48.278546+00:00,1785801944,6705,321 Surrey Central/WhiteRock,15247541,5040,53,-35
2026-08-04T00:05:48.278546+00:00,1785801944,6705,321 Surrey Central/WhiteRock,15247541,5041,54,-22
2026-08-04T00:05:48.278546+00:00,1785801944,6705,321 Surrey Central/WhiteRock,15247541,12155,55,-6
2026-08-04T00:05:48.278546+00:00,1785801944,6705,321 Surrey Central/WhiteRock,15247541,9089,56,-14
2026-08-04T00:05:48.278546+00:00,1785801944,6705,321 Surrey Central/WhiteRock,15247541,7213,57,-45
2026-08-04T00:05:48.278546+00:00,1785801944,6705,321 Surrey Central/WhiteRock,15247542,6197,1,0
2026-08-04T00:05:48.278546+00:00,1785801944,6705,321 Surrey Central/WhiteRock,15247542,6200,4,-471
2026-08-04T00:05:48.278546+00:00,1785801944,6705,321 Surrey Central/WhiteRock,15247542,6201,5,-476
2026-08-04T00:05:48.278546+00:00,1785801944,6705,321 Surrey Central/WhiteRock,15247542,6354,6,-459
2026-08-04T00:05:48.278546+00:00,1785801944,6705,321 Surrey Central/WhiteRock,15247542,6355,7,-470
2026-08-04T00:05:48.278546+00:00,1785801944,6705,321 Surrey Central/WhiteRock,15247542,6356,8,-478
2026-08-04T00:05:48.278546+00:00,1785801944,6705,321 Surrey Central/WhiteRock,15247542,6174,9,-412
2026-08-04T00:05:48.278546+00:00,1785801944,6705,321 Surrey Central/WhiteRock,15247542,5437,10,-401
2026-08-04T00:05:48.278546+00:00,1785801944,6705,321 Surrey Central/WhiteRock,15247542,5438,11,-407
2026-08-04T00:05:48.278546+00:00,1785801944,6705,321 Surrey Central/WhiteRock,15247542,5439,12,-391
2026-08-04T00:05:48.278546+00:00,1785801944,6705,321 Surrey Central/WhiteRock,15247542,5440,13,-408
2026-08-04T00:05:48.278546+00:00,1785801944,6705,321 Surrey Central/WhiteRock,15247542,5441,14,-357
2026-08-04T00:05:48.278546+00:00,1785801944,6705,321 Surrey Central/WhiteRock,15247542,5442,15,-377
2026-08-04T00:05:48.278546+00:00,1785801944,6705,321 Surrey Central/WhiteRock,15247542,5444,16,-372
2026-08-04T00:05:48.278546+00:00,1785801944,6705,321 Surrey Central/WhiteRock,15247542,9083,17,-390
2026-08-04T00:05:48.278546+00:00,1785801944,6705,321 Surrey Central/WhiteRock,15247542,5446,18,-374
2026-08-04T00:05:48.278546+00:00,1785801944,6705,321 Surrey Central/WhiteRock,15247542,10445,19,-379
2026-08-04T00:05:48.278546+00:00,1785801944,6705,321 Surrey Central/WhiteRock,15247542,5447,20,-409
2026-08-04T00:05:48.278546+00:00,1785801944,6705,321 Surrey Central/WhiteRock,15247542,5448,21,-408
2026-08-04T00:05:48.278546+00:00,1785801944,6705,321 Surrey Central/WhiteRock,15247542,10437,22,-406
2026-08-04T00:05:48.278546+00:00,1785801944,6705,321 Surrey Central/WhiteRock,15247542,5449,23,-451
2026-08-04T00:05:48.278546+00:00,1785801944,6705,321 Surrey Central/WhiteRock,15247542,11313,24,-487
2026-08-04T00:05:48.278546+00:00,1785801944,6705,321 Surrey Central/WhiteRock,15247542,10808,25,-616
2026-08-04T00:05:48.278546+00:00,1785801944,6705,321 Surrey Central/WhiteRock,15247542,5452,26,-652
2026-08-04T00:05:48.278546+00:00,1785801944,6705,321 Surrey Central/WhiteRock,15247542,11913,27,-665
2026-08-04T00:05:48.278546+00:00,1785801944,6705,321 Surrey Central/WhiteRock,15247542,5454,28,-675
2026-08-04T00:05:48.278546+00:00,1785801944,6705,321 Surrey Central/WhiteRock,15247542,5455,29,-679
2026-08-04T00:05:48.278546+00:00,1785801944,6705,321 Surrey Central/WhiteRock,15247542,5456,30,-562
2026-08-04T00:05:48.278546+00:00,1785801944,6705,321 Surrey Central/WhiteRock,15247542,12651,31,-585
2026-08-04T00:05:48.278546+00:00,1785801944,6705,321 Surrey Central/WhiteRock,15247542,5458,32,-581
2026-08-04T00:05:48.278546+00:00,1785801944,6705,321 Surrey Central/WhiteRock,15247542,5459,33,-568
2026-08-04T00:05:48.278546+00:00,1785801944,6705,321 Surrey Central/WhiteRock,15247542,5460,34,-572
2026-08-04T00:05:48.278546+00:00,1785801944,6705,321 Surrey Central/WhiteRock,15247542,5461,35,-577
2026-08-04T00:05:48.278546+00:00,1785801944,6705,321 Surrey Central/WhiteRock,15247542,5462,36,-581
2026-08-04T00:05:48.278546+00:00,1785801944,6705,321 Surrey Central/WhiteRock,15247542,5463,37,-519
2026-08-04T00:05:48.278546+00:00,1785801944,6705,321 Surrey Central/WhiteRock,15247542,5700,38,0
2026-08-04T00:05:48.278546+00:00,1785801944,6705,321 Surrey Central/WhiteRock,15247542,5465,39,15
2026-08-04T00:05:48.278546+00:00,1785801944,6705,321 Surrey Central/WhiteRock,15247542,5466,40,-21
2026-08-04T00:05:48.278546+00:00,1785801944,6705,321 Surrey Central/WhiteRock,15247542,5467,41,-6
2026-08-04T00:05:48.278546+00:00,1785801944,6705,321 Surrey Central/WhiteRock,15247542,5468,42,-29
2026-08-04T00:05:48.278546+00:00,1785801944,6705,321 Surrey Central/WhiteRock,15247542,5469,43,-60
2026-08-04T00:05:48.278546+00:00,1785801944,6705,321 Surrey Central/WhiteRock,15247542,5470,44,-79
2026-08-04T00:05:48.278546+00:00,1785801944,6705,321 Surrey Central/WhiteRock,15247542,5471,45,-106
2026-08-04T00:05:48.278546+00:00,1785801944,6705,321 Surrey Central/WhiteRock,15247542,5472,46,-126
2026-08-04T00:05:48.278546+00:00,1785801944,6705,321 Surrey Central/WhiteRock,15247542,5473,47,-165
2026-08-04T00:05:48.278546+00:00,1785801944,6705,321 Surrey Central/WhiteRock,15247542,5474,48,-160
2026-08-04T00:05:48.278546+00:00,1785801944,6705,321 Surrey Central/WhiteRock,15247542,5475,49,-199
2026-08-04T00:05:48.278546+00:00,1785801944,6705,321 Surrey Central/WhiteRock,15247542,5476,50,-213
2026-08-04T00:05:48.278546+00:00,1785801944,6705,321 Surrey Central/WhiteRock,15247542,5477,51,-232
2026-08-04T00:05:48.278546+00:00,1785801944,6705,321 Surrey Central/WhiteRock,15247542,11725,52,-251
2026-08-04T00:05:48.278546+00:00,1785801944,6705,321 Surrey Central/WhiteRock,15247542,5040,53,-230
2026-08-04T00:05:48.278546+00:00,1785801944,6705,321 Surrey Central/WhiteRock,15247542,5041,54,-218
2026-08-04T00:05:48.278546+00:00,1785801944,6705,321 Surrey Central/WhiteRock,15247542,12155,55,-206
2026-08-04T00:05:48.278546+00:00,1785801944,6705,321 Surrey Central/WhiteRock,15247542,9089,56,-169
2026-08-04T00:05:48.278546+00:00,1785801944,6705,321 Surrey Central/WhiteRock,15247542,7213,57,-199
2026-08-04T00:05:48.278546+00:00,1785801944,6705,321 Surrey Central/WhiteRock,15247595,5538,47,-498
2026-08-04T00:05:48.278546+00:00,1785801944,6705,321 Surrey Central/WhiteRock,15247595,5541,48,-469
2026-08-04T00:05:48.278546+00:00,1785801944,6705,321 Surrey Central/WhiteRock,15247595,5542,49,-457
2026-08-04T00:05:48.278546+00:00,1785801944,6705,321 Surrey Central/WhiteRock,15247595,6195,50,-435
2026-08-04T00:05:48.278546+00:00,1785801944,6705,321 Surrey Central/WhiteRock,15247596,5522,33,-193
2026-08-04T00:05:48.278546+00:00,1785801944,6705,321 Surrey Central/WhiteRock,15247596,5523,34,-227
2026-08-04T00:05:48.278546+00:00,1785801944,6705,321 Surrey Central/WhiteRock,15247596,6466,35,-244
2026-08-04T00:05:48.278546+00:00,1785801944,6705,321 Surrey Central/WhiteRock,15247596,5524,36,-203
2026-08-04T00:05:48.278546+00:00,1785801944,6705,321 Surrey Central/WhiteRock,15247596,5525,37,-230
2026-08-04T00:05:48.278546+00:00,1785801944,6705,321 Surrey Central/WhiteRock,15247596,10443,38,-257
2026-08-04T00:05:48.278546+00:00,1785801944,6705,321 Surrey Central/WhiteRock,15247596,5528,39,-248
2026-08-04T00:05:48.278546+00:00,1785801944,6705,321 Surrey Central/WhiteRock,15247596,5529,40,-267
2026-08-04T00:05:48.278546+00:00,1785801944,6705,321 Surrey Central/WhiteRock,15247596,5530,41,-279
2026-08-04T00:05:48.278546+00:00,1785801944,6705,321 Surrey Central/WhiteRock,15247596,5533,42,-285
2026-08-04T00:05:48.278546+00:00,1785801944,6705,321 Surrey Central/WhiteRock,15247596,5534,43,-303
2026-08-04T00:05:48.278546+00:00,1785801944,6705,321 Surrey Central/WhiteRock,15247596,5535,44,-308
2026-08-04T00:05:48.278546+00:00,1785801944,6705,321 Surrey Central/WhiteRock,15247596,5536,45,-329
2026-08-04T00:05:48.278546+00:00,1785801944,6705,321 Surrey Central/WhiteRock,15247596,5537,46,-330
2026-08-04T00:05:48.278546+00:00,1785801944,6705,321 Surrey Central/WhiteRock,15247596,5538,47,-337
2026-08-04T00:05:48.278546+00:00,1785801944,6705,321 Surrey Central/WhiteRock,15247596,5541,48,-312
2026-08-04T00:05:48.278546+00:00,1785801944,6705,321 Surrey Central/WhiteRock,15247596,5542,49,-300
2026-08-04T00:05:48.278546+00:00,1785801944,6705,321 Surrey Central/WhiteRock,15247596,6195,50,-275
2026-08-04T00:05:48.278546+00:00,1785801944,6705,321 Surrey Central/WhiteRock,15247597,5514,25,64
2026-08-04T00:05:48.278546+00:00,1785801944,6705,321 Surrey Central/WhiteRock,15247597,5515,26,60
2026-08-04T00:05:48.278546+00:00,1785801944,6705,321 Surrey Central/WhiteRock,15247597,5516,27,59
2026-08-04T00:05:48.278546+00:00,1785801944,6705,321 Surrey Central/WhiteRock,15247597,5517,28,62
2026-08-04T00:05:48.278546+00:00,1785801944,6705,321 Surrey Central/WhiteRock,15247597,5518,29,69
2026-08-04T00:05:48.278546+00:00,1785801944,6705,321 Surrey Central/WhiteRock,15247597,5519,30,52
2026-08-04T00:05:48.278546+00:00,1785801944,6705,321 Surrey Central/WhiteRock,15247597,5520,31,45
2026-08-04T00:05:48.278546+00:00,1785801944,6705,321 Surrey Central/WhiteRock,15247597,5521,32,-138
2026-08-04T00:05:48.278546+00:00,1785801944,6705,321 Surrey Central/WhiteRock,15247597,5522,33,-259
2026-08-04T00:05:48.278546+00:00,1785801944,6705,321 Surrey Central/WhiteRock,15247597,5523,34,-292
2026-08-04T00:05:48.278546+00:00,1785801944,6705,321 Surrey Central/WhiteRock,15247597,6466,35,-304
2026-08-04T00:05:48.278546+00:00,1785801944,6705,321 Surrey Central/WhiteRock,15247597,5524,36,-259
2026-08-04T00:05:48.278546+00:00,1785801944,6705,321 Surrey Central/WhiteRock,15247597,5525,37,-280
2026-08-04T00:05:48.278546+00:00,1785801944,6705,321 Surrey Central/WhiteRock,15247597,10443,38,-299
2026-08-04T00:05:48.278546+00:00,1785801944,6705,321 Surrey Central/WhiteRock,15247597,5528,39,-291
2026-08-04T00:05:48.278546+00:00,1785801944,6705,321 Surrey Central/WhiteRock,15247597,5529,40,-311
2026-08-04T00:05:48.278546+00:00,1785801944,6705,321 Surrey Central/WhiteRock,15247597,5530,41,-323
2026-08-04T00:05:48.278546+00:00,1785801944,6705,321 Surrey Central/WhiteRock,15247597,5533,42,-318
2026-08-04T00:05:48.278546+00:00,1785801944,6705,321 Surrey Central/WhiteRock,15247597,5534,43,-333
2026-08-04T00:05:48.278546+00:00,1785801944,6705,321 Surrey Central/WhiteRock,15247597,5535,44,-319
2026-08-04T00:05:48.278546+00:00,1785801944,6705,321 Surrey Central/WhiteRock,15247597,5536,45,-338
2026-08-04T00:05:48.278546+00:00,1785801944,6705,321 Surrey Central/WhiteRock,15247597,5537,46,-317
2026-08-04T00:05:48.278546+00:00,1785801944,6705,321 Surrey Central/WhiteRock,15247597,5538,47,-319
2026-08-04T00:05:48.278546+00:00,1785801944,6705,321 Surrey Central/WhiteRock,15247597,5541,48,-292
2026-08-04T00:05:48.278546+00:00,1785801944,6705,321 Surrey Central/WhiteRock,15247597,5542,49,-279
2026-08-04T00:05:48.278546+00:00,1785801944,6705,321 Surrey Central/WhiteRock,15247597,6195,50,-249
2026-08-04T00:05:48.278546+00:00,1785801944,6705,321 Surrey Central/WhiteRock,15247598,5504,17,-120
2026-08-04T00:05:48.278546+00:00,1785801944,6705,321 Surrey Central/WhiteRock,15247598,5505,18,-96
2026-08-04T00:05:48.278546+00:00,1785801944,6705,321 Surrey Central/WhiteRock,15247598,5507,19,-59
2026-08-04T00:05:48.278546+00:00,1785801944,6705,321 Surrey Central/WhiteRock,15247598,5633,20,0
2026-08-04T00:05:48.278546+00:00,1785801944,6705,321 Surrey Central/WhiteRock,15247598,5510,21,34
2026-08-04T00:05:48.278546+00:00,1785801944,6705,321 Surrey Central/WhiteRock,15247598,5511,22,28
2026-08-04T00:05:48.278546+00:00,1785801944,6705,321 Surrey Central/WhiteRock,15247598,5512,23,25
2026-08-04T00:05:48.278546+00:00,1785801944,6705,321 Surrey Central/WhiteRock,15247598,5513,24,16
2026-08-04T00:05:48.278546+00:00,1785801944,6705,321 Surrey Central/WhiteRock,15247598,5514,25,112
2026-08-04T00:05:48.278546+00:00,1785801944,6705,321 Surrey Central/WhiteRock,15247598,5515,26,108
2026-08-04T00:05:48.278546+00:00,1785801944,6705,321 Surrey Central/WhiteRock,15247598,5516,27,108
2026-08-04T00:05:48.278546+00:00,1785801944,6705,321 Surrey Central/WhiteRock,15247598,5517,28,111
2026-08-04T00:05:48.278546+00:00,1785801944,6705,321 Surrey Central/WhiteRock,15247598,5518,29,118
2026-08-04T00:05:48.278546+00:00,1785801944,6705,321 Surrey Central/WhiteRock,15247598,5519,30,101
2026-08-04T00:05:48.278546+00:00,1785801944,6705,321 Surrey Central/WhiteRock,15247598,5520,31,94
2026-08-04T00:05:48.278546+00:00,1785801944,6705,321 Surrey Central/WhiteRock,15247598,5521,32,-89
2026-08-04T00:05:48.278546+00:00,1785801944,6705,321 Surrey Central/WhiteRock,15247598,5522,33,-210
2026-08-04T00:05:48.278546+00:00,1785801944,6705,321 Surrey Central/WhiteRock,15247598,5523,34,-243
2026-08-04T00:05:48.278546+00:00,1785801944,6705,321 Surrey Central/WhiteRock,15247598,6466,35,-256
2026-08-04T00:05:48.278546+00:00,1785801944,6705,321 Surrey Central/WhiteRock,15247598,5524,36,-211
2026-08-04T00:05:48.278546+00:00,1785801944,6705,321 Surrey Central/WhiteRock,15247598,5525,37,-234
2026-08-04T00:05:48.278546+00:00,1785801944,6705,321 Surrey Central/WhiteRock,15247598,10443,38,-253
2026-08-04T00:05:48.278546+00:00,1785801944,6705,321 Surrey Central/WhiteRock,15247598,5528,39,-243
2026-08-04T00:05:48.278546+00:00,1785801944,6705,321 Surrey Central/WhiteRock,15247598,5529,40,-263
2026-08-04T00:05:48.278546+00:00,1785801944,6705,321 Surrey Central/WhiteRock,15247598,5530,41,-275
2026-08-04T00:05:48.278546+00:00,1785801944,6705,321 Surrey Central/WhiteRock,15247598,5533,42,-270
2026-08-04T00:05:48.278546+00:00,1785801944,6705,321 Surrey Central/WhiteRock,15247598,5534,43,-285
2026-08-04T00:05:48.278546+00:00,1785801944,6705,321 Surrey Central/WhiteRock,15247598,5535,44,-274
2026-08-04T00:05:48.278546+00:00,1785801944,6705,321 Surrey Central/WhiteRock,15247598,5536,45,-293
2026-08-04T00:05:48.278546+00:00,1785801944,6705,321 Surrey Central/WhiteRock,15247598,5537,46,-273
2026-08-04T00:05:48.278546+00:00,1785801944,6705,321 Surrey Central/WhiteRock,15247598,5538,47,-275
2026-08-04T00:05:48.278546+00:00,1785801944,6705,321 Surrey Central/WhiteRock,15247598,5541,48,-246
2026-08-04T00:05:48.278546+00:00,1785801944,6705,321 Surrey Central/WhiteRock,15247598,5542,49,-235
2026-08-04T00:05:48.278546+00:00,1785801944,6705,321 Surrey Central/WhiteRock,15247598,6195,50,-212
2026-08-04T00:05:48.278546+00:00,1785801944,6715,351 Bridgeport/WhiteRock,15251879,6170,6,-36
2026-08-04T00:05:48.278546+00:00,1785801944,6715,351 Bridgeport/WhiteRock,15251879,11545,7,-72
2026-08-04T00:05:48.278546+00:00,1785801944,6715,351 Bridgeport/WhiteRock,15251879,6172,8,-60
2026-08-04T00:05:48.278546+00:00,1785801944,6715,351 Bridgeport/WhiteRock,15251879,6173,9,-63
2026-08-04T00:05:48.278546+00:00,1785801944,6715,351 Bridgeport/WhiteRock,15251879,6139,10,0
2026-08-04T00:05:48.278546+00:00,1785801944,6715,351 Bridgeport/WhiteRock,15251879,5437,11,28
2026-08-04T00:05:48.278546+00:00,1785801944,6715,351 Bridgeport/WhiteRock,15251879,5438,12,20
2026-08-04T00:05:48.278546+00:00,1785801944,6715,351 Bridgeport/WhiteRock,15251879,5439,13,43
2026-08-04T00:05:48.278546+00:00,1785801944,6715,351 Bridgeport/WhiteRock,15251879,5440,14,23
2026-08-04T00:05:48.278546+00:00,1785801944,6715,351 Bridgeport/WhiteRock,15251879,5441,15,25
2026-08-04T00:05:48.278546+00:00,1785801944,6715,351 Bridgeport/WhiteRock,15251879,5442,16,1
2026-08-04T00:05:48.278546+00:00,1785801944,6715,351 Bridgeport/WhiteRock,15251879,5444,17,8
2026-08-04T00:05:48.278546+00:00,1785801944,6715,351 Bridgeport/WhiteRock,15251879,9083,18,-20
2026-08-04T00:05:48.278546+00:00,1785801944,6715,351 Bridgeport/WhiteRock,15251879,5446,19,-14
2026-08-04T00:05:48.278546+00:00,1785801944,6715,351 Bridgeport/WhiteRock,15251879,10445,20,-17
2026-08-04T00:05:48.278546+00:00,1785801944,6715,351 Bridgeport/WhiteRock,15251879,5447,21,-54
2026-08-04T00:05:48.278546+00:00,1785801944,6715,351 Bridgeport/WhiteRock,15251879,5448,22,-57
2026-08-04T00:05:48.278546+00:00,1785801944,6715,351 Bridgeport/WhiteRock,15251879,6194,23,0
2026-08-04T00:05:48.278546+00:00,1785801944,6715,351 Bridgeport/WhiteRock,15251879,4928,24,19
2026-08-04T00:05:48.278546+00:00,1785801944,6715,351 Bridgeport/WhiteRock,15251879,8282,25,269
2026-08-04T00:05:48.278546+00:00,1785801944,6715,351 Bridgeport/WhiteRock,15251880,8282,25,81
2026-08-04T00:05:48.278546+00:00,1785801944,6715,351 Bridgeport/WhiteRock,15251903,5446,19,144
2026-08-04T00:05:48.278546+00:00,1785801944,6715,351 Bridgeport/WhiteRock,15251903,10445,20,142
2026-08-04T00:05:48.278546+00:00,1785801944,6715,351 Bridgeport/WhiteRock,15251903,5447,21,104
2026-08-04T00:05:48.278546+00:00,1785801944,6715,351 Bridgeport/WhiteRock,15251903,5448,22,100
2026-08-04T00:05:48.278546+00:00,1785801944,6715,351 Bridgeport/WhiteRock,15251903,6194,23,99
2026-08-04T00:05:48.278546+00:00,1785801944,6715,351 Bridgeport/WhiteRock,15251903,4928,24,60
2026-08-04T00:05:48.278546+00:00,1785801944,6715,351 Bridgeport/WhiteRock,15251903,8282,25,249
2026-08-04T00:05:48.278546+00:00,1785801944,6715,351 Bridgeport/WhiteRock,15251942,4929,3,0
2026-08-04T00:05:48.278546+00:00,1785801944,6715,351 Bridgeport/WhiteRock,15251942,6175,4,-386
2026-08-04T00:05:48.278546+00:00,1785801944,6715,351 Bridgeport/WhiteRock,15251942,5524,5,-322
2026-08-04T00:05:48.278546+00:00,1785801944,6715,351 Bridgeport/WhiteRock,15251942,5525,6,-327
2026-08-04T00:05:48.278546+00:00,1785801944,6715,351 Bridgeport/WhiteRock,15251942,10443,7,-314
2026-08-04T00:05:48.278546+00:00,1785801944,6715,351 Bridgeport/WhiteRock,15251942,5528,8,-282
2026-08-04T00:05:48.278546+00:00,1785801944,6715,351 Bridgeport/WhiteRock,15251942,5529,9,-283
2026-08-04T00:05:48.278546+00:00,1785801944,6715,351 Bridgeport/WhiteRock,15251942,5530,10,-273
2026-08-04T00:05:48.278546+00:00,1785801944,6715,351 Bridgeport/WhiteRock,15251942,5533,11,-249
2026-08-04T00:05:48.278546+00:00,1785801944,6715,351 Bridgeport/WhiteRock,15251942,5534,12,-244
2026-08-04T00:05:48.278546+00:00,1785801944,6715,351 Bridgeport/WhiteRock,15251942,5535,13,-207
2026-08-04T00:05:48.278546+00:00,1785801944,6715,351 Bridgeport/WhiteRock,15251942,5536,14,-203
2026-08-04T00:05:48.278546+00:00,1785801944,6715,351 Bridgeport/WhiteRock,15251942,5537,15,-171
2026-08-04T00:05:48.278546+00:00,1785801944,6715,351 Bridgeport/WhiteRock,15251942,5538,16,-161
2026-08-04T00:05:48.278546+00:00,1785801944,6715,351 Bridgeport/WhiteRock,15251942,5541,17,-116
2026-08-04T00:05:48.278546+00:00,1785801944,6715,351 Bridgeport/WhiteRock,15251942,5542,18,-90
2026-08-04T00:05:48.278546+00:00,1785801944,6715,351 Bridgeport/WhiteRock,15251942,6340,19,-38
2026-08-04T00:05:48.278546+00:00,1785801944,6715,351 Bridgeport/WhiteRock,15251942,6341,20,-10
2026-08-04T00:05:48.278546+00:00,1785801944,6715,351 Bridgeport/WhiteRock,15251942,6167,21,11
2026-08-04T00:05:48.278546+00:00,1785801944,6715,351 Bridgeport/WhiteRock,15251968,8283,2,72
2026-08-04T00:05:48.278546+00:00,1785801944,6715,351 Bridgeport/WhiteRock,15251968,4929,3,132
2026-08-04T00:05:48.278546+00:00,1785801944,6715,351 Bridgeport/WhiteRock,15251968,6175,4,-254
2026-08-04T00:05:48.278546+00:00,1785801944,6715,351 Bridgeport/WhiteRock,15251968,5524,5,-190
2026-08-04T00:05:48.278546+00:00,1785801944,6715,351 Bridgeport/WhiteRock,15251968,5525,6,-195
2026-08-04T00:05:48.278546+00:00,1785801944,6715,351 Bridgeport/WhiteRock,15251968,10443,7,-180
2026-08-04T00:05:48.278546+00:00,1785801944,6715,351 Bridgeport/WhiteRock,15251968,5528,8,-146
2026-08-04T00:05:48.278546+00:00,1785801944,6715,351 Bridgeport/WhiteRock,15251968,5529,9,-146
2026-08-04T00:05:48.278546+00:00,1785801944,6715,351 Bridgeport/WhiteRock,15251968,5530,10,-135
2026-08-04T00:05:48.278546+00:00,1785801944,6715,351 Bridgeport/WhiteRock,15251968,5533,11,-109
2026-08-04T00:05:48.278546+00:00,1785801944,6715,351 Bridgeport/WhiteRock,15251968,5534,12,-104
2026-08-04T00:05:48.278546+00:00,1785801944,6715,351 Bridgeport/WhiteRock,15251968,5535,13,-80
2026-08-04T00:05:48.278546+00:00,1785801944,6715,351 Bridgeport/WhiteRock,15251968,5536,14,-75
2026-08-04T00:05:48.278546+00:00,1785801944,6715,351 Bridgeport/WhiteRock,15251968,5537,15,-46
2026-08-04T00:05:48.278546+00:00,1785801944,6715,351 Bridgeport/WhiteRock,15251968,5538,16,-37
2026-08-04T00:05:48.278546+00:00,1785801944,6715,351 Bridgeport/WhiteRock,15251968,5541,17,16
2026-08-04T00:05:48.278546+00:00,1785801944,6715,351 Bridgeport/WhiteRock,15251968,5542,18,40
2026-08-04T00:05:48.278546+00:00,1785801944,6715,351 Bridgeport/WhiteRock,15251968,6340,19,91
2026-08-04T00:05:48.278546+00:00,1785801944,6715,351 Bridgeport/WhiteRock,15251968,6341,20,114
2026-08-04T00:05:48.278546+00:00,1785801944,6715,351 Bridgeport/WhiteRock,15251968,6167,21,132
2026-08-04T00:05:48.278546+00:00,1785801944,6715,351 Bridgeport/WhiteRock,15251969,5524,5,-283
2026-08-04T00:05:48.278546+00:00,1785801944,6715,351 Bridgeport/WhiteRock,15251969,5525,6,-288
2026-08-04T00:05:48.278546+00:00,1785801944,6715,351 Bridgeport/WhiteRock,15251969,10443,7,-274
2026-08-04T00:05:48.278546+00:00,1785801944,6715,351 Bridgeport/WhiteRock,15251969,5528,8,-239
2026-08-04T00:05:48.278546+00:00,1785801944,6715,351 Bridgeport/WhiteRock,15251969,5529,9,-240
2026-08-04T00:05:48.278546+00:00,1785801944,6715,351 Bridgeport/WhiteRock,15251969,5530,10,-230
2026-08-04T00:05:48.278546+00:00,1785801944,6715,351 Bridgeport/WhiteRock,15251969,5533,11,-207
2026-08-04T00:05:48.278546+00:00,1785801944,6715,351 Bridgeport/WhiteRock,15251969,5534,12,-202
2026-08-04T00:05:48.278546+00:00,1785801944,6715,351 Bridgeport/WhiteRock,15251969,5535,13,-172
2026-08-04T00:05:48.278546+00:00,1785801944,6715,351 Bridgeport/WhiteRock,15251969,5536,14,-170
2026-08-04T00:05:48.278546+00:00,1785801944,6715,351 Bridgeport/WhiteRock,15251969,5537,15,-143
2026-08-04T00:05:48.278546+00:00,1785801944,6715,351 Bridgeport/WhiteRock,15251969,5538,16,-134
2026-08-04T00:05:48.278546+00:00,1785801944,6715,351 Bridgeport/WhiteRock,15251969,5541,17,-89
2026-08-04T00:05:48.278546+00:00,1785801944,6715,351 Bridgeport/WhiteRock,15251969,5542,18,-64
2026-08-04T00:05:48.278546+00:00,1785801944,6715,351 Bridgeport/WhiteRock,15251969,6340,19,-12
2026-08-04T00:05:48.278546+00:00,1785801944,6715,351 Bridgeport/WhiteRock,15251969,6341,20,16
2026-08-04T00:05:48.278546+00:00,1785801944,6715,351 Bridgeport/WhiteRock,15251969,6167,21,42
2026-08-04T00:05:48.278546+00:00,1785801944,11692,364 Langley Centre/Scottsdale,15252850,12497,37,-87
2026-08-04T00:05:48.278546+00:00,1785801944,11692,364 Langley Centre/Scottsdale,15252850,5334,38,-96
2026-08-04T00:05:48.278546+00:00,1785801944,11692,364 Langley Centre/Scottsdale,15252850,6472,39,-88
2026-08-04T00:05:48.278546+00:00,1785801944,11692,364 Langley Centre/Scottsdale,15252850,6473,40,-87
2026-08-04T00:05:48.278546+00:00,1785801944,11692,364 Langley Centre/Scottsdale,15252850,6474,41,-93
2026-08-04T00:05:48.278546+00:00,1785801944,11692,364 Langley Centre/Scottsdale,15252850,9306,42,-36
2026-08-04T00:05:48.278546+00:00,1785801944,11692,364 Langley Centre/Scottsdale,15252850,11125,43,-37
2026-08-04T00:05:48.278546+00:00,1785801944,11692,364 Langley Centre/Scottsdale,15252850,9294,44,-23
2026-08-04T00:05:48.278546+00:00,1785801944,11692,364 Langley Centre/Scottsdale,15252850,9293,45,-27
2026-08-04T00:05:48.278546+00:00,1785801944,11692,364 Langley Centre/Scottsdale,15252850,11126,46,-17
2026-08-04T00:05:48.278546+00:00,1785801944,11692,364 Langley Centre/Scottsdale,15252850,7094,47,-11
2026-08-04T00:05:48.278546+00:00,1785801944,11692,364 Langley Centre/Scottsdale,15252851,4918,3,247
2026-08-04T00:05:48.278546+00:00,1785801944,11692,364 Langley Centre/Scottsdale,15252851,4919,4,256
2026-08-04T00:05:48.278546+00:00,1785801944,11692,364 Langley Centre/Scottsdale,15252851,4921,5,208
2026-08-04T00:05:48.278546+00:00,1785801944,11692,364 Langley Centre/Scottsdale,15252851,11121,6,270
2026-08-04T00:05:48.278546+00:00,1785801944,11692,364 Langley Centre/Scottsdale,15252851,11142,7,234
2026-08-04T00:05:48.278546+00:00,1785801944,11692,364 Langley Centre/Scottsdale,15252851,11139,8,221
2026-08-04T00:05:48.278546+00:00,1785801944,11692,364 Langley Centre/Scottsdale,15252851,11156,9,203
2026-08-04T00:05:48.278546+00:00,1785801944,11692,364 Langley Centre/Scottsdale,15252851,5583,10,221
2026-08-04T00:05:48.278546+00:00,1785801944,11692,364 Langley Centre/Scottsdale,15252851,5584,11,192
2026-08-04T00:05:48.278546+00:00,1785801944,11692,364 Langley Centre/Scottsdale,15252851,6464,12,181
2026-08-04T00:05:48.278546+00:00,1785801944,11692,364 Langley Centre/Scottsdale,15252851,6465,13,161
2026-08-04T00:05:48.278546+00:00,1785801944,11692,364 Langley Centre/Scottsdale,15252851,11074,14,213
2026-08-04T00:05:48.278546+00:00,1785801944,11692,364 Langley Centre/Scottsdale,15252851,11153,15,186
2026-08-04T00:05:48.278546+00:00,1785801944,11692,364 Langley Centre/Scottsdale,15252851,11150,16,151
2026-08-04T00:05:48.278546+00:00,1785801944,11692,364 Langley Centre/Scottsdale,15252851,11148,17,131
2026-08-04T00:05:48.278546+00:00,1785801944,11692,364 Langley Centre/Scottsdale,15252851,11124,18,149
2026-08-04T00:05:48.278546+00:00,1785801944,11692,364 Langley Centre/Scottsdale,15252851,11140,19,112
2026-08-04T00:05:48.278546+00:00,1785801944,11692,364 Langley Centre/Scottsdale,15252851,11145,20,104
2026-08-04T00:05:48.278546+00:00,1785801944,11692,364 Langley Centre/Scottsdale,15252851,11076,21,43
2026-08-04T00:05:48.278546+00:00,1785801944,11692,364 Langley Centre/Scottsdale,15252851,12645,22,-142
2026-08-04T00:05:48.278546+00:00,1785801944,11692,364 Langley Centre/Scottsdale,15252851,9525,23,-138
2026-08-04T00:05:48.278546+00:00,1785801944,11692,364 Langley Centre/Scottsdale,15252851,10148,24,-108
2026-08-04T00:05:48.278546+00:00,1785801944,11692,364 Langley Centre/Scottsdale,15252851,10585,25,-126
2026-08-04T00:05:48.278546+00:00,1785801944,11692,364 Langley Centre/Scottsdale,15252851,10250,26,-130
2026-08-04T00:05:48.278546+00:00,1785801944,11692,364 Langley Centre/Scottsdale,15252851,10588,27,-136
2026-08-04T00:05:48.278546+00:00,1785801944,11692,364 Langley Centre/Scottsdale,15252851,10248,28,-69
2026-08-04T00:05:48.278546+00:00,1785801944,11692,364 Langley Centre/Scottsdale,15252851,10726,29,-64
2026-08-04T00:05:48.278546+00:00,1785801944,11692,364 Langley Centre/Scottsdale,15252851,10725,30,-76
2026-08-04T00:05:48.278546+00:00,1785801944,11692,364 Langley Centre/Scottsdale,15252851,10727,31,-90
2026-08-04T00:05:48.278546+00:00,1785801944,11692,364 Langley Centre/Scottsdale,15252851,10251,32,-93
2026-08-04T00:05:48.278546+00:00,1785801944,11692,364 Langley Centre/Scottsdale,15252851,10252,33,-112
2026-08-04T00:05:48.278546+00:00,1785801944,11692,364 Langley Centre/Scottsdale,15252851,10253,34,-120
2026-08-04T00:05:48.278546+00:00,1785801944,11692,364 Langley Centre/Scottsdale,15252851,10255,35,-134
2026-08-04T00:05:48.278546+00:00,1785801944,11692,364 Langley Centre/Scottsdale,15252851,5332,36,-63
2026-08-04T00:05:48.278546+00:00,1785801944,11692,364 Langley Centre/Scottsdale,15252851,12497,37,-84
2026-08-04T00:05:48.278546+00:00,1785801944,11692,364 Langley Centre/Scottsdale,15252851,5334,38,-90
2026-08-04T00:05:48.278546+00:00,1785801944,11692,364 Langley Centre/Scottsdale,15252851,6472,39,-81
2026-08-04T00:05:48.278546+00:00,1785801944,11692,364 Langley Centre/Scottsdale,15252851,6473,40,-85
2026-08-04T00:05:48.278546+00:00,1785801944,11692,364 Langley Centre/Scottsdale,15252851,6474,41,-92
2026-08-04T00:05:48.278546+00:00,1785801944,11692,364 Langley Centre/Scottsdale,15252851,9306,42,-35
2026-08-04T00:05:48.278546+00:00,1785801944,11692,364 Langley Centre/Scottsdale,15252851,11125,43,-49
2026-08-04T00:05:48.278546+00:00,1785801944,11692,364 Langley Centre/Scottsdale,15252851,9294,44,-31
2026-08-04T00:05:48.278546+00:00,1785801944,11692,364 Langley Centre/Scottsdale,15252851,9293,45,-39
2026-08-04T00:05:48.278546+00:00,1785801944,11692,364 Langley Centre/Scottsdale,15252851,11126,46,-29
2026-08-04T00:05:48.278546+00:00,1785801944,11692,364 Langley Centre/Scottsdale,15252851,7094,47,-16
2026-08-04T00:05:48.278546+00:00,1785801944,11692,364 Langley Centre/Scottsdale,15252852,5244,1,0
2026-08-04T00:05:48.278546+00:00,1785801944,11692,364 Langley Centre/Scottsdale,15252852,4846,2,0
2026-08-04T00:05:48.278546+00:00,1785801944,11692,364 Langley Centre/Scottsdale,15252852,4918,3,0
2026-08-04T00:05:48.278546+00:00,1785801944,11692,364 Langley Centre/Scottsdale,15252852,4919,4,0
2026-08-04T00:05:48.278546+00:00,1785801944,11692,364 Langley Centre/Scottsdale,15252852,4921,5,0
2026-08-04T00:05:48.278546+00:00,1785801944,11692,364 Langley Centre/Scottsdale,15252852,11121,6,0
2026-08-04T00:05:48.278546+00:00,1785801944,11692,364 Langley Centre/Scottsdale,15252852,11142,7,0
2026-08-04T00:05:48.278546+00:00,1785801944,11692,364 Langley Centre/Scottsdale,15252852,11139,8,0
2026-08-04T00:05:48.278546+00:00,1785801944,11692,364 Langley Centre/Scottsdale,15252852,11156,9,0
2026-08-04T00:05:48.278546+00:00,1785801944,11692,364 Langley Centre/Scottsdale,15252852,5583,10,0
2026-08-04T00:05:48.278546+00:00,1785801944,11692,364 Langley Centre/Scottsdale,15252852,5584,11,0
2026-08-04T00:05:48.278546+00:00,1785801944,11692,364 Langley Centre/Scottsdale,15252852,6464,12,0
2026-08-04T00:05:48.278546+00:00,1785801944,11692,364 Langley Centre/Scottsdale,15252852,6465,13,0
2026-08-04T00:05:48.278546+00:00,1785801944,11692,364 Langley Centre/Scottsdale,15252852,11074,14,0
2026-08-04T00:05:48.278546+00:00,1785801944,11692,364 Langley Centre/Scottsdale,15252852,11153,15,0
2026-08-04T00:05:48.278546+00:00,1785801944,11692,364 Langley Centre/Scottsdale,15252852,11150,16,0
2026-08-04T00:05:48.278546+00:00,1785801944,11692,364 Langley Centre/Scottsdale,15252852,11148,17,0
2026-08-04T00:05:48.278546+00:00,1785801944,11692,364 Langley Centre/Scottsdale,15252852,11124,18,0
2026-08-04T00:05:48.278546+00:00,1785801944,11692,364 Langley Centre/Scottsdale,15252852,11140,19,0
2026-08-04T00:05:48.278546+00:00,1785801944,11692,364 Langley Centre/Scottsdale,15252852,11145,20,0
2026-08-04T00:05:48.278546+00:00,1785801944,11692,364 Langley Centre/Scottsdale,15252852,11076,21,0
2026-08-04T00:05:48.278546+00:00,1785801944,11692,364 Langley Centre/Scottsdale,15252852,12645,22,0
2026-08-04T00:05:48.278546+00:00,1785801944,11692,364 Langley Centre/Scottsdale,15252852,9525,23,0
2026-08-04T00:05:48.278546+00:00,1785801944,11692,364 Langley Centre/Scottsdale,15252852,10148,24,0
2026-08-04T00:05:48.278546+00:00,1785801944,11692,364 Langley Centre/Scottsdale,15252852,10585,25,0
2026-08-04T00:05:48.278546+00:00,1785801944,11692,364 Langley Centre/Scottsdale,15252852,10250,26,0
2026-08-04T00:05:48.278546+00:00,1785801944,11692,364 Langley Centre/Scottsdale,15252852,10588,27,0
2026-08-04T00:05:48.278546+00:00,1785801944,11692,364 Langley Centre/Scottsdale,15252852,10248,28,0
2026-08-04T00:05:48.278546+00:00,1785801944,11692,364 Langley Centre/Scottsdale,15252852,10726,29,0
2026-08-04T00:05:48.278546+00:00,1785801944,11692,364 Langley Centre/Scottsdale,15252852,10725,30,0
2026-08-04T00:05:48.278546+00:00,1785801944,11692,364 Langley Centre/Scottsdale,15252852,10727,31,0
2026-08-04T00:05:48.278546+00:00,1785801944,11692,364 Langley Centre/Scottsdale,15252852,10251,32,0
2026-08-04T00:05:48.278546+00:00,1785801944,11692,364 Langley Centre/Scottsdale,15252852,10252,33,0
2026-08-04T00:05:48.278546+00:00,1785801944,11692,364 Langley Centre/Scottsdale,15252852,10253,34,0
2026-08-04T00:05:48.278546+00:00,1785801944,11692,364 Langley Centre/Scottsdale,15252852,10255,35,0
2026-08-04T00:05:48.278546+00:00,1785801944,11692,364 Langley Centre/Scottsdale,15252852,5332,36,0
2026-08-04T00:05:48.278546+00:00,1785801944,11692,364 Langley Centre/Scottsdale,15252852,12497,37,0
2026-08-04T00:05:48.278546+00:00,1785801944,11692,364 Langley Centre/Scottsdale,15252852,5334,38,0
2026-08-04T00:05:48.278546+00:00,1785801944,11692,364 Langley Centre/Scottsdale,15252852,6472,39,0
2026-08-04T00:05:48.278546+00:00,1785801944,11692,364 Langley Centre/Scottsdale,15252852,6473,40,0
2026-08-04T00:05:48.278546+00:00,1785801944,11692,364 Langley Centre/Scottsdale,15252852,6474,41,0
2026-08-04T00:05:48.278546+00:00,1785801944,11692,364 Langley Centre/Scottsdale,15252852,9306,42,0
2026-08-04T00:05:48.278546+00:00,1785801944,11692,364 Langley Centre/Scottsdale,15252852,11125,43,0
2026-08-04T00:05:48.278546+00:00,1785801944,11692,364 Langley Centre/Scottsdale,15252852,9294,44,0
2026-08-04T00:05:48.278546+00:00,1785801944,11692,364 Langley Centre/Scottsdale,15252852,9293,45,0
2026-08-04T00:05:48.278546+00:00,1785801944,11692,364 Langley Centre/Scottsdale,15252852,11126,46,0
2026-08-04T00:05:48.278546+00:00,1785801944,11692,364 Langley Centre/Scottsdale,15252852,7094,47,0
2026-08-04T00:05:48.278546+00:00,1785801944,11692,364 Langley Centre/Scottsdale,15252878,11076,21,0
2026-08-04T00:05:48.278546+00:00,1785801944,11692,364 Langley Centre/Scottsdale,15252878,12645,22,-197
2026-08-04T00:05:48.278546+00:00,1785801944,11692,364 Langley Centre/Scottsdale,15252878,9525,23,-193
2026-08-04T00:05:48.278546+00:00,1785801944,11692,364 Langley Centre/Scottsdale,15252878,10148,24,-165
2026-08-04T00:05:48.278546+00:00,1785801944,11692,364 Langley Centre/Scottsdale,15252878,10585,25,-185
2026-08-04T00:05:48.278546+00:00,1785801944,11692,364 Langley Centre/Scottsdale,15252878,10250,26,-192
2026-08-04T00:05:48.278546+00:00,1785801944,11692,364 Langley Centre/Scottsdale,15252878,10588,27,-199
2026-08-04T00:05:48.278546+00:00,1785801944,11692,364 Langley Centre/Scottsdale,15252878,10248,28,-136
2026-08-04T00:05:48.278546+00:00,1785801944,11692,364 Langley Centre/Scottsdale,15252878,10726,29,-127
2026-08-04T00:05:48.278546+00:00,1785801944,11692,364 Langley Centre/Scottsdale,15252878,10725,30,-139
2026-08-04T00:05:48.278546+00:00,1785801944,11692,364 Langley Centre/Scottsdale,15252878,10727,31,-153
2026-08-04T00:05:48.278546+00:00,1785801944,11692,364 Langley Centre/Scottsdale,15252878,10251,32,-157
2026-08-04T00:05:48.278546+00:00,1785801944,11692,364 Langley Centre/Scottsdale,15252878,10252,33,-177
2026-08-04T00:05:48.278546+00:00,1785801944,11692,364 Langley Centre/Scottsdale,15252878,10253,34,-185
2026-08-04T00:05:48.278546+00:00,1785801944,11692,364 Langley Centre/Scottsdale,15252878,10255,35,-202
2026-08-04T00:05:48.278546+00:00,1785801944,11692,364 Langley Centre/Scottsdale,15252878,5332,36,-130
2026-08-04T00:05:48.278546+00:00,1785801944,11692,364 Langley Centre/Scottsdale,15252878,12497,37,-149
2026-08-04T00:05:48.278546+00:00,1785801944,11692,364 Langley Centre/Scottsdale,15252878,5334,38,-158
2026-08-04T00:05:48.278546+00:00,1785801944,11692,364 Langley Centre/Scottsdale,15252878,6472,39,-150
2026-08-04T00:05:48.278546+00:00,1785801944,11692,364 Langley Centre/Scottsdale,15252878,6473,40,-149
2026-08-04T00:05:48.278546+00:00,1785801944,11692,364 Langley Centre/Scottsdale,15252878,6474,41,-157
2026-08-04T00:05:48.278546+00:00,1785801944,11692,364 Langley Centre/Scottsdale,15252878,9306,42,-101
2026-08-04T00:05:48.278546+00:00,1785801944,11692,364 Langley Centre/Scottsdale,15252878,11125,43,-109
2026-08-04T00:05:48.278546+00:00,1785801944,11692,364 Langley Centre/Scottsdale,15252878,9294,44,-105
2026-08-04T00:05:48.278546+00:00,1785801944,11692,364 Langley Centre/Scottsdale,15252878,9293,45,-114
2026-08-04T00:05:48.278546+00:00,1785801944,11692,364 Langley Centre/Scottsdale,15252878,11126,46,-100
2026-08-04T00:05:48.278546+00:00,1785801944,11692,364 Langley Centre/Scottsdale,15252878,7094,47,-94
2026-08-04T00:05:48.278546+00:00,1785801944,11692,364 Langley Centre/Scottsdale,15252902,11122,40,-75
2026-08-04T00:05:48.278546+00:00,1785801944,11692,364 Langley Centre/Scottsdale,15252902,11155,41,-78
2026-08-04T00:05:48.278546+00:00,1785801944,11692,364 Langley Centre/Scottsdale,15252902,11143,42,-75
2026-08-04T00:05:48.278546+00:00,1785801944,11692,364 Langley Centre/Scottsdale,15252902,11141,43,-96
2026-08-04T00:05:48.278546+00:00,1785801944,11692,364 Langley Centre/Scottsdale,15252902,4936,44,-72
2026-08-04T00:05:48.278546+00:00,1785801944,11692,364 Langley Centre/Scottsdale,15252902,4937,45,-84
2026-08-04T00:05:48.278546+00:00,1785801944,11692,364 Langley Centre/Scottsdale,15252902,4938,46,-102
2026-08-04T00:05:48.278546+00:00,1785801944,11692,364 Langley Centre/Scottsdale,15252902,5229,47,-87
2026-08-04T00:05:48.278546+00:00,1785801944,11692,364 Langley Centre/Scottsdale,15252902,4917,48,-10
2026-08-04T00:05:48.278546+00:00,1785801944,11692,364 Langley Centre/Scottsdale,15252903,5381,11,-174
2026-08-04T00:05:48.278546+00:00,1785801944,11692,364 Langley Centre/Scottsdale,15252903,12496,12,-177
2026-08-04T00:05:48.278546+00:00,1785801944,11692,364 Langley Centre/Scottsdale,15252903,5382,13,-193
2026-08-04T00:05:48.278546+00:00,1785801944,11692,364 Langley Centre/Scottsdale,15252903,12516,14,2
2026-08-04T00:05:48.278546+00:00,1785801944,11692,364 Langley Centre/Scottsdale,15252903,10257,15,-37
2026-08-04T00:05:48.278546+00:00,1785801944,11692,364 Langley Centre/Scottsdale,15252903,10258,16,-48
2026-08-04T00:05:48.278546+00:00,1785801944,11692,364 Langley Centre/Scottsdale,15252903,10259,17,-89
2026-08-04T00:05:48.278546+00:00,1785801944,11692,364 Langley Centre/Scottsdale,15252903,10260,18,0
2026-08-04T00:05:48.278546+00:00,1785801944,11692,364 Langley Centre/Scottsdale,15252903,10729,19,-38
2026-08-04T00:05:48.278546+00:00,1785801944,11692,364 Langley Centre/Scottsdale,15252903,13067,20,-54
2026-08-04T00:05:48.278546+00:00,1785801944,11692,364 Langley Centre/Scottsdale,15252903,10633,21,-61
2026-08-04T00:05:48.278546+00:00,1785801944,11692,364 Langley Centre/Scottsdale,15252903,10149,22,45
2026-08-04T00:05:48.278546+00:00,1785801944,11692,364 Langley Centre/Scottsdale,15252903,10587,23,31
2026-08-04T00:05:48.278546+00:00,1785801944,11692,364 Langley Centre/Scottsdale,15252903,10261,24,11
2026-08-04T00:05:48.278546+00:00,1785801944,11692,364 Langley Centre/Scottsdale,15252903,10586,25,-19
2026-08-04T00:05:48.278546+00:00,1785801944,11692,364 Langley Centre/Scottsdale,15252903,9547,26,20
2026-08-04T00:05:48.278546+00:00,1785801944,11692,364 Langley Centre/Scottsdale,15252903,9526,27,1
2026-08-04T00:05:48.278546+00:00,1785801944,11692,364 Langley Centre/Scottsdale,15252903,12646,28,-9
2026-08-04T00:05:48.278546+00:00,1785801944,11692,364 Langley Centre/Scottsdale,15252903,11075,29,-2
2026-08-04T00:05:48.278546+00:00,1785801944,11692,364 Langley Centre/Scottsdale,15252903,11174,30,-10
2026-08-04T00:05:48.278546+00:00,1785801944,11692,364 Langley Centre/Scottsdale,15252903,11175,31,-30
2026-08-04T00:05:48.278546+00:00,1785801944,11692,364 Langley Centre/Scottsdale,15252903,11123,32,30
2026-08-04T00:05:48.278546+00:00,1785801944,11692,364 Langley Centre/Scottsdale,15252903,11176,33,39
2026-08-04T00:05:48.278546+00:00,1785801944,11692,364 Langley Centre/Scottsdale,15252903,11177,34,22
2026-08-04T00:05:48.278546+00:00,1785801944,11692,364 Langley Centre/Scottsdale,15252903,11178,35,2
2026-08-04T00:05:48.278546+00:00,1785801944,11692,364 Langley Centre/Scottsdale,15252903,6459,36,107
2026-08-04T00:05:48.278546+00:00,1785801944,11692,364 Langley Centre/Scottsdale,15252903,6460,37,107
2026-08-04T00:05:48.278546+00:00,1785801944,11692,364 Langley Centre/Scottsdale,15252903,5621,38,119
2026-08-04T00:05:48.278546+00:00,1785801944,11692,364 Langley Centre/Scottsdale,15252903,5622,39,105
2026-08-04T00:05:48.278546+00:00,1785801944,11692,364 Langley Centre/Scottsdale,15252903,11122,40,149
2026-08-04T00:05:48.278546+00:00,1785801944,11692,364 Langley Centre/Scottsdale,15252903,11155,41,145
2026-08-04T00:05:48.278546+00:00,1785801944,11692,364 Langley Centre/Scottsdale,15252903,11143,42,147
2026-08-04T00:05:48.278546+00:00,1785801944,11692,364 Langley Centre/Scottsdale,15252903,11141,43,125
2026-08-04T00:05:48.278546+00:00,1785801944,11692,364 Langley Centre/Scottsdale,15252903,4936,44,146
2026-08-04T00:05:48.278546+00:00,1785801944,11692,364 Langley Centre/Scottsdale,15252903,4937,45,133
2026-08-04T00:05:48.278546+00:00,1785801944,11692,364 Langley Centre/Scottsdale,15252903,4938,46,115
2026-08-04T00:05:48.278546+00:00,1785801944,11692,364 Langley Centre/Scottsdale,15252903,5229,47,125
2026-08-04T00:05:48.278546+00:00,1785801944,11692,364 Langley Centre/Scottsdale,15252903,4917,48,200
2026-08-04T00:05:48.278546+00:00,1785801944,11692,364 Langley Centre/Scottsdale,15252904,7166,1,0
2026-08-04T00:05:48.278546+00:00,1785801944,11692,364 Langley Centre/Scottsdale,15252904,9291,4,-1389
2026-08-04T00:05:48.278546+00:00,1785801944,11692,364 Langley Centre/Scottsdale,15252904,9292,5,-1400
2026-08-04T00:05:48.278546+00:00,1785801944,11692,364 Langley Centre/Scottsdale,15252904,11264,6,-1390
2026-08-04T00:05:48.278546+00:00,1785801944,11692,364 Langley Centre/Scottsdale,15252904,9303,7,-1392
2026-08-04T00:05:48.278546+00:00,1785801944,11692,364 Langley Centre/Scottsdale,15252904,9304,8,-1403
2026-08-04T00:05:48.278546+00:00,1785801944,11692,364 Langley Centre/Scottsdale,15252904,6475,9,-1369
2026-08-04T00:05:48.278546+00:00,1785801944,11692,364 Langley Centre/Scottsdale,15252904,6476,10,-1387
2026-08-04T00:05:48.278546+00:00,1785801944,11692,364 Langley Centre/Scottsdale,15252904,5381,11,-1398
2026-08-04T00:05:48.278546+00:00,1785801944,11692,364 Langley Centre/Scottsdale,15252904,12496,12,-1401
2026-08-04T00:05:48.278546+00:00,1785801944,11692,364 Langley Centre/Scottsdale,15252904,5382,13,-1416
2026-08-04T00:05:48.278546+00:00,1785801944,11692,364 Langley Centre/Scottsdale,15252904,12516,14,-1221
2026-08-04T00:05:48.278546+00:00,1785801944,11692,364 Langley Centre/Scottsdale,15252904,10257,15,-1260
2026-08-04T00:05:48.278546+00:00,1785801944,11692,364 Langley Centre/Scottsdale,15252904,10258,16,-1270
2026-08-04T00:05:48.278546+00:00,1785801944,11692,364 Langley Centre/Scottsdale,15252904,10259,17,-1312
2026-08-04T00:05:48.278546+00:00,1785801944,11692,364 Langley Centre/Scottsdale,15252904,10260,18,0
2026-08-04T00:05:48.278546+00:00,1785801944,11692,364 Langley Centre/Scottsdale,15252904,10729,19,-38
2026-08-04T00:05:48.278546+00:00,1785801944,11692,364 Langley Centre/Scottsdale,15252904,13067,20,-54
2026-08-04T00:05:48.278546+00:00,1785801944,11692,364 Langley Centre/Scottsdale,15252904,10633,21,-60
2026-08-04T00:05:48.278546+00:00,1785801944,11692,364 Langley Centre/Scottsdale,15252904,10149,22,46
2026-08-04T00:05:48.278546+00:00,1785801944,11692,364 Langley Centre/Scottsdale,15252904,10587,23,33
2026-08-04T00:05:48.278546+00:00,1785801944,11692,364 Langley Centre/Scottsdale,15252904,10261,24,7
2026-08-04T00:05:48.278546+00:00,1785801944,11692,364 Langley Centre/Scottsdale,15252904,10586,25,-23
2026-08-04T00:05:48.278546+00:00,1785801944,11692,364 Langley Centre/Scottsdale,15252904,9547,26,16
2026-08-04T00:05:48.278546+00:00,1785801944,11692,364 Langley Centre/Scottsdale,15252904,9526,27,-3
2026-08-04T00:05:48.278546+00:00,1785801944,11692,364 Langley Centre/Scottsdale,15252904,12646,28,-13
2026-08-04T00:05:48.278546+00:00,1785801944,11692,364 Langley Centre/Scottsdale,15252904,11075,29,-13
2026-08-04T00:05:48.278546+00:00,1785801944,11692,364 Langley Centre/Scottsdale,15252904,11174,30,-23
2026-08-04T00:05:48.278546+00:00,1785801944,11692,364 Langley Centre/Scottsdale,15252904,11175,31,-45
2026-08-04T00:05:48.278546+00:00,1785801944,11692,364 Langley Centre/Scottsdale,15252904,11123,32,-3
2026-08-04T00:05:48.278546+00:00,1785801944,11692,364 Langley Centre/Scottsdale,15252904,11176,33,5
2026-08-04T00:05:48.278546+00:00,1785801944,11692,364 Langley Centre/Scottsdale,15252904,11177,34,-14
2026-08-04T00:05:48.278546+00:00,1785801944,11692,364 Langley Centre/Scottsdale,15252904,11178,35,-35
2026-08-04T00:05:48.278546+00:00,1785801944,11692,364 Langley Centre/Scottsdale,15252904,6459,36,57
2026-08-04T00:05:48.278546+00:00,1785801944,11692,364 Langley Centre/Scottsdale,15252904,6460,37,58
2026-08-04T00:05:48.278546+00:00,1785801944,11692,364 Langley Centre/Scottsdale,15252904,5621,38,68
2026-08-04T00:05:48.278546+00:00,1785801944,11692,364 Langley Centre/Scottsdale,15252904,5622,39,54
2026-08-04T00:05:48.278546+00:00,1785801944,11692,364 Langley Centre/Scottsdale,15252904,11122,40,79
2026-08-04T00:05:48.278546+00:00,1785801944,11692,364 Langley Centre/Scottsdale,15252904,11155,41,76
2026-08-04T00:05:48.278546+00:00,1785801944,11692,364 Langley Centre/Scottsdale,15252904,11143,42,77
2026-08-04T00:05:48.278546+00:00,1785801944,11692,364 Langley Centre/Scottsdale,15252904,11141,43,55
2026-08-04T00:05:48.278546+00:00,1785801944,11692,364 Langley Centre/Scottsdale,15252904,4936,44,77
2026-08-04T00:05:48.278546+00:00,1785801944,11692,364 Langley Centre/Scottsdale,15252904,4937,45,70
2026-08-04T00:05:48.278546+00:00,1785801944,11692,364 Langley Centre/Scottsdale,15252904,4938,46,51
2026-08-04T00:05:48.278546+00:00,1785801944,11692,364 Langley Centre/Scottsdale,15252904,5229,47,63
2026-08-04T00:05:48.278546+00:00,1785801944,11692,364 Langley Centre/Scottsdale,15252904,4917,48,127
2026-08-04T00:05:48.278546+00:00,1785801944,11692,364 Langley Centre/Scottsdale,15252912,11075,29,-177
2026-08-04T00:05:48.278546+00:00,1785801944,11692,364 Langley Centre/Scottsdale,15252912,11174,30,-185
2026-08-04T00:05:48.278546+00:00,1785801944,11692,364 Langley Centre/Scottsdale,15252912,11175,31,-204
2026-08-04T00:05:48.278546+00:00,1785801944,11692,364 Langley Centre/Scottsdale,15252912,11123,32,-146
2026-08-04T00:05:48.278546+00:00,1785801944,11692,364 Langley Centre/Scottsdale,15252912,11176,33,-140
2026-08-04T00:05:48.278546+00:00,1785801944,11692,364 Langley Centre/Scottsdale,15252912,11177,34,-157
2026-08-04T00:05:48.278546+00:00,1785801944,11692,364 Langley Centre/Scottsdale,15252912,11178,35,-177
2026-08-04T00:05:48.278546+00:00,1785801944,11692,364 Langley Centre/Scottsdale,15252912,6459,36,-72
2026-08-04T00:05:48.278546+00:00,1785801944,11692,364 Langley Centre/Scottsdale,15252912,6460,37,-73
2026-08-04T00:05:48.278546+00:00,1785801944,11692,364 Langley Centre/Scottsdale,15252912,5621,38,-61
2026-08-04T00:05:48.278546+00:00,1785801944,11692,364 Langley Centre/Scottsdale,15252912,5622,39,-75
2026-08-04T00:05:48.278546+00:00,1785801944,11692,364 Langley Centre/Scottsdale,15252912,11122,40,-31
2026-08-04T00:05:48.278546+00:00,1785801944,11692,364 Langley Centre/Scottsdale,15252912,11155,41,-35
2026-08-04T00:05:48.278546+00:00,1785801944,11692,364 Langley Centre/Scottsdale,15252912,11143,42,-32
2026-08-04T00:05:48.278546+00:00,1785801944,11692,364 Langley Centre/Scottsdale,15252912,11141,43,-54
2026-08-04T00:05:48.278546+00:00,1785801944,11692,364 Langley Centre/Scottsdale,15252912,4936,44,-32
2026-08-04T00:05:48.278546+00:00,1785801944,11692,364 Langley Centre/Scottsdale,15252912,4937,45,-44
2026-08-04T00:05:48.278546+00:00,1785801944,11692,364 Langley Centre/Scottsdale,15252912,4938,46,-61
2026-08-04T00:05:48.278546+00:00,1785801944,11692,364 Langley Centre/Scottsdale,15252912,5229,47,-51
2026-08-04T00:05:48.278546+00:00,1785801944,11692,364 Langley Centre/Scottsdale,15252912,4917,48,26
2026-08-04T00:05:48.278546+00:00,1785801944,18705,531 WhiteRock/WillowBrook,15259325,11264,49,-227
2026-08-04T00:05:48.278546+00:00,1785801944,18705,531 WhiteRock/WillowBrook,15259325,9303,50,-255
2026-08-04T00:05:48.278546+00:00,1785801944,18705,531 WhiteRock/WillowBrook,15259325,9304,51,-257
2026-08-04T00:05:48.278546+00:00,1785801944,18705,531 WhiteRock/WillowBrook,15259325,6475,52,-217
2026-08-04T00:05:48.278546+00:00,1785801944,18705,531 WhiteRock/WillowBrook,15259325,6476,53,-220
2026-08-04T00:05:48.278546+00:00,1785801944,18705,531 WhiteRock/WillowBrook,15259325,5335,54,-210
2026-08-04T00:05:48.278546+00:00,1785801944,18705,531 WhiteRock/WillowBrook,15259325,7100,55,-174
2026-08-04T00:05:48.278546+00:00,1785801944,18705,531 WhiteRock/WillowBrook,15259326,11924,17,-60
2026-08-04T00:05:48.278546+00:00,1785801944,18705,531 WhiteRock/WillowBrook,15259326,13131,18,-91
2026-08-04T00:05:48.278546+00:00,1785801944,18705,531 WhiteRock/WillowBrook,15259326,11923,19,-112
2026-08-04T00:05:48.278546+00:00,1785801944,18705,531 WhiteRock/WillowBrook,15259326,12597,20,-169
2026-08-04T00:05:48.278546+00:00,1785801944,18705,531 WhiteRock/WillowBrook,15259326,11922,21,-180
2026-08-04T00:05:48.278546+00:00,1785801944,18705,531 WhiteRock/WillowBrook,15259326,11744,22,-163
2026-08-04T00:05:48.278546+00:00,1785801944,18705,531 WhiteRock/WillowBrook,15259326,11746,23,-173
2026-08-04T00:05:48.278546+00:00,1785801944,18705,531 WhiteRock/WillowBrook,15259326,11839,24,-169
2026-08-04T00:05:48.278546+00:00,1785801944,18705,531 WhiteRock/WillowBrook,15259326,12922,25,-178
2026-08-04T00:05:48.278546+00:00,1785801944,18705,531 WhiteRock/WillowBrook,15259326,12923,26,-198
2026-08-04T00:05:48.278546+00:00,1785801944,18705,531 WhiteRock/WillowBrook,15259326,12925,27,-189
2026-08-04T00:05:48.278546+00:00,1785801944,18705,531 WhiteRock/WillowBrook,15259326,12928,28,-207
2026-08-04T00:05:48.278546+00:00,1785801944,18705,531 WhiteRock/WillowBrook,15259326,12930,29,-219
2026-08-04T00:05:48.278546+00:00,1785801944,18705,531 WhiteRock/WillowBrook,15259326,13042,30,-228
2026-08-04T00:05:48.278546+00:00,1785801944,18705,531 WhiteRock/WillowBrook,15259326,8936,31,-208
2026-08-04T00:05:48.278546+00:00,1785801944,18705,531 WhiteRock/WillowBrook,15259326,9030,32,-217
2026-08-04T00:05:48.278546+00:00,1785801944,18705,531 WhiteRock/WillowBrook,15259326,8937,33,-234
2026-08-04T00:05:48.278546+00:00,1785801944,18705,531 WhiteRock/WillowBrook,15259326,8938,34,-234
2026-08-04T00:05:48.278546+00:00,1785801944,18705,531 WhiteRock/WillowBrook,15259326,7081,35,-233
2026-08-04T00:05:48.278546+00:00,1785801944,18705,531 WhiteRock/WillowBrook,15259326,7082,36,-239
2026-08-04T00:05:48.278546+00:00,1785801944,18705,531 WhiteRock/WillowBrook,15259326,7083,37,-261
2026-08-04T00:05:48.278546+00:00,1785801944,18705,531 WhiteRock/WillowBrook,15259326,7084,38,-275
2026-08-04T00:05:48.278546+00:00,1785801944,18705,531 WhiteRock/WillowBrook,15259326,7085,39,-302
2026-08-04T00:05:48.278546+00:00,1785801944,18705,531 WhiteRock/WillowBrook,15259326,8939,40,-311
2026-08-04T00:05:48.278546+00:00,1785801944,18705,531 WhiteRock/WillowBrook,15259326,7086,41,-321
2026-08-04T00:05:48.278546+00:00,1785801944,18705,531 WhiteRock/WillowBrook,15259326,8940,42,-335
2026-08-04T00:05:48.278546+00:00,1785801944,18705,531 WhiteRock/WillowBrook,15259326,5341,43,-341
2026-08-04T00:05:48.278546+00:00,1785801944,18705,531 WhiteRock/WillowBrook,15259326,5342,44,-333
2026-08-04T00:05:48.278546+00:00,1785801944,18705,531 WhiteRock/WillowBrook,15259326,12293,45,-315
2026-08-04T00:05:48.278546+00:00,1785801944,18705,531 WhiteRock/WillowBrook,15259326,12173,46,-234
2026-08-04T00:05:48.278546+00:00,1785801944,18705,531 WhiteRock/WillowBrook,15259326,9291,47,-227
2026-08-04T00:05:48.278546+00:00,1785801944,18705,531 WhiteRock/WillowBrook,15259326,9292,48,-224
2026-08-04T00:05:48.278546+00:00,1785801944,18705,531 WhiteRock/WillowBrook,15259326,11264,49,-198
2026-08-04T00:05:48.278546+00:00,1785801944,18705,531 WhiteRock/WillowBrook,15259326,9303,50,-179
2026-08-04T00:05:48.278546+00:00,1785801944,18705,531 WhiteRock/WillowBrook,15259326,9304,51,-181
2026-08-04T00:05:48.278546+00:00,1785801944,18705,531 WhiteRock/WillowBrook,15259326,6475,52,-133
2026-08-04T00:05:48.278546+00:00,1785801944,18705,531 WhiteRock/WillowBrook,15259326,6476,53,-133
2026-08-04T00:05:48.278546+00:00,1785801944,18705,531 WhiteRock/WillowBrook,15259326,5335,54,-119
2026-08-04T00:05:48.278546+00:00,1785801944,18705,531 WhiteRock/WillowBrook,15259326,7100,55,-79
2026-08-04T00:05:48.278546+00:00,1785801944,18705,531 WhiteRock/WillowBrook,15259351,11741,40,140
2026-08-04T00:05:48.278546+00:00,1785801944,18705,531 WhiteRock/WillowBrook,15259351,11740,41,135
2026-08-04T00:05:48.278546+00:00,1785801944,18705,531 WhiteRock/WillowBrook,15259351,11739,42,200
2026-08-04T00:05:48.278546+00:00,1785801944,18705,531 WhiteRock/WillowBrook,15259351,11737,43,257
2026-08-04T00:05:48.278546+00:00,1785801944,18705,531 WhiteRock/WillowBrook,15259351,11757,44,237
2026-08-04T00:05:48.278546+00:00,1785801944,18705,531 WhiteRock/WillowBrook,15259351,11735,45,286
2026-08-04T00:05:48.278546+00:00,1785801944,18705,531 WhiteRock/WillowBrook,15259351,11756,46,297
2026-08-04T00:05:48.278546+00:00,1785801944,18705,531 WhiteRock/WillowBrook,15259351,5535,47,339
2026-08-04T00:05:48.278546+00:00,1785801944,18705,531 WhiteRock/WillowBrook,15259351,5536,48,326
2026-08-04T00:05:48.278546+00:00,1785801944,18705,531 WhiteRock/WillowBrook,15259351,5537,49,334
2026-08-04T00:05:48.278546+00:00,1785801944,18705,531 WhiteRock/WillowBrook,15259351,5538,50,330
2026-08-04T00:05:48.278546+00:00,1785801944,18705,531 WhiteRock/WillowBrook,15259351,5539,51,350
2026-08-04T00:05:48.278546+00:00,1785801944,18705,531 WhiteRock/WillowBrook,15259351,5540,52,365
2026-08-04T00:05:48.278546+00:00,1785801944,18705,531 WhiteRock/WillowBrook,15259352,5364,13,132
2026-08-04T00:05:48.278546+00:00,1785801944,18705,531 WhiteRock/WillowBrook,15259352,11775,14,167
2026-08-04T00:05:48.278546+00:00,1785801944,18705,531 WhiteRock/WillowBrook,15259352,7171,15,153
2026-08-04T00:05:48.278546+00:00,1785801944,18705,531 WhiteRock/WillowBrook,15259352,7172,16,130
2026-08-04T00:05:48.278546+00:00,1785801944,18705,531 WhiteRock/WillowBrook,15259352,7173,17,128
2026-08-04T00:05:48.278546+00:00,1785801944,18705,531 WhiteRock/WillowBrook,15259352,7174,18,105
2026-08-04T00:05:48.278546+00:00,1785801944,18705,531 WhiteRock/WillowBrook,15259352,7175,19,104
2026-08-04T00:05:48.278546+00:00,1785801944,18705,531 WhiteRock/WillowBrook,15259352,7176,20,89
2026-08-04T00:05:48.278546+00:00,1785801944,18705,531 WhiteRock/WillowBrook,15259352,7177,21,96
2026-08-04T00:05:48.278546+00:00,1785801944,18705,531 WhiteRock/WillowBrook,15259352,8948,22,81
2026-08-04T00:05:48.278546+00:00,1785801944,18705,531 WhiteRock/WillowBrook,15259352,9031,23,69
2026-08-04T00:05:48.278546+00:00,1785801944,18705,531 WhiteRock/WillowBrook,15259352,12931,24,72
2026-08-04T00:05:48.278546+00:00,1785801944,18705,531 WhiteRock/WillowBrook,15259352,13041,25,54
2026-08-04T00:05:48.278546+00:00,1785801944,18705,531 WhiteRock/WillowBrook,15259352,12929,26,48
2026-08-04T00:05:48.278546+00:00,1785801944,18705,531 WhiteRock/WillowBrook,15259352,12927,27,27
2026-08-04T00:05:48.278546+00:00,1785801944,18705,531 WhiteRock/WillowBrook,15259352,12926,28,39
2026-08-04T00:05:48.278546+00:00,1785801944,18705,531 WhiteRock/WillowBrook,15259352,12924,29,32
2026-08-04T00:05:48.278546+00:00,1785801944,18705,531 WhiteRock/WillowBrook,15259352,11751,30,51
2026-08-04T00:05:48.278546+00:00,1785801944,18705,531 WhiteRock/WillowBrook,15259352,11750,31,37
2026-08-04T00:05:48.278546+00:00,1785801944,18705,531 WhiteRock/WillowBrook,15259352,11747,32,21
2026-08-04T00:05:48.278546+00:00,1785801944,18705,531 WhiteRock/WillowBrook,15259352,11745,33,28
2026-08-04T00:05:48.278546+00:00,1785801944,18705,531 WhiteRock/WillowBrook,15259352,13040,34,33
2026-08-04T00:05:48.278546+00:00,1785801944,18705,531 WhiteRock/WillowBrook,15259352,12598,35,20
2026-08-04T00:05:48.278546+00:00,1785801944,18705,531 WhiteRock/WillowBrook,15259352,11920,36,-23
2026-08-04T00:05:48.278546+00:00,1785801944,18705,531 WhiteRock/WillowBrook,15259352,13130,37,-48
2026-08-04T00:05:48.278546+00:00,1785801944,18705,531 WhiteRock/WillowBrook,15259352,11925,38,-73
2026-08-04T00:05:48.278546+00:00,1785801944,18705,531 WhiteRock/WillowBrook,15259352,12219,39,-100
2026-08-04T00:05:48.278546+00:00,1785801944,18705,531 WhiteRock/WillowBrook,15259352,11741,40,-171
2026-08-04T00:05:48.278546+00:00,1785801944,18705,531 WhiteRock/WillowBrook,15259352,11740,41,-177
2026-08-04T00:05:48.278546+00:00,1785801944,18705,531 WhiteRock/WillowBrook,15259352,11739,42,-115
2026-08-04T00:05:48.278546+00:00,1785801944,18705,531 WhiteRock/WillowBrook,15259352,11737,43,-60
2026-08-04T00:05:48.278546+00:00,1785801944,18705,531 WhiteRock/WillowBrook,15259352,11757,44,-80
2026-08-04T00:05:48.278546+00:00,1785801944,18705,531 WhiteRock/WillowBrook,15259352,11735,45,-30
2026-08-04T00:05:48.278546+00:00,1785801944,18705,531 WhiteRock/WillowBrook,15259352,11756,46,-18
2026-08-04T00:05:48.278546+00:00,1785801944,18705,531 WhiteRock/WillowBrook,15259352,5535,47,23
2026-08-04T00:05:48.278546+00:00,1785801944,18705,531 WhiteRock/WillowBrook,15259352,5536,48,9
2026-08-04T00:05:48.278546+00:00,1785801944,18705,531 WhiteRock/WillowBrook,15259352,5537,49,23
2026-08-04T00:05:48.278546+00:00,1785801944,18705,531 WhiteRock/WillowBrook,15259352,5538,50,20
2026-08-04T00:05:48.278546+00:00,1785801944,18705,531 WhiteRock/WillowBrook,15259352,5539,51,39
2026-08-04T00:05:48.278546+00:00,1785801944,18705,531 WhiteRock/WillowBrook,15259352,5540,52,55
